model_name,accuracy,macro_precision,macro_recall,macro_f1
RandomForest,1.0,1.0,1.0,1.0
XGBoost,0.9990338164251208,0.999537037037037,0.9965811965811966,0.9980133259979216
