cve_ageb,IM_2020,IRS_2020
1500100010127,121.221220479952,1
1500100010220,121.717303730071,1
1500100010235,120.749642085716,1
1500100010254,119.879733872156,2
1500100010269,122.938345645271,1
1500100010273,120.909407311071,1
1500100010288,120.978630619742,1
1500100010324,124.035245777681,0
1500100010339,120.634989596368,2
1500100010343,120.899066440633,1
1500100370305,105.009327605564,4
150010037031A,105.017666438847,4
1500200010228,121.653308500047,1
1500200010232,121.324126643131,1
150020001050A,121.413086364943,2
1500200010514,,4
1500200050177,119.713087202143,2
150020008036A,116.496831199869,2
1500200080374,116.952661803839,3
1500200080389,115.923923562594,2
150020008068A,106.324082377387,3
1500200110656,121.458869647418,2
1500200110660,121.136718631006,2
1500200120181,120.524990625672,2
1500200120694,120.944668396243,1
1500200150069,110.728825951288,3
1500200150073,119.233112364277,2
1500200150088,119.392300079818,2
1500200150105,121.810833717707,2
150020015011A,122.019698839983,2
1500200150124,120.483724459339,2
1500200150143,119.197004388469,2
1500200150158,119.121635081637,2
1500200150196,119.867143648129,2
1500200150247,121.212607055148,2
1500200150251,121.216589386103,2
1500200150266,120.574466893212,2
1500200150270,121.888164425981,2
1500200150285,121.964942664819,1
150020015029A,121.378700724427,1
1500200150336,120.832670581052,1
1500200150340,121.644758672777,1
1500200150355,120.156723953877,2
1500200150410,120.241874152644,2
1500200150425,116.497669944438,3
150020015043A,114.869593687572,2
1500200150444,117.654995016229,2
1500200150459,122.701207463632,1
1500200150463,121.810197174158,1
1500200150478,121.347584855227,1
1500200150482,121.506943459235,1
1500200150497,121.580008261154,1
1500200150533,115.59498138579,2
1500200150548,117.646418183673,2
1500200150552,116.966981064271,2
1500200150567,112.384315799998,2
1500200150571,113.94312264538,2
1500200150586,112.570455465796,2
1500200150590,113.60024918966,2
1500200150603,116.444981086754,2
1500200150618,116.690091567278,2
1500200150622,116.101752281703,2
1500200150637,114.16805057931,2
1500200150641,112.735553774369,2
1500200150675,,4
1500200160162,121.950471021023,2
1500200160209,117.631228926732,2
1500200160529,119.841342792045,2
1500200690016,121.22006320156,1
1500300010117,121.493560472654,1
1500300240225,104.651557631226,4
1500400010044,120.605840356484,2
1500500010164,122.407291542779,1
1500500010361,121.538421856048,1
1500500010450,121.344823531526,1
1500500040215,116.054612270583,3
1500500160431,113.334898032567,3
1500500320145,119.077937858896,2
150050032015A,119.296217088661,2
1500500320376,119.982169498789,1
150050032047A,,2
1500500320484,122.42140480094,1
1500500340380,114.632804471488,3
1500500350499,112.103096346997,3
1500500370395,117.079266184861,3
1500500450342,116.217658556854,3
1500501430501,123.074910106637,1
1500501650516,121.758516622318,2
1500501650520,121.34912415677,2
1500501650535,123.185366176522,1
150050165054A,122.793240457779,1
1500501650554,122.424450453386,1
1500501680573,121.355692430336,1
1500501680588,119.772846193636,1
1500600010049,118.666988767654,2
1500600010053,119.925682663882,2
1500600010068,118.282285155774,2
1500600010072,119.135840179829,2
1500700010046,120.187492548626,2
1500800010081,123.604404109134,1
1500800270151,119.590464208597,2
1500800270166,121.323199474549,2
1500800270170,119.159309868763,2
1500800270185,,2
150080027019A,118.409342144678,3
1500800270202,,3
1500800270217,,3
1500900010036,121.565363902396,1
1500900010040,118.315883280918,2
150090001006A,118.22668277105,2
1500900010093,116.207389109667,2
1500900010125,119.116172464205,2
1500900010144,119.705286484008,1
1500900010159,116.307226695703,2
1500900010252,118.373147952752,1
1500900010267,114.287691369333,3
1500900030017,120.41585665627,2
1500900030021,118.499772667707,2
1500900050233,119.706328846426,2
1500900060106,116.430823360536,3
1500900060110,114.729461185874,3
1500900060248,,1
150100001015A,120.431565367423,1
1501000010179,119.589554667043,2
1501000010198,119.987405114885,2
1501000010200,120.592615157352,2
1501000010215,120.50670223523,2
150100001022A,120.039408515023,2
1501000010234,118.451141293664,2
1501000010249,119.510100136805,2
1501000010253,116.320309630055,2
1501000010268,,1
1501000010272,,2
1501000010287,118.127405808643,2
1501000010291,117.182853894374,2
1501000010304,119.678579423083,2
1501000070183,119.701674687989,2
1501100010053,120.47922413845,2
1501100010068,121.239727069114,1
1501100010123,120.710467983799,2
1501100010138,120.681517319029,2
1501100010142,121.194292561124,1
1501100010176,119.789450453883,2
1501100010180,117.610573479261,2
1501100010231,118.035655827046,2
1501100020049,120.414844497376,2
1501100020161,120.833812755698,2
1501100020212,120.900348182144,1
1501100020227,118.164673081232,2
1501100020246,120.536831145926,2
1501100040034,120.002107093401,2
1501100040157,120.842322955154,2
150110004034A,114.0976098663,3
1501100050015,118.104037047889,2
1501100130250,119.810822949528,2
1501100130265,119.15014035131,2
1501100130354,117.407045837708,3
150110023002A,119.25370973473,2
1501100290284,115.054468098741,2
1501100290299,117.027560378751,2
1501100290301,118.004766018709,2
1501100290316,117.429641060999,3
1501100290320,118.636602255748,3
1501100310072,116.433197369231,2
1501100310087,108.708405352392,3
1501100310091,102.690068546728,4
1501200010046,117.407353102633,2
1501200010050,116.016703116049,3
1501200010065,115.389839118416,3
150120001007A,117.689767653693,2
1501200010084,116.195601647764,3
1501300010039,119.35210533861,1
1501300010062,121.234157768904,1
1501300010128,124.917956561589,0
1501300010132,124.480888017834,0
1501300010147,123.147295923343,1
1501300010170,123.833567519061,0
1501300010202,124.35617729039,0
1501300010221,123.283874657136,0
1501300010236,123.592027846057,0
1501300010255,123.491908465222,0
1501300010274,120.344773673027,1
1501300010344,121.6010117672,1
1501300010359,126.648760622095,0
1501300010363,123.239915583761,0
1501300010378,,0
1501300010382,122.044882532598,1
1501300010397,125.611971536932,0
150130001040A,125.442052123333,0
1501300010429,124.256430700937,0
1501300010433,123.391029206844,0
1501300010448,124.508821741881,0
1501300010490,120.972000865604,1
1501300010503,120.640733223527,1
1501300010522,123.282031554346,0
1501300010556,120.699631350818,1
1501300010560,121.450020899826,1
150130001058A,123.059294108598,1
1501300010594,122.798930594815,1
1501300010607,122.825292021279,1
1501300010611,122.972226674317,1
1501300010626,123.372954996039,1
1501300010630,119.636487887003,2
1501300010645,123.581501932236,1
150130001065A,125.714690808513,0
1501300010664,126.222408135993,0
1501300010679,126.287344468819,0
1501300010700,125.448375313004,0
1501300010715,120.038304570526,1
150130001072A,122.179909284862,1
1501300010734,119.842259996239,2
1501300010749,120.150383786911,1
1501300010772,120.458738119878,1
1501300010787,122.650311270405,0
1501300010791,122.051139422879,1
1501300010895,123.130391778502,0
1501300010912,121.075042322239,1
1501300010927,121.125357776973,1
1501300010931,120.454346522841,1
1501300010946,118.7241708274,1
1501300010950,119.683317862596,2
1501300010965,120.001742184993,1
150130001097A,121.733637638387,0
1501300010984,122.796592348288,1
1501300010999,122.063564417983,0
1501300011003,120.078088891568,2
1501300011018,119.835496755338,1
1501300011022,118.761966601887,2
1501300011037,122.574619130847,0
1501300011041,120.80252248764,1
1501300011056,121.553563536055,0
1501300011060,124.526873548468,0
1501300011075,124.936809729413,0
150130001108A,124.622644435463,0
1501300011094,122.308916512968,0
1501300011107,122.939856383812,0
1501300011111,124.379262602316,0
1501300011130,121.485699250732,1
1501300011179,119.576251434686,1
1501300011183,120.596587930122,1
1501300011198,119.975535888323,2
1501300011234,120.122058077272,2
1501300011249,119.890465828867,1
1501300011253,120.044164131844,1
1501300011268,124.799203175833,0
1501300011272,124.321947488951,0
1501300011287,120.906230384595,1
1501300011291,121.85136225653,1
1501300011304,121.012347351645,1
1501300011319,122.895532958901,0
1501300011323,124.42987604666,0
1501300011338,119.369939772739,2
1501300011342,118.790662789588,2
1501300011357,119.346337877235,1
1501300011361,121.01176392842,1
1501300011376,122.687924926608,1
1501300011380,117.835578735241,2
1501300011395,119.834640649928,1
1501300011408,120.561847968477,1
1501300011412,120.843579139741,1
1501300011427,119.865786688689,1
1501300011431,120.494568992373,1
1501300011446,120.84548423038,1
1501300011450,119.913182619802,1
1501300011465,122.278353482675,0
150130001147A,120.966705480814,1
1501300011484,119.560045846212,2
1501300011499,120.00462220891,2
1501300011501,120.33326747933,2
1501300011516,120.74796502437,1
1501300011520,120.00643266783,2
1501300011535,118.995849597668,2
150130001154A,123.464396054257,0
1501300011554,124.246115773713,0
1501300011569,123.347250132413,0
1501300011573,119.625170075008,2
1501300011588,119.745624005373,2
1501300011592,127.345858168848,0
150130001161A,120.855741347418,1
1501300011624,123.50293843627,0
1501300011639,121.159886173164,1
1501300011643,119.365749656396,2
1501300011658,118.776008484528,2
1501300011662,118.899547092838,1
1501300011677,124.059999238113,0
1501300011681,124.158145283456,0
1501300011696,123.760507472472,0
1501300011709,126.465329252415,0
1501300011713,122.127682678666,0
1501300011728,122.29586317783,0
1501300011732,123.103188211104,0
1501300011747,122.622967905955,0
1501300011751,119.036330636027,2
1501300011766,120.291675437118,2
1501300011770,118.886903355864,2
1501300011785,119.846498141586,2
150130001179A,120.486720522894,1
1501300011802,118.670145882048,2
1501300011817,121.228433652266,1
1501300011836,,1
1501300011840,121.539410828828,1
1501300011855,124.407637141714,0
150130001186A,126.182772832638,0
1501300011874,123.092455938252,0
1501300011893,126.691765219015,0
1501300011906,127.951451929927,0
1501400010110,120.929058106471,1
1501400010125,122.435737115313,1
150140001013A,122.662595411947,1
1501400010214,121.933480261836,1
1501400010229,121.623261518638,1
1501400010267,124.77807989829,0
1501400010271,122.55968797826,0
1501400010322,122.371573363773,1
1501400010337,121.727491591377,1
1501400010341,123.019764018181,1
1501400010356,122.030646549021,1
1501400010394,120.058713680993,1
1501400010411,122.458624958612,0
1501400010426,124.674731903942,0
1501400010445,,0
1501400010534,124.264265960087,1
1501400010549,117.978544880418,2
1501400350479,112.088357211608,4
1501400350483,107.691961502821,4
1501400350553,112.71096999101,4
1501400480498,116.11230458385,3
1501400480500,116.636580739187,3
1501400480572,114.132602456926,3
1501400510515,113.859897370728,4
150140051052A,112.339396750808,3
150140054006A,115.327216093608,3
1501400540233,108.87481572219,4
1501400540252,110.222989494238,4
1501400540290,115.799642439005,3
1501400540568,,4
1501400570430,118.341294841379,2
1501500010156,114.726091887637,3
1501500010160,97.6251887310058,4
1501500010175,111.073851313865,3
1501500010207,116.784405084495,3
1501500010211,116.315650341583,3
1501500010226,117.04618583257,3
150150001025A,113.170011387796,3
1501500010264,,1
1501500050071,110.036952261588,3
150150005018A,103.938083706813,4
1501500050194,107.691395477086,3
1501500060141,113.639095031835,3
1501500060230,115.668594019434,3
1501500060245,116.798229496944,3
1501500060283,,2
1501500070086,113.566266243123,3
1501500070122,114.290920332252,3
1501500070137,107.891286024809,4
1501500070279,114.145989169155,3
1501500070298,,3
1501600010149,118.409860310516,2
1501600010219,120.382992629773,2
1501600010223,121.265801889539,2
150160006005A,120.630020027914,2
1501600060064,119.007913038071,2
1501600060079,120.945080346752,2
1501600060083,120.427673434464,2
1501600060134,,2
1501600060276,,1
1501600160153,117.399810763798,3
1501600160168,119.624284001158,3
1501600160172,120.101904371926,2
1501600160187,117.371151390367,3
1501600160191,118.463136825152,3
1501600160204,117.438896230315,3
1501600160238,122.975580518787,2
1501600160242,,2
1501600160257,,3
1501600160261,116.921840558552,3
1501600170280,117.804076844142,2
1501600170295,118.236482403402,2
1501700010023,121.100513110337,1
1501700010038,118.831297396411,2
1501700010042,119.603753487132,2
1501700010061,118.82728433765,2
1501700010076,,2
1501700010080,117.547639992598,2
1501700010095,,2
1501700010108,113.900655877967,2
1501800010124,118.676971608902,2
1501800010139,119.855513816096,2
1501800010162,116.511670114795,3
1501800010177,117.171176084604,2
1501800010209,114.010466275734,2
150180003004A,119.429982524101,2
1501800060196,118.783036582615,2
1501800080035,118.684395137724,2
1501800100143,117.994160170453,3
1501800100158,118.470587399351,2
1501800100213,,2
1501800100228,117.939858696341,3
1501800110232,125.593224617659,0
1501800110247,125.600551028021,0
1501800360251,121.884881928698,1
1501800400266,125.084793443678,0
1501900010066,119.967592419358,1
1501900010070,118.477492149735,2
1501900010085,119.116832456341,1
150190001009A,118.776389228754,2
1501900010102,118.447429012802,2
1501900010117,119.154484027242,2
1501900010136,115.987266655682,2
150190001016A,119.371498451735,2
1501900040140,119.042881634886,2
1501900040155,119.148757634642,2
1501900050121,118.248606663871,2
1502000010029,122.809835687352,0
1502000010033,122.327390150476,1
1502000010048,121.955109562158,1
1502000010067,123.045369273251,1
1502000010071,123.375269507092,0
1502000010090,123.919997562149,0
1502000010103,122.863015489298,0
1502000010137,123.423325849148,0
1502000010141,124.299324366367,0
1502000010156,123.209526395989,0
1502000010160,123.791187968135,0
1502000010175,120.375270214245,1
150200001018A,122.918199482175,1
1502000010194,123.787859064576,0
1502000010211,123.149392464929,0
150200001025A,123.515803289458,0
1502000010300,122.794867608391,1
1502000010315,121.857872161775,1
150200001032A,122.042111989852,1
1502000010334,122.950236776526,1
1502000010349,122.282168902249,1
1502000010353,122.57946307566,1
1502000010368,122.7046990444,1
1502000010372,119.589507779661,1
1502000010387,122.068812855253,1
1502000010391,122.051786498099,1
1502000010404,121.802439278183,1
1502000010419,123.915922789224,0
1502000010423,123.926136274929,1
1502000010438,123.590737890809,0
1502000010457,119.134123378591,1
1502000010476,122.905683480614,1
1502000010508,122.188432685624,1
1502000010512,121.262220017713,1
1502000010531,122.350229722147,0
1502000010546,122.875066304133,1
1502000010565,123.299049805818,0
150200001057A,121.604341562626,1
1502000010584,120.561647870758,1
1502000010599,122.254529539822,1
1502000010601,123.502210670673,0
1502000010616,123.421712472693,1
1502000010635,121.595173032356,1
150200001064A,122.094695003804,1
1502000010654,123.321012532329,1
1502000010669,121.825439096458,1
1502000010673,123.257772836094,1
1502000010688,122.779755097628,1
1502000010692,122.616162059682,1
1502000010705,123.319342193134,1
150200001071A,122.978303395894,1
1502000010724,122.45497144788,1
1502000010739,123.997152899758,0
1502000010743,122.895351560135,1
1502000010758,124.425634668412,0
1502000010762,125.125943489945,0
1502000010777,123.885458538515,0
1502000010781,122.728375279639,1
1502000010796,123.168107258431,1
1502000010809,120.480904001541,1
1502000010813,122.817743732793,1
1502000010828,123.430624365642,0
1502000010832,120.599074487649,1
1502000010847,124.344085117729,0
1502000010851,122.528342463259,1
1502000010866,123.793078683552,1
1502000010870,125.384419766091,0
1502000010885,124.295807813364,0
150200001089A,124.338509386804,0
1502100010083,118.941215183843,2
1502100010098,120.267848018398,2
1502100010100,118.927635425873,2
1502100010115,,3
1502200010042,120.294211158837,2
1502200010057,121.241662489258,1
1502200010061,121.792263132359,1
1502200010076,,1
1502200010080,119.636331115871,2
1502200010095,121.339400680091,1
1502200010108,,1
1502200010112,119.757601589377,2
150230001004A,120.427500881252,2
1502300010069,118.159425409097,2
1502300010073,118.77530270741,2
1502300010092,119.454745621091,2
1502300010105,119.508683406532,2
150230001011A,119.187611344933,2
1502300010124,119.902195504538,2
1502300010139,119.026419198737,2
1502300010143,119.450422781818,2
1502300010158,119.853018203542,2
1502300010162,120.323377514199,1
1502300010196,119.159666784626,2
1502400010028,121.612026327838,1
1502400010032,121.928960325124,1
1502400010047,121.20419738434,1
1502400010051,120.356639590878,1
1502400010085,119.921006238621,1
150240001009A,120.467302567447,1
1502400010102,119.385214591688,1
1502400010117,121.250967111327,1
1502400010121,120.633210657868,1
1502400010136,120.761714729604,1
1502400010210,123.327997463151,1
150240001023A,123.239265142323,1
1502400010244,124.048413580533,0
1502400010259,121.56609285263,1
1502400010263,122.46229517417,1
1502400010329,121.211742320542,1
1502400010333,123.846253650395,0
1502400010348,123.287313748056,1
1502400010352,124.436345371507,0
1502400010367,124.654856997587,0
1502400010371,123.48987665695,1
1502400010386,121.051554141662,1
1502400010390,122.735427400365,1
1502400010403,123.463523956621,1
1502400010418,124.079285518909,1
1502400010422,119.090173810968,2
1502400010437,124.959942654193,0
1502400010441,125.060797985017,0
1502400010456,124.681049263594,0
1502400300070,122.298210389327,0
150240042016A,120.074419791866,2
1502400880278,115.346707041612,2
1502400880282,122.972023082689,1
1502400880297,118.641822055502,1
1502401010013,122.921762082238,1
1502401010066,122.701736712057,1
1502401110475,123.358933276898,1
150240111048A,124.810047028439,0
1502401110494,124.084945725643,1
1502401120174,119.384462047552,2
1502401210189,123.196737650345,1
1502401240460,123.174819051058,1
1502401250193,125.125137219797,0
1502401250206,125.726248364283,0
1502500010129,120.139956650757,1
1502500010769,119.636387540848,1
1502500010773,118.358965940508,2
1502500010788,117.911304964926,2
1502500010792,116.866886358665,2
1502500010805,116.51626867096,2
150250001081A,118.504532436496,2
1502500010824,118.187067850159,2
1502500010839,118.339399358352,2
1502500010932,118.391407799256,2
1502500010947,118.409814236084,2
1502500011131,117.763901914108,2
1502500011201,119.819909127508,1
1502500011216,121.129679350456,1
1502500011220,119.09068051476,1
1502500011235,120.942277407542,1
1502500011288,120.416575864118,1
1502500011292,121.010839108109,1
1502500011305,121.476869873454,1
1502500011521,116.603848090805,2
1502500011536,116.497549504221,2
1502500011729,118.347854282504,2
1502500011733,123.275176664051,0
1502500011748,,2
1502500011752,119.245604477128,1
1502500011767,116.540142686165,2
1502500011771,123.23653543999,1
1502500011786,118.762684379281,2
1502500011790,118.302230466724,2
1502500011818,118.104393286686,2
1502500011822,117.171488755434,2
1502500011837,117.720867007405,2
1502500011841,118.347134043982,2
1502500011856,117.347694140368,2
1502500011860,117.702414986188,2
1502500011907,118.05017618215,2
1502500011926,117.751536390007,1
1502500011930,123.828018486526,1
1502500012017,117.270661430434,2
1502500012021,117.507077931639,2
1502500012036,118.764884362544,2
1502500012040,118.278893098373,2
1502500012055,118.945862292538,2
150250001206A,118.810308587528,2
1502500012074,120.626138450993,1
1502500012089,121.194917824888,1
1502500012093,124.752311998648,0
1502500012106,123.936771224663,1
150250001213A,,2
1502500012144,106.326804370391,3
1502500012163,123.137038004004,1
1502500012178,116.679948288905,2
1502500012360,125.057584091062,0
150250002188A,118.578845526314,2
1502500022233,114.335421576188,3
1502500022248,108.543966910664,3
1502500050044,119.230007923379,2
1502500051095,118.839141609717,2
1502500051108,118.393146255696,2
1502500052197,120.777599565991,2
150250005220A,,3
1502500052214,120.00129345072,1
1502500100133,117.707481930604,2
1502500101023,116.425479747277,2
1502500101199,119.202130884833,2
1502500101945,,3
1502500102229,113.146372876258,2
1502500102430,111.365024304156,3
1502500112411,118.982976677176,2
1502500121894,117.782092913894,2
1502500122498,109.946774728074,3
1502500130970,117.092487280228,2
1502500131540,120.029173064147,2
1502500131555,119.333922473244,2
150250013195A,117.640380394612,2
1502500131998,115.948052630012,2
1502500132002,119.558495762366,1
1502500132110,122.726802789248,1
1502500132159,118.16077234548,2
1502500132286,114.191688462699,3
1502500141150,113.257460238093,3
1502500141165,117.660241287628,2
150250014156A,116.607176849577,2
1502500141574,117.729756347952,2
1502500142318,106.218851626308,3
1502500152426,117.818780454129,2
1502500160078,117.601971082599,2
150250016099A,114.959532815763,2
1502500161004,116.334896692994,2
1502500161019,115.908007798373,2
1502500161112,117.13114278932,2
1502500170985,120.651985998453,1
1502500171589,121.242768856515,1
1502500171593,121.662482483107,1
1502500171606,121.408955891305,1
1502500171875,117.669699639385,2
1502500171911,120.119613553292,1
1502500171983,119.914800079106,2
1502500191610,115.63743898044,2
1502500191625,114.807238777216,2
1502500191964,111.102879888276,3
1502500192125,,3
1502500192290,,3
150250019238A,108.91897232507,3
1502500192394,108.28254507645,3
1502500192407,108.712688990098,3
1502500192553,107.317819486528,3
1502500200148,115.575684532491,2
1502500201038,115.808554186733,2
1502500201076,114.592273411789,3
1502500201979,116.371367899724,2
1502500202568,119.062940758776,2
150250021163A,112.163940045182,3
1502500211644,111.47159299186,3
1502500212303,,3
1502500460025,122.312663059759,1
1502501452500,122.759755927452,1
1502501460010,124.224323409434,1
1502501462515,121.803245576581,1
150250146252A,121.815233268858,1
1502501472534,123.609713998085,1
1502501482549,121.858819089909,1
150250149245A,123.224516188593,1
1502501492464,122.90347930406,1
1502501492479,123.476162602456,1
1502600010075,120.544142422822,2
1502600010145,116.782898377369,3
1502600010164,117.825499948694,3
1502600010179,119.529850530893,2
1502600080200,116.22490143039,3
1502600200183,117.20240255278,3
1502600230198,112.891134508884,3
1502700010049,121.74247705721,1
1502700010053,120.086177997123,2
1502700010068,122.753614540995,1
1502700010072,,1
1502700010087,116.888919387176,2
1502700120091,123.453392850472,1
1502800010031,123.216902684373,0
1502800010046,120.661823729675,1
1502800010050,122.434774844541,1
1502800010101,121.004283690968,1
1502800010116,120.033986104684,1
1502800010120,120.587387858631,1
150280001014A,,0
1502800010154,122.251153866736,1
1502800040169,119.877101309887,2
1502800060135,117.494440444768,3
1502900010062,122.351825404816,1
1502900010081,119.581260500144,1
1502900010113,118.819742914056,2
1502900010128,118.638039661764,2
1502900010132,118.031828163334,2
1502900010147,118.79578378196,2
1502900010166,118.992321007575,2
1502900010170,118.344198752708,2
1502900010185,119.715412321466,1
150290001019A,118.962089645603,2
1502900010202,119.870904262769,1
1502900010217,118.143605925635,2
1502900010221,119.096487572736,2
1502900010236,118.250829332894,2
150290001026A,122.637762639539,1
1502900010274,121.378179178991,1
1502900010289,122.090050267517,1
1502900010293,121.703769363122,1
1502900010306,120.073412889865,1
1502900010310,119.275865393261,1
1502900010325,121.994326765744,1
150290001033A,121.356308212062,1
1502900010344,122.16376969405,1
1502900010359,120.625424303031,1
1502900010363,121.825088958745,1
1502900010378,123.027241179025,1
1502900010522,122.429686599974,1
150300001003A,119.00344158887,2
1503000010044,119.323097128381,2
1503000010078,119.34533555306,2
1503000010082,118.427231372856,2
1503000010097,118.42541742721,2
150300001010A,116.078229210239,2
1503100010037,117.180147241552,2
1503100010041,117.760777137638,2
150310001008A,117.940685269362,2
1503100010094,118.301918549429,2
1503100010107,118.08849138239,2
1503100010111,118.391053724306,2
1503100010126,119.386241726752,2
1503100010145,119.066699174061,1
150310001015A,117.396834589845,2
1503100010179,117.064139592022,2
1503100010183,118.452508654854,2
1503100010198,118.510456315755,2
1503100010291,117.813817561193,2
1503100010304,119.281020440324,2
1503100010319,119.115276443458,2
1503100010323,117.589404992431,2
1503100010338,118.126391783011,2
1503100010342,117.484128734225,2
1503100010357,117.839936032795,2
1503100010361,117.115663295238,2
1503100010376,117.717435631256,2
1503100010380,117.959773813546,2
1503100010395,116.919801212914,2
1503100010412,118.049311412433,2
1503100010499,118.326859457904,2
1503100010516,118.35676932224,2
1503100010520,118.26165140968,1
1503100010535,118.879945601818,2
150310001054A,118.715738300627,2
1503100010554,118.729630025939,2
1503100010569,118.171557184888,2
1503100010573,119.285084905305,2
1503100010588,119.844739813848,1
1503100010592,117.842934177617,2
1503100010605,118.978093008675,2
150310001061A,119.332272555526,1
1503100010624,119.961849757528,1
1503100010639,118.082911167857,2
1503100010643,118.061474014593,2
1503100010658,118.311464735966,2
1503100010662,117.838279702255,2
1503100010677,118.423712529027,2
1503100010681,118.475521178787,2
1503100010696,117.887712703804,2
1503100010713,117.038614174502,2
1503100010728,116.547633976862,2
1503100010747,118.426014103501,2
1503100010751,117.939895349301,2
1503100010766,118.070028786266,2
1503100010770,117.769807387032,2
1503100010785,116.498599514927,2
150310001079A,118.081297701101,2
1503100010802,115.452078331753,2
1503100010817,117.907648321827,2
1503100010821,117.34531261539,2
1503100010836,117.573223180534,2
1503100010840,116.7644610435,2
1503100010855,115.888649464873,2
150310001086A,117.812191605549,2
1503100010874,116.016284714584,3
1503100010889,118.015297841359,2
1503100010893,116.982808984815,2
1503100010906,117.363392467833,2
1503100010910,116.109669767122,2
1503100010925,118.017992855439,2
150310001093A,117.088251149204,2
1503100010944,118.14519640708,2
1503100010959,118.41976715104,2
1503100010963,117.336689072013,2
1503100010978,118.116708760114,2
1503100010982,118.711952075139,2
1503100010997,117.068901936043,2
1503100011001,118.353293642407,2
1503100011016,117.503060495656,2
1503100011020,117.311168345143,2
1503100011035,117.767122745937,2
150310001104A,117.180719109637,2
1503100011054,117.052414711281,2
1503100011069,118.032970318894,2
1503100011073,116.811880667398,2
1503100011088,113.515066613941,3
1503100011092,115.029469312084,1
1503100011105,116.278422850178,2
150310001111A,,1
1503100011124,117.473243795639,2
1503100011143,118.462973412647,2
1503100011181,118.449785742953,2
1503100011196,120.284901029891,2
1503100011213,115.863521957228,3
1503100011247,114.536698963147,3
1503100011251,117.692098240496,2
1503100011266,117.176389090039,3
1503100011270,114.452254250805,3
1503100011285,120.681988766502,2
150310001129A,116.469967341142,3
1503100011302,115.332688524579,2
1503100011317,118.56581807315,2
1503100011321,118.161496796174,2
1503100011336,118.282504685845,1
1503100011340,118.242350799565,2
1503100011355,121.978867766372,1
150310001136A,117.911928941897,2
1503100011374,117.761775699408,2
1503100011389,119.450866786614,1
1503100011393,115.200944756054,3
1503100011406,114.829575121525,2
1503100011410,115.153607020147,3
1503100011425,116.153636158427,2
150310001143A,116.64824708152,2
1503100011444,116.77577746451,2
1503100011459,117.202873494832,2
1503100011463,115.924132121836,3
1503100011478,115.579418661674,3
1503100011482,112.983329705211,3
1503100011497,113.069767436003,3
150310001150A,115.928488790547,2
1503100011514,115.709284827723,2
1503100011529,114.873739168587,2
1503100011533,113.327450755625,3
1503100011548,115.14152647351,3
1503100011552,115.360566330595,3
1503100011567,111.780074696276,3
1503100011571,110.902402577657,3
1503100011586,112.681621107595,3
1503100011590,109.314591298814,3
1503100011603,110.130487208488,3
1503100011618,113.623366360756,3
1503100011622,111.770006797999,3
1503100011637,108.699265412403,3
1503100011641,104.148575767035,3
1503100011656,115.785298224466,3
1503100011660,115.288326706277,3
1503100011675,112.598645630135,3
150310001168A,113.878471554252,3
1503200010034,119.118734144553,2
1503200080087,102.830596878912,4
1503200170072,101.181672964906,4
1503300010012,,3
1503300010031,119.453520214548,1
1503300010050,123.092904115946,0
1503300010065,123.143731780137,0
150330001007A,121.357011910982,1
1503300010084,122.333200017814,1
1503300010099,120.775050479417,1
1503300010101,118.874655222017,1
1503300010120,120.385769070383,1
1503300010135,122.529450784004,0
150330001014A,122.172458330768,1
1503300010154,122.300346265579,1
1503300010173,121.852680383469,1
1503300010188,123.055254972749,0
1503300010192,122.250808372425,1
1503300010205,122.69259577183,0
150330001021A,122.455138386898,0
1503300010224,,1
1503300010239,120.908778711759,1
1503300010243,121.289243897258,1
1503300010258,121.61205856309,1
1503300010262,121.311117535936,1
1503300010277,121.339300883406,1
1503300010328,121.965675561227,1
1503300010332,120.801055490646,1
1503300010366,121.64903590052,1
1503300010370,122.893500793851,1
1503300010385,122.116938755622,1
150330001039A,121.64803320121,1
1503300010402,121.05822755852,1
1503300010417,120.150725858846,1
1503300010421,117.071283683757,1
1503300010436,121.180798547477,1
1503300010440,121.878701124446,1
1503300010455,122.257052213598,1
150330001046A,119.740674683865,1
1503300010474,120.844429228307,1
1503300010489,122.241055495983,1
1503300010493,122.241119209489,1
1503300010506,122.001822273882,1
1503300010510,123.053348881849,0
1503300010525,121.916235394727,1
150330001053A,122.728407818416,1
1503300010544,122.074983531123,1
1503300010559,121.977065564377,1
1503300010563,122.620835266833,1
1503300010578,122.364946530558,1
1503300010582,118.829334077896,1
1503300010597,121.349161455298,1
1503300010614,122.220809416098,1
1503300010629,122.895199768949,1
1503300010633,123.365870099489,0
1503300010648,120.094073148468,1
1503300010667,118.028547226865,2
1503300010686,120.740971656675,1
1503300010703,119.828511913092,2
1503300010718,122.048963430299,1
1503300010722,120.266700385593,1
1503300010737,120.724755067409,1
1503300010741,120.226522374425,1
1503300010756,118.698635504328,1
1503300010760,121.630593923843,1
150330001078A,119.784870715899,1
1503300010794,119.21614233821,1
1503300010807,120.267928769088,1
1503300010811,119.736808320009,1
1503300010826,118.809263669115,1
1503300010830,120.454925965056,1
1503300010845,117.968592943009,2
150330001085A,119.148762266072,1
1503300010864,120.086245942302,1
1503300010879,119.762854857934,1
1503300010883,119.183565913996,1
1503300010898,118.420322238868,2
1503300010900,119.57774426058,2
1503300010915,119.02975146218,1
1503300010934,121.553402872511,1
1503300010949,116.828028927119,2
1503300010953,118.094983235079,2
1503300010968,118.324745808363,1
1503300010972,117.587375102702,2
1503300010987,119.648180612071,2
1503300010991,117.832322291131,2
1503300011006,119.714513978745,1
1503300011010,119.213053283079,1
1503300011025,121.07011815543,1
150330001103A,119.980927258426,2
1503300011044,119.416269497787,2
1503300011059,119.252016622058,1
1503300011063,118.750846102363,1
1503300011078,118.369553870957,2
1503300011082,121.598828069004,1
150330001110A,121.101949514657,1
1503300011114,119.524653027177,2
1503300011148,118.766266249417,2
1503300011152,118.237255048812,2
1503300011167,118.316098540877,2
1503300011186,119.938467727328,1
1503300011190,117.864514018966,2
1503300011203,120.145910193494,1
1503300011218,120.776576254823,1
1503300011222,120.94001656652,1
1503300011237,122.098402519753,1
1503300011241,117.202209917881,1
1503300011256,119.532118291458,1
1503300011260,119.453523615776,2
1503300011275,120.626193558624,1
150330001128A,119.362908157203,1
1503300011294,120.072407501843,1
1503300011311,121.18761405638,1
1503300011345,122.3036587034,1
150330001135A,119.624239122958,1
1503300011383,120.144081373016,1
1503300011398,118.960209835152,1
1503300011415,120.784001833781,1
150330001142A,122.180788783279,1
1503300011434,121.088320131103,1
1503300011449,121.800381044405,1
1503300011468,122.253196473608,1
1503300011472,121.732728683708,0
1503300011487,121.675241838083,1
1503300011491,121.228397042914,1
1503300011504,119.754749012889,1
1503300011523,124.491926256716,0
1503300011542,121.538769080133,1
1503300011576,120.715244031998,1
1503300011580,121.968031620827,1
1503300011595,120.944464271066,1
1503300011608,120.317910934604,1
1503300011631,120.64573793826,1
1503300011699,118.020052941622,2
1503300011716,121.021216517688,1
1503300011720,122.673794530287,1
1503300011735,120.307138540015,1
150330001174A,121.652008978234,1
1503300011754,120.400946507789,1
1503300011769,119.780411053439,1
1503300011773,123.004655869778,0
1503300011788,122.830265748458,1
1503300011792,121.430583604404,1
1503300011805,120.20165661799,1
150330001181A,122.312261943247,1
1503300011824,122.087740247818,1
1503300011858,120.761602734837,1
1503300011862,120.176455207364,1
1503300011877,120.253593981114,1
1503300011881,121.454407440312,1
1503300011896,119.60137052094,1
1503300011909,120.36756814637,1
1503300011913,119.392886817284,1
1503300011928,119.888183599099,1
1503300011932,121.007964569335,1
1503300011947,119.267959690545,1
1503300011951,118.574235582441,1
1503300011966,120.046105209798,1
1503300011970,119.692980325713,1
1503300011985,124.025386869695,1
150330001199A,122.467488804664,1
1503300012004,121.368843565076,1
1503300012019,118.502488910559,1
1503300012023,119.796257874616,1
1503300012042,121.783142573804,1
1503300012057,121.785649499916,1
1503300012061,117.806114762274,2
1503300012076,121.70281519386,1
1503300012080,122.225471317402,1
1503300012095,123.263772026362,0
1503300012112,121.492339309995,1
1503300012150,118.711985040474,2
1503300012165,117.554203887512,2
1503300012199,118.486604972433,2
1503300012201,118.249621989501,2
1503300012216,118.812231793756,2
1503300012220,118.743583712647,2
1503300012235,119.402645583735,2
150330001224A,119.084082801504,2
1503300012254,118.339951360337,2
1503300012269,117.314140400351,2
1503300012273,119.950514213746,1
1503300012288,121.629397058815,1
1503300012292,120.372776233454,1
1503300012305,120.297409272645,1
150330001231A,120.974664126384,1
1503300012324,120.248341607439,1
1503300012339,121.472093717212,1
1503300012343,120.581909288657,1
1503300012358,121.43016606496,1
1503300012362,120.870826822117,2
1503300012377,119.130587638147,1
1503300012428,116.750319296597,2
1503300012432,114.684707444688,2
1503300012447,119.092947858227,2
1503300012451,122.522406292548,0
1503300012485,118.359470947254,2
150330001249A,121.865605176942,1
1503300012502,122.057734889888,1
1503300012517,123.752099567982,1
1503300012521,121.844976916196,1
150330001256A,117.657785568359,2
1503300012574,117.811339504224,2
1503300012589,117.309052140118,2
1503300012593,120.353574698457,1
1503300012610,123.935716346304,0
1503300012644,118.686597192302,2
1503300012659,119.41463125492,2
1503300012697,117.593205309514,2
150330001270A,117.705944450973,2
1503300012729,118.753290982323,2
1503300012733,118.008548818039,2
1503300012748,118.999779901154,2
1503300012752,118.211605429495,2
1503300012790,119.18971394261,2
1503300012803,119.811893904861,2
1503300012818,120.731847421354,1
1503300012822,121.585347012701,1
1503300012837,118.289287406281,1
1503300012841,119.5328140066,1
1503300012856,122.561792931435,1
1503300012860,122.872263198904,0
1503300012875,121.342496773715,0
150330001288A,119.019764732108,2
1503300012894,118.276619488195,2
1503300012907,121.867387022445,0
1503300012911,123.908346989578,0
1503300012926,121.588169164667,0
1503300012930,119.787459013473,0
1503300012945,120.482292213669,1
150330001295A,119.722840642908,1
1503300012964,119.924226863374,1
1503300012979,118.568791420905,2
1503300012983,119.625439470507,1
1503300012998,118.150557651505,2
1503300013002,119.54317638475,1
1503300013017,119.756950213739,1
1503300013021,121.027823660267,1
1503300013036,122.561632531867,1
1503300013040,120.487352419897,1
1503300013055,119.739184801147,1
150330001306A,120.159894897479,1
1503300013074,119.430338180301,2
1503300013089,119.804503084075,1
1503300013093,120.083142009894,2
1503300013106,117.041380761034,2
1503300013110,118.31073957542,2
1503300013125,118.720094483991,2
150330001313A,121.74052415699,2
1503300013144,118.372123317325,2
1503300013159,118.800221389201,1
1503300013163,119.049851186689,2
1503300013178,121.837163562715,1
1503300013182,119.758537431107,1
1503300013197,120.358792736336,1
150330001320A,120.359406105706,1
1503300013229,118.308098342502,1
1503300013233,119.704398659769,1
1503300013248,120.121579797578,1
1503300013252,119.820339652742,1
1503300013267,117.601939287332,2
1503300013271,117.879522190198,2
1503300013286,119.150851293115,2
1503300013290,119.070215697537,2
1503300013303,117.86980181588,2
1503300013318,117.414386321084,2
1503300013322,118.863155316264,2
1503300013337,118.471898045416,2
1503300013341,117.671296204297,2
1503300013356,118.669820757749,2
1503300013360,118.793454352677,2
1503300013375,120.841050776172,1
150330001338A,118.37149002975,2
1503300013394,115.22382704016,2
1503300013407,113.801362698734,3
1503300013411,117.847958728121,2
1503300013426,118.409973977712,2
1503300013430,117.090895127237,2
1503300013445,118.569356050611,2
150330001345A,119.411477194304,1
1503300013464,119.363544071631,1
1503300013483,116.598738399934,2
1503300013498,117.49215239913,2
1503300013500,121.772157727193,1
1503300013515,120.935458602241,1
1503300013534,120.534774105406,1
1503300013549,121.831339488147,1
1503300013553,122.571681791769,1
1503300013568,122.451632477327,1
1503300013572,117.062066132052,2
1503300013587,118.681640711932,1
1503300013591,119.002339460646,2
1503300013604,118.978608340219,2
1503300013619,120.13713653718,1
1503300013623,119.56249188497,2
1503300013638,119.199893697207,2
1503300013642,119.678205306086,1
1503300013657,118.149306051352,2
1503300013661,122.426169825953,1
1503300013676,121.815904940536,1
1503300013680,123.426824331601,1
1503300013695,119.048963764345,1
1503300013746,113.302165045375,2
1503300013750,124.877956417994,0
1503300013765,125.098783333821,0
150330001377A,117.535125968823,2
1503300013784,116.987254457015,2
1503300013799,119.260479024954,2
1503300013801,119.19693625135,1
1503300013816,116.378061906816,2
1503300013835,121.697114633318,1
1503300013854,122.22989583628,1
1503300013869,120.921639410841,1
1503300013873,123.458216525678,1
1503300013888,120.505167897633,1
1503300013892,121.335457850642,1
1503300013905,122.611285930749,1
150330001391A,120.598330153471,1
1503300013939,121.853749540821,1
1503300013943,120.237792099967,1
1503300013962,121.381960543281,1
1503300013977,121.796318182911,1
1503300013981,124.089712390656,0
1503300013996,120.946523933302,1
150330001402A,116.226963878081,2
1503300014053,118.792642475894,2
1503300014068,117.658461443767,2
1503300014072,118.046151325498,2
1503300014091,119.493913964966,2
1503300014104,119.70769824335,2
1503300014142,123.661149968674,1
1503300014227,118.095849792409,2
1503300014231,118.677683885129,2
1503300014335,122.108905604773,1
150330001434A,121.42468889088,1
1503300014354,118.677094286704,2
1503300014369,117.416214047475,2
1503300014373,117.514955012305,2
1503300014388,116.91734143462,2
1503300014392,116.068248478319,2
1503300014405,118.892417122496,2
150330001441A,118.298730534134,2
1503300014424,119.022503530453,2
1503300014439,119.476872867888,1
1503300014443,119.391345437682,1
1503300014458,120.266915761493,1
1503300014462,119.108450703231,1
1503300014477,120.154243205326,1
1503300014481,123.401433006682,1
1503300014496,121.186575700187,1
1503300014509,121.651182228985,1
1503300014513,119.907828037529,1
1503300014528,120.44570257678,1
1503300014532,120.454560406774,1
1503300014547,119.393998231827,1
1503300014551,120.215738960533,1
1503300014566,119.147688918279,1
1503300014570,120.849974943169,1
1503300014585,122.120610355267,1
150330001459A,123.107912208486,1
1503300014602,123.480409639095,0
1503300014617,123.31220139868,0
1503300014621,123.544692660163,0
1503300014636,122.721499789437,1
1503300014640,122.594012604123,1
1503300014655,122.153065763116,1
150330001466A,122.457982929575,1
1503300014674,123.566928402136,1
1503300014689,124.173927236568,0
1503300014693,118.369282023201,2
1503300014725,121.922970983795,1
150330001473A,121.413053544478,1
1503300014744,121.060523754273,1
1503300014759,121.172741780712,1
1503300014763,124.53316605581,1
1503300014778,115.553017052454,2
1503300014782,118.248326833684,2
1503300014797,120.793873261544,1
150330001480A,120.474295146141,1
1503300014814,122.368517473729,1
1503300014829,120.284515772568,1
1503300014848,126.004585124798,0
1503300014852,124.867483147808,0
1503300014867,124.633038552124,0
1503300014871,123.557604232247,1
1503300014886,124.192521615741,1
1503300014890,124.04000437195,0
1503300014903,124.143386127515,0
1503300014918,123.976489607373,0
1503300014922,124.375636329314,0
1503300014937,124.126152583647,0
1503300014941,125.282333369033,0
1503300014956,113.197607234573,2
1503300014960,110.770722712866,3
1503300014975,,1
150330001498A,116.230558383137,2
1503300014994,115.973408475623,2
1503400010081,115.065474429758,3
1503400010096,116.930016403434,3
1503500010036,120.945355180359,1
1503500010055,120.595399863431,1
1503500010178,121.841774179286,1
1503500010182,121.674313049188,2
1503500030089,122.776751308582,1
1503500030549,123.140975671657,1
1503500030553,122.282376492255,1
1503500030568,123.649439762629,1
1503500030572,123.019540484742,1
1503500030587,122.504397127045,1
1503500030591,122.830510076318,2
1503500030604,123.534013332838,1
1503500030619,118.659774189411,2
1503500030623,123.101116277607,1
1503500030638,124.932351575542,1
1503500030642,122.807764648211,1
1503500060426,120.986478277513,2
1503500060445,119.322410816954,2
1503500060483,121.646039470781,2
1503500060500,121.026418531338,2
150350006052A,121.975986565302,2
1503500060534,121.04963252119,2
1503500080197,119.911279387211,2
150350008020A,119.433128968366,2
1503500080515,120.702194517123,2
1503500090214,120.746500206108,2
1503500090229,119.048306291995,2
1503500090233,118.865643546465,2
1503500090360,120.526117975041,2
150350009038A,121.652224660711,1
1503500090394,120.276125078645,2
1503500120163,119.60540170466,2
1503500130248,118.945423635095,2
1503500190125,120.936268898151,2
150350019013A,121.592205319539,1
1503500270252,122.339358576289,1
1503500270267,122.258424406618,1
1503500270286,122.90666502945,1
1503500270290,122.683909924958,1
1503500270303,120.64098301037,2
1503500270318,119.579156475215,2
1503500270322,120.578313618919,2
1503500270337,122.414249910554,2
1503500270341,122.530698510533,1
1503500270356,123.49053766465,1
1503500270375,120.114152509361,2
1503500270407,121.63688371928,2
1503500270411,122.540558088266,1
150350027045A,120.932054619111,2
1503500270464,123.309345071319,1
1503500270498,118.968248647528,2
1503500280271,125.845333955142,0
1503500300430,123.727616235914,1
1503500300479,124.654659814255,1
1503500340021,123.296317171342,1
150350034006A,122.477495471227,1
1503500340074,123.406267032616,1
1503500350017,121.343245700639,2
1503600010086,120.998096607386,1
1503600010283,119.192716249099,2
1503600010298,119.498976565492,2
1503600040014,116.976883515078,3
1503600040033,115.898861785675,3
1503600060194,115.61027268616,3
1503600060207,115.738465759952,3
150360007032A,118.130783171572,2
1503600070334,118.914752788311,2
1503600070349,118.280527063498,2
1503600080137,117.631390982481,3
1503600080141,118.053487636112,2
1503600080156,115.515723761516,3
1503600080211,117.554642197888,3
1503600080226,117.824215948014,2
1503600090230,116.74307620634,3
1503600090245,118.12170056532,2
150360009025A,112.291605924466,3
1503600090264,112.25419866704,3
1503600090279,116.207016046215,3
1503600090300,119.199064011692,2
1503600090315,113.599933512296,3
1503700010384,120.927179764809,1
1503700010399,120.948592310085,1
1503700010577,119.02628582103,2
1503700010581,120.292214813004,1
1503700010736,120.257373666635,2
1503700050276,119.445842579608,2
1503700090223,123.732289944495,0
1503700090238,124.467382766833,0
1503700090280,121.775905926491,1
1503700130401,119.595696442604,2
1503700130416,120.537052084855,1
1503700130420,119.72586879979,2
150370013069A,118.488867871292,2
1503700130702,119.264184755261,2
1503700180435,121.444666453508,1
150370018044A,119.441636179756,2
1503700180596,120.49466555395,1
1503700190651,119.771695586622,1
1503700210647,119.651851728754,1
1503700230666,118.882723959196,2
1503700240454,116.62828422821,2
1503700240469,117.722577471547,2
1503700240609,113.435051987665,3
1503700240613,113.821490100978,3
1503700240628,,1
1503700240632,115.700700974347,2
1503700250261,118.446373470147,2
1503700260327,117.990008729163,2
1503700710064,119.420737603555,1
1503700710079,124.91305021669,0
1503700710083,124.654375924472,0
1503700710098,125.412160228175,0
1503700710100,124.619905947761,0
1503700710115,123.975296536372,0
1503700710134,118.727490870033,1
1503700710187,118.785130903323,1
1503700710191,121.165058591862,1
1503700710204,119.571477605704,1
1503700710219,121.465597088889,1
1503700710242,124.570491346853,0
1503700710308,119.228113459021,1
1503700710331,124.189231559228,0
1503700710346,124.703489925483,0
1503700710350,123.450879660839,0
1503700710365,123.734145741355,0
150370071037A,123.729597998576,0
1503700710473,119.4448354556,1
1503700710488,119.615372787951,1
1503700710492,119.881872106206,1
1503700710524,117.853687946787,2
1503700710539,116.655890401396,2
1503700710543,126.253244297777,0
1503700710558,124.449528526654,0
1503700710562,120.918874430025,1
1503700710670,120.594346907322,1
1503700710685,119.603952062622,1
1503700710721,125.993320006768,0
1503700710740,124.200964822164,0
150370071076A,123.881620042527,0
1503700840011,119.173182920368,2
1503700890755,115.18952883862,2
1503800010038,120.815261080323,2
1503900010139,119.661356380445,1
1503900010158,121.256259906164,1
1503900010213,120.847470195617,1
1503900010232,120.287268771362,1
1503900010302,119.799773968417,2
1503900010567,118.837309568125,2
1503900010571,123.65778676229,0
1503900010586,123.222483838897,1
1503900010603,120.403721866627,1
1503900010618,119.690439335368,2
1503900010622,118.656767022901,2
1503900010637,119.383449992732,1
1503900010641,119.16276483076,2
1503900010656,122.303093421479,0
1503900010660,124.028118135512,0
1503900010675,119.36231140217,2
150390001068A,119.322009165248,2
1503900010694,120.338095590098,2
1503900010745,121.484688964496,1
150390001075A,123.942146845623,0
1503900010764,118.179158566363,2
1503900010868,117.324335292672,2
1503900010872,116.120335516306,3
1503900010887,120.361463564084,1
1503900010891,119.087411741304,2
1503900010904,118.38336748182,2
1503900010919,122.555927328516,1
1503900010942,120.689945942843,1
1503900010980,119.96857280089,1
1503900011048,121.029859865156,1
1503900011052,121.320688089737,1
1503900011067,122.895329023056,1
1503900011071,117.827475793006,1
1503900011086,120.558456044678,1
1503900011090,122.931830130392,1
1503900011103,120.95662586963,1
1503900011118,120.429813675081,1
1503900011122,119.679203475436,2
1503900011137,118.680188441874,2
1503900011141,118.636501054064,2
1503900011156,118.828297651524,2
1503900011160,119.525544465288,1
1503900011207,122.361133759315,1
1503900011211,121.897014956184,1
1503900011226,119.159905052096,2
1503900011230,120.88404138664,1
1503900011245,115.882243966149,3
150390001125A,118.214904211252,2
1503900011264,117.299870414047,2
1503900011279,118.158038019993,2
1503900011300,117.915726613071,2
1503900011368,115.587533824076,2
1503900011372,118.660794673816,2
1503900011387,118.784830924493,2
1503900011391,117.58033953867,2
1503900011404,118.733535568936,2
1503900011419,122.822767690356,1
1503900011423,123.507199610809,1
1503900011438,123.374050957774,1
1503900011442,122.915580581658,1
1503900011457,123.534583187384,1
1503900011461,123.14641278542,1
1503900011476,123.463186018949,1
1503900011508,119.260060931428,2
1503900011512,116.409737799487,2
1503900011762,121.238083867697,1
1503900011777,119.234989977367,2
1503900011781,117.342000774563,2
1503900011796,114.386273741773,3
1503900011809,118.084012562078,2
1503900011813,118.660620969489,2
1503900011828,118.036428336402,2
1503900011832,121.641977486199,1
1503900011847,114.649763580323,3
1503900011851,123.151363615374,1
1503900011866,122.444497873697,1
1503900011870,123.134642491293,1
1503900011885,123.346631649389,1
150390001189A,122.712467417251,1
1503900011902,120.225687555052,1
1503900011917,123.549592759569,0
1503900011921,120.616041042342,1
1503900011936,123.079231098145,1
1503900011940,123.337251620117,0
1503900011955,123.342895588629,1
150390001196A,122.880707153342,1
1503900011974,122.450563668719,1
1503900011989,123.917407151779,1
1503900012008,116.365226978391,2
1503900012012,115.50269647192,3
1503900012027,115.398023629151,3
150390001207A,110.406674707072,3
1503900012084,115.705039905561,3
1503900012099,113.5949362183,3
1503900012101,114.659783076678,3
1503900012116,114.360774683977,3
1503900012135,113.16755744562,3
150390001214A,115.319392639534,3
1503900012154,115.681067531289,3
1503900012169,112.402701246006,3
1503900012173,,3
1503900012188,112.543642396146,3
1503900012224,111.641774338006,4
1503900012239,115.626158718043,3
1503900012243,115.94499259339,3
1503900012258,110.762908781012,3
1503900012262,113.002409570278,3
1503900012277,,3
1503900012281,,0
1503900012332,114.093129973257,3
1503900031550,122.647857636596,1
1503900031565,123.093828403279,1
150390003157A,123.487111664302,0
1503900031616,122.01656589726,1
1503900031620,124.037920693822,0
1503900031635,123.781232033436,1
150390003164A,123.510370156897,1
1503900031654,123.885791592611,0
1503900031669,123.39807256354,1
1503900031673,123.579746160127,1
1503900031688,123.613285864182,1
1503900031692,123.592922552455,0
1503900040800,116.276458155817,2
1503900040815,116.485559220786,2
1503900041315,112.456376569501,2
1503900042313,113.901806825009,3
1503900071546,113.451980053446,3
1503900110073,114.312054379327,3
150390011082A,114.10362509868,3
1503900110834,113.175961938449,3
1503900110849,108.356938652213,4
1503900110853,109.038519612468,3
1503900111349,106.186263255702,4
1503900111495,,3
150390011221A,99.8579224166985,4
1503900120779,118.349813662297,2
1503900120783,119.693460134278,1
1503900120798,118.212677735363,2
1503900121175,119.812024294368,1
150390012118A,117.046920128004,2
1503900121194,120.300898315937,2
1503900121283,118.233603061666,2
1503900121298,119.776516812679,2
150390012132A,119.80936636654,2
1503900121334,121.872521255959,1
1503900122031,123.550938509595,1
1503900122046,115.034091496028,2
1503900122296,116.378454524583,3
1503900122309,121.993011960216,1
1503900122328,121.569953228755,1
1503900641743,117.449206007942,2
1503900641758,115.290065449342,3
1503900642050,114.869985697332,3
1503900642065,114.769163891093,3
1503900642192,111.117006024272,3
1503900642205,114.13077278342,3
1503901511584,120.864508130487,1
1503901511599,121.150672438617,1
1503901511601,117.243754140767,2
1503901511705,121.314770338582,1
150390151171A,121.64293871912,1
1503901511724,121.093126256908,1
1503901511739,120.051892936251,1
1504000010036,121.544924186832,1
1504000010055,120.512634306,1
1504000010089,118.930097894885,2
1504000010093,118.763272736441,2
1504000010106,121.820450189519,1
1504000010110,121.361663282925,2
1504000010125,,1
150400001013A,121.473807474162,1
1504100010029,120.668525183196,2
1504200010308,121.468763321394,1
1504200010312,121.866530579604,1
150420002044A,116.103832239802,3
1504200020454,115.934743242669,3
150420007037A,106.839288181637,4
1504200160401,117.305201664164,3
1504200160416,115.388248908631,3
1504200170346,112.310782339988,4
1504200220384,114.432996435391,3
1504200240350,110.923422933469,4
1504200290399,120.261295862851,2
1504200300331,115.610781259838,3
1504200300420,117.720034817753,3
1504200300435,116.883326117504,3
1504200310295,113.553826644022,3
1504200310473,112.64867615904,3
1504200310488,109.387668524014,4
1504200310492,105.682605508477,4
1504200320365,113.312845828518,3
150420033012A,117.941793769427,3
1504200340219,115.839688110932,3
1504200350223,117.273473908478,3
1504200350469,113.265529257631,4
1504300010061,118.760180102245,2
1504300010076,116.381257884129,3
1504300010080,117.856343916408,2
1504300010095,120.20511196531,2
1504300010108,116.564313020334,3
1504300010112,116.777117884648,3
150440001004A,119.455188574778,2
1504400010092,119.436558647077,2
1504400010105,118.383745310996,2
150440020011A,123.649178954582,0
1504400200124,122.063831728543,1
1504400200139,121.725478083845,1
1504400200143,122.16083421647,1
1504400200158,121.545350806441,1
1504500010259,122.110700751433,1
1504500010263,123.405384655265,1
1504500010278,119.879271590755,2
1504500010282,121.677344880139,2
1504500010297,121.549836362833,2
1504500010386,122.501182846056,1
1504500010390,120.971527390215,1
1504500010422,121.546954435372,1
1504500070441,120.496220520441,2
1504500070456,119.295704793274,2
1504500070460,119.838832956863,2
1504500070475,121.474603417896,2
150450007048A,118.057021055895,2
1504500070494,117.31499800594,2
1504500070507,110.387184252266,3
1504600010025,118.497627616633,2
1504600030059,118.954742990567,2
1504600050063,118.235355843494,2
150470001008A,119.646668428462,2
1504700200183,114.789298554635,3
150470025015A,114.936996106346,3
1504800010299,123.589651944041,1
150480001034A,121.72616097836,1
1504800010354,121.24742225639,1
1504800010369,122.328225638501,1
150480001041A,,1
1504800010424,122.626943812549,1
1504800010458,123.703146673286,1
1504800010462,,4
1504800080250,120.677782407006,2
1504800080320,119.177883844605,2
1504800080335,121.198568979701,2
1504800120195,116.508556096423,3
1504800130123,120.149672438473,2
1504800130265,119.559911795309,2
1504800130284,119.385515534152,2
1504800130439,117.062778246558,3
1504800130443,121.186951347177,1
1504800150301,114.413042542146,3
1504800150316,103.643382904856,4
1504800150373,117.082965135034,3
1504800150388,117.82623087848,3
1504800180405,114.848983069103,3
1504900010065,118.533273123771,2
150490001007A,114.349618614887,3
1504900010084,,3
1504900010099,118.868795350196,2
1504900010101,,0
1504900010116,,4
1504900050027,117.35561901771,3
1505000010047,119.62278338932,2
150500001009A,117.217213548593,3
1505000010102,118.973354298104,2
1505000010117,117.940365964903,2
1505000010121,117.564393109091,3
1505000010136,118.932673130285,2
1505000010174,,2
1505000010189,118.537024912679,3
1505000020140,114.630729082015,3
1505000020155,113.932293605813,3
150500002016A,114.355873324637,4
1505000020193,117.118563767977,2
1505100010186,123.688785622946,0
1505100010241,122.079757802886,1
1505100010256,123.224784612903,1
1505100010260,122.736773500477,1
1505100010275,122.403813821706,1
1505100010453,125.585824332486,0
1505100010468,121.541351521089,1
150510007028A,119.56045518853,2
1505100070294,120.66022850515,2
1505100170400,117.957371335246,3
1505100200330,121.054709212966,2
150510020042A,122.460878729295,1
1505100200449,,2
1505100210078,118.215559444313,2
150510022035A,118.944291695168,3
1505100220364,119.050484069789,3
1505100240379,119.704988407839,2
1505100240383,119.632605436664,2
1505100240398,118.005065721902,2
1505100240491,,1
1505100260307,120.895294229788,2
1505100260311,121.298159725299,1
1505100260326,121.730226223497,2
1505100260345,122.079874079364,1
1505100260434,,2
1505100280415,119.710487612559,2
1505100280504,93.2170518697013,4
1505100860487,125.095083584671,0
1505200010056,119.17585629176,2
1505200010060,117.528321237447,2
1505200010075,114.682794520167,3
150520001008A,116.866407213341,3
1505200010164,115.00107160022,2
1505200010179,118.100701452501,2
1505200010183,120.245292914418,2
1505200010198,119.690385484678,1
1505300010034,121.922874859235,1
1505300010049,121.73697131147,1
1505300010053,121.765805569181,1
1505300010068,121.80482827314,1
1505300010072,120.400392111609,1
1505300010104,120.579866538682,2
1505300010123,118.417115122749,2
1505300010138,119.111639854458,2
1505300010142,118.713617851299,2
1505300010212,120.257179526732,2
1505300010227,119.923741807421,2
1505300010284,122.819511872678,1
1505300010335,123.286084577328,1
150530001034A,121.6275053819,1
1505300050299,118.146381103646,2
1505300050320,117.946667177045,2
1505300050354,,3
1505300050369,,3
1505300170015,117.59442484144,2
1505300170087,116.01051918779,3
1505300260157,117.215566518696,2
1505400010258,122.442515428804,1
1505400010281,121.505128266057,1
1505400010332,122.998084748226,0
1505400010351,123.465510190829,0
1505400010510,124.843957236336,0
1505400010563,120.034766805566,1
1505400010578,121.75796044022,1
1505400010703,121.973863802594,1
1505400010718,123.109781546071,1
1505400010722,120.506446490292,1
1505400010737,121.796514876513,1
1505400320031,118.446766346533,2
1505400320760,117.606397171304,3
1505400320794,124.696064450843,0
1505400340826,123.43635236703,0
1505400340830,123.408830546964,0
1505400340845,123.719543008533,0
150540034085A,123.240022127183,1
1505400340864,123.280650922927,1
1505400340879,124.667657829584,0
1505400340883,125.154642469409,0
1505400340898,123.915276562467,0
1505400340900,125.024098725399,0
1505400350402,120.785137038391,2
1505400350417,120.964173908858,2
1505400350633,120.654532241675,2
1505400350648,120.041507975502,2
1505400350811,120.486028377241,2
1505400370915,122.167225024447,1
150540037092A,124.005573944639,0
1505400370934,122.929342987289,0
1505400370949,123.467191033894,1
1505400370953,123.362411285493,1
1505400370968,122.563263081898,1
1505400370972,120.969681057691,1
1505400370987,122.590372102281,1
1505400370991,120.49617718115,1
1505400381006,124.736997052489,0
1505400381010,124.144190182879,0
1505400381025,123.689371301536,0
150540038103A,123.838883629247,0
1505400381044,124.865493067828,0
1505400381059,124.561958648735,0
1505400381063,123.616127793714,0
1505400381078,123.354736109135,0
1505400381082,123.479478325933,1
1505400381097,120.149685437189,1
1505400410756,121.629591509574,1
150540041110A,125.674943856633,0
1505400430741,120.32822657548,2
1505400431256,118.607197216551,2
1505400470652,119.374476865279,1
1505400470667,119.603404204674,2
1505400491114,123.275974370716,1
1505400491129,124.929648943424,0
1505400491133,124.613870816902,0
1505400491148,122.439125709959,0
1505400491152,123.740233729059,0
1505400491167,123.550660828138,1
1505400491171,123.859595264404,1
1505400491186,122.751928186959,1
1505400491190,123.459964548033,1
1505400491203,124.269679741477,0
1505400491218,123.68019900218,1
1505400491222,125.488688915964,0
1505400491237,123.45510157003,0
1505400491241,122.284869902933,0
150540052078A,119.612513290654,2
1505400550506,119.13732845937,2
1505401061260,125.26712818319,0
1505500010043,120.557676251546,1
1505500010058,118.595682259855,2
1505500010062,119.48170422775,2
1505600010089,118.72209958958,2
1505600060093,110.950343433278,4
1505600090178,115.152396095328,3
1505600090214,109.993729735015,3
150560018020A,115.104707401323,3
1505700010048,125.00425662688,0
1505700010103,124.525959850702,0
1505700010122,124.855759586537,0
1505700010141,121.551121535884,1
1505700010156,123.03355941635,0
1505700010160,123.785213777806,0
1505700010175,124.776505817187,0
150570001018A,123.519302735518,0
1505700010245,122.243182454841,0
1505700010283,120.088014518586,1
150570001032A,120.768914542837,1
1505700010353,121.641652824675,1
1505700010368,122.506156569617,0
1505700010372,119.936722308582,2
1505700010391,120.74325655774,1
1505700010404,120.375078017197,2
1505700010419,119.652170319334,2
1505700010480,123.356418509862,0
1505700010495,124.611623562613,0
1505700010508,124.262388419392,0
1505700010512,121.244196734143,1
1505700010550,124.841414520183,0
1505700010584,121.886276173034,0
1505700010599,120.281941924184,1
1505700010601,122.607754693651,0
1505700010616,119.377423515732,1
1505700010620,125.167515186973,0
1505700010635,124.035887318238,0
150570001064A,118.228576529677,2
1505700010669,117.767832773374,2
1505700010688,122.035020824895,0
1505700010692,121.337292585522,1
1505700010705,124.96548797419,0
150570001071A,,2
1505700010743,119.185931343448,2
1505700010813,121.128575682377,1
1505700010851,119.595219845425,2
1505700010866,119.177501519569,1
1505700010870,117.466859115111,2
1505700010936,119.355824196743,2
1505700010940,119.811735159218,2
1505700010955,119.03888049208,2
1505700011031,125.38470779133,0
1505700011084,119.19663005274,2
1505700011116,120.89815006161,1
1505700011135,125.016745128398,0
150570001114A,124.215571157899,0
1505700011154,124.734855571496,0
1505700011169,125.392421109891,0
1505700011173,125.140259349593,0
1505700011188,125.021788563739,0
1505700011192,124.694301163175,0
1505700011205,123.450073099465,0
150570001121A,126.037678793974,0
1505700011224,126.087407168845,0
1505700011239,125.527257206347,0
1505700011243,124.444090104541,0
1505700011258,124.540194612698,0
1505700011262,125.154961223997,0
1505700011277,124.596927135385,0
1505700011281,124.771740833154,0
1505700011296,125.036582463953,0
1505700011309,123.551932343766,0
1505700011313,124.497090954977,0
1505700011328,123.784903171884,0
1505700011332,125.841339250527,0
1505700011347,124.622367263129,0
1505700011351,123.697236227915,0
1505700011366,124.255466762739,0
1505700011370,123.351581437041,0
1505700011385,123.666884273328,0
150570001139A,120.000305654144,1
1505700011402,125.439282459473,0
1505700011417,121.9874931913,0
1505700011421,125.280593178638,0
1505700011436,122.796654564093,1
1505700011440,123.91220591256,0
1505700011455,121.449127188704,0
150570001146A,119.313949854284,1
1505700011474,120.035382412734,1
1505700011489,121.512586741988,1
1505700011493,121.063383881546,1
1505700011506,119.967958592348,1
1505700011510,123.848804248432,0
1505700011525,120.545610982541,1
150570001153A,119.650395794934,1
1505700011544,121.922966052462,1
1505700011559,119.699444698404,1
1505700011563,121.873183781043,1
1505700011578,119.90991968582,2
1505700011582,119.456625516654,2
1505700011597,119.576419914961,2
150570001160A,120.622134972557,1
1505700011614,120.733805809597,1
1505700011629,120.735192973655,1
1505700011633,120.735892252954,1
1505700011648,119.822368753145,1
1505700011652,120.141007747906,1
1505700011667,120.559417784583,1
1505700011671,120.120703378887,1
1505700011686,118.817784637211,1
1505700011690,120.542981402048,1
1505700011703,119.532248180934,1
1505700011718,119.889639777816,2
1505700011722,120.332280296308,1
1505700011737,120.884598232434,1
1505700011741,119.647609970245,1
1505700011756,118.736961274859,2
1505700011760,119.239310961335,2
1505700011775,121.046270215807,1
150570001178A,120.488665655695,2
1505700011794,119.668034075937,1
1505700011807,119.026731791703,2
1505700011811,120.367544803981,1
1505700011826,118.747192178142,1
1505700011830,119.606369010188,2
1505700011845,119.409904743266,1
150570001185A,119.866281211417,1
1505700011864,119.341478133649,1
1505700011879,119.152255544408,1
1505700011883,117.87990971217,2
1505700011898,118.277515303755,1
1505700011900,119.742584225131,2
1505700011915,119.291919090675,2
150570001192A,119.391132387952,2
1505700011934,120.063611925346,1
1505700011949,121.592542149079,1
1505700011953,118.729084965077,2
1505700011968,118.761819414332,1
1505700011972,121.659467131544,1
1505700011987,121.406530823509,1
1505700011991,121.208637998314,1
1505700012006,124.938532746668,0
1505700012010,120.389334093727,1
1505700012025,119.057150083353,2
150570001203A,120.156557651133,1
1505700012044,118.543436651875,2
1505700012059,118.192876699553,2
1505700012063,120.718518351598,1
1505700012078,120.373986270333,1
1505700012082,118.936479322265,2
1505700012097,119.060954946084,2
150570001210A,117.691262759402,2
1505700012114,117.775301296015,2
1505700012129,119.178748334207,2
1505700012133,120.114487727166,1
1505700012148,119.518098242352,2
1505700012152,119.514552667305,2
1505700012167,121.263821081282,1
1505700012171,121.010782416401,1
1505700012186,121.859351120533,1
1505700012190,120.978408593622,1
1505700012203,120.58026289885,1
1505700012218,120.659522022755,2
1505700012222,120.032028814577,1
1505700012237,121.570718050428,1
1505700012241,120.673414994836,1
1505700012256,120.225319869428,1
1505700012260,120.941501018534,1
1505700012275,125.014411015453,0
150570001228A,122.819602845054,0
1505700012294,119.895490340914,2
1505700012307,121.152971479637,1
1505700012311,118.275054652344,2
1505700012326,119.71353158554,1
1505700012330,121.207845008034,1
1505700012345,120.906194699097,1
150570001235A,121.339956413409,1
1505700012364,120.964812805871,1
1505700012379,119.893708793338,1
1505700012383,120.739854941827,1
1505700012398,121.190268399053,1
1505700012400,120.246227556302,1
1505700012415,119.92083309038,1
1505700012434,117.956622446152,2
1505700012449,126.501310128728,0
1505700012453,125.898149848635,0
1505700012468,126.200844340099,0
1505700012472,126.604230737454,0
1505700012487,126.919904664793,0
1505700012491,126.006542613336,0
1505700012504,123.269176741518,1
1505700012519,,0
1505700012523,125.24351847905,0
1505700012538,124.722855342126,0
1505700012542,125.90171245629,0
1505700012557,119.568248080691,2
1505700012561,119.014033527646,2
1505700012576,119.123408385895,2
1505700012580,125.584547033081,0
1505700012595,119.489378723584,1
1505700012608,120.001683780668,0
1505700012612,126.514804163231,0
1505700012650,121.512429004064,1
1505700012665,119.880459249291,1
150570001267A,119.432023967767,2
1505700012684,125.260148736204,0
1505700012701,126.03015609075,0
1505700012716,125.143711375847,0
1505700882631,118.549829209059,2
1505700882646,117.806583721319,2
1505700982627,118.228149112685,2
1505702672699,118.878787968369,2
1505800010030,122.513222837359,0
1505800010079,123.31443497065,0
1505800010083,123.53860820426,0
1505800010098,122.413486549525,1
1505800010100,119.612437114347,1
1505800010115,120.518809473447,1
150580001012A,120.01073830263,1
1505800010134,120.596108274602,1
1505800010149,120.758208744033,1
1505800010153,121.007102673669,1
1505800010168,121.018496497276,1
1505800010172,120.742140236013,1
1505800010187,120.312889311577,1
1505800010191,120.403970508079,1
1505800010204,120.325606172981,1
1505800010219,123.808346216952,0
1505800010223,123.159922870957,0
1505800010238,120.326341961465,1
1505800010261,120.119663710994,1
1505800010276,120.406634084795,1
1505800010280,120.008319455498,1
1505800010295,120.37664208967,1
1505800010308,119.224047038193,1
1505800010312,119.18150354659,2
1505800010327,120.186783590666,1
1505800010331,119.262257000024,2
1505800010346,118.214765010419,2
1505800010350,118.911860693516,1
1505800010365,120.360629934868,1
150580001037A,119.751093199762,1
1505800010384,120.504996628955,1
1505800010399,120.356172911244,1
1505800010401,120.360764152063,1
1505800010416,120.511629304648,1
1505800010420,120.476645164066,1
1505800010435,120.446218050578,1
150580001044A,120.436576001168,1
1505800010454,120.635533448644,1
1505800010469,120.712547119781,1
1505800010473,120.335090490619,1
1505800010488,120.386508441503,1
1505800010492,117.591301481588,2
1505800010505,120.944914436911,1
150580001051A,119.974012146985,1
1505800010524,120.750036321127,1
1505800010539,120.498664748187,1
1505800010543,117.389924390686,1
1505800010558,120.948049337434,1
1505800010562,120.255172855543,1
1505800010577,120.588646246075,1
1505800010581,120.601129734411,1
1505800010596,121.185138863057,1
1505800010609,121.27367516704,1
1505800010613,120.564516905132,1
1505800010628,120.561169119064,1
1505800010632,120.634044824244,1
1505800010647,120.07888688651,1
1505800010651,119.850011293457,1
1505800010666,120.619974798823,1
1505800010670,118.966399742697,1
1505800010685,119.962150578131,1
150580001069A,119.253105352647,1
1505800010702,120.315167549604,1
1505800010717,121.278251870691,1
1505800010721,121.404829482397,1
1505800010736,119.479366405199,1
1505800010740,121.115045804008,1
1505800010755,120.850450088613,1
150580001076A,119.84060312623,1
1505800010774,120.282252029244,1
1505800010789,120.037725950897,1
1505800010793,120.548626008414,1
1505800010806,120.381628793227,1
1505800010810,120.350219642642,1
1505800010825,120.187232786584,1
150580001083A,121.159973393342,1
1505800010844,120.862334965336,1
1505800010859,119.891316726291,1
1505800010863,121.017551251569,1
1505800010878,119.314636669629,1
1505800010882,119.459279127105,1
1505800010897,119.92683465891,1
150580001090A,121.170481815503,1
1505800010914,120.841308728192,1
1505800010929,120.949059888293,1
1505800010933,120.208882400801,1
1505800010948,120.343749050138,1
1505800010952,120.811669676941,1
1505800010967,119.193309891228,1
1505800010971,120.989493458543,1
1505800010986,120.456278091955,1
1505800010990,120.739080240754,1
1505800011005,120.688565286602,1
150580001101A,120.590440179876,1
1505800011024,120.351370475191,1
1505800011039,121.107410705031,1
1505800011043,120.679896717831,1
1505800011058,120.639466122035,1
1505800011062,121.155519135336,1
1505800011077,120.696714431547,1
1505800011081,120.807932744963,1
1505800011096,120.215501238955,1
1505800011109,119.952336695995,1
1505800011113,120.847339497443,1
1505800011128,120.743635140782,1
1505800011132,120.88229682155,1
1505800011147,121.35168887023,1
1505800011151,120.8324163737,1
1505800011166,119.960986709242,1
1505800011170,120.695038337807,1
1505800011185,119.801454680585,1
150580001119A,120.043221057617,1
1505800011202,120.859084825171,1
1505800011217,120.808324734129,1
1505800011221,121.357129013372,1
1505800011236,120.572445697981,1
1505800011240,121.234613904045,1
1505800011255,120.869194426797,1
150580001126A,120.767340894686,1
1505800011274,120.954519566696,1
1505800011289,120.472109419973,1
1505800011293,118.853353348693,1
1505800011306,119.943456624223,1
1505800011310,119.916476352488,1
1505800011325,120.219115983915,1
150580001133A,119.864008271813,1
1505800011344,119.074641547549,1
1505800011359,119.693295280736,1
1505800011363,120.509918371718,1
1505800011378,120.139754010272,1
1505800011382,119.599671836836,2
1505800011397,119.186770700783,2
150580001140A,120.429311202826,1
1505800011414,119.893824425042,1
1505800011429,120.525144072212,1
1505800011433,120.850761084579,1
1505800011448,120.939234903404,1
1505800011452,118.499479330794,2
1505800011467,120.644269897406,1
1505800011471,121.544039704274,1
1505800011486,120.253122325004,1
1505800011518,123.828107392504,0
1505800011537,124.556110755975,0
1505800011541,120.353671081027,1
1505800011556,121.283334614251,1
1505800011560,120.195448797201,1
150580001158A,119.682587688441,1
1505800011594,118.645327503168,1
1505800011611,118.878138320516,1
1505800011630,114.435337893303,2
1505800011857,119.633585107257,2
1505800011861,117.002477408274,1
1505800011876,124.533469663329,0
1505800011880,124.468001190747,0
1505800011895,122.245252297424,0
1505800011908,122.115059390386,0
1505800011931,123.253644535669,0
1505800011946,123.543154693995,0
1505800011950,123.397754956445,0
1505800011965,121.355757660837,1
150580001197A,120.536425166257,1
1505800011984,119.471503576795,1
1505800011999,120.084573979443,1
1505800012003,123.996139540672,0
1505800012018,123.737017465862,0
1505800012022,123.208925309415,0
1505800012037,121.805338744021,0
1505800012041,,4
1505800012056,124.283787240444,0
1505800012060,122.943373375517,0
1505800012075,118.239377830736,2
150580001208A,119.793106066759,1
1505800012094,119.641667775303,2
1505800012107,117.300505336266,2
1505800012111,117.51641410509,2
1505800012126,117.76447047613,2
1505800012130,119.941280257048,1
1505800012145,116.780994474686,2
1505900010038,117.013031956956,2
1505900010042,119.277987766994,2
1505900010057,118.459505340671,2
1505900010080,118.784489131776,2
1505900010108,118.080007866416,2
1505900010112,119.130119990037,2
1505900010127,118.978391106413,2
1505900010146,119.193019206514,2
1505900170150,118.454116363405,2
1505900170165,115.11006893461,2
1505900330254,117.164548069575,2
1505900330269,108.826101764568,3
1505900330273,114.134713232155,3
150590058017A,120.716499738396,1
1505900580184,119.792939790857,2
1505900580199,121.531676609409,1
1505900580201,121.489679849444,2
1505900580216,120.60846736362,2
1505900620019,124.043082977601,1
1505900620023,123.195047022831,1
1505900620220,124.816162674336,1
1505900620235,121.835750918156,1
150590062024A,124.246113162287,1
1506000010132,119.952987417775,2
1506000010170,120.012503945335,2
150600001019A,120.101205724524,1
1506000010240,121.670386410346,1
150600001026A,120.06443585321,2
1506000010293,123.242157918674,1
1506000010359,120.362748375285,1
150600001040A,117.351026620663,2
1506000010448,121.654606510967,1
1506000010537,120.416483850435,1
1506000010541,120.367237947557,1
1506000010556,120.262821169282,1
1506000010560,120.363946984823,1
1506000010575,121.077011524304,1
150600001058A,120.048527431865,2
1506000010594,121.994131615971,1
1506000010607,120.771607179785,1
1506000010611,121.81136797742,1
1506000010626,120.629647621815,1
1506000010645,118.350852932846,2
1506000010700,120.298496075597,2
1506000010715,121.361695620439,1
150600001072A,119.65081480303,2
1506000010734,119.946745718661,2
1506000010749,120.502296819076,1
1506000010753,119.737661867922,1
1506000010768,121.35502040945,1
1506000010772,119.275186295929,2
1506000010787,119.392113538693,2
1506000010804,121.484138929132,1
1506000010819,121.21396315491,1
1506000010823,120.436628166641,1
1506000010838,120.338267195271,1
1506000010842,120.92694751455,1
1506000010857,119.236948533979,1
1506000010876,117.445854541907,2
1506000010880,119.614917177834,2
1506000010908,120.580299452663,1
1506000010912,120.015816751495,2
1506000010931,120.797596860504,1
1506000011003,119.974073266826,2
1506000011018,115.540838023699,2
1506000011022,119.706270764075,2
1506000011037,119.591154615785,2
1506000011041,123.95064729882,0
1506000011056,123.507398602814,1
1506000011060,120.417206720369,1
1506000011075,123.05707820485,1
150600001108A,120.944260145876,1
1506000011094,117.500681418043,2
1506000011107,117.591046324237,2
1506000011111,123.230695967108,1
1506000011126,124.014355744172,0
1506000011130,118.237271314582,2
1506000011145,117.255858224839,2
150600001115A,124.143844447684,0
1506000011179,113.312005843384,2
1506000011215,107.985133789042,3
150600001122A,119.621270543849,1
1506000011234,124.354905933466,0
1506000011291,116.012804274272,2
1506000011304,117.107704443318,2
1506000011319,118.170650437964,2
1506000011323,124.483156767841,1
1506000030414,116.240542678152,3
1506000030518,118.551079457343,2
1506000031249,112.217481615063,3
1506000040081,119.815289176226,2
1506000041268,,3
1506000151342,114.960387923624,3
1506000151357,117.180202790256,2
1506000160679,120.983266940685,2
1506000160683,122.821953012704,1
1506000160698,121.444469940889,1
1506000161253,119.435962041649,2
1506000180382,118.508352596169,2
1506000181287,118.146503139887,3
1506000200984,118.29318345152,2
1506000200999,120.352630279439,2
1506000221361,119.024570965328,2
1506000250429,117.433336452983,2
1506000820861,109.909557368568,3
1506000820946,118.719707074051,2
1506000820950,119.166354131831,2
1506000820965,123.29805539065,1
150600082097A,122.584600569021,1
1506000821164,120.819259871242,1
1506000821183,117.109038467809,2
1506000821198,116.62917407317,2
1506000821200,117.742005335162,2
1506000821272,,4
1506100010021,117.687470807714,2
1506100010036,116.699062992675,1
150610001006A,,3
1506100010074,121.551639859015,2
1506100010089,117.09801255289,2
1506100010093,120.257787378681,2
1506100010106,119.654610958855,2
1506100010125,,1
1506100040144,115.30284291208,3
1506100040159,117.988407460454,3
1506100040163,118.509573592836,2
1506100040178,117.033704201956,2
1506100040182,113.120563468643,3
1506100040197,,3
150610004020A,116.286056994003,3
1506100040214,,3
1506200010118,117.647935430952,2
1506200010175,120.541349842399,1
150620001018A,120.501528313135,1
1506200010194,121.132630912479,1
1506200010207,120.666992739375,1
1506200010211,120.518617988059,1
1506200010226,120.530005049625,1
1506200010230,118.416573471647,2
1506200010245,120.680653249724,1
1506200010264,121.05159885598,1
1506200010298,116.313975320235,2
150620014025A,119.517214120724,2
1506200140300,118.449280032671,2
1506200140315,118.794844352822,2
150620014032A,122.950459810234,1
1506200200048,117.253457159203,3
1506200200122,,3
1506200200137,117.329224163033,3
1506200200279,119.059843322631,3
1506200220067,118.03597437828,2
1506200220141,115.392021137081,3
1506200220160,115.566957693196,3
1506200220283,113.958381362708,3
1506200230033,120.006517592382,2
1506300010064,117.800164433884,3
1506300250134,118.97741445029,2
1506400010095,121.186649605163,1
1506400010108,121.970126929583,1
1506400010112,120.950443455204,1
1506400010127,121.242097103939,2
1506400010131,121.328559895113,2
1506400010150,,1
1506500010035,121.203616580363,2
1506500010105,119.712446994145,2
150650001011A,120.325517640169,1
1506500010143,119.119157095761,2
1506500010158,121.208733272357,1
1506500010270,121.200328987268,2
1506500010302,120.490070684595,1
1506500070209,116.292117342702,2
1506500070213,117.54890221181,3
1506500070228,117.344190225581,2
1506500070232,,1
1506500070247,,3
1506500110251,116.805234794171,2
1506500110266,118.571641504617,2
1506500110285,,4
150650011029A,115.157261567486,3
1506500190162,115.314426811163,3
1506500190177,116.361514335132,3
1506600010032,121.109563146074,2
1506700010190,120.460776135636,1
1506700010203,119.556313858883,2
1506700050218,119.973815079144,2
1506700050222,119.255905337766,3
1506700120186,110.19819578277,4
1506700130260,118.55963079525,2
1506700140148,110.017242084084,3
150670014028A,108.388578034898,4
1506700150275,119.954315573744,2
1506800010022,117.48616093594,2
150680001008A,117.005744157361,3
1506800010111,117.88204284381,2
1506800010130,117.644428240829,2
1506800010145,118.060187706479,2
150680001015A,117.953799938845,2
1506800010164,119.326220009165,2
1506800030018,115.44291755715,3
1506800030179,116.028179683026,3
1506800070183,117.800093418927,2
150690001002A,120.727926382077,1
1506900010049,121.04860924434,1
1506900010068,120.131817608297,2
1507000010020,120.334450166005,1
1507000010035,119.779654829727,1
150700001004A,119.664339760107,1
1507000010105,120.298493172432,1
150700001011A,119.825516908356,1
1507000010143,119.674212660949,1
1507000010158,120.312562818419,1
1507000010181,120.76950424737,1
1507000010209,121.836270732878,1
1507000010393,121.360803027957,1
1507000010406,122.139817571816,1
1507000010410,119.957360195328,1
1507000010425,118.411530877557,2
150700001043A,120.162331306322,1
1507000010463,119.631454072279,1
1507000010478,119.47066193069,1
1507000010482,121.896084956148,1
1507000010586,121.900242508067,1
1507000010590,121.340292166008,1
1507000010656,114.511293999887,3
150700001068A,120.897141306241,1
1507000010694,120.647983929837,1
1507000050904,119.922670295279,1
1507000050919,120.420656802551,1
1507000050923,119.411240994233,1
1507000050938,119.118094366826,2
1507000050942,120.091910388364,1
1507000050957,120.912747308013,1
1507000080961,117.184651615879,2
1507000080976,119.319132761617,1
1507000090980,116.676766012964,2
1507000090995,117.771881917989,2
150700013100A,119.210960242738,1
1507000131014,119.699228514282,1
1507000131029,118.082824610713,2
1507000131033,114.778081742044,3
1507000131048,120.009047640488,1
1507000131052,115.058013308834,3
1507000131067,119.292522240247,2
1507000171071,117.309515599915,2
1507000171086,118.74082577152,2
1507000171090,117.776494023945,2
1507000191103,117.867347835967,2
1507000191118,118.366900147306,2
1507000361122,117.703821611993,2
1507000371137,120.635451744161,1
1507000381141,118.918827183746,2
1507000381156,115.623522752485,2
1507000381160,111.37494117351,3
1507000381175,116.438089411378,2
150700038118A,113.976661622751,2
1507000381194,109.061355782623,3
1507000381207,111.008973638387,3
1507000381211,109.323553591414,3
1507000381226,111.758037838529,3
1507000391230,120.718145536225,1
1507000391245,118.337345601676,2
150700040125A,116.466407185432,2
1507000401264,116.310466832592,3
1507000401279,115.090603699079,3
1507000401283,115.326945470794,2
1507000401298,117.754874213926,2
1507000401300,112.271526658692,3
1507000401315,118.087669383371,2
150700040132A,117.934139574835,2
1507000401334,117.921226714107,2
1507000401349,123.456732078498,1
1507000401353,123.707714409934,1
1507000401368,117.6691808916,2
1507000401372,117.412361926298,2
1507000401387,121.534351538736,1
1507000401391,119.899810067443,1
1507000401476,110.779200775948,3
1507000411404,116.550928451169,2
1507000411419,114.370681538703,3
1507000411423,116.998069056492,2
1507000411438,114.315621621657,3
1507000411480,106.483187903807,3
1507000411508,102.194550243307,3
1507000411512,99.6824212342737,4
1507000421442,119.013175979046,2
1507000431457,114.94365258807,2
1507000431461,117.287497791049,2
1507000431495,105.152381188753,3
1507100010047,121.028924232047,2
1507100010085,123.107824440982,1
150710001009A,121.605493486474,2
1507100010102,121.75692778421,2
1507200010059,120.714852854485,2
1507200010063,120.835751093938,2
1507200010078,121.207280580754,2
1507200010082,120.747300875193,2
1507200010097,118.741745775296,3
150720001010A,117.367205437717,2
1507200170114,119.819511168698,2
1507300010041,120.503931796394,2
1507300010056,120.219441326496,2
1507300010060,119.379589217765,2
1507300010075,117.938064652898,2
150730001008A,124.596669598859,0
1507300010130,125.551795332943,0
1507300020094,124.317215310478,1
1507300020107,124.340931203343,1
1507300020111,124.320328270221,1
1507300020126,125.771854937085,0
1507400010142,120.347161292011,2
1507400010299,122.325238652755,1
1507400010301,120.268355462478,2
1507400010316,121.625505905374,2
1507400010320,120.175557746557,1
1507400010388,119.682104373769,2
1507400010477,120.658224110134,1
1507400010481,119.995530370818,1
150740008041A,97.4322588046257,4
1507400270424,112.898011572604,3
150740029034A,118.811611346523,2
1507400290373,117.08234084971,3
1507400450443,111.901290808759,4
1507400740458,108.314816393166,4
1507400740462,111.736734517822,4
1507400740496,112.269389837576,4
1507400920335,115.954049090149,3
1507400930392,111.214949123054,4
1507400970369,107.318341031023,4
1507400980265,108.451325137643,4
1507401040284,113.652424313796,3
1507402400439,110.885448035574,4
1507500010046,121.326125055765,1
1507500010050,120.750111811439,2
1507500010135,120.070991016567,2
150750001014A,121.361381216062,1
1507500010154,120.725025146394,1
1507500010169,119.770488574829,2
1507600010058,118.744183596036,2
1507600010062,119.479535954596,1
1507600010077,117.706032334521,2
1507600010096,119.036565565265,2
1507600010109,118.758416077771,2
1507600010113,119.935145879428,2
1507600010128,118.998426202171,2
1507600010132,120.085103037211,2
1507600010147,124.235269792863,0
1507600010185,120.37147733852,2
1507600010202,117.736586697243,3
1507600010240,115.479061412629,3
1507600010306,120.282281120343,2
1507600010310,119.450780596117,2
1507600010325,119.142323212048,2
1507600010359,119.208120784666,2
1507600010363,121.614340443392,1
1507600010378,117.300202812319,2
1507600010382,116.514676560235,3
150760001040A,117.32993287875,2
1507600010414,119.697910631044,2
1507600120397,121.305673589939,1
1507700010036,123.372668984105,2
1507800010033,122.230695808923,2
1507800010048,119.829392407104,2
1507900010030,121.208082867291,2
1507900010064,122.468429980386,2
1507900010079,119.802916001107,2
1507900010083,114.421062451033,3
1507900010098,121.584110911909,2
1507900010100,121.801247102527,2
1507900010115,121.501873589822,2
150790001012A,119.544992607317,2
1507900010134,120.185295232546,2
1508000010169,121.294077540079,1
1508000010173,119.972828554258,2
1508100010306,119.706555593865,2
1508100010310,119.876795740469,1
1508100010325,119.714885912135,1
150810001033A,120.191939790351,2
1508100010467,120.165580539668,1
1508100010734,117.279824910455,2
1508100010749,119.432049509776,2
1508100010927,120.190277015003,2
1508100010931,122.019089963585,2
1508100011183,121.226043885219,2
1508100040522,119.892630428041,2
1508100040537,118.104077755762,2
1508100040560,119.575125573663,2
1508100040575,118.098109758336,2
150810004058A,118.741492240556,2
1508100040594,120.158226236347,1
1508100040607,120.719997217508,1
1508100040611,119.510873994032,1
1508100090382,117.488571094209,2
1508100090908,,2
1508100090912,118.560622437194,2
1508100120378,117.954643926516,2
1508100120626,118.492888430615,2
1508100120630,119.527187424755,2
1508100120645,121.133750933269,2
150810012065A,118.926046036254,2
1508100120753,115.311474729448,3
1508100120768,114.799853286398,3
1508100120772,118.75942776134,2
1508100120787,121.317417033044,2
1508100120791,,2
1508100120946,118.25175043103,2
150810012122A,,2
1508100190024,122.217099309935,1
1508100190039,123.860954484673,0
1508100190096,123.172646600829,0
1508100190109,123.848747225087,0
1508100190113,122.533873593406,1
1508100190128,122.595691808683,1
1508100190132,122.488942017935,0
1508100190170,120.933220605488,1
1508100190185,119.063368902922,1
150810019019A,121.100508372695,1
1508100190202,120.31957754043,1
1508100190217,118.972971700939,2
1508100190274,117.501583726036,1
1508100190289,120.019011125915,1
1508100190293,120.51205647169,1
1508100190429,119.741546061096,2
1508100190486,123.458270531738,0
1508100190518,119.526744940206,1
1508100190541,121.423002274454,1
1508100190556,121.927752177737,1
1508100190664,118.917900550098,2
1508100190679,119.55839089659,1
1508100190683,115.200035259714,2
1508100190698,120.545890794859,1
1508100190700,119.326312057614,2
1508100190823,123.426931158187,1
1508100190838,122.653848834361,0
1508100190842,123.939695225886,0
1508100190950,123.524968784233,1
1508100190965,122.874822643139,0
150810019097A,122.593151654549,0
1508100190984,115.671940788604,2
1508100190999,122.115118098335,1
1508100191003,122.602980789042,1
1508100191018,123.616104537515,0
1508100191022,123.68939326715,1
1508100191037,123.780072647772,0
1508100191041,123.514029351195,1
1508100191056,122.912682883176,1
1508100191060,124.787671466986,0
1508100191075,122.629607305504,1
150810019108A,123.347324212535,0
1508100191107,121.189114804994,1
1508100191111,121.935389817092,1
1508100191126,124.338342298171,0
1508100191130,123.328987038996,1
1508100191145,121.971043561872,1
150810019115A,123.037563271037,1
1508100191164,123.236015235928,1
1508100191179,121.941427161468,1
1508100191234,123.868448474444,1
1508100191249,117.52078927644,2
1508100191253,121.281666046351,2
1508100191272,123.909733968723,1
1508100191287,124.291242879127,1
1508100191291,123.460098215183,1
1508100191304,123.969796334667,0
1508100191319,122.978812292072,1
1508100191323,121.178148370668,2
1508100191338,123.287900337113,1
1508100191342,124.394609061172,1
1508100191357,124.932488113567,0
1508100191361,123.774066660417,1
1508100191376,125.374780564347,0
1508100250147,119.177492845067,2
1508100250151,119.72373169136,1
1508100250166,119.342058680142,2
1508100250240,119.854964786648,2
1508100250255,119.522027372043,2
150810025026A,118.856626252653,2
1508100250433,121.210589816603,1
1508100250448,120.337454450864,2
1508100250452,120.278412362667,1
1508100250715,118.820621283185,2
150810025072A,119.611493817235,2
1508100250819,121.960603276657,1
1508100251198,118.452325260896,2
1508100251200,115.469310973907,2
1508100501268,117.614620639499,2
1508100940043,124.498173658233,1
1508100940058,124.898901182236,1
1508100940062,124.651004939334,1
1508100940363,124.303406304355,1
1508100980876,118.908094150473,2
1508100980880,119.085666905803,2
1508100980895,119.411429941698,2
1508100981094,117.769233655544,2
1508101260804,124.784219365499,1
1508101261215,124.804731202856,1
1508101261380,124.665232575452,1
1508101261395,123.936116999138,1
1508101261408,124.757987988073,1
1508101261412,125.155120291328,1
1508101261427,,1
1508101281431,124.796234219196,1
1508101281446,124.443493965054,1
1508101281450,124.737128709958,1
1508101281465,125.275484398029,1
150810128147A,124.540998372003,1
1508200010110,121.128799020626,1
150820001020A,120.717115433514,2
1508200010375,119.848437017457,2
1508200010426,122.284410397776,1
1508200010430,122.560480417624,1
1508200010445,119.795430475247,2
150820001045A,120.371010824886,2
1508200010464,122.641827660167,1
1508200010479,122.400328559472,1
1508200010534,118.75672377941,2
1508200010549,122.162312282708,1
1508200010572,120.463543393515,2
1508200010587,122.554907888092,1
1508200010591,115.952401171795,2
1508200010619,116.943851069313,3
1508200010623,121.586024901009,1
1508200010638,121.217911329228,2
1508200010642,121.230140403423,1
1508200010657,123.671995584287,1
1508200010661,121.189510168946,2
1508200010676,119.17990575077,2
1508200220394,118.383230910744,3
1508200220407,119.844483946078,2
1508200220411,119.203458918159,3
1508300010048,118.657412316096,2
1508300010052,120.005139007912,1
1508300010067,121.510209026681,2
1508300010071,121.318102671257,2
1508300010086,120.465020118638,2
1508400010168,120.348515076636,2
1508400010172,119.849052170074,2
1508400010331,117.678046751114,2
1508400010346,122.331350135259,2
1508400010350,,1
1508400040204,120.11386771307,2
1508400040219,119.665950706525,2
1508400040308,,2
1508400040312,,3
1508400110280,117.671711612324,3
150840011037A,117.777411265138,3
1508400110384,119.316200583898,2
1508400110399,,3
1508400130435,117.471027913543,3
150840013044A,116.641903230385,3
1508400140115,115.541023056336,3
1508400140187,117.277649978335,3
1508400140191,117.777531226955,2
1508400140327,,3
1508400140365,115.51886931231,3
1508400170295,117.109106049256,3
1508400170401,117.43844304949,3
1508400170416,114.174327000112,3
1508400170420,116.588571909944,3
150850001017A,,2
1508500010184,113.292540749668,3
1508500010199,114.957338340866,3
1508500010201,119.718222050988,2
1508500010216,119.923295054018,1
1508500010220,116.139297519287,2
1508500010254,119.335322920679,2
1508500010269,117.372135590811,2
1508500010273,119.811265020147,1
1508500010292,115.268431246925,3
1508500010381,110.562334580283,3
1508500010409,,3
1508500010413,,1
1508500140358,115.623748253044,3
1508500140362,115.200627640774,3
1508500140377,110.188222089225,4
150850024031A,109.95201540673,4
1508500240324,111.594968379578,4
1508500240396,103.538484091494,4
1508500380339,110.942200045841,3
1508500380343,108.492655500099,4
1508600010073,121.533327034267,1
1508600010143,124.957390394334,1
1508700010070,117.913513587135,2
150870010030A,110.735636543568,4
1508700170314,115.839282788877,3
1508700210136,116.429517898528,3
1508700270278,115.838361356038,3
1508700290282,111.611201966463,4
1508700290297,111.328303621945,4
1508700300085,113.253322518868,3
150870030016A,113.356774507059,3
1508700300174,113.629388229746,4
1508700300189,110.929589375422,4
1508700300329,110.057243240519,4
1508700790333,124.319611892292,0
1508700790348,123.861599476915,1
1508700800352,123.237861216243,1
1508800010059,119.032239512648,2
1508800010063,119.750193869289,1
1508800010078,119.057534847605,1
1508800010114,120.290128979004,1
1508800010133,120.93359668648,1
1508800010167,115.77342664662,3
1508800170398,120.939722096787,1
150880021035A,114.255349342431,3
1508800240082,114.609624142926,3
1508800240203,110.777646329423,3
1508800240241,112.316306989781,3
1508800240330,110.271842549951,3
150880024042A,,3
1508800270294,120.298943534193,2
1508800340400,120.040024556271,2
150880035028A,116.428213302866,3
1508800710434,118.980880517787,2
1508800730415,119.328749773415,2
1508900010060,120.96644599962,2
1508900010075,119.737845758947,2
1508900010111,121.152229697444,2
1508900010126,122.015303898038,2
1508900010130,121.201672051885,2
1508900010145,,1
150890001015A,115.72426356232,3
1509000010146,120.585221650153,1
1509000010150,119.508148062419,2
1509000010165,121.012252536502,1
1509000010199,120.245378625549,2
1509000010201,120.058907928524,1
150900001024A,120.838704579884,1
1509000010273,121.641128468592,1
150900001031A,119.723751171737,2
1509000010362,119.340676098402,2
1509000060216,113.79244924255,3
1509000060220,116.125701637065,3
1509000060292,115.514028091262,3
1509000060305,,4
1509000060324,113.443589617793,3
1509000060339,110.980273672176,4
1509000060381,,3
1509000270288,116.710475827611,3
1509000280269,115.55224661834,3
1509000350127,114.54218078518,3
1509000350235,113.981520281199,3
1509000350254,112.383098080409,3
1509000350343,112.204787212728,3
1509000350358,106.135176291813,3
1509000360023,113.07987037918,4
1509000360377,108.855836708751,4
1509000370076,119.823095010966,2
150900038017A,115.07499342367,3
1509000380184,116.956850911953,3
1509000390057,120.462334553477,2
150910001004A,119.93045356514,1
1509100010054,117.113244352986,2
1509100010069,119.205312903996,2
1509100010088,118.603530605096,2
1509100010092,118.92701688174,2
1509100010158,116.78141264752,2
1509100010162,117.840512481076,2
1509100010177,118.612057150998,2
1509100010181,120.076338399213,1
1509100010196,119.41696423715,2
1509100010209,119.428616435008,2
1509100010213,120.473710918448,2
1509100010266,120.836201414139,2
1509100010302,119.689028093349,2
1509100100073,118.421443440669,2
1509200010085,118.912700700663,2
1509200010136,120.141947126408,2
1509200010189,122.320781229875,1
1509200010193,121.17192801001,2
1509200010206,121.209099266553,1
1509200010210,119.99724053187,1
1509200010225,120.546370365471,1
1509200010244,126.220961574746,0
1509200010259,121.846437829997,1
1509200010263,120.754731067427,2
1509200010278,126.004132708021,1
1509200010297,122.003387672854,2
1509200010314,118.054610721513,2
1509200020032,120.255847462394,2
150920002009A,122.078772805693,1
1509200020102,121.084051330116,2
1509200020117,121.247998507541,2
1509200130051,121.557678465905,2
1509200130121,125.246573217412,2
1509200190140,119.114755533218,2
1509200190155,119.77227251725,2
1509200190282,119.385726785374,2
150920020016A,120.778042764381,1
1509200200174,121.516965457215,2
150920020030A,,4
1509300010063,121.131723136331,2
1509300010078,120.212869813131,2
1509300010082,120.153350496731,2
1509300010133,120.416403610254,1
1509300010148,121.018753197453,1
1509300010152,119.051648174046,2
1509300010167,120.815234905425,2
150930003010A,120.671842946042,2
1509300030114,118.899598369845,2
1509300030129,119.270611149836,2
1509300030171,119.883046283902,2
1509300030190,121.503911907748,1
1509300030203,,2
1509300140186,118.210649403272,2
1509400010037,115.988898653305,3
1509400010056,115.2820364493,3
1509400010060,115.898325337197,3
1509400010075,116.532497437239,3
1509400010111,115.292871023521,3
150940002008A,117.411941043134,2
1509400020094,119.983734212303,2
1509400020107,,2
1509500010091,121.695936464693,1
1509500010104,121.852566324409,1
1509500010119,121.52014463203,1
1509500010161,121.933183658295,1
1509500010176,118.617687172203,1
1509500010195,122.080074925978,1
1509500010208,122.430626347397,1
1509500010212,121.283615080603,1
1509500010227,121.242002265512,1
1509500010231,119.846404282718,1
1509500010246,122.1597179522,1
1509500010250,121.710788635024,1
1509500010265,123.26063525559,1
1509500010405,120.873567542478,2
150950001041A,,1
1509500010477,,4
1509500050335,119.807573550475,2
150950021027A,119.330315126515,2
1509500210284,119.833464056398,2
1509500210299,119.118731317852,2
1509500210369,116.263494520214,2
1509500260015,113.446439558201,3
1509500260301,118.31298978028,2
1509500260316,120.881586213651,1
1509500260320,117.543866204078,2
1509500260388,121.062688932497,1
1509500260392,120.445205116447,1
1509500260424,116.552393178537,2
1509500730458,118.943071395952,2
1509500730462,119.690574866601,2
1509500740439,118.22871644828,2
1509500740443,119.799629557583,2
150960001014A,119.844596768783,2
1509600010154,118.770694547514,2
1509600010169,118.881195216266,2
1509600010173,120.844690391799,1
1509600010188,119.412357382739,2
1509600010192,117.970761572783,2
1509600010205,117.103324089821,2
150960001021A,117.750552945808,2
1509600010224,118.242763096366,2
1509600010262,109.519085662887,3
1509600010277,,2
1509600080065,117.97703830493,3
150960008007A,115.830676458693,3
1509600080084,116.377431400779,3
1509600080099,118.933701455699,2
1509600080101,116.354172986853,3
1509600080116,119.132839502251,2
1509600080239,,2
1509600080243,,2
1509600080258,,3
1509700010058,120.89850563424,2
1509800010040,121.243366304653,2
1509800010055,121.538553749042,1
150980001006A,118.730697490879,2
1509900010781,123.924275644528,1
1509900010796,122.640020744037,1
1509900010813,121.462379902378,1
1509900010828,122.486771345836,1
1509900010832,122.977740059388,1
1509900010847,124.012235605257,0
1509900010936,123.146465273925,1
1509900010940,124.075631438484,0
1509900010955,123.021473625931,1
1509900011309,122.169013019504,1
1509900011313,122.870644867498,1
150990003160A,122.973304014056,0
1509900031614,125.762170571738,0
1509900071741,122.6664507918,1
1509900071756,120.496594538693,1
1509900071760,121.403863640058,1
150990008153A,119.917570582882,2
1509900081879,119.588973685475,2
1509900121050,117.300880545983,2
1509900121120,115.762204804885,2
1509900121135,111.573013367149,3
1509900141597,122.518898445386,1
1509900160870,120.564548710943,1
1509900161046,120.795269550633,1
150990016114A,119.198420760923,1
1509900161169,,1
1509900161173,121.543767594548,2
1509900200777,118.394337720904,2
1509900211686,121.402940197693,1
150990022089A,118.087510446406,2
1509900220902,121.652515113178,2
1509900231582,119.841739311328,2
1509900240226,116.675713327378,3
1509900240724,111.544446433029,3
1509900240739,117.311531087956,3
1509900240989,114.818728447697,3
1509900250669,120.913438713911,2
1509900251510,,2
1509900281737,120.492463370881,1
1509900290349,118.968480502587,2
1509900290565,118.283937977564,2
150990029057A,120.432633170406,1
1509900291084,117.118565398463,2
1509900291281,119.386791460566,2
1509900300620,120.736348065469,1
1509900300635,120.876463076936,1
1509900300654,121.823665389014,1
1509900301296,,2
1509900301794,119.669549410503,1
1509900301826,118.450369625621,1
1509900331690,121.890165621397,0
1509900331703,123.852681582236,0
1509900340014,121.095513439161,2
1509900350885,118.541980573979,2
150990035096A,114.940670013114,3
1509900350974,117.708494423054,2
1509900351192,105.41189574034,3
1509900351205,118.951483381486,3
150990035121A,119.54798247516,2
1509900351224,115.693967972663,3
1509900371718,120.594858890626,1
1509900400029,119.361297058789,2
1509900411258,117.919018797425,3
1509900420758,116.965386787954,2
1509900420762,121.206987920536,1
1509900420851,116.547851126699,2
1509900420866,121.237362804317,1
150990043032A,121.915887409412,1
1509900430512,120.932533209897,2
1509900430527,121.913383594221,2
1509900430584,118.080719265781,2
1509900431239,122.003126958425,1
1509900431243,119.364677930531,2
1509900431811,,2
1509900441559,117.943583769345,2
1509900441563,119.472462953604,2
150990045071A,120.453640123279,2
1509900451417,119.631255766026,1
1509900451436,,0
1509900451578,119.984865345189,2
1509900461667,124.26871631977,0
1509900461671,123.717945534658,0
1509900471544,118.557603964773,2
1509900481262,121.32346134693,1
1509900521864,121.987569770879,0
1509900531807,121.243104488102,1
1509900621722,118.567018318914,2
1509900631830,121.137850204992,1
1509900641648,122.216545521299,1
1509900641652,121.965927787906,1
1509900960033,117.230426026641,2
1509900960048,117.867885910616,2
1509901090052,110.345431166021,3
1509901090067,108.029684202223,3
1509901090071,112.978752287422,2
1509901711845,121.248236499656,2
150990171185A,121.807407639425,1
150990172178A,119.172718228846,2
1509901731629,122.199879595062,1
1509901731633,121.031303222179,1
1509901741775,122.171153359639,1
1510000010040,119.82506733488,2
1510000010055,121.001806819468,2
151000001006A,123.16412501638,1
1510000010110,121.782475747964,1
1510000010125,121.989826935731,1
151000001013A,118.98406121853,2
1510000010178,120.353327934055,2
1510000020021,118.852793787147,1
1510000020074,119.415765769255,2
1510000020089,118.837765460556,2
1510000020144,,2
1510000020159,,1
1510000020163,115.457904230245,2
1510000070182,111.821187521487,3
1510000070197,111.315692521182,3
151000007020A,112.451506454414,3
1510000070214,111.668413067352,3
1510000070229,112.035624286828,3
1510000070233,109.919358557311,3
1510000070248,112.525237791837,2
1510000070252,111.441416405754,3
1510100010122,120.890307812889,1
1510100010141,121.372333203973,1
1510100010156,120.414000885596,1
1510100010230,119.861355077646,1
1510100030086,117.050697558583,3
1510100060368,118.773750699038,2
1510100060372,118.899256082339,2
1510100140048,117.566269166761,2
1510100140207,114.920446605482,3
1510100140211,117.870981784352,2
1510100140279,113.628534512901,3
1510100140283,,3
1510100140298,117.89362143662,3
1510100140315,116.412221817386,3
1510100140353,117.229321700289,2
1510100150160,117.264622719686,2
1510100150175,118.316413635175,2
151010015018A,117.350046705536,3
151010015025A,114.769013659301,3
1510100150264,,1
151010015032A,114.69711894638,2
1510100150334,113.184876247904,3
1510100150349,113.832518344788,3
1510200010045,122.205001982864,1
1510200010083,119.06111375519,1
1510200010098,,3
1510200010100,118.250408444355,3
1510300010057,121.252587991638,1
1510300010061,121.914994717903,1
1510300010184,121.988030889109,2
1510300010199,121.588234717245,1
1510300010216,118.429705410322,2
1510300010235,120.763475672086,1
1510300010358,116.0897743063,2
1510300040019,117.927734605199,2
1510300040023,120.675813998365,2
1510300050146,118.3567835187,2
1510300050150,122.925127689085,1
1510300050165,120.624269747442,2
151030005017A,120.512737615837,2
1510300050201,117.614592894389,1
151030005024A,120.813276412427,2
1510300050254,119.362249950882,2
1510300050269,121.44375780623,1
1510300050273,121.331391288297,2
1510300050288,122.937147234237,1
1510300050292,123.027037995241,1
1510300050305,121.381199662233,1
151030005031A,120.951327973123,2
1510300050324,120.634599075895,2
1510300050339,118.922040101963,2
1510300050343,121.464742931379,1
1510400010016,123.240246831485,1
1510400010020,117.249614252671,1
1510400010035,119.27501754641,2
151040001004A,122.360553010997,1
1510400010069,119.747297127081,2
1510400010073,119.704062088257,2
1510400010088,120.794116312143,1
1510400010092,126.193401196282,0
1510400010105,124.865415124482,0
151040001011A,125.165938391215,0
1510400010124,124.312117243332,0
1510400010139,120.889594596403,1
1510400010162,121.888459650636,0
1510400010177,121.600042020494,1
1510400010196,124.094498543519,0
1510400010209,122.715627500483,0
1510400010213,123.687857288418,0
1510400010228,125.049111341635,0
1510400010232,125.371437856105,0
1510400010251,121.911757796835,1
1510400010270,122.790705202159,1
1510400010285,119.539687689815,1
151040001029A,125.473066032114,0
1510400010302,121.92795884588,1
1510400010317,123.514129991207,0
1510400010340,119.813610234459,1
1510400010355,120.562597493028,1
151040001036A,121.602965753212,1
1510400010374,121.114006578223,1
1510400010393,122.020454184227,1
1510400010406,121.047705579708,1
1510400010410,120.236485328139,1
1510400010425,122.574161745696,1
151040001043A,123.494668232808,0
1510400010463,120.619418499523,1
1510400010478,124.51867698312,0
1510400010482,124.408007368492,0
1510400010497,123.212432059821,0
151040001050A,124.959899424522,0
1510400010514,124.942021885877,0
1510400010529,124.108179747088,0
1510400010533,123.724850083449,0
1510400010548,125.035494335475,0
1510400010552,124.383025090719,0
1510400010567,124.414324031239,0
1510400010571,124.915196093358,0
1510400010586,123.382323327315,0
1510400010590,123.383856310757,0
1510400010603,121.12459246457,1
1510400010618,124.456246887131,0
1510400010622,122.60687829557,0
1510400010637,124.460692942073,0
1510400010641,122.354699989653,1
1510400010656,121.018392850936,1
1510400010660,124.678676861967,0
1510400010675,122.183746399248,1
151040001068A,123.223667447573,0
1510400010694,122.066388010965,1
1510400010707,121.396578801006,1
1510400010711,124.570221859535,0
1510400010726,122.364977900531,0
1510400010730,123.891359313304,0
1510400010745,123.097576713499,0
151040001075A,124.60557769324,0
1510400010764,125.155376219257,0
1510400010798,123.600789214816,0
1510400010800,124.431165130232,0
1510400010815,123.018091416671,0
151040001082A,125.122685560765,0
1510400010834,123.77196633537,0
1510400010849,120.985238816107,0
1510400010853,124.527031619575,0
1510400010868,123.876092011391,0
1510400010872,124.960023225516,0
1510400010891,125.459053140948,0
1510400010904,122.001061656613,1
1510400010919,120.78430704509,1
1510400010923,119.450211301614,1
1510400010938,119.518852763278,1
1510400010942,123.871500541489,0
1510400010957,123.287826712626,0
1510400010961,122.568334176523,1
1510400010976,122.728277908542,1
1510400010995,124.7228057732,0
151040001100A,124.349403559747,0
1510400011014,121.991646655532,0
1510400011029,123.245794922571,1
1510400011033,122.666820949431,1
1510400011048,121.847682301039,1
1510400011052,122.213770381728,1
1510400011067,122.864656131544,1
1510400011071,121.429334214346,1
1510400011103,120.207913585563,1
1510400011118,123.65808800326,0
1510400011122,124.447944344346,0
1510400011137,119.808973678289,1
1510400011141,118.417907012993,2
1510400011156,118.869785687755,2
1510400011160,119.40393381502,2
1510400011175,118.720786851283,2
151040001118A,118.714289326019,2
1510400011194,120.85252163514,1
1510400011207,120.415905572475,2
1510400011211,120.112734668065,1
1510400011226,120.606417633891,1
1510400011230,118.466026598212,2
1510400011245,119.530169334174,2
151040001125A,119.070623539663,1
1510400011264,119.438788229573,2
1510400011279,118.920240856772,2
1510400011283,119.869248199109,2
1510400011298,119.519121178005,1
1510400011300,119.313965587935,1
1510400011315,120.080350653613,2
151040001132A,120.234117474504,1
1510400011334,118.971154713326,2
1510400011349,121.600075153819,1
1510400011353,119.777857255109,1
1510400011368,118.885729225361,2
1510400011372,119.709020282249,2
1510400011387,124.668577962773,0
1510400011391,120.368331099797,1
1510400011419,120.286854556801,1
1510400011423,119.92789266817,1
1510400011442,119.990105003303,1
1510400011495,124.730087474278,0
1510400011508,121.042886442927,1
1510400011527,122.077033231095,1
1510400011546,121.658860559183,1
1510400011565,117.870290817717,2
151040001157A,123.194946621283,0
1510400011584,119.486293001666,1
1510400011616,118.885031079145,2
1510400011620,123.581811665595,1
151040001164A,123.448669572642,1
1510400011654,117.300827507856,2
1510400011669,117.449946702274,2
1510400011673,118.75358302617,2
1510400011688,122.785464127337,0
1510400011692,118.452931052173,2
1510400011705,118.150052687391,2
151040001171A,118.061605326029,2
1510400011724,118.832034555093,2
1510400011743,122.988331791425,0
1510400011758,120.684087553973,1
1510400011777,123.258691713833,0
1510400011781,118.7484145424,1
1510400011796,119.722694120763,1
1510400011809,123.605878019701,0
1510400011813,123.768046084842,0
1510400011828,122.81567513789,1
1510400011832,124.059805756372,0
1510400011847,123.367386989184,0
1510400011851,123.127526476053,0
1510400011866,123.035367411639,0
1510400011870,123.794451022987,0
1510400011885,123.824345302712,0
151040001189A,121.268871658605,0
1510400011902,118.698670629948,2
1510400011917,119.221786037978,2
1510400011921,119.731722336428,2
1510400011936,121.716946743528,1
1510400011940,121.696515938859,1
1510400011955,122.808218377376,1
151040001196A,122.150794446484,1
1510400011974,123.374301803147,0
1510400011989,123.369412507183,1
1510400011993,121.399257754849,1
1510400012008,121.230250963934,1
1510400012012,121.864279749932,1
1510400012027,123.458054306823,0
1510400012031,123.017479125562,1
1510400012046,121.437037629478,1
1510400012050,120.35124802472,2
1510400012065,120.667665594973,1
151040001207A,120.844101069331,1
1510400012084,120.667492987347,1
1510400012099,118.553755556651,2
1510400012101,117.947829697059,2
1510400012116,123.777771787457,1
1510400012120,119.793018672707,1
1510400012154,120.107865008699,2
1510400012169,118.842535194791,2
1510400012173,118.871068297156,2
1510400012188,123.599913763097,0
1510400012192,124.757481205328,0
1510400012205,123.195754669044,0
151040001221A,120.478320167499,1
1510400012224,120.134928473469,1
1510400012239,120.278942344239,1
1510400012243,121.73844119672,0
1510400012258,122.131092513752,1
1510400012262,121.533709683205,1
1510400012309,,1
1510400012332,124.166424994476,0
1510400012347,120.510096418203,1
1510400012351,118.486953256204,2
1510400012366,123.39873186787,1
1510401052277,116.830048916985,2
1510401052281,116.667266770449,2
1510401052313,116.752699765395,3
1510401052328,118.08430813776,2
1510500010117,120.264563372438,2
151050080023A,120.276082682848,3
1510500800244,118.930032489939,3
1510600010307,123.766474138792,0
1510600010330,121.082715841491,1
1510600010345,124.724900760367,0
151060001035A,118.60369954795,2
1510600010379,118.638678556063,1
1510600010383,118.594782421497,1
1510600010398,123.083918622198,0
1510600010400,123.383091134012,1
1510600010415,123.947118321592,1
151060001042A,123.790295570634,0
1510600010434,121.781731098994,0
1510600010449,123.194715148088,0
1510600010453,122.936473878904,0
1510600010468,121.040298476961,0
1510600010472,124.803523288357,0
1510600010487,118.569452324625,1
1510600010491,123.80060445768,0
1510600010504,123.11806814057,1
1510600010519,124.043473273065,0
1510600010523,123.470068540896,0
1510600010538,123.598264883986,0
1510600010542,123.826862589208,0
1510600010557,121.920364241722,1
1510600010561,122.33955911295,1
1510600010576,123.586978008727,0
1510600010580,123.463468335431,0
1510600010595,123.266190145264,1
1510600010608,122.362436457878,1
1510600010631,122.975985671079,0
1510600010646,121.657541850086,1
1510600010769,124.485790412044,0
1510600010773,124.238658854688,0
1510600011023,123.608737447867,0
1510600011061,123.956793436201,0
1510600011678,122.554740668015,1
1510600011682,123.457858264567,0
1510600011697,123.936745095543,0
1510600011926,121.472830875574,1
1510600011930,120.614548422652,1
1510600011945,121.617638419814,1
151060001195A,122.378551462684,1
1510600011979,122.852075329741,1
1510600011983,122.153807023488,1
1510600011998,120.619298731933,1
1510600012017,121.548148052267,1
1510600012021,120.973672645388,1
1510600012036,122.345522452117,1
1510600012040,122.585210759034,1
1510600012055,122.131573562227,1
151060001206A,121.375108922095,1
1510600012074,121.410673993993,1
1510600012089,123.123761749183,1
1510600012106,120.438651519779,1
1510600012110,122.307076150454,1
1510600012125,122.5489802435,1
151060001213A,121.03286920535,1
1510600012144,122.129718947208,1
1510600012159,122.817642308887,1
1510600012214,121.581662494076,1
1510600012426,121.924055850586,0
1510600012430,123.130324006956,0
1510600012445,122.411344907163,1
1510600012816,119.823717651946,1
1510600013104,123.758309839379,0
1510600013195,119.717463127771,1
1510600013208,123.41389360256,0
1510600013212,122.646325854167,1
1510600013227,125.844942263086,0
1510600013231,125.056201106716,0
1510600013246,122.712955483293,1
1510600013320,120.152323473616,1
1510600013335,118.999122007022,2
1510600013354,119.679990740569,2
1510600013369,119.747180767716,2
1510600013373,120.580983574569,1
1510600013388,121.144715018782,1
151060043487A,122.918786909721,1
1510600434884,120.956884087937,1
1510600434899,122.311131357921,1
1510600434901,119.679654543396,2
1510600441748,120.832040028331,2
1510600441752,120.585151606423,2
1510600442765,121.45389582671,2
1510600464812,119.869083917176,1
1510600464827,120.89804113095,1
1510600464831,121.976445645618,1
1510600464846,122.410551688785,1
1510600464850,121.718488662778,1
1510600464865,124.232110229067,0
1510600495100,117.377102667346,3
1510600501184,118.735410496103,2
1510600502708,117.979188778093,2
1510600503636,117.316637819086,3
1510600512731,115.450642588884,3
1510600512746,115.267629212109,3
1510600553655,114.124023174063,3
1510600621767,115.824111272375,3
1510600621771,116.454857581074,3
1510600622407,117.517989474603,3
1510600622680,113.750041896827,3
1510600630241,120.97374140602,1
1510600644920,120.592437865816,1
1510600644935,120.088361163989,1
151060064494A,121.634279906502,1
1510600644954,121.52771175634,1
1510600644969,122.544323171076,1
1510600644973,121.56160180526,1
1510600644988,117.633594662748,2
1510600644992,117.807638924303,2
1510600652977,117.727791861816,2
1510600652981,117.060272353651,3
1510600653458,116.098449782334,3
1510600664668,113.253783847092,3
1510600664672,113.398538564727,3
1510600664687,117.126770257652,3
1510600664691,115.949862809053,3
1510600664704,115.588556999579,3
1510600664719,116.084698764465,3
1510600664723,114.783197593726,3
1510600664738,115.872838481436,3
1510600664742,116.345841187346,3
1510600664757,116.230321240472,3
1510600664761,118.288972849992,3
1510600664776,116.254149775946,3
1510600682500,116.4068853901,3
151060068373A,114.897922024336,3
1510600683744,115.253146270427,3
1510600701786,121.727782336673,1
1510600701790,122.59684819823,1
1510600702252,122.111622522052,1
151060070302A,123.905721174075,0
1510600703034,123.141802414793,1
1510600703477,122.106147255798,1
1510600704780,122.085650967202,1
1510600704795,122.939479852577,1
1510600704808,121.670813033889,1
1510600715149,119.535991050638,2
1510600722178,115.873584066698,3
1510600730294,118.311004997078,2
1510600731574,118.566777080108,2
1510600732750,113.773720231168,3
1510600732869,121.18325848082,1
1510600732943,116.189330629443,3
1510600754102,121.258420327635,1
1510600754117,117.86049514444,2
1510600754121,124.29153564091,0
1510600754136,122.517350867005,1
1510600754140,120.106077756367,1
1510600754155,122.164141463167,1
151060075416A,120.245566239129,1
1510600754174,122.428294582946,1
1510600754189,122.03069306931,1
1510600754193,123.968491278461,0
1510600754206,123.828759351275,0
1510600775011,119.789533205219,2
1510600775026,120.376989109823,2
1510600791502,117.759716287685,2
1510600792271,116.402639104653,3
1510600792695,114.134321775158,3
151060079448A,125.301746295526,0
151060080380A,121.011863121838,2
1510600803814,121.378571666369,1
1510600803829,122.599299239544,1
1510600803833,121.309654995075,1
1510600803848,122.429841461346,1
1510600803852,121.213794717061,1
1510600803867,125.859126986442,0
1510600803871,123.704872045384,0
1510600803886,124.089178951765,0
1510600803890,123.138436884313,1
1510600803903,121.787822350637,1
1510600822182,116.604028003979,3
1510600831517,117.126127307593,3
1510600831521,118.53318669398,2
1510600831589,117.066465711431,3
1510600831659,117.039504366369,2
151060083170A,114.119218604675,3
1510600832286,118.743882824746,2
1510600832394,112.327115783386,3
1510600832712,116.580634013512,3
1510600832727,114.679985940117,3
1510600832892,115.772945615479,3
1510600833918,116.083975376946,3
1510600833922,116.380456714249,3
1510600841803,118.99210015756,2
1510600842905,120.801150629813,1
1510600843509,118.596492694352,2
1510600844598,119.327052979713,2
1510600844600,122.590424515266,0
1510600844615,121.102681189825,1
1510600864210,120.999328626558,2
1510600864225,121.460037494714,2
151060086423A,116.499561094266,1
1510600864244,121.958295790261,1
1510600864259,121.665011579839,1
1510600864263,120.651237968666,1
1510600864278,121.50753800471,1
1510600864282,121.067989687451,1
1510600873960,117.588241314292,1
1510600873975,,1
151060087398A,119.731878103585,1
1510600873994,122.815700690616,1
1510600874009,122.072073861455,1
1510600874013,119.785959053505,2
1510600874028,119.707712859861,1
1510600874032,122.080315777569,1
1510600874047,123.877264385671,0
1510600882479,116.941916072106,2
1510600904297,121.494591274341,2
151060090430A,121.819445633311,1
1510600904314,123.467555808543,1
1510600904329,123.738400226216,0
1510600904333,120.820240532177,1
1510600904348,122.104263047789,1
1510600904352,124.871480643024,0
1510600904367,120.470519906599,1
1510600924051,118.743604397409,2
1510600924066,113.27056375184,2
1510600924070,120.777633788999,1
1510600924085,121.418884789139,1
151060092409A,123.181132898347,1
1510600933937,120.094574722652,2
1510600933941,119.733125470588,2
1510600933956,123.135191257009,1
1510600971837,118.770574856863,2
1510600971841,119.681030687807,2
1510600972267,120.265257328079,2
1510600975007,118.687930138165,2
1510600982515,117.43877250665,3
1510600992197,111.040036366613,3
1510601122483,118.08381145663,2
151060127220A,114.806803334914,3
1510601273621,113.6821438448,3
1510601315115,125.929269647988,0
151060131512A,124.276358662506,0
1510601885030,114.181327238925,3
1510601885045,112.375864006658,3
151060188505A,113.865321908478,3
1510602115064,121.384422904616,1
1510602203778,121.07432108792,1
1510602215079,122.463259342012,1
1510602285134,123.268879707889,2
1510602305083,125.360940130891,0
1510602305098,124.814192167694,0
1510602334371,118.386318830314,2
1510602334386,123.615007316842,1
1510602334390,123.612586149655,1
1510602334403,122.999353026138,1
1510602334418,117.768295412309,2
1510602334422,124.661472312332,0
1510602334437,124.706903934305,0
1510602334441,124.392675160586,0
1510602334456,124.455050787699,0
1510602334460,124.244239806379,0
1510602334475,123.902806796956,0
1510602344494,117.002939907803,2
1510602354507,123.877748116643,0
1510602354511,125.190274931641,0
1510602354526,124.645791230596,0
1510602354530,125.816407527123,0
1510602354545,125.317529887477,0
151060235455A,124.702389970828,0
1510602354564,125.713410369588,0
1510602354579,125.331649654252,0
1510700010041,121.497948665717,2
1510700010056,121.628025112313,2
1510700010075,122.87181661032,1
151080001002A,118.609933826065,1
1510800010034,120.71028334657,1
1510800010068,118.890983695085,2
1510800010072,119.863616988139,2
1510800010208,118.892542181613,2
1510800010227,119.817691855709,1
1510800010231,118.346786182376,2
1510800010335,118.82453828807,1
151080001034A,119.168259513163,1
1510800010354,118.58062762588,2
1510800010369,117.315916322085,2
1510800010392,118.339483425391,2
1510800010405,118.301735918193,2
1510800010424,117.828241380463,2
1510800010439,118.072584688119,2
1510800010443,118.396267810579,2
1510800010547,119.009478958816,2
1510800010551,122.071143788963,1
1510800010585,117.057404895026,2
1510800140053,120.723902831782,1
1510800140091,123.60551033464,1
1510800140104,122.880476908699,1
1510800140119,122.647980100062,1
1510800140123,122.939880919946,1
1510800140138,123.151884500213,1
1510800140142,122.492927444146,1
1510800140157,123.075620096865,1
1510800140161,122.268266090165,1
1510800140176,123.229299383333,1
1510800140180,123.069347831617,1
1510800140195,122.115830995416,1
1510800140373,122.204293525379,1
1510800140458,124.64016578341,0
1510800140462,123.263583040672,0
1510800140477,123.218043194292,0
1510800140528,125.000152165231,0
1510800140532,123.610052895089,0
1510800140566,124.855516127366,0
1510800140570,124.237215617564,0
1510800140602,125.098184478595,0
151080063059A,124.428253209953,0
1510900010065,122.809120883487,1
151090001007A,120.911885738147,1
1510900010084,121.336556551978,1
1510900010101,121.384930713836,1
1510900010116,121.437088515188,1
1510900010120,122.337024326028,1
1510900010347,119.320807473514,1
1510900010351,119.000731638331,2
1510900010690,122.641380725261,0
1510900011805,120.62492225295,1
1510900030031,121.344448926958,1
1510900030050,123.136517098002,1
1510900030455,120.49059958052,1
151090003046A,120.923791267815,1
1510900030474,120.478583128379,2
1510900030489,121.918304698161,1
1510900030559,121.006243050601,1
1510900030597,118.65124559272,2
1510900030614,120.379398995858,1
1510900030633,121.74547159169,1
1510900030648,117.712399360266,2
1510900030703,120.4117083558,1
1510900030722,120.173938189023,1
1510900030737,120.485898662103,1
1510900030741,119.378369332581,2
1510900030756,120.289357532152,1
1510900030760,119.566064590253,1
1510900030775,120.019082207834,1
151090003078A,120.388936785365,1
1510900030794,119.710801264843,1
1510900030807,123.771902468561,0
1510900030811,123.64922218476,0
1510900030826,120.09206124484,1
1510900030845,118.243692957536,2
151090003085A,120.023116941803,1
1510900030953,120.051557376177,1
1510900030968,118.556850158589,1
1510900031044,121.114452921802,1
1510900031059,122.82382800776,1
1510900031082,120.187188111517,2
1510900031256,120.382120530137,1
1510900031260,120.696231420268,1
1510900031275,120.152324358721,1
151090003128A,119.382408559195,2
151090003135A,119.214816324006,2
1510900031364,119.341272107711,2
1510900031400,120.373617809795,2
1510900031415,119.462854914337,2
151090003142A,117.300032323098,2
1510900031538,120.332508727626,1
1510900031542,120.298677376161,1
1510900031557,120.573842978832,1
1510900031561,122.886616152526,1
1510900031576,120.031091274674,1
1510900031580,122.932469640154,0
1510900031595,124.069190357335,0
1510900031608,123.944603651908,0
1510900031612,120.764487161076,1
1510900031627,119.709252257704,2
1510900031631,120.586877300345,1
1510900031646,120.074658931172,2
1510900031716,121.926282009521,1
1510900031720,123.357193052297,0
1510900031735,120.252239908497,1
151090003174A,120.177378458869,1
1510900031754,,1
1510900031769,120.390228344084,1
1510900031773,,3
1510900032042,118.873507259229,1
1510900250027,117.162278194858,2
1510900250135,123.303369223561,1
151090025014A,123.243573051302,1
1510900250173,122.493305009384,1
1510900250188,122.521217816196,1
151090025021A,123.245858903016,1
1510900250224,120.903174570402,1
1510900250243,121.706334323234,1
1510900250281,119.684007985881,2
1510900250328,117.922660976114,2
1510900250686,122.765765970477,1
1510900250883,120.834062814804,1
1510900250898,122.451968782939,1
1510900250900,122.838914909656,1
1510900250915,121.86345524893,1
151090025092A,122.768566670405,1
1510900250934,122.949488086207,1
1510900250949,123.013571758405,1
1510900251006,121.574988376015,1
1510900251025,122.202148511326,1
151090025103A,120.735474061668,1
1510900251129,122.34599595528,1
1510900251133,123.24895578353,1
1510900251148,123.621572559978,1
1510900251152,122.513413265778,1
1510900251167,122.485799430087,1
1510900251171,122.949086458209,1
1510900251186,121.793971897747,1
1510900251190,121.834676746553,1
1510900251203,122.149322378355,1
1510900251218,122.22059542689,1
1510900251222,122.214628994108,1
1510900251294,121.866897270458,1
1510900251307,122.004227613156,1
1510900251650,120.720664034669,1
1510900251665,122.032581543987,1
151090025167A,120.688290879686,1
1510900251684,123.172787076949,1
1510900251699,122.316437232318,1
1510900251701,123.083508843254,0
1510900251788,115.712090420455,2
151090025181A,123.362018220157,1
1510900680582,120.480802665831,1
151090068060A,122.082110258025,1
1510900680667,119.917193985104,1
1510900680864,123.411520202243,0
1510900680879,122.667835078752,1
1510900681063,125.278125194733,0
1510900681097,123.161449714329,1
151090068110A,122.591963512887,1
1510900681114,122.589006243561,1
1510900681241,121.033946800126,1
1510900681379,119.353471512192,2
1510900681434,122.021215461807,1
1510900681449,124.034972907067,0
1510900681504,123.598280844914,1
1510900681519,123.752246602661,0
1510900681523,124.679279432907,0
1510900681824,123.397662047986,0
1510900691311,118.259479341468,2
1510900691326,120.433367092116,1
1510900691330,119.324772317782,1
1510900691345,119.907566011297,1
1510900691453,117.753466605914,2
1510900691468,120.528188528651,1
1510900692023,120.191510862374,1
1510900692038,,2
1510900721839,117.986971143503,2
1511000010066,118.802350907698,1
1511000010070,119.435413511976,1
1511000010102,119.24594799953,2
1511000010117,116.501462672851,2
1511000010121,116.903408147666,2
1511000010189,115.07099762905,2
1511000010193,117.834094452722,2
1511000010206,118.669758786741,2
151100001023A,,1
1511000120085,121.879049504862,1
151100012009A,123.163480980425,1
1511000120244,119.96804737636,2
1511100010059,120.390491192177,2
1511100140129,112.509986425299,4
1511100260133,114.056956595041,4
1511200010126,118.11213742123,2
1511200010130,118.961494400358,2
1511200010145,120.506256234088,2
151120001015A,118.811711124905,2
1511200010164,121.7520268664,2
1511200010179,120.101971908282,2
1511200010200,,4
1511200110183,114.862491245123,3
1511300010053,118.960658960926,2
1511300010068,118.042895758043,2
1511300010157,119.59837147739,1
1511300280142,114.267530893373,3
1511300310119,108.409846837372,4
1511300310123,112.064011495244,3
1511400010120,119.192792414091,2
1511400010239,117.937076002263,3
1511400010243,119.170133227992,2
1511400010258,116.645381125347,3
1511400010262,120.682000917114,1
1511500010043,119.60928714029,2
1511500010058,120.292985723479,2
1511500060081,119.151015663913,2
1511500060096,118.954722871528,2
1511500060109,118.957911181253,2
1511500060113,,1
1511600010021,120.966314806156,2
1511700010090,121.78953755613,2
1511700010103,121.416502334541,2
1511800010079,121.352242190448,1
1511800010083,121.627959187718,1
1511800010134,122.27820682447,1
1511800010149,121.610297920114,1
1511800010219,122.069636869031,1
1511800010280,120.482324079191,1
1511800010331,119.603101244074,2
1511800010399,121.344006604426,1
1511800010505,122.05393668513,1
1511800010685,114.854817180727,3
1511800010859,120.445537723472,1
151180014037A,112.901271830077,4
1511800530153,117.993197952639,3
1511800530276,114.889861049092,3
1511800530454,117.727312999104,2
1511800530581,115.438190651194,3
1511800540863,120.000516438509,2
1511800540878,119.531605704093,2
1511800540882,119.226337918147,2
1511800540897,120.973911917407,1
151180058005A,119.872848488486,2
1511800580242,119.955862670643,2
1511800580257,120.839466008048,2
1511800580261,120.415810623748,2
151180058090A,114.619463684667,3
1511800590416,117.53443090542,2
151180059069A,117.081126130459,2
1511800600740,116.280142183045,3
1511800600755,119.120964086962,2
151180060076A,119.855729038871,2
1511800600774,120.426318961194,2
1511800600789,120.165644471385,2
1511800600793,120.601860318758,2
1511800600806,120.200932938824,2
1511800600810,123.436519482027,1
1511800600825,122.287602413215,1
151180060083A,125.183456642397,0
1511800600844,125.533984550114,0
1511800640350,118.260498198209,2
1511800640365,117.60718465065,3
151180064051A,119.453064764297,2
1511800640651,114.584659510134,3
1511800640702,122.555625455165,1
1511800640717,114.137115179423,3
1511800670168,119.797012109171,2
1511800670204,116.547298438437,3
1511800670543,119.07208427188,2
1511800670596,113.216155709077,3
1511800750420,115.899958060125,3
1511800870435,105.682630970587,4
1511800870609,110.845933523427,4
1511800870613,103.059170972801,4
1511800870628,99.2924198767707,4
1511801340721,123.86831492256,1
1511801340736,124.767889601633,0
1511900010080,116.583096387848,3
1511900010095,114.578380957442,3
1512000010058,120.611624577483,1
1512000010062,119.738839702908,1
1512000010293,119.592922265663,1
1512000010306,119.485976006184,1
1512000010310,117.643586239172,2
1512000010325,119.888430878811,2
1512000010344,117.742556567416,2
1512000010378,123.195307791774,0
1512000010382,117.515821319694,2
1512000010537,123.098819031843,1
1512000010541,120.134037173845,1
1512000010556,120.299456783693,2
1512000010560,118.986473991915,2
1512000010575,118.839557834125,2
151200001058A,119.811360282064,2
1512000010594,122.768025172075,1
1512000030931,118.546181433819,2
1512000070787,121.249467652695,1
1512000130397,118.512534947273,2
1512000130471,115.450730368226,2
1512000140664,120.204831015163,2
1512000230626,114.85854041003,3
1512000310768,119.071965292554,2
1512000310772,120.575793820302,2
1512000350804,116.016786034185,2
1512000350819,121.540827318279,2
1512000350823,120.241279878844,2
1512000350838,120.598878253639,2
1512000410039,,2
1512000410096,117.639819850622,2
1512000410255,115.071123390161,3
151200041026A,118.334730400953,2
1512000410274,117.810337748506,2
1512000410503,,2
1512000410518,,2
1512000410522,112.31036524507,2
1512000410734,120.873645718401,2
1512000410749,121.686543912639,1
151200045040A,117.133697158734,2
1512000450611,113.330414347712,3
1512000460113,119.29256175547,2
1512000460128,118.339297675968,2
1512000460132,117.763329597136,2
1512000460467,120.570601869623,2
1512000540221,120.567492010971,1
1512000540359,119.995181063192,2
1512000540363,119.596059407786,2
1512000540715,122.830645730556,1
1512000540753,123.529157938739,1
1512000560414,127.004163786085,0
1512000560433,126.023333371146,1
1512000560448,127.320282695824,0
1512000560452,127.402551720954,0
1512000570429,118.893713557206,2
1512000590842,116.220439236738,2
1512000590857,117.12133987319,2
1512000760861,120.286281955516,2
1512000830876,120.952857103198,2
1512000830880,119.887963463631,2
1512001610683,120.712871018985,2
1512001650895,122.743614939102,1
1512001650908,122.700025334674,1
1512001650912,123.699640558571,1
1512001650927,123.234383463507,1
1512001710698,119.169528996623,2
1512001710700,118.891063975962,2
1512001750607,120.385904734017,2
1512001980630,120.165371083615,1
1512001980645,120.417949718556,1
1512002020081,120.302327258069,2
151200204065A,119.94974564431,2
1512002040679,121.601405016173,2
1512002050946,119.304273479405,2
1512002060791,121.072490076792,1
1512100010089,117.325092347457,2
1512100010093,121.048922972324,1
1512100010106,120.447224997182,2
1512100010125,103.650715740243,4
151210001013A,120.311427105015,1
1512100010144,120.903966244308,1
1512100010178,122.699636234596,1
1512100010182,120.970597919297,1
1512100010197,121.90306455971,1
151210001020A,122.354588983989,1
1512100010229,120.823678682274,1
1512100010233,124.276898017304,0
1512100010248,123.927770659146,0
1512100010252,122.434674231812,1
1512100010267,,4
1512100010271,119.151783582516,2
1512100010337,123.423725998763,0
1512100010394,123.889063733235,0
1512100010407,116.273752740466,2
1512100010411,125.778034795436,0
1512100010426,123.620773542829,0
1512100010430,120.866928379698,1
151210001045A,122.384077786577,1
1512100010500,121.615645051203,1
1512100010515,122.124439181136,1
1512100010553,121.641892777031,1
1512100010568,124.2214999624,0
1512100010591,121.142017084385,1
1512100010661,123.808463697744,0
1512100010676,123.711165966687,0
1512100010680,121.315160009893,1
1512100010708,120.508457937095,1
1512100010712,123.232333702704,1
1512100010727,123.178750065779,1
1512100010731,123.026706703738,1
1512100010746,122.222545070843,1
1512100010750,122.598105970249,1
1512100010765,122.158454416072,1
151210001077A,123.312978848523,1
1512100010784,122.026347055449,1
1512100010799,122.555480045444,0
1512100010801,122.694055448138,1
1512100010816,122.539058861945,1
1512100010869,119.286549794555,1
1512100010873,122.441368335019,1
1512100010888,117.666358302583,1
1512100010892,121.931473008482,1
1512100010905,120.779906622897,1
151210001091A,123.267417441891,1
1512100010924,121.537110989034,1
1512100010939,123.611399293076,1
1512100010943,122.985746122686,1
1512100010958,123.397847390608,0
1512100010962,124.296624925543,0
1512100010977,124.269142983878,0
1512100010981,122.74150570142,1
1512100010996,122.597625326256,1
1512100011000,123.539710972198,1
151210001102A,121.038215557859,1
1512100011034,120.518862980426,1
1512100011049,121.404632154963,1
1512100011053,121.289490427406,1
1512100011072,120.24507684919,1
1512100011087,123.9610924305,0
1512100011104,121.043071654487,1
1512100011176,123.446815506021,1
1512100011180,121.61095290047,1
1512100011208,122.249524421887,1
1512100011212,122.037949179301,1
1512100011231,125.612956589583,0
1512100011246,120.022881469046,1
1512100011265,124.362116658829,0
1512100011284,122.716680770727,1
1512100011299,124.582441031257,0
1512100011301,123.545680781603,0
1512100011316,120.320610194734,1
1512100011320,117.346000419337,1
1512100011335,121.062359018926,1
151210001134A,118.896510932605,2
1512100011354,117.136898410492,2
1512100011369,123.914783108633,1
1512100011373,123.188124834148,1
1512100011388,121.127053086532,1
1512100011392,122.865088800485,1
1512100011405,123.456057658525,0
151210001141A,120.947936704769,1
1512100011424,124.38612804743,0
1512100011443,124.766607871997,0
1512100011458,125.035277902815,0
1512100011462,125.077104872763,0
1512100011477,122.986284309833,1
1512100011481,123.415764371274,1
1512100011496,124.56799181181,0
1512100011509,122.563910587738,1
1512100011513,120.065904068083,1
1512100011528,120.634367997468,1
1512100011532,122.264976267739,1
1512100011547,124.032828667399,0
1512100011551,123.981958288609,0
1512100011566,124.880537135957,0
1512100011570,125.613589699401,0
1512100011585,124.650041613281,0
151210001159A,120.83074215307,1
1512100011602,125.199218027009,0
1512100011617,123.807751112266,1
1512100011636,125.569171726569,0
1512100011640,122.325820452227,1
1512100011655,119.814247657394,2
151210001166A,120.314295038616,1
1512100011674,124.554810981011,0
1512100011689,125.583157710502,0
1512100011693,124.337854018963,0
1512100011706,125.077684293294,0
1512100011710,122.361555226912,0
1512100011725,121.252593694176,1
151210001173A,122.214565102868,1
1512100011744,120.453599998683,1
1512100011759,120.810026052348,1
1512100011763,121.516604768705,1
1512100011778,123.742780228589,1
1512100011782,123.135343431031,1
1512100011797,124.578874958591,0
151210001180A,121.530943894552,1
1512100011814,122.95656703486,1
1512100011829,125.035774356443,0
1512100011833,124.149045164953,0
1512100011848,125.33379516415,0
1512100011871,125.296275943222,0
1512100011886,125.333037632681,0
1512100011890,123.887994088037,0
1512100011903,124.020830885764,0
1512100011918,124.415115380227,0
1512100011922,124.054859857932,0
1512100011937,123.333092611048,0
1512100011941,123.984773147685,0
1512100011956,124.240854290778,0
1512100011975,122.953964294074,1
151210001198A,122.89014602648,1
1512100011994,124.209705291876,0
1512100012009,123.812914758734,1
1512100012013,124.607232962615,0
1512100012028,122.521324876825,1
1512100012032,118.044187329159,1
1512100012047,119.746129746372,1
1512100012051,124.330568500624,0
1512100012066,118.339080256181,1
1512100012070,125.07681203464,0
1512100012085,120.10129294831,1
151210001209A,119.719974618362,1
1512100012102,122.230890908246,1
1512100012117,118.632005178755,1
1512100012121,119.427126128972,2
1512100012136,124.278822664172,0
1512100012140,124.627765535126,0
1512100012155,124.735846777475,0
151210001216A,125.351771199386,0
1512100012174,125.028270926116,0
1512100012189,125.042579546124,0
1512100012193,124.731395924791,0
1512100012206,125.200930955258,0
1512100012210,123.823581650893,0
1512100012225,121.023922681713,1
151210001223A,123.231494568138,1
1512100012244,123.345248534167,0
1512100012259,123.854225658863,1
1512100012278,123.563423679747,0
1512100012282,123.845739798215,0
1512100012297,118.73954922807,2
151210001230A,120.757188736925,1
1512100012314,121.533920780904,1
1512100012333,122.036928391507,1
1512100012348,122.430417634343,1
1512100012352,120.243824249824,1
1512100012367,121.451607611715,1
1512100012371,123.496899209134,1
1512100012386,123.033870302471,1
1512100012403,123.981942903532,0
1512100012418,120.851242543,1
1512100012422,120.18782146786,1
1512100012437,118.926502805171,1
1512100012441,119.860729735362,1
1512100012456,118.135165643023,1
1512100012460,,1
1512100012475,125.708611741667,0
1512100012507,124.175684801252,0
1512100012511,126.358968003017,0
1512100012526,124.328765121289,0
1512100012545,121.654750690126,1
1512100070017,120.837027150269,1
1512100070021,118.128219690287,1
1512100201852,120.685656049242,1
151210046255A,120.153665838977,1
1512100462564,120.19762145263,2
1512100622579,120.700961290182,2
1512100622583,121.123949678014,1
1512100622598,120.6445794214,2
1512200010014,119.458776619947,2
1512200010029,118.583804200104,2
1512200010033,118.276319766199,2
1512200010048,117.119940902425,2
1512200010052,116.475748556181,2
1512200010067,117.810435087,2
1512200010071,118.812831204413,2
1512200010086,118.155140753731,2
1512200010090,117.003532214888,2
1512200010137,117.789242612596,2
1512200010141,118.263913987371,2
1512200010156,117.956274194929,2
1512200010160,118.248258127215,2
1512200010175,118.232038886947,2
151220001018A,118.981274888669,2
1512200010194,117.289767638109,2
1512200010207,117.445443178025,2
1512200010211,117.744611214593,2
1512200010226,116.787411851231,2
1512200010230,118.30802657974,2
1512200010245,116.634713164343,2
151220001025A,117.729719958303,2
1512200010264,118.575194361594,2
1512200010279,117.786467347115,2
1512200010283,118.577373415451,2
1512200010300,118.277961277396,2
1512200010315,118.434556065331,2
151220001032A,118.516553724288,2
1512200010334,117.369146455998,2
1512200010349,117.979013329791,2
1512200010353,117.998905626306,2
1512200010368,118.57415221829,2
1512200010372,118.791956205713,2
1512200010387,118.805125763365,2
1512200010391,117.575782901103,2
1512200010404,119.170979482516,1
1512200010419,119.125035518952,2
1512200010423,118.74240731896,2
1512200010438,118.469436167646,2
1512200010442,118.348195997098,2
1512200010457,118.538756345542,2
1512200010461,118.139642030581,2
1512200010476,118.483228458171,2
1512200010480,116.883181123765,2
1512200010495,117.401147831248,2
1512200010512,118.083901890475,2
1512200010527,118.605391121064,2
1512200010531,118.61722274142,2
1512200010546,118.909431000312,2
1512200010550,119.003021596769,2
1512200010565,117.495547120245,1
151220001057A,117.709043463095,2
1512200010584,117.567645755566,2
1512200010601,117.353718307486,2
1512200010616,116.47172703984,2
1512200010620,117.491789700721,2
1512200010635,118.026648486333,2
151220001064A,119.696769724375,2
1512200010654,119.370017132389,2
1512200010669,118.543185111781,2
1512200010673,119.475691446861,2
1512200010688,119.108619806689,2
1512200010692,118.69526752047,1
1512200010705,119.349943162899,2
151220001071A,120.081547062211,2
1512200010724,117.988551705412,2
1512200010739,116.600527631454,2
1512200010743,116.575606240858,2
1512200010758,117.389859782958,2
1512200010762,117.74436743681,2
1512200010777,116.941245551322,2
1512200010781,118.792015488629,2
1512200010796,118.519662568819,2
1512200010809,118.215331441389,2
1512200010813,118.494527009022,2
1512200010828,118.828247953267,2
1512200010832,117.644566417208,1
1512200010847,115.533755273398,2
1512200010851,117.902823664478,2
1512200010866,116.991865125114,2
1512200010870,118.743428294394,1
1512200010885,119.522048051989,1
151220001089A,119.768979682699,1
1512200010902,119.425835129896,2
1512200010917,119.49708262064,1
1512200010921,121.677321936225,1
1512200010936,106.444748348342,3
1512200010940,120.531740863908,1
1512200010955,108.199306533099,3
151220001096A,,2
1512200010974,118.428848131086,2
1512200010989,118.170018989964,2
1512200010993,117.265101090022,2
1512200011008,115.558380265129,2
1512200011027,117.123603184595,2
1512200011031,116.696575085364,2
1512200011046,117.495889417246,2
1512200011050,117.958058567007,2
1512200011065,118.729421456564,2
151220001107A,118.64618889685,2
1512200011084,119.520511834978,2
1512200011099,118.484938261443,2
1512200011120,117.239937485067,2
1512200011135,119.624388138617,2
151220001114A,116.440575048926,3
1512200011154,120.964943571204,1
1512200011192,120.833215216645,1
1512200011205,100.807581353157,4
1512200081169,110.537587434315,3
1512200081173,113.04635630352,3
1512200081188,110.225395562876,3
1512300010011,119.422661008246,3
1512300010026,120.542666938447,2
1512300010030,119.332684521701,2
1512300010045,117.69033020853,2
151230001005A,119.712641853395,2
1512300010064,118.06265508346,3
1512300010149,,2
1512300010153,,3
1512300010168,114.514119528595,3
1512300010172,,0
1512300010187,117.926306329597,2
1512300010191,,3
1512300010204,,3
1512400010019,116.532370012925,3
1512400540023,109.082585518326,4
1512401070038,103.777450219734,4
1512500010016,118.365816369204,2
1512500010020,117.883226096239,2
151250001004A,113.807257409532,2
1512500070054,123.944170476049,0
1512500070069,124.261284191869,0
