cve_ageb,IM_2020,GM_2020,IRS_2020,GRS_2020
1400100010067,117.8960752,Alto,9.0909090909,Medio
1400100010071,119.1242371,Medio,10.3235747304,Medio
1400100010103,117.0170276,Alto,13.2616487455,Medio
1400100010118,118.5593254,Alto,11.7924528302,Medio
1400100010122,119.1369004,Medio,8.8495575221,Medio
1400100010137,120.2046546,Medio,6.1224489796,Medio
1400100010141,120.8208468,Medio,3.2258064516,Bajo
1400100010160,119.6011603,Medio,14.2857142857,Medio
1400100010194,118.9655991,Medio,7.7738515901,Medio
1400100010207,119.6933711,Medio,6.2314540059,Medio
1400100010211,118.3987036,Alto,7.4193548387,Medio
1400100010226,117.6127945,Alto,10.0,Medio
140010001025A,121.4193749,Bajo,0.0,Bajo
1400100010283,120.4537943,Medio,3.125,Medio
1400100010315,120.1150185,Medio,5.5555555556,Medio
1400100540033,118.8894755,Medio,6.3829787234,Medio
140010054032A,119.8324647,Medio,6.8783068783,Medio
1400200010030,122.0317858,Bajo,12.7906976744,Bajo
1400200010064,121.8264391,Bajo,16.0484481453,Medio
1400200010079,122.4908924,Bajo,12.2302158273,Bajo
1400200010083,121.7829461,Bajo,2.7777777778,Bajo
1400200010115,122.3395147,Bajo,19.1176470588,Medio
140020001012A,124.2682616,Muy bajo,9.2,Bajo
1400200010191,121.0520973,Medio,9.5238095238,Medio
1400200010280,122.9551909,Bajo,15.3846153846,Medio
1400200020045,121.302354,Bajo,15.829787234,Medio
140020002005A,121.8992637,Bajo,16.4429530201,Bajo
1400200020100,120.5499007,Medio,21.2121212121,Medio
1400200020153,119.2299745,Medio,26.5957446809,Medio
1400200020204,124.4656668,Muy bajo,17.6470588235,Bajo
1400200020223,120.2731381,Medio,23.8095238095,Medio
1400200020261,117.2627231,Alto,15.0,Medio
1400200040187,120.5567227,Medio,20.1995012469,Medio
1400300010061,120.2419969,Medio,19.4444444444,Medio
1400300010076,123.5153742,Bajo,11.9402985075,Bajo
1400300010080,120.6363494,Medio,25.3012048193,Medio
1400300010095,122.1678999,Bajo,13.9737991266,Medio
1400300010108,121.995017,Bajo,14.4242424242,Bajo
1400300010112,121.5950728,Bajo,12.5132555673,Bajo
1400300010127,122.0958288,Bajo,13.1855309218,Bajo
1400300010131,122.8385744,Bajo,10.1910828025,Bajo
1400300010146,123.7730901,Muy bajo,11.724137931,Bajo
1400300010165,117.5733978,Alto,29.8507462687,Medio
140030001017A,122.6225263,Bajo,30.7692307692,Medio
1400300010199,118.850253,Medio,34.8214285714,Medio
1400300380235,119.9782507,Medio,13.202247191,Medio
140030038024A,120.5238851,Medio,16.2895927602,Medio
1400300380254,121.1719214,Bajo,13.4146341463,Medio
140040001004A,118.311833,Alto,12.7218934911,Medio
1400400010054,120.1346788,Medio,15.8,Medio
1400400010073,121.8326706,Bajo,4.5454545455,Bajo
1400500010047,119.6322243,Medio,14.0127388535,Medio
1400500010051,121.5684009,Bajo,11.1969111969,Bajo
1400500010066,120.3356586,Medio,13.1666666667,Medio
1400500010070,121.3289983,Bajo,9.4867807154,Bajo
1400500010085,121.7832359,Bajo,13.0242825607,Bajo
140050001009A,120.3592469,Medio,7.3417721519,Medio
1400500010102,121.2379018,Bajo,10.4651162791,Medio
1400500010136,121.6352422,Bajo,3.5087719298,Bajo
1400500010140,123.5100794,Bajo,16.2790697674,Medio
140050001016A,124.3222551,Muy bajo,0.0,Muy bajo
1400500010174,121.4145763,Bajo,6.8965517241,Bajo
1400600010186,121.3796886,Bajo,11.6304347826,Bajo
1400600010190,121.4681205,Bajo,15.1162790698,Bajo
1400600010203,120.8753707,Medio,15.0170648464,Bajo
1400600010218,122.5899799,Bajo,11.7196056955,Bajo
1400600010222,121.2211483,Bajo,15.8333333333,Medio
1400600010237,121.7894329,Bajo,17.1914893617,Bajo
1400600010241,124.686995,Muy bajo,8.7557603687,Muy bajo
1400600010256,121.6874654,Bajo,12.5333333333,Bajo
140060001028A,123.1837714,Bajo,9.1603053435,Bajo
1400600010294,120.8260142,Medio,16.2895927602,Bajo
1400600010307,120.8656594,Medio,19.5652173913,Medio
1400600010311,122.3478707,Bajo,9.0909090909,Bajo
1400600010326,121.6255378,Bajo,14.6186440678,Bajo
1400600010330,122.2666178,Bajo,12.1621621622,Bajo
1400600010364,123.3026534,Bajo,3.7974683544,Bajo
1400600010379,121.800721,Bajo,12.7272727273,Bajo
1400600010398,121.5900381,Bajo,16.0693641618,Bajo
1400600010400,121.4166346,Bajo,15.7258064516,Medio
1400600010487,122.1801974,Bajo,8.9285714286,Bajo
1400600010491,123.0390932,Bajo,15.7894736842,Bajo
1400600010504,124.5925152,Muy bajo,13.9240506329,Bajo
1400600010523,124.2332048,Muy bajo,3.8461538462,Bajo
1400600110415,121.3454751,Bajo,9.1811414392,Medio
140060011042A,120.1507241,Medio,13.1926121372,Medio
1400700010041,120.3198693,Medio,20.1117318436,Medio
1400700010056,120.2707257,Medio,18.6666666667,Medio
1400700010060,122.2308628,Bajo,15.3846153846,Bajo
1400700010075,122.6113007,Bajo,12.2807017544,Bajo
140070001008A,122.0469184,Bajo,14.711033275,Medio
1400700010094,123.2720921,Bajo,11.3636363636,Bajo
1400800010123,119.4107462,Medio,7.8282828283,Medio
1400800010138,119.0674097,Medio,8.843537415,Medio
1400800010142,119.1520807,Medio,12.7382146439,Bajo
1400800010176,117.3844889,Alto,9.3345656192,Medio
1400800010195,119.4114735,Medio,11.71875,Bajo
1400800010208,120.1062097,Medio,10.8303249097,Bajo
1400800010212,119.2896362,Medio,9.9297893681,Bajo
1400800010227,116.8379351,Alto,17.9665738162,Medio
1400800010301,119.6482494,Medio,14.6766169154,Medio
1400800010369,120.0559833,Medio,6.6508313539,Medio
1400800010373,117.386251,Alto,11.9205298013,Medio
1400800010405,116.3208771,Alto,15.1226158038,Medio
1400800010439,117.7859948,Alto,11.4441416894,Medio
1400800010443,121.5441785,Bajo,4.7297297297,Bajo
1400800010458,116.4161734,Alto,14.1509433962,Alto
1400800010477,117.5186019,Alto,25.0,Medio
1400800010481,120.0268095,Medio,7.4626865672,Medio
1400800010532,117.9806905,Alto,10.8552631579,Medio
1400800010547,121.7147196,Bajo,14.2857142857,Bajo
1400800010655,124.7949675,Muy bajo,3.8461538462,Muy bajo
140080001066A,121.743459,Bajo,8.0,Muy bajo
1400800010674,118.3033709,Alto,11.1313868613,Medio
1400800010689,123.5943753,Bajo,4.0816326531,Muy bajo
1400800010706,123.9476628,Muy bajo,13.0434782609,Bajo
1400800010782,118.4178119,Alto,11.2313937754,Medio
1400800010797,118.9420842,Medio,16.6666666667,Medio
140080001080A,122.2767676,Bajo,4.9504950495,Bajo
1400800010814,119.5577117,Medio,10.0358422939,Medio
1400800010829,117.3907769,Alto,13.7931034483,Medio
1400800010833,120.9013001,Medio,8.2432432432,Medio
1400800010848,120.1051989,Medio,8.3032490975,Bajo
1400800010852,122.977607,Bajo,5.3639846743,Bajo
1400800010867,124.4194775,Muy bajo,2.2222222222,Bajo
1400800010886,123.5998381,Bajo,7.2625698324,Bajo
1400800010890,120.8688985,Medio,10.5263157895,Medio
1400800010903,124.6460329,Muy bajo,4.6511627907,Bajo
1400800010918,120.9232225,Medio,2.2727272727,Bajo
1400800010922,117.13684,Alto,9.8765432099,Medio
1400800010937,121.0403288,Medio,7.8947368421,Medio
1400800010941,119.7175579,Medio,12.1212121212,Medio
1400802800388,118.8192577,Medio,6.640625,Medio
1400802800392,117.2659064,Alto,10.5263157895,Medio
1400802800513,119.0484791,Medio,7.3529411765,Medio
140080280059A,118.6310319,Medio,10.8108108108,Medio
1400802800636,118.3532505,Alto,13.7931034483,Medio
1400900010046,120.9695331,Medio,12.6637554585,Medio
1400900010065,120.4051049,Medio,13.8268156425,Medio
140090001007A,122.3927374,Bajo,6.3063063063,Bajo
1400900010084,120.165629,Medio,15.7575757576,Medio
1400900010101,122.0616272,Bajo,3.6585365854,Bajo
1400900010116,121.1019767,Medio,11.1111111111,Bajo
1400900010135,121.7033558,Bajo,9.6418732782,Bajo
140090001014A,121.1417236,Medio,11.7647058824,Medio
1400900010169,120.3228096,Medio,16.6666666667,Medio
1400900010224,119.9326695,Medio,20.8333333333,Medio
1400900060239,119.7267808,Medio,15.8163265306,Medio
1400900060243,121.8911906,Bajo,14.7699757869,Medio
1400900800027,120.0405873,Medio,39.3034825871,Medio
1400900800277,120.2807215,Medio,29.3785310734,Medio
1400900800281,120.3906483,Medio,24.6212121212,Medio
1401000010066,109.2781173,Muy alto,45.2702702703,Alto
1401000010070,114.245342,Muy alto,39.3442622951,Alto
140100001009A,112.5145635,Muy alto,33.3333333333,Alto
1401000010102,115.7736276,Alto,29.0322580645,Medio
1401000010121,118.0724952,Alto,35.0649350649,Medio
1401100010078,119.4466317,Medio,15.4666666667,Medio
1401100010082,118.3983713,Alto,25.8064516129,Medio
1401100010097,119.0152821,Medio,15.7894736842,Medio
140110001010A,119.4887998,Medio,10.0,Alto
1401200010126,120.68263,Medio,10.0,Medio
1401200010130,121.7064899,Bajo,7.2463768116,Medio
1401300010049,120.5004797,Medio,11.593118923,Bajo
1401300010053,120.9491191,Medio,21.9401631913,Medio
1401300010142,120.4637173,Medio,14.1747572816,Bajo
1401300010157,121.8572918,Bajo,8.4507042254,Bajo
1401300010176,115.7833774,Alto,26.5389876881,Alto
1401300010180,119.9991853,Medio,11.7647058824,Bajo
1401300010195,120.0691277,Medio,11.6333725029,Medio
1401300010246,120.1421762,Medio,8.6124401914,Bajo
1401300010250,118.9845289,Medio,23.8770685579,Medio
1401300010265,122.7625277,Bajo,7.2916666667,Bajo
140130001027A,117.6207219,Alto,22.6164079823,Medio
1401300010284,119.9293255,Medio,11.1486486486,Bajo
1401300010316,117.3511894,Alto,24.6835443038,Medio
1401300300104,115.0122217,Muy alto,9.1304347826,Medio
1401300300119,115.5073439,Alto,5.2325581395,Medio
1401300300123,115.1997219,Muy alto,10.2339181287,Medio
1401300300138,114.7833363,Muy alto,12.8048780488,Medio
1401300300212,117.1759752,Alto,6.7796610169,Medio
1401300300227,116.1872447,Alto,7.6086956522,Medio
1401300300231,117.0843621,Alto,7.5757575758,Medio
1401300300369,113.9388445,Muy alto,19.3548387097,Medio
1401300300388,118.5481125,Alto,9.375,Medio
1401300300439,116.3551957,Alto,16.3265306122,Medio
1401300300443,114.4863402,Muy alto,0.0,Medio
1401300300513,118.969844,Medio,12.5,Medio
1401300300528,117.3585856,Alto,20.0,Alto
1401301450477,122.0743835,Bajo,10.9195402299,Medio
1401301450481,120.9947869,Medio,14.7058823529,Medio
1401301450496,121.9484573,Bajo,11.7171717172,Medio
1401301450509,119.5126735,Medio,21.5568862275,Medio
1401400010046,119.5128614,Medio,11.8993135011,Medio
1401400010050,117.1586239,Alto,11.7455138662,Medio
1401400010084,119.6079048,Medio,7.6271186441,Medio
1401400010099,122.4810202,Bajo,4.5454545455,Bajo
1401400010101,118.7847043,Medio,10.3448275862,Medio
1401400010116,119.3585221,Medio,24.3902439024,Alto
1401400010120,118.3458508,Alto,13.9534883721,Medio
1401400010154,120.1950398,Medio,10.3448275862,Medio
1401400010173,115.284562,Alto,31.25,Alto
1401400010188,118.4314764,Alto,20.8333333333,Medio
1401500010043,121.5487431,Bajo,20.3371970495,Bajo
1401500010058,123.3444405,Bajo,17.2043010753,Muy bajo
1401500010062,122.0978876,Bajo,16.519434629,Bajo
1401500010077,123.0635237,Bajo,11.5814696486,Bajo
1401500010147,123.9871028,Muy bajo,9.0507726269,Muy bajo
1401500010151,121.0273006,Medio,18.6976744186,Medio
1401500010166,119.3076546,Medio,20.4545454545,Medio
1401500010185,122.4609946,Bajo,14.0816326531,Bajo
140150001019A,119.7259752,Medio,22.7272727273,Medio
1401500010202,122.599635,Bajo,14.1025641026,Bajo
1401500010217,122.0225356,Bajo,8.1560283688,Bajo
1401500010221,116.4510303,Alto,32.6530612245,Alto
1401500010236,122.7067287,Bajo,16.9381107492,Bajo
1401500010240,117.1368963,Alto,28.1214848144,Medio
1401500010255,123.6033009,Bajo,12.3085339168,Bajo
1401500010289,120.1060071,Medio,19.3786982249,Medio
1401500010293,124.5543583,Muy bajo,8.7301587302,Muy bajo
1401500010306,124.2482875,Muy bajo,8.7621696801,Bajo
1401500010310,121.7769423,Bajo,15.4545454545,Bajo
1401500010325,108.8931791,Muy alto,72.0238095238,Muy alto
140150001040A,108.9762114,Muy alto,48.275862069,Alto
1401500010414,125.9093073,Muy bajo,1.1235955056,Muy bajo
1401500010429,123.7223045,Muy bajo,12.5,Muy bajo
1401500010471,125.0157847,Muy bajo,16.2790697674,Muy bajo
1401600010021,116.9507455,Alto,15.0442477876,Medio
1401600010093,117.0191741,Alto,16.7346938776,Medio
1401600010144,118.1449827,Alto,13.1707317073,Bajo
1401600010159,116.7586799,Alto,15.6010230179,Medio
1401600010163,118.8952392,Medio,8.6776859504,Medio
1401600010178,116.8390132,Alto,20.4081632653,Medio
1401600010182,115.14307,Muy alto,16.149068323,Medio
1401600010248,119.4211217,Medio,23.0769230769,Bajo
1401600010267,118.5236074,Alto,11.7647058824,Medio
1401600010337,119.0161645,Medio,4.347826087,Bajo
1401600010341,116.3269268,Alto,16.8269230769,Medio
1401600010356,117.9596577,Alto,9.0909090909,Medio
1401600010464,118.7023417,Medio,13.8461538462,Medio
1401600010479,120.070414,Medio,18.4615384615,Bajo
1401600010498,114.9199147,Muy alto,40.0,Alto
1401600010549,114.922528,Muy alto,14.2857142857,Medio
1401600100318,113.2410027,Muy alto,10.1744186047,Alto
1401600100394,115.033534,Muy alto,6.3492063492,Medio
1401600100407,112.6736092,Muy alto,8.2352941176,Alto
1401600100483,110.7534505,Muy alto,8.5714285714,Alto
1401600720110,114.0520261,Muy alto,22.0423412204,Medio
1401600720125,113.0911794,Muy alto,28.4600389864,Alto
140160072013A,113.0658106,Muy alto,26.8292682927,Alto
1401600720197,112.6014474,Muy alto,24.0740740741,Medio
140160072038A,117.3905331,Alto,24.3243243243,Medio
140160089020A,117.3140558,Alto,26.3157894737,Alto
1401600890229,118.3293225,Alto,19.1616766467,Medio
1401600890233,118.6603029,Medio,16.6180758017,Medio
1401700010071,119.2149186,Medio,14.8148148148,Medio
1401700010122,120.3372248,Medio,16.1125319693,Medio
1401700010137,120.4450332,Medio,7.9754601227,Bajo
1401700010141,120.5180285,Medio,11.7863720074,Medio
1401700010156,121.0298662,Medio,8.0,Medio
1401700010160,121.9581828,Bajo,6.8965517241,Bajo
1401700010175,121.7399605,Bajo,11.1111111111,Medio
140170001018A,116.7197346,Alto,18.3333333333,Medio
1401700010194,121.745596,Bajo,20.0,Medio
1401700010207,121.4740719,Bajo,15.625,Medio
140180001005A,118.7234179,Medio,14.1439205955,Bajo
1401800010083,120.5244374,Medio,21.7898832685,Bajo
1401800010115,121.0859341,Medio,17.4962292609,Bajo
140180001012A,119.7922556,Medio,20.1733648542,Medio
1401800010134,119.1774129,Medio,23.7215909091,Medio
1401800010149,121.6599407,Bajo,19.4904458599,Bajo
1401800010153,117.3508884,Alto,22.3262032086,Medio
1401800010187,118.9407759,Medio,21.8375499334,Medio
1401800010191,116.9325852,Alto,30.859375,Medio
1401800010204,120.9280586,Medio,17.8571428571,Medio
1401800010219,122.2986874,Bajo,21.8446601942,Bajo
1401800010223,118.4908401,Alto,28.2352941176,Medio
1401800010257,114.7691602,Muy alto,33.3333333333,Alto
1401800010261,124.4566336,Muy bajo,11.5183246073,Muy bajo
1401800010276,120.4732306,Medio,20.0,Medio
1401800010312,118.316821,Alto,26.8131868132,Medio
1401800010327,117.3815896,Alto,27.8656126482,Medio
1401800010331,109.3055596,Muy alto,50.8474576271,Alto
1401800010346,124.6909053,Muy bajo,18.3908045977,Muy bajo
1401800010401,123.2740951,Bajo,10.1796407186,Bajo
1401800010469,115.9603363,Alto,33.3333333333,Alto
1401800010539,125.0355603,Muy bajo,19.4174757282,Bajo
1401800010558,122.1252194,Bajo,20.4081632653,Medio
1401800270100,119.2139873,Medio,11.2781954887,Medio
1401800270172,115.761456,Alto,23.2472324723,Medio
1401800270280,119.1483005,Medio,21.8181818182,Medio
1401900010131,120.8992616,Medio,23.3333333333,Medio
1402000010166,118.2145871,Alto,28.1437125749,Medio
1402000010170,120.5768646,Medio,23.0769230769,Medio
1402000010185,119.4303863,Medio,20.7627118644,Medio
140200001019A,120.4147158,Medio,25.6157635468,Medio
1402000010202,117.8512367,Alto,23.8095238095,Medio
1402000010217,118.7016663,Medio,31.884057971,Medio
1402000010274,112.617383,Muy alto,47.5,Alto
1402100010106,114.6067608,Muy alto,30.5750350631,Alto
1402100010110,123.724874,Muy bajo,6.0931899642,Bajo
1402100010125,120.0520758,Medio,17.2972972973,Medio
140210001020A,120.6022305,Medio,13.0990415335,Medio
1402100010214,119.2092062,Medio,17.7852348993,Medio
1402100010248,124.8472141,Muy bajo,8.2706766917,Bajo
1402100010356,123.4402994,Bajo,14.1221374046,Bajo
1402100010360,121.1836017,Bajo,13.3126934985,Medio
1402100010394,122.7171348,Bajo,9.6774193548,Medio
140210003013A,116.9749499,Alto,22.5,Alto
1402100030182,117.7136756,Alto,12.5,Medio
1402100030341,119.6460296,Medio,0.0,Bajo
1402100030375,117.166808,Alto,15.0442477876,Medio
140210003038A,116.6306859,Alto,21.768707483,Medio
1402100150430,118.4842204,Alto,15.0,Medio
1402100150445,118.7681919,Medio,15.2671755725,Medio
140210015045A,119.3647742,Medio,12.2641509434,Medio
1402100180144,120.4911288,Medio,13.963963964,Medio
1402100180159,119.2291359,Medio,15.873015873,Medio
1402200010137,120.789168,Medio,20.6008583691,Medio
1402200010141,118.2530982,Alto,31.8584070796,Medio
1402200010156,113.1933874,Muy alto,39.1459074733,Alto
1402200010160,118.273852,Alto,30.101010101,Medio
1402200010175,115.9158285,Alto,35.1084812623,Alto
140220001018A,119.974659,Medio,23.4285714286,Medio
1402200010194,120.4706935,Medio,21.9298245614,Medio
1402200010207,118.3876869,Alto,27.6785714286,Medio
1402200010211,120.845351,Medio,30.6201550388,Medio
1402200010349,116.7844582,Alto,45.8333333333,Alto
1402200010353,115.9190264,Alto,46.2962962963,Alto
1402200010419,114.6916699,Muy alto,30.0,Medio
1402200010423,111.9998228,Muy alto,61.1111111111,Alto
1402200010480,115.7110653,Alto,17.6470588235,Medio
1402200010508,108.6455957,Muy alto,37.6470588235,Alto
1402200010512,112.5790352,Muy alto,42.8571428571,Alto
1402200060387,120.1031037,Medio,19.1558441558,Medio
1402200060391,118.5591099,Alto,28.7522603978,Medio
1402200060404,117.0533051,Alto,34.3333333333,Medio
1402200060527,118.7398622,Medio,15.625,Medio
1402200160584,116.1900647,Alto,29.537366548,Alto
1402200160599,115.3253658,Alto,22.9390681004,Medio
1402200160601,119.2410715,Medio,22.3880597015,Medio
1402200160616,121.2046401,Bajo,20.0,Medio
1402200330122,118.4950104,Alto,30.755711775,Medio
1402200330230,119.0085337,Medio,31.9109461967,Medio
1402200330279,120.8402761,Medio,20.5673758865,Medio
1402200330283,119.0150977,Medio,30.985915493,Medio
1402200330298,119.5512558,Medio,12.9032258065,Medio
1402200330315,117.1707649,Alto,24.2424242424,Medio
140220033032A,118.7733877,Medio,27.9569892473,Medio
1402200330334,118.9159217,Medio,35.6568364611,Medio
1402200330368,120.2392728,Medio,50.0,Medio
1402300010045,121.9451548,Bajo,14.8018648019,Bajo
1402300010064,122.8578405,Bajo,16.9387755102,Muy bajo
1402300010079,121.6075162,Bajo,19.6754563895,Bajo
1402300010083,121.7981424,Bajo,14.7183525136,Bajo
1402300010100,121.0379695,Medio,22.1864951768,Bajo
1402300010115,123.5430629,Bajo,7.8947368421,Bajo
1402300010153,122.130056,Bajo,26.4232008593,Bajo
1402300010168,122.9460135,Bajo,13.5245901639,Bajo
1402300010172,122.4884631,Bajo,7.1428571429,Bajo
1402300010187,120.1762699,Medio,22.7138643068,Medio
1402300010191,122.8356223,Bajo,12.4324324324,Bajo
1402300010223,124.4204492,Muy bajo,11.4485981308,Muy bajo
1402300010238,122.7527287,Bajo,14.0435835351,Bajo
1402300010242,120.343722,Medio,17.6890156919,Medio
1402300010257,121.2773198,Bajo,16.7195767196,Bajo
1402300010261,119.8893524,Medio,19.6950444727,Medio
1402300010276,120.6437204,Medio,16.5680473373,Bajo
1402300010312,116.0383776,Alto,27.4193548387,Medio
1402300010327,122.7646875,Bajo,34.649122807,Bajo
1402300010331,119.2161374,Medio,23.1707317073,Medio
1402300010346,118.853089,Medio,12.9032258065,Medio
1402300010350,121.9597905,Bajo,36.3636363636,Medio
1402300010384,123.0435087,Bajo,16.4251207729,Bajo
1402300010420,120.6542923,Medio,24.6073298429,Medio
140230001044A,122.0616802,Bajo,26.8292682927,Bajo
1402300010454,114.594348,Muy alto,13.1578947368,Medio
1402300010469,121.2542962,Bajo,8.4745762712,Bajo
1402300010473,120.9770933,Medio,16.5714285714,Bajo
1402300010488,122.7665963,Bajo,11.9363395225,Bajo
1402300010492,120.7283239,Medio,17.8121974831,Bajo
1402300010505,121.3410141,Bajo,12.7144298688,Bajo
140230001051A,122.310265,Bajo,13.6054421769,Bajo
1402300010524,120.8278163,Medio,16.0,Medio
1402300010539,124.030643,Muy bajo,22.1105527638,Bajo
1402300010543,120.9071122,Medio,17.0103092784,Medio
1402300010562,123.4841205,Bajo,19.0476190476,Bajo
1402300010596,121.3173954,Bajo,18.6717998075,Bajo
1402300010609,123.9134452,Muy bajo,12.6649076517,Bajo
1402300010613,120.5897429,Medio,17.8151260504,Bajo
1402300010628,120.4791151,Medio,19.1489361702,Bajo
1402300010632,125.0367564,Muy bajo,8.0072793449,Muy bajo
1402300010647,124.0828218,Muy bajo,5.6555269923,Muy bajo
1402300010651,119.4266031,Medio,20.9677419355,Medio
1402300010670,125.4829733,Muy bajo,7.8864353312,Bajo
1402300010685,123.0073006,Bajo,13.0208333333,Muy bajo
140230001069A,125.3641602,Muy bajo,18.3962264151,Muy bajo
1402300010702,120.5184443,Medio,16.0377358491,Bajo
1402300010717,120.3713618,Medio,18.125,Bajo
1402300010721,119.4115306,Medio,25.1612903226,Medio
140230001076A,122.7149345,Bajo,13.5,Bajo
1402300010774,122.5732397,Bajo,15.3758542141,Bajo
1402300010789,126.3752445,Muy bajo,0.0,Muy bajo
1402300010810,121.418475,Bajo,17.6923076923,Bajo
1402300010882,123.10797,Bajo,17.2727272727,Bajo
1402300010897,123.130339,Bajo,16.0237388724,Bajo
1402400010080,122.0523074,Bajo,11.2605042017,Bajo
1402400010108,121.8382965,Bajo,14.4278606965,Bajo
1402400010112,121.9486509,Bajo,10.4719764012,Bajo
1402400010127,121.3578944,Bajo,13.691507799,Bajo
1402400010131,120.0541567,Medio,16.2251655629,Medio
1402400010146,121.5115545,Bajo,18.6246418338,Bajo
1402400010150,121.5014248,Bajo,21.3389121339,Medio
1402400010165,122.4452478,Bajo,12.7659574468,Bajo
1402400010199,120.3740387,Medio,21.8181818182,Medio
1402400010201,118.7298698,Medio,24.1809672387,Medio
1402400070269,120.2025033,Medio,20.9219858156,Medio
1402400070273,120.326689,Medio,25.5696202532,Medio
140250001011A,122.1881158,Bajo,16.0899653979,Bajo
1402500010139,122.4395999,Bajo,22.3506743738,Bajo
1402500010143,121.5584865,Bajo,16.852367688,Bajo
1402500010158,120.7586151,Medio,18.3745583039,Bajo
1402500010162,122.8210863,Bajo,18.2089552239,Bajo
1402500010177,121.1448534,Medio,33.3333333333,Medio
1402500010181,120.1717712,Medio,24.358974359,Bajo
1402500010213,121.7747127,Bajo,15.5988857939,Bajo
1402500010228,125.7063492,Muy bajo,7.4074074074,Muy bajo
1402500010247,121.4790801,Bajo,17.0212765957,Bajo
1402500010251,120.8024615,Medio,11.7647058824,Bajo
1402500010285,123.0821974,Bajo,10.2564102564,Bajo
1402600010051,118.7508906,Medio,11.2627986348,Medio
1402600010066,120.837671,Medio,8.7818696884,Medio
1402600010070,119.5399838,Medio,11.6040955631,Medio
1402600010085,119.4480825,Medio,4.0540540541,Bajo
140260001009A,122.3546622,Bajo,17.6991150442,Bajo
1402600010102,121.1884841,Bajo,13.1313131313,Medio
1402600010121,117.8476626,Alto,13.4831460674,Medio
1402600010210,119.4942995,Medio,4.5454545455,Medio
1402600010244,115.172472,Muy alto,26.3157894737,Alto
1402700010171,120.3975193,Medio,19.7604790419,Medio
1402700010186,120.7144798,Medio,29.3768545994,Medio
1402700010190,120.2086511,Medio,23.2558139535,Medio
1402700010203,103.1861738,Muy alto,64.0,Muy alto
1402700010222,115.6984405,Alto,34.615384615400004,Alto
1402700010237,121.422132,Bajo,29.6296296296,Medio
1402800010107,118.7931531,Medio,15.5844155844,Medio
1402800010111,119.6632618,Medio,9.9447513812,Medio
1402800010126,113.5962518,Muy alto,4.7619047619,Medio
1402800010130,121.9172125,Bajo,6.6666666667,Medio
1402900010091,120.7615293,Medio,12.7952755906,Medio
1402900010119,121.1767978,Bajo,16.393442623,Medio
1402900010123,118.396273,Alto,11.7511520737,Medio
1402900010138,119.61295,Medio,12.1739130435,Medio
1402900010142,113.917659,Muy alto,25.0,Alto
1403000010124,118.6104115,Medio,23.5862068966,Medio
1403000010139,115.794534,Alto,27.0676691729,Medio
1403000010143,115.2168883,Alto,23.3564013841,Medio
1403000010158,120.570819,Medio,15.0406504065,Bajo
1403000010232,119.7736539,Medio,13.4615384615,Bajo
1403000010247,120.6993439,Medio,16.348773842,Bajo
1403000010270,118.2636058,Alto,18.6335403727,Medio
1403000010285,117.5202578,Alto,18.1049069374,Medio
140300001029A,115.0056461,Muy alto,30.3097345133,Medio
1403000010302,118.0946664,Alto,20.89093702,Medio
1403000010340,117.9975256,Alto,20.5263157895,Medio
1403000010590,117.1433787,Alto,22.3880597015,Medio
1403000010637,120.5476521,Medio,22.5806451613,Bajo
1403000010641,118.7400493,Medio,21.4285714286,Medio
1403000020088,120.0743057,Medio,4.2042042042,Muy bajo
1403000020196,119.2452682,Medio,14.1491395793,Bajo
1403000020209,118.4323102,Alto,14.8788927336,Bajo
1403000020213,117.1390013,Alto,16.6874221669,Bajo
1403000020228,118.2447949,Alto,14.1483516484,Bajo
1403000020317,121.813131,Bajo,4.4025157233,Muy bajo
140300002036A,124.1880867,Muy bajo,1.4492753623,Muy bajo
1403000020389,118.2585904,Alto,34.375,Bajo
1403000020497,116.3891828,Alto,5.4054054054,Bajo
1403000020533,120.5908435,Medio,11.2244897959,Bajo
1403000020656,122.0271061,Bajo,5.1136363636,Muy bajo
1403000030177,117.7902993,Alto,8.7570621469,Medio
1403000030181,118.8813204,Medio,14.0659340659,Medio
1403000030251,121.716271,Bajo,11.0251450677,Bajo
1403000030266,121.331459,Bajo,15.5303030303,Medio
1403000030406,119.6967717,Medio,23.0769230769,Medio
140300005043A,121.6269615,Bajo,12.978986403,Bajo
1403000050444,121.4369224,Bajo,8.9574155653,Muy bajo
1403000050459,121.33436,Bajo,7.0796460177,Muy bajo
1403000050463,121.1014964,Medio,9.2077087794,Muy bajo
1403000050482,125.8080534,Muy bajo,2.9850746269,Muy bajo
1403000050586,122.1621875,Bajo,21.9512195122,Bajo
140310001009A,115.2861587,Alto,24.3697478992,Medio
1403100010102,104.6086164,Muy alto,37.037037037,Alto
1403100010117,113.6591992,Muy alto,26.4705882353,Medio
1403200010044,118.4114094,Alto,26.4758497317,Alto
1403200010059,116.6879177,Alto,30.9523809524,Alto
1403200010063,117.8413165,Alto,27.0833333333,Alto
1403200010078,116.5281318,Alto,33.4862385321,Alto
140330001008A,116.4053921,Alto,10.843373494,Medio
1403300010094,117.5764181,Alto,9.4972067039,Bajo
1403300010107,116.8906699,Alto,11.7741935484,Medio
1403300010111,118.3999238,Alto,7.7134986226,Bajo
1403300010126,116.9324372,Alto,9.8522167488,Medio
1403300010130,115.7262561,Alto,10.861423221,Medio
1403300010145,116.5068798,Alto,7.6923076923,Medio
140330001015A,118.322669,Alto,7.6923076923,Medio
1403300010164,116.8520802,Alto,7.5471698113,Medio
1403300010183,118.6597149,Medio,10.3092783505,Medio
1403300010198,117.3264273,Alto,3.8461538462,Medio
1403300010200,113.1771387,Muy alto,8.9285714286,Medio
1403300010215,109.6841685,Muy alto,6.6666666667,Medio
1403400010053,120.1228739,Medio,11.9205298013,Medio
1403400010068,120.4358139,Medio,10.6382978723,Medio
1403400010072,116.7369803,Alto,18.2926829268,Medio
1403500010188,120.4083818,Medio,7.8680203046,Bajo
1403500010205,120.20424,Medio,6.8126520681,Medio
140350001021A,118.5983186,Alto,10.9289617486,Medio
1403500010224,120.6837176,Medio,9.1561938959,Medio
1403500010239,120.7420453,Medio,4.8192771084,Medio
1403500010243,117.9492203,Alto,11.4583333333,Medio
1403500010258,118.5990687,Alto,8.1433224756,Bajo
1403500010277,121.6449894,Bajo,9.1370558376,Medio
1403500010281,114.3044869,Muy alto,7.3684210526,Medio
1403500010296,121.1619882,Bajo,8.2352941176,Bajo
1403500010309,119.839602,Medio,9.1903719912,Medio
1403500010332,120.2944999,Medio,9.0526315789,Bajo
1403500010347,120.0458775,Medio,7.3369565217,Medio
1403500010351,121.5945618,Bajo,5.7761732852,Bajo
1403500010366,118.7340187,Medio,10.7066381156,Medio
1403500010370,121.72104,Bajo,13.6363636364,Bajo
140350001039A,119.8517604,Medio,26.8292682927,Medio
1403500010402,121.6302467,Bajo,5.4054054054,Bajo
1403500010417,118.3168962,Alto,6.5217391304,Medio
1403500010421,116.1978764,Alto,11.1111111111,Medio
1403500010489,120.0369783,Medio,8.7837837838,Medio
1403500010506,117.4914696,Alto,8.3333333333,Medio
1403500010510,119.524035,Medio,16.9398907104,Medio
1403500010525,118.1684779,Alto,7.5757575758,Medio
140350001053A,118.7773545,Medio,11.1420612813,Medio
1403500010563,120.0710162,Medio,5.3571428571,Bajo
1403500010597,117.9523771,Alto,7.5,Medio
1403500010667,124.5721499,Muy bajo,1.8181818182,Bajo
1403500010718,125.3687495,Muy bajo,0.0,Muy bajo
1403500010722,120.338553,Medio,11.9718309859,Medio
1403500010737,118.0456528,Alto,8.75,Medio
1403500010756,120.6106389,Medio,0.0,Medio
1403500010794,120.6769719,Medio,10.2564102564,Medio
1403500170313,116.4697025,Alto,7.9012345679,Medio
1403500170328,118.294519,Alto,8.174386921,Medio
1403500170436,114.8153113,Muy alto,8.8235294118,Medio
1403500170633,116.3589139,Alto,7.6923076923,Medio
1403500170760,117.701399,Alto,10.2040816327,Medio
1403501380544,119.0344609,Medio,10.3614457831,Medio
1403501380559,118.6447411,Medio,10.1960784314,Medio
1403600010077,121.8961706,Bajo,13.6160714286,Bajo
1403600010096,122.34466,Bajo,8.843537415,Bajo
1403600010109,122.676586,Bajo,6.8292682927,Bajo
1403600010147,120.9981146,Medio,13.8933764136,Bajo
1403600010151,120.8520466,Medio,12.5386996904,Bajo
1403600010166,122.796755,Bajo,10.0,Muy bajo
1403600010170,120.7007889,Medio,12.676056338,Bajo
1403600010185,122.5405118,Bajo,8.75,Bajo
1403600010217,122.0596199,Bajo,9.8360655738,Bajo
1403600010236,123.1931357,Bajo,11.4285714286,Bajo
1403600010274,121.093528,Medio,19.2307692308,Medio
1403600010289,123.1885709,Bajo,9.5238095238,Bajo
1403600010310,120.9994461,Medio,17.7489177489,Medio
1403600010325,123.5214431,Bajo,7.6923076923,Bajo
140360001033A,126.0192202,Muy bajo,8.0,Muy bajo
1403600010359,124.5991042,Muy bajo,10.0,Bajo
1403600010378,123.0727995,Bajo,12.3287671233,Medio
1403700010055,121.3432124,Bajo,13.4770889488,Bajo
140370001006A,121.7183649,Bajo,12.2988505747,Bajo
1403700010074,120.9651346,Medio,18.5104052574,Bajo
1403700010089,120.4297854,Medio,14.6808510638,Bajo
1403700010093,121.8160334,Bajo,9.6114519427,Bajo
1403700010106,119.0770824,Medio,26.6081871345,Medio
1403700010110,121.4702455,Bajo,12.7717391304,Bajo
1403700010125,120.5844848,Medio,16.0636758321,Bajo
140370001013A,118.9342217,Medio,34.2741935484,Medio
1403700010159,117.7912927,Alto,20.0,Medio
1403700010197,122.181984,Bajo,11.8131868132,Bajo
140370001020A,120.6913979,Medio,18.023255814,Medio
1403700010229,124.0213157,Muy bajo,9.5238095238,Bajo
1403700010267,123.1942635,Bajo,10.0,Bajo
1403700010271,123.3985954,Bajo,11.9565217391,Bajo
1403700010286,119.3224005,Medio,30.0,Medio
1403700010290,121.6434838,Bajo,15.3846153846,Medio
1403700010341,124.4251173,Muy bajo,8.8235294118,Bajo
1403800010103,122.3950984,Bajo,8.1850533808,Bajo
1403800010118,121.4099365,Bajo,12.1951219512,Bajo
1403900010026,125.3632395,Muy bajo,2.8340080972,Muy bajo
1403900010030,125.9355222,Muy bajo,3.0604982206,Muy bajo
140390001005A,125.0790348,Muy bajo,3.4111310592,Muy bajo
1403900010064,123.913861,Muy bajo,2.5142857143,Muy bajo
1403900010083,123.8603685,Muy bajo,9.1856677524,Bajo
1403900010115,123.2938954,Bajo,7.3724007561,Muy bajo
1403900010134,122.5378577,Bajo,8.5148514851,Muy bajo
1403900010149,124.4475265,Muy bajo,3.2894736842,Muy bajo
1403900010153,124.6460672,Muy bajo,7.0336391437,Muy bajo
1403900010191,121.5950524,Bajo,13.5834411384,Bajo
1403900010204,120.2740621,Medio,17.0305676856,Bajo
1403900010223,120.4467195,Medio,19.387755102,Bajo
1403900010238,121.0063457,Medio,17.3311635476,Bajo
1403900010261,120.039237,Medio,19.3123628383,Bajo
1403900010276,120.5369309,Medio,14.748603352,Bajo
1403900010280,125.4358216,Muy bajo,8.5567010309,Muy bajo
1403900010295,125.1691227,Muy bajo,4.0423484119,Muy bajo
1403900010308,120.546911,Medio,6.2857142857,Muy bajo
1403900010312,123.3622697,Bajo,8.1409477521,Muy bajo
1403900010327,123.4986644,Bajo,4.3859649123,Muy bajo
1403900010346,122.5359609,Bajo,15.7270029674,Bajo
1403900010350,123.449451,Bajo,10.3503184713,Muy bajo
1403900010365,124.5780622,Muy bajo,3.8208168643,Muy bajo
140390001037A,124.6358201,Muy bajo,4.0752351097,Muy bajo
1403900010384,124.03181,Muy bajo,3.457106274,Muy bajo
1403900010399,122.7754854,Bajo,8.8159031979,Muy bajo
1403900010401,124.3948053,Muy bajo,4.7473200613,Muy bajo
1403900010416,121.9070296,Bajo,11.1504424779,Muy bajo
1403900010435,122.2470712,Bajo,9.0449954086,Bajo
140390001044A,121.0632079,Medio,11.7557251908,Bajo
1403900010454,122.3967521,Bajo,12.5063291139,Bajo
1403900010469,121.8089769,Bajo,17.8443113772,Bajo
1403900010473,120.5399763,Medio,17.354877319,Bajo
1403900010492,121.6438034,Bajo,18.2672934856,Bajo
1403900010505,122.8332567,Bajo,8.0120481928,Bajo
140390001051A,120.9438941,Medio,15.6282450675,Bajo
1403900010524,120.6704201,Medio,17.0454545455,Bajo
1403900010539,122.1414892,Bajo,16.0649819495,Bajo
1403900010543,120.4403518,Medio,15.5155155155,Bajo
1403900010562,125.7266427,Muy bajo,4.6565774156,Muy bajo
1403900010577,125.9768288,Muy bajo,7.9422382671,Muy bajo
1403900010596,125.0100985,Muy bajo,6.1102831595,Muy bajo
1403900010609,125.2185602,Muy bajo,4.9382716049,Muy bajo
1403900010613,123.5864345,Bajo,6.5913370998,Muy bajo
1403900010632,124.5384935,Muy bajo,6.8469991547,Muy bajo
1403900010647,123.4069471,Bajo,11.0990206746,Bajo
1403900010651,121.6927089,Bajo,16.2448979592,Bajo
1403900010666,122.749828,Bajo,11.6211504939,Bajo
1403900010670,123.7954429,Muy bajo,10.3585657371,Muy bajo
1403900010685,124.5038445,Muy bajo,5.0295857988,Muy bajo
140390001069A,123.3276758,Bajo,10.9872611465,Muy bajo
1403900010702,122.2895417,Bajo,11.6696588869,Muy bajo
1403900010717,124.3830804,Muy bajo,8.3423618635,Muy bajo
1403900010721,123.2931121,Bajo,10.7448107448,Bajo
1403900010736,124.5846693,Muy bajo,8.7365591398,Muy bajo
1403900010740,123.7390823,Muy bajo,6.2653562654,Muy bajo
1403900010755,123.3286665,Bajo,7.1428571429,Muy bajo
1403900010774,121.8914537,Bajo,13.1832797428,Bajo
1403900010789,121.803916,Bajo,15.0280898876,Bajo
1403900010793,120.9062126,Medio,17.1193935565,Bajo
1403900010806,121.545804,Bajo,16.4464993395,Bajo
1403900010810,121.5776353,Bajo,16.7590027701,Bajo
1403900010825,122.3742812,Bajo,15.0283553875,Bajo
140390001083A,122.2838686,Bajo,13.4691195795,Bajo
1403900010844,121.7227965,Bajo,14.6953405018,Bajo
1403900010859,121.6465332,Bajo,18.2296231376,Bajo
1403900010863,119.530948,Medio,15.4098360656,Bajo
1403900010878,120.5499236,Medio,21.9959266802,Bajo
1403900010882,120.2496782,Medio,17.2849250197,Bajo
1403900010897,121.7584516,Bajo,12.9115226337,Bajo
140390001090A,119.2638607,Medio,18.1003584229,Medio
1403900010929,124.5126064,Muy bajo,8.2412060302,Muy bajo
1403900010933,124.7473946,Muy bajo,4.8207663782,Muy bajo
1403900010948,125.053051,Muy bajo,7.6023391813,Muy bajo
1403900010952,123.1064184,Bajo,11.8613138686,Muy bajo
1403900010967,123.0341381,Bajo,13.4686346863,Bajo
1403900010971,122.0429343,Bajo,18.8461538462,Bajo
1403900010986,122.7704538,Bajo,8.9783281734,Muy bajo
1403900010990,123.6066391,Bajo,18.8172043011,Bajo
1403900011005,123.2933009,Bajo,15.0495049505,Muy bajo
140390001101A,119.2256157,Medio,13.488372093,Muy bajo
1403900011024,122.3141797,Bajo,19.7640117994,Bajo
1403900011039,121.502717,Bajo,19.7452229299,Bajo
1403900011043,125.9389099,Muy bajo,3.794369645,Muy bajo
1403900011062,125.6399408,Muy bajo,4.1208791209,Muy bajo
1403900011077,123.8043843,Muy bajo,2.9304029304,Muy bajo
1403900011081,121.4931508,Bajo,20.7777777778,Bajo
1403900011096,123.6374759,Bajo,15.6156156156,Muy bajo
1403900011109,123.5248818,Bajo,15.7123834887,Muy bajo
1403900011113,123.3079191,Bajo,18.0242634315,Bajo
1403900011128,123.3025315,Bajo,15.1012891344,Muy bajo
1403900011132,124.2078665,Muy bajo,20.0354609929,Muy bajo
1403900011147,123.094523,Bajo,19.4923857868,Bajo
1403900011151,122.2260572,Bajo,16.0606060606,Bajo
1403900011166,122.2039577,Bajo,17.4496644295,Bajo
1403900011170,122.7702219,Bajo,13.7311286844,Bajo
1403900011185,122.3155667,Bajo,17.2151898734,Bajo
140390001119A,121.6910976,Bajo,9.5723014257,Bajo
1403900011202,122.2542717,Bajo,15.4121863799,Bajo
1403900011217,121.6625046,Bajo,18.065342729,Bajo
1403900011221,121.2539392,Bajo,19.6304849885,Bajo
1403900011236,120.6378468,Medio,17.516218721,Bajo
1403900011274,124.6331733,Muy bajo,5.9233449477,Muy bajo
1403900011289,125.110387,Muy bajo,5.7437407953,Muy bajo
1403900011293,122.3289054,Bajo,7.3863636364,Muy bajo
1403900011306,125.2260497,Muy bajo,6.2745098039,Muy bajo
1403900011310,125.3179261,Muy bajo,15.7303370787,Muy bajo
1403900011325,123.110583,Bajo,16.0087719298,Muy bajo
140390001133A,123.7404649,Muy bajo,13.7078651685,Bajo
1403900011344,122.7220154,Bajo,23.5924932976,Muy bajo
1403900011359,121.5212997,Bajo,27.2,Bajo
1403900011363,119.3269779,Medio,13.4939759036,Muy bajo
1403900011378,121.826645,Bajo,25.8403361345,Bajo
1403900011382,122.4048289,Bajo,17.1460176991,Bajo
1403900011397,121.9365305,Bajo,18.9119170984,Bajo
140390001140A,121.9134451,Bajo,21.1538461538,Bajo
1403900011414,121.5164553,Bajo,17.5853018373,Bajo
1403900011429,121.0351617,Medio,26.6071428571,Bajo
1403900011433,121.1776105,Bajo,15.7420249653,Bajo
1403900011448,121.2164111,Bajo,17.4083769634,Bajo
1403900011452,120.6601081,Medio,18.8392857143,Bajo
1403900011467,120.6224636,Medio,14.1634241245,Bajo
1403900011471,120.6929214,Medio,19.0097259063,Bajo
1403900011490,119.3677046,Medio,16.5446559297,Bajo
1403900011518,119.7162514,Medio,20.4838709677,Bajo
1403900011537,119.8392941,Medio,17.1732522796,Bajo
1403900011556,124.4298695,Muy bajo,6.589785832,Muy bajo
1403900011560,123.2058877,Bajo,7.8431372549,Muy bajo
1403900011575,125.6379939,Muy bajo,10.6060606061,Muy bajo
140390001158A,116.1236215,Alto,20.3883495146,Muy bajo
1403900011594,124.783113,Muy bajo,18.691588785,Muy bajo
1403900011607,124.378635,Muy bajo,13.93728223,Muy bajo
1403900011626,122.8178571,Bajo,18.9743589744,Bajo
1403900011630,120.9956232,Medio,31.914893617,Bajo
1403900011645,120.4303793,Medio,22.9230769231,Bajo
140390001165A,122.7638957,Bajo,17.2453703704,Bajo
1403900011664,122.5257219,Bajo,15.9509202454,Bajo
1403900011679,122.1772355,Bajo,22.5,Bajo
1403900011683,121.0674061,Medio,19.4415718718,Bajo
1403900011698,122.1571205,Bajo,18.3294663573,Bajo
1403900011700,122.1697474,Bajo,14.3213988343,Bajo
1403900011715,122.7088683,Bajo,9.2485549133,Bajo
140390001172A,121.1351174,Medio,14.1278610892,Bajo
1403900011734,121.7444468,Bajo,15.1669085631,Bajo
1403900011753,123.8045393,Muy bajo,7.3229291717,Muy bajo
1403900011768,123.8072528,Muy bajo,6.7351598174,Muy bajo
1403900011787,125.336623,Muy bajo,9.5,Muy bajo
1403900011791,124.0060404,Muy bajo,16.9491525424,Muy bajo
1403900011804,123.8259102,Muy bajo,8.4415584416,Muy bajo
1403900011819,121.8543769,Bajo,9.4059405941,Muy bajo
1403900011823,124.4931259,Muy bajo,8.2524271845,Muy bajo
1403900011838,121.4203462,Bajo,15.0,Muy bajo
1403900011842,124.1196188,Muy bajo,16.9491525424,Muy bajo
1403900011857,122.4599893,Bajo,17.4288179465,Muy bajo
1403900011861,123.6900436,Bajo,22.1748400853,Bajo
1403900011876,118.9227008,Medio,34.2560553633,Medio
1403900011880,120.3214552,Medio,23.8888888889,Bajo
1403900011895,120.4226434,Medio,28.3972125436,Bajo
1403900011908,122.5799532,Bajo,22.7053140097,Bajo
1403900011912,121.3052987,Bajo,27.1122320303,Bajo
1403900011927,123.4080568,Bajo,18.700265252,Bajo
1403900011931,122.4718187,Bajo,12.6213592233,Bajo
1403900011946,121.9531875,Bajo,17.5226586103,Bajo
1403900011950,123.4645473,Bajo,12.737920937,Bajo
1403900011965,121.9820286,Bajo,25.4117647059,Bajo
140390001197A,122.5795205,Bajo,12.4207858048,Bajo
1403900011984,121.4537474,Bajo,17.9012345679,Bajo
1403900011999,123.1077121,Bajo,14.1762452107,Bajo
1403900012003,121.3969426,Bajo,18.0277349769,Bajo
1403900012018,118.5849399,Alto,16.694214876,Bajo
1403900012022,120.823462,Medio,18.5602775369,Bajo
1403900012037,120.8234949,Medio,20.0517464424,Bajo
1403900012041,120.591852,Medio,19.2468619247,Bajo
1403900012056,121.463428,Bajo,11.7837837838,Bajo
1403900012107,121.847152,Bajo,14.606741573,Bajo
1403900012111,122.2150216,Bajo,19.6048632219,Bajo
1403900012126,122.3365303,Bajo,15.9292035398,Bajo
1403900012130,124.948488,Muy bajo,12.2615803815,Muy bajo
1403900012145,121.6726426,Bajo,8.8669950739,Muy bajo
140390001215A,124.3879972,Muy bajo,18.118466899,Muy bajo
1403900012164,124.0598238,Muy bajo,18.4397163121,Muy bajo
1403900012179,122.3270735,Bajo,25.5319148936,Bajo
1403900012183,124.3560094,Muy bajo,13.2231404959,Muy bajo
1403900012200,123.1011325,Bajo,11.2947658402,Muy bajo
1403900012215,123.6306252,Bajo,10.9467455621,Bajo
1403900012249,124.6168495,Muy bajo,8.7613293051,Muy bajo
1403900012253,123.2785243,Bajo,10.6275303644,Bajo
1403900012268,122.9483651,Bajo,11.7746005046,Bajo
1403900012272,121.8407195,Bajo,12.1082621083,Bajo
1403900012287,121.753058,Bajo,15.3252480706,Bajo
1403900012291,122.429571,Bajo,12.1354656632,Bajo
1403900012304,123.2307335,Bajo,4.6625766871,Muy bajo
1403900012319,121.0361041,Medio,7.2496263079,Bajo
1403900012342,120.5464347,Medio,21.0784313725,Bajo
1403900012357,122.0275261,Bajo,21.0206561361,Bajo
1403900012361,120.6564642,Medio,12.7403846154,Bajo
1403900012376,122.1209687,Bajo,22.9979466119,Bajo
1403900012380,121.4914513,Bajo,21.1363636364,Bajo
1403900012395,122.9585958,Bajo,14.5110410095,Bajo
1403900012408,122.6569313,Bajo,14.2355008787,Bajo
1403900012427,123.8793614,Muy bajo,9.8566308244,Muy bajo
1403900012431,123.2255405,Bajo,13.5802469136,Bajo
1403900012446,122.7961341,Bajo,9.0136054422,Bajo
1403900012501,120.3956423,Medio,10.5263157895,Bajo
1403900012516,119.4955327,Medio,14.8854961832,Bajo
1403900012520,121.7844382,Bajo,16.0714285714,Bajo
1403900012535,123.7422478,Muy bajo,7.1111111111,Muy bajo
140390001254A,123.7061407,Muy bajo,7.3322053017,Muy bajo
1403900012569,123.2127322,Bajo,9.7633136095,Muy bajo
1403900012588,120.6133555,Medio,16.1122661123,Bajo
1403900012592,121.9914154,Bajo,15.406162465,Bajo
1403900012605,122.4535626,Bajo,10.447761194,Bajo
140390001261A,123.5675368,Bajo,9.1787439614,Bajo
1403900012624,123.5645418,Bajo,12.5160462131,Bajo
1403900012639,122.9427542,Bajo,12.7308707124,Bajo
1403900012662,122.9816923,Bajo,12.0481927711,Bajo
1403900012677,123.4324519,Bajo,11.4119922631,Muy bajo
1403900012681,124.425307,Muy bajo,5.2132701422,Muy bajo
1403900012696,123.9129474,Muy bajo,6.699751861,Muy bajo
1403900012709,123.669572,Bajo,4.9235993209,Muy bajo
1403900012713,123.4705371,Bajo,5.303030303,Muy bajo
1403900012728,123.4506704,Bajo,7.8057241977,Muy bajo
1403900012785,121.0715861,Medio,18.0365296804,Bajo
140390001279A,121.2289409,Bajo,16.484375,Bajo
1403900012802,121.1963931,Bajo,18.3014861996,Bajo
140390001286A,120.9913616,Medio,10.5263157895,Bajo
1403900013001,121.908026,Bajo,9.1935483871,Bajo
1403900013016,119.9847663,Medio,10.6207928197,Bajo
1403900013020,121.7759034,Bajo,9.9917423617,Bajo
1403900013088,122.378334,Bajo,10.0235294118,Bajo
1403900013143,125.7100484,Muy bajo,3.7162162162,Muy bajo
1403900013177,119.9679694,Medio,20.1626961069,Bajo
1403900013209,123.425283,Bajo,8.1166772353,Muy bajo
1403900013317,125.3369162,Muy bajo,4.7511312217,Muy bajo
1403900013321,125.7520727,Muy bajo,7.225433526,Muy bajo
1403900013336,123.6534599,Bajo,10.3432902363,Bajo
1403900013340,123.20243,Bajo,8.9494163424,Muy bajo
1403900013374,120.2113499,Medio,19.3905817175,Medio
1403900013406,121.3620569,Bajo,13.3720930233,Bajo
1403900013482,119.664066,Medio,21.2989493792,Medio
140390001350A,122.0770676,Bajo,15.796519411,Bajo
1403900013514,123.1869668,Bajo,12.7577319588,Bajo
1403900013529,122.3713398,Bajo,10.5392156863,Bajo
1403900013533,123.3046143,Bajo,7.8467153285,Bajo
1403900013548,122.9177836,Bajo,18.1141439206,Bajo
1403900013552,123.1600961,Bajo,15.4150197628,Bajo
1403900013567,123.1784076,Bajo,12.0310478655,Bajo
1403900013586,122.1371065,Bajo,7.3614557486,Muy bajo
1403900013590,119.242528,Medio,13.8705416116,Medio
1403900013603,124.7606298,Muy bajo,9.1240875912,Muy bajo
1403900013618,120.199356,Medio,15.514809591,Bajo
1403900013637,123.7860811,Muy bajo,13.2203389831,Muy bajo
1403900013641,124.3683171,Muy bajo,9.1254752852,Muy bajo
1403900013656,123.9221666,Muy bajo,5.4835493519,Muy bajo
1403900013660,122.2332973,Bajo,10.8924806746,Bajo
140390001368A,124.0287164,Muy bajo,7.4380165289,Muy bajo
1403900013694,123.8073304,Muy bajo,7.268722467,Muy bajo
1403900013707,124.5808525,Muy bajo,3.8389513109,Muy bajo
1403900013711,123.4299308,Bajo,4.7841306884,Bajo
1403900013726,121.469069,Bajo,19.4719471947,Bajo
1403900013730,120.1546078,Medio,15.1750972763,Bajo
1403900013745,122.160172,Bajo,13.1868131868,Bajo
1403900013764,122.772038,Bajo,10.3047895501,Bajo
1403900013783,123.8009594,Muy bajo,10.0325732899,Bajo
1403900013798,121.2010274,Bajo,13.0952380952,Bajo
1403900013800,121.0196213,Medio,10.7620320856,Bajo
1403900013815,119.6282545,Medio,16.4507772021,Bajo
140390001382A,123.1680529,Bajo,9.5788604459,Muy bajo
1403900013834,124.1711664,Muy bajo,4.2976939203,Muy bajo
1403900013849,123.8028421,Muy bajo,9.3155893536,Muy bajo
1403900013853,124.5008576,Muy bajo,6.4685314685,Muy bajo
1403900013868,120.7503906,Medio,17.4603174603,Bajo
1403900013872,123.0892961,Bajo,11.0449377369,Bajo
1403900013891,120.8550036,Medio,14.5945945946,Bajo
1403900013904,121.4242085,Bajo,10.096670247,Bajo
1403900013919,121.9460783,Bajo,9.9268547544,Bajo
1403900013923,123.2461775,Bajo,8.3266613291,Bajo
1403900013938,119.7899657,Medio,19.2868719611,Bajo
1403900013942,119.5725161,Medio,16.9135802469,Medio
1403900013957,124.4113645,Muy bajo,11.4416475973,Muy bajo
1403900013961,124.1503593,Muy bajo,6.8456375839,Muy bajo
1403900013976,121.5566427,Bajo,15.4054054054,Bajo
1403900013980,122.286666,Bajo,17.0731707317,Bajo
1403900013995,123.7310722,Muy bajo,10.137195122,Bajo
140390001400A,122.7165048,Bajo,15.4506437768,Bajo
1403900014014,121.0051338,Medio,15.8697863683,Bajo
1403900014029,120.55391,Medio,14.1656662665,Bajo
1403900014033,123.8103773,Muy bajo,8.2781456954,Muy bajo
1403900014048,120.7974851,Medio,16.0445317616,Bajo
1403900014052,124.0213975,Muy bajo,8.7552114354,Muy bajo
1403900014067,121.5547383,Bajo,10.101010101,Bajo
1403900014071,123.6932289,Bajo,9.9871959027,Muy bajo
1403900014086,123.1124284,Bajo,12.3847167325,Bajo
1403900014090,122.4965094,Bajo,8.7563451777,Muy bajo
1403900014103,123.3442335,Bajo,13.2796780684,Bajo
1403900014118,123.7856061,Muy bajo,10.0259291271,Muy bajo
1403900014122,123.8909025,Muy bajo,8.3252662149,Muy bajo
1403900014141,123.6511125,Bajo,8.0188679245,Bajo
1403900014156,123.2127206,Bajo,16.4685908319,Bajo
1403900014160,123.2415274,Bajo,19.6103896104,Bajo
1403900014175,121.7024757,Bajo,13.290632506,Bajo
140390001418A,123.2527976,Bajo,9.2214663643,Bajo
1403900014194,120.3992146,Medio,14.7688838782,Bajo
1403900014207,120.5258251,Medio,16.9039145907,Medio
1403900014211,119.6684378,Medio,16.8430335097,Bajo
1403900014226,120.4773801,Medio,12.5888324873,Bajo
1403900014230,119.62415,Medio,18.249733191,Medio
1403900014245,120.2618207,Medio,17.994100295,Bajo
140390001425A,120.0791984,Medio,16.5425971878,Bajo
1403900014264,119.1699284,Medio,17.4715909091,Bajo
1403900014279,119.7506023,Medio,19.2482915718,Bajo
1403900014283,121.678653,Bajo,9.8791755508,Bajo
1403900014298,119.7845402,Medio,17.6506390749,Bajo
1403900014300,121.5729723,Bajo,16.4852255054,Bajo
1403900014349,122.6948799,Bajo,5.900621118,Muy bajo
1403900014353,122.6256387,Bajo,11.8047673099,Bajo
1403900014368,122.6864493,Bajo,11.2107623318,Bajo
1403900014387,122.5220549,Bajo,12.1690140845,Bajo
1403900014391,120.4415185,Medio,16.9907881269,Bajo
1403900014404,119.912791,Medio,20.0598802395,Medio
1403900014423,120.3569404,Medio,8.810325477,Bajo
1403900014438,119.8911794,Medio,13.9263252471,Bajo
1403900014442,121.6910627,Bajo,13.6408243376,Bajo
1403900014457,124.4964347,Muy bajo,5.3779069767,Muy bajo
1403900014461,126.0654278,Muy bajo,6.5447545717,Muy bajo
1403900014476,121.5277443,Bajo,12.1558441558,Bajo
1403900014480,122.219172,Bajo,12.4728063814,Bajo
1403900014495,120.2270107,Medio,14.6276595745,Bajo
1403900014508,124.3981837,Muy bajo,4.6235138705,Muy bajo
1403900014512,121.9791843,Bajo,12.3552123552,Bajo
1403900014527,122.3830524,Bajo,9.7382198953,Bajo
1403900014531,123.5350025,Bajo,4.0816326531,Muy bajo
1403900014546,122.6542587,Bajo,20.3045685279,Muy bajo
1403900014550,123.435616,Bajo,18.6770428016,Muy bajo
140390001457A,122.5423401,Bajo,10.6382978723,Bajo
1403900014584,125.5702357,Muy bajo,4.4665012407,Muy bajo
1403900014599,124.2774451,Muy bajo,2.7960526316,Muy bajo
1403900014601,120.2168485,Medio,21.3347921225,Bajo
1403900014616,121.0554468,Medio,16.1719549642,Bajo
1403900014620,121.9011955,Bajo,11.4365411437,Bajo
1403900014635,120.8736169,Medio,12.5506072874,Bajo
140390001464A,123.7575917,Muy bajo,7.1378586424,Muy bajo
1403900014654,123.2594524,Bajo,12.2819260293,Bajo
1403900014669,123.7977213,Muy bajo,5.4347826087,Bajo
1403900014673,123.1660938,Bajo,13.8204225352,Bajo
1403900014705,122.4391416,Bajo,8.6696562033,Muy bajo
140390001471A,122.3811812,Bajo,14.6341463415,Bajo
1403900014724,123.6379666,Bajo,12.1635094716,Bajo
1403900014743,122.3755018,Bajo,7.6484018265,Bajo
1403900014762,125.3128593,Muy bajo,4.2288557214,Muy bajo
1403900014777,125.0671539,Muy bajo,7.1146245059,Muy bajo
1403900014781,121.2388258,Bajo,14.9509803922,Bajo
1403900014796,119.6243985,Medio,17.358490566,Medio
1403900014809,124.6072713,Muy bajo,12.2031662269,Muy bajo
1403900014813,124.569971,Muy bajo,9.1783216783,Muy bajo
1403900014828,120.8160103,Medio,13.3840304183,Bajo
1403900014832,123.3547037,Bajo,5.4671968191,Muy bajo
1403900014847,121.2397325,Bajo,18.0457746479,Bajo
1403900014851,120.0306706,Medio,19.8938992042,Bajo
1403900014866,123.7500746,Muy bajo,18.3652875883,Muy bajo
1403900014870,125.1030329,Muy bajo,7.7544426494,Muy bajo
1403900014885,122.4074567,Bajo,11.8329466357,Bajo
140390001489A,120.5219151,Medio,10.9411764706,Bajo
1403900014902,125.8529118,Muy bajo,4.1614123581,Muy bajo
1403900014917,124.9329821,Muy bajo,6.9212410501,Muy bajo
1403900014921,120.6257714,Medio,13.1736526946,Bajo
1403900014936,121.9523091,Bajo,12.6382306477,Bajo
1403900014940,125.6645982,Muy bajo,13.4502923977,Muy bajo
1403900014955,123.0477801,Bajo,7.4856046065,Muy bajo
140390001496A,125.2155001,Muy bajo,3.1098153547,Muy bajo
1403900014974,124.5055058,Muy bajo,7.5669383003,Muy bajo
1403900014989,121.5845453,Bajo,8.6500655308,Bajo
1403900014993,122.0111891,Bajo,11.6455696203,Bajo
1403900015008,120.2899212,Medio,21.4678899083,Bajo
1403900015012,118.6515402,Medio,20.7174231332,Bajo
1403900015027,124.4761857,Muy bajo,2.8,Muy bajo
1403900015031,122.6025017,Bajo,5.4470709147,Muy bajo
1403900015046,120.0689799,Medio,18.1268882175,Bajo
1403900015050,119.7134099,Medio,20.811287478,Medio
1403900015065,118.5685761,Alto,16.6528583264,Medio
140390001507A,119.9364413,Medio,12.0,Bajo
1403900015084,120.3178473,Medio,12.1827411168,Bajo
1403900015099,120.5725738,Medio,13.2471728595,Bajo
1403900015101,121.47491,Bajo,15.1280062064,Bajo
1403900015116,118.8462239,Medio,15.8102766798,Bajo
1403900015120,121.8060241,Bajo,11.9496855346,Bajo
1403900015135,121.2649686,Bajo,13.906581741,Bajo
140390001514A,120.5657598,Medio,12.3595505618,Bajo
1403900015154,120.6123528,Medio,15.6156156156,Bajo
1403900015169,121.493495,Bajo,16.169544741,Bajo
1403900015173,120.9136413,Medio,15.2795031056,Bajo
1403900015188,119.8732496,Medio,18.9485213582,Bajo
1403900015192,119.8750927,Medio,19.2918192918,Bajo
1403900015205,123.240996,Bajo,8.0741626794,Bajo
140390001521A,122.5158176,Bajo,5.8601134216,Muy bajo
1403900015224,124.1619911,Muy bajo,6.3727839003,Muy bajo
1403900015243,121.965351,Bajo,9.1108671789,Bajo
1403900015258,120.5650156,Medio,15.7602663707,Bajo
1403900015262,123.2369338,Bajo,11.2232779097,Bajo
1403900015277,121.2351382,Bajo,13.4248665141,Bajo
1403900015281,123.2033042,Bajo,9.9889012209,Bajo
1403900015296,123.277059,Bajo,5.1339285714,Bajo
1403900015309,124.2736979,Muy bajo,7.4349442379,Muy bajo
1403900015313,120.8740365,Medio,13.1170662906,Bajo
1403900015328,124.6086135,Muy bajo,9.4972067039,Muy bajo
1403900015332,123.4118955,Bajo,8.3333333333,Muy bajo
1403900015347,117.5042353,Alto,25.9212198221,Medio
1403900015351,122.3834075,Bajo,7.9411764706,Bajo
1403900015370,124.5608406,Muy bajo,3.550295858,Muy bajo
1403900015385,120.6409218,Medio,17.7029360967,Bajo
140390001539A,121.0787906,Medio,19.1176470588,Bajo
1403900015402,120.4030344,Medio,16.8769716088,Bajo
1403900015417,120.6519845,Medio,18.3831672204,Bajo
1403900015421,120.7013407,Medio,16.7947310648,Bajo
1403900015436,121.5308431,Bajo,19.6209587514,Bajo
1403900015440,119.7459092,Medio,15.9699892819,Medio
140390001546A,120.1565047,Medio,17.7235772358,Bajo
1403900015474,121.2166588,Bajo,17.9696616103,Bajo
1403900015489,122.3003867,Bajo,10.752688172,Bajo
1403900015493,119.4301091,Medio,16.2629757785,Bajo
1403900015506,119.9091969,Medio,19.8161389173,Medio
1403900015510,119.8669577,Medio,18.8963210702,Medio
1403900015525,119.6344789,Medio,22.5444340505,Medio
140390001553A,118.9228308,Medio,21.7798594848,Medio
1403900015544,119.7236403,Medio,19.7674418605,Medio
1403900015559,121.1696986,Bajo,12.3055162659,Bajo
1403900015563,124.3882988,Muy bajo,12.4242424242,Muy bajo
1403900015578,120.0883584,Medio,18.138424821,Bajo
1403900015597,122.3383693,Bajo,10.6516290727,Bajo
140390001560A,124.1754004,Muy bajo,7.6923076923,Muy bajo
1403900015614,121.6196304,Bajo,12.3052959502,Bajo
1403900015629,120.5416609,Medio,15.0205761317,Bajo
1403900015648,125.8895979,Muy bajo,3.5330261137,Muy bajo
1403900015652,124.5182972,Muy bajo,2.8950542823,Muy bajo
1403900015667,124.707404,Muy bajo,4.0355677155,Muy bajo
1403900015671,122.1978097,Bajo,10.2830188679,Bajo
1404000010101,119.9708921,Medio,24.7787610619,Medio
1404000010116,121.1537455,Medio,21.9178082192,Medio
1404000010120,118.8802714,Medio,37.5,Alto
1404000010135,120.2415531,Medio,19.4267515924,Medio
1404000010169,120.7863984,Medio,18.018018018,Medio
1404000010173,119.3869761,Medio,20.9302325581,Medio
1404100010062,119.8876104,Medio,6.2841530055,Bajo
1404100010077,119.860781,Medio,7.4285714286,Medio
1404100010081,120.7306171,Medio,10.3896103896,Medio
1404100010096,119.0540667,Medio,13.3333333333,Medio
1404100010166,119.9070987,Medio,7.6923076923,Medio
1404200010125,118.0692688,Alto,28.9655172414,Medio
140420001013A,120.3380998,Medio,27.5590551181,Medio
1404200010144,116.1430014,Alto,26.2711864407,Medio
1404200010159,119.4669068,Medio,21.3461538462,Medio
1404200010163,120.6652923,Medio,23.1914893617,Medio
1404200010229,117.9548477,Alto,22.2222222222,Medio
1404200010248,111.5275578,Muy alto,19.4444444444,Alto
1404300010226,121.8162087,Bajo,18.9964157706,Medio
1404300010230,121.542019,Bajo,14.5383104126,Medio
1404300010245,121.2344316,Bajo,19.7777777778,Bajo
140430001025A,119.4452424,Medio,22.4137931034,Medio
1404300010264,119.0444073,Medio,22.5165562914,Medio
1404300010279,120.8588332,Medio,16.6666666667,Medio
1404300010283,120.749378,Medio,23.3727810651,Medio
1404300010298,118.232677,Alto,19.0476190476,Medio
1404300010349,122.007537,Bajo,16.6666666667,Medio
1404400010064,119.8039063,Medio,30.985915493,Medio
1404400010079,119.4082612,Medio,16.2790697674,Bajo
1404400010083,119.3482266,Medio,18.1208053691,Medio
1404400010098,119.7602798,Medio,22.0750551876,Medio
1404400010100,120.4450511,Medio,15.7894736842,Medio
1404400010280,119.7283809,Medio,19.7619047619,Medio
1404400010295,119.7255305,Medio,17.7852348993,Medio
1404400010308,121.4350514,Bajo,18.5185185185,Bajo
1404400010312,121.2528736,Bajo,10.7142857143,Bajo
1404400010327,122.6172232,Bajo,16.0714285714,Bajo
1404400010331,115.4679108,Alto,20.0,Medio
140440002005A,125.1354933,Muy bajo,10.5882352941,Bajo
1404400020115,122.3260805,Bajo,13.2969034608,Bajo
140440002012A,119.8709191,Medio,17.7952755906,Medio
1404400020134,123.7535334,Muy bajo,8.5106382979,Bajo
1404400020172,114.3574051,Muy alto,31.25,Alto
1404400020187,119.044822,Medio,18.9473684211,Medio
1404400020346,121.5791478,Bajo,26.0869565217,Medio
1404400020350,118.8426,Medio,19.3548387097,Medio
1404400050257,119.5740295,Medio,15.9574468085,Medio
1404400050261,119.3144964,Medio,15.1969981238,Medio
1404400050276,116.2316606,Alto,18.6440677966,Medio
1404400100223,117.4068979,Alto,37.9310344828,Medio
1404400100238,118.7613532,Medio,33.2175925926,Medio
1404400100242,118.4752308,Alto,33.9667458432,Medio
140440010037A,120.30743,Medio,41.3793103448,Medio
1404400540401,119.3917205,Medio,33.3109919571,Medio
1404400540416,116.4306295,Alto,42.6301853486,Medio
1404400540420,119.5692598,Medio,31.7995069844,Medio
1404400540435,117.0819745,Alto,40.203562341,Medio
1404401700219,119.0448107,Medio,45.8064516129,Medio
1404401700384,120.0790347,Medio,44.4055944056,Medio
1404401700399,122.4953035,Bajo,22.2737819026,Medio
1404500010108,119.9143974,Medio,11.9863013699,Medio
1404500010112,117.9631598,Alto,16.7213114754,Medio
1404500010127,120.2759891,Medio,11.6,Medio
1404500010131,114.2507971,Muy alto,16.4705882353,Medio
1404500010146,120.9279494,Medio,11.6197183099,Medio
1404500010150,118.4926799,Alto,10.7462686567,Medio
1404500010165,117.7214977,Alto,11.4285714286,Medio
1404600010139,117.6772147,Alto,11.1627906977,Medio
1404600010143,119.0776036,Medio,7.2231139647,Medio
1404600010158,119.06797,Medio,8.2828282828,Medio
1404600010162,117.4719634,Alto,11.5079365079,Medio
1404600010181,115.4841158,Alto,14.1868512111,Medio
1404600010196,116.8881831,Alto,16.4179104478,Medio
1404600010209,120.531264,Medio,2.8806584362,Bajo
1404600010213,118.3870262,Alto,8.6757990868,Medio
1404600010228,116.3645983,Alto,13.0630630631,Medio
1404600010232,119.8644097,Medio,10.498687664,Medio
1404600010247,119.9275557,Medio,7.2314049587,Medio
1404600010251,118.0546061,Alto,8.1081081081,Medio
1404600010266,117.9365906,Alto,12.315270936,Medio
1404600010285,116.4286643,Alto,16.2162162162,Medio
1404600010317,117.4830088,Alto,4.8780487805,Medio
1404600010389,119.8720831,Medio,7.1641791045,Bajo
1404600010393,119.9220732,Medio,5.7553956835,Bajo
1404600010444,116.2469428,Alto,5.0,Medio
140460001050A,120.8687109,Medio,3.0303030303,Bajo
1404600010514,122.352959,Bajo,6.9444444444,Medio
1404600010529,121.873711,Bajo,0.0,Muy bajo
1404600010548,116.0383745,Alto,12.5,Medio
1404600010567,116.9336601,Alto,17.6470588235,Medio
1404700010066,118.8638494,Medio,18.4451219512,Medio
1404700010070,118.3588553,Alto,10.621761658,Medio
1404700010085,119.421791,Medio,13.7970353478,Medio
140470001009A,120.5148692,Medio,16.4556962025,Medio
1404700010102,115.7439861,Alto,30.1775147929,Alto
1404700010117,119.5302674,Medio,18.3381088825,Medio
1404700010121,123.6660108,Bajo,4.7619047619,Bajo
1404700010136,123.3082671,Bajo,25.5319148936,Bajo
1404700010189,117.6324941,Alto,32.0,Alto
1404700010193,124.1730888,Muy bajo,5.7692307692,Muy bajo
1404700010206,118.280288,Alto,20.0899550225,Medio
1404700010210,119.9227781,Medio,9.6,Bajo
140470005023A,117.250863,Alto,16.3594470046,Medio
1404700050244,118.1778886,Alto,12.8571428571,Medio
1404800010082,117.2869421,Alto,7.5409836066,Medio
1404800010097,117.0503594,Alto,12.6385809313,Medio
140480001010A,119.5435041,Medio,8.5877862595,Medio
1404800010114,118.3774205,Alto,10.1040118871,Medio
1404800010129,118.371481,Alto,13.0208333333,Medio
1404800010171,120.2135916,Medio,14.2857142857,Bajo
1404800010190,117.0024767,Alto,12.7906976744,Medio
1404800010203,116.7769579,Alto,10.3896103896,Medio
1404800010218,124.8046183,Muy bajo,0.0,Muy bajo
1404800010241,119.4797845,Medio,12.1212121212,Medio
140480001028A,112.3983687,Muy alto,10.0,Medio
1404800010311,119.6767307,Medio,9.0909090909,Medio
1404800010330,117.4322804,Alto,2.3255813953,Medio
1404800010345,118.4778271,Alto,13.0434782609,Alto
1404900010183,119.5106946,Medio,18.487394958,Medio
1404900010198,119.3232663,Medio,18.8118811881,Medio
1404900010200,117.1027582,Alto,4.5454545455,Medio
1405000010095,116.827743,Alto,21.3863060017,Medio
1405000010108,117.1605801,Alto,21.832884097,Medio
1405000010150,118.0907462,Alto,14.9914821124,Medio
1405000010165,117.8030128,Alto,12.3076923077,Bajo
140500001017A,119.2785086,Medio,18.8172043011,Medio
1405000010184,117.9205941,Alto,19.4092827004,Medio
1405000010216,116.1502936,Alto,32.8947368421,Medio
1405000010362,118.5575185,Alto,19.7183098592,Medio
1405000010396,119.7075125,Medio,17.0731707317,Medio
1405000010413,120.9697,Medio,15.625,Medio
1405000010447,118.3030183,Alto,25.0,Medio
1405000020428,114.1851237,Muy alto,34.1201716738,Medio
1405000020432,115.1329604,Muy alto,31.2056737589,Medio
1405000020470,125.0824295,Muy bajo,9.5238095238,Muy bajo
1405000080042,116.8825233,Alto,31.6742081448,Medio
140500008049A,116.9937695,Alto,28.1818181818,Medio
1405000110131,117.3544382,Alto,25.3699788584,Medio
1405000110146,117.3220014,Alto,10.8695652174,Muy bajo
1405000110199,115.6367087,Alto,27.3550724638,Medio
1405000110201,116.3573296,Alto,35.7264957265,Medio
1405000110235,120.1327891,Medio,19.512195122,Bajo
1405000170076,117.7445737,Alto,13.3909287257,Medio
1405000170112,117.0861182,Alto,17.9104477612,Medio
1405000170127,115.9029288,Alto,20.1550387597,Medio
1405000170292,117.8459249,Alto,20.6896551724,Medio
140500017031A,119.8734072,Medio,16.0,Medio
1405000170324,112.0754916,Muy alto,30.4347826087,Alto
140510001004A,120.6005109,Medio,11.9733924612,Medio
1405100010054,120.9557095,Medio,12.5248508946,Medio
1405100010069,121.662848,Bajo,14.2857142857,Bajo
1405100010073,120.6538257,Medio,9.7674418605,Medio
1405100010092,122.6591291,Bajo,9.5890410959,Bajo
1405100010139,118.1362926,Alto,32.5842696629,Medio
1405100010143,120.1304803,Medio,9.0909090909,Medio
1405100010158,121.0274255,Medio,7.6923076923,Bajo
1405100010162,119.4085647,Medio,6.6666666667,Medio
1405100020181,120.3848445,Medio,22.0149253731,Medio
1405100020196,120.9558211,Medio,26.6214177979,Medio
1405100020209,119.8302705,Medio,31.7647058824,Medio
1405100020213,119.8237372,Medio,31.4225053079,Medio
1405200010066,119.2742965,Medio,13.567839196,Medio
1405200010070,120.9764359,Medio,10.9090909091,Medio
1405200010121,121.1073602,Medio,16.9811320755,Medio
1405200010136,120.4435127,Medio,13.8888888889,Medio
1405200010140,121.3773681,Bajo,19.0476190476,Bajo
1405300010326,120.952945,Medio,17.572815534,Bajo
1405300010330,122.2854391,Bajo,14.0954495006,Bajo
1405300010345,121.5602894,Bajo,12.5874125874,Bajo
1405300010364,120.985953,Medio,15.6276686593,Bajo
1405300010379,124.0054777,Muy bajo,10.1156069364,Muy bajo
1405300010468,122.4264425,Bajo,15.3562653563,Bajo
1405300010472,121.7856833,Bajo,16.9429097606,Bajo
1405300010487,121.7132001,Bajo,13.9664804469,Bajo
1405300010504,123.6256832,Bajo,9.8039215686,Muy bajo
1405300010523,121.2377048,Bajo,10.4121475054,Medio
1405300010538,122.2146345,Bajo,12.8705148206,Bajo
1405300010542,122.7459125,Bajo,9.9709583737,Bajo
1405300010557,116.6636302,Alto,16.8711656442,Medio
1405300010595,124.1586112,Muy bajo,17.1568627451,Muy bajo
1405300010627,121.1397159,Medio,15.7232704403,Medio
1405300010631,120.0803069,Medio,11.5763546798,Medio
1405300010646,119.7780258,Medio,19.1176470588,Medio
1405300010665,124.7387819,Muy bajo,4.1198501873,Muy bajo
140530001067A,121.7214283,Bajo,14.1135972461,Bajo
1405300010684,120.7995159,Medio,16.3082437276,Medio
1405300010716,121.6789858,Bajo,14.6299483649,Bajo
1405300010720,119.5620809,Medio,12.5,Medio
1405300010735,124.5752794,Muy bajo,12.8119800333,Bajo
140530001074A,120.0699188,Medio,14.5578231293,Medio
1405300010769,120.8833386,Medio,11.2403100775,Bajo
1405300010773,121.1560232,Medio,14.1025641026,Medio
1405300010792,124.2254783,Muy bajo,15.7894736842,Muy bajo
1405300010839,116.860413,Alto,11.5384615385,Medio
1405300010843,121.6504701,Bajo,22.6118500605,Medio
1405300010858,121.500923,Bajo,18.5606060606,Medio
1405300010881,121.2973718,Bajo,17.3245614035,Medio
1405300010896,121.0056122,Medio,20.5825242718,Bajo
1405300010909,119.9599444,Medio,17.7033492823,Bajo
1405300010913,121.5973395,Bajo,10.5973025048,Bajo
1405300010928,121.2112401,Bajo,11.417816813,Bajo
1405300010970,120.5400771,Medio,32.03125,Medio
140530001099A,124.7442398,Muy bajo,16.9336384439,Bajo
1405300011004,118.0048654,Alto,32.9323308271,Alto
1405300011023,123.6569604,Bajo,15.668202765,Bajo
1405300011042,121.3628558,Bajo,16.5517241379,Medio
1405300011061,121.2494467,Bajo,19.0476190476,Medio
1405300011095,121.2004229,Bajo,10.2,Bajo
1405300011108,122.4550016,Bajo,12.2392211405,Bajo
1405300011112,119.5757665,Medio,18.2857142857,Medio
1405300011127,123.5181041,Bajo,14.5077720207,Bajo
1405300011131,118.4176491,Alto,26.2773722628,Alto
1405300011150,120.5793581,Medio,23.1884057971,Medio
1405300011165,122.5282463,Bajo,13.8728323699,Bajo
140530001117A,118.8551693,Medio,22.2972972973,Medio
1405300011184,120.942611,Medio,24.5749613601,Medio
1405300011199,122.4877615,Bajo,23.9361702128,Medio
1405300011201,116.2752732,Alto,22.3529411765,Medio
1405300011220,121.1402308,Medio,11.3636363636,Bajo
1405300011273,121.0997138,Medio,22.8426395939,Medio
1405300011288,122.996834,Bajo,6.6666666667,Bajo
1405300011305,122.7942169,Bajo,22.0930232558,Medio
140530001131A,122.519175,Bajo,19.6721311475,Medio
1405300011324,124.2267735,Muy bajo,2.1052631579,Muy bajo
1405300011339,119.5722673,Medio,36.9276218612,Medio
1405300660932,117.3132778,Alto,15.625,Medio
1405300660947,117.1533275,Alto,13.8349514563,Medio
1405300661146,109.885645,Muy alto,26.0869565217,Alto
1405309190491,122.4323598,Bajo,20.7142857143,Bajo
1405309190561,121.2036198,Bajo,24.5989304813,Medio
1405309190576,122.0618453,Bajo,27.9029462738,Bajo
1405309271254,120.3356738,Medio,15.7190635452,Medio
1405309271269,120.0811207,Medio,17.8899082569,Medio
1405400010041,121.9832938,Bajo,10.6918238994,Bajo
1405400010056,121.7494009,Bajo,12.1527777778,Bajo
1405400010060,121.2996297,Bajo,8.9005235602,Bajo
1405400010075,119.7978082,Medio,6.9444444444,Bajo
140540001008A,119.7225789,Medio,15.0943396226,Medio
1405400010094,120.0200851,Medio,10.7843137255,Medio
1405400010107,119.2680244,Medio,17.5675675676,Medio
140540001015A,122.7020562,Bajo,18.9189189189,Medio
1405500010072,121.561412,Bajo,19.0972222222,Medio
1405500010087,122.2084859,Bajo,12.9943502825,Bajo
1405500010091,122.2173254,Bajo,12.3170731707,Medio
1405500010104,120.3213958,Medio,19.5512820513,Medio
1405500010119,121.8592287,Bajo,19.4581280788,Medio
1405500010123,121.4239248,Bajo,16.4983164983,Medio
1405500010138,122.684328,Bajo,26.9230769231,Bajo
1405500010142,122.4431976,Bajo,17.5438596491,Bajo
1405500010157,121.6182965,Bajo,10.4166666667,Medio
1405500010176,121.5290832,Bajo,10.9090909091,Medio
1405500010180,121.0648405,Medio,17.1428571429,Medio
1405500010195,120.1522453,Medio,17.3913043478,Medio
1405500010208,119.6920732,Medio,16.8831168831,Medio
140550001027A,123.2213213,Bajo,10.843373494,Bajo
1405500010284,125.664656,Muy bajo,0.0,Muy bajo
1405500010299,123.0848936,Bajo,12.1951219512,Medio
1405500010301,120.5994628,Medio,15.0,Medio
1405500010320,121.8124219,Bajo,14.7058823529,Medio
1405600010099,118.2399202,Alto,18.5430463576,Medio
1405600010101,116.8223096,Alto,10.0,Alto
1405700010043,118.8997808,Medio,10.2620087336,Medio
1405700010058,120.7470068,Medio,10.4089219331,Medio
1405700010062,121.8948255,Bajo,12.7659574468,Medio
1405800010248,120.986327,Medio,11.1111111111,Bajo
1405800010252,122.6169032,Bajo,10.9677419355,Bajo
1405800010267,122.961708,Bajo,9.7331240188,Bajo
1405800010271,121.5930047,Bajo,8.5106382979,Bajo
1405800010286,121.7122778,Bajo,6.4220183486,Bajo
1405800010290,121.9556676,Bajo,2.5641025641,Bajo
1405800010303,121.6875159,Bajo,25.974025974,Medio
1405800010322,122.6348451,Bajo,10.3448275862,Medio
1405800010337,125.0597929,Muy bajo,9.756097561,Bajo
1405800010341,122.8206855,Bajo,5.4545454545,Bajo
1405800010356,123.127205,Bajo,11.4285714286,Bajo
1405800010360,122.8832195,Bajo,10.2272727273,Bajo
140580001038A,123.8274602,Muy bajo,3.1746031746,Muy bajo
1405800010394,123.8051449,Muy bajo,12.0,Bajo
1405900010052,118.7182555,Medio,17.5373134328,Medio
1405900010067,117.5544086,Alto,25.4310344828,Medio
1405900010071,120.5193798,Medio,15.0190114068,Bajo
1405900010086,119.0314567,Medio,17.6334106729,Medio
1405900010090,118.9356114,Medio,16.25,Medio
1405900010103,113.9583743,Muy alto,30.0,Medio
1406000010072,119.9413713,Medio,12.1771217712,Medio
1406000010091,120.8814887,Medio,12.2448979592,Medio
1406000010104,119.524925,Medio,7.5268817204,Medio
1406000010119,118.933814,Medio,20.6896551724,Medio
1406000010142,117.796013,Alto,20.0,Medio
1406000010161,117.6496966,Alto,10.8695652174,Medio
1406000010176,119.8724842,Medio,15.4929577465,Medio
1406000010208,120.6424074,Medio,9.2105263158,Medio
1406100010417,122.0685616,Bajo,22.6666666667,Medio
1406100010421,120.5961243,Medio,21.3333333333,Medio
1406100010525,120.9376794,Medio,16.199376947,Medio
140610001053A,120.2572289,Medio,13.8121546961,Medio
1406100010544,118.2167437,Alto,16.6666666667,Medio
1406200010109,119.0787231,Medio,10.2941176471,Medio
1406200010113,117.9627776,Alto,12.4087591241,Medio
1406200010132,118.0365128,Alto,7.6923076923,Medio
1406300010040,121.5399777,Bajo,16.8152866242,Bajo
1406300010055,120.2344478,Medio,22.2077922078,Medio
140630001006A,122.7767808,Bajo,7.1817192601,Bajo
1406300010074,121.3477272,Bajo,16.6480446927,Bajo
1406300010089,121.658393,Bajo,19.6666666667,Bajo
1406300010093,120.6310836,Medio,21.5271389144,Bajo
1406300010106,123.1742663,Bajo,12.4814264487,Bajo
1406300010110,120.6543468,Medio,16.8431183831,Bajo
140630001013A,119.1458591,Medio,26.9051321928,Medio
1406300010163,123.7071956,Muy bajo,20.0892857143,Bajo
140630001020A,119.6214939,Medio,21.3822894168,Medio
1406300010233,119.9412315,Medio,14.5833333333,Bajo
1406300010248,118.4297686,Alto,18.2692307692,Medio
1406300010252,125.4975123,Muy bajo,8.2551594747,Muy bajo
1406300010267,113.8799846,Muy alto,31.884057971,Alto
1406300010271,118.2807986,Alto,24.8691099476,Medio
1406300010286,121.945966,Bajo,18.85625966,Bajo
1406300010290,119.7991766,Medio,18.8221709007,Medio
1406300010303,117.7513562,Alto,20.9205020921,Medio
1406300010318,124.2201404,Muy bajo,8.7813620072,Bajo
1406300010322,119.9193552,Medio,16.0833333333,Medio
1406300010341,121.2614356,Bajo,19.5402298851,Bajo
1406300010356,122.845942,Bajo,15.8181818182,Bajo
1406300010360,118.4178368,Alto,19.696969697,Medio
1406300010375,124.0627574,Muy bajo,7.2340425532,Muy bajo
140630001038A,117.5339983,Alto,26.5524625268,Medio
1406300010394,117.8212961,Alto,24.8913043478,Medio
1406300010407,122.5541452,Bajo,37.7142857143,Muy bajo
1406300010411,117.0208053,Alto,33.3333333333,Alto
1406300010426,121.7943392,Bajo,20.7920792079,Bajo
1406300010430,123.5882037,Bajo,11.4583333333,Bajo
1406300010445,117.0310468,Alto,27.2976680384,Medio
140630001045A,119.6225795,Medio,16.9811320755,Bajo
1406300010464,120.2806169,Medio,21.1221122112,Medio
1406300010479,117.0761631,Alto,15.0,Medio
1406300010500,121.9538601,Bajo,16.6666666667,Medio
140630001052A,121.9395643,Bajo,13.856812933,Bajo
1406300010534,120.2594907,Medio,18.7845303867,Medio
1406300010549,123.9513151,Muy bajo,5.7818659658,Muy bajo
1406300010553,123.3857253,Bajo,20.1058201058,Bajo
1406300010568,119.2238126,Medio,23.1884057971,Medio
1406300010587,122.1216411,Bajo,18.6005314438,Bajo
1406300010591,114.7516253,Muy alto,36.3636363636,Medio
1406300010604,125.4615687,Muy bajo,2.1978021978,Muy bajo
1406300010642,115.8088503,Alto,33.3333333333,Alto
1406300010727,123.287449,Bajo,12.3726346434,Bajo
1406300280731,117.7193295,Alto,25.9365994236,Alto
1406300280746,119.8576632,Medio,18.4375,Medio
1406400010175,119.083933,Medio,20.0992555831,Medio
140640001018A,119.5888394,Medio,17.1875,Medio
1406400010194,121.0212988,Medio,17.9916317992,Medio
1406400010207,119.829058,Medio,15.6599552573,Medio
1406400010211,118.2801053,Alto,19.2019950125,Medio
1406400010226,117.6455094,Alto,15.8371040724,Medio
1406400010230,121.2143578,Bajo,8.5714285714,Bajo
1406400010245,118.4957845,Alto,15.2542372881,Alto
1406400010264,116.1992248,Alto,18.3098591549,Medio
1406400010279,120.1523179,Medio,16.2866449511,Medio
1406400010334,113.45481,Muy alto,18.4210526316,Alto
1406400010353,101.9678363,Muy alto,20.6896551724,Alto
1406400010368,117.1175802,Alto,14.7058823529,Medio
1406400010387,107.8691954,Muy alto,8.3333333333,Medio
1406400010442,111.8387835,Muy alto,28.8659793814,Alto
1406400320300,116.7445535,Alto,29.4954721863,Alto
1406400320315,115.2073255,Muy alto,31.6258351893,Alto
1406500010030,118.2362642,Alto,17.2205438066,Medio
140650001012A,119.0982176,Medio,18.9964157706,Medio
1406500010149,119.392035,Medio,17.6991150442,Medio
1406500010153,117.6419671,Alto,21.0144927536,Medio
1406500010168,117.5373425,Alto,18.9944134078,Alto
1406500010172,118.8925118,Medio,19.9152542373,Medio
1406500010187,121.6192869,Bajo,5.4347826087,Medio
1406500010204,118.3457164,Alto,23.2876712329,Alto
1406600010095,120.3289225,Medio,18.4158415842,Medio
1406600010108,119.6158478,Medio,16.247582205,Medio
1406600010112,120.6866308,Medio,17.9331306991,Medio
1406600010127,121.1153499,Medio,28.125,Medio
1406600010131,119.9196004,Medio,22.1935483871,Medio
1406600010146,117.6168311,Alto,27.2727272727,Medio
1406600010216,118.3070233,Alto,23.7603305785,Medio
1406600010220,119.3868557,Medio,20.0272479564,Medio
1406600010254,116.1078921,Alto,21.9512195122,Medio
1406600010377,114.0806273,Muy alto,31.5789473684,Alto
1406600110165,122.1067213,Bajo,9.649122807,Bajo
1406600110235,120.2527148,Medio,16.8717047452,Bajo
140660011024A,119.9809627,Medio,14.9394347241,Medio
1406600190057,116.1996783,Alto,51.2084592145,Alto
1406600190150,114.3043026,Muy alto,54.6218487395,Alto
1406600190199,119.0699111,Medio,54.5454545455,Alto
1406600300038,118.9355909,Medio,17.2557172557,Medio
1406600300305,118.8682888,Medio,27.6243093923,Medio
1406600310184,106.2757053,Muy alto,75.5963302752,Muy alto
1406600310201,110.3546768,Muy alto,81.8652849741,Muy alto
140660031031A,106.4440402,Muy alto,76.5517241379,Muy alto
1406600330358,118.5648591,Alto,31.8072289157,Medio
1406600330362,118.5996359,Alto,33.4545454545,Medio
1406700010073,121.2242101,Bajo,33.0383480826,Bajo
1406700010105,123.0249405,Bajo,25.6355932203,Bajo
140670001011A,120.9053603,Medio,23.4234234234,Medio
1406700010124,122.6490696,Bajo,28.7909836066,Bajo
1406700010181,121.7284147,Bajo,25.4646840149,Bajo
1406700010196,122.4869244,Bajo,19.4888178914,Bajo
1406700010213,121.6738559,Bajo,26.2295081967,Bajo
1406700010232,117.7456141,Alto,31.7380352645,Medio
1406700010247,122.090479,Bajo,14.5251396648,Muy bajo
1406700010251,121.8358282,Bajo,26.015037594,Bajo
1406700010270,120.8008429,Medio,22.7272727273,Muy bajo
140670001029A,126.8633065,Muy bajo,17.5438596491,Muy bajo
1406700010302,123.9432299,Muy bajo,20.1949860724,Muy bajo
1406700010340,126.4744705,Muy bajo,2.7027027027,Muy bajo
1406700010444,123.5799917,Bajo,11.9218910586,Muy bajo
1406700010459,124.8834163,Muy bajo,22.1606648199,Muy bajo
1406700010478,123.613501,Bajo,19.5154777927,Bajo
1406700010497,121.1977286,Bajo,25.4587155963,Medio
1406700010514,120.9874491,Medio,33.4532374101,Medio
1406700010529,121.9744136,Bajo,27.2556390977,Bajo
1406700010533,121.8907119,Bajo,20.3389830508,Bajo
1406700010548,121.2565828,Bajo,25.0501002004,Bajo
1406700010552,121.8359908,Bajo,28.7477954145,Bajo
1406700010567,120.9337993,Medio,26.1652542373,Bajo
1406700010586,121.6138454,Bajo,30.2045728039,Bajo
1406700010590,120.5497518,Medio,35.3866317169,Medio
1406700010641,116.7484263,Alto,34.3409915357,Medio
1406700010656,120.8243369,Medio,16.935483871,Bajo
1406700010660,120.2606157,Medio,26.4406779661,Medio
1406700010675,119.8332831,Medio,22.480620155,Bajo
1406700010726,125.3901374,Muy bajo,8.4772370487,Muy bajo
140670001075A,124.2545453,Muy bajo,12.6092384519,Muy bajo
140670001082A,125.1963585,Muy bajo,12.5260960334,Muy bajo
1406700010834,124.7373543,Muy bajo,12.037037037,Muy bajo
1406700010849,123.0066898,Bajo,18.375,Bajo
1406700010853,121.8881268,Bajo,27.9878971256,Bajo
1406700010887,121.3932916,Bajo,22.3867595819,Bajo
1406700010891,120.4411479,Medio,32.5581395349,Medio
1406700010923,121.2647757,Bajo,26.5512265512,Bajo
1406700010942,122.0684511,Bajo,34.0839303992,Bajo
1406700010961,122.6725583,Bajo,18.75,Bajo
1406700011033,120.017967,Medio,20.0,Bajo
1406700011048,123.7142654,Muy bajo,32.4324324324,Bajo
1406700011067,121.0563918,Medio,24.9090909091,Medio
1406700011071,120.3086391,Medio,26.4388489209,Medio
1406700011086,121.4194421,Bajo,26.6750948167,Medio
1406700011090,119.2492946,Medio,25.0,Medio
1406700011103,121.1016556,Medio,24.6153846154,Bajo
1406700011118,123.2568756,Bajo,10.9090909091,Bajo
1406700011245,120.5996849,Medio,28.6764705882,Bajo
140670001125A,121.0581299,Medio,25.0936329588,Medio
1406700011279,120.4544699,Medio,30.0527240773,Medio
1406700011283,120.8245893,Medio,25.6588072122,Medio
1406700011298,121.2994151,Bajo,21.6284987277,Bajo
1406700011461,118.6324358,Medio,34.2541436464,Medio
1406700011476,119.7034308,Medio,32.0512820513,Medio
1406700011480,120.6835185,Medio,32.3170731707,Medio
1406700011495,121.1628425,Bajo,20.7547169811,Bajo
1406700011527,119.8149039,Medio,29.7994269341,Medio
1406700011531,121.0906654,Medio,26.9113149847,Medio
1406700011550,117.4500618,Alto,41.6666666667,Medio
140670001157A,121.2907258,Bajo,17.1428571429,Medio
1406700011584,118.025606,Alto,30.4347826087,Medio
1406700011599,120.3089022,Medio,32.5242718447,Medio
1406700011620,120.562827,Medio,17.7777777778,Medio
1406700011635,120.6990379,Medio,23.9616613419,Medio
140670001164A,119.5947137,Medio,23.7288135593,Medio
1406700011654,120.0088712,Medio,29.5081967213,Medio
1406700011669,122.6038963,Bajo,29.8305084746,Bajo
1406700011673,122.5496592,Bajo,24.1308793456,Muy bajo
1406700011688,121.9141261,Bajo,22.5806451613,Bajo
1406700011692,121.5262124,Bajo,16.0,Bajo
1406700011705,122.8187672,Bajo,13.9072847682,Bajo
140670001171A,124.1782533,Muy bajo,10.2150537634,Muy bajo
1406700011724,121.5688232,Bajo,25.9979529171,Bajo
1406700011739,119.4444777,Medio,29.4057377049,Medio
1406700011743,123.9444212,Muy bajo,19.8675496689,Bajo
1406700011758,124.7561684,Muy bajo,16.6189111748,Bajo
1406700011762,122.0894392,Bajo,24.5033112583,Bajo
1406700011777,120.8442477,Medio,14.4,Bajo
1406700011796,121.297941,Bajo,28.9398280802,Medio
1406700011828,115.6717553,Alto,38.7096774194,Medio
1406700011847,120.6564859,Medio,19.6721311475,Bajo
1406700011851,119.8594753,Medio,23.0,Medio
1406700011866,117.5826508,Alto,37.6404494382,Medio
1406700011870,119.9041958,Medio,30.9701492537,Medio
1406700011885,121.0192308,Medio,19.5467422096,Medio
140670001189A,117.1300995,Alto,25.6097560976,Medio
1406700011902,119.3525289,Medio,21.7194570136,Medio
1406700011936,120.8351996,Medio,46.875,Medio
1406700011940,121.3024441,Bajo,29.1666666667,Medio
1406700011955,121.4314656,Bajo,12.3222748815,Bajo
140670001196A,123.2706793,Bajo,6.7708333333,Muy bajo
1406700011989,120.2535876,Medio,30.4347826087,Medio
1406700011993,124.4297575,Muy bajo,18.6379928315,Muy bajo
1406700012012,118.1062689,Alto,39.6825396825,Medio
1406700012027,119.7321581,Medio,16.6666666667,Medio
1406700012031,120.3992139,Medio,26.3157894737,Medio
1406700012046,120.1596176,Medio,19.7674418605,Medio
1406700012050,118.4166945,Alto,30.4812834225,Medio
1406700012084,119.3727138,Medio,26.0,Medio
1406700012116,121.0200701,Medio,27.2189349112,Bajo
1406700012120,124.3941068,Muy bajo,13.3920704846,Muy bajo
1406700012135,124.6241836,Muy bajo,16.6180758017,Muy bajo
140670001214A,121.8900067,Bajo,25.9860788863,Bajo
1406700012154,124.0400822,Muy bajo,8.8560885609,Muy bajo
1406700012169,124.6848801,Muy bajo,9.9065420561,Muy bajo
1406700012173,122.2202303,Bajo,25.0,Bajo
1406700012188,120.3646602,Medio,35.0081037277,Medio
1406700012192,120.4291091,Medio,29.5945945946,Medio
1406700012205,122.2454624,Bajo,21.1428571429,Bajo
140670001221A,120.3774938,Medio,24.5967741935,Medio
1406700012224,120.769684,Medio,29.0410958904,Medio
1406700012239,118.0430459,Alto,23.2727272727,Medio
1406700012243,121.0468068,Medio,21.4912280702,Bajo
1406700012258,121.4506915,Bajo,23.4482758621,Bajo
1406700012262,119.5625045,Medio,25.8130081301,Medio
1406700012277,120.7155062,Medio,23.7136465324,Medio
1406700012281,122.0534792,Bajo,22.9651162791,Bajo
1406700012309,123.7702506,Muy bajo,9.4632768362,Muy bajo
1406700012313,121.5776718,Bajo,19.723183391,Bajo
1406700012347,123.5956356,Bajo,7.9710144928,Bajo
1406700012351,122.8139261,Bajo,12.6943005181,Bajo
1406700012385,121.1408598,Medio,23.9436619718,Medio
140670001239A,119.6612542,Medio,27.619047619,Medio
1406700012402,113.0338367,Muy alto,36.0,Alto
1406700012417,119.9863845,Medio,29.9363057325,Medio
1406700012436,117.3912409,Alto,20.4545454545,Alto
1406700012440,122.4754058,Bajo,24.6153846154,Bajo
1406700012455,124.985023,Muy bajo,17.9190751445,Muy bajo
1406700012510,125.044913,Muy bajo,9.5131086142,Muy bajo
1406700012525,121.2627009,Bajo,27.5494672755,Bajo
140670001253A,121.8240085,Bajo,27.5547445255,Bajo
1406700012544,121.2014995,Bajo,25.6218905473,Bajo
1406700012559,117.9511799,Alto,20.5882352941,Medio
1406700012563,122.8958286,Bajo,16.393442623,Bajo
1406700012578,122.4778599,Bajo,18.1268882175,Bajo
1406700012582,124.9988557,Muy bajo,11.9675456389,Muy bajo
1406700012597,124.949339,Muy bajo,5.1169590643,Muy bajo
140670001260A,120.5558287,Medio,27.2727272727,Bajo
1406700012614,121.1904302,Bajo,27.9883381924,Bajo
1406700012629,121.0920724,Medio,28.0519480519,Medio
1406700012633,121.5880035,Bajo,22.7027027027,Bajo
1406700012648,125.2001061,Muy bajo,8.3333333333,Muy bajo
1406700012652,123.8997993,Muy bajo,16.1016949153,Bajo
1406700012686,125.0962975,Muy bajo,9.0620031797,Muy bajo
1406700012737,118.0313585,Alto,19.4444444444,Alto
1406700012741,113.3463075,Muy alto,33.3333333333,Alto
140670001278A,120.3331559,Medio,25.3521126761,Medio
1406700012794,119.5841459,Medio,30.3191489362,Medio
1406700012898,125.1352864,Muy bajo,9.0909090909,Muy bajo
1406700012949,112.7342421,Muy alto,40.0,Alto
1406700012953,116.2243635,Alto,23.8095238095,Alto
1406700012968,113.7451264,Muy alto,28.4615384615,Medio
1406700013063,123.7064489,Muy bajo,7.0707070707,Muy bajo
140670001310A,122.4854721,Bajo,8.1967213115,Bajo
1406700013133,112.957253,Muy alto,30.5555555556,Medio
1406700013152,125.3679312,Muy bajo,11.2676056338,Muy bajo
1406700013167,116.2553358,Alto,31.9444444444,Alto
1406700013171,119.9496134,Medio,30.1886792453,Medio
1406700280393,121.3728358,Bajo,25.641025641,Medio
1406700280410,119.1810865,Medio,33.7777777778,Medio
1406700280425,120.3024798,Medio,24.2236024845,Medio
1406700280603,119.513447,Medio,36.0052562418,Medio
1406700280637,121.6259155,Bajo,23.4355828221,Bajo
1406700280798,121.2920005,Bajo,29.4520547945,Bajo
1406700280800,122.7725572,Bajo,22.8846153846,Bajo
1406700280995,121.1305341,Medio,20.8510638298,Medio
140670028100A,123.9334235,Muy bajo,19.4291986828,Bajo
1406700281014,119.5117218,Medio,31.4814814815,Medio
1406700281122,119.4756044,Medio,28.9617486339,Medio
1406700281137,119.7457277,Medio,29.9212598425,Medio
1406700281156,120.1748269,Medio,18.1818181818,Medio
1406700281175,117.3083707,Alto,27.6595744681,Medio
140670028118A,119.8227059,Medio,30.8270676692,Medio
1406700281194,121.6665136,Bajo,28.2894736842,Medio
1406700281207,123.151112,Bajo,18.75,Muy bajo
1406700281211,118.2484475,Alto,44.2857142857,Medio
1406700281226,121.2118795,Bajo,26.2108262108,Medio
1406700281230,122.2798531,Bajo,21.1428571429,Bajo
1406700281601,125.0879527,Muy bajo,14.7058823529,Muy bajo
1406700281616,117.489923,Alto,30.0,Medio
1406700282099,119.6053673,Medio,20.0,Medio
1406700282474,123.1872189,Bajo,8.9655172414,Bajo
1406700282489,122.5168661,Bajo,18.75,Bajo
1406700282493,124.2435272,Muy bajo,20.2205882353,Bajo
1406700282506,125.0407138,Muy bajo,13.1720430108,Muy bajo
1406700282703,124.1344896,Muy bajo,8.6956521739,Bajo
1406700282722,120.6871274,Medio,26.6666666667,Medio
1406700282807,118.6448227,Medio,20.0,Bajo
1406700283006,115.0538914,Muy alto,35.3293413174,Alto
1406700283078,124.6317382,Muy bajo,19.6097560976,Bajo
1406700283082,124.5194042,Muy bajo,11.3268608414,Muy bajo
1406700283097,125.4222966,Muy bajo,8.4812623274,Muy bajo
140670031068A,121.0441661,Medio,27.5229357798,Bajo
1406700310694,120.679556,Medio,29.8118668596,Bajo
1406700311300,120.4535878,Medio,31.2693498452,Medio
1406700311419,120.1716151,Medio,20.1923076923,Bajo
1406700311809,120.3197442,Medio,33.3804809052,Medio
1406700311813,121.3092632,Bajo,27.7929155313,Bajo
1406700312366,124.9397366,Muy bajo,12.0481927711,Bajo
1406700312370,125.0299067,Muy bajo,17.7419354839,Muy bajo
1406700312775,120.0543492,Medio,10.0,Bajo
1406700380904,119.0709445,Medio,15.3488372093,Medio
1406700380919,119.5089551,Medio,18.6582809224,Medio
1406700381315,119.5471909,Medio,33.0434782609,Medio
1406700381921,121.5371714,Bajo,22.2222222222,Medio
1406800010206,120.2461951,Medio,14.1649048626,Medio
1406800010210,120.2667819,Medio,15.0,Medio
1406800010225,120.7977386,Medio,15.9574468085,Medio
140680001023A,120.8443618,Medio,13.3333333333,Medio
1406800010259,122.5425181,Bajo,7.9545454545,Bajo
1406800010282,119.7442034,Medio,11.5384615385,Medio
1406800010297,118.9718658,Medio,18.0,Medio
1406800010333,114.0148527,Muy alto,9.0909090909,Medio
1406800010352,119.3805443,Medio,19.0789473684,Medio
140690001010A,115.6565195,Alto,16.7832167832,Medio
1406900010114,117.7495105,Alto,11.7283950617,Medio
1407000010030,122.7753806,Bajo,17.0250896057,Bajo
1407000010045,122.0540866,Bajo,18.7256176853,Bajo
1407000010098,121.3100921,Bajo,15.9857904085,Bajo
1407000010100,122.1889476,Bajo,14.1909814324,Bajo
1407000010115,122.7342438,Bajo,14.7919876733,Bajo
140700001012A,120.7135384,Medio,15.3100775194,Bajo
1407000010134,122.6720065,Bajo,15.9663865546,Bajo
140700001037A,119.3003074,Medio,23.4567901235,Medio
1407000010384,122.4773142,Bajo,14.2857142857,Bajo
1407000010399,121.3648968,Bajo,19.3370165746,Medio
1407000010539,119.4630523,Medio,15.7894736842,Bajo
1407000010581,123.1852882,Bajo,17.8571428571,Medio
1407000010685,119.1346006,Medio,21.5189873418,Medio
1407000010702,119.4734305,Medio,23.7897648686,Medio
1407000010717,121.1785042,Bajo,18.7214611872,Medio
1407000010914,120.8328163,Medio,13.0434782609,Medio
1407000010929,116.1930635,Alto,13.6363636364,Medio
1407000011058,119.1061689,Medio,29.9120234604,Medio
1407000011240,112.8526682,Muy alto,32.4324324324,Alto
1407000011503,118.6524708,Medio,40.3263403263,Medio
140700013005A,118.7644516,Medio,14.2441860465,Medio
1407000130083,120.0294834,Medio,15.4910096819,Medio
1407000130238,121.6993887,Bajo,15.9090909091,Bajo
1407000130327,120.3104729,Medio,20.9862385321,Medio
1407000130350,116.6063952,Alto,27.473806752,Medio
1407000130365,118.6473879,Medio,23.0659025788,Medio
1407000130401,119.636263,Medio,13.3928571429,Medio
1407000130416,118.5438179,Alto,21.0055865922,Medio
1407000130420,118.2814285,Alto,27.6295133438,Medio
1407000130435,117.0263215,Alto,30.701754386,Medio
1407000130596,110.6398891,Muy alto,45.3781512605,Alto
1407000131429,117.5009185,Alto,24.1602067183,Medio
1407000131433,118.964967,Medio,24.0875912409,Medio
1407000131448,113.308497,Muy alto,35.4002254791,Alto
1407000131452,114.5738218,Muy alto,34.0028694405,Alto
1407000131471,120.3017687,Medio,21.4920071048,Medio
1407000131486,119.9896917,Medio,18.4357541899,Medio
1407000140219,119.9175793,Medio,17.0157068063,Medio
1407000140223,118.9654356,Medio,21.9101123596,Medio
1407000140276,118.4742744,Alto,22.1614227086,Medio
1407000140280,120.4803202,Medio,16.0975609756,Medio
1407000140346,119.5193715,Medio,21.8934911243,Medio
140700014044A,116.092479,Alto,24.4791666667,Medio
1407000140469,118.5621969,Alto,16.1290322581,Medio
1407000140473,115.127299,Muy alto,33.3333333333,Medio
1407000140488,117.1853577,Alto,32.7868852459,Medio
1407000140543,116.2079354,Alto,22.695035461,Medio
1407000140558,124.0526272,Muy bajo,2.3474178404,Muy bajo
1407000140609,114.1058055,Muy alto,32.9268292683,Medio
1407000140774,115.9274065,Alto,30.7116104869,Medio
1407000140810,113.0333415,Muy alto,35.1648351648,Alto
1407000140825,118.9250816,Medio,20.8994708995,Medio
140700014083A,118.6397882,Medio,21.2180746562,Medio
1407000140844,119.3159871,Medio,18.1443298969,Bajo
1407000140859,120.1496008,Medio,16.3594470046,Bajo
1407000200079,122.4908665,Bajo,15.5487804878,Bajo
1407000200191,121.1171122,Medio,20.4398447607,Medio
1407000200204,120.6855713,Medio,18.1086519115,Medio
1407000200242,121.1304878,Medio,21.2121212121,Medio
1407000200261,122.9933247,Bajo,9.7222222222,Bajo
1407000200613,121.3970653,Bajo,18.9655172414,Bajo
1407000200789,118.4278948,Alto,36.3799283154,Medio
1407000200933,120.2057736,Medio,20.5882352941,Medio
1407000201236,123.9068088,Muy bajo,16.1380597015,Bajo
1407000201255,124.1534107,Muy bajo,18.2978723404,Bajo
140700020126A,117.7041556,Alto,45.0,Medio
1407000201382,123.2287595,Bajo,18.685669042,Bajo
1407000201397,120.9226352,Medio,33.3696046427,Medio
1407000210721,119.2719472,Medio,23.3918128655,Medio
1407000210736,120.7452683,Medio,17.816091954,Medio
1407000210740,116.1197103,Alto,26.8817204301,Medio
1407000210755,115.4178689,Alto,30.46875,Medio
140700021076A,115.1959468,Muy alto,28.4671532847,Alto
1407000210967,120.9977848,Medio,23.4567901235,Medio
1407000211005,117.8025966,Alto,26.1954261954,Medio
140700021101A,119.4367073,Medio,20.4909284952,Medio
1407000211096,116.8733208,Alto,27.0562770563,Medio
1407000211109,118.216249,Alto,20.0,Medio
1407000211113,119.4885197,Medio,18.6948853616,Medio
1407000211128,119.4100434,Medio,23.9130434783,Medio
1407000211151,119.2296492,Medio,23.6641221374,Medio
1407000211185,114.2436672,Muy alto,27.7777777778,Medio
140700021119A,111.912054,Muy alto,28.3582089552,Alto
1407000430295,117.7447567,Alto,27.4590163934,Medio
1407000430308,116.6212248,Alto,33.5453100159,Medio
1407000430492,117.0302779,Alto,29.5454545455,Medio
1407000430505,116.1004665,Alto,33.9285714286,Medio
1407000430647,119.9320469,Medio,21.4285714286,Medio
1407000430651,118.1115607,Alto,30.8823529412,Medio
1407000430806,116.3108456,Alto,25.0,Medio
1407000430897,116.6520053,Alto,29.9715909091,Medio
140700043090A,116.3484373,Alto,25.8566978193,Medio
1407000430971,118.535771,Alto,33.8461538462,Medio
1407000430990,114.198658,Muy alto,45.0,Alto
1407000431024,118.2094983,Alto,20.6666666667,Medio
1407000431039,117.2953302,Alto,26.4984227129,Alto
1407000431081,116.2877474,Alto,34.7826086957,Medio
1407000431132,116.8061097,Alto,27.0676691729,Medio
1407000431147,116.1901935,Alto,32.1353065539,Medio
1407000431202,118.0507108,Alto,31.2169312169,Alto
1407000641293,119.6021581,Medio,28.0285035629,Medio
1407000641306,122.135569,Bajo,19.8637911464,Medio
1407001111310,122.3753648,Bajo,29.1438979964,Medio
1407001111325,123.172273,Bajo,27.8217821782,Bajo
140700111133A,118.8684933,Medio,41.6964285714,Medio
1407001111344,117.7072463,Alto,40.4166666667,Medio
1407001111359,120.8919147,Medio,37.5,Medio
1407001111363,121.7004442,Bajo,34.6456692913,Medio
1407001111490,119.0692661,Medio,43.3734939759,Medio
1407001211518,119.5758514,Medio,32.577665827,Medio
1407100010095,119.2277661,Medio,19.5238095238,Medio
1407200010073,120.4272959,Medio,7.8175895765,Medio
1407200010088,119.9633508,Medio,8.3094555874,Medio
1407200010092,121.1050915,Medio,34.615384615400004,Medio
1407200010105,118.3020536,Alto,10.8333333333,Medio
1407200010124,120.6515216,Medio,7.4380165289,Medio
1407200010143,119.0818901,Medio,9.0909090909,Medio
1407200010158,118.5326108,Alto,13.4969325153,Medio
1407300010070,119.2401007,Medio,9.4777562863,Bajo
1407300010140,117.7456567,Alto,9.1038406828,Medio
140730001016A,118.2652844,Alto,10.4010025063,Medio
1407300010189,119.3689692,Medio,9.4827586207,Bajo
1407300010193,118.5837748,Alto,11.0526315789,Medio
1407300010206,119.1831998,Medio,10.9496124031,Medio
1407300010225,120.0075393,Medio,10.8291032149,Medio
140730001023A,121.5595984,Bajo,5.7569296375,Bajo
1407300010244,120.0260183,Medio,8.0817916261,Bajo
1407300010259,119.9903145,Medio,8.9485458613,Bajo
1407300010263,118.5564033,Alto,8.6267605634,Medio
1407300010278,118.3822104,Alto,12.1134020619,Medio
1407300010282,119.8635433,Medio,5.3289473684,Medio
1407300010297,121.4710481,Bajo,5.9633027523,Bajo
140730001030A,117.8691483,Alto,11.038961039,Medio
1407300010329,119.4374515,Medio,6.8100358423,Bajo
1407300010333,119.3841866,Medio,6.3789868668,Medio
1407300010348,118.8750907,Medio,7.3619631902,Medio
1407300010371,119.7860017,Medio,8.4183673469,Medio
1407300010386,119.30074,Medio,2.5,Medio
1407300010403,118.766283,Medio,5.1724137931,Medio
1407300010437,118.3521602,Alto,10.3448275862,Medio
1407300010456,122.5344624,Bajo,6.1224489796,Muy bajo
1407300010460,118.8688775,Medio,12.5541125541,Medio
1407300010494,120.8981388,Medio,8.1967213115,Medio
1407300010507,120.1464379,Medio,13.2352941176,Medio
1407300010545,126.1926092,Muy bajo,9.6774193548,Muy bajo
1407300010579,119.1137542,Medio,16.0,Medio
1407300010598,121.5278514,Bajo,7.7753779698,Bajo
1407300010600,123.6955293,Bajo,5.8823529412,Muy bajo
1407300010615,122.2135851,Bajo,2.0202020202,Medio
1407300010634,119.484012,Medio,8.4848484848,Medio
1407300010649,121.3420009,Bajo,6.4516129032,Medio
1407300010719,122.3274913,Bajo,6.4220183486,Bajo
1407302210687,119.217325,Medio,13.2596685083,Medio
1407302210691,119.0590664,Medio,18.0497925311,Medio
1407400010059,118.902218,Medio,9.072781655,Medio
1407400010063,118.9307119,Medio,11.8758434548,Medio
1407400010078,119.7986617,Medio,10.6818181818,Medio
1407400010082,116.21089,Alto,6.9958847737,Medio
1407400010097,120.4332478,Medio,9.900990099,Medio
140740001010A,118.6928737,Medio,9.6280087527,Medio
1407400010114,118.4094209,Alto,11.9341563786,Medio
1407400010129,117.9346736,Alto,9.0909090909,Medio
1407400010133,118.8055872,Medio,2.9411764706,Medio
1407400010190,119.0743789,Medio,4.4776119403,Medio
1407400010203,118.5823643,Alto,10.0,Medio
1407400010218,119.349226,Medio,4.347826087,Medio
1407400010222,121.245812,Bajo,7.9365079365,Medio
1407400010237,117.4435001,Alto,9.0909090909,Medio
1407500010060,118.8082847,Medio,12.0943952802,Medio
1407500010075,119.6969984,Medio,15.9638554217,Medio
140750001008A,122.9105531,Bajo,14.2857142857,Bajo
1407500010094,119.791209,Medio,11.4942528736,Bajo
1407500010107,118.6125312,Medio,26.6666666667,Alto
1407500010111,119.8564166,Medio,14.2857142857,Bajo
1407500010126,121.0371578,Medio,16.1290322581,Medio
1407600010104,118.5597097,Alto,23.8095238095,Medio
1407600010119,120.8577096,Medio,18.0327868852,Medio
1407600010123,119.9392655,Medio,30.5389221557,Medio
1407600010138,121.1435766,Medio,17.5572519084,Medio
1407700010120,118.5688732,Alto,15.6193895871,Medio
1407700010135,118.5407684,Alto,15.5495978552,Medio
140770001014A,118.8028444,Medio,15.4574132492,Bajo
1407700010154,118.622825,Medio,16.4556962025,Medio
1407700010192,119.1265434,Medio,10.2564102564,Bajo
1407700010205,121.1820678,Bajo,9.8214285714,Bajo
1407700010224,117.7646911,Alto,14.2857142857,Bajo
1407700010239,119.1298438,Medio,14.2857142857,Medio
1407700010243,117.4730582,Alto,6.0606060606,Bajo
1407700010313,116.2165288,Alto,22.641509434,Medio
1407700010328,118.2444542,Alto,19.2307692308,Medio
1407700010347,113.7014776,Muy alto,27.5862068966,Medio
1407700010402,119.4396035,Medio,17.2413793103,Medio
1407700050169,122.253367,Bajo,11.8556701031,Bajo
1407700050173,121.0376296,Medio,16.403785489,Medio
1407700050281,122.7681361,Bajo,18.4210526316,Medio
1407700150084,118.4992105,Alto,26.368159204,Medio
1407700220296,120.940567,Medio,8.3333333333,Bajo
1407700220309,117.007193,Alto,14.3369175627,Medio
1407700220385,117.0971758,Alto,27.2727272727,Medio
1407800010113,119.0119992,Medio,11.269035533,Medio
1407800010147,119.7400713,Medio,11.8601747815,Medio
1407800010151,120.170105,Medio,9.6544715447,Medio
1407800010166,118.8161446,Medio,8.8737201365,Medio
1407800010170,119.590634,Medio,7.3863636364,Medio
1407800010185,119.8302645,Medio,7.4226804124,Medio
140780001019A,119.8112663,Medio,3.6101083032,Bajo
1407800010202,118.0829286,Alto,6.3829787234,Medio
1407800010217,119.5193341,Medio,9.1388400703,Bajo
1407800010221,118.5965591,Alto,11.4285714286,Medio
1407800010236,119.9046669,Medio,10.6382978723,Medio
1407800010240,115.3321907,Alto,17.0731707317,Medio
1407800010255,118.7181326,Medio,4.5454545455,Medio
140780001026A,117.3327203,Alto,7.5,Medio
1407800010289,122.3863363,Bajo,4.0,Medio
1407800010310,112.9842939,Muy alto,16.091954023,Medio
1407800010344,119.0535639,Medio,7.6923076923,Medio
1407800010363,120.4319861,Medio,9.7247706422,Medio
1407800010378,119.1066202,Medio,12.5,Bajo
1407800010397,120.0891222,Medio,7.8947368421,Bajo
1407800010429,116.1617617,Alto,7.6923076923,Medio
1407800010433,121.8051298,Bajo,10.0,Bajo
1407800010448,120.2542305,Medio,14.2857142857,Medio
1407800010467,122.7218994,Bajo,7.5187969925,Medio
1407900010089,117.6541812,Alto,23.9644970414,Medio
1407900010106,120.3921823,Medio,22.4299065421,Medio
1407900010144,114.2543072,Muy alto,26.3157894737,Alto
1407900010159,120.5004046,Medio,18.9979123173,Bajo
1407900010163,117.230028,Alto,17.0468187275,Medio
1407900010178,117.1461565,Alto,16.6666666667,Medio
140790001020A,116.9812384,Alto,25.0,Alto
1407900010214,119.4503147,Medio,26.0504201681,Medio
1407900010271,121.681464,Bajo,23.2142857143,Medio
1407900300074,118.9909198,Medio,19.696969697,Medio
1407900300093,119.3078022,Medio,15.4838709677,Medio
1407900300197,115.5821422,Alto,29.2682926829,Alto
1407900300233,119.7427287,Medio,19.9623352166,Medio
1407900300248,119.0765337,Medio,18.7096774194,Medio
1407900300267,114.4394267,Muy alto,28.5714285714,Alto
1407900300303,116.7214882,Alto,33.3333333333,Alto
1408000010145,124.1892849,Muy bajo,14.1025641026,Bajo
140800001015A,123.1902473,Bajo,7.6923076923,Bajo
1408100010068,118.8721837,Medio,17.3913043478,Medio
1408100010104,118.1020798,Alto,14.7058823529,Bajo
1408100010119,119.6268145,Medio,11.4864864865,Bajo
1408100380142,121.7685056,Bajo,3.8461538462,Medio
1408100380157,119.7894365,Medio,15.0943396226,Medio
1408200010046,120.1692017,Medio,15.5285313377,Bajo
1408200010050,120.8915875,Medio,15.6931124673,Bajo
1408200010099,119.8144698,Medio,15.625,Medio
1408200010101,120.5145888,Medio,15.6930126002,Bajo
1408200010120,121.4206511,Bajo,12.4087591241,Bajo
1408200010135,123.3083368,Bajo,10.9826589595,Bajo
140820001014A,119.0113552,Medio,20.1438848921,Medio
1408200010173,113.795494,Muy alto,17.3913043478,Medio
1408200010192,122.7429644,Bajo,12.9230769231,Bajo
1408200010258,120.5604384,Medio,16.6077738516,Bajo
1408200010262,122.1769409,Bajo,11.4485981308,Bajo
1408200010332,123.7034508,Bajo,18.1818181818,Bajo
1408200010366,121.4209874,Bajo,13.8686131387,Bajo
1408200010370,122.4316192,Bajo,10.0840336134,Bajo
1408200010385,120.730457,Medio,23.6842105263,Medio
140820001039A,113.6180177,Muy alto,36.5384615385,Alto
1408200010402,123.7421708,Muy bajo,22.2222222222,Medio
1408200260154,121.3785947,Bajo,22.619047619,Medio
1408200260277,121.0636074,Medio,13.3333333333,Medio
1408200260347,119.3284514,Medio,19.2069392813,Medio
1408200260351,118.7057446,Medio,23.8958097395,Medio
1408200260436,119.6116152,Medio,22.0,Medio
1408300010024,121.1873639,Bajo,14.573346117,Bajo
1408300010039,121.0254546,Medio,12.4726477024,Bajo
1408300010043,118.8394247,Medio,22.7365554799,Medio
1408300010132,118.9169282,Medio,26.1351052049,Medio
1408300010151,123.2282346,Bajo,10.0706713781,Bajo
1408300010166,119.7139001,Medio,18.8986232791,Medio
1408300010170,119.4501634,Medio,21.0970464135,Medio
1408300010185,121.3847079,Bajo,13.4670487106,Bajo
1408300010310,120.1532939,Medio,23.1075697211,Medio
1408300010325,119.5135025,Medio,19.4630872483,Medio
140830001033A,120.5750511,Medio,14.7058823529,Medio
1408300010344,124.754532,Muy bajo,5.1873198847,Muy bajo
1408300010359,122.5529259,Bajo,15.5555555556,Bajo
1408300010363,122.886806,Bajo,19.1780821918,Medio
1408300010378,124.3430789,Muy bajo,15.0,Bajo
1408300010382,121.5355025,Bajo,12.6984126984,Bajo
140830001040A,121.3050465,Bajo,0.0,Medio
1408300010429,118.1827473,Alto,16.049382716,Medio
1408300010433,110.0196991,Muy alto,41.1764705882,Alto
1408300010541,118.756097,Medio,24.21875,Medio
1408300010556,124.6080977,Muy bajo,11.7283950617,Bajo
1408300010560,121.1550933,Medio,21.7741935484,Medio
1408300010611,123.5913569,Bajo,8.2142857143,Bajo
1408300010626,114.7417412,Muy alto,42.2222222222,Alto
1408300010630,124.1625986,Muy bajo,8.9887640449,Bajo
1408300010645,125.0664016,Muy bajo,15.2777777778,Muy bajo
140830001065A,125.3635034,Muy bajo,11.1111111111,Bajo
1408300010664,122.4762028,Bajo,21.0810810811,Bajo
1408300010715,120.0530909,Medio,19.0812720848,Medio
1408300010772,122.1352865,Bajo,32.1951219512,Medio
1408300010791,124.9241692,Muy bajo,14.2857142857,Muy bajo
1408300010819,125.6395232,Muy bajo,4.2253521127,Muy bajo
1408300010838,126.7242823,Muy bajo,14.2857142857,Muy bajo
1408300010965,122.6824039,Bajo,19.9633699634,Bajo
1408300010999,120.8376871,Medio,30.9734513274,Medio
1408300011018,120.2052544,Medio,32.9545454545,Medio
1408300040109,121.2037533,Bajo,25.1141552511,Medio
1408300040306,121.8493631,Bajo,17.9487179487,Bajo
1408300040467,120.8559307,Medio,26.6666666667,Medio
1408300040490,124.0018512,Muy bajo,6.6666666667,Bajo
1408300130096,122.0877283,Bajo,17.067583047,Medio
1408300130217,122.9339053,Bajo,8.6274509804,Bajo
1408300130221,120.0793977,Medio,23.0620155039,Medio
1408300130518,109.5488141,Muy alto,27.2727272727,Alto
1408300130804,115.2906653,Alto,34.0,Alto
1408300130984,117.6770134,Alto,45.0,Medio
1408300160128,118.5745651,Alto,17.5480769231,Medio
140830016019A,119.0716482,Medio,16.9014084507,Medio
1408300160202,119.1936721,Medio,16.1803713528,Medio
1408300160471,114.9537763,Muy alto,31.3559322034,Medio
1408302200880,120.0536481,Medio,38.8007054674,Medio
1408302200895,119.9693597,Medio,37.03125,Medio
1408302200908,121.7858924,Bajo,30.7926829268,Medio
1408302200912,121.1162046,Medio,30.0500834725,Medio
1408302200927,121.8316953,Bajo,27.1929824561,Medio
1408302200931,121.8984767,Bajo,27.1364317841,Medio
1408302200946,120.3628716,Medio,31.5789473684,Medio
1408302200950,119.792433,Medio,33.8842975207,Medio
140830220097A,120.1878863,Medio,39.8230088496,Medio
1408400010248,121.6288195,Bajo,16.0079051383,Medio
1408400010252,121.3615751,Bajo,17.4603174603,Medio
1408400010267,120.6417808,Medio,17.5889328063,Medio
1408400010271,122.1572285,Bajo,16.5079365079,Medio
1408400010290,121.4595278,Bajo,7.6923076923,Bajo
1408400010322,118.7960454,Medio,21.2765957447,Medio
1408400010337,119.9134469,Medio,47.8260869565,Medio
1408400010341,125.5316443,Muy bajo,10.3448275862,Muy bajo
1408400010375,120.5711202,Medio,16.2162162162,Medio
140840001038A,122.486107,Bajo,19.2307692308,Medio
1408400010394,119.6758733,Medio,31.25,Medio
1408400010464,122.3984939,Bajo,15.5555555556,Medio
1408500010086,121.5476744,Bajo,11.073253833,Bajo
1408500010090,121.8059703,Bajo,10.1338432122,Bajo
1408500010103,119.5633018,Medio,11.2118713932,Medio
1408500010194,123.3849939,Bajo,3.7216828479,Bajo
1408500010207,119.8156185,Medio,20.8695652174,Medio
1408500010211,120.3704521,Medio,11.8644067797,Medio
1408500010226,121.5255622,Bajo,18.4210526316,Bajo
1408500010230,123.5557676,Bajo,5.0,Bajo
1408500010245,124.0714368,Muy bajo,5.0314465409,Bajo
1408500010279,122.2941914,Bajo,6.3829787234,Bajo
140850001032A,120.3195838,Medio,13.3333333333,Medio
1408500010334,123.8888089,Muy bajo,2.0408163265,Muy bajo
1408500010368,121.9370316,Bajo,2.1276595745,Bajo
1408500010438,121.6547722,Bajo,9.3922651934,Medio
1408500010508,124.2673972,Muy bajo,5.3333333333,Muy bajo
1408500010512,123.8132885,Muy bajo,3.3707865169,Bajo
1408500010546,124.2818214,Muy bajo,2.7777777778,Muy bajo
140850001057A,120.5020513,Medio,7.2727272727,Medio
1408500010599,124.0478684,Muy bajo,4.0,Bajo
1408501730283,120.3936706,Medio,16.5760869565,Medio
1408501730298,120.4388493,Medio,14.5790554415,Medio
1408501730372,117.5192103,Alto,10.5263157895,Medio
1408501730387,119.1639784,Medio,17.5182481752,Medio
1408501730423,118.4535432,Alto,30.0,Medio
1408501730476,114.4818893,Muy alto,36.3636363636,Alto
1408600010083,118.1777332,Alto,19.6765498652,Medio
1408600010098,120.1553892,Medio,12.0943952802,Bajo
1408600010100,119.9290964,Medio,15.1162790698,Medio
1408600010115,116.7155917,Alto,13.0952380952,Medio
1408600010149,116.8206313,Alto,12.9032258065,Medio
1408600010168,122.791262,Bajo,6.6666666667,Bajo
1408600010191,117.0214006,Alto,35.1351351351,Medio
1408600190219,109.2856822,Muy alto,34.8314606742,Alto
1408600190223,112.5089926,Muy alto,25.181598063,Alto
140870001017A,119.9816031,Medio,12.3167155425,Medio
1408700010184,119.5455508,Medio,16.2790697674,Medio
1408700010199,119.6714025,Medio,17.8733031674,Medio
1408700010201,120.7590271,Medio,11.4822546973,Bajo
1408700010216,117.8340226,Alto,15.67695962,Medio
1408700010220,121.5623703,Bajo,11.2676056338,Medio
1408700010235,118.8364222,Medio,13.698630137,Medio
140870001024A,120.8928704,Medio,12.5,Medio
1408700010254,120.151324,Medio,13.6585365854,Medio
1408700010269,119.5492038,Medio,15.1515151515,Medio
1408700010273,118.5432618,Alto,15.1785714286,Medio
1408700010288,113.849647,Muy alto,20.5882352941,Alto
1408700010339,118.0634807,Alto,24.3816254417,Medio
1408800010143,120.4206954,Medio,20.6896551724,Medio
1408800010158,121.12234,Medio,13.4146341463,Medio
1408800010162,120.2808089,Medio,17.6282051282,Medio
1408800010177,119.766176,Medio,11.3043478261,Bajo
1408800010181,121.2042079,Bajo,5.8823529412,Medio
1408800010196,120.6088447,Medio,13.6612021858,Medio
1408800010209,120.9495214,Medio,9.3189964158,Medio
1408800010213,120.0997969,Medio,10.2625298329,Medio
1408800010232,120.1207975,Medio,11.5942028986,Medio
1408800010247,120.3168022,Medio,14.7590361446,Bajo
1408800010251,122.2059004,Bajo,11.1842105263,Medio
1408900010032,121.1242631,Medio,13.8461538462,Medio
1408900010047,121.630494,Bajo,20.0564971751,Medio
1408900010051,122.2615067,Bajo,11.5384615385,Medio
1408900010066,123.8420877,Muy bajo,21.7391304348,Medio
1409000010067,121.2587191,Bajo,11.2676056338,Medio
1409000010071,119.6487423,Medio,19.1176470588,Medio
1409000010086,120.2944622,Medio,27.6243093923,Medio
1409000010090,120.9997034,Medio,13.3333333333,Medio
1409000010103,119.4418212,Medio,18.4149184149,Medio
1409000010118,121.5317441,Bajo,17.8694158076,Medio
1409000010156,122.6031231,Bajo,16.0,Medio
1409100010100,119.8872088,Medio,6.6019417476,Medio
1409100010115,119.1920472,Medio,10.0790513834,Medio
140910001012A,120.0252613,Medio,7.0886075949,Bajo
1409100010172,117.7222189,Alto,9.2184368737,Medio
1409100010191,119.4241837,Medio,16.8300653595,Medio
1409100010204,119.6134026,Medio,9.3984962406,Medio
1409100010219,118.1116439,Alto,11.8421052632,Medio
1409100010223,121.0627646,Medio,6.5714285714,Bajo
1409100010238,118.1842925,Alto,8.5294117647,Medio
1409100010242,118.3115962,Alto,10.6598984772,Medio
1409100010257,120.5874855,Medio,6.8833652008,Medio
1409100010308,116.7602972,Alto,13.1578947368,Medio
1409100010327,119.5376788,Medio,15.625,Medio
1409100010350,119.0178588,Medio,3.8461538462,Medio
1409100010399,116.3366207,Alto,11.214953271,Medio
1409100010401,117.3260094,Alto,0.0,Bajo
1409100010435,116.5655053,Alto,19.3236714976,Medio
140910001044A,121.2191784,Bajo,1.875,Bajo
1409100010469,117.5810859,Alto,13.5857461024,Medio
1409100010473,120.3022833,Medio,7.6086956522,Bajo
1409100010488,121.0894722,Medio,2.1978021978,Muy bajo
1409100710543,117.9179309,Alto,14.121037464,Medio
1409100710558,118.7186224,Medio,12.8146453089,Medio
1409200010061,118.6427765,Medio,15.5555555556,Medio
1409200010076,120.3893434,Medio,13.2075471698,Medio
1409200010080,119.7797014,Medio,14.1527001862,Medio
1409200010095,120.0775854,Medio,12.8133704735,Medio
1409300010073,119.7045413,Medio,9.375,Medio
1409300010088,120.3713997,Medio,11.0352673493,Medio
1409300010092,119.9343517,Medio,9.963099631,Medio
1409300010105,120.0236172,Medio,13.5685210312,Medio
140930001011A,121.9168268,Bajo,5.6921086675,Bajo
1409300010124,120.8757444,Medio,7.8774617068,Bajo
1409300010139,121.4874773,Bajo,6.2421972534,Bajo
1409300010143,120.4965203,Medio,7.7922077922,Medio
1409300010158,119.9574726,Medio,10.7216494845,Bajo
1409300010285,120.2790821,Medio,8.4233261339,Medio
140930001029A,120.6322649,Medio,9.7602739726,Medio
1409300010317,122.3046129,Bajo,8.0882352941,Bajo
1409300010410,122.2534556,Bajo,5.9490084986,Bajo
1409300010425,122.1460874,Bajo,9.3373493976,Bajo
1409300010444,117.9980009,Alto,7.7586206897,Medio
1409300010459,121.6523624,Bajo,13.5135135135,Bajo
1409300010463,119.8832921,Medio,9.0625,Medio
1409300010478,123.5081087,Bajo,1.9271948608,Muy bajo
1409300010552,119.8187413,Medio,9.9902056807,Medio
1409300010567,118.4699356,Alto,12.3539232053,Medio
1409300010571,122.6626143,Bajo,4.1357370095,Bajo
1409300010586,122.2067072,Bajo,4.5054945055,Bajo
1409300010707,121.2973837,Bajo,12.1468926554,Medio
1409300010711,122.9968367,Bajo,5.2747252747,Muy bajo
1409300010745,122.2432942,Bajo,9.0322580645,Bajo
140930001075A,126.2530622,Muy bajo,2.0,Muy bajo
1409300010798,121.5086687,Bajo,7.7777777778,Bajo
1409300010800,122.9281114,Bajo,4.347826087,Muy bajo
1409300010834,123.4995147,Bajo,3.0226700252,Bajo
1409300010849,122.7654504,Bajo,6.9651741294,Bajo
1409300010942,123.7662547,Muy bajo,6.338028169,Muy bajo
1409300010957,121.1283392,Medio,6.7287784679,Medio
1409300010961,123.2900323,Bajo,4.0372670807,Bajo
1409300010976,124.7943346,Muy bajo,0.0,Muy bajo
1409300010980,120.7588549,Medio,7.5782537068,Medio
1409300011067,124.0676545,Muy bajo,6.0810810811,Bajo
1409300011071,123.3323859,Bajo,6.8292682927,Bajo
1409300011137,125.8961683,Muy bajo,0.0,Muy bajo
1409300011141,124.7346945,Muy bajo,2.1739130435,Muy bajo
1409300011156,124.3385374,Muy bajo,0.0,Muy bajo
1409300011264,119.4840325,Medio,10.8156028369,Medio
1409300011279,120.8330009,Medio,8.6363636364,Medio
1409300011283,122.9049453,Bajo,4.1450777202,Bajo
1409300011298,123.4152633,Bajo,5.4161162483,Bajo
1409300011300,124.199228,Muy bajo,3.2319391635,Muy bajo
1409300011315,123.3072651,Bajo,5.1515151515,Muy bajo
1409300011334,124.0824164,Muy bajo,3.1518624642,Bajo
1409300011349,122.5102405,Bajo,6.1507936508,Bajo
1409300011353,120.7982581,Medio,11.2244897959,Bajo
1409300011368,120.9055578,Medio,5.1587301587,Bajo
1409300011438,119.5012862,Medio,7.8378378378,Medio
1409300011442,125.5330218,Muy bajo,0.0,Muy bajo
1409300011457,125.7894609,Muy bajo,2.4390243902,Muy bajo
1409300011461,123.8824446,Muy bajo,4.6728971963,Muy bajo
1409300011480,125.9549639,Muy bajo,0.0,Muy bajo
1409300011508,122.6449908,Bajo,4.4444444444,Bajo
1409300011512,122.0912217,Bajo,3.125,Medio
1409300011565,121.5687575,Bajo,8.0188679245,Medio
140930001157A,122.7955675,Bajo,4.347826087,Bajo
1409300580393,120.2717906,Medio,4.4198895028,Medio
140930058050A,120.3717685,Medio,4.6315789474,Medio
1409300580514,119.2582114,Medio,4.6511627907,Medio
1409300580622,119.1612787,Medio,3.25,Medio
1409300580637,120.2238534,Medio,5.615942029,Medio
140930058068A,118.3808278,Alto,8.6387434555,Medio
1409300580694,120.8847966,Medio,5.8712121212,Medio
1409300580730,120.3997422,Medio,2.7210884354,Medio
1409300580872,118.082644,Alto,1.7857142857,Medio
1409300580887,122.6969877,Bajo,1.25,Bajo
1409300580938,119.6227225,Medio,8.6956521739,Medio
1409300580995,117.6847547,Alto,8.8888888889,Medio
140930058100A,114.7792534,Muy alto,8.4112149533,Medio
1409300581086,117.7681125,Alto,0.0,Bajo
1409300581194,119.5054151,Medio,4.9180327869,Medio
1409301881014,119.9206384,Medio,7.6923076923,Medio
1409301881029,119.854822,Medio,7.8767123288,Medio
1409301881033,119.0667697,Medio,10.332103321,Medio
1409301881584,115.4306716,Alto,5.3333333333,Medio
1409302230482,120.9438493,Medio,2.5423728814,Bajo
1409302230497,118.5464977,Alto,1.6129032258,Medio
1409302230603,120.6704019,Medio,6.5957446809,Medio
1409302230618,120.1498617,Medio,8.3857442348,Medio
1409302231419,120.144156,Medio,5.0,Medio
1409302231423,120.6965188,Medio,8.8709677419,Medio
1409302231476,119.854757,Medio,10.9090909091,Medio
140930291043A,118.0506005,Alto,9.7130242826,Medio
1409302910533,118.6920186,Medio,9.5238095238,Medio
1409302910548,116.1581777,Alto,4.1666666667,Medio
1409302910660,117.3837799,Alto,6.7961165049,Medio
1409302910675,118.9278224,Medio,7.1232876712,Medio
1409302910726,118.467243,Alto,3.7037037037,Medio
1409302910904,119.1806618,Medio,7.8947368421,Medio
1409302911048,116.8274786,Alto,2.1276595745,Medio
1409302911527,113.4899179,Muy alto,18.1818181818,Medio
1409302911546,116.4132671,Alto,4.0,Medio
1409400010206,121.6537554,Bajo,13.8603696099,Bajo
140940001023A,120.1634424,Medio,14.4801980198,Bajo
1409400010259,122.3673977,Bajo,10.736196319,Bajo
1409400010263,121.0252583,Medio,18.0349932705,Bajo
1409400010278,121.3011676,Bajo,11.6995073892,Bajo
1409400010282,121.5706109,Bajo,13.0183220829,Bajo
1409400010297,120.2207936,Medio,23.9961759082,Medio
140940001030A,122.1959284,Bajo,10.1694915254,Bajo
1409400010314,121.0025809,Medio,10.0,Bajo
1409400010329,121.6701754,Bajo,13.5593220339,Bajo
1409400010333,122.6852852,Bajo,12.8205128205,Bajo
1409400010348,121.1620477,Bajo,15.0197628458,Medio
1409400010352,116.732034,Alto,16.8539325843,Medio
1409400010367,124.5742006,Muy bajo,7.5,Muy bajo
1409400010371,120.0756422,Medio,15.4385964912,Medio
1409400010403,118.9725508,Medio,22.2222222222,Medio
1409400010422,120.1749006,Medio,18.6046511628,Medio
1409400010437,124.4876259,Muy bajo,12.8571428571,Bajo
1409400010441,119.3668349,Medio,20.6896551724,Medio
1409400010456,120.3259794,Medio,15.0,Medio
140940001048A,126.0450284,Muy bajo,0.0,Muy bajo
1409400010494,119.9819589,Medio,11.5384615385,Medio
1409400010545,116.5229615,Alto,29.5454545455,Medio
140940001055A,124.2771014,Muy bajo,9.375,Bajo
1409401240507,117.8421094,Alto,19.2468619247,Medio
1409401240511,116.4975778,Alto,27.0588235294,Medio
1409401240526,115.8961534,Alto,24.3445692884,Alto
1409500010078,119.3941933,Medio,18.75,Medio
1409500010082,120.2977978,Medio,11.5384615385,Medio
1409500010097,122.3182391,Bajo,10.4651162791,Bajo
140950001010A,120.6375509,Medio,9.9502487562,Bajo
1409500010114,120.6243291,Medio,17.3333333333,Bajo
1409500010133,115.1580127,Muy alto,25.0,Medio
1409600010094,117.4378254,Alto,15.1105651106,Medio
1409600010107,115.659094,Alto,22.6907630522,Medio
1409600010111,115.5666862,Alto,21.9224283305,Medio
1409600010126,116.7520821,Alto,19.7674418605,Medio
1409600010130,111.4562499,Muy alto,23.4042553191,Alto
1409600010145,119.214497,Medio,18.75,Bajo
140960001015A,115.1520578,Muy alto,23.9669421488,Medio
1409600010200,114.8553739,Muy alto,18.9189189189,Medio
1409600010215,116.1279428,Alto,20.6963249516,Medio
140960001022A,118.0976865,Alto,16.7182662539,Medio
1409600010249,112.2226136,Muy alto,20.8333333333,Medio
1409600010268,115.5766958,Alto,21.4285714286,Medio
1409600010272,119.2543346,Medio,16.6007905138,Medio
1409600010287,116.212397,Alto,22.8448275862,Medio
1409600140164,115.3831309,Alto,28.9156626506,Alto
1409600140179,113.8433485,Muy alto,34.2105263158,Alto
1409600140183,111.7475798,Muy alto,39.8496240602,Alto
1409700010195,118.3254728,Alto,17.5054704595,Medio
1409700010208,119.4794099,Medio,15.5251141553,Medio
1409700010212,122.5803256,Bajo,10.4265402844,Bajo
1409700010513,120.6965621,Medio,11.5384615385,Bajo
1409700010528,124.0221751,Muy bajo,13.2992327366,Bajo
1409700010532,122.3068138,Bajo,19.8098256735,Bajo
1409700010636,123.5826638,Bajo,6.3492063492,Muy bajo
1409700010918,119.9316943,Medio,11.0814419226,Medio
1409700010922,118.2984137,Alto,13.325608343,Medio
1409700010937,118.8702248,Medio,15.4150197628,Medio
1409700010941,120.5694695,Medio,10.4761904762,Bajo
140970001109A,124.6729927,Muy bajo,0.0,Muy bajo
1409700011102,120.2265582,Medio,12.1428571429,Medio
1409700011117,124.5484897,Muy bajo,17.307692307700002,Bajo
1409700011136,120.0537204,Medio,25.7142857143,Medio
1409700011371,123.0357102,Bajo,0.0,Muy bajo
1409700011386,124.7311249,Muy bajo,20.6896551724,Bajo
1409700012098,121.792622,Bajo,20.7953603977,Bajo
1409700012100,121.7087486,Bajo,24.9736564805,Bajo
1409700012115,122.0766448,Bajo,22.3696682464,Bajo
140970001212A,121.7137877,Bajo,19.4852941176,Bajo
1409700012134,118.7608448,Medio,37.1048252912,Medio
1409700012331,126.0579352,Muy bajo,4.9751243781,Muy bajo
1409700012346,116.8784125,Alto,44.6280991736,Medio
1409700013113,112.9415313,Muy alto,18.9655172414,Medio
1409700013128,125.4556143,Muy bajo,13.6363636364,Muy bajo
1409700013132,116.6921316,Alto,40.8759124088,Medio
1409700050335,119.3385897,Medio,20.7207207207,Medio
140970005034A,118.7883228,Medio,17.697228145,Medio
1409700050655,115.5365073,Alto,26.8656716418,Medio
1409700053147,120.1851761,Medio,37.0495495495,Medio
1409700053151,120.4165379,Medio,26.7080745342,Medio
1409700053166,118.9725169,Medio,32.8654004955,Medio
1409700053503,120.6792936,Medio,29.6641791045,Medio
1409700053518,120.6956248,Medio,32.5,Medio
1409700053575,120.4781782,Medio,32.8244274809,Medio
1409700053768,121.4742702,Bajo,29.6296296296,Medio
1409700092810,122.7391812,Bajo,15.9595959596,Bajo
1409700092825,123.6614931,Bajo,21.0287443268,Bajo
140970009283A,122.9135018,Bajo,20.7395498392,Bajo
1409700092844,123.0082145,Bajo,22.5479143179,Bajo
1409700092859,120.5281315,Medio,31.4285714286,Medio
1409700092863,120.5616117,Medio,33.4365325077,Medio
1409700092878,120.2198601,Medio,29.4776119403,Medio
1409700092882,122.0226132,Bajo,31.9526627219,Medio
1409700092897,121.9026673,Bajo,28.7564766839,Medio
1409700150227,120.0426732,Medio,15.7894736842,Medio
1409700150674,118.8400052,Medio,24.8366013072,Medio
1409700150710,116.278571,Alto,17.9487179487,Medio
1409700150725,116.364092,Alto,18.75,Medio
1409700150956,117.4786893,Alto,19.5071868583,Medio
1409700150960,119.2959301,Medio,15.6893819334,Medio
1409700152064,119.780333,Medio,30.3571428571,Medio
1409700201013,125.3965708,Muy bajo,1.1885467315,Muy bajo
1409700213838,123.8676195,Muy bajo,5.1181102362,Muy bajo
1409700213842,123.3742966,Bajo,9.4252873563,Muy bajo
1409700213857,125.0850939,Muy bajo,8.5227272727,Muy bajo
1409700232755,118.2354075,Alto,12.0253164557,Medio
140970023276A,119.2311442,Medio,26.9938650307,Medio
1409700233202,119.6030539,Medio,28.4688995215,Medio
1409700250299,117.3468035,Alto,17.0652173913,Medio
1409700250354,118.4613536,Alto,15.8924205379,Medio
1409700250369,119.9211474,Medio,13.3333333333,Bajo
1409700250458,125.7885003,Muy bajo,2.7777777778,Muy bajo
1409700250462,121.6679266,Bajo,10.4384133612,Bajo
1409700250477,124.2982269,Muy bajo,8.085106383,Muy bajo
140970025073A,127.6545015,Muy bajo,0.0,Muy bajo
1409700250763,125.2273557,Muy bajo,1.8595041322,Muy bajo
1409700250778,110.5250775,Muy alto,18.4210526316,Medio
1409700250782,118.4057155,Alto,7.2289156627,Muy bajo
1409700250797,125.6017661,Muy bajo,3.9647577093,Muy bajo
140970025080A,124.0471715,Muy bajo,4.7038327526,Muy bajo
1409700250814,122.1188995,Bajo,11.5995115995,Bajo
1409700250994,125.1523239,Muy bajo,0.3846153846,Muy bajo
1409700251206,120.3170145,Medio,17.6470588235,Medio
1409700251210,125.0046763,Muy bajo,10.0386100386,Muy bajo
1409700251297,125.5356679,Muy bajo,4.0,Muy bajo
140970025130A,126.3027665,Muy bajo,0.3773584906,Muy bajo
1409700251390,125.1530702,Muy bajo,1.2987012987,Muy bajo
1409700251403,125.9406347,Muy bajo,1.4285714286,Muy bajo
1409700251418,124.8228387,Muy bajo,2.0408163265,Muy bajo
1409700251422,115.7201133,Alto,2.0,Muy bajo
1409700251456,121.3177986,Bajo,18.7221396731,Bajo
1409700251460,125.9172667,Muy bajo,9.6153846154,Muy bajo
1409700251988,119.8998063,Medio,29.375,Medio
1409700252191,123.323964,Bajo,0.0,Muy bajo
1409700252204,124.9175475,Muy bajo,2.0408163265,Muy bajo
1409700252223,126.2543525,Muy bajo,2.6194144838,Muy bajo
1409700252295,125.5900617,Muy bajo,1.5873015873,Muy bajo
1409700252399,116.9497964,Alto,18.75,Medio
1409700252420,124.1009736,Muy bajo,0.0,Muy bajo
1409700252543,125.6165069,Muy bajo,9.8039215686,Muy bajo
1409700252562,123.2146955,Bajo,2.7027027027,Muy bajo
1409700252609,122.1229074,Bajo,12.5490196078,Bajo
1409700253005,124.618365,Muy bajo,4.347826087,Muy bajo
1409700253560,125.4627365,Muy bajo,2.0676691729,Muy bajo
1409700253787,124.2405863,Muy bajo,0.2624671916,Muy bajo
1409700253791,126.2439721,Muy bajo,1.0989010989,Muy bajo
1409700253819,125.8123839,Muy bajo,5.0632911392,Muy bajo
1409700312774,115.7223569,Alto,34.4671201814,Alto
1409700312789,118.8711279,Medio,24.0506329114,Medio
1409700320053,118.9588124,Medio,16.7385057471,Medio
1409700320180,117.5819546,Alto,23.0277185501,Medio
1409700320265,116.922231,Alto,21.7647058824,Medio
140970032027A,119.4035134,Medio,25.5670103093,Medio
1409700320284,118.7818476,Medio,24.053030303,Medio
1409700320496,117.8685238,Alto,21.4285714286,Medio
1409700320509,114.4545189,Muy alto,27.6923076923,Medio
1409700320829,122.1830255,Bajo,7.3627844712,Bajo
1409700320833,119.6587729,Medio,21.0526315789,Medio
1409700321140,119.0929523,Medio,10.2040816327,Bajo
1409700321155,115.8719938,Alto,36.3636363636,Medio
140970032116A,120.3444083,Medio,22.6781857451,Bajo
1409700321174,112.0559319,Muy alto,18.4210526316,Medio
1409700321189,122.3867405,Bajo,10.3174603175,Bajo
1409700321437,120.1530911,Medio,22.3140495868,Bajo
1409700321441,125.3499795,Muy bajo,15.625,Muy bajo
1409700321831,120.6311198,Medio,17.2043010753,Bajo
1409700323217,106.9360621,Muy alto,35.8974358974,Alto
1409700340250,119.9308611,Medio,17.2967863894,Medio
1409700340373,119.6004399,Medio,13.1339401821,Medio
1409700340388,120.2998685,Medio,12.5996810207,Medio
1409700340547,122.8346311,Bajo,17.8082191781,Medio
1409700340848,117.4348379,Alto,39.1304347826,Medio
1409700341352,120.8908169,Medio,25.0,Medio
1409700342079,124.4681371,Muy bajo,8.5007727975,Muy bajo
1409700342350,124.8200876,Muy bajo,15.7894736842,Muy bajo
1409700350138,121.5344178,Bajo,14.398595259,Bajo
1409700350231,120.069398,Medio,19.9796126402,Medio
1409700350246,117.4647038,Alto,26.0736196319,Medio
1409700350551,118.4672848,Alto,17.5803402647,Medio
1409700350867,116.9699555,Alto,33.6363636364,Medio
1409700352435,120.7409969,Medio,25.5813953488,Medio
1409700353240,119.6332042,Medio,26.8292682927,Medio
1409700353556,116.650097,Alto,20.8860759494,Medio
1409700353734,122.2119912,Bajo,20.2445652174,Bajo
1409700353772,117.9927087,Alto,43.2339449541,Medio
1409700353823,118.598586,Alto,27.2727272727,Medio
1409700381795,119.1240191,Medio,15.7575757576,Medio
1409700381808,117.0000663,Alto,24.5478036176,Medio
1409700381812,114.9564546,Muy alto,57.1428571429,Alto
1409700381827,119.4459583,Medio,26.6666666667,Medio
1409700382242,123.822137,Muy bajo,10.8991825613,Bajo
1409700382257,119.279719,Medio,30.5555555556,Medio
1409700382384,123.3142683,Bajo,7.2,Muy bajo
1409700382524,116.0906999,Alto,18.6440677966,Medio
1409700383255,121.4544441,Bajo,31.0954063604,Medio
1409700411009,118.0650057,Alto,20.3125,Medio
1409700411259,118.0710312,Alto,13.9097744361,Medio
1409700411263,119.5734071,Medio,15.2811735941,Medio
1409700432613,117.4577216,Alto,13.1016042781,Medio
1409700432628,116.4459023,Alto,17.9411764706,Medio
1409700463861,118.2699504,Alto,36.4293085655,Medio
1409700463876,117.4912705,Alto,29.4851794072,Medio
1409700931028,124.7682675,Muy bajo,0.3752345216,Muy bajo
1409701150871,119.1796718,Medio,26.8518518519,Medio
1409701150886,119.9600909,Medio,20.4488778055,Medio
1409701150890,119.9096027,Medio,24.893314367,Medio
1409701151278,125.400012,Muy bajo,17.9487179487,Bajo
1409701151511,123.2573854,Bajo,19.589977221,Bajo
1409701151992,122.0850813,Bajo,30.9392265193,Medio
1409701152596,119.4667315,Medio,41.308793456,Medio
1409701153429,120.5973624,Medio,43.137254902,Medio
1409701800301,125.6125807,Muy bajo,0.5277044855,Muy bajo
1409701801047,127.5960829,Muy bajo,0.0,Muy bajo
140970180123A,124.803707,Muy bajo,0.2277904328,Muy bajo
1409701801244,124.1566025,Muy bajo,3.7906137184,Muy bajo
1409701802577,126.5799951,Muy bajo,0.0,Muy bajo
1409704240443,122.6811619,Bajo,4.6153846154,Muy bajo
1409704240570,124.7302863,Muy bajo,8.7912087912,Muy bajo
1409704240975,121.0127243,Medio,12.5214408233,Bajo
140970424098A,118.4526696,Alto,18.9493433396,Medio
1409704241761,125.7611189,Muy bajo,1.724137931,Muy bajo
1409704241776,125.6861494,Muy bajo,0.6493506494,Muy bajo
1409704393880,120.5266463,Medio,35.632183908,Medio
1409704393895,119.6049631,Medio,32.4478178368,Medio
1409705601032,122.429748,Bajo,20.4200700117,Bajo
1409705601719,123.4456996,Bajo,17.2413793103,Bajo
1409705603467,120.4801819,Medio,23.0179028133,Medio
1409705603683,120.5092059,Medio,37.5,Medio
1409706133927,119.5280194,Medio,34.5864661654,Medio
1409706133931,119.7582843,Medio,35.7142857143,Medio
1409706133946,119.5379824,Medio,35.0140056022,Medio
1409706663950,119.5382148,Medio,33.5044929397,Medio
1409707771780,123.6705361,Bajo,15.6833457804,Bajo
1409707772365,119.7481134,Medio,38.6052303861,Medio
140970777244A,118.9294733,Medio,39.9371069182,Medio
1409708221526,122.6757224,Bajo,19.1066997519,Bajo
1409708221530,123.1087569,Bajo,16.4673157163,Bajo
1409708221545,121.274477,Bajo,24.4488977956,Bajo
140970822155A,121.3077533,Bajo,27.5927687916,Bajo
1409708221564,122.7218176,Bajo,19.6256381168,Bajo
1409708221579,122.025584,Bajo,23.4042553191,Bajo
1409708221583,121.4882783,Bajo,25.9629101284,Bajo
1409708221598,121.8860826,Bajo,24.0460763139,Bajo
1409708221600,123.7681986,Muy bajo,8.9758342923,Bajo
1409708221615,121.1345136,Medio,26.3233190272,Medio
1409708221899,120.866344,Medio,27.9475982533,Bajo
1409708221901,121.3428643,Bajo,28.7878787879,Medio
1409708221916,121.9261252,Bajo,29.00390625,Medio
1409708221920,120.3096736,Medio,31.847133758,Medio
1409708221935,120.6234173,Medio,27.6575729069,Medio
140970822194A,119.7835844,Medio,33.5106382979,Medio
1409708221954,118.4288766,Alto,35.0282485876,Medio
1409708221969,118.8885336,Medio,37.8125,Medio
1409708221973,118.3417004,Alto,39.3301435407,Medio
1409708222153,118.2986412,Alto,46.0377358491,Medio
1409708222168,119.0410964,Medio,34.5454545455,Medio
1409708222172,116.9693543,Alto,36.5051903114,Medio
1409708222219,123.5244885,Bajo,16.2068965517,Bajo
1409708222469,118.2557212,Alto,34.7368421053,Medio
140970822251A,117.62722,Alto,47.7272727273,Alto
1409708223043,119.1826133,Medio,29.6178343949,Medio
1409708223058,118.7747198,Medio,31.0444316215,Medio
1409708223062,116.3069024,Alto,44.1640378549,Alto
1409708223077,118.2077251,Alto,41.1807055436,Medio
1409708223081,115.5566749,Alto,42.194092827,Alto
1409708223452,117.9745414,Alto,37.7777777778,Medio
1409708223471,119.3944039,Medio,36.0788863109,Medio
1409708223486,117.1936911,Alto,47.619047619,Medio
1409708223490,120.0886012,Medio,29.1428571429,Medio
140970822358A,116.9629425,Alto,44.4174757282,Medio
1409708223698,119.470658,Medio,40.3930131004,Medio
1409708223700,115.974506,Alto,46.993987976,Medio
1409708223715,117.5277757,Alto,50.2683363148,Medio
140970822372A,116.9521582,Alto,43.2551319648,Medio
1409708223749,120.2773146,Medio,36.6328916602,Medio
1409708234003,120.2420324,Medio,33.9514978602,Medio
1409708234041,121.9498375,Bajo,24.5305164319,Bajo
140970823422A,120.4494897,Medio,34.1698841699,Medio
1409708274130,124.3101954,Muy bajo,1.0297482838,Muy bajo
1409708311634,124.951149,Muy bajo,8.2225913621,Muy bajo
1409708311649,125.1502501,Muy bajo,9.8,Muy bajo
1409708311653,124.6936133,Muy bajo,8.9815557338,Muy bajo
1409708312011,124.821543,Muy bajo,6.7073170732,Muy bajo
1409708312026,125.3703193,Muy bajo,6.6206896552,Muy bajo
1409708312045,125.5285215,Muy bajo,6.8126520681,Muy bajo
140970831205A,124.9361571,Muy bajo,8.2262210797,Muy bajo
1409708312971,123.100897,Bajo,19.8529411765,Bajo
1409708312990,125.735678,Muy bajo,5.6441717791,Muy bajo
1409708331475,123.4307777,Bajo,14.8387096774,Bajo
140970833148A,123.8899384,Muy bajo,17.223198594,Bajo
1409708331494,122.7577976,Bajo,21.5358931553,Bajo
1409708331507,124.0759634,Muy bajo,12.9896907216,Bajo
140970833162A,123.4637708,Bajo,16.7820069204,Bajo
1409708331865,124.206164,Muy bajo,13.0805687204,Bajo
1409708332276,124.4429894,Muy bajo,13.4078212291,Bajo
1409708332280,123.7167931,Muy bajo,18.4713375796,Bajo
1409708332454,123.8514118,Muy bajo,20.2846975089,Bajo
1409708332933,122.0188443,Bajo,28.3706402915,Bajo
1409708333537,124.2206831,Muy bajo,9.4339622642,Bajo
1409708333594,123.8313643,Muy bajo,14.0583554377,Bajo
1409708333607,122.806507,Bajo,20.1834862385,Bajo
1409708333753,120.9382384,Medio,33.8174273859,Medio
1409708352721,119.0035745,Medio,35.1174934726,Medio
1409708352736,119.7136358,Medio,30.4157549234,Medio
1409708352740,120.6719943,Medio,34.9823321555,Medio
1409708353378,118.9528168,Medio,37.6666666667,Medio
1409708353522,120.8695369,Medio,35.6725146199,Medio
140970835365A,120.4242862,Medio,35.9735973597,Medio
1409708362793,123.1129257,Bajo,18.3894230769,Bajo
1409708362806,121.9466404,Bajo,26.8603827073,Bajo
1409708363382,122.1921789,Bajo,24.3986254296,Bajo
1409708374198,122.9974026,Bajo,16.1073825503,Bajo
1409708374200,123.5070205,Bajo,12.0481927711,Bajo
1409708432632,121.5062287,Bajo,20.2866593164,Bajo
1409708432647,123.4100508,Bajo,14.4,Bajo
1409708432651,121.7977639,Bajo,21.3017751479,Medio
1409708432666,121.8915748,Bajo,24.6511627907,Medio
1409708432670,120.9078929,Medio,23.8600212089,Medio
1409708432685,121.7273993,Bajo,23.9263803681,Medio
140970843269A,121.1203983,Medio,27.1517302573,Medio
1409708432702,121.3438739,Bajo,25.129982669,Medio
1409708432717,119.7289054,Medio,26.9607843137,Medio
1409708432952,122.8586523,Bajo,16.0441426146,Bajo
1409708432967,118.6549432,Medio,5.6179775281,Bajo
1409708440744,122.5273074,Bajo,11.5384615385,Bajo
1409708441687,122.8488676,Bajo,18.4273232724,Bajo
1409708441691,122.7408479,Bajo,16.0200250313,Bajo
1409708441704,122.9863935,Bajo,18.8133140376,Bajo
1409708443804,124.4219471,Muy bajo,5.0436469447,Muy bajo
140970852415A,115.1664531,Muy alto,18.9655172414,Medio
1409708524164,123.2644562,Bajo,20.0,Medio
1409708524179,120.1275863,Medio,28.5416666667,Medio
1409708524183,117.4812915,Alto,39.0029325513,Medio
1409708531668,123.3185312,Bajo,13.8211382114,Bajo
1409708531672,123.3384354,Bajo,14.3968871595,Bajo
140970853187A,123.0051295,Bajo,17.6,Bajo
1409708531884,124.4826016,Muy bajo,11.5606936416,Bajo
1409708532083,121.4310132,Bajo,17.8571428571,Bajo
1409708532238,122.2855782,Bajo,18.6656671664,Bajo
1409708614075,122.9382898,Bajo,16.5371809101,Bajo
140970862290A,121.9676621,Bajo,26.103646833,Medio
1409708622914,119.5980156,Medio,31.6326530612,Medio
1409708622929,119.3964953,Medio,35.4279523294,Medio
140970862340A,123.2572008,Bajo,21.472392638,Bajo
1409708623414,122.3147708,Bajo,23.5072281584,Bajo
1409708634111,120.4578383,Medio,36.0264900662,Medio
1409708634126,123.0643294,Bajo,28.8481141692,Bajo
1409708634145,124.4979368,Muy bajo,15.6164383562,Bajo
140970870408A,124.058551,Muy bajo,2.2352941176,Muy bajo
1409708714056,120.2534578,Medio,27.1723122239,Medio
1409708714060,120.2093584,Medio,27.7169334457,Medio
1409708743999,121.5677629,Bajo,23.9130434783,Bajo
1409708744018,119.4281817,Medio,31.8906605923,Medio
1409708744022,121.3937473,Bajo,23.8738738739,Medio
1409708744037,118.2492013,Alto,34.2140921409,Medio
1409708823984,122.5491488,Bajo,25.2512562814,Bajo
1409708824215,120.9625877,Medio,30.2460202605,Bajo
1409708843965,120.7128577,Medio,33.3333333333,Medio
140970884397A,122.2737517,Bajo,24.2424242424,Bajo
1409709033908,125.6115161,Muy bajo,5.6097560976,Muy bajo
1409709033912,125.4829219,Muy bajo,6.981981982,Muy bajo
1409800010031,122.6508648,Bajo,12.6865671642,Bajo
1409800010046,120.1592013,Medio,19.5979899497,Bajo
1409800010050,122.5029072,Bajo,9.52,Bajo
140980001007A,121.702781,Bajo,17.9381443299,Bajo
1409800010084,120.2252075,Medio,24.7474747475,Bajo
1409800010101,121.3836057,Bajo,13.1373725255,Bajo
1409800010116,120.6561386,Medio,15.7664233577,Bajo
1409800010120,122.4033118,Bajo,14.1801385681,Bajo
1409800010262,116.6960974,Alto,34.9687778769,Medio
1409800010281,120.5629217,Medio,13.3105802048,Bajo
1409800010296,115.9077155,Alto,36.1971830986,Medio
1409800010347,123.4704725,Bajo,5.2023121387,Muy bajo
1409800010351,123.8052213,Muy bajo,4.6604527297,Muy bajo
1409800010370,120.7170499,Medio,15.3054221002,Bajo
1409800010385,120.278245,Medio,18.802318094,Medio
1409800010474,122.8434091,Bajo,7.3910296905,Muy bajo
1409800010506,121.6906851,Bajo,12.1932515337,Bajo
1409800010525,119.7220878,Medio,25.1447477254,Medio
140980001053A,124.8712782,Muy bajo,6.310254163,Muy bajo
1409800010597,117.2109315,Alto,24.9737118822,Medio
1409800010671,121.5411276,Bajo,18.1183237469,Bajo
1409800010690,119.9969695,Medio,14.7636363636,Medio
1409800010718,120.1773643,Medio,18.8732394366,Bajo
1409800010775,119.797812,Medio,18.1485992692,Medio
1409800010794,118.3114729,Alto,25.3561253561,Medio
1409800010807,119.1593945,Medio,18.5388845247,Medio
140980001085A,120.6799114,Medio,15.5143338954,Medio
1409800010953,120.4507902,Medio,11.5532734275,Bajo
1409800010968,117.5048,Alto,29.6477931342,Medio
1409800010972,118.0693126,Alto,27.1062271062,Medio
1409800010987,118.159848,Alto,23.513986014,Medio
1409800010991,118.105247,Alto,23.4939759036,Medio
140980001103A,119.7618044,Medio,13.3617021277,Bajo
1409800011044,119.4315295,Medio,20.830401126,Medio
1409800011059,119.919671,Medio,18.4364060677,Bajo
1409800011063,118.2597825,Alto,24.5551601423,Medio
1409800011078,117.6817696,Alto,23.9536954586,Medio
1409800011082,119.7337408,Medio,21.801665405,Medio
1409800011097,123.4233816,Bajo,9.8028169014,Bajo
140980001110A,120.8921467,Medio,17.2619047619,Bajo
1409800011152,119.9306466,Medio,18.7315634218,Medio
1409800011167,121.450893,Bajo,13.063583815,Bajo
1409800011171,117.0011145,Alto,28.5714285714,Medio
1409800011186,117.5807686,Alto,29.6167247387,Medio
1409800011190,118.3344105,Alto,25.0189537528,Medio
1409800011203,118.4726052,Alto,23.7044145873,Medio
1409800011218,119.7327254,Medio,16.4655784244,Medio
1409800011222,119.3171573,Medio,16.7168674699,Medio
1409800011237,119.0405525,Medio,18.6868686869,Medio
1409800011241,116.9577026,Alto,25.9450171821,Medio
1409800011256,119.6166801,Medio,16.9064748201,Bajo
1409800011260,120.3543589,Medio,15.2097902098,Bajo
1409800011294,120.4001247,Medio,20.5005959476,Medio
1409800011330,123.4267675,Bajo,11.8937644342,Bajo
1409800011345,122.6401832,Bajo,7.240293809,Bajo
140980001135A,118.4499018,Alto,23.1419939577,Medio
1409800011364,119.4888637,Medio,24.8762376238,Medio
1409800011379,121.4607867,Bajo,16.2554426705,Bajo
1409800011383,118.094845,Alto,24.9051833123,Medio
1409800011398,120.4037328,Medio,18.8679245283,Bajo
140980001142A,118.0997743,Alto,23.273657289,Medio
1409800011434,120.3318258,Medio,19.1343963554,Medio
1409800011449,120.71172,Medio,17.1950048031,Bajo
1409800011453,120.9288538,Medio,22.4215246637,Medio
1409800011468,118.7406996,Medio,23.8403451996,Medio
1409800011491,120.2687674,Medio,19.512195122,Bajo
1409800011504,121.8504515,Bajo,12.8900949796,Bajo
1409800011519,123.5729165,Bajo,8.9834515366,Bajo
1409800011538,119.6097465,Medio,25.9676284307,Medio
1409800011542,121.4531627,Bajo,7.876230661,Bajo
1409800011576,119.5550231,Medio,19.9803149606,Medio
1409800011595,120.4843899,Medio,17.3848439822,Medio
1409800011608,119.1886642,Medio,14.1716566866,Bajo
1409800011631,119.2045355,Medio,13.0841121495,Medio
1409800011646,119.6133221,Medio,18.1476846058,Medio
1409800011650,123.9519355,Muy bajo,14.3617021277,Bajo
1409800011665,125.3774529,Muy bajo,4.3902439024,Muy bajo
1409800011684,124.2832831,Muy bajo,7.0552147239,Muy bajo
1409800011699,125.1598496,Muy bajo,18.3585313175,Muy bajo
1409800011716,124.3855881,Muy bajo,7.0038910506,Muy bajo
1409800011720,120.5757584,Medio,8.0,Medio
1409800011735,118.0580271,Alto,20.6806282723,Medio
1409800011769,117.9555676,Alto,17.66437684,Medio
1409800011773,119.1191361,Medio,30.8743169399,Medio
1409800011788,114.2048069,Muy alto,40.9090909091,Medio
1409800011805,119.2056955,Medio,36.0,Medio
140980001181A,119.3235521,Medio,20.8955223881,Medio
1409800011824,113.8154247,Muy alto,26.2376237624,Alto
1409800011839,118.7591667,Medio,24.6548323471,Medio
1409800011843,119.0430124,Medio,19.6500672948,Medio
1409800011862,116.6533925,Alto,32.6876513317,Medio
1409800011877,117.3254633,Alto,25.0803858521,Medio
1409800011909,119.8470657,Medio,19.3668528864,Medio
1409800011913,119.3612269,Medio,19.5439739414,Medio
1409800011928,120.3990613,Medio,17.5925925926,Bajo
1409800011951,118.1051349,Alto,24.1293532338,Medio
1409800011966,117.3971888,Alto,26.1600537996,Medio
1409800011970,117.6809624,Alto,26.9516728625,Medio
1409800012004,113.4364074,Muy alto,26.9662921348,Alto
1409800012042,118.9062734,Medio,24.427480916,Medio
1409800012061,115.9528167,Alto,16.3265306122,Medio
1409800012108,116.9328658,Alto,29.4403892944,Medio
1409800012112,124.7328466,Muy bajo,5.1440329218,Muy bajo
1409800012131,123.948888,Muy bajo,12.4254473161,Bajo
1409800012150,122.6007443,Bajo,13.9516129032,Bajo
1409800012165,122.3061955,Bajo,13.6079900125,Bajo
140980001217A,123.4946762,Bajo,6.9825436409,Muy bajo
1409800012199,119.2344086,Medio,22.3841059603,Medio
1409800012201,117.7604371,Alto,36.701620591,Medio
1409800012216,117.2806669,Alto,34.9233390119,Medio
1409800012220,119.8312144,Medio,17.5824175824,Bajo
1409800012235,118.8503489,Medio,20.6140350877,Medio
140980001224A,118.8935599,Medio,26.6199649737,Medio
1409800012254,118.7485198,Medio,23.0344827586,Medio
1409800012269,117.5770639,Alto,24.1839762611,Medio
1409800012273,118.6083656,Alto,18.9534883721,Medio
1409800012292,123.756518,Muy bajo,11.6757410768,Muy bajo
1409800012343,122.7946552,Bajo,13.2412672624,Bajo
1409800012358,121.7484618,Bajo,7.5747931254,Bajo
1409800012362,123.7324969,Muy bajo,12.0139968896,Bajo
1409800012377,124.4299943,Muy bajo,5.3149606299,Muy bajo
1409800012381,122.9078342,Bajo,10.6060606061,Muy bajo
1409800012413,123.9310684,Muy bajo,9.7647058824,Muy bajo
1409800012428,124.110945,Muy bajo,9.3953488372,Muy bajo
1409800012432,122.7537984,Bajo,13.3974833457,Bajo
1409800012447,123.3342151,Bajo,6.7567567568,Bajo
1409800012451,122.905709,Bajo,8.0824088748,Bajo
1409800012466,124.632657,Muy bajo,4.3206663196,Muy bajo
1409800012470,123.2043894,Bajo,8.8145896657,Bajo
1409800012485,123.3496997,Bajo,7.3836276083,Bajo
140980001249A,122.6522062,Bajo,13.7067938021,Bajo
1409800012502,120.8402844,Medio,21.9387755102,Medio
1409800012517,125.9509408,Muy bajo,8.3109919571,Muy bajo
1409800012536,125.4533427,Muy bajo,6.5573770492,Muy bajo
1409800012555,124.7434026,Muy bajo,9.672691744,Muy bajo
140980001256A,124.4973116,Muy bajo,7.8350515464,Muy bajo
1409800012574,126.0886592,Muy bajo,6.8257491676,Muy bajo
1409800012589,124.6938941,Muy bajo,7.7419354839,Muy bajo
1409800012606,123.5979814,Bajo,7.7479338843,Muy bajo
1409800012610,123.6490492,Bajo,10.7142857143,Bajo
1409800012625,119.6070086,Medio,16.1830357143,Medio
140980001263A,118.8710834,Medio,27.6867030965,Medio
1409800012644,120.2696167,Medio,15.7894736842,Bajo
1409800012659,119.6268638,Medio,23.1755424063,Medio
1409800012663,124.7537006,Muy bajo,9.0592334495,Muy bajo
1409800012697,125.0799764,Muy bajo,8.9552238806,Muy bajo
140980001270A,124.1325691,Muy bajo,11.0894941634,Muy bajo
1409800012714,124.8318473,Muy bajo,10.5196047179,Bajo
1409800012729,124.5857153,Muy bajo,9.5118898623,Muy bajo
1409800012733,124.7481797,Muy bajo,9.4493541808,Muy bajo
1409800012748,121.5580532,Bajo,14.6341463415,Bajo
1409800012752,123.8861364,Muy bajo,7.0588235294,Bajo
1409800012767,120.4726188,Medio,9.2843326886,Medio
1409800012771,123.4507963,Bajo,6.4186046512,Muy bajo
1409800012786,120.40232,Medio,10.0,Bajo
1409800012790,125.0524229,Muy bajo,3.2520325203,Muy bajo
1409800012803,124.8355743,Muy bajo,3.1141868512,Muy bajo
1409800012818,121.3926946,Bajo,10.5564648118,Bajo
1409800012822,122.9164249,Bajo,18.3990442055,Bajo
1409800012837,122.218346,Bajo,12.5348189415,Bajo
1409800012841,123.1227941,Bajo,8.7264150943,Bajo
1409800012856,122.7899372,Bajo,11.4345114345,Muy bajo
1409800012860,123.9964906,Muy bajo,8.9032258065,Muy bajo
1409800012894,125.8598855,Muy bajo,1.6901408451,Muy bajo
1409800012911,126.0617975,Muy bajo,3.7629350894,Muy bajo
1409800012926,126.3134496,Muy bajo,7.5268817204,Muy bajo
1409800012930,115.6161823,Alto,27.1929824561,Alto
1409800012964,126.2596368,Muy bajo,0.9478672986,Muy bajo
1409800012979,118.1721561,Alto,20.9302325581,Medio
1409800012983,125.4800418,Muy bajo,9.9476439791,Muy bajo
1409800012998,125.1454569,Muy bajo,3.813559322,Muy bajo
1409800013002,123.1666814,Bajo,11.4457831325,Bajo
1409800013036,106.3039982,Muy alto,48.0769230769,Alto
1409800013040,110.1856185,Muy alto,34.9862258953,Alto
1409800013055,113.0202881,Muy alto,28.7671232877,Alto
140980001306A,109.0908177,Muy alto,35.6164383562,Alto
1409800013074,125.6285868,Muy bajo,12.0593692022,Muy bajo
1409800013125,113.460394,Muy alto,40.0,Alto
140980001313A,124.2334009,Muy bajo,9.2592592593,Muy bajo
1409800013163,120.6285521,Medio,22.3950233281,Medio
1409800013182,122.8122767,Bajo,17.6985981308,Bajo
1409800013197,102.6203246,Muy alto,30.9523809524,Alto
140980001320A,124.8192883,Muy bajo,8.2191780822,Bajo
1409800013214,123.6468632,Bajo,8.6715867159,Bajo
1409800013252,123.2545946,Bajo,21.8181818182,Medio
1409800013267,125.5684477,Muy bajo,7.7586206897,Muy bajo
1409800013271,124.7768883,Muy bajo,9.6952908587,Muy bajo
1409800013286,126.2083441,Muy bajo,2.8301886792,Muy bajo
1409800013290,113.466926,Muy alto,39.3617021277,Alto
1409800013303,115.475671,Alto,18.9189189189,Alto
1409800013318,107.7900278,Muy alto,44.4444444444,Alto
1409800013322,115.4205353,Alto,33.7662337662,Alto
1409800013337,112.4064203,Muy alto,38.3458646617,Alto
1409800013341,108.9508235,Muy alto,38.9784946237,Alto
1409800013375,123.8771541,Muy bajo,8.1135902637,Muy bajo
140980001338A,112.1646878,Muy alto,31.1688311688,Alto
1409800013394,110.2004672,Muy alto,36.3636363636,Alto
1409800013411,125.5223746,Muy bajo,5.4794520548,Muy bajo
1409800140027,119.3015121,Medio,10.8618654073,Bajo
1409800141114,118.9488393,Medio,11.8292682927,Bajo
1409800141129,121.7537572,Bajo,8.5868830291,Bajo
1409800142019,119.8992361,Medio,14.9606299213,Bajo
1409800142023,123.9156682,Muy bajo,13.5317997294,Bajo
1409800142038,122.2032835,Bajo,18.1818181818,Bajo
1409800142127,122.3429725,Bajo,10.970464135,Bajo
1409800142945,124.73988,Muy bajo,3.4965034965,Muy bajo
140980014295A,125.79996,Muy bajo,3.7601626016,Muy bajo
1409800143017,125.2090744,Muy bajo,5.3097345133,Muy bajo
1409800143159,118.5525949,Alto,16.0,Bajo
1409800143178,120.1673386,Medio,7.2139303483,Muy bajo
1409800143229,117.360599,Alto,21.6666666667,Medio
1409800143407,126.5918483,Muy bajo,0.0,Muy bajo
1409801282875,124.4032615,Muy bajo,9.4425483504,Bajo
140980128288A,124.2343403,Muy bajo,13.6752136752,Bajo
1409900010113,120.4272865,Medio,21.3438735178,Medio
1409900010128,120.6077654,Medio,20.3592814371,Medio
1409900060081,118.659797,Medio,19.3681318681,Medio
1410000010351,121.4513663,Bajo,26.897689769,Medio
1410000010370,123.2028314,Bajo,17.3020527859,Bajo
1410000010385,119.2666905,Medio,23.6406619385,Medio
141000001039A,119.6852013,Medio,24.8633879781,Medio
1410000010402,121.3006116,Bajo,19.4444444444,Medio
1410000010489,117.5194851,Alto,11.1111111111,Medio
1410000010493,120.9276839,Medio,24.3386243386,Bajo
1410000010506,119.6397914,Medio,21.2987012987,Medio
1410000010510,122.4682754,Bajo,17.9775280899,Bajo
1410000010578,119.4289943,Medio,33.3333333333,Medio
1410000230582,114.839876,Muy alto,26.6055045872,Alto
1410000230597,115.3579625,Alto,20.4697986577,Medio
141000023060A,116.7054892,Alto,24.609375,Alto
1410000650421,117.8953036,Alto,19.387755102,Medio
1410000650436,116.5421255,Alto,25.4143646409,Alto
1410000650440,116.5785973,Alto,28.8590604027,Alto
1410000650455,115.5974785,Alto,35.0,Alto
1410001890614,118.8935053,Medio,20.9756097561,Medio
1410001890629,114.9916093,Muy alto,28.0769230769,Medio
1410001890633,116.3743569,Alto,22.371967655,Medio
1410100010147,119.0475191,Medio,19.5205479452,Medio
1410100010151,119.0161134,Medio,22.0430107527,Medio
141010001019A,119.2392323,Medio,17.8408051235,Medio
1410100010202,119.163946,Medio,18.8643533123,Medio
1410100010310,121.9003837,Bajo,11.0893672538,Bajo
1410100010363,119.2947578,Medio,20.5806451613,Medio
1410100010378,119.3534187,Medio,19.3923145666,Medio
1410100010382,119.5748881,Medio,19.9115044248,Medio
1410100010397,116.1236256,Alto,28.0245022971,Medio
141010001040A,121.0637539,Medio,15.5072463768,Bajo
1410100010433,120.4531188,Medio,16.3546255507,Bajo
1410100010448,116.9297596,Alto,27.6978417266,Medio
1410100010452,116.9758884,Alto,23.2447817837,Medio
1410100010471,115.1747444,Muy alto,27.5622466705,Medio
1410100010486,120.2257818,Medio,21.3785046729,Bajo
1410100010490,121.0011495,Medio,12.4316939891,Bajo
1410100010503,120.506991,Medio,17.2680412371,Bajo
1410100010518,118.0398362,Alto,22.4778761062,Medio
1410100010522,116.6770267,Alto,29.2207792208,Medio
1410100010537,118.1461602,Alto,13.6425648022,Medio
1410100010541,120.2808286,Medio,18.4269662921,Medio
1410100010556,116.5085733,Alto,26.9516728625,Medio
1410100010575,119.3519802,Medio,18.7982832618,Medio
1410100010594,122.7486732,Bajo,12.5465838509,Bajo
1410100010607,119.8127131,Medio,22.3968565815,Medio
1410100010611,120.0925243,Medio,16.1341853035,Bajo
1410100010626,120.793671,Medio,20.9169054441,Bajo
1410100010630,119.5010612,Medio,18.0579216354,Medio
1410100010645,120.3822041,Medio,17.4812030075,Bajo
141010001065A,120.6082553,Medio,14.9779735683,Bajo
1410100010679,116.4805161,Alto,21.4071214071,Medio
1410100010700,119.3148118,Medio,18.9161554192,Medio
1410100010715,118.4331692,Alto,19.7563098346,Medio
141010001072A,120.0506228,Medio,15.8806544755,Bajo
1410100010734,119.6903394,Medio,16.0283687943,Medio
1410100010749,118.4476933,Alto,21.6681776972,Medio
1410100010753,118.835838,Medio,24.3198680956,Medio
1410100010768,118.8446309,Medio,18.5283687943,Bajo
1410100010772,119.7398374,Medio,15.5770782889,Bajo
1410100010787,120.5341149,Medio,15.6293222683,Bajo
1410100010791,119.784649,Medio,18.5341789993,Bajo
1410100010819,119.9485465,Medio,15.5477031802,Bajo
1410100010823,123.6509281,Bajo,9.6559378468,Muy bajo
1410100010842,122.2014111,Bajo,7.756232687,Muy bajo
1410100010857,121.6613088,Bajo,13.9318885449,Bajo
1410100010861,122.9738495,Bajo,19.1269385411,Bajo
1410100010880,121.7714529,Bajo,23.5864297254,Bajo
1410100010895,123.4218815,Bajo,11.6470588235,Bajo
1410100010912,118.6297154,Medio,17.5753228121,Medio
1410100010927,119.9744999,Medio,17.7734375,Bajo
1410100010931,119.834009,Medio,11.8161925602,Bajo
1410100010946,119.1984136,Medio,20.1586252479,Medio
1410100010950,120.5679878,Medio,12.4524714829,Bajo
1410100010965,118.3414485,Alto,18.6106346484,Medio
141010001097A,120.6004214,Medio,19.6506550218,Bajo
1410100010984,118.1476062,Alto,19.8521647307,Medio
1410100010999,119.8955557,Medio,15.7936507937,Bajo
1410100011003,119.7942796,Medio,16.4948453608,Bajo
1410100011018,119.6719522,Medio,15.3238546603,Bajo
1410100011022,120.8748344,Medio,13.7974683544,Bajo
1410100011037,123.4229656,Bajo,14.0042223786,Bajo
1410100011041,122.0681452,Bajo,13.3580705009,Bajo
1410100011056,120.5267153,Medio,11.6666666667,Bajo
1410100011075,122.5612308,Bajo,14.2695995488,Bajo
141010001108A,122.6363013,Bajo,9.6224116931,Bajo
1410100011094,117.9793158,Alto,20.2472952087,Medio
1410100011107,123.2181702,Bajo,7.4909090909,Bajo
1410100011126,119.0120142,Medio,17.5475687104,Medio
1410100011130,117.3334712,Alto,22.7864583333,Medio
1410100011145,113.5820843,Muy alto,30.2521008403,Alto
141010001115A,120.047284,Medio,8.896797153,Bajo
1410100011164,123.9338206,Muy bajo,10.2260495156,Bajo
1410100011179,122.847925,Bajo,10.6918238994,Bajo
1410100011183,123.0610813,Bajo,25.0,Bajo
1410100011200,123.659107,Bajo,9.1891891892,Muy bajo
1410100011215,115.1364678,Muy alto,26.9230769231,Medio
1410100011268,118.2385833,Alto,19.5955369596,Medio
1410100011272,117.533912,Alto,20.6666666667,Medio
1410100011287,118.2363871,Alto,14.1891891892,Medio
1410100011304,118.7396714,Medio,19.1343963554,Medio
1410100011319,119.3089117,Medio,16.5497896213,Medio
1410100011323,122.6687519,Bajo,10.372960373,Bajo
1410100011338,122.8633196,Bajo,13.0653266332,Bajo
1410100011357,123.5495751,Bajo,12.769010043,Bajo
1410100011361,121.5225718,Bajo,10.3189493433,Bajo
1410100011376,123.1090937,Bajo,18.2222222222,Bajo
1410100011395,123.6780755,Bajo,7.7544426494,Bajo
1410100011408,123.8024554,Muy bajo,10.0,Bajo
1410100011412,123.9408948,Muy bajo,13.3540372671,Bajo
1410100011427,122.1503586,Bajo,21.09375,Bajo
1410100011431,123.6650596,Bajo,10.3277060576,Bajo
1410100011446,119.366768,Medio,17.1034482759,Medio
141010001147A,119.8307676,Medio,16.9983416252,Bajo
1410100011484,118.8703016,Medio,19.829424307,Medio
1410100011499,119.9291019,Medio,8.7912087912,Bajo
1410100011501,118.3685672,Alto,21.4285714286,Medio
1410100011516,115.3976575,Alto,20.9150326797,Medio
1410100011554,120.848935,Medio,14.5498783455,Bajo
1410100011569,116.5530906,Alto,27.6816608997,Alto
1410100011573,118.0907175,Alto,21.2841854935,Medio
1410100011588,118.3032928,Alto,28.5234899329,Medio
1410100011592,117.8693852,Alto,17.1355498721,Medio
1410100011605,122.5332545,Bajo,13.5658914729,Bajo
141010001161A,121.1939216,Bajo,14.3682906689,Bajo
1410100011624,118.8378901,Medio,21.8068535826,Medio
1410100011639,121.4107556,Bajo,16.8715083799,Bajo
1410100011643,119.5276925,Medio,15.1394422311,Medio
1410100011658,119.3786605,Medio,25.0,Medio
1410100011728,111.9731113,Muy alto,46.6666666667,Alto
1410100011732,118.1218522,Alto,20.0,Medio
1410100011747,120.3097471,Medio,15.9420289855,Medio
1410100011751,116.7561138,Alto,25.1012145749,Medio
1410100011766,120.2204166,Medio,13.1147540984,Bajo
1410100011770,117.8220817,Alto,16.3430420712,Medio
141010001179A,124.2376246,Muy bajo,8.0047789725,Muy bajo
1410100011817,122.3990076,Bajo,6.5934065934,Bajo
1410100011821,125.283188,Muy bajo,1.3333333333,Muy bajo
1410100011836,117.4129284,Alto,25.9259259259,Medio
1410100011906,123.2468322,Bajo,9.1743119266,Bajo
1410100011982,120.5505271,Medio,19.7278911565,Medio
1410100011997,121.6706806,Bajo,11.2903225806,Bajo
1410100012001,120.1314855,Medio,12.6284875184,Bajo
1410100012016,118.3195996,Alto,20.5153617443,Medio
1410100012020,123.3417815,Bajo,12.6384364821,Bajo
1410100012035,123.8943812,Muy bajo,13.6194029851,Bajo
141010001204A,122.0056744,Bajo,17.8988326848,Bajo
1410100012054,123.7880327,Muy bajo,12.1951219512,Bajo
1410100012069,118.5214858,Alto,23.197492163,Medio
1410100012073,121.0916146,Medio,17.5406871609,Bajo
1410100012088,119.2374026,Medio,28.5714285714,Medio
1410100012251,110.8969886,Muy alto,32.9268292683,Alto
1410100012266,125.1191717,Muy bajo,8.1081081081,Muy bajo
1410100012425,118.0091049,Alto,22.8571428571,Medio
1410100012478,117.2785807,Alto,23.0769230769,Medio
1410100012497,125.8715557,Muy bajo,10.5960264901,Bajo
141010001250A,108.1146133,Muy alto,46.25,Alto
1410100012603,123.6597008,Bajo,12.5,Bajo
1410100091450,115.8053963,Alto,22.2324723247,Medio
1410100091465,119.3395054,Medio,14.5246478873,Medio
1410100091520,125.4440819,Muy bajo,4.3668122271,Muy bajo
1410100091535,121.6370864,Bajo,10.843373494,Bajo
1410100091662,116.0910523,Alto,27.358490566,Alto
1410100091677,121.6125488,Bajo,12.1830550402,Bajo
1410100091681,117.7386567,Alto,21.2058212058,Medio
1410100091696,121.892456,Bajo,8.0,Bajo
1410100091713,121.2535842,Bajo,18.6046511628,Medio
1410100091802,123.8953871,Muy bajo,10.2242744063,Bajo
1410100091840,118.9711697,Medio,28.5714285714,Medio
1410100091893,115.3100909,Alto,13.7931034483,Medio
1410100091910,122.8781581,Bajo,18.4162062615,Bajo
1410100091925,124.7345887,Muy bajo,16.1016949153,Bajo
141010009193A,123.7271312,Muy bajo,13.829787234,Bajo
1410100091944,118.5872318,Alto,12.5,Bajo
1410100092092,124.2143045,Muy bajo,4.9001814882,Muy bajo
1410100092105,123.7775818,Muy bajo,13.7472283814,Bajo
141010009211A,125.2158049,Muy bajo,4.7146401985,Muy bajo
1410100092124,123.4568539,Bajo,14.3258426966,Bajo
1410100092139,122.599015,Bajo,10.407239819,Bajo
1410100092143,123.3094861,Bajo,8.547008547,Bajo
1410100092158,121.9192199,Bajo,17.2106824926,Bajo
1410100092162,120.1671535,Medio,14.4444444444,Bajo
1410100092177,124.4918917,Muy bajo,7.0093457944,Bajo
1410100092181,123.3111078,Bajo,12.7049180328,Bajo
1410100092196,124.1147632,Muy bajo,10.2990033223,Bajo
1410100092209,124.2169738,Muy bajo,9.4129554656,Muy bajo
1410100092213,124.1551075,Muy bajo,4.6941678521,Muy bajo
1410100092228,123.8146055,Muy bajo,5.0715214564,Muy bajo
1410100092232,124.7938398,Muy bajo,8.9285714286,Bajo
1410100092247,111.9799898,Muy alto,23.6559139785,Alto
141010009229A,124.2623267,Muy bajo,20.399113082,Bajo
1410100092302,123.2815711,Bajo,13.6363636364,Bajo
1410100092393,123.6139158,Bajo,9.3525179856,Bajo
1410100092406,124.0885011,Muy bajo,13.1386861314,Bajo
1410100092410,122.5549334,Bajo,18.5742971888,Bajo
1410100092444,123.7047161,Bajo,8.5365853659,Medio
1410100092586,120.3146747,Medio,19.2147034252,Medio
1410100092622,125.2803491,Muy bajo,11.1464968153,Bajo
1410100220024,122.4687468,Bajo,19.4300518135,Bajo
1410100220081,122.1159796,Bajo,14.7853736089,Bajo
1410100220096,123.3459607,Bajo,14.9758454106,Bajo
1410100220113,122.3422979,Bajo,18.9749182116,Bajo
1410100260683,116.9681481,Alto,19.512195122,Medio
1410100260698,119.1512749,Medio,10.5860113422,Medio
1410100261709,117.7051604,Alto,16.0465116279,Medio
141010026186A,120.5194074,Medio,14.0,Medio
1410100272336,119.4226263,Medio,18.24,Medio
1410100272340,123.6416104,Bajo,11.1969111969,Bajo
1410100272355,116.9002714,Alto,26.5372168285,Medio
141010027236A,122.8225736,Bajo,18.1481481481,Bajo
1410100312317,121.4325136,Bajo,28.0174503151,Medio
1410100312321,116.5138541,Alto,15.0793650794,Medio
1410100340274,123.5449653,Bajo,12.5693160813,Bajo
1410100341978,125.0649327,Muy bajo,7.6923076923,Muy bajo
1410100342463,124.8525073,Muy bajo,7.9150579151,Muy bajo
1410100342637,124.7361064,Muy bajo,8.5858585859,Muy bajo
1410100342641,124.5071218,Muy bajo,10.5263157895,Bajo
1410100380128,122.9547435,Bajo,19.21875,Bajo
1410100380132,124.1634388,Muy bajo,14.0586797066,Bajo
1410100380166,117.8419497,Alto,19.2052980132,Medio
1410101892656,124.8400876,Muy bajo,9.576427256,Bajo
1410101892660,123.2070652,Bajo,14.5077720207,Bajo
1410101892675,120.1844703,Medio,19.1489361702,Medio
1410101902374,120.8442672,Medio,23.3654876742,Bajo
141010193268A,121.147929,Medio,12.3076923077,Bajo
1410101932694,124.325976,Muy bajo,10.018903591699999,Bajo
1410101932707,121.4948781,Bajo,9.3023255814,Bajo
1410101932711,110.9790661,Muy alto,23.6842105263,Alto
1410200010055,121.797147,Bajo,12.7272727273,Medio
141020001006A,121.2558039,Bajo,10.4347826087,Medio
1410200010074,120.9386828,Medio,7.9872204473,Bajo
1410200010089,121.4718297,Bajo,7.0731707317,Bajo
1410200010093,117.6576345,Alto,6.6666666667,Medio
1410200010110,122.4531358,Bajo,4.0,Bajo
1410200010144,120.968348,Medio,4.4444444444,Medio
1410300010033,122.098779,Bajo,17.5342465753,Medio
1410300010086,118.927565,Medio,22.2222222222,Medio
1410300010090,119.3056805,Medio,9.2307692308,Medio
1410300010160,119.2328258,Medio,15.3846153846,Medio
1410300150048,118.9677013,Medio,20.3987730061,Medio
1410300150052,117.5248461,Alto,22.6666666667,Medio
1410300150067,122.0482194,Bajo,21.6666666667,Medio
1410300150071,120.8555276,Medio,8.8607594937,Medio
1410400010083,119.3900182,Medio,13.4228187919,Bajo
1410400010098,124.3493524,Muy bajo,4.5454545455,Bajo
1410400010100,121.5729551,Bajo,9.2105263158,Medio
1410400010115,124.1631239,Muy bajo,14.2857142857,Bajo
1410500010023,118.6671866,Medio,14.1732283465,Medio
1410500010076,121.3983627,Bajo,7.5812274368,Medio
1410500010080,117.6483813,Alto,16.2866449511,Medio
1410500010095,119.0514984,Medio,11.5217391304,Medio
1410500010108,121.6393002,Bajo,9.1049382716,Bajo
1410500010112,118.3137794,Alto,15.350877193,Medio
1410500010127,121.6866928,Bajo,1.8181818182,Bajo
1410500010131,119.4535862,Medio,12.8440366972,Medio
1410500010146,114.9190037,Muy alto,16.25,Medio
1410500010150,123.4236889,Bajo,0.0,Bajo
1410500010165,116.5904725,Alto,19.0476190476,Medio
1410500010201,120.6308543,Medio,11.4391143911,Medio
1410500010216,117.8074001,Alto,5.0,Medio
1410600010069,119.7956162,Medio,11.1111111111,Medio
1410600010073,114.3551731,Muy alto,21.4611872146,Alto
1410600010088,123.1906245,Bajo,17.8571428571,Medio
1410700010047,117.0096709,Alto,14.5038167939,Medio
1410700080028,118.0590316,Alto,24.4565217391,Medio
1410700080051,117.7269705,Alto,20.987654321,Medio
1410700080066,105.1319704,Muy alto,42.8571428571,Alto
1410800010063,119.897984,Medio,28.4974093264,Medio
1410800010082,120.5382122,Medio,26.3259402122,Medio
1410800010133,118.9325759,Medio,30.5841924399,Medio
1410800010148,122.4959621,Bajo,14.6048109966,Bajo
1410800010152,122.5721534,Bajo,16.4383561644,Bajo
1410800010167,120.9677295,Medio,21.9512195122,Bajo
1410800010171,120.499415,Medio,27.4074074074,Medio
1410800010186,119.5451366,Medio,26.5217391304,Medio
1410800010218,121.660401,Bajo,20.325203252,Bajo
1410800010222,119.9645807,Medio,27.5320970043,Medio
1410800010237,119.6223228,Medio,33.3333333333,Medio
1410800010256,119.9036736,Medio,30.2325581395,Medio
1410800010260,104.880516,Muy alto,58.2089552239,Muy alto
1410800010275,114.9822543,Muy alto,43.1818181818,Alto
141080001028A,118.2744973,Alto,24.3243243243,Medio
1410800010307,122.0128434,Bajo,29.2372881356,Medio
1410900010126,118.8034763,Medio,11.8644067797,Medio
1410900010130,118.1182166,Alto,12.2222222222,Medio
1410900010145,118.9031215,Medio,12.6126126126,Medio
141090001015A,119.1093209,Medio,13.9097744361,Medio
1410900010164,117.8628268,Alto,13.7651821862,Medio
1410900010179,119.4900131,Medio,13.8489208633,Medio
1410900010183,119.7333614,Medio,13.8888888889,Medio
1410900010198,117.0358872,Alto,11.2068965517,Medio
1410900010200,120.7227203,Medio,6.0606060606,Medio
1410900010215,116.3831244,Alto,15.0,Medio
1411000010080,121.2106865,Bajo,9.1954022989,Bajo
1411000010095,120.944616,Medio,11.2903225806,Bajo
1411000010127,120.8815953,Medio,13.5446685879,Bajo
1411000010131,119.1155282,Medio,18.0327868852,Medio
1411000010146,122.3775875,Bajo,9.1743119266,Bajo
1411000010150,118.5039479,Alto,14.9253731343,Medio
1411000010165,119.9531207,Medio,14.4469525959,Bajo
141100001017A,124.2337338,Muy bajo,2.5,Muy bajo
1411000010184,122.4021347,Bajo,10.843373494,Bajo
1411000010201,123.3376322,Bajo,4.7619047619,Bajo
1411000010220,122.7222311,Bajo,5.4054054054,Bajo
1411000010235,121.3818491,Bajo,14.9635036496,Medio
1411000010254,123.2418116,Bajo,4.5454545455,Bajo
1411000010292,123.2103064,Bajo,14.2857142857,Bajo
141100001031A,123.1394158,Bajo,4.347826087,Muy bajo
1411100010069,120.3538682,Medio,4.9689440994,Bajo
1411100010088,122.3707984,Bajo,0.0,Bajo
1411100010092,121.7549727,Bajo,2.9411764706,Bajo
141110001011A,119.9246061,Medio,5.3672316384,Medio
1411100010124,119.7156748,Medio,3.6789297659,Medio
1411100010139,122.5336387,Bajo,2.8985507246,Bajo
1411100010143,123.9552723,Muy bajo,0.0,Bajo
1411200010051,116.4903705,Alto,13.6075949367,Medio
1411200010066,116.6831747,Alto,10.7692307692,Medio
1411200010070,117.5091879,Alto,14.7727272727,Medio
1411200010085,120.6322098,Medio,6.8965517241,Bajo
141120001009A,117.9409569,Alto,13.75,Medio
1411200010102,111.9085808,Muy alto,25.9259259259,Alto
1411200010117,116.4137592,Alto,24.2424242424,Medio
1411200010136,120.2905696,Medio,21.2765957447,Medio
141130001010A,120.6285607,Medio,13.1672597865,Medio
1411300010114,119.9514535,Medio,13.2387706856,Medio
1411300010129,119.5679964,Medio,16.0751565762,Medio
1411300010148,111.1007123,Muy alto,23.8095238095,Alto
1411400010075,120.4642215,Medio,12.7317676143,Medio
141140001008A,119.3614216,Medio,16.5374677003,Medio
1411400010094,120.4998332,Medio,16.0,Medio
1411400010126,121.347879,Bajo,10.9589041096,Medio
1411400010130,121.2642869,Bajo,29.5652173913,Medio
1411400010164,122.906145,Bajo,4.2553191489,Bajo
1411400010179,118.8679805,Medio,32.8947368421,Medio
141140001022A,120.5351115,Medio,20.0,Medio
1411400020183,119.321342,Medio,23.2662192394,Medio
1411400020198,119.1968003,Medio,26.6666666667,Medio
1411400050041,120.3960885,Medio,15.5223880597,Medio
1411400050107,120.6563015,Medio,27.5862068966,Medio
1411400060268,119.2044986,Medio,29.2418772563,Medio
1411400060272,118.6559363,Medio,21.9512195122,Medio
1411500010119,118.1537394,Alto,22.0883534137,Medio
1411500010123,117.9110019,Alto,22.5165562914,Medio
1411500010142,118.8404277,Medio,21.7054263566,Medio
1411500010161,117.5345894,Alto,25.0,Medio
1411500010176,120.8030338,Medio,24.3243243243,Medio
1411500010180,120.0596355,Medio,20.0,Medio
1411500010227,120.1510749,Medio,18.9944134078,Medio
1411500010231,118.9723088,Medio,21.9047619048,Medio
1411500010284,115.6752643,Alto,34.4827586207,Alto
1411600010084,117.0355538,Alto,6.0483870968,Medio
1411600010099,116.5566144,Alto,3.3707865169,Medio
1411600010101,116.9384621,Alto,4.5283018868,Medio
1411600010116,117.53675,Alto,7.4074074074,Medio
1411600010120,118.6706681,Medio,5.0,Bajo
1411600010135,118.6046987,Alto,6.2962962963,Medio
141160001014A,117.8953039,Alto,2.7118644068,Medio
1411600010154,117.4360056,Alto,3.6036036036,Medio
1411600010169,118.1276831,Alto,3.187250996,Bajo
1411600010173,117.8922689,Alto,8.4745762712,Bajo
1411600010188,115.2361039,Alto,23.0769230769,Medio
1411600010192,117.4533185,Alto,3.125,Bajo
141160001021A,118.0025929,Alto,2.5316455696,Bajo
1411600010224,121.7426626,Bajo,5.1724137931,Medio
1411600010239,117.4765526,Alto,3.2258064516,Medio
1411600010243,116.2686828,Alto,0.0,Bajo
1411600010258,118.8574707,Medio,3.9145907473,Bajo
1411600010277,118.1402939,Alto,15.0,Medio
1411600010281,118.1883545,Alto,8.8235294118,Medio
1411600010309,115.2970839,Alto,5.1948051948,Medio
1411600010313,116.3237788,Alto,3.5714285714,Medio
1411600010370,117.8465526,Alto,0.6944444444,Bajo
141160001039A,119.0449885,Medio,6.1797752809,Bajo
1411600010421,119.1619942,Medio,3.3333333333,Bajo
1411600010455,119.9218673,Medio,4.347826087,Medio
1411700010062,119.1397875,Medio,5.5555555556,Medio
1411700010077,121.2183879,Bajo,13.6363636364,Medio
1411700010096,119.4375318,Medio,8.8607594937,Medio
1411700010109,118.8915629,Medio,6.4814814815,Medio
1411700010128,113.4982051,Muy alto,8.8235294118,Medio
1411800010055,119.635738,Medio,11.9708029197,Medio
1411800010125,120.8129569,Medio,10.5476673428,Medio
141180001013A,117.9961532,Alto,20.9677419355,Medio
1411800010144,119.8759774,Medio,17.1717171717,Medio
1411800010159,119.7172939,Medio,10.4417670683,Medio
1411800010163,118.180983,Alto,12.2448979592,Medio
1411800010178,119.1038426,Medio,9.5238095238,Medio
1411800010182,120.0896731,Medio,15.1898734177,Medio
1411800010197,121.4628987,Bajo,7.7922077922,Bajo
141180001020A,116.4970958,Alto,15.5339805825,Medio
1411800010214,118.7119764,Medio,11.0091743119,Medio
1411800010233,121.130895,Medio,8.2417582418,Bajo
1411800010248,119.8297187,Medio,11.7750439367,Medio
1411800010303,121.6839363,Bajo,12.6394052045,Medio
1411800010318,121.233851,Bajo,10.9561752988,Bajo
1411800010322,120.666069,Medio,5.5555555556,Medio
1411800010341,121.5951192,Bajo,14.2857142857,Bajo
1411900010067,117.6686565,Alto,28.0089988751,Medio
1411900010086,120.3228117,Medio,17.7718832891,Bajo
1411900010090,119.163741,Medio,17.879161529,Medio
1411900010103,113.6091907,Muy alto,22.3628691983,Medio
1411900010118,117.1328645,Alto,29.373650108,Medio
1411900010141,120.3657788,Medio,19.8113207547,Medio
1411900010156,117.0327824,Alto,44.8275862069,Alto
1411900010160,118.1627889,Alto,27.027027027,Medio
1411900010175,120.507199,Medio,20.5882352941,Medio
1412000010212,123.0189697,Bajo,10.5238757534,Muy bajo
1412000010227,119.8234247,Medio,20.7778915046,Bajo
1412000010231,120.5402367,Medio,17.8852201258,Bajo
1412000010246,120.1411831,Medio,17.2016460905,Bajo
1412000010265,121.4851876,Bajo,13.3174791914,Bajo
141200001027A,122.7237163,Bajo,14.2857142857,Bajo
1412000010354,121.4230277,Bajo,11.2792297111,Bajo
1412000010369,122.5418914,Bajo,12.3247232472,Bajo
1412000010373,122.1698284,Bajo,8.2722513089,Muy bajo
1412000010392,121.4435591,Bajo,11.598173516,Bajo
1412000010405,122.8390737,Bajo,8.5239085239,Bajo
1412000010547,124.8824427,Muy bajo,8.0935251799,Muy bajo
1412000010602,117.6679926,Alto,32.1011673152,Medio
1412000010617,118.0302004,Alto,34.1314439287,Medio
1412000010636,124.0977949,Muy bajo,5.6776556777,Muy bajo
1412000010640,124.8834023,Muy bajo,4.1506533436,Muy bajo
1412000010655,123.5121631,Bajo,5.5312954876,Muy bajo
141200001066A,124.3829808,Muy bajo,5.9782608696,Muy bajo
1412000010689,124.1530014,Muy bajo,6.206088993,Muy bajo
1412000010706,125.257033,Muy bajo,7.7818627451,Muy bajo
1412000010710,124.4824071,Muy bajo,5.7209573847,Muy bajo
1412000010814,123.0357285,Bajo,6.015037594,Muy bajo
1412000010890,122.6697103,Bajo,10.3837471783,Bajo
1412000010918,123.3748265,Bajo,5.8306709265,Muy bajo
1412000010937,122.5577041,Bajo,10.7818088912,Bajo
1412000010975,125.2127976,Muy bajo,2.5862068966,Muy bajo
141200001098A,124.9588662,Muy bajo,4.7846889952,Muy bajo
1412000010994,123.7500455,Muy bajo,6.026557712,Muy bajo
1412000011009,123.6561999,Bajo,5.291005291,Muy bajo
1412000011032,121.1791236,Bajo,13.1924882629,Bajo
1412000011121,125.1907322,Muy bajo,3.0188679245,Muy bajo
1412000011155,126.3083958,Muy bajo,3.5661218425,Muy bajo
141200001116A,125.0190292,Muy bajo,4.4003451251,Muy bajo
1412000011189,124.7390036,Muy bajo,6.3914780293,Muy bajo
1412000011193,123.5997295,Bajo,7.3541495481,Muy bajo
1412000011206,124.9738796,Muy bajo,6.8352059925,Muy bajo
1412000011210,123.5571448,Bajo,12.074829932,Muy bajo
1412000011225,125.0511083,Muy bajo,3.9101497504,Muy bajo
1412000011278,125.7807903,Muy bajo,4.6953046953,Muy bajo
1412000011282,125.1684663,Muy bajo,6.588579795,Muy bajo
1412000011297,124.5301432,Muy bajo,7.3380171741,Muy bajo
1412000011418,123.7618015,Muy bajo,8.3216783217,Muy bajo
1412000011441,121.9785273,Bajo,8.2606700321,Bajo
1412000011460,121.3864286,Bajo,17.6313446126,Bajo
1412000011526,119.0861188,Medio,22.3733003708,Medio
1412000011579,123.5278382,Bajo,16.5463917526,Bajo
1412000011634,120.9739674,Medio,13.8075313808,Bajo
1412000011649,120.351509,Medio,11.9469026549,Bajo
1412000011653,121.4883825,Bajo,14.1176470588,Bajo
1412000011687,120.0899251,Medio,14.768683274,Bajo
1412000011691,120.9978003,Medio,14.6163215591,Bajo
1412000011723,121.2348839,Bajo,15.6537753223,Bajo
1412000011742,119.1465267,Medio,21.0619469027,Medio
1412000011757,119.4910282,Medio,8.3969465649,Bajo
1412000011795,122.9788415,Bajo,8.4713375796,Bajo
1412000011808,121.9161921,Bajo,12.3356926188,Bajo
1412000011812,122.8193807,Bajo,7.1770334928,Bajo
1412000011846,123.4940335,Bajo,10.6824925816,Bajo
1412000011850,124.4291363,Muy bajo,6.067961165,Muy bajo
1412000011865,124.7133924,Muy bajo,8.8122605364,Muy bajo
141200001187A,123.5187346,Bajo,12.4217118998,Bajo
1412000011884,118.4108208,Alto,18.7671232877,Medio
1412000011899,121.218666,Bajo,10.6227106227,Bajo
1412000011901,121.1162567,Medio,12.4331550802,Bajo
1412000011920,124.911707,Muy bajo,4.8009367681,Muy bajo
1412000011935,123.8670857,Muy bajo,12.8287707998,Muy bajo
141200001194A,123.7759429,Muy bajo,14.4688644689,Muy bajo
1412000012115,118.9290648,Medio,18.0959874115,Medio
141200001212A,117.2147308,Alto,21.4876033058,Medio
1412000012134,119.394195,Medio,16.1111111111,Bajo
1412000012172,116.3300524,Alto,20.0,Medio
1412000012204,124.8564406,Muy bajo,5.0958188153,Muy bajo
1412000012219,119.0074631,Medio,16.8275862069,Medio
1412000012223,119.2113283,Medio,17.3913043478,Medio
1412000012238,124.824339,Muy bajo,2.5316455696,Muy bajo
1412000012242,124.8878126,Muy bajo,9.6774193548,Muy bajo
1412000012257,121.1598867,Bajo,15.4968094804,Bajo
1412000012261,124.8045774,Muy bajo,6.4573459716,Muy bajo
1412000012276,121.5709917,Bajo,11.8959107807,Bajo
1412000012280,123.4772653,Bajo,7.8260869565,Muy bajo
1412000012295,119.1535744,Medio,27.423580786,Medio
1412000012308,117.5044985,Alto,17.3544973545,Medio
1412000012312,118.7322793,Medio,23.384253819,Medio
1412000012327,117.5906283,Alto,15.527230591,Bajo
1412000012331,121.5987806,Bajo,12.537917088,Bajo
1412000012346,121.7956692,Bajo,15.5080213904,Bajo
1412000012350,124.607333,Muy bajo,1.6350555919,Muy bajo
1412000012365,125.0094085,Muy bajo,3.9330543933,Muy bajo
141200001237A,119.2057072,Medio,20.8333333333,Medio
1412000012384,119.8579017,Medio,11.5879828326,Bajo
1412000012399,120.2657065,Medio,13.5527589545,Bajo
1412000012401,119.3504857,Medio,17.1862509992,Medio
1412000012416,124.3569351,Muy bajo,4.3689320388,Muy bajo
1412000012420,125.5120346,Muy bajo,7.1799307958,Muy bajo
1412000012435,119.8050855,Medio,14.3509458578,Bajo
141200001244A,123.9928885,Muy bajo,7.2349570201,Muy bajo
1412000012454,119.5072422,Medio,19.2348565356,Medio
1412000012469,119.1717002,Medio,20.0,Medio
1412000012473,124.2821545,Muy bajo,5.0356859635,Muy bajo
1412000012488,119.9805618,Medio,20.3125,Bajo
1412000012492,124.5379701,Muy bajo,0.6655574043,Muy bajo
1412000012505,125.2950358,Muy bajo,0.5730659026,Muy bajo
141200001251A,118.4900768,Alto,17.6404494382,Bajo
1412000012524,120.3952301,Medio,19.0630048465,Bajo
1412000012539,121.7743638,Bajo,13.4057971014,Bajo
1412000012543,120.2734874,Medio,15.8974358974,Bajo
1412000012558,119.7515832,Medio,18.383518225,Bajo
1412000012562,120.3607022,Medio,12.5356125356,Bajo
1412000012596,123.5494039,Bajo,7.225433526,Muy bajo
1412000012609,123.6483193,Bajo,9.0971743625,Muy bajo
1412000012613,124.1533835,Muy bajo,10.018903591699999,Muy bajo
1412000012628,121.9235291,Bajo,16.0042964554,Bajo
1412000012632,119.6453458,Medio,14.8257968866,Bajo
1412000012647,121.6749102,Bajo,10.7692307692,Bajo
1412000012651,122.166007,Bajo,12.0541205412,Bajo
1412000012666,120.7778397,Medio,13.7418755803,Bajo
1412000012670,121.5190582,Bajo,6.4718162839,Bajo
1412000012685,121.4873779,Bajo,10.4704097117,Bajo
141200001269A,124.4568623,Muy bajo,14.1843971631,Bajo
1412000012702,123.9541377,Muy bajo,12.3989218329,Muy bajo
1412000012717,124.6488558,Muy bajo,6.2937062937,Muy bajo
1412000012721,124.7223486,Muy bajo,6.4935064935,Muy bajo
1412000012755,118.283552,Alto,17.2011661808,Medio
1412000012774,116.2387852,Alto,28.9103690685,Medio
1412000012789,118.2779683,Alto,22.6439790576,Medio
1412000012793,118.9086147,Medio,18.903803132,Medio
1412000012806,118.4999935,Alto,15.7894736842,Medio
1412000012810,117.8377358,Alto,16.8789808917,Medio
1412000012825,118.1346133,Alto,23.1366459627,Medio
141200001283A,118.8074435,Medio,15.7057654076,Medio
1412000012844,118.3968264,Alto,19.6363636364,Medio
1412000012863,120.3639376,Medio,15.6862745098,Bajo
1412000012882,123.5827699,Bajo,7.0127504554,Muy bajo
1412000012897,123.3320558,Bajo,8.4625322997,Muy bajo
141200001290A,125.7494315,Muy bajo,1.6591251885,Muy bajo
1412000012914,123.8697564,Muy bajo,6.2804878049,Muy bajo
1412000012929,120.7175655,Medio,16.1213563355,Bajo
1412000012933,124.1477067,Muy bajo,10.5672969967,Muy bajo
1412000012948,123.7239644,Muy bajo,7.1931196247,Muy bajo
1412000012952,124.3703078,Muy bajo,6.3231850117,Muy bajo
1412000012967,125.8281071,Muy bajo,8.4405144695,Muy bajo
1412000012971,125.3991996,Muy bajo,2.8818443804,Muy bajo
1412000012986,124.7805345,Muy bajo,5.9384164223,Muy bajo
1412000012990,122.8006135,Bajo,8.8211046991,Bajo
1412000013005,125.745112,Muy bajo,2.8662420382,Muy bajo
141200001301A,124.9583589,Muy bajo,6.1691542289,Muy bajo
1412000013039,119.0570134,Medio,18.8449848024,Medio
1412000013043,120.0162241,Medio,14.0749148695,Bajo
1412000013058,122.8338391,Bajo,11.0382513661,Bajo
1412000013062,123.4565231,Bajo,7.2246065808,Muy bajo
1412000013077,122.684352,Bajo,7.8606158833,Bajo
1412000013081,123.6547107,Bajo,3.313253012,Muy bajo
1412000013096,123.4920567,Bajo,8.4848484848,Muy bajo
1412000013113,119.4922628,Medio,21.0144927536,Medio
1412000013128,123.3163135,Bajo,10.873915944,Muy bajo
1412000013132,121.5734108,Bajo,8.5197018104,Bajo
1412000013147,124.6661313,Muy bajo,9.6,Muy bajo
1412000013151,125.3596749,Muy bajo,4.2553191489,Muy bajo
1412000013166,125.5003383,Muy bajo,7.3466476462,Muy bajo
1412000013170,124.962636,Muy bajo,2.671009772,Muy bajo
1412000013185,123.8409962,Muy bajo,8.795562599,Muy bajo
141200001319A,124.5476242,Muy bajo,7.855626327,Muy bajo
1412000013202,125.4852832,Muy bajo,6.412005457,Muy bajo
1412000013217,125.0049459,Muy bajo,13.0619971604,Muy bajo
1412000013236,122.3623831,Bajo,9.4849566548,Bajo
141200001326A,124.5996757,Muy bajo,8.0134064595,Muy bajo
1412000013274,124.9845584,Muy bajo,7.2200113701,Muy bajo
1412000013289,126.3662685,Muy bajo,0.2645502646,Muy bajo
1412000013293,125.9239071,Muy bajo,0.7575757576,Muy bajo
1412000013306,126.0775889,Muy bajo,0.6329113924,Muy bajo
1412000013310,122.1482896,Bajo,14.0845070423,Bajo
1412000013325,121.9840462,Bajo,15.0765606596,Bajo
1412000013378,124.0069143,Muy bajo,7.7625570776,Muy bajo
1412000013382,124.5344645,Muy bajo,5.6631892697,Muy bajo
1412000013397,124.5290659,Muy bajo,6.2851782364,Muy bajo
141200001340A,120.9887135,Medio,13.4238310709,Bajo
1412000013414,119.6057614,Medio,16.3106796117,Bajo
1412000013429,123.9299971,Muy bajo,3.2110091743,Muy bajo
1412000013433,123.966231,Muy bajo,8.3441981747,Muy bajo
1412000013448,125.3598108,Muy bajo,4.4715447154,Muy bajo
1412000013452,125.1038341,Muy bajo,1.5345268542,Muy bajo
1412000013486,121.3797267,Bajo,8.2089552239,Bajo
1412000013490,117.5635129,Alto,18.1538461538,Medio
1412000013503,120.1687893,Medio,15.4609929078,Bajo
1412000013518,120.668614,Medio,14.0952380952,Bajo
1412000013556,119.2121257,Medio,19.209039548,Bajo
1412000013560,118.7565219,Medio,17.4295774648,Bajo
1412000013575,124.6505706,Muy bajo,6.2977957715,Muy bajo
1412000013594,121.841706,Bajo,8.8709677419,Bajo
1412000013607,117.9668713,Alto,29.0322580645,Bajo
1412000013611,119.7168434,Medio,24.5,Medio
1412000013626,113.570165,Muy alto,21.1111111111,Medio
1412000013630,118.0544947,Alto,18.8235294118,Medio
1412000013645,125.4991388,Muy bajo,1.3054830287,Muy bajo
141200001365A,118.7106903,Medio,22.9927007299,Medio
1412000013679,117.235282,Alto,26.1538461538,Medio
1412000013683,115.9698568,Alto,35.9133126935,Medio
1412000013698,123.2460706,Bajo,4.4444444444,Muy bajo
1412000013700,122.3632214,Bajo,5.6910569106,Muy bajo
1412000013715,120.4353516,Medio,31.0344827586,Medio
141200001372A,119.7690648,Medio,17.9867986799,Medio
1412000013734,117.9943882,Alto,21.6725559482,Medio
1412000013772,124.7962129,Muy bajo,7.7681874229,Muy bajo
1412000013787,116.6552487,Alto,26.1386138614,Medio
1412000013791,117.1694059,Alto,23.4011627907,Medio
1412000013804,118.8344247,Medio,24.0694789082,Medio
1412000013819,117.8130346,Alto,24.1887905605,Medio
1412000013861,117.7346608,Alto,23.125,Medio
1412000013950,124.8669688,Muy bajo,7.8651685393,Muy bajo
1412000013965,125.6994221,Muy bajo,1.9230769231,Muy bajo
141200001397A,120.8929454,Medio,0.0,Muy bajo
1412000013984,125.8582512,Muy bajo,0.2293577982,Muy bajo
1412000014060,124.7328928,Muy bajo,5.2212829438,Muy bajo
1412000014075,125.2241865,Muy bajo,6.5746753247,Muy bajo
141200001408A,125.3280442,Muy bajo,9.328358209,Muy bajo
1412000014094,120.2686072,Medio,6.6326530612,Bajo
1412000014107,121.3587992,Bajo,12.3636363636,Bajo
1412000014111,116.4593697,Alto,30.7262569832,Medio
1412000014126,117.476923,Alto,29.2857142857,Medio
1412000014130,116.4056562,Alto,43.4782608696,Alto
1412000014183,125.0818307,Muy bajo,6.0388945752,Muy bajo
1412000014198,123.7402195,Muy bajo,6.7993366501,Muy bajo
1412000014200,124.2298867,Muy bajo,3.6755386565,Muy bajo
1412000014215,124.1696556,Muy bajo,4.1722745626,Muy bajo
141200001422A,121.0364945,Medio,13.8050043141,Bajo
1412000014234,120.8319665,Medio,12.0335820896,Bajo
1412000014249,121.4557611,Bajo,12.8909952607,Bajo
1412000014253,122.3280987,Bajo,9.7978227061,Muy bajo
1412000014268,118.7607544,Medio,22.268907563,Medio
1412000014272,118.4830821,Alto,12.8040973111,Medio
1412000014287,118.9749946,Medio,14.5885286783,Medio
1412000014291,119.2168255,Medio,17.7847113885,Medio
1412000014304,119.4769582,Medio,15.4529307282,Bajo
1412000014319,119.3798253,Medio,18.0665610143,Medio
1412000014323,119.8801362,Medio,18.8220230474,Medio
1412000014338,118.3815292,Alto,24.2990654206,Medio
1412000014342,123.616291,Bajo,12.0567375887,Muy bajo
1412000014357,123.6555912,Bajo,6.1290322581,Muy bajo
1412000014361,125.1672324,Muy bajo,7.8459343795,Muy bajo
1412000014376,125.6738076,Muy bajo,6.6666666667,Muy bajo
1412000014380,124.7818414,Muy bajo,4.3512658228,Muy bajo
1412000014395,124.502465,Muy bajo,4.7471620227,Muy bajo
1412000014408,125.29666,Muy bajo,5.7084607543,Muy bajo
1412000014412,125.4560744,Muy bajo,2.1885521886,Muy bajo
1412000014427,120.770966,Medio,15.4742096506,Bajo
1412000014431,122.5535666,Bajo,11.6995073892,Bajo
1412000014446,124.7215478,Muy bajo,7.1680376028,Muy bajo
1412000014450,124.2629962,Muy bajo,4.3956043956,Muy bajo
1412000014465,123.6448898,Bajo,6.4369900272,Muy bajo
141200001447A,125.275004,Muy bajo,5.8784676354,Muy bajo
1412000014484,121.9347558,Bajo,11.0624315444,Bajo
1412000014499,120.9067148,Medio,13.2413793103,Bajo
1412000014501,120.7995961,Medio,17.5824175824,Bajo
1412000014516,121.4261827,Bajo,17.6136363636,Bajo
1412000014520,116.6163489,Alto,26.2935586061,Medio
1412000014535,120.49539,Medio,20.2857142857,Bajo
141200001454A,118.7471405,Medio,21.4230471771,Bajo
1412000014554,118.7466965,Medio,21.8502202643,Medio
1412000014569,120.1488022,Medio,13.3333333333,Bajo
1412000014573,119.7227182,Medio,17.2932330827,Bajo
1412000014588,119.1804129,Medio,20.4379562044,Bajo
1412000014592,120.2468302,Medio,17.2877846791,Bajo
1412000014605,123.7504367,Muy bajo,4.168575355,Muy bajo
141200001461A,123.2420728,Bajo,8.4306095979,Muy bajo
1412000014643,117.348858,Alto,27.6281494353,Medio
1412000014658,113.9978988,Muy alto,34.5005740528,Alto
1412000014662,117.6823629,Alto,28.3693843594,Medio
1412000014677,118.0959983,Alto,24.1481481481,Medio
1412000014728,125.6963021,Muy bajo,8.4507042254,Muy bajo
1412000014732,125.4362894,Muy bajo,5.7397959184,Muy bajo
1412000014770,120.0932676,Medio,0.0,Muy bajo
141200001479A,121.6441695,Bajo,25.9615384615,Medio
1412000014855,124.8993256,Muy bajo,0.6451612903,Muy bajo
141200001486A,118.1482065,Alto,24.3243243243,Medio
1412000014874,125.9324921,Muy bajo,5.7471264368,Muy bajo
1412000014889,124.4666918,Muy bajo,7.2909698997,Muy bajo
1412000014925,126.0427557,Muy bajo,2.7450980392,Muy bajo
1412000014963,117.859326,Alto,34.2105263158,Medio
1412000014978,113.9265242,Muy alto,28.8461538462,Alto
1412000015105,124.8210068,Muy bajo,7.9584775087,Muy bajo
1412000015124,112.8361704,Muy alto,29.1666666667,Medio
1412000015139,116.9039165,Alto,14.2857142857,Medio
1412000015143,119.331361,Medio,14.0115163148,Medio
1412000015158,118.7334444,Medio,15.8703071672,Medio
1412000015162,118.89292,Medio,13.4615384615,Medio
1412000015177,118.6968278,Medio,20.1853759011,Medio
1412000015181,125.992077,Muy bajo,0.0,Muy bajo
1412000015196,124.4706183,Muy bajo,4.8672566372,Muy bajo
1412000015209,121.2392069,Bajo,12.83566058,Bajo
1412000015228,123.8199295,Muy bajo,15.1260504202,Bajo
1412000015251,126.1641446,Muy bajo,3.520208605,Muy bajo
1412000015266,124.3089288,Muy bajo,6.3849333946,Muy bajo
1412000015270,125.4011318,Muy bajo,4.5081967213,Muy bajo
1412000015285,125.4102217,Muy bajo,5.4361567636,Muy bajo
141200001529A,126.9019463,Muy bajo,1.6393442623,Muy bajo
1412000015302,117.6483884,Alto,22.7886056972,Medio
1412000015317,117.1241237,Alto,25.0970245796,Medio
1412000015336,116.9602081,Alto,28.6640726329,Medio
1412000015340,124.9079199,Muy bajo,5.1389786684,Muy bajo
1412000015355,118.9947729,Medio,11.9133574007,Bajo
141200001536A,123.0039698,Bajo,8.6206896552,Muy bajo
1412000015374,125.4442806,Muy bajo,3.4400948992,Muy bajo
1412000015444,121.1621336,Bajo,9.7142857143,Bajo
1412000015459,125.1200173,Muy bajo,5.4172767204,Muy bajo
1412000015463,125.2038238,Muy bajo,9.2831962397,Muy bajo
1412000015478,124.9703779,Muy bajo,6.8350668648,Muy bajo
1412000015482,125.8798012,Muy bajo,7.299270073,Muy bajo
1412000015497,124.6755714,Muy bajo,6.4997336175,Muy bajo
141200001550A,122.7065999,Bajo,9.138381201,Muy bajo
1412000015533,116.4867968,Alto,23.0607966457,Medio
1412000015548,117.4122178,Alto,26.1569416499,Medio
1412000015552,119.834264,Medio,17.5135135135,Medio
1412000015637,125.2325619,Muy bajo,2.2058823529,Muy bajo
1412000015641,127.1767593,Muy bajo,0.0,Muy bajo
1412000015656,125.8629313,Muy bajo,4.8128342246,Muy bajo
1412000015660,124.6483385,Muy bajo,5.2631578947,Muy bajo
1412000015675,120.5771811,Medio,5.9701492537,Muy bajo
1412000015694,116.5643339,Alto,22.3443223443,Medio
1412000015745,119.1797779,Medio,21.6560509554,Medio
141200001575A,125.7554326,Muy bajo,0.0,Muy bajo
1412000015798,124.9961333,Muy bajo,11.5005476451,Muy bajo
1412000015800,124.1028378,Muy bajo,15.5533399801,Muy bajo
1412000015815,125.7116766,Muy bajo,4.9019607843,Muy bajo
141200001582A,125.2812821,Muy bajo,4.3557168784,Muy bajo
1412000015834,123.8800189,Muy bajo,4.4025157233,Muy bajo
1412000015849,125.5490859,Muy bajo,3.9636127355,Muy bajo
1412000015938,121.6784701,Bajo,0.0,Muy bajo
1412000015942,125.8671265,Muy bajo,0.4169148303,Muy bajo
1412000016014,126.3717774,Muy bajo,2.0134228188,Muy bajo
1412000016033,125.4791754,Muy bajo,4.7970479705,Muy bajo
1412000016048,125.3255313,Muy bajo,2.828854314,Muy bajo
1412000016052,125.1545807,Muy bajo,2.0725388601,Muy bajo
1412000016067,125.3242617,Muy bajo,5.705229794,Muy bajo
1412000016071,125.740654,Muy bajo,2.8241335045,Muy bajo
1412000016103,119.3764757,Medio,20.0,Medio
1412000016118,116.6462044,Alto,42.9447852761,Medio
1412000016122,114.0929949,Muy alto,35.1648351648,Alto
1412000016141,125.3461036,Muy bajo,2.8409090909,Muy bajo
1412000016175,124.9500816,Muy bajo,3.7190082645,Muy bajo
1412000016283,126.6409753,Muy bajo,2.0,Muy bajo
1412000016298,116.6775497,Alto,18.6046511628,Medio
1412000016300,122.9150409,Bajo,4.8976608187,Muy bajo
141200001632A,119.1066499,Medio,18.5185185185,Medio
1412000016391,114.5118192,Muy alto,32.6133909287,Alto
1412000016438,125.5367187,Muy bajo,3.9325842697,Muy bajo
1412000016495,124.9057008,Muy bajo,0.0,Muy bajo
1412000016508,122.1195523,Bajo,13.8099106418,Bajo
1412000016512,123.5984967,Bajo,6.1871616396,Muy bajo
1412000016527,120.1727212,Medio,11.2332112332,Bajo
1412000016531,119.0460639,Medio,13.9674378749,Medio
1412000016546,119.424625,Medio,16.4768921634,Bajo
1412000016550,124.0941646,Muy bajo,4.9008168028,Muy bajo
1412000016565,125.9847018,Muy bajo,0.3699136868,Muy bajo
141200001657A,125.2839395,Muy bajo,0.4362050164,Muy bajo
1412000016584,120.0104918,Medio,16.8316831683,Bajo
1412000016599,126.5991739,Muy bajo,2.1276595745,Muy bajo
1412000016601,124.9919603,Muy bajo,0.0,Muy bajo
1412000016616,124.8748019,Muy bajo,6.8965517241,Muy bajo
1412000016620,122.4545707,Bajo,12.7937336815,Bajo
1412000016635,122.4106684,Bajo,11.7400419287,Bajo
141200001664A,125.9670071,Muy bajo,0.8238928939,Muy bajo
1412000016705,119.5443786,Medio,15.4471544715,Bajo
141200001671A,120.9645368,Medio,15.6971375808,Bajo
1412000016724,124.1502314,Muy bajo,5.737704918,Muy bajo
1412000016739,126.0897913,Muy bajo,0.303030303,Muy bajo
1412000016743,125.0679871,Muy bajo,2.4636058231,Muy bajo
1412000016758,125.4902923,Muy bajo,1.7366136035,Muy bajo
1412000016762,126.1906729,Muy bajo,0.3773584906,Muy bajo
1412000016777,126.3703855,Muy bajo,0.7049345418,Muy bajo
1412000016781,124.1777856,Muy bajo,0.0,Muy bajo
1412000016796,126.2485041,Muy bajo,0.2463054187,Muy bajo
1412000016809,124.9892326,Muy bajo,0.7776049767,Muy bajo
1412000016813,126.317444,Muy bajo,0.6711409396,Muy bajo
1412000016828,126.859819,Muy bajo,0.0,Muy bajo
1412000016832,124.8840849,Muy bajo,8.1018518519,Muy bajo
1412000016847,119.4820948,Medio,19.9248120301,Medio
1412000016851,121.2218583,Bajo,16.1904761905,Bajo
1412000016866,118.016548,Alto,20.8333333333,Medio
1412000016870,120.3855636,Medio,12.2529644269,Bajo
1412000016885,122.9347286,Bajo,12.5806451613,Bajo
141200001689A,121.2786942,Bajo,13.9194139194,Bajo
1412000016902,123.9440611,Muy bajo,8.3388484447,Muy bajo
1412000016917,122.7428595,Bajo,6.0371517028,Muy bajo
1412000016921,125.693583,Muy bajo,5.4669703872,Muy bajo
1412000017008,125.837484,Muy bajo,5.1785714286,Muy bajo
1412000017012,125.7918694,Muy bajo,14.447592068,Muy bajo
1412000017027,126.1392154,Muy bajo,0.6309148265,Muy bajo
1412000017031,125.6427435,Muy bajo,4.5226130653,Muy bajo
1412000017046,125.4223764,Muy bajo,3.2697547684,Muy bajo
1412000017050,125.675794,Muy bajo,0.0,Muy bajo
1412000017065,126.7691422,Muy bajo,2.6392961877,Muy bajo
141200001707A,126.1096899,Muy bajo,6.4676616915,Muy bajo
1412000017084,126.0001641,Muy bajo,0.0,Muy bajo
1412000017099,125.9090399,Muy bajo,1.1142061281,Muy bajo
1412000017101,125.0643869,Muy bajo,2.6737967914,Muy bajo
1412000017116,125.1424815,Muy bajo,1.055408971,Muy bajo
1412000017120,123.9377996,Muy bajo,6.3291139241,Muy bajo
1412000017135,126.2599405,Muy bajo,0.3802281369,Muy bajo
141200001714A,125.3782074,Muy bajo,0.4338394794,Muy bajo
1412000017154,126.1280129,Muy bajo,3.125,Muy bajo
1412000017169,125.779656,Muy bajo,1.1627906977,Muy bajo
1412000017205,117.2573573,Alto,19.1335740072,Medio
1412000017262,127.3867738,Muy bajo,0.0,Muy bajo
1412000017277,125.9737323,Muy bajo,1.038961039,Muy bajo
1412000017281,107.1101762,Muy alto,72.1518987342,Muy alto
1412000017296,110.3448334,Muy alto,49.3902439024,Alto
1412000017309,111.1756041,Muy alto,40.0452488688,Alto
1412000017313,124.9567572,Muy bajo,0.0,Muy bajo
1412000017328,126.843575,Muy bajo,0.0,Muy bajo
1412000017332,125.144288,Muy bajo,0.0,Muy bajo
1412000017366,126.3090335,Muy bajo,2.0408163265,Muy bajo
1412000017370,124.8056208,Muy bajo,0.8,Muy bajo
1412000017385,123.8273168,Muy bajo,0.0,Muy bajo
141200001739A,125.6458472,Muy bajo,4.5534150613,Muy bajo
1412000017402,122.5424404,Bajo,5.0847457627,Muy bajo
1412000017417,115.137248,Muy alto,20.0,Medio
1412000620161,120.8575644,Medio,34.7207009858,Medio
1412000620176,120.9645286,Medio,29.6343810135,Medio
1412000620180,120.0548453,Medio,35.5670103093,Medio
1412000620208,118.882782,Medio,20.0704225352,Medio
1412000620284,124.9657135,Muy bajo,3.8011695906,Muy bajo
1412000620299,119.3614442,Medio,23.9234449761,Medio
1412001395980,120.0901425,Medio,13.5782747604,Bajo
1412001395995,117.5817958,Alto,20.6225680934,Medio
1412002065054,114.6261545,Muy alto,26.2032085561,Alto
1412002312026,119.8005688,Medio,12.5448028674,Medio
1412002312045,124.1068224,Muy bajo,5.1546391753,Muy bajo
141200231205A,122.7683529,Bajo,10.1694915254,Bajo
1412002312079,117.0192076,Alto,20.5752212389,Medio
1412002313823,119.9524679,Medio,17.1155516942,Bajo
1412002313838,123.8935378,Muy bajo,8.7635054022,Muy bajo
1412002313842,124.9186923,Muy bajo,4.6604527297,Muy bajo
1412002313895,123.189749,Bajo,6.0402684564,Bajo
1412002313999,119.44505,Medio,14.2857142857,Medio
1412002314003,114.5198713,Muy alto,13.0879345603,Medio
1412002314145,116.7478319,Alto,16.1225849434,Medio
141200231415A,117.7940196,Alto,18.0327868852,Medio
1412002314164,117.8987523,Alto,20.8080808081,Medio
1412002314179,117.8786525,Alto,20.1721355568,Medio
1412002314817,114.9314305,Muy alto,19.0476190476,Medio
1412002315035,116.2310674,Alto,25.7142857143,Medio
1412002315590,107.8028392,Muy alto,10.5263157895,Medio
1412002315618,123.8656707,Muy bajo,8.9285714286,Muy bajo
1412002315726,125.1007937,Muy bajo,4.5942720764,Muy bajo
1412002315730,125.028621,Muy bajo,5.9701492537,Muy bajo
1412002315779,116.842333,Alto,23.7373737374,Medio
1412002315872,120.810942,Medio,14.537037037,Bajo
1412002315887,118.6020864,Alto,13.9877300613,Bajo
1412002316207,115.4610892,Alto,26.0869565217,Medio
1412002316211,110.4669801,Muy alto,13.0434782609,Medio
1412002316226,114.847887,Muy alto,29.7297297297,Medio
1412002316230,122.9608203,Bajo,12.4875124875,Bajo
1412002316245,123.3217787,Bajo,15.7043879908,Bajo
141200231625A,125.0901086,Muy bajo,2.3923444976,Muy bajo
1412002316264,123.7073194,Muy bajo,13.7157107232,Bajo
1412002316404,117.6900778,Alto,22.3140495868,Medio
1412002316654,121.0339348,Medio,11.6726835138,Bajo
1412002316669,123.946058,Muy bajo,6.4356435644,Muy bajo
1412002316673,120.2695126,Medio,16.6351606805,Bajo
1412002316688,118.8086641,Medio,20.9039548023,Medio
1412002316692,119.2349985,Medio,12.925170068,Bajo
141200231696A,126.0821188,Muy bajo,6.5693430657,Muy bajo
1412002316974,125.4543951,Muy bajo,7.182320442,Muy bajo
1412002316989,125.0765934,Muy bajo,6.0288335518,Muy bajo
1412002316993,123.3880142,Bajo,11.4457831325,Bajo
1412002317173,119.3403141,Medio,23.0769230769,Medio
1412002317192,124.8713277,Muy bajo,8.1967213115,Muy bajo
1412002317243,118.4945528,Alto,29.6296296296,Medio
1412002317351,123.1082077,Bajo,17.5298804781,Medio
1412002317436,112.2698138,Muy alto,42.3076923077,Alto
1412002434709,120.0646917,Medio,10.6334841629,Bajo
1412002434713,119.9139855,Medio,15.2317880795,Medio
1412004306936,123.6194508,Bajo,8.7751371115,Bajo
1412004306940,124.2728146,Muy bajo,8.4010840108,Bajo
1412004306955,124.1337817,Muy bajo,12.067352666,Bajo
1412004307421,125.0696661,Muy bajo,9.4140882159,Muy bajo
1412007500301,125.338829,Muy bajo,5.0075872534,Muy bajo
1412007500316,125.5423785,Muy bajo,5.5084745763,Muy bajo
1412007530320,124.9700972,Muy bajo,8.8077336198,Muy bajo
1412007560335,124.9142396,Muy bajo,7.8212290503,Muy bajo
1412007560424,123.4047851,Bajo,18.9976689977,Bajo
1412007570439,123.0328083,Bajo,13.8138138138,Bajo
1412007570462,123.410595,Bajo,19.0804597701,Bajo
1412007580496,118.5685068,Alto,33.234421365,Medio
1412007580509,119.6790608,Medio,34.0057636888,Medio
1412007580551,120.6973767,Medio,29.0697674419,Medio
1412007580566,120.5646743,Medio,25.5566311713,Medio
1412007580693,121.5504519,Bajo,23.5663786332,Bajo
1412007580744,119.6693858,Medio,27.6840490798,Medio
1412007580759,122.4739937,Bajo,19.3396226415,Bajo
1412007580797,122.4099711,Bajo,19.4760820046,Bajo
141200758080A,120.087204,Medio,30.7803468208,Medio
1412007580829,121.3759028,Bajo,21.151586369,Medio
1412007580833,121.0679501,Medio,23.4309623431,Medio
1412007580848,121.348559,Bajo,25.3886010363,Medio
1412007630852,123.469249,Bajo,5.6291390728,Muy bajo
1412007630867,125.3631741,Muy bajo,3.4979423868,Muy bajo
1412100010084,119.7346384,Medio,18.0115273775,Medio
1412100010099,121.0338899,Medio,15.4320987654,Bajo
1412100010101,123.8180814,Muy bajo,8.8607594937,Bajo
1412100010116,118.2823915,Alto,20.1729106628,Medio
1412100010120,119.9550654,Medio,22.5895316804,Medio
1412100010135,121.5032526,Bajo,18.8405797101,Medio
141210001014A,121.7736306,Bajo,21.8085106383,Medio
1412100010154,118.401459,Alto,35.7142857143,Medio
1412100010169,121.1054975,Medio,13.6363636364,Bajo
1412100010173,121.0658679,Medio,16.0220994475,Medio
1412100010188,117.9763523,Alto,28.1081081081,Medio
1412100010192,119.4654571,Medio,24.5954692557,Medio
1412100010205,117.7200076,Alto,29.0909090909,Alto
1412100010224,121.7962921,Bajo,25.8064516129,Medio
1412100010239,119.558539,Medio,15.3958944282,Medio
1412100010243,120.8275677,Medio,17.9197994987,Bajo
1412100010258,123.2441152,Bajo,0.0,Muy bajo
1412100010366,103.9647883,Muy alto,38.7755102041,Alto
1412100010370,123.0528462,Bajo,12.1212121212,Medio
1412100010402,122.4497356,Bajo,21.9512195122,Medio
1412100010421,122.1816236,Bajo,25.7009345794,Medio
1412100210347,119.3351012,Medio,11.3300492611,Medio
1412100210351,120.0840185,Medio,16.6666666667,Medio
1412200010058,118.1113976,Alto,30.125120308,Medio
141230001006A,118.5832581,Alto,26.4150943396,Medio
1412300010074,120.2705255,Medio,15.0,Medio
1412300010089,118.276219,Alto,16.7979002625,Medio
1412300010093,119.3343561,Medio,13.6842105263,Medio
1412300010106,117.0388344,Alto,26.0869565217,Medio
141230041013A,119.1015127,Medio,22.0930232558,Medio
1412300410144,118.6321092,Medio,18.4065934066,Medio
1412400010122,117.4780266,Alto,12.4309392265,Medio
1412400010137,116.9067027,Alto,12.0849933599,Medio
1412400010141,119.952332,Medio,7.3852295409,Bajo
1412400010156,117.353619,Alto,9.2731829574,Medio
1412400010175,118.8003712,Medio,10.8404384896,Bajo
141240001018A,118.9304899,Medio,11.5526802218,Medio
1412400010211,118.7825952,Medio,10.7095046854,Medio
1412400010226,119.3967889,Medio,13.3333333333,Medio
1412400010279,115.1143713,Muy alto,5.5555555556,Medio
1412400010283,116.9476505,Alto,11.4285714286,Medio
1412400010298,117.5635892,Alto,9.5238095238,Bajo
1412400010300,115.9316142,Alto,15.8415841584,Medio
1412400010334,114.0177711,Muy alto,35.8208955224,Alto
1412400010404,114.6835345,Muy alto,11.1111111111,Medio
1412400010438,117.9667756,Alto,8.7628865979,Medio
1412400010442,120.2661054,Medio,22.2222222222,Medio
1412400010461,119.6067869,Medio,11.8644067797,Medio
1412400010480,118.9394779,Medio,11.6169544741,Bajo
1412400010495,118.5825472,Alto,9.5820591233,Medio
1412400010508,118.1697911,Alto,9.756097561,Bajo
1412400010512,118.4466197,Alto,13.4969325153,Medio
1412400010527,118.7373345,Medio,11.0738255034,Medio
1412400010550,117.385953,Alto,7.1428571429,Medio
1412400010565,116.2985813,Alto,5.8823529412,Medio
141240001057A,120.9983831,Medio,0.0,Bajo
1412400940387,119.110517,Medio,9.6153846154,Medio
1412400940391,119.027085,Medio,8.8452088452,Medio
1412401760160,115.8079936,Alto,14.4055944056,Medio
1412401760599,112.4574109,Muy alto,13.7931034483,Alto
1412500010011,117.6862686,Alto,9.2140921409,Medio
1412500010026,113.8050755,Muy alto,11.5646258503,Medio
1412500010030,117.7204475,Alto,8.8803088803,Medio
1412500010045,114.2718897,Muy alto,6.1611374408,Medio
141250001005A,112.7828339,Muy alto,7.0110701107,Medio
1412500010064,117.26574,Alto,4.0,Medio
1412500010079,116.3349653,Alto,8.6206896552,Medio
1412500010083,117.9519828,Alto,7.1428571429,Medio
1412500010098,117.4592839,Alto,9.8039215686,Medio
1412500010100,118.4581143,Alto,9.3655589124,Medio
1412500010134,113.0710151,Muy alto,12.0,Alto
1400100010156,,,0.0,Bajo
1400100010175,,,14.2857142857,Bajo
140010001018A,,,,Medio
1400100010230,,,6.6666666667,Medio
1400100010245,,,,Muy bajo
1400100010264,,,,Medio
1400100010279,,,0.0,Bajo
1400100010298,,,0.0,Medio
1400100010300,,,0.0,Medio
1400200010098,,,20.0,Medio
1400200010134,,,,Medio
1400200010168,,,0.0,Medio
1400200010295,,,,Medio
1400200010308,,,0.0,Muy bajo
1400200010312,,,,Muy bajo
1400200020149,,,42.8571428571,Medio
1400200020219,,,20.0,Medio
1400200020238,,,16.6666666667,Medio
1400200020242,,,,Medio
1400200020257,,,26.6666666667,Alto
1400200020276,,,,Bajo
1400200020327,,,44.4444444444,Medio
1400300010184,,,0.0,Muy bajo
1400300010201,,,,Medio
1400300010216,,,60.0,Medio
1400400010069,,,20.0,Medio
1400500010121,,,12.5,Medio
1400500010189,,,50.0,Alto
1400500010193,,,37.5,Alto
1400600010434,,,0.0,Bajo
1400600010449,,,0.0,Bajo
1400600010468,,,10.0,Medio
1400600010472,,,37.5,Medio
1400600010519,,,20.0,Medio
1400600010538,,,,Medio
1400600110542,,,,Medio
1400700010107,,,30.7692307692,Medio
1400700010126,,,,Medio
1400700010145,,,25.0,Bajo
140070001015A,,,66.6666666667,Alto
1400800010871,,,0.0,Muy bajo
1400802800528,,,14.2857142857,Medio
1400802800693,,,0.0,Medio
1400802800763,,,0.0,Medio
1400802800778,,,7.6923076923,Medio
1400802800960,,,,Muy bajo
1400802800975,,,16.6666666667,Medio
1400900010099,,,21.4285714286,Medio
1400900010120,,,30.7692307692,Alto
1400900010154,,,28.5714285714,Medio
1400900010173,,,28.5714285714,Bajo
1400900010188,,,17.6470588235,Medio
1400900010192,,,0.0,Medio
1400900010205,,,25.0,Muy alto
140090001021A,,,15.7894736842,Medio
1400900060262,,,,Muy alto
1401000010085,,,40.0,Alto
1401000010117,,,22.2222222222,Medio
1401000010136,,,60.0,Alto
1401100010129,,,0.0,Medio
1401100010133,,,0.0,Alto
1401200010145,,,,Medio
140120001015A,,,0.0,Medio
1401200010164,,,,Bajo
1401200010179,,,25.0,Alto
1401200010183,,,16.6666666667,Medio
1401300010299,,,11.7647058824,Medio
1401300010301,,,5.2631578947,Bajo
1401300010320,,,25.0,Medio
1401300010373,,,,Bajo
1401300010392,,,0.0,Bajo
1401300010458,,,5.5555555556,Medio
1401300010462,,,46.6666666667,Alto
140130030034A,,,0.0,Medio
1401300300354,,,,Bajo
1401300300405,,,46.6666666667,Muy alto
140130030041A,,,7.6923076923,Medio
1401300300424,,,0.0,Muy bajo
1401300300532,,,11.1111111111,Alto
1401400010135,,,,Muy bajo
140140001014A,,,16.6666666667,Alto
1401400010169,,,33.3333333333,Bajo
140150001033A,,,0.0,Bajo
1401500010344,,,18.1818181818,Bajo
1401500010359,,,6.25,Muy bajo
1401500010363,,,14.2857142857,Medio
1401500010397,,,33.3333333333,Medio
1401500010433,,,12.5,Muy bajo
1401500010448,,,,Muy bajo
1401500010452,,,50.0,Medio
1401500010467,,,15.0,Medio
1401600010252,,,0.0,Muy bajo
1401600010360,,,,Muy bajo
1401600010375,,,31.5789473684,Medio
140160001052A,,,10.0,Medio
1401600010534,,,0.0,Bajo
1401600010553,,,0.0,Muy bajo
1401600100411,,,0.0,Medio
1401600100426,,,0.0,Medio
1401600100430,,,,Bajo
1401600100445,,,0.0,Medio
140160010045A,,,7.1428571429,Alto
1401600100500,,,0.0,Medio
1401600100515,,,,Bajo
1401600720271,,,0.0,Medio
1401600890214,,,6.25,Medio
1401600890286,,,0.0,Medio
1401600890290,,,,Muy alto
1401700010211,,,,Medio
1401700010226,,,33.3333333333,Alto
1401700010230,,,,Muy bajo
140170001025A,,,0.0,Medio
1401700010264,,,0.0,Bajo
1401700010279,,,12.5,Medio
1401800010365,,,,Muy alto
1401800010384,,,21.4285714286,Medio
1401800010399,,,,Muy bajo
1401800010420,,,33.3333333333,Medio
1401800010435,,,23.5294117647,Muy bajo
1401800010454,,,,Medio
1401800010488,,,0.0,Bajo
1401800010492,,,36.3636363636,Medio
1401800010524,,,50.0,Alto
1401800010543,,,25.0,Alto
140180027044A,,,,Bajo
1401800270473,,,,Medio
1401800270505,,,,Bajo
140180027051A,,,25.0,Bajo
1402000010221,,,23.0769230769,Medio
1402000010236,,,25.0,Medio
1402000010240,,,12.5,Medio
1402000010255,,,,Bajo
140200001026A,,,38.4615384615,Medio
1402100010229,,,40.0,Alto
1402100010233,,,50.0,Muy alto
1402100010290,,,50.0,Alto
1402100010303,,,33.3333333333,Alto
1402100010318,,,66.6666666667,Muy alto
1402100010479,,,,Muy bajo
1402100010483,,,25.0,Bajo
1402100030252,,,33.3333333333,Alto
1402100030337,,,,Muy alto
1402100030407,,,100.0,Muy alto
1402100030411,,,14.2857142857,Medio
1402100180267,,,0.0,Medio
1402100180271,,,38.4615384615,Alto
1402200010442,,,46.6666666667,Alto
1402200010457,,,,Muy alto
1402200010531,,,14.2857142857,Medio
1402200010620,,,,Muy alto
1402200010635,,,25.0,Medio
1402200010669,,,33.3333333333,Medio
1402200060546,,,33.3333333333,Alto
1402200330495,,,,Bajo
1402200330550,,,20.0,Alto
1402200330565,,,20.0,Medio
140220033057A,,,10.0,Alto
140220033064A,,,,Medio
1402200330654,,,,Muy alto
1402300010416,,,21.4285714286,Medio
1402300010435,,,11.1111111111,Medio
1402300010577,,,,Muy alto
1402300010581,,,44.4444444444,Alto
1402300010666,,,0.0,Bajo
1402300010736,,,15.7894736842,Bajo
1402300010740,,,50.0,Alto
1402300010755,,,33.3333333333,Medio
1402300010793,,,,Muy bajo
1402300010806,,,0.0,Bajo
1402300010825,,,50.0,Alto
1402300010844,,,,Alto
1402300010859,,,40.0,Alto
1402300010863,,,,Muy bajo
140230001090A,,,66.6666666667,Alto
140240001017A,,,0.0,Medio
1402400010184,,,,Medio
1402400010216,,,28.5714285714,Medio
1402400010220,,,,Bajo
140240001024A,,,0.0,Muy bajo
1402400010254,,,50.0,Medio
1402400010288,,,0.0,Muy bajo
1402400010305,,,,Medio
140240007031A,,,25.0,Medio
1402400070324,,,12.5,Alto
1402500010196,,,0.0,Alto
1402500010232,,,6.6666666667,Medio
1402500010266,,,,Medio
1402500010270,,,50.0,Medio
140250001029A,,,33.3333333333,Medio
1402500010302,,,0.0,Muy bajo
1402500010317,,,0.0,Bajo
1402500010321,,,,Muy bajo
1402600010117,,,47.3684210526,Alto
1402600010136,,,10.0,Medio
1402600010140,,,0.0,Bajo
1402600010174,,,0.0,Medio
1402600010189,,,14.2857142857,Medio
1402600010193,,,,Bajo
1402600010206,,,40.0,Medio
1402600010225,,,0.0,Bajo
140260001023A,,,,Medio
1402600010259,,,0.0,Medio
1402700010260,,,33.3333333333,Bajo
1402800010075,,,33.3333333333,Alto
140280001008A,,,18.1818181818,Bajo
1402800010094,,,0.0,Medio
1402900010104,,,20.0,Bajo
1403000010478,,,0.0,Bajo
1403000010675,,,18.1818181818,Bajo
140300001068A,,,20.0,Bajo
1403000010694,,,0.0,Medio
1403000020355,,,,Bajo
1403000020374,,,0.0,Muy bajo
1403000020393,,,0.0,Muy bajo
1403000020410,,,0.0,Muy bajo
1403000020425,,,0.0,Muy bajo
1403000020548,,,,Muy bajo
1403000020552,,,14.2857142857,Muy bajo
1403000020567,,,,Muy bajo
1403000020571,,,6.25,Muy bajo
140300005050A,,,0.0,Muy bajo
1403000050529,,,29.4117647059,Bajo
1403100010136,,,,Alto
1403200010082,,,25.0,Medio
1403200010097,,,,Medio
1403300010179,,,31.25,Alto
1403300010234,,,18.75,Medio
1403300010249,,,9.0909090909,Medio
1403300010253,,,,Muy bajo
1403300010268,,,0.0,Medio
1403300010287,,,,Bajo
1403400010091,,,12.5,Bajo
1403400010104,,,33.3333333333,Medio
1403400010119,,,,Muy bajo
1403400010123,,,20.0,Alto
1403500010385,,,0.0,Medio
1403500010474,,,0.0,Bajo
1403500010493,,,11.7647058824,Alto
1403500010582,,,6.6666666667,Bajo
1403500010614,,,0.0,Medio
1403500010648,,,7.6923076923,Medio
1403500010652,,,0.0,Medio
1403500010671,,,,Medio
1403500010690,,,,Medio
1403500010703,,,0.0,Medio
140350001078A,,,,Medio
1403500010807,,,12.5,Medio
1403500010811,,,,Muy alto
140350001085A,,,0.0,Bajo
1403500010864,,,,Bajo
1403500010879,,,,Bajo
1403500170440,,,12.5,Medio
1403500170455,,,0.0,Bajo
140350017046A,,,,Medio
1403500170629,,,,Muy bajo
1403500170686,,,0.0,Bajo
1403500170741,,,0.0,Medio
1403500170826,,,22.2222222222,Medio
140360001019A,,,8.3333333333,Bajo
1403600010202,,,0.0,Bajo
1403600010221,,,0.0,Muy bajo
1403600010255,,,15.3846153846,Bajo
140360001026A,,,,Bajo
1403600010293,,,7.1428571429,Bajo
1403600010306,,,0.0,Muy bajo
1403600010344,,,0.0,Bajo
1403600010382,,,22.2222222222,Medio
1403700010163,,,14.2857142857,Bajo
1403700010178,,,,Alto
1403700010214,,,,Muy alto
1403700010248,,,14.2857142857,Medio
1403700010252,,,28.5714285714,Medio
1403700010318,,,0.0,Muy bajo
1403700010322,,,,Muy bajo
1403700010356,,,28.5714285714,Medio
1403800010137,,,21.0526315789,Bajo
1403800010141,,,5.2631578947,Medio
1403800010160,,,20.0,Bajo
1403800010175,,,0.0,Medio
1403800010194,,,0.0,Medio
1403900012554,,,0.0,Muy bajo
1403900015366,,,0.0,Muy bajo
1403900015582,,,,Medio
1404000010154,,,28.5714285714,Medio
1404000010192,,,,Muy alto
1404000010205,,,,Bajo
1404100010109,,,,Bajo
1404100010113,,,0.0,Alto
1404100010128,,,16.6666666667,Medio
1404100010132,,,,Medio
1404100010147,,,,Medio
1404100010151,,,6.6666666667,Medio
1404100010170,,,,Bajo
1404100010185,,,0.0,Medio
140410001019A,,,10.0,Bajo
1404200010178,,,23.0769230769,Alto
1404200010182,,,37.5,Medio
1404200010197,,,22.2222222222,Medio
140420001020A,,,,Medio
1404200010214,,,60.0,Alto
1404200010233,,,23.0769230769,Medio
1404300010315,,,,Medio
1404300010353,,,0.0,Medio
1404300010387,,,21.4285714286,Medio
1404300010391,,,60.0,Muy alto
1404300010404,,,0.0,Medio
1404300010419,,,7.6923076923,Medio
1404300010423,,,0.0,Medio
1404300010438,,,14.2857142857,Medio
1404400010365,,,,Medio
1404400020149,,,25.0,Bajo
1404400020153,,,11.7647058824,Muy bajo
1404400020168,,,7.6923076923,Bajo
140450001017A,,,0.0,Bajo
1404500010184,,,42.8571428571,Medio
1404600010270,,,25.0,Medio
140460001029A,,,20.0,Medio
1404600010302,,,33.3333333333,Medio
1404600010321,,,0.0,Medio
1404600010336,,,,Bajo
1404600010340,,,7.6923076923,Medio
1404600010355,,,,Medio
140460001036A,,,16.6666666667,Medio
1404600010374,,,38.4615384615,Alto
1404600010406,,,0.0,Medio
1404600010459,,,0.0,Muy bajo
1404600010463,,,13.3333333333,Medio
1404600010478,,,0.0,Muy bajo
1404600010482,,,0.0,Bajo
1404600010497,,,0.0,Bajo
1404600010552,,,0.0,Medio
1404600010571,,,0.0,Medio
1404600010586,,,0.0,Bajo
1404600010590,,,0.0,Medio
1404700010174,,,,Alto
1404700010225,,,0.0,Bajo
1404700050259,,,20.0,Alto
1404800010133,,,7.6923076923,Bajo
1404800010148,,,12.5,Medio
1404800010152,,,7.6923076923,Bajo
1404800010167,,,0.0,Medio
1404800010186,,,33.3333333333,Alto
1404800010222,,,17.6470588235,Alto
1404800010237,,,16.6666666667,Medio
1404800010256,,,16.6666666667,Muy bajo
1404800010260,,,0.0,Medio
1404800010275,,,9.0909090909,Medio
1404800010294,,,12.5,Medio
1404800010307,,,16.6666666667,Medio
1404800010326,,,25.0,Medio
1404900010215,,,20.0,Medio
1405000010220,,,,Muy bajo
1405000010288,,,18.1818181818,Medio
1405000010339,,,0.0,Bajo
1405000010343,,,,Medio
1405000010358,,,25.0,Bajo
1405000020451,,,29.4117647059,Bajo
140500011024A,,,28.5714285714,Muy bajo
1405000110269,,,85.7142857143,Muy alto
1405000110485,,,20.0,Muy bajo
1405000170273,,,33.3333333333,Medio
1405000170305,,,10.0,Medio
1405000170377,,,33.3333333333,Medio
1405000170381,,,9.0909090909,Medio
1405000170409,,,66.6666666667,Alto
1405100010088,,,6.6666666667,Bajo
140510001011A,,,0.0,Bajo
1405100010124,,,12.5,Bajo
1405100010177,,,0.0,Bajo
1405200010085,,,0.0,Medio
140520001009A,,,,Muy alto
1405200010102,,,20.0,Medio
1405200010117,,,0.0,Muy bajo
1405200010155,,,0.0,Muy bajo
1405300010805,,,23.0769230769,Medio
140530001081A,,,6.6666666667,Medio
1405300010824,,,0.0,Bajo
1405300010966,,,20.0,Medio
1405300010985,,,0.0,Medio
1405300011019,,,66.6666666667,Muy alto
1405300011038,,,,Alto
1405300011057,,,33.3333333333,Medio
1405300011076,,,0.0,Medio
1405300011216,,,16.6666666667,Medio
1405300011235,,,66.6666666667,Alto
140530001124A,,,,Medio
1405300011292,,,,Medio
1405300661080,,,0.0,Bajo
1405400010111,,,6.6666666667,Medio
1405400010126,,,0.0,Medio
1405400010130,,,,Muy bajo
1405400010145,,,33.3333333333,Medio
1405400010164,,,,Muy bajo
1405400010179,,,,Medio
1405500010161,,,26.3157894737,Bajo
1405500010212,,,0.0,Medio
1405500010316,,,,Medio
1405500010335,,,37.5,Medio
140550001034A,,,0.0,Medio
1405500010354,,,,Medio
1405500010369,,,,Muy bajo
1405500010373,,,18.1818181818,Medio
1405500010392,,,28.5714285714,Medio
1405600010116,,,0.0,Medio
1405600010120,,,0.0,Alto
1405600010135,,,0.0,Medio
140560001014A,,,17.6470588235,Medio
1405700010077,,,0.0,Medio
1405700010081,,,8.3333333333,Muy bajo
1405700010096,,,25.0,Medio
1405700010109,,,,Bajo
1405700010128,,,0.0,Muy bajo
1405700010132,,,0.0,Medio
1405800010318,,,13.3333333333,Bajo
1405800010375,,,0.0,Muy bajo
1405900010118,,,42.8571428571,Medio
1405900010122,,,15.7894736842,Medio
1405900010137,,,,Medio
1405900010141,,,,Medio
1405900010156,,,25.0,Bajo
1405900010160,,,,Alto
1405900010175,,,0.0,Muy bajo
140590001018A,,,,Medio
1406000010123,,,0.0,Medio
1406000010180,,,0.0,Bajo
1406000010195,,,0.0,Medio
1406000010227,,,0.0,Alto
1406100010506,,,7.1428571429,Medio
1406100010559,,,0.0,Medio
1406200010128,,,40.0,Medio
1406200010147,,,,Muy bajo
1406300010483,,,17.6470588235,Medio
1406300010498,,,23.5294117647,Medio
1406300010515,,,22.2222222222,Medio
1406300010572,,,50.0,Alto
1406300010619,,,0.0,Alto
1406300010623,,,,Muy alto
1406300010638,,,33.3333333333,Alto
1406300010657,,,33.3333333333,Alto
1406300010661,,,,Muy bajo
1406300010676,,,36.3636363636,Medio
1406300010680,,,,Muy bajo
1406300010708,,,0.0,Bajo
140640001025A,,,,Medio
140640001032A,,,15.7894736842,Medio
1406400010391,,,,Medio
1406400010404,,,,Muy alto
1406400010419,,,,Bajo
1406400010438,,,18.75,Medio
1406400010457,,,22.2222222222,Alto
1406400320349,,,33.3333333333,Medio
1406400320372,,,21.0526315789,Alto
1406500010191,,,20.0,Alto
1406500010238,,,33.3333333333,Medio
1406600110273,,,,Muy alto
1406600110339,,,20.0,Medio
1406600190288,,,82.3529411765,Alto
1406600190381,,,75.0,Muy alto
1406600310292,,,,Muy alto
1406600310343,,,100.0,Muy alto
1406700010069,,,0.0,Muy bajo
1406700011565,,,23.5294117647,Medio
1406700011974,,,45.4545454545,Bajo
1406700012008,,,17.6470588235,Bajo
1406700012065,,,18.1818181818,Medio
1406700012421,,,37.5,Medio
140670001246A,,,33.3333333333,Alto
1406700012667,,,30.0,Medio
1406700012671,,,22.2222222222,Alto
1406700012756,,,18.1818181818,Medio
1406700012760,,,66.6666666667,Muy alto
1406700012826,,,16.6666666667,Muy bajo
1406700012845,,,18.1818181818,Medio
140670001285A,,,,Muy bajo
1406700012864,,,20.0,Bajo
1406700012900,,,0.0,Muy bajo
1406700012915,,,,Alto
140670001292A,,,,Medio
1406700012934,,,0.0,Muy bajo
1406700012972,,,11.1111111111,Medio
1406700012991,,,25.0,Alto
1406700013129,,,68.4210526316,Alto
1406700013148,,,,Alto
1406700281141,,,30.0,Alto
1406700281160,,,25.0,Bajo
1406700282101,,,21.0526315789,Bajo
1406700282718,,,42.1052631579,Medio
1406700282879,,,,Medio
1406700283025,,,0.0,Alto
140670028303A,,,16.6666666667,Medio
1406700311423,,,36.3636363636,Medio
140670038132A,,,5.2631578947,Bajo
1406700381334,,,10.0,Bajo
1406700381349,,,22.2222222222,Medio
1406700381353,,,12.5,Bajo
1406700381368,,,13.3333333333,Medio
1406700381438,,,,Bajo
1406700381442,,,18.75,Bajo
1406700381457,,,22.2222222222,Medio
1406700381917,,,35.7142857143,Medio
1406700382296,,,28.5714285714,Medio
1406700382811,,,33.3333333333,Medio
1406700382830,,,22.2222222222,Alto
1406800010244,,,0.0,Muy bajo
1406800010278,,,,Bajo
1406800010314,,,,Muy alto
1406800010329,,,18.75,Medio
1406800010348,,,25.0,Medio
1406800010367,,,12.5,Muy bajo
1406800010371,,,33.3333333333,Alto
1406800010386,,,,Muy bajo
1406800010390,,,16.6666666667,Medio
1406800010403,,,40.0,Alto
1406800010418,,,33.3333333333,Medio
1406800010422,,,,Medio
1406800010437,,,60.0,Alto
1406800010441,,,71.4285714286,Alto
1406900010129,,,0.0,Bajo
1406900010148,,,0.0,Bajo
1406900010152,,,25.0,Alto
1406900010167,,,0.0,Medio
140700001069A,,,33.3333333333,Medio
1407000011043,,,50.0,Alto
1407000011062,,,33.3333333333,Alto
1407000011217,,,37.5,Alto
1407000011274,,,14.2857142857,Alto
1407000011289,,,11.1111111111,Medio
1407000140454,,,23.5294117647,Medio
1407000140948,,,14.2857142857,Bajo
1407000141077,,,33.3333333333,Bajo
1407000200793,,,37.5,Medio
1407000201221,,,25.0,Medio
1407000430628,,,23.0769230769,Medio
1407000430632,,,41.6666666667,Alto
1407000430666,,,28.5714285714,Medio
1407000430986,,,60.0,Alto
1407100010108,,,21.0526315789,Medio
1407200010139,,,0.0,Muy bajo
1407300010314,,,0.0,Medio
1407300010390,,,5.8823529412,Bajo
1407300010418,,,,Medio
1407300010422,,,0.0,Medio
1407300010441,,,0.0,Medio
1407300010475,,,14.2857142857,Medio
1407300010511,,,0.0,Medio
1407300010526,,,36.3636363636,Medio
1407300010583,,,0.0,Medio
140730001062A,,,0.0,Muy bajo
1407300010653,,,0.0,Bajo
1407300010672,,,0.0,Bajo
1407300010704,,,0.0,Muy bajo
1407400010148,,,40.0,Muy alto
1407400010152,,,0.0,Medio
1407400010167,,,6.6666666667,Medio
1407400010171,,,,Medio
1407400010186,,,22.2222222222,Medio
1407400010241,,,14.2857142857,Medio
1407500010130,,,,Alto
1407500010145,,,,Bajo
1407600010142,,,30.7692307692,Alto
1407600010157,,,20.0,Medio
1407600010161,,,100.0,Muy alto
1407700010188,,,11.7647058824,Bajo
140770001021A,,,0.0,Medio
1407700050258,,,,Muy bajo
1407700050262,,,0.0,Bajo
1407700050277,,,0.0,Medio
1407700050332,,,0.0,Muy bajo
1407700050351,,,,Medio
1407700150366,,,33.3333333333,Alto
1407700150417,,,,Muy bajo
1407800010274,,,28.5714285714,Alto
1407800010293,,,,Muy alto
1407800010325,,,17.6470588235,Medio
140780001033A,,,0.0,Medio
1407800010359,,,0.0,Muy bajo
1407800010382,,,50.0,Alto
140780001040A,,,,Muy alto
1407800010414,,,6.25,Muy bajo
1407800010452,,,11.1111111111,Alto
1407800010471,,,33.3333333333,Alto
1407800010486,,,,Muy bajo
1407800010490,,,15.7894736842,Medio
1407900010125,,,0.0,Medio
1407900010290,,,25.0,Medio
1407900300182,,,11.1111111111,Bajo
1407900300252,,,0.0,Medio
1407900300318,,,12.5,Alto
1407900300337,,,25.0,Alto
1408000010164,,,16.6666666667,Bajo
1408100010072,,,18.1818181818,Medio
1408100010087,,,28.5714285714,Muy alto
1408100010123,,,,Medio
1408100010138,,,,Muy alto
1408200010188,,,40.0,Medio
1408200010243,,,7.6923076923,Bajo
1408200010281,,,57.1428571429,Alto
1408200010296,,,16.6666666667,Alto
1408200010309,,,10.0,Bajo
1408200010417,,,66.6666666667,Muy alto
1408200010421,,,33.3333333333,Medio
1408200010440,,,47.0588235294,Alto
1408200260313,,,0.0,Medio
1408300010397,,,,Medio
1408300010414,,,0.0,Muy bajo
1408300010448,,,,Alto
1408300010537,,,,Medio
1408300010607,,,,Alto
1408300010679,,,15.3846153846,Medio
1408300010683,,,16.6666666667,Medio
1408300010700,,,90.9090909091,Muy alto
140830001072A,,,,Bajo
1408300010787,,,17.6470588235,Bajo
1408300010823,,,0.0,Bajo
1408300010842,,,33.3333333333,Bajo
1408300011022,,,26.6666666667,Bajo
1408300011037,,,,Muy alto
1408300011060,,,66.6666666667,Muy alto
1408300040452,,,,Muy bajo
1408300040486,,,33.3333333333,Bajo
1408300040734,,,25.0,Medio
1408300040749,,,33.3333333333,Bajo
1408300040857,,,40.0,Alto
1408300040861,,,40.0,Bajo
140830004115A,,,0.0,Medio
1408300130503,,,,Medio
1408300130575,,,,Muy alto
1408300130698,,,0.0,Bajo
1408300131075,,,,Bajo
140830013108A,,,50.0,Alto
1408300160522,,,9.0909090909,Bajo
140830016058A,,,33.3333333333,Medio
1408300160594,,,,Muy alto
1408300160768,,,28.5714285714,Medio
1408300161094,,,,Medio
1408300161107,,,40.0,Medio
1408300161126,,,0.0,Medio
1408300161130,,,14.2857142857,Bajo
1408400010286,,,28.5714285714,Medio
1408400010318,,,12.5,Medio
1408400010360,,,31.5789473684,Alto
1408400010407,,,,Bajo
1408400010411,,,,Medio
1408400010426,,,,Medio
1408400010430,,,,Medio
1408400010445,,,27.2727272727,Medio
140840001045A,,,16.6666666667,Medio
1408400010479,,,27.2727272727,Alto
1408400010500,,,40.0,Bajo
1408400010515,,,,Alto
140840001052A,,,0.0,Medio
1408500010315,,,21.4285714286,Medio
1408500010349,,,17.6470588235,Bajo
1408500010353,,,,Medio
1408500010442,,,,Medio
1408500010457,,,,Bajo
1408500010461,,,10.0,Medio
1408500010550,,,,Muy bajo
1408500010565,,,,Alto
1408501730480,,,0.0,Alto
1408501730495,,,,Muy alto
1408501730527,,,,Medio
140860001012A,,,,Medio
1408600010134,,,25.0,Medio
1408600010153,,,,Muy bajo
1408600010204,,,,Alto
1408600010261,,,,Muy bajo
1408600190238,,,40.0,Muy alto
1408600190257,,,75.0,Medio
1408700010292,,,0.0,Medio
1408700010324,,,,Alto
1408700010377,,,,Muy alto
1408800010228,,,0.0,Medio
1408900010070,,,0.0,Medio
1408900010085,,,18.1818181818,Medio
140890001009A,,,,Medio
1409000010141,,,0.0,Alto
1409100010312,,,,Alto
1409100010331,,,21.0526315789,Medio
1409100010346,,,36.3636363636,Medio
1409100010365,,,11.7647058824,Medio
1409100010384,,,0.0,Medio
1409100010416,,,38.4615384615,Bajo
1409100010420,,,33.3333333333,Medio
1409100010454,,,20.0,Bajo
1409100010492,,,7.6923076923,Medio
1409100010505,,,27.2727272727,Bajo
140910001051A,,,0.0,Bajo
1409100010524,,,33.3333333333,Alto
1409100010539,,,0.0,Medio
1409200010108,,,,Medio
1409200010112,,,33.3333333333,Medio
1409200010127,,,,Medio
1409200010146,,,20.0,Alto
1409300010764,,,0.0,Medio
1409300010779,,,0.0,Bajo
1409300010783,,,5.5555555556,Muy bajo
140930001082A,,,11.1111111111,Bajo
1409300011118,,,7.6923076923,Medio
1409300011122,,,0.0,Muy bajo
140930001132A,,,28.5714285714,Medio
1409300581103,,,0.0,Muy bajo
1409300581160,,,,Medio
140930058118A,,,,Alto
1409300581387,,,,Medio
1409300581391,,,16.6666666667,Medio
1409300581404,,,37.5,Alto
1409300581495,,,0.0,Medio
1409300581550,,,0.0,Medio
1409301881245,,,,Medio
1409302230891,,,,Muy bajo
1409302231211,,,20.0,Alto
1409302910919,,,18.1818181818,Medio
1409302911230,,,0.0,Medio
1409302911531,,,0.0,Medio
1409400010386,,,0.0,Bajo
1409400010390,,,0.0,Bajo
1409400010418,,,16.6666666667,Bajo
1409400010460,,,,Alto
1409400010475,,,20.0,Muy bajo
1409400010530,,,,Bajo
1409500010148,,,,Muy bajo
1409500010152,,,0.0,Muy bajo
1409500010167,,,,Medio
1409600010198,,,54.5454545455,Muy alto
1409600010234,,,,Medio
1409600010253,,,20.0,Medio
1409600010291,,,25.0,Medio
1409600010323,,,28.5714285714,Alto
1409700010566,,,,Muy alto
1409700011085,,,0.0,Medio
1409700011121,,,,Medio
1409700013096,,,22.2222222222,Medio
1409700013109,,,36.3636363636,Medio
140970005066A,,,14.2857142857,Bajo
1409700051314,,,0.0,Medio
1409700051329,,,36.3636363636,Medio
1409700052581,,,22.2222222222,Medio
1409700150689,,,33.3333333333,Bajo
1409700150693,,,25.0,Alto
1409700150706,,,40.0,Medio
1409700151333,,,0.0,Bajo
1409700151348,,,,Medio
1409700151723,,,42.8571428571,Alto
1409700151738,,,,Medio
1409700152492,,,,Medio
1409700152539,,,6.6666666667,Medio
140970015319A,,,0.0,Muy bajo
1409700250759,,,14.2857142857,Medio
1409700251193,,,0.0,Medio
1409700251225,,,12.5,Medio
1409700252558,,,,Muy bajo
140970025301A,,,,Muy alto
1409700253024,,,66.6666666667,Muy alto
1409700253039,,,33.3333333333,Medio
1409700313630,,,62.5,Muy alto
1409700320481,,,8.3333333333,Alto
1409700321846,,,23.0769230769,Medio
1409700321850,,,11.1111111111,Medio
1409700341367,,,14.2857142857,Bajo
1409700342505,,,25.0,Alto
1409700343221,,,25.0,Medio
1409700343236,,,,Medio
1409700343645,,,11.1111111111,Medio
1409700412149,,,42.1052631579,Alto
140970041326A,,,,Alto
1409700413274,,,20.0,Medio
1409700413289,,,11.1111111111,Alto
1409700413293,,,,Muy bajo
1409700413306,,,0.0,Alto
1409700413310,,,7.1428571429,Medio
1409700413325,,,15.3846153846,Alto
140970041333A,,,,Medio
1409701152007,,,,Bajo
1409701153363,,,,Bajo
1409701153433,,,11.1111111111,Medio
1409705601282,,,25.0,Bajo
1409708312986,,,,Alto
1409708443397,,,50.0,Alto
1409800010879,,,,Muy bajo
140980001167A,,,66.6666666667,Muy alto
1409800011792,,,33.3333333333,Medio
1409800011858,,,8.3333333333,Medio
1409800011985,,,50.0,Alto
1409800012076,,,50.0,Alto
1409800012095,,,,Muy bajo
1409800012521,,,50.0,Alto
1409800012540,,,41.6666666667,Medio
1409800012907,,,25.0,Medio
1409800013089,,,20.0,Medio
1409800013093,,,26.3157894737,Medio
1409800013106,,,20.0,Muy bajo
1409800013110,,,,Bajo
1409800013356,,,66.6666666667,Alto
1409800143021,,,7.6923076923,Medio
1409800143233,,,0.0,Bajo
1409800143248,,,11.7647058824,Bajo
1409900010132,,,20.0,Alto
1409900010147,,,,Bajo
141000001046A,,,54.5454545455,Medio
1410000010544,,,20.0,Medio
1410000010563,,,,Alto
1410000010648,,,,Medio
1410000010652,,,70.0,Muy alto
1410000650525,,,66.6666666667,Alto
141000065053A,,,,Medio
1410000650559,,,,Muy bajo
1410001890667,,,36.3636363636,Medio
1410001890671,,,26.6666666667,Alto
1410100011198,,,0.0,Medio
1410100011291,,,,Muy bajo
1410100011874,,,60.0,Muy alto
1410100011889,,,0.0,Bajo
1410100012270,,,33.3333333333,Medio
1410100012459,,,50.0,Alto
1410100012482,,,10.0,Medio
1410100012514,,,0.0,Medio
1410100012529,,,66.6666666667,Muy alto
1410100012533,,,80.0,Alto
1410100012548,,,25.0,Bajo
1410100012590,,,53.8461538462,Alto
1410100091855,,,58.3333333333,Muy alto
1410100092618,,,26.6666666667,Bajo
141010026122A,,,0.0,Medio
1410100261234,,,0.0,Muy bajo
1410100261249,,,6.6666666667,Bajo
141010026154A,,,20.0,Medio
1410100261785,,,33.3333333333,Medio
1410100262285,,,20.0,Medio
1410200010106,,,,Muy bajo
1410200010125,,,,Medio
141020001013A,,,0.0,Bajo
1410300010118,,,0.0,Medio
1410300010137,,,,Bajo
1410300010141,,,40.0,Medio
1410300010156,,,14.2857142857,Alto
141050001017A,,,33.3333333333,Medio
1410500010184,,,40.0,Alto
1410500010199,,,0.0,Muy bajo
1410600010092,,,,Muy alto
1410700010085,,,,Muy alto
141070001009A,,,14.2857142857,Medio
1410700010102,,,30.7692307692,Medio
1410700080070,,,0.0,Medio
1410800010203,,,50.0,Muy alto
1410800010241,,,0.0,Bajo
1410800010294,,,6.6666666667,Bajo
1410800010311,,,,Medio
141090001022A,,,12.5,Medio
1410900010234,,,20.0,Medio
1410900010253,,,100.0,Muy alto
1410900010268,,,,Muy bajo
1411000010199,,,8.3333333333,Bajo
1411000010216,,,33.3333333333,Muy alto
141100001024A,,,10.0,Medio
1411000010269,,,,Bajo
1411000010273,,,40.0,Bajo
1411000010288,,,,Medio
1411000010305,,,,Muy bajo
1411000010339,,,13.3333333333,Muy bajo
1411000010343,,,66.6666666667,Alto
1411000010358,,,50.0,Alto
1411000010362,,,33.3333333333,Bajo
1411100010073,,,0.0,Bajo
1411100010105,,,20.0,Medio
1411100010158,,,,Medio
1411100010177,,,27.2727272727,Medio
1411100010181,,,,Bajo
1411100010196,,,0.0,Medio
1411100010209,,,0.0,Bajo
1411200010121,,,0.0,Medio
1411200010140,,,12.5,Bajo
1411300010152,,,,Medio
1411300010167,,,,Muy alto
1411400010145,,,11.1111111111,Bajo
141140001015A,,,15.3846153846,Medio
1411400010215,,,0.0,Bajo
1411400010234,,,44.4444444444,Medio
1411400020200,,,83.3333333333,Medio
1411400020249,,,33.3333333333,Muy alto
1411400050111,,,33.3333333333,Bajo
1411400050253,,,36.3636363636,Bajo
1411500010157,,,0.0,Medio
1411500010195,,,12.5,Medio
1411500010208,,,27.2727272727,Medio
1411500010212,,,,Medio
1411500010246,,,,Muy bajo
1411500010250,,,22.2222222222,Bajo
1411500010265,,,0.0,Medio
141150001027A,,,,Muy alto
1411600010205,,,,Medio
1411600010262,,,,Muy bajo
1411600010296,,,,Medio
1411600010328,,,0.0,Bajo
1411600010347,,,0.0,Muy bajo
1411600010351,,,0.0,Bajo
1411600010366,,,0.0,Bajo
1411600010385,,,0.0,Bajo
1411600010402,,,0.0,Bajo
1411600010417,,,,Alto
1411600010436,,,,Muy bajo
1411600010440,,,0.0,Alto
1411700010081,,,27.7777777778,Alto
1411700010113,,,12.5,Medio
1411700010132,,,,Medio
1411700010147,,,11.1111111111,Medio
1411800010229,,,0.0,Medio
1411800010252,,,0.0,Medio
1411800010267,,,0.0,Medio
1411800010271,,,40.0,Medio
1411800010286,,,33.3333333333,Medio
1411800010290,,,36.8421052632,Alto
1411800010337,,,27.2727272727,Medio
1411800010356,,,0.0,Bajo
141190001018A,,,,Alto
1411900010194,,,,Muy alto
1411900010207,,,0.0,Medio
1411900010230,,,,Medio
1412000012064,,,0.0,Muy bajo
1412000013664,,,,Muy alto
1412000015622,,,16.6666666667,Muy bajo
1412000016315,,,21.4285714286,Medio
1412000017258,,,0.0,Muy bajo
141200206504A,,,40.0,Alto
1412002316476,,,21.4285714286,Medio
1412002316480,,,25.0,Medio
1412002317224,,,50.0,Alto
1412002317239,,,29.4117647059,Medio
141210001021A,,,66.6666666667,Muy alto
1412100010262,,,16.6666666667,Medio
1412100010296,,,28.5714285714,Bajo
1412100010313,,,22.2222222222,Medio
1412100010328,,,25.0,Medio
1412100010417,,,12.5,Medio
1412100010436,,,35.2941176471,Alto
1412100210332,,,16.6666666667,Medio
1412100210385,,,33.3333333333,Medio
141210021039A,,,,Alto
1412100210440,,,,Medio
1412100210455,,,,Medio
1412200010062,,,36.8421052632,Alto
1412300010110,,,,Medio
1412300410159,,,0.0,Medio
1412400010230,,,14.2857142857,Bajo
1412400010245,,,,Alto
141240001025A,,,20.0,Alto
1412400010264,,,,Medio
1412400010315,,,0.0,Medio
141240001032A,,,16.6666666667,Medio
1412400010349,,,10.0,Medio
1412400010372,,,27.2727272727,Bajo
1412400010419,,,0.0,Medio
1412400010423,,,0.0,Bajo
1412400010457,,,5.5555555556,Bajo
1412400010476,,,20.0,Medio
1412400010531,,,0.0,Bajo
1412400010546,,,0.0,Muy bajo
1412401760601,,,,Medio
1412500010149,,,,Muy bajo
1412500010153,,,14.2857142857,Alto
