cve_ageb,npp_score,equity_score,final_score,priority_rank,priority_quintile
1400200020219,0.0699460794627218,0.24660085545831062,0.10527703466183957,1849,1
1400200020045,0.40029902700207065,0.22493292323200703,0.36522580624805795,1337,2
1400200020172,0.058069028828062925,0.21622236940268563,0.08969969694298746,1863,1
1400200020261,0.09906687164364032,0.300617789075297,0.13937705512997167,1807,1
1400200020149,0.10446813026812286,0.3894579983151856,0.16146610387753543,1775,1
1400200020242,0.0563540532489014,0.21622236940268563,0.08832771647965826,1864,1
1400200020223,0.20338223919587328,0.2954105741566632,0.2217879061880313,1685,1
1400200020327,0.10949433378242324,0.39937863323581063,0.16747119367310073,1763,1
1400200020153,0.22811860136175907,0.3337079766860045,0.24923647642660818,1647,1
1400200020257,0.12098152734428745,0.2882675221251856,0.1544387263004671,1790,1
1400200020238,0.1866897209137681,0.2257675221251856,0.19450528115605162,1724,1
1400200020276,0.060422370159035566,0.21622236940268563,0.09158237000776559,1860,1
1400200020331,0.02953999186568884,0.21622236940268563,0.0668764673730882,1873,1
1400200020204,0.1854715218592241,0.17296320785824218,0.1829698590590277,1749,1
1400200020100,0.24000150997890535,0.27363618335657125,0.24672844465443855,1653,1
1400200010134,0.09888431496116659,0.21622236940268563,0.12235192584947041,1828,1
1400200010030,0.5340368780429297,0.19133581762064733,0.4654966659584732,867,3
1400200010083,0.2609755910198039,0.13373669278878403,0.2355278113735999,1672,1
1400200010064,0.47630851617141406,0.2158076782915676,0.4242083485954448,1103,3
1400200010168,0.0619509838870904,0.12160085545831062,0.07388095820133445,1867,1
1400200010295,0.09470223157870636,0.21622236940268563,0.11900625914350221,1838,1
1403900015205,0.4055855042804961,0.13764979649175835,0.3519983627227486,1378,2
1400200010079,0.4548592472627784,0.17864176181476507,0.39961575017317574,1197,2
1400200010308,0.14524420379961178,0.12160085545831062,0.14051553413135154,1806,1
1400200010191,0.2728172893486539,0.19053055457220766,0.2563599423933647,1626,1
1400200010280,0.1973638824787535,0.1890617760002683,0.19570346118305648,1721,1
1400200040187,0.43492460296756924,0.2671707361441563,0.4013738296028867,1190,2
1400200010312,0.06196671301171072,0.21622236940268563,0.09281784428990571,1857,1
1400200010098,0.25446224367956827,0.24660085545831062,0.25288996603531677,1637,1
1400200010115,0.14322730090501087,0.22471869958331134,0.15952558064067096,1779,1
1403900012696,0.6170914183121757,0.11560765683296385,0.5167946660163334,355,5
1403900014207,0.5143709753032369,0.24719187133278306,0.4609351545091462,903,3
1403900013020,0.4978160629698437,0.17896496215234287,0.43404584280634356,1057,3
1403900014194,0.5450116498874061,0.23638259716590126,0.4832858393431052,701,4
1403900015243,0.4537673277990388,0.16966686266829217,0.39694723477288946,1204,2
1403900015084,0.5052834701480674,0.22184813042409937,0.4485964022032738,985,3
1403900011927,0.5943337711079144,0.2007184785556243,0.5156107125974564,372,5
1403900011838,0.6290609010052931,0.217384618533284,0.5467256445108913,105,5
1403900013088,0.6136708354564345,0.1671033247221913,0.5243573333095859,288,5
1403900012408,0.6591042523844575,0.18785079220844142,0.5648535603492543,30,5
1403900015328,0.5664396251465507,0.11916492320318903,0.47698468475787836,778,3
1403900012802,0.6290751414209261,0.24250231669942823,0.5517605764766266,78,5
1403900014353,0.6228300574595486,0.1732851668611309,0.532921079339865,200,5
1403900011700,0.5638771703876229,0.19814078973414448,0.4907298942569272,625,4
1403900011325,0.6733070170733618,0.1898518959078284,0.5766159928402551,8,5
1403900011734,0.6334034475417994,0.21193949355238031,0.5491106567439157,90,5
1403900012268,0.6106428376710382,0.1666358315039496,0.5218414364376205,311,5
1403900010609,0.5943878931165996,0.07846080443725093,0.49120247538072986,619,4
1403900011151,0.618374649202392,0.20788354580235627,0.5362764285223849,168,5
1403900012588,0.6298697584675033,0.24049176118660773,0.5519941590113241,74,5
1403900013177,0.6212415157926134,0.27872719900617726,0.5527386524353263,71,5
1412000015336,0.5680131956293545,0.39207441550757516,0.5328254396049986,202,5
1403900010670,0.5766076269132221,0.1408276145774899,0.4894516244460757,645,4
1403900014809,0.5578367660189586,0.13610404027697173,0.47349022087056125,807,3
1403900014404,0.5866610184150588,0.2791892389681463,0.5251666625256763,279,5
1403900015489,0.45914494653286886,0.17322102610072218,0.40196016244643956,1187,2
1403900015031,0.602173786113342,0.13401275353081743,0.5085415795968371,446,4
1412000011808,0.5320185342196779,0.1908061539492483,0.46377605816559203,881,3
1403900012501,0.62634746806073,0.20993806195766868,0.5430655868401177,130,5
1403900015652,0.5906338381718137,0.07970954980476613,0.48844898049840424,657,4
1403900014391,0.6254048885335921,0.24942259950921192,0.5502084307287161,86,5
1403900010435,0.6287233869205511,0.163615291299735,0.5357017677963879,175,5
1403900012554,0.4313771515617884,0.12160085545831062,0.36942189234109285,1320,2
1403900010882,0.6165313285943979,0.2551014851282938,0.5442453599011771,122,5
1403900011359,0.6678609234032475,0.29161358880542976,0.5926114564836841,1,5
1403900010469,0.578406778675655,0.22738140647037106,0.5082017042345983,453,4
1403900013374,0.6319840635733567,0.2690291495255318,0.5593930807637918,43,5
1403900012446,0.5912715443007278,0.1524271875000367,0.5035026729405896,500,4
1403900010774,0.5814513466514701,0.1965988217006055,0.5044808416612973,493,4
1403900015347,0.5918749290511284,0.3640404806843088,0.5463080393777645,111,5
1403900012126,0.5313867025111081,0.20485067352328115,0.4660794967135427,861,3
1403900010967,0.6399337916842088,0.17550642009837011,0.5470483173670412,103,5
1403900010810,0.6112538711978812,0.22522955052155724,0.5340490070626165,192,5
1403900012145,0.6391169763041658,0.1740025121211777,0.5460940834675682,113,5
1403900014654,0.5652676495486934,0.16357883114961203,0.4849298858688771,685,4
1403900014989,0.5931695944986762,0.174410358637745,0.50941774732649,437,4
1403900014796,0.45170068732380303,0.2680790018368648,0.4149763502264154,1147,2
1403900010878,0.4963540109425108,0.2785345090876572,0.4527901105715401,966,3
1403900015633,0.3285023237965296,0.21622236940268563,0.30604633291776084,1522,1
1403900010986,0.5978816544969625,0.1527208090807294,0.5088494854137159,441,4
1403900014550,0.6634122539313928,0.2000216192563803,0.5707341269963904,11,5
1403900014029,0.614254430531147,0.22951557611730433,0.5373066596483785,161,5
1403900011077,0.6596008934332216,0.09422259546351854,0.546525233839281,108,5
1403900015188,0.5791280720990538,0.273034841544929,0.5179094259882289,344,5
1403900014014,0.6118925605499089,0.23113309151440656,0.5357406667428085,174,5
1403900011429,0.6312043939202313,0.29764042866230533,0.5644916008686461,31,5
1403900012681,0.5931084127169273,0.09606000807195549,0.4936987317879329,590,4
1403900012361,0.5737001564612848,0.21855449099699326,0.5026710233684265,506,4
1403900010929,0.6745636901498256,0.11323692469999448,0.5622983370598594,34,5
1403900011217,0.6205821253002672,0.23169514176626768,0.5428047285934674,132,5
1403900011448,0.6036768396257676,0.2365196353800913,0.5302453987766323,220,5
1403900011128,0.6354063189217892,0.1803374322970983,0.5443925415968511,121,5
1403900011556,0.6096022590892958,0.10457189256511902,0.5085961857844604,444,4
1403900015525,0.5506939662663579,0.3002893449324163,0.5006130419995696,524,4
1403900013800,0.568033747138623,0.19891959601352494,0.4942109169136034,585,4
1412000014380,0.5759573843051495,0.08353487196455386,0.4774728818370304,767,3
1403900010539,0.5931096117445575,0.20960389675750485,0.516408468747147,360,5
1403900011698,0.6030767121445344,0.22344399486859268,0.527150168689346,257,5
1403900010492,0.6025751748808374,0.23333172102614158,0.5287264841098983,237,5
1403900014442,0.5766663989315471,0.20347018544494377,0.5020271562342264,512,4
1403900010613,0.6391470841453155,0.12146666090375224,0.5356109994970029,177,5
1403900011132,0.6585158899925503,0.19305173188368938,0.5654230583707781,28,5
1412000016917,0.49192250776480423,0.13489087780509118,0.42051618177286165,1120,3
1403900014955,0.5368881917696319,0.13783937727861473,0.45707842887142847,939,3
1403900013783,0.5725738714715717,0.13867972469518036,0.48579504211629343,679,4
1403900012728,0.6239137893432601,0.13177449774323166,0.5254859310232545,276,5
1403900013707,0.5236070967730392,0.0843565858985616,0.43575699459814365,1049,3
1403900014141,0.5530069505356636,0.12909391301693104,0.4682243430319171,846,3
1403900010261,0.6053156173538691,0.27198588061770756,0.5386496700066368,149,5
1403900012018,0.6249958876769404,0.2847366289353167,0.5569440359286156,52,5
1403900015027,0.5873283762355181,0.07995850801655134,0.4858544025917248,678,4
1403900013406,0.6055803685419314,0.20837711745148924,0.526139718323843,269,5
1403900011560,0.6271303196382689,0.13690873511739068,0.5290860027340933,234,5
1403900014090,0.5861522729808503,0.15681762121653137,0.5002853426279865,526,4
1403900011607,0.6235602496033069,0.1515194296261279,0.5291520856078711,232,5
1403900014616,0.605080738235186,0.23201440855359945,0.5304674722988688,216,5
1403900014565,0.5177694772314505,0.21622236940268563,0.4574600556656976,935,3
1403900014669,0.5647071967579316,0.11000835779627112,0.47376742896559954,804,3
1403900010454,0.5690562720325829,0.18225210332478162,0.4916954382910227,611,4
1403900013919,0.5514504872329481,0.17515261314035374,0.4761909124144293,784,3
1403900011823,0.6200594365331025,0.11369704507340771,0.5187869582411635,336,5
1403900014264,0.5301818074873992,0.27788410323815843,0.4797222666375511,740,4
1403900012427,0.5969228036272195,0.13601052233180458,0.5047403473681366,489,4
1403900010346,0.6334188827927438,0.19959443656240378,0.5466539935466758,106,5
1403900014298,0.5090731275362104,0.26669898731744374,0.46059829949245706,906,3
1403900012639,0.6223171873520092,0.17272484722251946,0.5323987193261113,204,5
1403900011109,0.6241344989449671,0.1797054497066766,0.5352486890973089,181,5
1403900010971,0.5648278452095459,0.2289592322776709,0.49765412262317094,554,4
1403900010666,0.6188537996242917,0.16965136497566638,0.5290133126945666,235,5
1403900013209,0.5922143350093857,0.1342261950530961,0.5006167070181278,523,4
1403900010647,0.6192257197682643,0.1532329154885742,0.5260271589123263,272,5
1403900011950,0.5740202764894472,0.16232291998292925,0.49168080518814367,612,4
1403900010721,0.6205444535536698,0.15329801321321831,0.5270951654855796,259,5
1403900012785,0.6296501983969446,0.24334490123079824,0.5523891389637153,73,5
1403900014940,0.4375681078145476,0.12273151582080358,0.37460078941579883,1299,2
1403900010740,0.588640546164354,0.11637336146166694,0.4941871092238166,587,4
1403900011433,0.6070519053642386,0.2268817005963285,0.5310178644106566,211,5
1403900012395,0.607354654910285,0.18353377205935026,0.5225904783400981,303,5
1412000012261,0.5868782003112246,0.09624271153915283,0.4887511025568103,654,4
1403900013586,0.5989998631105342,0.15529459707965582,0.5102588099043586,426,4
1403900014936,0.6030108838178431,0.1919739755200466,0.5208035021582837,321,5
1403900014033,0.5644577983797165,0.12752601140755354,0.477071440985284,774,3
1403900015510,0.6227434216706225,0.27283454988444544,0.5527616473133871,70,5
1412000013768,0.35354836089693553,0.21622236940268563,0.32608316259808556,1472,2
1403900015120,0.5912975214497048,0.19059910827441617,0.5111578388146472,418,4
1403900010736,0.5852584442667937,0.11489022473676516,0.49118480036078804,620,4
1403900012003,0.5863700668996388,0.2367764884538837,0.5164513512104878,359,5
1403900012253,0.6038383379178519,0.15285705001676697,0.5136420803376349,393,4
1403900010717,0.5325112864293674,0.11646218304058303,0.4493014657516105,981,3
1403900014781,0.6047071621943534,0.22071217769182466,0.5279081652938477,248,5
1403900015169,0.5828124065397314,0.2232298771866149,0.5108959006691082,421,4
1403900011857,0.6535658501874734,0.21175168695640914,0.5652030175412606,29,5
1403900012535,0.5680435245723339,0.12159595779802555,0.47875401121747224,749,4
1403900014349,0.5566345576104421,0.13499808503888433,0.4723072630961306,820,3
1403900012573,0.4408341710051746,0.21622236940268563,0.39591181068467685,1209,2
1403900010308,0.5945603782648152,0.18040599210317593,0.5117295010324874,414,4
1403900013868,0.6114407772354372,0.24617371996111787,0.5383873657805733,152,5
1403900015173,0.5883744072188951,0.22927544719171886,0.5165546152134599,357,5
1403900012164,0.61041597295831,0.18604205546072863,0.5255411894587937,275,5
1403900014122,0.5950329271975677,0.12620844748448004,0.5012680312549502,519,4
1403900010134,0.6129665495889305,0.15448051697699938,0.5212693430665443,315,5
1403900014156,0.4461697174853437,0.19068102933213305,0.3950719798547016,1212,2
1403900013660,0.5718651782712914,0.17543781959370736,0.49257970653577454,602,4
1403900010115,0.6256887408839228,0.1322047695782802,0.5269919466227942,261,5
1403900011081,0.648217440660452,0.2520382243482885,0.5689815973980192,14,5
1403900014724,0.5617533946269458,0.1552610958769274,0.4804549348769422,733,4
1403900010651,0.5904629325856644,0.21971268962360757,0.516312883993253,362,5
1403900015421,0.5796671345079376,0.2429957551548961,0.5123328586373294,410,4
1403900011467,0.5960411033251862,0.22812915995475022,0.522458714651099,304,5
1403900014921,0.6140391100557135,0.22187686830625503,0.5356066617058218,178,5
1403900010401,0.5845212265434343,0.0937584461709241,0.4863686704689323,673,4
1403900014917,0.6604703078467461,0.09657146916419537,0.547690540110236,100,5
1403900011310,0.6738347741909186,0.14392196673942922,0.5678522127006208,17,5
1403900010505,0.6183199001163454,0.14542428206056815,0.52374077650519,292,5
1403900011185,0.6159148987115334,0.21330776705752855,0.5353934723807324,179,5
1403900011397,0.6371923134804635,0.23150039413399798,0.5560539296111704,57,5
1403900011645,0.6251803634774988,0.286722404721655,0.55748877172633,49,5
1403900013548,0.529744658283071,0.20687020150763538,0.46516976692798395,869,3
1403900011999,0.5951340178989452,0.17845607764389074,0.5117984298479343,413,4
1403900013764,0.49128491838137417,0.16097947793232362,0.4252238302915641,1098,3
1403900013590,0.5354789634627918,0.2539241438120356,0.4791679995326406,743,4
1403900015008,0.6180278789525195,0.2804393744775485,0.5505101780575253,84,5
1403900013016,0.48321753164305753,0.21875403939667432,0.43032483319378095,1073,3
1412000014446,0.5656975989530365,0.10234673801997349,0.47302742676642395,813,3
1403900014476,0.597434080394502,0.19745859767542293,0.5174389838506862,348,5
1403900015436,0.5931755005670836,0.24405352774344902,0.5233511060023567,297,5
1403900012200,0.5682503508132654,0.16057855130266735,0.48671599091114576,670,4
1403900011293,0.647091326414927,0.15161057014298837,0.5479951751605392,97,5
1403900012713,0.6313582369971317,0.11573494124533341,0.528233577846772,245,5
1403900010952,0.6488049504436088,0.16401365586930747,0.5518466915287484,76,5
1403900011202,0.620992909210843,0.20326608509293342,0.5374475443872612,160,5
1403900015417,0.5874344138956594,0.2539115632390012,0.5207298437643277,323,5
1403900010844,0.5791695229133197,0.20942561944884908,0.5052207422204256,482,4
1412000014677,0.6230077062121729,0.3411120353099394,0.5666285720317262,24,5
1403900014870,0.5787655132003622,0.09837466210250806,0.48268734298079136,712,4
1403900013923,0.5069327496476118,0.13912418246815506,0.43337103621172046,1059,3
1412000013397,0.6019240999289375,0.10068224147391207,0.5016757282379324,517,4
1403900015192,0.48827476693579996,0.27514355585133377,0.44564852471890676,1002,3
1403900011664,0.6309320251740423,0.20119889831124957,0.5449853998014837,119,5
1403900012624,0.5998851863468326,0.15893437184698408,0.511695023446863,415,4
1403900012022,0.5914758653545731,0.2515856239644516,0.5234978170765489,296,5
1412000011189,0.5794665501680502,0.09714378583040777,0.4830019973005217,706,4
1403900013849,0.6094799143818351,0.1341608845459875,0.5144161084146657,385,4
1403900014832,0.5457928660681793,0.11907989855015988,0.46045027256457544,908,3
1403900011880,0.6208667596490834,0.2949393259625078,0.5556812729117684,58,5
1403900014974,0.5168359316027954,0.10916490122626879,0.4353017255274901,1053,3
1403900015332,0.5975242226105163,0.1358483055462009,0.5051890391976532,483,4
1412000016758,0.44503277592881674,0.053010525015147546,0.3666283257460829,1333,2
1403900012215,0.5774679098423491,0.14780329195515546,0.4915349862649104,614,4
1403900013976,0.6010692300612401,0.21718982650438287,0.5242933493498687,289,5
1403900014601,0.6386711617276801,0.28107038581695043,0.5671510065455342,21,5
1403900011452,0.5789806249835993,0.25659967412906326,0.5145044348126921,384,4
1403900014743,0.5590051450759231,0.15231547629325207,0.47766721131938894,765,3
1403900010825,0.6053288390488585,0.198464621744013,0.5239559955878894,291,5
1403900012520,0.5622328649685071,0.21679213928386534,0.49314471983157876,595,4
1403900015506,0.6153705509132689,0.2777378074737246,0.54784400222536,99,5
1403900010859,0.590137097059984,0.23304163235976347,0.5187180041199398,337,5
1403900014245,0.5164872181557041,0.25929074488648224,0.46504792350185975,870,3
1410100220081,0.37329913381223984,0.20211703182578766,0.3390627134149494,1423,2
1403900010685,0.5810314231389131,0.09333970634135394,0.48349307977940126,696,4
1403900011965,0.5877933188933195,0.2712135964634126,0.5244773744073382,287,5
1403900013745,0.5641947789900933,0.19124132331669016,0.4896040878554127,643,4
1403900013656,0.5572880027243352,0.10782182818628777,0.46739476781672573,852,3
1403900011471,0.6311122867229183,0.2570080223512666,0.556291433848588,56,5
1403900011931,0.6090890669429257,0.18146825230192723,0.5235649040147261,295,5
1403900015313,0.5863008162456291,0.21655308191360875,0.512351269379225,409,4
1403900010280,0.5906431424947569,0.09672654283161428,0.49185982256212846,610,4
1403900012111,0.6109344678156977,0.2302560792855721,0.5347987901096727,185,5
1403900011414,0.6087703832047004,0.23161870732893583,0.5333400480295476,197,5
1410100220096,0.2880467721330242,0.17868398196775404,0.26617421409997016,1609,1
1403900013995,0.5672576115297803,0.1407327118089471,0.4819526315856137,715,4
1403900013694,0.5410854171196462,0.12127811337703502,0.45712395637112396,938,3
1403900014230,0.5180758445188088,0.27365424306704234,0.46919152422845556,839,3
1403900015296,0.5726366870207897,0.11855137325518941,0.48181962426766967,718,4
1403900010543,0.6102880754822408,0.24022550233615625,0.536275560853024,169,5
1403900011062,0.6413119930981732,0.06491630949477381,0.5260328563774933,271,5
1403900012380,0.5743043282287188,0.2543134089555441,0.510306144374084,425,4
1403900013567,0.5583322344216499,0.16363331188238106,0.47939244991379615,742,4
1403900011575,0.6116675726006863,0.10548766957085373,0.5104315919947198,423,4
1403900010153,0.588433927128673,0.10301782489384662,0.49135070668170777,616,4
1403900014067,0.6014712429299754,0.18407548082044492,0.5179920905080694,343,5
1403900014828,0.5684055584790503,0.2193832581269686,0.498601098408634,540,4
1403900010276,0.5582676191339314,0.23349884450308206,0.4933138642077616,593,4
1403900013001,0.40747591058225735,0.17133123302295386,0.36024697507039666,1356,2
1403900011518,0.5845952079624125,0.2857737882821515,0.5248309240263603,285,5
1403900014226,0.6075520322711504,0.22119244860975662,0.5302801155388717,218,5
1403900011005,0.6180442258258532,0.18019857233382303,0.5304750951274472,215,5
1403900012431,0.557691925686285,0.17237223298050852,0.4806279871451297,728,4
1403900010416,0.6036597611781205,0.18358176843275353,0.5196441626290471,331,5
1403900014531,0.49270677552196923,0.1068106465192923,0.41552754972143385,1143,2
1403900010897,0.4998318600175372,0.19756296362988468,0.4393780807400067,1038,3
1403900014635,0.48341856005491346,0.2130211132889609,0.42933907070172295,1077,3
1403900015135,0.5648488405925556,0.2136613226329971,0.49461133700064386,580,4
1403900012304,0.594254306764581,0.11653283325741515,0.49871001206314786,539,4
1410100220113,0.40500709212714786,0.22377092626032236,0.36875985895378277,1323,2
1403900014052,0.6255078379466928,0.12628317191973557,0.5256629047413014,274,5
1403900015309,0.5982593640797341,0.11298059623373077,0.5012036105105335,520,4
1403900010149,0.5903785126835468,0.08359145888044718,0.48902110192292686,649,4
1403900012516,0.6286520921854724,0.2552026045109048,0.5539621946505588,64,5
1403900012605,0.49509090169511244,0.16824874100956316,0.4297224695580026,1076,3
1403900015578,0.5960501406752282,0.2636653864559581,0.5295731898313742,226,5
1403900015366,0.5223668417215563,0.12160085545831062,0.4422136444689072,1025,3
1403900011382,0.6098977855840456,0.211088464193959,0.5301359213060284,221,5
1403900013711,0.5633201862439959,0.11330473291102522,0.4733170955774018,808,3
1403900015370,0.5983575670518883,0.08295311579260903,0.4952766768000324,576,4
1403900013618,0.5905027461452713,0.2450456845626931,0.5214113338287557,314,5
1403900010327,0.609792711365135,0.1094401905411531,0.5097222072003387,436,4
1403900011289,0.6475420281365846,0.08566055075524531,0.5351657326603168,182,5
1403900014993,0.5468857730769869,0.18459110110943955,0.47442683868347746,799,3
1403900011804,0.6026328575138725,0.12823638154380043,0.5077535623198581,459,4
1410100220024,0.49736283287950045,0.22408407862296326,0.44270708202819303,1020,3
1403900010524,0.6207051160115561,0.24518178914562833,0.5456004506383706,116,5
1403900013957,0.5536763747374893,0.1352664878206971,0.4699943973541309,833,3
1403900013815,0.6444544954731435,0.26232859845911066,0.5680293160703369,16,5
1403900015667,0.5873498916905684,0.08305195178638763,0.48649030370973223,671,4
1403900011908,0.5982148591047723,0.24232818059018416,0.5270375234018547,260,5
1403900013834,0.5759684554088462,0.0954254021090102,0.479859844748879,738,4
1403900011236,0.6396927048671718,0.24877616356137594,0.5615093966060126,36,5
1403900011984,0.5914075744237566,0.23484866219243972,0.5200957919774932,327,5
1403900014546,0.6673278494763153,0.22583596889694266,0.5790294733604407,6,5
1403900014620,0.5039670695247594,0.18548668034662255,0.4402709916891321,1034,3
1403900011039,0.63627753271555,0.24539324684808467,0.5581006755420569,47,5
1403900013336,0.6271301133126316,0.1435745588975217,0.5304190024296096,217,5
1410100340274,0.4466699627677782,0.15965921854584184,0.38926781392339094,1243,2
1403900012130,0.5830633841545266,0.12963817098207134,0.49237834152003557,605,4
1403900011147,0.6460115343131155,0.21194599427374355,0.5591984263052411,44,5
1403900012037,0.6146645965107321,0.260906645985166,0.5439130064056189,126,5
1403900014461,0.5802033456239575,0.07154753143060714,0.4784721827852874,751,4
1403900014279,0.6104596611998506,0.27736373223180677,0.5438404754062418,127,5
1403900014211,0.6351280250109022,0.2639757543360224,0.5608975708759262,40,5
1410100342637,0.40758622156174146,0.11091666455013563,0.3482523101594203,1387,2
1403900014902,0.6327044033377124,0.060906087995168744,0.5183447402692037,339,5
1403900010577,0.6205020288013277,0.08205550442689159,0.5128127239264405,402,4
1403900015099,0.587851955481806,0.22340135401844632,0.5149618351891341,380,4
1403900013730,0.5343813343264954,0.24381831525608216,0.47626873051241275,783,3
1403900012569,0.6242357901585812,0.1487728144669516,0.5291431950202553,233,5
1403900015012,0.5846583110064237,0.3085483816855803,0.5294363251422551,229,5
1403900014387,0.5670419337473757,0.17763539599010086,0.4891606261959207,648,4
1403900014527,0.43565838981623967,0.16522568064962023,0.3815718479829158,1273,2
1403900011683,0.6094053089397041,0.25221009606997485,0.5379662663657583,156,5
1403900011946,0.6034922893854469,0.2224840652346346,0.5272906445552844,254,5
1403900014300,0.5653966626511274,0.22361179313619317,0.49703968874814064,560,4
1403900013514,0.6160116041255757,0.16800373731274632,0.5264100307630097,266,5
1403900014048,0.6204579397341516,0.23638225513717298,0.543642802814756,129,5
1403900013872,0.5832006463212169,0.15925408342740976,0.4984113337424555,541,4
1403900014813,0.5266260074763558,0.11794549192848516,0.44488990436678166,1008,3
1403900011861,0.6294977846559784,0.21678936128427892,0.5469560999816385,104,5
1403900014480,0.5927490755355278,0.1855976354641212,0.5113187875212465,417,4
1403900012041,0.6206851547867668,0.2605134724439928,0.5486508183182119,92,5
1403900015402,0.5969902575932499,0.24948167533149318,0.5274885411408985,252,5
1403900015154,0.4704039779462023,0.237407769046829,0.4238047361663277,1105,3
1403900010295,0.597085643760038,0.07385099417081636,0.4924387138421937,603,4
1403900015544,0.6391218873288821,0.28114818492746985,0.5675271468485997,18,5
1403900013317,0.584821985718125,0.07492175949387554,0.48284194047327517,708,4
1403900015440,0.589506617500597,0.25696829602324955,0.5229989532051275,302,5
1403900014103,0.6259482579994875,0.16811751360772725,0.5343821091211355,189,5
1403900012319,0.6426912809021932,0.1766370839357637,0.5494804415089074,89,5
1403900011842,0.6516342523721737,0.17552897114859897,0.5564131961274588,55,5
1403900013853,0.5925948851631411,0.10239291275922936,0.49455449068235874,582,4
1403900011819,0.6172827143453509,0.1737327077628709,0.5285727130288549,241,5
1410100341978,0.283410473008539,0.09874906222870206,0.24647819085257164,1655,1
1403900011170,0.5972191341598508,0.18243045477616482,0.5142613982831137,389,4
1403900011626,0.6861312591983947,0.2142470153854274,0.5917544104358012,2,5
1403900014438,0.5803966977632855,0.2412871717939885,0.5125747925694262,405,4
1403900013938,0.5683734993860884,0.27681682753539283,0.5100621650159493,431,4
1403900014512,0.6305673173553371,0.1896670854856109,0.5423872709813918,134,5
1403900013726,0.6120177512484903,0.2443588866842308,0.5384859783356384,150,5
1403900014160,0.5450953400744393,0.2097405764948741,0.47802438735852626,757,3
1403900012376,0.6439481397212754,0.25334573424521356,0.565827658626063,25,5
1403900010064,0.5707071134370809,0.08943020368111804,0.4744517314858884,797,3
1403900010789,0.6097399654813432,0.20988133840348994,0.5297682400657726,224,5
1403900015281,0.6000013108149165,0.1503714800562664,0.5100753446631865,430,4
1403900012357,0.65164857096899,0.24285833469634968,0.5698905237144619,12,5
1403900011912,0.6355577136836594,0.29538925204582567,0.5675240213560927,19,5
1403900014673,0.6211869581669462,0.1750634186057497,0.531962250254707,207,5
1403900013603,0.5505043085052301,0.11378965178052276,0.4631613771602887,887,3
1403900012249,0.6095944207781218,0.11440080958194683,0.5105556985388868,422,4
1410100342641,0.363961256283187,0.1276286591636805,0.3166947368592857,1493,2
1403900010399,0.6296335304041606,0.1516049233095127,0.5340278089852311,193,5
1403900014762,0.5345279685386143,0.07213914261395481,0.4420502033536824,1026,3
1403900012183,0.5368106121334658,0.14750899500029896,0.45895028870683247,929,3
1403900015046,0.5216442798785226,0.2639812288630786,0.4701116696754338,831,3
1403900010204,0.581415874572601,0.2530236004454308,0.515737419747167,370,5
1403900011113,0.6358112519274601,0.19849816506889403,0.5483486345557469,94,5
1403900010191,0.6015765497868183,0.2050336102194931,0.5222679618733533,306,5
1403900015493,0.5279353124601208,0.26512159399645,0.47537256876738665,795,3
1403900011679,0.6023378696142696,0.24910713965939935,0.5316917236232955,208,5
1403900015101,0.5901748167076366,0.21709232212079294,0.5155583177902678,374,5
1403900011594,0.5987126418775286,0.1731364337937716,0.5135974002607773,395,4
1403900012272,0.6129936213256468,0.1908956303465741,0.5285740231298323,240,5
1403900012342,0.5564924075326002,0.2728700091416986,0.4997679278544199,529,4
1403900010350,0.6221527065588971,0.1477026236244483,0.5272626899720074,255,5
1403900010990,0.6275580215431883,0.19747384669647705,0.5415411865738461,141,5
1403900012287,0.5932507453848047,0.21275672431206208,0.5171519411702562,353,5
1403900014885,0.5669951603785448,0.17782916303637353,0.48916196091011055,647,4
1403900010948,0.6417334293749569,0.09842462368469129,0.5330716682369039,199,5
1403900015277,0.5900729320011286,0.21124778953806717,0.5143079035085164,387,4
1403900013533,0.5646238077713946,0.13495464957852782,0.4786899761328213,750,4
1403900014847,0.6111985738548117,0.24003649018892295,0.536966157121634,163,5
1403900010793,0.6101950765791169,0.24092348071713032,0.5363407574067196,167,5
1403900015559,0.5806931472479314,0.20556191281233208,0.5056669003608116,473,4
1403900015116,0.5827062663216006,0.2739812631161462,0.5209612656805098,320,5
1403900014086,0.6542181728625769,0.16716460710146033,0.5568074597103536,53,5
1403900014175,0.5813264115914388,0.2010530049461951,0.5052717302623901,479,4
1403900011363,0.6413886526415032,0.2498799707800908,0.5630869162692208,33,5
1403900011490,0.6078209643040504,0.26813139634904726,0.5398830507130499,148,5
1403900010238,0.5289194579005859,0.24024243735940654,0.47118405379235007,827,3
1403900011344,0.6759037294194692,0.24502904940208242,0.5897287934159918,3,5
1403900015262,0.5368831645514748,0.15741308953730448,0.46098914954864073,901,3
1403900014368,0.5756519510904894,0.16835524328148743,0.49419260952868904,586,4
1403900011630,0.6540915766047349,0.33160540844029274,0.5895943429718464,4,5
1403900015224,0.6053620298218665,0.10857839859661653,0.5060053035768165,470,4
1403900012179,0.6021014834445867,0.26505693906166705,0.5346925745680028,187,5
1403900011787,0.5945848600052973,0.10460805904990271,0.4965894998142184,564,4
1403900012709,0.5955591378987909,0.10937893590523194,0.49832309750007914,542,4
1403900014705,0.5831567229937777,0.15742428476078457,0.49801023534717914,548,4
1403900015582,0.07694299590201259,0.21622236940268563,0.10479887060214721,1850,1
1403900014851,0.6076234454362393,0.2757919771971103,0.5412571517884135,142,5
1410100342463,0.5044436352569205,0.10439388276201997,0.4244336847579404,1101,3
1403900013961,0.6004017212781703,0.11176659591775087,0.5026746962060864,505,4
1403900015385,0.6415566735682883,0.24988158746703712,0.5632216563480381,32,5
1403900015629,0.4875109681168794,0.23510398255657977,0.4370295710048195,1045,3
1403900010702,0.6169642854228693,0.17916920359397592,0.5294052690570906,230,5
1403900011895,0.6019563353797193,0.3210906205204893,0.5457831924078733,114,5
1410101932694,0.31126603811197046,0.12808376536291727,0.27462958356215983,1593,1
1403900010596,0.6088641473650912,0.08995915735024759,0.5050831493621225,484,4
1407000201236,0.5842475020719674,0.1747199719997177,0.5023419960575175,509,4
1410101932711,0.38800567367069627,0.4806892243666093,0.40654238380987895,1173,2
1410101932707,0.5497917950580057,0.18028206859012413,0.4758898497644294,788,3
1403900015671,0.5543854480365272,0.1723391241936312,0.47797618326794805,760,3
1403900013980,0.5621046212952643,0.2129987224475917,0.4922834415257298,606,4
1403900010755,0.5823987301684334,0.1300740250128109,0.4919337891373089,608,4
1403900010933,0.65590029018764,0.08715885512340207,0.5421520031747924,135,5
1403900015614,0.4438978190953046,0.1965531656806001,0.3944288884123638,1214,2
1403900011715,0.6205114748016083,0.1556426317141234,0.5275377061841113,250,5
1403900010632,0.6317875493727272,0.1040048872029872,0.5262310169387792,268,5
1403900010806,0.616004470447586,0.2239136479953397,0.5375863059571367,159,5
1403900011024,0.5917628028393765,0.22926567101972706,0.5192633764754466,333,5
1403900014423,0.5698597014631941,0.1999879117929235,0.49588534352914,572,4
1403900011096,0.6536230341592386,0.1768465828024858,0.558267743887888,46,5
1403900010223,0.6061189250354775,0.2642995221408212,0.5377550444565462,157,5
1403900011306,0.6636038821297838,0.08666235779345344,0.5482155772625178,96,5
1403900013340,0.6090523785420823,0.1438922005357721,0.5160203429408203,365,5
1403900010384,0.5872618210619027,0.09296156253162646,0.4884017693558475,658,4
1403900012107,0.5709321196159446,0.2063823521320798,0.49802216611917166,547,4
1403900010312,0.657873393810834,0.13563937500883055,0.5534265900504334,67,5
1403900010863,0.6506783693516265,0.25777073528760713,0.5720968425388226,10,5
1403900011378,0.6322944752686623,0.2770028562270991,0.5612361514603498,37,5
1407000200613,0.32360050084951103,0.24263517122513395,0.3074074349246356,1514,1
1410101892660,0.32684150216300434,0.1785391295457948,0.29718102763956245,1541,1
1403900015563,0.48410943365203335,0.14186946724442026,0.4156614403705108,1142,2
1403900014283,0.5886747031801779,0.18020831542681592,0.5069814256295055,464,4
1403900010365,0.6167053708140169,0.08429910577312685,0.5102241178058389,427,4
1403900011768,0.6034541309121524,0.11794490032342045,0.5063522847944061,467,4
1403900013798,0.5715541053165897,0.20987049008504666,0.4992173822702811,535,4
1403900010473,0.5621631917130504,0.24972708967896873,0.4996759713062341,531,4
1403900012056,0.6438397612822059,0.19642079487023242,0.5543559679998112,62,5
1403900014457,0.611285724128403,0.09566505354362535,0.5081615900114475,454,4
1403900011221,0.5829614946352505,0.24965652003460742,0.5163004997151219,363,5
1403900015474,0.40208597600499363,0.24002270561481842,0.3696733219269586,1319,2
1403900013552,0.580461768272956,0.18514972170670185,0.5013993589597052,518,4
1403900011791,0.6101003845004879,0.17780274395332687,0.5236408563910557,294,5
1403900013529,0.5519339740588373,0.1704663837105091,0.47564045598917165,789,3
1403900011876,0.6099019887559104,0.3877363573044145,0.5654688624656112,27,5
1403900012662,0.591443640460714,0.16767859221585682,0.5066906308117426,466,4
1403900011166,0.6234175580991044,0.21700757960752765,0.5421355624007891,136,5
1403900012291,0.6373758840932496,0.17927719167140177,0.5457561456088801,115,5
1403900014866,0.6495133951000114,0.19177787284524866,0.5579662906490588,48,5
1407000131433,0.5811318098648032,0.3233373120601897,0.5295729103038805,227,5
1403900013891,0.5064460609353573,0.22616866128375365,0.4503905810050366,977,3
1403900013904,0.5425703223113157,0.18666148660135798,0.4713885551693242,825,3
1403900015258,0.5636217621858086,0.2392594991846108,0.49874930958556907,538,4
1403900011537,0.5618328572998342,0.2626191789540714,0.5019901216306817,513,4
1412000013096,0.5696393014191983,0.13519049513916198,0.48274954016319105,709,4
1403900013641,0.5263826578625216,0.1216521945140948,0.44543656519283625,1003,3
1403900013637,0.4959474467738748,0.15890111509796806,0.42853818043869346,1082,3
1403900015050,0.5412324288349261,0.2878770266312456,0.49056134839418997,627,4
1403900012592,0.5309745162001355,0.20849066423950496,0.4664777458080094,857,3
1403900015351,0.483872657928378,0.1539870503519788,0.41789553641309823,1133,2
1403900013482,0.5117116478368344,0.29191274938658063,0.46775186814678366,850,3
1403900015597,0.4847233664013228,0.1718290174049011,0.4221444966020385,1112,3
1403900014118,0.570953269891833,0.13894556271875536,0.4845517284572175,689,4
1410101892656,0.43243636719113443,0.11502607623613872,0.3689543090001353,1322,2
1403900013942,0.4674291034294543,0.2663369674931523,0.42721067624219394,1091,3
1403900014495,0.5314725149557727,0.2389473661214606,0.47296748518891035,814,3
1403900010083,0.5677274256098049,0.13219722982546192,0.4806213864529364,729,4
1410101892675,0.3546185820774388,0.26805697864663103,0.3373062613912773,1433,2
1403900014071,0.5777360217326961,0.14055281730940125,0.49029938084803715,631,4
1403900014777,0.5339238060416092,0.0950940751953605,0.44615785987235945,997,3
1403900010030,0.537975845462159,0.05237156298756055,0.4408549889672394,1031,3
1410100380128,0.4726296617109227,0.21303407403152913,0.420710544175044,1119,3
1403900010026,0.4720803811796453,0.06241276297302391,0.39014685753832107,1234,2
1407000131448,0.5562813788837472,0.5072804804818236,0.5464811992033625,109,5
1403900013143,0.4583121261180146,0.060983653398811725,0.378846431574174,1281,2
1412000016118,0.38154811377434855,0.4876150390249793,0.40276149882447476,1186,2
1403900011043,0.6729049958377803,0.056890439627406864,0.5497020845957056,87,5
1403900011274,0.6322704538666954,0.09633661446759799,0.525083685986876,281,5
1403900015648,0.48976877335094504,0.05624423981036834,0.4030638666428297,1184,2
1403900011753,0.628548787682626,0.12167278146275498,0.5271735864386519,256,5
1403900014599,0.5551070400026646,0.08391250695302235,0.46086813339273625,904,3
1403900012677,0.65182728340833,0.15467839681284454,0.5523975060892329,72,5
1403900013321,0.5788731589595061,0.08207495980164416,0.4795135191279337,741,4
1403900014584,0.5689817459892286,0.06847190287170715,0.4688797773657243,842,3
1410100380166,0.3861116650226673,0.3153051256048233,0.3719503571390985,1309,2
1410100380132,0.3588524298222191,0.15658626528297365,0.31839919691437,1488,2
1403900010562,0.5011409443422472,0.06652870276346733,0.41421849602649125,1149,2
1403900014508,0.5519433479979978,0.09291702389630374,0.46013808317765903,913,3
1403900015065,0.5728415000589668,0.2848057441574028,0.515234348878654,377,4
1404400010280,0.4678941656354967,0.28101867403582326,0.43051906731556205,1072,3
1412002067347,0.21184048565256028,0.21622236940268563,0.21271686240258536,1698,1
1404400050276,0.23801510423571687,0.3440344779783662,0.2592189789842468,1619,1
1404400100242,0.5601539844341114,0.39488625917348336,0.5271004393819858,258,5
1404400020115,0.4876824937800832,0.188607996882965,0.4278675944006596,1087,3
1404400020149,0.25290014693722274,0.2778508554583106,0.2578902886414403,1623,1
1404400010308,0.22017710544982572,0.23908096981386986,0.22395787832263456,1682,1
1412000010706,0.6105451433367128,0.0954630462224523,0.5075287239138607,460,4
1412000012929,0.6361440445431623,0.2384623521379782,0.5566077060621255,54,5
1404400010331,0.22327965188111037,0.3677988763007849,0.2521834967650453,1641,1
1404400020172,0.22202768058285363,0.46034304764107015,0.26969075399449693,1604,1
1404400100223,0.4650497994195111,0.44105045984514163,0.4602499315046372,912,3
1404400010100,0.5556486014435812,0.24184366366685797,0.4928876138882366,598,4
1404400020168,0.2000748038342457,0.16967777853518562,0.1939953987744337,1726,1
1404400020346,0.19307447365150399,0.28349898210812974,0.21115937534282916,1700,1
1412000016601,0.3215956315324884,0.052133003705437,0.26770310596707814,1607,1
1404400010064,0.2876532896564201,0.3496567669922843,0.300053985123593,1534,1
1412000014342,0.6010522344876924,0.1550277043795242,0.5118473284660587,412,4
1404400010312,0.23789054939418802,0.19395160725648009,0.22910276096664645,1677,1
1404400010327,0.3078375517815738,0.200120273108735,0.28629409604700606,1566,1
1412000016283,0.2987885783788681,0.03162069272387229,0.24535500124786894,1657,1
1404400010098,0.5697605855153104,0.294837266969152,0.5147759218060787,382,4
1404400010079,0.4009252689130553,0.2656595635425161,0.37387212783894747,1304,2
1412000015694,0.5041690000309536,0.36050114498638836,0.47543542902204056,793,3
1404400010083,0.3138067000051525,0.2783722684558049,0.30671981369528295,1517,1
1404400050261,0.5207645243352432,0.26077373194950765,0.4687663658580961,843,3
1404400020187,0.46511056116525396,0.2896122692765365,0.4300109027875105,1074,3
1404400020350,0.32364016911737925,0.2962073241508324,0.3181536001240699,1489,2
1404400100238,0.5081155558765779,0.3844760490967375,0.48338765452060983,698,4
1404400010365,0.09636177705443183,0.21622236940268563,0.1203338955240826,1834,1
1404400020153,0.16224508393376608,0.19513026722331062,0.16882212059167498,1760,1
1412000010655,0.5948189600154884,0.11632827059753845,0.49912082213189846,536,4
1404400020134,0.3838285936062353,0.13011707163738906,0.333086289212466,1448,2
1404400010295,0.31558110850216586,0.2687215507270607,0.3062091969471448,1520,1
1404400050257,0.28965186356417777,0.26033083612475416,0.283787658076293,1570,1
1404401700219,0.32720984042397266,0.4574817654446441,0.353264225428107,1375,2
1404401700384,0.24727889591318672,0.4280218513530824,0.2834274870011659,1571,1
1404400540416,0.5713321930906113,0.48996447225759393,0.5550586489240079,60,5
1404400540435,0.4535685713323524,0.4617585344315147,0.4552065639521849,950,3
1404400540420,0.4585685093736913,0.3594391988144201,0.4387426472618371,1039,3
1404401700399,0.26963269702930587,0.24132574215630806,0.2639713060547063,1611,1
1404400540401,0.5155638332423337,0.3724402123192425,0.4869391090577155,669,4
1405100010088,0.28327877252965233,0.16326752212518564,0.259276522448759,1617,1
1405100010139,0.4455508322870446,0.39303112657709893,0.4350468911450555,1054,3
1405100010069,0.6074004224894461,0.2080655893294991,0.5275334558574567,251,5
1405100010124,0.1573314742166666,0.19972585545831062,0.1658103504649954,1768,1
1405100010177,0.12901949888923137,0.12160085545831062,0.12753577020304724,1822,1
1405100010105,0.14958027817060865,0.21622236940268563,0.16290869641702405,1772,1
1405100010092,0.27439696322405366,0.15876641990184473,0.25127085455961184,1644,1
1405100010143,0.17862517913050824,0.20627515746478634,0.18415517479736387,1748,1
1405100010162,0.30890349503026127,0.20557596827154345,0.2882379896785177,1562,1
1405100010158,0.2086019347062023,0.17957758305883825,0.2027970643767295,1711,1
1405100010054,0.5271170262421936,0.2112166902373562,0.4639369590412261,880,3
1405100010073,0.34324795519341506,0.20002641999791412,0.31460364815431485,1498,2
1405100020196,0.5450336975216323,0.29931799921658164,0.49589055786062225,571,4
1412000013448,0.11467713404897698,0.07271600739532706,0.106284908718247,1848,1
1405100020181,0.49802685862996254,0.2819580374640424,0.45481309439677853,954,3
1405100020209,0.4468874495080272,0.3539964111393494,0.42830924183429164,1084,3
1405100020213,0.40385438904674575,0.35198845037434207,0.39348120131226505,1221,2
1407000130350,0.5795779640295466,0.39171838003284487,0.5420060472302063,140,5
1407000140473,0.4743021816294748,0.45795105765263056,0.471031956834106,828,3
1407000200261,0.4450790972910311,0.15290840247495008,0.3866449583278149,1250,2
1407000010030,0.6352314201270219,0.20291443639265924,0.5487680233801494,91,5
1407000210755,0.33655922527455184,0.434230373223324,0.3560934548643063,1365,2
1407000641293,0.38342274862806064,0.33521182280221284,0.3737805634628911,1306,2
1407000130435,0.5553813412065732,0.4034863750590061,0.5250023479770598,284,5
1407000141077,0.16768109524016392,0.3299341887914356,0.20013171395041826,1712,1
1407000140774,0.5046477378661735,0.4255476080291223,0.48882771189876323,653,4
1407000430651,0.3181919434322137,0.382889265166652,0.3311314077791014,1456,2
1407000140609,0.5096527997016077,0.47586010666551676,0.5028942610943895,503,4
1407000130416,0.589827513529174,0.31250594042937135,0.5343631989092135,190,5
1407000430986,0.1984288726668432,0.4966008554583106,0.25806326922513667,1621,1
1407000010929,0.3373982204815122,0.3135090182310991,0.3326203800314296,1449,2
1407000201382,0.45575330692035887,0.2042166787951902,0.40544598129532516,1179,2
1407000130420,0.5489760477641669,0.35915836417801905,0.5110125110469373,420,4
1407000211151,0.379445376230288,0.31539184810391274,0.366634670605013,1332,2
1407000011289,0.10171261200069169,0.19104529990268562,0.11957914958109049,1836,1
1412000013005,0.5828464962686152,0.05496936212527882,0.47727106943994796,770,3
1407000131452,0.5271563514016555,0.4732159465235296,0.5163682704260304,361,5
1407000130327,0.5045770348731499,0.27701762042292943,0.45906515198310577,928,3
1407000010045,0.651640162002502,0.22798261878155315,0.5669086533583122,23,5
1407000430666,0.15744520577193993,0.30017228402956064,0.1859906214234641,1742,1
1407000430971,0.37578965217252186,0.3929205799747697,0.37921583773297146,1280,2
1407000200257,0.33470290680768755,0.21622236940268563,0.3110067993266872,1505,1
1407000011240,0.30785882688793614,0.4978571985722011,0.34585850122478917,1396,2
1407000140844,0.593042449352616,0.27916471259364084,0.5302669020008209,219,5
1407000430647,0.323023721142452,0.28735806710095946,0.3158905903341535,1496,2
1407000201255,0.5465054883861327,0.18328197591153972,0.4738607858912141,803,3
1407000201221,0.46564159458410953,0.2778508554583106,0.42808344675894977,1085,3
1407001111325,0.4306708383218157,0.2624482124227361,0.3970263131419998,1203,2
1407000431024,0.5271290405580824,0.3170805727683765,0.48511934700014125,683,4
1407000011043,0.2923377283317425,0.4341008554583106,0.3206903537570561,1483,2
1407000130365,0.5298502008788155,0.32330950482578935,0.48854206166821035,655,4
1407000430505,0.3755781095245857,0.44218905444229284,0.3889002985081272,1244,2
1407000431147,0.46755917326571705,0.4291848671784402,0.4598843120482617,916,3
1407000140558,0.3309731740772649,0.0856092617143225,0.28190039160467645,1576,1
1407000130596,0.4622222027062599,0.6230664781214792,0.4943910577893038,583,4
1407000200204,0.5267011629589158,0.2515234545652555,0.47166562128018374,824,3
1407000130083,0.6182104582346394,0.24829768472887917,0.5442279035334874,123,5
1407000131429,0.5799357632888267,0.3531005491718887,0.5345687204654391,188,5
1407000140488,0.4929825244489956,0.4133346316935037,0.47705294589789726,775,3
1407000131471,0.557097658704085,0.28035292696983094,0.5017487123572342,515,4
1407001111310,0.4024978922309026,0.28666507001459607,0.37933132778764134,1279,2
1407000010098,0.4605986914555699,0.22575303085921566,0.4136295593362991,1151,2
1407000131486,0.5550324995086207,0.26749894434765653,0.49752578847642787,555,4
1407000130238,0.4552094646551134,0.21748016989098004,0.40766360570228677,1169,2
1407000430990,0.2662110193249661,0.5494585712688853,0.32286052971374996,1479,2
1407000011274,0.2574732304184205,0.2108865697439356,0.24815589828352355,1649,1
1407000140280,0.5699202313309982,0.24306314258787148,0.5045488135823729,490,4
1407000211113,0.4986381771755842,0.27915168301354687,0.4547408783431767,957,3
1407000140825,0.5748437709630932,0.3042100421891384,0.5207170252083023,324,5
1407000200191,0.5636022719602142,0.257454214721672,0.5023726605125057,508,4
1407000430897,0.5546639164815113,0.40641644362309487,0.525014421909828,283,5
1407000010539,0.30741939134792345,0.2615027024076356,0.29823605355986593,1537,1
1407000431132,0.5617486429049436,0.3851818532689736,0.5264352849777497,265,5
1407000140948,0.1945875614279322,0.2108865697439356,0.1978473630911329,1717,1
1407000430308,0.5889015146278025,0.42936839555730527,0.5569948908137031,51,5
1407000140219,0.5111991401795051,0.26006729605928863,0.46097277135546183,902,3
1407000010717,0.41169544493774235,0.2454852856345351,0.37845341307710095,1284,2
1407000430628,0.18215764643177285,0.2658316246889356,0.1988924420832054,1714,1
1407001111490,0.47245115249282443,0.44178619748068493,0.46631816149039657,858,3
1407000211005,0.5020579662046788,0.3597812526731668,0.47360262349837645,806,3
1407000431081,0.20698041135942566,0.4437775338304947,0.2543398358536395,1631,1
1407000641306,0.5240101169182092,0.2334649731621377,0.46590108816699494,863,3
1407000011217,0.23224344118429552,0.3559758554583106,0.25698992403909854,1625,1
1407000211185,0.44548591945798777,0.4409186246532912,0.44457246049704846,1011,3
1407001111344,0.5073535709815606,0.45057286257630025,0.4959974293005086,568,4
1407000200793,0.17136947075893258,0.3559758554583106,0.2082907476988082,1702,1
1407000140469,0.4425443792506111,0.28165953906472796,0.4103674112134345,1161,2
1407001111359,0.6103991294241112,0.368588506542462,0.5620370048477814,35,5
1407000210740,0.3693231451464612,0.3977609861374935,0.3750107133446676,1296,2
1407000431039,0.5446702555182644,0.3718301560559177,0.5101022356257952,428,4
1407001111378,0.35671714722477765,0.21622236940268563,0.32861819166035927,1462,2
1407000210721,0.37421162200465047,0.31284313405800535,0.36193792441532147,1350,2
1407000140346,0.5211950010235984,0.2985253341296227,0.47666106764480326,779,3
1407000140223,0.5695268232207574,0.3097186879555154,0.517565196167709,347,5
1407000130401,0.42424572006561545,0.2430562726266401,0.3880078305778204,1247,2
1407000011058,0.32060112237653104,0.3569132343948892,0.3278635447802027,1465,2
1407000010100,0.5984209385636154,0.19694130425446624,0.5181250117017857,342,5
1407000140276,0.5174293177842231,0.3211221361480457,0.47816788145698763,755,3
1407000210736,0.54813635259309,0.24849985598176969,0.488209053270826,662,4
1407000430492,0.5200728381491211,0.39618029625351864,0.49529432977000065,575,4
1407000430806,0.4884299554196614,0.3821738170958759,0.4671787277549043,855,3
1407001111363,0.40598797809118864,0.3345626542901704,0.39170291333098506,1230,2
1407000210967,0.39920596182092555,0.278698987644542,0.37510456698564887,1295,2
1407000011062,0.34296662482630774,0.3299341887914356,0.3403601376193333,1418,2
1407000431202,0.3310748266523293,0.3861985586191939,0.34209957304570227,1414,2
1407000200933,0.3912311439886078,0.27662611862743997,0.36831013891637426,1326,2
1407000010702,0.47660261674341536,0.31129675684661406,0.4435414447640551,1017,3
1407000010134,0.5032503693243344,0.19836703104026968,0.4422737016675215,1024,3
1407000011503,0.5370616448502116,0.4310854840774774,0.5158664126956648,368,5
1407000010115,0.5636455611118808,0.18978108387026432,0.4888726656635575,651,4
1407000010581,0.4130594331613691,0.19990866001241214,0.37042927853157775,1317,2
1407000010399,0.5520978819483168,0.2456010365184547,0.4907985128623444,623,4
1407000010384,0.5114176767392768,0.1917604547622736,0.44748623234387624,989,3
1407000010685,0.5154749773125012,0.3038875727322653,0.4731574963964541,809,3
1407000010914,0.32187192821567806,0.2169183609020648,0.30088121475295543,1531,1
1407000201397,0.5266950105996585,0.3421585292073577,0.4897877143211984,637,4
1407000200789,0.5096993409854049,0.4109162885198455,0.4899427304922931,636,4
1407000200242,0.5202866627086284,0.262013170893322,0.4686319643455672,844,3
1407000200079,0.5623167712407611,0.19938330944566585,0.4897300788817421,640,4
1407000140543,0.431177456736446,0.36982799043879916,0.4189075634769166,1125,3
1407000140859,0.5617911252877297,0.2513207382547591,0.4996970478811356,530,4
1407000140454,0.35112317982633806,0.2686596789876856,0.3346304796586076,1442,2
1407000140810,0.5373495348682542,0.5113177423864708,0.5321431763718976,205,5
1407000430632,0.1943130113324098,0.38201752212518564,0.23185391349096499,1674,1
1407000430295,0.5775820392801436,0.368836612209412,0.5358329538659974,173,5
1407000211096,0.4971182251632832,0.3837651258260255,0.4744476052958317,798,3
1407000211109,0.5251778072234723,0.31277876105567526,0.4826979979899129,711,4
1407000211128,0.5171626993659878,0.31333622063924776,0.4763974036206398,781,3
1407001211518,0.5062911013676705,0.36417073162332203,0.4778670274188008,762,3
1409701151278,0.3959071474381779,0.1561435357103859,0.34795442509261953,1389,2
1409707771780,0.5359526640377382,0.17660805056182088,0.46408374134255476,879,3
1409700013096,0.16561893956417312,0.2604897443470606,0.18459310052075062,1746,1
1409700151348,0.2472361926723412,0.21622236940268563,0.2410334280184101,1664,1
1409700092897,0.3570604441367206,0.29370681290202094,0.3443897178897807,1404,2
1409708531668,0.5274729141445457,0.1720161844392381,0.4563815682034842,944,3
1409700010941,0.6002616586439374,0.20614486038406224,0.5214382989919624,312,5
1409700013128,0.14626728614120227,0.12807819589646754,0.14262946809225532,1803,1
1409700382384,0.11932072400715163,0.1307194113701846,0.12160046147975824,1831,1
1409701152007,0.2950637741255757,0.21622236940268563,0.2792954931809977,1582,1
1409700011117,0.3620825832201516,0.16918410136116968,0.3235028868483552,1478,2
1409708331494,0.3213096192734385,0.23145895990207954,0.3033394873991667,1526,1
1409708332280,0.18517654996659097,0.19310696135745464,0.1867626322447637,1741,1
1409700381827,0.2737822839293628,0.3298273703801232,0.28499130121951494,1568,1
1409700312789,0.43400659789282164,0.32498492612263136,0.41220226353878364,1155,2
1409700092863,0.44589189105282323,0.34980430661799167,0.42667437416585696,1092,3
1409708331507,0.40366011927165457,0.15165629021522886,0.35325935346036946,1376,2
1412000013274,0.5735576619961125,0.09740625645560216,0.4783273808880104,753,3
1409700150227,0.4092088832996385,0.2498990327004381,0.3773469131797984,1287,2
1412000014516,0.5982164470136899,0.2336030025065757,0.5252937581122671,278,5
1409700232755,0.4811491579126882,0.26255344699548533,0.43743001572924767,1042,3
1409700092825,0.3985776246516928,0.2101978270211952,0.3609016651255933,1354,2
1409708333753,0.38196294509442746,0.344645054460178,0.37449936696757763,1300,2
1409700381795,0.5912327391025252,0.2680905857410336,0.5266043084302269,264,5
1409708221969,0.4590819411798315,0.41064814354374124,0.44939518165261344,980,3
1409700353240,0.43005265899434575,0.32709507769087665,0.409461142733652,1164,2
1409800011877,0.49058707053703565,0.36236417872665494,0.46494249217495953,871,3
1409700010195,0.4949636590570829,0.29500135515511605,0.4549711982766896,951,3
1409708222153,0.40046516330576676,0.4738651667000553,0.41514516398462453,1146,2
1409708362793,0.4806149322130295,0.2046840661002814,0.4254287589904799,1097,3
1409708222168,0.5833904615477019,0.38717489187606674,0.5441473476133749,125,5
1409708432632,0.5189584601332455,0.24870692209394551,0.4649081525253856,872,3
1409708432685,0.5572883784937787,0.2670274732628264,0.49923619744758824,534,4
1409708333537,0.3774840741841056,0.1265357840311248,0.3272944161535095,1467,2
1409700153185,0.08830801012645509,0.21622236940268563,0.11389088198170119,1840,1
1412000011579,0.5571941790676278,0.18485881596587264,0.4827271064472768,710,4
1409708432952,0.3591422552594375,0.1951164672127741,0.3263370976501048,1470,2
1409708352721,0.47665910563164954,0.3915013015524451,0.4596275448158087,921,3
1409708332948,0.40277293852722756,0.21622236940268563,0.3654628247023192,1336,2
1409700011371,0.1641998053246372,0.0912959807911018,0.14961904041793014,1801,1
1409701153359,0.02953999186568884,0.21622236940268563,0.0668764673730882,1873,1
1409708332933,0.5051060288418804,0.2889695402002934,0.46187873111356303,896,3
1409708221526,0.5776220119281775,0.21791959838966243,0.5056815292204745,472,4
1409708352736,0.5596356377153542,0.3479004257797833,0.51728859532824,352,5
1409708432717,0.5645559678157496,0.3260011710528831,0.5168450084631763,354,5
1409708223081,0.4251369676058137,0.5047349513645486,0.4410565643575607,1030,3
1409700011386,0.3649673205176499,0.18666511991755202,0.32930688039763034,1461,2
1409700012100,0.46424960978834084,0.2739463250161348,0.4261889528338996,1094,3
1409700010212,0.5116426356878685,0.1655783895779623,0.44242978646588726,1023,3
1409708312011,0.43368648386896824,0.09746538958481443,0.3664422650121375,1334,2
1409700012488,0.07094208895757355,0.21622236940268563,0.09999814504659596,1853,1
1409708221954,0.6229602354440875,0.402448635162214,0.5788579153877128,7,5
1409700313630,0.17115499546702412,0.5122258554583106,0.23936916746528142,1667,1
1409700012115,0.5376388170152663,0.2503063328845133,0.4801723201891157,734,4
1412000012882,0.5915647869147004,0.12417385751413929,0.4980866010345882,545,4
1409708221935,0.5824877881380217,0.312448497331351,0.5284799299766876,242,5
1409700152064,0.39799714859359725,0.34619886162713154,0.38763749120030416,1249,2
1409708223043,0.3668847979099759,0.3535441807828036,0.3642166744845414,1340,2
1409708223490,0.23226843214190795,0.33243822775455506,0.2523023912644374,1640,1
1412000016546,0.5738933468840097,0.26656835986042965,0.5124283494792937,408,4
1409700350246,0.36175361897727204,0.365784376888286,0.36255977055947486,1347,2
1409700011121,0.3772727647739759,0.21622236940268563,0.34506268569971793,1401,2
1409700013109,0.1837133433028944,0.3488735827308106,0.21674539118847763,1692,1
1409700150674,0.44059740950477116,0.33052028675594103,0.4185819849550052,1128,3
1409708432647,0.47632999704661877,0.1738019020227307,0.4158243780418412,1140,2
1409700151738,0.09506112871632283,0.21622236940268563,0.1192933768535954,1837,1
1409708432651,0.5220525251605842,0.24921503270605816,0.46748502666967906,851,3
1409700233202,0.36624557675939107,0.3379463641540288,0.36058573423831863,1355,2
1409701153363,0.32225643537804366,0.21622236940268563,0.3010496221829721,1529,1
1409700312774,0.4941496733846396,0.4531245160801832,0.48594464192374837,677,4
1409708221615,0.41391899765542645,0.293877563088129,0.389910710741967,1236,2
1409708223058,0.4485555669644028,0.3706262015524723,0.4329696938820167,1060,3
1409700011102,0.36584765725099816,0.22342640970797345,0.33736340774239326,1432,2
1409700012098,0.43785532196038135,0.2461528783328141,0.3995148332348679,1198,2
1409708311649,0.39769468201374747,0.1102141349548135,0.34019857260196074,1419,2
1409700150706,0.10613868296593083,0.3716008554583106,0.1592311174644068,1781,1
1409700010532,0.4619184488627019,0.22969946872105346,0.41547465283437224,1144,2
1409708352740,0.44102565667932137,0.35725575964946943,0.42427167727335097,1102,3
1412000620284,0.3700656414064711,0.07641575915438145,0.3113356649560532,1503,2
1409708332454,0.2587397202830959,0.20174547367269,0.2473408709610147,1650,1
1409700011136,0.2618999034095346,0.3117079494382908,0.27186151261528585,1600,1
1409700152492,0.1395249617327033,0.21622236940268563,0.15486444326669976,1789,1
1409700381812,0.35982130109139693,0.6101807859254516,0.40989319805820784,1163,2
1409700151723,0.1792362216993471,0.3894579983151856,0.22128057702251483,1687,1
1409700382261,0.1193438737204133,0.21622236940268563,0.13871957285686778,1808,1
1409708332276,0.39282859833199635,0.14692196111108927,0.34364727088781494,1405,2
1409708221973,0.4713218462851649,0.43108069489946926,0.46327361600802575,884,3
1409700152539,0.2618650026312636,0.16326752212518564,0.24214550653004802,1662,1
1412007500301,0.17857619579992032,0.07648631656037619,0.1581582199520115,1783,1
1409708221920,0.5510752524715146,0.3449142171009626,0.5098430453974042,434,4
1409708221579,0.6137493133935927,0.2577947092905011,0.5425583925729744,133,5
1409708221545,0.586049465546681,0.2793604453954427,0.5247116615164334,286,5
1409700010636,0.4146549698454396,0.12002883091002191,0.3557297420583561,1367,2
1409700092844,0.44149077784331137,0.2327708930295472,0.39974680088055853,1196,2
1409701151511,0.3760699780897797,0.20929553122272004,0.3427150887163678,1411,2
1409708312986,0.36349818971386016,0.21622236940268563,0.3340430256516253,1444,2
1409700010918,0.6373111953318958,0.22269556653319528,0.5543880695721558,61,5
1409708432666,0.5647467769290883,0.2682706663991651,0.5054515548231037,477,4
1409708221564,0.5025461380699942,0.22024016436181248,0.4460849433283578,998,3
1409700353448,0.02953999186568884,0.21622236940268563,0.0668764673730882,1873,1
1409700350867,0.4916535323717709,0.422956097061134,0.47791404530964354,761,3
1409700092859,0.475098503026846,0.3379248037973984,0.44766376318095646,988,3
1409700010208,0.4123179077030534,0.2595229858152801,0.3817589233254987,1272,2
1409700150689,0.12495619796685947,0.3299341887914356,0.1659517961317747,1767,1
1409700382242,0.42014049527227876,0.14367206953797573,0.36484681012541814,1339,2
1409708312030,0.3678821788130283,0.21622236940268563,0.3375502169309598,1429,2
1409700150725,0.22177375904468158,0.342045355466995,0.24582807832914427,1656,1
1409708362806,0.5350792371347964,0.28097590993439026,0.48425857169471526,690,4
1409708223452,0.2750469319019602,0.4287287162391791,0.30578328876940397,1523,1
1409708223077,0.4900737687167984,0.4453288141706851,0.4811247778075758,723,4
1409700010513,0.3802946440952612,0.21023973537858076,0.3462836623519251,1393,2
1409708221583,0.4577055634403682,0.2845428461254017,0.42307301997737495,1109,3
1409708311653,0.4633277724195514,0.11424045860835993,0.39351030965731315,1220,2
1409708223700,0.40480451515727855,0.5263695630318664,0.42911752473219616,1078,3
1409700383255,0.3771963954778632,0.3172982883710964,0.3652167740565099,1338,2
1409700010528,0.31731823910386586,0.1546677379573219,0.28478813887455706,1569,1
1409708531884,0.15385637473722527,0.1345844007299242,0.15000197993576506,1799,1
1409700010566,0.3104626350390603,0.21622236940268563,0.2916145819117854,1553,1
1412007500316,0.27594774169041725,0.07554192098828184,0.2358665775499902,1671,1
1409708222172,0.3988733956645574,0.4408982994504885,0.4072783764217436,1171,2
1409708363382,0.32530190636557005,0.2606743905103782,0.31237640319453175,1501,2
1409700150693,0.12923573602817715,0.2778508554583106,0.15895875991420383,1782,1
1409708331475,0.2935385974226373,0.17612889715209715,0.2700566573685293,1602,1
1409700381808,0.5718056725416225,0.3655497964272629,0.5305544973187506,214,5
1409700011085,0.16240986317613,0.12160085545831062,0.15424806163256613,1791,1
1409708312026,0.3963812118192179,0.08593778927614806,0.334292527310604,1443,2
1412000015548,0.5549383030802194,0.36735587836864253,0.517421818137904,350,5
1409708532083,0.3029815229047476,0.235028214320399,0.28939086118787793,1558,1
1409708622929,0.5184841013636344,0.3855756259568245,0.49190240628227244,609,4
1409708333594,0.3172297217375782,0.16323217489343597,0.28643021236874977,1565,1
1409708223486,0.28359568992098555,0.5058688167558898,0.3280503152879664,1463,2
1409700012331,0.21504076968872865,0.061887340168332125,0.18441008378464938,1747,1
1409701153433,0.06900164317251288,0.19104529990268562,0.09341037451854743,1856,1
1409700012134,0.385151263734863,0.40878143133214156,0.3898772972543188,1237,2
1409700151333,0.24802723286253603,0.12160085545831062,0.22274195738169095,1683,1
1409708222219,0.5486755445961784,0.1828040299852383,0.4755012416739904,792,3
1409708221530,0.5865807721957205,0.1927543520220415,0.5078154881609847,458,4
1409700013113,0.22828987353805227,0.41190999160165886,0.2650138971507736,1610,1
1409708353522,0.33860051005094377,0.3576147133187941,0.34240335070451383,1413,2
1412000012308,0.5999437017653069,0.31049319615252224,0.54205360064275,139,5
1409708432702,0.42136414937813504,0.2822279407088444,0.3935369076442769,1219,2
1409700382257,0.39292284148795087,0.3574609390035236,0.38583046099106544,1256,2
1409700150710,0.24097627829671153,0.3387494227957043,0.2605309071965101,1615,1
1409708622914,0.45283597267961073,0.3578206875815575,0.43383291566000015,1058,3
1409700150956,0.522715374904204,0.32446419056419534,0.4830651380362023,703,4
1412000011225,0.5849073126984864,0.07538733145361498,0.4830033164495121,705,4
1409700150960,0.5479972931076235,0.26422281717192764,0.49124239792048435,618,4
1409700092882,0.38976056346233273,0.31128172922771546,0.37406479661540926,1303,2
1409700092878,0.39227751124505006,0.3319027192164688,0.38020255283933385,1276,2
1409708222469,0.5657023559460985,0.4040938139722159,0.5333806475513221,196,5
1409700350551,0.5092580507730702,0.2926302985570675,0.46593250032986966,862,3
1409707772365,0.5147967820056404,0.39839442613616505,0.4915163108317453,615,4
1409701153429,0.21780145296097386,0.4097181135832227,0.25618478508542364,1627,1
1409708532238,0.5101694971819226,0.22297360228103966,0.45273031820174603,968,3
1409700010937,0.6337636745906993,0.2710304234750242,0.5612170243675643,38,5
1409708221916,0.5775725460042045,0.29478363432108967,0.5210147636675815,318,5
1409708221600,0.5252790691787205,0.1327309579188372,0.4467694469267438,994,3
1409708312971,0.3889941140635264,0.21407186172611156,0.35400966359604347,1370,2
1409708312187,0.404556874090631,0.21622236940268563,0.366889973153042,1330,2
1409708331865,0.4635545171818279,0.14961773822980645,0.4007671613914236,1193,2
1409700010922,0.5987102654256942,0.26941892420320224,0.5328519971811958,201,5
1409708223062,0.3616106908432221,0.5020279942351222,0.38969415152160214,1239,2
1409700013626,0.02953999186568884,0.21622236940268563,0.0668764673730882,1873,1
1409708353378,0.39236991534684823,0.4084497733333502,0.39558588694414865,1210,2
1409700382524,0.24649736445173168,0.34685642833332286,0.2665691772280499,1608,1
1409700013132,0.3181995177250554,0.4737651480571263,0.34931264379146953,1384,2
1409708312045,0.20208829218185362,0.08397043930665687,0.17846472160681429,1750,1
1409700323217,0.23003185689438305,0.6379604464710102,0.31161757480970853,1502,2
1409705601282,0.1494012975251484,0.2778508554583106,0.17509120911178086,1753,1
1409700321437,0.39100565701048107,0.28846713063916557,0.370497951736218,1316,2
1409700321140,0.33032267354142186,0.23400318653482716,0.3110587761401029,1504,2
1412000017099,0.23608542327438897,0.04073739748869926,0.19701581811725105,1719,1
1412000012276,0.6163711475559058,0.19496822655458876,0.5320905633556424,206,5
1412000011526,0.5302373235725205,0.31019760630110715,0.48622938011823785,675,4
1409701802577,0.14484380276699937,0.020341480482696572,0.11994333831013883,1835,1
1409704241776,0.4687524196012181,0.04229418753808216,0.38346077318859095,1267,2
1409704240975,0.5988288529357275,0.21005397450997854,0.5210738772505777,317,5
1409700320509,0.49103680431696256,0.43616330952705146,0.48006210535898036,737,4
1409701801244,0.5583929724474603,0.0925477115642326,0.46522392027081483,868,3
1409704240443,0.5076194820918115,0.1272399831939658,0.4315435823122424,1066,3
1409700320481,0.3189270633937022,0.17368418879143563,0.2898784884732489,1557,1
1409705603683,0.22309131843492003,0.37625011175586615,0.25372307709910924,1634,1
1409701801047,0.19497806488975977,0.0,0.15598245191180782,1788,1
1409700321155,0.41207415358973337,0.4619820994399909,0.4220557427597849,1114,3
1409700320496,0.3413223583053039,0.32866858658977105,0.3387916039621973,1426,2
1409705601719,0.21924021533536917,0.19084685469106297,0.21356154320650794,1694,1
1409700321441,0.42692128421492614,0.14262191977107552,0.370061411326156,1318,2
1409700320284,0.435551497607004,0.3267872489456865,0.4137986478747406,1150,2
1412007530320,0.2725883674645887,0.1076190252396934,0.23959449901960966,1666,1
1409700931028,0.25182636330230795,0.05895641783108999,0.21325237420806437,1696,1
1412000011691,0.5645207906084749,0.22344574881615334,0.49630578225001065,566,4
1409705601032,0.539733367489255,0.23105242541357018,0.4779971790741181,759,3
1409700320833,0.4491142987925325,0.29047922788533354,0.41738728461109276,1136,2
1409700321189,0.4531297633661806,0.16877209969429663,0.3962582306318038,1208,2
1409700320829,0.4207292014904444,0.15438363020785756,0.36746008723392704,1329,2
1409700321831,0.39004187013183667,0.2469613488615087,0.3614257658777711,1351,2
1409700320053,0.5793802004260545,0.27752873919816345,0.5190099081804763,335,5
1409700321174,0.5354662148835835,0.42623626720835645,0.5136202253485381,394,4
1409700321850,0.16303750211518514,0.19104529990268562,0.16863906167268522,1761,1
1409700320180,0.6060873708657734,0.34440020303300556,0.5537499372992198,66,5
1412000012596,0.5747708873557733,0.12617109441229973,0.4850509287670786,684,4
1409700250994,0.42262408814353475,0.05132646485157749,0.3483645634851433,1386,2
1409708441687,0.5733825767904576,0.21020723026641472,0.500747507485649,521,4
1409700251460,0.33924264624413486,0.093705067334174,0.29013513046214273,1555,1
1409700340388,0.5963068837754565,0.22481392983123671,0.5220082929866126,310,5
1409700252609,0.35440574806966585,0.1880011288351887,0.32112482422277044,1482,2
1409700341367,0.15024005107502023,0.2108865697439356,0.16236935480880332,1773,1
1409700251418,0.08927175677027314,0.06827382076557345,0.08507216956933321,1865,1
1409700343221,0.30272889090014427,0.2778508554583106,0.29775328381177757,1538,1
1409700252543,0.395798627718834,0.10090445769606272,0.3368197937142798,1434,2
1412000015849,0.473344032819968,0.06575225627800312,0.39182567751157504,1229,2
1409708441704,0.5650853918698131,0.2098664848709254,0.4940416104700356,588,4
1409700253039,0.08366356549636161,0.3299341887914356,0.1329176901553764,1812,1
1409700251403,0.36059195382945036,0.042069671292772864,0.2968874973221149,1543,1
1409700340250,0.5396901655473403,0.2615581496249265,0.48406376236285753,692,4
1409700251210,0.25790812000951024,0.11461974960136329,0.22925044592788088,1676,1
1409700251422,0.089551059559052,0.25024993049960786,0.12169083374716318,1830,1
1409700342350,0.15173037913329512,0.1542580046560564,0.15223590423784739,1795,1
1409700251193,0.13064270098315892,0.12160085545831062,0.12883433187818927,1820,1
1409700341352,0.27889264137848757,0.29048548385315687,0.2812112098734214,1578,1
1409700252204,0.076321248616986,0.06637780626098097,0.074332560145785,1866,1
1409700251297,0.07041380894886458,0.0662482971538044,0.06958070658985255,1870,1
1409700250759,0.21136987642370306,0.2108865697439356,0.21127321508774957,1699,1
1409700250458,0.4839027493350807,0.053547852236143174,0.39783176991529323,1201,2
1409700252191,0.0663246028070537,0.08552530915547807,0.07016474407673857,1869,1
1409700250354,0.6148633875741935,0.2821995394021096,0.5483306179397768,95,5
1409700343645,0.06823273727625616,0.19104529990268562,0.09279524980154205,1858,1
1409700340547,0.2888088522554736,0.2066228360385885,0.2723716490120966,1599,1
1409700251390,0.33269453598051196,0.057024561327390005,0.2775605410498876,1584,1
1409700251225,0.13946405720732213,0.19972585545831062,0.15151641685751982,1798,1
1409700252295,0.3415360350257336,0.05008000017200942,0.2832448280549888,1572,1
1409700252558,0.26509353670751834,0.21622236940268563,0.25531930324655183,1629,1
1409700340373,0.5070309776757774,0.24215519902622631,0.45405582194586724,961,3
1409700342079,0.312246026029713,0.11574946624182532,0.2729467140721355,1597,1
1409700253024,0.341602235795796,0.5382675221251856,0.38093529306167395,1274,2
1409708443397,0.38375413096001165,0.4341008554583106,0.3938234758596715,1218,2
1409700201013,0.48844408018376567,0.051461356404091246,0.4010475354278308,1192,2
1409700051314,0.12312878510175641,0.12160085545831062,0.12282319917306726,1827,1
1409700411259,0.4648113573778062,0.2776220262758631,0.4273734911574176,1088,3
1409700053166,0.5774714820666839,0.3780474753413964,0.5375866807216264,158,5
1412007560335,0.2567881677034771,0.10257160799829226,0.22594485576244017,1681,1
1409700053518,0.43102310709800334,0.34126811495799503,0.41307210867000166,1153,2
1409700413274,0.2609040308186231,0.24660085545831062,0.25804339574656066,1622,1
1409700413310,0.155634465349989,0.1662437126014356,0.15775631480027832,1784,1
1409700051329,0.2727826028178746,0.3488735827308106,0.2880007988004618,1563,1
1409700411009,0.4845465889167039,0.31775968801834886,0.4511892087370329,973,3
1409700413325,0.16012769353829526,0.21775470161206062,0.17165309515304836,1756,1
1409700053170,0.16007254584367142,0.21622236940268563,0.17130251055547427,1758,1
1412000011901,0.5903135581922729,0.2074295308256699,0.5137367527189524,392,4
1409700053503,0.39062054198280405,0.32387117538536936,0.3772706686633171,1288,2
1409700050655,0.46361001328661067,0.4093360624541982,0.45275522312012817,967,3
1409700412149,0.2682114703809349,0.38475875019518563,0.29152092634378507,1554,1
1409700413306,0.1453854684782308,0.12160085545831062,0.14062854587424678,1805,1
1409700053151,0.2954035285291682,0.310655736482825,0.29845397011989955,1536,1
1409700053147,0.356470915451299,0.3799216825661369,0.3611610688742666,1353,2
1412002434713,0.5332826856654309,0.24898974978029337,0.47642409848840345,780,3
1409700050335,0.5367928719817324,0.29481466447657495,0.488397230480701,659,4
1409700052581,0.25420178346517847,0.2604897443470606,0.2554593756415549,1628,1
1409700413293,0.0982703989222932,0.21622236940268563,0.12186079301837169,1829,1
1409700413344,0.14197790461440093,0.21622236940268563,0.1568267975720579,1785,1
1409700050640,0.18478494511047353,0.21622236940268563,0.19107242996891594,1733,1
1409700053768,0.24059881316846563,0.3077402769357076,0.254027105921914,1632,1
1409700053575,0.2570239684322184,0.34764893982689304,0.27514896271115336,1589,1
1409700413289,0.1539880851111472,0.19104529990268562,0.1613995280694549,1776,1
1409700012346,0.35692371808338247,0.49348708121813656,0.38423639071033333,1265,2
1409700353772,0.45853271611943075,0.4624660624240953,0.4593193853803637,924,3
1409700353823,0.2653414706911664,0.3505791445140961,0.2823890054557524,1574,1
1409700342505,0.3429855648703607,0.2778508554583106,0.3299586229879507,1460,2
1409700353556,0.366490887249916,0.34967017816923934,0.3631267454337807,1346,2
1409700250299,0.5280504276917071,0.31184215758677936,0.48480877367072156,686,4
1409700250782,0.2667569999024086,0.2291664759891093,0.25923889511974874,1618,1
1412002066461,0.13257830932779507,0.21622236940268563,0.14930712134277319,1802,1
1409708312990,0.2239419297237106,0.07252028614044202,0.1936576010070569,1727,1
1409700251988,0.26271541004264415,0.33766868353264884,0.27770606474064513,1583,1
1409700092810,0.5358695787683553,0.1969797918139251,0.4680916213774693,847,3
1409708311634,0.38178062712992394,0.10434121795500131,0.32629274529493946,1471,2
1409708223698,0.3966823107412459,0.4151225621156426,0.4003703610161253,1195,2
1409708223471,0.5285067780080382,0.38968583193983974,0.5007425887943986,522,4
1412002316480,0.17068963672858395,0.2778508554583106,0.1921218804745293,1729,1
1409708221598,0.5563089786250242,0.26459882653475875,0.49796694820697107,549,4
1409705603467,0.3746989751294758,0.28631804775820124,0.35702278965522094,1362,2
1409700411263,0.5323128331339289,0.256116588616897,0.4770735842305225,773,3
1409700253560,0.0758561988394323,0.05563127324213987,0.07181121371997382,1868,1
1409700353734,0.3793401375057913,0.2343148835841276,0.35033508672145863,1382,2
1409708221901,0.5349706419343537,0.3051100030505098,0.488998514157585,650,4
1409708223715,0.37909494843932906,0.5157386937931223,0.4064236975100878,1175,2
1409708333607,0.5185356009564621,0.2220312831162749,0.4592347373884247,926,3
1409708531672,0.43686737338186266,0.17521614498088284,0.3845371277016667,1264,2
1409708623414,0.5377749038432517,0.25264893978893527,0.4807497110323884,727,4
1409700250797,0.43389658550197807,0.06470478572655039,0.36005822554689254,1358,2
1409700252223,0.31864286112252277,0.043231994440312005,0.2635606877860806,1613,1
1409700321846,0.283968522740617,0.2658316246889356,0.28034114313028075,1579,1
1409700320265,0.5150655388980333,0.3497136525353794,0.48199516162550254,714,4
1409701152596,0.43929240798999086,0.42092479556008067,0.43561888550400885,1052,3
1409701151992,0.5689650553168081,0.30369717831925325,0.5159114799172971,367,5
1409704240570,0.5025448723835996,0.11231661831410893,0.42449922156970143,1100,3
1409704241761,0.5155810556765895,0.047510762726400896,0.42196699708655183,1115,3
1409701150890,0.5830421358240044,0.30946203015688567,0.5283261146905807,244,5
1409701150871,0.4471050850514385,0.3363156769899911,0.42494720343914905,1099,3
1409708223749,0.5478184703626169,0.3754730121485544,0.5133493787198045,397,4
1409708221899,0.5532881062956473,0.3093979060087044,0.5045100662382588,491,4
1409708432670,0.35409277095252545,0.2830187649263388,0.3398779697472881,1420,2
1409700340848,0.35563822995976974,0.4479873693424882,0.37410805783631346,1302,2
1409700350138,0.5568871991325758,0.21134219252321712,0.4877781978107041,666,4
1409700352435,0.43623636521152903,0.29711851311646986,0.40841279479251724,1167,2
1412007560424,0.3698907378706654,0.20264274947708957,0.33644114019195026,1437,2
1409700432613,0.42970711697768493,0.2848490604667826,0.40073550567550453,1194,2
1409700343236,0.28803489962234646,0.21622236940268563,0.27367239357841433,1595,1
1412000014465,0.6073379175632615,0.11933175095499943,0.5097366842416091,435,4
1409700350231,0.5178291124177623,0.27555238638871965,0.4693737672119538,837,3
1409701150886,0.5512460568060124,0.280673557561314,0.4971315569570727,557,4
1412007570439,0.27940133016933344,0.17769041145956666,0.2590591464273801,1620,1
1409700432628,0.4723625401377441,0.3353524142916996,0.4449605149685352,1007,3
1409708432967,0.18705662894153413,0.21410872059404515,0.19246704727203634,1728,1
1409700252420,0.23883404032362324,0.06997003370264032,0.20506123899942666,1709,1
1409700253819,0.3777598684813327,0.06735417511207029,0.31567872980748024,1497,2
1409700250778,0.2283153794652539,0.4568830724346869,0.27402891805914054,1594,1
1412000011193,0.5419906894527238,0.12596808062064932,0.45878616768630887,930,3
1409700250763,0.41601003601515857,0.05904242699301701,0.3446165142107303,1403,2
1409700253791,0.1127644980336285,0.03393659529091535,0.09699891748508586,1854,1
1409700252399,0.4754037989634736,0.33031989766577985,0.4463870187039349,995,3
1409700250369,0.5852657072658741,0.23698103058842726,0.5156087719303848,373,5
1412007570462,0.475968959029981,0.2030438810217454,0.42138394342833385,1118,3
1412000015497,0.5435053353579856,0.0990902586141561,0.45462232000921976,958,3
1409700250462,0.515625926360426,0.18391828796465953,0.44928439868127273,982,3
1409700250814,0.38962250083111505,0.18214693958540354,0.3481273885819728,1388,2
1412007580759,0.3698140181864442,0.2234138564441785,0.34053398583799105,1416,2
1409700253005,0.3981995401026792,0.08678607504965796,0.335916847092075,1439,2
1412000012492,0.47713183911400325,0.06538135442332409,0.3947817421758675,1213,2
1409701800301,0.1557657334256377,0.04300670114280228,0.13321392696907064,1811,1
1409700250477,0.49603839430483765,0.11655305347915976,0.4201413261397021,1123,3
1409700251206,0.35984724445681765,0.2560167882574407,0.33908115321694227,1422,2
1409700251456,0.426191570151358,0.24270093416297453,0.3894934429536813,1240,2
1409700252562,0.11167206685054797,0.10460469218751199,0.11025859191794077,1845,1
1409700253787,0.20282345065571944,0.06881548946280666,0.17602185841713688,1752,1
1409700463861,0.46847546174009647,0.4143868691286262,0.45765774321780245,934,3
1409700463876,0.5428448576872864,0.38657477576625887,0.511590841303081,416,4
1409704393880,0.3497222780718439,0.3642271146246233,0.3526232453823998,1377,2
1409704393895,0.3331692090196849,0.3627763825629133,0.3390906437283306,1421,2
1409706133927,0.4193623010473189,0.3776833022618771,0.41102650129023055,1157,2
1409706133931,0.44051308696892577,0.3801224064980391,0.4284349508747485,1083,3
1409706133946,0.4134587398791185,0.3801559703382942,0.4067981859709537,1172,2
1409706663950,0.38842461953155744,0.37071686368627776,0.3848830683625015,1260,2
1409700213838,0.4182065462533848,0.10662983459147035,0.355891203921002,1366,2
1409700213842,0.45423376123291925,0.14342572606669246,0.3920721541996739,1227,2
1412007580797,0.3442942645356913,0.22554842228200447,0.32054509608495396,1485,2
1409700213857,0.44039615119681186,0.10353556923329055,0.3730240348041076,1308,2
1409708274130,0.3236178528141775,0.07221746302444317,0.2733377748562306,1596,1
1409708524183,0.5362904998716898,0.44626050663106176,0.5182845012235642,341,5
1409708524164,0.3228906088898029,0.21171662033180394,0.30065581117820317,1532,1
1409708524179,0.44495884211971976,0.3279003284923949,0.4215471393942548,1117,3
1409708634111,0.5115859235643943,0.36806902382688655,0.48288254361689276,707,4
1409708634126,0.4116771206742924,0.2710237547874432,0.3835464474969226,1266,2
1412007580829,0.33484353709501447,0.2567217640829643,0.31921918249260445,1487,2
1409708634145,0.3825285602689492,0.1596258035064595,0.3379480089164513,1427,2
1409708843965,0.3775471620464744,0.3461314557629052,0.3712640207897606,1313,2
1409708443611,0.22955755490300792,0.21622236940268563,0.22689051780294348,1679,1
1409708441691,0.46015381604694294,0.19732410715776402,0.40758787426910714,1170,2
1409708440744,0.07564224262426421,0.17358929061510775,0.09523165222243292,1855,1
1409708443804,0.19138126162359323,0.09506712631057554,0.1721184345609897,1755,1
1409709033912,0.27364972284074046,0.08594162845632886,0.23610810396385815,1670,1
1409709033908,0.23027436089242806,0.07479083638463753,0.19917765599086995,1713,1
1409708714056,0.47122276557342174,0.31682198978425546,0.44034261041558853,1033,3
1409708714060,0.4053717020847191,0.32110871648614503,0.38851910496500436,1246,2
1409708823984,0.3278927069534605,0.25885700576897086,0.3140855667165626,1499,2
1409708743999,0.5415998372185292,0.2701399445926462,0.48730785869335264,667,4
1409708234003,0.37937120545313535,0.35942062980309053,0.3753810903231264,1294,2
1409708374200,0.23626650721132333,0.1571618304485076,0.22044557185876018,1689,1
1409708234041,0.54592366971486,0.2663502416504489,0.4900089841019778,634,4
1409708744018,0.4545215340120242,0.3628332094977422,0.43618386910916784,1048,3
1409708374198,0.32304038434964627,0.1927340173646325,0.2969791109526435,1542,1
1409708824215,0.4515356035987154,0.3218363012533515,0.42559574312964266,1096,3
1409708744022,0.4447035271836621,0.2733788245878832,0.41043858666450633,1160,2
1409708744037,0.4787246565342792,0.40095715126021025,0.46317115547946547,886,3
1409708614075,0.42360509750077574,0.19660366062189566,0.37820481012499974,1286,2
1409800012292,0.4916048197838199,0.14983921406791145,0.4232516986406382,1108,3
1412007580833,0.36199652045910474,0.277132895955372,0.3450237955583582,1402,2
1409800011171,0.5966465671454848,0.39067646804066225,0.5554525473245203,59,5
1409800012413,0.6191898786277731,0.13440084769853877,0.5222320724419263,307,5
1409800143248,0.32842639369437676,0.19513026722331062,0.30176716840016354,1528,1
1409800011966,0.5929266384083719,0.3676762010499714,0.5478765509366919,98,5
1412000015800,0.5767493180817649,0.16714108839007308,0.49482767214342654,578,4
1409800011152,0.629042869814586,0.27052980024133977,0.5573402558999367,50,5
1409800012659,0.5687116385548228,0.30438622198188414,0.515846555240235,369,5
1409800011364,0.6294108169594892,0.3177782479745058,0.5670843031624925,22,5
1409800011792,0.33228893165650564,0.3299341887914356,0.33181798308349164,1453,2
1409800010671,0.5390890382663155,0.23445616932072416,0.47816246447719724,756,3
1412007580496,0.3524510667969689,0.38844190049391725,0.3596492335363586,1360,2
1409800010794,0.5737633617426675,0.3443482180274921,0.5278803329996324,249,5
1409800011720,0.3667805378900561,0.19054276982653218,0.33153298427735134,1454,2
1409800010385,0.5677485226502931,0.2640133012987089,0.5070014783799763,463,4
1409800011256,0.5741851359459743,0.26540842125598596,0.5124297930079766,407,4
1409800012841,0.40702193004660725,0.14409270664184126,0.3544360853656541,1369,2
1409800141129,0.5239866825299042,0.17062794522968844,0.4533149350698611,964,3
1409800142945,0.5036446062818005,0.07903264998757037,0.41872221502295454,1127,3
1409800012254,0.5564018740135568,0.32108852975855173,0.5093392051625558,438,4
1409800012752,0.5291211201659567,0.11838859522051216,0.4469746151768678,992,3
1409800011294,0.5929680585327535,0.27218757793262294,0.5288119624127273,236,5
1409800012979,0.38985002720444767,0.3194754284832607,0.3757751074602103,1293,2
1409800143159,0.44048785552015207,0.28104531384738773,0.40859934718559926,1165,2
1412007580509,0.5159734766613253,0.3710301517397735,0.48698481167701496,668,4
1409800012216,0.5818832946539149,0.4247794335713361,0.5504625224373991,85,5
1409800010281,0.5896639041219232,0.22399087929490638,0.5165292991565198,358,5
1409800143178,0.4151811275621131,0.19380615882345809,0.3709061338143821,1315,2
1409800012606,0.6004389592038637,0.12846422865633705,0.5060440130943584,469,4
1409800012589,0.5300854530704298,0.10648721059554386,0.4453658045754526,1005,3
1412007580551,0.4597228573371364,0.3197940894616659,0.43173710376204233,1065,3
1409800010718,0.5452346089478809,0.2664761320046062,0.489482913559226,644,4
1409800011519,0.5818757135168108,0.1366879985476469,0.492838170522978,599,4
1409800011824,0.3829280299969964,0.43986582517897954,0.39431558903339303,1216,2
1409800012428,0.6095786565132059,0.12849134236849505,0.5133611936842637,396,4
1409800010775,0.48622861346185164,0.2695455448972035,0.442891999748922,1019,3
1409800012926,0.15245047924630167,0.07272057546531996,0.13650449849010535,1809,1
1412007580566,0.37983563981313695,0.300493611813739,0.3639672342132574,1344,2
1409800011434,0.5664416199441813,0.265016134312144,0.5061565228177738,468,4
1409800011449,0.5798276911807616,0.2452896785343963,0.5129200886514885,400,4
1409800011260,0.5973121926483158,0.24003624648547497,0.5258570034157477,273,5
1409800012235,0.5368157104662251,0.3039221730902647,0.49023700299103307,632,4
1409800013337,0.4326714482090879,0.5437497706513907,0.4548871126975485,953,3
1412000014268,0.610566280441346,0.316058755285753,0.5516647754102274,79,5
1412007580693,0.5870136940385497,0.2683198453550777,0.5232749243018554,298,5
1409800012201,0.511656399738037,0.42628897605361166,0.494582915001152,581,4
1409800012714,0.40173997559385627,0.12108590133522833,0.3456091607421307,1398,2
1409800013360,0.3222081373117766,0.21622236940268563,0.30101098372995844,1530,1
1409800142023,0.5890921000128009,0.1582534871937952,0.5029243774489998,502,4
1409800010262,0.5333113007864699,0.43676616424791437,0.5140022734787588,391,4
1409800011059,0.5781470112501425,0.26890479183857485,0.516298567367829,364,5
1409800011186,0.47307721946478004,0.3856052347346052,0.45558282251874505,949,3
1409800012451,0.5841710100447192,0.14441358386573483,0.49621952480892234,567,4
1409800012771,0.5350719762036237,0.12310248013361309,0.4526780769896216,969,3
1409800012610,0.5189120255935353,0.14598158025633906,0.4443259365260961,1014,3
1409800010084,0.599782311236546,0.3022323099567596,0.5402723109805888,147,5
1409800013089,0.17424366978914804,0.24660085545831062,0.18871510692298055,1738,1
1412000016796,0.2402047071170116,0.028517144313650065,0.1978671945563393,1716,1
1409800011222,0.5686506149293129,0.27021964570875373,0.5089644210852011,440,4
1409800013271,0.3782307027818923,0.11703418658941453,0.3259913995433968,1473,2
1409800010116,0.5092994506694241,0.23747375145697508,0.45493431082693425,952,3
1409800013093,0.1879998620282751,0.2860745396689356,0.2076147975564072,1703,1
1409800012447,0.5205802921254286,0.1275498178892453,0.4419741972781919,1027,3
1409800013267,0.404206926440163,0.08908344413694111,0.34118222997951864,1415,2
1409800011063,0.6455577310861639,0.3403769968647655,0.5845215842418843,5,5
1409800143233,0.09915139710138296,0.12160085545831062,0.1036412887727685,1851,1
1409800012165,0.6206717779885011,0.19095037384235647,0.5347274971592723,186,5
1409800013144,0.3298597458410854,0.21622236940268563,0.3071322705534055,1515,1
1409800012540,0.4029932663232454,0.38201752212518564,0.3987981174836335,1199,2
1409800011843,0.5743669218922985,0.2940403643654485,0.5183016103869286,340,5
1409800011805,0.43034031406789736,0.39297062373877945,0.42286637600207383,1110,3
1409800011735,0.46461196047646985,0.32020019719008674,0.43572960781919323,1051,3
1409800011218,0.5724811528157705,0.2603296600902175,0.51005085427066,433,4
1409800012502,0.36462245334120813,0.27236446173806317,0.34617085502057915,1394,2
1409800011684,0.49509607197932487,0.11041539670157063,0.418159936923774,1131,2
1409800011538,0.6064006894494416,0.3221794379185505,0.5495564391432635,88,5
1409800011773,0.4667071859173829,0.3626679729200999,0.44589934331792636,1000,3
1409800010347,0.6088401453662833,0.11510674597248545,0.5100934654875238,429,4
1409800012822,0.49876920164884936,0.20867802866359414,0.44075096705179834,1032,3
1412000016847,0.37821438990317235,0.2869673474130088,0.35996498140513966,1359,2
1409800011595,0.5127433343258686,0.2510271883773587,0.46040010513616664,910,3
1409800010597,0.6003420946631864,0.36399032572708345,0.5530717408759659,68,5
1409800012485,0.571098197634024,0.13115776812122554,0.48311011173146434,702,4
1409800011383,0.5759321570003265,0.3458665934742604,0.5299190442951133,223,5
1409800011468,0.5288356102961339,0.3262817258219581,0.48832483340129873,660,4
1409800011646,0.5715021889707302,0.2732332076027225,0.5118483926971288,411,4
1409800010972,0.5402538263874701,0.3601342608257663,0.5042299132751293,495,4
1409800012470,0.5505407847788097,0.14301030777016518,0.46903468937708087,840,3
1409800012894,0.3976923802684705,0.04532103166417547,0.3272181105476115,1468,2
1409800011491,0.593689759019087,0.26863976870461803,0.5286797609561933,238,5
1409800011665,0.402815751620164,0.07185469284239697,0.3366235398646106,1436,2
1409800013182,0.4372372190669401,0.20638522644067547,0.3910668205416872,1231,2
1409800011237,0.5301230300123155,0.2880696188181032,0.48171234777347305,721,4
1409800013318,0.2929712373368879,0.6742833585509975,0.3692336615797098,1321,2
1409800013322,0.49052268551495803,0.4547862670014283,0.4833754018122521,699,4
1409800013197,0.4450185800513988,0.6934523809525,0.49470534023161905,579,4
1409800012663,0.339652259526362,0.1135230319057988,0.29442641400224934,1549,1
1409800010050,0.630353173399382,0.16146238366063953,0.5365750154516336,166,5
1409800012964,0.2506021649742185,0.032679035953011415,0.2070175391699771,1704,1
1409800011082,0.5401052553381862,0.29365987600783655,0.4908161794721163,622,4
1409800011858,0.11858802422804954,0.17368418879143563,0.12960725714072677,1818,1
1409800010506,0.5813873399455677,0.19443041475060935,0.503995954906576,497,4
1409800010031,0.6477745358683112,0.17829140425682694,0.5538779095460143,65,5
1409800010991,0.5470322558343667,0.336838305244354,0.5049934657163642,485,4
1409800013036,0.4371262655419233,0.7267357890832156,0.4950481702501818,577,4
1409801282875,0.5079758105602263,0.12293433482449413,0.4309675154130799,1067,3
1412000015105,0.5808462499204068,0.10529587671550215,0.48573617527942586,680,4
1409800011951,0.5618935916849311,0.34081165773420996,0.517677204894787,346,5
1409800011913,0.5012691373778243,0.28700681366847236,0.458416672635954,932,3
1409800011862,0.3624402895275935,0.4233640503357642,0.3746250416892276,1298,2
1409800011608,0.5526402317183852,0.25688443464474814,0.4934890723036578,592,4
1409800013110,0.3210823113838257,0.21622236940268563,0.3001103229875977,1533,1
1412000012295,0.5402342512735175,0.3404114374356304,0.5002696885059401,527,4
1409800012767,0.5164921126614033,0.20063464329511027,0.4533206187881447,963,3
1409800012536,0.37532943603370905,0.08388000582318328,0.31703954999160394,1491,2
1409800140027,0.5990974762968809,0.23393909052499523,0.5260657991425037,270,5
1409800011631,0.5509931252593284,0.24976954719128716,0.4907484096457202,624,4
1412000012454,0.5804554109865268,0.28215168940644375,0.5207946666705101,322,5
1409800012432,0.5727757438520271,0.18067396022528345,0.4943553871266784,584,4
1409800012818,0.549387521233151,0.19016609238496374,0.4775432354635136,766,3
1409800012150,0.5653478274060247,0.18720132307391352,0.4897185265396025,641,4
1409800013002,0.34819769000088974,0.16021015893227575,0.310600183787167,1507,1
1409800013125,0.2802397564206991,0.532988182585031,0.3307894416535655,1457,2
1409800010370,0.5632682903979888,0.23337308517627497,0.49728924935364605,556,4
1409800011542,0.6134000404262354,0.17220409312461843,0.525160850965912,280,5
1409800011330,0.6077832346321428,0.15780327122883483,0.5177872419514812,345,5
1409800011788,0.32425393676498065,0.523767292087186,0.3641566078294218,1341,2
1409800010525,0.628164805317864,0.3147874267205096,0.5654893295983932,26,5
1412000011935,0.5740592322419863,0.1548321494761938,0.4902138156888278,633,4
1409800011909,0.5097174350175108,0.2761735998828472,0.46300866799057805,891,3
1409800011576,0.5810479470774037,0.2858542590311011,0.5220092094681432,309,5
1409800011398,0.5133523760801941,0.2619111495208992,0.4630641307683352,888,3
1409800012076,0.29150120137148106,0.4341008554583106,0.320021132188847,1486,2
1409800011241,0.5821373288620361,0.3751304775773005,0.5407359586050889,144,5
1409800012786,0.548949372793644,0.2065149046445568,0.48046247916382656,732,4
1409800010474,0.577555492623976,0.14133967134094272,0.4903123283673693,630,4
1412000016048,0.2154430104234161,0.06313544782651723,0.18498149790403634,1743,1
1409800011769,0.5559051028511928,0.3033998047008142,0.5054040432211171,478,4
1409800012112,0.5108563385804822,0.08947051342934587,0.42657917355025493,1093,3
1409800011504,0.593982508613544,0.1955872568728305,0.5143034582654012,388,4
1409800013375,0.17088070494980465,0.12516070767594184,0.1617367054950321,1774,1
1409800013290,0.46422700663392824,0.528868054082774,0.4771552161236974,772,3
1409800012108,0.4722641028691262,0.3974737714156916,0.4573060365784393,936,3
1409800010690,0.5396521855555048,0.2444025106552931,0.4806022505754624,730,4
1409800011203,0.5700261135209955,0.33079925179273706,0.5221807411753439,308,5
1412007580744,0.5788734047540549,0.3317131232463976,0.5294413484525234,228,5
1409800011097,0.6070395978217934,0.1448026328765465,0.514592204832744,383,4
1409800010296,0.5651433692266432,0.46022663909755024,0.5441600232008247,124,5
1409800143021,0.14477650664892916,0.16967777853518562,0.14975676102618046,1800,1
1409800012837,0.48356960211170674,0.18600174999920976,0.42405603168920736,1104,3
1412007630852,0.46617639809819045,0.11779890806141671,0.3965009000908357,1205,2
1409800012004,0.508407889192263,0.45200770605980867,0.4971278525657722,558,4
1409800010807,0.6173902180604158,0.28476557082165677,0.550865288612664,83,5
1409800011190,0.5454975712653516,0.34178169823796967,0.5047543966598752,488,4
1409800012521,0.2603411742677923,0.4341008554583106,0.295093110505896,1546,1
1409800013356,0.12303782204012054,0.5382675221251856,0.20608376205713358,1707,1
1409800010101,0.639591786628362,0.2064787200309821,0.5529691733088861,69,5
1409800012273,0.5750811211778787,0.2983881195419576,0.5197425208506945,329,5
1409800010987,0.5917476578770987,0.3358702885097299,0.540572184003625,146,5
1409800011985,0.3301679096371744,0.4341008554583106,0.35095449880140167,1379,2
1412000014588,0.5173312381573908,0.29621399280674704,0.47310778908726203,811,3
1409800010879,0.3677695794021731,0.21622236940268563,0.33746013740227565,1431,2
1409800011970,0.5581771033452736,0.3669428395279367,0.5199302505818062,328,5
1409800012644,0.538456913474527,0.24535575723160072,0.4798366822259417,739,4
1409800010046,0.5907924293286072,0.27136943529496754,0.5269078305218793,262,5
1409800142038,0.2802072515470531,0.22159703764709682,0.2684852087670619,1605,1
1412007630867,0.34488701220668383,0.06656366155258095,0.2892223420758633,1559,1
1409800013214,0.5052968902654208,0.13325847395137178,0.430889207002611,1068,3
1409800012199,0.603862973436065,0.3072964666066923,0.5445496720701904,120,5
1409800011839,0.5393920631638456,0.33100257000710165,0.49771416453249684,553,4
1409800011167,0.5353786472740579,0.204670488396951,0.46923701549863656,838,3
1409800013252,0.3157136964521116,0.22327768013074134,0.29722649318783756,1540,1
1409800013286,0.28546719341909754,0.04547039428505933,0.2374678335922899,1668,1
1409800011650,0.23249096783584167,0.16271432715569203,0.21853563969981174,1691,1
1412007580848,0.377890476451557,0.28375051255644923,0.35906248367253546,1361,2
1409800012930,0.38439733107500734,0.40978670837786274,0.38947520653557843,1241,2
1409800012998,0.24787178062067314,0.07289483776379069,0.21287639204929668,1697,1
1412000014287,0.5693333702142631,0.2637674243863296,0.5082201810486764,452,4
1409800013040,0.436964131088148,0.5672111749731674,0.4630135398651519,890,3
1412000014520,0.5396551014787142,0.38414256189791995,0.5085525935625554,445,4
1409800013394,0.36412958964325254,0.575522728154355,0.40640821734547306,1176,2
1409800012269,0.5132433000511877,0.35172472266592086,0.4809395845741343,725,4
1409800013341,0.3869361853795551,0.6168827245926356,0.4329254932221712,1062,3
1409800012061,0.3942980001179394,0.3351321615447854,0.38246483240330864,1269,2
1412000016620,0.5283079346509655,0.18289088748701593,0.4592245252181756,927,3
1409800010968,0.5352434456058507,0.38732025892287386,0.5056588082692554,475,4
1409800012466,0.45132526256621885,0.08633020906448326,0.37832625186587177,1285,2
1409800013303,0.3830894997371184,0.36088676490148436,0.3786489527699916,1282,2
1409800011453,0.5587659936062054,0.27360853662200424,0.5017345022093651,516,4
1409800010953,0.5281546823933165,0.21525251865402137,0.4655742496454575,866,3
1409800012517,0.2156055803828745,0.08487847753199494,0.1894601598126986,1736,1
1409800013106,0.14764013389875744,0.24660085545831062,0.16743227821066808,1764,1
1409800143229,0.172730063110056,0.34032503775725365,0.20624905803949553,1705,1
1409800142019,0.4403440754264018,0.2475902856096008,0.4017933174630416,1188,2
1409800142127,0.4445247955176576,0.17372958318611353,0.3903657530513488,1233,2
1409800143017,0.41179804299847966,0.08097234775483983,0.3456329039497517,1397,2
1409800141114,0.6094179897547553,0.2470456607078094,0.536943523945366,164,5
1409800143407,0.46327117773444576,0.020104186386204814,0.3746377794647976,1297,2
1409800013411,0.151404928354676,0.07576099654828164,0.13627614199339713,1810,1
1409800013074,0.34615430062394126,0.11475917290882902,0.2998752750809188,1535,1
1409800011699,0.355003179357097,0.16351277934193406,0.31670509935406443,1492,2
1412000012327,0.5577366810147086,0.2973485109131756,0.505659046994402,474,4
1412002313823,0.5336033927760256,0.25999287734476273,0.47888128968977306,747,4
1409800010351,0.5504387637462995,0.10501865046114596,0.4613547410892689,898,3
1409800012803,0.38585486475133784,0.07472742731914592,0.3236293772648995,1477,2
1412000014963,0.3860920141057651,0.4087399391841515,0.3906215991214424,1232,2
1409800011078,0.5284639862430065,0.3481893210840473,0.4924090532112147,604,4
1409800012131,0.5575605973628702,0.15067374374182102,0.4761832266386604,785,3
1409800012860,0.5584281720482331,0.12770688323642068,0.47228391428587063,822,3
1409800012729,0.3537957400469243,0.11971510144724634,0.3069796123269887,1516,1
1409800012733,0.5469872360276595,0.11607181164914715,0.46080415115195705,905,3
1412000013310,0.5861482669778346,0.19708978857689297,0.5083365712976463,449,4
1409800011044,0.5811826837050632,0.29363956684525977,0.5236740603331025,293,5
1412002316476,0.24938086745865976,0.2555294268870606,0.25061057934433995,1645,1
1412400010457,0.19208158184304214,0.1563230776808106,0.18492988101059582,1744,1
1409800011345,0.5170259437238579,0.14446603514000483,0.4425139620070873,1022,3
1409800010120,0.6277330229998519,0.1925820910754324,0.540702836614968,145,5
1409800012625,0.5510642779060391,0.26108054458966734,0.49306753124276476,597,4
1409800011379,0.5476574664469241,0.22442154018550722,0.48301028119464073,704,4
1412400010283,0.27356632532070513,0.28460392875113416,0.27577384600679095,1588,1
1409800012095,0.4105670150415116,0.21622236940268563,0.3716980859137465,1311,2
1409800011716,0.44339758771480114,0.10804653778002558,0.376327377727846,1291,2
1409800013055,0.49188593476412423,0.4715933645495902,0.48782742072121743,665,4
1412000013503,0.5738696946943039,0.24532125765907853,0.5081600072872589,455,4
1409800013163,0.521334863693738,0.2794547667861719,0.47295884431222485,815,3
1412002313838,0.5479693276054317,0.128894685248178,0.464154399133981,877,3
1409800012911,0.3235620296132568,0.05423383613828137,0.2696963909182617,1603,1
1409800012042,0.37829755881359894,0.3266366339004906,0.36796537383097727,1328,2
1409800012555,0.5648527032630692,0.11756330615308828,0.4753948238410731,794,3
1409800011928,0.5062596795870457,0.2540338456067889,0.45581451279099433,946,3
1409800012377,0.5721137019085488,0.09660173662935337,0.47701130885270976,776,3
1409800012362,0.5866565326976821,0.15243420119990944,0.49981206639812764,528,4
1409800012358,0.5816571569619537,0.16440839412683916,0.4982074043949309,544,4
1409800012381,0.5141684187251243,0.16014386193158783,0.44336350736641705,1018,3
1412002315618,0.474850723241461,0.13048423087443348,0.40597742476805554,1177,2
1409800012790,0.5248320075783116,0.07124778124623368,0.43411516231189606,1056,3
1409800012220,0.4526664870919187,0.26533821294118953,0.4152008322617729,1145,2
1409800012697,0.5512068014377454,0.10634112237451394,0.4622336656250991,893,3
1409800012748,0.42489398044023735,0.2123412199741231,0.38238342834701455,1271,2
1409800012856,0.585746947247886,0.16768190824727097,0.502133939447763,511,4
1409800012907,0.2319885898765664,0.2778508554583106,0.24116104299291524,1663,1
1412002316211,0.2729424055634433,0.4244363084151941,0.30324118613379347,1527,1
1409800012983,0.3173850972876891,0.10453467384723314,0.2748150125995979,1592,1
1409800012343,0.5845356386334968,0.1788796805849648,0.5034044470237904,501,4
1412000011687,0.5890010368852082,0.24257313737414044,0.5197154569829947,330,5
1409800012574,0.5142321219550567,0.07283866868278531,0.4259534313006025,1095,3
1410100092228,0.25599769991288174,0.10739996383520978,0.22627815269734736,1680,1
1412400010175,0.4802010627200897,0.24383771852841665,0.43292839388175514,1061,3
1410100312317,0.5075982222863945,0.2985000988068591,0.46577859759048745,864,3
1410100011821,0.20359767887096333,0.0546361296730464,0.17380536903137997,1754,1
1410100010734,0.5762263054700671,0.2584456427068971,0.5126701729174332,404,4
1410100010965,0.5444670960916945,0.3015888072125232,0.49589143831586024,570,4
1410100011361,0.5975113001682215,0.1860815555068164,0.5152253512359405,378,4
1412000016531,0.5693308454473188,0.258462841254796,0.5071572446088143,462,4
1412002316692,0.5248317213950175,0.24816630782857008,0.4694986386817281,836,3
1410100011056,0.590741610765903,0.2144412505270574,0.515481538718134,376,5
1410100010984,0.6144660906395225,0.31322897912917125,0.5542186683374523,63,5
1410100312321,0.3793214566148968,0.3161057380038974,0.3666783128926969,1331,2
1410100012548,0.1303914237159645,0.2778508554583106,0.15988331006443374,1778,1
1410100010556,0.4769383010101595,0.39041338016013055,0.45963331684015374,920,3
1410100011728,0.3829989772185382,0.6044293746564059,0.4272850567061118,1090,3
1412002313999,0.4466257914042901,0.25246460163095946,0.407793553449624,1168,2
1410100010518,0.45528876501236,0.33179716727704833,0.4305904454652977,1070,3
1410100010378,0.6014082798392595,0.28621525815018256,0.5383696755014441,153,5
1410100011408,0.4472418697300563,0.13844619259267898,0.38548273430258084,1258,2
1410100011075,0.5760694818290634,0.1899797766522212,0.498851540793695,537,4
1410100010749,0.5619850384865007,0.3185714928239831,0.5133023293539972,398,4
1410100010541,0.5456545832586478,0.26161563038351676,0.48884679268362163,652,4
1410100011997,0.5880605381691498,0.1891875871247566,0.5082859479602712,451,4
1412000014338,0.505146532183377,0.336339107484875,0.47138504724367664,826,3
1410100010151,0.5248829942365119,0.3095347631456441,0.4818133480183383,719,4
1410100011338,0.546991553938117,0.17640543072654077,0.4728743292958018,816,3
1410100010486,0.6188018380286532,0.2811647498420928,0.5512744203913411,82,5
1410100012251,0.4109432903329423,0.5400987348075901,0.4367743792278719,1047,3
1410100012482,0.19307723104205096,0.18410085545831062,0.19128195592530292,1731,1
1410100010537,0.5161401452607188,0.2744479276460634,0.4678017017377878,849,3
1410100010522,0.3454206602614047,0.4012229568512148,0.3565811195793668,1364,2
1410100010503,0.5070566060006145,0.24984471048378604,0.4556142268972489,948,3
1410100010842,0.44850394991977627,0.15647461265196885,0.3900980824662148,1235,2
1410100091681,0.5058372988413236,0.32987626070123033,0.47064509121330494,830,3
1412002317239,0.21549724881689764,0.30542438487018564,0.23348267602755526,1673,1
1410100012054,0.5787695891097592,0.15245443876377607,0.49350655904056256,591,4
1410100011573,0.5675121183655835,0.3233179872305475,0.5186732921385763,338,5
1410100091944,0.4574628824263494,0.25847690346953356,0.41766568663498627,1134,2
1410100012069,0.4237945683406454,0.3266524257616917,0.4043661398248547,1182,2
1410100011107,0.46802866488360356,0.13446142066224845,0.40131521603933257,1191,2
1410100010861,0.5548157658733446,0.21207776152422872,0.48626816500352144,674,4
1412400010349,0.10517977872805694,0.18410085545831062,0.12096399407410768,1832,1
1410100011323,0.359977421968116,0.1634732725841615,0.3206765920913251,1484,2
1410100011569,0.5330662623842803,0.39408459521463945,0.5052699289503522,480,4
1410100272355,0.5360096324438037,0.3799814642322865,0.5048039988015003,487,4
1412000011899,0.46827385869036003,0.19406407897818406,0.4134319027479249,1152,2
1410100092410,0.3612805097907258,0.21701020714850489,0.33242644926228165,1450,2
1410100010791,0.56440126593755,0.27221893373289807,0.5059647994966197,471,4
1410100092143,0.5115248610214916,0.1392339516218778,0.4370666791415689,1044,3
1410100010448,0.5563578609662436,0.3866450334150656,0.5224152954560081,305,5
1410100011130,0.5987506436923,0.34786681828333155,0.5485738786105063,93,5
1410100010950,0.5892063753718557,0.2185262794389693,0.5150703561852784,379,4
1410100011145,0.4985701013053223,0.4696276445624875,0.49278160995675535,600,4
1412002312026,0.5400206038983635,0.23446662787044636,0.47890980869278005,745,4
1410100011431,0.41846104476243234,0.14324493860514312,0.3634178235309745,1345,2
1410100092618,0.1331731809842218,0.2882675221251856,0.16419204921241456,1770,1
1410100010946,0.6383155416907168,0.29410781089573274,0.5694739955317201,13,5
1410100010594,0.37265157045133673,0.1754584418741056,0.3332129447358905,1447,2
1410100011164,0.45033666924991816,0.1372291479798276,0.3877151649959001,1248,2
1412000013429,0.48216510312975147,0.09346169006918598,0.4044244205176384,1181,2
1412000012219,0.5775193831187757,0.2771115336556039,0.5174378132261414,349,5
1410100010931,0.6528131893842993,0.22924336030315187,0.5680992235680699,15,5
1410100010753,0.5732348859074179,0.32737412907789154,0.5240627345415126,290,5
1410100011357,0.5560460196321921,0.16081502032018402,0.47699981976979056,777,3
1410100011770,0.49565555989431764,0.2978137716485827,0.4560872022451707,945,3
1410100011643,0.49220071848675495,0.256145947018345,0.44498976419307296,1006,3
1410100011732,0.3068765243435779,0.31466852950366664,0.3084349253755957,1510,1
1410100260683,0.5221638364852821,0.3347162269317143,0.48467431457456855,687,4
1410100011395,0.5633661074785009,0.12690147163685556,0.4760731803101719,787,3
1410100011766,0.5096788858067225,0.22962371690171401,0.4536678520257208,962,3
1410100010490,0.5717683238307488,0.20972477748836876,0.49935961456227285,533,4
1410100010927,0.6342808904155244,0.2636635959417888,0.5601574315207772,42,5
1410100011499,0.3770220597755072,0.20843350778608943,0.34330434937762366,1407,2
1410100011215,0.31924935573759256,0.41770340110245346,0.33894016481056477,1425,2
1410100092232,0.2503668956418145,0.11190283108566298,0.22267408273058423,1684,1
1410100011501,0.37341934807570965,0.31865801165559593,0.36246708079168694,1348,2
1410100011446,0.523145896417213,0.27164259869424834,0.4728452368726201,817,3
1410100011376,0.3024307572793252,0.20371577514589312,0.2826877608526388,1573,1
1410100012529,0.21582661721134666,0.5382675221251856,0.2803147981941145,1580,1
1410100260698,0.5436223581976452,0.2352226630501959,0.4819424191681553,716,4
1410100010715,0.6062276266048999,0.3069130826272257,0.5463647178093651,110,5
1410100011751,0.39227234315612686,0.37389240056105233,0.38859635463711195,1245,2
1410100012533,0.32573483834229067,0.6216008554583106,0.38490804176549465,1259,2
1410100012459,0.1922160708102541,0.4341008554583106,0.2405930277398654,1665,1
1410100010397,0.5997503264557642,0.4048249908017219,0.5607652593249558,41,5
1410100010880,0.5116283870830372,0.26402085456939006,0.46210688058030774,895,3
1412000014501,0.5993180717949297,0.24595178053805392,0.5286448135435545,239,5
1410100011304,0.5843469276390015,0.2968901295053149,0.5268555680122642,263,5
1410100012088,0.48495460387696926,0.34590729480599025,0.45714514206277346,937,3
1410100261785,0.3018359038878344,0.3299341887914356,0.30745556086855463,1513,1
1410100010823,0.6010450495020654,0.13932929161091256,0.5087018979238348,443,4
1410100261249,0.2283495485096424,0.16326752212518564,0.21533314323275105,1693,1
1410100011624,0.583573540450879,0.3116267065359,0.5291841736678832,231,5
1410100012497,0.2906609463464182,0.10074918640136313,0.2526785943574072,1639,1
1410100092139,0.40103300766390704,0.1650836108671524,0.35384312830455616,1371,2
1410100011198,0.11062840666737513,0.12160085545831062,0.11282289642556223,1841,1
1410100012590,0.34936690029984313,0.4581393169970606,0.37112138363928665,1314,2
1410100010147,0.6166914205506083,0.29314064694556163,0.551981265829599,75,5
1410100010452,0.5516710088887234,0.35788993731121616,0.512914794573222,401,4
1410100010611,0.4182633294248101,0.25105549060236865,0.38482176166032184,1262,2
1410100012073,0.5367235358406243,0.23984492668700863,0.4773478140099012,769,3
1410100010645,0.6043419748502286,0.2536751319349715,0.5342086062671771,191,5
1410100092181,0.34168975767399246,0.16518842042739004,0.306389490224672,1519,1
1410100091520,0.4015884204247738,0.07037437145740588,0.33534561063130025,1441,2
1410100010912,0.5950339793989657,0.2893471743457251,0.5338966183883176,195,5
1412000012524,0.5705516019521554,0.26330062056562065,0.5091014056748484,439,4
1410101902374,0.5075822501113681,0.2812016794482192,0.4623061359787384,892,3
1410100092209,0.4741379739402613,0.12647874954548655,0.4046061290613064,1180,2
1410100092213,0.34398547621618414,0.09822485392107189,0.29483335175716174,1547,1
1410100011037,0.5323182511378567,0.1710697451845148,0.4600685499471883,915,3
1410100010310,0.5606534835419902,0.18333309529355787,0.48518940589230375,682,4
1410100010575,0.45399583087532297,0.28253136041960847,0.41970293678418014,1124,3
1412000011297,0.566140037060929,0.1072409179217921,0.4743602132331016,800,3
1410100261709,0.3540103473099659,0.2983011520756735,0.3428685082631074,1410,2
1410100011003,0.6127896432963572,0.2592802995413,0.5420877745453458,138,5
1410100012020,0.5534056311196345,0.16415884129202601,0.4755562731541128,791,3
1412000014450,0.5677534572776816,0.09419896396271854,0.47304255861468897,812,3
1412000014821,0.29162756555307984,0.21622236940268563,0.27654652632300103,1586,1
1410100011268,0.47035461953394514,0.3098037474956482,0.4382444451262858,1040,3
1412002316230,0.47539626605773555,0.17084218561444844,0.41448544996907816,1148,2
1412002317173,0.2664540786789428,0.3095064077284559,0.27506454448884543,1590,1
1410100010787,0.5522502485085142,0.23905971239466534,0.4896121412857445,642,4
1410100011272,0.4579264886050779,0.3306054133735165,0.43246227355876565,1063,3
1410100010630,0.5825375254298159,0.27491958626689916,0.5210139375972326,319,5
1412000013486,0.4716495905869328,0.17575376719584135,0.4124704259087145,1154,2
1410100011126,0.5933235590426671,0.2815203139556912,0.530962910025272,212,5
1410100012270,0.1312285128766852,0.3299341887914356,0.17096964805963527,1759,1
1410100262285,0.24687977194680283,0.24660085545831062,0.2468239886491044,1651,1
1410100272340,0.5001929221175723,0.14914690992593851,0.42998371967924554,1075,3
1410100092092,0.21800309167849172,0.09832735000367776,0.19406794334352895,1725,1
1410100012035,0.41166505315395574,0.1592271607690677,0.36117747467697814,1352,2
1410100091662,0.5003346721309496,0.4013145158012195,0.48053064086500363,731,4
1410100011287,0.5586998998847902,0.2760580405636853,0.5021715280205692,510,4
1410100010857,0.5125787607912943,0.2058849923287317,0.4512400070987818,972,3
1410100011018,0.6377653119607406,0.2544105303050951,0.5610943556296115,39,5
1410100012478,0.4329268211169165,0.3507810984752829,0.4164976765885898,1138,2
1410100011658,0.49862784823683637,0.3207579661104825,0.46305387181156565,889,3
1410100261234,0.10900909380621487,0.12160085545831062,0.11152744613663403,1843,1
1410100010895,0.5834932784602863,0.1563591760098878,0.49806645797020666,546,4
1410100010202,0.5529117050125887,0.2867086323896043,0.4996710904879918,532,4
1410100011874,0.27083971153405334,0.4966008554583106,0.3159919403189048,1495,2
1410100011041,0.5646873021611573,0.194154003970932,0.49058064252311223,626,4
1412002315872,0.5716186099202766,0.22669101388061266,0.5026330907123439,507,4
1412002316226,0.31539016779688567,0.4410221991271111,0.3405165740629308,1417,2
1412002315035,0.3600288653205754,0.38823521547929835,0.36567013535232,1335,2
1410100010433,0.5043983359614232,0.24521435222081117,0.45256153921330083,970,3
1410100092124,0.45230137099986073,0.17240144832612095,0.39632138646511283,1207,2
1410100092105,0.4557267790263259,0.16236432482731342,0.39705428818652344,1202,2
1410100011588,0.5112087668186777,0.36430800742609337,0.4818286149401608,717,4
1410100011982,0.4800052268606447,0.2643472053492796,0.4368736225583717,1046,3
1410100012603,0.3451891180801789,0.15692905577115157,0.30753710561837344,1512,1
1410100011836,0.29358186856006263,0.36589780429934493,0.30804505570791907,1511,1
1410100011906,0.2705287881134389,0.14440889199337367,0.24530480888942585,1658,1
1410100011094,0.5174838474758949,0.319067619500776,0.4778006018808712,763,3
1410100011291,0.1373075839124815,0.21622236940268563,0.15309054101052233,1793,1
1410100011554,0.5225484084123801,0.2260106745316548,0.4632408616362351,885,3
1410100011200,0.4482444763138864,0.1362483757306059,0.38584525619723037,1255,2
1410100092162,0.4700023678166973,0.23900057751727816,0.4238020097568135,1106,3
1410100091925,0.23701694894430358,0.1579210250707562,0.2211977641695941,1688,1
1412002315726,0.5016259328109706,0.0786684234890192,0.4170344309465803,1137,2
1412002314817,0.2939313945814095,0.3725865156022444,0.3096624187855765,1508,1
1412000014499,0.59072531986172,0.21667583792958184,0.5159154234752924,366,5
1412000011032,0.6203695996536034,0.2109168048337539,0.5384790406896335,151,5
1412000017012,0.4814758992995722,0.12641674414830614,0.41046406826931897,1159,2
1412002316245,0.40692455766203456,0.18372148251942258,0.36228394263351216,1349,2
1412002316688,0.5545500745096716,0.30656867649949615,0.5049537949076366,486,4
1412002317351,0.23575007276104767,0.19940637644446277,0.2284813334977307,1678,1
1412002315887,0.6043905934311264,0.2674778359924393,0.537008041943389,162,5
1412002316993,0.3307937432575666,0.1557792063793757,0.2957908358819284,1545,1
1412002316207,0.3136167700062348,0.40597891898355987,0.3320891998016998,1452,2
1412002315730,0.13591379838167256,0.08871251087683102,0.12647354088070425,1823,1
1412002314802,0.02953999186568884,0.21622236940268563,0.0668764673730882,1873,1
1412002315603,0.02953999186568884,0.21622236940268563,0.0668764673730882,1873,1
1412002316669,0.48607671530267504,0.11329412523017503,0.41152019728817507,1156,2
1412002317243,0.29090633759996415,0.36739246775627643,0.30620356363122664,1521,1
1412000013293,0.4834369016410896,0.03821082506826162,0.39439168632652405,1215,2
1412002314179,0.5504079547030272,0.3206130917708394,0.5044489821165896,494,4
1412000014130,0.4317069708970019,0.4957648950501229,0.4445185557276261,1012,3
1412002316974,0.23895534349744366,0.08776483359880136,0.20871724151771523,1701,1
1412002316264,0.30927960676125504,0.1635739514101563,0.28013847569103534,1581,1
1412002316989,0.4145805186949186,0.08811890849093054,0.34928819665412103,1385,2
1412000017258,0.05597267139619284,0.12160085545831062,0.0690983082086164,1872,1
1410100272336,0.5034565282877669,0.2776277966383106,0.45829078195787565,933,3
1412004306940,0.44062563347203604,0.11903665296113729,0.3763078373698563,1292,2
1412004306955,0.5414662906091925,0.14473418898828705,0.4621198702850114,894,3
1412004307421,0.4399458386333053,0.10941543061557316,0.37383975702975886,1305,2
1412000012967,0.5641485168317529,0.08814705170480375,0.46894822380636314,841,3
1412000013819,0.5086362931769141,0.34703081733067187,0.47631519800766564,782,3
1412000013683,0.32302443508957684,0.45720841676736446,0.3498612314251344,1383,2
1412000012562,0.5139245250516749,0.22319564688442195,0.4557787494182243,947,3
1412000015228,0.19431051671288496,0.17013418650849546,0.18947525067200707,1735,1
1412000014107,0.4314640564669942,0.20213948056743386,0.38559914128708217,1257,2
1412000013289,0.32888324587097684,0.026273600536397497,0.268361316804061,1606,1
1412000010392,0.6143545582023349,0.1956584943952125,0.5306153454409104,213,5
1412000015285,0.34173265729541064,0.07773563611094247,0.288933253058517,1561,1
1412000017008,0.23003906837743737,0.06757218767307635,0.19754569223656518,1718,1
1412000012134,0.5795541637823017,0.26489141899629487,0.5166216148251004,356,5
1412000010231,0.645887551923379,0.25303651916653636,0.5673173453720105,20,5
1412000013594,0.48647193786811055,0.17064279140645527,0.42330610857577955,1107,3
1412000016599,0.3087571585296897,0.033255404520939266,0.25365680772793964,1635,1
1412000017116,0.2250935545581098,0.055715963829051085,0.19121803641229806,1732,1
1412000012384,0.5877516814134959,0.2273387316961781,0.5156690914700324,371,5
1412000015938,0.2758515058393379,0.11846712978480423,0.24437463062843118,1659,1
1412000012399,0.48985753476086275,0.23145457007649528,0.43817694182398925,1041,3
1412000015143,0.49592157035918427,0.2530268512645498,0.4473426265402574,991,3
1412000014304,0.6190946924578719,0.2591209209887549,0.5470999381640484,102,5
1412000010246,0.5983065828540348,0.25675299994757006,0.5299958662727419,222,5
1412000015798,0.42948593415117925,0.12392788548027088,0.3683743244169976,1324,2
1412000010405,0.6425112131192903,0.14850695620927257,0.5437103617372868,128,5
1412000013217,0.47010378543892195,0.13351052187908874,0.4027851327269554,1185,2
1412000014874,0.35106889728288176,0.06922365015966715,0.29469984785823883,1548,1
1412000016739,0.34979053715976155,0.03204901180250243,0.28624223208830973,1567,1
1412000014836,0.3180609461921459,0.21622236940268563,0.2976932308342539,1539,1
1412000017046,0.4506287255687767,0.06395229369167701,0.3732934391933568,1307,2
1412000013518,0.6011946870046174,0.22677909339159766,0.5263115682820135,267,5
1412000012825,0.5130763981550603,0.3340170970497286,0.47726453793399404,771,3
1412000015181,0.12079146453652541,0.03211125525666231,0.10305542268055279,1852,1
1412000014323,0.5111920230627168,0.272106361418487,0.4633748907338709,883,3
1412000013185,0.5970352813829001,0.1301468946753519,0.5036576040413905,499,4
1412000010710,0.6108829871504516,0.09808994289996871,0.508324378300355,450,4
1412000014978,0.31828943586332953,0.4539449915188627,0.34542054699443614,1399,2
1412000014728,0.5526100452887959,0.09084939630200822,0.46025791549143835,911,3
1412000014272,0.5773894724017387,0.26246252743698306,0.5144040834087875,386,4
1412000014770,0.10199755661586642,0.15020195202641745,0.11163843569797663,1842,1
1412000014361,0.5643127106720758,0.0976612491631666,0.4709824183702939,829,3
1412000013950,0.5187213141050916,0.10379256343398018,0.4357355639708693,1050,3
1412000011121,0.5439509972455593,0.06702163163698985,0.4485651241238454,986,3
1412000015317,0.3816061664128679,0.3664988712147653,0.3785847073732474,1283,2
1412000010640,0.5550797643124323,0.08024785445073965,0.4601133823400938,914,3
1412000016423,0.17671262751399586,0.21622236940268563,0.1846145758917338,1745,1
1412000014592,0.5928589829989946,0.255176373285442,0.5253224610562841,277,5
1412000017169,0.22454553588334206,0.04363124067269142,0.18836267684121194,1739,1
1412000015478,0.5771780547025926,0.09528423857194343,0.48079929147646283,726,4
1412000013560,0.5890277782359804,0.28589767433406915,0.5284017574555981,243,5
1412000016090,0.20364113051179616,0.21622236940268563,0.20615737828997407,1706,1
1412000012628,0.5673674651290083,0.21358804550080904,0.49661158120336846,563,4
1412000012401,0.5813243526493432,0.27248607778986667,0.5195566976774479,332,5
1412000013039,0.5379238579193145,0.28872830699796903,0.48808474773504545,664,4
1412000017328,0.20495755001625926,0.015064765821344417,0.1669789931772763,1765,1
1412000012952,0.5792196281865907,0.10409802766088619,0.48419530808144984,691,4
1412000014075,0.5580111603680756,0.08857569246723357,0.46412406678790724,878,3
1412000015459,0.5778069894399513,0.08342735734197079,0.47893106302035526,744,4
1412000015463,0.593418975106792,0.10591159747045008,0.4959174995795236,569,4
1412000011653,0.482228130349648,0.21050786591765233,0.4278840774632489,1086,3
1412000010212,0.5656648619038738,0.1574053392195075,0.4840129573670005,693,4
1412000012558,0.6023202769672825,0.27193926177289607,0.5362440739284052,170,5
1412000015139,0.4496515850290249,0.3033366005804368,0.42038858813930735,1122,3
1412000014319,0.5971195757794396,0.27740065383854634,0.533175791391261,198,5
1412000013626,0.43279944559822286,0.4127350761346248,0.42878657170550327,1079,3
1412000012914,0.544685142566944,0.11385191491395077,0.4585184970363454,931,3
1412000014662,0.5366575089342241,0.37577549919679887,0.5044811069867391,492,4
1412000017313,0.15065825016017667,0.05283774907446959,0.13109414994303525,1816,1
1412000013556,0.5788478594498823,0.287898392089558,0.5206579659778174,325,5
1412000016527,0.5555474376249917,0.21881890786606478,0.48820173167320635,663,4
1412000016635,0.5460726079601471,0.17718421227151404,0.4722949288224205,821,3
1412000011441,0.5200049207812532,0.16408934872004047,0.44882180636901065,984,3
1412000017277,0.26744368764031673,0.03897201186109265,0.22174935248447195,1686,1
1412000015637,0.39406689628303776,0.06110306580868312,0.32747413018816685,1466,2
1412000015675,0.445343302273585,0.17782772104444378,0.3918401860277568,1228,2
1412000010369,0.6228794570179359,0.17821146318720044,0.5339458582517889,194,5
1412000016743,0.5428434530499373,0.06600852825362921,0.44747646809067576,990,3
1412000013147,0.551106184626979,0.11865590875773319,0.4646161294531299,875,3
1412000015815,0.5323352457331628,0.06836196134251979,0.4395405888550343,1037,3
1412000013700,0.4925073084052163,0.14032791695825364,0.42207143011582376,1113,3
1412000015482,0.5018563442899263,0.0799793887313301,0.4174809531782071,1135,2
1412000014910,0.24175717456165813,0.21622236940268563,0.23665021352986362,1669,1
1412000011649,0.6283504774272755,0.21970025259013143,0.5466204324598467,107,5
1410100011516,0.49872659754037135,0.3749242603188522,0.47396613009606753,802,3
1412000013325,0.6174992422817434,0.20657818000801664,0.5353150298269981,180,5
1410100092586,0.3715739838179452,0.2658614084386923,0.35043146874209463,1381,2
1410100092196,0.3468141496025047,0.13406274478077154,0.3042638686381581,1525,1
1412000016921,0.22679620306422546,0.0722554945969259,0.19588806137076556,1720,1
1412000013679,0.23435916812732607,0.3708786822282123,0.2616630709475033,1614,1
1412000010227,0.6128619855809218,0.28546587017002417,0.5473827624987423,101,5
1412000013236,0.6234920458480191,0.1640565726327369,0.5316049512049627,209,5
1412000016495,0.14055222794853717,0.05385986819066857,0.12321375599696345,1826,1
1412000016902,0.5271621745353064,0.1252291324962389,0.446775566127493,993,3
1412000015162,0.3740344778166313,0.2583668207785151,0.35090094640900804,1380,2
1412000015622,0.35608148526463185,0.2257675221251856,0.3300186926367426,1459,2
1412000015355,0.5404539311330558,0.24665165396134323,0.48169347569871335,722,4
1412000014412,0.5686094361283542,0.05652016341617173,0.4661915815859177,859,3
1410100012425,0.36237725701527823,0.33478280703180424,0.3568583670185835,1363,2
1412000013804,0.5088390858613604,0.32583749009188023,0.4722387667074644,823,3
1412000013433,0.4444732244881939,0.12481873994257489,0.3805423275790701,1275,2
1412000014408,0.5477984731512948,0.08171097453336187,0.45458097342770826,959,3
1412000011884,0.5690921847125255,0.3011780685403396,0.5155093614780883,375,5
1412000016777,0.4146543122413102,0.028943582348938665,0.3375121662628359,1430,2
1410100011605,0.53607089260949,0.18614167025891204,0.46608504813937446,860,3
1410100012514,0.08287429189754086,0.12160085545831062,0.09061960460969481,1861,1
1410100091840,0.3150751948633588,0.35123712096786475,0.32230758008425997,1481,2
1410100091713,0.3588438412934774,0.24325216551530746,0.3357255061378434,1440,2
1410100091696,0.5399683173539157,0.1641832578512742,0.46481130545338745,873,3
1410100091535,0.5128535480045464,0.1870666914702772,0.4476961766976926,987,3
1410100092444,0.15720223497986213,0.13125653446276836,0.15201309487644338,1797,1
1410100092393,0.30614439650530895,0.13817388196796723,0.2725502935978406,1598,1
1410100092302,0.30921892851388877,0.1716012628217268,0.2816953953754564,1577,1
1410100092406,0.32783816623148865,0.15233651414234742,0.2927378358136604,1552,1
1412000013734,0.5355955065905823,0.3276737585344581,0.4940111569793575,589,4
1412000012115,0.5978864607614195,0.28660852906652945,0.5356308744224415,176,5
1412000014249,0.6194149737058112,0.20349435343212596,0.5362308496510741,171,5
1412000011812,0.5563241988817395,0.1404832295490248,0.47315600501519656,810,3
1412000013151,0.5377486945009752,0.07136731824281786,0.4444724192493437,1013,3
1412000013861,0.5373702273371723,0.341951123734124,0.4982864066165627,543,4
1412000014732,0.5746788289129592,0.0791115207974697,0.4755653672898613,790,3
1410100011639,0.5001197553331473,0.22927354408214473,0.44595051308294686,999,3
1410100092177,0.24008818400656023,0.10595249434379937,0.21326104607400806,1695,1
1410100091893,0.3298505544881256,0.3321652344814985,0.3303134904868002,1458,2
1410100092622,0.18513620522954694,0.11602523454479383,0.17131401109259634,1757,1
1410100092247,0.3495000358846122,0.4604744668284525,0.3716949220733803,1312,2
1410100091855,0.2849522408093898,0.4861841887914356,0.325198630405799,1474,2
1412000017084,0.12931636263795598,0.0319493562683939,0.10984296136404358,1846,1
1410100012266,0.16679168752603132,0.10026198193003819,0.1534857464068327,1792,1
1412000016565,0.15729078297271085,0.03457086296789708,0.1327467989717481,1813,1
1410100091677,0.5082113968621459,0.19593092946241797,0.4457553033822004,1001,3
1412000016122,0.2942728757448483,0.49010410420035827,0.33343912143595034,1445,2
1410100091465,0.5429913204352076,0.2560708774920888,0.4856072318465839,681,4
1412000016616,0.18208139483187974,0.09758189428140661,0.16518149472178512,1769,1
1412000013857,0.33253686508254726,0.21622236940268563,0.30927396594657497,1509,1
1412000012717,0.580291672734082,0.09833741844853203,0.48390082187697203,694,4
1412000016029,0.26725765467656404,0.21622236940268563,0.2570505976217884,1624,1
1412000016052,0.4634490848350688,0.06183080676403711,0.3831254292208625,1268,2
1412000013664,0.4105959533849152,0.21622236940268563,0.37172123658846934,1310,2
1410100091450,0.5418851483998971,0.3749955669997482,0.5085072321198674,447,4
1410100011889,0.14767531882701807,0.12160085545831062,0.1424604261532766,1804,1
1412000015251,0.5215033917955443,0.05066786683010845,0.42733628680245717,1089,3
1412000016762,0.23607547886245,0.030493972642884355,0.19495917761853687,1722,1
1412000013382,0.546453874313523,0.09668673363342405,0.45650044617750324,943,3
1412000016809,0.45621587821136056,0.05704764176042477,0.37638223092117346,1290,2
1412000015177,0.4982320245917845,0.3043164553537596,0.4594489107441796,923,3
1412000014427,0.622936246835005,0.2333486387370551,0.5450187252154151,118,5
1412000016813,0.24930362494503505,0.02979223004529475,0.205401345965087,1708,1
1412000012632,0.6265395555137278,0.25183031370778597,0.5515977071525394,80,5
1412000013772,0.5233833260379247,0.10460292298298564,0.43962724542693693,1036,3
1412000014484,0.5464692403120283,0.1824766378722998,0.4736707198240826,805,3
1412000012488,0.5840410179705134,0.2794113808920743,0.5231150905548256,300,5
1412000014573,0.6022538140190091,0.26570283996619404,0.5349436192084461,184,5
1412000013607,0.5287724950953423,0.374222768924442,0.4978625498611623,551,4
1410100010363,0.6024817556748728,0.29481668110320536,0.5409487407605393,143,5
1412000017332,0.1382746671782776,0.049083492692191755,0.12043643228106043,1833,1
1412000017065,0.14910594417556433,0.0330504678976319,0.12589484891997785,1824,1
1410100010382,0.6275044500429737,0.28502650755932846,0.5590088615462446,45,5
1410100010772,0.5904105279446183,0.25463415618389457,0.5232552535924736,299,5
1410100092158,0.378337761305662,0.22121422588428952,0.3469130542213875,1392,2
1410100091910,0.3575772165605948,0.2095513703557329,0.3279720473196225,1464,2
1410100091802,0.4723474823835793,0.1379874696248525,0.405475479831834,1178,2
1410100011817,0.3073348717105218,0.14525118378747692,0.27491813412591287,1591,1
1410100011022,0.5491030298406431,0.2207896213233777,0.48344034813719006,697,4
1412000011278,0.5548044182180344,0.06568674513845177,0.4569808836021179,940,3
1412000011757,0.544945186996967,0.21473934683870977,0.47890401896531565,746,4
1410100010999,0.5390426291399526,0.2528703455067003,0.48180817241330215,720,4
1412000013965,0.3761661573833792,0.04998926509662088,0.31093077892602755,1506,1
1410100010607,0.46655514993026254,0.29579884183619276,0.4324038883114486,1064,3
1410100010626,0.497096380641964,0.26691094669280657,0.4510592938521325,975,3
1410100010700,0.6066514902628665,0.2840121509231549,0.5421236223949242,137,5
1410100011319,0.6025724645767733,0.2693404812201031,0.5359260679054393,172,5
1412000014357,0.5831454020696164,0.11719277916058522,0.4899548774878102,635,4
1410100010819,0.41222840406112016,0.2502723282551986,0.37983718889993584,1277,2
1412000012613,0.5793012000080743,0.13153896576017593,0.48974875315849464,639,4
1412000010918,0.5754796297614045,0.12094876509392641,0.4845734568279089,688,4
1412000014234,0.6161392641369752,0.21062352232791343,0.5350361157751629,183,5
1412000014944,0.2511996217091886,0.21622236940268563,0.24420417124788799,1660,1
1412000015745,0.3526773054076791,0.30383979732723326,0.34290980379159,1409,2
1410100011484,0.5603271044191397,0.29861891438541843,0.5079854664123955,456,4
1412000012435,0.589950011294423,0.24566459988143752,0.521092929011826,316,5
1412000015302,0.5225993985732178,0.34157578207727285,0.4863946752740288,672,4
1410100011412,0.46304309670614435,0.1566374501010352,0.40176196738512254,1189,2
1410100011427,0.35380986178528107,0.2408561368987105,0.33121911680796695,1455,2
1410100011747,0.3218651121208273,0.24550584084604216,0.30659325786587033,1518,1
1410100011179,0.2741172802224052,0.1618792294830888,0.25166967007454194,1642,1
1410100010768,0.5686738652802937,0.2910012297553793,0.5131393381753109,399,4
1410100011592,0.4378061956987347,0.3018199571399915,0.4106089479869861,1158,2
1410100012001,0.5564411432601211,0.2283648991235347,0.4908258944328038,621,4
1410100012016,0.4959823397268893,0.3139307536967514,0.45957202252086177,922,3
1410100010471,0.5656061083736366,0.42093193699132553,0.5366712740971744,165,5
1412000011723,0.5581698350719817,0.2251835605258353,0.49157258016275246,613,4
1410100010679,0.5322581180397495,0.3563216222153917,0.497070818874878,559,4
1410100011183,0.33512330702753135,0.24703806628265623,0.3175062588785563,1490,2
1412002065054,0.36211935681763646,0.4234203961040609,0.37437956467492134,1301,2
1412002317192,0.4152089606466761,0.10577750564446409,0.3533226696462337,1374,2
1412002313895,0.2826385078027376,0.12596389241416944,0.25130358472502395,1643,1
1412002314164,0.6006567641637603,0.3241853634104611,0.5453624840131005,117,5
1412000012702,0.5201183782034899,0.1504028635636818,0.4461752752755283,996,3
1412000011206,0.5803523806154637,0.09521500614442588,0.48332490572125614,700,4
1412000015656,0.5194889729809242,0.06477689016042244,0.4285465564168239,1081,3
1412000014840,0.26503955028718723,0.21622236940268563,0.25527611411028694,1630,1
1412000014253,0.5698742620675076,0.16669833898842165,0.48923907745169043,646,4
1412000013698,0.46541060164347986,0.11486246701394258,0.3953009747175724,1211,2
1412000012651,0.5703897178469038,0.1840451810116004,0.4931208104798432,596,4
1412000014291,0.5150275953801333,0.2789022538593037,0.4678025270759674,848,3
1412000014855,0.5060015884752957,0.05801975401159519,0.41640522158255566,1139,2
1412000011009,0.5849211621193868,0.11194292480001417,0.49032551465551233,629,4
1412000017205,0.43101832071219937,0.3265600467821907,0.4101266659261977,1162,2
1412000012863,0.5394595791669754,0.242822513416994,0.4801321660169791,735,4
1412000013306,0.5790033326853822,0.03435505348647891,0.47007367684560153,832,3
1412000017262,0.06401128144691742,0.0041902451466308,0.0520470741868601,1881,1
1412000012647,0.5641408267326052,0.18584608919773576,0.48848187922563135,656,4
1412000012666,0.6338734603459498,0.2223839433641553,0.551575556949591,81,5
1412000011282,0.5879418858595479,0.0897780810573485,0.488309124899108,661,4
1412000015834,0.28273690883196234,0.10190914018641899,0.2465713551028537,1654,1
1412000014395,0.6043522355556394,0.09160217451983584,0.5018022233484787,514,4
1412000013202,0.30455479511815875,0.08233200333709016,0.26011023676194506,1616,1
1412000015196,0.5002469828411644,0.09299031807444115,0.4187956498878198,1126,3
1412000014569,0.5720887351095006,0.23242351531170372,0.5041556911499413,496,4
1412000012473,0.4566444206167966,0.0978159358576608,0.38487872366496945,1261,2
1412000011742,0.5673777549589178,0.30079231647625015,0.5140606672623843,390,4
1412000011850,0.5718875189696652,0.10132516662938185,0.4777750485016085,764,3
1412000015270,0.5338368390037405,0.07211786030137297,0.441493043263267,1028,3
1412000011460,0.59192334295724,0.23450953277670467,0.520440580921133,326,5
1412000013166,0.5587379791208353,0.08787212276722829,0.46456480785011395,876,3
1412000013378,0.2858203381212219,0.12036902733401979,0.2527300759637815,1638,1
1412000016870,0.5210360229690797,0.22093138559099137,0.46101509549346203,900,3
1412000013715,0.4714230858585841,0.33731914867033047,0.4446022984209334,1010,3
1412000014041,0.10790486929165599,0.21622236940268563,0.12956836931386193,1819,1
1412000014605,0.5019837331590654,0.10304117235797226,0.42219522099884677,1111,3
1412000012933,0.5519613493511726,0.13508007074050854,0.46858509362903983,845,3
1412000017050,0.1911498302581068,0.03844305500025608,0.16060847520653668,1777,1
1412000012986,0.5708334611421761,0.09348072658121137,0.47536291422998317,796,3
1412000013575,0.5593676543301979,0.09832864839677019,0.4671598531435123,856,3
1412000016033,0.5438910776155921,0.07236079361219866,0.4495850208149134,978,3
1412000010265,0.6079461591504631,0.20557077676638694,0.527471082673648,253,5
1412000010937,0.5899916813115427,0.16825168750316846,0.5056436825498679,476,4
1412000012948,0.5238808979879515,0.12247453392873908,0.443599625176109,1016,3
1412000014643,0.5264889604144571,0.37781935297944835,0.49675503892745543,562,4
1412000016086,0.2985868843342548,0.21622236940268563,0.28211398134794097,1575,1
1412000016781,0.23096035813973043,0.06843230261401095,0.19845474703458654,1715,1
1412000013452,0.22836298385291193,0.059484148829466815,0.19458721684822292,1723,1
1412000012257,0.5816098666635071,0.22570392387335914,0.5104286781054775,424,4
1412000014766,0.32679007062609,0.21622236940268563,0.3046765303814092,1524,1
1412000015158,0.4289076675927912,0.27661423295873094,0.39844898066597917,1200,2
1412000014215,0.5743324530222149,0.09467177645131197,0.4784003177080343,752,4
1412000012416,0.5447348860078616,0.09215166017356588,0.45421824084100243,960,3
1412000012670,0.5944011947945138,0.16210731409221374,0.5079424186540538,457,4
1412000017031,0.1399147296757598,0.06737103824074767,0.12540599138875738,1825,1
1412000014906,0.02953999186568884,0.21622236940268563,0.0668764673730882,1873,1
1412000011846,0.5335067680391545,0.14888619637015799,0.4565826537053552,942,3
1412000012420,0.5538659245152253,0.08659598940150769,0.4604119374924818,909,3
1412000015266,0.5118525379724058,0.1057127265544145,0.4306245756888076,1069,3
1412000016512,0.5512908120155234,0.11869908612386391,0.4647724668371916,874,3
1412000012609,0.6387777714307444,0.1358892464765416,0.5382000664399039,154,5
1412000012331,0.6041753762636579,0.19842444853199112,0.5230251907173246,301,5
1412000011920,0.5358506158910732,0.08374548239783779,0.44542958919242615,1004,3
1412000012971,0.5714219362107844,0.06199183967896865,0.4695359169044213,835,3
1412000016832,0.48193999015291095,0.10492917987685818,0.4065378280977004,1174,2
1412000014535,0.60524362803486,0.2689374122382754,0.5379823848755431,155,5
1412000011210,0.5984903975861363,0.15632485368202947,0.510057288805315,432,4
1412000017188,0.23569389279487052,0.21622236940268563,0.23179958811643356,1675,1
1412000012204,0.557553240082949,0.08669489603432912,0.4633815712732251,882,3
1412000010814,0.5583734698833684,0.1288895993983587,0.47247669578636653,819,3
1412000012172,0.5245917966793278,0.35053930824995216,0.4897812989934527,638,4
1412000012505,0.3932122321938526,0.04964727223950529,0.32449924020298315,1475,2
1412000012755,0.605151631067981,0.29393868318749783,0.5429090414918843,131,5
1412000016550,0.5281471963841311,0.10073645089769698,0.4426650472868443,1021,3
1412000013611,0.49689987086790516,0.31086274324201396,0.4596924453427269,919,3
1412000010890,0.5592186682889645,0.16352150351264993,0.4800792353337016,736,4
1412000012312,0.6088654075355462,0.3235997241496157,0.5518122708583602,77,5
1412000014554,0.5836135222810998,0.3137233905634106,0.529635495937562,225,5
1412000016705,0.5580235112870965,0.25773510260721194,0.4979658295511196,550,4
1412000012064,0.36033937272965183,0.12160085545831062,0.3125916692753836,1500,2
1412000015533,0.49050483845210197,0.3665313565345418,0.46571014206858996,865,3
1412000016315,0.26605554766762224,0.2555294268870606,0.26395032351150993,1612,1
1412000012223,0.42643452473736426,0.2765535105675829,0.396458321903408,1206,2
1412000016828,0.4257242375497641,0.014739570489837706,0.3435273041377788,1406,2
1412000014431,0.6167067282330908,0.17407013343357713,0.5281794092731881,246,5
1412000011865,0.5335659908776648,0.11278639766909361,0.44941007223595053,979,3
1412000010617,0.6153794310122718,0.40482486921958993,0.5732685186537354,9,5
1412000013062,0.5117763586746611,0.12802534502392127,0.43502615594451316,1055,3
1412000011795,0.5613968264144391,0.14538031860923428,0.47819352485339817,754,3
1412000012990,0.5818735472899093,0.15113438290072756,0.4957257144120729,573,4
1412000016885,0.41201963836307764,0.17194660532256328,0.3640050317549748,1343,2
1412000017135,0.18278978134483367,0.029125211296906286,0.1520568673352482,1796,1
1412000017402,0.18979550735161319,0.13295061325178664,0.17842652853164787,1751,1
1412000017417,0.3231224425533572,0.3744185511876931,0.3333816642802244,1446,2
1412002315779,0.460498631767445,0.3636423376237566,0.44112737293870735,1029,3
1412001395980,0.5569904634393421,0.2351287319439318,0.4926181171402601,601,4
1412002317436,0.38011926674959623,0.5712459752693186,0.4183446084535407,1129,2
1412000012806,0.4121369247802622,0.28078257348166025,0.38586605452054185,1254,2
1412000012793,0.5585201212724508,0.29206677630074573,0.5052294522781098,481,4
1412000013791,0.5752609872694375,0.35499321200777034,0.5312074322171041,210,5
1412002317224,0.3067618900381121,0.4341008554583106,0.33222968312215184,1451,2
1412000013787,0.5070205826567605,0.38239540611349426,0.48209554734810733,713,4
1412000016103,0.2888641207352045,0.2895517045222207,0.28900163749260777,1560,1
1412002312045,0.3206751571330378,0.10206943901028726,0.2769540135084877,1585,1
1412002314003,0.40081429190001217,0.3435776608192786,0.3893669656838655,1242,2
1412002315590,0.36724450795056307,0.46203857776062657,0.3862033219125758,1252,2
1412000015374,0.5063632752173872,0.06457841030083009,0.4180063022340758,1132,2
1412004306936,0.3694570783845051,0.13445444405840734,0.32245655151928554,1480,2
1412002316404,0.3706775210857543,0.33777520910499537,0.3640970586896025,1342,2
1412002314145,0.5355734405710219,0.31794176413393876,0.4920471052836053,607,4
1412001395995,0.5017566980228212,0.3293711917612855,0.46727959677051406,853,3
1412000015660,0.1369974153484676,0.0919068469967047,0.12797930167811503,1821,1
1412000017385,0.17645639865382454,0.07544848197862314,0.15625481531878427,1787,1
1412000013984,0.461652357035687,0.03622385534638189,0.376566656697826,1289,2
1412000017309,0.38232241803549966,0.5790111387755386,0.4216601621835075,1116,3
1412000016438,0.41222975206714996,0.06580591244110734,0.34294498414194147,1408,2
1412000014200,0.5759201422946747,0.09036138582102912,0.4788083909999456,748,4
1412000010994,0.5469548383602998,0.11466139368326832,0.46049614942489353,907,3
1412000012844,0.5638335075230012,0.30689098038157364,0.5124450020947158,406,4
1412000012789,0.5371980711523489,0.3280680460593062,0.4953720661337403,574,4
1412000014658,0.49465178280659533,0.4878562402732894,0.4932926742999342,594,4
1412000014060,0.5441274712320885,0.08995240117000299,0.4532924572196714,965,3
1412000016014,0.3074241088743467,0.03709376906037062,0.25335804091155145,1636,1
1412000014925,0.33270538625066665,0.0482535602174447,0.2758150210440223,1587,1
1412000012774,0.49551273227074266,0.40805623062369956,0.47802143194133406,758,3
1412000016508,0.5124329953645883,0.1959488649275053,0.44913616927717176,983,3
1412000016391,0.504014626979996,0.46577296143062036,0.4963662938701209,565,4
1412000017281,0.34932626860024146,0.8610651772661733,0.4516740503334279,971,3
1412000010602,0.5829115605564155,0.3993868276294475,0.5462066139710219,112,5
1412000015340,0.524892177284796,0.08593405979059267,0.43710055378595536,1043,3
1412000010975,0.5197508063990823,0.0638757638750238,0.42857579789427064,1080,3
1412000015444,0.4355451493244316,0.18951816871799929,0.3863397532031452,1251,2
1412000010689,0.598595512923336,0.10771652393569639,0.5004197151258081,525,4
1412000016851,0.40282839337868404,0.22879870580742118,0.3680224558644315,1327,2
1412000016141,0.1753819306963601,0.06279894482888196,0.15286533352286447,1794,1
1412000013630,0.23379851022717138,0.30866404588355817,0.24877161735844877,1648,1
1412000015641,0.1936361300983376,0.008394611986615785,0.15658782647599323,1786,1
1412000015209,0.5228060600195098,0.2074837994675916,0.45974160790912616,918,3
1412000016866,0.4001917127356727,0.3219849910212321,0.3845503683927846,1263,2
1412000016584,0.5792298640177425,0.25705709468730104,0.5147953101516543,381,4
1412000017120,0.3937953086305819,0.112793643291875,0.3375949755628405,1428,2
1412000013645,0.2905586311887576,0.050138857192767214,0.2424746763895595,1661,1
1412000015942,0.4251721914109006,0.03721840850805579,0.34758143483033166,1390,2
1412002312079,0.48966477294401606,0.34033795898596225,0.45979941015240533,917,3
1412002313842,0.4133945560120146,0.08272761555791332,0.3472611679211943,1391,2
1412000012543,0.5596000879866869,0.24595303192536264,0.4968706767744221,561,4
1412002316654,0.40936949819814455,0.2043246195834882,0.36836052247521334,1325,2
1412002316673,0.5418486160165981,0.250643384979284,0.4836075698091353,695,4
1412000017296,0.39239733723810394,0.6540488988087079,0.44472764955222477,1009,3
1412000017101,0.21954304855894205,0.06739429569324672,0.189113297985803,1737,1
1412000017366,0.18956103612947175,0.03852107447958795,0.159353043799495,1780,1
1412000016300,0.543007292368385,0.12432208936255595,0.4592702517672192,925,3
1412000016071,0.34580000540730366,0.05479543032916724,0.2875990903916764,1564,1
1412000016067,0.5726391625860274,0.08113821122222521,0.47433897231326705,801,3
1412000016175,0.4635194719728294,0.07621519231556578,0.3860586160413767,1253,2
1412000011418,0.5961627584385814,0.12877054928426548,0.5026843166077182,504,4
1412000014126,0.46756995972899557,0.3856153472731848,0.4511790372378335,974,3
1412000014889,0.4645132488896556,0.10821713218700399,0.3932540255491253,1222,2
1412000012280,0.6005615508432182,0.13136935072065628,0.5067231108187058,465,4
1412000011634,0.6111638879329505,0.21886793085040324,0.532704696516441,203,5
1412000014094,0.4911244718910296,0.1881458379344497,0.4305287450997136,1071,3
1412000012810,0.5011453776773191,0.3008500033964478,0.46108630282114493,899,3
1412000013490,0.3960544817764367,0.3143076925497926,0.3797051239311079,1278,2
1412000013876,0.31210729994984665,0.21622236940268563,0.29293031384041446,1551,1
1412000017027,0.36213017960117416,0.03310884864468522,0.29632591340987635,1544,1
1412000017154,0.1922053701407947,0.04892114844404438,0.16354852580144463,1771,1
1412002434709,0.5326168548924297,0.21723330076515346,0.46954014406697453,834,3
1412000013113,0.4950663915657323,0.29357429455180306,0.45476797216294645,956,3
1412000012346,0.5766394192388835,0.2130460063843837,0.5039207366679835,498,4
1412000013414,0.5732915122620241,0.26190328715929234,0.5110138672414778,419,4
1412000013043,0.5868447315660914,0.23971253554334224,0.5174182923615416,351,5
1412000013058,0.5949103983274799,0.16432639258803755,0.5087935971795915,442,4
1412000010373,0.5729312660777085,0.16033199612800772,0.4904114120877684,628,4
1412000012469,0.5488475557115692,0.2936511896617769,0.49780828250161074,552,4
1412000010354,0.6004855449346267,0.19407612217388912,0.5192036603824792,334,5
1412000013081,0.4978021030904726,0.09961178596488787,0.4181640396653557,1130,2
1412000012242,0.6068737535883661,0.11470185040718725,0.5084393729521304,448,4
1412000014198,0.566891158007177,0.11968797279050725,0.4774505209638431,768,3
1412000012539,0.601690319049553,0.20033362616246542,0.5214189804721354,313,5
1412000014183,0.5332061535143467,0.08807694221975247,0.4441803112554279,1015,3
1412000012685,0.5162514640619351,0.18773274399975673,0.45054772004949944,976,3
1412000012721,0.5660706699626992,0.09811488704157187,0.4724795133784737,818,3
1412000012350,0.47372744970662284,0.07005211361048998,0.3929923824873963,1223,2
1412000013132,0.5277180364106768,0.1738184915302007,0.4569381274345816,941,3
1412000012365,0.5494187234899798,0.07636529095590396,0.45480803698316463,955,3
1412000013128,0.6025497029635197,0.15364044231838694,0.5127678508344932,403,4
1412000012897,0.5494221906802071,0.13825414294909763,0.46718858113398526,854,3
1412000010547,0.6300848727046674,0.10491001405554586,0.5250499009748432,282,5
1412000013170,0.590333772078214,0.06941387002912586,0.4861497916683964,676,4
1412000010636,0.5688483645953513,0.1055190173937727,0.4761824951550355,786,3
1412000014376,0.5813035588196808,0.08014948822749195,0.481072744701243,724,4
1412000015552,0.5681614818747834,0.26484651131117,0.5074984877620607,461,4
1412000011155,0.43110998686379354,0.048067000333737266,0.35450138955778226,1368,2
1412000012238,0.4240745663179548,0.07131146841084997,0.35352194673653387,1372,2
1412000013077,0.5771916588542113,0.14745881469153466,0.491245090021676,617,4
1412000014111,0.38357514102593304,0.4149895580638113,0.3898580244335087,1238,2
1412000015124,0.27622811304250444,0.47777643879489484,0.31653777819298257,1494,2
1412000016298,0.3217479827398869,0.3348616863361429,0.3243707234591381,1476,2
1412000016724,0.4777040067424125,0.10484457723869431,0.4031321208416689,1183,2
1412000017370,0.4349335706564241,0.06086341096198066,0.36011953871753544,1357,2
1412000620161,0.33572322838150914,0.35190556051803457,0.33895969480881427,1424,2
1412000620176,0.4707189680065772,0.31797470028249486,0.44017011446176074,1035,3
1412000620180,0.566699334285089,0.37326495832027584,0.5280124590921264,247,5
1412000620208,0.4447786642839955,0.29987530303985505,0.41579799203516743,1141,2
1412000620299,0.41177111794034094,0.31437415741708014,0.39229172583568883,1226,2
1412401760160,0.34676509513633763,0.3260255835861092,0.34261719282629194,1412,2
1412401760599,0.14252560813466053,0.38927421122876316,0.19187532875348107,1730,1
1412401760601,0.05862027637699724,0.21622236940268563,0.09014069498213492,1862,1
1412400010565,0.25169824326972756,0.2629340470552164,0.25394540402682536,1633,1
1412400010279,0.16231656753735538,0.2845987514968884,0.186773004329262,1740,1
1412400010264,0.08409659282083107,0.21622236940268563,0.11052174813720197,1844,1
1412400010300,0.2846461249473552,0.3325257077953534,0.29422204151695486,1550,1
1412400010230,0.11289730185953765,0.2108865697439356,0.13249515543641727,1814,1
1412400010531,0.13438245095024293,0.12160085545831062,0.1318261318518565,1815,1
1412400010211,0.3715437239529058,0.24337524732313828,0.3459100286269523,1395,2
1412400010315,0.08503781718138761,0.12160085545831062,0.09235042483677222,1859,1
1412400010508,0.34567485292896716,0.24968443066119933,0.3264767684754136,1469,2
1412400010512,0.4111843167069812,0.2675227032780282,0.38245199402119057,1270,2
1412400010442,0.09123329489020553,0.28563072975610015,0.13011278186338446,1817,1
1412400010141,0.37122208303224663,0.19918108452475355,0.336813883330748,1435,2
1412400010476,0.07543393228080388,0.24660085545831062,0.10966731691630523,1847,1
1412400010245,0.15539786360065694,0.21622236940268563,0.1675627647610627,1762,1
1412400010480,0.4641300205735386,0.24590610906677288,0.4204852382721854,1121,3
1412400010584,0.02953999186568884,0.21622236940268563,0.0668764673730882,1873,1
1412400010298,0.19095828625091313,0.26036843613114324,0.20484031622695917,1710,1
1412400010527,0.43120415330741546,0.24655834504464627,0.39427499165486163,1217,2
1412400010334,0.3179167694033963,0.49571041769355767,0.3534754990614286,1373,2
1412400010461,0.15013808370084045,0.23409355205209834,0.16692917737109203,1766,1
1412400010495,0.4505031632269948,0.24033355592847286,0.40846924176729044,1166,2
1412400010423,0.2069056533094211,0.12160085545831062,0.18984469373919902,1734,1
1412400010404,0.19351817916926276,0.3279460732017291,0.22040375797575606,1690,1
1412400010419,0.2780706836693264,0.12160085545831062,0.24677671802712325,1652,1
1412400010438,0.36988688421435406,0.24754111311593774,0.3454177299946708,1400,2
1412400010137,0.4182320914738597,0.2895263167079615,0.39249093652068007,1225,2
1412400010546,0.05626833716038695,0.12160085545831062,0.06933484081997168,1871,1
1412400010550,0.08465432958157804,0.24904365605700624,0.11753219487666368,1839,1
1412400940387,0.43313927858581075,0.2299721952075247,0.3925058619101536,1224,2
1412400010122,0.2678001603103645,0.2802509097298991,0.27029031019427147,1601,1
1412400010226,0.3004926080270892,0.24747837953178228,0.2898897623280278,1556,1
1412400010156,0.3544805081540639,0.2630055000711685,0.3361855065374848,1438,2
1412400940391,0.5202177678422797,0.2268288562410579,0.46153998552203535,897,3
1412400010372,0.23967972527053333,0.2920554009126856,0.25015486039896384,1646,1
