model_name,split_name,fold,pr_auc,roc_auc,f1,precision,recall,threshold
random_forest,test,,1.0,1.0,0.9978401727861771,1.0,0.9956896551724138,0.7096740454187263
lightgbm,test,,0.9999999999999999,1.0,0.9978401727861771,1.0,0.9956896551724138,0.9997881100325869
