run_id,ageb_id,score_rf,score_lgbm,class_rf,class_lgbm,threshold_rf,threshold_lgbm
no_stop_features_v1,1400200010030,0.15730989336040488,0.00173307720304053,0,0,0.6446172161172163,0.6218466501699043
no_stop_features_v1,1400200010064,0.17179814584865732,0.07696249840318006,0,0,0.6446172161172163,0.6218466501699043
no_stop_features_v1,1400200010079,0.07988050363771924,0.055814845312016526,0,0,0.6446172161172163,0.6218466501699043
no_stop_features_v1,1400200010191,0.06292603885299132,0.02018189623463607,0,0,0.6446172161172163,0.6218466501699043
no_stop_features_v1,1400200020045,0.050819094304388426,0.018896174550941183,0,0,0.6446172161172163,0.6218466501699043
no_stop_features_v1,140020002005A,0.060029411764705894,0.011628196229817749,0,0,0.6446172161172163,0.6218466501699043
no_stop_features_v1,1400200040187,0.03305989336040487,0.002460337173349075,0,0,0.6446172161172163,0.6218466501699043
no_stop_features_v1,1403900010026,0.9972222222222222,0.9994245534394507,1,1,0.6446172161172163,0.6218466501699043
no_stop_features_v1,1403900010030,0.9085555555555556,0.956738201437449,1,1,0.6446172161172163,0.6218466501699043
no_stop_features_v1,140390001005A,0.9844314574314574,0.9997343764712123,1,1,0.6446172161172163,0.6218466501699043
no_stop_features_v1,1403900010064,0.9616666666666664,0.998984820885497,1,1,0.6446172161172163,0.6218466501699043
no_stop_features_v1,1403900010083,0.65670392663932,0.7410419849763055,1,1,0.6446172161172163,0.6218466501699043
no_stop_features_v1,1403900010115,0.9568203463203465,0.9991758638362152,1,1,0.6446172161172163,0.6218466501699043
no_stop_features_v1,1403900010134,0.9267965367965367,0.9903248928971087,1,1,0.6446172161172163,0.6218466501699043
no_stop_features_v1,1403900010149,0.9827777777777778,0.9987844002116325,1,1,0.6446172161172163,0.6218466501699043
no_stop_features_v1,1403900010153,0.8265674603174603,0.9917397870537905,1,1,0.6446172161172163,0.6218466501699043
no_stop_features_v1,1403900010191,0.9897222222222223,0.998908492400489,1,1,0.6446172161172163,0.6218466501699043
no_stop_features_v1,1403900010204,0.9814444444444445,0.9993716543822339,1,1,0.6446172161172163,0.6218466501699043
no_stop_features_v1,1403900010223,0.9916666666666667,0.9986535619865795,1,1,0.6446172161172163,0.6218466501699043
no_stop_features_v1,1403900010238,0.9817380952380952,0.9986928557843214,1,1,0.6446172161172163,0.6218466501699043
no_stop_features_v1,1403900010261,0.9819126984126985,0.9933061761685229,1,1,0.6446172161172163,0.6218466501699043
no_stop_features_v1,1403900010276,0.8785418611889202,0.9860369421464005,1,1,0.6446172161172163,0.6218466501699043
no_stop_features_v1,1403900010280,0.9458055555555553,0.9953567159741018,1,1,0.6446172161172163,0.6218466501699043
no_stop_features_v1,1403900010295,0.9897142857142857,0.9999061158198155,1,1,0.6446172161172163,0.6218466501699043
no_stop_features_v1,1403900010308,0.9257063492063492,0.9965246548391135,1,1,0.6446172161172163,0.6218466501699043
no_stop_features_v1,1403900010312,0.9381666666666668,0.9885885379366334,1,1,0.6446172161172163,0.6218466501699043
no_stop_features_v1,1403900010327,0.6446417748917751,0.03504803843425289,1,0,0.6446172161172163,0.6218466501699043
no_stop_features_v1,1403900010346,0.9592092352092353,0.9986693255731534,1,1,0.6446172161172163,0.6218466501699043
no_stop_features_v1,1403900010350,0.991111111111111,0.9999669716106053,1,1,0.6446172161172163,0.6218466501699043
no_stop_features_v1,1403900010365,0.9686666666666668,0.9995042445643473,1,1,0.6446172161172163,0.6218466501699043
no_stop_features_v1,140390001037A,0.5338571428571429,0.6558788539544705,0,1,0.6446172161172163,0.6218466501699043
no_stop_features_v1,1403900010384,0.9902777777777779,0.9999864086329855,1,1,0.6446172161172163,0.6218466501699043
no_stop_features_v1,1403900010399,0.9869444444444446,0.9998241761326588,1,1,0.6446172161172163,0.6218466501699043
no_stop_features_v1,1403900010401,0.9751666666666665,0.9993791182097027,1,1,0.6446172161172163,0.6218466501699043
no_stop_features_v1,1403900010416,0.9702857142857143,0.9977308830887517,1,1,0.6446172161172163,0.6218466501699043
no_stop_features_v1,1403900010435,0.9908203463203464,0.9998018973171855,1,1,0.6446172161172163,0.6218466501699043
no_stop_features_v1,140390001044A,0.8402723665223666,0.9830148654653122,1,1,0.6446172161172163,0.6218466501699043
no_stop_features_v1,1403900010454,0.9549960317460318,0.9988693725569686,1,1,0.6446172161172163,0.6218466501699043
no_stop_features_v1,1403900010469,0.9766414141414141,0.9986302110299222,1,1,0.6446172161172163,0.6218466501699043
no_stop_features_v1,1403900010473,0.9428193461837964,0.9961042459614353,1,1,0.6446172161172163,0.6218466501699043
no_stop_features_v1,1403900010492,0.9660555555555556,0.9930649998533018,1,1,0.6446172161172163,0.6218466501699043
no_stop_features_v1,1403900010505,0.9445822510822508,0.9939192269965675,1,1,0.6446172161172163,0.6218466501699043
no_stop_features_v1,140390001051A,0.9961111111111111,0.9994982792999921,1,1,0.6446172161172163,0.6218466501699043
no_stop_features_v1,1403900010524,0.9843646616541353,0.9989803741370785,1,1,0.6446172161172163,0.6218466501699043
no_stop_features_v1,1403900010539,0.9977777777777778,0.9986943563569052,1,1,0.6446172161172163,0.6218466501699043
no_stop_features_v1,1403900010543,0.8669554334554336,0.39369138564991435,1,0,0.6446172161172163,0.6218466501699043
no_stop_features_v1,1403900010562,0.9879444444444444,0.9999813418601811,1,1,0.6446172161172163,0.6218466501699043
no_stop_features_v1,1403900010577,0.972611111111111,0.9998836528593753,1,1,0.6446172161172163,0.6218466501699043
no_stop_features_v1,1403900010596,0.9860396825396825,0.9988550641523266,1,1,0.6446172161172163,0.6218466501699043
no_stop_features_v1,1403900010609,0.9416940836940836,0.996855381032044,1,1,0.6446172161172163,0.6218466501699043
no_stop_features_v1,1403900010613,0.9922619047619048,0.999300864570824,1,1,0.6446172161172163,0.6218466501699043
no_stop_features_v1,1403900010632,0.955638888888889,0.9967158963056425,1,1,0.6446172161172163,0.6218466501699043
no_stop_features_v1,1403900010647,0.9458968253968254,0.9981958262461554,1,1,0.6446172161172163,0.6218466501699043
no_stop_features_v1,1403900010651,0.9723042328042328,0.9998989452243864,1,1,0.6446172161172163,0.6218466501699043
no_stop_features_v1,1403900010666,0.993452380952381,0.9999745486311682,1,1,0.6446172161172163,0.6218466501699043
no_stop_features_v1,1403900010670,0.9988888888888887,0.9994553284406318,1,1,0.6446172161172163,0.6218466501699043
no_stop_features_v1,1403900010685,0.9917222222222222,0.9999244978963429,1,1,0.6446172161172163,0.6218466501699043
no_stop_features_v1,140390001069A,0.985,0.9999286680363926,1,1,0.6446172161172163,0.6218466501699043
no_stop_features_v1,1403900010702,0.9596031746031745,0.998831315486922,1,1,0.6446172161172163,0.6218466501699043
no_stop_features_v1,1403900010717,0.958031279178338,0.9862589134229653,1,1,0.6446172161172163,0.6218466501699043
no_stop_features_v1,1403900010721,0.9877777777777779,0.9993899653998132,1,1,0.6446172161172163,0.6218466501699043
no_stop_features_v1,1403900010736,0.7463283079822318,0.8414847059157088,1,1,0.6446172161172163,0.6218466501699043
no_stop_features_v1,1403900010740,0.9640816993464051,0.997172635583845,1,1,0.6446172161172163,0.6218466501699043
no_stop_features_v1,1403900010755,0.9752727272727274,0.9998470815240068,1,1,0.6446172161172163,0.6218466501699043
no_stop_features_v1,1403900010774,0.9666111111111112,0.9942008587672267,1,1,0.6446172161172163,0.6218466501699043
no_stop_features_v1,1403900010789,0.9330000000000002,0.9949709090996158,1,1,0.6446172161172163,0.6218466501699043
no_stop_features_v1,1403900010793,0.8999157509157506,0.9938943297683243,1,1,0.6446172161172163,0.6218466501699043
no_stop_features_v1,1403900010806,0.9808838383838385,0.9986154300007622,1,1,0.6446172161172163,0.6218466501699043
no_stop_features_v1,1403900010810,0.9731825396825398,0.9906691035774637,1,1,0.6446172161172163,0.6218466501699043
no_stop_features_v1,1403900010825,0.9518282828282827,0.9971076802261738,1,1,0.6446172161172163,0.6218466501699043
no_stop_features_v1,140390001083A,0.99,0.9999571391740631,1,1,0.6446172161172163,0.6218466501699043
no_stop_features_v1,1403900010844,0.9890789473684211,0.9996238680919121,1,1,0.6446172161172163,0.6218466501699043
no_stop_features_v1,1403900010859,0.9688295880149813,0.9983035386228617,1,1,0.6446172161172163,0.6218466501699043
no_stop_features_v1,1403900010863,0.9492222222222222,0.9971271843147222,1,1,0.6446172161172163,0.6218466501699043
no_stop_features_v1,1403900010882,0.9570833333333333,0.999517440192724,1,1,0.6446172161172163,0.6218466501699043
no_stop_features_v1,140390001090A,0.8308253968253968,0.990385969717847,1,1,0.6446172161172163,0.6218466501699043
no_stop_features_v1,1403900010929,0.9084920634920635,0.9983500627340596,1,1,0.6446172161172163,0.6218466501699043
no_stop_features_v1,1403900010933,0.9606666666666667,0.9987836739732121,1,1,0.6446172161172163,0.6218466501699043
no_stop_features_v1,1403900010948,0.940186507936508,0.9975254936008757,1,1,0.6446172161172163,0.6218466501699043
no_stop_features_v1,1403900010952,0.9501666666666667,0.9912240694464028,1,1,0.6446172161172163,0.6218466501699043
no_stop_features_v1,1403900010967,0.4860026455026455,0.04453046772928202,0,0,0.6446172161172163,0.6218466501699043
no_stop_features_v1,1403900010971,0.7222350889850886,0.9318576905309096,1,1,0.6446172161172163,0.6218466501699043
no_stop_features_v1,1403900010986,0.817674603174603,0.9740125589877449,1,1,0.6446172161172163,0.6218466501699043
no_stop_features_v1,1403900010990,0.821436507936508,0.9586151003971781,1,1,0.6446172161172163,0.6218466501699043
no_stop_features_v1,1403900011005,0.8458055555555555,0.93730323594997,1,1,0.6446172161172163,0.6218466501699043
no_stop_features_v1,140390001101A,0.9933333333333333,0.9995006006083919,1,1,0.6446172161172163,0.6218466501699043
no_stop_features_v1,1403900011024,0.6412234071588003,0.13435632467905742,0,0,0.6446172161172163,0.6218466501699043
no_stop_features_v1,1403900011039,1.0,0.9998591416138607,1,1,0.6446172161172163,0.6218466501699043
no_stop_features_v1,1403900011043,0.9795555555555556,0.9991980166243091,1,1,0.6446172161172163,0.6218466501699043
no_stop_features_v1,1403900011062,0.9402579365079365,0.989937876015173,1,1,0.6446172161172163,0.6218466501699043
no_stop_features_v1,1403900011077,0.9802777777777777,0.9995835357815492,1,1,0.6446172161172163,0.6218466501699043
no_stop_features_v1,1403900011081,0.9161679894179895,0.9908123385756197,1,1,0.6446172161172163,0.6218466501699043
no_stop_features_v1,1403900011096,0.9642037037037039,0.9945243906655022,1,1,0.6446172161172163,0.6218466501699043
no_stop_features_v1,1403900011109,0.5703161375661374,0.07459294782939027,0,0,0.6446172161172163,0.6218466501699043
no_stop_features_v1,1403900011113,0.9629708994708994,0.9998989452243864,1,1,0.6446172161172163,0.6218466501699043
no_stop_features_v1,1403900011128,0.9166931216931217,0.9874196587609397,1,1,0.6446172161172163,0.6218466501699043
no_stop_features_v1,1403900011132,0.9549708994708997,0.9995186923323123,1,1,0.6446172161172163,0.6218466501699043
no_stop_features_v1,1403900011147,0.9975,0.9999672793002256,1,1,0.6446172161172163,0.6218466501699043
no_stop_features_v1,1403900011151,0.981888888888889,0.9967062945310179,1,1,0.6446172161172163,0.6218466501699043
no_stop_features_v1,1403900011166,1.0,0.9999831387188541,1,1,0.6446172161172163,0.6218466501699043
no_stop_features_v1,1403900011170,0.9877777777777779,0.9997631742821204,1,1,0.6446172161172163,0.6218466501699043
no_stop_features_v1,1403900011185,0.9897222222222223,0.9948407907159998,1,1,0.6446172161172163,0.6218466501699043
no_stop_features_v1,140390001119A,1.0,0.9999660289686663,1,1,0.6446172161172163,0.6218466501699043
no_stop_features_v1,1403900011202,0.9870555555555556,0.996987268803164,1,1,0.6446172161172163,0.6218466501699043
no_stop_features_v1,1403900011217,0.9158042328042328,0.8497893940135552,1,1,0.6446172161172163,0.6218466501699043
no_stop_features_v1,1403900011221,0.9190518102372037,0.9971314740690873,1,1,0.6446172161172163,0.6218466501699043
no_stop_features_v1,1403900011236,0.9573333333333333,0.9979204614395378,1,1,0.6446172161172163,0.6218466501699043
no_stop_features_v1,1403900011274,0.9930555555555556,0.9998185906879365,1,1,0.6446172161172163,0.6218466501699043
no_stop_features_v1,1403900011289,0.9975555555555555,0.9999830142732867,1,1,0.6446172161172163,0.6218466501699043
no_stop_features_v1,1403900011293,0.9988888888888889,0.9999387100303684,1,1,0.6446172161172163,0.6218466501699043
no_stop_features_v1,1403900011306,0.9844259259259261,0.9997526032386308,1,1,0.6446172161172163,0.6218466501699043
no_stop_features_v1,1403900011310,0.9528412698412696,0.9998084822068306,1,1,0.6446172161172163,0.6218466501699043
no_stop_features_v1,1403900011325,0.9977777777777779,0.9999528872550756,1,1,0.6446172161172163,0.6218466501699043
no_stop_features_v1,140390001133A,0.9720000000000001,0.999957442201355,1,1,0.6446172161172163,0.6218466501699043
no_stop_features_v1,1403900011344,0.9871269841269843,0.9999895778185416,1,1,0.6446172161172163,0.6218466501699043
no_stop_features_v1,1403900011359,0.9841825396825397,0.9999438737296605,1,1,0.6446172161172163,0.6218466501699043
no_stop_features_v1,1403900011363,0.9963888888888888,0.9999751350135067,1,1,0.6446172161172163,0.6218466501699043
no_stop_features_v1,1403900011378,0.9780555555555556,0.9999586487738583,1,1,0.6446172161172163,0.6218466501699043
no_stop_features_v1,1403900011382,0.9938333333333335,0.9999398998377066,1,1,0.6446172161172163,0.6218466501699043
no_stop_features_v1,1403900011397,1.0,0.999914426780332,1,1,0.6446172161172163,0.6218466501699043
no_stop_features_v1,140390001140A,0.9988888888888887,0.9999500425985697,1,1,0.6446172161172163,0.6218466501699043
no_stop_features_v1,1403900011414,0.9947222222222221,0.9997493134626869,1,1,0.6446172161172163,0.6218466501699043
no_stop_features_v1,1403900011429,0.995,0.9999204875676806,1,1,0.6446172161172163,0.6218466501699043
no_stop_features_v1,1403900011433,0.9899523809523809,0.9996780677044579,1,1,0.6446172161172163,0.6218466501699043
no_stop_features_v1,1403900011448,0.9975,0.9998335604948635,1,1,0.6446172161172163,0.6218466501699043
no_stop_features_v1,1403900011452,0.9884406991260923,0.999950846362851,1,1,0.6446172161172163,0.6218466501699043
no_stop_features_v1,1403900011467,0.9902777777777777,0.9999726189904198,1,1,0.6446172161172163,0.6218466501699043
no_stop_features_v1,1403900011471,0.932388888888889,0.9899773646263657,1,1,0.6446172161172163,0.6218466501699043
no_stop_features_v1,1403900011490,0.9104697996551927,0.9980993688256953,1,1,0.6446172161172163,0.6218466501699043
no_stop_features_v1,1403900011518,0.5789004679573331,0.11305718183539112,0,0,0.6446172161172163,0.6218466501699043
no_stop_features_v1,1403900011537,0.9778055555555555,0.999653953328191,1,1,0.6446172161172163,0.6218466501699043
no_stop_features_v1,1403900011556,0.9922222222222221,0.9999809504609155,1,1,0.6446172161172163,0.6218466501699043
no_stop_features_v1,1403900011560,0.9961111111111113,0.9998398579703477,1,1,0.6446172161172163,0.6218466501699043
no_stop_features_v1,1403900011575,0.9891666666666666,0.9999209913255197,1,1,0.6446172161172163,0.6218466501699043
no_stop_features_v1,140390001158A,0.9808703703703704,0.9997526032386308,1,1,0.6446172161172163,0.6218466501699043
no_stop_features_v1,1403900011594,0.9977777777777778,0.9999468202072186,1,1,0.6446172161172163,0.6218466501699043
no_stop_features_v1,1403900011607,0.9968333333333333,0.9999080993309716,1,1,0.6446172161172163,0.6218466501699043
no_stop_features_v1,1403900011626,0.9882936507936508,0.9999758959037595,1,1,0.6446172161172163,0.6218466501699043
no_stop_features_v1,1403900011630,0.9398333333333335,0.9995337689425704,1,1,0.6446172161172163,0.6218466501699043
no_stop_features_v1,1403900011645,0.9778333333333336,0.9998391875224029,1,1,0.6446172161172163,0.6218466501699043
no_stop_features_v1,140390001165A,0.9956666666666666,0.9999598912318215,1,1,0.6446172161172163,0.6218466501699043
no_stop_features_v1,1403900011664,1.0,0.9999108993159477,1,1,0.6446172161172163,0.6218466501699043
no_stop_features_v1,1403900011679,0.9884444444444443,0.9998617281781087,1,1,0.6446172161172163,0.6218466501699043
no_stop_features_v1,1403900011683,0.9944444444444446,0.9999665611738832,1,1,0.6446172161172163,0.6218466501699043
no_stop_features_v1,1403900011698,0.9858170426065161,0.9998265543898587,1,1,0.6446172161172163,0.6218466501699043
no_stop_features_v1,1403900011700,0.9763295880149812,0.9983152948322617,1,1,0.6446172161172163,0.6218466501699043
no_stop_features_v1,1403900011715,0.9938295880149813,0.9987762696896566,1,1,0.6446172161172163,0.6218466501699043
no_stop_features_v1,140390001172A,0.995,0.9997018037630685,1,1,0.6446172161172163,0.6218466501699043
no_stop_features_v1,1403900011734,0.9966666666666667,0.9998643101641729,1,1,0.6446172161172163,0.6218466501699043
no_stop_features_v1,1403900011753,0.9688888888888888,0.9981708769042515,1,1,0.6446172161172163,0.6218466501699043
no_stop_features_v1,1403900011768,0.9901666666666668,0.9999515516195935,1,1,0.6446172161172163,0.6218466501699043
no_stop_features_v1,1403900011787,0.9940555555555557,0.999953452267373,1,1,0.6446172161172163,0.6218466501699043
no_stop_features_v1,1403900011791,0.9533968253968255,0.9982302012100736,1,1,0.6446172161172163,0.6218466501699043
no_stop_features_v1,1403900011804,0.9435555555555556,0.998828871233878,1,1,0.6446172161172163,0.6218466501699043
no_stop_features_v1,1403900011819,1.0,0.9999862431542129,1,1,0.6446172161172163,0.6218466501699043
no_stop_features_v1,1403900011823,0.9962777777777777,0.999974434286364,1,1,0.6446172161172163,0.6218466501699043
no_stop_features_v1,1403900011838,0.994888888888889,0.9998876942229514,1,1,0.6446172161172163,0.6218466501699043
no_stop_features_v1,1403900011842,0.9832380952380952,0.9999759553896385,1,1,0.6446172161172163,0.6218466501699043
no_stop_features_v1,1403900011857,0.9564603174603175,0.9994301170953322,1,1,0.6446172161172163,0.6218466501699043
no_stop_features_v1,1403900011861,0.991111111111111,0.9999771807085451,1,1,0.6446172161172163,0.6218466501699043
no_stop_features_v1,1403900011876,0.9748725981620718,0.999915173537577,1,1,0.6446172161172163,0.6218466501699043
no_stop_features_v1,1403900011880,0.9940555555555557,0.9999400953082154,1,1,0.6446172161172163,0.6218466501699043
no_stop_features_v1,1403900011895,0.9842222222222222,0.9986472525696038,1,1,0.6446172161172163,0.6218466501699043
no_stop_features_v1,1403900011908,0.8553571428571428,0.9765637637196378,1,1,0.6446172161172163,0.6218466501699043
no_stop_features_v1,1403900011912,0.9770000000000001,0.9997495056172949,1,1,0.6446172161172163,0.6218466501699043
no_stop_features_v1,1403900011927,0.9906111111111109,0.9989632662633526,1,1,0.6446172161172163,0.6218466501699043
no_stop_features_v1,1403900011931,0.9936666666666667,0.9999668587860853,1,1,0.6446172161172163,0.6218466501699043
no_stop_features_v1,1403900011946,0.9991666666666666,0.9999466957890577,1,1,0.6446172161172163,0.6218466501699043
no_stop_features_v1,1403900011950,0.9938492063492064,0.9998140510354795,1,1,0.6446172161172163,0.6218466501699043
no_stop_features_v1,1403900011965,0.8296688453159042,0.711385174774983,1,1,0.6446172161172163,0.6218466501699043
no_stop_features_v1,140390001197A,0.995190058479532,0.99969962173209,1,1,0.6446172161172163,0.6218466501699043
no_stop_features_v1,1403900011984,0.9878888888888889,0.9991200301960611,1,1,0.6446172161172163,0.6218466501699043
no_stop_features_v1,1403900011999,0.967388888888889,0.9979458017379101,1,1,0.6446172161172163,0.6218466501699043
no_stop_features_v1,1403900012003,0.9743011695906432,0.9979018262437988,1,1,0.6446172161172163,0.6218466501699043
no_stop_features_v1,1403900012018,0.9902777777777779,0.9996414858779744,1,1,0.6446172161172163,0.6218466501699043
no_stop_features_v1,1403900012022,0.9610853885922535,0.9996688492596295,1,1,0.6446172161172163,0.6218466501699043
no_stop_features_v1,1403900012037,0.9836111111111112,0.9968144886658792,1,1,0.6446172161172163,0.6218466501699043
no_stop_features_v1,1403900012041,0.9706666666666667,0.9932346897180677,1,1,0.6446172161172163,0.6218466501699043
no_stop_features_v1,1403900012056,0.9919444444444444,0.9996554728707268,1,1,0.6446172161172163,0.6218466501699043
no_stop_features_v1,1403900012107,0.9539870129870133,0.9972496074894744,1,1,0.6446172161172163,0.6218466501699043
no_stop_features_v1,1403900012111,0.8554761904761906,0.9712906353779279,1,1,0.6446172161172163,0.6218466501699043
no_stop_features_v1,1403900012126,0.5874841269841269,0.0397255828790848,0,0,0.6446172161172163,0.6218466501699043
no_stop_features_v1,1403900012130,0.9983333333333333,0.9999832119845339,1,1,0.6446172161172163,0.6218466501699043
no_stop_features_v1,1403900012145,0.9689603174603174,0.9998742951584293,1,1,0.6446172161172163,0.6218466501699043
no_stop_features_v1,140390001215A,0.9598888888888888,0.9947779200064135,1,1,0.6446172161172163,0.6218466501699043
no_stop_features_v1,1403900012164,0.9697777777777777,0.9996286872156303,1,1,0.6446172161172163,0.6218466501699043
no_stop_features_v1,1403900012179,0.9783333333333334,0.999485941426861,1,1,0.6446172161172163,0.6218466501699043
no_stop_features_v1,1403900012183,0.988777777777778,0.9998531301227161,1,1,0.6446172161172163,0.6218466501699043
no_stop_features_v1,1403900012200,0.9019316239316236,0.9813343313192582,1,1,0.6446172161172163,0.6218466501699043
no_stop_features_v1,1403900012215,0.9566536796536798,0.9963394678184395,1,1,0.6446172161172163,0.6218466501699043
no_stop_features_v1,1403900012249,0.9714314574314574,0.997290007100866,1,1,0.6446172161172163,0.6218466501699043
no_stop_features_v1,1403900012253,0.9741666666666665,0.999355610298186,1,1,0.6446172161172163,0.6218466501699043
no_stop_features_v1,1403900012268,0.975420634920635,0.9995240933117983,1,1,0.6446172161172163,0.6218466501699043
no_stop_features_v1,1403900012272,0.9595634920634918,0.9998861502974407,1,1,0.6446172161172163,0.6218466501699043
no_stop_features_v1,1403900012287,1.0,0.9999615402872245,1,1,0.6446172161172163,0.6218466501699043
no_stop_features_v1,1403900012291,0.9777777777777779,0.9998104600369194,1,1,0.6446172161172163,0.6218466501699043
no_stop_features_v1,1403900012304,0.9888888888888889,0.9998347884072065,1,1,0.6446172161172163,0.6218466501699043
no_stop_features_v1,1403900012319,1.0,0.9999531558445494,1,1,0.6446172161172163,0.6218466501699043
no_stop_features_v1,1403900012342,0.9658441558441558,0.99625830744212,1,1,0.6446172161172163,0.6218466501699043
no_stop_features_v1,1403900012357,0.9913888888888888,0.9996177906467673,1,1,0.6446172161172163,0.6218466501699043
no_stop_features_v1,1403900012361,0.8914047619047617,0.997522764164987,1,1,0.6446172161172163,0.6218466501699043
no_stop_features_v1,1403900012376,0.9909047619047618,0.9999604303846263,1,1,0.6446172161172163,0.6218466501699043
no_stop_features_v1,1403900012380,0.9552222222222222,0.9976244218357002,1,1,0.6446172161172163,0.6218466501699043
no_stop_features_v1,1403900012395,0.9961111111111111,0.9999902135876321,1,1,0.6446172161172163,0.6218466501699043
no_stop_features_v1,1403900012408,0.9752222222222222,0.9994175763865714,1,1,0.6446172161172163,0.6218466501699043
no_stop_features_v1,1403900012427,0.9096666666666666,0.9980074081845062,1,1,0.6446172161172163,0.6218466501699043
no_stop_features_v1,1403900012431,0.9391259018759018,0.9894319954550391,1,1,0.6446172161172163,0.6218466501699043
no_stop_features_v1,1403900012446,0.9963333333333333,0.9999665462425263,1,1,0.6446172161172163,0.6218466501699043
no_stop_features_v1,1403900012501,0.9937698412698414,0.999975188617646,1,1,0.6446172161172163,0.6218466501699043
no_stop_features_v1,1403900012516,0.9766666666666667,0.9963717428039484,1,1,0.6446172161172163,0.6218466501699043
no_stop_features_v1,1403900012520,0.7893324175824173,0.9571309074901929,1,1,0.6446172161172163,0.6218466501699043
no_stop_features_v1,1403900012535,0.8443769841269841,0.9768398172897219,1,1,0.6446172161172163,0.6218466501699043
no_stop_features_v1,140390001254A,0.9955555555555554,0.9999583377796953,1,1,0.6446172161172163,0.6218466501699043
no_stop_features_v1,1403900012554,1.0,0.9999832119845339,1,1,0.6446172161172163,0.6218466501699043
no_stop_features_v1,1403900012569,0.9203492063492064,0.9944902574125478,1,1,0.6446172161172163,0.6218466501699043
no_stop_features_v1,1403900012573,0.9979999999999999,0.9999783329468641,1,1,0.6446172161172163,0.6218466501699043
no_stop_features_v1,1403900012588,0.9884285714285713,0.9999016079667513,1,1,0.6446172161172163,0.6218466501699043
no_stop_features_v1,1403900012592,0.9880000000000001,0.9998751951125991,1,1,0.6446172161172163,0.6218466501699043
no_stop_features_v1,1403900012605,0.9871666666666667,0.9998751951125991,1,1,0.6446172161172163,0.6218466501699043
no_stop_features_v1,140390001261A,0.9891457431457432,0.9999237833395813,1,1,0.6446172161172163,0.6218466501699043
no_stop_features_v1,1403900012624,0.9807727272727274,0.9999228016538407,1,1,0.6446172161172163,0.6218466501699043
no_stop_features_v1,1403900012639,0.9958333333333333,0.9995767330996839,1,1,0.6446172161172163,0.6218466501699043
no_stop_features_v1,1403900012662,1.0,0.9998444926199,1,1,0.6446172161172163,0.6218466501699043
no_stop_features_v1,1403900012677,0.9743888888888891,0.9960732843192217,1,1,0.6446172161172163,0.6218466501699043
no_stop_features_v1,1403900012681,0.930962962962963,0.9911457071762906,1,1,0.6446172161172163,0.6218466501699043
no_stop_features_v1,1403900012696,0.9899523809523809,0.9996773120438662,1,1,0.6446172161172163,0.6218466501699043
no_stop_features_v1,1403900012709,0.9891111111111112,0.9999322973386714,1,1,0.6446172161172163,0.6218466501699043
no_stop_features_v1,1403900012713,0.9772222222222221,0.9997417038280428,1,1,0.6446172161172163,0.6218466501699043
no_stop_features_v1,1403900012728,0.9933333333333333,0.9994001846169512,1,1,0.6446172161172163,0.6218466501699043
no_stop_features_v1,1403900012785,0.9840555555555555,0.9998625316280632,1,1,0.6446172161172163,0.6218466501699043
no_stop_features_v1,140390001279A,0.9777777777777779,0.9923325025578198,1,1,0.6446172161172163,0.6218466501699043
no_stop_features_v1,1403900012802,0.9534444444444445,0.9961339982025089,1,1,0.6446172161172163,0.6218466501699043
no_stop_features_v1,140390001286A,0.9905555555555556,0.9997688739337859,1,1,0.6446172161172163,0.6218466501699043
no_stop_features_v1,1403900013001,0.9091335696509609,0.9923762287943796,1,1,0.6446172161172163,0.6218466501699043
no_stop_features_v1,1403900013016,0.947746254681648,0.991567465171448,1,1,0.6446172161172163,0.6218466501699043
no_stop_features_v1,1403900013020,0.9850505050505052,0.9990965011823137,1,1,0.6446172161172163,0.6218466501699043
no_stop_features_v1,1403900013088,0.9460555555555558,0.9992525782692904,1,1,0.6446172161172163,0.6218466501699043
no_stop_features_v1,1403900013143,0.9989285714285715,0.9999382775458528,1,1,0.6446172161172163,0.6218466501699043
no_stop_features_v1,1403900013177,0.9564550264550266,0.996830185715109,1,1,0.6446172161172163,0.6218466501699043
no_stop_features_v1,1403900013209,0.9403888888888887,0.9962316405665301,1,1,0.6446172161172163,0.6218466501699043
no_stop_features_v1,1403900013317,1.0,0.999940600297529,1,1,0.6446172161172163,0.6218466501699043
no_stop_features_v1,1403900013321,0.9869444444444446,0.9996108283220095,1,1,0.6446172161172163,0.6218466501699043
no_stop_features_v1,1403900013336,0.9766111111111112,0.9997398692629166,1,1,0.6446172161172163,0.6218466501699043
no_stop_features_v1,1403900013340,0.9904444444444445,0.9979610396185368,1,1,0.6446172161172163,0.6218466501699043
no_stop_features_v1,1403900013374,0.9139166666666667,0.9942552073489533,1,1,0.6446172161172163,0.6218466501699043
no_stop_features_v1,1403900013406,0.9858252890899951,0.998531945892518,1,1,0.6446172161172163,0.6218466501699043
no_stop_features_v1,1403900013482,0.8611137566137566,0.9818902874997244,1,1,0.6446172161172163,0.6218466501699043
no_stop_features_v1,140390001350A,0.9835555555555555,0.9996546148224241,1,1,0.6446172161172163,0.6218466501699043
no_stop_features_v1,1403900013514,0.9481666666666666,0.9965049759107488,1,1,0.6446172161172163,0.6218466501699043
no_stop_features_v1,1403900013529,0.9961666666666668,0.9999837862094343,1,1,0.6446172161172163,0.6218466501699043
no_stop_features_v1,1403900013533,0.8805026455026453,0.9676975507262598,1,1,0.6446172161172163,0.6218466501699043
no_stop_features_v1,1403900013548,0.9543335978835978,0.9992442180201626,1,1,0.6446172161172163,0.6218466501699043
no_stop_features_v1,1403900013552,0.976530303030303,0.999857205372587,1,1,0.6446172161172163,0.6218466501699043
no_stop_features_v1,1403900013567,0.8421185185185184,0.9583097669780258,1,1,0.6446172161172163,0.6218466501699043
no_stop_features_v1,1403900013586,0.9814285714285713,0.9997411301710143,1,1,0.6446172161172163,0.6218466501699043
no_stop_features_v1,1403900013590,0.4976746031746032,0.8161371281894105,0,1,0.6446172161172163,0.6218466501699043
no_stop_features_v1,1403900013603,0.9917777777777776,0.9999207975845612,1,1,0.6446172161172163,0.6218466501699043
no_stop_features_v1,1403900013618,0.8832250906604836,0.971918131922464,1,1,0.6446172161172163,0.6218466501699043
no_stop_features_v1,1403900013637,0.8893328042328041,0.9973514156998404,1,1,0.6446172161172163,0.6218466501699043
no_stop_features_v1,1403900013641,0.9474155844155845,0.9740890282118972,1,1,0.6446172161172163,0.6218466501699043
no_stop_features_v1,1403900013656,0.9701111111111111,0.9971007979792612,1,1,0.6446172161172163,0.6218466501699043
no_stop_features_v1,1403900013660,0.9854523809523809,0.9983538678401831,1,1,0.6446172161172163,0.6218466501699043
no_stop_features_v1,140390001368A,0.9822222222222221,0.9931272790440593,1,1,0.6446172161172163,0.6218466501699043
no_stop_features_v1,1403900013694,0.9676428571428571,0.9983177688737422,1,1,0.6446172161172163,0.6218466501699043
no_stop_features_v1,1403900013707,0.6309285714285717,0.039104372984421765,0,0,0.6446172161172163,0.6218466501699043
no_stop_features_v1,1403900013711,0.993452380952381,0.9996640331362513,1,1,0.6446172161172163,0.6218466501699043
no_stop_features_v1,1403900013726,0.9952619047619048,0.9999421752419315,1,1,0.6446172161172163,0.6218466501699043
no_stop_features_v1,1403900013730,0.996,0.9999619101924038,1,1,0.6446172161172163,0.6218466501699043
no_stop_features_v1,1403900013745,0.969452380952381,0.9968159129695816,1,1,0.6446172161172163,0.6218466501699043
no_stop_features_v1,1403900013764,0.8732460317460321,0.9895133928734169,1,1,0.6446172161172163,0.6218466501699043
no_stop_features_v1,1403900013783,0.9958333333333333,0.9999591036379188,1,1,0.6446172161172163,0.6218466501699043
no_stop_features_v1,1403900013798,0.8318730158730157,0.6968500559731774,1,1,0.6446172161172163,0.6218466501699043
no_stop_features_v1,1403900013800,0.9991666666666666,0.9999573476868986,1,1,0.6446172161172163,0.6218466501699043
no_stop_features_v1,1403900013815,0.9867184769038702,0.9997088020739164,1,1,0.6446172161172163,0.6218466501699043
no_stop_features_v1,140390001382A,0.8492188904114193,0.9422526508814029,1,1,0.6446172161172163,0.6218466501699043
no_stop_features_v1,1403900013834,0.9395793650793651,0.9996794985393421,1,1,0.6446172161172163,0.6218466501699043
no_stop_features_v1,1403900013849,0.9658039215686273,0.998700147380764,1,1,0.6446172161172163,0.6218466501699043
no_stop_features_v1,1403900013853,0.9532857142857144,0.9989112176403337,1,1,0.6446172161172163,0.6218466501699043
no_stop_features_v1,1403900013868,0.9458929783283715,0.9994592972803125,1,1,0.6446172161172163,0.6218466501699043
no_stop_features_v1,1403900013872,0.8977763347763346,0.9807364178402256,1,1,0.6446172161172163,0.6218466501699043
no_stop_features_v1,1403900013891,0.9196869184455394,0.9717919906219237,1,1,0.6446172161172163,0.6218466501699043
no_stop_features_v1,1403900013904,0.9293613340467272,0.9949428446959984,1,1,0.6446172161172163,0.6218466501699043
no_stop_features_v1,1403900013919,0.9145873015873017,0.9997591267033188,1,1,0.6446172161172163,0.6218466501699043
no_stop_features_v1,1403900013923,0.8798888888888889,0.9877823599681664,1,1,0.6446172161172163,0.6218466501699043
no_stop_features_v1,1403900013938,0.9483063097033685,0.9853057028889436,1,1,0.6446172161172163,0.6218466501699043
no_stop_features_v1,1403900013942,0.9117292152292149,0.9864722645114823,1,1,0.6446172161172163,0.6218466501699043
no_stop_features_v1,1403900013957,0.9963888888888888,0.9999637347335939,1,1,0.6446172161172163,0.6218466501699043
no_stop_features_v1,1403900013961,0.9975,0.9999234790157152,1,1,0.6446172161172163,0.6218466501699043
no_stop_features_v1,1403900013976,0.9827777777777779,0.9996925674855175,1,1,0.6446172161172163,0.6218466501699043
no_stop_features_v1,1403900013980,0.9011746031746033,0.9964800380791858,1,1,0.6446172161172163,0.6218466501699043
no_stop_features_v1,1403900013995,0.9848492063492063,0.9996684437903959,1,1,0.6446172161172163,0.6218466501699043
no_stop_features_v1,140390001400A,0.8627304243843483,0.9900181777253142,1,1,0.6446172161172163,0.6218466501699043
no_stop_features_v1,1403900014014,0.9955555555555554,0.9995631579006342,1,1,0.6446172161172163,0.6218466501699043
no_stop_features_v1,1403900014029,0.9916666666666667,0.9996692597865894,1,1,0.6446172161172163,0.6218466501699043
no_stop_features_v1,1403900014033,0.9983333333333333,0.9999866099409402,1,1,0.6446172161172163,0.6218466501699043
no_stop_features_v1,1403900014048,0.8787777777777781,0.9911308825499784,1,1,0.6446172161172163,0.6218466501699043
no_stop_features_v1,1403900014052,0.9754365079365078,0.9999746232667338,1,1,0.6446172161172163,0.6218466501699043
no_stop_features_v1,1403900014067,0.9782777777777778,0.9941258020913494,1,1,0.6446172161172163,0.6218466501699043
no_stop_features_v1,1403900014071,0.848888888888889,0.9849141566613204,1,1,0.6446172161172163,0.6218466501699043
no_stop_features_v1,1403900014086,0.9593373015873016,0.9990107958860148,1,1,0.6446172161172163,0.6218466501699043
no_stop_features_v1,1403900014090,0.9698174603174601,0.9990177830346938,1,1,0.6446172161172163,0.6218466501699043
no_stop_features_v1,1403900014103,0.9980555555555556,0.9997649070016393,1,1,0.6446172161172163,0.6218466501699043
no_stop_features_v1,1403900014118,0.7729592176446108,0.9462483580547454,1,1,0.6446172161172163,0.6218466501699043
no_stop_features_v1,1403900014122,0.9969444444444444,0.9999635243167538,1,1,0.6446172161172163,0.6218466501699043
no_stop_features_v1,1403900014141,0.9844949494949495,0.9999376220425947,1,1,0.6446172161172163,0.6218466501699043
no_stop_features_v1,1403900014156,0.9141017316017316,0.975097982557802,1,1,0.6446172161172163,0.6218466501699043
no_stop_features_v1,1403900014160,0.9370789473684209,0.9959243987332128,1,1,0.6446172161172163,0.6218466501699043
no_stop_features_v1,1403900014175,0.9610833333333333,0.9960921640833718,1,1,0.6446172161172163,0.6218466501699043
no_stop_features_v1,140390001418A,0.964547619047619,0.9990760618959185,1,1,0.6446172161172163,0.6218466501699043
no_stop_features_v1,1403900014194,0.9648265993265992,0.9921688637312577,1,1,0.6446172161172163,0.6218466501699043
no_stop_features_v1,1403900014211,0.9200105820105818,0.9845374812228541,1,1,0.6446172161172163,0.6218466501699043
no_stop_features_v1,1403900014226,0.9414206349206349,0.9985432466329509,1,1,0.6446172161172163,0.6218466501699043
no_stop_features_v1,140390001425A,0.9532407407407407,0.9970462409716507,1,1,0.6446172161172163,0.6218466501699043
no_stop_features_v1,1403900014264,0.9629831200089819,0.9963642625909523,1,1,0.6446172161172163,0.6218466501699043
no_stop_features_v1,1403900014279,0.8448725392869892,0.9728299931335669,1,1,0.6446172161172163,0.6218466501699043
no_stop_features_v1,1403900014283,0.9927777777777778,0.9995492854667756,1,1,0.6446172161172163,0.6218466501699043
no_stop_features_v1,1403900014300,0.9783888888888889,0.9944031953932332,1,1,0.6446172161172163,0.6218466501699043
no_stop_features_v1,1403900014349,0.9406680911680911,0.9676803124299537,1,1,0.6446172161172163,0.6218466501699043
no_stop_features_v1,1403900014353,0.99,0.9997793017296135,1,1,0.6446172161172163,0.6218466501699043
no_stop_features_v1,1403900014368,0.7329777361631292,0.45538963626979434,1,0,0.6446172161172163,0.6218466501699043
no_stop_features_v1,1403900014387,0.9422976190476191,0.9952110027725215,1,1,0.6446172161172163,0.6218466501699043
no_stop_features_v1,1403900014391,0.9154406991260923,0.9833842442227232,1,1,0.6446172161172163,0.6218466501699043
no_stop_features_v1,1403900014404,0.9531417573271506,0.9983604303678796,1,1,0.6446172161172163,0.6218466501699043
no_stop_features_v1,1403900014423,0.9897222222222223,0.9997942402295206,1,1,0.6446172161172163,0.6218466501699043
no_stop_features_v1,1403900014438,0.9782184769038702,0.9987910906444744,1,1,0.6446172161172163,0.6218466501699043
no_stop_features_v1,1403900014442,0.9293015873015872,0.9964320342053813,1,1,0.6446172161172163,0.6218466501699043
no_stop_features_v1,1403900014457,0.972047619047619,0.9993919869442911,1,1,0.6446172161172163,0.6218466501699043
no_stop_features_v1,1403900014461,0.9711666666666665,0.9970109227973929,1,1,0.6446172161172163,0.6218466501699043
no_stop_features_v1,1403900014476,0.9431906991260924,0.9821416622871268,1,1,0.6446172161172163,0.6218466501699043
no_stop_features_v1,1403900014480,0.8969115985969919,0.9598292596243438,1,1,0.6446172161172163,0.6218466501699043
no_stop_features_v1,1403900014495,0.8874122315592905,0.9745309591918243,1,1,0.6446172161172163,0.6218466501699043
no_stop_features_v1,1403900014508,0.8378452380952379,0.9608034752360464,1,1,0.6446172161172163,0.6218466501699043
no_stop_features_v1,1403900014512,0.975888888888889,0.9937214418754207,1,1,0.6446172161172163,0.6218466501699043
no_stop_features_v1,1403900014531,0.9864102564102564,0.999565969246422,1,1,0.6446172161172163,0.6218466501699043
no_stop_features_v1,1403900014546,0.9880158730158731,0.9999438737296605,1,1,0.6446172161172163,0.6218466501699043
no_stop_features_v1,1403900014550,0.9847936507936508,0.9999727269446583,1,1,0.6446172161172163,0.6218466501699043
no_stop_features_v1,1403900014565,0.9975,0.9999697666816812,1,1,0.6446172161172163,0.6218466501699043
no_stop_features_v1,140390001457A,0.9983333333333333,0.9999830508118098,1,1,0.6446172161172163,0.6218466501699043
no_stop_features_v1,1403900014584,0.9767222222222222,0.9962790450916967,1,1,0.6446172161172163,0.6218466501699043
no_stop_features_v1,1403900014599,0.9519444444444441,0.999172365160026,1,1,0.6446172161172163,0.6218466501699043
no_stop_features_v1,1403900014601,0.8961825396825397,0.9963399090797641,1,1,0.6446172161172163,0.6218466501699043
no_stop_features_v1,1403900014616,0.6056415343915345,0.8850186441617718,0,1,0.6446172161172163,0.6218466501699043
no_stop_features_v1,140390001464A,0.9758888888888888,0.9966522230365255,1,1,0.6446172161172163,0.6218466501699043
no_stop_features_v1,1403900014654,0.8916468253968253,0.9890938382421369,1,1,0.6446172161172163,0.6218466501699043
no_stop_features_v1,1403900014669,0.7236515873015873,0.8492659852060803,1,1,0.6446172161172163,0.6218466501699043
no_stop_features_v1,1403900014673,0.9966880341880343,0.9990824564218748,1,1,0.6446172161172163,0.6218466501699043
no_stop_features_v1,1403900014705,0.9681111111111109,0.9994115720914236,1,1,0.6446172161172163,0.6218466501699043
no_stop_features_v1,140390001471A,0.9966666666666667,0.9997173132299974,1,1,0.6446172161172163,0.6218466501699043
no_stop_features_v1,1403900014724,0.9958333333333333,0.9998827596829662,1,1,0.6446172161172163,0.6218466501699043
no_stop_features_v1,1403900014743,0.9879962546816478,0.9996209951159842,1,1,0.6446172161172163,0.6218466501699043
no_stop_features_v1,1403900014762,0.7765266955266954,0.7102044834790852,1,1,0.6446172161172163,0.6218466501699043
no_stop_features_v1,1403900014777,0.8980342537196471,0.9900657333597049,1,1,0.6446172161172163,0.6218466501699043
no_stop_features_v1,1403900014781,0.8029738106277343,0.9265772905906577,1,1,0.6446172161172163,0.6218466501699043
no_stop_features_v1,1403900014809,0.9022796636441137,0.988793402785144,1,1,0.6446172161172163,0.6218466501699043
no_stop_features_v1,1403900014813,0.8281851851851851,0.9686742056785023,1,1,0.6446172161172163,0.6218466501699043
no_stop_features_v1,1403900014828,0.8971189098043029,0.987480477182643,1,1,0.6446172161172163,0.6218466501699043
no_stop_features_v1,1403900014832,0.9391884781884782,0.9739844580716672,1,1,0.6446172161172163,0.6218466501699043
no_stop_features_v1,1403900014847,0.985690058479532,0.9996967664706952,1,1,0.6446172161172163,0.6218466501699043
no_stop_features_v1,1403900014851,0.9538039215686274,0.9925793039035737,1,1,0.6446172161172163,0.6218466501699043
no_stop_features_v1,1403900014866,0.9651653439153438,0.9988096479135604,1,1,0.6446172161172163,0.6218466501699043
no_stop_features_v1,1403900014870,0.9816296296296296,0.9985141157307592,1,1,0.6446172161172163,0.6218466501699043
no_stop_features_v1,1403900014885,0.917037037037037,0.9971460056628935,1,1,0.6446172161172163,0.6218466501699043
no_stop_features_v1,140390001489A,0.9976666666666669,0.9998898232258141,1,1,0.6446172161172163,0.6218466501699043
no_stop_features_v1,1403900014902,0.9862222222222222,0.9992667964257756,1,1,0.6446172161172163,0.6218466501699043
no_stop_features_v1,1403900014917,0.9983333333333333,0.9999739149864775,1,1,0.6446172161172163,0.6218466501699043
no_stop_features_v1,1403900014921,0.9456629213483146,0.9896456326950355,1,1,0.6446172161172163,0.6218466501699043
no_stop_features_v1,1403900014936,0.9958333333333333,0.9991471243181822,1,1,0.6446172161172163,0.6218466501699043
no_stop_features_v1,1403900014955,0.9727974987974989,0.9994779920596953,1,1,0.6446172161172163,0.6218466501699043
no_stop_features_v1,140390001496A,0.9952777777777779,0.9999665913545117,1,1,0.6446172161172163,0.6218466501699043
no_stop_features_v1,1403900014974,0.7896388888888892,0.9836151791159845,1,1,0.6446172161172163,0.6218466501699043
no_stop_features_v1,1403900014989,0.9256641654641654,0.9949632732026958,1,1,0.6446172161172163,0.6218466501699043
no_stop_features_v1,1403900014993,0.7403351370851369,0.9439911306884144,1,1,0.6446172161172163,0.6218466501699043
no_stop_features_v1,1403900015008,0.9684166666666664,0.9991493136743628,1,1,0.6446172161172163,0.6218466501699043
no_stop_features_v1,1403900015012,0.9927740324594257,0.9989470467395609,1,1,0.6446172161172163,0.6218466501699043
no_stop_features_v1,1403900015027,0.9971111111111111,0.9998593097223526,1,1,0.6446172161172163,0.6218466501699043
no_stop_features_v1,1403900015031,0.9395134504488435,0.9967617995767132,1,1,0.6446172161172163,0.6218466501699043
no_stop_features_v1,1403900015050,0.9115350852850855,0.9798338929477685,1,1,0.6446172161172163,0.6218466501699043
no_stop_features_v1,1403900015065,0.9881345029239764,0.9998641840573186,1,1,0.6446172161172163,0.6218466501699043
no_stop_features_v1,140390001507A,0.7599761904761904,0.8860156406782349,1,1,0.6446172161172163,0.6218466501699043
no_stop_features_v1,1403900015099,0.9218494292848226,0.9900491586426176,1,1,0.6446172161172163,0.6218466501699043
no_stop_features_v1,1403900015101,0.9795158730158731,0.999473140785352,1,1,0.6446172161172163,0.6218466501699043
no_stop_features_v1,1403900015116,0.9668730158730159,0.9987830156842112,1,1,0.6446172161172163,0.6218466501699043
no_stop_features_v1,1403900015120,0.9944126984126984,0.99513092747248,1,1,0.6446172161172163,0.6218466501699043
no_stop_features_v1,1403900015135,0.9869962546816479,0.9979616845158581,1,1,0.6446172161172163,0.6218466501699043
no_stop_features_v1,140390001514A,0.818383820819214,0.823845660953847,1,1,0.6446172161172163,0.6218466501699043
no_stop_features_v1,1403900015169,0.9879403744403746,0.9983755174600024,1,1,0.6446172161172163,0.6218466501699043
no_stop_features_v1,1403900015173,0.8571803751803752,0.9878633928322545,1,1,0.6446172161172163,0.6218466501699043
no_stop_features_v1,1403900015188,0.9746851851851852,0.9987641320507101,1,1,0.6446172161172163,0.6218466501699043
no_stop_features_v1,1403900015192,0.9583001443001441,0.9988165202256277,1,1,0.6446172161172163,0.6218466501699043
no_stop_features_v1,140390001521A,0.9874962546816478,0.9990366621216002,1,1,0.6446172161172163,0.6218466501699043
no_stop_features_v1,1403900015224,0.9947222222222221,0.9996219190100765,1,1,0.6446172161172163,0.6218466501699043
no_stop_features_v1,1403900015258,0.9496118652589242,0.9690292779747198,1,1,0.6446172161172163,0.6218466501699043
no_stop_features_v1,1403900015262,0.8725927960927963,0.9885351633702927,1,1,0.6446172161172163,0.6218466501699043
no_stop_features_v1,1403900015277,0.9542619047619049,0.9993732065046708,1,1,0.6446172161172163,0.6218466501699043
no_stop_features_v1,1403900015281,0.961166666666667,0.9989565924218877,1,1,0.6446172161172163,0.6218466501699043
no_stop_features_v1,1403900015296,0.9561073657927591,0.9906837887505433,1,1,0.6446172161172163,0.6218466501699043
no_stop_features_v1,1403900015309,1.0,0.9999654645460949,1,1,0.6446172161172163,0.6218466501699043
no_stop_features_v1,1403900015313,0.979722222222222,0.9984937225922309,1,1,0.6446172161172163,0.6218466501699043
no_stop_features_v1,1403900015328,0.3611553520978809,0.03425280185239865,0,0,0.6446172161172163,0.6218466501699043
no_stop_features_v1,1403900015332,0.9170198412698413,0.971383955631121,1,1,0.6446172161172163,0.6218466501699043
no_stop_features_v1,1403900015347,1.0,0.9999515516195935,1,1,0.6446172161172163,0.6218466501699043
no_stop_features_v1,1403900015351,0.9657727272727276,0.9996177718965414,1,1,0.6446172161172163,0.6218466501699043
no_stop_features_v1,1403900015366,0.9802777777777775,0.9999475884501998,1,1,0.6446172161172163,0.6218466501699043
no_stop_features_v1,1403900015370,1.0,0.9999887078483497,1,1,0.6446172161172163,0.6218466501699043
no_stop_features_v1,1403900015385,0.9659126984126984,0.9994504824860788,1,1,0.6446172161172163,0.6218466501699043
no_stop_features_v1,140390001539A,0.9031825396825398,0.9816796851123464,1,1,0.6446172161172163,0.6218466501699043
no_stop_features_v1,1403900015402,0.980611111111111,0.9996929677505771,1,1,0.6446172161172163,0.6218466501699043
no_stop_features_v1,1403900015417,0.9281706349206348,0.9955142441545503,1,1,0.6446172161172163,0.6218466501699043
no_stop_features_v1,1403900015421,0.7698547630086868,0.5649337422029056,1,0,0.6446172161172163,0.6218466501699043
no_stop_features_v1,1403900015436,0.7947791005291004,0.9068353832880717,1,1,0.6446172161172163,0.6218466501699043
no_stop_features_v1,1403900015440,0.9459202172096908,0.9994418798172408,1,1,0.6446172161172163,0.6218466501699043
no_stop_features_v1,140390001546A,0.7236269841269839,0.9505731269481817,1,1,0.6446172161172163,0.6218466501699043
no_stop_features_v1,1403900015489,0.9977777777777778,0.9999458618483371,1,1,0.6446172161172163,0.6218466501699043
no_stop_features_v1,1403900015506,0.7734444444444443,0.5868498403954563,1,0,0.6446172161172163,0.6218466501699043
no_stop_features_v1,1403900015510,0.5427738095238096,0.07943648114962393,0,0,0.6446172161172163,0.6218466501699043
no_stop_features_v1,1403900015525,0.36609523809523814,0.0771111058077755,0,0,0.6446172161172163,0.6218466501699043
no_stop_features_v1,140390001553A,0.5352420634920638,0.8498911922886228,0,1,0.6446172161172163,0.6218466501699043
no_stop_features_v1,1403900015544,0.4392751322751323,0.09696674863178137,0,0,0.6446172161172163,0.6218466501699043
no_stop_features_v1,1403900015559,0.9442777777777777,0.8596636928780033,1,1,0.6446172161172163,0.6218466501699043
no_stop_features_v1,1403900015563,0.9919444444444445,0.9997755937028816,1,1,0.6446172161172163,0.6218466501699043
no_stop_features_v1,1403900015578,0.9112063492063491,0.9985597210600435,1,1,0.6446172161172163,0.6218466501699043
no_stop_features_v1,140390001560A,0.9533571428571431,0.9960021743860944,1,1,0.6446172161172163,0.6218466501699043
no_stop_features_v1,1403900015633,0.6681878306878304,0.5380275425746496,1,0,0.6446172161172163,0.6218466501699043
no_stop_features_v1,1403900015648,0.6283998778998776,0.08691179418838751,0,0,0.6446172161172163,0.6218466501699043
no_stop_features_v1,1403900015652,1.0,0.9999062379350023,1,1,0.6446172161172163,0.6218466501699043
no_stop_features_v1,1403900015667,0.9983333333333333,0.9999010370036703,1,1,0.6446172161172163,0.6218466501699043
no_stop_features_v1,1403900015671,0.9851616161616162,0.9995198333416763,1,1,0.6446172161172163,0.6218466501699043
no_stop_features_v1,1404400010079,0.09178245184766923,0.042295222306757606,0,0,0.6446172161172163,0.6218466501699043
no_stop_features_v1,1404400010098,0.129671004471516,0.051999377522950314,0,0,0.6446172161172163,0.6218466501699043
no_stop_features_v1,1404400010100,0.1301185988758145,0.12531041598041182,0,0,0.6446172161172163,0.6218466501699043
no_stop_features_v1,1404400010280,0.14470738973215758,0.02854946494001902,0,0,0.6446172161172163,0.6218466501699043
no_stop_features_v1,1404400010327,0.0849816776586301,0.010895855330986477,0,0,0.6446172161172163,0.6218466501699043
no_stop_features_v1,140440002005A,0.05047385620915033,0.0006561769437707297,0,0,0.6446172161172163,0.6218466501699043
no_stop_features_v1,140440002012A,0.18029788255509818,0.05927961662696231,0,0,0.6446172161172163,0.6218466501699043
no_stop_features_v1,1404400020134,0.13499755067450317,0.19596219279894875,0,0,0.6446172161172163,0.6218466501699043
no_stop_features_v1,1404400020187,0.14703437427688404,0.05333538673224519,0,0,0.6446172161172163,0.6218466501699043
no_stop_features_v1,1404400050261,0.125024228589446,0.026261744436633146,0,0,0.6446172161172163,0.6218466501699043
no_stop_features_v1,1404400100238,0.05297385620915033,0.006988343165676298,0,0,0.6446172161172163,0.6218466501699043
no_stop_features_v1,1404400100242,0.05975575632097371,0.0104923700826432,0,0,0.6446172161172163,0.6218466501699043
no_stop_features_v1,1404400540401,0.2881429294142871,0.6218466501699043,0,1,0.6446172161172163,0.6218466501699043
no_stop_features_v1,1404400540416,0.37895707950759105,0.7875891894688094,0,1,0.6446172161172163,0.6218466501699043
no_stop_features_v1,1404400540435,0.02913259155954402,0.013468363233521605,0,0,0.6446172161172163,0.6218466501699043
no_stop_features_v1,140510001004A,0.08022222222222221,0.013312534699344073,0,0,0.6446172161172163,0.6218466501699043
no_stop_features_v1,1405100010054,0.810829365079365,0.9802812312408092,1,1,0.6446172161172163,0.6218466501699043
no_stop_features_v1,1405100010069,0.827456349206349,0.9711264724282161,1,1,0.6446172161172163,0.6218466501699043
no_stop_features_v1,1405100010105,0.4569749278499279,0.6833842112178593,0,1,0.6446172161172163,0.6218466501699043
no_stop_features_v1,1405100010139,0.06259566251614303,0.027540992857385076,0,0,0.6446172161172163,0.6218466501699043
no_stop_features_v1,1405100020181,0.06514826107521353,0.02018189623463607,0,0,0.6446172161172163,0.6218466501699043
no_stop_features_v1,1405100020196,0.08694568349619497,0.026621843732530747,0,0,0.6446172161172163,0.6218466501699043
no_stop_features_v1,1407000010030,0.695953004211625,0.8967246812675158,1,1,0.6446172161172163,0.6218466501699043
no_stop_features_v1,1407000010045,0.9159166666666669,0.9993082080114609,1,1,0.6446172161172163,0.6218466501699043
no_stop_features_v1,1407000010100,0.9838888888888888,0.9996608420405819,1,1,0.6446172161172163,0.6218466501699043
no_stop_features_v1,1407000010115,0.9257658730158731,0.9764095418816284,1,1,0.6446172161172163,0.6218466501699043
no_stop_features_v1,140700001012A,0.44105171530977977,0.13304743712080555,0,0,0.6446172161172163,0.6218466501699043
no_stop_features_v1,1407000010134,0.8108456593401523,0.9178299080371503,1,1,0.6446172161172163,0.6218466501699043
no_stop_features_v1,1407000010384,0.7620201973394032,0.874187400000396,1,1,0.6446172161172163,0.6218466501699043
no_stop_features_v1,1407000010399,0.6385793650793654,0.2389413130525745,0,0,0.6446172161172163,0.6218466501699043
no_stop_features_v1,1407000010581,0.5802991316675526,0.9434238305122756,0,1,0.6446172161172163,0.6218466501699043
no_stop_features_v1,1407000010702,0.7841216931216928,0.8854380779552447,1,1,0.6446172161172163,0.6218466501699043
no_stop_features_v1,1407000011503,0.8094235863551652,0.9217811516711995,1,1,0.6446172161172163,0.6218466501699043
no_stop_features_v1,140700013005A,0.8407742165242167,0.9601996061623321,1,1,0.6446172161172163,0.6218466501699043
no_stop_features_v1,1407000130083,0.8963333333333332,0.9548073965094207,1,1,0.6446172161172163,0.6218466501699043
no_stop_features_v1,1407000130238,0.9426107503607501,0.9998587289771667,1,1,0.6446172161172163,0.6218466501699043
no_stop_features_v1,1407000130327,0.7108370610870609,0.9046644546720185,1,1,0.6446172161172163,0.6218466501699043
no_stop_features_v1,1407000130350,0.5407420634920636,0.07833916639809489,0,0,0.6446172161172163,0.6218466501699043
no_stop_features_v1,1407000130365,0.24905771080771089,0.04818490122959214,0,0,0.6446172161172163,0.6218466501699043
no_stop_features_v1,1407000130401,1.0,0.9999830439365055,1,1,0.6446172161172163,0.6218466501699043
no_stop_features_v1,1407000130416,0.7258302097822881,0.9314387832418166,1,1,0.6446172161172163,0.6218466501699043
no_stop_features_v1,1407000130420,0.49136448310897646,0.15178990407724322,0,0,0.6446172161172163,0.6218466501699043
no_stop_features_v1,1407000130435,0.40937708649000065,0.10623453872105935,0,0,0.6446172161172163,0.6218466501699043
no_stop_features_v1,1407000131429,0.9597857142857146,0.9990110424085289,1,1,0.6446172161172163,0.6218466501699043
no_stop_features_v1,1407000131433,0.8815938653938654,0.9811649964542819,1,1,0.6446172161172163,0.6218466501699043
no_stop_features_v1,1407000131448,0.9969444444444445,0.999916227429649,1,1,0.6446172161172163,0.6218466501699043
no_stop_features_v1,1407000131452,0.8744911199911201,0.9792810116239004,1,1,0.6446172161172163,0.6218466501699043
no_stop_features_v1,1407000131471,0.8953871484266221,0.9618506395616967,1,1,0.6446172161172163,0.6218466501699043
no_stop_features_v1,1407000131486,0.9465119047619047,0.9972412624473141,1,1,0.6446172161172163,0.6218466501699043
no_stop_features_v1,1407000140219,0.9330557590557589,0.9958291261403927,1,1,0.6446172161172163,0.6218466501699043
no_stop_features_v1,1407000140223,0.8041944444444444,0.964987567059557,1,1,0.6446172161172163,0.6218466501699043
no_stop_features_v1,1407000140276,0.9642222222222222,0.9986114969261934,1,1,0.6446172161172163,0.6218466501699043
no_stop_features_v1,1407000140280,0.4405070610504047,0.2729566710743003,0,0,0.6446172161172163,0.6218466501699043
no_stop_features_v1,1407000140346,0.4348699498644431,0.16043120793316995,0,0,0.6446172161172163,0.6218466501699043
no_stop_features_v1,140700014044A,0.42374206349206356,0.10545315053670658,0,0,0.6446172161172163,0.6218466501699043
no_stop_features_v1,1407000140454,0.5913922102551243,0.3865347826770653,0,0,0.6446172161172163,0.6218466501699043
no_stop_features_v1,1407000140469,0.9393730158730159,0.9994331288441713,1,1,0.6446172161172163,0.6218466501699043
no_stop_features_v1,1407000140488,0.4754531024531024,0.06514283765966952,0,0,0.6446172161172163,0.6218466501699043
no_stop_features_v1,1407000140543,0.32099877993417314,0.02553718094620104,0,0,0.6446172161172163,0.6218466501699043
no_stop_features_v1,1407000140558,0.9472777777777778,0.9968446559837463,1,1,0.6446172161172163,0.6218466501699043
no_stop_features_v1,1407000140609,0.9573055555555555,0.9961392945458372,1,1,0.6446172161172163,0.6218466501699043
no_stop_features_v1,1407000140774,0.31491606541606554,0.047156415791228104,0,0,0.6446172161172163,0.6218466501699043
no_stop_features_v1,1407000140810,0.7543756613756617,0.8423248784290062,1,1,0.6446172161172163,0.6218466501699043
no_stop_features_v1,1407000140825,0.7169920634920638,0.7876842126456851,1,1,0.6446172161172163,0.6218466501699043
no_stop_features_v1,140700014083A,0.6446172161172162,0.6283340847962398,0,1,0.6446172161172163,0.6218466501699043
no_stop_features_v1,1407000140844,0.897361111111111,0.9940165424205665,1,1,0.6446172161172163,0.6218466501699043
no_stop_features_v1,1407000140859,0.9274007936507938,0.9907496272546006,1,1,0.6446172161172163,0.6218466501699043
no_stop_features_v1,1407000200079,0.9416322751322751,0.9800631045461221,1,1,0.6446172161172163,0.6218466501699043
no_stop_features_v1,1407000200191,0.8895119047619049,0.8515316553276802,1,1,0.6446172161172163,0.6218466501699043
no_stop_features_v1,1407000200242,0.943325396825397,0.9993662063706102,1,1,0.6446172161172163,0.6218466501699043
no_stop_features_v1,1407000200257,0.9496111111111111,0.9980290771298042,1,1,0.6446172161172163,0.6218466501699043
no_stop_features_v1,1407000200261,0.5713187830687833,0.05119886150096108,0,0,0.6446172161172163,0.6218466501699043
no_stop_features_v1,1407000200789,0.7888330909830908,0.9596300531349448,1,1,0.6446172161172163,0.6218466501699043
no_stop_features_v1,1407000201221,0.4326682376763022,0.14537696846522954,0,0,0.6446172161172163,0.6218466501699043
no_stop_features_v1,1407000201236,0.9454126984126985,0.9909382300139178,1,1,0.6446172161172163,0.6218466501699043
no_stop_features_v1,1407000201255,0.781595931845932,0.9609423626205505,1,1,0.6446172161172163,0.6218466501699043
no_stop_features_v1,140700020126A,0.41459542796384924,0.03251918855279552,0,0,0.6446172161172163,0.6218466501699043
no_stop_features_v1,1407000201397,0.7630742020822667,0.8596135384941346,1,1,0.6446172161172163,0.6218466501699043
no_stop_features_v1,1407000210736,0.9319404761904764,0.9769033076160281,1,1,0.6446172161172163,0.6218466501699043
no_stop_features_v1,140700021076A,0.7665320087282561,0.9741227376547806,1,1,0.6446172161172163,0.6218466501699043
no_stop_features_v1,1407000210967,0.32002116402116415,0.05964064541186969,0,0,0.6446172161172163,0.6218466501699043
no_stop_features_v1,1407000211005,0.9534404761904763,0.995590937928338,1,1,0.6446172161172163,0.6218466501699043
no_stop_features_v1,140700021101A,0.9451706349206352,0.9960856433689802,1,1,0.6446172161172163,0.6218466501699043
no_stop_features_v1,1407000211096,0.5914819732178457,0.8977800959001003,0,1,0.6446172161172163,0.6218466501699043
no_stop_features_v1,1407000211109,0.30400270587112693,0.22177763579915555,0,0,0.6446172161172163,0.6218466501699043
no_stop_features_v1,1407000211113,0.39976419204577096,0.0479007209163178,0,0,0.6446172161172163,0.6218466501699043
no_stop_features_v1,1407000211128,0.6296874699374702,0.9345323712402315,0,1,0.6446172161172163,0.6218466501699043
no_stop_features_v1,1407000211185,0.5914285714285713,0.1727544604644172,0,0,0.6446172161172163,0.6218466501699043
no_stop_features_v1,1407000430295,0.9521111111111112,0.9890842545689509,1,1,0.6446172161172163,0.6218466501699043
no_stop_features_v1,1407000430308,0.7129960317460317,0.9469987158971895,1,1,0.6446172161172163,0.6218466501699043
no_stop_features_v1,1407000430492,0.5734346764346763,0.4101289452463485,0,0,0.6446172161172163,0.6218466501699043
no_stop_features_v1,1407000430647,0.23256619793461908,0.053623663092653866,0,0,0.6446172161172163,0.6218466501699043
no_stop_features_v1,1407000430806,0.6871955944640159,0.9348833522216964,1,1,0.6446172161172163,0.6218466501699043
no_stop_features_v1,1407000430897,0.8271086356172562,0.9541077689586843,1,1,0.6446172161172163,0.6218466501699043
no_stop_features_v1,1407000431024,0.8162882615468824,0.9357505697614233,1,1,0.6446172161172163,0.6218466501699043
no_stop_features_v1,1407000431039,0.4735079028012466,0.1176791365248002,0,0,0.6446172161172163,0.6218466501699043
no_stop_features_v1,1407000431132,0.8163483602167811,0.966178931498509,1,1,0.6446172161172163,0.6218466501699043
no_stop_features_v1,1407001111359,0.8678496168582372,0.9933029800456746,1,1,0.6446172161172163,0.6218466501699043
no_stop_features_v1,1407001111378,0.8068019382453961,0.9370856847696705,1,1,0.6446172161172163,0.6218466501699043
no_stop_features_v1,1407001211518,0.3397935073007233,0.6539634379329149,0,1,0.6446172161172163,0.6218466501699043
no_stop_features_v1,1409700010195,0.944111111111111,0.994366493774577,1,1,0.6446172161172163,0.6218466501699043
no_stop_features_v1,1409700010208,0.7530443445443444,0.9423360319486439,1,1,0.6446172161172163,0.6218466501699043
no_stop_features_v1,1409700010212,0.9135425685425689,0.9662439264803218,1,1,0.6446172161172163,0.6218466501699043
no_stop_features_v1,1409700010532,0.9757567580567581,0.9997861942074888,1,1,0.6446172161172163,0.6218466501699043
no_stop_features_v1,1409700010636,0.8949168896022828,0.9959944030868408,1,1,0.6446172161172163,0.6218466501699043
no_stop_features_v1,1409700010918,0.9793333333333334,0.9994348387962831,1,1,0.6446172161172163,0.6218466501699043
no_stop_features_v1,1409700010922,0.9927222222222222,0.9999320222453799,1,1,0.6446172161172163,0.6218466501699043
no_stop_features_v1,1409700010937,0.9905555555555556,0.9998662599863665,1,1,0.6446172161172163,0.6218466501699043
no_stop_features_v1,1409700010941,0.9977777777777778,0.9998625650710001,1,1,0.6446172161172163,0.6218466501699043
no_stop_features_v1,1409700011121,0.9194722222222225,0.9757190894373086,1,1,0.6446172161172163,0.6218466501699043
no_stop_features_v1,1409700012115,0.9716148354472876,0.9992777540379607,1,1,0.6446172161172163,0.6218466501699043
no_stop_features_v1,140970001212A,0.9583333333333334,0.9975142913645408,1,1,0.6446172161172163,0.6218466501699043
no_stop_features_v1,1409700050335,0.28890077639328615,0.21093918846611628,0,0,0.6446172161172163,0.6218466501699043
no_stop_features_v1,140970005034A,0.09703109526638937,0.01067028166858083,0,0,0.6446172161172163,0.6218466501699043
no_stop_features_v1,1409700050640,0.13134229851925097,0.07368459729064586,0,0,0.6446172161172163,0.6218466501699043
no_stop_features_v1,1409700050655,0.04848412698412698,0.019161297940002726,0,0,0.6446172161172163,0.6218466501699043
no_stop_features_v1,1409700053166,0.05211671335200747,0.002876053978221063,0,0,0.6446172161172163,0.6218466501699043
no_stop_features_v1,1409700053503,0.06429925822621069,0.011411648553179948,0,0,0.6446172161172163,0.6218466501699043
no_stop_features_v1,1409700053518,0.01636916054611301,0.005505332514149416,0,0,0.6446172161172163,0.6218466501699043
no_stop_features_v1,1409700092810,0.8682579365079367,0.9930527796939843,1,1,0.6446172161172163,0.6218466501699043
no_stop_features_v1,1409700092863,0.1697493894993895,0.12027525276052428,0,0,0.6446172161172163,0.6218466501699043
no_stop_features_v1,1409700150227,0.09261587679282926,0.012607591076904416,0,0,0.6446172161172163,0.6218466501699043
no_stop_features_v1,1409700150956,0.10238290864012424,0.034458551731514166,0,0,0.6446172161172163,0.6218466501699043
no_stop_features_v1,1409700150960,0.09760354415405567,0.004438599032512226,0,0,0.6446172161172163,0.6218466501699043
no_stop_features_v1,1409700151348,0.21089802704997948,0.05218492091184793,0,0,0.6446172161172163,0.6218466501699043
no_stop_features_v1,1409700201013,0.9803333333333334,0.9990421474025465,1,1,0.6446172161172163,0.6218466501699043
no_stop_features_v1,1409700213838,0.8959325396825396,0.9883778145853565,1,1,0.6446172161172163,0.6218466501699043
no_stop_features_v1,1409700213842,0.49429184704184714,0.29276300841637526,0,0,0.6446172161172163,0.6218466501699043
no_stop_features_v1,1409700232755,0.8120727513227514,0.8860978433774058,1,1,0.6446172161172163,0.6218466501699043
no_stop_features_v1,140970023276A,0.9033697672697677,0.99367137280193,1,1,0.6446172161172163,0.6218466501699043
no_stop_features_v1,1409700250299,0.8796515873015871,0.9703682250276665,1,1,0.6446172161172163,0.6218466501699043
no_stop_features_v1,1409700250354,0.977063492063492,0.999468830932739,1,1,0.6446172161172163,0.6218466501699043
no_stop_features_v1,1409700250369,0.9797222222222225,0.9995638824702844,1,1,0.6446172161172163,0.6218466501699043
no_stop_features_v1,1409700250458,0.8854444444444446,0.9866965161712267,1,1,0.6446172161172163,0.6218466501699043
no_stop_features_v1,1409700250462,0.9704999999999999,0.9995491560523374,1,1,0.6446172161172163,0.6218466501699043
no_stop_features_v1,1409700250477,0.9895425685425687,0.998917043102194,1,1,0.6446172161172163,0.6218466501699043
no_stop_features_v1,1409700250759,0.9046065742536331,0.9966447123027946,1,1,0.6446172161172163,0.6218466501699043
no_stop_features_v1,1409700250763,0.941357142857143,0.9858872790163097,1,1,0.6446172161172163,0.6218466501699043
no_stop_features_v1,1409700250782,0.9163756613756613,0.982717753853319,1,1,0.6446172161172163,0.6218466501699043
no_stop_features_v1,1409700250797,0.9981536796536797,0.9998947917902901,1,1,0.6446172161172163,0.6218466501699043
no_stop_features_v1,140970025080A,0.9763011695906433,0.9998195649025747,1,1,0.6446172161172163,0.6218466501699043
no_stop_features_v1,1409700250814,0.4433148148148148,0.060750652007366464,0,0,0.6446172161172163,0.6218466501699043
no_stop_features_v1,1409700250994,0.9914444444444447,0.9993318480500998,1,1,0.6446172161172163,0.6218466501699043
no_stop_features_v1,140970025130A,0.8787764550264554,0.9879191122780501,1,1,0.6446172161172163,0.6218466501699043
no_stop_features_v1,1409700251390,0.9642777777777777,0.9989903604449358,1,1,0.6446172161172163,0.6218466501699043
no_stop_features_v1,1409700251403,0.7084916457811196,0.9236798856076402,1,1,0.6446172161172163,0.6218466501699043
no_stop_features_v1,1409700251456,0.2932487468671679,0.05433824195964633,0,0,0.6446172161172163,0.6218466501699043
no_stop_features_v1,1409700251460,0.9812222222222222,0.9997642010584554,1,1,0.6446172161172163,0.6218466501699043
no_stop_features_v1,1409700252223,0.5975291005291006,0.12683652099592263,0,0,0.6446172161172163,0.6218466501699043
no_stop_features_v1,1409700252295,0.16759126984126987,0.026454719194041576,0,0,0.6446172161172163,0.6218466501699043
no_stop_features_v1,1409700252399,0.8110400334834912,0.9663935067081406,1,1,0.6446172161172163,0.6218466501699043
no_stop_features_v1,1409700252420,0.1857415732415733,0.026555633506997675,0,0,0.6446172161172163,0.6218466501699043
no_stop_features_v1,1409700252558,0.4472669552669552,0.18642131907297413,0,0,0.6446172161172163,0.6218466501699043
no_stop_features_v1,1409700252609,0.9516830610881846,0.9762583327048934,1,1,0.6446172161172163,0.6218466501699043
no_stop_features_v1,1409700253005,0.7050634920634921,0.9886866689098153,1,1,0.6446172161172163,0.6218466501699043
no_stop_features_v1,1409700253024,0.9842857142857144,0.9977308830887517,1,1,0.6446172161172163,0.6218466501699043
no_stop_features_v1,1409700320053,0.9769444444444444,0.9997355148095558,1,1,0.6446172161172163,0.6218466501699043
no_stop_features_v1,1409700320180,0.9927777777777779,0.9995997765530198,1,1,0.6446172161172163,0.6218466501699043
no_stop_features_v1,1409700320265,0.8778174603174602,0.9977800778179294,1,1,0.6446172161172163,0.6218466501699043
no_stop_features_v1,140970032027A,0.805500693750694,0.9462729827354658,1,1,0.6446172161172163,0.6218466501699043
no_stop_features_v1,1409700320481,0.30184182046024155,0.05843255023339404,0,0,0.6446172161172163,0.6218466501699043
no_stop_features_v1,1409700320833,0.9695,0.9996517413007882,1,1,0.6446172161172163,0.6218466501699043
no_stop_features_v1,140970032116A,0.2542055770739981,0.027776687781549465,0,0,0.6446172161172163,0.6218466501699043
no_stop_features_v1,1409700321174,0.48145238095238074,0.16009627832221188,0,0,0.6446172161172163,0.6218466501699043
no_stop_features_v1,1409700321441,0.43902892779734864,0.2288786999087894,0,0,0.6446172161172163,0.6218466501699043
no_stop_features_v1,1409700340250,0.95065873015873,0.9983633619036637,1,1,0.6446172161172163,0.6218466501699043
no_stop_features_v1,1409700340373,0.8122133812300664,0.9824592104184829,1,1,0.6446172161172163,0.6218466501699043
no_stop_features_v1,1409700340388,0.7520661375661377,0.8019887763932252,1,1,0.6446172161172163,0.6218466501699043
no_stop_features_v1,1409700340848,0.929547619047619,0.9992535445805387,1,1,0.6446172161172163,0.6218466501699043
no_stop_features_v1,1409700342079,0.9628744598098528,0.993760146742307,1,1,0.6446172161172163,0.6218466501699043
no_stop_features_v1,1409700342505,0.5501746031746032,0.11604436305400304,0,0,0.6446172161172163,0.6218466501699043
no_stop_features_v1,1409700343221,0.7165992063492066,0.9048401679904288,1,1,0.6446172161172163,0.6218466501699043
no_stop_features_v1,1409700343236,0.9796111111111111,0.9994257497965412,1,1,0.6446172161172163,0.6218466501699043
no_stop_features_v1,1409700350138,0.9947777777777778,0.9994761410992179,1,1,0.6446172161172163,0.6218466501699043
no_stop_features_v1,1409700350231,0.8554601796455732,0.9910159913079908,1,1,0.6446172161172163,0.6218466501699043
no_stop_features_v1,1409700350551,0.9306247456247458,0.9956862868818839,1,1,0.6446172161172163,0.6218466501699043
no_stop_features_v1,1409700350867,0.8030234118822351,0.9610893855862357,1,1,0.6446172161172163,0.6218466501699043
no_stop_features_v1,1409700352435,0.8179865701836287,0.9558426073325875,1,1,0.6446172161172163,0.6218466501699043
no_stop_features_v1,1409700353240,0.8685137085137083,0.9610870002845983,1,1,0.6446172161172163,0.6218466501699043
no_stop_features_v1,1409700353734,0.402313492063492,0.05737959469710564,0,0,0.6446172161172163,0.6218466501699043
no_stop_features_v1,1409700353772,0.5760139490139491,0.8456560502907186,0,1,0.6446172161172163,0.6218466501699043
no_stop_features_v1,1409700353823,0.43478451178451155,0.15387583522009948,0,0,0.6446172161172163,0.6218466501699043
no_stop_features_v1,1409700381795,0.9872460317460316,0.9881111510827256,1,1,0.6446172161172163,0.6218466501699043
no_stop_features_v1,1409700381808,0.8920542328042327,0.9949950044370057,1,1,0.6446172161172163,0.6218466501699043
no_stop_features_v1,1409700382257,0.8581469918969918,0.9758804931182351,1,1,0.6446172161172163,0.6218466501699043
no_stop_features_v1,1409700383255,0.8819272912272912,0.9593303097429952,1,1,0.6446172161172163,0.6218466501699043
no_stop_features_v1,1409700411009,0.12193829600351339,0.006542625703253029,0,0,0.6446172161172163,0.6218466501699043
no_stop_features_v1,1409700411259,0.6126390837519977,0.7459238755687305,0,1,0.6446172161172163,0.6218466501699043
no_stop_features_v1,1409700411263,0.8825198412698412,0.9982720647803912,1,1,0.6446172161172163,0.6218466501699043
no_stop_features_v1,140970041333A,0.13753968253968252,0.04688904765838743,0,0,0.6446172161172163,0.6218466501699043
no_stop_features_v1,1409700413344,0.26786324786324794,0.04450263388847361,0,0,0.6446172161172163,0.6218466501699043
no_stop_features_v1,1409700432613,0.12292276712890754,0.027598771028054154,0,0,0.6446172161172163,0.6218466501699043
no_stop_features_v1,1409700432628,0.07567278041552235,0.011118475039228134,0,0,0.6446172161172163,0.6218466501699043
no_stop_features_v1,1409700463876,0.7971215728715731,0.9116902396437535,1,1,0.6446172161172163,0.6218466501699043
no_stop_features_v1,1409700931028,0.9819871794871797,0.9993671263165333,1,1,0.6446172161172163,0.6218466501699043
no_stop_features_v1,1409701150871,0.5343092806112332,0.7777393829613953,0,1,0.6446172161172163,0.6218466501699043
no_stop_features_v1,1409701150886,0.43038580289442363,0.12702052981497217,0,0,0.6446172161172163,0.6218466501699043
no_stop_features_v1,1409701150890,0.908611111111111,0.9957949535032594,1,1,0.6446172161172163,0.6218466501699043
no_stop_features_v1,1409701151992,0.16715526665469455,0.08596025704441955,0,0,0.6446172161172163,0.6218466501699043
no_stop_features_v1,1409701152007,0.9752777777777777,0.9998372997492884,1,1,0.6446172161172163,0.6218466501699043
no_stop_features_v1,1409701153363,0.9129404761904764,0.9966830832053606,1,1,0.6446172161172163,0.6218466501699043
no_stop_features_v1,140970180123A,0.5198380952380952,0.15203639589371712,0,0,0.6446172161172163,0.6218466501699043
no_stop_features_v1,1409701801244,0.946484126984127,0.9973567857724925,1,1,0.6446172161172163,0.6218466501699043
no_stop_features_v1,1409704240443,0.9938888888888887,0.9998444329060462,1,1,0.6446172161172163,0.6218466501699043
no_stop_features_v1,1409704240570,0.9278055555555559,0.9914658996615964,1,1,0.6446172161172163,0.6218466501699043
no_stop_features_v1,1409704240975,0.9866666666666667,0.9997794385701209,1,1,0.6446172161172163,0.6218466501699043
no_stop_features_v1,140970424098A,0.9668849206349207,0.9997028178639276,1,1,0.6446172161172163,0.6218466501699043
no_stop_features_v1,1409704241761,0.9973203463203464,0.9971552284861155,1,1,0.6446172161172163,0.6218466501699043
no_stop_features_v1,1409704241776,0.9989102564102563,0.9996880356733655,1,1,0.6446172161172163,0.6218466501699043
no_stop_features_v1,1409705601032,0.7771092592592591,0.9822423499710767,1,1,0.6446172161172163,0.6218466501699043
no_stop_features_v1,1409707771780,0.6494126984126987,0.9750336817371706,1,1,0.6446172161172163,0.6218466501699043
no_stop_features_v1,1409707772365,0.09065545111159144,0.021439591246424097,0,0,0.6446172161172163,0.6218466501699043
no_stop_features_v1,140970777237A,0.02443153335848582,0.0037239563130901437,0,0,0.6446172161172163,0.6218466501699043
no_stop_features_v1,140970777244A,0.40204708741550843,0.1731456068384577,0,0,0.6446172161172163,0.6218466501699043
no_stop_features_v1,1409708221526,0.9576073657927591,0.9979673918504283,1,1,0.6446172161172163,0.6218466501699043
no_stop_features_v1,1409708221530,0.8893214285714286,0.9599134946988415,1,1,0.6446172161172163,0.6218466501699043
no_stop_features_v1,1409708221545,0.8222019535088184,0.7808096772409223,1,1,0.6446172161172163,0.6218466501699043
no_stop_features_v1,140970822155A,0.8623182539682538,0.9921497609306124,1,1,0.6446172161172163,0.6218466501699043
no_stop_features_v1,1409708221564,0.7732835497835497,0.9405198174185446,1,1,0.6446172161172163,0.6218466501699043
no_stop_features_v1,1409708221579,0.980547619047619,0.9985425139198267,1,1,0.6446172161172163,0.6218466501699043
no_stop_features_v1,1409708221598,0.9077331200089818,0.9860183666247742,1,1,0.6446172161172163,0.6218466501699043
no_stop_features_v1,1409708221600,0.41764846079846085,0.12986204759245037,0,0,0.6446172161172163,0.6218466501699043
no_stop_features_v1,1409708221899,0.9698089269733771,0.9875953996110114,1,1,0.6446172161172163,0.6218466501699043
no_stop_features_v1,1409708221901,0.9542142857142856,0.9995652594367409,1,1,0.6446172161172163,0.6218466501699043
no_stop_features_v1,1409708221916,0.9111349206349206,0.9752850593715727,1,1,0.6446172161172163,0.6218466501699043
no_stop_features_v1,1409708221920,0.8976870710515211,0.930718810847067,1,1,0.6446172161172163,0.6218466501699043
no_stop_features_v1,1409708221935,0.988611111111111,0.9996408665612003,1,1,0.6446172161172163,0.6218466501699043
no_stop_features_v1,140970822194A,0.9775,0.9994070068989043,1,1,0.6446172161172163,0.6218466501699043
no_stop_features_v1,1409708221954,0.8758412698412698,0.968890092094583,1,1,0.6446172161172163,0.6218466501699043
no_stop_features_v1,1409708222168,0.9221255082149817,0.9797999255099356,1,1,0.6446172161172163,0.6218466501699043
no_stop_features_v1,1409708222219,0.4774584859584861,0.0972700554631314,0,0,0.6446172161172163,0.6218466501699043
no_stop_features_v1,1409708222469,0.8901149415503348,0.9934799390303575,1,1,0.6446172161172163,0.6218466501699043
no_stop_features_v1,1409708223077,0.8644242283386784,0.9958703955976884,1,1,0.6446172161172163,0.6218466501699043
no_stop_features_v1,1409708223471,0.7875964387464385,0.9948192975059843,1,1,0.6446172161172163,0.6218466501699043
no_stop_features_v1,1409708223749,0.7674738576238574,0.9846937700000912,1,1,0.6446172161172163,0.6218466501699043
no_stop_features_v1,1409708234041,0.39890476190476176,0.04180022563172997,0,0,0.6446172161172163,0.6218466501699043
no_stop_features_v1,1409708311634,0.3298862020332609,0.17461581344977342,0,0,0.6446172161172163,0.6218466501699043
no_stop_features_v1,1409708311649,0.7894975579975579,0.9407903631580246,1,1,0.6446172161172163,0.6218466501699043
no_stop_features_v1,1409708311653,0.8707972013366752,0.9972297734865774,1,1,0.6446172161172163,0.6218466501699043
no_stop_features_v1,1409708312011,0.4750952380952381,0.09259605028387777,0,0,0.6446172161172163,0.6218466501699043
no_stop_features_v1,1409708312026,0.5077331168831165,0.15029278332108104,0,0,0.6446172161172163,0.6218466501699043
no_stop_features_v1,1409708312030,0.9663055555555556,0.9963266179264202,1,1,0.6446172161172163,0.6218466501699043
no_stop_features_v1,1409708312187,0.7817758889684175,0.9709599794131055,1,1,0.6446172161172163,0.6218466501699043
no_stop_features_v1,1409708312971,0.9916111111111111,0.9999610780312349,1,1,0.6446172161172163,0.6218466501699043
no_stop_features_v1,1409708312986,0.8157619047619048,0.9552358043071159,1,1,0.6446172161172163,0.6218466501699043
no_stop_features_v1,1409708332933,0.7499667795167795,0.9090695242329024,1,1,0.6446172161172163,0.6218466501699043
no_stop_features_v1,1409708332948,0.9794126984126986,0.9990349262667501,1,1,0.6446172161172163,0.6218466501699043
no_stop_features_v1,1409708333537,0.2194842549923195,0.04337794278195492,0,0,0.6446172161172163,0.6218466501699043
no_stop_features_v1,1409708333607,0.8127156084656083,0.966821568413696,1,1,0.6446172161172163,0.6218466501699043
no_stop_features_v1,1409708352736,0.6984563678939946,0.7499910400284073,1,1,0.6446172161172163,0.6218466501699043
no_stop_features_v1,1409708352740,0.9437962962962964,0.9958374562618538,1,1,0.6446172161172163,0.6218466501699043
no_stop_features_v1,1409708362793,0.9687962962962966,0.9939859917360045,1,1,0.6446172161172163,0.6218466501699043
no_stop_features_v1,1409708362806,0.9647407407407407,0.9972444321511403,1,1,0.6446172161172163,0.6218466501699043
no_stop_features_v1,1409708432632,0.9489920634920633,0.9987674711732828,1,1,0.6446172161172163,0.6218466501699043
no_stop_features_v1,1409708432647,0.6869557098201597,0.1241349984647309,1,0,0.6446172161172163,0.6218466501699043
no_stop_features_v1,1409708432651,0.9726309523809523,0.9996063514652967,1,1,0.6446172161172163,0.6218466501699043
no_stop_features_v1,1409708432666,0.893293650793651,0.9951030049302779,1,1,0.6446172161172163,0.6218466501699043
no_stop_features_v1,1409708432685,0.955351851851852,0.9845297200210615,1,1,0.6446172161172163,0.6218466501699043
no_stop_features_v1,1409708432717,0.8953783068783064,0.9855602686695198,1,1,0.6446172161172163,0.6218466501699043
no_stop_features_v1,1409708441687,0.6749803816657749,0.08276524479444688,1,0,0.6446172161172163,0.6218466501699043
no_stop_features_v1,1409708441704,0.8051403226403225,0.9640585657514366,1,1,0.6446172161172163,0.6218466501699043
no_stop_features_v1,1409708443397,0.8980292022792024,0.9656019785663423,1,1,0.6446172161172163,0.6218466501699043
no_stop_features_v1,1409708443804,0.40582697857697875,0.12213869447741396,0,0,0.6446172161172163,0.6218466501699043
no_stop_features_v1,1409708524183,0.22753006253006253,0.10960380177643105,0,0,0.6446172161172163,0.6218466501699043
no_stop_features_v1,1409708531668,0.8143333333333332,0.9804950050639583,1,1,0.6446172161172163,0.6218466501699043
no_stop_features_v1,1409708532238,0.8114274442033061,0.9179973697356718,1,1,0.6446172161172163,0.6218466501699043
no_stop_features_v1,1409708614075,0.9241131663700315,0.9944676639382172,1,1,0.6446172161172163,0.6218466501699043
no_stop_features_v1,140970862290A,0.5897401117401116,0.1239339053977305,0,0,0.6446172161172163,0.6218466501699043
no_stop_features_v1,1409708622929,0.5746456469456468,0.07173822965626503,0,0,0.6446172161172163,0.6218466501699043
no_stop_features_v1,1409708623414,0.9807991452991452,0.9993913983148679,1,1,0.6446172161172163,0.6218466501699043
no_stop_features_v1,1409708634111,0.30630096073517127,0.11183668108044978,0,0,0.6446172161172163,0.6218466501699043
no_stop_features_v1,1409708634126,0.031465924892877355,0.004963940841090737,0,0,0.6446172161172163,0.6218466501699043
no_stop_features_v1,1409708634145,0.01436154778850025,0.005652181476445365,0,0,0.6446172161172163,0.6218466501699043
no_stop_features_v1,140970870408A,0.13362381330076578,0.061650974313189826,0,0,0.6446172161172163,0.6218466501699043
no_stop_features_v1,1409708743999,0.9274444444444445,0.9945926896701232,1,1,0.6446172161172163,0.6218466501699043
no_stop_features_v1,1409708744022,0.949555860805861,0.9993178337664333,1,1,0.6446172161172163,0.6218466501699043
no_stop_features_v1,1409708744037,0.792938616938617,0.9337316479210097,1,1,0.6446172161172163,0.6218466501699043
no_stop_features_v1,1409708824215,0.3913087083167729,0.1197882028315401,0,0,0.6446172161172163,0.6218466501699043
no_stop_features_v1,1409800010031,0.9977777777777778,0.9998119498023016,1,1,0.6446172161172163,0.6218466501699043
no_stop_features_v1,1409800010046,0.9146944444444446,0.9837268174075008,1,1,0.6446172161172163,0.6218466501699043
no_stop_features_v1,1409800010050,0.9872222222222221,0.9999718355400359,1,1,0.6446172161172163,0.6218466501699043
no_stop_features_v1,140980001007A,0.9943174603174602,0.9998272813025502,1,1,0.6446172161172163,0.6218466501699043
no_stop_features_v1,1409800010084,0.9404526038879969,0.9848137063903458,1,1,0.6446172161172163,0.6218466501699043
no_stop_features_v1,1409800010101,0.9972222222222221,0.9999661732330243,1,1,0.6446172161172163,0.6218466501699043
no_stop_features_v1,1409800010120,0.9681111111111111,0.9998902519369961,1,1,0.6446172161172163,0.6218466501699043
no_stop_features_v1,1409800010262,0.7939347646792576,0.9751320343143111,1,1,0.6446172161172163,0.6218466501699043
no_stop_features_v1,1409800010281,1.0,0.9999396723917853,1,1,0.6446172161172163,0.6218466501699043
no_stop_features_v1,1409800010296,0.6543081522279813,0.6863590712806649,1,1,0.6446172161172163,0.6218466501699043
no_stop_features_v1,1409800010347,0.9938888888888887,0.9994187529580998,1,1,0.6446172161172163,0.6218466501699043
no_stop_features_v1,1409800010351,0.9854999999999999,0.9992579211393943,1,1,0.6446172161172163,0.6218466501699043
no_stop_features_v1,1409800010370,0.8562063492063494,0.9886739088115755,1,1,0.6446172161172163,0.6218466501699043
no_stop_features_v1,1409800010385,0.9732740324594257,0.9991943629947398,1,1,0.6446172161172163,0.6218466501699043
no_stop_features_v1,1409800010474,0.9958333333333333,0.9998043218286248,1,1,0.6446172161172163,0.6218466501699043
no_stop_features_v1,1409800010506,1.0,0.9998384942529528,1,1,0.6446172161172163,0.6218466501699043
no_stop_features_v1,1409800010525,0.9646111111111113,0.9990693831481932,1,1,0.6446172161172163,0.6218466501699043
no_stop_features_v1,140980001053A,0.9961111111111113,0.9999284812940349,1,1,0.6446172161172163,0.6218466501699043
no_stop_features_v1,1409800010597,0.9838333333333332,0.9998629480917435,1,1,0.6446172161172163,0.6218466501699043
no_stop_features_v1,1409800010671,0.9709678362573101,0.9984835803783038,1,1,0.6446172161172163,0.6218466501699043
no_stop_features_v1,1409800010690,0.9880098530640326,0.9998900732719193,1,1,0.6446172161172163,0.6218466501699043
no_stop_features_v1,1409800010718,0.9647619047619048,0.9977615977829044,1,1,0.6446172161172163,0.6218466501699043
no_stop_features_v1,1409800010794,0.6339453494848233,0.4994832635294449,0,0,0.6446172161172163,0.6218466501699043
no_stop_features_v1,1409800010807,0.9130714285714284,0.9981363418848472,1,1,0.6446172161172163,0.6218466501699043
no_stop_features_v1,140980001085A,0.8105912698412698,0.8133068824308399,1,1,0.6446172161172163,0.6218466501699043
no_stop_features_v1,1409800010879,0.8533809523809522,0.9694023451543183,1,1,0.6446172161172163,0.6218466501699043
no_stop_features_v1,1409800010953,0.9643838383838382,0.9995558916753633,1,1,0.6446172161172163,0.6218466501699043
no_stop_features_v1,1409800010968,0.6204354081208016,0.0944896785661513,0,0,0.6446172161172163,0.6218466501699043
no_stop_features_v1,1409800010972,0.35031637806637816,0.026023869880148518,0,0,0.6446172161172163,0.6218466501699043
no_stop_features_v1,1409800010987,0.6074628427128423,0.08949531942958672,0,0,0.6446172161172163,0.6218466501699043
no_stop_features_v1,1409800010991,0.9888547008547011,0.9999564228529543,1,1,0.6446172161172163,0.6218466501699043
no_stop_features_v1,140980001103A,0.9828333333333332,0.9996810700759016,1,1,0.6446172161172163,0.6218466501699043
no_stop_features_v1,1409800011044,0.9449122807017544,0.9997219364069541,1,1,0.6446172161172163,0.6218466501699043
no_stop_features_v1,1409800011059,0.9656788872047489,0.9978619179441668,1,1,0.6446172161172163,0.6218466501699043
no_stop_features_v1,1409800011063,0.9998203463203464,0.9999428985829287,1,1,0.6446172161172163,0.6218466501699043
no_stop_features_v1,1409800011078,0.9002372405372407,0.9964535381469503,1,1,0.6446172161172163,0.6218466501699043
no_stop_features_v1,1409800011082,0.9515868838763576,0.9764334689177399,1,1,0.6446172161172163,0.6218466501699043
no_stop_features_v1,1409800011097,0.9983333333333333,0.9998681200041692,1,1,0.6446172161172163,0.6218466501699043
no_stop_features_v1,140980001110A,0.9548809523809522,0.9962744376862788,1,1,0.6446172161172163,0.6218466501699043
no_stop_features_v1,1409800011152,0.995,0.999928889494484,1,1,0.6446172161172163,0.6218466501699043
no_stop_features_v1,1409800011167,0.9936335095836087,0.99906413483101,1,1,0.6446172161172163,0.6218466501699043
no_stop_features_v1,1409800011171,0.5253690476190481,0.12350847116577576,0,0,0.6446172161172163,0.6218466501699043
no_stop_features_v1,1409800011190,0.8950770913339562,0.9881777889605892,1,1,0.6446172161172163,0.6218466501699043
no_stop_features_v1,1409800011203,0.9518408029878619,0.9817733376979255,1,1,0.6446172161172163,0.6218466501699043
no_stop_features_v1,1409800011218,0.9862222222222222,0.9999304674214988,1,1,0.6446172161172163,0.6218466501699043
no_stop_features_v1,1409800011222,0.9959999999999999,0.9998861846992033,1,1,0.6446172161172163,0.6218466501699043
no_stop_features_v1,1409800011237,0.837089947089947,0.8880675840255136,1,1,0.6446172161172163,0.6218466501699043
no_stop_features_v1,1409800011241,0.5307829266153791,0.1083074050892116,0,0,0.6446172161172163,0.6218466501699043
no_stop_features_v1,1409800011256,0.9786190476190474,0.9988973117633619,1,1,0.6446172161172163,0.6218466501699043
no_stop_features_v1,1409800011260,0.9769444444444446,0.999830278889983,1,1,0.6446172161172163,0.6218466501699043
no_stop_features_v1,1409800011294,0.6143596505450439,0.18064323686400716,0,0,0.6446172161172163,0.6218466501699043
no_stop_features_v1,1409800011330,0.9927777777777778,0.9999676937731576,1,1,0.6446172161172163,0.6218466501699043
no_stop_features_v1,1409800011345,0.9905555555555556,0.999903691049317,1,1,0.6446172161172163,0.6218466501699043
no_stop_features_v1,140980001135A,0.9334642857142857,0.9971188563927115,1,1,0.6446172161172163,0.6218466501699043
no_stop_features_v1,1409800011364,0.9375202986097725,0.9906355864218152,1,1,0.6446172161172163,0.6218466501699043
no_stop_features_v1,1409800011379,0.9051058201058199,0.9911832378129488,1,1,0.6446172161172163,0.6218466501699043
no_stop_features_v1,1409800011383,0.9944444444444446,0.9999001828587685,1,1,0.6446172161172163,0.6218466501699043
no_stop_features_v1,1409800011398,0.9446388888888888,0.9934490954386559,1,1,0.6446172161172163,0.6218466501699043
no_stop_features_v1,140980001142A,0.9884949494949495,0.9997589511583659,1,1,0.6446172161172163,0.6218466501699043
no_stop_features_v1,1409800011434,0.9904761904761905,0.9989111768901648,1,1,0.6446172161172163,0.6218466501699043
no_stop_features_v1,1409800011449,0.9456705331705331,0.9986019937531277,1,1,0.6446172161172163,0.6218466501699043
no_stop_features_v1,1409800011453,0.9545383597883593,0.9963761239695944,1,1,0.6446172161172163,0.6218466501699043
no_stop_features_v1,1409800011468,0.8245628735099321,0.9793455616640203,1,1,0.6446172161172163,0.6218466501699043
no_stop_features_v1,1409800011491,0.854932164846615,0.926444621292362,1,1,0.6446172161172163,0.6218466501699043
no_stop_features_v1,1409800011504,0.9818492063492064,0.9997411226049893,1,1,0.6446172161172163,0.6218466501699043
no_stop_features_v1,1409800011519,0.9282647907647907,0.98708745625613,1,1,0.6446172161172163,0.6218466501699043
no_stop_features_v1,1409800011538,0.9980555555555555,0.9999525554458827,1,1,0.6446172161172163,0.6218466501699043
no_stop_features_v1,1409800011542,0.9819235209235208,0.9998253294198561,1,1,0.6446172161172163,0.6218466501699043
no_stop_features_v1,1409800011576,0.9666666666666667,0.9884014814965612,1,1,0.6446172161172163,0.6218466501699043
no_stop_features_v1,1409800011595,0.5935056980056977,0.08994667823634538,0,0,0.6446172161172163,0.6218466501699043
no_stop_features_v1,1409800011608,0.9961111111111113,0.9999500884482331,1,1,0.6446172161172163,0.6218466501699043
no_stop_features_v1,1409800011631,0.9938888888888887,0.9999858573667355,1,1,0.6446172161172163,0.6218466501699043
no_stop_features_v1,1409800011646,0.9898044733044732,0.998155759398053,1,1,0.6446172161172163,0.6218466501699043
no_stop_features_v1,1409800011665,0.8570153439153442,0.9768484964741662,1,1,0.6446172161172163,0.6218466501699043
no_stop_features_v1,140980001167A,0.9533055555555556,0.9993793925147333,1,1,0.6446172161172163,0.6218466501699043
no_stop_features_v1,1409800011684,0.9410425685425688,0.9982373716760663,1,1,0.6446172161172163,0.6218466501699043
no_stop_features_v1,1409800011699,0.9689259259259259,0.9974903097015643,1,1,0.6446172161172163,0.6218466501699043
no_stop_features_v1,1409800011716,0.9952777777777779,0.999284469217075,1,1,0.6446172161172163,0.6218466501699043
no_stop_features_v1,1409800011720,0.9855079365079363,0.99925973628922,1,1,0.6446172161172163,0.6218466501699043
no_stop_features_v1,1409800011735,0.9139116728587314,0.9850084793806074,1,1,0.6446172161172163,0.6218466501699043
no_stop_features_v1,1409800011769,0.9746629213483147,0.999950176193069,1,1,0.6446172161172163,0.6218466501699043
no_stop_features_v1,1409800011773,0.6123000222000223,0.5607124487645382,0,0,0.6446172161172163,0.6218466501699043
no_stop_features_v1,1409800011805,0.43525655716832196,0.07515595984928843,0,0,0.6446172161172163,0.6218466501699043
no_stop_features_v1,1409800011839,0.3856746031746032,0.03864673175611782,0,0,0.6446172161172163,0.6218466501699043
no_stop_features_v1,1409800011877,0.5335634920634921,0.24771169925522038,0,0,0.6446172161172163,0.6218466501699043
no_stop_features_v1,1409800011928,0.9747222222222223,0.9986288508579244,1,1,0.6446172161172163,0.6218466501699043
no_stop_features_v1,1409800011951,0.9718888888888887,0.9997491904415426,1,1,0.6446172161172163,0.6218466501699043
no_stop_features_v1,1409800011966,0.5091787943641874,0.09456027196426006,0,0,0.6446172161172163,0.6218466501699043
no_stop_features_v1,1409800011970,0.5781150793650793,0.6814891988436461,0,1,0.6446172161172163,0.6218466501699043
no_stop_features_v1,1409800011985,0.8252721664272898,0.7555419033451404,1,1,0.6446172161172163,0.6218466501699043
no_stop_features_v1,1409800012004,0.42801758926208244,0.16148111295321735,0,0,0.6446172161172163,0.6218466501699043
no_stop_features_v1,1409800012042,0.858776862026862,0.9033310687475535,1,1,0.6446172161172163,0.6218466501699043
no_stop_features_v1,1409800012095,1.0,0.999913362827969,1,1,0.6446172161172163,0.6218466501699043
no_stop_features_v1,1409800012108,0.3351670163595453,0.02936287288408515,0,0,0.6446172161172163,0.6218466501699043
no_stop_features_v1,1409800012112,0.7880277777777777,0.9441959840854003,1,1,0.6446172161172163,0.6218466501699043
no_stop_features_v1,1409800012131,0.8777142857142857,0.9958775189763995,1,1,0.6446172161172163,0.6218466501699043
no_stop_features_v1,1409800012150,0.9944444444444444,0.9999391429107708,1,1,0.6446172161172163,0.6218466501699043
no_stop_features_v1,1409800012165,0.9902740324594256,0.9996310532677571,1,1,0.6446172161172163,0.6218466501699043
no_stop_features_v1,140980001217A,0.893744708994709,0.9738778022925033,1,1,0.6446172161172163,0.6218466501699043
no_stop_features_v1,1409800012199,0.35990476190476195,0.09500273643909289,0,0,0.6446172161172163,0.6218466501699043
no_stop_features_v1,1409800012201,0.5986247321192252,0.8826081167059531,0,1,0.6446172161172163,0.6218466501699043
no_stop_features_v1,1409800012216,0.4827896825396826,0.057801314496918575,0,0,0.6446172161172163,0.6218466501699043
no_stop_features_v1,1409800012220,0.6175886243386246,0.14924758580554118,0,0,0.6446172161172163,0.6218466501699043
no_stop_features_v1,1409800012235,0.37067460317460316,0.045674834592836895,0,0,0.6446172161172163,0.6218466501699043
no_stop_features_v1,140980001224A,0.880623015873016,0.9807791835623554,1,1,0.6446172161172163,0.6218466501699043
no_stop_features_v1,1409800012254,0.6197526455026455,0.09601440967864217,0,0,0.6446172161172163,0.6218466501699043
no_stop_features_v1,1409800012269,0.5124391534391535,0.07666824325647527,0,0,0.6446172161172163,0.6218466501699043
no_stop_features_v1,1409800012273,0.9731111111111111,0.9978214461663456,1,1,0.6446172161172163,0.6218466501699043
no_stop_features_v1,1409800012292,0.9222455648926235,0.9623049727281504,1,1,0.6446172161172163,0.6218466501699043
no_stop_features_v1,1409800012343,0.9878888888888891,0.9997799395147321,1,1,0.6446172161172163,0.6218466501699043
no_stop_features_v1,1409800012358,0.9355555555555556,0.9871955792522948,1,1,0.6446172161172163,0.6218466501699043
no_stop_features_v1,1409800012362,0.9013646616541355,0.9579378406814838,1,1,0.6446172161172163,0.6218466501699043
no_stop_features_v1,1409800012377,0.9938888888888887,0.999952468011114,1,1,0.6446172161172163,0.6218466501699043
no_stop_features_v1,1409800012381,0.976468253968254,0.9999297828389073,1,1,0.6446172161172163,0.6218466501699043
no_stop_features_v1,1409800012413,0.9987092352092354,0.9994112053874982,1,1,0.6446172161172163,0.6218466501699043
no_stop_features_v1,1409800012428,0.9390981240981243,0.9981825682501696,1,1,0.6446172161172163,0.6218466501699043
no_stop_features_v1,1409800012447,0.7674460798460798,0.8807141439985351,1,1,0.6446172161172163,0.6218466501699043
no_stop_features_v1,1409800012451,0.9811666666666667,0.9943175746315713,1,1,0.6446172161172163,0.6218466501699043
no_stop_features_v1,1409800012466,0.9607012025012026,0.9995512094823298,1,1,0.6446172161172163,0.6218466501699043
no_stop_features_v1,1409800012470,0.9452303816657749,0.9518044023835837,1,1,0.6446172161172163,0.6218466501699043
no_stop_features_v1,1409800012485,0.9919047619047618,0.9998374949773202,1,1,0.6446172161172163,0.6218466501699043
no_stop_features_v1,140980001249A,0.9511468253968254,0.9968922784215172,1,1,0.6446172161172163,0.6218466501699043
no_stop_features_v1,1409800012536,0.5161033975387912,0.07528254967213964,0,0,0.6446172161172163,0.6218466501699043
no_stop_features_v1,1409800012540,0.6463095238095237,0.06823519301848326,1,0,0.6446172161172163,0.6218466501699043
no_stop_features_v1,1409800012555,0.9734166666666668,0.9983717055824436,1,1,0.6446172161172163,0.6218466501699043
no_stop_features_v1,1409800012574,0.7735595238095235,0.8166266302551038,1,1,0.6446172161172163,0.6218466501699043
no_stop_features_v1,1409800012589,0.9028725490196077,0.9849145691716391,1,1,0.6446172161172163,0.6218466501699043
no_stop_features_v1,1409800012606,0.9427777777777775,0.9981480724797034,1,1,0.6446172161172163,0.6218466501699043
no_stop_features_v1,1409800012610,0.9362910052910055,0.9970450643179348,1,1,0.6446172161172163,0.6218466501699043
no_stop_features_v1,1409800012625,0.583410654160654,0.09486697245450064,0,0,0.6446172161172163,0.6218466501699043
no_stop_features_v1,140980001263A,0.887600529100529,0.9864364776329059,1,1,0.6446172161172163,0.6218466501699043
no_stop_features_v1,1409800012644,0.8169713064713063,0.9549875288704406,1,1,0.6446172161172163,0.6218466501699043
no_stop_features_v1,1409800012659,0.9733295880149812,0.9996026276802998,1,1,0.6446172161172163,0.6218466501699043
no_stop_features_v1,1409800012697,0.9767738095238094,0.9894342029009012,1,1,0.6446172161172163,0.6218466501699043
no_stop_features_v1,140980001270A,0.9588888888888891,0.9997877301360976,1,1,0.6446172161172163,0.6218466501699043
no_stop_features_v1,1409800012714,0.5634025974025973,0.08287861871956242,0,0,0.6446172161172163,0.6218466501699043
no_stop_features_v1,1409800012729,0.9258837421837421,0.9632779164353877,1,1,0.6446172161172163,0.6218466501699043
no_stop_features_v1,1409800012733,0.9534444444444443,0.9854576167882506,1,1,0.6446172161172163,0.6218466501699043
no_stop_features_v1,1409800012748,0.8842222222222221,0.9873829179393796,1,1,0.6446172161172163,0.6218466501699043
no_stop_features_v1,1409800012752,0.7491822957647479,0.904097475285185,1,1,0.6446172161172163,0.6218466501699043
no_stop_features_v1,1409800012767,0.964125901875902,0.9982456364669567,1,1,0.6446172161172163,0.6218466501699043
no_stop_features_v1,1409800012771,0.9468203463203463,0.9992657094739873,1,1,0.6446172161172163,0.6218466501699043
no_stop_features_v1,1409800012786,0.913728515633639,0.9633112057964144,1,1,0.6446172161172163,0.6218466501699043
no_stop_features_v1,1409800012790,0.6191428571428571,0.0463324750703465,0,0,0.6446172161172163,0.6218466501699043
no_stop_features_v1,1409800012803,0.9717578162578161,0.9996828301732041,1,1,0.6446172161172163,0.6218466501699043
no_stop_features_v1,1409800012818,0.9767043512043512,0.9919689007763909,1,1,0.6446172161172163,0.6218466501699043
no_stop_features_v1,1409800012822,0.8645981240981242,0.8634406697825747,1,1,0.6446172161172163,0.6218466501699043
no_stop_features_v1,1409800012856,0.9497222222222222,0.9960975351286354,1,1,0.6446172161172163,0.6218466501699043
no_stop_features_v1,1409800012860,0.9220015262515263,0.9913191335311816,1,1,0.6446172161172163,0.6218466501699043
no_stop_features_v1,1409800012894,0.6775250120250121,0.8507831636459026,1,1,0.6446172161172163,0.6218466501699043
no_stop_features_v1,1409800012964,0.9890476190476188,0.9998724446345384,1,1,0.6446172161172163,0.6218466501699043
no_stop_features_v1,1409800012979,0.8678557325027912,0.960525557552327,1,1,0.6446172161172163,0.6218466501699043
no_stop_features_v1,1409800012983,0.5994025974025974,0.09864711980270467,0,0,0.6446172161172163,0.6218466501699043
no_stop_features_v1,1409800013036,0.9683888888888889,0.9995160296122071,1,1,0.6446172161172163,0.6218466501699043
no_stop_features_v1,1409800013055,0.8804670592251239,0.9317890334091395,1,1,0.6446172161172163,0.6218466501699043
no_stop_features_v1,140980001306A,0.7995232409202996,0.9676094543263977,1,1,0.6446172161172163,0.6218466501699043
no_stop_features_v1,1409800013074,0.9234143338143339,0.9939607999802796,1,1,0.6446172161172163,0.6218466501699043
no_stop_features_v1,1409800013110,0.9197489177489178,0.9950466102977666,1,1,0.6446172161172163,0.6218466501699043
no_stop_features_v1,1409800013163,0.6157462800043446,0.852877656399697,0,1,0.6446172161172163,0.6218466501699043
no_stop_features_v1,1409800013197,0.9743650793650795,0.9998681274232825,1,1,0.6446172161172163,0.6218466501699043
no_stop_features_v1,140980001320A,0.8443467837821772,0.9762423216093816,1,1,0.6446172161172163,0.6218466501699043
no_stop_features_v1,1409800013214,0.9778809523809523,0.997703521845249,1,1,0.6446172161172163,0.6218466501699043
no_stop_features_v1,1409800013286,0.6253333333333334,0.13249710882898835,0,0,0.6446172161172163,0.6218466501699043
no_stop_features_v1,1409800013290,0.9637499999999998,0.9897407807196825,1,1,0.6446172161172163,0.6218466501699043
no_stop_features_v1,1409800013303,0.8345849687349686,0.9772832458605664,1,1,0.6446172161172163,0.6218466501699043
no_stop_features_v1,1409800013360,0.7952987197987197,0.9547744566697222,1,1,0.6446172161172163,0.6218466501699043
no_stop_features_v1,140980001338A,0.89949880525687,0.9962289837716934,1,1,0.6446172161172163,0.6218466501699043
no_stop_features_v1,1409800140027,0.9964999999999999,0.999931792191648,1,1,0.6446172161172163,0.6218466501699043
no_stop_features_v1,1409800141114,0.9801666666666667,0.999882486945733,1,1,0.6446172161172163,0.6218466501699043
no_stop_features_v1,1409800141129,0.9200357646252384,0.9694144120736211,1,1,0.6446172161172163,0.6218466501699043
no_stop_features_v1,1409800142019,0.5603958952039596,0.966187265944876,0,1,0.6446172161172163,0.6218466501699043
no_stop_features_v1,1409800142023,0.8969708994708994,0.9909743395874585,1,1,0.6446172161172163,0.6218466501699043
no_stop_features_v1,1409800142127,0.37058015434857555,0.0681561969767104,0,0,0.6446172161172163,0.6218466501699043
no_stop_features_v1,1409800142945,0.4415472564472565,0.10206041109074374,0,0,0.6446172161172163,0.6218466501699043
no_stop_features_v1,1409800143017,0.4711949241653096,0.1440328840856704,0,0,0.6446172161172163,0.6218466501699043
no_stop_features_v1,1409800143159,0.4001623376623377,0.09611240280568895,0,0,0.6446172161172163,0.6218466501699043
no_stop_features_v1,1409800143178,0.9438472933541582,0.9993714994272583,1,1,0.6446172161172163,0.6218466501699043
no_stop_features_v1,1409800143248,0.41413506376664294,0.08491963349759406,0,0,0.6446172161172163,0.6218466501699043
no_stop_features_v1,1409801282875,0.6020373977873978,0.7696147410750052,0,1,0.6446172161172163,0.6218466501699043
no_stop_features_v1,140980128288A,0.946100194608259,0.9986993383175756,1,1,0.6446172161172163,0.6218466501699043
no_stop_features_v1,1410100010147,0.9945789473684209,0.9999563739096711,1,1,0.6446172161172163,0.6218466501699043
no_stop_features_v1,1410100010151,0.9512472527472527,0.9986746148263648,1,1,0.6446172161172163,0.6218466501699043
no_stop_features_v1,141010001019A,0.9377645502645504,0.9987467074801792,1,1,0.6446172161172163,0.6218466501699043
no_stop_features_v1,1410100010202,0.9800075187969925,0.9999903615931273,1,1,0.6446172161172163,0.6218466501699043
no_stop_features_v1,1410100010310,0.8412740324594261,0.9834291451132771,1,1,0.6446172161172163,0.6218466501699043
no_stop_features_v1,1410100010363,0.9401388888888887,0.9991841462094732,1,1,0.6446172161172163,0.6218466501699043
no_stop_features_v1,1410100010378,0.8437171541525472,0.9090331256939643,1,1,0.6446172161172163,0.6218466501699043
no_stop_features_v1,1410100010382,0.9714550264550265,0.9992260725852241,1,1,0.6446172161172163,0.6218466501699043
no_stop_features_v1,1410100010397,0.9920425685425684,0.9998932200176541,1,1,0.6446172161172163,0.6218466501699043
no_stop_features_v1,141010001040A,0.974987012987013,0.9996249187839295,1,1,0.6446172161172163,0.6218466501699043
no_stop_features_v1,1410100010433,0.935607142857143,0.993016566530397,1,1,0.6446172161172163,0.6218466501699043
no_stop_features_v1,1410100010448,0.9035676832530761,0.9973660154404111,1,1,0.6446172161172163,0.6218466501699043
no_stop_features_v1,1410100010452,0.8321455026455025,0.9662265585318753,1,1,0.6446172161172163,0.6218466501699043
no_stop_features_v1,1410100010471,0.9878333333333335,0.9994224389797611,1,1,0.6446172161172163,0.6218466501699043
no_stop_features_v1,1410100010486,0.9869122807017542,0.9999811007207363,1,1,0.6446172161172163,0.6218466501699043
no_stop_features_v1,1410100010490,0.9179314398668331,0.9814359413991748,1,1,0.6446172161172163,0.6218466501699043
no_stop_features_v1,1410100010503,0.9740991045991046,0.9973244631307426,1,1,0.6446172161172163,0.6218466501699043
no_stop_features_v1,1410100010537,0.990576923076923,0.9994326425549487,1,1,0.6446172161172163,0.6218466501699043
no_stop_features_v1,1410100010541,0.8908482082836018,0.9629190803178898,1,1,0.6446172161172163,0.6218466501699043
no_stop_features_v1,1410100010556,0.5748425925925927,0.09422786735018546,0,0,0.6446172161172163,0.6218466501699043
no_stop_features_v1,1410100010575,0.9130079365079365,0.9819678802053589,1,1,0.6446172161172163,0.6218466501699043
no_stop_features_v1,1410100010611,0.707521164021164,0.9235262673620378,1,1,0.6446172161172163,0.6218466501699043
no_stop_features_v1,1410100010630,0.8469998383968974,0.9282343222475612,1,1,0.6446172161172163,0.6218466501699043
no_stop_features_v1,1410100010645,0.9850555555555557,0.9996852668472483,1,1,0.6446172161172163,0.6218466501699043
no_stop_features_v1,141010001065A,0.939307705972156,0.9981913942289536,1,1,0.6446172161172163,0.6218466501699043
no_stop_features_v1,1410100010679,0.9376111111111112,0.9947670268235579,1,1,0.6446172161172163,0.6218466501699043
no_stop_features_v1,1410100010700,0.9767264134118065,0.9952838154243753,1,1,0.6446172161172163,0.6218466501699043
no_stop_features_v1,1410100010715,0.9548333333333333,0.9856783466107515,1,1,0.6446172161172163,0.6218466501699043
no_stop_features_v1,141010001072A,0.9582698412698414,0.9977650747582368,1,1,0.6446172161172163,0.6218466501699043
no_stop_features_v1,1410100010734,0.6375216450216447,0.6252094911457503,0,1,0.6446172161172163,0.6218466501699043
no_stop_features_v1,1410100010749,0.5151936026936028,0.8549839043259747,0,1,0.6446172161172163,0.6218466501699043
no_stop_features_v1,1410100010753,0.9328408029878618,0.9819678802053589,1,1,0.6446172161172163,0.6218466501699043
no_stop_features_v1,1410100010768,0.9721345029239764,0.9987936505920807,1,1,0.6446172161172163,0.6218466501699043
no_stop_features_v1,1410100010772,0.8841153023006956,0.9477554321848773,1,1,0.6446172161172163,0.6218466501699043
no_stop_features_v1,1410100010787,0.9711258843112773,0.9998277114575489,1,1,0.6446172161172163,0.6218466501699043
no_stop_features_v1,1410100010791,0.835726413411807,0.9738820793029919,1,1,0.6446172161172163,0.6218466501699043
no_stop_features_v1,1410100010823,0.9634962546816481,0.9989123082299742,1,1,0.6446172161172163,0.6218466501699043
no_stop_features_v1,1410100010857,0.9524765062523681,0.9962840894837123,1,1,0.6446172161172163,0.6218466501699043
no_stop_features_v1,1410100010861,0.9966666666666667,0.9998291981025534,1,1,0.6446172161172163,0.6218466501699043
no_stop_features_v1,1410100010880,0.9806969696969698,0.9997504380877904,1,1,0.6446172161172163,0.6218466501699043
no_stop_features_v1,1410100010895,0.929125901875902,0.9994077143720528,1,1,0.6446172161172163,0.6218466501699043
no_stop_features_v1,1410100010912,0.9966666666666667,0.9999658191488627,1,1,0.6446172161172163,0.6218466501699043
no_stop_features_v1,1410100010927,0.9859444444444443,0.9998930331298088,1,1,0.6446172161172163,0.6218466501699043
no_stop_features_v1,1410100010931,0.9983333333333333,0.9999482404537126,1,1,0.6446172161172163,0.6218466501699043
no_stop_features_v1,1410100010946,0.9977777777777779,0.9999862519791755,1,1,0.6446172161172163,0.6218466501699043
no_stop_features_v1,1410100010950,0.9275536948431685,0.9998623798123741,1,1,0.6446172161172163,0.6218466501699043
no_stop_features_v1,1410100010965,0.876788679185738,0.9866297239405437,1,1,0.6446172161172163,0.6218466501699043
no_stop_features_v1,141010001097A,0.9983333333333333,0.9999389203879774,1,1,0.6446172161172163,0.6218466501699043
no_stop_features_v1,1410100010984,0.9883333333333333,0.999745982383232,1,1,0.6446172161172163,0.6218466501699043
no_stop_features_v1,1410100010999,0.8255891686286423,0.9245835735666438,1,1,0.6446172161172163,0.6218466501699043
no_stop_features_v1,1410100011003,0.9455555555555555,0.9989814710777998,1,1,0.6446172161172163,0.6218466501699043
no_stop_features_v1,1410100011018,0.9542499999999997,0.9992293013082888,1,1,0.6446172161172163,0.6218466501699043
no_stop_features_v1,1410100011022,0.9646507936507938,0.9869887290742173,1,1,0.6446172161172163,0.6218466501699043
no_stop_features_v1,1410100011037,0.9497637906282408,0.9963777176009866,1,1,0.6446172161172163,0.6218466501699043
no_stop_features_v1,1410100011041,0.9856111111111113,0.9997246787358101,1,1,0.6446172161172163,0.6218466501699043
no_stop_features_v1,1410100011056,0.9554999999999999,0.9866130323672144,1,1,0.6446172161172163,0.6218466501699043
no_stop_features_v1,1410100011075,0.9918851435705369,0.9996705063788633,1,1,0.6446172161172163,0.6218466501699043
no_stop_features_v1,141010001108A,0.8915615790684442,0.9950369376716607,1,1,0.6446172161172163,0.6218466501699043
no_stop_features_v1,1410100011094,0.912570328755722,0.9684958124301097,1,1,0.6446172161172163,0.6218466501699043
no_stop_features_v1,1410100011107,0.994141414141414,0.9993453091328096,1,1,0.6446172161172163,0.6218466501699043
no_stop_features_v1,1410100011126,0.9429036620890552,0.98382571174747,1,1,0.6446172161172163,0.6218466501699043
no_stop_features_v1,1410100011130,0.6204102564102566,0.09602960507869665,0,0,0.6446172161172163,0.6218466501699043
no_stop_features_v1,1410100011145,0.9955555555555554,0.9998314323537447,1,1,0.6446172161172163,0.6218466501699043
no_stop_features_v1,141010001115A,0.42666269841269855,0.09487396105623051,0,0,0.6446172161172163,0.6218466501699043
no_stop_features_v1,1410100011183,0.8390608465608468,0.9857435095312359,1,1,0.6446172161172163,0.6218466501699043
no_stop_features_v1,1410100011200,0.9141655668509602,0.9776178092427426,1,1,0.6446172161172163,0.6218466501699043
no_stop_features_v1,1410100011268,0.8839034391534392,0.9812810197825891,1,1,0.6446172161172163,0.6218466501699043
no_stop_features_v1,1410100011287,0.4634307607850543,0.13438997457793947,0,0,0.6446172161172163,0.6218466501699043
no_stop_features_v1,1410100011304,0.9405200642054573,0.9982926813151929,1,1,0.6446172161172163,0.6218466501699043
no_stop_features_v1,1410100011319,0.9703252950752951,0.9960648815142035,1,1,0.6446172161172163,0.6218466501699043
no_stop_features_v1,1410100011338,0.9809393939393939,0.9911308313347242,1,1,0.6446172161172163,0.6218466501699043
no_stop_features_v1,1410100011357,0.9666666666666665,0.9968449370111805,1,1,0.6446172161172163,0.6218466501699043
no_stop_features_v1,1410100011361,0.8601096505450438,0.98813233414611,1,1,0.6446172161172163,0.6218466501699043
no_stop_features_v1,1410100011395,0.9838888888888889,0.9987838708726251,1,1,0.6446172161172163,0.6218466501699043
no_stop_features_v1,1410100011412,0.9930303030303029,0.9989452676114983,1,1,0.6446172161172163,0.6218466501699043
no_stop_features_v1,1410100011446,0.9691349206349206,0.9980010528827052,1,1,0.6446172161172163,0.6218466501699043
no_stop_features_v1,141010001147A,0.9376705146705147,0.9883556167118381,1,1,0.6446172161172163,0.6218466501699043
no_stop_features_v1,1410100011484,0.983936400201106,0.9987445456865838,1,1,0.6446172161172163,0.6218466501699043
no_stop_features_v1,1410100011501,0.29321741221741227,0.11302488120238288,0,0,0.6446172161172163,0.6218466501699043
no_stop_features_v1,1410100011516,0.9208849206349207,0.97269995384446,1,1,0.6446172161172163,0.6218466501699043
no_stop_features_v1,1410100011554,0.9594043441938183,0.9981054947331035,1,1,0.6446172161172163,0.6218466501699043
no_stop_features_v1,1410100011569,0.8920888472742406,0.985357506118602,1,1,0.6446172161172163,0.6218466501699043
no_stop_features_v1,1410100011573,0.9781769374416434,0.9996586394996867,1,1,0.6446172161172163,0.6218466501699043
no_stop_features_v1,1410100011588,0.9857222222222223,0.9987766077795079,1,1,0.6446172161172163,0.6218466501699043
no_stop_features_v1,1410100011592,0.862843915343915,0.9938035041154604,1,1,0.6446172161172163,0.6218466501699043
no_stop_features_v1,1410100011605,0.9707777777777781,0.9987027881317215,1,1,0.6446172161172163,0.6218466501699043
no_stop_features_v1,141010001161A,0.9720000000000001,0.9996852300643915,1,1,0.6446172161172163,0.6218466501699043
no_stop_features_v1,1410100011624,0.974079365079365,0.9979120857887549,1,1,0.6446172161172163,0.6218466501699043
no_stop_features_v1,1410100011639,0.516485205817658,0.11306446758171969,0,0,0.6446172161172163,0.6218466501699043
no_stop_features_v1,1410100011643,0.9993333333333334,0.9997564094310857,1,1,0.6446172161172163,0.6218466501699043
no_stop_features_v1,1410100011658,0.24769552669552677,0.05798030612053668,0,0,0.6446172161172163,0.6218466501699043
no_stop_features_v1,1410100011766,0.956681439866833,0.9964262784800969,1,1,0.6446172161172163,0.6218466501699043
no_stop_features_v1,1410100011770,0.9386149917620507,0.9962359157108116,1,1,0.6446172161172163,0.6218466501699043
no_stop_features_v1,141010001179A,0.924334554334554,0.9891508226491336,1,1,0.6446172161172163,0.6218466501699043
no_stop_features_v1,1410100011982,0.9717380952380952,0.99761062189833,1,1,0.6446172161172163,0.6218466501699043
no_stop_features_v1,1410100011997,0.9883333333333333,0.9994437012754168,1,1,0.6446172161172163,0.6218466501699043
no_stop_features_v1,1410100012001,0.9963333333333333,0.9998707145324645,1,1,0.6446172161172163,0.6218466501699043
no_stop_features_v1,1410100012016,0.9402207792207791,0.9983126770571893,1,1,0.6446172161172163,0.6218466501699043
no_stop_features_v1,1410100012020,0.995,0.9999524415421521,1,1,0.6446172161172163,0.6218466501699043
no_stop_features_v1,1410100012035,0.8373724867724865,0.97980930708548,1,1,0.6446172161172163,0.6218466501699043
no_stop_features_v1,1410100012054,0.9817460317460316,0.9996294488214275,1,1,0.6446172161172163,0.6218466501699043
no_stop_features_v1,1410100012073,0.9631152005505939,0.9986789250428864,1,1,0.6446172161172163,0.6218466501699043
no_stop_features_v1,1410100012088,0.9552737077737078,0.9992522972500517,1,1,0.6446172161172163,0.6218466501699043
no_stop_features_v1,1410100012251,0.8034564772145418,0.9452363566407076,1,1,0.6446172161172163,0.6218466501699043
no_stop_features_v1,1410100012478,0.9748850038850039,0.9990957740642227,1,1,0.6446172161172163,0.6218466501699043
no_stop_features_v1,1410100091450,0.9983333333333333,0.9996856073366565,1,1,0.6446172161172163,0.6218466501699043
no_stop_features_v1,1410100091465,0.9729870129870128,0.9858707331125389,1,1,0.6446172161172163,0.6218466501699043
no_stop_features_v1,1410100091520,0.9519523809523806,0.9998408637094627,1,1,0.6446172161172163,0.6218466501699043
no_stop_features_v1,1410100091535,0.9767838964483468,0.9995277113793435,1,1,0.6446172161172163,0.6218466501699043
no_stop_features_v1,1410100091662,0.8494311151811154,0.9745795459321014,1,1,0.6446172161172163,0.6218466501699043
no_stop_features_v1,1410100091677,0.9915555555555556,0.9977520596733088,1,1,0.6446172161172163,0.6218466501699043
no_stop_features_v1,1410100091681,0.8444103119103119,0.9521960224157218,1,1,0.6446172161172163,0.6218466501699043
no_stop_features_v1,1410100091696,0.5736972668943252,0.2145190395815972,0,0,0.6446172161172163,0.6218466501699043
no_stop_features_v1,1410100091802,0.9076137566137564,0.9759651764104713,1,1,0.6446172161172163,0.6218466501699043
no_stop_features_v1,141010009193A,0.7085826846605111,0.24986474566832914,1,0,0.6446172161172163,0.6218466501699043
no_stop_features_v1,1410100091944,0.2956362433862434,0.12847971138452402,0,0,0.6446172161172163,0.6218466501699043
no_stop_features_v1,1410100092139,0.2547536075036075,0.06675631912195437,0,0,0.6446172161172163,0.6218466501699043
no_stop_features_v1,1410100092143,0.8033965848965849,0.8953706418362777,1,1,0.6446172161172163,0.6218466501699043
no_stop_features_v1,1410100092158,0.8713174603174605,0.965535249832617,1,1,0.6446172161172163,0.6218466501699043
no_stop_features_v1,1410100092209,0.40499241443587236,0.12400463923095886,0,0,0.6446172161172163,0.6218466501699043
no_stop_features_v1,1410100220024,0.5786019798600445,0.878385253538995,0,1,0.6446172161172163,0.6218466501699043
no_stop_features_v1,1410100220113,0.4465925925925923,0.13339980393621045,0,0,0.6446172161172163,0.6218466501699043
no_stop_features_v1,1410100260683,0.09925484655535806,0.016653728862964193,0,0,0.6446172161172163,0.6218466501699043
no_stop_features_v1,1410100260698,0.09321242473378245,0.04665857736421865,0,0,0.6446172161172163,0.6218466501699043
no_stop_features_v1,1410100272336,0.9272460317460318,0.9991093062437193,1,1,0.6446172161172163,0.6218466501699043
no_stop_features_v1,1410100272340,0.8077406882591092,0.8067301646695514,1,1,0.6446172161172163,0.6218466501699043
no_stop_features_v1,1410100272355,0.8499999017585225,0.9788564194477154,1,1,0.6446172161172163,0.6218466501699043
no_stop_features_v1,1410100312317,0.34789680813931784,0.6760536429735737,0,1,0.6446172161172163,0.6218466501699043
no_stop_features_v1,1410100312321,0.539118804420757,0.7777393829613953,0,1,0.6446172161172163,0.6218466501699043
no_stop_features_v1,1410100342463,0.10492063492063489,0.013998122689670817,0,0,0.6446172161172163,0.6218466501699043
no_stop_features_v1,1410101902374,0.22698136038331285,0.14460230721502743,0,0,0.6446172161172163,0.6218466501699043
no_stop_features_v1,1410101932711,0.5460101756230895,0.22795560440478865,0,0,0.6446172161172163,0.6218466501699043
no_stop_features_v1,1412000010212,0.9691111111111114,0.9993184102161101,1,1,0.6446172161172163,0.6218466501699043
no_stop_features_v1,1412000010227,0.9899047619047617,0.9992439848931435,1,1,0.6446172161172163,0.6218466501699043
no_stop_features_v1,1412000010231,0.9911111111111113,0.9999555859632885,1,1,0.6446172161172163,0.6218466501699043
no_stop_features_v1,1412000010246,0.9173318727672659,0.9753733954675385,1,1,0.6446172161172163,0.6218466501699043
no_stop_features_v1,1412000010265,0.9898851435705368,0.9994799008907544,1,1,0.6446172161172163,0.6218466501699043
no_stop_features_v1,141200001027A,0.923984126984127,0.9903546740216035,1,1,0.6446172161172163,0.6218466501699043
no_stop_features_v1,1412000010354,0.9361904761904757,0.9898855790189006,1,1,0.6446172161172163,0.6218466501699043
no_stop_features_v1,1412000010369,0.9467222222222221,0.997488220818131,1,1,0.6446172161172163,0.6218466501699043
no_stop_features_v1,1412000010373,0.9392222222222224,0.9729890323475607,1,1,0.6446172161172163,0.6218466501699043
no_stop_features_v1,1412000010392,0.9885233918128654,0.9998232459533791,1,1,0.6446172161172163,0.6218466501699043
no_stop_features_v1,1412000010405,0.985777777777778,0.9998363600112813,1,1,0.6446172161172163,0.6218466501699043
no_stop_features_v1,1412000010547,1.0,0.9999648543326923,1,1,0.6446172161172163,0.6218466501699043
no_stop_features_v1,1412000010602,0.9791111111111112,0.9966186537177348,1,1,0.6446172161172163,0.6218466501699043
no_stop_features_v1,1412000010617,0.991706349206349,0.9994878350948296,1,1,0.6446172161172163,0.6218466501699043
no_stop_features_v1,1412000010636,0.9637727272727274,0.9995312654096162,1,1,0.6446172161172163,0.6218466501699043
no_stop_features_v1,1412000010640,0.9817222222222225,0.9995552463259256,1,1,0.6446172161172163,0.6218466501699043
no_stop_features_v1,1412000010655,0.9705555555555554,0.9993234493094106,1,1,0.6446172161172163,0.6218466501699043
no_stop_features_v1,141200001066A,0.9478730158730161,0.999841084416801,1,1,0.6446172161172163,0.6218466501699043
no_stop_features_v1,1412000010689,0.963777777777778,0.9995061567339569,1,1,0.6446172161172163,0.6218466501699043
no_stop_features_v1,1412000010706,0.9972222222222221,0.9996816651160114,1,1,0.6446172161172163,0.6218466501699043
no_stop_features_v1,1412000010710,0.9663203463203461,0.9970762159339221,1,1,0.6446172161172163,0.6218466501699043
no_stop_features_v1,1412000010814,0.9618730158730161,0.999487475666858,1,1,0.6446172161172163,0.6218466501699043
no_stop_features_v1,1412000010890,0.9463650793650792,0.9983500215803695,1,1,0.6446172161172163,0.6218466501699043
no_stop_features_v1,1412000010918,0.9741606467148262,0.9996183012312995,1,1,0.6446172161172163,0.6218466501699043
no_stop_features_v1,1412000010937,0.926513875013875,0.9639076420694104,1,1,0.6446172161172163,0.6218466501699043
no_stop_features_v1,1412000010975,0.9816666666666667,0.9998581152921329,1,1,0.6446172161172163,0.6218466501699043
no_stop_features_v1,141200001098A,0.9932222222222223,0.9999571437808555,1,1,0.6446172161172163,0.6218466501699043
no_stop_features_v1,1412000010994,0.9977777777777778,0.999980696049382,1,1,0.6446172161172163,0.6218466501699043
no_stop_features_v1,1412000011009,1.0,0.9999505695308881,1,1,0.6446172161172163,0.6218466501699043
no_stop_features_v1,1412000011032,0.9788333333333334,0.9998642156017822,1,1,0.6446172161172163,0.6218466501699043
no_stop_features_v1,1412000011121,0.9958333333333333,0.9998089212147537,1,1,0.6446172161172163,0.6218466501699043
no_stop_features_v1,1412000011155,0.9947222222222223,0.9998586575898576,1,1,0.6446172161172163,0.6218466501699043
no_stop_features_v1,141200001116A,0.9624285714285713,0.9754813617708904,1,1,0.6446172161172163,0.6218466501699043
no_stop_features_v1,1412000011189,0.9975,0.9995833741526516,1,1,0.6446172161172163,0.6218466501699043
no_stop_features_v1,1412000011193,0.9971111111111111,0.9997282693579156,1,1,0.6446172161172163,0.6218466501699043
no_stop_features_v1,1412000011206,0.9814285714285713,0.9995996708576996,1,1,0.6446172161172163,0.6218466501699043
no_stop_features_v1,1412000011210,0.9713174603174602,0.9985682947833899,1,1,0.6446172161172163,0.6218466501699043
no_stop_features_v1,1412000011225,0.9739444444444445,0.9996887881285903,1,1,0.6446172161172163,0.6218466501699043
no_stop_features_v1,1412000011278,0.9820952380952381,0.9998772184912433,1,1,0.6446172161172163,0.6218466501699043
no_stop_features_v1,1412000011282,0.9718730158730159,0.9984572300423253,1,1,0.6446172161172163,0.6218466501699043
no_stop_features_v1,1412000011297,0.9983333333333333,0.9996614333260084,1,1,0.6446172161172163,0.6218466501699043
no_stop_features_v1,1412000011418,0.9668282828282827,0.9982776145511915,1,1,0.6446172161172163,0.6218466501699043
no_stop_features_v1,1412000011441,0.9795952380952381,0.9998341441917608,1,1,0.6446172161172163,0.6218466501699043
no_stop_features_v1,1412000011460,0.9809444444444445,0.999459150879019,1,1,0.6446172161172163,0.6218466501699043
no_stop_features_v1,1412000011526,0.6588650793650791,0.07188763471155929,1,0,0.6446172161172163,0.6218466501699043
no_stop_features_v1,1412000011579,0.9312645502645502,0.9980046198056514,1,1,0.6446172161172163,0.6218466501699043
no_stop_features_v1,1412000011634,0.9328759018759019,0.9857060306404634,1,1,0.6446172161172163,0.6218466501699043
no_stop_features_v1,1412000011649,0.5887086834733892,0.06024394387125846,0,0,0.6446172161172163,0.6218466501699043
no_stop_features_v1,1412000011687,0.9649962546816481,0.9993974142083412,1,1,0.6446172161172163,0.6218466501699043
no_stop_features_v1,1412000011691,1.0,0.9999532677852919,1,1,0.6446172161172163,0.6218466501699043
no_stop_features_v1,1412000011723,0.991111111111111,0.9999569091276252,1,1,0.6446172161172163,0.6218466501699043
no_stop_features_v1,1412000011742,0.980247475682869,0.9910182663405647,1,1,0.6446172161172163,0.6218466501699043
no_stop_features_v1,1412000011757,0.9785396825396826,0.9992328499743058,1,1,0.6446172161172163,0.6218466501699043
no_stop_features_v1,1412000011795,0.907665750915751,0.9978289688699283,1,1,0.6446172161172163,0.6218466501699043
no_stop_features_v1,1412000011808,0.7838809523809526,0.9253086145604409,1,1,0.6446172161172163,0.6218466501699043
no_stop_features_v1,1412000011812,0.8687698412698411,0.9891335763160669,1,1,0.6446172161172163,0.6218466501699043
no_stop_features_v1,1412000011846,0.9771626984126984,0.9989956377516533,1,1,0.6446172161172163,0.6218466501699043
no_stop_features_v1,1412000011850,0.8557124863769365,0.958576517293846,1,1,0.6446172161172163,0.6218466501699043
no_stop_features_v1,1412000011865,0.9666877104377104,0.9958076737195879,1,1,0.6446172161172163,0.6218466501699043
no_stop_features_v1,141200001187A,0.9830555555555556,0.9996485227390313,1,1,0.6446172161172163,0.6218466501699043
no_stop_features_v1,1412000011884,0.6299733044733045,0.8927828837263276,0,1,0.6446172161172163,0.6218466501699043
no_stop_features_v1,1412000011901,0.9161150793650794,0.9719808011609928,1,1,0.6446172161172163,0.6218466501699043
no_stop_features_v1,1412000011920,0.8227343499197433,0.923993307065243,1,1,0.6446172161172163,0.6218466501699043
no_stop_features_v1,1412000011935,0.971513348698742,0.9995724545865108,1,1,0.6446172161172163,0.6218466501699043
no_stop_features_v1,141200001194A,0.9169213890684478,0.9947327737762238,1,1,0.6446172161172163,0.6218466501699043
no_stop_features_v1,1412000012064,0.9207658730158732,0.9994060122379935,1,1,0.6446172161172163,0.6218466501699043
no_stop_features_v1,1412000012115,0.9032857142857142,0.9847251628352229,1,1,0.6446172161172163,0.6218466501699043
no_stop_features_v1,141200001212A,0.6166368523949167,0.9639756804631032,0,1,0.6446172161172163,0.6218466501699043
no_stop_features_v1,1412000012134,0.9455758073344281,0.988336806216553,1,1,0.6446172161172163,0.6218466501699043
no_stop_features_v1,1412000012172,0.4190088604206251,0.09523331606876204,0,0,0.6446172161172163,0.6218466501699043
no_stop_features_v1,1412000012204,0.9578011695906432,0.999563082469803,1,1,0.6446172161172163,0.6218466501699043
no_stop_features_v1,1412000012219,0.8602222150203094,0.9583741117124188,1,1,0.6446172161172163,0.6218466501699043
no_stop_features_v1,1412000012223,0.3078385737069948,0.0544558745499,0,0,0.6446172161172163,0.6218466501699043
no_stop_features_v1,1412000012238,0.9961904761904763,0.9999683462777071,1,1,0.6446172161172163,0.6218466501699043
no_stop_features_v1,1412000012242,0.9975396825396825,0.9999889258677895,1,1,0.6446172161172163,0.6218466501699043
no_stop_features_v1,1412000012257,0.769121693121693,0.9746403342501763,1,1,0.6446172161172163,0.6218466501699043
no_stop_features_v1,1412000012261,0.9460297480297479,0.9905003522012995,1,1,0.6446172161172163,0.6218466501699043
no_stop_features_v1,1412000012276,0.9193130743525478,0.9984368514026779,1,1,0.6446172161172163,0.6218466501699043
no_stop_features_v1,1412000012280,0.9581933621933623,0.9983517316829946,1,1,0.6446172161172163,0.6218466501699043
no_stop_features_v1,1412000012295,0.9381080031080031,0.9883372941443541,1,1,0.6446172161172163,0.6218466501699043
no_stop_features_v1,1412000012308,0.890010582010582,0.9719145572018528,1,1,0.6446172161172163,0.6218466501699043
no_stop_features_v1,1412000012312,0.9805752950752951,0.9953334767493445,1,1,0.6446172161172163,0.6218466501699043
no_stop_features_v1,1412000012327,0.9518795420266009,0.9820295571364431,1,1,0.6446172161172163,0.6218466501699043
no_stop_features_v1,1412000012331,0.9823492063492063,0.9998402299310989,1,1,0.6446172161172163,0.6218466501699043
no_stop_features_v1,1412000012346,0.9919314574314573,0.9999018006313792,1,1,0.6446172161172163,0.6218466501699043
no_stop_features_v1,1412000012350,0.6884761904761902,0.09487752358615421,1,0,0.6446172161172163,0.6218466501699043
no_stop_features_v1,1412000012365,0.6335277777777776,0.059894701499427945,0,0,0.6446172161172163,0.6218466501699043
no_stop_features_v1,141200001237A,0.9735518102372036,0.9978252750627754,1,1,0.6446172161172163,0.6218466501699043
no_stop_features_v1,1412000012384,0.9908333333333333,0.9967309822671935,1,1,0.6446172161172163,0.6218466501699043
no_stop_features_v1,1412000012401,0.9623567251461989,0.994695413102433,1,1,0.6446172161172163,0.6218466501699043
no_stop_features_v1,1412000012416,0.9965555555555554,0.9999267447987378,1,1,0.6446172161172163,0.6218466501699043
no_stop_features_v1,1412000012420,0.9762222222222222,0.9998777408811766,1,1,0.6446172161172163,0.6218466501699043
no_stop_features_v1,1412000012435,0.995,0.9998975276356648,1,1,0.6446172161172163,0.6218466501699043
no_stop_features_v1,141200001244A,0.9336666666666668,0.9973509958683006,1,1,0.6446172161172163,0.6218466501699043
no_stop_features_v1,1412000012454,0.5659589947089944,0.07385797653196789,0,0,0.6446172161172163,0.6218466501699043
no_stop_features_v1,1412000012469,0.43364745069745064,0.11014929416442201,0,0,0.6446172161172163,0.6218466501699043
no_stop_features_v1,1412000012473,0.9710396825396825,0.9996594515320876,1,1,0.6446172161172163,0.6218466501699043
no_stop_features_v1,1412000012488,0.9988888888888889,0.999934646904604,1,1,0.6446172161172163,0.6218466501699043
no_stop_features_v1,1412000012492,0.6881944444444446,0.062422018673884944,1,0,0.6446172161172163,0.6218466501699043
no_stop_features_v1,1412000012505,0.9450518102372035,0.9987861831216888,1,1,0.6446172161172163,0.6218466501699043
no_stop_features_v1,141200001251A,0.9549999999999998,0.9989300309249124,1,1,0.6446172161172163,0.6218466501699043
no_stop_features_v1,1412000012524,0.9952777777777777,0.999944188311333,1,1,0.6446172161172163,0.6218466501699043
no_stop_features_v1,1412000012539,0.8993333333333332,0.9639176222752089,1,1,0.6446172161172163,0.6218466501699043
no_stop_features_v1,1412000012543,0.6372965367965369,0.07134943047676731,0,0,0.6446172161172163,0.6218466501699043
no_stop_features_v1,1412000012558,0.8079147778573063,0.9702788274537726,1,1,0.6446172161172163,0.6218466501699043
no_stop_features_v1,1412000012562,0.9991666666666666,0.9999355568628956,1,1,0.6446172161172163,0.6218466501699043
no_stop_features_v1,1412000012596,0.9752777777777777,0.9998574077490999,1,1,0.6446172161172163,0.6218466501699043
no_stop_features_v1,1412000012609,0.982098124098124,0.9999306310265397,1,1,0.6446172161172163,0.6218466501699043
no_stop_features_v1,1412000012613,0.9751190476190476,0.9995063370252876,1,1,0.6446172161172163,0.6218466501699043
no_stop_features_v1,1412000012628,0.9614598997493734,0.9995843890143649,1,1,0.6446172161172163,0.6218466501699043
no_stop_features_v1,1412000012632,0.9998203463203464,0.9999440111178358,1,1,0.6446172161172163,0.6218466501699043
no_stop_features_v1,1412000012647,0.8814206349206347,0.9836242986037963,1,1,0.6446172161172163,0.6218466501699043
no_stop_features_v1,1412000012651,0.9535779220779219,0.9977573555877306,1,1,0.6446172161172163,0.6218466501699043
no_stop_features_v1,1412000012666,0.998611111111111,0.9995418104462515,1,1,0.6446172161172163,0.6218466501699043
no_stop_features_v1,1412000012670,0.8604523809523809,0.9903218802994014,1,1,0.6446172161172163,0.6218466501699043
no_stop_features_v1,1412000012685,0.9981111111111112,0.999735800709825,1,1,0.6446172161172163,0.6218466501699043
no_stop_features_v1,1412000012702,0.9358809523809525,0.9989014045730508,1,1,0.6446172161172163,0.6218466501699043
no_stop_features_v1,1412000012717,0.9576984126984128,0.9928584106989987,1,1,0.6446172161172163,0.6218466501699043
no_stop_features_v1,1412000012721,0.8409393939393938,0.9534711453718244,1,1,0.6446172161172163,0.6218466501699043
no_stop_features_v1,1412000012755,0.990859477124183,0.9998311185478742,1,1,0.6446172161172163,0.6218466501699043
no_stop_features_v1,1412000012774,0.23366361016303802,0.1029223403183301,0,0,0.6446172161172163,0.6218466501699043
no_stop_features_v1,1412000012789,0.6456113472297682,0.7964034457674838,1,1,0.6446172161172163,0.6218466501699043
no_stop_features_v1,1412000012793,0.6807460317460319,0.9600549134464826,1,1,0.6446172161172163,0.6218466501699043
no_stop_features_v1,1412000012810,0.8181674837694479,0.9378600987100818,1,1,0.6446172161172163,0.6218466501699043
no_stop_features_v1,1412000012825,0.7022869217814149,0.8823479614448063,1,1,0.6446172161172163,0.6218466501699043
no_stop_features_v1,141200001283A,0.25775523112365223,0.06771266294918299,0,0,0.6446172161172163,0.6218466501699043
no_stop_features_v1,1412000012844,0.634666902785324,0.5095953188414045,0,0,0.6446172161172163,0.6218466501699043
no_stop_features_v1,1412000012863,0.9683571428571427,0.9971272164428923,1,1,0.6446172161172163,0.6218466501699043
no_stop_features_v1,1412000012882,0.9618075258075259,0.9996903369729102,1,1,0.6446172161172163,0.6218466501699043
no_stop_features_v1,1412000012897,0.9723203463203464,0.999395647141366,1,1,0.6446172161172163,0.6218466501699043
no_stop_features_v1,141200001290A,0.9478011695906432,0.993632775689456,1,1,0.6446172161172163,0.6218466501699043
no_stop_features_v1,1412000012914,0.9819444444444444,0.9999378388392935,1,1,0.6446172161172163,0.6218466501699043
no_stop_features_v1,1412000012929,0.9626984126984128,0.9992640181728265,1,1,0.6446172161172163,0.6218466501699043
no_stop_features_v1,1412000012933,0.6829004479829002,0.2716540539691414,1,0,0.6446172161172163,0.6218466501699043
no_stop_features_v1,1412000012948,0.9815981240981243,0.9999522867299181,1,1,0.6446172161172163,0.6218466501699043
no_stop_features_v1,1412000012952,0.9917460317460317,0.9986617247132321,1,1,0.6446172161172163,0.6218466501699043
no_stop_features_v1,1412000012967,0.9975555555555556,0.9999414918713406,1,1,0.6446172161172163,0.6218466501699043
no_stop_features_v1,1412000012971,0.9723240740740742,0.9980635487016793,1,1,0.6446172161172163,0.6218466501699043
no_stop_features_v1,1412000012986,0.9896111111111111,0.9997470120620876,1,1,0.6446172161172163,0.6218466501699043
no_stop_features_v1,1412000012990,0.9779513828867763,0.9995265642683866,1,1,0.6446172161172163,0.6218466501699043
no_stop_features_v1,1412000013005,0.9294285714285716,0.998484220672954,1,1,0.6446172161172163,0.6218466501699043
no_stop_features_v1,141200001301A,0.9810555555555556,0.9952098056508815,1,1,0.6446172161172163,0.6218466501699043
no_stop_features_v1,1412000013039,0.5625793480652208,0.36100167166659103,0,0,0.6446172161172163,0.6218466501699043
no_stop_features_v1,1412000013043,0.9767777777777776,0.9997356232265411,1,1,0.6446172161172163,0.6218466501699043
no_stop_features_v1,1412000013058,0.9454682539682542,0.9980602787134426,1,1,0.6446172161172163,0.6218466501699043
no_stop_features_v1,1412000013062,0.9493888888888888,0.9930079658795549,1,1,0.6446172161172163,0.6218466501699043
no_stop_features_v1,1412000013077,0.9973015873015874,0.9985731532218698,1,1,0.6446172161172163,0.6218466501699043
no_stop_features_v1,1412000013081,0.7893968253968253,0.9768949277111612,1,1,0.6446172161172163,0.6218466501699043
no_stop_features_v1,1412000013096,0.869452380952381,0.9906010218608288,1,1,0.6446172161172163,0.6218466501699043
no_stop_features_v1,1412000013113,0.8546509216589863,0.9912424000778535,1,1,0.6446172161172163,0.6218466501699043
no_stop_features_v1,1412000013128,0.9959920634920635,0.9999285445503998,1,1,0.6446172161172163,0.6218466501699043
no_stop_features_v1,1412000013132,0.9416379731379731,0.9865373264194871,1,1,0.6446172161172163,0.6218466501699043
no_stop_features_v1,1412000013147,0.9909126984126984,0.9962006783588349,1,1,0.6446172161172163,0.6218466501699043
no_stop_features_v1,1412000013151,0.9906190476190475,0.9993315094415408,1,1,0.6446172161172163,0.6218466501699043
no_stop_features_v1,1412000013166,0.9875,0.9985018111148526,1,1,0.6446172161172163,0.6218466501699043
no_stop_features_v1,1412000013170,0.9834949494949498,0.9940489023055535,1,1,0.6446172161172163,0.6218466501699043
no_stop_features_v1,1412000013185,0.9885233918128655,0.9999778945421233,1,1,0.6446172161172163,0.6218466501699043
no_stop_features_v1,141200001319A,0.9881378066378066,0.9997613748020583,1,1,0.6446172161172163,0.6218466501699043
no_stop_features_v1,1412000013202,0.9530232871703458,0.9862249840046557,1,1,0.6446172161172163,0.6218466501699043
no_stop_features_v1,1412000013217,0.9000875245229178,0.9404277981849254,1,1,0.6446172161172163,0.6218466501699043
no_stop_features_v1,1412000013236,0.9206071428571427,0.9942360031499874,1,1,0.6446172161172163,0.6218466501699043
no_stop_features_v1,141200001326A,0.9070800588300587,0.9742875283344595,1,1,0.6446172161172163,0.6218466501699043
no_stop_features_v1,1412000013274,0.960177981184846,0.9987508130576953,1,1,0.6446172161172163,0.6218466501699043
no_stop_features_v1,1412000013289,0.9932777777777778,0.9999516375916933,1,1,0.6446172161172163,0.6218466501699043
no_stop_features_v1,1412000013293,0.9627619047619047,0.9989808595176661,1,1,0.6446172161172163,0.6218466501699043
no_stop_features_v1,1412000013306,0.96094708994709,0.9984302040907502,1,1,0.6446172161172163,0.6218466501699043
no_stop_features_v1,1412000013310,0.9833964076858814,0.9957959063202013,1,1,0.6446172161172163,0.6218466501699043
no_stop_features_v1,1412000013325,0.8991228956228957,0.9983011827828004,1,1,0.6446172161172163,0.6218466501699043
no_stop_features_v1,1412000013382,0.9949122807017545,0.9992878351957563,1,1,0.6446172161172163,0.6218466501699043
no_stop_features_v1,1412000013397,0.9866666666666667,0.9999251931570603,1,1,0.6446172161172163,0.6218466501699043
no_stop_features_v1,141200001340A,0.9853333333333334,0.9999456172172114,1,1,0.6446172161172163,0.6218466501699043
no_stop_features_v1,1412000013414,0.9861324786324784,0.9995179967243903,1,1,0.6446172161172163,0.6218466501699043
no_stop_features_v1,1412000013429,0.48103643578643585,0.14198265076719394,0,0,0.6446172161172163,0.6218466501699043
no_stop_features_v1,1412000013503,0.984888888888889,0.9972893199273796,1,1,0.6446172161172163,0.6218466501699043
no_stop_features_v1,1412000013518,0.9935555555555555,0.9994947170995686,1,1,0.6446172161172163,0.6218466501699043
no_stop_features_v1,1412000013556,0.9924245014245016,0.9975035041021836,1,1,0.6446172161172163,0.6218466501699043
no_stop_features_v1,1412000013560,0.893804455739849,0.9600450677394848,1,1,0.6446172161172163,0.6218466501699043
no_stop_features_v1,1412000013575,0.9908730158730157,0.9994360576994309,1,1,0.6446172161172163,0.6218466501699043
no_stop_features_v1,1412000013594,0.9538650793650792,0.99828201458796,1,1,0.6446172161172163,0.6218466501699043
no_stop_features_v1,1412000013607,0.985859477124183,0.9995825252681344,1,1,0.6446172161172163,0.6218466501699043
no_stop_features_v1,1412000013664,0.9733809523809525,0.9986313385041905,1,1,0.6446172161172163,0.6218466501699043
no_stop_features_v1,1412000013698,0.9278689273689273,0.9883556167118381,1,1,0.6446172161172163,0.6218466501699043
no_stop_features_v1,1412000013715,0.4279506468190681,0.03854705676426604,0,0,0.6446172161172163,0.6218466501699043
no_stop_features_v1,141200001372A,0.8031309451790395,0.997667739933279,1,1,0.6446172161172163,0.6218466501699043
no_stop_features_v1,1412000013734,0.3950517304333096,0.24409530264513213,0,0,0.6446172161172163,0.6218466501699043
no_stop_features_v1,1412000013772,0.9857380952380953,0.9997615595886673,1,1,0.6446172161172163,0.6218466501699043
no_stop_features_v1,1412000013787,0.6655522391838181,0.7755515520782966,1,1,0.6446172161172163,0.6218466501699043
no_stop_features_v1,1412000013791,0.7700685830772039,0.7810170817260186,1,1,0.6446172161172163,0.6218466501699043
no_stop_features_v1,1412000013804,0.612772126022126,0.7375070554532542,0,1,0.6446172161172163,0.6218466501699043
no_stop_features_v1,1412000013819,0.92924880525687,0.9098134562615364,1,1,0.6446172161172163,0.6218466501699043
no_stop_features_v1,1412000013861,0.4354227078511579,0.1869415403164313,0,0,0.6446172161172163,0.6218466501699043
no_stop_features_v1,1412000013965,0.49246428571428535,0.08425097411057643,0,0,0.6446172161172163,0.6218466501699043
no_stop_features_v1,141200001397A,0.8420396825396826,0.9737169403997873,1,1,0.6446172161172163,0.6218466501699043
no_stop_features_v1,1412000013984,0.5134325396825397,0.13126608254626732,0,0,0.6446172161172163,0.6218466501699043
no_stop_features_v1,1412000014060,0.9776863876863877,0.9997505704382301,1,1,0.6446172161172163,0.6218466501699043
no_stop_features_v1,1412000014075,0.6464427333803601,0.6226017444985098,1,1,0.6446172161172163,0.6218466501699043
no_stop_features_v1,1412000014094,0.6590354023169811,0.8802047789413165,1,1,0.6446172161172163,0.6218466501699043
no_stop_features_v1,1412000014126,0.12469382418656617,0.07430124044029748,0,0,0.6446172161172163,0.6218466501699043
no_stop_features_v1,1412000014183,0.9983333333333333,0.9998457356248694,1,1,0.6446172161172163,0.6218466501699043
no_stop_features_v1,1412000014198,0.9262777777777778,0.9881534719713387,1,1,0.6446172161172163,0.6218466501699043
no_stop_features_v1,1412000014200,0.960070328755722,0.9816882546289685,1,1,0.6446172161172163,0.6218466501699043
no_stop_features_v1,1412000014215,0.9009486356340287,0.9840767780849071,1,1,0.6446172161172163,0.6218466501699043
no_stop_features_v1,141200001422A,0.9972727272727273,0.9999751111162262,1,1,0.6446172161172163,0.6218466501699043
no_stop_features_v1,1412000014234,0.9999122807017545,0.9999483003698982,1,1,0.6446172161172163,0.6218466501699043
no_stop_features_v1,1412000014249,0.7806626984126984,0.8053700113180643,1,1,0.6446172161172163,0.6218466501699043
no_stop_features_v1,1412000014253,0.9929406991260923,0.9998934489935585,1,1,0.6446172161172163,0.6218466501699043
no_stop_features_v1,1412000014268,0.8328301265322051,0.960683214268333,1,1,0.6446172161172163,0.6218466501699043
no_stop_features_v1,1412000014272,0.7944130043445832,0.9272823499588677,1,1,0.6446172161172163,0.6218466501699043
no_stop_features_v1,1412000014287,0.8933214285714287,0.9955721670736617,1,1,0.6446172161172163,0.6218466501699043
no_stop_features_v1,1412000014291,0.9367525252525252,0.9949013780726542,1,1,0.6446172161172163,0.6218466501699043
no_stop_features_v1,1412000014304,0.7407919702440485,0.9580542036522447,1,1,0.6446172161172163,0.6218466501699043
no_stop_features_v1,1412000014319,0.9097954262388839,0.997558561484886,1,1,0.6446172161172163,0.6218466501699043
no_stop_features_v1,1412000014323,0.9379074074074073,0.9983966321626969,1,1,0.6446172161172163,0.6218466501699043
no_stop_features_v1,1412000014338,0.5522804232804233,0.1022242350501098,0,0,0.6446172161172163,0.6218466501699043
no_stop_features_v1,1412000014342,0.982583333333333,0.9990072775215478,1,1,0.6446172161172163,0.6218466501699043
no_stop_features_v1,1412000014357,0.9068333333333332,0.9937554693936025,1,1,0.6446172161172163,0.6218466501699043
no_stop_features_v1,1412000014361,0.9977777777777778,0.9999805961985464,1,1,0.6446172161172163,0.6218466501699043
no_stop_features_v1,1412000014376,0.9233203463203464,0.999457467053607,1,1,0.6446172161172163,0.6218466501699043
no_stop_features_v1,1412000014380,0.9823362193362194,0.9995610727197228,1,1,0.6446172161172163,0.6218466501699043
no_stop_features_v1,1412000014395,0.9612182539682539,0.9992483951792422,1,1,0.6446172161172163,0.6218466501699043
no_stop_features_v1,1412000014408,0.9327777777777779,0.9988872122164456,1,1,0.6446172161172163,0.6218466501699043
no_stop_features_v1,1412000014412,0.9630555555555557,0.9968285396647901,1,1,0.6446172161172163,0.6218466501699043
no_stop_features_v1,1412000014427,0.9847222222222223,0.9998182417411635,1,1,0.6446172161172163,0.6218466501699043
no_stop_features_v1,1412000014431,0.9823518518518517,0.9991854644220862,1,1,0.6446172161172163,0.6218466501699043
no_stop_features_v1,1412000014446,0.5453161375661376,0.03998240596090773,0,0,0.6446172161172163,0.6218466501699043
no_stop_features_v1,1412000014450,0.6115472582972579,0.04810442934390263,0,0,0.6446172161172163,0.6218466501699043
no_stop_features_v1,1412000014465,0.9762647907647909,0.9999183036914919,1,1,0.6446172161172163,0.6218466501699043
no_stop_features_v1,141200001447A,0.9857012987012986,0.999050766590836,1,1,0.6446172161172163,0.6218466501699043
no_stop_features_v1,1412000014484,0.9821969696969696,0.9998749996876297,1,1,0.6446172161172163,0.6218466501699043
no_stop_features_v1,1412000014499,0.8742460317460318,0.983727583478777,1,1,0.6446172161172163,0.6218466501699043
no_stop_features_v1,1412000014501,0.9866536796536798,0.999577491117711,1,1,0.6446172161172163,0.6218466501699043
no_stop_features_v1,1412000014516,0.9749999999999998,0.9998790493427855,1,1,0.6446172161172163,0.6218466501699043
no_stop_features_v1,1412000014520,0.8380603482574067,0.9268917268407331,1,1,0.6446172161172163,0.6218466501699043
no_stop_features_v1,1412000014535,0.9902777777777779,0.9997805030239506,1,1,0.6446172161172163,0.6218466501699043
no_stop_features_v1,141200001454A,0.9782740324594259,0.9991257923980015,1,1,0.6446172161172163,0.6218466501699043
no_stop_features_v1,1412000014554,0.9946345029239766,0.9999502849939829,1,1,0.6446172161172163,0.6218466501699043
no_stop_features_v1,1412000014569,0.9745197395197395,0.9985055620751776,1,1,0.6446172161172163,0.6218466501699043
no_stop_features_v1,1412000014573,0.9693573657927591,0.998862283062047,1,1,0.6446172161172163,0.6218466501699043
no_stop_features_v1,1412000014592,0.9583055555555552,0.9985408109579492,1,1,0.6446172161172163,0.6218466501699043
no_stop_features_v1,1412000014605,0.994888888888889,0.999985316896939,1,1,0.6446172161172163,0.6218466501699043
no_stop_features_v1,141200001461A,0.9628531746031745,0.9985057240177238,1,1,0.6446172161172163,0.6218466501699043
no_stop_features_v1,1412000014643,0.4366790738989033,0.12646634922360753,0,0,0.6446172161172163,0.6218466501699043
no_stop_features_v1,1412000014662,0.5494476405660615,0.8125707624583473,0,1,0.6446172161172163,0.6218466501699043
no_stop_features_v1,1412000014677,0.7649404761904759,0.9549318889364874,1,1,0.6446172161172163,0.6218466501699043
no_stop_features_v1,1412000014728,0.8927539682539681,0.9306561801865182,1,1,0.6446172161172163,0.6218466501699043
no_stop_features_v1,1412000014732,0.963462962962963,0.9978274946212367,1,1,0.6446172161172163,0.6218466501699043
no_stop_features_v1,1412000014766,0.15327021082072234,0.01698497938895849,0,0,0.6446172161172163,0.6218466501699043
no_stop_features_v1,141200001479A,0.743752044360868,0.9579295733046769,1,1,0.6446172161172163,0.6218466501699043
no_stop_features_v1,1412000014821,0.8902420634920636,0.9702628548928091,1,1,0.6446172161172163,0.6218466501699043
no_stop_features_v1,1412000014836,0.9522853535353534,0.9994655188987593,1,1,0.6446172161172163,0.6218466501699043
no_stop_features_v1,1412000014840,0.8791944444444444,0.995454170750535,1,1,0.6446172161172163,0.6218466501699043
no_stop_features_v1,1412000014855,0.6957283068783066,0.9660611793301943,1,1,0.6446172161172163,0.6218466501699043
no_stop_features_v1,141200001486A,0.426705210607163,0.7594084366505455,0,1,0.6446172161172163,0.6218466501699043
no_stop_features_v1,1412000014874,0.5058870370370369,0.2542963192991007,0,0,0.6446172161172163,0.6218466501699043
no_stop_features_v1,1412000014889,0.5696201976386187,0.32308801163479667,0,0,0.6446172161172163,0.6218466501699043
no_stop_features_v1,1412000014910,0.03467603885299131,0.016148990138735303,0,0,0.6446172161172163,0.6218466501699043
no_stop_features_v1,1412000014925,0.8455385632885634,0.980915996589578,1,1,0.6446172161172163,0.6218466501699043
no_stop_features_v1,1412000014944,0.2744465811965812,0.03026962669662614,0,0,0.6446172161172163,0.6218466501699043
no_stop_features_v1,1412000015105,0.7598063695563694,0.9821625427668422,1,1,0.6446172161172163,0.6218466501699043
no_stop_features_v1,1412000015139,0.12580797494522158,0.04245416532637513,0,0,0.6446172161172163,0.6218466501699043
no_stop_features_v1,1412000015177,0.9170069930069931,0.9926097629837227,1,1,0.6446172161172163,0.6218466501699043
no_stop_features_v1,1412000015196,0.9377619047619047,0.9869702031799562,1,1,0.6446172161172163,0.6218466501699043
no_stop_features_v1,1412000015209,0.981611111111111,0.999760501917949,1,1,0.6446172161172163,0.6218466501699043
no_stop_features_v1,1412000015251,0.930531746031746,0.9968057682629649,1,1,0.6446172161172163,0.6218466501699043
no_stop_features_v1,1412000015266,0.9833333333333333,0.9998556657965524,1,1,0.6446172161172163,0.6218466501699043
no_stop_features_v1,1412000015270,0.8471349206349207,0.9696424945506318,1,1,0.6446172161172163,0.6218466501699043
no_stop_features_v1,141200001529A,0.6870848897552752,0.8609866211414239,1,1,0.6446172161172163,0.6218466501699043
no_stop_features_v1,1412000015302,0.1127937146956672,0.1684141697835503,0,0,0.6446172161172163,0.6218466501699043
no_stop_features_v1,1412000015336,0.779993634501699,0.9881551289104042,1,1,0.6446172161172163,0.6218466501699043
no_stop_features_v1,1412000015340,0.8654642857142858,0.9908647537624483,1,1,0.6446172161172163,0.6218466501699043
no_stop_features_v1,1412000015355,0.9722182539682541,0.9986698997181634,1,1,0.6446172161172163,0.6218466501699043
no_stop_features_v1,141200001536A,0.6816536770735061,0.9382550361298517,1,1,0.6446172161172163,0.6218466501699043
no_stop_features_v1,1412000015374,0.8882060595035978,0.9979821302877784,1,1,0.6446172161172163,0.6218466501699043
no_stop_features_v1,1412000015459,0.9794285714285714,0.9991260210793675,1,1,0.6446172161172163,0.6218466501699043
no_stop_features_v1,1412000015463,0.9717222222222224,0.9958928349781649,1,1,0.6446172161172163,0.6218466501699043
no_stop_features_v1,1412000015478,0.9969841269841269,0.9997459269037764,1,1,0.6446172161172163,0.6218466501699043
no_stop_features_v1,1412000015482,0.995,0.9999153126317247,1,1,0.6446172161172163,0.6218466501699043
no_stop_features_v1,1412000015497,0.790201298701299,0.6473248648737245,1,1,0.6446172161172163,0.6218466501699043
no_stop_features_v1,141200001550A,0.8651031746031747,0.9854107871753927,1,1,0.6446172161172163,0.6218466501699043
no_stop_features_v1,1412000015533,0.9340079365079361,0.9982192902710589,1,1,0.6446172161172163,0.6218466501699043
no_stop_features_v1,1412000015548,0.8794126984126986,0.9704296349327848,1,1,0.6446172161172163,0.6218466501699043
no_stop_features_v1,1412000015552,0.917,0.9848094297975384,1,1,0.6446172161172163,0.6218466501699043
no_stop_features_v1,1412000015641,0.2642552817552816,0.09548190661844005,0,0,0.6446172161172163,0.6218466501699043
no_stop_features_v1,141200001575A,0.7329444942031151,0.9226192227982429,1,1,0.6446172161172163,0.6218466501699043
no_stop_features_v1,1412000015798,0.9909870129870132,0.9994065495645584,1,1,0.6446172161172163,0.6218466501699043
no_stop_features_v1,1412000015800,0.9930555555555556,0.9998291024844498,1,1,0.6446172161172163,0.6218466501699043
no_stop_features_v1,1412000015815,0.7741891534391537,0.949181820047648,1,1,0.6446172161172163,0.6218466501699043
no_stop_features_v1,141200001582A,0.9709629629629629,0.9995673116422528,1,1,0.6446172161172163,0.6218466501699043
no_stop_features_v1,1412000015849,0.9722499999999998,0.9976232400346836,1,1,0.6446172161172163,0.6218466501699043
no_stop_features_v1,1412000015938,0.9893888888888891,0.999694625827593,1,1,0.6446172161172163,0.6218466501699043
no_stop_features_v1,1412000015942,0.9559314574314575,0.9995076742006264,1,1,0.6446172161172163,0.6218466501699043
no_stop_features_v1,1412000016014,0.8290511044511044,0.9732864656430111,1,1,0.6446172161172163,0.6218466501699043
no_stop_features_v1,1412000016033,0.72166438006438,0.9690564231770182,1,1,0.6446172161172163,0.6218466501699043
no_stop_features_v1,1412000016052,0.7110850495795425,0.9416908370286651,1,1,0.6446172161172163,0.6218466501699043
no_stop_features_v1,1412000016067,0.9482456140350879,0.9969557815079082,1,1,0.6446172161172163,0.6218466501699043
no_stop_features_v1,1412000016071,0.7746349206349208,0.9937912634738514,1,1,0.6446172161172163,0.6218466501699043
no_stop_features_v1,1412000016086,0.06745238095238094,0.005306183561901655,0,0,0.6446172161172163,0.6218466501699043
no_stop_features_v1,1412000016090,0.4144862637362637,0.18911189427940586,0,0,0.6446172161172163,0.6218466501699043
no_stop_features_v1,1412000016175,0.8131111297987567,0.9770121842347745,1,1,0.6446172161172163,0.6218466501699043
no_stop_features_v1,1412000016300,0.9517420634920637,0.9997211834212161,1,1,0.6446172161172163,0.6218466501699043
no_stop_features_v1,1412000016391,0.36108676995519107,0.2200917720970718,0,0,0.6446172161172163,0.6218466501699043
no_stop_features_v1,1412000016423,0.41716292134831456,0.060487887464973265,0,0,0.6446172161172163,0.6218466501699043
no_stop_features_v1,1412000016438,0.4081288556472766,0.04854848078821876,0,0,0.6446172161172163,0.6218466501699043
no_stop_features_v1,1412000016508,0.9909047619047618,0.9999777972143015,1,1,0.6446172161172163,0.6218466501699043
no_stop_features_v1,1412000016512,1.0,0.9996544551839056,1,1,0.6446172161172163,0.6218466501699043
no_stop_features_v1,1412000016527,0.977111111111111,0.9994524327999849,1,1,0.6446172161172163,0.6218466501699043
no_stop_features_v1,1412000016531,0.9733011695906432,0.999651267036637,1,1,0.6446172161172163,0.6218466501699043
no_stop_features_v1,1412000016546,0.9633571428571429,0.9797815921349098,1,1,0.6446172161172163,0.6218466501699043
no_stop_features_v1,1412000016550,0.9983333333333333,0.9999224517528936,1,1,0.6446172161172163,0.6218466501699043
no_stop_features_v1,141200001657A,0.479279709537774,0.24607140377484574,0,0,0.6446172161172163,0.6218466501699043
no_stop_features_v1,1412000016584,0.9226031746031748,0.9989896913913636,1,1,0.6446172161172163,0.6218466501699043
no_stop_features_v1,1412000016599,0.9780555555555556,0.9995294397771696,1,1,0.6446172161172163,0.6218466501699043
no_stop_features_v1,1412000016601,0.8983601041359662,0.9865453884141192,1,1,0.6446172161172163,0.6218466501699043
no_stop_features_v1,1412000016620,0.7342521367521364,0.8921360331060877,1,1,0.6446172161172163,0.6218466501699043
no_stop_features_v1,1412000016635,0.9476547619047619,0.9882745847398653,1,1,0.6446172161172163,0.6218466501699043
no_stop_features_v1,141200001664A,0.946246031746032,0.9996195230905813,1,1,0.6446172161172163,0.6218466501699043
no_stop_features_v1,1412000016705,0.9824722222222223,0.9995683235335655,1,1,0.6446172161172163,0.6218466501699043
no_stop_features_v1,141200001671A,0.9975,0.9999859280622252,1,1,0.6446172161172163,0.6218466501699043
no_stop_features_v1,1412000016724,0.8306039886039883,0.9963991154983429,1,1,0.6446172161172163,0.6218466501699043
no_stop_features_v1,1412000016739,0.8336944444444444,0.9808695945035429,1,1,0.6446172161172163,0.6218466501699043
no_stop_features_v1,1412000016743,0.9285555555555556,0.9992223487013392,1,1,0.6446172161172163,0.6218466501699043
no_stop_features_v1,1412000016758,0.7496388888888887,0.9613119152417294,1,1,0.6446172161172163,0.6218466501699043
no_stop_features_v1,1412000016762,0.779579365079365,0.982880282170398,1,1,0.6446172161172163,0.6218466501699043
no_stop_features_v1,1412000016777,0.8799523809523809,0.9990987913058754,1,1,0.6446172161172163,0.6218466501699043
no_stop_features_v1,1412000016809,0.9308611111111109,0.9810548720057372,1,1,0.6446172161172163,0.6218466501699043
no_stop_features_v1,1412000016828,0.6207802197802197,0.008701615028888086,0,0,0.6446172161172163,0.6218466501699043
no_stop_features_v1,1412000016832,0.7049765974765974,0.5041202757271078,1,0,0.6446172161172163,0.6218466501699043
no_stop_features_v1,1412000016870,0.6878742139926352,0.9474061518666431,1,1,0.6446172161172163,0.6218466501699043
no_stop_features_v1,141200001689A,0.9422684167684166,0.9885571007178228,1,1,0.6446172161172163,0.6218466501699043
no_stop_features_v1,1412000016902,0.9919722222222221,0.9998090499765612,1,1,0.6446172161172163,0.6218466501699043
no_stop_features_v1,1412000016917,0.5222188904114189,0.17733271965847108,0,0,0.6446172161172163,0.6218466501699043
no_stop_features_v1,1412000017012,0.28678907203907195,0.09679023714405205,0,0,0.6446172161172163,0.6218466501699043
no_stop_features_v1,1412000017027,0.16555658423353664,0.016426813628006708,0,0,0.6446172161172163,0.6218466501699043
no_stop_features_v1,1412000017046,0.8450144300144301,0.9509729316351238,1,1,0.6446172161172163,0.6218466501699043
no_stop_features_v1,1412000017120,0.08277777777777778,0.035103739537265685,0,0,0.6446172161172163,0.6218466501699043
no_stop_features_v1,141200001714A,0.07173015873015871,0.0018834157668096963,0,0,0.6446172161172163,0.6218466501699043
no_stop_features_v1,1412000017205,0.7446587301587303,0.9666384590683725,1,1,0.6446172161172163,0.6218466501699043
no_stop_features_v1,1412000017370,0.29887684063405634,0.1826174698582943,0,0,0.6446172161172163,0.6218466501699043
no_stop_features_v1,1412000620180,0.7812130560759701,0.9836248135107922,1,1,0.6446172161172163,0.6218466501699043
no_stop_features_v1,1412000620208,0.7982254874754876,0.9111329956797857,1,1,0.6446172161172163,0.6218466501699043
no_stop_features_v1,1412001395980,0.07222222222222223,0.020369535196606413,0,0,0.6446172161172163,0.6218466501699043
no_stop_features_v1,1412001395995,0.0794617531387056,0.018320590918107265,0,0,0.6446172161172163,0.6218466501699043
no_stop_features_v1,1412002312026,0.7898071533591176,0.8839843412785452,1,1,0.6446172161172163,0.6218466501699043
no_stop_features_v1,141200231205A,0.9696675579322638,0.9992552402303595,1,1,0.6446172161172163,0.6218466501699043
no_stop_features_v1,1412002312079,0.19574820650595265,0.1104115178862397,0,0,0.6446172161172163,0.6218466501699043
no_stop_features_v1,1412002313823,0.8279126984126983,0.9291320543156141,1,1,0.6446172161172163,0.6218466501699043
no_stop_features_v1,1412002313838,0.3015992063492063,0.06536296791520431,0,0,0.6446172161172163,0.6218466501699043
no_stop_features_v1,1412002313842,0.9772222222222221,0.9996039222456871,1,1,0.6446172161172163,0.6218466501699043
no_stop_features_v1,1412002313999,0.08724603174603175,0.0037593982909951058,0,0,0.6446172161172163,0.6218466501699043
no_stop_features_v1,1412002314145,0.6793071119774975,0.9847849148822219,1,1,0.6446172161172163,0.6218466501699043
no_stop_features_v1,141200231415A,0.7797384224970433,0.9645919256556901,1,1,0.6446172161172163,0.6218466501699043
no_stop_features_v1,1412002314164,0.785587203345824,0.965212474075956,1,1,0.6446172161172163,0.6218466501699043
no_stop_features_v1,1412002314179,0.9341732804232805,0.9979068324099524,1,1,0.6446172161172163,0.6218466501699043
no_stop_features_v1,1412002315726,0.6014565721419658,0.10006882688600492,0,0,0.6446172161172163,0.6218466501699043
no_stop_features_v1,1412002315779,0.7770112856241996,0.9033554438329082,1,1,0.6446172161172163,0.6218466501699043
no_stop_features_v1,1412002315872,0.9158373015873017,0.9876977742518506,1,1,0.6446172161172163,0.6218466501699043
no_stop_features_v1,1412002315887,0.9500238095238094,0.997908500886877,1,1,0.6446172161172163,0.6218466501699043
no_stop_features_v1,1412002316230,0.7339769797454007,0.9826984050290839,1,1,0.6446172161172163,0.6218466501699043
no_stop_features_v1,141200231625A,0.9809444444444444,0.9999415810915163,1,1,0.6446172161172163,0.6218466501699043
no_stop_features_v1,1412002316654,0.9206802188656124,0.9702183503999007,1,1,0.6446172161172163,0.6218466501699043
no_stop_features_v1,1412002316669,0.8495072277658485,0.9228249444382713,1,1,0.6446172161172163,0.6218466501699043
no_stop_features_v1,1412002316673,0.8407265414199991,0.9855070403626294,1,1,0.6446172161172163,0.6218466501699043
no_stop_features_v1,1412002316688,0.4099650471671257,0.04887200122029102,0,0,0.6446172161172163,0.6218466501699043
no_stop_features_v1,1412002316692,0.48754107671090596,0.2603454145196135,0,0,0.6446172161172163,0.6218466501699043
no_stop_features_v1,1412002316989,0.5727943722943722,0.2662874712174685,0,0,0.6446172161172163,0.6218466501699043
no_stop_features_v1,1412002434709,0.7062103174603174,0.9507166824320644,1,1,0.6446172161172163,0.6218466501699043
no_stop_features_v1,1412002434713,0.6796691086691087,0.40813112833542997,1,0,0.6446172161172163,0.6218466501699043
no_stop_features_v1,1412004306936,0.5512447552447555,0.8047947194455498,0,1,0.6446172161172163,0.6218466501699043
no_stop_features_v1,1412004306940,0.6271263828763832,0.5971316121201143,0,0,0.6446172161172163,0.6218466501699043
no_stop_features_v1,1412004306955,0.6915661375661377,0.9272865792051969,1,1,0.6446172161172163,0.6218466501699043
no_stop_features_v1,1412004307421,0.36898028673835115,0.049399914772865296,0,0,0.6446172161172163,0.6218466501699043
no_stop_features_v1,1412007500316,0.4020845349864877,0.9196433382943956,0,1,0.6446172161172163,0.6218466501699043
no_stop_features_v1,1412007560424,0.7375763588263589,0.9749983520968862,1,1,0.6446172161172163,0.6218466501699043
no_stop_features_v1,1412007570462,0.13116910866910864,0.03899259704590922,0,0,0.6446172161172163,0.6218466501699043
no_stop_features_v1,1412007580509,0.7338928571428571,0.896049143334105,1,1,0.6446172161172163,0.6218466501699043
no_stop_features_v1,1412007580693,0.7119774566392212,0.9612660524066566,1,1,0.6446172161172163,0.6218466501699043
no_stop_features_v1,1412007580744,0.34277380952380954,0.5904223742883622,0,0,0.6446172161172163,0.6218466501699043
no_stop_features_v1,1412007580759,0.8047658730158728,0.9637223652645734,1,1,0.6446172161172163,0.6218466501699043
no_stop_features_v1,1412007630852,0.07273144403195554,0.009468045409415675,0,0,0.6446172161172163,0.6218466501699043
no_stop_features_v1,1412400010137,0.05740242763772175,0.0008228829808464212,0,0,0.6446172161172163,0.6218466501699043
no_stop_features_v1,1412400010141,0.1241987822492937,0.005274787274714608,0,0,0.6446172161172163,0.6218466501699043
no_stop_features_v1,1412400010156,0.09071242473378247,0.04665857736421865,0,0,0.6446172161172163,0.6218466501699043
no_stop_features_v1,1412400010175,0.08815207895259045,0.021313456560534065,0,0,0.6446172161172163,0.6218466501699043
no_stop_features_v1,141240001018A,0.06339811069862222,0.02176080191336842,0,0,0.6446172161172163,0.6218466501699043
no_stop_features_v1,1412400010211,0.19122572397515186,0.18890818318138927,0,0,0.6446172161172163,0.6218466501699043
no_stop_features_v1,1412400010226,0.012694881121833585,0.005652181476445365,0,0,0.6446172161172163,0.6218466501699043
no_stop_features_v1,141240001025A,0.07261111111111111,0.006608858267952635,0,0,0.6446172161172163,0.6218466501699043
no_stop_features_v1,141240001032A,0.3894759472778999,0.05358821068118595,0,0,0.6446172161172163,0.6218466501699043
no_stop_features_v1,1412400010334,0.16835655040706185,0.0438898222931337,0,0,0.6446172161172163,0.6218466501699043
no_stop_features_v1,1412400010372,0.03313259155954402,0.005085268653781107,0,0,0.6446172161172163,0.6218466501699043
no_stop_features_v1,1412400010419,0.04626750700280111,0.0017522194954576575,0,0,0.6446172161172163,0.6218466501699043
no_stop_features_v1,1412400010438,0.0767638994991936,0.036033093869559565,0,0,0.6446172161172163,0.6218466501699043
no_stop_features_v1,1412400010480,0.09297385620915032,0.008748326499294358,0,0,0.6446172161172163,0.6218466501699043
no_stop_features_v1,1412400010495,0.06083767113818265,0.005429704666378434,0,0,0.6446172161172163,0.6218466501699043
no_stop_features_v1,1412400010508,0.06390242763772173,0.04635635168473179,0,0,0.6446172161172163,0.6218466501699043
no_stop_features_v1,1412400010512,0.07455185080906641,0.03956510797852549,0,0,0.6446172161172163,0.6218466501699043
no_stop_features_v1,1412400010527,0.2886741366735647,0.7792764535605621,0,1,0.6446172161172163,0.6218466501699043
no_stop_features_v1,141240001057A,0.15200958791536257,0.03867728086829359,0,0,0.6446172161172163,0.6218466501699043
no_stop_features_v1,1412400940387,0.05036274509803922,0.0013179412395428547,0,0,0.6446172161172163,0.6218466501699043
no_stop_features_v1,1412400940391,0.11460359366881105,0.04396369537226096,0,0,0.6446172161172163,0.6218466501699043
no_stop_features_v1,1412401760160,0.2810274254293779,0.0529441447956336,0,0,0.6446172161172163,0.6218466501699043
