model,min_score,max_score,mean_score,positive_rate
random_forest,0.0,1.0,0.8161557650841833,0.8159379407616361
lightgbm,7.389937064573179e-07,0.9999997772537096,0.8166340199043207,0.8159379407616361
