cve_ageb,total_demand,vehicle_rate,transit_propensity,transit_demand
1400200020219,6.583054836979799,0.6,0.4,2.6332219347919197
1400200020045,14180.634501387758,0.47914893617021276,0.5208510638297872,7385.998565829198
1400200020172,0.0,0.0,1.0,0.0
1400200020261,138.01858801325915,0.47368421052631576,0.5263157894736843,72.64136211224167
1400200020149,16.34982018351183,0.0,1.0,16.34982018351183
1400200020242,1.126285548668856,0.0,1.0,1.126285548668856
1400200020223,110.63278414269529,0.42857142857142855,0.5714285714285714,63.21873379582588
1400200020327,26.861990998967837,0.6666666666666666,0.33333333333333337,8.953996999655947
1400200020153,730.7180058696364,0.4065934065934066,0.5934065934065934,433.61288260396003
1400200020257,80.22139523535684,0.4666666666666667,0.5333333333333333,42.784744125523645
1400200020238,63.46151761329959,0.6111111111111112,0.38888888888888884,24.679479071838728
1400200020276,0.9953725495891903,0.0,1.0,0.9953725495891903
1400200020331,0.0,0.0,1.0,0.0
1400200020204,455.79391502848915,0.45454545454545453,0.5454545454545454,248.61486274281225
1400200020100,2965.3011310260445,0.4689655172413793,0.5310344827586206,1574.6771523379682
1400200010134,1.6976337632916279,0.0,1.0,1.6976337632916279
1400200010030,18291.418507713,0.5363724539282251,0.4636275460717749,8480.405476902824
1400200010083,262.0119928093854,0.5833333333333334,0.41666666666666663,109.17166367057723
1400200010064,14544.358489935454,0.5015151515151515,0.49848484848484853,7250.142338164795
1400200010168,7.56072037243101,1.0,0.0,0.0
1400200010295,0.0,0.0,1.0,0.0
1403900015205,13150.596742543365,0.6492805755395683,0.3507194244604317,4612.169720856036
1400200010079,3061.8613830409968,0.6690647482014388,0.3309352517985612,1013.2778677689631
1400200010308,19.169630958939717,1.0,0.0,0.0
1400200010191,171.51681897700354,0.7619047619047619,0.23809523809523814,40.83733785166751
1400200010280,147.36246762524985,0.5,0.5,73.68123381262492
1400200040187,12332.883573783103,0.49375,0.50625,6243.522309227696
1400200010312,3.134914416193374,0.0,1.0,3.134914416193374
1400200010098,53.165947102549175,0.4666666666666667,0.5333333333333333,28.355171788026226
1400200010115,543.9254848499738,0.4852941176470588,0.5147058823529411,279.9616466139571
1403900012696,28191.653495929837,0.7835365853658537,0.2164634146341463,6102.461579911641
1403900014207,12674.119585692048,0.4508723599632691,0.5491276400367309,6959.709377634384
1403900013020,15672.210277042283,0.5889464594127807,0.4110535405872193,6442.117523205636
1403900014194,10468.366401721818,0.4768361581920904,0.5231638418079096,5476.67078417763
1403900015243,9462.723129407488,0.48612652608213097,0.513873473917869,4862.642407231594
1403900015084,12918.938651269174,0.5446247464503042,0.45537525354969577,5882.964963914665
1403900011927,16662.022332017368,0.4791386271870794,0.5208613728129206,8678.603825694106
1403900011838,12499.324639407252,0.49295774647887325,0.5070422535211268,6337.685732657198
1403900013088,32748.100513454607,0.860345932094811,0.13965406790518897,4573.405452871943
1403900012408,66440.6945854727,0.5595667870036101,0.44043321299638993,29262.688589991587
1403900015328,3694.4476914085076,0.608955223880597,0.391044776119403,1444.6944703716852
1403900012802,28808.610211084542,0.5314285714285715,0.4685714285714285,13498.891641765327
1403900014353,14006.704931684662,0.5587229190421893,0.4412770809578107,6180.837866091179
1403900011700,13217.816116916487,0.4538590604026846,0.5461409395973154,7218.790513517309
1403900011325,58497.155586867375,0.626733921815889,0.37326607818411095,21835.00385083574
1403900011734,25218.259447548473,0.555045871559633,0.44495412844036697,11220.96865326698
1403900012268,21588.795607395405,0.6017021276595744,0.3982978723404256,8598.771356817915
1403900010609,41885.94547874043,0.9620637329286799,0.03793626707132014,1588.9964142162514
1403900011151,12254.07302656145,0.5023771790808241,0.49762282091917587,6097.906387227092
1403900012588,37388.34013359324,0.46455834242093785,0.5354416575790621,20019.27481526094
1403900013177,27564.441741435257,0.40384615384615385,0.5961538461538461,16432.64796124025
1403900010670,9193.663415295261,0.8007968127490039,0.19920318725099606,1831.407054839694
1403900014809,12041.059421053485,0.617120106171201,0.38287989382879895,4610.2795527192175
1403900014404,12303.807618502598,0.4062186559679037,0.5937813440320963,7305.771424426818
1403900015489,38687.53229753323,0.6,0.4,15475.012919013294
1403900015031,9966.224010143902,0.7170781893004116,0.28292181069958844,2819.662142787626
1403900012501,13351.506278871362,0.588495575221239,0.41150442477876104,5494.203911216976
1403900015652,36813.60733161124,0.7908101571946796,0.20918984280532038,7701.0327307965445
1403900014391,13515.8720752213,0.4533333333333333,0.5466666666666666,7388.67673445431
1403900010435,31229.069956752934,0.6502115655853314,0.34978843441466856,10923.56748839877
1403900012554,146761.12703047006,1.0,0.0,0.0
1403900010882,16083.752105010502,0.4583002382843527,0.5416997617156474,8712.564682777731
1403900011359,84698.13529550901,0.40414507772020725,0.5958549222797928,50467.80082374889
1403900010469,17335.12290400939,0.5136944613511869,0.4863055386488131,8430.166281377664
1403900013374,22652.229346888736,0.46522948539638387,0.5347705146036161,12113.744344754825
1403900012446,28616.864437768243,0.6048237476808905,0.39517625231910947,11308.705241641253
1403900010774,11746.054706866706,0.6494117647058824,0.35058823529411764,4118.028591348562
1403900015347,38914.154980006904,0.33419354838709675,0.6658064516129032,25909.29544475298
1403900012126,18790.472673103926,0.5014836795252225,0.49851632047477745,9367.357296977625
1403900010967,15648.11689298588,0.5475285171102662,0.4524714828897338,7080.326655001215
1403900010810,19847.27838204414,0.4759916492693111,0.524008350730689,10400.139611467806
1403900012145,103342.48688916973,0.7611548556430446,0.23884514435695536,24682.851199250512
1403900014654,15369.305074339434,0.4327938071780436,0.5672061928219564,8717.565017535246
1403900014989,8078.531243783299,0.5915678524374176,0.4084321475625824,3299.5318650498325
1403900014796,8105.0091790545575,0.4221938775510204,0.5778061224489797,4683.123926162902
1403900010878,10123.934792127933,0.4444444444444444,0.5555555555555556,5624.408217848852
1403900015633,326.5180709431562,0.0,1.0,326.5180709431562
1403900010986,9786.033691998957,0.5221518987341772,0.4778481012658228,4676.237618645071
1403900014550,14988.23510292438,0.5024154589371981,0.4975845410628019,7457.9140850300055
1403900014029,13853.192049778352,0.5651629072681704,0.4348370927318296,6023.881755981313
1403900011077,19267.53407925844,1.0,0.0,0.0
1403900015188,11309.566738046226,0.5334075723830735,0.46659242761692654,5276.958199600634
1403900014014,14771.695620620932,0.5361702127659574,0.46382978723404256,6851.552436798645
1403900011429,13715.672740144062,0.3197158081705151,0.6802841918294849,9330.5553454266
1403900012681,17076.01218115182,0.8102893890675241,0.18971061093247588,3239.5007031767113
1403900012361,6430.909096800393,0.5369458128078818,0.4630541871921182,2977.859384725305
1403900010929,34531.97229247984,1.0,0.0,0.0
1403900011217,20645.27681753171,0.46824887748556765,0.5317511225144324,10978.149122343675
1403900011448,17744.178495107477,0.4489003880983182,0.5510996119016818,9778.809882167898
1403900011128,11202.95786113479,0.5491803278688525,0.4508196721311475,5050.513789855847
1403900011556,41474.10356537771,0.7790893760539629,0.2209106239460371,9162.07009623015
1403900015525,12634.717045199368,0.447265625,0.552734375,6983.642429280119
1403900013800,18310.50639866479,0.4515477792732167,0.5484522207267832,10042.437896979678
1403900010539,12919.389080971829,0.46691176470588236,0.5330882352941176,6887.174326253365
1403900011698,10997.518939898766,0.4447031431897555,0.5552968568102445,6106.8877000369175
1403900010492,18434.87210701674,0.483695652173913,0.5163043478260869,9518.0046204706
1403900014442,11454.342718098864,0.5014955134596212,0.4985044865403788,5710.041235343401
1403900010613,51508.816393850495,1.0,0.0,0.0
1403900011132,18381.948831377562,0.5232774674115456,0.47672253258845443,8763.08920080569
1403900014955,7467.508907875574,0.5932367149758454,0.4067632850241546,3037.5084543146054
1403900013783,18006.759056687035,0.48847926267281105,0.511520737327189,9210.830669549588
1403900012728,17392.026558643647,0.7163120567375887,0.2836879432624113,4933.9082435868495
1403900013707,28228.09223882825,0.8123827392120075,0.18761726078799246,5296.077343119746
1403900014141,9408.715519685622,0.5835351089588378,0.41646489104116224,3918.3996837431646
1403900010261,15335.444147458207,0.40014792899408286,0.5998520710059172,9198.997931648379
1403900012018,16538.922414987603,0.5329949238578681,0.46700507614213194,7723.760721720098
1403900015027,17732.702989795496,0.7934105075690115,0.20658949243098845,3663.390110091323
1403900013406,15881.282949334623,0.5991666666666666,0.4008333333333334,6365.747582191629
1403900011560,38704.610544325515,0.9527272727272728,0.047272727272727244,1829.6724984590232
1403900014090,16779.490407571684,0.5858854860186418,0.41411451398135823,6948.63051498641
1403900011607,11852.220234030445,0.8864628820960698,0.11353711790393017,1345.6669261344614
1403900014616,12198.70239528501,0.4717948717948718,0.5282051282051282,6443.417162637724
1403900014565,25436.388238668853,0.0,1.0,25436.388238668853
1403900014669,6502.734964813041,0.6059190031152648,0.3940809968847352,2562.604277410747
1403900010454,21530.836234072383,0.5481406011207336,0.4518593988792664,9728.910718095874
1403900013919,16464.27835751668,0.6291891891891892,0.3708108108108108,6105.1324071656445
1403900011823,13060.60606212943,0.7009803921568627,0.2990196078431373,3905.3773028916435
1403900014264,8109.445687305377,0.4682080924855491,0.5317919075144508,4312.537590936963
1403900012427,26622.979277399078,0.7055084745762712,0.2944915254237288,7840.241778725575
1403900010346,22649.11635887367,0.5545073375262054,0.4454926624737946,10090.015149393408
1403900014298,17625.546235279144,0.43788437884378845,0.5621156211562115,9907.59487026146
1403900012639,46686.05971441042,0.5306258322237017,0.46937416777629826,21913.230425205955
1403900011109,18381.897066697926,0.5191256830601093,0.4808743169398907,8839.382196007746
1403900010971,7559.865930076709,0.4688311688311688,0.5311688311688312,4015.5651498719144
1403900010666,49024.30946173795,0.5490438001233806,0.4509561998766194,22107.816296440742
1403900013209,21635.115453107308,0.7000642260757868,0.2999357739242132,6489.1450973674455
1403900010647,16989.84140078961,0.626410835214447,0.37358916478555304,6347.220658760001
1403900011950,7873.379044040503,0.591715976331361,0.40828402366863903,3214.574875969199
1403900010721,14878.269714294449,0.5635018495684341,0.4364981504315659,6494.33721191151
1403900012785,18616.037482527678,0.47470817120622566,0.5252918287937743,9778.852374090415
1403900014940,2189.158896606045,0.5147058823529411,0.4852941176470589,1062.3859351176395
1403900010740,9497.830220106705,0.8293963254593176,0.17060367454068237,1620.364735713742
1403900011433,17781.790855223575,0.46338028169014084,0.5366197183098591,9542.059599774904
1403900012395,48797.736805114175,0.576214405360134,0.423785594639866,20679.777909034983
1403900013586,27340.17098473983,0.7145328719723183,0.2854671280276817,7804.720090799434
1403900014936,19013.05403776731,0.46029173419773095,0.539708265802269,10261.502422328223
1403900014033,87652.29478227826,0.6766256590509666,0.3233743409490334,28344.50305788963
1403900015510,11682.223445090836,0.4507512520868113,0.5492487479131887,6416.44660005824
1403900015120,9777.43603678456,0.5712777191129884,0.4287222808870116,4191.804678917139
1403900010736,7280.124490814882,0.6802168021680217,0.3197831978319783,2328.0614902876855
1403900012003,14393.30373273522,0.46500777604976673,0.5349922239502333,7700.305573967209
1403900012253,11697.5497833983,0.6190975865687304,0.3809024134312696,4455.624943728838
1403900010717,7604.778971484734,0.6790393013100436,0.32096069868995636,2440.835172070428
1403900014781,8867.19473558065,0.45488257107540175,0.5451174289245982,4833.662396033456
1403900015169,7130.37030961848,0.5615141955835962,0.43848580441640383,3126.5661609999015
1403900011857,22183.52330705341,0.5188679245283019,0.4811320754716981,10673.204609997394
1403900012535,12306.540689512685,0.730909090909091,0.26909090909090905,3311.578221905231
1403900014349,5804.035450475552,0.5,0.5,2902.017725237776
1403900012573,85835.81063084179,0.0,1.0,85835.81063084179
1403900010308,48683.15911984289,1.0,0.0,0.0
1403900013868,12380.660742537824,0.49008498583569404,0.509915014164306,6313.084797894641
1403900015173,9642.542266512619,0.5327455919395466,0.4672544080604534,4505.520378937256
1403900012164,30468.660194986674,0.5107142857142857,0.4892857142857143,14907.880166832767
1403900014122,18155.406869233317,0.7233160621761658,0.27668393782383416,5023.309465373362
1403900010134,10743.537929969527,0.5977933801404213,0.40220661985957873,4321.122076146219
1403900014156,5045.911080661528,0.3258620689655172,0.6741379310344828,3401.640056101134
1403900013660,17157.982924107968,0.4624113475177305,0.5375886524822695,9223.936919484993
1403900010115,24002.839126959014,0.7256385998107853,0.27436140018921473,6585.452551388944
1403900011081,17642.996516045063,0.49421296296296297,0.505787037037037,8923.598932305198
1403900014724,18623.7019285803,0.615625,0.384375,7158.485428798053
1403900010651,37162.233872987024,0.4692691029900332,0.5307308970099668,19723.145718304575
1403900015421,11535.045896582407,0.4994475138121547,0.5005524861878453,5773.895901825227
1403900011467,28320.87496072451,0.485,0.515,14585.250604773124
1403900014921,9137.25357911735,0.5145482388973966,0.48545176110260335,4435.695841623584
1403900010401,8175.128290730167,0.7984375,0.20156249999999998,1647.799296100299
1403900014917,49321.24371070871,1.0,0.0,0.0
1403900011310,59601.76567892336,0.8494983277591973,0.1505016722408027,8970.165403182446
1403900010505,23698.405683091034,0.6773413897280967,0.32265861027190335,7646.49464336593
1403900011185,29655.896595483904,0.5513955071477196,0.44860449285228043,13303.768452296727
1403900011397,36503.50043914785,0.4435064935064935,0.5564935064935065,20313.960958668642
1403900011645,20674.431107709417,0.3276661514683153,0.6723338485316848,13900.119832849456
1403900013548,4483.087168322644,0.263681592039801,0.736318407960199,3300.979606526126
1403900011999,10142.530922286529,0.538,0.46199999999999997,4685.849286096376
1403900013764,14251.258380973708,0.708092485549133,0.29190751445086704,4160.049411787123
1403900013590,8647.700510761655,0.5157318741450069,0.4842681258549931,4187.805719301814
1403900015008,16111.122544103011,0.40896358543417366,0.5910364145658263,9522.260103097298
1403900013016,16621.144070880826,0.570779712339137,0.42922028766086295,7134.132239356115
1403900014476,22596.261923297345,0.505488761108207,0.49451123889179305,11174.10547801322
1403900015436,11146.010915364472,0.43673012318029114,0.5632698768197089,6278.212195328476
1403900012200,6758.079348022269,0.6361031518624641,0.36389684813753587,2459.243774208677
1403900011293,72382.72041662433,0.8926380368098159,0.1073619631901841,7771.150964975009
1403900012713,25662.843391575476,0.7463414634146341,0.25365853658536586,6509.599299326463
1403900010952,21518.293626888706,0.5554493307839388,0.44455066921606123,9565.97183222108
1403900011202,8998.863898522975,0.48282097649186256,0.5171790235081375,4654.023643720744
1403900015417,12020.455257888645,0.45300113250283125,0.5469988674971688,6575.175412865477
1403900010844,10995.027815709143,0.5275779376498801,0.47242206235011985,5194.293716294247
1403900014870,10744.721317348078,0.8225255972696246,0.1774744027303754,1906.9129983006824
1403900013923,30323.8748150526,0.6181520850367948,0.38184791496320525,11579.108371733088
1403900015192,10252.375149078329,0.5106649937264742,0.4893350062735258,5016.846057892783
1403900011664,13852.707653192618,0.44631901840490795,0.553680981595092,7669.980771169532
1403900012624,21796.03136693081,0.610632183908046,0.38936781609195403,8486.673132813577
1403900012022,12924.457011994018,0.4236111111111111,0.5763888888888888,7449.51341663544
1403900013849,7238.873475260147,0.651252408477842,0.34874759152215795,2524.5396898306094
1403900014832,13990.998073631154,0.7135678391959799,0.2864321608040201,4007.471810035054
1403900011880,20594.162898441245,0.40540540540540543,0.5945945945945945,12245.177939613712
1403900014974,5843.222945325792,0.7106184364060677,0.2893815635939323,1690.9209923463202
1403900015332,8243.585809355684,0.585480093676815,0.41451990632318503,3417.1304174612555
1403900012215,19881.18321494744,0.5932721712538226,0.4067278287461774,8086.230481920519
1403900013976,66928.33790272444,0.5472496473906912,0.45275035260930885,30301.82858501346
1403900014601,13194.362339607858,0.44713656387665196,0.552863436123348,7294.6805005320975
1403900011452,14592.145019924843,0.4220018034265104,0.5779981965734896,8434.233505655387
1403900014743,11698.929738036586,0.46039035591274396,0.539609644087256,6312.855312143737
1403900010825,16775.848127140333,0.5703422053231939,0.4296577946768061,7207.873910140143
1403900012520,5265.660223722784,0.5638051044083526,0.43619489559164737,2296.8541115078506
1403900015506,13316.658816890571,0.4430769230769231,0.5569230769230769,7416.354602637517
1403900010859,14699.389508181284,0.4479717813051146,0.5520282186948854,8114.477806103601
1403900014245,11857.331386735521,0.43931795386158473,0.5606820461384152,6648.192823656124
1403900010685,9716.136647806135,0.8571428571428571,0.1428571428571429,1388.0195211151627
1403900011965,7509.20781720085,0.37129300118623965,0.6287069988137604,4721.091510221175
1403900013745,17446.103183562474,0.4480088495575221,0.5519911504424779,9630.094567032827
1403900013656,11301.964334275686,0.7419028340080972,0.2580971659919028,2917.004964818117
1403900011471,17117.88244769827,0.4943181818181818,0.5056818181818181,8656.201919574693
1403900011931,8189.522486709824,0.5728542914171657,0.4271457085828343,3498.1193855407228
1403900015313,26604.660159952065,0.7692307692307693,0.23076923076923073,6139.536959988937
1403900010280,14279.808345744397,0.9838895281933256,0.016110471806674354,230.05444975882824
1403900012111,16931.846361320946,0.46801872074882994,0.53198127925117,9007.425287379785
1403900011414,14741.050107004026,0.4797891036906854,0.5202108963093146,7668.454888705082
1403900013995,15816.362940142124,0.6439509954058193,0.35604900459418065,5631.400281137891
1403900013694,31305.726085907492,0.6894273127753304,0.3105726872246696,9722.703476019728
1403900014230,11147.949423147886,0.4226579520697168,0.5773420479302832,6436.179950183419
1403900015296,10691.426476655222,0.6666666666666666,0.33333333333333337,3563.8088255517414
1403900010543,12701.99141679494,0.4529828109201213,0.5470171890798787,6948.207640531914
1403900011062,20270.61568580183,1.0,0.0,0.0
1403900012380,7027.0700806103905,0.5377358490566038,0.46226415094339623,3248.362584433105
1403900013567,7779.269925434428,0.422279792746114,0.5777202072538861,4494.2414336059
1403900011575,30021.085615991797,0.8645833333333334,0.13541666666666663,4065.3553438322215
1403900010153,20745.30353528137,0.7844357976653696,0.21556420233463036,4471.944808772716
1403900014067,11920.137484207073,0.6031496062992125,0.39685039370078745,4730.51125357509
1403900014828,15354.906564796787,0.5684615384615385,0.43153846153846154,6626.232756039229
1403900010276,18826.92900975238,0.4292929292929293,0.5707070707070707,10744.661505565753
1403900013001,6348.636535997297,0.711038961038961,0.288961038961039,1834.5086094277904
1403900011518,7898.563239264778,0.3727714748784441,0.6272285251215559,4954.204171143386
1403900014226,15879.85635875239,0.5196280991735537,0.4803719008264463,7628.236783904816
1403900011005,10160.956107786295,0.5040160642570282,0.49598393574297184,5039.671001251435
1403900012431,10857.663142691836,0.5714285714285714,0.4285714285714286,4653.284204010787
1403900010416,7694.697014509817,0.7464285714285714,0.25357142857142856,1951.1553143935605
1403900014531,7864.507497173421,0.8578680203045685,0.14213197969543145,1117.7980199028211
1403900010897,19770.781049069443,0.5610543302850995,0.43894566971490045,8678.298728370448
1403900014635,7497.371515121907,0.5508241758241759,0.44917582417582413,3367.6380294572295
1403900015135,10063.285989036074,0.5472901168969182,0.4527098831030818,4555.749023729402
1403900012304,16759.822903939705,0.7017434620174346,0.29825653798256535,4998.726756529962
1403900014052,17343.633299539844,0.7314178638351031,0.2685821361648969,4658.190080451051
1403900015309,13171.677871098113,0.8812260536398467,0.11877394636015326,1564.452160935025
1403900010149,12202.251116526797,0.8578154425612052,0.14218455743879477,1734.971674760402
1403900012516,7524.644768532703,0.5376782077393075,0.4623217922606925,3478.8072555130825
1403900012605,133191.79429952896,0.5481481481481482,0.45185185185185184,60182.95890571309
1403900015578,15517.289347994309,0.48361310951239006,0.5163868904876099,8012.924795207293
1403900015366,35384.462682357094,0.8,0.19999999999999996,7076.892536471417
1403900011382,18328.206767220527,0.5060532687651331,0.4939467312348669,9053.157822065346
1403900013711,24017.311749351557,0.676779463243874,0.32322053675612605,7762.888395064623
1403900015370,29555.470245652854,0.8695652173913043,0.13043478260869568,3855.0613363895036
1403900013618,8387.930308486983,0.4654178674351585,0.5345821325648414,4484.037672116239
1403900010327,11122.445242101558,0.9341176470588235,0.0658823529411765,732.7728630090442
1403900011289,45638.026201699075,0.9418070444104135,0.05819295558958648,2655.8116319518585
1403900014993,8494.70858044063,0.6007653061224489,0.39923469387755106,3391.3823796912216
1403900011804,12951.540876192075,0.937984496124031,0.06201550387596899,803.1963334072605
1403900010524,17144.099204791357,0.3888888888888889,0.6111111111111112,10476.949514039163
1403900013957,27353.839130951423,0.8216867469879519,0.17831325301204815,4877.552037808204
1403900013815,19045.17111928333,0.40575916230366493,0.5942408376963351,11317.418439992975
1403900015667,20662.217459367414,0.9474074074074074,0.052592592592592635,1086.6795849000648
1403900011908,14108.146218855687,0.42815814850530376,0.5718418514946962,8067.628454948334
1403900013834,17034.223927838393,0.8353196099674973,0.16468039003250268,2805.202640337416
1403900011236,18325.02123770539,0.506137865911237,0.493862134088763,9050.03409567509
1403900011984,10750.953652068436,0.45339652448657186,0.5466034755134281,5876.50863130439
1403900014546,29408.848211064567,0.6444444444444445,0.3555555555555555,10456.479363934068
1403900014620,7975.7108806270235,0.6072463768115942,0.3927536231884058,3132.489345869454
1403900011039,19765.094965511238,0.4287581699346405,0.5712418300653594,11290.649019514261
1403900013336,22098.95986050778,0.6580046403712297,0.34199535962877026,7557.741724916117
1403900012130,27453.483184701607,0.8559782608695652,0.1440217391304348,3953.8983934488733
1403900011147,30838.679669361565,0.4674887892376682,0.5325112107623318,16421.94264904343
1403900012037,11105.9794239058,0.3941798941798942,0.6058201058201058,6728.225629826529
1403900014461,21309.321678911227,0.952047952047952,0.047952047952047994,1021.825614972767
1403900014279,10985.078688021833,0.49130938586326767,0.5086906141367323,5588.006424150156
1403900014211,15794.943946317555,0.48220973782771537,0.5177902621722846,8178.468166960307
1403900014902,35796.64913306268,1.0,0.0,0.0
1403900010577,43585.16932004018,0.8970588235294118,0.1029411764705882,4486.708606474723
1403900015099,8645.920463944494,0.5412541254125413,0.45874587458745875,3966.280344845824
1403900013730,58624.771438132295,0.48616600790513836,0.5138339920948616,30123.400343704336
1403900012569,32279.292154975657,0.6984978540772532,0.3015021459227468,9732.275853592448
1403900015012,18369.158234458264,0.3926470588235294,0.6073529411764707,11156.56228063421
1403900014387,19570.323270093504,0.5903058280438546,0.40969417195614544,8017.847387055042
1403900014527,8576.351025663684,0.6081932773109243,0.3918067226890757,3360.2719879963806
1403900011683,20645.664840035657,0.4485294117647059,0.5514705882352942,11385.476933843194
1403900011946,11518.2554163733,0.49544072948328266,0.5045592705167173,5811.642550510541
1403900014300,13830.653378156778,0.4600158353127474,0.5399841646872525,7468.333811482915
1403900013514,12421.519029713694,0.5454545454545454,0.4545454545454546,5646.145013506225
1403900014048,25599.98683391772,0.4891745602165088,0.5108254397834913,13077.124532887605
1403900013872,19780.08691753591,0.5821138211382114,0.4178861788617886,8265.824939523136
1403900014813,9819.494325096835,0.6262178919397697,0.37378210806023027,3670.3512889201634
1403900011861,41962.424741562805,0.51338199513382,0.48661800486618,20419.67140708652
1403900014480,15892.025714808504,0.43471810089020774,0.5652818991097923,8983.474476768606
1403900012041,7842.0863007180415,0.4549266247379455,0.5450733752620545,4274.512449028702
1403900015402,12053.31884389595,0.5,0.5,6026.659421947975
1403900015154,6966.861339144441,0.5196969696969697,0.48030303030303034,3346.2046128921033
1403900010295,39789.58423332934,1.0,0.0,0.0
1403900015544,8109.33579659773,0.4,0.6,4865.601477958638
1403900013317,34361.59721116683,0.8811428571428571,0.11885714285714288,4084.1212685272585
1403900015440,12931.429072168954,0.4896174863387978,0.5103825136612021,6599.975275085138
1403900014103,17743.210610111826,0.49345417925478346,0.5065458207452165,8987.749181154328
1403900012319,25430.884817291808,0.7212121212121212,0.2787878787878788,7089.822433911656
1403900011842,14733.725779787956,0.5473145780051151,0.45268542199488493,6669.742872180225
1403900013853,9849.206841772011,0.7190812720848057,0.28091872791519434,2766.8266569642224
1403900011819,17956.59340060132,0.8465608465608465,0.1534391534391535,2755.2444900393566
1403900011170,48233.08077947297,0.5281350482315113,0.47186495176848875,22759.500335651635
1403900011626,75263.97250507222,0.4915254237288136,0.5084745762711864,38269.81652800282
1403900014438,13994.564672267712,0.4831050228310502,0.5168949771689497,7233.720186761209
1403900013938,7125.720054214136,0.4006568144499179,0.5993431855500821,4270.751756630804
1403900014512,19863.975546564263,0.5594679186228482,0.44053208137715183,8750.718491952803
1403900013726,33208.744036053264,0.49584026622296173,0.5041597337770383,16742.51155228642
1403900014160,8206.46830465581,0.3271523178807947,0.6728476821192053,5521.703177172386
1403900012376,17143.69772591461,0.49134199134199136,0.5086580086580086,8720.279146298557
1403900010064,10322.142122259009,0.9133574007220217,0.08664259927797835,894.3372235892283
1403900010789,17252.36263639309,0.5197080291970803,0.48029197080291974,8286.171251639893
1403900015281,13569.424144087217,0.6581005586592179,0.3418994413407821,4639.37853417954
1403900012357,15598.974661842725,0.46983311938382544,0.5301668806161746,8270.059737279904
1403900011912,27011.934507895458,0.34088050314465407,0.659119496855346,17804.092681933613
1403900014673,19093.802980657758,0.45704162976085033,0.5429583702391496,10367.140148045353
1403900013603,18218.113012378624,0.6998525073746312,0.3001474926253688,5468.120941031048
1403900012249,25505.581387165512,0.6507276507276507,0.3492723492723493,8908.394330652403
1403900010399,29165.03657724984,0.7412280701754386,0.25877192982456143,7547.092798498863
1403900014762,7708.348313119799,0.9009126466753585,0.09908735332464147,763.7998328515056
1403900012183,82282.43804400589,0.75,0.25,20570.609511001472
1403900015046,11374.885788379266,0.4409044193216855,0.5590955806783144,6359.648375003412
1403900010204,11293.879337127884,0.4801178203240059,0.519882179675994,5871.486606783716
1403900011113,28565.582708933827,0.46785714285714286,0.5321428571428571,15200.970798682643
1403900010191,20456.311035462706,0.5519053876478318,0.4480946123521682,9166.362763591042
1403900015493,9960.961298735363,0.5,0.5,4980.4806493676815
1403900011679,11693.602797919419,0.44684684684684683,0.5531531531531532,6468.353259389661
1403900015101,16763.094304524555,0.5205371248025277,0.4794628751974723,8037.281392453716
1403900011594,24716.421578702226,0.75,0.25,6179.105394675556
1403900012272,9617.255411661503,0.6203438395415473,0.37965616045845274,3651.2502637396824
1403900012342,12069.404801200275,0.44982698961937717,0.5501730103806228,6640.260772978698
1403900010350,69550.77374838285,0.6413738019169329,0.35862619808306706,24942.72956311813
1403900010990,10825.503686497492,0.5207439198855508,0.4792560801144492,5188.188462055307
1403900012287,19684.71929525417,0.58675799086758,0.41324200913242004,8134.552950778549
1403900014885,9167.11093619842,0.6025641025641025,0.39743589743589747,3643.338961822449
1403900010948,20928.564031339738,1.0,0.0,0.0
1403900015277,14964.314493844704,0.4532095901005414,0.5467904098994586,8182.343655953755
1403900013533,4897.730954632282,0.531021897810219,0.468978102189781,2296.928568139592
1403900014847,13842.034160905081,0.49734513274336284,0.5026548672566371,6957.76584371158
1403900010793,18807.702625881822,0.48595689092096667,0.5140431090790334,9667.969932442193
1403900015559,14815.896607342642,0.6109510086455331,0.3890489913544669,5764.109631098723
1403900015116,12786.569383990001,0.5174129353233831,0.48258706467661694,6170.632986303633
1403900014086,12665.89664035329,0.5714285714285714,0.4285714285714286,5428.241417294268
1403900014175,14256.7052189091,0.3995176848874598,0.6004823151125402,8560.89935572757
1403900011363,58854.82967228194,0.39,0.61,35901.446100091984
1403900011490,16205.45043503668,0.4863064396743153,0.5136935603256847,8324.635530655409
1403900010238,17672.919420708982,0.4649050371593724,0.5350949628406276,9456.690160709679
1403900011344,26483.780977845614,0.5115511551155115,0.4884488448844885,12935.972226802478
1403900015262,16124.202113026224,0.6197014925373134,0.38029850746268656,6132.009997610569
1403900014368,9641.662694956975,0.5865168539325842,0.41348314606741576,3986.6650244316484
1403900011630,54033.45873985388,0.3490566037735849,0.6509433962264151,35172.72314198035
1403900015224,22836.517716058057,0.7862001943634597,0.21379980563654033,4882.443049108622
1403900012179,57066.69816512142,0.43703703703703706,0.5629629629629629,32126.437485549835
1403900011787,21544.926328433266,0.835,0.16500000000000004,3554.9128441914895
1403900012709,22430.39730055118,0.8168115942028985,0.1831884057971015,4108.98872288358
1403900014705,9578.83617149435,0.726998491704374,0.27300150829562597,2615.0367225346567
1403900015582,0.0,0.0,1.0,0.0
1403900014851,10645.778488709824,0.4185430463576159,0.5814569536423841,6190.061929196839
1403900013961,27379.969014224447,0.8986111111111111,0.10138888888888886,2776.024636164422
1403900015385,19262.17094082098,0.46996466431095407,0.5300353356890459,10209.631240717834
1403900015629,11077.915934170276,0.5005202913631633,0.49947970863683666,5533.19422310274
1403900010702,8113.243792412319,0.546448087431694,0.45355191256830596,3679.777239181543
1403900011895,10923.991412726637,0.3008695652173913,0.6991304347826087,7637.294865941058
1403900010596,35607.6583896616,1.0,0.0,0.0
1407000201236,14155.701184879243,0.5924528301886792,0.4075471698113208,5769.115954592296
1403900015671,16916.40757072554,0.6959921798631477,0.30400782013685235,5142.720190122817
1403900013980,37396.97611335082,0.5464788732394367,0.45352112676056333,16960.318744364737
1403900010755,12504.758081905535,0.7392703862660944,0.2607296137339056,3260.360744531164
1403900010933,48989.13380559058,1.0,0.0,0.0
1403900015614,6728.35272004037,0.6066350710900474,0.39336492890995256,2646.697989399766
1403900011715,15825.058361663483,0.5514492753623188,0.4485507246376812,7098.341395557752
1403900010632,16111.042791102253,0.7558644656820156,0.2441355343179844,3933.2780402256594
1403900010806,21210.152269512466,0.49,0.51,10817.177657451357
1403900011024,7670.644550446052,0.4841628959276018,0.5158371040723981,3956.8030712708137
1403900014423,26445.559458518663,0.9581624282198523,0.041837571780147687,1106.4179921119382
1403900011096,23724.228391046177,0.5640194489465153,0.43598055105348466,10343.302167247039
1403900010223,11942.83673811772,0.4640957446808511,0.5359042553191489,6400.217028539149
1403900011306,27307.546121607975,1.0,0.0,0.0
1403900013340,24261.32048150743,0.6925842696629213,0.3074157303370787,7458.311554764533
1403900010384,14783.275948383514,0.8573281452658884,0.1426718547341116,2109.1573986020585
1403900012107,21105.487753296402,0.6071428571428571,0.3928571428571429,8291.441617366445
1403900010312,32702.420033034305,0.8580901856763926,0.14190981432360739,4640.794354820517
1403900010863,38837.93398045942,0.5099009900990099,0.4900990099009901,19034.43299042318
1403900011378,64970.27967725768,0.30973451327433627,0.6902654867256637,44846.74172412477
1407000200613,1033.4812038516604,0.5652173913043478,0.4347826086956522,449.33965384854804
1403900015563,13292.69125139271,0.6588114754098361,0.3411885245901639,4535.313715895258
1403900014283,18884.034553383695,0.6635780470420527,0.3364219529579473,6353.003784174701
1403900010365,33567.61555221203,0.8516556291390729,0.1483443708609271,4979.566810394366
1403900011768,61046.10241005503,1.0,0.0,0.0
1403900013798,18392.551177842117,0.6060398078242965,0.39396019217570355,7245.932996624143
1403900010473,16130.298879401887,0.4873341375150784,0.5126658624849216,8269.453587148133
1403900012056,20381.533260076787,0.5557986870897156,0.4442013129102844,9053.503833250737
1403900014457,14236.847277081619,0.9513422818791947,0.04865771812080533,692.7325017371923
1403900011221,10631.769861520734,0.534965034965035,0.465034965034965,4944.144725812089
1403900015474,8728.42170623017,0.5046948356807511,0.49530516431924887,4323.2323474520335
1403900013552,7336.765668561347,0.3300395256916996,0.6699604743083004,4915.343007198215
1403900011791,21537.195868738352,0.8674698795180723,0.1325301204819277,2854.327163326769
1403900013529,17624.78646122821,0.614702154626109,0.385297845373891,6790.792248686154
1403900011876,6411.745547118657,0.2491103202846975,0.7508896797153025,4814.513560291945
1403900012662,32272.09362937987,0.5879310344827586,0.41206896551724137,13298.328236934118
1403900011166,20370.76483302071,0.45584045584045585,0.5441595441595442,11084.946105717821
1403900012291,28034.23610811982,0.5836466165413534,0.4163533834586466,11672.149056294249
1403900014866,23696.15713587935,0.7607934655775963,0.2392065344224037,5668.275627602411
1407000131433,5033.67575815846,0.36185819070904646,0.6381418092909535,3212.1989556952517
1403900013891,10924.170723405181,0.5334796926454446,0.4665203073545554,5096.347483476621
1403900013904,12534.623990324297,0.5913513513513513,0.4086486486486487,5122.2571549649565
1403900015258,10216.200567113423,0.4454443194600675,0.5545556805399325,5665.452058028029
1403900011537,37801.50462490971,0.48688946015424167,0.5131105398457583,19396.350445069347
1403900013641,18257.96626123688,0.583969465648855,0.416030534351145,7595.8714598275565
1403900013637,2537.280718174729,0.5304659498207885,0.46953405017921146,1191.339692046199
1403900015050,7554.814588128117,0.35714285714285715,0.6428571428571428,4856.666520939503
1403900012592,93889.07434196596,0.564030131826742,0.435969868173258,40932.80736377612
1403900015351,16691.7264263826,0.5798816568047337,0.4201183431952663,7012.500451320501
1403900013482,11601.156576217025,0.3786127167630058,0.6213872832369942,7208.811167302487
1403900015597,7608.631394966682,0.605296343001261,0.394703656998739,3003.1546363487664
1403900014118,11413.992457826085,0.6149825783972126,0.3850174216027874,4394.585946305861
1403900013942,9013.508070041178,0.3997524752475248,0.6002475247524752,5410.335908378677
1403900014495,11838.372504978548,0.5093333333333333,0.4906666666666667,5808.694775776141
1403900010083,14661.424921397384,0.5391705069124424,0.4608294930875576,6756.4170144688405
1403900014071,15400.07897651072,0.6428571428571429,0.3571428571428571,5500.028205896685
1403900014777,7912.854328081942,0.8338557993730408,0.16614420062695923,1314.6748570167488
1403900010030,119043.73525360918,1.0,0.0,0.0
1403900010026,10139.174586731855,1.0,0.0,0.0
1407000131448,17813.35033763205,0.3314543404735062,0.6685456595264938,11909.03804984871
1403900013143,42951.56672567042,1.0,0.0,0.0
1403900011043,61880.755912065986,1.0,0.0,0.0
1403900011274,37399.471493192046,0.8330434782608696,0.16695652173913045,6244.085675385108
1403900015648,7224.62628978688,0.9185867895545314,0.08141321044546856,588.1800205202841
1403900011753,51559.55457024372,0.8180722891566266,0.18192771084337345,9380.111735068434
1403900014599,12826.645288596745,0.9452282157676348,0.05477178423236517,702.5382481721042
1403900012677,17178.650512799693,0.6883629191321499,0.31163708086785014,5353.504499057894
1403900013321,30695.04317658684,0.849112426035503,0.15088757396449703,4631.500597650677
1403900014584,66358.69148507614,0.9098873591989988,0.09011264080100123,5979.756929819125
1403900010562,20096.144563041955,0.8639534883720931,0.13604651162790693,2734.010364971986
1403900014508,9171.91186935627,0.7882037533512064,0.2117962466487936,1942.5765085231783
1403900015065,14548.395186532296,0.42086956521739133,0.5791304347826087,8425.418429765661
1404400010280,4586.568162099979,0.5382775119617225,0.46172248803827753,2117.7216633619523
1404400050276,430.86042938361794,0.6440677966101694,0.35593220338983056,153.35710198399963
1404400100242,9161.339219176765,0.2517814726840855,0.7482185273159145,6854.683738813969
1404400020115,5900.771146238147,0.5862068965517241,0.4137931034482759,2441.6984053399233
1404400020149,2.6460222546546457,0.0,1.0,2.6460222546546457
1404400010308,107.34222061526916,0.8518518518518519,0.14814814814814814,15.902551202262096
1412000010706,32552.741110463023,0.9452529452529452,0.05474705474705477,1782.1666997412196
1404400010331,163.2785697520401,0.7,0.30000000000000004,48.98357092561204
1404400020172,163.38642376676566,0.5625,0.4375,71.48156039795998
1404400100223,9036.379030208927,0.22666666666666666,0.7733333333333333,6988.133116694904
1404400010100,6208.242112262657,0.5377358490566038,0.46226415094339623,2869.847768876134
1404400020168,48.53242335467928,0.6923076923076923,0.3076923076923077,14.933053339901319
1404400020346,108.94800827664113,0.6086956521739131,0.3913043478260869,42.63182932564218
1404400010064,570.3568409295635,0.43661971830985913,0.5633802816901409,321.3277977067964
1412000014342,9660.694566894295,0.7441860465116279,0.2558139534883721,2471.3404706008664
1404400010312,322.9740360110681,0.8392857142857143,0.1607142857142857,51.9065415017788
1404400010327,380.91905168949825,0.8035714285714286,0.1964285714285714,74.82338515329428
1404400010098,12552.814807665403,0.48013245033112584,0.5198675496688742,6525.801075508173
1404400010079,1469.8613640312103,0.6976744186046512,0.3023255813953488,444.3766914512961
1412000015694,2943.1976942019214,0.7215909090909091,0.27840909090909094,819.4129944084896
1404400010083,1441.2999391257456,0.5436241610738255,0.4563758389261745,657.7744688627564
1404400050261,6685.653747257078,0.6041275797373359,0.3958724202626641,2646.665929964809
1404400020187,1107.3602558034138,0.6236559139784946,0.3763440860215054,416.74848336687614
1404400020350,173.43357852652994,0.5483870967741935,0.4516129032258065,78.32484191520707
1404400100238,8995.204089808089,0.2415795586527294,0.7584204413472706,6822.146655801024
1404400010365,0.0,0.0,1.0,0.0
1404400020153,67.05688734272492,0.7058823529411765,0.2941176470588235,19.722613924330854
1404400020134,3042.9712577225037,0.6808510638297872,0.3191489361702128,971.1610396986714
1404400010295,2782.4874462136872,0.5771812080536913,0.42281879194630867,1176.4879806138408
1404400050257,765.4913062319891,0.6170212765957447,0.3829787234042553,293.16688323778305
1404401700219,2362.898750257992,0.2996742671009772,0.7003257328990228,1654.7987990406134
1404401700384,2238.8909989033714,0.26573426573426573,0.7342657342657343,1643.9409432507273
1404400540416,10376.168882908505,0.21662245800176835,0.7833775419982316,8128.457674851402
1404400540435,6654.734222020888,0.21923076923076923,0.7807692307692308,5195.8117195009245
1404400540420,10641.678850561637,0.228430566967954,0.771569433032046,8210.794117236957
1404401700399,3491.671803976439,0.3874709976798144,0.6125290023201856,2138.750246519211
1404400540401,13454.428761557992,0.2506720430107527,0.7493279569892473,10081.779616355618
1405100010088,64.13278933510236,0.9333333333333333,0.06666666666666665,4.275519289006823
1405100010139,1411.9067781042627,0.43333333333333335,0.5666666666666667,800.0805075924155
1405100010069,17278.51954525735,0.6111975116640747,0.38880248833592534,6717.931393956979
1405100010124,9.891262638851737,0.625,0.375,3.7092234895694016
1405100010177,6.933156361980706,0.8,0.19999999999999996,1.386631272396141
1405100010105,114.53173604295675,0.0,1.0,114.53173604295675
1405100010092,562.137989167799,0.684931506849315,0.31506849315068497,177.1119691898545
1405100010143,321.2895195991763,0.6363636363636364,0.36363636363636365,116.83255258151866
1405100010162,689.253507947204,0.7222222222222222,0.2777777777777778,191.4593077631122
1405100010158,209.76172874449355,0.7692307692307693,0.23076923076923073,48.40655278719081
1405100010054,12318.89239322611,0.56187624750499,0.43812375249501,5397.199361902458
1405100010073,1969.5876955202075,0.677570093457944,0.32242990654205606,635.0539765929641
1405100020196,12992.511324446119,0.43536875495638383,0.5646312450436162,7335.977845365294
1405100020181,10118.382711590742,0.5313199105145414,0.4686800894854586,4742.284514716466
1405100020209,9052.393581586928,0.3576719576719577,0.6423280423280423,5814.606247643666
1405100020213,12407.78381143967,0.3278943278943279,0.6721056721056722,8339.341877929539
1407000130350,10477.804606501662,0.38372093023255816,0.6162790697674418,6457.2516760998615
1407000140473,1035.7904494886852,0.5806451612903226,0.4193548387096774,434.3637368823518
1407000200261,4612.567530277123,0.5845070422535211,0.4154929577464789,1916.4893259602131
1407000010030,7670.06441407754,0.482078853046595,0.5179211469534051,3972.4885585455368
1407000210755,1111.09975659085,0.4609375,0.5390625,598.952212537255
1407000641293,3904.0767728224832,0.3404761904761905,0.6595238095238095,2574.8315858853043
1407000130435,7289.221509300496,0.4529616724738676,0.5470383275261324,3987.4835434152537
1407000141077,8.094228077811087,0.6666666666666666,0.33333333333333337,2.6980760259370293
1407000140774,3138.101750037623,0.4684014869888476,0.5315985130111525,1668.2102239976955
1407000430651,518.2091897406503,0.22058823529411764,0.7794117647058824,403.8983390625657
1407000140609,4104.3346458713995,0.35294117647058826,0.6470588235294117,2655.745947328552
1407000130416,10780.616438424327,0.46368715083798884,0.5363128491620112,5781.783117814164
1407000430986,6.984902880386272,0.0,1.0,6.984902880386272
1407000010929,116.29150614932574,0.7272727272727273,0.2727272727272727,31.715865313452472
1407000201382,10193.324565430103,0.5155737704918033,0.4844262295081967,4937.913785384582
1407000130420,7300.078286033855,0.3921259842519685,0.6078740157480316,4437.527903006407
1407000211151,4225.673391072882,0.3638676844783715,0.6361323155216285,2688.0873989013244
1407000011289,25.928517570502798,0.7777777777777778,0.2222222222222222,5.761892793445066
1412000013005,11810.80856977227,1.0,0.0,0.0
1407000131452,8207.880567798657,0.40772532188841204,0.592274678111588,4861.319821271307
1407000130327,9879.217161627907,0.46490218642117376,0.5350978135788262,5286.34750305751
1407000010045,16518.805933594704,0.5019556714471969,0.4980443285528031,8227.097609691235
1407000430666,7.608891742436197,0.5714285714285714,0.4285714285714286,3.2609536039012275
1407000430971,466.04845405790775,0.46153846153846156,0.5384615384615384,250.9491675696426
1407000200257,57507.32661807264,0.0,1.0,57507.32661807264
1407000011240,433.6880399850756,0.5,0.5,216.8440199925378
1407000140844,11729.685054719976,0.46153846153846156,0.5384615384615384,6315.984260233833
1407000430647,275.4001192787522,0.6071428571428571,0.3928571428571429,108.19290400236694
1407000201255,4703.262687162947,0.5689277899343544,0.43107221006564556,2027.4458410746186
1407000201221,315.1023922250228,1.0,0.0,0.0
1407001111325,9402.258725259533,0.5014895729890765,0.4985104270109235,4687.124011996311
1407000431024,6255.3575023253925,0.4503311258278146,0.5496688741721854,3438.3753158477316
1407000011043,65.65690271422919,0.4444444444444444,0.5555555555555556,36.476057063460665
1407000130365,8467.674700639553,0.4154727793696275,0.5845272206303724,4949.5863579669585
1407000430505,1539.3222865749592,0.33540372670807456,0.6645962732919255,1023.0278550529232
1407000431147,4720.008588365772,0.36147186147186144,0.6385281385281385,3013.858297766023
1407000140558,18251.762004805994,1.0,0.0,0.0
1407000130596,987.391858241608,0.35294117647058826,0.6470588235294117,638.9006141563345
1407000200204,4953.194245880364,0.491869918699187,0.5081300813008129,2516.866994857908
1407000130083,11308.90015417552,0.46473029045643155,0.5352697095435685,6053.311700782748
1407000131429,11143.105137584882,0.45618556701030927,0.5438144329896908,6059.781402140233
1407000140488,6385.331073515921,0.41649484536082476,0.5835051546391752,3725.873595474238
1407000131471,7634.482587639792,0.46441281138790036,0.5355871886120996,4088.9310656220237
1407001111310,5083.771396709182,0.4340659340659341,0.5659340659340659,2877.0794168189327
1407000010098,5024.169699741899,0.5878136200716846,0.4121863799283154,2070.894320682145
1407000131486,11219.978464303642,0.4746335963923337,0.5253664036076663,5894.599734346671
1407000130238,65671.06614032044,0.5584905660377358,0.44150943396226416,28994.395239311292
1407000430990,79.21161922096783,0.45,0.55,43.56639057153231
1407000011274,36.23413460080953,0.0,1.0,36.23413460080953
1407000140280,4797.400795700996,0.513715710723192,0.486284289276808,2332.900636313452
1407000211113,6529.598767636655,0.43033509700176364,0.5696649029982364,3719.6832485831387
1407000140825,10251.12404007761,0.4388586956521739,0.5611413043478262,5752.329114880507
1407000200191,12945.378024315338,0.4847277556440903,0.5152722443559097,6670.393988624636
1407000430897,8997.604101737903,0.38088445078459343,0.6191155492154066,5570.556605070256
1407000010539,238.857795062938,0.5263157894736842,0.4736842105263158,113.14316608244432
1407000431132,2684.7267637326354,0.4075471698113208,0.5924528301886792,1590.5739694566935
1407000140948,14.695650555534154,0.7142857142857143,0.2857142857142857,4.198757301581186
1407000430308,13128.060151393664,0.30906148867313915,0.6909385113268609,9070.682337613422
1407000140219,5964.467814483807,0.5120643431635389,0.4879356568364611,2910.276520740088
1407000010717,1985.8436722961644,0.547945205479452,0.452054794520548,897.710153229773
1407000430628,33.62460047935413,0.5384615384615384,0.46153846153846156,15.519046375086521
1407001111490,558.2709808243129,0.3253012048192771,0.6746987951807228,376.6647581465244
1407000211005,13469.311016331496,0.4439918533604888,0.5560081466395113,7489.046654701627
1407000431081,116.37163200883786,0.5,0.5,58.18581600441893
1407000641306,14019.500144038055,0.43813847900113506,0.5618615209988649,7877.017674573027
1407000011217,83.6441249950303,0.25,0.75,62.73309374627272
1407000211185,3933.993386836166,0.5188679245283019,0.4811320754716981,1892.7704031004193
1407001111344,3914.9955382647495,0.26778242677824265,0.7322175732217573,2866.6285322022222
1407000200793,72.34560174580754,0.3125,0.6875,49.737601200242686
1407000140469,5263.69927353942,0.4816053511705686,0.5183946488294314,2728.6735364502006
1407001111359,6278.385846147073,0.3,0.7,4394.870092302951
1407000210740,874.178215644236,0.5108695652173914,0.48913043478260865,427.5871706955502
1407000431039,4250.700177955863,0.41823899371069184,0.5817610062893082,2472.891612961744
1407001111378,1511.4651771700626,0.0,1.0,1511.4651771700626
1407000210721,1471.9490550128678,0.46745562130177515,0.5325443786982249,783.878194977267
1407000140346,5612.979107936289,0.4240631163708087,0.5759368836291914,3232.721695300585
1407000140223,7609.850018965339,0.3857965451055662,0.6142034548944337,4673.996172876983
1407000130401,11701.948197977199,0.5575221238938053,0.4424778761061947,5177.853184945663
1407000011058,2868.501258425289,0.39589442815249265,0.6041055718475073,1732.8775930663037
1407000010100,13367.69178385851,0.6205059920106525,0.3794940079893475,5072.958932622737
1407000140276,18207.623666512627,0.5165945165945166,0.4834054834054834,8801.665120175656
1407000210736,11008.380438831944,0.4782608695652174,0.5217391304347826,5743.502837651449
1407000430492,4161.466942960523,0.39285714285714285,0.6071428571428572,2526.6049296546034
1407000430806,2198.9463843361823,0.4976303317535545,0.5023696682464456,1104.683965590689
1407001111363,8915.382434897165,0.3832512315270936,0.6167487684729064,5498.551137187807
1407000210967,4187.855251187508,0.357487922705314,0.642512077294686,2690.7475768499444
1407000011062,27.368604750700882,0.8571428571428571,0.1428571428571429,3.909800678671556
1407000431202,1767.418818382977,0.4174757281553398,0.5825242718446602,1029.5643602230932
1407000200933,872.3096737695139,0.6021505376344086,0.3978494623655914,347.0479347255055
1407000010702,8163.8640264240075,0.403068340306834,0.596931659693166,4873.268902802615
1407000010134,9538.263117561033,0.5521601685985248,0.4478398314014752,4271.614146431442
1407000011503,7889.5791626619475,0.2699530516431925,0.7300469483568075,5759.763191520811
1407000010115,21190.030584450775,0.6327160493827161,0.3672839506172839,7782.758146758154
1407000010581,222.02456621424508,0.48148148148148145,0.5185185185185186,115.12384914812709
1407000010399,3347.154203694543,0.5333333333333333,0.4666666666666667,1562.0052950574534
1407000010384,3894.5976679422233,0.703125,0.296875,1156.2086826703476
1407000010685,2574.2147785033767,0.6329113924050633,0.36708860759493667,944.9649186911129
1407000010914,488.0315523573371,0.5797101449275363,0.42028985507246375,205.11471041105472
1407000201397,23464.25801514776,0.29063640048642075,0.7093635995135792,16644.690525540565
1407000200789,20307.125866226757,0.2839506172839506,0.7160493827160495,14540.904941248791
1407000200242,28358.423299033573,0.5653846153846154,0.4346153846153846,12325.007049195361
1407000200079,13407.115708523797,0.4969387755102041,0.5030612244897958,6744.600045206358
1407000140543,3501.8869576526504,0.5151515151515151,0.48484848484848486,1697.8845855285579
1407000140859,18380.01726449959,0.5578703703703703,0.44212962962962965,8126.350225739403
1407000140454,795.832444354858,0.5294117647058824,0.47058823529411764,374.5093855787567
1407000140810,7432.980839595484,0.35424354243542433,0.6457564575645757,4799.895376122546
1407000430632,18.07755169593658,0.3333333333333333,0.6666666666666667,12.051701130624389
1407000430295,26787.42198102983,0.3640124095139607,0.6359875904860393,17036.467961047925
1407000211096,5740.439794061712,0.44766146993318484,0.5523385300668151,3170.6660777890966
1407000211109,4476.976232447995,0.46113989637305697,0.538860103626943,2412.4638765522877
1407000211128,7296.1829574530775,0.4744186046511628,0.5255813953488372,3834.738019498594
1407001211518,10691.845776701028,0.30840336134453783,0.6915966386554622,7394.44460018903
1409701151278,489.0821803079688,0.7733333333333333,0.22666666666666668,110.85862753647294
1409707771780,13964.194364678227,0.44170403587443946,0.5582959641255605,7796.1533560647495
1409700013096,22.949439487817184,0.5555555555555556,0.4444444444444444,10.199750883474303
1409700151348,282.73710753623675,0.0,1.0,282.73710753623675
1409700092897,3030.830003330759,0.33153638814016173,0.6684636118598383,2025.9995709596449
1409708531668,9620.433098207795,0.5395348837209303,0.4604651162790697,4429.873845221264
1409700010941,21021.87528607287,0.5554382259767687,0.44456177402323127,9345.522170471679
1409700013128,242.97994318284339,0.8636363636363636,0.13636363636363635,33.13362861584228
1409700382384,983.3684419826374,0.8974358974358975,0.10256410256410253,100.85830174180893
1409701152007,7180.472610019245,0.0,1.0,7180.472610019245
1409700011117,302.964069819942,0.7307692307692307,0.2692307692307693,81.56724956690746
1409708331494,5045.028316139249,0.44333333333333336,0.5566666666666666,2808.3990959841817
1409708332280,1130.4250069741022,0.5379746835443038,0.4620253164556962,522.2849715766422
1409700381827,353.7101089153579,0.6585365853658537,0.3414634146341463,120.77906158085392
1409700312789,2657.7405278497686,0.4092827004219409,0.5907172995780591,1569.9733075905806
1409700092863,7694.57774262133,0.32502596053997923,0.6749740394600208,5193.6402208762875
1409708331507,4334.480394735073,0.6144329896907217,0.3855670103092783,1671.2326470421826
1409700150227,4058.581118146933,0.4438202247191011,0.5561797752808989,2257.3007342502606
1412000014516,39832.920113054686,0.575098814229249,0.424901185770751,16925.054988748532
1409700232755,3321.2746427344364,0.5614617940199336,0.43853820598006643,1456.5058233918458
1409700092825,5197.1449519229445,0.5308641975308642,0.4691358024691358,2438.1667675687886
1409708333753,3457.231032477778,0.32083333333333336,0.6791666666666667,2348.036076224491
1409700381795,11574.369904164609,0.6984732824427481,0.3015267175572519,3489.9817649961988
1409708221969,11573.500547039475,0.24587588373919875,0.7541241162608012,8727.855872080045
1409700353240,695.4977865328406,0.7837837837837838,0.21621621621621623,150.37789979088444
1409800011877,4855.100218139241,0.5282392026578073,0.4717607973421927,2290.445950085622
1409700010195,14497.924257182844,0.41575492341356673,0.5842450765864333,8470.3408679821
1409708222153,2112.540199427523,0.18045112781954886,0.8195488721804511,1731.329937876692
1409708362793,7812.740369680081,0.5388471177944862,0.46115288220551376,3602.8677394013403
1409708222168,11799.451418199345,0.2508650519031142,0.7491349480968859,8839.381425744492
1409708432632,10245.394432261517,0.48404840484048406,0.5159515951595159,5286.127600363753
1409708432685,6746.169519592528,0.3333333333333333,0.6666666666666667,4497.446346395019
1409708333537,2481.315009647343,0.514018691588785,0.485981308411215,1205.8727149688023
1409700153185,0.0,0.0,1.0,0.0
1409708432952,10470.141767596448,0.5132139812446718,0.48678601875532823,5096.71862685215
1409708352721,6520.752984139706,0.2522875816993464,0.7477124183006536,4875.647982912304
1409708332948,1407.5533564475265,0.0,1.0,1407.5533564475265
1409700011371,245.2214570735329,0.9361702127659575,0.06382978723404253,15.652433430225498
1409701153359,0.0,0.0,1.0,0.0
1409708332933,15386.854614164828,0.3599791013584117,0.6400208986415883,9847.908517425241
1409708221526,17405.553502493945,0.450856055802156,0.5491439441978441,9558.154301306124
1409708352736,8931.889722519934,0.314410480349345,0.685589519650655,6123.609984435064
1409708432717,7504.157704172441,0.25985221674876846,0.7401477832512315,5554.185689910883
1409708223081,4007.1973886419537,0.18604651162790697,0.813953488372093,3261.67229308066
1409700011386,131.72095980783934,0.6551724137931034,0.3448275862068966,45.42102062339288
1409700012100,8394.946997634444,0.45732349841938885,0.5426765015806112,4555.740467630916
1409700010212,20778.826951271705,0.6864686468646864,0.31353135313531355,6514.813730596739
1409708312011,5868.059400904207,0.8338414634146342,0.16615853658536583,975.0281626502416
1409700012488,0.0,0.0,1.0,0.0
1409708221954,11268.503461329738,0.2695984703632887,0.7304015296367112,8230.532164871815
1409700313630,21.466115157933277,0.375,0.625,13.416321973708298
1409700012115,20497.04064940889,0.4096499526963103,0.5903500473036897,12100.428916964187
1409708221935,12340.283666257776,0.3411875589066918,0.6588124410933083,8129.9324059511655
1409700152064,1979.6611862727832,0.32589285714285715,0.6741071428571428,1334.5037461035279
1409708223043,8165.95667776793,0.24281150159744408,0.7571884984025559,6183.1684748594225
1409708223490,3200.8908972417935,0.2722063037249284,0.7277936962750716,2329.5882174768353
1412000016546,18733.5279989172,0.6048738033072236,0.3951261966927764,7402.1076688497915
1409700350246,3386.8909139372154,0.3762057877813505,0.6237942122186495,2112.722949529967
1409700011121,6273.577770231539,0.0,1.0,6273.577770231539
1409700013109,34.4977053391754,0.0,1.0,34.4977053391754
1409700150674,1435.3160188909444,0.3790849673202614,0.6209150326797386,891.209292775423
1409708432647,10187.212584172958,0.5211267605633803,0.47887323943661975,4878.383491012402
1409700151738,0.0,0.0,1.0,0.0
1409708432651,12763.599326540669,0.35139712108382726,0.6486028789161727,8278.5072685268
1409700233202,3376.827539610889,0.3974025974025974,0.6025974025974026,2034.867504388899
1409701153363,4698.970300762238,0.0,1.0,4698.970300762238
1409700312774,5622.676517183231,0.3356009070294785,0.6643990929705215,3735.7011780831895
1409708221615,6047.532401683359,0.4014388489208633,0.5985611510791367,3619.8179555399674
1409708223058,15244.356281334642,0.18492753623188407,0.8150724637681159,12425.255032786381
1409700011102,1234.9107432760325,0.4744525547445255,0.5255474452554745,649.004186247258
1409700012098,11239.51253894802,0.4217067108533554,0.5782932891466446,6499.734674553205
1409708311649,5396.123179537551,0.8036072144288577,0.19639278557114226,1059.7596625143885
1409700150706,5.808402681173316,0.0,1.0,5.808402681173316
1409700010532,6357.97554079618,0.43478260869565216,0.5652173913043479,3593.6383491456677
1409708352740,4678.624965652793,0.30265486725663715,0.6973451327433628,3262.6163477295586
1409708332454,4206.9159393376785,0.5124555160142349,0.4875444839857651,2051.0586608158787
1409700011136,270.13885750146926,0.2857142857142857,0.7142857142857143,192.95632678676375
1409700152492,0.6055892543459545,0.0,1.0,0.6055892543459545
1409700381812,121.82786202268407,0.25,0.75,91.37089651701305
1409700151723,9.659012034418186,0.0,1.0,9.659012034418186
1409700382261,0.0,0.0,1.0,0.0
1409708332276,6102.54811912687,0.6207865168539326,0.3792134831460674,2314.1685283205825
1409708221973,9440.391088362252,0.2133204633204633,0.7866795366795367,7426.562487466444
1409700152539,53.26072949740315,0.3333333333333333,0.6666666666666667,35.50715299826877
1409708221920,9739.878884171516,0.3469387755102041,0.653061224489796,6360.737230479358
1409708221579,15103.977371078287,0.3841354723707665,0.6158645276292335,9302.00388896176
1409708221545,14070.009644644655,0.39226519337016574,0.6077348066298343,8550.834590668022
1409700010636,3432.0634844931296,0.8809523809523809,0.11904761904761907,408.57898624918215
1409700092844,7396.175313558451,0.463882618510158,0.536117381489842,3965.218142144768
1409701151511,3573.63950093001,0.6041666666666666,0.39583333333333337,1414.5656357847956
1409708312986,274.03302703055147,0.0,1.0,274.03302703055147
1409700010918,23932.635117244234,0.4623188405797101,0.5376811594202899,12868.126997822626
1409708432666,12610.08039837147,0.35093167701863354,0.6490683229813665,8184.8037368311725
1409708221564,16115.74291078247,0.4144508670520231,0.585549132947977,9436.559288221182
1409700353448,0.0,0.0,1.0,0.0
1409700350867,1780.1883477461552,0.37037037037037035,0.6296296296296297,1120.859330062394
1409700092859,3462.936264756969,0.3181818181818182,0.6818181818181819,2361.0929077888427
1409700010208,3219.6199782482645,0.41284403669724773,0.5871559633027523,1890.4190697971462
1409700150689,1.3747937972265096,0.0,1.0,1.3747937972265096
1409700382242,3271.091442104813,0.6321525885558583,0.3678474114441417,1203.2625195753399
1409708312030,6386.249950621523,0.0,1.0,6386.249950621523
1409700150725,263.93288404970815,0.1875,0.8125,214.44546829038788
1409708362806,13431.62245508259,0.42498205312275666,0.5750179468772434,7723.4239673518705
1409708223452,218.0768946038119,0.24444444444444444,0.7555555555555555,164.76920925621343
1409708223077,11822.36799921091,0.22842639593908629,0.7715736040609137,9121.827085685574
1409700010513,158.59148741164472,0.5833333333333334,0.41666666666666663,66.07978642151863
1409708221583,13412.842568577755,0.37012987012987014,0.6298701298701299,8448.348890597677
1409708311653,12840.303709336846,0.7614457831325301,0.23855421686746991,3063.1085957213204
1409708223700,8411.05779627698,0.19703389830508475,0.8029661016949152,6753.7942898071515
1409700383255,2602.405091037171,0.39855072463768115,0.6014492753623188,1565.214656203516
1409700010528,3285.3410687263013,0.6845070422535211,0.3154929577464789,1036.5019709784387
1409708531884,1434.7048092977932,0.6647398843930635,0.33526011560693647,480.9993002270059
1409700010566,2.0583231839942293,0.0,1.0,2.0583231839942293
1409708222172,10216.546024706491,0.20983318700614575,0.7901668129938543,8072.775612147359
1409708363382,2227.250184726305,0.44982698961937717,0.5501730103806228,1225.3729390016697
1409700150693,5.561470348255391,0.75,0.25,1.3903675870638477
1409708331475,4129.177215521101,0.521551724137931,0.47844827586206895,1975.5977194950094
1409700381808,5999.648035400061,0.5338753387533876,0.46612466124661245,2796.5839080997575
1409700011085,70.466786449793,0.5833333333333334,0.41666666666666663,29.361161020747083
1409708312026,6404.326330799556,0.8213296398891967,0.17867036011080328,1144.2632917910562
1412000015548,9931.219039871861,0.3339253996447602,0.6660746003552398,6614.932753022998
1409708532083,135.2721065255279,0.5,0.5,67.63605326276395
1409708622929,8442.917596799858,0.28602860286028603,0.7139713971397139,6028.001672522671
1409708333594,2815.099573364397,0.5935828877005348,0.4064171122994652,1144.1046394422149
1409708223486,1546.039119937853,0.20952380952380953,0.7904761904761904,1222.107113855636
1409700012331,1401.5762298508444,0.9104477611940298,0.08955223880597019,125.51428924037417
1409701153433,19.191540423812498,0.0,1.0,19.191540423812498
1409700012134,5143.99315958688,0.3144758735440932,0.6855241264559069,3526.3314172209566
1409700151333,49.621949808631875,0.6153846153846154,0.3846153846153846,19.085365311012257
1409708222219,9588.126240916505,0.5670945157526255,0.4329054842473745,4150.752433348918
1409708221530,40026.794323377566,0.4948512585812357,0.5051487414187643,20219.484775481917
1409700013113,515.245104725956,0.5172413793103449,0.48275862068965514,248.73901607459945
1409708353522,1219.9094558236852,0.23391812865497075,0.7660818713450293,934.550518788905
1409708432702,5033.7280806142135,0.3240418118466899,0.6759581881533101,3402.589713028423
1409700382257,418.1470726151372,0.5277777777777778,0.4722222222222222,197.458339846037
1409700150710,331.47894824207157,0.23076923076923078,0.7692307692307692,254.98380634005503
1409708622914,6706.477409260255,0.2742782152230971,0.7257217847769029,4867.036755014332
1409700150956,6338.502819355728,0.41598360655737704,0.584016393442623,3701.78955638603
1412000011225,81568.4124352263,1.0,0.0,0.0
1409700150960,10551.580306350625,0.4503937007874016,0.5496062992125984,5799.215003017902
1409700092882,5585.017898536563,0.3348623853211009,0.6651376146788991,3714.805482971567
1409700092878,4279.441688408814,0.32608695652173914,0.6739130434782609,2883.971572623331
1409708222469,21396.307581740137,0.19146067415730336,0.8085393258426966,17299.75610766315
1409700350551,7087.052720687481,0.4883268482490272,0.5116731517509727,3626.2546022194697
1409707772365,14461.877877197216,0.25311720698254364,0.7468827930174564,10801.32774119842
1409701153429,754.8650310258602,0.38235294117647056,0.6176470588235294,466.24016622185485
1409708532238,12901.068341045784,0.516209476309227,0.483790523690773,6241.414608884992
1409700010937,25871.533069382174,0.3562005277044855,0.6437994722955145,16656.079337544197
1409708221916,11274.613968998472,0.3147605083088954,0.6852394916911047,7725.810745129941
1409708221600,8122.9788513781505,0.6795994993742178,0.3204005006257822,2602.6064905542007
1409708312971,5834.752736711349,0.5,0.5,2917.3763683556745
1409708312187,824.3178855909745,0.0,1.0,824.3178855909745
1409708331865,9253.404515575314,0.6555977229601518,0.34440227703984816,3186.893585534951
1409700010922,35353.69528638103,0.4458672875436554,0.5541327124563447,19590.639064397405
1409708223062,4771.167662979675,0.1439873417721519,0.8560126582278481,4084.1799140379812
1409700013626,0.0,0.0,1.0,0.0
1409708353378,7495.581925542531,0.1850613154960981,0.8149386845039019,6108.439673992854
1409700382524,508.050922677247,0.39215686274509803,0.607843137254902,308.81526672538547
1409700013132,2177.611367860698,0.21611721611721613,0.7838827838827839,1706.9920612534409
1409708312045,3275.39342854015,0.7956204379562044,0.2043795620437956,669.423474446162
1409700323217,245.47891694779975,0.5897435897435898,0.41025641025641024,100.70929926063579
1409705601282,2.6695944156339864,0.75,0.25,0.6673986039084966
1409700321437,5284.741159813103,0.39008264462809916,0.6099173553719008,3223.2553520182396
1409700321140,854.8695363978641,0.5510204081632653,0.44897959183673475,383.81897552557166
1412000017099,2779.3926843497784,1.0,0.0,0.0
1412000012276,6868.613044880329,0.5830188679245283,0.4169811320754717,2864.082043242552
1409701802577,663.5514409304853,1.0,0.0,0.0
1409704241776,13108.786120277391,1.0,0.0,0.0
1409704240975,23766.741733859013,0.6486013986013986,0.35139860139860135,8351.599805079826
1409700320509,1238.406388916833,0.2824427480916031,0.7175572519083969,888.6274851769641
1409701801244,40889.52209213792,0.9114391143911439,0.08856088560885611,3621.2122886026214
1409704240443,28075.537118985223,1.0,0.0,0.0
1409700320481,198.03224972599403,0.3333333333333333,0.6666666666666667,132.02149981732938
1409705603683,1278.005947020582,0.24404761904761904,0.7559523809523809,966.1116385215114
1409701801047,179.44312065530679,0.90625,0.09375,16.822792561435012
1409700321155,173.82204946100887,0.18181818181818182,0.8181818181818181,142.21804046809817
1409700320496,210.18306584132148,0.42857142857142855,0.5714285714285714,120.10460905218369
1409705601719,1014.0576699463205,0.4413793103448276,0.5586206896551724,566.4735949355307
1409700321441,275.39188756313104,0.71875,0.28125,77.45396837713061
1409700320284,10821.323173991923,0.41382575757575757,0.5861742424242424,6343.180913542614
1409700931028,10308.046552886151,0.9943181818181818,0.005681818181818232,58.56844632321729
1412000011691,18247.99273518442,0.691156462585034,0.30884353741496595,5635.774627056956
1409705601032,7891.396086893093,0.3974358974358974,0.6025641025641026,4755.072001076608
1409700320833,4028.223934492683,0.7352941176470589,0.2647058823529411,1066.2945708951218
1409700321189,4763.3694249730315,0.41865079365079366,0.5813492063492063,2769.181034756147
1409700320829,6633.546356515211,0.5528781793842035,0.44712182061579653,2966.0033240643647
1409700321831,736.5344970005575,0.44086021505376344,0.5591397849462365,411.8257402583762
1409700320053,19379.12946417991,0.43565780014378147,0.5643421998562186,10936.460553113753
1409700321174,1447.9475446536464,0.47368421052631576,0.5263157894736843,762.0776550808666
1409700321850,16.447873652550687,0.5555555555555556,0.4444444444444444,7.310166067800305
1409700320180,15023.00255185391,0.41302027748132336,0.5869797225186766,8818.197869284579
1412000012596,10047.465296675242,1.0,0.0,0.0
1409700250994,5397.481280729221,1.0,0.0,0.0
1409708441687,12543.339229971389,0.491566265060241,0.508433734939759,6377.456813310753
1409700251460,7140.693471948576,0.9,0.09999999999999998,714.0693471948574
1409700340388,10596.350684635752,0.5453100158982512,0.45468998410174877,4818.054524333585
1409700252609,2291.7126646614424,0.6176470588235294,0.38235294117647056,876.2430776646692
1409700341367,19.085144837824398,0.7142857142857143,0.2857142857142857,5.452898525092685
1409700251418,2308.0034178787773,1.0,0.0,0.0
1409700343221,789.6918870263139,0.4166666666666667,0.5833333333333333,460.6536007653497
1409700252543,1062.0210786918517,0.9006622516556292,0.09933774834437081,105.49878265150839
1412000015849,19995.124248413227,0.8980848153214774,0.10191518467852256,2037.8067804470388
1409708441704,13020.166694580073,0.4440406976744186,0.5559593023255813,7238.682791681508
1409700253039,1.9629621331115743,0.0,1.0,1.9629621331115743
1409700251403,2373.935580721492,0.9428571428571428,0.05714285714285716,135.65346175551386
1409700340250,28042.83481155068,0.5127719962157048,0.4872280037842952,13663.254425684581
1409700251210,1715.8152594926887,0.7890625,0.2109375,361.92978129923904
1409700251422,301.4848340867075,0.94,0.06000000000000005,18.089090045202468
1409700342350,321.85547839783646,0.8421052631578947,0.1578947368421053,50.819286062816296
1409700251193,5.065022774286572,0.0,1.0,5.065022774286572
1409700341352,539.9748313863045,0.36666666666666664,0.6333333333333333,341.9840598779928
1409700252204,2310.873170806132,1.0,0.0,0.0
1409700251297,562.8687238031287,0.9782608695652174,0.021739130434782594,12.236276604415833
1409700250759,122.43182337991605,0.42857142857142855,0.5714285714285714,69.96104193138059
1409700250458,28575.6480090653,1.0,0.0,0.0
1409700252191,167.97208454756077,0.9,0.09999999999999998,16.797208454756074
1409700250354,20379.3235498411,0.40694789081885857,0.5930521091811414,12086.00081491817
1409700343645,14.715598761330634,0.3333333333333333,0.6666666666666667,9.810399174220423
1409700340547,590.1558833132733,0.4383561643835616,0.5616438356164384,331.45741391567407
1409700251390,5095.397070804813,0.9841269841269841,0.015873015873015928,80.87931858420366
1409700251225,32.26073958930817,0.4,0.6,19.3564437535849
1409700252295,2370.234209231844,1.0,0.0,0.0
1409700252558,93.42688357274244,0.0,1.0,93.42688357274244
1409700340373,9464.796510243985,0.51953125,0.48046875,4547.53894828129
1409700342079,5546.326451994324,0.848297213622291,0.15170278637770895,841.3931769279313
1409700253024,3495.07458563012,0.0,1.0,3495.07458563012
1409708443397,651.4983348345281,0.0,1.0,651.4983348345281
1409700201013,78282.24306078602,1.0,0.0,0.0
1409700051314,0.8805808179775062,0.0,1.0,0.8805808179775062
1409700411259,9023.812887616998,0.5470514429109159,0.4529485570890841,4087.3230268880006
1409700053166,12753.614801130943,0.3157453936348409,0.6842546063651591,8726.719675480721
1409700053518,5045.563696416358,0.2799325463743676,0.7200674536256324,3633.14620298446
1409700413274,22.58330610082986,0.4,0.6,13.549983660497915
1409700413310,45.742001326862265,0.5,0.5,22.871000663431133
1409700051329,40.217216017259084,0.36363636363636365,0.6363636363636364,25.59277382916487
1409700411009,8571.664955777087,0.6387434554973822,0.3612565445026178,3096.5700625582144
1409700413325,49.185317395387116,0.8333333333333334,0.16666666666666663,8.197552899231184
1409700053170,0.0,0.0,1.0,0.0
1409700053503,4564.790067521597,0.3615819209039548,0.6384180790960452,2914.2445063838445
1409700050655,1610.083659760629,0.5909090909090909,0.40909090909090906,658.6705880838936
1409700412149,90.77451956998547,0.3684210526315789,0.631578947368421,57.33127551788556
1409700413306,8.61438986941905,0.0,1.0,8.61438986941905
1409700053151,2582.0647896010364,0.41304347826086957,0.5869565217391304,1515.5597678093038
1409700053147,7041.823822209134,0.23863636363636365,0.7613636363636364,5361.388591909227
1409700050335,8541.691632496138,0.39398496240601505,0.606015037593985,5176.393575783374
1409700052581,21.929776381304873,0.5555555555555556,0.4444444444444444,9.746567280579942
1409700413293,0.8020326200638126,0.0,1.0,0.8020326200638126
1409700413344,1954.0577439016781,0.0,1.0,1954.0577439016781
1409700050640,108.05397808026231,0.0,1.0,108.05397808026231
1409700053768,265.0142788748308,0.35294117647058826,0.6470588235294117,171.4798275072434
1409700053575,2130.6359574968724,0.26104417670682734,0.7389558232931727,1574.4458481101385
1409700413289,19.67880273470135,0.5,0.5,9.839401367350675
1409700012346,792.2354175390037,0.24793388429752067,0.7520661157024793,595.8134131904903
1409700353772,14899.057195697562,0.28952916373858045,0.7104708362614196,10585.345625333968
1409700353823,187.73875192473304,0.6818181818181818,0.31818181818181823,59.73505743059688
1409700342505,27125.76469920931,0.0,1.0,27125.76469920931
1409700353556,1549.7253624526327,0.6075949367088608,0.3924050632911392,608.120078937109
1409700250299,10957.344310371313,0.4340239912758997,0.5659760087241004,6201.593998999686
1409700250782,1356.9595537001878,0.8414634146341463,0.1585365853658537,215.12773412320055
1409708312990,6472.765665083936,0.8355995055624228,0.1644004944375772,1064.1258757183723
1409700251988,1217.1175858059669,0.38125,0.61875,753.0915062174421
1409700092810,14523.14176092248,0.5934627170582226,0.4065372829417774,5904.198591263686
1409708311634,11280.048382530738,0.7683946488294314,0.23160535117056857,2612.519566857036
1409708223698,3643.6436356065105,0.12356979405034325,0.8764302059496567,3193.39934196177
1409708223471,6782.09963242967,0.15486194477791115,0.8451380552220888,5731.810493674055
1409708221598,13809.425343623676,0.3592592592592593,0.6407407407407407,8848.261423877391
1409705603467,2981.414633025366,0.2692307692307692,0.7307692307692308,2178.7260779800754
1409700411263,40740.81226676751,0.5128518971848225,0.4871481028151775,19846.809402905106
1409700253560,4042.2398898458564,1.0,0.0,0.0
1409700353734,18703.64331939875,0.6049213943950786,0.39507860560492136,7389.409322359861
1409708221901,7163.67682037458,0.3377862595419847,0.6622137404580153,4743.885222652632
1409708223715,4346.555616302438,0.21611721611721613,0.7838827838827839,3407.190116808504
1409708333607,5377.937864947482,0.4885145482388974,0.5114854517611026,2750.7369783958025
1409708531672,9449.908881211299,0.5184824902723736,0.4815175097276264,4550.296591633844
1409708623414,21145.680255837535,0.44977607165706973,0.5502239283429302,11634.859257850467
1409700250797,21203.527835086246,1.0,0.0,0.0
1409700252223,5226.31860734918,0.9872611464968153,0.01273885350318471,66.57730709998954
1409700321846,63.69616219467555,0.6153846153846154,0.3846153846153846,24.498523921029054
1409700320265,10040.357050119863,0.45080763582966227,0.5491923641703378,5514.087425469646
1409701152596,4671.734095695498,0.3673469387755102,0.6326530612244898,2955.5868768685805
1409701151992,7035.078815182607,0.36746143057503505,0.632538569424965,4449.958689547484
1409704240570,5926.301564004974,1.0,0.0,0.0
1409704241761,33421.62410446971,1.0,0.0,0.0
1409701150890,17356.858647778638,0.4879432624113475,0.5120567375886524,8887.696413968919
1409701150871,2494.043635812246,0.4131455399061033,0.5868544600938967,1463.6406313452148
1409708223749,11273.999234371808,0.18353909465020576,0.8164609053497942,9204.779621808093
1409708221899,6728.111565123802,0.3713450292397661,0.6286549707602339,4229.660779244496
1409708432670,16162.654243163219,0.367237687366167,0.632762312633833,10227.118477204991
1409700340848,1828.236383261435,0.391304347826087,0.6086956521739131,1112.8395376373953
1409700350138,28280.327507506816,0.6519654841802492,0.34803451581975076,9842.530091299113
1409700352435,1132.6854488939798,0.6744186046511628,0.32558139534883723,368.781308942226
1409700432613,4610.330634369217,0.5748663101604278,0.4251336898395722,1960.0068739698008
1409700343236,6023.506463030769,0.0,1.0,6023.506463030769
1412000014465,16006.121525007682,0.9043824701195219,0.09561752988047811,1530.465803187986
1409700350231,12081.258995810802,0.5531674208144797,0.44683257918552033,5398.30011690641
1409701150886,5030.074674394413,0.4720812182741117,0.5279187817258884,2655.470894096543
1409700432628,4016.209286464954,0.5672514619883041,0.4327485380116959,1738.008697066705
1409708432967,510.88647837642594,0.5955056179775281,0.4044943820224719,206.65071035450936
1409700252420,173.65767158533987,1.0,0.0,0.0
1409700253819,1983.0537850833507,1.0,0.0,0.0
1409700250778,221.98069366558448,0.7222222222222222,0.2777777777777778,61.66130379599569
1409700250763,18713.107663439314,1.0,0.0,0.0
1409700253791,573.1698457241744,1.0,0.0,0.0
1409700252399,4998.140639847813,0.6239316239316239,0.37606837606837606,1879.642633788921
1409700250369,15538.081235504538,0.5512489233419466,0.44875107665805336,6972.730683632957
1412000015497,28080.625377179895,0.9533771667662881,0.04662283323371186,1309.1983140585953
1409700250462,32009.329304312738,0.7305122494432071,0.26948775055679286,8626.122151050871
1409700250814,6724.423149830099,0.7509627727856226,0.24903722721437738,1674.6316958498576
1409700253005,3847.7646903803216,1.0,0.0,0.0
1412000012492,8340.118623621338,1.0,0.0,0.0
1409701800301,6456.242677542993,1.0,0.0,0.0
1409700250477,37021.931247647015,0.8405172413793104,0.1594827586206896,5904.359724840255
1409700251206,1816.211751272285,0.49206349206349204,0.5079365079365079,922.520254614494
1409700251456,6144.817026540612,0.45625,0.54375,3341.244258181457
1409700252562,231.42305753961313,0.8055555555555556,0.19444444444444442,44.998927854924766
1409700253787,2889.8303489680616,0.9919137466307277,0.008086253369272267,23.36790039596824
1409700463861,8464.410559696318,0.2031578947368421,0.7968421052631579,6744.798730200119
1409700463876,5835.335747684217,0.2532258064516129,0.7467741935483871,4357.678147060956
1409704393880,2004.7782511634487,0.27307692307692305,0.726923076923077,1457.3195748841995
1409704393895,4474.930933002151,0.2528957528957529,0.747104247104247,3343.2399055440774
1409706133927,9769.371251108549,0.28983050847457625,0.7101694915254237,6937.909413922851
1409706133931,10022.532678223446,0.2775405636208369,0.7224594363791631,7240.873309801055
1409706133946,9020.848524497187,0.24687800192122958,0.7531219980787704,6793.79946513525
1409706663950,6763.724490961122,0.32349165596919127,0.6765083440308087,4575.7160548607335
1409700213838,1785.7256825936504,0.8326848249027238,0.16731517509727623,298.77900525885974
1409700213842,2960.0723602252992,0.7638888888888888,0.23611111111111116,698.9059739420846
1409700213857,3351.3697347702155,0.8652751423149905,0.13472485768500952,451.5128105667654
1409708274130,7241.864109096925,1.0,0.0,0.0
1409708524183,2849.066436557541,0.21700879765395895,0.782991202346041,2230.7939547239394
1409708524164,1094.0238901885887,0.3712121212121212,0.6287878787878788,687.9089612549459
1409708524179,4276.3207089458865,0.30625,0.69375,2966.6974918312085
1409708634111,7128.567788306404,0.39602649006622515,0.6039735099337749,4305.466107904265
1409708634126,7848.398188958019,0.4564102564102564,0.5435897435897437,4266.308759125898
1409708634145,2914.700822085337,0.6639118457300276,0.3360881542699724,979.5964195438322
1409708843965,14993.03754214088,0.2871712292002147,0.7128287707997853,10687.468521719318
1409708443611,4.019352254731303,0.0,1.0,4.019352254731303
1409708441691,7128.106662580269,0.5037406483790524,0.4962593516209476,3537.3895906570406
1409708440744,227.93932970921423,0.9803921568627451,0.019607843137254943,4.469398621749308
1409708443804,7188.101670136883,0.9830508474576272,0.016949152542372836,121.83223169723497
1409709033912,6164.380418568932,0.8422247446083996,0.15777525539160042,972.586694870694
1409709033908,2767.2724093234424,0.8756218905472637,0.12437810945273631,344.1881106123684
1409708714056,11541.673171286515,0.48322756119673616,0.5167724388032638,5964.418592595933
1409708714060,10246.12855335056,0.4334226988382484,0.5665773011617516,5805.2238631137225
1409708823984,5956.788694025125,0.5018963337547409,0.49810366624525915,2967.0982875422237
1409708743999,14752.655199314406,0.4579591836734694,0.5420408163265307,7996.541267220217
1409708234003,5983.419725895272,0.2808022922636103,0.7191977077363897,4303.261751288576
1409708374200,5609.724491965685,0.6914893617021277,0.3085106382978723,1730.6596836915407
1409708234041,8491.423171696539,0.46772228989037756,0.5322777101096224,4519.795281402421
1409708744018,22208.864819566425,0.3684459140292867,0.6315540859707133,14026.099321568403
1409708374198,5925.997553965429,0.6612244897959184,0.3387755102040816,2007.5828448127777
1409708824215,5286.217812384227,0.47101449275362317,0.5289855072463768,2796.3326108989027
1409708744022,13920.982572233866,0.4431314623338257,0.5568685376661743,7752.157207876171
1409708744037,12767.467047344726,0.3440514469453376,0.6559485530546624,8374.801535878856
1409708614075,9377.952167216428,0.5803782505910166,0.41962174940898345,3935.192694281125
1409800012292,13583.754763378136,0.5985732814526589,0.40142671854734113,5452.8821002147
1409800011171,10721.91510066211,0.31072749691738594,0.6892725030826141,7390.321259272651
1409800012413,23303.114392291343,0.7153024911032029,0.2846975088967971,6634.338617022446
1409800143248,408.8901641592859,0.4375,0.5625,230.00071733959834
1409800011966,18530.515969128464,0.41418439716312055,0.5858156028368795,10855.465383333414
1409800011152,24057.62581717084,0.43778110944527737,0.5622188905547226,13525.651696310442
1409800012659,14128.840840599998,0.4625779625779626,0.5374220374220374,7593.150430966943
1409800011364,11071.680133318254,0.4106699751861042,0.5893300248138957,6524.873527699963
1409800011792,775.7861793727474,0.5,0.5,387.8930896863737
1409800010671,26634.938884594758,0.5454545454545454,0.4545454545454546,12106.790402088527
1409800010794,13056.69972049264,0.3838678328474247,0.6161321671525752,8044.652694647553
1409800011720,14014.95382678889,0.44,0.56,7848.374143001779
1409800010385,19013.5501786215,0.45881552076242343,0.5411844792375766,10289.838251874808
1409800011256,5804.698699897723,0.6363636363636364,0.36363636363636365,2110.7995272355356
1409800012841,6820.163511292434,0.7561881188118812,0.2438118811881188,1662.836895698774
1409800141129,17004.05556349431,0.6346294937637564,0.36537050623624356,6212.78038930313
1409800142945,1135.0522912370836,0.9655172413793104,0.03448275862068961,39.139734180589045
1409800012254,14513.72040169001,0.4630681818181818,0.5369318181818181,7792.8782838619645
1409800012752,5840.584504089713,0.7784431137724551,0.22155688622754488,1294.021716474966
1409800011294,9740.340530728437,0.4272959183673469,0.5727040816326531,5578.332778440138
1409800012979,677.5961335916661,0.7,0.30000000000000004,203.27884007749986
1409800143159,1848.459504675787,0.47619047619047616,0.5238095238095238,968.2406929254123
1409800012216,20502.852155074284,0.3585554600171969,0.641444539982803,13151.442568947046
1409800010281,22006.500227797438,0.48816029143898,0.51183970856102,11263.800663043861
1409800143178,4538.983852586102,1.0,0.0,0.0
1409800012606,13189.772470722542,0.6497354497354497,0.3502645502645503,4619.909722549378
1409800012589,10342.512666135175,0.728213977566868,0.271786022433132,2810.9503794931666
1409800010718,20364.873906291148,0.5226130653266332,0.4773869346733668,9721.924729133965
1409800011519,24472.420633265872,0.7399507793273175,0.26004922067268255,6364.033913654866
1409800011824,1928.4990352635164,0.38202247191011235,0.6179775280898876,1191.7690667358809
1409800012428,28072.96761588369,0.6072106261859582,0.3927893738140418,11026.763370944827
1409800010775,9211.921184888753,0.4551122194513716,0.5448877805486284,5019.463289022924
1409800012926,561.2924295768642,0.9529411764705882,0.04705882352941182,26.41376139185246
1409800011434,46129.825747693365,0.4701834862385321,0.5298165137614679,24440.343458066898
1409800011449,12181.235223629084,0.48090107737512244,0.5190989226248776,6323.266080826067
1409800011260,22525.438544900648,0.5203703703703704,0.47962962962962963,10803.867746535681
1409800012235,7747.440222853093,0.373134328358209,0.6268656716417911,4856.604318803432
1409800013337,2717.903976243014,0.3246753246753247,0.6753246753246753,1835.4676203199574
1409800012201,12449.084755099308,0.32984790874524716,0.6701520912547528,8342.780182837463
1409800012714,26269.59830827975,0.8182136602451839,0.18178633975481606,4775.4541232914835
1409800013360,2947.6628501627606,0.0,1.0,2947.6628501627606
1409800142023,11648.25434536241,0.6686046511627907,0.33139534883720934,3860.1773121259153
1409800010262,14096.388053345223,0.2616487455197133,0.7383512544802867,10408.085802828373
1409800011059,9966.337383439231,0.43214285714285716,0.5678571428571428,5659.455871310135
1409800011186,7025.554615654607,0.37254901960784315,0.6274509803921569,4408.191131391126
1409800012451,9914.568755283719,0.4573268921095008,0.5426731078904992,5380.369839823854
1409800012771,24273.25414723363,0.7179245283018868,0.2820754716981132,6846.889613229109
1409800012610,8484.841385871563,0.620137299771167,0.37986270022883295,3223.074759850525
1409800010084,12281.812116782019,0.3543388429752066,0.6456611570247934,7929.889021682606
1409800013089,12.661383314229232,0.0,1.0,12.661383314229232
1409800011222,22208.946723164823,0.5101867572156197,0.4898132427843803,10878.2362132989
1409800013271,2342.7432215973695,1.0,0.0,0.0
1409800010116,6974.477166930941,0.4831804281345566,0.5168195718654434,3604.5463033985593
1409800013093,115.79004618239182,0.47368421052631576,0.5263157894736843,60.94212956967991
1409800012447,6454.82322985371,0.46533127889060094,0.534668721109399,3451.192081293123
1409800013267,2347.616548625425,1.0,0.0,0.0
1409800011063,23791.432609332165,0.38893844781445136,0.6110615521855487,14538.029738976391
1409800143233,10.348771706280644,1.0,0.0,0.0
1409800012165,11151.614335270868,0.5428937259923176,0.45710627400768244,5097.472877966325
1409800013144,0.8650911122230054,0.0,1.0,0.8650911122230054
1409800012540,8990.952894248569,0.5454545454545454,0.4545454545454546,4086.796770112986
1409800011843,9360.60221252806,0.3877551020408163,0.6122448979591837,5730.980946445751
1409800011805,1790.3777163246662,0.33,0.6699999999999999,1199.5530699375263
1409800011735,13141.677813610175,0.45855855855855854,0.5414414414414415,7115.448978360104
1409800011218,17437.638852290587,0.4518348623853211,0.5481651376146789,9558.705701140942
1409800012502,2069.4441092342563,0.5245901639344263,0.47540983606557374,983.8340847179251
1409800011684,16784.71209912595,0.9039735099337748,0.09602649006622521,1611.7769896511682
1409800011538,22789.27491520524,0.35405998536942207,0.6459400146305779,14720.504572147935
1409800011773,4641.371983189205,0.3977272727272727,0.6022727272727273,2795.3717626025896
1409800010347,11351.883337297462,0.841692789968652,0.15830721003134796,1797.0849797289086
1409800012822,25845.475596529795,0.5748730964467005,0.4251269035532995,10987.60701121508
1409800011595,8423.305963262272,0.4907692307692308,0.5092307692307692,4289.406575138171
1409800010597,37784.615462666356,0.4132882882882883,0.5867117117117118,22168.676414469788
1409800012485,8023.661721678254,0.501628664495114,0.498371335504886,3998.7630078722245
1409800011383,35653.150077733815,0.43116883116883115,0.5688311688311689,20280.623031230407
1409800011468,11163.813987848513,0.37472035794183445,0.6252796420581656,6980.50561432586
1409800011646,17121.676682254438,0.4771838331160365,0.5228161668839635,8951.489373642802
1409800010972,6520.15473875232,0.40076335877862596,0.5992366412213741,3907.1156258935657
1409800012470,6871.626586552119,0.5,0.5,3435.8132932760595
1409800012894,3671.909612031157,1.0,0.0,0.0
1409800011491,7136.182545360481,0.513302034428795,0.48669796557120504,3473.1655267716897
1409800011665,1673.0420155084646,0.8736842105263158,0.12631578947368416,211.33162301159544
1409800013182,15615.012303911159,0.5386684599865501,0.4613315400134499,7203.697673492303
1409800011237,13946.463878803546,0.41545454545454547,0.5845454545454545,8152.342067336981
1409800013318,491.46722902165016,0.10416666666666667,0.8958333333333334,440.2727259985616
1409800013322,4052.417757654536,0.39104477611940297,0.6089552238805971,2467.7409628702253
1409800013197,8376.130392126637,0.5,0.5,4188.065196063319
1409800012663,4416.3101919629335,0.7518518518518519,0.24814814814814812,1095.8991957833944
1409800010050,22751.512129782048,0.6186234817813765,0.3813765182186235,8676.892480265056
1409800012964,5658.197844371608,1.0,0.0,0.0
1409800011082,16116.817364188895,0.44332298136645965,0.5566770186335404,8971.861840157948
1409800011858,55.7955702095484,0.6363636363636364,0.36363636363636365,20.289298258017602
1409800010506,19207.31521540119,0.54609375,0.45390624999999996,8718.320421990697
1409800010031,34996.1406154186,0.5308411214953271,0.46915887850467286,16418.75008312162
1409800010991,10352.267542551006,0.41776315789473684,0.5822368421052632,6027.4715626037105
1409800013036,7799.7341195150375,0.2692307692307692,0.7307692307692308,5699.805702722528
1409801282875,8288.672273911903,0.6617100371747212,0.3382899628252788,2803.974635412577
1409800011951,22945.55253672596,0.4739208633093525,0.5260791366906474,12071.17646941069
1409800011913,7182.651651478699,0.4663299663299663,0.5336700336700337,3833.1659486847607
1409800011862,4630.22197225572,0.3095823095823096,0.6904176904176904,3196.7871602060377
1409800011608,28282.23644844237,0.5289421157684631,0.47105788423153694,13322.57046273932
1409800013110,9843.077275560912,0.0,1.0,9843.077275560912
1412000012295,12400.914270504905,0.47042766151046406,0.5295723384895359,6567.18116963954
1409800012767,15543.111157461117,0.5333333333333333,0.4666666666666667,7253.451873481855
1409800012536,2069.437067270853,0.8347107438016529,0.1652892561983471,342.05571359848807
1409800140027,15246.421934562837,0.5632333767926988,0.4367666232073012,6659.1282243527385
1409800011631,12498.07708134952,0.5117891816920943,0.4882108183079057,6101.696439160931
1409800012432,25257.378938394133,0.4206896551724138,0.5793103448275863,14631.860902242119
1409800012818,18894.11030555999,0.6049180327868853,0.3950819672131147,7464.722268262224
1409800012150,24945.99967426486,0.6348797250859106,0.3651202749140894,9108.290259074369
1409800013002,1354.5360648756716,0.5850340136054422,0.41496598639455784,562.0863942681359
1409800013125,224.08257534759653,0.18181818181818182,0.8181818181818181,183.3402889207608
1409800010370,28257.259129008828,0.6168730650154799,0.3831269349845201,10826.117081160502
1409800011542,14142.463142827342,0.6457399103139013,0.3542600896860987,5010.110261360359
1409800011330,17319.73739485664,0.6583541147132169,0.3416458852867831,5917.217015200398
1409800011788,136.92860058981722,0.3181818181818182,0.6818181818181819,93.3604094930572
1409800010525,23066.203850723803,0.3695652173913043,0.6304347826086957,14541.73721023892
1409800011909,12189.744538732139,0.5230166503428012,0.4769833496571988,5814.305181550001
1409800011576,19369.011625982566,0.45191313340227507,0.548086866597725,10615.900891179692
1409800011398,18501.66392629905,0.5115257958287596,0.48847420417124043,9037.585562242677
1409800012076,61.98610823961073,0.21428571428571427,0.7857142857142857,48.703370759694145
1409800011241,7072.732383501845,0.4515539305301645,0.5484460694698354,3879.012276143608
1409800012786,7892.8982347253805,0.4546762589928058,0.5453237410071943,4304.184792749525
1409800010474,20152.970329086238,0.7931920359666025,0.20680796403339752,4167.7947629837945
1412000016048,5792.372091972971,1.0,0.0,0.0
1409800011769,12683.008309153029,0.5031914893617021,0.4968085106382979,6301.026468483473
1409800012112,4442.700639257766,0.9295454545454546,0.07045454545454544,313.00845412952435
1409800011504,7176.149914507247,0.5388888888888889,0.46111111111111114,3309.002460578342
1409800013375,3375.6272363587086,1.0,0.0,0.0
1409800013290,10489.361195125579,0.5411764705882353,0.45882352941176474,4812.765724822325
1409800012108,5151.844672500569,0.4739583333333333,0.5260416666666667,2710.084957929987
1409800010690,16255.627942427647,0.4887278582930757,0.5112721417069244,8311.049712915907
1409800011203,12506.04281330323,0.4131313131313131,0.5868686868686869,7339.404923766845
1409800011097,25322.413278630243,0.6843640606767795,0.31563593932322054,7992.66370113125
1409800010296,9813.617759733412,0.2720897615708275,0.7279102384291725,7143.432843340309
1409800143021,58.29710385606565,0.8,0.19999999999999996,11.659420771213126
1409800012837,6884.276821391965,0.8215434083601286,0.17845659163987138,1228.5445774509776
1409800012004,2515.8351437258602,0.3987341772151899,0.6012658227848101,1512.6856876832703
1409800010807,17506.174949024567,0.530327868852459,0.469672131147541,8222.162496550063
1409800011190,16778.571475318684,0.5013525698827773,0.4986474301172227,8366.591547205799
1409800012521,1.7114808132075392,0.0,1.0,1.7114808132075392
1409800013356,0.0,0.0,1.0,0.0
1409800010101,27865.352282668122,0.522378908645003,0.477621091354997,13309.079968239404
1409800012273,20957.77387162854,0.4674185463659148,0.5325814536340852,11161.721673486376
1409800010987,17205.272586580948,0.48509485094850946,0.5149051490514905,8859.083445664986
1409800011985,86.18012482275431,0.0,1.0,86.18012482275431
1409800010879,11181.009815284797,0.0,1.0,11181.009815284797
1409800011970,13060.157545185151,0.40433925049309666,0.5956607495069033,7779.423232043226
1409800012644,3842.5602118169345,0.5433333333333333,0.45666666666666667,1754.7691633964
1409800010046,23538.313016942084,0.42276887871853547,0.5772311212814645,13587.04681584357
1409800142038,432.70596165578326,0.5555555555555556,0.4444444444444444,192.31376073590366
1409800013214,17923.34667405641,0.6826923076923077,0.3173076923076923,5687.215771575592
1409800012199,8642.87806764905,0.4511691884456671,0.5488308115543329,4743.4777840329725
1409800011839,12037.866780218197,0.36131013306038895,0.638689866939611,7688.463532094324
1409800011167,11866.02379441829,0.5558223289315727,0.4441776710684273,5270.622813847259
1409800013252,408.66452003359865,0.42,0.5800000000000001,237.02542161948725
1409800013286,5754.293049012962,1.0,0.0,0.0
1409800011650,1099.8608011284566,0.8516483516483516,0.14835164835164838,163.16616280477106
1409800012930,2552.8684836384946,0.3706896551724138,0.6293103448275862,1606.546545738018
1409800012998,1824.1317556211725,1.0,0.0,0.0
1412000014287,10907.094636480384,0.7019607843137254,0.29803921568627456,3250.7419308725857
1409800013040,6173.733286104711,0.2821917808219178,0.7178082191780821,4431.556495779271
1409800013394,1871.3041447617704,0.3333333333333333,0.6666666666666667,1247.536096507847
1409800012269,7986.184495686184,0.42194744976816073,0.5780525502318392,4616.434314353373
1409800013341,4022.35739779826,0.5017667844522968,0.49823321554770317,2004.0720603871189
1409800012061,1717.7221378019965,0.24489795918367346,0.7551020408163265,1297.0554918096707
1409800010968,27019.564964640722,0.3462062698773285,0.6537937301226715,17665.222164524308
1409800012466,16438.072065711858,0.8288439955106621,0.17115600448933788,2813.474736275038
1409800013303,950.6302848054437,0.6056338028169014,0.3943661971830986,374.89645034580883
1409800011453,8543.831673226397,0.4121212121212121,0.5878787878787879,5022.7374078967305
1409800010953,26155.416812177828,0.6712572190137717,0.32874278098622833,8598.40446068929
1409800012517,4820.190039972743,1.0,0.0,0.0
1409800013106,3.363096851354365,0.6,0.4,1.345238740541746
1409800143229,495.1706470869474,0.6666666666666666,0.33333333333333337,165.0568823623158
1409800142019,3943.661306563709,0.6918429003021148,0.3081570996978852,1215.267230421445
1409800142127,4704.6202714377405,0.6768149882903981,0.3231850117096019,1520.4627575138366
1409800143017,2157.7640912627967,1.0,0.0,0.0
1409800141114,18373.24787495347,0.5622489959839357,0.43775100401606426,8042.907704296901
1409800143407,351.65601239620094,1.0,0.0,0.0
1409800013411,330.49515805985124,1.0,0.0,0.0
1409800013074,3907.340109258112,0.9490445859872612,0.05095541401273884,199.10013295582732
1409800011699,3520.6630084622025,0.7091836734693877,0.2908163265306123,1023.8662830731917
1412000012327,9106.220885742554,0.5535714285714286,0.4464285714285714,4065.2771811350685
1409800010351,15665.014798776687,0.800266311584554,0.19973368841544603,3128.8311848422136
1409800012803,8207.54573836998,0.9061757719714965,0.09382422802850354,770.0666429111974
1412000014963,568.4726551258066,0.711864406779661,0.288135593220339,163.79720571421547
1409800011078,14047.729543408152,0.44141689373297005,0.5585831062670299,7846.824404356051
1409800012131,18925.835947814376,0.6409560021727322,0.3590439978272678,6795.207800926291
1409800012860,7807.61646530713,0.6167341430499326,0.38326585695006743,2992.3928153133934
1409800012729,7548.409554580254,0.8386648122392212,0.16133518776077882,1217.824072783462
1409800012733,20884.933244096726,0.8110403397027601,0.18895966029723987,3946.4098911350493
1412000013310,7179.340590968675,0.6096654275092936,0.39033457249070636,2802.344840340933
1409800011044,17356.25382327921,0.41496118560338746,0.5850388143966125,10154.082159137943
1409800011345,19740.656548193907,0.7240641711229947,0.2759358288770053,5447.154427202168
1409800010120,28946.32585468326,0.5868320610687023,0.41316793893129766,11959.693793013215
1409800012625,10466.79183020816,0.5141562853907135,0.48584371460928655,5085.225022830466
1409800011379,16461.53894127654,0.5301027900146843,0.4698972099853157,7735.231220570474
1409800012095,49146.16992637141,0.0,1.0,49146.16992637141
1409800011716,27500.483579164866,0.8442622950819673,0.15573770491803274,4282.862196755183
1409800013055,3547.022436818247,0.4383561643835616,0.5616438356164384,1992.1632864321664
1412000013503,11903.707535934544,0.6540284360189573,0.3459715639810427,4118.3443133801975
1409800013163,6501.3175293652685,0.42905982905982903,0.5709401709401709,3711.863341552136
1409800012911,8706.913979641067,1.0,0.0,0.0
1409800012042,2169.922504375879,0.5217391304347826,0.4782608695652174,1037.7890238319421
1409800012555,27183.08993815895,0.7029598308668076,0.2970401691331924,8074.469632793516
1409800011928,69543.04801642364,0.6739130434782609,0.32608695652173914,22677.08087492075
1409800012377,36696.6253003989,0.8061480552070264,0.19385194479297363,7113.712181821366
1409800012362,25030.187821524134,0.6894553881807648,0.3105446118192352,7772.98996079776
1409800012358,20204.276923412766,0.6138125440451022,0.3861874559548978,7802.638304461026
1409800012381,130754.30975017339,1.0,0.0,0.0
1409800012790,13088.190546391972,0.9274447949526814,0.0725552050473186,949.6163487918465
1409800012220,11105.50917693744,0.6087533156498673,0.39124668435013266,4344.993643496744
1409800012697,13854.200669587597,0.7517899761336515,0.2482100238663485,3438.7514788475187
1409800012748,17423.15218473921,0.672566371681416,0.327433628318584,5704.925936596024
1409800012856,38404.1425888646,0.7827067669172932,0.21729323308270676,8344.96030690366
1409800012907,4.447920422666396,0.75,0.25,1.111980105666599
1409800012983,2818.817643917112,0.9762611275964391,0.023738872403560873,66.91555237785441
1409800012343,23281.93198450836,0.7064297800338409,0.29357021996615906,6834.881893929273
1412000011687,15831.220468317646,0.6479166666666667,0.3520833333333333,5573.908873220171
1409800012574,30693.760288540117,1.0,0.0,0.0
1410100092228,6779.214771672778,0.968299711815562,0.03170028818443804,214.9030619262264
1410100312317,18746.24604691352,0.5581245985870263,0.44187540141297366,8283.504996966281
1410100011821,560.7958362887113,0.7605633802816901,0.23943661971830987,134.27505939307173
1410100010734,8262.055060640501,0.47878787878787876,0.5212121212121212,4306.283243727777
1410100010965,13796.508714579759,0.44768439108061747,0.5523156089193826,7620.027111654687
1410100011361,11272.433564395857,0.5567117585848075,0.4432882414151925,4996.93725123063
1412000016531,15793.61282700504,0.5417106652587117,0.4582893347412883,7238.044315649618
1410100011056,12498.109840531017,0.5785797438882422,0.4214202561117578,5266.956649909462
1410100010984,14321.319133993597,0.46187845303867403,0.538121546961326,7706.610406911472
1410100312321,2488.759036886362,0.5819672131147541,0.4180327868852459,1040.3828760754466
1410100012548,12.523665336120203,0.8,0.19999999999999996,2.50473306722404
1410100010556,8324.52583314115,0.5202702702702703,0.4797297297297297,3993.5225280609566
1410100011728,234.22134529886543,0.6666666666666666,0.33333333333333337,78.07378176628849
1410100010518,6112.511382300567,0.5,0.5,3056.2556911502834
1410100010378,14712.104725485133,0.43315018315018317,0.5668498168498168,8339.553869116573
1410100011408,8181.424597191811,0.5881006864988558,0.41189931350114417,3369.923175044682
1410100011075,19415.80162437434,0.42657342657342656,0.5734265734265734,11133.536595795076
1410100010749,13069.275120874368,0.36100746268656714,0.6389925373134329,8351.169270334834
1410100010541,11054.567089054603,0.5331695331695332,0.4668304668304668,5160.608714792074
1410100011997,17268.942104224123,0.7423954372623575,0.25760456273764254,4448.55827970032
1412000014338,10583.229418285688,0.374578177727784,0.625421822272216,6618.982628309159
1410100010151,9263.14922718396,0.39373297002724794,0.6062670299727521,5615.941970159212
1410100011338,10947.673485578118,0.5292035398230088,0.47079646017699117,5154.125924183681
1410100010486,13144.844060122403,0.5236938031591738,0.4763061968408262,6260.970682342626
1410100012251,663.0623947300699,0.45,0.55,364.68431710153845
1410100012482,41.60015467064913,0.4444444444444444,0.5555555555555556,23.111197039249518
1410100010537,13976.296182893704,0.48214285714285715,0.5178571428571428,7237.724808998524
1410100010522,8312.15183071039,0.41514726507713884,0.5848527349228612,4861.384731285039
1410100010503,9187.02787083513,0.5482014388489208,0.4517985611510792,4150.685973298175
1410100010842,6165.378821883723,0.76793893129771,0.23206106870229004,1430.7443983608025
1410100091681,5335.442184760801,0.49887133182844245,0.5011286681715575,2673.7430361555253
1410100012054,10437.041191735369,0.6414342629482072,0.35856573705179284,3742.3653675545147
1410100011573,11493.138960414168,0.47794117647058826,0.5220588235294117,6000.094604333866
1410100091944,249.31077060197094,0.782608695652174,0.21739130434782605,54.19799360912411
1410100012069,7250.968434093208,0.4271356783919598,0.5728643216080402,4153.821112998119
1410100011107,11970.474991487108,0.676605504587156,0.32339449541284404,3871.185719724042
1410100010861,16028.905339041672,0.5110294117647058,0.48897058823529416,7837.663272399053
1410100011323,7968.993575356981,0.48,0.52,4143.87665918563
1410100011569,7637.141439371643,0.38235294117647056,0.6176470588235294,4717.057947847192
1410100272355,4027.1794360823656,0.4557823129251701,0.5442176870748299,2191.6622781400624
1412000011899,12175.406528448117,0.704868154158215,0.295131845841785,3593.3502026150118
1410100092410,8304.191344637517,0.5396145610278372,0.4603854389721628,3823.1287775097776
1410100010791,16837.318649675093,0.5635658914728682,0.4364341085271318,7348.3801548582005
1410100092143,5178.257132411652,0.8650793650793651,0.13492063492063489,698.6537400872861
1410100010448,7653.554382068399,0.40576923076923077,0.5942307692307692,4547.977507806029
1410100011130,11490.567718354423,0.4287598944591029,0.5712401055408971,6563.873116157606
1410100010950,14849.995277371727,0.5520934761441091,0.4479065238558909,6651.409763963967
1410100011145,5840.225804293123,0.64,0.36,2102.481289545524
1410100011431,9424.4675791004,0.6380753138075314,0.36192468619246865,3410.9474710970067
1410100092618,23.81480258024643,0.46153846153846156,0.5384615384615384,12.823355235517308
1410100010946,29442.36142693876,0.4236111111111111,0.5763888888888888,16970.249989138312
1410100010594,14784.820205375527,0.7133333333333334,0.2866666666666666,4238.315125540984
1410100011164,8635.446514676787,0.7027649769585254,0.29723502304147464,2566.757143763377
1412000013429,1949.8830906690214,0.9902439024390244,0.009756097560975618,19.02324966506364
1412000012219,9712.042888475358,0.47048903878583476,0.5295109612141653,5142.633165229785
1410100010931,56294.089303021385,0.5746835443037974,0.4253164556962026,23942.802539006567
1410100010753,13244.463545735167,0.41541353383458646,0.5845864661654135,7742.534140457964
1410100011357,8964.302842182802,0.41407528641571195,0.585924713584288,5252.406575288777
1410100011770,7507.250034665593,0.49113475177304966,0.5088652482269503,3820.1786523918886
1410100011643,5870.958197683645,0.6329113924050633,0.36708860759493667,2155.161870035768
1410100011732,333.45290480736196,0.46938775510204084,0.5306122448979591,176.9341943875798
1410100260683,7192.277011534532,0.5,0.5,3596.138505767266
1410100011395,11650.532290130537,0.6065719360568383,0.39342806394316165,4583.646362813347
1410100011766,13512.089196017161,0.5262154432793136,0.4737845567206864,6401.819190105367
1410100010490,10543.148187361734,0.5768115942028985,0.4231884057971015,4461.738073492213
1410100010927,27001.88346625025,0.45408163265306123,0.5459183673469388,14740.824137187636
1410100011499,693.8259853775637,0.4186046511627907,0.5813953488372092,403.38720080090906
1410100011215,343.0113117084766,0.9230769230769231,0.07692307692307687,26.385485516036645
1410100092232,367.57805148173253,0.88,0.12,44.1093661778079
1410100011501,550.5444002874275,0.5098039215686274,0.4901960784313726,269.8747060232488
1410100011446,8242.44835271935,0.4908579465541491,0.5091420534458508,4196.577079724901
1410100011376,1557.5090855019553,0.3979591836734694,0.6020408163265306,937.6840412715853
1410100012529,32.62023055643583,0.0,1.0,32.62023055643583
1410100260698,5578.819123118939,0.5594989561586639,0.44050104384133615,2457.4756471359005
1410100010715,20457.02315067842,0.41207815275310833,0.5879218472468917,12027.130839919284
1410100011751,2414.5374615978385,0.42788461538461536,0.5721153846153846,1381.3940285103017
1410100012533,58.75954271877553,0.3333333333333333,0.6666666666666667,39.17302847918369
1410100012459,3.0124188969236614,0.0,1.0,3.0124188969236614
1410100010397,28756.02975490057,0.38281901584653877,0.6171809841534612,17747.67474447575
1410100010880,7569.758058306497,0.405189620758483,0.5948103792415169,4502.570661427816
1412000014501,20060.885294189866,0.5949008498583569,0.4050991501416431,8126.647583765301
1410100011304,11191.341685909525,0.41060419235511714,0.5893958076448829,6596.1298715964895
1410100012088,2297.921581594963,0.5064935064935064,0.49350649350649356,1134.039222085826
1410100261785,19.074740284156437,0.45454545454545453,0.5454545454545454,10.404403791358057
1410100010823,10744.981833734695,0.7201889020070839,0.27981109799291615,3006.5651648112425
1410100261249,46.706465439270914,0.9166666666666666,0.08333333333333337,3.892205453272578
1410100011624,14515.64135653246,0.5157096424702059,0.4842903575297941,7029.7851423293705
1410100012497,2392.123677058099,0.6370370370370371,0.36296296296296293,868.2522975988655
1410100092139,3798.8619448936333,0.7767441860465116,0.22325581395348837,848.11801560416
1410100011198,16.579939636853446,0.42857142857142855,0.5714285714285714,9.474251221059111
1410100012590,37.556483990528186,0.42857142857142855,0.5714285714285714,21.460847994587535
1410100010147,21828.179413065507,0.4254416961130742,0.5745583038869257,12541.561740510428
1410100010452,12822.162369967557,0.43564356435643564,0.5643564356435644,7236.269852357928
1410100010611,7055.2131034354625,0.49733570159857904,0.5026642984014209,3546.403744710898
1410100012073,12447.214729422738,0.5299145299145299,0.4700854700854701,5851.254787335475
1410100010645,12413.655508763415,0.4423076923076923,0.5576923076923077,6923.000187579597
1410100092181,2172.5483069622173,0.6440677966101694,0.35593220338983056,773.2799058679079
1410100091520,4939.373015411135,1.0,0.0,0.0
1410100010912,29151.15996754123,0.42498036135113904,0.575019638648861,16762.4894707307
1412000012524,16569.654068050317,0.5677083333333334,0.43229166666666663,7162.923373167584
1410101902374,8547.209430638071,0.4977827050997783,0.5022172949002217,4292.556399200716
1410100092209,9384.980297084452,0.8338907469342252,0.16610925306577484,1558.932067185712
1410100092213,5522.624690672904,0.8679525222551929,0.13204747774480707,729.2486609345523
1410100011037,12642.391553958161,0.5621662852784134,0.4378337147215866,5535.265257034313
1410100010310,16936.392055726603,0.6961937716262976,0.3038062283737024,5145.381392708636
1410100010575,12972.380347709915,0.5424354243542435,0.4575645756457565,5935.701708915239
1412000011297,54854.47930932367,0.9250425894378195,0.07495741056218053,4111.749726763612
1410100261709,4090.958914359913,0.6412213740458015,0.3587786259541985,1467.7486181291292
1410100011003,13268.582385902368,0.4822771213748657,0.5177228786251342,6869.448668104125
1410100012020,23883.959578813803,0.5122282608695652,0.4877717391304348,11649.920501079016
1412000014450,22207.366476932166,0.9533116178067318,0.04668838219326821,1036.826013580981
1412000014821,12488.953203223296,0.0,1.0,12488.953203223296
1410100011268,15226.106784651873,0.6299595141700405,0.3700404858299595,5634.275951891422
1410100010787,16373.576518623357,0.605465414175918,0.39453458582408196,6459.94223023398
1410100011272,5161.931654610376,0.5794871794871795,0.42051282051282046,2170.65843937462
1410100010630,6319.968005912378,0.4822429906542056,0.5177570093457944,3272.2077339022967
1412000013486,1411.3322595736804,0.6791044776119403,0.32089552238805974,452.8902026990169
1410100011126,7757.200917493317,0.5511627906976744,0.4488372093023256,3481.7204118051404
1410100012270,3.287152682509518,0.0,1.0,3.287152682509518
1410100262285,1.1239698527133892,0.0,1.0,1.1239698527133892
1410100272340,4955.039407076134,0.650103519668737,0.34989648033126297,1733.7508484386474
1410100092092,4992.168970830947,0.9722222222222222,0.02777777777777779,138.6713603008597
1410100012035,4930.201645888013,0.4140786749482402,0.5859213250517599,2888.7102811310724
1410100091662,2300.993731129376,0.3619047619047619,0.638095238095238,1468.2531427206493
1410100011287,2250.912554291999,0.75,0.25,562.7281385729998
1410100010857,6149.7337750057,0.5081168831168831,0.4918831168831169,3024.9502172511807
1410100011018,7838.044484417288,0.5273037542662116,0.47269624573378843,3705.0142016784794
1410100012478,4454.64523819765,0.5584415584415584,0.4415584415584416,1966.986209074287
1410100011658,440.33709178097405,0.84,0.16000000000000003,70.45393468495587
1410100261234,0.0,1.0,0.0,0.0
1410100010895,17787.206011188904,0.6294349540078844,0.3705650459921156,6591.316813607451
1410100010202,19165.94458459651,0.4769959404600812,0.5230040595399188,10023.866822661097
1410100011874,9.232434910201007,0.6,0.4,3.6929739640804033
1410100011041,11048.448393263152,0.7310924369747899,0.26890756302521013,2971.0113326421924
1410100010433,24954.88504397135,0.6866387058118634,0.31336129418813663,7819.895073695037
1410100092124,3172.204091164243,0.6203703703703703,0.37962962962962965,1204.2626642382775
1410100092105,4208.143019622682,0.6723716381418093,0.32762836185819066,1378.707003983959
1410100011588,7176.4603548021405,0.41638225255972694,0.5836177474402731,4188.309626864048
1410100011982,9649.511701529495,0.6034271725826194,0.39657282741738065,3826.734138672651
1410100012603,5105.413400323028,0.6059602649006622,0.39403973509933776,2011.7357438358954
1410100011836,163.89280651151915,0.6,0.4,65.55712260460767
1410100011906,909.683735197877,0.7019230769230769,0.29807692307692313,271.1557287609057
1410100011094,8270.430661946337,0.6053097345132743,0.3946902654867257,3264.258473653156
1410100011291,0.0,0.0,1.0,0.0
1410100011554,21787.2805309729,0.7417695473251029,0.2582304526748971,5626.139314068104
1410100011200,5875.23489716844,0.7864963503649635,0.21350364963503654,1254.3840930085905
1410100092162,2252.2354268109552,0.5346938775510204,0.4653061224489796,1047.9789332916282
1410100091925,986.3475399915002,0.9770114942528736,0.02298850574712641,22.674656091758596
1410100272336,14093.979940025536,0.6394316163410302,0.3605683836589698,5081.843566296952
1410100011516,21466.704370953346,0.5016181229773463,0.4983818770226537,10698.616417886133
1412000013325,9708.54616086875,0.5817245817245817,0.41827541827541825,4060.846206283582
1410100092586,9676.855043252197,0.5491209927611168,0.4508790072388832,4363.090795096131
1410100092196,2448.70814143838,0.5719298245614035,0.4280701754385965,1048.218923703447
1412000016921,3479.4353507212936,0.9119047619047619,0.08809523809523812,306.5216856587807
1412000013679,626.1214635445247,0.5846153846153846,0.41538461538461535,260.08122331849484
1412000013236,26307.166396565182,0.7273749297358066,0.27262507026419336,7171.993087315409
1412000016495,194.96884095644566,1.0,0.0,0.0
1412000016902,14442.538583400841,0.9224270353302612,0.07757296466973884,1120.3505352714935
1412000015162,4207.606611281738,0.4585987261146497,0.5414012738853503,2278.0035793563547
1410100011592,19590.369204728595,0.745775165319618,0.25422483468038204,4980.358372399774
1410100012425,1775.375313998787,0.45714285714285713,0.5428571428571429,963.7751704564845
1410100011605,28105.283544833102,0.7098150782361309,0.2901849217638691,8155.729506608752
1410100012514,9.17063367478912,0.0,1.0,9.17063367478912
1410100091840,311.1333228285843,0.6,0.4,124.45332913143373
1410100091713,617.2183013212552,0.6,0.4,246.8873205285021
1410100091696,2399.6973475985237,0.7525252525252525,0.24747474747474751,593.8644951127661
1410100091535,2232.386399950778,0.7012987012987013,0.2987012987012987,666.8167168684142
1410100092444,548.2629048059798,0.6,0.4,219.30516192239193
1410100092393,1138.8333090888914,0.8214285714285714,0.1785714285714286,203.36309090873064
1410100092302,832.2345637419893,0.7857142857142857,0.2142857142857143,178.335977944712
1410100092406,3030.3404153423025,0.6456692913385826,0.35433070866141736,1073.7426668535718
1410100011639,9769.428808833462,0.6627218934911243,0.3372781065088757,3295.0144503166107
1410100092177,1967.245682142229,1.0,0.0,0.0
1410100091893,127.47264745515331,0.7,0.30000000000000004,38.241794236546
1410100092622,2176.2594392055544,0.8723404255319149,0.12765957446808507,277.8203539411345
1410100092247,903.55316328098,0.6301369863013698,0.36986301369863017,334.19089600803375
1410100091855,78.44267377970444,0.25,0.75,58.83200533477833
1412000017084,161.23961709800267,1.0,0.0,0.0
1410100012266,180.3486979662672,0.8333333333333334,0.16666666666666663,30.058116327711193
1410100091677,19653.64252402867,0.6847433116413594,0.3152566883586406,6195.942256309833
1410100091465,20018.877096181317,0.5859449192782527,0.41405508072174735,8288.917772018094
1412000016616,200.861098070403,1.0,0.0,0.0
1412000013857,530.2055150543146,0.0,1.0,530.2055150543146
1410100091450,20441.22885397189,0.4839357429718876,0.5160642570281124,10548.987581266618
1410100011889,1.039274731279144,0.0,1.0,1.039274731279144
1410100010363,21498.66683249246,0.38506117192530587,0.6149388280746941,13220.36498714121
1410100010382,16466.875130407538,0.4682274247491639,0.5317725752508361,8756.632594430765
1410100010772,17388.30840849881,0.46785109983079526,0.5321489001692048,9253.169195385579
1410100092158,2727.417320396808,0.5543859649122806,0.44561403508771935,1215.3754375101566
1410100091910,9133.416827405492,0.5458563535911602,0.45414364640883975,4147.883222169787
1410100091802,14074.590820770232,0.7636363636363637,0.23636363636363633,3326.721466727509
1410100011817,666.7228526484078,1.0,0.0,0.0
1410100011022,8642.530540518785,0.6317135549872123,0.36828644501278773,3182.92684868211
1410100010999,14817.00403124189,0.5613010842368641,0.4386989157631359,6500.203603363831
1412000013965,7926.431985864901,1.0,0.0,0.0
1410100010607,5429.934474158431,0.3813387423935091,0.6186612576064909,3359.290090503695
1410100010626,8184.45210677418,0.6163522012578616,0.3836477987421384,3139.947034674371
1410100010700,12913.64517862758,0.40904311251314407,0.5909568874868559,7631.407560871398
1410100011319,9674.120925395317,0.4158730158730159,0.584126984126984,5650.915080230914
1410100010819,6298.280650933055,0.546112115732369,0.45388788426763105,2858.713279175762
1410100011484,17484.99048437912,0.6331198536139067,0.36688014638609334,6414.89586846846
1410100011412,5860.25413680213,0.5989208633093526,0.40107913669064743,2350.4256699763937
1410100011427,4063.1794610763986,0.38004750593824227,0.6199524940617578,2518.9782407148223
1410100011747,1267.9146583338431,0.7666666666666667,0.23333333333333328,295.84675361123
1410100011179,2923.5839481881553,0.7383512544802867,0.2616487455197133,764.9520724650013
1410100010768,14402.595159441764,0.46441281138790036,0.5355871886120996,7713.845450163649
1410100012001,23965.66227393265,0.6829477292202228,0.31705227077977716,7598.367644691584
1412000014677,9697.35949285021,0.6141592920353982,0.3858407079646018,3741.6360521085767
1410100012016,11227.992566033172,0.5559400230680508,0.4440599769319492,4985.902119864788
1410100010471,24664.001562720372,0.3592662871600253,0.6407337128399747,15803.057294772763
1412000016758,36631.97032045653,0.9667149059334298,0.03328509406657021,1219.2985779602036
1410100010679,25908.915246702378,0.8765432098765432,0.12345679012345678,3198.631511938565
1410100011183,200.2729491226815,1.0,0.0,0.0
1410100220081,5507.701927142838,0.6065857885615251,0.3934142114384749,2166.808210505068
1410100220096,1450.5067283930955,0.5792079207920792,0.42079207920792083,610.3617421456096
1410100220113,8020.881648621666,0.5096153846153846,0.4903846153846154,3933.3169623048557
1410100220024,6948.478170697162,0.6402985074626866,0.3597014925373134,2499.3779688627105
1410100340274,4569.760506815063,1.0,0.0,0.0
1410100342637,4920.234637452348,0.9285714285714286,0.0714285714285714,351.4453312465961
1410100341978,3673.7369373488978,0.8734177215189873,0.12658227848101267,465.0299920694808
1410100342641,3418.753992760784,0.8485576923076923,0.1514423076923077,517.7439940959841
1410100342463,5646.153023566445,0.8928571428571429,0.1071428571428571,604.9449668106903
1410101932694,4776.541796283089,0.7307692307692307,0.2692307692307693,1285.9920220762165
1410101932711,878.4320202875612,0.5,0.5,439.2160101437806
1410101932707,3209.7571985594413,0.7596899224806202,0.24031007751937983,771.3370012042068
1410101892660,3088.9906021579213,0.7114285714285714,0.2885714285714286,891.3944309084288
1410101892656,4668.762321680844,0.7576335877862596,0.24236641221374045,1131.5511733844794
1410101892675,228.1227848001745,0.7333333333333333,0.2666666666666667,60.83274261337988
1410100380128,5614.6608652285195,0.5749128919860628,0.42508710801393723,2386.7199496790217
1410100380166,1280.4114137590786,0.45323741007194246,0.5467625899280575,700.0810607603595
1410100380132,7063.6043086114305,0.6743554952510177,0.3256445047489823,2300.223926820547
1412002067347,0.7467297874955323,0.0,1.0,0.7467297874955323
1412002434713,30326.093692322964,0.4805447470817121,0.5194552529182879,15753.048668969319
1412002066461,1.423590500859779,0.0,1.0,1.423590500859779
1412002065054,4462.369539928272,0.4574468085106383,0.5425531914893618,2421.0728354929993
1412002317192,3203.9815142891866,0.7985436893203883,0.20145631067961167,645.4622953543751
1412002313895,1207.7136520524934,0.7034482758620689,0.29655172413793107,358.14956578108433
1412002314164,13117.429870190286,0.4136504653567735,0.5863495346432265,7691.398900101233
1412002316480,2.9814936482289354,0.0,1.0,2.9814936482289354
1412002313823,15150.951476110891,0.6181102362204725,0.38188976377952755,5785.993280247072
1412002316476,67.19301708468998,0.46153846153846156,0.5384615384615384,36.180855353294604
1412002313838,9342.45419173063,0.6073170731707317,0.3926829268292683,3668.6222557771503
1412002315618,2387.0502339782543,0.7272727272727273,0.2727272727272727,651.0137001758875
1412002316211,144.111057627987,0.6,0.4,57.644423051194806
1412002316692,3551.5350714313927,0.6423357664233577,0.35766423357664234,1270.2570693440748
1412002313999,2608.6827641053105,0.3235294117647059,0.6764705882352942,1764.6971639535925
1412002317239,92.74446666995577,0.3125,0.6875,63.76182083559459
1412002312026,10677.665219713768,0.5332480818414322,0.46675191815856776,4983.820722756426
1412002316230,9195.544331510608,0.5486910994764398,0.4513089005235602,4150.031001969709
1412002317173,161.94453556495557,0.46153846153846156,0.5384615384615384,87.20090376574531
1412002315872,13225.972588738436,0.5992023928215354,0.4007976071784646,5300.938166174327
1412002316226,327.5922661308466,0.4473684210526316,0.5526315789473684,181.03783128283627
1412002315035,268.80275047727844,0.37142857142857144,0.6285714285714286,168.96172887143214
1412002315726,16433.21802306651,0.8156626506024096,0.1843373493975904,3029.255852444791
1412002314817,211.1637378233909,0.47619047619047616,0.5238095238095238,110.60957695510953
1412000014499,9742.143485979532,0.6433878157503715,0.3566121842496285,3474.1670678084506
1412002316245,3957.0755251129085,0.5935960591133005,0.4064039408866995,1608.1710877921919
1412002316688,5358.249190498265,0.5366568914956011,0.46334310850439886,2482.707836066645
1412002317351,2171.8825509174712,0.5201793721973094,0.47982062780269064,1042.1140490949304
1412002315887,16280.464179077553,0.509090909090909,0.49090909090909096,7992.227869728981
1412002316993,2950.8402349638827,0.5284810126582279,0.4715189873417721,1391.377199397527
1412002316207,400.0000369509809,0.41304347826086957,0.5869565217391304,234.78263038427139
1412002315730,2617.1548271422525,0.8282208588957055,0.17177914110429449,449.5726083434544
1412002314802,0.0,0.0,1.0,0.0
1412002315603,0.0,0.0,1.0,0.0
1412002316669,4369.983578317829,0.8481012658227848,0.15189873417721522,663.7949739216956
1412002317243,205.47901210253502,0.5,0.5,102.73950605126751
1412002314179,27872.58368412545,0.47694934547524187,0.5230506545247582,14578.773139277911
1412002316974,1369.1589929193924,0.9,0.09999999999999998,136.9158992919392
1412002316264,2952.8497012130106,0.667574931880109,0.33242506811989103,981.6012630735349
1412002316989,5995.923842960995,0.7997311827956989,0.20026881720430112,1200.7965760768661
1412004306940,9514.495513025975,0.6737327188940092,0.3262672811059908,3104.268582130134
1412004306955,12376.885779723436,0.6444007858546169,0.3555992141453831,4401.210856836821
1412004307421,13352.605748231319,0.8617100371747212,0.13828996282527883,1846.5313525435135
1412000012967,12707.867399218536,0.9057591623036649,0.09424083769633507,1197.6000690363016
1412000013819,7881.782135783826,0.46223021582733814,0.5377697841726619,4238.58427805641
1412000013683,2467.8997770359924,0.27586206896551724,0.7241379310344828,1787.099838543305
1412000012562,19774.33362137048,0.521259842519685,0.47874015748031495,9466.76759196319
1412000015228,998.6083712725359,0.6638655462184874,0.33613445378151263,335.66667941933986
1412000014107,2769.7560546356754,0.7300380228136882,0.26996197718631176,747.7288208332051
1412000013289,15851.877847792857,1.0,0.0,0.0
1412000010392,12277.872379323795,0.6698924731182796,0.3301075268817204,4053.018086507962
1412000015285,6384.036545197077,0.8453333333333334,0.15466666666666662,987.3976523238143
1412000017008,4107.927841291096,0.9905123339658444,0.009487666034155628,38.97464745057979
1412000012134,10381.048312260675,0.6666666666666666,0.33333333333333337,3460.3494374202255
1412000010231,40157.31381829803,0.4492063492063492,0.5507936507936508,22118.393484046697
1412000013594,9236.790396988843,0.6595744680851063,0.34042553191489366,3144.439284081309
1412000016599,13649.829524947792,0.8837209302325582,0.11627906976744184,1587.189479645092
1412000017116,3239.7752324716525,1.0,0.0,0.0
1412000012384,17529.839713315654,0.6607431340872375,0.3392568659127625,5947.118481092548
1412000015938,6682.045018977305,1.0,0.0,0.0
1412000012399,11408.916666669316,0.4841897233201581,0.5158102766798419,5884.83646245196
1412000015143,6261.796252143252,0.4801587301587302,0.5198412698412698,3255.140115201452
1412000014304,7345.165296049111,0.6393805309734514,0.3606194690265486,2648.809608973462
1412000010246,14453.146508269165,0.49912280701754386,0.5008771929824561,7239.251452826046
1412000015798,11025.235946450262,0.7684331797235023,0.23156682027649766,2553.0788309176296
1412000010405,25587.39841407094,0.6370023419203747,0.36299765807962525,9288.165700658068
1412000013217,16275.129359753011,0.7928676111382511,0.2071323888617489,3371.106423319627
1412000014874,902.4554718263851,0.9743589743589743,0.02564102564102566,23.13988389298425
1412000016739,12069.178323078027,1.0,0.0,0.0
1412000014836,34526.989340421576,0.0,1.0,34526.989340421576
1412000017046,3746.737222491838,0.9666666666666667,0.033333333333333326,124.89124074972791
1412000012825,12197.86891329406,0.3604135893648449,0.6395864106351551,7801.591195651888
1412000015181,95.77662072127528,1.0,0.0,0.0
1412000014978,2667.809113541975,0.27848101265822783,0.7215189873417722,1924.8749300239567
1412000014728,13301.92528063774,0.9376731301939059,0.06232686980609414,829.0673651367008
1412000014272,9116.205226372924,0.45691056910569106,0.5430894308943089,4950.914708306596
1412000014361,17661.512170717448,0.9740061162079511,0.025993883792048922,459.09129495748704
1412000013950,695.3656997347176,0.6931818181818182,0.30681818181818177,213.3508396913338
1412000011121,29170.195666898784,1.0,0.0,0.0
1412000015317,8609.485085294982,0.5725490196078431,0.4274509803921569,3680.1328403809925
1412000010640,74461.38098268308,0.9875,0.012499999999999956,930.7672622835353
1412000015478,31439.561494031965,0.8092307692307692,0.1907692307692308,5997.700961938406
1412000013560,14374.126191967323,0.5413385826771654,0.4586614173228346,6592.857091985012
1412000016090,944.7740020180015,0.0,1.0,944.7740020180015
1412000012628,10704.540840066355,0.4956616052060738,0.5043383947939262,5398.7109442850915
1412000012401,16768.651786817136,0.41932841932841936,0.5806715806715806,9737.079538782431
1412000013039,12139.174074479637,0.434468524251806,0.565531475748194,6865.085028704686
1412000017328,811.735969051386,1.0,0.0,0.0
1412000012952,13438.643578592866,0.8611793611793612,0.13882063882063878,1865.561086463137
1412000014075,10971.033081296115,0.6723996723996724,0.32760032760032765,3594.114031546639
1412000015459,29572.381969373862,0.9694214876033058,0.03057851239669418,904.279448650274
1412000015463,25397.86424842306,0.9288674033149171,0.07113259668508287,1806.6160342455628
1412000011653,6740.100828592105,0.5743034055727554,0.4256965944272446,2869.237968827909
1412000010212,38402.8398992812,0.8261370178468624,0.17386298215313756,6676.832268038526
1412000012558,8088.662156849456,0.5136518771331058,0.4863481228668942,3933.9056564882167
1412000015139,2438.4191774564097,0.4675324675324675,0.5324675324675325,1298.3790425417249
1412000014319,8165.452655285388,0.40894568690095845,0.5910543130990416,4826.22601031245
1412000013626,958.6702153641166,0.5301204819277109,0.4698795180722891,450.45949878554876
1412000012914,38473.427753913784,1.0,0.0,0.0
1412000014662,13184.404434744485,0.5372460496613995,0.46275395033860045,6101.135235039773
1412000017313,686.0307413072887,1.0,0.0,0.0
1412000011441,49057.99308367453,0.7663147792706334,0.2336852207293666,11464.127942298222
1412000017277,3098.1440547200305,1.0,0.0,0.0
1412000015637,4497.494036061736,0.9621513944223108,0.03784860557768921,170.22387785891016
1412000015675,1187.6768274944434,1.0,0.0,0.0
1412000016743,51707.26153797126,0.9182530795072789,0.08174692049272114,4226.909397840875
1412000013147,17791.894922620282,0.9522451888809693,0.04775481111903068,849.6485814793726
1412000015815,10673.72614142871,0.9390444810543658,0.060955518945634224,650.622516034369
1412000013700,1203.0986400775207,0.7622950819672131,0.23770491803278693,285.98246362498446
1412000015482,17804.420639267642,0.9388297872340425,0.061170212765957466,1089.1001986786061
1412000014910,48.44164919189164,0.0,1.0,48.44164919189164
1412000010227,29718.544789901112,0.48607888631090485,0.5139211136890951,15272.987635645235
1412000015622,192.45646828423605,1.0,0.0,0.0
1412000013804,7457.146974717765,0.33405639913232105,0.6659436008676789,4966.039308543067
1412000013433,6215.70728649327,0.5869281045751634,0.4130718954248366,2567.5339902377427
1412000014408,12703.394993720854,1.0,0.0,0.0
1412000016777,19349.431725366892,0.9818731117824774,0.01812688821752262,350.7449859583115
1412000012115,21729.883313251812,1.0,0.0,0.0
1412000014249,19542.097657161048,0.5523996082272282,0.4476003917727718,8747.05056740705
1412000013861,5690.420640681337,0.49079754601226994,0.50920245398773,2897.576154457368
1412000016565,7358.580897999387,1.0,0.0,0.0
1412000016122,663.0936393082353,0.4065934065934066,0.5934065934065934,393.4841376114803
1412000012717,9421.004344669573,1.0,0.0,0.0
1412000016029,0.0,0.0,1.0,0.0
1412000016052,5680.302436849794,0.9631578947368421,0.0368421052631579,209.2743003049924
1412000013664,61505.52784416721,0.0,1.0,61505.52784416721
1412000016762,15722.055574371509,1.0,0.0,0.0
1412000013382,14016.935492297398,1.0,0.0,0.0
1412000016809,9077.36812068373,1.0,0.0,0.0
1412000012632,27301.75328498614,0.5034377387318564,0.4965622612681436,13557.020347777687
1412000014484,11505.844942509382,0.5903890160183066,0.4096109839816934,4712.920468442058
1412000012702,19504.96302575287,0.9475806451612904,0.05241935483870963,1022.4375779628512
1412000011206,90583.65729027754,1.0,0.0,0.0
1412000015656,1425.217043424289,0.9358288770053476,0.06417112299465244,91.45777818765495
1412000014840,3080.1009117345843,0.0,1.0,3080.1009117345843
1412000014253,8215.561095246889,0.7192118226600985,0.28078817733990147,2306.8324257589784
1412000014573,8508.286136671482,0.6437768240343348,0.3562231759656652,3030.8487096297554
1412000013607,3071.062992482835,0.4666666666666667,0.5333333333333333,1637.900262657512
1412000011757,31786.35695385047,0.6167023554603854,0.38329764453961457,12183.635748906283
1412000014357,5970.046934552142,0.9522968197879859,0.04770318021201414,284.79022479312346
1412000010918,14518.679250499896,0.8092532467532467,0.19074675324675328,2769.3909284638603
1412000014234,12852.601319534606,0.562564632885212,0.43743536711478803,5622.182376590629
1412000015302,7718.985433708999,0.5070140280561122,0.4929859719438878,3805.3515364577434
1412000011723,13382.887039271114,0.5854126679462572,0.41458733205374276,5548.375432788024
1412000012929,37917.43667689754,0.6045548654244306,0.3954451345755694,14994.265849456378
1412000016601,1056.1675224912897,0.8333333333333334,0.16666666666666663,176.0279204152149
1412000010655,65022.061229479936,0.9487577639751553,0.05124223602484468,3331.8758083429134
1412000013448,1892.504930086614,0.9183673469387755,0.08163265306122447,154.49019837441742
1412000013274,16653.97031185465,0.7779772591262717,0.2220227408737283,3697.560135067669
1412000012308,12120.913893647436,0.5140924464487034,0.48590755355129656,5889.643616868146
1412000016847,5386.653016254858,0.5383064516129032,0.46169354838709675,2486.9829450047628
1412000015105,6481.0642829398685,0.7050359712230215,0.29496402877697847,1911.6808316585227
1412000014520,12286.437122410533,0.43636363636363634,0.5636363636363637,6925.082741722301
1412000016620,9546.31081931612,0.7045123726346434,0.2954876273653566,2820.816734091954
1412000013293,89853.33672771988,0.9797979797979798,0.02020202020202022,1815.2189237923226
1412000014130,386.8801059584886,0.45714285714285713,0.5428571428571429,210.02062894889386
1412000017258,13.978803319105134,1.0,0.0,0.0
1412000013518,11717.045597476736,0.6041666666666666,0.39583333333333337,4637.997215667875
1412000014323,8852.060917048278,0.4209844559585492,0.5790155440414508,5125.480867772773
1412000013185,13056.654110006144,0.6639072847682119,0.3360927152317881,4388.2463316742505
1412000010710,21955.97363625805,0.8240049751243781,0.1759950248756219,3864.1421262817344
1412000014770,81.23487105575701,1.0,0.0,0.0
1412000016635,19889.557686672328,0.7362110311750599,0.2637889688249401,5246.645912551454
1412000010369,19218.493531435226,0.5611940298507463,0.4388059701492537,8433.189698868591
1412000011649,11032.747650732808,0.5151975683890577,0.4848024316109423,5348.702888425177
1412000015355,6899.29218469599,0.7301038062283737,0.2698961937716263,1862.092700367776
1412000014412,12345.023153745822,1.0,0.0,0.0
1412000011884,8737.947023679451,0.5302114803625377,0.46978851963746227,4104.987196924939
1412000013734,9508.958468337654,0.5157545605306799,0.4842454394693201,4604.66977239568
1412000013698,3888.641885696975,0.858433734939759,0.14156626506024095,550.5005079149331
1412000012651,9157.18517204074,0.4071246819338422,0.5928753180661578,5429.069071464357
1412000014291,7864.185284517331,0.4483870967741935,0.5516129032258065,4337.98607629827
1412000014855,2910.6194734033293,0.9697986577181208,0.030201342281879207,87.90461496855696
1412000011009,108685.70353683436,0.8387096774193549,0.16129032258064513,17529.95218336038
1412000011812,9314.810723094857,0.4860406091370558,0.5139593908629442,4787.434445245453
1412000015177,10663.823497348347,0.39834881320949433,0.6016511867905057,6415.902062904113
1412000011193,58921.03027259339,0.872435325602141,0.127564674397859,7516.24204190977
1412000015800,14745.400682055479,0.5901309164149043,0.40986908358509566,6043.683864649123
1412000014268,12264.010232533705,0.4384180790960452,0.5615819209039548,6887.246424372035
1412000016796,3649.4909558236113,1.0,0.0,0.0
1412000012454,16211.795380599257,0.5502336448598131,0.4497663551401869,7291.520118610647
1412000011935,13789.856314064233,0.8252911813643927,0.17470881863560728,2409.209505784932
1412000014588,6336.108901104665,0.6199575371549894,0.38004246284501064,2407.990431630011
1412000016423,2039.984166179891,0.0,1.0,2039.984166179891
1412000014592,12505.637011944209,0.5855962219598583,0.4144037780401417,5182.383224548309
1412000017169,639.4115119493645,1.0,0.0,0.0
1412000013556,13986.035198690503,0.5686070686070686,0.43139293139293144,6033.476722927816
1412000016527,13704.458878920106,0.6822695035460993,0.3177304964539007,4354.324523231353
1412000017205,3650.0416614787573,0.7032967032967034,0.29670329670329665,1082.9793940651257
1412000012863,33855.78838458346,0.6745562130177515,0.3254437869822485,11018.155983148463
1412000013306,83298.78835789862,1.0,0.0,0.0
1412000017262,377.4863948218021,1.0,0.0,0.0
1412000012647,8780.57006988572,0.4076923076923077,0.5923076923076923,5200.799195240003
1412000012666,18962.366626952513,0.5,0.5,9481.183313476256
1412000011282,24991.385718592916,0.9638648860958366,0.03613511390416335,903.0665695642363
1412000015834,4051.774807470576,0.6813186813186813,0.31868131868131866,1291.2249386444691
1412000014395,10662.991001347178,0.9102416570771001,0.08975834292289986,957.0924028827153
1412000013202,4828.918116367332,0.850415512465374,0.14958448753462605,722.3312417834791
1412000015196,18983.514682794113,0.9453681710213777,0.05463182897862229,1037.1041275635732
1412000014569,6896.611595239486,0.5953488372093023,0.4046511627906977,2790.721901329466
1412000011278,51409.180688093365,1.0,0.0,0.0
1412000012613,11499.933562795386,0.6376673040152964,0.36233269598470363,4166.80193145263
1412000014944,2020.978824603041,0.0,1.0,2020.978824603041
1412000015745,1750.5997451507017,0.3503184713375796,0.6496815286624205,1137.3323185055515
1412000012435,18161.913863470647,0.5965870307167236,0.4034129692832764,7326.751599529796
1412000011808,9614.015343160874,0.4543610547667343,0.5456389452332657,5245.781191298733
1412000014380,15050.214451071923,0.9034296028880866,0.0965703971119134,1453.4051861594733
1412000016917,5261.644315012802,0.9552238805970149,0.04477611940298509,235.59601410505093
1412000012261,21178.45475252592,0.6896142433234421,0.3103857566765579,6573.490703603001
1412000013768,15.685367705624174,0.0,1.0,15.685367705624174
1412000014446,15113.978333213085,0.9391891891891891,0.060810810810810856,919.0932770197153
1412000013397,39023.97869728132,0.7808896210873146,0.21911037891268537,8550.558759041873
1412000012473,28448.28461668396,1.0,0.0,0.0
1412000011742,13183.458109713105,0.49056603773584906,0.5094339622641509,6716.101301174601
1412000011850,10984.700274519295,0.8433420365535248,0.1566579634464752,1720.8407740761297
1412000015270,6027.938461719219,1.0,0.0,0.0
1412000011460,41520.76961299508,0.6603415559772297,0.33965844402277034,14102.880001377833
1412000011901,10388.450609786227,0.5453216374269005,0.45467836257309946,4723.403712929118
1412000011032,31620.425546608825,0.46084905660377357,0.5391509433962265,17048.182264044288
1412000017012,8373.008398883645,1.0,0.0,0.0
1412000013151,22326.568141614567,1.0,0.0,0.0
1412000014732,21052.018248832454,0.992867332382311,0.007132667617689048,150.15704885044613
1412000013166,60561.68762088407,1.0,0.0,0.0
1412000013378,7334.2687269647295,0.7224435590969456,0.2775564409030544,2035.673524482906
1412000016870,2716.741632137113,0.7236842105263158,0.2763157894736842,750.6786088799917
1412000013715,332.14125255507435,1.0,0.0,0.0
1412000014041,0.0,0.0,1.0,0.0
1412000014605,18997.397893976944,1.0,0.0,0.0
1412000012933,7940.740049813348,0.711217183770883,0.28878281622911695,2293.149274528437
1412000017050,1152.029386923933,1.0,0.0,0.0
1412000012986,24735.370643040776,0.7219730941704036,0.27802690582959644,6877.098564432862
1412000013575,60126.979387051266,1.0,0.0,0.0
1412000016033,4832.621629278243,0.9727626459143969,0.027237354085603127,131.62782647839578
1412000010265,10926.171793533229,0.5591531755915318,0.44084682440846823,4816.768138120502
1412000010937,26525.84309968019,0.6569797612869746,0.34302023871302545,9098.901032116559
1412000012948,28065.958120897318,1.0,0.0,0.0
1412000014643,13015.163974716743,0.43966323666978485,0.5603367633302152,7292.874855804798
1412000016086,2543.076466677147,0.0,1.0,2543.076466677147
1412000016781,1802.7552831639348,1.0,0.0,0.0
1412000013452,3152.945442336363,0.9691011235955056,0.030898876404494402,97.42247153286522
1412000012257,13131.317037823925,0.47992700729927007,0.5200729927007299,6829.2433499631725
1412000014766,2002.8629576534177,0.0,1.0,2002.8629576534177
1412000015158,7864.27860858058,1.0,0.0,0.0
1412000014215,9409.742778404434,0.8674863387978142,0.13251366120218577,1246.9194665371995
1412000012416,19542.014723107222,0.9921671018276762,0.007832898172323799,153.07061140815134
1412000012670,12005.882158050143,0.5026123301985371,0.4973876698014629,5971.5777505035185
1412000017031,2802.218145700667,1.0,0.0,0.0
1412000014906,0.0,0.0,1.0,0.0
1412000011846,14350.895643419663,0.4660347551342812,0.5339652448657188,7662.879506280958
1412000012420,22721.793444343028,1.0,0.0,0.0
1412000015251,10764.181817263916,1.0,0.0,0.0
1412000015266,36072.14069432339,1.0,0.0,0.0
1412000016512,41476.131702648316,1.0,0.0,0.0
1412000012609,22377.53325028844,0.6496769562096195,0.3503230437903805,7839.365560761493
1412000012331,13674.442228328586,0.5271238485158649,0.4728761514841351,6466.317614624162
1412000011920,13818.346681127427,0.8796895213454075,0.12031047865459255,1662.4919034215409
1412000012971,16455.115629074397,0.9841938883034773,0.015806111696522684,260.09139561234605
1412000016832,15383.68138519639,0.7629987908101572,0.2370012091898428,3645.9510900828204
1412000014535,16524.47046791706,0.7345911949685534,0.2654088050314466,4385.739960667296
1412000011210,39970.04023446653,0.8170185540627,0.18298144593730004,7313.775756274744
1412000017188,294.463097850719,0.0,1.0,294.463097850719
1412000014427,38869.41700073495,0.6330275229357798,0.3669724770642202,14264.006238801818
1412000016813,6408.672578092312,1.0,0.0,0.0
1412000012204,21449.840928231966,0.8041237113402062,0.19587628865979378,4201.515233365024
1412000010814,29252.581572784922,0.828982898289829,0.17101710171017104,5002.691718118034
1412000012172,6634.04205112031,0.29473684210526313,0.7052631578947368,4678.745446579587
1412000012505,8642.684494221327,1.0,0.0,0.0
1412000012755,14937.078283752568,0.5028702640642939,0.4971297359357061,7425.665782852884
1412000016550,128657.15134856488,1.0,0.0,0.0
1412000013611,2090.969205210649,0.5284974093264249,0.47150259067357514,985.8973972754873
1412000010890,16612.382878904536,0.6755725190839694,0.3244274809160306,5389.513529415594
1412000012312,10735.766130907326,0.5097024579560155,0.49029754204398446,5263.719745942919
1412000014554,15930.708707579106,0.46153846153846156,0.5384615384615384,8578.073919465673
1412000013772,25798.215692666407,0.704617330803289,0.29538266919671097,7620.345811812279
1412000012488,13199.720404508143,0.5364583333333334,0.46354166666666663,6118.620395839712
1412000016705,14224.856448994047,0.642089093701997,0.35791090629800304,5091.231263618452
1412000012064,9407.123982924328,1.0,0.0,0.0
1412000015533,17731.8390164279,0.7001375515818432,0.2998624484181568,5317.112662422672
1412000016315,67.21797677340139,1.0,0.0,0.0
1412000012223,5836.0467176397915,0.40993788819875776,0.5900621118012422,3443.6300507812434
1412000014431,22633.941489538603,0.7179144385026738,0.2820855614973262,6384.708093974125
1412000011865,7349.702211069509,0.5805555555555556,0.4194444444444444,3082.791760754155
1412000010617,81244.14728310512,0.3248979591836735,0.6751020408163265,54848.089635206474
1412000013062,18072.529714605145,0.6637744034707158,0.3362255965292842,6076.447084086329
1412000011795,14953.091940894748,0.6829268292682927,0.31707317073170727,4741.224273942236
1412000012990,12127.346393941674,0.7471783295711061,0.2528216704288939,3066.055973186157
1412000017332,128.19844706930093,1.0,0.0,0.0
1412000017065,2218.2685319894317,1.0,0.0,0.0
1412000016828,21572.404873074982,1.0,0.0,0.0
1412000016885,14062.792571814607,0.8236286919831224,0.17637130801687761,2480.2731202609725
1412000017135,2165.679442343794,1.0,0.0,0.0
1412000017402,684.8800546877575,1.0,0.0,0.0
1412000017417,594.0855850248523,0.8166666666666667,0.18333333333333335,108.9156905878896
1412002315779,10364.264404089065,0.45064935064935063,0.5493506493506494,5693.6153804281485
1412001395980,15018.445273432142,0.6245551601423488,0.3754448398576512,5638.5977805946295
1412002317436,405.045818175541,0.5294117647058824,0.47058823529411764,190.6097967884899
1412000012806,4543.36658152444,0.48872180451127817,0.5112781954887218,2322.9242672455784
1412000012793,11324.472426517854,0.49740932642487046,0.5025906735751295,5691.57422472659
1412000013791,8604.636107040984,0.46195652173913043,0.5380434782608696,4629.6683402014
1412002317224,86.62364412778993,0.4166666666666667,0.5833333333333333,50.53045907454412
1412000013787,11928.309278328312,0.4081381011097411,0.5918618988902589,7059.911780021688
1412000016103,1257.5676458528928,0.8625,0.13749999999999996,172.91555130477272
1412002312045,6496.1465725686085,0.8894952251023193,0.11050477489768074,717.8552147040343
1412002314003,5447.906007821317,0.5094736842105263,0.4905263157894737,2672.3412627839302
1412002315590,319.5932963569234,0.43243243243243246,0.5675675675675675,181.39078982419977
1412000015374,14902.994017323508,0.9222357229647631,0.07776427703523692,1158.9205554176237
1412004306936,4760.495669496386,0.8562628336755647,0.14373716632443534,684.2601578331562
1412002316404,1320.9885171078838,0.5128205128205128,0.4871794871794872,643.5585083346101
1412002314145,17777.78537771602,0.4309993201903467,0.5690006798096533,10115.571965430529
1412001395995,3261.2806251959987,0.7087912087912088,0.2912087912087912,949.7135886559776
1412000015660,1507.2693992963132,1.0,0.0,0.0
1412000017385,793.1666924742264,1.0,0.0,0.0
1412000013984,9359.365442958651,1.0,0.0,0.0
1412000017309,4551.6513218363425,0.5992647058823529,0.4007352941176471,1824.0073311770639
1412000016438,7757.292241355681,1.0,0.0,0.0
1412000014200,10095.139766010241,0.8952380952380953,0.10476190476190472,1057.5860707248821
1412000010994,14217.805161138493,0.8456375838926175,0.15436241610738255,2194.694756417351
1412000015336,9144.521342915135,0.47238372093023256,0.5276162790697674,4824.798324822956
1412000016118,1646.096381701287,0.4276729559748428,0.5723270440251572,942.1054763196046
1412000012844,7742.871361576161,0.3608058608058608,0.6391941391941391,4949.197994853626
1412000012789,10258.628107556557,0.3905160390516039,0.6094839609483961,6252.469292890119
1412000014658,20871.981163443197,0.39009287925696595,0.609907120743034,12729.969935598481
1412000014060,18074.053603540193,0.8489583333333334,0.15104166666666663,2729.935179701383
1412000016014,2632.51469331952,0.9965986394557823,0.003401360544217691,8.95413160993035
1412000016283,1998.9273140819528,1.0,0.0,0.0
1412000014925,2906.78193786293,0.9801587301587301,0.019841269841269882,57.67424479886778
1412000012774,12993.984635717166,0.46943483275663206,0.530565167243368,6894.155631407032
1412000016508,16010.71158821796,0.6577123050259965,0.34228769497400346,5480.269564424691
1412000016391,10406.601938208607,0.41564245810055866,0.5843575418994413,6081.176328137543
1412000017281,567.5936243528116,0.1,0.9,510.83426191753045
1412000010602,31827.13623932059,0.25651720542231493,0.7434827945776851,23662.928194614786
1412000015340,27370.180870336524,0.9219931271477664,0.07800687285223362,2135.062219094978
1412000015444,8377.204045698174,0.8362944162436549,0.16370558375634514,1371.3950785470358
1412000010689,25581.92864266706,0.9320987654320988,0.0679012345679012,1737.0445374650465
1412000016851,1997.3367982350437,0.6666666666666666,0.33333333333333337,665.7789327450147
1412000016141,2498.7598720916512,1.0,0.0,0.0
1412000013630,877.803569768132,0.43373493975903615,0.5662650602409638,497.0694913144843
1412000015209,21869.103090069137,0.7317497103128621,0.26825028968713793,5866.393239108929
1412000016866,2212.1107542422474,0.5051546391752577,0.4948453608247423,1094.6527443672976
1412000016584,8038.7463973411795,0.5953878406708596,0.4046121593291404,3252.574538127563
1412000017120,7414.939502576873,1.0,0.0,0.0
1412000011579,16148.842016320283,0.43986820428336076,0.5601317957166392,9045.479877345791
1412000010975,76629.67730434876,0.985663082437276,0.014336917562724039,1098.6333663705934
1412000015641,1002.4741408742178,1.0,0.0,0.0
1412000013645,2501.9510465076683,1.0,0.0,0.0
1412000015942,31657.902065548908,1.0,0.0,0.0
1412002312079,5992.553352159461,0.46308724832214765,0.5369127516778524,3217.478309884274
1412002313842,17265.44438383091,0.8442953020134228,0.15570469798657716,2688.3108033884364
1412002316654,8863.671245991722,0.7864077669902912,0.21359223300970875,1893.2113340953194
1412002316673,7673.206631083858,0.616600790513834,0.383399209486166,2941.9013565815585
1412000017296,1520.4524071504707,0.4066666666666667,0.5933333333333333,902.1350949092791
1412000017101,1383.4819588237679,1.0,0.0,0.0
1412000017366,3003.913756512701,1.0,0.0,0.0
1412000016300,20652.501275897434,0.9039938556067588,0.09600614439324118,1982.7670195754067
1412000016071,6240.756982260744,0.9571984435797666,0.04280155642023342,267.11411208119887
1412000016067,8407.09482387041,0.8193548387096774,0.1806451612903226,1518.7010004411063
1412000016175,5953.586013036179,1.0,0.0,0.0
1412000011418,19212.381217437614,0.6918349429323969,0.3081650570676031,5920.584554276208
1412000014889,13409.13931045069,0.8533333333333334,0.1466666666666666,1966.673765532767
1412000012280,27388.0853202438,0.6808139534883721,0.31918604651162785,8741.89467489177
1412000011634,17232.283201930248,0.4863157894736842,0.5136842105263157,8851.951792149432
1412000014094,2453.473474149295,0.9565217391304348,0.04347826086956519,106.67275974562145
1412000012810,8743.232780479662,0.4660493827160494,0.5339506172839505,4668.454540194387
1412000014126,2246.3313942343643,0.4642857142857143,0.5357142857142857,1203.391818339838
1412000013490,5569.5791004371295,0.5137614678899083,0.4862385321100917,2708.143966267595
1412000013876,327.1006654295307,0.0,1.0,327.1006654295307
1412000017027,2743.001357073665,1.0,0.0,0.0
1412000017154,510.9811509911669,1.0,0.0,0.0
1412002434709,16572.326709184017,0.8012232415902141,0.19877675840978593,3294.193382559514
1412000013113,12324.427603875869,0.3953997809419496,0.6046002190580504,7451.351629068434
1412000012346,21165.897171204513,0.46311475409836067,0.5368852459016393,11363.657907490948
1412000013414,15560.770284164799,0.624,0.376,5850.849626845964
1412000013043,12680.815225839977,0.5043370508054523,0.4956629491945477,6285.410273030967
1412000013058,13491.183988296649,0.5527809307604994,0.4472190692395006,6033.514746184881
1412000010373,14199.655696641497,0.6414893617021277,0.35851063829787233,5090.727627412963
1412000012469,6661.243857427599,0.515748031496063,0.48425196850393704,3225.720450644074
1412000010354,17106.459174690408,0.5898550724637681,0.4101449275362319,7016.127458604907
1412000013081,5094.669869569702,0.8652373660030628,0.13476263399693722,686.5711309680456
1412000013096,8804.053268341198,0.7442680776014109,0.2557319223985891,2251.4774672124763
1412000011526,30137.792617145933,0.5933774834437087,0.40662251655629134,12254.705077435498
1412000012543,13126.674272424578,0.5696428571428571,0.4303571428571429,5649.158035097006
1412000012242,31689.41984618833,0.7943775100401607,0.20562248995983934,6516.057414155994
1412000014198,60069.40554444964,1.0,0.0,0.0
1412000012539,46064.5598091644,0.7381443298969073,0.26185567010309274,12062.266176832738
1412000014183,15151.555377685763,0.9482564679415073,0.05174353205849269,783.9949914213106
1412000012685,16630.688880459522,0.8578528827037774,0.14214711729622265,2364.0044830076654
1412000012721,10863.81618704793,0.8915966386554622,0.10840336134453776,1177.6741917051952
1412000012350,17834.521172630695,1.0,0.0,0.0
1412000013132,10549.689916926713,0.7323943661971831,0.2676056338028169,2823.1564566423594
1412000012365,22545.348185320327,0.9489981785063752,0.051001821493624755,1149.853823659324
1412000013128,17713.241796690618,0.7217993079584775,0.27820069204152253,4927.8361261381515
1412000012897,19682.944451167798,0.8630338733431517,0.13696612665684826,2695.896662678357
1412000011189,66668.98734653312,1.0,0.0,0.0
1412000012882,15889.789200023324,1.0,0.0,0.0
1412000010547,62239.28191850618,0.9262452107279694,0.07375478927203061,4590.445122341928
1412000013170,20566.62376024736,1.0,0.0,0.0
1412000010636,13881.287632713795,0.9621513944223108,0.03784860557768921,525.3873805210395
1412000014376,25575.22347395627,0.9183222958057395,0.08167770419426046,2088.925537607907
1412000015552,14922.143911623876,0.5453501722158438,0.4546498277841562,6784.35015959019
1412000011155,40353.71778460917,1.0,0.0,0.0
1412000012238,12547.870754985595,1.0,0.0,0.0
1412000013077,19239.141746191683,0.6228571428571429,0.3771428571428571,7255.904887135148
1412000014111,3075.034109618384,0.3743016759776536,0.6256983240223464,1924.0436886997709
1412000015124,132.64658742444024,1.0,0.0,0.0
1412000016298,711.6954832961749,0.5416666666666666,0.45833333333333337,326.19376317741353
1412000016724,8818.445012855169,0.8893034825870647,0.11069651741293529,976.1711519205346
1412000017370,5466.682016846507,1.0,0.0,0.0
1412000620161,7127.553868383164,0.4806800618238022,0.5193199381761978,3701.480834276264
1412000620176,12350.181755775646,0.41701073492981006,0.58298926507019,7200.023385282912
1412000620180,6860.47528556802,0.5764462809917356,0.42355371900826444,2905.7798213666197
1412000620208,3374.9630887036164,0.5967078189300411,0.4032921810699589,1361.0962250738867
1412000620299,2055.448013957129,0.6335078534031413,0.3664921465968587,753.3055548533982
1412000620284,2752.883014455948,0.8761609907120743,0.12383900928792568,340.91430519578296
1412007500301,10262.240040341383,1.0,0.0,0.0
1412007500316,7445.4261190025745,0.9327548806941431,0.06724511930585686,500.6685676552709
1412007530320,7228.079946725863,0.8554913294797688,0.1445086705202312,1044.520223515298
1412007560335,2619.476112582617,0.9470404984423676,0.052959501557632405,138.72614926449998
1412007560424,6268.698347647216,0.6498771498771498,0.35012285012285016,2194.8145320386448
1412007570439,5348.702147709048,0.7387218045112782,0.2612781954887218,1397.4992453600707
1412007570462,3663.3645251344024,0.4714285714285714,0.5285714285714286,1936.349820428184
1412007580759,7554.0354008176155,0.46650426309378806,0.5334957369062119,4030.0456827748053
1412007580797,7424.698253251094,0.41580756013745707,0.5841924398625429,4337.452587809917
1412007580829,7283.129501393986,0.3778040141676505,0.6221959858323495,4531.533940064499
1412007580833,4048.8876483786535,0.3700440528634361,0.6299559471365639,2550.6208533839094
1412007580496,8755.035269572252,0.3280487804878049,0.671951219512195,5882.956626261354
1412007580509,9540.30573260126,0.23996082272282077,0.7600391772771793,7251.006119979019
1412007580551,7535.859551152333,0.32397660818713453,0.6760233918128655,5094.417333995379
1412007580566,8911.84689985754,0.47334200260078024,0.5266579973992198,4693.495441407418
1412007580693,12547.893730279373,0.4019370460048426,0.5980629539951574,7504.430390748196
1412007580744,13198.331525917127,0.3535262206148282,0.6464737793851718,8532.375263138107
1412007630852,10524.859783944827,0.9039735099337748,0.09602649006622521,1010.6653434913911
1412007630867,6067.599177302209,0.948559670781893,0.05144032921810704,312.11929924394104
1412007580848,5057.4075619178775,0.3974121996303142,0.6025878003696858,3047.5320983091096
1412401760160,8141.068821267324,0.5007072135785007,0.4992927864214993,4064.776936219753
1412401760599,175.2108007308688,0.6551724137931034,0.3448275862068966,60.41751749340304
1412401760601,0.0,0.0,1.0,0.0
1412400010565,264.64276501860644,0.8125,0.1875,49.620518440988704
1412400010279,273.30375460846096,0.6363636363636364,0.36363636363636365,99.38318349398581
1412400010264,1.7321003568686424,0.0,1.0,1.7321003568686424
1412400010300,919.1296690085358,0.5454545454545454,0.4545454545454546,417.7862131856981
1412400010230,15.375105457090577,0.8571428571428571,0.1428571428571429,2.196443636727226
1412400010531,79.63766909497026,0.6875,0.3125,24.886771592178206
1412400010457,119.33533669130497,0.7777777777777778,0.2222222222222222,26.51896370917888
1412400010283,489.4181033820309,0.6470588235294118,0.3529411764705882,172.73580119365795
1412400010211,8681.046710459466,0.6356275303643725,0.3643724696356275,3163.1344289123563
1412400010315,17.932430672765552,0.7142857142857143,0.2857142857142857,5.123551620790157
1412400010508,3357.9114297216556,1.0,0.0,0.0
1412400010512,5059.694773229737,0.5265392781316348,0.4734607218683652,2395.5667397669454
1412400010442,110.49405248691993,0.5555555555555556,0.4444444444444444,49.108467771964406
1412400010141,9829.56233285084,0.8089171974522293,0.19108280254777066,1878.2603183791412
1412400010476,8.797412367946137,0.8,0.19999999999999996,1.759482473589227
1412400010245,4.974831166791717,0.0,1.0,4.974831166791717
1412400010480,10554.43023195056,0.5993377483443708,0.4006622516556292,4228.761781675556
1412400010584,0.0,0.0,1.0,0.0
1412400010298,283.5391986107205,0.8717948717948718,0.1282051282051282,36.35117930906673
1412400010527,6893.855269393971,0.604982206405694,0.395017793594306,2723.1954978744866
1412400010334,2034.456058469319,0.3333333333333333,0.6666666666666667,1356.3040389795462
1412400010461,413.6674680517329,0.6101694915254238,0.38983050847457623,161.26019940999754
1412400010495,12641.757341260056,0.5173501577287066,0.48264984227129337,6101.542186791131
1412400010423,102.23412226531963,0.7647058823529411,0.23529411764705888,24.055087591839918
1412400010404,256.5558148826133,0.40625,0.59375,152.33001508655164
1412400010419,1944.754450802496,0.8,0.19999999999999996,388.9508901604991
1412400010175,22089.080586318672,0.5631188118811881,0.43688118811881194,9650.303771003084
1412400010349,34.964781246163774,0.5,0.5,17.482390623081887
1412400010438,2726.4058618839776,0.6162162162162163,0.38378378378378375,1046.3503578041211
1412400010137,12895.093372334226,0.508819538670285,0.49118046132971505,6333.817911512876
1412400010546,19.301940549005824,0.6666666666666666,0.33333333333333337,6.433980183001942
1412400010550,169.34751178355788,0.6428571428571429,0.3571428571428571,60.48125420841352
1412400940387,7420.579164832969,0.5504807692307693,0.4495192307692307,3335.6930380378967
1412400010122,6888.285459423038,0.5681492109038737,0.4318507890961263,2974.711511171212
1412400010226,2719.051913418602,0.5971731448763251,0.4028268551236749,1095.3071312004263
1412400010156,8711.408755923987,0.5778894472361809,0.42211055276381915,3677.1775653146483
1412400940391,5825.742238002253,0.5886699507389163,0.41133004926108374,2396.3028417398427
1412400010372,178.01240334929608,0.5454545454545454,0.4545454545454546,80.9147287951346
