Cluster,n_intersections_n,n_street_density_n,n_intersection_density_n,p_poi_density_n,p_employment_proxy_n,p_retail_density_n,p_service_density_n,p_land_use_mix_n,pe_population_n,pe_pop_density_n,pe_marginacion_n,pe_rezago_n,pe_dep_ratio_n,pe_youth_share_n,v_ntl_median_n,v_ridership_annual_n
0,0.15825207092558272,0.26345531936012445,0.09293331187248255,0.029069354139595698,0.02791577227586625,0.01603711033193114,0.03284031729802921,0.6267986717791303,0.14447534281219698,0.23170826289670193,0.9480126536161254,0.20918390740016762,0.16034838070540608,0.19840669336549388,0.0,0.0
1,0.20212151285224306,0.3069104849582549,0.22157056528552233,0.08137546190929518,0.0834867113303394,0.040054313395092904,0.11034022100100029,0.7651365561439307,0.1745581123821757,0.27848054478234663,0.9454228945619356,0.1610546484333541,0.15095008141068553,0.17702853871581997,0.0,1.0
2,0.056996829306555474,0.1335993985350924,0.022065845386107615,0.005539286830415857,0.013833873097385478,0.002421510426850221,0.00536507711786183,0.19049729621477585,0.001989927802330968,0.026843879364322372,0.0,0.18093820049201031,0.11860966346714008,0.08345816533166404,0.0,0.0
