cve_ageb,transit_demand,accessibility_score,coverage_gap_raw,coverage_gap_n,demand_quantile,access_quantile,gap_category
1400200010030,8480.405476902824,0.0,8480.405476902824,0.865649966966438,5,1,High-gap
1400200010064,7250.142338164795,0.0,7250.142338164795,0.8506524290359502,4,1,High-gap
1400200010079,1013.2778677689631,0.0,1013.2778677689631,0.6624159287076945,2,1,Medium-gap
1400200010083,109.17166367057723,0.0,109.17166367057723,0.4499763842366553,1,1,Medium-gap
1400200010098,28.355171788026226,0.0,28.355171788026226,0.3234088210413915,1,1,Medium-gap
1400200010115,279.9616466139571,0.0,279.9616466139571,0.53956690560588,2,1,Medium-gap
1400200010134,1.6976337632916279,0.0,1.6976337632916279,0.09496842695491925,1,1,Medium-gap
1400200010168,0.0,0.0,0.0,0.0,1,1,Medium-gap
1400200010191,40.83733785166751,0.0,40.83733785166751,0.3573166235786294,1,1,Medium-gap
1400200010280,73.68123381262492,0.0,73.68123381262492,0.41276791136319235,1,1,Medium-gap
1400200010295,0.0,0.0,0.0,0.0,1,1,Medium-gap
1400200010308,0.0,0.0,0.0,0.0,1,1,Medium-gap
1400200010312,3.134914416193374,0.0,3.134914416193374,0.13584029464184083,1,1,Medium-gap
1400200020045,7385.998565829198,0.0,7385.998565829198,0.8524288239501256,5,1,High-gap
1400200020100,1574.6771523379682,0.0,1574.6771523379682,0.7045717391712586,2,1,Medium-gap
1400200020149,16.34982018351183,0.0,16.34982018351183,0.27308245968422895,1,1,Medium-gap
1400200020153,433.61288260396003,0.0,433.61288260396003,0.5813140199839331,2,1,Medium-gap
1400200020172,0.0,0.0,0.0,0.0,1,1,Medium-gap
1400200020204,248.61486274281225,0.0,248.61486274281225,0.5282459140966919,2,1,Medium-gap
1400200020219,2.6332219347919197,0.0,2.6332219347919197,0.12346204931719747,1,1,Medium-gap
1400200020223,63.21873379582588,0.0,63.21873379582588,0.3983238232365888,1,1,Medium-gap
1400200020238,24.679479071838728,0.0,24.679479071838728,0.3106066562373193,1,1,Medium-gap
1400200020242,1.126285548668856,0.0,1.126285548668856,0.07219242435987147,1,1,Medium-gap
1400200020257,42.784744125523645,0.0,42.784744125523645,0.36167053017029427,1,1,Medium-gap
1400200020261,72.64136211224167,0.0,72.64136211224167,0.41142603352553686,1,1,Medium-gap
1400200020276,0.9953725495891903,0.0,0.9953725495891903,0.06611120960791744,1,1,Medium-gap
1400200020327,8.953996999655947,0.0,8.953996999655947,0.21991181953351752,1,1,Medium-gap
1400200020331,0.0,0.0,0.0,0.0,1,1,Medium-gap
1400200040187,6243.522309227696,0.0,6243.522309227696,0.8363499259647916,4,1,High-gap
1403900010026,0.0,147395.0,0.0,0.0,1,2,Medium-gap
1403900010030,0.0,0.0,0.0,0.0,1,1,Medium-gap
1403900010064,894.3372235892283,557255.0,0.0016048947406384648,0.00015346230450505427,2,5,Low-gap
1403900010083,6756.4170144688405,549685.0,0.012291411850527102,0.0011690947802811447,4,5,Medium-gap
1403900010115,6585.452551388944,505470.0,0.013028348909015441,0.0012387366205432679,4,4,Medium-gap
1403900010134,4321.122076146219,526170.0,0.008212391173489644,0.0007827008926576184,3,5,Medium-gap
1403900010149,1734.971674760402,426330.0,0.00406954144728017,0.00038865719190126386,2,4,Low-gap
1403900010153,4471.944808772716,520525.0,0.008591203530222729,0.0008186504840534843,3,5,Medium-gap
1403900010191,9166.362763591042,391215.0,0.023430439357263102,0.0022163839092596864,5,4,Medium-gap
1403900010204,5871.486606783716,407495.0,0.01440869752533452,0.0013690457659270273,4,4,Medium-gap
1403900010223,6400.217028539149,483185.0,0.013245866040280864,0.0012592826863007257,4,4,Medium-gap
1403900010238,9456.690160709679,407445.0,0.023209677259586985,0.0021957388347669596,5,4,Medium-gap
1403900010261,9198.997931648379,255985.0,0.0359355508959411,0.003378615817706128,5,2,High-gap
1403900010276,10744.661505565753,329360.0,0.03262274982637821,0.0030720940041511244,5,3,Medium-gap
1403900010280,230.05444975882824,560450.0,0.00041048093367453755,3.92741954735893e-05,2,5,Low-gap
1403900010295,0.0,574855.0,0.0,0.0,1,5,Low-gap
1403900010308,0.0,600045.0,0.0,0.0,1,5,Low-gap
1403900010312,4640.794354820517,553260.0,0.008388074262997964,0.000799375035639914,4,5,Medium-gap
1403900010327,732.7728630090442,0.0,732.7728630090442,0.6314353213757954,2,1,Medium-gap
1403900010346,10090.015149393408,552260.0,0.018270374242239464,0.0017326601404044747,5,5,Medium-gap
1403900010350,24942.72956311813,266335.0,0.09365136355249809,0.008567084909249513,5,3,Medium-gap
1403900010365,4979.566810394366,280770.0,0.017735331677396764,0.001682363060078794,4,3,Medium-gap
1403900010384,2109.1573986020585,448560.0,0.004702052560525901,0.00044892300765505633,3,4,Medium-gap
1403900010399,7547.092798498863,482465.0,0.01564274539241908,0.0014853936364450995,5,4,Medium-gap
1403900010401,1647.799296100299,455020.0,0.0036213697743627195,0.000345932299226682,2,4,Low-gap
1403900010416,1951.1553143935605,499470.0,0.003906443646164763,0.0003731110361114374,3,4,Medium-gap
1403900010435,10923.56748839877,536215.0,0.020371580647348776,0.0019299302724078186,5,5,Medium-gap
1403900010454,9728.910718095874,530065.0,0.018354149706066556,0.0017405331230717358,5,5,Medium-gap
1403900010469,8430.166281377664,509030.0,0.016561204094402236,0.0015718955659369239,5,4,Medium-gap
1403900010473,8269.453587148133,512995.0,0.01611991825891066,0.0015303443092141078,5,4,Medium-gap
1403900010492,9518.0046204706,498985.0,0.019074692717772842,0.0018082210014630103,5,4,Medium-gap
1403900010505,7646.49464336593,410835.0,0.018612036538584568,0.0017647645379616761,5,4,Medium-gap
1403900010524,10476.949514039163,409455.0,0.02558748562492469,0.0024178710279792446,5,4,Medium-gap
1403900010539,6887.174326253365,400795.0,0.017183740172689758,0.0016304825950301265,4,4,Medium-gap
1403900010543,6948.207640531914,433875.0,0.016014270530132834,0.0015203938939438925,4,4,Medium-gap
1403900010562,2734.010364971986,0.0,2734.010364971986,0.7573444803463947,3,1,Medium-gap
1403900010577,4486.708606474723,615015.0,0.007295271353061909,0.0006956095313827278,3,5,Medium-gap
1403900010596,0.0,180940.0,0.0,0.0,1,2,Medium-gap
1403900010609,1588.9964142162514,421665.0,0.003768376900713483,0.0003599488163054309,2,4,Low-gap
1403900010613,0.0,622265.0,0.0,0.0,1,5,Low-gap
1403900010632,3933.2780402256594,531920.0,0.007394477827018786,0.0007050341820288091,3,5,Medium-gap
1403900010647,6347.220658760001,535085.0,0.011862057050193803,0.0011284966236008345,4,5,Medium-gap
1403900010651,19723.145718304575,567380.0,0.03476173103841083,0.003270118673183827,5,5,Medium-gap
1403900010666,22107.816296440742,551790.0,0.040065561592053406,0.0037593813169449967,5,5,Medium-gap
1403900010670,1831.407054839694,542580.0,0.0033753615678390764,0.0003224718483205102,2,5,Low-gap
1403900010685,1388.0195211151627,512760.0,0.002706952207978303,0.00025870026308065177,2,4,Low-gap
1403900010702,3679.777239181543,475675.0,0.007735890057899795,0.0007374613749064446,3,4,Medium-gap
1403900010717,2440.835172070428,440970.0,0.005535137621454536,0.0005282416900446762,3,4,Medium-gap
1403900010721,6494.33721191151,425990.0,0.015245245115299408,0.001447932159740936,4,4,Medium-gap
1403900010736,2328.0614902876855,488545.0,0.0047652861558331976,0.0004549458340769177,3,4,Medium-gap
1403900010740,1620.364735713742,467940.0,0.00346275435517243,0.000330806676923535,2,4,Low-gap
1403900010755,3260.360744531164,452280.0,0.007208705969366752,0.0006873850304816195,3,4,Medium-gap
1403900010774,4118.028591348562,499365.0,0.008246513762147528,0.0007859397067357828,3,4,Medium-gap
1403900010789,8286.171251639893,477670.0,0.017347025989938456,0.0016458435291518685,5,4,Medium-gap
1403900010793,9667.969932442193,478375.0,0.02020998112874014,0.001914773053304431,5,4,Medium-gap
1403900010806,10817.177657451357,538220.0,0.020098022294654717,0.0019042704718726126,5,5,Medium-gap
1403900010810,10400.139611467806,539415.0,0.01928036916121844,0.0018275334856979349,5,5,Medium-gap
1403900010825,7207.873910140143,481820.0,0.014959650804220122,0.0014210079411760169,4,4,Medium-gap
1403900010844,5194.293716294247,495815.0,0.01047625271531021,0.0009973426063303638,4,4,Medium-gap
1403900010859,8114.477806103601,484115.0,0.01676143280970594,0.0015907430545540105,5,4,Medium-gap
1403900010863,19034.43299042318,504830.0,0.0377045644788517,0.0035418951854817617,5,4,Medium-gap
1403900010878,5624.408217848852,438910.0,0.012814461742469092,0.0012185291289218653,4,4,Medium-gap
1403900010882,8712.564682777731,484955.0,0.017965680768518653,0.001704020441005851,5,4,Medium-gap
1403900010897,8678.298728370448,435480.0,0.01992807660580013,0.0018883260839355335,5,4,Medium-gap
1403900010929,0.0,613805.0,0.0,0.0,1,5,Low-gap
1403900010933,0.0,609230.0,0.0,0.0,1,5,Low-gap
1403900010948,0.0,566400.0,0.0,0.0,1,5,Low-gap
1403900010952,9565.97183222108,560320.0,0.01707230646758033,0.0016199981757897156,5,5,Medium-gap
1403900010967,7080.326655001215,500075.0,0.014158501217817322,0.0013454396289731116,4,4,Medium-gap
1403900010971,4015.5651498719144,554710.0,0.007239022031061065,0.0006902654132408565,3,5,Medium-gap
1403900010986,4676.237618645071,521710.0,0.00896327203882048,0.0008539469376227549,4,5,Medium-gap
1403900010990,5188.188462055307,511135.0,0.010150309236788854,0.0009664688362735497,4,4,Medium-gap
1403900011005,5039.671001251435,534845.0,0.009422658113272671,0.0008975088609787272,4,5,Medium-gap
1403900011024,3956.8030712708137,438515.0,0.0090231669340932,0.0008596276786302247,3,4,Medium-gap
1403900011039,11290.649019514261,442730.0,0.025502277950977596,0.0024099199233947326,5,4,Medium-gap
1403900011043,0.0,528935.0,0.0,0.0,1,5,Low-gap
1403900011062,0.0,600585.0,0.0,0.0,1,5,Low-gap
1403900011077,0.0,593175.0,0.0,0.0,1,5,Low-gap
1403900011081,8923.598932305198,567980.0,0.015711087047463206,0.0014918328575442745,5,5,Medium-gap
1403900011096,10343.302167247039,513450.0,0.020144672358700322,0.0019086467391261392,5,4,Medium-gap
1403900011109,8839.382196007746,550160.0,0.016066900772696985,0.0015253509946620942,5,5,Medium-gap
1403900011113,15200.970798682643,514800.0,0.02952785794643492,0.002784844789370386,5,4,Medium-gap
1403900011128,5050.513789855847,565250.0,0.008934993109000863,0.0008512647007636537,4,5,Medium-gap
1403900011132,8763.08920080569,532840.0,0.016445973941205144,0.0015610472918133132,5,5,Medium-gap
1403900011147,16421.94264904343,527925.0,0.031106523734469285,0.002931474765398514,5,5,Medium-gap
1403900011151,6097.906387227092,516820.0,0.011798875020997777,0.001122520917280926,4,5,Medium-gap
1403900011166,11084.946105717821,539655.0,0.020540763200479234,0.0019457961699823985,5,5,Medium-gap
1403900011170,22759.500335651635,498245.0,0.04567924345735166,0.0042745163641929994,5,4,Medium-gap
1403900011185,13303.768452296727,526210.0,0.02528219374413824,0.0023893798361827763,5,5,Medium-gap
1403900011202,4654.023643720744,566355.0,0.008217488017643926,0.0007831846768273249,4,5,Medium-gap
1403900011217,10978.149122343675,507350.0,0.021638173813284443,0.002048647243287747,5,4,Medium-gap
1403900011221,4944.144725812089,464660.0,0.010640326444035736,0.0010128801051045042,4,4,Medium-gap
1403900011236,9050.03409567509,453550.0,0.019953729780498974,0.0018907330476170988,5,4,Medium-gap
1403900011274,6244.085675385108,546790.0,0.011419510700404922,0.0010866330914888062,4,5,Medium-gap
1403900011289,2655.8116319518585,584410.0,0.004544424440936017,0.0004339077114752676,3,5,Medium-gap
1403900011293,7771.150964975009,628830.0,0.012358091386994294,0.001175398198811283,5,5,Medium-gap
1403900011306,0.0,605870.0,0.0,0.0,1,5,Low-gap
1403900011310,8970.165403182446,595935.0,0.015052229439373432,0.001429736561794969,5,5,Medium-gap
1403900011325,21835.00385083574,590975.0,0.036947361400185015,0.0034720396912113734,5,5,Medium-gap
1403900011344,12935.972226802478,577475.0,0.02240088285366401,0.002120064497281097,5,5,Medium-gap
1403900011359,50467.80082374889,537425.0,0.0939065114522723,0.008589408593498916,5,5,Medium-gap
1403900011363,35901.446100091984,548890.0,0.06540724132859162,0.0060631568327844275,5,5,Medium-gap
1403900011378,44846.74172412477,520195.0,0.08621123907935618,0.00791382472344187,5,5,Medium-gap
1403900011382,9053.157822065346,537940.0,0.016829276485832732,0.0015971283242649753,5,5,Medium-gap
1403900011397,20313.960958668642,541750.0,0.03749685918192794,0.0035227384836359105,5,5,Medium-gap
1403900011414,7668.454888705082,544795.0,0.014075828179180983,0.0013376381095429378,5,5,Medium-gap
1403900011429,9330.5553454266,550095.0,0.0169616854974888,0.001609589087797913,5,5,Medium-gap
1403900011433,9542.059599774904,435475.0,0.02191179215335611,0.0020742739836367243,5,4,Medium-gap
1403900011448,9778.809882167898,498190.0,0.01962863616999885,0.0018602259696401302,5,4,Medium-gap
1403900011452,8434.233505655387,484010.0,0.017425706245633648,0.0016532444076924192,5,4,Medium-gap
1403900011467,14585.250604773124,455000.0,0.032055425383181846,0.003019502866871884,5,4,Medium-gap
1403900011471,8656.201919574693,459940.0,0.01882024416082648,0.0017843235478529472,5,4,Medium-gap
1403900011490,8324.635530655409,371955.0,0.022380699681294046,0.002118175306021944,5,3,Medium-gap
1403900011518,4954.204171143386,168690.0,0.02936851504314626,0.002770032176886372,4,2,High-gap
1403900011537,19396.350445069347,187205.0,0.10360966232422758,0.009434525810798679,5,2,High-gap
1403900011556,9162.07009623015,635010.0,0.014428206907014447,0.0013708862403749658,5,5,Medium-gap
1403900011560,1829.6724984590232,644260.0,0.0028399553883581706,0.00027139321472543023,2,5,Low-gap
1403900011575,4065.3553438322215,608975.0,0.0066757234173961235,0.0006367312480040524,3,5,Medium-gap
1403900011594,6179.105394675556,600785.0,0.010285035594497137,0.0009792314914429025,4,5,Medium-gap
1403900011607,1345.6669261344614,585395.0,0.0022987292809217375,0.00021973162625527556,2,5,Low-gap
1403900011626,38269.81652800282,589750.0,0.06489148221538042,0.006016818560739773,5,5,Medium-gap
1403900011630,35172.72314198035,564970.0,0.06225580276152289,0.005779665532456881,5,5,Medium-gap
1403900011645,13900.119832849456,539375.0,0.025770742177719172,0.0024349692687933577,5,5,Medium-gap
1403900011664,7669.980771169532,494740.0,0.015503022331218823,0.0014722274371822646,5,4,Medium-gap
1403900011679,6468.353259389661,402355.0,0.016076194363672122,0.0015262263062778508,4,4,Medium-gap
1403900011683,11385.476933843194,557355.0,0.020427656531630044,0.0019351893462745873,5,5,Medium-gap
1403900011698,6106.8877000369175,399295.0,0.015294136931091013,0.00145254064468494,4,4,Medium-gap
1403900011700,7218.790513517309,378255.0,0.019084404513126846,0.0018091330015164776,4,3,Medium-gap
1403900011715,7098.341395557752,389245.0,0.018236131894888454,0.0017294419543420754,4,4,Medium-gap
1403900011734,11220.96865326698,326165.0,0.03440263133884887,0.003236902203001818,5,3,Medium-gap
1403900011753,9380.111735068434,574400.0,0.016330249660199816,0.0015501512605064901,5,5,Medium-gap
1403900011768,0.0,548330.0,0.0,0.0,1,5,Low-gap
1403900011787,3554.9128441914895,634940.0,0.005598808147830254,0.0005343011074071747,3,5,Medium-gap
1403900011791,2854.327163326769,598840.0,0.0047664190717181506,0.0004550537377495468,3,5,Medium-gap
1403900011804,803.1963334072605,573445.0,0.0014006485936029905,0.0001339456602494848,2,5,Low-gap
1403900011819,2755.2444900393566,599285.0,0.004597545228887971,0.0004389681401232642,3,5,Medium-gap
1403900011823,3905.3773028916435,556685.0,0.007015404200737298,0.0006690170477712466,3,5,Medium-gap
1403900011838,6337.685732657198,590295.0,0.010736453800563104,0.0010219820279608206,4,5,Medium-gap
1403900011842,6669.742872180225,599455.0,0.011126325989197248,0.0010588886253413282,4,5,Medium-gap
1403900011857,10673.204609997394,571915.0,0.018662189220090702,0.0017694762429535133,5,5,Medium-gap
1403900011861,20419.67140708652,589245.0,0.034653899062677594,0.00326014550228547,5,5,Medium-gap
1403900011876,4814.513560291945,555485.0,0.008667209543160305,0.0008258618882643802,4,5,Medium-gap
1403900011880,12245.177939613712,568440.0,0.02154168671790689,0.0020396087496432963,5,5,Medium-gap
1403900011895,7637.294865941058,537975.0,0.01419634865856666,0.0013490109262783415,5,5,Medium-gap
1403900011908,8067.628454948334,557695.0,0.014465996627102103,0.0013744511432065927,5,5,Medium-gap
1403900011912,17804.092681933613,533950.0,0.03334405719238959,0.0031389176964075126,5,5,Medium-gap
1403900011927,8678.603825694106,545525.0,0.01590868964209608,0.0015104487403174178,5,5,Medium-gap
1403900011931,3498.1193855407228,548405.0,0.006378703707728805,0.0006084913464530355,3,5,Medium-gap
1403900011946,5811.642550510541,535955.0,0.010843506837334671,0.0010321174419154423,4,5,Medium-gap
1403900011950,3214.574875969199,545165.0,0.005896506524561692,0.0005626274737463723,3,5,Medium-gap
1403900011965,4721.091510221175,556370.0,0.008485509687279126,0.000808621413265366,4,5,Medium-gap
1403900011984,5876.50863130439,575875.0,0.010204468724698356,0.0009715995801263213,4,5,Medium-gap
1403900011999,4685.849286096376,582245.0,0.008047885749487976,0.0007670849914820272,4,5,Medium-gap
1403900012003,7700.305573967209,498260.0,0.015454361416942545,0.001467641660759354,5,4,Medium-gap
1403900012018,7723.760721720098,458865.0,0.016832279405578313,0.0015974109413872146,5,4,Medium-gap
1403900012022,7449.51341663544,470000.0,0.015849994822639612,0.0015049195559748928,5,4,Medium-gap
1403900012037,6728.225629826529,473485.0,0.014209977971527203,0.0013502969602194963,4,4,Medium-gap
1403900012041,4274.512449028702,475930.0,0.008981370091523144,0.0008556634859048003,3,4,Medium-gap
1403900012056,9053.503833250737,460220.0,0.019672078921324183,0.0018643032396605528,5,4,Medium-gap
1403900012107,8291.441617366445,593485.0,0.013970745084747483,0.0013277209259671767,5,5,Medium-gap
1403900012111,9007.425287379785,589800.0,0.015271973576477126,0.0014504515804947629,5,5,Medium-gap
1403900012126,9367.357296977625,614730.0,0.015238140417479557,0.0014472624608281113,5,5,Medium-gap
1403900012130,3953.8983934488733,634570.0,0.006230821127106144,0.0005944279273031659,3,5,Medium-gap
1403900012145,24682.851199250512,630285.0,0.039161350877618274,0.0036761472315854976,5,5,Medium-gap
1403900012164,14907.880166832767,590905.0,0.025228852248636444,0.0023844009007128373,5,5,Medium-gap
1403900012179,32126.437485549835,640900.0,0.050126989169231806,0.004680700443741227,5,5,Medium-gap
1403900012183,20570.609511001472,587235.0,0.035029544358658994,0.003294883713953163,5,5,Medium-gap
1403900012200,2459.243774208677,556710.0,0.00441745137819924,0.0004218108328302727,3,5,Medium-gap
1403900012215,8086.230481920519,580415.0,0.013931784240821272,0.0013240437475556055,5,5,Medium-gap
1403900012249,8908.394330652403,572525.0,0.015559807468398646,0.0014775785578472157,5,5,Medium-gap
1403900012253,4455.624943728838,498395.0,0.008939929180267975,0.0008517328891121146,3,4,Medium-gap
1403900012268,8598.771356817915,485570.0,0.017708576823611613,0.0016798472557147132,5,4,Medium-gap
1403900012272,3651.2502637396824,425495.0,0.008581162369892273,0.0008176977442384274,3,4,Medium-gap
1403900012287,8134.552950778549,440730.0,0.018456956626101972,0.0017501937434709622,5,4,Medium-gap
1403900012291,11672.149056294249,480310.0,0.02430123202736196,0.0022977746810252673,5,4,Medium-gap
1403900012304,4998.726756529962,412940.0,0.012105183928285062,0.0011514878913818213,4,4,Medium-gap
1403900012319,7089.822433911656,451275.0,0.015710612649269307,0.001491788160751361,4,4,Medium-gap
1403900012342,6640.260772978698,599330.0,0.011079454880489576,0.0010544524030250617,4,5,Medium-gap
1403900012357,8270.059737279904,593180.0,0.013941882388815394,0.0013249968383145213,5,5,Medium-gap
1403900012361,2977.859384725305,596095.0,0.00499560370263398,0.00047687974424635144,3,5,Medium-gap
1403900012376,8720.279146298557,595625.0,0.01464052802647728,0.0013909138842792533,5,5,Medium-gap
1403900012380,3248.362584433105,597860.0,0.005433307381537021,0.0005185498790865489,3,5,Medium-gap
1403900012395,20679.777909034983,541605.0,0.03818232794510213,0.003585944857689768,5,5,Medium-gap
1403900012408,29262.688589991587,583780.0,0.05012614077880504,0.004680623129848255,5,5,Medium-gap
1403900012427,7840.241778725575,602815.0,0.013006028006432436,0.0012366280003311342,5,5,Medium-gap
1403900012431,4653.284204010787,522045.0,0.008913552070144751,0.0008492309830051419,4,5,Medium-gap
1403900012446,11308.705241641253,550025.0,0.02056031031558736,0.0019476291240515624,5,5,Medium-gap
1403900012501,5494.203911216976,505110.0,0.01087722087069372,0.0010353091485883854,4,4,Medium-gap
1403900012516,3478.8072555130825,575345.0,0.006046461182511189,0.0005768926689454678,3,5,Medium-gap
1403900012520,2296.8541115078506,589655.0,0.003895244195781694,0.00037204343426032227,3,5,Medium-gap
1403900012535,3311.578221905231,422440.0,0.007839149660911775,0.0007472667656054779,3,4,Medium-gap
1403900012554,0.0,503555.0,0.0,0.0,1,4,Low-gap
1403900012569,9732.275853592448,614770.0,0.015830733482211177,0.0015031050246535843,5,5,Medium-gap
1403900012573,85835.81063084179,421540.0,0.203623872009702,0.017736393711329127,5,4,Medium-gap
1403900012588,20019.27481526094,576370.0,0.03473331381221633,0.0032674905197481985,5,5,Medium-gap
1403900012592,40932.80736377612,27085.0,1.5112163982786724,0.08811569973705966,5,1,High-gap
1403900012605,60182.95890571309,518975.0,0.11596482092758256,0.01049993517628503,5,5,Medium-gap
1403900012624,8486.673132813577,571260.0,0.01485603451454515,0.001411237709632068,5,5,Medium-gap
1403900012639,21913.230425205955,505920.0,0.04331354188738154,0.004057767601624364,5,4,Medium-gap
1403900012662,13298.328236934118,511585.0,0.025994316179360103,0.00245582508041325,5,4,Medium-gap
1403900012677,5353.504499057894,517205.0,0.010350816694040466,0.0009854623299800753,4,5,Medium-gap
1403900012681,3239.5007031767113,511515.0,0.0063331366040880665,0.0006041582012111867,3,4,Medium-gap
1403900012696,6102.461579911641,529965.0,0.011514817139045978,0.0010956503367159137,4,5,Medium-gap
1403900012709,4108.98872288358,512325.0,0.008020261948219648,0.000764462514675813,3,4,Medium-gap
1403900012713,6509.599299326463,549285.0,0.011851019868204292,0.0011274527625610546,4,5,Medium-gap
1403900012728,4933.9082435868495,538140.0,0.009168430287948419,0.0008734038043402496,4,5,Medium-gap
1403900012785,9778.852374090415,472405.0,0.020700101976034207,0.001960736515635094,5,4,Medium-gap
1403900012802,13498.891641765327,466560.0,0.02893274757591253,0.0027295112572342586,5,4,Medium-gap
1403900013001,1834.5086094277904,240450.0,0.007629448866620602,0.0007273528132390869,2,2,Medium-gap
1403900013016,7134.132239356115,264740.0,0.02694759119046961,0.0025446991368224575,4,3,Medium-gap
1403900013020,6442.117523205636,316430.0,0.020358680164729866,0.0019287203604287228,4,3,Medium-gap
1403900013088,4573.405452871943,401485.0,0.011391195341486237,0.0010839539216181708,4,4,Medium-gap
1403900013143,0.0,0.0,0.0,0.0,1,1,Medium-gap
1403900013177,16432.64796124025,336185.0,0.048879631993123604,0.004566961158282248,5,3,Medium-gap
1403900013209,6489.1450973674455,323855.0,0.020037131000714657,0.0018985579261790143,4,3,Medium-gap
1403900013317,4084.1212685272585,270685.0,0.01508804027000753,0.0014331127120905988,3,3,Medium-gap
1403900013321,4631.500597650677,578785.0,0.008002095070804542,0.0007627377956078749,4,5,Medium-gap
1403900013336,7557.741724916117,493940.0,0.015300899753039568,0.0014531780828411906,5,4,Medium-gap
1403900013340,7458.311554764533,474890.0,0.01570531249226566,0.0014912887897662551,5,4,Medium-gap
1403900013374,12113.744344754825,393540.0,0.030781403576132665,0.0029012952495289057,5,4,Medium-gap
1403900013406,6365.747582191629,354120.0,0.01797619339771329,0.0017050087196127546,4,3,Medium-gap
1403900013482,7208.811167302487,107455.0,0.06708616705723726,0.0062138443578215775,4,1,High-gap
1403900013514,5646.145013506225,443845.0,0.012720955046358928,0.0012096935238798338,4,4,Medium-gap
1403900013529,6790.792248686154,555775.0,0.01221857771599737,0.001162209074478417,4,5,Medium-gap
1403900013533,2296.928568139592,519170.0,0.0044242235566693665,0.0004224560651427961,3,5,Medium-gap
1403900013548,3300.979606526126,483535.0,0.00682675045193352,0.0006510873306991812,3,4,Medium-gap
1403900013552,4915.343007198215,475225.0,0.010343169370358975,0.0009847379901836303,4,4,Medium-gap
1403900013567,4494.2414336059,491380.0,0.0091461440991937,0.0008712904108211045,3,4,Medium-gap
1403900013586,7804.720090799434,300600.0,0.025963719650964015,0.0024529711912607156,5,3,Medium-gap
1403900013590,4187.805719301814,184825.0,0.02265809853214274,0.0021441372095372044,3,2,Medium-gap
1403900013603,5468.120941031048,310490.0,0.01761120593199496,0.0016706907469303633,4,3,Medium-gap
1403900013618,4484.037672116239,344180.0,0.013028138311284583,0.0012387167259272631,3,3,Medium-gap
1403900013637,1191.339692046199,559990.0,0.002127426498008359,0.00020337447079429042,2,5,Low-gap
1403900013641,7595.8714598275565,561735.0,0.01352213755185275,0.0012853721703279858,5,5,Medium-gap
1403900013656,2917.004964818117,555325.0,0.00525277938511454,0.000501365505182503,3,5,Medium-gap
1403900013660,9223.936919484993,236850.0,0.03894404887243454,0.003656133430103397,5,2,High-gap
1403900013694,9722.703476019728,430530.0,0.022583050874431174,0.00213711415495883,5,4,Medium-gap
1403900013707,5296.077343119746,498355.0,0.010627096579793854,0.0010116273533077472,4,4,Medium-gap
1403900013711,7762.888395064623,488455.0,0.0158927076237463,0.0015089432298014452,5,4,Medium-gap
1403900013726,16742.51155228642,404465.0,0.041394113602345864,0.003881545541145914,5,4,Medium-gap
1403900013730,30123.400343704336,548470.0,0.0549225033660929,0.005116721079951014,5,5,Medium-gap
1403900013745,9630.094567032827,342450.0,0.02812108759218933,0.0026539912673955576,5,3,Medium-gap
1403900013764,4160.049411787123,246790.0,0.016856568561200058,0.001599696862997991,3,2,Medium-gap
1403900013783,9210.830669549588,469130.0,0.019633813731238372,0.0018607119128801976,5,4,Medium-gap
1403900013798,7245.932996624143,367495.0,0.01971703908783808,0.001868522742044026,4,3,Medium-gap
1403900013800,10042.437896979678,421240.0,0.0238401245296153,0.002254684761062203,5,4,Medium-gap
1403900013815,11317.418439992975,388950.0,0.029097285879180087,0.0027448132760008338,5,4,Medium-gap
1403900013834,2805.202640337416,471480.0,0.005949768156802536,0.0005676944993825524,3,4,Medium-gap
1403900013849,2524.5396898306094,576840.0,0.004376491424553056,0.00041790820183499667,3,5,Medium-gap
1403900013853,2766.8266569642224,583285.0,0.004743516314405322,0.0004528723592087155,3,5,Medium-gap
1403900013868,6313.084797894641,405165.0,0.01558147721648569,0.0014796205174787765,4,4,Medium-gap
1403900013872,8265.824939523136,390660.0,0.021158561872117093,0.002003710844679432,5,4,Medium-gap
1403900013891,5096.347483476621,2710.0,1.8798773454358617,0.10122447175658407,4,1,High-gap
1403900013904,5122.2571549649565,2710.0,1.889434583166712,0.10154153229207605,4,1,High-gap
1403900013919,6105.1324071656445,2710.0,2.251985395487143,0.1128535160803899,4,1,High-gap
1403900013923,11579.108371733088,2715.0,4.263294687677868,0.15893134934332565,5,1,High-gap
1403900013938,4270.751756630804,321180.0,0.013297024906924146,0.0012641143704681694,3,3,Medium-gap
1403900013942,5410.335908378677,304555.0,0.017764666952477304,0.0016851214298304593,4,3,Medium-gap
1403900013957,4877.552037808204,561050.0,0.008693598332073562,0.0008283655133990662,4,5,Medium-gap
1403900013961,2776.024636164422,550990.0,0.005038239528711762,0.00048093954514462556,3,5,Medium-gap
1403900013976,30301.82858501346,590125.0,0.05134806564193657,0.004791912557758807,5,5,Medium-gap
1403900013980,16960.318744364737,558745.0,0.0303542553223911,0.002861630429545498,5,5,Medium-gap
1403900013995,5631.400281137891,493750.0,0.011405344558568776,0.0010852927152279486,4,4,Medium-gap
1403900014014,6851.552436798645,438580.0,0.015622091328166622,0.0014834475039854965,4,4,Medium-gap
1403900014029,6023.881755981313,392970.0,0.015329074552527574,0.0014558336877608475,4,4,Medium-gap
1403900014033,28344.50305788963,529355.0,0.053545256987527545,0.004991701464382397,5,5,Medium-gap
1403900014048,13077.124532887605,475930.0,0.027476933700237228,0.0025940142477105426,5,4,Medium-gap
1403900014052,4658.190080451051,509045.0,0.009150823462812891,0.0008717341575346249,4,4,Medium-gap
1403900014067,4730.51125357509,367570.0,0.012869653083554172,0.001223743868775918,4,3,Medium-gap
1403900014071,5500.028205896685,539280.0,0.010198816954234777,0.0009710641782702497,4,5,Medium-gap
1403900014086,5428.241417294268,552640.0,0.009822364640506709,0.0009353954623113598,4,5,Medium-gap
1403900014090,6948.63051498641,527625.0,0.013169613542521427,0.001252080588689456,4,5,Medium-gap
1403900014103,8987.749181154328,520200.0,0.017277454639945573,0.0016392989821920486,5,5,Medium-gap
1403900014118,4394.585946305861,541475.0,0.00811593855739841,0.0007735453058883673,3,5,Medium-gap
1403900014122,5023.309465373362,496250.0,0.010122517567467596,0.0009638359140255049,4,4,Medium-gap
1403900014141,3918.3996837431646,486890.0,0.008047796496018954,0.0007670765182833759,3,4,Medium-gap
1403900014156,3401.640056101134,252840.0,0.013453672687978351,0.0012789074073546968,3,2,Medium-gap
1403900014160,5521.703177172386,229115.0,0.024100033071336728,0.0022789752756816398,4,2,High-gap
1403900014175,8560.89935572757,394720.0,0.021688482132259417,0.0020533595703838762,5,4,Medium-gap
1403900014194,5476.67078417763,344845.0,0.01588149720216453,0.0015078871908775341,4,3,Medium-gap
1403900014207,6959.709377634384,358210.0,0.01942907777157704,0.0018414944110119761,4,3,Medium-gap
1403900014211,8178.468166960307,382125.0,0.021402543053757942,0.002026572869809632,5,3,Medium-gap
1403900014226,7628.236783904816,439375.0,0.01736152357867707,0.0016472072547382465,5,4,Medium-gap
1403900014230,6436.179950183419,387225.0,0.016621249477523255,0.0015775480154285669,4,4,Medium-gap
1403900014245,6648.192823656124,383140.0,0.017351817799859906,0.0016462942761749837,4,3,Medium-gap
1403900014264,4312.537590936963,346340.0,0.01245170970499295,0.0011842475213217683,3,3,Medium-gap
1403900014279,5588.006424150156,356675.0,0.01566689775636756,0.0014876693465464815,4,3,Medium-gap
1403900014283,6353.003784174701,323420.0,0.01964313938852054,0.0018615871720372333,4,3,Medium-gap
1403900014298,9907.59487026146,256515.0,0.03862369158361061,0.003626620465092047,5,2,High-gap
1403900014300,7468.333811482915,163830.0,0.04558559620269006,0.004265945602144927,5,2,High-gap
1403900014349,2902.017725237776,496265.0,0.005847706119778055,0.0005579846297965266,3,4,Medium-gap
1403900014353,6180.837866091179,458580.0,0.013478181316040524,0.0012812216733621338,4,4,Medium-gap
1403900014368,3986.6650244316484,411360.0,0.00969140250152943,0.0009229837310046543,3,4,Medium-gap
1403900014387,8017.847387055042,56450.0,0.14203198148934548,0.012709583310203838,5,1,High-gap
1403900014391,7388.67673445431,243510.0,0.030342270921865172,0.002860517325659163,5,2,High-gap
1403900014404,7305.771424426818,328905.0,0.02221233855395407,0.0021024148648061177,5,3,Medium-gap
1403900014423,1106.4179921119382,294940.0,0.003751319728731978,0.00035832259129350066,2,3,Medium-gap
1403900014438,7233.720186761209,289580.0,0.024979954440247146,0.0023611651663395243,4,3,Medium-gap
1403900014442,5710.041235343401,328550.0,0.017379466917901334,0.001648895080287175,4,3,Medium-gap
1403900014457,692.7325017371923,0.0,692.7325017371923,0.6260654041060275,2,1,Medium-gap
1403900014461,1021.825614972767,610365.0,0.0016741194872793815,0.00016007613951429206,2,5,Low-gap
1403900014476,11174.10547801322,279985.0,0.039909515040084935,0.003745022142563939,5,3,Medium-gap
1403900014480,8983.474476768606,251110.0,0.03577491418842108,0.0033637752963523665,5,2,High-gap
1403900014495,5808.694775776141,364210.0,0.01594870768806033,0.0015142183473364317,4,3,Medium-gap
1403900014508,1942.5765085231783,373300.0,0.005203780618115618,0.0004967008034341848,3,3,Medium-gap
1403900014512,8750.718491952803,349950.0,0.025005553611656496,0.002363555224891814,5,3,Medium-gap
1403900014527,3360.2719879963806,461240.0,0.007285284673297431,0.0006946607417971664,3,4,Medium-gap
1403900014531,1117.7980199028211,376165.0,0.0029715551642169177,0.00028395057787946524,2,3,Medium-gap
1403900014546,10456.479363934068,602950.0,0.01734217102871389,0.0016453868395647328,5,5,Medium-gap
1403900014550,7457.9140850300055,594310.0,0.012548840733269291,0.0011934280198268555,5,5,Medium-gap
1403900014565,25436.388238668853,579705.0,0.04387808344000037,0.004109536273519137,5,5,Medium-gap
1403900014584,5979.756929819125,553700.0,0.010799613744275564,0.0010279619244051592,4,5,Medium-gap
1403900014599,702.5382481721042,543230.0,0.001293258757641048,0.00012368247835714964,2,5,Low-gap
1403900014601,7294.6805005320975,438470.0,0.016636631614250653,0.0015789959789676334,5,4,Medium-gap
1403900014616,6443.417162637724,330610.0,0.019489421594071958,0.0018471589735271378,4,3,Medium-gap
1403900014620,3132.489345869454,308880.0,0.010141411565843979,0.0009656258981821524,3,3,Medium-gap
1403900014635,3367.6380294572295,353665.0,0.009522085893066422,0.000906934628677394,3,3,Medium-gap
1403900014654,8717.565017535246,470820.0,0.018515667350299254,0.0017557102694573164,5,4,Medium-gap
1403900014669,2562.604277410747,474295.0,0.005402964135077561,0.0005156617356561397,3,4,Medium-gap
1403900014673,10367.140148045353,421200.0,0.024613284745395557,0.002326924613742128,5,4,Medium-gap
1403900014705,2615.0367225346567,544395.0,0.004803556092503723,0.00045859075640561104,3,5,Medium-gap
1403900014724,7158.485428798053,540695.0,0.013239390394598913,0.001258671078448166,4,5,Medium-gap
1403900014743,6312.855312143737,410255.0,0.01538760021095057,0.001461349765733597,4,4,Medium-gap
1403900014762,763.7998328515056,534420.0,0.0014292099914702183,0.0001366750705417101,2,5,Low-gap
1403900014777,1314.6748570167488,564385.0,0.002329389561429144,0.00022265898352407502,2,5,Low-gap
1403900014781,4833.662396033456,363620.0,0.013293133223970717,0.001263746830184739,4,3,Medium-gap
1403900014796,4683.123926162902,310155.0,0.015099253040930698,0.0014341697979600146,4,3,Medium-gap
1403900014809,4610.2795527192175,433290.0,0.01064014612054997,0.001012863030166453,4,4,Medium-gap
1403900014813,3670.3512889201634,527075.0,0.006963609211802783,0.0006640947687625689,3,5,Medium-gap
1403900014828,6626.232756039229,367380.0,0.018036405682491007,0.0017106690016181038,4,3,Medium-gap
1403900014832,4007.471810035054,382260.0,0.010483601021383437,0.000998038532189167,3,3,Medium-gap
1403900014847,6957.76584371158,465700.0,0.014940414222240407,0.0014191941525538002,4,4,Medium-gap
1403900014851,6190.061929196839,537495.0,0.011516479990914982,0.0010958076568777302,4,5,Medium-gap
1403900014866,5668.275627602411,563620.0,0.010056892180387904,0.0009576184202247703,4,5,Medium-gap
1403900014870,1906.9129983006824,571380.0,0.0033373755835435243,0.0003188488210730306,2,5,Low-gap
1403900014885,3643.338961822449,500500.0,0.00727938398089604,0.0006941001390962316,3,4,Medium-gap
1403900014902,0.0,616610.0,0.0,0.0,1,5,Low-gap
1403900014917,0.0,630625.0,0.0,0.0,1,5,Low-gap
1403900014921,4435.695841623584,325175.0,0.013640907821067926,0.0012965859620085115,3,3,Medium-gap
1403900014936,10261.502422328223,328385.0,0.031248294453259953,0.0029446317564525383,5,3,Medium-gap
1403900014940,1062.3859351176395,490240.0,0.0021670687174627163,0.00020716002832603346,2,4,Low-gap
1403900014955,3037.5084543146054,410760.0,0.007394831676606604,0.0007050677962055563,3,4,Medium-gap
1403900014974,1690.9209923463202,335385.0,0.005041716089360678,0.00048127057708548596,2,3,Medium-gap
1403900014989,3299.5318650498325,452910.0,0.007285166103384181,0.000694649476945804,3,4,Medium-gap
1403900014993,3391.3823796912216,411760.0,0.008236288477274976,0.0007849691647745861,3,4,Medium-gap
1403900015008,9522.260103097298,340255.0,0.02798557586963139,0.002641376924013026,5,3,Medium-gap
1403900015012,11156.56228063421,380800.0,0.029297618127668287,0.0027634408197436144,5,3,Medium-gap
1403900015027,3663.390110091323,405515.0,0.009033897824232147,0.0008606454160179012,3,4,Medium-gap
1403900015031,2819.662142787626,419360.0,0.006723710938279015,0.0006412930013053114,3,4,Medium-gap
1403900015046,6359.648375003412,296860.0,0.021422983736507698,0.0020284879966582896,4,3,Medium-gap
1403900015050,4856.666520939503,259175.0,0.018738874436442815,0.001776680157323876,4,3,Medium-gap
1403900015065,8425.418429765661,308195.0,0.02733785782348136,0.002581059989573673,5,3,Medium-gap
1403900015084,5882.964963914665,244055.0,0.024104979856732326,0.00227943753222593,4,2,High-gap
1403900015099,3966.280344845824,269380.0,0.01472368260881734,0.0013987564761143133,3,3,Medium-gap
1403900015101,8037.281392453716,209420.0,0.03837858377361256,0.0036040337225038952,5,2,High-gap
1403900015116,6170.632986303633,258205.0,0.023898100688224257,0.0022601036271937816,4,3,Medium-gap
1403900015120,4191.804678917139,337380.0,0.012424542813368682,0.0011816796403668634,3,3,Medium-gap
1403900015135,4555.749023729402,330640.0,0.013778536308955642,0.0013095786244337237,4,3,Medium-gap
1403900015154,3346.2046128921033,279605.0,0.011967570842156832,0.0011384752027168822,3,3,Medium-gap
1403900015169,3126.5661609999015,278530.0,0.0112251999274763,0.0010682460989169926,3,3,Medium-gap
1403900015173,4505.520378937256,264610.0,0.017026957983369007,0.0016157311619094876,3,3,Medium-gap
1403900015188,5276.958199600634,246730.0,0.02138749569207207,0.002025163029084265,4,2,High-gap
1403900015192,5016.846057892783,242795.0,0.02066280357951854,0.001957239453362206,4,2,High-gap
1403900015205,4612.169720856036,294555.0,0.015658040307636022,0.0014868347767370647,4,3,Medium-gap
1403900015224,4882.443049108622,332720.0,0.014674285810359497,0.0013940977733335484,4,3,Medium-gap
1403900015243,4862.642407231594,302920.0,0.01605251008425165,0.0015239956000037093,4,3,Medium-gap
1403900015258,5665.452058028029,304545.0,0.018602943588252773,0.0017639102557153656,4,3,Medium-gap
1403900015262,6132.009997610569,386735.0,0.015855803435962955,0.0015054667546909775,4,4,Medium-gap
1403900015277,8182.343655953755,387270.0,0.021128211655284685,0.002000866524407797,5,4,Medium-gap
1403900015281,4639.37853417954,414400.0,0.011195384504814275,0.0010654244503855552,4,4,Medium-gap
1403900015296,3563.8088255517414,395570.0,0.009009277286635626,0.0008583103428081791,3,4,Medium-gap
1403900015309,1564.452160935025,579965.0,0.002697489440648288,0.00025779713444572445,2,5,Low-gap
1403900015313,6139.536959988937,491365.0,0.012494834726026907,0.00118832366214873,4,4,Medium-gap
1403900015328,1444.6944703716852,504760.0,0.002862135684753151,0.0002735097930345952,2,4,Low-gap
1403900015332,3417.1304174612555,543100.0,0.006291887544786799,0.0006002355056530692,3,5,Medium-gap
1403900015347,25909.29544475298,583635.0,0.044392901474125966,0.004156720879137785,5,5,Medium-gap
1403900015351,7012.500451320501,591970.0,0.011846020246465623,0.0011269799107308635,4,5,Medium-gap
1403900015366,7076.892536471417,565005.0,0.01252534050341309,0.0011912069378061361,4,5,Medium-gap
1403900015370,3855.0613363895036,496650.0,0.007762113307714076,0.0007399515940251282,3,4,Medium-gap
1403900015385,10209.631240717834,363680.0,0.028073039946320634,0.002649518859323784,5,3,Medium-gap
1403900015402,6026.659421947975,410010.0,0.014698774964447233,0.0013964074187772769,4,4,Medium-gap
1403900015417,6575.175412865477,403345.0,0.016301575850176962,0.0015474512832525243,4,4,Medium-gap
1403900015421,5773.895901825227,434680.0,0.013283064826447963,0.0012627959389598597,4,4,Medium-gap
1403900015436,6278.212195328476,417335.0,0.015043543320797813,0.0014289176395847563,4,4,Medium-gap
1403900015440,6599.975275085138,430845.0,0.015318641173609916,0.0014548503022243533,4,4,Medium-gap
1403900015474,4323.2323474520335,358660.0,0.012053812227847559,0.001146630392139175,3,3,Medium-gap
1403900015489,15475.012919013294,0.0,15475.012919013294,0.9232042637552241,5,1,High-gap
1403900015493,4980.4806493676815,388115.0,0.012832453826607719,0.0012202291376432921,4,4,Medium-gap
1403900015506,7416.354602637517,361705.0,0.02050381968404593,0.0019423318407145258,5,3,Medium-gap
1403900015510,6416.44660005824,316135.0,0.020296475567661513,0.001922886093652109,4,3,Medium-gap
1403900015525,6983.642429280119,0.0,6983.642429280119,0.8470689916870331,4,1,High-gap
1403900015544,4865.601477958638,0.0,4865.601477958638,0.812491540959381,4,1,High-gap
1403900015559,5764.109631098723,389760.0,0.014788831183978703,0.0014049004111030198,4,4,Medium-gap
1403900015563,4535.313715895258,119395.0,0.03798547452088225,0.003567797477143677,4,1,High-gap
1403900015578,8012.924795207293,348150.0,0.023015659283492775,0.0021775911203449493,5,3,Medium-gap
1403900015582,0.0,0.0,0.0,0.0,1,1,Medium-gap
1403900015597,3003.1546363487664,79790.0,0.037637761606556706,0.0035357343612891965,3,1,Medium-gap
1403900015614,2646.697989399766,2225.0,1.1889928074572174,0.07497388549559358,3,1,Medium-gap
1403900015629,5533.19422310274,325825.0,0.016982052454692812,0.001611505639936402,4,3,Medium-gap
1403900015633,326.5180709431562,355665.0,0.0009180469062073862,8.781506429851736e-05,2,3,Medium-gap
1403900015648,588.1800205202841,482555.0,0.0012188844828792597,0.00011657392858112165,2,4,Low-gap
1403900015652,7701.0327307965445,611070.0,0.012602517106517155,0.0011985009525157287,5,5,Medium-gap
1403900015667,1086.6795849000648,286525.0,0.0037926037598684406,0.0003622585493704493,2,3,Medium-gap
1403900015671,5142.720190122817,297710.0,0.017274202801115232,0.0016389930721634265,4,3,Medium-gap
1404400010064,321.3277977067964,0.0,321.3277977067964,0.5527111255179824,2,1,Medium-gap
1404400010079,444.3766914512961,0.0,444.3766914512961,0.5836552470350257,2,1,Medium-gap
1404400010083,657.7744688627564,0.0,657.7744688627564,0.6211173135751838,2,1,Medium-gap
1404400010098,6525.801075508173,0.0,6525.801075508173,0.8405809595013997,4,1,High-gap
1404400010100,2869.847768876134,0.0,2869.847768876134,0.7619831742383566,3,1,Medium-gap
1404400010280,2117.7216633619523,0.0,2117.7216633619523,0.7329106142979952,3,1,Medium-gap
1404400010295,1176.4879806138408,0.0,1176.4879806138408,0.6766947052418895,2,1,Medium-gap
1404400010308,15.902551202262096,0.0,15.902551202262096,0.2705830569239314,1,1,Medium-gap
1404400010312,51.9065415017788,0.0,51.9065415017788,0.37978059066543757,1,1,Medium-gap
1404400010327,74.82338515329428,0.0,74.82338515329428,0.41422040950547395,1,1,Medium-gap
1404400010331,48.98357092561204,0.0,48.98357092561204,0.3743418155909624,1,1,Medium-gap
1404400010365,0.0,0.0,0.0,0.0,1,1,Medium-gap
1404400020115,2441.6984053399233,0.0,2441.6984053399233,0.7465275401030074,3,1,Medium-gap
1404400020134,971.1610396986714,0.0,971.1610396986714,0.6583573034369733,2,1,Medium-gap
1404400020149,2.6460222546546457,0.0,2.6460222546546457,0.1237986138937174,1,1,Medium-gap
1404400020153,19.722613924330854,0.0,19.722613924330854,0.290082602015905,1,1,Medium-gap
1404400020168,14.933053339901319,0.0,14.933053339901319,0.2649302843603469,1,1,Medium-gap
1404400020172,71.48156039795998,0.0,71.48156039795998,0.4099068580530813,1,1,Medium-gap
1404400020187,416.74848336687614,0.0,416.74848336687614,0.5775266544611114,2,1,Medium-gap
1404400020346,42.63182932564218,0.0,42.63182932564218,0.3613357269645557,1,1,Medium-gap
1404400020350,78.32484191520707,0.0,78.32484191520707,0.4185406619428161,1,1,Medium-gap
1404400050257,293.16688323778305,0.0,293.16688323778305,0.5439622310201664,2,1,Medium-gap
1404400050261,2646.665929964809,0.0,2646.665929964809,0.7542384297704701,3,1,Medium-gap
1404400050276,153.35710198399963,0.0,153.35710198399963,0.48224857037588964,2,1,Medium-gap
1404400100223,6988.133116694904,0.0,6988.133116694904,0.8471304998138203,4,1,High-gap
1404400100238,6822.146655801024,0.0,6822.146655801024,0.8448303208394012,4,1,High-gap
1404400100242,6854.683738813969,0.0,6854.683738813969,0.845285585450497,4,1,High-gap
1404400540401,10081.779616355618,0.0,10081.779616355618,0.8822012259654399,5,1,High-gap
1404400540416,8128.457674851402,0.0,8128.457674851402,0.8615940927206472,5,1,High-gap
1404400540420,8210.794117236957,0.0,8210.794117236957,0.8625584631263641,5,1,High-gap
1404400540435,5195.8117195009245,0.0,5195.8117195009245,0.8187740713279937,4,1,High-gap
1404401700219,1654.7987990406134,0.0,1654.7987990406134,0.709318216153678,2,1,Medium-gap
1404401700384,1643.9409432507273,0.0,1643.9409432507273,0.7086886117216988,2,1,Medium-gap
1404401700399,2138.750246519211,0.0,2138.750246519211,0.7338557478449785,3,1,Medium-gap
1405100010054,5397.199361902458,8075.0,0.668301060166228,0.048978853293395394,4,1,High-gap
1405100010069,6717.931393956979,8075.0,0.8318389541799133,0.0579280228411983,4,1,High-gap
1405100010073,635.0539765929641,0.0,635.0539765929641,0.6177585185031678,2,1,Medium-gap
1405100010088,4.275519289006823,0.0,4.275519289006823,0.1591533614121649,1,1,Medium-gap
1405100010092,177.1119691898545,0.0,177.1119691898545,0.4959471474082228,2,1,Medium-gap
1405100010105,114.53173604295675,8075.0,0.01418174047089608,0.001347632508543689,1,1,Medium-gap
1405100010124,3.7092234895694016,0.0,3.7092234895694016,0.1482864481672227,1,1,Medium-gap
1405100010139,800.0805075924155,0.0,800.0805075924155,0.6398339726437848,2,1,Medium-gap
1405100010143,116.83255258151866,0.0,116.83255258151866,0.45640967560355183,1,1,Medium-gap
1405100010158,48.40655278719081,0.0,48.40655278719081,0.37323063528246203,1,1,Medium-gap
1405100010162,191.4593077631122,0.0,191.4593077631122,0.5033611060398532,2,1,Medium-gap
1405100010177,1.386631272396141,0.0,1.386631272396141,0.08324615861777114,1,1,Medium-gap
1405100020181,4742.284514716466,0.0,4742.284514716466,0.8100353515813496,4,1,High-gap
1405100020196,7335.977845365294,0.0,7335.977845365294,0.8517786045492992,5,1,High-gap
1405100020209,5814.606247643666,0.0,5814.606247643666,0.8295400844876962,4,1,High-gap
1405100020213,8339.341877929539,0.0,8339.341877929539,0.8640449210638266,5,1,High-gap
1407000010030,3972.4885585455368,7915.0,0.5018302878405175,0.03891894936889427,3,1,Medium-gap
1407000010045,8227.097609691235,7775.0,1.0580115238800456,0.06906918719428368,5,1,High-gap
1407000010098,2070.894320682145,7775.0,0.266318714079494,0.022595670930301515,3,1,Medium-gap
1407000010100,5072.958932622737,10525.0,0.481945556965869,0.03764341144247727,4,1,High-gap
1407000010115,7782.758146758154,9015.0,0.8632162984425636,0.059553343696812415,5,1,High-gap
1407000010134,4271.614146431442,7385.0,0.5783393103752291,0.043674061784328935,3,1,Medium-gap
1407000010384,1156.2086826703476,14415.0,0.08020315501320391,0.007383027057252981,2,1,Medium-gap
1407000010399,1562.0052950574534,0.0,1562.0052950574534,0.7037990075634013,2,1,Medium-gap
1407000010539,113.14316608244432,8915.0,0.012689901983226146,0.0012067590872465765,1,1,Medium-gap
1407000010581,115.12384914812709,7775.0,0.014805021752588361,0.0014064272259891714,1,1,Medium-gap
1407000010685,944.9649186911129,0.0,944.9649186911129,0.6557432149067098,2,1,Medium-gap
1407000010702,4873.268902802615,14415.0,0.3380458450889716,0.027868272426205334,4,1,High-gap
1407000010717,897.710153229773,7775.0,0.11544626456144201,0.010455456708820835,2,1,Medium-gap
1407000010914,205.11471041105472,8915.0,0.023005238942469124,0.002176616343307688,2,1,Medium-gap
1407000010929,31.715865313452472,7775.0,0.0040786863829028385,0.00038952879408425044,1,1,Medium-gap
1407000011043,36.476057063460665,14415.0,0.0025302481314831205,0.00024183417981849849,1,1,Medium-gap
1407000011058,1732.8775930663037,7775.0,0.22284948470502877,0.019252910328682857,2,1,Medium-gap
1407000011062,3.909800678671556,14415.0,0.0002712125886980824,2.595101717035721e-05,1,1,Medium-gap
1407000011217,62.73309374627272,0.0,62.73309374627272,0.39759737694687186,1,1,Medium-gap
1407000011240,216.8440199925378,0.0,216.8440199925378,0.5152175829899288,2,1,Medium-gap
1407000011274,36.23413460080953,8915.0,0.004063945110005555,0.00038812380207838796,1,1,Medium-gap
1407000011289,5.761892793445066,6790.0,0.0008484601374532567,8.116161770249071e-05,1,1,Medium-gap
1407000011503,5759.763191520811,8915.0,0.646003049744371,0.047691156143407035,4,1,High-gap
1407000130083,6053.311700782748,104070.0,0.058165211257533295,0.005410434687388595,4,1,High-gap
1407000130238,28994.395239311292,0.0,28994.395239311292,0.9832879256733864,5,1,High-gap
1407000130327,5286.34750305751,161160.0,0.03280165488584403,0.0030886725617525665,4,2,High-gap
1407000130350,6457.2516760998615,0.0,6457.2516760998615,0.8395705500653452,4,1,High-gap
1407000130365,4949.5863579669585,0.0,4949.5863579669585,0.8141289531659491,4,1,High-gap
1407000130401,5177.853184945663,0.0,5177.853184945663,0.818442796212374,4,1,High-gap
1407000130416,5781.783117814164,113115.0,0.05111375152776056,0.00477058192409273,4,1,High-gap
1407000130420,4437.527903006407,0.0,4437.527903006407,0.8036803201625685,3,1,Medium-gap
1407000130435,3987.4835434152537,0.0,3987.4835434152537,0.7934490734775321,3,1,Medium-gap
1407000130596,638.9006141563345,0.0,638.9006141563345,0.6183355251130973,2,1,Medium-gap
1407000131429,6059.781402140233,173270.0,0.03497285409641678,0.003289642027479218,4,2,High-gap
1407000131433,3212.1989556952517,195955.0,0.01639245011990065,0.0015560079052432787,3,2,Medium-gap
1407000131448,11909.03804984871,110425.0,0.10784632287548865,0.009801199141368481,5,1,High-gap
1407000131452,4861.319821271307,0.0,4861.319821271307,0.812407308282515,4,1,High-gap
1407000131471,4088.9310656220237,224790.0,0.018189923376033843,0.001725098984373961,3,2,Medium-gap
1407000131486,5894.599734346671,126710.0,0.04652003168112216,0.004351432422399902,4,1,High-gap
1407000140219,2910.276520740088,130565.0,0.022289696557603725,0.0021096567415623733,3,2,Medium-gap
1407000140223,4673.996172876983,112500.0,0.04154626334767676,0.0038955262056798493,4,1,High-gap
1407000140276,8801.665120175656,117480.0,0.07491990296452751,0.006913821065201789,5,1,High-gap
1407000140280,2332.900636313452,61650.0,0.03784043464523612,0.003554424444205901,3,1,Medium-gap
1407000140346,3232.721695300585,0.0,3232.721695300585,0.7733737703851663,3,1,Medium-gap
1407000140454,374.5093855787567,53170.0,0.00704348960107496,0.0006716860066106526,2,1,Medium-gap
1407000140469,2728.6735364502006,132220.0,0.020637217510457495,0.001954840453898789,3,2,Medium-gap
1407000140473,434.3637368823518,2090.0,0.20773014676343943,0.018062321111625427,2,1,Medium-gap
1407000140488,3725.873595474238,0.0,3725.873595474238,0.7869567796469757,3,1,Medium-gap
1407000140543,1697.8845855285579,0.0,1697.8845855285579,0.7117765439498995,2,1,Medium-gap
1407000140558,0.0,0.0,0.0,0.0,1,1,Medium-gap
1407000140609,2655.745947328552,2030.0,1.3076050946964806,0.08002375097702417,3,1,Medium-gap
1407000140774,1668.2102239976955,0.0,1668.2102239976955,0.7100902171733885,2,1,Medium-gap
1407000140810,4799.895376122546,0.0,4799.895376122546,0.811190677324086,4,1,High-gap
1407000140825,5752.329114880507,2090.0,2.7509943160595443,0.12651492627856234,4,1,High-gap
1407000140844,6315.984260233833,65170.0,0.09691403017037997,0.0088521540595411,4,1,High-gap
1407000140859,8126.350225739403,58750.0,0.13831850054874645,0.012397900102686408,5,1,High-gap
1407000140948,4.198757301581186,0.0,4.198757301581186,0.15775066601844215,1,1,Medium-gap
1407000141077,2.6980760259370293,0.0,2.6980760259370293,0.12515522202332063,1,1,Medium-gap
1407000200079,6744.600045206358,10755.0,0.6270546713654107,0.046583113029248384,4,1,High-gap
1407000200191,6670.393988624636,13745.0,0.4852607295667566,0.03785725295016131,4,1,High-gap
1407000200204,2516.866994857908,0.0,2516.866994857908,0.749428033550566,3,1,Medium-gap
1407000200242,12325.007049195361,10755.0,1.1458727267753217,0.07306995240372521,5,1,High-gap
1407000200257,57507.32661807264,11680.0,4.923150981771479,0.1702343860138982,5,1,High-gap
1407000200261,1916.4893259602131,14240.0,0.13457547405099454,0.0120827063942771,2,1,Medium-gap
1407000200613,449.33965384854804,0.0,449.33965384854804,0.5847157413695355,2,1,Medium-gap
1407000200789,14540.904941248791,8375.0,1.7360201696810877,0.09632058087014607,5,1,High-gap
1407000200793,49.737601200242686,0.0,49.737601200242686,0.3757746946931833,1,1,Medium-gap
1407000200933,347.0479347255055,8240.0,0.04211235708354635,0.003947525232513739,2,1,Medium-gap
1407000201221,0.0,0.0,0.0,0.0,1,1,Medium-gap
1407000201236,5769.115954592296,0.0,5769.115954592296,0.8287885805188473,4,1,High-gap
1407000201255,2027.4458410746186,0.0,2027.4458410746186,0.7287436295598398,3,1,Medium-gap
1407000201382,4937.913785384582,21245.0,0.2324161623545412,0.019998668935164804,4,1,High-gap
1407000201397,16644.690525540565,10375.0,1.6041529033867161,0.09159338726397116,5,1,High-gap
1407000210721,783.878194977267,0.0,783.878194977267,0.6378785814016477,2,1,Medium-gap
1407000210736,5743.502837651449,52110.0,0.11021670736795397,0.010005739259482444,4,1,High-gap
1407000210740,427.5871706955502,0.0,427.5871706955502,0.5799779248474255,2,1,Medium-gap
1407000210755,598.952212537255,0.0,598.952212537255,0.6121665495672564,2,1,Medium-gap
1407000210967,2690.7475768499444,0.0,2690.7475768499444,0.7558186133557189,3,1,Medium-gap
1407000211005,7489.046654701627,41795.0,0.17918094206865792,0.015772972623498825,5,1,High-gap
1407000211096,3170.6660777890966,0.0,3170.6660777890966,0.7715194589089979,3,1,Medium-gap
1407000211109,2412.4638765522877,0.0,2412.4638765522877,0.7453753037413845,3,1,Medium-gap
1407000211113,3719.6832485831387,0.0,3719.6832485831387,0.7867976926503856,3,1,Medium-gap
1407000211128,3834.738019498594,71240.0,0.05382768377056181,0.005017352086671046,3,1,Medium-gap
1407000211151,2688.0873989013244,0.0,2688.0873989013244,0.7557239908434396,3,1,Medium-gap
1407000211185,1892.7704031004193,79390.0,0.02384112056908742,0.0022547778606203826,2,1,Medium-gap
1407000430295,17036.467961047925,0.0,17036.467961047925,0.9324031163120964,5,1,High-gap
1407000430308,9070.682337613422,25380.0,0.35738080996073524,0.029241228810081458,5,1,High-gap
1407000430492,2526.6049296546034,0.0,2526.6049296546034,0.7497974353704675,3,1,Medium-gap
1407000430505,1023.0278550529232,0.0,1023.0278550529232,0.6633314563489772,2,1,Medium-gap
1407000430628,15.519046375086521,0.0,15.519046375086521,0.2683867344046272,1,1,Medium-gap
1407000430632,12.051701130624389,22455.0,0.0005366806702273063,5.134555684993598e-05,1,1,Medium-gap
1407000430647,108.19290400236694,12265.0,0.008820553073729573,0.0008404093751042459,1,1,Medium-gap
1407000430651,403.8983390625657,0.0,403.8983390625657,0.5745367085660082,2,1,Medium-gap
1407000430666,3.2609536039012275,0.0,3.2609536039012275,0.13871376051294393,1,1,Medium-gap
1407000430806,1104.683965590689,19360.0,0.05705717502147043,0.005310173835126149,2,1,Medium-gap
1407000430897,5570.556605070256,20690.0,0.2692260695505416,0.022815133501137817,4,1,High-gap
1407000430971,250.9491675696426,0.0,250.9491675696426,0.5291366885294615,2,1,Medium-gap
1407000430986,6.984902880386272,0.0,6.984902880386272,0.19881788958161284,1,1,Medium-gap
1407000430990,43.56639057153231,0.0,43.56639057153231,0.3633638655416829,1,1,Medium-gap
1407000431024,3438.3753158477316,23665.0,0.14528755665713394,0.012982000559787737,3,1,Medium-gap
1407000431039,2472.891612961744,0.0,2472.891612961744,0.7477418660954015,3,1,Medium-gap
1407000431081,58.18581600441893,0.0,58.18581600441893,0.3905136071002937,1,1,Medium-gap
1407000431132,1590.5739694566935,44980.0,0.0353610184179252,0.003325526672531874,2,1,Medium-gap
1407000431147,3013.858297766023,0.0,3013.858297766023,0.7666671623973697,3,1,Medium-gap
1407000431202,1029.5643602230932,0.0,1029.5643602230932,0.6639403688062839,2,1,Medium-gap
1407000641293,2574.8315858853043,0.0,2574.8315858853043,0.7516061530583634,3,1,Medium-gap
1407000641306,7877.017674573027,0.0,7877.017674573027,0.8585874579778309,5,1,High-gap
1407001111310,2877.0794168189327,8915.0,0.32268723831526835,0.02676345947070043,3,1,Medium-gap
1407001111325,4687.124011996311,14415.0,0.32513346365124246,0.026940283561295287,4,1,High-gap
1407001111344,2866.6285322022222,13735.0,0.20869456407995213,0.018138709118337704,3,1,Medium-gap
1407001111359,4394.870092302951,9015.0,0.48745231724744353,0.03799835696245238,3,1,Medium-gap
1407001111363,5498.551137187807,14415.0,0.38142002893922083,0.030921210226037603,4,1,High-gap
1407001111378,1511.4651771700626,16200.0,0.09329456065490171,0.00853585837720647,2,1,Medium-gap
1407001111490,376.6647581465244,16200.0,0.023249475843869168,0.002199461019865155,2,1,Medium-gap
1407001211518,7394.44460018903,0.0,7394.44460018903,0.8525381793155731,5,1,High-gap
1409700010195,8470.3408679821,12705.0,0.6666410253409492,0.0488835819340985,5,1,High-gap
1409700010208,1890.4190697971462,22240.0,0.08499703564575092,0.007806790308492208,2,1,Medium-gap
1409700010212,6514.813730596739,12470.0,0.5223970596260716,0.04022059214119373,4,1,High-gap
1409700010513,66.07978642151863,14100.0,0.004686177322283429,0.00044741087524942337,1,1,Medium-gap
1409700010528,1036.5019709784387,0.0,1036.5019709784387,0.6645824360549433,2,1,Medium-gap
1409700010532,3593.6383491456677,12700.0,0.28294137069094305,0.023843703346083853,3,1,Medium-gap
1409700010566,2.0583231839942293,17665.0,0.00011651325619802045,1.1149450603687365e-05,1,1,Medium-gap
1409700010636,408.57898624918215,0.0,408.57898624918215,0.5756366387307461,2,1,Medium-gap
1409700010918,12868.126997822626,22240.0,0.5785768174912381,0.04368846127086991,5,1,High-gap
1409700010922,19590.639064397405,16605.0,1.1797325704201738,0.07456818883615494,5,1,High-gap
1409700010937,16656.079337544197,22240.0,0.7488907574994019,0.05349350369394727,5,1,High-gap
1409700010941,9345.522170471679,16605.0,0.5627798488782174,0.042725977111424944,5,1,High-gap
1409700011085,29.361161020747083,0.0,29.361161020747083,0.3266334126085915,1,1,Medium-gap
1409700011102,649.004186247258,13610.0,0.04768232945759004,0.004457658765213891,2,1,Medium-gap
1409700011117,81.56724956690746,17170.0,0.0047502911634096714,0.00045351763648442567,1,1,Medium-gap
1409700011121,6273.577770231539,16495.0,0.38030903068813887,0.030844214653619136,4,1,High-gap
1409700011136,192.95632678676375,21465.0,0.008988927922610815,0.0008563803153473155,2,1,Medium-gap
1409700011371,15.652433430225498,17130.0,0.0009136905860851963,8.739855410091648e-05,1,1,Medium-gap
1409700011386,45.42102062339288,14160.0,0.0032074726801350805,0.00030645790513911866,1,1,Medium-gap
1409700012098,6499.734674553205,16160.0,0.4021864163451027,0.03234909972101292,4,1,High-gap
1409700012100,4555.740467630916,14945.0,0.30481335926876196,0.025461444093148634,4,1,High-gap
1409700012115,12100.428916964187,13640.0,0.8870631857608817,0.06077039067371406,5,1,High-gap
1409700012134,3526.3314172209566,0.0,3526.3314172209566,0.7816906944909351,3,1,Medium-gap
1409700012331,125.51428924037417,0.0,125.51428924037417,0.46321292126856917,1,1,Medium-gap
1409700012346,595.8134131904903,0.0,595.8134131904903,0.6116645667335764,2,1,Medium-gap
1409700012488,0.0,0.0,0.0,0.0,1,1,Medium-gap
1409700013096,10.199750883474303,22110.0,0.00046129758416508994,4.413513479871511e-05,1,1,Medium-gap
1409700013109,34.4977053391754,0.0,34.4977053391754,0.3415913991301119,1,1,Medium-gap
1409700013113,248.73901607459945,0.0,248.73901607459945,0.5282935005550162,2,1,Medium-gap
1409700013128,33.13362861584228,0.0,33.13362861584228,0.3378414699029905,1,1,Medium-gap
1409700013132,1706.9920612534409,9450.0,0.18061496786090794,0.015889282339437115,2,1,Medium-gap
1409700013626,0.0,9610.0,0.0,0.0,1,1,Medium-gap
1409700050335,5176.393575783374,0.0,5176.393575783374,0.8184158208295402,4,1,High-gap
1409700050640,108.05397808026231,0.0,108.05397808026231,0.44900057373478947,1,1,Medium-gap
1409700050655,658.6705880838936,0.0,658.6705880838936,0.6212474015780496,2,1,Medium-gap
1409700051314,0.8805808179775062,0.0,0.8805808179775062,0.06044108617892662,1,1,Medium-gap
1409700051329,25.59277382916487,0.0,25.59277382916487,0.3139510497098856,1,1,Medium-gap
1409700052581,9.746567280579942,0.0,9.746567280579942,0.2272434635772745,1,1,Medium-gap
1409700053147,5361.388591909227,0.0,5361.388591909227,0.8217755666378149,4,1,High-gap
1409700053151,1515.5597678093038,0.0,1515.5597678093038,0.7009121798344893,2,1,Medium-gap
1409700053166,8726.719675480721,0.0,8726.719675480721,0.8683896084688056,5,1,High-gap
1409700053170,0.0,0.0,0.0,0.0,1,1,Medium-gap
1409700053503,2914.2445063838445,0.0,2914.2445063838445,0.7634517881848657,3,1,Medium-gap
1409700053518,3633.14620298446,0.0,3633.14620298446,0.7845456172691537,3,1,Medium-gap
1409700053575,1574.4458481101385,0.0,1574.4458481101385,0.7045576899698314,2,1,Medium-gap
1409700053768,171.4798275072434,0.0,171.4798275072434,0.49287216519080806,2,1,Medium-gap
1409700092810,5904.198591263686,0.0,5904.198591263686,0.8310031216052494,4,1,High-gap
1409700092825,2438.1667675687886,0.0,2438.1667675687886,0.7463890802485079,3,1,Medium-gap
1409700092844,3965.218142144768,0.0,3965.218142144768,0.7929133493747414,3,1,Medium-gap
1409700092859,2361.0929077888427,0.0,2361.0929077888427,0.7433163626666031,3,1,Medium-gap
1409700092863,5193.6402208762875,0.0,5193.6402208762875,0.8187340753100404,4,1,High-gap
1409700092878,2883.971572623331,0.0,2883.971572623331,0.7624528290919373,3,1,Medium-gap
1409700092882,3714.805482971567,0.0,3714.805482971567,0.7866721513887682,3,1,Medium-gap
1409700092897,2025.9995709596449,0.0,2025.9995709596449,0.7286753730160507,3,1,Medium-gap
1409700150227,2257.3007342502606,0.0,2257.3007342502606,0.7390161283502957,3,1,Medium-gap
1409700150674,891.209292775423,0.0,891.209292775423,0.6501444203985995,2,1,Medium-gap
1409700150689,1.3747937972265096,0.0,1.3747937972265096,0.08277032355064701,1,1,Medium-gap
1409700150693,1.3903675870638477,0.0,1.3903675870638477,0.0833958586241596,1,1,Medium-gap
1409700150706,5.808402681173316,0.0,5.808402681173316,0.18356407923628146,1,1,Medium-gap
1409700150710,254.98380634005503,0.0,254.98380634005503,0.5306570288294955,2,1,Medium-gap
1409700150725,214.44546829038788,0.0,214.44546829038788,0.5141580638889212,2,1,Medium-gap
1409700150956,3701.78955638603,0.0,3701.78955638603,0.7863363462836453,3,1,Medium-gap
1409700150960,5799.215003017902,0.0,5799.215003017902,0.8292864796710164,4,1,High-gap
1409700151333,19.085365311012257,0.0,19.085365311012257,0.2870935564358084,1,1,Medium-gap
1409700151348,282.73710753623675,0.0,282.73710753623675,0.5405076144076265,2,1,Medium-gap
1409700151723,9.659012034418186,0.0,9.659012034418186,0.22646059108688768,1,1,Medium-gap
1409700151738,0.0,0.0,0.0,0.0,1,1,Medium-gap
1409700152064,1334.5037461035279,0.0,1334.5037461035279,0.6887455125784226,2,1,Medium-gap
1409700152492,0.6055892543459545,0.0,0.6055892543459545,0.04531218409671796,1,1,Medium-gap
1409700152539,35.50715299826877,0.0,35.50715299826877,0.3442747896558622,1,1,Medium-gap
1409700153185,0.0,0.0,0.0,0.0,1,1,Medium-gap
1409700201013,0.0,199540.0,0.0,0.0,1,2,Medium-gap
1409700213838,298.77900525885974,29655.0,0.010074824833384803,0.0009593174394008309,2,1,Medium-gap
1409700213842,698.9059739420846,27740.0,0.025193971880685073,0.002381145000746525,2,1,Medium-gap
1409700213857,451.5128105667654,6560.0,0.0688176818422139,0.006369003733737987,2,1,Medium-gap
1409700232755,1456.5058233918458,13960.0,0.10432675477342924,0.00949668738801107,2,1,Medium-gap
1409700233202,2034.867504388899,16175.0,0.1257954688667717,0.01133925828067327,3,1,Medium-gap
1409700250299,6201.593998999686,82890.0,0.07481625265710012,0.00690459282570198,4,1,High-gap
1409700250354,12086.00081491817,122800.0,0.0984194006149638,0.008983397130939624,5,1,High-gap
1409700250369,6972.730683632957,97765.0,0.07132060924690543,0.006592844939779558,4,1,High-gap
1409700250458,0.0,122025.0,0.0,0.0,1,1,Medium-gap
1409700250462,8626.122151050871,0.0,8626.122151050871,0.8672801656566699,5,1,High-gap
1409700250477,5904.359724840255,71855.0,0.08216933484803293,0.0075570579198792395,4,1,High-gap
1409700250759,69.96104193138059,0.0,69.96104193138059,0.4078779459463721,1,1,Medium-gap
1409700250763,0.0,0.0,0.0,0.0,1,1,Medium-gap
1409700250778,61.66130379599569,0.0,61.66130379599569,0.3959743501541016,1,1,Medium-gap
1409700250782,215.12773412320055,59940.0,0.0035889914102734447,0.0003428448812018618,2,1,Medium-gap
1409700250797,0.0,0.0,0.0,0.0,1,1,Medium-gap
1409700250814,1674.6316958498576,0.0,1674.6316958498576,0.7104576626812789,2,1,Medium-gap
1409700250994,0.0,101805.0,0.0,0.0,1,1,Medium-gap
1409700251193,5.065022774286572,0.0,5.065022774286572,0.1724995347576857,1,1,Medium-gap
1409700251206,922.520254614494,0.0,922.520254614494,0.6534452395061593,2,1,Medium-gap
1409700251210,361.92978129923904,86875.0,0.004166050247470406,0.0003978550282908309,2,1,Medium-gap
1409700251225,19.3564437535849,53830.0,0.0003595780080917111,3.440475583044859e-05,1,1,Medium-gap
1409700251297,12.236276604415833,0.0,12.236276604415833,0.24718455139996987,1,1,Medium-gap
1409700251390,80.87931858420366,89175.0,0.0009069628440858937,8.675530737281766e-05,1,1,Medium-gap
1409700251403,135.65346175551386,121135.0,0.0011198443217170276,0.00010710704112169016,1,1,Medium-gap
1409700251418,0.0,0.0,0.0,0.0,1,1,Medium-gap
1409700251422,18.089090045202468,0.0,18.089090045202468,0.2822249635437487,1,1,Medium-gap
1409700251456,3341.244258181457,0.0,3341.244258181457,0.7765326519214754,3,1,Medium-gap
1409700251460,714.0693471948574,0.0,714.0693471948574,0.628964395536901,2,1,Medium-gap
1409700251988,753.0915062174421,0.0,753.0915062174421,0.6340492383174746,2,1,Medium-gap
1409700252191,16.797208454756074,0.0,16.797208454756074,0.2755188836341666,1,1,Medium-gap
1409700252204,0.0,0.0,0.0,0.0,1,1,Medium-gap
1409700252223,66.57730709998954,0.0,66.57730709998954,0.40320225152615496,1,1,Medium-gap
1409700252295,0.0,100800.0,0.0,0.0,1,1,Medium-gap
1409700252399,1879.642633788921,65780.0,0.028574248396785108,0.0026961624525281857,2,1,Medium-gap
1409700252420,0.0,0.0,0.0,0.0,1,1,Medium-gap
1409700252543,105.49878265150839,47420.0,0.002224727075589051,0.00021266573510341275,1,1,Medium-gap
1409700252558,93.42688357274244,0.0,93.42688357274244,0.4352184020598964,1,1,Medium-gap
1409700252562,44.998927854924766,0.0,44.998927854924766,0.3663915712704812,1,1,Medium-gap
1409700252609,876.2430776646692,65085.0,0.013462850346690059,0.0012797740288636172,2,1,Medium-gap
1409700253005,0.0,0.0,0.0,0.0,1,1,Medium-gap
1409700253024,3495.07458563012,25685.0,0.13606924338667445,0.012208618602099462,3,1,Medium-gap
1409700253039,1.9629621331115743,0.0,1.9629621331115743,0.10394629712392277,1,1,Medium-gap
1409700253560,0.0,0.0,0.0,0.0,1,1,Medium-gap
1409700253787,23.36790039596824,0.0,23.36790039596824,0.3055896356747653,1,1,Medium-gap
1409700253791,0.0,0.0,0.0,0.0,1,1,Medium-gap
1409700253819,0.0,0.0,0.0,0.0,1,1,Medium-gap
1409700312774,3735.7011780831895,0.0,3735.7011780831895,0.7872087987659772,3,1,Medium-gap
1409700312789,1569.9733075905806,0.0,1569.9733075905806,0.704285625754957,2,1,Medium-gap
1409700313630,13.416321973708298,0.0,13.416321973708298,0.25535714707181256,1,1,Medium-gap
1409700320053,10936.460553113753,47680.0,0.22936726480387898,0.019761626209186103,5,1,High-gap
1409700320180,8818.197869284579,42290.0,0.20851239907508876,0.01812428515741955,5,1,High-gap
1409700320265,5514.087425469646,0.0,5514.087425469646,0.8244625782241283,4,1,High-gap
1409700320284,6343.180913542614,26690.0,0.2376524264187409,0.020404407791385915,4,1,High-gap
1409700320481,132.02149981732938,28145.0,0.004690595460006018,0.00044783170970957235,1,1,Medium-gap
1409700320496,120.10460905218369,28120.0,0.004270993529824106,0.00040785571550284457,1,1,Medium-gap
1409700320509,888.6274851769641,26015.0,0.03415696053109487,0.003214171182055887,2,1,Medium-gap
1409700320829,2966.0033240643647,39210.0,0.075642123997459,0.00697809747313603,3,1,Medium-gap
1409700320833,1066.2945708951218,43070.0,0.024756670866595196,0.0023403158346792484,2,1,Medium-gap
1409700321140,383.81897552557166,0.0,383.81897552557166,0.5696692157429294,2,1,Medium-gap
1409700321155,142.21804046809817,28120.0,0.005057360707944176,0.00048276021575787776,2,1,Medium-gap
1409700321174,762.0776550808666,0.0,762.0776550808666,0.6351828859987617,2,1,Medium-gap
1409700321189,2769.181034756147,48730.0,0.05682586104853475,0.005289230090238895,3,1,Medium-gap
1409700321437,3223.2553520182396,28120.0,0.11462093638271184,0.010384622643787733,3,1,Medium-gap
1409700321441,77.45396837713061,0.0,77.45396837713061,0.41748422336715096,1,1,Medium-gap
1409700321831,411.8257402583762,28120.0,0.014644775799522641,0.0013913145217981007,2,1,Medium-gap
1409700321846,24.498523921029054,59915.0,0.00040888116564905956,3.912116336795473e-05,1,1,Medium-gap
1409700321850,7.310166067800305,41590.0,0.00017576317154673618,1.6818727894606647e-05,1,1,Medium-gap
1409700323217,100.70929926063579,19585.0,0.005141902341500857,0.0004908096424427509,1,1,Medium-gap
1409700340250,13663.254425684581,10535.0,1.296816099628377,0.07957527398439707,5,1,High-gap
1409700340373,4547.53894828129,10295.0,0.4416801620319823,0.03500725564445974,4,1,High-gap
1409700340388,4818.054524333585,10990.0,0.4383636178995164,0.03478685122112582,4,1,High-gap
1409700340547,331.45741391567407,19340.0,0.01713755306942113,0.0016261371465668677,2,1,Medium-gap
1409700340848,1112.8395376373953,10615.0,0.10482663316102066,0.009539995766095346,2,1,Medium-gap
1409700341352,341.9840598779928,19300.0,0.01771846328573612,0.0016807769042519144,2,1,Medium-gap
1409700341367,5.452898525092685,19340.0,0.00028193467375485677,2.6976816893985806e-05,1,1,Medium-gap
1409700342079,841.3931769279313,33870.0,0.024841108232054893,0.002348200793977906,2,1,Medium-gap
1409700342350,50.819286062816296,37540.0,0.001353700915340995,0.0001294590343480428,1,1,Medium-gap
1409700342505,27125.76469920931,0.0,27125.76469920931,0.9769128836325379,5,1,High-gap
1409700343221,460.6536007653497,0.0,460.6536007653497,0.5870902743982472,2,1,Medium-gap
1409700343236,6023.506463030769,37660.0,0.15994016258279836,0.014198579539803398,4,1,High-gap
1409700343645,9.810399174220423,1955.0,0.005015541500112691,0.00047877825096251,1,1,Medium-gap
1409700350138,9842.530091299113,93580.0,0.10517658596615888,0.00957030325811544,5,1,High-gap
1409700350231,5398.30011690641,0.0,5398.30011690641,0.8224320393661088,4,1,High-gap
1409700350246,2112.722949529967,74570.0,0.028331696631800126,0.0026735928749403916,3,1,Medium-gap
1409700350551,3626.2546022194697,76735.0,0.04725623699723037,0.004418730416078419,3,1,Medium-gap
1409700350867,1120.859330062394,94460.0,0.01186584230595054,0.0011288546182477762,2,1,Medium-gap
1409700352435,368.781308942226,73135.0,0.005042404683633587,0.0004813361436753748,2,1,Medium-gap
1409700353240,150.37789979088444,90730.0,0.0016574037516492097,0.00015847913519002893,2,1,Medium-gap
1409700353448,0.0,135905.0,0.0,0.0,1,2,Medium-gap
1409700353556,608.120078937109,0.0,608.120078937109,0.6136178514342266,2,1,Medium-gap
1409700353734,7389.409322359861,0.0,7389.409322359861,0.8524729998992566,5,1,High-gap
1409700353772,10585.345625333968,111375.0,0.09504153161663166,0.008688651982396066,5,1,High-gap
1409700353823,59.73505743059688,76735.0,0.0007784489344062354,7.446712252785485e-05,1,1,Medium-gap
1409700381795,3489.9817649961988,49560.0,0.07041790450144668,0.006512174815152974,3,1,Medium-gap
1409700381808,2796.5839080997575,50555.0,0.05531655803662785,0.005152461384569841,3,1,Medium-gap
1409700381812,91.37089651701305,48680.0,0.0018769313801485807,0.0001794504577995054,1,1,Medium-gap
1409700381827,120.77906158085392,38940.0,0.0031015911656314403,0.0002963571060448423,1,1,Medium-gap
1409700382242,1203.2625195753399,41440.0,0.02903555704677348,0.0027390727976608544,2,1,Medium-gap
1409700382257,197.458339846037,30460.0,0.006482332813960047,0.0006183450928956991,2,1,Medium-gap
1409700382261,0.0,52010.0,0.0,0.0,1,1,Medium-gap
1409700382384,100.85830174180893,42040.0,0.002399046210646962,0.00022930927149978847,1,1,Medium-gap
1409700382524,308.81526672538547,0.0,308.81526672538547,0.5489221662258806,2,1,Medium-gap
1409700383255,1565.214656203516,55855.0,0.028022319109916857,0.0026447973964728497,2,1,Medium-gap
1409700411009,3096.5700625582144,0.0,3096.5700625582144,0.7692572439456663,3,1,Medium-gap
1409700411259,4087.3230268880006,0.0,4087.3230268880006,0.7958150922605036,3,1,Medium-gap
1409700411263,19846.809402905106,0.0,19846.809402905106,0.947014184165402,5,1,High-gap
1409700412149,57.33127551788556,0.0,57.33127551788556,0.3891218203839341,1,1,Medium-gap
1409700413274,13.549983660497915,0.0,13.549983660497915,0.2562403293262451,1,1,Medium-gap
1409700413289,9.839401367350675,0.0,9.839401367350675,0.22806660039636067,1,1,Medium-gap
1409700413293,0.8020326200638126,0.0,0.8020326200638126,0.05635808609897864,1,1,Medium-gap
1409700413306,8.61438986941905,0.0,8.61438986941905,0.2165898258305872,1,1,Medium-gap
1409700413310,22.871000663431133,0.0,22.871000663431133,0.3036180296263839,1,1,Medium-gap
1409700413325,8.197552899231184,0.0,8.197552899231184,0.21234815368983906,1,1,Medium-gap
1409700413344,1954.0577439016781,0.0,1954.0577439016781,0.7252171369384237,3,1,Medium-gap
1409700432613,1960.0068739698008,0.0,1960.0068739698008,0.725507898753981,3,1,Medium-gap
1409700432628,1738.008697066705,0.0,1738.008697066705,0.7140104565670807,2,1,Medium-gap
1409700463861,6744.798730200119,16295.0,0.41389290195140643,0.03314474149520279,4,1,High-gap
1409700463876,4357.678147060956,16295.0,0.26740783916672534,0.022677942819266172,3,1,Medium-gap
1409700931028,58.56844632321729,0.0,58.56844632321729,0.3911302945346214,1,1,Medium-gap
1409701150871,1463.6406313452148,0.0,1463.6406313452148,0.6975785787720784,2,1,Medium-gap
1409701150886,2655.470894096543,0.0,2655.470894096543,0.7545561513366255,3,1,Medium-gap
1409701150890,8887.696413968919,7980.0,1.113606868057752,0.0716200845665799,5,1,High-gap
1409701151278,110.85862753647294,7530.0,0.014720306405055495,0.0013984380673576764,1,1,Medium-gap
1409701151511,1414.5656357847956,0.0,1414.5656357847956,0.6943171181895562,2,1,Medium-gap
1409701151992,4449.958689547484,0.0,4449.958689547484,0.8039479630063933,3,1,Medium-gap
1409701152007,7180.472610019245,7530.0,0.9534553990199501,0.06407944553386832,4,1,High-gap
1409701152596,2955.5868768685805,0.0,2955.5868768685805,0.7647993925168163,3,1,Medium-gap
1409701153359,0.0,0.0,0.0,0.0,1,1,Medium-gap
1409701153363,4698.970300762238,3110.0,1.5104372551469747,0.08808600332933494,4,1,High-gap
1409701153429,466.24016622185485,0.0,466.24016622185485,0.5882413861889424,2,1,Medium-gap
1409701153433,19.191540423812498,0.0,19.191540423812498,0.28759810277746395,1,1,Medium-gap
1409701800301,0.0,0.0,0.0,0.0,1,1,Medium-gap
1409701801047,16.822792561435012,0.0,16.822792561435012,0.27565635423396406,1,1,Medium-gap
1409701801244,3621.2122886026214,184735.0,0.019602093195709668,0.0018577347234786086,3,2,Medium-gap
1409701802577,0.0,0.0,0.0,0.0,1,1,Medium-gap
1409704240443,0.0,240315.0,0.0,0.0,1,2,Medium-gap
1409704240570,0.0,90515.0,0.0,0.0,1,1,Medium-gap
1409704240975,8351.599805079826,173985.0,0.04800156222385609,0.004486813903954999,5,2,High-gap
1409704241761,0.0,0.0,0.0,0.0,1,1,Medium-gap
1409704241776,0.0,0.0,0.0,0.0,1,1,Medium-gap
1409704393880,1457.3195748841995,17885.0,0.08147822737807221,0.007495922555466692,2,1,Medium-gap
1409704393895,3343.2399055440774,0.0,3343.2399055440774,0.7765897760277032,3,1,Medium-gap
1409705601032,4755.072001076608,50510.0,0.09413933600753516,0.008609774595821938,4,1,High-gap
1409705601282,0.6673986039084966,57045.0,1.1699305891885436e-05,1.1195950848781377e-06,1,1,Medium-gap
1409705601719,566.4735949355307,67625.0,0.008376565151502835,0.000798282790798352,2,1,Medium-gap
1409705603467,2178.7260779800754,0.0,2178.7260779800754,0.7356271298574283,3,1,Medium-gap
1409705603683,966.1116385215114,53455.0,0.018073025264170747,0.0017141112775989997,2,1,Medium-gap
1409706133927,6937.909413922851,27540.0,0.25191203710551,0.021500690249620636,4,1,High-gap
1409706133931,7240.873309801055,17110.0,0.42317066856414326,0.03377064783051803,4,1,High-gap
1409706133946,6793.79946513525,16510.0,0.41147110805737086,0.032980683915364725,4,1,High-gap
1409706663950,4575.7160548607335,48675.0,0.09400353469596379,0.008597896092786843,4,1,High-gap
1409707771780,7796.1533560647495,0.0,7796.1533560647495,0.8576000834515587,5,1,High-gap
1409707772365,10801.32774119842,0.0,10801.32774119842,0.8887979524758574,5,1,High-gap
1409708221526,9558.154301306124,51405.0,0.1859346049353407,0.01631951220267103,5,1,High-gap
1409708221530,20219.484775481917,30720.0,0.6581649287289449,0.048395644701673304,5,1,High-gap
1409708221545,8550.834590668022,33560.0,0.2547848571457353,0.02172004154928325,5,1,High-gap
1409708221564,9436.559288221182,29645.0,0.31830801080149707,0.026446091050651065,5,1,High-gap
1409708221579,9302.00388896176,33630.0,0.27659016648216705,0.023368773015285546,5,1,High-gap
1409708221583,8448.348890597677,28540.0,0.296007459114876,0.02481340917643466,5,1,High-gap
1409708221598,8848.261423877391,31265.0,0.2829994698355207,0.023848037022913583,5,1,High-gap
1409708221600,2602.6064905542007,0.0,2602.6064905542007,0.7526325314917776,3,1,Medium-gap
1409708221615,3619.8179555399674,0.0,3619.8179555399674,0.7841939987930328,3,1,Medium-gap
1409708221899,4229.660779244496,13350.0,0.31680479209381285,0.026336907696692908,3,1,Medium-gap
1409708221901,4743.885222652632,28130.0,0.16863549901008257,0.014913292204052617,4,1,High-gap
1409708221916,7725.810745129941,24285.0,0.318117876353864,0.02643228788614798,5,1,High-gap
1409708221920,6360.737230479358,24205.0,0.2627752305411616,0.02232750773918954,4,1,High-gap
1409708221935,8129.9324059511655,15740.0,0.5164813166857992,0.03984800321159747,5,1,High-gap
1409708221954,8230.532164871815,26305.0,0.3128766123649287,0.02605100255814833,5,1,High-gap
1409708221969,8727.855872080045,12260.0,0.7118388281608388,0.05144426201993646,5,1,High-gap
1409708221973,7426.562487466444,22760.0,0.32628454318643485,0.02702337582327081,5,1,High-gap
1409708222153,1731.329937876692,10085.0,0.1716567457740127,0.015160379131609975,2,1,Medium-gap
1409708222168,8839.381425744492,22800.0,0.3876751644991225,0.03135355777580037,5,1,High-gap
1409708222172,8072.775612147359,21400.0,0.37721487837705525,0.03062945336216167,5,1,High-gap
1409708222219,4150.752433348918,0.0,4150.752433348918,0.7972884271043217,3,1,Medium-gap
1409708222469,17299.75610766315,12235.0,1.4138408064451742,0.08433102245015445,5,1,High-gap
1409708223043,6183.1684748594225,15620.0,0.39582411336402423,0.03191388941215557,4,1,High-gap
1409708223058,12425.255032786381,22685.0,0.5477058552757815,0.041798427943965766,5,1,High-gap
1409708223062,4084.1799140379812,25545.0,0.15987551530720978,0.014193245820317706,3,1,Medium-gap
1409708223077,9121.827085685574,24440.0,0.3732182433486999,0.030351336622304742,5,1,High-gap
1409708223081,3261.67229308066,21105.0,0.15453768090024922,0.013751819328927245,3,1,Medium-gap
1409708223452,164.76920925621343,10670.0,0.015440840526306197,0.0014663674208311582,2,1,Medium-gap
1409708223471,5731.810493674055,13735.0,0.4172838157887343,0.03337397780417234,4,1,High-gap
1409708223486,1222.107113855636,21130.0,0.05783479787306024,0.005380548164336271,2,1,Medium-gap
1409708223490,2329.5882174768353,0.0,2329.5882174768353,0.7420313893222099,3,1,Medium-gap
1409708223698,3193.39934196177,0.0,3193.39934196177,0.772202939160522,3,1,Medium-gap
1409708223700,6753.7942898071515,18260.0,0.3698479979085018,0.03011617909979574,4,1,High-gap
1409708223715,3407.190116808504,14050.0,0.24248737576033763,0.020777528831365653,3,1,Medium-gap
1409708223749,9204.779621808093,0.0,9204.779621808093,0.8734929383848746,5,1,High-gap
1409708234003,4303.261751288576,0.0,4303.261751288576,0.8007407483048137,3,1,Medium-gap
1409708234041,4519.795281402421,0.0,4519.795281402421,0.8054378312940225,3,1,Medium-gap
1409708274130,0.0,0.0,0.0,0.0,1,1,Medium-gap
1409708311634,2612.519566857036,0.0,2612.519566857036,0.7529962044961874,3,1,Medium-gap
1409708311649,1059.7596625143885,0.0,1059.7596625143885,0.6667040100161944,2,1,Medium-gap
1409708311653,3063.1085957213204,0.0,3063.1085957213204,0.7682178417687902,3,1,Medium-gap
1409708312011,975.0281626502416,0.0,975.0281626502416,0.658737222286791,2,1,Medium-gap
1409708312026,1144.2632917910562,23735.0,0.048207924325541635,0.004505655977068702,2,1,Medium-gap
1409708312030,6386.249950621523,58965.0,0.10830393702509111,0.009840720664224133,4,1,High-gap
1409708312045,669.423474446162,0.0,669.423474446162,0.6227947409844828,2,1,Medium-gap
1409708312187,824.3178855909745,87405.0,0.00943090732433671,0.0008982909226820388,2,1,Medium-gap
1409708312971,2917.3763683556745,63645.0,0.045837544674538454,0.00428900262577779,3,1,Medium-gap
1409708312986,274.03302703055147,60475.0,0.004531269049384078,0.0004326544522722716,2,1,Medium-gap
1409708312990,1064.1258757183723,0.0,1064.1258757183723,0.667097106441799,2,1,Medium-gap
1409708331475,1975.5977194950094,35655.0,0.055407160632011704,0.005160677048609183,3,1,Medium-gap
1409708331494,2808.3990959841817,0.0,2808.3990959841817,0.7599125768461698,3,1,Medium-gap
1409708331507,1671.2326470421826,50355.0,0.033188351875490164,0.003124496720675011,2,1,Medium-gap
1409708331865,3186.893585534951,37270.0,0.0855059854990462,0.007851669810564552,3,1,Medium-gap
1409708332276,2314.1685283205825,0.0,2314.1685283205825,0.7413961254308128,3,1,Medium-gap
1409708332280,522.2849715766422,0.0,522.2849715766422,0.5990823371699928,2,1,Medium-gap
1409708332454,2051.0586608158787,0.0,2051.0586608158787,0.7298512023075607,3,1,Medium-gap
1409708332933,9847.908517425241,17645.0,0.5580816342188168,0.04243784470028557,5,1,High-gap
1409708332948,1407.5533564475265,58545.0,0.02404183644395051,0.0022735368749644486,2,1,Medium-gap
1409708333537,1205.8727149688023,0.0,1205.8727149688023,0.679053581863015,2,1,Medium-gap
1409708333594,1144.1046394422149,52385.0,0.021839893090562647,0.002067540674958071,2,1,Medium-gap
1409708333607,2750.7369783958025,39515.0,0.06961071410051124,0.006439982685912611,3,1,Medium-gap
1409708333753,2348.036076224491,35480.0,0.06617728012808238,0.006132299080271147,3,1,Medium-gap
1409708352721,4875.647982912304,13075.0,0.3728699895160832,0.030327064103687372,4,1,High-gap
1409708352736,6123.609984435064,13075.0,0.46830911474725173,0.03675874799039406,4,1,High-gap
1409708352740,3262.6163477295586,15350.0,0.21253445037649396,0.018442249364647296,3,1,Medium-gap
1409708353378,6108.439673992854,15350.0,0.39791802970443974,0.0320573413803833,4,1,High-gap
1409708353522,934.550518788905,16070.0,0.058151360760929936,0.005409182070867414,2,1,Medium-gap
1409708362793,3602.8677394013403,0.0,3602.8677394013403,0.7837449531341821,3,1,Medium-gap
1409708362806,7723.4239673518705,0.0,7723.4239673518705,0.8567032522979168,5,1,High-gap
1409708363382,1225.3729390016697,0.0,1225.3729390016697,0.6805874794542733,2,1,Medium-gap
1409708374198,2007.5828448127777,27895.0,0.0719666921713786,0.006650540355697518,3,1,Medium-gap
1409708374200,1730.6596836915407,31660.0,0.054662192719482666,0.00509310388089579,2,1,Medium-gap
1409708432632,5286.127600363753,34570.0,0.1529064128999379,0.013616510035900793,4,1,High-gap
1409708432647,4878.383491012402,25635.0,0.19029425382323303,0.016670665829557008,4,1,High-gap
1409708432651,8278.5072685268,33220.0,0.2491950052234069,0.021292770353557852,5,1,High-gap
1409708432666,8184.8037368311725,35710.0,0.22919559062561037,0.019748261574713086,5,1,High-gap
1409708432670,10227.118477204991,0.0,10227.118477204991,0.8835708250610363,5,1,High-gap
1409708432685,4497.446346395019,25785.0,0.17441426923117268,0.015385342437062162,3,1,Medium-gap
1409708432702,3402.589713028423,21300.0,0.1597384964568998,0.014181940105684555,3,1,Medium-gap
1409708432717,5554.185689910883,27740.0,0.20021577051695624,0.017465036891688254,4,1,High-gap
1409708432952,5096.71862685215,0.0,5096.71862685215,0.816931672360669,4,1,High-gap
1409708432967,206.65071035450936,0.0,206.65071035450936,0.5106315459677874,2,1,Medium-gap
1409708440744,4.469398621749308,23530.0,0.00018993662070244819,1.8174852432086095e-05,1,1,Medium-gap
1409708441687,6377.456813310753,43965.0,0.14505428770665407,0.01296250704946914,4,1,High-gap
1409708441691,3537.3895906570406,34935.0,0.10125342313536297,0.009229989067418908,3,1,Medium-gap
1409708441704,7238.682791681508,39185.0,0.18472624895833992,0.01622195509255996,4,1,High-gap
1409708443397,651.4983348345281,48995.0,0.013296969851304762,0.0012641091708874513,2,1,Medium-gap
1409708443611,4.019352254731303,57400.0,7.002233854342787e-05,6.700771886371902e-06,1,1,Medium-gap
1409708443804,121.83223169723497,0.0,121.83223169723497,0.4603864000389738,1,1,Medium-gap
1409708524164,687.9089612549459,14710.0,0.046761536350686285,0.004373514061524148,2,1,Medium-gap
1409708524179,2966.6974918312085,16095.0,0.18431271693782358,0.01618854556250398,3,1,Medium-gap
1409708524183,2230.7939547239394,0.0,2230.7939547239394,0.7378862285436464,3,1,Medium-gap
1409708531668,4429.873845221264,30845.0,0.14361258656620837,0.012841940692421713,3,1,Medium-gap
1409708531672,4550.296591633844,29135.0,0.15617437505607648,0.013887386707134042,4,1,High-gap
1409708531884,480.9993002270059,24205.0,0.019871077428199865,0.0018829777981533382,2,1,Medium-gap
1409708532083,67.63605326276395,26970.0,0.002507732500195171,0.00023968489016760235,1,1,Medium-gap
1409708532238,6241.414608884992,22525.0,0.27707602809575566,0.02340518814733559,4,1,High-gap
1409708614075,3935.192694281125,37050.0,0.10621016151469934,0.009659759567865814,3,1,Medium-gap
1409708622914,4867.036755014332,42280.0,0.11511167557565649,0.010426746816871491,4,1,High-gap
1409708622929,6028.001672522671,28275.0,0.21318438508002088,0.018493531098442782,4,1,High-gap
1409708623414,11634.859257850467,0.0,11634.859257850467,0.8959111943385869,5,1,High-gap
1409708634111,4305.466107904265,0.0,4305.466107904265,0.8007897459743121,3,1,Medium-gap
1409708634126,4266.308759125898,0.0,4266.308759125898,0.7999156127112302,3,1,Medium-gap
1409708634145,979.5964195438322,0.0,979.5964195438322,0.6591840881967805,2,1,Medium-gap
1409708714056,5964.418592595933,30720.0,0.194147931141432,0.016979996050235122,4,1,High-gap
1409708714060,5805.2238631137225,30210.0,0.1921559651489101,0.016820228088981405,4,1,High-gap
1409708743999,7996.541267220217,27135.0,0.2946838615573488,0.024715623836962616,5,1,High-gap
1409708744018,14026.099321568403,24225.0,0.578968848409494,0.04371222442609404,5,1,High-gap
1409708744022,7752.157207876171,25545.0,0.3034587492318238,0.025362042154629113,5,1,High-gap
1409708744037,8374.801535878856,0.0,8374.801535878856,0.8644509271352152,5,1,High-gap
1409708823984,2967.0982875422237,29185.0,0.10166169696231836,0.009265461192235086,3,1,Medium-gap
1409708824215,2796.3326108989027,0.0,2796.3326108989027,0.7595006642248683,3,1,Medium-gap
1409708843965,10687.468521719318,29960.0,0.3567126772043429,0.029194112486764505,5,1,High-gap
1409709033908,344.1881106123684,15720.0,0.021893525259994173,0.0020725633437593087,2,1,Medium-gap
1409709033912,972.586694870694,0.0,972.586694870694,0.6584975400652039,2,1,Medium-gap
1409800010031,16418.75008312162,463415.0,0.03542982996513202,0.00333188669293929,5,4,Medium-gap
1409800010046,13587.04681584357,438665.0,0.030973558050643474,0.0029191332790312317,5,4,Medium-gap
1409800010050,8676.892480265056,452250.0,0.019186010600894317,0.0018186739456356503,5,4,Medium-gap
1409800010084,7929.889021682606,473560.0,0.016745232444569137,0.0015892182554574361,5,4,Medium-gap
1409800010101,13309.079968239404,414990.0,0.0320707677232504,0.0030209254864558533,5,4,Medium-gap
1409800010116,3604.5463033985593,364850.0,0.00987950232669928,0.0009408100925684628,3,3,Medium-gap
1409800010120,11959.693793013215,494895.0,0.024166074878384985,0.0022851464241117865,5,4,Medium-gap
1409800010262,10408.085802828373,156735.0,0.0664052023965673,0.00615275478028035,5,2,High-gap
1409800010281,11263.800663043861,235030.0,0.047924744663656545,0.004479799061463621,5,2,High-gap
1409800010296,7143.432843340309,0.0,7143.432843340309,0.8492336478536837,4,1,High-gap
1409800010347,1797.0849797289086,525845.0,0.0034175119326359973,0.0003264919053181313,2,5,Low-gap
1409800010351,3128.8311848422136,459830.0,0.006804306766708233,0.0006489540515369085,3,4,Medium-gap
1409800010370,10826.117081160502,150970.0,0.0717099117125839,0.006627613941854633,5,2,High-gap
1409800010385,10289.838251874808,228930.0,0.04494733457624703,0.004207510318284892,5,2,High-gap
1409800010474,4167.7947629837945,402035.0,0.010366720301126751,0.0009869686715109826,3,4,Medium-gap
1409800010506,8718.320421990697,406145.0,0.021465976328686475,0.002032515930166571,5,4,Medium-gap
1409800010525,14541.73721023892,445060.0,0.03267358229599745,0.0030768047780401707,5,4,Medium-gap
1409800010597,22168.676414469788,209980.0,0.10557467777784556,0.009604768139689525,5,2,High-gap
1409800010671,12106.790402088527,333850.0,0.03626405313175197,0.003408957535876581,5,3,Medium-gap
1409800010690,8311.049712915907,327210.0,0.025399664781794947,0.002400343758231919,5,3,Medium-gap
1409800010718,9721.924729133965,66050.0,0.14718815353490433,0.013140679317316564,5,1,High-gap
1409800010775,5019.463289022924,0.0,5019.463289022924,0.8154702764916386,4,1,High-gap
1409800010794,8044.652694647553,0.0,8044.652694647553,0.8606024393685346,5,1,High-gap
1409800010807,8222.162496550063,270100.0,0.030441066477169886,0.0028696930106588484,5,3,Medium-gap
1409800010879,11181.009815284797,413845.0,0.027017320006197467,0.0025511967326369476,5,4,Medium-gap
1409800010953,8598.40446068929,170230.0,0.05051021529973559,0.004715617489248062,5,2,High-gap
1409800010968,17665.222164524308,0.0,17665.222164524308,0.9358711730519248,5,1,High-gap
1409800010972,3907.1156258935657,0.0,3907.1156258935657,0.7915010641138678,3,1,Medium-gap
1409800010987,8859.083445664986,185395.0,0.04778465255811876,0.004467004776318421,5,2,High-gap
1409800010991,6027.4715626037105,179610.0,0.03355847672249311,0.0031587730564607295,4,2,High-gap
1409800011044,10154.082159137943,397680.0,0.025533234323837303,0.0024128086757469816,5,4,Medium-gap
1409800011059,5659.455871310135,278385.0,0.02032952760307679,0.001925986140208428,4,3,Medium-gap
1409800011063,14538.029738976391,265695.0,0.05471678060255476,0.005098056957709776,5,3,Medium-gap
1409800011078,7846.824404356051,203145.0,0.038626526755909794,0.0036268816957033896,5,2,High-gap
1409800011082,8971.861840157948,165805.0,0.05411059816989704,0.005043040104067606,5,2,High-gap
1409800011097,7992.66370113125,474780.0,0.016834421977988272,0.0015976125871746201,5,4,Medium-gap
1409800011152,13525.651696310442,394830.0,0.03425681290554805,0.003223410808200168,5,4,Medium-gap
1409800011167,5270.622813847259,156765.0,0.033620956162989796,0.0031645579101549394,4,2,High-gap
1409800011171,7390.321259272651,0.0,7390.321259272651,0.8524848078065953,5,1,High-gap
1409800011186,4408.191131391126,0.0,4408.191131391126,0.8030456968645187,3,1,Medium-gap
1409800011190,8366.591547205799,355115.0,0.02356016498047342,0.0022285134215854078,5,3,Medium-gap
1409800011203,7339.404923766845,6750.0,1.0871581874932372,0.07041500761343793,5,1,High-gap
1409800011218,9558.705701140942,6015.0,1.5888806019183745,0.09103050438541681,5,1,High-gap
1409800011222,10878.2362132989,276575.0,0.03933181553460496,0.003691844322440455,5,3,Medium-gap
1409800011237,8152.342067336981,197180.0,0.04134446050753866,0.00387698259875995,5,2,High-gap
1409800011241,3879.012276143608,160140.0,0.024222480664811682,0.0022904168382330155,3,2,Medium-gap
1409800011256,2110.7995272355356,202055.0,0.010446606521140355,0.0009945348938304134,3,2,Medium-gap
1409800011260,10803.867746535681,226830.0,0.04762959095774247,0.004452841367396766,5,2,High-gap
1409800011294,5578.332778440138,168930.0,0.0330213683601005,0.0031090287755227214,4,2,High-gap
1409800011330,5917.217015200398,491565.0,0.01203748228152557,0.0011450862471258673,4,4,Medium-gap
1409800011345,5447.154427202168,459180.0,0.011862760931315034,0.0011285631940186234,4,4,Medium-gap
1409800011364,6524.873527699963,417515.0,0.01562784067604586,0.0014839892411706703,4,4,Medium-gap
1409800011379,7735.231220570474,234985.0,0.03291783859706737,0.003099437395343182,5,2,High-gap
1409800011383,20280.623031230407,0.0,20280.623031230407,0.9490833272108501,5,1,High-gap
1409800011398,9037.585562242677,0.0,9037.585562242677,0.8717389057585448,5,1,High-gap
1409800011434,24440.343458066898,16640.0,1.4686823783466678,0.08648091754131323,5,1,High-gap
1409800011449,6323.266080826067,308615.0,0.020489106465076557,0.0019409520931949655,4,3,Medium-gap
1409800011453,5022.7374078967305,41090.0,0.12223448949640385,0.011036077861223608,4,1,High-gap
1409800011468,6980.50561432586,47470.0,0.1470477894783312,0.013128969469385226,4,1,High-gap
1409800011491,3473.1655267716897,425930.0,0.00815429148564366,0.0007771859917998653,3,4,Medium-gap
1409800011504,3309.002460578342,392485.0,0.008430880236692116,0.000803437325316266,3,4,Medium-gap
1409800011519,6364.033913654866,408040.0,0.015596555036515612,0.0014810412881630733,4,4,Medium-gap
1409800011538,14720.504572147935,438890.0,0.03354022883164142,0.0031570834526411027,5,4,Medium-gap
1409800011542,5010.110261360359,409905.0,0.01222258337609198,0.0011625877806286323,4,4,Medium-gap
1409800011576,10615.900891179692,67285.0,0.15777280401836477,0.014019599473152346,5,1,High-gap
1409800011595,4289.406575138171,0.0,4289.406575138171,0.800432204572081,3,1,Medium-gap
1409800011608,13322.57046273932,104035.0,0.12805731153388558,0.011531333092434023,5,1,High-gap
1409800011631,6101.696439160931,162690.0,0.03750481857730871,0.0035234726509571503,4,2,High-gap
1409800011646,8951.489373642802,15895.0,0.5631284205864873,0.04274731980997302,5,1,High-gap
1409800011650,163.16616280477106,4020.0,0.040578503557515806,0.0038065663073907313,2,1,Medium-gap
1409800011665,211.33162301159544,62800.0,0.0033650996482794135,0.00032149310046881947,2,1,Medium-gap
1409800011684,1611.7769896511682,201020.0,0.008017953296676308,0.0007642433386486865,2,2,Medium-gap
1409800011699,1023.8662830731917,122600.0,0.008351206622076423,0.0007958761559066523,2,1,Medium-gap
1409800011716,4282.862196755183,134240.0,0.031904278102481226,0.0030054865938627705,3,2,Medium-gap
1409800011720,7848.374143001779,0.0,7848.374143001779,0.8582388769392706,5,1,High-gap
1409800011735,7115.448978360104,0.0,7115.448978360104,0.8488580740468006,4,1,High-gap
1409800011769,6301.026468483473,111975.0,0.05627122301639166,0.005238993098118833,4,1,High-gap
1409800011773,2795.3717626025896,2250.0,1.241835523146419,0.07725661377730039,3,1,Medium-gap
1409800011788,93.3604094930572,135335.0,0.0006898416496206272,6.599379218942971e-05,1,2,Medium-gap
1409800011792,387.8930896863737,4225.0,0.09178729050789723,0.008403833163339812,2,1,Medium-gap
1409800011805,1199.5530699375263,0.0,1199.5530699375263,0.6785511534424115,2,1,Medium-gap
1409800011824,1191.7690667358809,123865.0,0.009621438221431878,0.0009163523163285787,2,1,Medium-gap
1409800011839,7688.463532094324,0.0,7688.463532094324,0.8562691432738415,5,1,High-gap
1409800011843,5730.980946445751,0.0,5730.980946445751,0.8281540071591352,4,1,High-gap
1409800011858,20.289298258017602,4370.0,0.004641797816979548,0.0004431835559807004,1,1,Medium-gap
1409800011862,3196.7871602060377,0.0,3196.7871602060377,0.7723043779664881,3,1,Medium-gap
1409800011877,2290.445950085622,0.0,2290.445950085622,0.7404104877878014,3,1,Medium-gap
1409800011909,5814.305181550001,275580.0,0.021098352867396523,0.001998068176705872,4,3,Medium-gap
1409800011913,3833.1659486847607,257120.0,0.014908023649117577,0.0014161400160496737,3,2,Medium-gap
1409800011928,22677.08087492075,211480.0,0.10722987348707803,0.009747934109618087,5,2,High-gap
1409800011951,12071.17646941069,1030.0,11.708221599816381,0.24328847655711036,5,1,High-gap
1409800011966,10855.465383333414,0.0,10855.465383333414,0.8892763615532089,5,1,High-gap
1409800011970,7779.423232043226,0.0,7779.423232043226,0.8573945261748767,5,1,High-gap
1409800011985,86.18012482275431,133460.0,0.0006457326471610007,6.177546031892272e-05,1,2,Medium-gap
1409800012004,1512.6856876832703,66540.0,0.02273313727902001,0.0021511589149530185,2,1,Medium-gap
1409800012042,1037.7890238319421,0.0,1037.7890238319421,0.6647010789239339,2,1,Medium-gap
1409800012061,1297.0554918096707,72820.0,0.017811558366538097,0.001689530422561833,2,1,Medium-gap
1409800012076,48.703370759694145,0.0,48.703370759694145,0.37380383738474326,1,1,Medium-gap
1409800012095,49146.16992637141,277900.0,0.17684776206768385,0.015583432467836193,5,3,Medium-gap
1409800012108,2710.084957929987,256950.0,0.01054708858081886,0.0010040509499251323,3,2,Medium-gap
1409800012112,313.00845412952435,188420.0,0.0016612185166702455,0.00015884359629433323,2,2,Medium-gap
1409800012131,6795.207800926291,149200.0,0.04554398295538429,0.004262136837953627,4,2,High-gap
1409800012150,9108.290259074369,38925.0,0.23398988488604966,0.02012079182378241,5,1,High-gap
1409800012165,5097.472877966325,455340.0,0.011194847110113792,0.0010653735920850608,4,4,Medium-gap
1409800012199,4743.4777840329725,0.0,4743.4777840329725,0.8100594233556742,4,1,High-gap
1409800012201,8342.780182837463,0.0,8342.780182837463,0.8640843644741881,5,1,High-gap
1409800012216,13151.442568947046,0.0,13151.442568947046,0.9076357307506907,5,1,High-gap
1409800012220,4344.993643496744,0.0,4344.993643496744,0.8016641186854325,3,1,Medium-gap
1409800012235,4856.604318803432,0.0,4856.604318803432,0.8123144547227383,4,1,High-gap
1409800012254,7792.8782838619645,0.0,7792.8782838619645,0.8575598785081142,5,1,High-gap
1409800012269,4616.434314353373,73595.0,0.06272670137444118,0.005822079166290163,4,1,High-gap
1409800012273,11161.721673486376,124875.0,0.08938244076913399,0.008192809050790298,5,1,High-gap
1409800012292,5452.8821002147,77555.0,0.07030896513763861,0.006502434859085757,4,1,High-gap
1409800012343,6834.881893929273,498585.0,0.013708531514982919,0.0013029701211175174,4,4,Medium-gap
1409800012358,7802.638304461026,458925.0,0.017001953047901024,0.001613378269657471,5,4,Medium-gap
1409800012362,7772.98996079776,409180.0,0.018996458684048773,0.0018008740054433771,5,4,Medium-gap
1409800012377,7113.712181821366,315450.0,0.02255092607670087,0.0021341077182813746,4,3,Medium-gap
1409800012381,0.0,0.0,0.0,0.0,1,1,Medium-gap
1409800012413,6634.338617022446,502090.0,0.01321341871697052,0.0012562180819281105,4,4,Medium-gap
1409800012428,11026.763370944827,529490.0,0.02082521397142695,0.0019724659644522365,5,5,Medium-gap
1409800012432,14631.860902242119,334635.0,0.04372470655351522,0.004095474326001885,5,3,Medium-gap
1409800012447,3451.192081293123,414405.0,0.008328045639525303,0.0007936780249010499,3,4,Medium-gap
1409800012451,5380.369839823854,392480.0,0.013708612238105421,0.0013029777417016355,4,4,Medium-gap
1409800012466,2813.474736275038,0.0,2813.474736275038,0.7600853152125839,3,1,Medium-gap
1409800012470,3435.8132932760595,377890.0,0.009092074945622043,0.0008661628529806434,3,3,Medium-gap
1409800012485,3998.7630078722245,390850.0,0.010230914102489759,0.00097410475607324,3,4,Medium-gap
1409800012502,983.8340847179251,0.0,983.8340847179251,0.6595967583347391,2,1,Medium-gap
1409800012517,0.0,0.0,0.0,0.0,1,1,Medium-gap
1409800012521,1.7114808132075392,0.0,1.7114808132075392,0.09545839239584064,1,1,Medium-gap
1409800012536,342.05571359848807,0.0,342.05571359848807,0.5586753992937579,2,1,Medium-gap
1409800012540,4086.796770112986,144990.0,0.028186554821423303,0.0026600848021757447,3,2,Medium-gap
1409800012555,8074.469632793516,162240.0,0.049768367014463154,0.004648013607305602,5,2,High-gap
1409800012574,0.0,0.0,0.0,0.0,1,1,Medium-gap
1409800012589,2810.9503794931666,207945.0,0.01351769391809973,0.0012849525955269366,3,2,Medium-gap
1409800012606,4619.909722549378,370365.0,0.012473903442943947,0.0011863452765066677,4,3,Medium-gap
1409800012610,3223.074759850525,401150.0,0.008034567431841189,0.0007658206205522356,3,4,Medium-gap
1409800012625,5085.225022830466,255680.0,0.019888943733912437,0.0018846542423764413,4,2,High-gap
1409800012644,1754.7691633964,268280.0,0.006540788066976044,0.0006239029605981169,2,3,Medium-gap
1409800012659,7593.150430966943,265475.0,0.028602022145003476,0.002698746475743426,5,3,Medium-gap
1409800012663,1095.8991957833944,132355.0,0.008279935898511547,0.0007891119297177621,2,2,Medium-gap
1409800012697,3438.7514788475187,94005.0,0.03658012763916685,0.003438142303491156,3,1,Medium-gap
1409800012714,4775.4541232914835,0.0,4775.4541232914835,0.8107022358948623,4,1,High-gap
1409800012729,1217.824072783462,35970.0,0.03385571912883884,0.0031862910459577003,2,1,Medium-gap
1409800012733,3946.4098911350493,102060.0,0.038667168567180894,0.0036306263227940893,3,1,Medium-gap
1409800012748,5704.925936596024,0.0,5704.925936596024,0.8277180148189421,4,1,High-gap
1409800012752,1294.021716474966,304935.0,0.00424358460947532,0.00040524385268038345,2,3,Medium-gap
1409800012767,7253.451873481855,190525.0,0.03807066685639679,0.0035756515487069367,4,2,High-gap
1409800012771,6846.889613229109,298555.0,0.022933351241405664,0.002169891294749166,4,3,Medium-gap
1409800012786,4304.184792749525,341290.0,0.012611480504172464,0.0011993480534616462,3,3,Medium-gap
1409800012790,949.6163487918465,466890.0,0.002033914444253255,0.00019444412371634535,2,4,Low-gap
1409800012803,770.0666429111974,381965.0,0.002016060704123397,0.0001927390071069946,2,3,Medium-gap
1409800012818,7464.722268262224,0.0,7464.722268262224,0.8534432887509785,5,1,High-gap
1409800012822,10987.60701121508,405190.0,0.027117105294083725,0.0025604943373242982,5,4,Medium-gap
1409800012837,1228.5445774509776,55215.0,0.022249793129726487,0.002105921246858971,2,1,Medium-gap
1409800012841,1662.836895698774,3020.0,0.5504259833494783,0.04196647193694954,2,1,Medium-gap
1409800012856,8344.96030690366,340015.0,0.02454284594520158,0.0023203454556329386,5,3,Medium-gap
1409800012860,2992.3928153133934,351505.0,0.008513063262969604,0.0008112360165256729,3,3,Medium-gap
1409800012894,0.0,114925.0,0.0,0.0,1,1,Medium-gap
1409800012907,1.111980105666599,0.0,1.111980105666599,0.07154640101974027,1,1,Medium-gap
1409800012911,0.0,0.0,0.0,0.0,1,1,Medium-gap
1409800012926,26.41376139185246,50240.0,0.000525741155467695,5.0299221627026316e-05,1,1,Medium-gap
1409800012930,1606.546545738018,0.0,1606.546545738018,0.7064879997786572,2,1,Medium-gap
1409800012964,0.0,176790.0,0.0,0.0,1,2,Medium-gap
1409800012979,203.27884007749986,2115.0,0.09606750476252357,0.008778272089471234,2,1,Medium-gap
1409800012983,66.91555237785441,132705.0,0.0005042390877417329,4.82425732220804e-05,1,2,Medium-gap
1409800012998,0.0,0.0,0.0,0.0,1,1,Medium-gap
1409800013002,562.0863942681359,101025.0,0.005563779564351117,0.0005309675432581992,2,1,Medium-gap
1409800013036,5699.805702722528,4930.0,1.1559127363055217,0.07351665614420448,4,1,High-gap
1409800013040,4431.556495779271,75115.0,0.05899617253021022,0.005485555497907023,3,1,Medium-gap
1409800013055,1992.1632864321664,58455.0,0.03407970587163279,0.0032070219750447663,3,1,Medium-gap
1409800013074,199.10013295582732,144455.0,0.0013782752738261293,0.00013180754633140664,2,2,Medium-gap
1409800013089,12.661383314229232,0.0,12.661383314229232,0.250209744134539,1,1,Medium-gap
1409800013093,60.94212956967991,0.0,60.94212956967991,0.3948696552484203,1,1,Medium-gap
1409800013106,1.345238740541746,4850.0,0.00027731163482616904,2.6534524413327708e-05,1,1,Medium-gap
1409800013110,9843.077275560912,218090.0,0.045132890745426965,0.004224502371745776,5,2,High-gap
1409800013125,183.3402889207608,0.0,183.3402889207608,0.49923639272112774,2,1,Medium-gap
1409800013144,0.8650911122230054,0.0,0.8650911122230054,0.059649589074837646,1,1,Medium-gap
1409800013163,3711.863341552136,0.0,3711.863341552136,0.7865963484588477,3,1,Medium-gap
1409800013182,7203.697673492303,101575.0,0.07091928874431266,0.006556989366381064,4,1,High-gap
1409800013197,4188.065196063319,28990.0,0.14446087392857504,0.012912899527357323,3,1,Medium-gap
1409800013214,5687.215771575592,0.0,5687.215771575592,0.8274205231800293,4,1,High-gap
1409800013252,237.02542161948725,0.0,237.02542161948725,0.5236962626122127,2,1,Medium-gap
1409800013267,0.0,0.0,0.0,0.0,1,1,Medium-gap
1409800013271,0.0,0.0,0.0,0.0,1,1,Medium-gap
1409800013286,0.0,0.0,0.0,0.0,1,1,Medium-gap
1409800013290,4812.765724822325,0.0,4812.765724822325,0.811446883748318,4,1,High-gap
1409800013303,374.89645034580883,0.0,374.89645034580883,0.5674242025416627,2,1,Medium-gap
1409800013318,440.2727259985616,0.0,440.2727259985616,0.5827693397199739,2,1,Medium-gap
1409800013322,2467.7409628702253,70325.0,0.035090023076390316,0.0033004753715208212,3,1,Medium-gap
1409800013337,1835.4676203199574,22880.0,0.08021798087146355,0.007384340511198533,2,1,Medium-gap
1409800013341,2004.0720603871189,0.0,2004.0720603871189,0.7276344974959179,3,1,Medium-gap
1409800013356,0.0,0.0,0.0,0.0,1,1,Medium-gap
1409800013360,2947.6628501627606,57600.0,0.051173813825502346,0.004776050109658932,3,1,Medium-gap
1409800013375,0.0,0.0,0.0,0.0,1,1,Medium-gap
1409800013394,1247.536096507847,0.0,1247.536096507847,0.6823015055294165,2,1,Medium-gap
1409800013411,0.0,0.0,0.0,0.0,1,1,Medium-gap
1409800140027,6659.1282243527385,74890.0,0.08891760324141404,0.00815196611871668,4,1,High-gap
1409800141114,8042.907704296901,14160.0,0.5679618462182685,0.0430427760867478,5,1,High-gap
1409800141129,6212.78038930313,9570.0,0.649125523905875,0.047872523883349116,4,1,High-gap
1409800142019,1215.267230421445,5545.0,0.21912499646978814,0.018960993423988184,2,1,Medium-gap
1409800142023,3860.1773121259153,89175.0,0.043287177179127966,0.004055349263400739,3,1,Medium-gap
1409800142038,192.31376073590366,76805.0,0.0025038898098573505,0.0002393180710878238,2,1,Medium-gap
1409800142127,1520.4627575138366,0.0,1520.4627575138366,0.7012210697940506,2,1,Medium-gap
1409800142945,39.139734180589045,92415.0,0.0004235168605067201,4.0521189230110816e-05,1,1,Medium-gap
1409800143017,0.0,0.0,0.0,0.0,1,1,Medium-gap
1409800143021,11.659420771213126,6890.0,0.0016919780541595018,0.00016178229932436685,1,1,Medium-gap
1409800143159,968.2406929254123,0.0,968.2406929254123,0.6580693960803851,2,1,Medium-gap
1409800143178,0.0,86075.0,0.0,0.0,1,1,Medium-gap
1409800143229,165.0568823623158,0.0,165.0568823623158,0.4892404315836603,2,1,Medium-gap
1409800143233,0.0,0.0,0.0,0.0,1,1,Medium-gap
1409800143248,230.00071733959834,54485.0,0.004221281014198112,0.0004031184361210543,2,1,Medium-gap
1409800143407,0.0,0.0,0.0,0.0,1,1,Medium-gap
1409801282875,2803.974635412577,100455.0,0.027912465511393814,0.0026345706291079547,3,1,Medium-gap
1410100010147,12541.561740510428,253740.0,0.04942662691685785,0.004616855104300405,5,2,High-gap
1410100010151,5615.941970159212,192145.0,0.029227472703877325,0.0027569188827068925,4,2,High-gap
1410100010202,10023.866822661097,143385.0,0.06990826735288728,0.006466601088161209,5,2,High-gap
1410100010310,5145.381392708636,181955.0,0.028278162812485633,0.0026686108059360185,4,2,High-gap
1410100010363,13220.36498714121,244205.0,0.05413611863402706,0.005045356968160682,5,2,High-gap
1410100010378,8339.553869116573,210425.0,0.03963176541452374,0.003719458698635865,5,2,High-gap
1410100010382,8756.632594430765,206050.0,0.042497404013718765,0.0039828779112207925,5,2,High-gap
1410100010397,17747.67474447575,128565.0,0.13804329872964663,0.012374761163931006,5,1,High-gap
1410100010433,7819.895073695037,0.0,7819.895073695037,0.8578910339649509,5,1,High-gap
1410100010448,4547.977507806029,109950.0,0.04136367570832488,0.00387874843301103,4,1,High-gap
1410100010452,7236.269852357928,107885.0,0.06707329822551515,0.006212690251876925,4,1,High-gap
1410100010471,15803.057294772763,58770.0,0.2688920946516609,0.022789948880379073,5,1,High-gap
1410100010486,6260.970682342626,217945.0,0.028727164904804977,0.0027103886840225337,4,2,High-gap
1410100010490,4461.738073492213,171785.0,0.025972652448349766,0.0024538044061398335,3,2,Medium-gap
1410100010503,4150.685973298175,138820.0,0.02989955390969792,0.002819388961039762,3,2,Medium-gap
1410100010518,3056.2556911502834,0.0,3056.2556911502834,0.7680035724133278,3,1,Medium-gap
1410100010522,4861.384731285039,173705.0,0.027986279871075492,0.002641442461503529,4,2,High-gap
1410100010537,7237.724808998524,101020.0,0.0716457450331963,0.006621884019367973,4,1,High-gap
1410100010541,5160.608714792074,141915.0,0.036363825888497944,0.0034181710235657576,4,2,High-gap
1410100010556,3993.5225280609566,0.0,3993.5225280609566,0.793593860944993,3,1,Medium-gap
1410100010575,5935.701708915239,0.0,5935.701708915239,0.8315122960311607,4,1,High-gap
1410100010594,4238.315125540984,0.0,4238.315125540984,0.7992857628567323,3,1,Medium-gap
1410100010607,3359.290090503695,92970.0,0.03613266599803912,0.0033968232739310816,3,1,Medium-gap
1410100010611,3546.403744710898,96535.0,0.036736593029656275,0.0034525862563411494,3,1,Medium-gap
1410100010626,3139.947034674371,109225.0,0.028747249140995468,0.0027122570170879058,3,1,Medium-gap
1410100010630,3272.2077339022967,103555.0,0.031598436922074015,0.0029771188796637546,3,1,Medium-gap
1410100010645,6923.000187579597,85220.0,0.0812358478260006,0.0074744724072837564,4,1,High-gap
1410100010679,3198.631511938565,0.0,3198.631511938565,0.7723595567865776,3,1,Medium-gap
1410100010700,7631.407560871398,140500.0,0.054315681460426604,0.005061656914683029,5,2,High-gap
1410100010715,12027.130839919284,114385.0,0.10514512999772073,0.009567579421880638,5,1,High-gap
1410100010734,4306.283243727777,264105.0,0.016305132195890196,0.0015477861592658555,3,3,Medium-gap
1410100010749,8351.169270334834,126680.0,0.06592282402518795,0.006109456839484385,5,1,High-gap
1410100010753,7742.534140457964,102370.0,0.07563210421367345,0.006977206025169447,5,1,High-gap
1410100010768,7713.845450163649,219865.0,0.03508430339462968,0.00329994656309019,5,2,High-gap
1410100010772,9253.169195385579,233335.0,0.03965598619752451,0.0037216881962224015,5,2,High-gap
1410100010787,6459.94223023398,111740.0,0.05781174528806776,0.0053784626655459244,4,1,High-gap
1410100010791,7348.3801548582005,161435.0,0.04551884433991303,0.004259835885225868,5,2,High-gap
1410100010819,2858.713279175762,224955.0,0.012707877447926537,0.0012084577345739275,3,2,Medium-gap
1410100010823,3006.5651648112425,228450.0,0.01316065661700427,0.0012512345657210687,3,2,Medium-gap
1410100010842,1430.7443983608025,139615.0,0.010247710852343588,0.0009756958815048056,2,2,Medium-gap
1410100010857,3024.9502172511807,248100.0,0.012192414449160546,0.0011597354902289176,3,2,Medium-gap
1410100010861,7837.663272399053,225440.0,0.03476591778957267,0.0032705058767420764,5,2,High-gap
1410100010880,4502.570661427816,220980.0,0.02037537463142902,0.0019302861001214608,3,2,Medium-gap
1410100010895,6591.316813607451,168140.0,0.0392011277059578,0.0036798102768128534,4,2,High-gap
1410100010912,16762.4894707307,108365.0,0.1546840288534291,0.013763949151396981,5,1,High-gap
1410100010927,14740.824137187636,137230.0,0.10741613875281558,0.0097640317040605,5,2,High-gap
1410100010931,23942.802539006567,140690.0,0.1701800579923845,0.01503969073012346,5,2,High-gap
1410100010946,16970.249989138312,119425.0,0.1420984541819898,0.01271515331788121,5,1,High-gap
1410100010950,6651.409763963967,86735.0,0.07668568718829513,0.00707089657899,4,1,High-gap
1410100010965,7620.027111654687,58915.0,0.12933714290947598,0.011639845342434339,5,1,High-gap
1410100010984,7706.610406911472,114275.0,0.0674385733392092,0.006245443542393456,5,1,High-gap
1410100010999,6500.203603363831,104845.0,0.06199763084298715,0.005756404119120736,4,1,High-gap
1410100011003,6869.448668104125,118060.0,0.05818558768860271,0.00541227746906958,4,1,High-gap
1410100011018,3705.0142016784794,310775.0,0.011921815718325995,0.0011341482077973921,3,3,Medium-gap
1410100011022,3182.92684868211,234975.0,0.013545752964907523,0.0012876019434440794,3,2,Medium-gap
1410100011037,5535.265257034313,137425.0,0.04027815156545569,0.003778940067478472,4,2,High-gap
1410100011041,2971.0113326421924,192880.0,0.015403338497012108,0.001462833054272416,3,2,Medium-gap
1410100011056,5266.956649909462,232675.0,0.022636441446085807,0.0021421105649815056,4,2,High-gap
1410100011075,11133.536595795076,397135.0,0.028034569003553132,0.0026459377266412594,5,4,Medium-gap
1410100011094,3264.258473653156,0.0,3264.258473653156,0.774302542025649,3,1,Medium-gap
1410100011107,3871.185719724042,348935.0,0.011094257169578495,0.0010558534214426328,3,3,Medium-gap
1410100011126,3481.7204118051404,107625.0,0.03235017943438519,0.00304683025842014,3,1,Medium-gap
1410100011130,6563.873116157606,63435.0,0.10347236768014387,0.009422619737704828,4,1,High-gap
1410100011145,2102.481289545524,60950.0,0.034494615175231315,0.003245411741757164,3,1,Medium-gap
1410100011164,2566.757143763377,133740.0,0.01919199904115699,0.0018192362383019642,3,2,Medium-gap
1410100011179,764.9520724650013,161680.0,0.004731242832893174,0.0004517033480938639,2,2,Medium-gap
1410100011183,0.0,103735.0,0.0,0.0,1,1,Medium-gap
1410100011198,9.474251221059111,0.0,9.474251221059111,0.22478723722325777,1,1,Medium-gap
1410100011200,1254.3840930085905,0.0,1254.3840930085905,0.6828249583612812,2,1,Medium-gap
1410100011215,26.385485516036645,78265.0,0.000337125770015545,3.225686697236364e-05,1,1,Medium-gap
1410100011268,5634.275951891422,0.0,5634.275951891422,0.8265256970077006,4,1,High-gap
1410100011272,2170.65843937462,60285.0,0.0360060119990482,0.003385124684128593,3,1,Medium-gap
1410100011287,562.7281385729998,350.0,1.6032140700085464,0.09155888053720267,2,1,Medium-gap
1410100011291,0.0,0.0,0.0,0.0,1,1,Medium-gap
1410100011304,6596.1298715964895,176405.0,0.037391754654583685,0.0035130432102554307,4,2,High-gap
1410100011319,5650.915080230914,144400.0,0.039133489935879354,0.0036735814359875854,4,2,High-gap
1410100011323,4143.87665918563,196080.0,0.021133494113073834,0.0020013615846665145,3,2,Medium-gap
1410100011338,5154.125924183681,169915.0,0.030333376045714826,0.002859691166561047,4,2,High-gap
1410100011357,5252.406575288777,339990.0,0.015448663568414392,0.0014671046844367585,4,3,Medium-gap
1410100011361,4996.93725123063,297770.0,0.0167811413845896,0.0015925980180849508,4,3,Medium-gap
1410100011376,937.6840412715853,187735.0,0.004994694897470838,0.00047679320557013187,2,2,Medium-gap
1410100011395,4583.646362813347,342835.0,0.013369793028775704,0.0012709865141676358,4,3,Medium-gap
1410100011408,3369.923175044682,363665.0,0.009266533508891901,0.00088270635254893,3,3,Medium-gap
1410100011412,2350.4256699763937,182435.0,0.012883562838345467,0.0012250580835954509,3,2,Medium-gap
1410100011427,2518.9782407148223,226450.0,0.011123723192720819,0.0010586422831623651,3,2,Medium-gap
1410100011431,3410.9474710970067,273180.0,0.012486034794136512,0.0011874919140645365,3,3,Medium-gap
1410100011446,4196.577079724901,177525.0,0.023639225126037316,0.0022359048927914358,3,2,Medium-gap
1410100011484,6414.89586846846,225660.0,0.028427135696768427,0.0026824741685595377,4,2,High-gap
1410100011499,403.38720080090906,0.0,403.38720080090906,0.5744158242125975,2,1,Medium-gap
1410100011501,269.8747060232488,72535.0,0.003720562286633517,0.000355390117313771,2,1,Medium-gap
1410100011516,10698.616417886133,84065.0,0.12726448763930878,0.011464050664641252,5,1,High-gap
1410100011554,5626.139314068104,0.0,5626.139314068104,0.8263874209633328,4,1,High-gap
1410100011569,4717.057947847192,0.0,4717.057947847192,0.80952503481135,4,1,High-gap
1410100011573,6000.094604333866,7485.0,0.8015087636032415,0.05633026231348399,4,1,High-gap
1410100011588,4188.309626864048,57450.0,0.07290229285589543,0.006734028193208432,3,1,Medium-gap
1410100011592,4980.358372399774,0.0,4980.358372399774,0.8147219555591755,4,1,High-gap
1410100011605,8155.729506608752,315580.0,0.02584353781314069,0.0024417604145431414,5,3,Medium-gap
1410100011624,7029.7851423293705,221440.0,0.03174563492004358,0.0029907729983160414,4,2,High-gap
1410100011639,3295.0144503166107,0.0,3295.0144503166107,0.7751997188026589,3,1,Medium-gap
1410100011643,2155.161870035768,58105.0,0.037090177779158226,0.0034852190666152896,3,1,Medium-gap
1410100011658,70.45393468495587,0.0,70.45393468495587,0.4085403636449824,1,1,Medium-gap
1410100011728,78.07378176628849,61855.0,0.001262186073562605,0.00012071267534518514,1,1,Medium-gap
1410100011732,176.9341943875798,27460.0,0.006443108203910265,0.0006146154747511684,2,1,Medium-gap
1410100011747,295.84675361123,0.0,295.84675361123,0.5448300970416438,2,1,Medium-gap
1410100011751,1381.3940285103017,60790.0,0.02272366022125482,0.0021502721334214926,2,1,Medium-gap
1410100011766,6401.819190105367,83950.0,0.07625661624168106,0.007032752235380721,4,1,High-gap
1410100011770,3820.1786523918886,74080.0,0.05156759023760328,0.004811892524285481,3,1,Medium-gap
1410100011817,0.0,127465.0,0.0,0.0,1,1,Medium-gap
1410100011821,134.27505939307173,136900.0,0.0009808186893672927,9.381650826502956e-05,1,2,Medium-gap
1410100011836,65.55712260460767,0.0,65.55712260460767,0.4017465234801139,1,1,Medium-gap
1410100011874,3.6929739640804033,0.0,3.6929739640804033,0.1479556636516996,1,1,Medium-gap
1410100011889,1.039274731279144,64900.0,1.6013231402892776e-05,1.5324239460964042e-06,1,1,Medium-gap
1410100011906,271.1557287609057,0.0,271.1557287609057,0.5365195197463027,2,1,Medium-gap
1410100011982,3826.734138672651,79425.0,0.048179867281150396,0.0045030944218605595,3,1,Medium-gap
1410100011997,4448.55827970032,54990.0,0.08089611535888272,0.007444398608993034,3,1,Medium-gap
1410100012001,7598.367644691584,199915.0,0.03800780150008796,0.003569855913521958,5,2,High-gap
1410100012016,4985.902119864788,180840.0,0.027570640064281816,0.0026027415622816735,4,2,High-gap
1410100012020,11649.920501079016,352820.0,0.03301935117546579,0.0031088419052593395,5,3,Medium-gap
1410100012035,2888.7102811310724,384740.0,0.007508194554599256,0.0007158361703698173,3,3,Medium-gap
1410100012054,3742.3653675545147,172265.0,0.021724341237124647,0.0020567183132184285,3,2,Medium-gap
1410100012069,4153.821112998119,145615.0,0.028525856451201235,0.0026916599799137043,3,2,Medium-gap
1410100012073,5851.254787335475,132880.0,0.04403379555644129,0.004123810206929353,4,2,High-gap
1410100012088,1134.039222085826,66895.0,0.01695227251383978,0.0016087033031466284,2,1,Medium-gap
1410100012251,364.68431710153845,64210.0,0.005679467958784919,0.0005419768156794709,2,1,Medium-gap
1410100012266,30.058116327711193,84445.0,0.00035594482068672514,3.405719095442053e-05,1,1,Medium-gap
1410100012270,3.287152682509518,0.0,3.287152682509518,0.13930037243801652,1,1,Medium-gap
1410100012425,963.7751704564845,47165.0,0.020433684655397626,0.0019357546763421989,2,1,Medium-gap
1410100012459,3.0124188969236614,4440.0,0.0006783199497688948,6.489194087561484e-05,1,1,Medium-gap
1410100012478,1966.986209074287,1095.0,1.7946954462356632,0.098351176907954,3,1,Medium-gap
1410100012482,23.111197039249518,79120.0,0.0002920994052053123,2.7949283517358468e-05,1,1,Medium-gap
1410100012497,868.2522975988655,131165.0,0.006619492075681697,0.0006313855501538355,2,2,Medium-gap
1410100012514,9.17063367478912,0.0,9.17063367478912,0.22197223244132008,1,1,Medium-gap
1410100012529,32.62023055643583,0.0,32.62023055643583,0.33639115629832855,1,1,Medium-gap
1410100012533,39.17302847918369,1490.0,0.026272990261021926,0.002481814469901517,1,1,Medium-gap
1410100012548,2.50473306722404,0.0,2.50473306722404,0.12001639239547647,1,1,Medium-gap
1410100012590,21.460847994587535,0.0,21.460847994587535,0.29779090798886715,1,1,Medium-gap
1410100012603,2011.7357438358954,0.0,2011.7357438358954,0.7279995727108094,3,1,Medium-gap
1410100091450,10548.987581266618,0.0,10548.987581266618,0.8865359397581938,5,1,High-gap
1410100091465,8288.917772018094,68690.0,0.12066963316909193,0.010902542202049266,5,1,High-gap
1410100091520,0.0,92445.0,0.0,0.0,1,1,Medium-gap
1410100091535,666.8167168684142,71085.0,0.009380422542672457,0.0008935046419033158,2,1,Medium-gap
1410100091662,1468.2531427206493,58070.0,0.02528375854937317,0.0023895258923740744,2,1,Medium-gap
1410100091677,6195.942256309833,47960.0,0.12918709485435736,0.011627129678577128,4,1,High-gap
1410100091681,2673.7430361555253,45595.0,0.05863985955249419,0.005453351206350061,3,1,Medium-gap
1410100091696,593.8644951127661,0.0,593.8644951127661,0.6113515493146772,2,1,Medium-gap
1410100091713,246.8873205285021,40290.0,0.006127604689099355,0.0005846109688159696,2,1,Medium-gap
1410100091802,3326.721466727509,60790.0,0.05472391417689311,0.005098704209550757,3,1,Medium-gap
1410100091840,124.45332913143373,58110.0,0.0021416483820865884,0.0002047325794963833,1,1,Medium-gap
1410100091855,58.83200533477833,55080.0,0.0010680998045565317,0.0001021605991343312,1,1,Medium-gap
1410100091893,38.241794236546,60790.0,0.0006290699978047079,6.018189176571103e-05,1,1,Medium-gap
1410100091910,4147.883222169787,56435.0,0.07349711570929525,0.006787069051146845,3,1,Medium-gap
1410100091925,22.674656091758596,53400.0,0.00042461107641726925,4.0625859253978114e-05,1,1,Medium-gap
1410100091944,54.19799360912411,51855.0,0.0010451634065320138,9.996794568292541e-05,1,1,Medium-gap
1410100092092,138.6713603008597,17015.0,0.008149468752988933,0.0007767281972154642,1,1,Medium-gap
1410100092105,1378.707003983959,53040.0,0.025993231726097906,0.002455723929562096,2,1,Medium-gap
1410100092124,1204.2626642382775,59560.0,0.020218979940536213,0.0019156171595485789,2,1,Medium-gap
1410100092139,848.11801560416,16240.0,0.052220800172659315,0.004871319573233889,2,1,Medium-gap
1410100092143,698.6537400872861,21185.0,0.032977142456683005,0.0031049316418621064,2,1,Medium-gap
1410100092158,1215.3754375101566,59500.0,0.020426134644966582,0.001935046620029009,2,1,Medium-gap
1410100092162,1047.9789332916282,54175.0,0.01934397026896833,0.0018335046758034953,2,1,Medium-gap
1410100092177,0.0,56435.0,0.0,0.0,1,1,Medium-gap
1410100092181,773.2799058679079,0.0,773.2799058679079,0.6365775561705884,2,1,Medium-gap
1410100092196,1048.218923703447,56980.0,0.01839593765822725,0.001744459995280624,2,1,Medium-gap
1410100092209,1558.932067185712,14010.0,0.11126486811688759,0.010096045680750367,2,1,Medium-gap
1410100092213,729.2486609345523,30140.0,0.02419457419908272,0.002287809364885728,2,1,Medium-gap
1410100092228,214.9030619262264,0.0,214.9030619262264,0.5143611055880699,2,1,Medium-gap
1410100092232,44.1093661778079,63155.0,0.0006984192503928035,6.68140831088251e-05,1,1,Medium-gap
1410100092247,334.19089600803375,53055.0,0.006298833232962035,0.0006008960367051501,2,1,Medium-gap
1410100092302,178.335977944712,47425.0,0.0037602997921965167,0.0003591787509539122,2,1,Medium-gap
1410100092393,203.36309090873064,47425.0,0.004288008495524198,0.0004094770771931676,2,1,Medium-gap
1410100092406,1073.7426668535718,54250.0,0.01979212672307555,0.0018755692863830756,2,1,Medium-gap
1410100092410,3823.1287775097776,30985.0,0.12338245586748137,0.011133920228082883,3,1,Medium-gap
1410100092444,219.30516192239193,37660.0,0.005823136983149463,0.0005556470502576526,2,1,Medium-gap
1410100092586,4363.090795096131,48000.0,0.09089583123468534,0.008325662415984196,3,1,Medium-gap
1410100092618,12.823355235517308,44190.0,0.00029018024564995835,2.7765677002085827e-05,1,1,Medium-gap
1410100092622,277.8203539411345,18315.0,0.015168178310828484,0.0014406674829192652,2,1,Medium-gap
1410100220024,2499.3779688627105,0.0,2499.3779688627105,0.748760998051624,3,1,Medium-gap
1410100220081,2166.808210505068,0.0,2166.808210505068,0.735102455249269,3,1,Medium-gap
1410100220096,610.3617421456096,20.0,29.064844864076647,0.3256948389795959,2,1,Medium-gap
1410100220113,3933.3169623048557,20.0,187.30080772880265,0.5012706744909795,3,1,Medium-gap
1410100260683,3596.138505767266,0.0,3596.138505767266,0.7835660961231047,3,1,Medium-gap
1410100260698,2457.4756471359005,0.0,2457.4756471359005,0.7471436609148294,3,1,Medium-gap
1410100261234,0.0,0.0,0.0,0.0,1,1,Medium-gap
1410100261249,3.892205453272578,0.0,3.892205453272578,0.15193447833924592,1,1,Medium-gap
1410100261709,1467.7486181291292,0.0,1467.7486181291292,0.697846614723031,2,1,Medium-gap
1410100261785,10.404403791358057,0.0,10.404403791358057,0.23292919515565189,1,1,Medium-gap
1410100262285,1.1239698527133892,0.0,1.1239698527133892,0.07208814461133586,1,1,Medium-gap
1410100272336,5081.843566296952,48695.0,0.10435854210401167,0.009499441956921694,4,1,High-gap
1410100272340,1733.7508484386474,31440.0,0.05514299317574655,0.005136720896459077,2,1,Medium-gap
1410100272355,2191.6622781400624,28485.0,0.07693822502773512,0.007093340049851446,3,1,Medium-gap
1410100312317,8283.504996966281,0.0,8283.504996966281,0.8634020874870987,5,1,High-gap
1410100312321,1040.3828760754466,0.0,1040.3828760754466,0.6649397389347803,2,1,Medium-gap
1410100340274,0.0,0.0,0.0,0.0,1,1,Medium-gap
1410100341978,465.0299920694808,0.0,465.0299920694808,0.5879932019717148,2,1,Medium-gap
1410100342463,604.9449668106903,0.0,604.9449668106903,0.6131177087153242,2,1,Medium-gap
1410100342637,351.4453312465961,0.0,351.4453312465961,0.5612595029564084,2,1,Medium-gap
1410100342641,517.7439940959841,0.0,517.7439940959841,0.5982482609697906,2,1,Medium-gap
1410100380128,2386.7199496790217,0.0,2386.7199496790217,0.7443490280458752,3,1,Medium-gap
1410100380132,2300.223926820547,11765.0,0.19549752905155085,0.01708809074878052,3,1,Medium-gap
1410100380166,700.0810607603595,10300.0,0.06796243673044942,0.006292397482106258,2,1,Medium-gap
1410101892656,1131.5511733844794,0.0,1131.5511733844794,0.6729710361123088,2,1,Medium-gap
1410101892660,891.3944309084288,31080.0,0.028679721724153947,0.002705975144388475,2,1,Medium-gap
1410101892675,60.83274261337988,0.0,60.83274261337988,0.3947005073571744,1,1,Medium-gap
1410101902374,4292.556399200716,0.0,4292.556399200716,0.8005024360654696,3,1,Medium-gap
1410101932694,1285.9920220762165,42065.0,0.030570817811919757,0.002881742392347068,2,1,Medium-gap
1410101932707,771.3370012042068,42620.0,0.0180975810329229,0.0017164194741842134,2,1,Medium-gap
1410101932711,439.2160101437806,0.0,439.2160101437806,0.582539896574677,2,1,Medium-gap
1412000010212,6676.832268038526,0.0,6676.832268038526,0.8427701959373335,4,1,High-gap
1412000010227,15272.987635645235,338790.0,0.04508085408303419,0.004219737489666304,5,3,Medium-gap
1412000010231,22118.393484046697,378760.0,0.05839670262790176,0.0054313679659955295,5,3,Medium-gap
1412000010246,7239.251452826046,445295.0,0.016257167036816064,0.0015432695195773554,4,4,Medium-gap
1412000010265,4816.768138120502,434925.0,0.011074914210970377,0.0010540226301407577,4,4,Medium-gap
1412000010354,7016.127458604907,379470.0,0.018489232269672536,0.0017532264387676597,4,3,Medium-gap
1412000010369,8433.189698868591,442000.0,0.019079571536871162,0.0018086791550450368,5,4,Medium-gap
1412000010373,5090.727627412963,276100.0,0.018437918107551087,0.0017484047944731729,4,3,Medium-gap
1412000010392,4053.018086507962,485080.0,0.008355342894295925,0.0007962687102867008,3,4,Medium-gap
1412000010405,9288.165700658068,531065.0,0.017489663621203518,0.0016592599904485547,5,5,Medium-gap
1412000010547,4590.445122341928,483550.0,0.009493197454543426,0.0009041960962699765,4,4,Medium-gap
1412000010602,23662.928194614786,177010.0,0.13368055202566387,0.012007192551894886,5,2,High-gap
1412000010617,54848.089635206474,232570.0,0.2358337438253543,0.0202636796587092,5,2,High-gap
1412000010636,525.3873805210395,439770.0,0.001194684007178826,0.0001142607799110775,2,4,Low-gap
1412000010640,930.7672622835353,492775.0,0.0018888242574385426,0.00018058644492845014,2,4,Low-gap
1412000010655,3331.8758083429134,566920.0,0.00587714303817095,0.0005607852691468175,3,5,Medium-gap
1412000010689,1737.0445374650465,535115.0,0.0032461083904518767,0.0003101433779145533,2,5,Low-gap
1412000010706,1782.1666997412196,467575.0,0.0038115016590697976,0.00036406019294096364,2,4,Low-gap
1412000010710,3864.1421262817344,451835.0,0.00855208997574725,0.0008149392020379226,3,4,Medium-gap
1412000010814,5002.691718118034,1505.0,3.321840450277579,0.14007155955326658,4,1,High-gap
1412000010890,5389.513529415594,401955.0,0.013408217639282892,0.0012746150942576405,4,4,Medium-gap
1412000010918,2769.3909284638603,410120.0,0.006752619174496942,0.0006440409491735475,3,4,Medium-gap
1412000010937,9098.901032116559,303900.0,0.029940345810367714,0.0028231792637695608,5,3,Medium-gap
1412000010975,1098.6333663705934,240880.0,0.004560896734780217,0.00043547693496371866,2,2,Medium-gap
1412000010994,2194.694756417351,316315.0,0.006938298272668316,0.0006616892797954947,3,3,Medium-gap
1412000011009,17529.95218336038,232870.0,0.0752775235360366,0.006945654066153423,5,2,High-gap
1412000011032,17048.182264044288,315485.0,0.054037840867880944,0.005036434556531414,5,3,Medium-gap
1412000011121,0.0,524030.0,0.0,0.0,1,5,Low-gap
1412000011155,0.0,0.0,0.0,0.0,1,1,Medium-gap
1412000011189,0.0,533995.0,0.0,0.0,1,5,Low-gap
1412000011193,7516.24204190977,299080.0,0.025131125153084848,0.002375278307717933,5,3,Medium-gap
1412000011206,0.0,326825.0,0.0,0.0,1,3,Medium-gap
1412000011210,7313.775756274744,412800.0,0.017717437109587293,0.0016806804107852992,5,4,Medium-gap
1412000011225,0.0,438535.0,0.0,0.0,1,4,Low-gap
1412000011278,0.0,495755.0,0.0,0.0,1,4,Low-gap
1412000011282,903.0665695642363,443395.0,0.0020367043671215713,0.0001947105717986043,2,4,Low-gap
1412000011297,4111.749726763612,500255.0,0.008219291176444883,0.0007833558291466664,3,4,Medium-gap
1412000011418,5920.584554276208,387335.0,0.015285397056499287,0.0014517168506945845,4,4,Medium-gap
1412000011441,11464.127942298222,195705.0,0.058578316159434166,0.005447787691571521,5,2,High-gap
1412000011460,14102.880001377833,15265.0,0.9238097734428031,0.062615998524356,5,1,High-gap
1412000011526,12254.705077435498,0.0,12254.705077435498,0.9008779178262213,5,1,High-gap
1412000011579,9045.479877345791,277585.0,0.032586225088245775,0.003068709020851964,5,3,Medium-gap
1412000011634,8851.951792149432,167805.0,0.052751104204554256,0.0049195378913403105,5,2,High-gap
1412000011649,5348.702888425177,5830.0,0.9172874101226508,0.06229099839631329,4,1,High-gap
1412000011653,2869.237968827909,5830.0,0.4920661925618091,0.038294740130837356,3,1,Medium-gap
1412000011687,5573.908873220171,273440.0,0.020384320102765023,0.0019311250669372005,4,3,Medium-gap
1412000011691,5635.774627056956,234930.0,0.023989063286909588,0.0022686050234333715,4,2,High-gap
1412000011723,5548.375432788024,315935.0,0.017561706905158084,0.0016660356495539564,4,3,Medium-gap
1412000011742,6716.101301174601,321525.0,0.020888205934122283,0.0019783710171830038,4,3,Medium-gap
1412000011757,12183.635748906283,148770.0,0.08189523327063933,0.007532815568278714,5,2,High-gap
1412000011795,4741.224273942236,271755.0,0.01744662224179866,0.0016552117268025237,4,3,Medium-gap
1412000011808,5245.781191298733,299555.0,0.01751185484950638,0.0016613471229780508,4,3,Medium-gap
1412000011812,4787.434445245453,341845.0,0.014004652519688554,0.0013309210416503113,4,3,Medium-gap
1412000011846,7662.879506280958,266300.0,0.028775256218643405,0.0027148623103980204,5,3,Medium-gap
1412000011850,1720.8407740761297,294715.0,0.0058389798113306695,0.0005571543898195098,2,3,Medium-gap
1412000011865,3082.791760754155,381475.0,0.008081220734080663,0.0007702495661140287,3,3,Medium-gap
1412000011884,4104.987196924939,165745.0,0.024766734623610457,0.0023412556460238694,3,2,Medium-gap
1412000011899,3593.3502026150118,258950.0,0.013876564302184629,0.00131883177120833,3,3,Medium-gap
1412000011901,4723.403712929118,239795.0,0.01969759175686466,0.0018666976368629372,4,2,High-gap
1412000011920,1662.4919034215409,431060.0,0.003856743949050229,0.0003683732584270785,2,4,Low-gap
1412000011935,2409.209505784932,471475.0,0.005109930316251372,0.0004877655831764566,3,4,Medium-gap
1412000012064,0.0,0.0,0.0,0.0,1,1,Medium-gap
1412000012115,0.0,25590.0,0.0,0.0,1,1,Medium-gap
1412000012134,3460.3494374202255,1145.0,3.0195021268937396,0.13313121615237414,3,1,Medium-gap
1412000012172,4678.745446579587,0.0,4678.745446579587,0.8087447557010097,4,1,High-gap
1412000012204,4201.515233365024,271355.0,0.01548340642316744,0.001470378871787416,3,3,Medium-gap
1412000012219,5142.633165229785,164375.0,0.03128579090152933,0.0029481113011621705,4,2,High-gap
1412000012223,3443.6300507812434,0.0,3443.6300507812434,0.7794202467990532,3,1,Medium-gap
1412000012238,0.0,0.0,0.0,0.0,1,1,Medium-gap
1412000012242,6516.057414155994,555720.0,0.011725411517930748,0.0011155723281021045,4,5,Medium-gap
1412000012257,6829.2433499631725,170545.0,0.04004340969570188,0.003757343063210542,4,2,High-gap
1412000012261,6573.490703603001,288075.0,0.0228185989239055,0.00215915530928425,4,3,Medium-gap
1412000012276,2864.082043242552,386425.0,0.0074117218904591105,0.0007066722795626205,3,3,Medium-gap
1412000012280,8741.89467489177,321395.0,0.027199761897757812,0.0025681952739188565,5,3,Medium-gap
1412000012295,6567.18116963954,203640.0,0.03224881615018361,0.0030374334930049264,4,2,High-gap
1412000012308,5889.643616868146,206125.0,0.02857302628910543,0.0026960487480651536,4,2,High-gap
1412000012312,5263.719745942919,206670.0,0.025469077644869956,0.0024068216772632394,4,2,High-gap
1412000012327,4065.2771811350685,209350.0,0.019418475102268767,0.0018404990883669247,3,2,Medium-gap
1412000012331,6466.317614624162,180335.0,0.03585705358122705,0.003371364082373901,4,2,High-gap
1412000012346,11363.657907490948,216660.0,0.05244902362442224,0.004892073951126523,5,2,High-gap
1412000012350,0.0,0.0,0.0,0.0,1,1,Medium-gap
1412000012365,1149.853823659324,0.0,1149.853823659324,0.6745052070745009,2,1,Medium-gap
1412000012384,5947.118481092548,373565.0,0.015919860161504387,0.0015115009922501692,4,3,Medium-gap
1412000012399,5884.83646245196,347350.0,0.01694204554600954,0.001607740911311412,4,3,Medium-gap
1412000012401,9737.079538782431,292375.0,0.03330327912955383,0.0031351411603008704,5,3,Medium-gap
1412000012416,153.07061140815134,532500.0,0.0002874560074218665,2.7505047786871514e-05,2,5,Low-gap
1412000012420,0.0,489755.0,0.0,0.0,1,4,Low-gap
1412000012435,7326.751599529796,383785.0,0.019090721390383692,0.0018097261922582733,5,3,Medium-gap
1412000012454,7291.520118610647,0.0,7291.520118610647,0.8511969667943948,5,1,High-gap
1412000012469,3225.720450644074,121510.0,0.02654673610326698,0.0025073373773105245,3,1,Medium-gap
1412000012473,0.0,0.0,0.0,0.0,1,1,Medium-gap
1412000012488,6118.620395839712,347250.0,0.017620166380628743,0.0016715334011291598,4,3,Medium-gap
1412000012492,0.0,0.0,0.0,0.0,1,1,Medium-gap
1412000012505,0.0,0.0,0.0,0.0,1,1,Medium-gap
1412000012524,7162.923373167584,351850.0,0.02035783150585783,0.0019286407657744954,4,3,Medium-gap
1412000012539,12062.266176832738,352145.0,0.03425359418205159,0.003223112984412119,5,3,Medium-gap
1412000012543,5649.158035097006,0.0,5649.158035097006,0.8267780910727471,4,1,High-gap
1412000012558,3933.9056564882167,356580.0,0.011032291839689205,0.0010499883425519104,3,3,Medium-gap
1412000012562,9466.76759196319,290960.0,0.03253620791777313,0.003064073412481915,5,3,Medium-gap
1412000012596,0.0,387200.0,0.0,0.0,1,4,Low-gap
1412000012609,7839.365560761493,314290.0,0.02494301637896565,0.0023577163507056903,5,3,Medium-gap
1412000012613,4166.80193145263,352845.0,0.011809123332707838,0.001123490219846213,3,3,Medium-gap
1412000012628,5398.7109442850915,386060.0,0.013984087862501242,0.0013289802033322883,4,3,Medium-gap
1412000012632,13557.020347777687,402565.0,0.03367651601918117,0.003169701798849011,5,4,Medium-gap
1412000012647,5200.799195240003,330235.0,0.015748734829758124,0.001495379885278942,4,3,Medium-gap
1412000012651,5429.069071464357,411945.0,0.013179079470280951,0.0012529746811408018,4,4,Medium-gap
1412000012666,9481.183313476256,421040.0,0.0225184324412023,0.0021310666674054166,5,4,Medium-gap
1412000012670,5971.5777505035185,424375.0,0.01407143134980187,0.0013372231807706639,4,4,Medium-gap
1412000012685,2364.0044830076654,421850.0,0.005603884980734111,0.000534784244576749,3,4,Medium-gap
1412000012702,1022.4375779628512,0.0,1022.4375779628512,0.6632762774812653,2,1,Medium-gap
1412000012717,0.0,389385.0,0.0,0.0,1,4,Low-gap
1412000012721,1177.6741917051952,349655.0,0.0033680937598816988,0.00032177866993706084,2,3,Medium-gap
1412000012755,7425.665782852884,5480.0,1.3548012740107434,0.08196126554605747,5,1,High-gap
1412000012774,6894.155631407032,0.0,6894.155631407032,0.845834991399142,4,1,High-gap
1412000012789,6252.469292890119,0.0,6252.469292890119,0.8364869415320456,4,1,High-gap
1412000012793,5691.57422472659,23970.0,0.23743582765535814,0.020387658412460798,4,1,High-gap
1412000012806,2322.9242672455784,23970.0,0.09690560540843429,0.008851419054797641,3,1,Medium-gap
1412000012810,4668.454540194387,0.0,4668.454540194387,0.8085340808108323,4,1,High-gap
1412000012825,7801.591195651888,0.0,7801.591195651888,0.8576668013481555,5,1,High-gap
1412000012844,4949.197994853626,0.0,4949.197994853626,0.8141214455543617,4,1,High-gap
1412000012863,11018.155983148463,334590.0,0.032930222221005535,0.0031005847106857997,5,3,Medium-gap
1412000012882,0.0,522375.0,0.0,0.0,1,5,Low-gap
1412000012897,2695.896662678357,449740.0,0.00599433154344024,0.0005719338145133267,3,4,Medium-gap
1412000012914,0.0,531180.0,0.0,0.0,1,5,Low-gap
1412000012929,14994.265849456378,459660.0,0.03262026982810458,0.003071864170488181,5,4,Medium-gap
1412000012933,2293.149274528437,506080.0,0.004531190213678121,0.00043264694187438986,3,4,Medium-gap
1412000012948,0.0,519440.0,0.0,0.0,1,5,Low-gap
1412000012952,1865.561086463137,523005.0,0.0035669974846620055,0.0003407476077986327,2,5,Low-gap
1412000012967,1197.6000690363016,415265.0,0.002883934800913876,0.00027558995120357697,2,4,Low-gap
1412000012971,260.09139561234605,0.0,260.09139561234605,0.5325476730198905,2,1,Medium-gap
1412000012986,6877.098564432862,504070.0,0.013643114887452089,0.001296794331543002,4,4,Medium-gap
1412000012990,3066.055973186157,482295.0,0.006357207966033633,0.0006064472609300988,3,4,Medium-gap
1412000013005,0.0,445815.0,0.0,0.0,1,4,Low-gap
1412000013039,6865.085028704686,290320.0,0.023646532729994337,0.002236588064636923,4,3,Medium-gap
1412000013043,6285.410273030967,264495.0,0.023763725247379797,0.002247543469505918,4,3,Medium-gap
1412000013058,6033.514746184881,361465.0,0.016691790503629334,0.0015841880593200014,4,3,Medium-gap
1412000013062,6076.447084086329,349450.0,0.017388552569849072,0.001649749703364327,4,3,Medium-gap
1412000013077,7255.904887135148,313875.0,0.023117106395949827,0.0021870805323604787,5,3,Medium-gap
1412000013081,686.5711309680456,560340.0,0.001225273772520743,0.00011718462529824723,2,5,Low-gap
1412000013096,2251.4774672124763,559820.0,0.004021781010738212,0.00038410502421694294,3,5,Medium-gap
1412000013113,7451.351629068434,121900.0,0.061126255150232026,0.005677850978688955,5,1,High-gap
1412000013128,4927.8361261381515,471850.0,0.010443627598835546,0.0009942527634372086,4,4,Medium-gap
1412000013132,2823.1564566423594,463935.0,0.006085228257006052,0.0005805802370594945,3,4,Medium-gap
1412000013147,849.6485814793726,331050.0,0.002566518697963071,0.0002452963819940975,2,3,Medium-gap
1412000013151,0.0,408305.0,0.0,0.0,1,4,Low-gap
1412000013166,0.0,578720.0,0.0,0.0,1,5,Low-gap
1412000013170,0.0,524635.0,0.0,0.0,1,5,Low-gap
1412000013185,4388.2463316742505,310215.0,0.014145776915678915,0.001344238929585091,3,3,Medium-gap
1412000013202,722.3312417834791,446355.0,0.0016182850500127233,0.00015474167018849244,2,4,Low-gap
1412000013217,3371.106423319627,390680.0,0.008628795419586893,0.0008222172475381322,3,4,Medium-gap
1412000013236,7171.993087315409,459330.0,0.015613997503576744,0.0014826848512942221,4,4,Medium-gap
1412000013274,3697.560135067669,231735.0,0.015955915934803694,0.001514897331662443,3,2,Medium-gap
1412000013289,0.0,0.0,0.0,0.0,1,1,Medium-gap
1412000013293,1815.2189237923226,284395.0,0.00638271608529066,0.0006088728889492994,2,3,Medium-gap
1412000013306,0.0,0.0,0.0,0.0,1,1,Medium-gap
1412000013310,2802.344840340933,207035.0,0.013535543771812307,0.0012866379952931482,3,2,Medium-gap
1412000013325,4060.846206283582,246970.0,0.01644260340802597,0.0015607299564629456,3,2,Medium-gap
1412000013378,2035.673524482906,161990.0,0.012566584097159139,0.001195104967846011,3,2,Medium-gap
1412000013382,0.0,220420.0,0.0,0.0,1,2,Medium-gap
1412000013397,8550.558759041873,254450.0,0.03360395030493837,0.003162983404430548,5,2,High-gap
1412000013414,5850.849626845964,0.0,5850.849626845964,0.8301346330535363,4,1,High-gap
1412000013429,19.02324966506364,0.0,19.02324966506364,0.2867971435286296,1,1,Medium-gap
1412000013433,2567.5339902377427,250935.0,0.010231827996930462,0.0009741913283047627,3,2,Medium-gap
1412000013448,154.49019837441742,170395.0,0.0009066539025236357,8.672576903028499e-05,2,2,Medium-gap
1412000013452,97.42247153286522,178285.0,0.0005464392691117935,5.227893098478927e-05,1,2,Medium-gap
1412000013486,452.8902026990169,205140.0,0.002207702032743415,0.00021104007324563234,2,2,Medium-gap
1412000013490,2708.143966267595,0.0,2708.143966267595,0.7564351069801286,3,1,Medium-gap
1412000013503,4118.3443133801975,278740.0,0.014774806409463256,0.0014035778168314385,3,3,Medium-gap
1412000013518,4637.997215667875,242250.0,0.01914542031061946,0.0018148625785519568,4,2,High-gap
1412000013556,6033.476722927816,237110.0,0.025445790043177312,0.002404648422930863,4,2,High-gap
1412000013560,6592.857091985012,253005.0,0.026058105704943803,0.002461774770499648,4,2,High-gap
1412000013575,0.0,210360.0,0.0,0.0,1,2,Medium-gap
1412000013594,3144.439284081309,235320.0,0.01336234030996515,0.0012702827100463767,3,2,Medium-gap
1412000013607,1637.900262657512,306220.0,0.0053487522497069504,0.0005105015005806409,2,3,Medium-gap
1412000013611,985.8973972754873,223110.0,0.004418865037024115,0.00042194552224961076,2,2,Medium-gap
1412000013626,450.45949878554876,183425.0,0.0024558105109719927,0.00023472835415714135,2,2,Medium-gap
1412000013630,497.0694913144843,142470.0,0.003488916981803204,0.0003333017188735811,2,2,Medium-gap
1412000013645,0.0,0.0,0.0,0.0,1,1,Medium-gap
1412000013664,61505.52784416721,197100.0,0.31205081579579613,0.025990789704408906,5,2,High-gap
1412000013679,260.08122331849484,116625.0,0.0022300449584011697,0.00021317351549295186,2,1,Medium-gap
1412000013683,1787.099838543305,12075.0,0.14798773091613987,0.013207356611678305,2,1,Medium-gap
1412000013698,550.5005079149331,209210.0,0.002631317224787096,0.0002514814051287166,2,2,Medium-gap
1412000013700,285.98246362498446,235675.0,0.001213456031267437,0.00011605506696592537,2,2,Medium-gap
1412000013715,0.0,0.0,0.0,0.0,1,1,Medium-gap
1412000013734,4604.66977239568,0.0,4604.66977239568,0.8072178334623695,4,1,High-gap
1412000013768,15.685367705624174,0.0,15.685367705624174,0.26934544865931115,1,1,Medium-gap
1412000013772,7620.345811812279,255245.0,0.029854907860700185,0.002815240366394939,5,2,High-gap
1412000013787,7059.911780021688,0.0,7059.911780021688,0.8481083106728404,4,1,High-gap
1412000013791,4629.6683402014,25430.0,0.1820482222563564,0.01600538841435831,4,1,High-gap
1412000013804,4966.039308543067,99605.0,0.0498568289916578,0.0046560775659069895,4,1,High-gap
1412000013819,4238.58427805641,92565.0,0.0457898610511031,0.004284639292872692,3,1,Medium-gap
1412000013857,530.2055150543146,0.0,530.2055150543146,0.6005199896141015,2,1,Medium-gap
1412000013861,2897.576154457368,0.0,2897.576154457368,0.7629030494174406,3,1,Medium-gap
1412000013876,327.1006654295307,126830.0,0.0025790277253158194,0.00024649040051468845,2,1,Medium-gap
1412000013950,213.3508396913338,208950.0,0.0010210568013138668,9.766336965141376e-05,2,2,Medium-gap
1412000013965,0.0,0.0,0.0,0.0,1,1,Medium-gap
1412000013984,0.0,0.0,0.0,0.0,1,1,Medium-gap
1412000014041,0.0,221400.0,0.0,0.0,1,2,Medium-gap
1412000014060,2729.935179701383,191285.0,0.01427148447717754,0.0013561003726323372,3,2,Medium-gap
1412000014075,3594.114031546639,174460.0,0.02060124630459896,0.0019514676221546053,3,2,Medium-gap
1412000014094,106.67275974562145,210575.0,0.0005065760568422871,4.8466103808426996e-05,1,2,Medium-gap
1412000014107,747.7288208332051,242905.0,0.003078264105593131,0.00029413162671447046,2,2,Medium-gap
1412000014111,1924.0436886997709,0.0,1924.0436886997709,0.7237365848764932,2,1,Medium-gap
1412000014126,1203.391818339838,0.0,1203.391818339838,0.6788566584351167,2,1,Medium-gap
1412000014130,210.02062894889386,0.0,210.02062894889386,0.5121721427291277,2,1,Medium-gap
1412000014183,783.9949914213106,524805.0,0.001493875815865883,0.00014285443726092255,2,5,Low-gap
1412000014198,0.0,560575.0,0.0,0.0,1,5,Low-gap
1412000014200,1057.5860707248821,368045.0,0.002873516002686844,0.0002745957537730441,2,3,Medium-gap
1412000014215,1246.9194665371995,427240.0,0.002918538872760806,0.00027889191620403795,2,4,Low-gap
1412000014234,5622.182376590629,465850.0,0.012068627901605082,0.0011480313273460883,4,4,Medium-gap
1412000014249,8747.05056740705,518690.0,0.016863702218482778,0.0016003682214281525,5,5,Medium-gap
1412000014253,2306.8324257589784,510155.0,0.004521817690586759,0.0004317540506664438,3,4,Medium-gap
1412000014268,6887.246424372035,142965.0,0.048174016370130204,0.004502560236085182,4,2,High-gap
1412000014272,4950.914708306596,260.0,18.9690218709065,0.28653761831595825,4,1,High-gap
1412000014287,3250.7419308725857,60895.0,0.053381863026678036,0.004976858525086683,3,1,Medium-gap
1412000014291,4337.98607629827,73475.0,0.05903949692822513,0.005489470506236684,3,1,Medium-gap
1412000014304,2648.809608973462,169780.0,0.015601331179422091,0.0014814913358147932,3,2,Medium-gap
1412000014319,4826.22601031245,371815.0,0.012980146121502167,0.0012341829216003805,4,3,Medium-gap
1412000014323,5125.480867772773,172800.0,0.029661175964101904,0.0027972363513753826,4,2,High-gap
1412000014338,6618.982628309159,0.0,6618.982628309159,0.8419375573415934,4,1,High-gap
1412000014342,2471.3404706008664,503470.0,0.004908605402497594,0.00046859519601529843,3,4,Medium-gap
1412000014357,284.79022479312346,495060.0,0.0005752628964776532,5.503575190485503e-05,2,4,Low-gap
1412000014361,459.09129495748704,511060.0,0.0008983101722837138,8.592800965684827e-05,2,4,Low-gap
1412000014376,2088.925537607907,595605.0,0.0035072271562205668,0.0003350478601003892,3,5,Medium-gap
1412000014380,1453.4051861594733,486155.0,0.0029895860303266303,0.0002856709702020983,2,4,Low-gap
1412000014395,957.0924028827153,421515.0,0.0022705956663156683,0.0002170454291500775,2,4,Low-gap
1412000014408,0.0,398250.0,0.0,0.0,1,4,Low-gap
1412000014412,0.0,451110.0,0.0,0.0,1,4,Low-gap
1412000014427,14264.006238801818,385125.0,0.037037245573661136,0.0034803345906219583,5,3,Medium-gap
1412000014431,6384.708093974125,441300.0,0.014467921201116982,0.0013746326948307693,4,4,Medium-gap
1412000014446,919.0932770197153,306940.0,0.0029943646401742203,0.00028612691004241473,2,3,Medium-gap
1412000014450,1036.826013580981,472375.0,0.0021949167899744716,0.00020981923692731135,2,4,Low-gap
1412000014465,1530.465803187986,457370.0,0.003346223969573904,0.0003196927746986994,2,4,Low-gap
1412000014484,4712.920468442058,315225.0,0.014950925584951934,0.0014201852575255627,4,3,Medium-gap
1412000014499,3474.1670678084506,343820.0,0.010104580778394719,0.0009621365832138278,3,3,Medium-gap
1412000014501,8126.647583765301,324895.0,0.025013073672083684,0.0023642573216151454,5,3,Medium-gap
1412000014516,16925.054988748532,0.0,16925.054988748532,0.9317752632606907,5,1,High-gap
1412000014520,6925.082741722301,245185.0,0.028244201307261838,0.002665450079440845,4,2,High-gap
1412000014535,4385.739960667296,295365.0,0.014848492922906822,0.0014105265557007793,3,3,Medium-gap
1412000014554,8578.073919465673,228080.0,0.037609769860118436,0.003533152734181416,5,2,High-gap
1412000014569,2790.721901329466,271095.0,0.01029422013356695,0.000980101482721592,3,3,Medium-gap
1412000014573,3030.8487096297554,310950.0,0.009747029948865754,0.0009282559317388406,3,3,Medium-gap
1412000014588,2407.990431630011,269185.0,0.008945451961209019,0.0008522567243944452,3,3,Medium-gap
1412000014592,5182.383224548309,268670.0,0.019288956472966228,0.0018283397272322514,4,3,Medium-gap
1412000014605,0.0,386460.0,0.0,0.0,1,3,Medium-gap
1412000014643,7292.874855804798,0.0,7292.874855804798,0.8512147430591316,5,1,High-gap
1412000014658,12729.969935598481,213035.0,0.059755017628938215,0.005554105364758866,5,2,High-gap
1412000014662,6101.135235039773,160965.0,0.03790325432103533,0.0035602168020984846,4,2,High-gap
1412000014677,3741.6360521085767,185335.0,0.02018839325392032,0.001912748037834451,3,2,Medium-gap
1412000014728,829.0673651367008,517590.0,0.0016017808755111676,0.00015316479046731794,2,5,Low-gap
1412000014732,150.15704885044613,440100.0,0.00034118770202850283,3.2645454456587464e-05,2,4,Low-gap
1412000014766,2002.8629576534177,0.0,2002.8629576534177,0.7275767720066453,3,1,Medium-gap
1412000014770,0.0,0.0,0.0,0.0,1,1,Medium-gap
1412000014821,12488.953203223296,156825.0,0.07963573134061505,0.007332744248690071,5,2,High-gap
1412000014836,34526.989340421576,0.0,34526.989340421576,1.0,5,1,High-gap
1412000014840,3080.1009117345843,129780.0,0.023733065022881503,0.0022446774078823464,3,2,Medium-gap
1412000014855,87.90461496855696,133420.0,0.000658851417457199,6.303008365381051e-05,1,2,Medium-gap
1412000014874,23.13988389298425,136530.0,0.00016948446794489347,1.6217971439255132e-05,1,2,Medium-gap
1412000014889,1966.673765532767,53770.0,0.03657498959537236,0.0034376679529211905,3,1,Medium-gap
1412000014906,0.0,0.0,0.0,0.0,1,1,Medium-gap
1412000014910,48.44164919189164,0.0,48.44164919189164,0.3732985912024962,1,1,Medium-gap
1412000014925,57.67424479886778,0.0,57.67424479886778,0.3896828470933035,1,1,Medium-gap
1412000014944,2020.978824603041,0.0,2020.978824603041,0.7284380409237414,3,1,Medium-gap
1412000014963,163.79720571421547,0.0,163.79720571421547,0.4885117159365864,2,1,Medium-gap
1412000014978,1924.8749300239567,0.0,1924.8749300239567,0.7237778987784509,2,1,Medium-gap
1412000015105,1911.6808316585227,132240.0,0.014456037323209313,0.0013735116426344808,2,2,Medium-gap
1412000015124,0.0,0.0,0.0,0.0,1,1,Medium-gap
1412000015139,1298.3790425417249,0.0,1298.3790425417249,0.6861212721132264,2,1,Medium-gap
1412000015143,3255.140115201452,4470.0,0.7280563889960752,0.05234661605106575,3,1,Medium-gap
1412000015158,0.0,0.0,0.0,0.0,1,1,Medium-gap
1412000015162,2278.0035793563547,0.0,2278.0035793563547,0.7398894386089626,3,1,Medium-gap
1412000015177,6415.902062904113,36665.0,0.17498232866699703,0.015431620041986546,4,1,High-gap
1412000015181,0.0,0.0,0.0,0.0,1,1,Medium-gap
1412000015196,1037.1041275635732,341680.0,0.003035299380309626,0.00029003251317153604,2,3,Medium-gap
1412000015209,5866.393239108929,179145.0,0.032746437202666706,0.003083556022707388,4,2,High-gap
1412000015228,335.66667941933986,167270.0,0.0020067236963929183,0.00019184726661676822,2,2,Medium-gap
1412000015251,0.0,316435.0,0.0,0.0,1,3,Medium-gap
1412000015266,0.0,0.0,0.0,0.0,1,1,Medium-gap
1412000015270,0.0,365655.0,0.0,0.0,1,3,Medium-gap
1412000015285,987.3976523238143,169280.0,0.005832891182848721,0.0005565751001887293,2,2,Medium-gap
1412000015302,3805.3515364577434,0.0,3805.3515364577434,0.788976146384206,3,1,Medium-gap
1412000015317,3680.1328403809925,0.0,3680.1328403809925,0.7857749879864783,3,1,Medium-gap
1412000015336,4824.798324822956,124175.0,0.038854515565189374,0.003647886076627253,4,1,High-gap
1412000015340,2135.062219094978,138595.0,0.015404933902096582,0.0014629834153643924,3,2,Medium-gap
1412000015355,1862.092700367776,131235.0,0.014188886436402938,0.00134830679902008,2,2,Medium-gap
1412000015374,1158.9205554176237,158440.0,0.007314524368172529,0.0006974386473185437,2,2,Medium-gap
1412000015444,1371.3950785470358,124175.0,0.011043962428706318,0.0010510930026562957,2,1,Medium-gap
1412000015459,904.279448650274,492790.0,0.00183501616029975,0.00017544668076828346,2,4,Low-gap
1412000015463,1806.6160342455628,469360.0,0.003849097036706422,0.00036764427198286145,2,4,Low-gap
1412000015478,5997.700961938406,415720.0,0.014427226341556973,0.0013707937367161197,4,4,Medium-gap
1412000015482,1089.1001986786061,365115.0,0.002982888174384596,0.0002850319063451541,2,3,Medium-gap
1412000015497,1309.1983140585953,377785.0,0.003465449524488984,0.00033106370918690775,2,3,Medium-gap
1412000015533,5317.112662422672,0.0,5317.112662422672,0.820982130526115,4,1,High-gap
1412000015548,6614.932753022998,158830.0,0.04164761761257562,0.0039048382655674577,4,2,High-gap
1412000015552,6784.35015959019,31605.0,0.21465386823989716,0.01860937637738924,4,1,High-gap
1412000015622,0.0,116375.0,0.0,0.0,1,1,Medium-gap
1412000015637,170.22387785891016,0.0,170.22387785891016,0.4921727688261014,2,1,Medium-gap
1412000015641,0.0,0.0,0.0,0.0,1,1,Medium-gap
1412000015656,91.45777818765495,146460.0,0.0006244514115543042,5.9740178571269046e-05,1,2,Medium-gap
1412000015660,0.0,101935.0,0.0,0.0,1,1,Medium-gap
1412000015675,0.0,128930.0,0.0,0.0,1,2,Medium-gap
1412000015694,819.4129944084896,141385.0,0.0057955737796421825,0.0005530245384741459,2,2,Medium-gap
1412000015745,1137.3323185055515,0.0,1137.3323185055515,0.6734582878307254,2,1,Medium-gap
1412000015798,2553.0788309176296,350505.0,0.007283980390970853,0.00069453682709749,3,3,Medium-gap
1412000015800,6043.683864649123,393765.0,0.01534841470479707,0.001457656543742055,4,4,Medium-gap
1412000015815,650.622516034369,438100.0,0.0014850970804320671,0.00014201557821187682,2,4,Low-gap
1412000015834,1291.2249386444691,117020.0,0.011034130101814796,0.0010501623410281338,2,1,Medium-gap
1412000015849,2037.8067804470388,173395.0,0.011752328660678671,0.0011181183606402217,3,2,Medium-gap
1412000015938,0.0,0.0,0.0,0.0,1,1,Medium-gap
1412000015942,0.0,0.0,0.0,0.0,1,1,Medium-gap
1412000016014,8.95413160993035,0.0,8.95413160993035,0.2199131136733212,1,1,Medium-gap
1412000016029,0.0,18490.0,0.0,0.0,1,1,Medium-gap
1412000016033,131.62782647839578,173860.0,0.0007570865604039766,7.242435177019175e-05,1,2,Medium-gap
1412000016048,0.0,138385.0,0.0,0.0,1,2,Medium-gap
1412000016052,209.2743003049924,198585.0,0.0010538220232291925,0.00010079569035132001,2,2,Medium-gap
1412000016067,1518.7010004411063,201865.0,0.00752331249661214,0.0007172721367007386,2,2,Medium-gap
1412000016071,267.11411208119887,122795.0,0.002175267208062143,0.00020794290873688088,2,1,Medium-gap
1412000016086,2543.076466677147,0.0,2543.076466677147,0.7504190441124073,3,1,Medium-gap
1412000016090,944.7740020180015,0.0,944.7740020180015,0.6557238989562347,2,1,Medium-gap
1412000016103,172.91555130477272,150045.0,0.0011524169341720055,0.00011022064159352402,2,2,Medium-gap
1412000016118,942.1054763196046,116375.0,0.008095358805248544,0.0007715916974643767,2,1,Medium-gap
1412000016122,393.4841376114803,0.0,393.4841376114803,0.5720430938890401,2,1,Medium-gap
1412000016141,0.0,116375.0,0.0,0.0,1,1,Medium-gap
1412000016175,0.0,0.0,0.0,0.0,1,1,Medium-gap
1412000016283,0.0,197365.0,0.0,0.0,1,2,Medium-gap
1412000016298,326.19376317741353,0.0,326.19376317741353,0.5541450193573824,2,1,Medium-gap
1412000016300,1982.7670195754067,141385.0,0.014023786086142947,0.0013327267820370298,3,2,Medium-gap
1412000016315,0.0,0.0,0.0,0.0,1,1,Medium-gap
1412000016391,6081.176328137543,0.0,6081.176328137543,0.8338290394279986,4,1,High-gap
1412000016423,2039.984166179891,0.0,2039.984166179891,0.7293333426126434,3,1,Medium-gap
1412000016438,0.0,0.0,0.0,0.0,1,1,Medium-gap
1412000016495,0.0,0.0,0.0,0.0,1,1,Medium-gap
1412000016508,5480.269564424691,0.0,5480.269564424691,0.8238739621780732,4,1,High-gap
1412000016512,0.0,160240.0,0.0,0.0,1,2,Medium-gap
1412000016527,4354.324523231353,60720.0,0.07171035594327091,0.0066276536093377875,3,1,Medium-gap
1412000016531,7238.044315649618,72615.0,0.09967561302811526,0.009092780196277088,4,1,High-gap
1412000016546,7402.1076688497915,86750.0,0.08532590597053395,0.007835792696097825,5,1,High-gap
1412000016550,0.0,0.0,0.0,0.0,1,1,Medium-gap
1412000016565,0.0,0.0,0.0,0.0,1,1,Medium-gap
1412000016584,3252.574538127563,126095.0,0.02579443073632441,0.002437179240638584,3,1,Medium-gap
1412000016599,1587.189479645092,0.0,1587.189479645092,0.7053286689921059,2,1,Medium-gap
1412000016601,176.0279204152149,26785.0,0.006571638931352756,0.0006268361001751855,2,1,Medium-gap
1412000016616,0.0,62210.0,0.0,0.0,1,1,Medium-gap
1412000016620,2820.816734091954,131060.0,0.021522930040911895,0.0020378516061841105,3,2,Medium-gap
1412000016635,5246.645912551454,52510.0,0.09991517801130151,0.009113625818851976,4,1,High-gap
1412000016705,5091.231263618452,0.0,5091.231263618452,0.8168286040576055,4,1,High-gap
1412000016724,976.1711519205346,0.0,976.1711519205346,0.6588492251340021,2,1,Medium-gap
1412000016739,0.0,14170.0,0.0,0.0,1,1,Medium-gap
1412000016743,4226.909397840875,94190.0,0.04487593716852857,0.004200971394040044,3,1,Medium-gap
1412000016758,1219.2985779602036,0.0,1219.2985779602036,0.680112298253424,2,1,Medium-gap
1412000016762,0.0,0.0,0.0,0.0,1,1,Medium-gap
1412000016777,350.7449859583115,0.0,350.7449859583115,0.5610691517084889,2,1,Medium-gap
1412000016781,0.0,0.0,0.0,0.0,1,1,Medium-gap
1412000016796,0.0,0.0,0.0,0.0,1,1,Medium-gap
1412000016809,0.0,0.0,0.0,0.0,1,1,Medium-gap
1412000016813,0.0,0.0,0.0,0.0,1,1,Medium-gap
1412000016828,0.0,0.0,0.0,0.0,1,1,Medium-gap
1412000016832,3645.9510900828204,135770.0,0.026853680757178047,0.0025359475088198025,3,2,Medium-gap
1412000016847,2486.9829450047628,0.0,2486.9829450047628,0.7482854177957052,3,1,Medium-gap
1412000016851,665.7789327450147,0.0,665.7789327450147,0.6222730897102773,2,1,Medium-gap
1412000016866,1094.6527443672976,0.0,1094.6527443672976,0.6698012783910817,2,1,Medium-gap
1412000016870,750.6786088799917,147210.0,0.005099337745684709,0.00048675704226973284,2,2,Medium-gap
1412000016885,2480.2731202609725,45695.0,0.05427768557994075,0.005058208042495596,3,1,Medium-gap
1412000016902,1120.3505352714935,36525.0,0.030672686176189387,0.0028912013538095176,2,1,Medium-gap
1412000016917,235.59601410505093,0.0,235.59601410505093,0.5231198367627191,2,1,Medium-gap
1412000016921,306.5216856587807,0.0,306.5216856587807,0.548211071851962,2,1,Medium-gap
1412000017008,38.97464745057979,0.0,38.97464745057979,0.3529581719754443,1,1,Medium-gap
1412000017012,0.0,0.0,0.0,0.0,1,1,Medium-gap
1412000017027,0.0,0.0,0.0,0.0,1,1,Medium-gap
1412000017031,0.0,0.0,0.0,0.0,1,1,Medium-gap
1412000017046,124.89124074972791,6350.0,0.01966481510781419,0.0018636215147988177,1,1,Medium-gap
1412000017050,0.0,0.0,0.0,0.0,1,1,Medium-gap
1412000017065,0.0,0.0,0.0,0.0,1,1,Medium-gap
1412000017084,0.0,0.0,0.0,0.0,1,1,Medium-gap
1412000017099,0.0,0.0,0.0,0.0,1,1,Medium-gap
1412000017101,0.0,0.0,0.0,0.0,1,1,Medium-gap
1412000017116,0.0,0.0,0.0,0.0,1,1,Medium-gap
1412000017120,0.0,0.0,0.0,0.0,1,1,Medium-gap
1412000017135,0.0,0.0,0.0,0.0,1,1,Medium-gap
1412000017154,0.0,0.0,0.0,0.0,1,1,Medium-gap
1412000017169,0.0,0.0,0.0,0.0,1,1,Medium-gap
1412000017188,294.463097850719,0.0,294.463097850719,0.5443829881440189,2,1,Medium-gap
1412000017205,1082.9793940651257,0.0,1082.9793940651257,0.6687762169652594,2,1,Medium-gap
1412000017258,0.0,0.0,0.0,0.0,1,1,Medium-gap
1412000017262,0.0,0.0,0.0,0.0,1,1,Medium-gap
1412000017277,0.0,0.0,0.0,0.0,1,1,Medium-gap
1412000017281,510.83426191753045,0.0,510.83426191753045,0.5969649846800924,2,1,Medium-gap
1412000017296,902.1350949092791,98800.0,0.009130829595948211,0.0008698381133808757,2,1,Medium-gap
1412000017309,1824.0073311770639,0.0,1824.0073311770639,0.7186296871041555,2,1,Medium-gap
1412000017313,0.0,99635.0,0.0,0.0,1,1,Medium-gap
1412000017328,0.0,0.0,0.0,0.0,1,1,Medium-gap
1412000017332,0.0,69690.0,0.0,0.0,1,1,Medium-gap
1412000017366,0.0,0.0,0.0,0.0,1,1,Medium-gap
1412000017370,0.0,0.0,0.0,0.0,1,1,Medium-gap
1412000017385,0.0,0.0,0.0,0.0,1,1,Medium-gap
1412000017402,0.0,0.0,0.0,0.0,1,1,Medium-gap
1412000017417,108.9156905878896,0.0,108.9156905878896,0.4497537803063763,1,1,Medium-gap
1412000620161,3701.480834276264,3290.0,1.1247282996889285,0.07212231129082616,3,1,Medium-gap
1412000620176,7200.023385282912,3290.0,2.187791973650232,0.11094556391896823,4,1,High-gap
1412000620180,2905.7798213666197,3170.0,0.916360713139899,0.062244732718145936,3,1,Medium-gap
1412000620208,1361.0962250738867,20630.0,0.06597335199815262,0.0061139931131666955,2,1,Medium-gap
1412000620284,340.91430519578296,42165.0,0.008085052060802138,0.0007706132769719018,2,1,Medium-gap
1412000620299,753.3055548533982,0.0,753.3055548533982,0.6340763983454555,2,1,Medium-gap
1412001395980,5638.5977805946295,0.0,5638.5977805946295,0.826599062072752,4,1,High-gap
1412001395995,949.7135886559776,0.0,949.7135886559776,0.6562224102560739,2,1,Medium-gap
1412002065054,2421.0728354929993,0.0,2421.0728354929993,0.7457160568555607,3,1,Medium-gap
1412002066461,1.423590500859779,0.0,1.423590500859779,0.08471677624216983,1,1,Medium-gap
1412002067347,0.7467297874955323,0.0,0.7467297874955323,0.0533751837558542,1,1,Medium-gap
1412002312026,4983.820722756426,0.0,4983.820722756426,0.814788448534335,4,1,High-gap
1412002312045,717.8552147040343,0.0,717.8552147040343,0.6294697237423615,2,1,Medium-gap
1412002312079,3217.478309884274,0.0,3217.478309884274,0.7729215940387372,3,1,Medium-gap
1412002313823,5785.993280247072,0.0,5785.993280247072,0.8290680845938511,4,1,High-gap
1412002313838,3668.6222557771503,0.0,3668.6222557771503,0.7854752793860171,3,1,Medium-gap
1412002313842,2688.3108033884364,0.0,2688.3108033884364,0.7557319409392389,3,1,Medium-gap
1412002313895,358.14956578108433,0.0,358.14956578108433,0.5630627808020969,2,1,Medium-gap
1412002313999,1764.6971639535925,0.0,1764.6971639535925,0.7154679743751968,2,1,Medium-gap
1412002314003,2672.3412627839302,0.0,2672.3412627839302,0.7551619768293886,3,1,Medium-gap
1412002314145,10115.571965430529,0.0,10115.571965430529,0.8825214211399625,5,1,High-gap
1412002314164,7691.398900101233,4825.0,1.593742001678664,0.09121003780410968,5,1,High-gap
1412002314179,14578.773139277911,0.0,14578.773139277911,0.9174952863918682,5,1,High-gap
1412002314802,0.0,0.0,0.0,0.0,1,1,Medium-gap
1412002314817,110.60957695510953,0.0,110.60957695510953,0.451217314556746,1,1,Medium-gap
1412002315035,168.96172887143214,0.0,168.96172887143214,0.49146473284927555,2,1,Medium-gap
1412002315590,181.39078982419977,0.0,181.39078982419977,0.49821894328298594,2,1,Medium-gap
1412002315603,0.0,0.0,0.0,0.0,1,1,Medium-gap
1412002315618,651.0137001758875,0.0,651.0137001758875,0.6201301233678147,2,1,Medium-gap
1412002315726,3029.255852444791,0.0,3029.255852444791,0.7671546702450891,3,1,Medium-gap
1412002315730,449.5726083434544,21750.0,0.020669054679943653,0.0019578255595218254,2,1,Medium-gap
1412002315779,5693.6153804281485,4785.0,1.189639653244494,0.07500216004469826,4,1,High-gap
1412002315872,5300.938166174327,800.0,6.617900332302531,0.19431511729952644,4,1,High-gap
1412002315887,7992.227869728981,15760.0,0.5070888820334357,0.0392534469653717,5,1,High-gap
1412002316207,234.78263038427139,0.0,234.78263038427139,0.5227902732882717,2,1,Medium-gap
1412002316211,57.644423051194806,0.0,57.644423051194806,0.389634195238637,1,1,Medium-gap
1412002316226,181.03783128283627,0.0,181.03783128283627,0.49803357100918816,2,1,Medium-gap
1412002316230,4150.031001969709,20.0,197.62052390331948,0.5063766827635068,3,1,Medium-gap
1412002316245,1608.1710877921919,0.0,1608.1710877921919,0.7065846608219969,2,1,Medium-gap
1412002316264,981.6012630735349,0.0,981.6012630735349,0.6593795446548818,2,1,Medium-gap
1412002316404,643.5585083346101,0.0,643.5585083346101,0.6190295973245739,2,1,Medium-gap
1412002316476,36.180855353294604,2220.0,0.016290344598511752,0.0015463937077386629,1,1,Medium-gap
1412002316480,2.9814936482289354,0.0,2.9814936482289354,0.1322219874526897,1,1,Medium-gap
1412002316654,1893.2113340953194,80.0,23.37297943327555,0.30560958009714906,2,1,Medium-gap
1412002316669,663.7949739216956,21955.0,0.03023296474411075,0.002850364436254659,2,1,Medium-gap
1412002316673,2941.9013565815585,15965.0,0.18426038811108345,0.016184317049922493,3,1,Medium-gap
1412002316688,2482.707836066645,0.0,2482.707836066645,0.7481208379667882,3,1,Medium-gap
1412002316692,1270.2570693440748,0.0,1270.2570693440748,0.6840273721232394,2,1,Medium-gap
1412002316974,136.9158992919392,20130.0,0.006801246798069605,0.0006486631968957603,1,1,Medium-gap
1412002316989,1200.7965760768661,0.0,1200.7965760768661,0.6786502241304849,2,1,Medium-gap
1412002316993,1391.377199397527,0.0,1391.377199397527,0.6927365017351217,2,1,Medium-gap
1412002317173,87.20090376574531,0.0,87.20090376574531,0.4286909663315326,1,1,Medium-gap
1412002317192,645.4622953543751,0.0,645.4622953543751,0.6193118375164485,2,1,Medium-gap
1412002317224,50.53045907454412,0.0,50.53045907454412,0.3772585701422481,1,1,Medium-gap
1412002317239,63.76182083559459,0.0,63.76182083559459,0.399129723297242,1,1,Medium-gap
1412002317243,102.73950605126751,0.0,102.73950605126751,0.4442194988799777,1,1,Medium-gap
1412002317351,1042.1140490949304,0.0,1042.1140490949304,0.6650986934024785,2,1,Medium-gap
1412002317436,190.6097967884899,2220.0,0.08582161044056276,0.007879491236755519,2,1,Medium-gap
1412002434709,3294.193382559514,16160.0,0.20383598679286638,0.017753257117751137,3,1,Medium-gap
1412002434713,15753.048668969319,11565.0,1.3620135456483935,0.08225392126175372,5,1,High-gap
1412004306936,684.2601578331562,8545.0,0.08006788647708357,0.007371042500680682,2,1,Medium-gap
1412004306940,3104.268582130134,15535.0,0.19981131450374187,0.01743278252039807,3,1,Medium-gap
1412004306955,4401.210856836821,15475.0,0.28438943246554804,0.023951657343129998,3,1,Medium-gap
1412004307421,1846.5313525435135,0.0,1846.5313525435135,0.7198035528237482,2,1,Medium-gap
1412007500301,0.0,0.0,0.0,0.0,1,1,Medium-gap
1412007500316,500.6685676552709,0.0,500.6685676552709,0.5950451666486375,2,1,Medium-gap
1412007530320,1044.520223515298,0.0,1044.520223515298,0.6653191881866641,2,1,Medium-gap
1412007560335,138.72614926449998,12905.0,0.010748965540407562,0.0010231666519292834,2,1,Medium-gap
1412007560424,2194.8145320386448,12905.0,0.17006156299695063,0.015029999637753366,3,1,Medium-gap
1412007570439,1397.4992453600707,5170.0,0.270257057698718,0.022892837217084672,2,1,Medium-gap
1412007570462,1936.349820428184,20.0,92.20713430610401,0.4339741781921803,3,1,Medium-gap
1412007580496,5882.956626261354,790.0,7.437366152037111,0.2040925380296652,4,1,High-gap
1412007580509,7251.006119979019,2390.0,3.032624893341288,0.13344314000765797,4,1,High-gap
1412007580551,5094.417333995379,2390.0,2.1306638787099033,0.10921501434736136,4,1,High-gap
1412007580566,4693.495441407418,2390.0,1.9629842916802251,0.10394701280149182,4,1,High-gap
1412007580693,7504.430390748196,2390.0,3.1386158054153896,0.1359259209758153,5,1,High-gap
1412007580744,8532.375263138107,2390.0,3.5685383785604796,0.14538395216956806,5,1,High-gap
1412007580759,4030.0456827748053,2490.0,1.6178425061319972,0.09209513887765551,3,1,Medium-gap
1412007580797,4337.452587809917,2235.0,1.9398267387343098,0.10319613470368208,3,1,Medium-gap
1412007580829,4531.533940064499,2235.0,2.02662519680881,0.1059807161643813,4,1,High-gap
1412007580833,2550.6208533839094,2490.0,1.0239345055736289,0.0674713304438495,3,1,Medium-gap
1412007580848,3047.5320983091096,2490.0,1.2234171410313568,0.07646713342425136,3,1,Medium-gap
1412007630852,1010.6653434913911,0.0,1010.6653434913911,0.6621691164463421,2,1,Medium-gap
1412007630867,312.11929924394104,0.0,312.11929924394104,0.5499373376365698,2,1,Medium-gap
1412400010122,2974.711511171212,0.0,2974.711511171212,0.7654164208114107,3,1,Medium-gap
1412400010137,6333.817911512876,0.0,6333.817911512876,0.8377238085486265,4,1,High-gap
1412400010141,1878.2603183791412,0.0,1878.2603183791412,0.7214330916677691,2,1,Medium-gap
1412400010156,3677.1775653146483,0.0,3677.1775653146483,0.7856981290740466,3,1,Medium-gap
1412400010175,9650.303771003084,0.0,9650.303771003084,0.878015775827654,5,1,High-gap
1412400010211,3163.1344289123563,0.0,3163.1344289123563,0.7712919375367183,3,1,Medium-gap
1412400010226,1095.3071312004263,0.0,1095.3071312004263,0.6698584177532709,2,1,Medium-gap
1412400010230,2.196443636727226,0.0,2.196443636727226,0.11120493668944147,1,1,Medium-gap
1412400010245,4.974831166791717,0.0,4.974831166791717,0.17106574175681494,1,1,Medium-gap
1412400010264,1.7321003568686424,0.0,1.7321003568686424,0.09618337877383289,1,1,Medium-gap
1412400010279,99.38318349398581,0.0,99.38318349398581,0.4410721493505027,1,1,Medium-gap
1412400010283,172.73580119365795,0.0,172.73580119365795,0.49356650041871475,2,1,Medium-gap
1412400010298,36.35117930906673,0.0,36.35117930906673,0.3464620919928798,1,1,Medium-gap
1412400010300,417.7862131856981,0.0,417.7862131856981,0.5777640835813943,2,1,Medium-gap
1412400010315,5.123551620790157,0.0,5.123551620790157,0.17341861581202414,1,1,Medium-gap
1412400010334,1356.3040389795462,0.0,1356.3040389795462,0.6902950422089894,2,1,Medium-gap
1412400010349,17.482390623081887,0.0,17.482390623081887,0.27913405292951743,1,1,Medium-gap
1412400010372,80.9147287951346,0.0,80.9147287951346,0.4216152004645407,1,1,Medium-gap
1412400010404,152.33001508655164,0.0,152.33001508655164,0.4816096703400204,2,1,Medium-gap
1412400010419,388.9508901604991,0.0,388.9508901604991,0.5709370032785495,2,1,Medium-gap
1412400010423,24.055087591839918,0.0,24.055087591839918,0.3082510192542152,1,1,Medium-gap
1412400010438,1046.3503578041211,0.0,1046.3503578041211,0.6654865568386862,2,1,Medium-gap
1412400010442,49.108467771964406,0.0,49.108467771964406,0.37458064378020733,1,1,Medium-gap
1412400010457,26.51896370917888,0.0,26.51896370917888,0.31722735521502526,1,1,Medium-gap
1412400010461,161.26019940999754,0.0,161.26019940999754,0.48702701256835934,2,1,Medium-gap
1412400010476,1.759482473589227,0.0,1.759482473589227,0.09713772618805952,1,1,Medium-gap
1412400010480,4228.761781675556,0.0,4228.761781675556,0.799069862708394,3,1,Medium-gap
1412400010495,6101.542186791131,0.0,6101.542186791131,0.83414894444567,4,1,High-gap
1412400010508,0.0,0.0,0.0,0.0,1,1,Medium-gap
1412400010512,2395.5667397669454,0.0,2395.5667397669454,0.7447029458776894,3,1,Medium-gap
1412400010527,2723.1954978744866,0.0,2723.1954978744866,0.7569653175597251,3,1,Medium-gap
1412400010531,24.886771592178206,0.0,24.886771592178206,0.3113760591728636,1,1,Medium-gap
1412400010546,6.433980183001942,0.0,6.433980183001942,0.19197631459493458,1,1,Medium-gap
1412400010550,60.48125420841352,0.0,60.48125420841352,0.39415495903063436,1,1,Medium-gap
1412400010565,49.620518440988704,0.0,49.620518440988704,0.3755536052428618,1,1,Medium-gap
1412400010584,0.0,0.0,0.0,0.0,1,1,Medium-gap
1412400940387,3335.6930380378967,0.0,3335.6930380378967,0.7763735722786259,3,1,Medium-gap
1412400940391,2396.3028417398427,0.0,2396.3028417398427,0.7447323349037144,3,1,Medium-gap
1412401760160,4064.776936219753,0.0,4064.776936219753,0.7952858801820453,3,1,Medium-gap
1412401760599,60.41751749340304,0.0,60.41751749340304,0.39405569872781415,1,1,Medium-gap
1412401760601,0.0,0.0,0.0,0.0,1,1,Medium-gap
