ANIO,ID_MES,TRANSPORTE,VARIABLE,CVEGEO,CVE_ENT,CVE_MUN,VALOR,ESTATUS
1997,1,Tren Eléctrico,Ingresos por pasaje,14039.0,14,39,5050000.0,Cifras Definitivas
1997,1,Tren Eléctrico,Kilómetros recorridos,14039.0,14,39,400000.0,Cifras Definitivas
1997,1,Tren Eléctrico,Longitud de servicio,14039.0,14,39,24.0,Cifras Definitivas
1997,1,Tren Eléctrico,Pasajeros transportados,14039.0,14,39,3858000.0,Cifras Definitivas
1997,1,Tren Eléctrico,Unidades en operación,14039.0,14,39,40.0,Cifras Definitivas
1997,1,Trolebús,Ingresos por pasaje,14039.0,14,39,1810000.0,Cifras Definitivas
1997,1,Trolebús,Kilómetros recorridos,14039.0,14,39,305000.0,Cifras Definitivas
1997,1,Trolebús,Lineas en servicio,14039.0,14,39,4.0,Cifras Definitivas
1997,1,Trolebús,Longitud de servicio,14039.0,14,39,101.0,Cifras Definitivas
1997,1,Trolebús,Pasajeros transportados,14039.0,14,39,1251000.0,Cifras Definitivas
1997,1,Trolebús,Unidades en operación,14039.0,14,39,53.0,Cifras Definitivas
1997,2,Tren Eléctrico,Ingresos por pasaje,14039.0,14,39,4739000.0,Cifras Definitivas
1997,2,Tren Eléctrico,Kilómetros recorridos,14039.0,14,39,359000.0,Cifras Definitivas
1997,2,Tren Eléctrico,Longitud de servicio,14039.0,14,39,24.0,Cifras Definitivas
1997,2,Tren Eléctrico,Pasajeros transportados,14039.0,14,39,3607000.0,Cifras Definitivas
1997,2,Tren Eléctrico,Unidades en operación,14039.0,14,39,40.0,Cifras Definitivas
1997,2,Trolebús,Ingresos por pasaje,14039.0,14,39,1720000.0,Cifras Definitivas
1997,2,Trolebús,Kilómetros recorridos,14039.0,14,39,346000.0,Cifras Definitivas
1997,2,Trolebús,Lineas en servicio,14039.0,14,39,4.0,Cifras Definitivas
1997,2,Trolebús,Longitud de servicio,14039.0,14,39,101.0,Cifras Definitivas
1997,2,Trolebús,Pasajeros transportados,14039.0,14,39,1187000.0,Cifras Definitivas
1997,2,Trolebús,Unidades en operación,14039.0,14,39,60.0,Cifras Definitivas
1997,3,Tren Eléctrico,Ingresos por pasaje,14039.0,14,39,4651000.0,Cifras Definitivas
1997,3,Tren Eléctrico,Kilómetros recorridos,14039.0,14,39,365000.0,Cifras Definitivas
1997,3,Tren Eléctrico,Longitud de servicio,14039.0,14,39,24.0,Cifras Definitivas
1997,3,Tren Eléctrico,Pasajeros transportados,14039.0,14,39,3455000.0,Cifras Definitivas
1997,3,Tren Eléctrico,Unidades en operación,14039.0,14,39,40.0,Cifras Definitivas
1997,3,Trolebús,Ingresos por pasaje,14039.0,14,39,1797000.0,Cifras Definitivas
1997,3,Trolebús,Kilómetros recorridos,14039.0,14,39,328000.0,Cifras Definitivas
1997,3,Trolebús,Lineas en servicio,14039.0,14,39,4.0,Cifras Definitivas
1997,3,Trolebús,Longitud de servicio,14039.0,14,39,101.0,Cifras Definitivas
1997,3,Trolebús,Pasajeros transportados,14039.0,14,39,1245000.0,Cifras Definitivas
1997,3,Trolebús,Unidades en operación,14039.0,14,39,55.0,Cifras Definitivas
1997,4,Tren Eléctrico,Ingresos por pasaje,14039.0,14,39,6568000.0,Cifras Definitivas
1997,4,Tren Eléctrico,Kilómetros recorridos,14039.0,14,39,388000.0,Cifras Definitivas
1997,4,Tren Eléctrico,Longitud de servicio,14039.0,14,39,24.0,Cifras Definitivas
1997,4,Tren Eléctrico,Pasajeros transportados,14039.0,14,39,3698000.0,Cifras Definitivas
1997,4,Tren Eléctrico,Unidades en operación,14039.0,14,39,40.0,Cifras Definitivas
1997,4,Trolebús,Ingresos por pasaje,14039.0,14,39,2109000.0,Cifras Definitivas
1997,4,Trolebús,Kilómetros recorridos,14039.0,14,39,334000.0,Cifras Definitivas
1997,4,Trolebús,Lineas en servicio,14039.0,14,39,4.0,Cifras Definitivas
1997,4,Trolebús,Longitud de servicio,14039.0,14,39,101.0,Cifras Definitivas
1997,4,Trolebús,Pasajeros transportados,14039.0,14,39,1071000.0,Cifras Definitivas
1997,4,Trolebús,Unidades en operación,14039.0,14,39,58.0,Cifras Definitivas
1997,5,Tren Eléctrico,Ingresos por pasaje,14039.0,14,39,6722000.0,Cifras Definitivas
1997,5,Tren Eléctrico,Kilómetros recorridos,14039.0,14,39,401000.0,Cifras Definitivas
1997,5,Tren Eléctrico,Longitud de servicio,14039.0,14,39,24.0,Cifras Definitivas
1997,5,Tren Eléctrico,Pasajeros transportados,14039.0,14,39,3919000.0,Cifras Definitivas
1997,5,Tren Eléctrico,Unidades en operación,14039.0,14,39,40.0,Cifras Definitivas
1997,5,Trolebús,Ingresos por pasaje,14039.0,14,39,2227000.0,Cifras Definitivas
1997,5,Trolebús,Kilómetros recorridos,14039.0,14,39,223000.0,Cifras Definitivas
1997,5,Trolebús,Lineas en servicio,14039.0,14,39,4.0,Cifras Definitivas
1997,5,Trolebús,Longitud de servicio,14039.0,14,39,101.0,Cifras Definitivas
1997,5,Trolebús,Pasajeros transportados,14039.0,14,39,1117000.0,Cifras Definitivas
1997,5,Trolebús,Unidades en operación,14039.0,14,39,56.0,Cifras Definitivas
1997,6,Tren Eléctrico,Ingresos por pasaje,14039.0,14,39,6398000.0,Cifras Definitivas
1997,6,Tren Eléctrico,Kilómetros recorridos,14039.0,14,39,389000.0,Cifras Definitivas
1997,6,Tren Eléctrico,Longitud de servicio,14039.0,14,39,24.0,Cifras Definitivas
1997,6,Tren Eléctrico,Pasajeros transportados,14039.0,14,39,3843000.0,Cifras Definitivas
1997,6,Tren Eléctrico,Unidades en operación,14039.0,14,39,40.0,Cifras Definitivas
1997,6,Trolebús,Ingresos por pasaje,14039.0,14,39,2232000.0,Cifras Definitivas
1997,6,Trolebús,Kilómetros recorridos,14039.0,14,39,305000.0,Cifras Definitivas
1997,6,Trolebús,Lineas en servicio,14039.0,14,39,4.0,Cifras Definitivas
1997,6,Trolebús,Longitud de servicio,14039.0,14,39,101.0,Cifras Definitivas
1997,6,Trolebús,Pasajeros transportados,14039.0,14,39,1118000.0,Cifras Definitivas
1997,6,Trolebús,Unidades en operación,14039.0,14,39,53.0,Cifras Definitivas
1997,7,Tren Eléctrico,Ingresos por pasaje,14039.0,14,39,6704000.0,Cifras Definitivas
1997,7,Tren Eléctrico,Kilómetros recorridos,14039.0,14,39,406000.0,Cifras Definitivas
1997,7,Tren Eléctrico,Longitud de servicio,14039.0,14,39,24.0,Cifras Definitivas
1997,7,Tren Eléctrico,Pasajeros transportados,14039.0,14,39,4003000.0,Cifras Definitivas
1997,7,Tren Eléctrico,Unidades en operación,14039.0,14,39,40.0,Cifras Definitivas
1997,7,Trolebús,Ingresos por pasaje,14039.0,14,39,2386000.0,Cifras Definitivas
1997,7,Trolebús,Kilómetros recorridos,14039.0,14,39,305000.0,Cifras Definitivas
1997,7,Trolebús,Lineas en servicio,14039.0,14,39,4.0,Cifras Definitivas
1997,7,Trolebús,Longitud de servicio,14039.0,14,39,101.0,Cifras Definitivas
1997,7,Trolebús,Pasajeros transportados,14039.0,14,39,1193000.0,Cifras Definitivas
1997,7,Trolebús,Unidades en operación,14039.0,14,39,53.0,Cifras Definitivas
1997,8,Tren Eléctrico,Ingresos por pasaje,14039.0,14,39,6640000.0,Cifras Definitivas
1997,8,Tren Eléctrico,Kilómetros recorridos,14039.0,14,39,406000.0,Cifras Definitivas
1997,8,Tren Eléctrico,Longitud de servicio,14039.0,14,39,24.0,Cifras Definitivas
1997,8,Tren Eléctrico,Pasajeros transportados,14039.0,14,39,3857000.0,Cifras Definitivas
1997,8,Tren Eléctrico,Unidades en operación,14039.0,14,39,40.0,Cifras Definitivas
1997,8,Trolebús,Ingresos por pasaje,14039.0,14,39,2253000.0,Cifras Definitivas
1997,8,Trolebús,Kilómetros recorridos,14039.0,14,39,305000.0,Cifras Definitivas
1997,8,Trolebús,Lineas en servicio,14039.0,14,39,4.0,Cifras Definitivas
1997,8,Trolebús,Longitud de servicio,14039.0,14,39,101.0,Cifras Definitivas
1997,8,Trolebús,Pasajeros transportados,14039.0,14,39,1126000.0,Cifras Definitivas
1997,8,Trolebús,Unidades en operación,14039.0,14,39,53.0,Cifras Definitivas
1997,9,Tren Eléctrico,Ingresos por pasaje,14039.0,14,39,6639000.0,Cifras Definitivas
1997,9,Tren Eléctrico,Kilómetros recorridos,14039.0,14,39,389000.0,Cifras Definitivas
1997,9,Tren Eléctrico,Longitud de servicio,14039.0,14,39,24.0,Cifras Definitivas
1997,9,Tren Eléctrico,Pasajeros transportados,14039.0,14,39,3989000.0,Cifras Definitivas
1997,9,Tren Eléctrico,Unidades en operación,14039.0,14,39,40.0,Cifras Definitivas
1997,9,Trolebús,Ingresos por pasaje,14039.0,14,39,2219000.0,Cifras Definitivas
1997,9,Trolebús,Kilómetros recorridos,14039.0,14,39,305000.0,Cifras Definitivas
1997,9,Trolebús,Lineas en servicio,14039.0,14,39,4.0,Cifras Definitivas
1997,9,Trolebús,Longitud de servicio,14039.0,14,39,101.0,Cifras Definitivas
1997,9,Trolebús,Pasajeros transportados,14039.0,14,39,1119000.0,Cifras Definitivas
1997,9,Trolebús,Unidades en operación,14039.0,14,39,53.0,Cifras Definitivas
1997,10,Tren Eléctrico,Ingresos por pasaje,14039.0,14,39,7493000.0,Cifras Definitivas
1997,10,Tren Eléctrico,Kilómetros recorridos,14039.0,14,39,415000.0,Cifras Definitivas
1997,10,Tren Eléctrico,Longitud de servicio,14039.0,14,39,24.0,Cifras Definitivas
1997,10,Tren Eléctrico,Pasajeros transportados,14039.0,14,39,4538000.0,Cifras Definitivas
1997,10,Tren Eléctrico,Unidades en operación,14039.0,14,39,40.0,Cifras Definitivas
1997,10,Trolebús,Ingresos por pasaje,14039.0,14,39,2401000.0,Cifras Definitivas
1997,10,Trolebús,Kilómetros recorridos,14039.0,14,39,305000.0,Cifras Definitivas
1997,10,Trolebús,Lineas en servicio,14039.0,14,39,4.0,Cifras Definitivas
1997,10,Trolebús,Longitud de servicio,14039.0,14,39,101.0,Cifras Definitivas
1997,10,Trolebús,Pasajeros transportados,14039.0,14,39,1208000.0,Cifras Definitivas
1997,10,Trolebús,Unidades en operación,14039.0,14,39,53.0,Cifras Definitivas
1997,11,Tren Eléctrico,Ingresos por pasaje,14039.0,14,39,6668000.0,Cifras Definitivas
1997,11,Tren Eléctrico,Kilómetros recorridos,14039.0,14,39,384000.0,Cifras Definitivas
1997,11,Tren Eléctrico,Longitud de servicio,14039.0,14,39,24.0,Cifras Definitivas
1997,11,Tren Eléctrico,Pasajeros transportados,14039.0,14,39,4103000.0,Cifras Definitivas
1997,11,Tren Eléctrico,Unidades en operación,14039.0,14,39,40.0,Cifras Definitivas
1997,11,Trolebús,Ingresos por pasaje,14039.0,14,39,2208000.0,Cifras Definitivas
1997,11,Trolebús,Kilómetros recorridos,14039.0,14,39,305000.0,Cifras Definitivas
1997,11,Trolebús,Lineas en servicio,14039.0,14,39,4.0,Cifras Definitivas
1997,11,Trolebús,Longitud de servicio,14039.0,14,39,101.0,Cifras Definitivas
1997,11,Trolebús,Pasajeros transportados,14039.0,14,39,1104000.0,Cifras Definitivas
1997,11,Trolebús,Unidades en operación,14039.0,14,39,53.0,Cifras Definitivas
1997,12,Tren Eléctrico,Ingresos por pasaje,14039.0,14,39,7493000.0,Cifras Definitivas
1997,12,Tren Eléctrico,Kilómetros recorridos,14039.0,14,39,403000.0,Cifras Definitivas
1997,12,Tren Eléctrico,Longitud de servicio,14039.0,14,39,24.0,Cifras Definitivas
1997,12,Tren Eléctrico,Pasajeros transportados,14039.0,14,39,4228000.0,Cifras Definitivas
1997,12,Tren Eléctrico,Unidades en operación,14039.0,14,39,40.0,Cifras Definitivas
1997,12,Trolebús,Ingresos por pasaje,14039.0,14,39,2178000.0,Cifras Definitivas
1997,12,Trolebús,Kilómetros recorridos,14039.0,14,39,305000.0,Cifras Definitivas
1997,12,Trolebús,Lineas en servicio,14039.0,14,39,4.0,Cifras Definitivas
1997,12,Trolebús,Longitud de servicio,14039.0,14,39,101.0,Cifras Definitivas
1997,12,Trolebús,Pasajeros transportados,14039.0,14,39,1089000.0,Cifras Definitivas
1997,12,Trolebús,Unidades en operación,14039.0,14,39,53.0,Cifras Definitivas
1998,1,Tren Eléctrico,Ingresos por pasaje,14039.0,14,39,7020000.0,Cifras Definitivas
1998,1,Tren Eléctrico,Kilómetros recorridos,14039.0,14,39,399000.0,Cifras Definitivas
1998,1,Tren Eléctrico,Longitud de servicio,14039.0,14,39,24.0,Cifras Definitivas
1998,1,Tren Eléctrico,Pasajeros transportados,14039.0,14,39,4092000.0,Cifras Definitivas
1998,1,Tren Eléctrico,Unidades en operación,14039.0,14,39,40.0,Cifras Definitivas
1998,1,Trolebús,Ingresos por pasaje,14039.0,14,39,1888000.0,Cifras Definitivas
1998,1,Trolebús,Kilómetros recorridos,14039.0,14,39,305000.0,Cifras Definitivas
1998,1,Trolebús,Lineas en servicio,14039.0,14,39,4.0,Cifras Definitivas
1998,1,Trolebús,Longitud de servicio,14039.0,14,39,101.0,Cifras Definitivas
1998,1,Trolebús,Pasajeros transportados,14039.0,14,39,962000.0,Cifras Definitivas
1998,1,Trolebús,Unidades en operación,14039.0,14,39,53.0,Cifras Definitivas
1998,2,Tren Eléctrico,Ingresos por pasaje,14039.0,14,39,6402000.0,Cifras Definitivas
1998,2,Tren Eléctrico,Kilómetros recorridos,14039.0,14,39,362000.0,Cifras Definitivas
1998,2,Tren Eléctrico,Longitud de servicio,14039.0,14,39,24.0,Cifras Definitivas
1998,2,Tren Eléctrico,Pasajeros transportados,14039.0,14,39,3620000.0,Cifras Definitivas
1998,2,Tren Eléctrico,Unidades en operación,14039.0,14,39,40.0,Cifras Definitivas
1998,2,Trolebús,Ingresos por pasaje,14039.0,14,39,2067000.0,Cifras Definitivas
1998,2,Trolebús,Kilómetros recorridos,14039.0,14,39,305000.0,Cifras Definitivas
1998,2,Trolebús,Lineas en servicio,14039.0,14,39,4.0,Cifras Definitivas
1998,2,Trolebús,Longitud de servicio,14039.0,14,39,101.0,Cifras Definitivas
1998,2,Trolebús,Pasajeros transportados,14039.0,14,39,1124000.0,Cifras Definitivas
1998,2,Trolebús,Unidades en operación,14039.0,14,39,53.0,Cifras Definitivas
1998,3,Tren Eléctrico,Ingresos por pasaje,14039.0,14,39,7322000.0,Cifras Definitivas
1998,3,Tren Eléctrico,Kilómetros recorridos,14039.0,14,39,399000.0,Cifras Definitivas
1998,3,Tren Eléctrico,Longitud de servicio,14039.0,14,39,24.0,Cifras Definitivas
1998,3,Tren Eléctrico,Pasajeros transportados,14039.0,14,39,4289000.0,Cifras Definitivas
1998,3,Tren Eléctrico,Unidades en operación,14039.0,14,39,40.0,Cifras Definitivas
1998,3,Trolebús,Ingresos por pasaje,14039.0,14,39,2384000.0,Cifras Definitivas
1998,3,Trolebús,Kilómetros recorridos,14039.0,14,39,305000.0,Cifras Definitivas
1998,3,Trolebús,Lineas en servicio,14039.0,14,39,4.0,Cifras Definitivas
1998,3,Trolebús,Longitud de servicio,14039.0,14,39,101.0,Cifras Definitivas
1998,3,Trolebús,Pasajeros transportados,14039.0,14,39,1214000.0,Cifras Definitivas
1998,3,Trolebús,Unidades en operación,14039.0,14,39,53.0,Cifras Definitivas
1998,4,Tren Eléctrico,Ingresos por pasaje,14039.0,14,39,6462000.0,Cifras Definitivas
1998,4,Tren Eléctrico,Kilómetros recorridos,14039.0,14,39,376000.0,Cifras Definitivas
1998,4,Tren Eléctrico,Longitud de servicio,14039.0,14,39,24.0,Cifras Definitivas
1998,4,Tren Eléctrico,Pasajeros transportados,14039.0,14,39,3741000.0,Cifras Definitivas
1998,4,Tren Eléctrico,Unidades en operación,14039.0,14,39,40.0,Cifras Definitivas
1998,4,Trolebús,Ingresos por pasaje,14039.0,14,39,1963000.0,Cifras Definitivas
1998,4,Trolebús,Kilómetros recorridos,14039.0,14,39,305000.0,Cifras Definitivas
1998,4,Trolebús,Lineas en servicio,14039.0,14,39,4.0,Cifras Definitivas
1998,4,Trolebús,Longitud de servicio,14039.0,14,39,101.0,Cifras Definitivas
1998,4,Trolebús,Pasajeros transportados,14039.0,14,39,997000.0,Cifras Definitivas
1998,4,Trolebús,Unidades en operación,14039.0,14,39,53.0,Cifras Definitivas
1998,5,Tren Eléctrico,Ingresos por pasaje,14039.0,14,39,6939000.0,Cifras Definitivas
1998,5,Tren Eléctrico,Kilómetros recorridos,14039.0,14,39,397000.0,Cifras Definitivas
1998,5,Tren Eléctrico,Longitud de servicio,14039.0,14,39,24.0,Cifras Definitivas
1998,5,Tren Eléctrico,Pasajeros transportados,14039.0,14,39,4038000.0,Cifras Definitivas
1998,5,Tren Eléctrico,Unidades en operación,14039.0,14,39,40.0,Cifras Definitivas
1998,5,Trolebús,Ingresos por pasaje,14039.0,14,39,2108000.0,Cifras Definitivas
1998,5,Trolebús,Kilómetros recorridos,14039.0,14,39,305000.0,Cifras Definitivas
1998,5,Trolebús,Lineas en servicio,14039.0,14,39,4.0,Cifras Definitivas
1998,5,Trolebús,Longitud de servicio,14039.0,14,39,101.0,Cifras Definitivas
1998,5,Trolebús,Pasajeros transportados,14039.0,14,39,1075000.0,Cifras Definitivas
1998,5,Trolebús,Unidades en operación,14039.0,14,39,53.0,Cifras Definitivas
1998,6,Tren Eléctrico,Ingresos por pasaje,14039.0,14,39,7125000.0,Cifras Definitivas
1998,6,Tren Eléctrico,Kilómetros recorridos,14039.0,14,39,392000.0,Cifras Definitivas
1998,6,Tren Eléctrico,Longitud de servicio,14039.0,14,39,24.0,Cifras Definitivas
1998,6,Tren Eléctrico,Pasajeros transportados,14039.0,14,39,4198000.0,Cifras Definitivas
1998,6,Tren Eléctrico,Unidades en operación,14039.0,14,39,40.0,Cifras Definitivas
1998,6,Trolebús,Ingresos por pasaje,14039.0,14,39,2277000.0,Cifras Definitivas
1998,6,Trolebús,Kilómetros recorridos,14039.0,14,39,305000.0,Cifras Definitivas
1998,6,Trolebús,Lineas en servicio,14039.0,14,39,4.0,Cifras Definitivas
1998,6,Trolebús,Longitud de servicio,14039.0,14,39,101.0,Cifras Definitivas
1998,6,Trolebús,Pasajeros transportados,14039.0,14,39,1138000.0,Cifras Definitivas
1998,6,Trolebús,Unidades en operación,14039.0,14,39,53.0,Cifras Definitivas
1998,7,Tren Eléctrico,Ingresos por pasaje,14039.0,14,39,7229000.0,Cifras Definitivas
1998,7,Tren Eléctrico,Kilómetros recorridos,14039.0,14,39,407000.0,Cifras Definitivas
1998,7,Tren Eléctrico,Longitud de servicio,14039.0,14,39,24.0,Cifras Definitivas
1998,7,Tren Eléctrico,Pasajeros transportados,14039.0,14,39,4255000.0,Cifras Definitivas
1998,7,Tren Eléctrico,Unidades en operación,14039.0,14,39,40.0,Cifras Definitivas
1998,7,Trolebús,Ingresos por pasaje,14039.0,14,39,2392000.0,Cifras Definitivas
1998,7,Trolebús,Kilómetros recorridos,14039.0,14,39,305000.0,Cifras Definitivas
1998,7,Trolebús,Lineas en servicio,14039.0,14,39,4.0,Cifras Definitivas
1998,7,Trolebús,Longitud de servicio,14039.0,14,39,101.0,Cifras Definitivas
1998,7,Trolebús,Pasajeros transportados,14039.0,14,39,1213000.0,Cifras Definitivas
1998,7,Trolebús,Unidades en operación,14039.0,14,39,53.0,Cifras Definitivas
1998,8,Tren Eléctrico,Ingresos por pasaje,14039.0,14,39,7767000.0,Cifras Definitivas
1998,8,Tren Eléctrico,Kilómetros recorridos,14039.0,14,39,402000.0,Cifras Definitivas
1998,8,Tren Eléctrico,Longitud de servicio,14039.0,14,39,24.0,Cifras Definitivas
1998,8,Tren Eléctrico,Pasajeros transportados,14039.0,14,39,3996000.0,Cifras Definitivas
1998,8,Tren Eléctrico,Unidades en operación,14039.0,14,39,40.0,Cifras Definitivas
1998,8,Trolebús,Ingresos por pasaje,14039.0,14,39,2547000.0,Cifras Definitivas
1998,8,Trolebús,Kilómetros recorridos,14039.0,14,39,305000.0,Cifras Definitivas
1998,8,Trolebús,Lineas en servicio,14039.0,14,39,4.0,Cifras Definitivas
1998,8,Trolebús,Longitud de servicio,14039.0,14,39,101.0,Cifras Definitivas
1998,8,Trolebús,Pasajeros transportados,14039.0,14,39,1280000.0,Cifras Definitivas
1998,8,Trolebús,Unidades en operación,14039.0,14,39,53.0,Cifras Definitivas
1998,9,Tren Eléctrico,Ingresos por pasaje,14039.0,14,39,8498000.0,Cifras Definitivas
1998,9,Tren Eléctrico,Kilómetros recorridos,14039.0,14,39,387000.0,Cifras Definitivas
1998,9,Tren Eléctrico,Longitud de servicio,14039.0,14,39,24.0,Cifras Definitivas
1998,9,Tren Eléctrico,Pasajeros transportados,14039.0,14,39,4042000.0,Cifras Definitivas
1998,9,Tren Eléctrico,Unidades en operación,14039.0,14,39,40.0,Cifras Definitivas
1998,9,Trolebús,Ingresos por pasaje,14039.0,14,39,2683000.0,Cifras Definitivas
1998,9,Trolebús,Kilómetros recorridos,14039.0,14,39,305000.0,Cifras Definitivas
1998,9,Trolebús,Lineas en servicio,14039.0,14,39,4.0,Cifras Definitivas
1998,9,Trolebús,Longitud de servicio,14039.0,14,39,101.0,Cifras Definitivas
1998,9,Trolebús,Pasajeros transportados,14039.0,14,39,1087000.0,Cifras Definitivas
1998,9,Trolebús,Unidades en operación,14039.0,14,39,53.0,Cifras Definitivas
1998,10,Tren Eléctrico,Ingresos por pasaje,14039.0,14,39,9740000.0,Cifras Definitivas
1998,10,Tren Eléctrico,Kilómetros recorridos,14039.0,14,39,418000.0,Cifras Definitivas
1998,10,Tren Eléctrico,Longitud de servicio,14039.0,14,39,24.0,Cifras Definitivas
1998,10,Tren Eléctrico,Pasajeros transportados,14039.0,14,39,4629000.0,Cifras Definitivas
1998,10,Tren Eléctrico,Unidades en operación,14039.0,14,39,40.0,Cifras Definitivas
1998,10,Trolebús,Ingresos por pasaje,14039.0,14,39,2717000.0,Cifras Definitivas
1998,10,Trolebús,Kilómetros recorridos,14039.0,14,39,305000.0,Cifras Definitivas
1998,10,Trolebús,Lineas en servicio,14039.0,14,39,4.0,Cifras Definitivas
1998,10,Trolebús,Longitud de servicio,14039.0,14,39,101.0,Cifras Definitivas
1998,10,Trolebús,Pasajeros transportados,14039.0,14,39,1054000.0,Cifras Definitivas
1998,10,Trolebús,Unidades en operación,14039.0,14,39,53.0,Cifras Definitivas
1998,11,Tren Eléctrico,Ingresos por pasaje,14039.0,14,39,8664000.0,Cifras Definitivas
1998,11,Tren Eléctrico,Kilómetros recorridos,14039.0,14,39,384000.0,Cifras Definitivas
1998,11,Tren Eléctrico,Longitud de servicio,14039.0,14,39,24.0,Cifras Definitivas
1998,11,Tren Eléctrico,Pasajeros transportados,14039.0,14,39,4041000.0,Cifras Definitivas
1998,11,Tren Eléctrico,Unidades en operación,14039.0,14,39,40.0,Cifras Definitivas
1998,11,Trolebús,Ingresos por pasaje,14039.0,14,39,2622000.0,Cifras Definitivas
1998,11,Trolebús,Kilómetros recorridos,14039.0,14,39,305000.0,Cifras Definitivas
1998,11,Trolebús,Lineas en servicio,14039.0,14,39,4.0,Cifras Definitivas
1998,11,Trolebús,Longitud de servicio,14039.0,14,39,101.0,Cifras Definitivas
1998,11,Trolebús,Pasajeros transportados,14039.0,14,39,1083000.0,Cifras Definitivas
1998,11,Trolebús,Unidades en operación,14039.0,14,39,53.0,Cifras Definitivas
1998,12,Tren Eléctrico,Ingresos por pasaje,14039.0,14,39,8564000.0,Cifras Definitivas
1998,12,Tren Eléctrico,Kilómetros recorridos,14039.0,14,39,402000.0,Cifras Definitivas
1998,12,Tren Eléctrico,Longitud de servicio,14039.0,14,39,24.0,Cifras Definitivas
1998,12,Tren Eléctrico,Pasajeros transportados,14039.0,14,39,4028000.0,Cifras Definitivas
1998,12,Tren Eléctrico,Unidades en operación,14039.0,14,39,40.0,Cifras Definitivas
1998,12,Trolebús,Ingresos por pasaje,14039.0,14,39,2585000.0,Cifras Definitivas
1998,12,Trolebús,Kilómetros recorridos,14039.0,14,39,254000.0,Cifras Definitivas
1998,12,Trolebús,Lineas en servicio,14039.0,14,39,4.0,Cifras Definitivas
1998,12,Trolebús,Longitud de servicio,14039.0,14,39,101.0,Cifras Definitivas
1998,12,Trolebús,Pasajeros transportados,14039.0,14,39,1061000.0,Cifras Definitivas
1998,12,Trolebús,Unidades en operación,14039.0,14,39,60.0,Cifras Definitivas
1999,1,Tren Eléctrico,Ingresos por pasaje,14039.0,14,39,7661000.0,Cifras Definitivas
1999,1,Tren Eléctrico,Kilómetros recorridos,14039.0,14,39,393000.0,Cifras Definitivas
1999,1,Tren Eléctrico,Longitud de servicio,14039.0,14,39,24.0,Cifras Definitivas
1999,1,Tren Eléctrico,Pasajeros transportados,14039.0,14,39,3725000.0,Cifras Definitivas
1999,1,Tren Eléctrico,Unidades en operación,14039.0,14,39,40.0,Cifras Definitivas
1999,1,Trolebús,Ingresos por pasaje,14039.0,14,39,2467000.0,Cifras Definitivas
1999,1,Trolebús,Kilómetros recorridos,14039.0,14,39,254000.0,Cifras Definitivas
1999,1,Trolebús,Lineas en servicio,14039.0,14,39,4.0,Cifras Definitivas
1999,1,Trolebús,Longitud de servicio,14039.0,14,39,101.0,Cifras Definitivas
1999,1,Trolebús,Pasajeros transportados,14039.0,14,39,1013000.0,Cifras Definitivas
1999,1,Trolebús,Unidades en operación,14039.0,14,39,60.0,Cifras Definitivas
1999,2,Tren Eléctrico,Ingresos por pasaje,14039.0,14,39,7400000.0,Cifras Definitivas
1999,2,Tren Eléctrico,Kilómetros recorridos,14039.0,14,39,362000.0,Cifras Definitivas
1999,2,Tren Eléctrico,Longitud de servicio,14039.0,14,39,24.0,Cifras Definitivas
1999,2,Tren Eléctrico,Pasajeros transportados,14039.0,14,39,3451000.0,Cifras Definitivas
1999,2,Tren Eléctrico,Unidades en operación,14039.0,14,39,40.0,Cifras Definitivas
1999,2,Trolebús,Ingresos por pasaje,14039.0,14,39,2250000.0,Cifras Definitivas
1999,2,Trolebús,Kilómetros recorridos,14039.0,14,39,254000.0,Cifras Definitivas
1999,2,Trolebús,Lineas en servicio,14039.0,14,39,4.0,Cifras Definitivas
1999,2,Trolebús,Longitud de servicio,14039.0,14,39,101.0,Cifras Definitivas
1999,2,Trolebús,Pasajeros transportados,14039.0,14,39,1800000.0,Cifras Definitivas
1999,2,Trolebús,Unidades en operación,14039.0,14,39,60.0,Cifras Definitivas
1999,3,Tren Eléctrico,Ingresos por pasaje,14039.0,14,39,8725000.0,Cifras Definitivas
1999,3,Tren Eléctrico,Kilómetros recorridos,14039.0,14,39,407000.0,Cifras Definitivas
1999,3,Tren Eléctrico,Longitud de servicio,14039.0,14,39,24.0,Cifras Definitivas
1999,3,Tren Eléctrico,Pasajeros transportados,14039.0,14,39,4085000.0,Cifras Definitivas
1999,3,Tren Eléctrico,Unidades en operación,14039.0,14,39,40.0,Cifras Definitivas
1999,3,Trolebús,Ingresos por pasaje,14039.0,14,39,2848000.0,Cifras Definitivas
1999,3,Trolebús,Kilómetros recorridos,14039.0,14,39,254000.0,Cifras Definitivas
1999,3,Trolebús,Lineas en servicio,14039.0,14,39,4.0,Cifras Definitivas
1999,3,Trolebús,Longitud de servicio,14039.0,14,39,101.0,Cifras Definitivas
1999,3,Trolebús,Pasajeros transportados,14039.0,14,39,1172000.0,Cifras Definitivas
1999,3,Trolebús,Unidades en operación,14039.0,14,39,60.0,Cifras Definitivas
1999,4,Tren Eléctrico,Ingresos por pasaje,14039.0,14,39,7530000.0,Cifras Definitivas
1999,4,Tren Eléctrico,Kilómetros recorridos,14039.0,14,39,377000.0,Cifras Definitivas
1999,4,Tren Eléctrico,Longitud de servicio,14039.0,14,39,24.0,Cifras Definitivas
1999,4,Tren Eléctrico,Pasajeros transportados,14039.0,14,39,3536000.0,Cifras Definitivas
1999,4,Tren Eléctrico,Unidades en operación,14039.0,14,39,40.0,Cifras Definitivas
1999,4,Trolebús,Ingresos por pasaje,14039.0,14,39,2356000.0,Cifras Definitivas
1999,4,Trolebús,Kilómetros recorridos,14039.0,14,39,254000.0,Cifras Definitivas
1999,4,Trolebús,Lineas en servicio,14039.0,14,39,4.0,Cifras Definitivas
1999,4,Trolebús,Longitud de servicio,14039.0,14,39,101.0,Cifras Definitivas
1999,4,Trolebús,Pasajeros transportados,14039.0,14,39,917000.0,Cifras Definitivas
1999,4,Trolebús,Unidades en operación,14039.0,14,39,60.0,Cifras Definitivas
1999,5,Tren Eléctrico,Ingresos por pasaje,14039.0,14,39,8251000.0,Cifras Definitivas
1999,5,Tren Eléctrico,Kilómetros recorridos,14039.0,14,39,401000.0,Cifras Definitivas
1999,5,Tren Eléctrico,Longitud de servicio,14039.0,14,39,24.0,Cifras Definitivas
1999,5,Tren Eléctrico,Pasajeros transportados,14039.0,14,39,3940000.0,Cifras Definitivas
1999,5,Tren Eléctrico,Unidades en operación,14039.0,14,39,40.0,Cifras Definitivas
1999,5,Trolebús,Ingresos por pasaje,14039.0,14,39,2592000.0,Cifras Definitivas
1999,5,Trolebús,Kilómetros recorridos,14039.0,14,39,254000.0,Cifras Definitivas
1999,5,Trolebús,Lineas en servicio,14039.0,14,39,4.0,Cifras Definitivas
1999,5,Trolebús,Longitud de servicio,14039.0,14,39,101.0,Cifras Definitivas
1999,5,Trolebús,Pasajeros transportados,14039.0,14,39,1071000.0,Cifras Definitivas
1999,5,Trolebús,Unidades en operación,14039.0,14,39,60.0,Cifras Definitivas
1999,6,Tren Eléctrico,Ingresos por pasaje,14039.0,14,39,8211000.0,Cifras Definitivas
1999,6,Tren Eléctrico,Kilómetros recorridos,14039.0,14,39,395000.0,Cifras Definitivas
1999,6,Tren Eléctrico,Longitud de servicio,14039.0,14,39,24.0,Cifras Definitivas
1999,6,Tren Eléctrico,Pasajeros transportados,14039.0,14,39,3878000.0,Cifras Definitivas
1999,6,Tren Eléctrico,Unidades en operación,14039.0,14,39,40.0,Cifras Definitivas
1999,6,Trolebús,Ingresos por pasaje,14039.0,14,39,2446000.0,Cifras Definitivas
1999,6,Trolebús,Kilómetros recorridos,14039.0,14,39,254000.0,Cifras Definitivas
1999,6,Trolebús,Lineas en servicio,14039.0,14,39,4.0,Cifras Definitivas
1999,6,Trolebús,Longitud de servicio,14039.0,14,39,101.0,Cifras Definitivas
1999,6,Trolebús,Pasajeros transportados,14039.0,14,39,1013000.0,Cifras Definitivas
1999,6,Trolebús,Unidades en operación,14039.0,14,39,60.0,Cifras Definitivas
1999,7,Tren Eléctrico,Ingresos por pasaje,14039.0,14,39,8391000.0,Cifras Definitivas
1999,7,Tren Eléctrico,Kilómetros recorridos,14039.0,14,39,407000.0,Cifras Definitivas
1999,7,Tren Eléctrico,Longitud de servicio,14039.0,14,39,24.0,Cifras Definitivas
1999,7,Tren Eléctrico,Pasajeros transportados,14039.0,14,39,3994000.0,Cifras Definitivas
1999,7,Tren Eléctrico,Unidades en operación,14039.0,14,39,40.0,Cifras Definitivas
1999,7,Trolebús,Ingresos por pasaje,14039.0,14,39,2562000.0,Cifras Definitivas
1999,7,Trolebús,Kilómetros recorridos,14039.0,14,39,254000.0,Cifras Definitivas
1999,7,Trolebús,Lineas en servicio,14039.0,14,39,4.0,Cifras Definitivas
1999,7,Trolebús,Longitud de servicio,14039.0,14,39,101.0,Cifras Definitivas
1999,7,Trolebús,Pasajeros transportados,14039.0,14,39,1050000.0,Cifras Definitivas
1999,7,Trolebús,Unidades en operación,14039.0,14,39,60.0,Cifras Definitivas
1999,8,Tren Eléctrico,Ingresos por pasaje,14039.0,14,39,8709000.0,Cifras Definitivas
1999,8,Tren Eléctrico,Kilómetros recorridos,14039.0,14,39,402000.0,Cifras Definitivas
1999,8,Tren Eléctrico,Longitud de servicio,14039.0,14,39,24.0,Cifras Definitivas
1999,8,Tren Eléctrico,Pasajeros transportados,14039.0,14,39,3894000.0,Cifras Definitivas
1999,8,Tren Eléctrico,Unidades en operación,14039.0,14,39,40.0,Cifras Definitivas
1999,8,Trolebús,Ingresos por pasaje,14039.0,14,39,2492000.0,Cifras Definitivas
1999,8,Trolebús,Kilómetros recorridos,14039.0,14,39,254000.0,Cifras Definitivas
1999,8,Trolebús,Lineas en servicio,14039.0,14,39,4.0,Cifras Definitivas
1999,8,Trolebús,Longitud de servicio,14039.0,14,39,101.0,Cifras Definitivas
1999,8,Trolebús,Pasajeros transportados,14039.0,14,39,1010000.0,Cifras Definitivas
1999,8,Trolebús,Unidades en operación,14039.0,14,39,60.0,Cifras Definitivas
1999,9,Tren Eléctrico,Ingresos por pasaje,14039.0,14,39,8315000.0,Cifras Definitivas
1999,9,Tren Eléctrico,Kilómetros recorridos,14039.0,14,39,388000.0,Cifras Definitivas
1999,9,Tren Eléctrico,Longitud de servicio,14039.0,14,39,24.0,Cifras Definitivas
1999,9,Tren Eléctrico,Pasajeros transportados,14039.0,14,39,3918000.0,Cifras Definitivas
1999,9,Tren Eléctrico,Unidades en operación,14039.0,14,39,40.0,Cifras Definitivas
1999,9,Trolebús,Ingresos por pasaje,14039.0,14,39,2664000.0,Cifras Definitivas
1999,9,Trolebús,Kilómetros recorridos,14039.0,14,39,254000.0,Cifras Definitivas
1999,9,Trolebús,Lineas en servicio,14039.0,14,39,4.0,Cifras Definitivas
1999,9,Trolebús,Longitud de servicio,14039.0,14,39,101.0,Cifras Definitivas
1999,9,Trolebús,Pasajeros transportados,14039.0,14,39,1089000.0,Cifras Definitivas
1999,9,Trolebús,Unidades en operación,14039.0,14,39,60.0,Cifras Definitivas
1999,10,Tren Eléctrico,Ingresos por pasaje,14039.0,14,39,9802000.0,Cifras Definitivas
1999,10,Tren Eléctrico,Kilómetros recorridos,14039.0,14,39,408000.0,Cifras Definitivas
1999,10,Tren Eléctrico,Longitud de servicio,14039.0,14,39,24.0,Cifras Definitivas
1999,10,Tren Eléctrico,Pasajeros transportados,14039.0,14,39,4542000.0,Cifras Definitivas
1999,10,Tren Eléctrico,Unidades en operación,14039.0,14,39,40.0,Cifras Definitivas
1999,10,Trolebús,Ingresos por pasaje,14039.0,14,39,2898000.0,Cifras Definitivas
1999,10,Trolebús,Kilómetros recorridos,14039.0,14,39,254000.0,Cifras Definitivas
1999,10,Trolebús,Lineas en servicio,14039.0,14,39,4.0,Cifras Definitivas
1999,10,Trolebús,Longitud de servicio,14039.0,14,39,101.0,Cifras Definitivas
1999,10,Trolebús,Pasajeros transportados,14039.0,14,39,1056500.0,Cifras Definitivas
1999,10,Trolebús,Unidades en operación,14039.0,14,39,60.0,Cifras Definitivas
1999,11,Tren Eléctrico,Ingresos por pasaje,14039.0,14,39,7492000.0,Cifras Definitivas
1999,11,Tren Eléctrico,Kilómetros recorridos,14039.0,14,39,397000.0,Cifras Definitivas
1999,11,Tren Eléctrico,Longitud de servicio,14039.0,14,39,24.0,Cifras Definitivas
1999,11,Tren Eléctrico,Pasajeros transportados,14039.0,14,39,3871000.0,Cifras Definitivas
1999,11,Tren Eléctrico,Unidades en operación,14039.0,14,39,40.0,Cifras Definitivas
1999,11,Trolebús,Ingresos por pasaje,14039.0,14,39,3157000.0,Cifras Definitivas
1999,11,Trolebús,Kilómetros recorridos,14039.0,14,39,293000.0,Cifras Definitivas
1999,11,Trolebús,Lineas en servicio,14039.0,14,39,4.0,Cifras Definitivas
1999,11,Trolebús,Longitud de servicio,14039.0,14,39,96.0,Cifras Definitivas
1999,11,Trolebús,Pasajeros transportados,14039.0,14,39,1088000.0,Cifras Definitivas
1999,11,Trolebús,Unidades en operación,14039.0,14,39,62.0,Cifras Definitivas
1999,12,Tren Eléctrico,Ingresos por pasaje,14039.0,14,39,10145000.0,Cifras Definitivas
1999,12,Tren Eléctrico,Kilómetros recorridos,14039.0,14,39,402000.0,Cifras Definitivas
1999,12,Tren Eléctrico,Longitud de servicio,14039.0,14,39,24.0,Cifras Definitivas
1999,12,Tren Eléctrico,Pasajeros transportados,14039.0,14,39,4031000.0,Cifras Definitivas
1999,12,Tren Eléctrico,Unidades en operación,14039.0,14,39,40.0,Cifras Definitivas
1999,12,Trolebús,Ingresos por pasaje,14039.0,14,39,3139000.0,Cifras Definitivas
1999,12,Trolebús,Kilómetros recorridos,14039.0,14,39,293000.0,Cifras Definitivas
1999,12,Trolebús,Lineas en servicio,14039.0,14,39,4.0,Cifras Definitivas
1999,12,Trolebús,Longitud de servicio,14039.0,14,39,96.0,Cifras Definitivas
1999,12,Trolebús,Pasajeros transportados,14039.0,14,39,1076000.0,Cifras Definitivas
1999,12,Trolebús,Unidades en operación,14039.0,14,39,62.0,Cifras Definitivas
2000,1,Tren Eléctrico,Ingresos por pasaje,14039.0,14,39,9718000.0,Cifras Definitivas
2000,1,Tren Eléctrico,Kilómetros recorridos,14039.0,14,39,396000.0,Cifras Definitivas
2000,1,Tren Eléctrico,Longitud de servicio,14039.0,14,39,24.0,Cifras Definitivas
2000,1,Tren Eléctrico,Pasajeros transportados,14039.0,14,39,3816000.0,Cifras Definitivas
2000,1,Tren Eléctrico,Unidades en operación,14039.0,14,39,40.0,Cifras Definitivas
2000,1,Trolebús,Ingresos por pasaje,14039.0,14,39,3071000.0,Cifras Definitivas
2000,1,Trolebús,Kilómetros recorridos,14039.0,14,39,293000.0,Cifras Definitivas
2000,1,Trolebús,Lineas en servicio,14039.0,14,39,4.0,Cifras Definitivas
2000,1,Trolebús,Longitud de servicio,14039.0,14,39,96.0,Cifras Definitivas
2000,1,Trolebús,Pasajeros transportados,14039.0,14,39,1057000.0,Cifras Definitivas
2000,1,Trolebús,Unidades en operación,14039.0,14,39,62.0,Cifras Definitivas
2000,2,Tren Eléctrico,Ingresos por pasaje,14039.0,14,39,9544000.0,Cifras Definitivas
2000,2,Tren Eléctrico,Kilómetros recorridos,14039.0,14,39,384000.0,Cifras Definitivas
2000,2,Tren Eléctrico,Longitud de servicio,14039.0,14,39,24.0,Cifras Definitivas
2000,2,Tren Eléctrico,Pasajeros transportados,14039.0,14,39,3736000.0,Cifras Definitivas
2000,2,Tren Eléctrico,Unidades en operación,14039.0,14,39,40.0,Cifras Definitivas
2000,2,Trolebús,Ingresos por pasaje,14039.0,14,39,3006000.0,Cifras Definitivas
2000,2,Trolebús,Kilómetros recorridos,14039.0,14,39,293000.0,Cifras Definitivas
2000,2,Trolebús,Lineas en servicio,14039.0,14,39,4.0,Cifras Definitivas
2000,2,Trolebús,Longitud de servicio,14039.0,14,39,96.0,Cifras Definitivas
2000,2,Trolebús,Pasajeros transportados,14039.0,14,39,1029000.0,Cifras Definitivas
2000,2,Trolebús,Unidades en operación,14039.0,14,39,62.0,Cifras Definitivas
2000,3,Tren Eléctrico,Ingresos por pasaje,14039.0,14,39,10279000.0,Cifras Definitivas
2000,3,Tren Eléctrico,Kilómetros recorridos,14039.0,14,39,403000.0,Cifras Definitivas
2000,3,Tren Eléctrico,Longitud de servicio,14039.0,14,39,24.0,Cifras Definitivas
2000,3,Tren Eléctrico,Pasajeros transportados,14039.0,14,39,4046000.0,Cifras Definitivas
2000,3,Tren Eléctrico,Unidades en operación,14039.0,14,39,40.0,Cifras Definitivas
2000,3,Trolebús,Ingresos por pasaje,14039.0,14,39,3243000.0,Cifras Definitivas
2000,3,Trolebús,Kilómetros recorridos,14039.0,14,39,293000.0,Cifras Definitivas
2000,3,Trolebús,Lineas en servicio,14039.0,14,39,4.0,Cifras Definitivas
2000,3,Trolebús,Longitud de servicio,14039.0,14,39,96.0,Cifras Definitivas
2000,3,Trolebús,Pasajeros transportados,14039.0,14,39,1118000.0,Cifras Definitivas
2000,3,Trolebús,Unidades en operación,14039.0,14,39,62.0,Cifras Definitivas
2000,4,Tren Eléctrico,Ingresos por pasaje,14039.0,14,39,8656000.0,Cifras Definitivas
2000,4,Tren Eléctrico,Kilómetros recorridos,14039.0,14,39,369000.0,Cifras Definitivas
2000,4,Tren Eléctrico,Longitud de servicio,14039.0,14,39,24.0,Cifras Definitivas
2000,4,Tren Eléctrico,Pasajeros transportados,14039.0,14,39,3487000.0,Cifras Definitivas
2000,4,Tren Eléctrico,Unidades en operación,14039.0,14,39,40.0,Cifras Definitivas
2000,4,Trolebús,Ingresos por pasaje,14039.0,14,39,2679000.0,Cifras Definitivas
2000,4,Trolebús,Kilómetros recorridos,14039.0,14,39,293000.0,Cifras Definitivas
2000,4,Trolebús,Lineas en servicio,14039.0,14,39,4.0,Cifras Definitivas
2000,4,Trolebús,Longitud de servicio,14039.0,14,39,96.0,Cifras Definitivas
2000,4,Trolebús,Pasajeros transportados,14039.0,14,39,920000.0,Cifras Definitivas
2000,4,Trolebús,Unidades en operación,14039.0,14,39,62.0,Cifras Definitivas
2000,5,Tren Eléctrico,Ingresos por pasaje,14039.0,14,39,10269000.0,Cifras Definitivas
2000,5,Tren Eléctrico,Kilómetros recorridos,14039.0,14,39,398000.0,Cifras Definitivas
2000,5,Tren Eléctrico,Longitud de servicio,14039.0,14,39,24.0,Cifras Definitivas
2000,5,Tren Eléctrico,Pasajeros transportados,14039.0,14,39,4025000.0,Cifras Definitivas
2000,5,Tren Eléctrico,Unidades en operación,14039.0,14,39,40.0,Cifras Definitivas
2000,5,Trolebús,Ingresos por pasaje,14039.0,14,39,3120000.0,Cifras Definitivas
2000,5,Trolebús,Kilómetros recorridos,14039.0,14,39,293000.0,Cifras Definitivas
2000,5,Trolebús,Lineas en servicio,14039.0,14,39,4.0,Cifras Definitivas
2000,5,Trolebús,Longitud de servicio,14039.0,14,39,96.0,Cifras Definitivas
2000,5,Trolebús,Pasajeros transportados,14039.0,14,39,1078000.0,Cifras Definitivas
2000,5,Trolebús,Unidades en operación,14039.0,14,39,62.0,Cifras Definitivas
2000,6,Tren Eléctrico,Ingresos por pasaje,14039.0,14,39,9967000.0,Cifras Definitivas
2000,6,Tren Eléctrico,Kilómetros recorridos,14039.0,14,39,384000.0,Cifras Definitivas
2000,6,Tren Eléctrico,Longitud de servicio,14039.0,14,39,24.0,Cifras Definitivas
2000,6,Tren Eléctrico,Pasajeros transportados,14039.0,14,39,4048000.0,Cifras Definitivas
2000,6,Tren Eléctrico,Unidades en operación,14039.0,14,39,40.0,Cifras Definitivas
2000,6,Trolebús,Ingresos por pasaje,14039.0,14,39,2970000.0,Cifras Definitivas
2000,6,Trolebús,Kilómetros recorridos,14039.0,14,39,293000.0,Cifras Definitivas
2000,6,Trolebús,Lineas en servicio,14039.0,14,39,4.0,Cifras Definitivas
2000,6,Trolebús,Longitud de servicio,14039.0,14,39,96.0,Cifras Definitivas
2000,6,Trolebús,Pasajeros transportados,14039.0,14,39,1035000.0,Cifras Definitivas
2000,6,Trolebús,Unidades en operación,14039.0,14,39,62.0,Cifras Definitivas
2000,7,Tren Eléctrico,Ingresos por pasaje,14039.0,14,39,10135000.0,Cifras Definitivas
2000,7,Tren Eléctrico,Kilómetros recorridos,14039.0,14,39,404000.0,Cifras Definitivas
2000,7,Tren Eléctrico,Longitud de servicio,14039.0,14,39,24.0,Cifras Definitivas
2000,7,Tren Eléctrico,Pasajeros transportados,14039.0,14,39,4048000.0,Cifras Definitivas
2000,7,Tren Eléctrico,Unidades en operación,14039.0,14,39,40.0,Cifras Definitivas
2000,7,Trolebús,Ingresos por pasaje,14039.0,14,39,3225000.0,Cifras Definitivas
2000,7,Trolebús,Kilómetros recorridos,14039.0,14,39,293000.0,Cifras Definitivas
2000,7,Trolebús,Lineas en servicio,14039.0,14,39,4.0,Cifras Definitivas
2000,7,Trolebús,Longitud de servicio,14039.0,14,39,96.0,Cifras Definitivas
2000,7,Trolebús,Pasajeros transportados,14039.0,14,39,1114000.0,Cifras Definitivas
2000,7,Trolebús,Unidades en operación,14039.0,14,39,62.0,Cifras Definitivas
2000,8,Tren Eléctrico,Ingresos por pasaje,14039.0,14,39,11161000.0,Cifras Definitivas
2000,8,Tren Eléctrico,Kilómetros recorridos,14039.0,14,39,410000.0,Cifras Definitivas
2000,8,Tren Eléctrico,Longitud de servicio,14039.0,14,39,24.0,Cifras Definitivas
2000,8,Tren Eléctrico,Pasajeros transportados,14039.0,14,39,4083000.0,Cifras Definitivas
2000,8,Tren Eléctrico,Unidades en operación,14039.0,14,39,40.0,Cifras Definitivas
2000,8,Trolebús,Ingresos por pasaje,14039.0,14,39,3106000.0,Cifras Definitivas
2000,8,Trolebús,Kilómetros recorridos,14039.0,14,39,293000.0,Cifras Definitivas
2000,8,Trolebús,Lineas en servicio,14039.0,14,39,4.0,Cifras Definitivas
2000,8,Trolebús,Longitud de servicio,14039.0,14,39,96.0,Cifras Definitivas
2000,8,Trolebús,Pasajeros transportados,14039.0,14,39,1060000.0,Cifras Definitivas
2000,8,Trolebús,Unidades en operación,14039.0,14,39,62.0,Cifras Definitivas
2000,9,Tren Eléctrico,Ingresos por pasaje,14039.0,14,39,10568000.0,Cifras Definitivas
2000,9,Tren Eléctrico,Kilómetros recorridos,14039.0,14,39,397000.0,Cifras Definitivas
2000,9,Tren Eléctrico,Longitud de servicio,14039.0,14,39,24.0,Cifras Definitivas
2000,9,Tren Eléctrico,Pasajeros transportados,14039.0,14,39,4137000.0,Cifras Definitivas
2000,9,Tren Eléctrico,Unidades en operación,14039.0,14,39,40.0,Cifras Definitivas
2000,9,Trolebús,Ingresos por pasaje,14039.0,14,39,3062000.0,Cifras Definitivas
2000,9,Trolebús,Kilómetros recorridos,14039.0,14,39,293000.0,Cifras Definitivas
2000,9,Trolebús,Lineas en servicio,14039.0,14,39,4.0,Cifras Definitivas
2000,9,Trolebús,Longitud de servicio,14039.0,14,39,96.0,Cifras Definitivas
2000,9,Trolebús,Pasajeros transportados,14039.0,14,39,1054000.0,Cifras Definitivas
2000,9,Trolebús,Unidades en operación,14039.0,14,39,62.0,Cifras Definitivas
2000,10,Tren Eléctrico,Ingresos por pasaje,14039.0,14,39,11545000.0,Cifras Definitivas
2000,10,Tren Eléctrico,Kilómetros recorridos,14039.0,14,39,415000.0,Cifras Definitivas
2000,10,Tren Eléctrico,Longitud de servicio,14039.0,14,39,24.0,Cifras Definitivas
2000,10,Tren Eléctrico,Pasajeros transportados,14039.0,14,39,4564000.0,Cifras Definitivas
2000,10,Tren Eléctrico,Unidades en operación,14039.0,14,39,40.0,Cifras Definitivas
2000,10,Trolebús,Ingresos por pasaje,14039.0,14,39,3237000.0,Cifras Definitivas
2000,10,Trolebús,Kilómetros recorridos,14039.0,14,39,293000.0,Cifras Definitivas
2000,10,Trolebús,Lineas en servicio,14039.0,14,39,4.0,Cifras Definitivas
2000,10,Trolebús,Longitud de servicio,14039.0,14,39,96.0,Cifras Definitivas
2000,10,Trolebús,Pasajeros transportados,14039.0,14,39,1117000.0,Cifras Definitivas
2000,10,Trolebús,Unidades en operación,14039.0,14,39,62.0,Cifras Definitivas
2000,11,Tren Eléctrico,Ingresos por pasaje,14039.0,14,39,10642000.0,Cifras Definitivas
2000,11,Tren Eléctrico,Kilómetros recorridos,14039.0,14,39,399000.0,Cifras Definitivas
2000,11,Tren Eléctrico,Longitud de servicio,14039.0,14,39,24.0,Cifras Definitivas
2000,11,Tren Eléctrico,Pasajeros transportados,14039.0,14,39,4296000.0,Cifras Definitivas
2000,11,Tren Eléctrico,Unidades en operación,14039.0,14,39,40.0,Cifras Definitivas
2000,11,Trolebús,Ingresos por pasaje,14039.0,14,39,3021000.0,Cifras Definitivas
2000,11,Trolebús,Kilómetros recorridos,14039.0,14,39,293000.0,Cifras Definitivas
2000,11,Trolebús,Lineas en servicio,14039.0,14,39,4.0,Cifras Definitivas
2000,11,Trolebús,Longitud de servicio,14039.0,14,39,96.0,Cifras Definitivas
2000,11,Trolebús,Pasajeros transportados,14039.0,14,39,1049000.0,Cifras Definitivas
2000,11,Trolebús,Unidades en operación,14039.0,14,39,62.0,Cifras Definitivas
2000,12,Tren Eléctrico,Ingresos por pasaje,14039.0,14,39,11009000.0,Cifras Definitivas
2000,12,Tren Eléctrico,Kilómetros recorridos,14039.0,14,39,398000.0,Cifras Definitivas
2000,12,Tren Eléctrico,Longitud de servicio,14039.0,14,39,24.0,Cifras Definitivas
2000,12,Tren Eléctrico,Pasajeros transportados,14039.0,14,39,4202000.0,Cifras Definitivas
2000,12,Tren Eléctrico,Unidades en operación,14039.0,14,39,40.0,Cifras Definitivas
2000,12,Trolebús,Ingresos por pasaje,14039.0,14,39,2806000.0,Cifras Definitivas
2000,12,Trolebús,Kilómetros recorridos,14039.0,14,39,293000.0,Cifras Definitivas
2000,12,Trolebús,Lineas en servicio,14039.0,14,39,4.0,Cifras Definitivas
2000,12,Trolebús,Longitud de servicio,14039.0,14,39,96.0,Cifras Definitivas
2000,12,Trolebús,Pasajeros transportados,14039.0,14,39,963000.0,Cifras Definitivas
2000,12,Trolebús,Unidades en operación,14039.0,14,39,62.0,Cifras Definitivas
2001,1,Tren Eléctrico,Ingresos por pasaje,14039.0,14,39,10318000.0,Cifras Definitivas
2001,1,Tren Eléctrico,Kilómetros recorridos,14039.0,14,39,403000.0,Cifras Definitivas
2001,1,Tren Eléctrico,Longitud de servicio,14039.0,14,39,24.0,Cifras Definitivas
2001,1,Tren Eléctrico,Pasajeros transportados,14039.0,14,39,4111000.0,Cifras Definitivas
2001,1,Tren Eléctrico,Unidades en operación,14039.0,14,39,40.0,Cifras Definitivas
2001,1,Trolebús,Ingresos por pasaje,14039.0,14,39,3088000.0,Cifras Definitivas
2001,1,Trolebús,Kilómetros recorridos,14039.0,14,39,293000.0,Cifras Definitivas
2001,1,Trolebús,Lineas en servicio,14039.0,14,39,4.0,Cifras Definitivas
2001,1,Trolebús,Longitud de servicio,14039.0,14,39,96.0,Cifras Definitivas
2001,1,Trolebús,Pasajeros transportados,14039.0,14,39,1066000.0,Cifras Definitivas
2001,1,Trolebús,Unidades en operación,14039.0,14,39,62.0,Cifras Definitivas
2001,2,Tren Eléctrico,Ingresos por pasaje,14039.0,14,39,9748000.0,Cifras Definitivas
2001,2,Tren Eléctrico,Kilómetros recorridos,14039.0,14,39,355000.0,Cifras Definitivas
2001,2,Tren Eléctrico,Longitud de servicio,14039.0,14,39,24.0,Cifras Definitivas
2001,2,Tren Eléctrico,Pasajeros transportados,14039.0,14,39,3721000.0,Cifras Definitivas
2001,2,Tren Eléctrico,Unidades en operación,14039.0,14,39,40.0,Cifras Definitivas
2001,2,Trolebús,Ingresos por pasaje,14039.0,14,39,2618000.0,Cifras Definitivas
2001,2,Trolebús,Kilómetros recorridos,14039.0,14,39,293000.0,Cifras Definitivas
2001,2,Trolebús,Lineas en servicio,14039.0,14,39,4.0,Cifras Definitivas
2001,2,Trolebús,Longitud de servicio,14039.0,14,39,96.0,Cifras Definitivas
2001,2,Trolebús,Pasajeros transportados,14039.0,14,39,896000.0,Cifras Definitivas
2001,2,Trolebús,Unidades en operación,14039.0,14,39,62.0,Cifras Definitivas
2001,3,Tren Eléctrico,Ingresos por pasaje,14039.0,14,39,10620000.0,Cifras Definitivas
2001,3,Tren Eléctrico,Kilómetros recorridos,14039.0,14,39,405000.0,Cifras Definitivas
2001,3,Tren Eléctrico,Longitud de servicio,14039.0,14,39,24.0,Cifras Definitivas
2001,3,Tren Eléctrico,Pasajeros transportados,14039.0,14,39,4292000.0,Cifras Definitivas
2001,3,Tren Eléctrico,Unidades en operación,14039.0,14,39,40.0,Cifras Definitivas
2001,3,Trolebús,Ingresos por pasaje,14039.0,14,39,2727857.0,Cifras Definitivas
2001,3,Trolebús,Kilómetros recorridos,14039.0,14,39,293000.0,Cifras Definitivas
2001,3,Trolebús,Lineas en servicio,14039.0,14,39,4.0,Cifras Definitivas
2001,3,Trolebús,Longitud de servicio,14039.0,14,39,96.0,Cifras Definitivas
2001,3,Trolebús,Pasajeros transportados,14039.0,14,39,1096000.0,Cifras Definitivas
2001,3,Trolebús,Unidades en operación,14039.0,14,39,62.0,Cifras Definitivas
2001,4,Tren Eléctrico,Ingresos por pasaje,14039.0,14,39,9305000.0,Cifras Definitivas
2001,4,Tren Eléctrico,Kilómetros recorridos,14039.0,14,39,379000.0,Cifras Definitivas
2001,4,Tren Eléctrico,Longitud de servicio,14039.0,14,39,24.0,Cifras Definitivas
2001,4,Tren Eléctrico,Pasajeros transportados,14039.0,14,39,3647000.0,Cifras Definitivas
2001,4,Tren Eléctrico,Unidades en operación,14039.0,14,39,40.0,Cifras Definitivas
2001,4,Trolebús,Ingresos por pasaje,14039.0,14,39,2703000.0,Cifras Definitivas
2001,4,Trolebús,Kilómetros recorridos,14039.0,14,39,293000.0,Cifras Definitivas
2001,4,Trolebús,Lineas en servicio,14039.0,14,39,4.0,Cifras Definitivas
2001,4,Trolebús,Longitud de servicio,14039.0,14,39,96.0,Cifras Definitivas
2001,4,Trolebús,Pasajeros transportados,14039.0,14,39,927000.0,Cifras Definitivas
2001,4,Trolebús,Unidades en operación,14039.0,14,39,62.0,Cifras Definitivas
2001,5,Tren Eléctrico,Ingresos por pasaje,14039.0,14,39,10941000.0,Cifras Definitivas
2001,5,Tren Eléctrico,Kilómetros recorridos,14039.0,14,39,405000.0,Cifras Definitivas
2001,5,Tren Eléctrico,Longitud de servicio,14039.0,14,39,24.0,Cifras Definitivas
2001,5,Tren Eléctrico,Pasajeros transportados,14039.0,14,39,4272000.0,Cifras Definitivas
2001,5,Tren Eléctrico,Unidades en operación,14039.0,14,39,40.0,Cifras Definitivas
2001,5,Trolebús,Ingresos por pasaje,14039.0,14,39,3091000.0,Cifras Definitivas
2001,5,Trolebús,Kilómetros recorridos,14039.0,14,39,293000.0,Cifras Definitivas
2001,5,Trolebús,Lineas en servicio,14039.0,14,39,4.0,Cifras Definitivas
2001,5,Trolebús,Longitud de servicio,14039.0,14,39,96.0,Cifras Definitivas
2001,5,Trolebús,Pasajeros transportados,14039.0,14,39,1061000.0,Cifras Definitivas
2001,5,Trolebús,Unidades en operación,14039.0,14,39,62.0,Cifras Definitivas
2001,6,Tren Eléctrico,Ingresos por pasaje,14039.0,14,39,10566000.0,Cifras Definitivas
2001,6,Tren Eléctrico,Kilómetros recorridos,14039.0,14,39,400000.0,Cifras Definitivas
2001,6,Tren Eléctrico,Longitud de servicio,14039.0,14,39,24.0,Cifras Definitivas
2001,6,Tren Eléctrico,Pasajeros transportados,14039.0,14,39,4196000.0,Cifras Definitivas
2001,6,Tren Eléctrico,Unidades en operación,14039.0,14,39,40.0,Cifras Definitivas
2001,6,Trolebús,Ingresos por pasaje,14039.0,14,39,2973000.0,Cifras Definitivas
2001,6,Trolebús,Kilómetros recorridos,14039.0,14,39,293000.0,Cifras Definitivas
2001,6,Trolebús,Lineas en servicio,14039.0,14,39,4.0,Cifras Definitivas
2001,6,Trolebús,Longitud de servicio,14039.0,14,39,96.0,Cifras Definitivas
2001,6,Trolebús,Pasajeros transportados,14039.0,14,39,1030000.0,Cifras Definitivas
2001,6,Trolebús,Unidades en operación,14039.0,14,39,62.0,Cifras Definitivas
2001,7,Tren Eléctrico,Ingresos por pasaje,14039.0,14,39,10781000.0,Cifras Definitivas
2001,7,Tren Eléctrico,Kilómetros recorridos,14039.0,14,39,409000.0,Cifras Definitivas
2001,7,Tren Eléctrico,Longitud de servicio,14039.0,14,39,24.0,Cifras Definitivas
2001,7,Tren Eléctrico,Pasajeros transportados,14039.0,14,39,4226000.0,Cifras Definitivas
2001,7,Tren Eléctrico,Unidades en operación,14039.0,14,39,40.0,Cifras Definitivas
2001,7,Trolebús,Ingresos por pasaje,14039.0,14,39,2957000.0,Cifras Definitivas
2001,7,Trolebús,Kilómetros recorridos,14039.0,14,39,293000.0,Cifras Definitivas
2001,7,Trolebús,Lineas en servicio,14039.0,14,39,4.0,Cifras Definitivas
2001,7,Trolebús,Longitud de servicio,14039.0,14,39,96.0,Cifras Definitivas
2001,7,Trolebús,Pasajeros transportados,14039.0,14,39,1018000.0,Cifras Definitivas
2001,7,Trolebús,Unidades en operación,14039.0,14,39,62.0,Cifras Definitivas
2001,8,Tren Eléctrico,Ingresos por pasaje,14039.0,14,39,10883000.0,Cifras Definitivas
2001,8,Tren Eléctrico,Kilómetros recorridos,14039.0,14,39,414000.0,Cifras Definitivas
2001,8,Tren Eléctrico,Longitud de servicio,14039.0,14,39,24.0,Cifras Definitivas
2001,8,Tren Eléctrico,Pasajeros transportados,14039.0,14,39,4221000.0,Cifras Definitivas
2001,8,Tren Eléctrico,Unidades en operación,14039.0,14,39,40.0,Cifras Definitivas
2001,8,Trolebús,Ingresos por pasaje,14039.0,14,39,2919000.0,Cifras Definitivas
2001,8,Trolebús,Kilómetros recorridos,14039.0,14,39,293000.0,Cifras Definitivas
2001,8,Trolebús,Lineas en servicio,14039.0,14,39,4.0,Cifras Definitivas
2001,8,Trolebús,Longitud de servicio,14039.0,14,39,96.0,Cifras Definitivas
2001,8,Trolebús,Pasajeros transportados,14039.0,14,39,994000.0,Cifras Definitivas
2001,8,Trolebús,Unidades en operación,14039.0,14,39,62.0,Cifras Definitivas
2001,9,Tren Eléctrico,Ingresos por pasaje,14039.0,14,39,10577000.0,Cifras Definitivas
2001,9,Tren Eléctrico,Kilómetros recorridos,14039.0,14,39,429000.0,Cifras Definitivas
2001,9,Tren Eléctrico,Longitud de servicio,14039.0,14,39,24.0,Cifras Definitivas
2001,9,Tren Eléctrico,Pasajeros transportados,14039.0,14,39,4256000.0,Cifras Definitivas
2001,9,Tren Eléctrico,Unidades en operación,14039.0,14,39,40.0,Cifras Definitivas
2001,9,Trolebús,Ingresos por pasaje,14039.0,14,39,2954000.0,Cifras Definitivas
2001,9,Trolebús,Kilómetros recorridos,14039.0,14,39,293000.0,Cifras Definitivas
2001,9,Trolebús,Lineas en servicio,14039.0,14,39,4.0,Cifras Definitivas
2001,9,Trolebús,Longitud de servicio,14039.0,14,39,96.0,Cifras Definitivas
2001,9,Trolebús,Pasajeros transportados,14039.0,14,39,1020000.0,Cifras Definitivas
2001,9,Trolebús,Unidades en operación,14039.0,14,39,62.0,Cifras Definitivas
2001,10,Tren Eléctrico,Ingresos por pasaje,14039.0,14,39,12579000.0,Cifras Definitivas
2001,10,Tren Eléctrico,Kilómetros recorridos,14039.0,14,39,453000.0,Cifras Definitivas
2001,10,Tren Eléctrico,Longitud de servicio,14039.0,14,39,24.0,Cifras Definitivas
2001,10,Tren Eléctrico,Pasajeros transportados,14039.0,14,39,4893000.0,Cifras Definitivas
2001,10,Tren Eléctrico,Unidades en operación,14039.0,14,39,40.0,Cifras Definitivas
2001,10,Trolebús,Ingresos por pasaje,14039.0,14,39,3168000.0,Cifras Definitivas
2001,10,Trolebús,Kilómetros recorridos,14039.0,14,39,293000.0,Cifras Definitivas
2001,10,Trolebús,Lineas en servicio,14039.0,14,39,4.0,Cifras Definitivas
2001,10,Trolebús,Longitud de servicio,14039.0,14,39,96.0,Cifras Definitivas
2001,10,Trolebús,Pasajeros transportados,14039.0,14,39,1098000.0,Cifras Definitivas
2001,10,Trolebús,Unidades en operación,14039.0,14,39,62.0,Cifras Definitivas
2001,11,Tren Eléctrico,Ingresos por pasaje,14039.0,14,39,11521000.0,Cifras Definitivas
2001,11,Tren Eléctrico,Kilómetros recorridos,14039.0,14,39,453000.0,Cifras Definitivas
2001,11,Tren Eléctrico,Longitud de servicio,14039.0,14,39,24.0,Cifras Definitivas
2001,11,Tren Eléctrico,Pasajeros transportados,14039.0,14,39,4893000.0,Cifras Definitivas
2001,11,Tren Eléctrico,Unidades en operación,14039.0,14,39,40.0,Cifras Definitivas
2001,11,Trolebús,Ingresos por pasaje,14039.0,14,39,2965000.0,Cifras Definitivas
2001,11,Trolebús,Kilómetros recorridos,14039.0,14,39,293000.0,Cifras Definitivas
2001,11,Trolebús,Lineas en servicio,14039.0,14,39,4.0,Cifras Definitivas
2001,11,Trolebús,Longitud de servicio,14039.0,14,39,96.0,Cifras Definitivas
2001,11,Trolebús,Pasajeros transportados,14039.0,14,39,1028000.0,Cifras Definitivas
2001,11,Trolebús,Unidades en operación,14039.0,14,39,62.0,Cifras Definitivas
2001,12,Tren Eléctrico,Ingresos por pasaje,14039.0,14,39,12312000.0,Cifras Definitivas
2001,12,Tren Eléctrico,Kilómetros recorridos,14039.0,14,39,453000.0,Cifras Definitivas
2001,12,Tren Eléctrico,Longitud de servicio,14039.0,14,39,24.0,Cifras Definitivas
2001,12,Tren Eléctrico,Pasajeros transportados,14039.0,14,39,4893000.0,Cifras Definitivas
2001,12,Tren Eléctrico,Unidades en operación,14039.0,14,39,40.0,Cifras Definitivas
2001,12,Trolebús,Ingresos por pasaje,14039.0,14,39,2525000.0,Cifras Definitivas
2001,12,Trolebús,Kilómetros recorridos,14039.0,14,39,293000.0,Cifras Definitivas
2001,12,Trolebús,Lineas en servicio,14039.0,14,39,4.0,Cifras Definitivas
2001,12,Trolebús,Longitud de servicio,14039.0,14,39,96.0,Cifras Definitivas
2001,12,Trolebús,Pasajeros transportados,14039.0,14,39,950000.0,Cifras Definitivas
2001,12,Trolebús,Unidades en operación,14039.0,14,39,62.0,Cifras Definitivas
2002,1,Tren Eléctrico,Ingresos por pasaje,14039.0,14,39,12417000.0,Cifras Definitivas
2002,1,Tren Eléctrico,Kilómetros recorridos,14039.0,14,39,439000.0,Cifras Definitivas
2002,1,Tren Eléctrico,Longitud de servicio,14039.0,14,39,24.0,Cifras Definitivas
2002,1,Tren Eléctrico,Pasajeros transportados,14039.0,14,39,4216000.0,Cifras Definitivas
2002,1,Tren Eléctrico,Unidades en operación,14039.0,14,39,40.0,Cifras Definitivas
2002,1,Trolebús,Ingresos por pasaje,14039.0,14,39,3024000.0,Cifras Definitivas
2002,1,Trolebús,Kilómetros recorridos,14039.0,14,39,293000.0,Cifras Definitivas
2002,1,Trolebús,Lineas en servicio,14039.0,14,39,4.0,Cifras Definitivas
2002,1,Trolebús,Longitud de servicio,14039.0,14,39,96.0,Cifras Definitivas
2002,1,Trolebús,Pasajeros transportados,14039.0,14,39,959000.0,Cifras Definitivas
2002,1,Trolebús,Unidades en operación,14039.0,14,39,62.0,Cifras Definitivas
2002,2,Tren Eléctrico,Ingresos por pasaje,14039.0,14,39,11572000.0,Cifras Definitivas
2002,2,Tren Eléctrico,Kilómetros recorridos,14039.0,14,39,402000.0,Cifras Definitivas
2002,2,Tren Eléctrico,Longitud de servicio,14039.0,14,39,24.0,Cifras Definitivas
2002,2,Tren Eléctrico,Pasajeros transportados,14039.0,14,39,3796000.0,Cifras Definitivas
2002,2,Tren Eléctrico,Unidades en operación,14039.0,14,39,40.0,Cifras Definitivas
2002,2,Trolebús,Ingresos por pasaje,14039.0,14,39,2513000.0,Cifras Definitivas
2002,2,Trolebús,Kilómetros recorridos,14039.0,14,39,293000.0,Cifras Definitivas
2002,2,Trolebús,Lineas en servicio,14039.0,14,39,4.0,Cifras Definitivas
2002,2,Trolebús,Longitud de servicio,14039.0,14,39,96.0,Cifras Definitivas
2002,2,Trolebús,Pasajeros transportados,14039.0,14,39,764000.0,Cifras Definitivas
2002,2,Trolebús,Unidades en operación,14039.0,14,39,62.0,Cifras Definitivas
2002,3,Tren Eléctrico,Ingresos por pasaje,14039.0,14,39,11268000.0,Cifras Definitivas
2002,3,Tren Eléctrico,Kilómetros recorridos,14039.0,14,39,421000.0,Cifras Definitivas
2002,3,Tren Eléctrico,Longitud de servicio,14039.0,14,39,24.0,Cifras Definitivas
2002,3,Tren Eléctrico,Pasajeros transportados,14039.0,14,39,3903000.0,Cifras Definitivas
2002,3,Tren Eléctrico,Unidades en operación,14039.0,14,39,40.0,Cifras Definitivas
2002,3,Trolebús,Ingresos por pasaje,14039.0,14,39,3054000.0,Cifras Definitivas
2002,3,Trolebús,Kilómetros recorridos,14039.0,14,39,293000.0,Cifras Definitivas
2002,3,Trolebús,Lineas en servicio,14039.0,14,39,4.0,Cifras Definitivas
2002,3,Trolebús,Longitud de servicio,14039.0,14,39,96.0,Cifras Definitivas
2002,3,Trolebús,Pasajeros transportados,14039.0,14,39,903000.0,Cifras Definitivas
2002,3,Trolebús,Unidades en operación,14039.0,14,39,62.0,Cifras Definitivas
2002,4,Tren Eléctrico,Ingresos por pasaje,14039.0,14,39,12015000.0,Cifras Definitivas
2002,4,Tren Eléctrico,Kilómetros recorridos,14039.0,14,39,435000.0,Cifras Definitivas
2002,4,Tren Eléctrico,Longitud de servicio,14039.0,14,39,24.0,Cifras Definitivas
2002,4,Tren Eléctrico,Pasajeros transportados,14039.0,14,39,4078000.0,Cifras Definitivas
2002,4,Tren Eléctrico,Unidades en operación,14039.0,14,39,40.0,Cifras Definitivas
2002,4,Trolebús,Ingresos por pasaje,14039.0,14,39,3246000.0,Cifras Definitivas
2002,4,Trolebús,Kilómetros recorridos,14039.0,14,39,293000.0,Cifras Definitivas
2002,4,Trolebús,Lineas en servicio,14039.0,14,39,4.0,Cifras Definitivas
2002,4,Trolebús,Longitud de servicio,14039.0,14,39,96.0,Cifras Definitivas
2002,4,Trolebús,Pasajeros transportados,14039.0,14,39,963000.0,Cifras Definitivas
2002,4,Trolebús,Unidades en operación,14039.0,14,39,62.0,Cifras Definitivas
2002,5,Tren Eléctrico,Ingresos por pasaje,14039.0,14,39,13114000.0,Cifras Definitivas
2002,5,Tren Eléctrico,Kilómetros recorridos,14039.0,14,39,450000.0,Cifras Definitivas
2002,5,Tren Eléctrico,Longitud de servicio,14039.0,14,39,24.0,Cifras Definitivas
2002,5,Tren Eléctrico,Pasajeros transportados,14039.0,14,39,4373000.0,Cifras Definitivas
2002,5,Tren Eléctrico,Unidades en operación,14039.0,14,39,40.0,Cifras Definitivas
2002,5,Trolebús,Ingresos por pasaje,14039.0,14,39,3083000.0,Cifras Definitivas
2002,5,Trolebús,Kilómetros recorridos,14039.0,14,39,293000.0,Cifras Definitivas
2002,5,Trolebús,Lineas en servicio,14039.0,14,39,4.0,Cifras Definitivas
2002,5,Trolebús,Longitud de servicio,14039.0,14,39,96.0,Cifras Definitivas
2002,5,Trolebús,Pasajeros transportados,14039.0,14,39,922000.0,Cifras Definitivas
2002,5,Trolebús,Unidades en operación,14039.0,14,39,62.0,Cifras Definitivas
2002,6,Tren Eléctrico,Ingresos por pasaje,14039.0,14,39,12062000.0,Cifras Definitivas
2002,6,Tren Eléctrico,Kilómetros recorridos,14039.0,14,39,440000.0,Cifras Definitivas
2002,6,Tren Eléctrico,Longitud de servicio,14039.0,14,39,24.0,Cifras Definitivas
2002,6,Tren Eléctrico,Pasajeros transportados,14039.0,14,39,4215000.0,Cifras Definitivas
2002,6,Tren Eléctrico,Unidades en operación,14039.0,14,39,40.0,Cifras Definitivas
2002,6,Trolebús,Ingresos por pasaje,14039.0,14,39,2579000.0,Cifras Definitivas
2002,6,Trolebús,Kilómetros recorridos,14039.0,14,39,293000.0,Cifras Definitivas
2002,6,Trolebús,Lineas en servicio,14039.0,14,39,4.0,Cifras Definitivas
2002,6,Trolebús,Longitud de servicio,14039.0,14,39,96.0,Cifras Definitivas
2002,6,Trolebús,Pasajeros transportados,14039.0,14,39,771000.0,Cifras Definitivas
2002,6,Trolebús,Unidades en operación,14039.0,14,39,62.0,Cifras Definitivas
2002,7,Tren Eléctrico,Ingresos por pasaje,14039.0,14,39,13104000.0,Cifras Definitivas
2002,7,Tren Eléctrico,Kilómetros recorridos,14039.0,14,39,452000.0,Cifras Definitivas
2002,7,Tren Eléctrico,Longitud de servicio,14039.0,14,39,24.0,Cifras Definitivas
2002,7,Tren Eléctrico,Pasajeros transportados,14039.0,14,39,4341000.0,Cifras Definitivas
2002,7,Tren Eléctrico,Unidades en operación,14039.0,14,39,40.0,Cifras Definitivas
2002,7,Trolebús,Ingresos por pasaje,14039.0,14,39,3164000.0,Cifras Definitivas
2002,7,Trolebús,Kilómetros recorridos,14039.0,14,39,293000.0,Cifras Definitivas
2002,7,Trolebús,Lineas en servicio,14039.0,14,39,4.0,Cifras Definitivas
2002,7,Trolebús,Longitud de servicio,14039.0,14,39,96.0,Cifras Definitivas
2002,7,Trolebús,Pasajeros transportados,14039.0,14,39,939000.0,Cifras Definitivas
2002,7,Trolebús,Unidades en operación,14039.0,14,39,62.0,Cifras Definitivas
2002,8,Tren Eléctrico,Ingresos por pasaje,14039.0,14,39,12758000.0,Cifras Definitivas
2002,8,Tren Eléctrico,Kilómetros recorridos,14039.0,14,39,462000.0,Cifras Definitivas
2002,8,Tren Eléctrico,Longitud de servicio,14039.0,14,39,24.0,Cifras Definitivas
2002,8,Tren Eléctrico,Pasajeros transportados,14039.0,14,39,4252000.0,Cifras Definitivas
2002,8,Tren Eléctrico,Unidades en operación,14039.0,14,39,40.0,Cifras Definitivas
2002,8,Trolebús,Ingresos por pasaje,14039.0,14,39,2976000.0,Cifras Definitivas
2002,8,Trolebús,Kilómetros recorridos,14039.0,14,39,293000.0,Cifras Definitivas
2002,8,Trolebús,Lineas en servicio,14039.0,14,39,4.0,Cifras Definitivas
2002,8,Trolebús,Longitud de servicio,14039.0,14,39,96.0,Cifras Definitivas
2002,8,Trolebús,Pasajeros transportados,14039.0,14,39,871000.0,Cifras Definitivas
2002,8,Trolebús,Unidades en operación,14039.0,14,39,62.0,Cifras Definitivas
2002,9,Tren Eléctrico,Ingresos por pasaje,14039.0,14,39,10577000.0,Cifras Definitivas
2002,9,Tren Eléctrico,Kilómetros recorridos,14039.0,14,39,429000.0,Cifras Definitivas
2002,9,Tren Eléctrico,Longitud de servicio,14039.0,14,39,24.0,Cifras Definitivas
2002,9,Tren Eléctrico,Pasajeros transportados,14039.0,14,39,4257000.0,Cifras Definitivas
2002,9,Tren Eléctrico,Unidades en operación,14039.0,14,39,40.0,Cifras Definitivas
2002,9,Trolebús,Ingresos por pasaje,14039.0,14,39,2859000.0,Cifras Definitivas
2002,9,Trolebús,Kilómetros recorridos,14039.0,14,39,293000.0,Cifras Definitivas
2002,9,Trolebús,Lineas en servicio,14039.0,14,39,4.0,Cifras Definitivas
2002,9,Trolebús,Longitud de servicio,14039.0,14,39,96.0,Cifras Definitivas
2002,9,Trolebús,Pasajeros transportados,14039.0,14,39,848000.0,Cifras Definitivas
2002,9,Trolebús,Unidades en operación,14039.0,14,39,62.0,Cifras Definitivas
2002,10,Tren Eléctrico,Ingresos por pasaje,14039.0,14,39,14843000.0,Cifras Definitivas
2002,10,Tren Eléctrico,Kilómetros recorridos,14039.0,14,39,473000.0,Cifras Definitivas
2002,10,Tren Eléctrico,Longitud de servicio,14039.0,14,39,24.0,Cifras Definitivas
2002,10,Tren Eléctrico,Pasajeros transportados,14039.0,14,39,5002000.0,Cifras Definitivas
2002,10,Tren Eléctrico,Unidades en operación,14039.0,14,39,40.0,Cifras Definitivas
2002,10,Trolebús,Ingresos por pasaje,14039.0,14,39,2868000.0,Cifras Definitivas
2002,10,Trolebús,Kilómetros recorridos,14039.0,14,39,293000.0,Cifras Definitivas
2002,10,Trolebús,Lineas en servicio,14039.0,14,39,4.0,Cifras Definitivas
2002,10,Trolebús,Longitud de servicio,14039.0,14,39,96.0,Cifras Definitivas
2002,10,Trolebús,Pasajeros transportados,14039.0,14,39,859000.0,Cifras Definitivas
2002,10,Trolebús,Unidades en operación,14039.0,14,39,62.0,Cifras Definitivas
2002,11,Tren Eléctrico,Ingresos por pasaje,14039.0,14,39,13061000.0,Cifras Definitivas
2002,11,Tren Eléctrico,Kilómetros recorridos,14039.0,14,39,446000.0,Cifras Definitivas
2002,11,Tren Eléctrico,Longitud de servicio,14039.0,14,39,24.0,Cifras Definitivas
2002,11,Tren Eléctrico,Pasajeros transportados,14039.0,14,39,4549000.0,Cifras Definitivas
2002,11,Tren Eléctrico,Unidades en operación,14039.0,14,39,40.0,Cifras Definitivas
2002,11,Trolebús,Ingresos por pasaje,14039.0,14,39,2640000.0,Cifras Definitivas
2002,11,Trolebús,Kilómetros recorridos,14039.0,14,39,293000.0,Cifras Definitivas
2002,11,Trolebús,Lineas en servicio,14039.0,14,39,4.0,Cifras Definitivas
2002,11,Trolebús,Longitud de servicio,14039.0,14,39,96.0,Cifras Definitivas
2002,11,Trolebús,Pasajeros transportados,14039.0,14,39,791000.0,Cifras Definitivas
2002,11,Trolebús,Unidades en operación,14039.0,14,39,62.0,Cifras Definitivas
2002,12,Tren Eléctrico,Ingresos por pasaje,14039.0,14,39,13780000.0,Cifras Definitivas
2002,12,Tren Eléctrico,Kilómetros recorridos,14039.0,14,39,457000.0,Cifras Definitivas
2002,12,Tren Eléctrico,Longitud de servicio,14039.0,14,39,24.0,Cifras Definitivas
2002,12,Tren Eléctrico,Pasajeros transportados,14039.0,14,39,4641000.0,Cifras Definitivas
2002,12,Tren Eléctrico,Unidades en operación,14039.0,14,39,40.0,Cifras Definitivas
2002,12,Trolebús,Ingresos por pasaje,14039.0,14,39,2663000.0,Cifras Definitivas
2002,12,Trolebús,Kilómetros recorridos,14039.0,14,39,293000.0,Cifras Definitivas
2002,12,Trolebús,Lineas en servicio,14039.0,14,39,4.0,Cifras Definitivas
2002,12,Trolebús,Longitud de servicio,14039.0,14,39,96.0,Cifras Definitivas
2002,12,Trolebús,Pasajeros transportados,14039.0,14,39,790000.0,Cifras Definitivas
2002,12,Trolebús,Unidades en operación,14039.0,14,39,62.0,Cifras Definitivas
2003,1,Tren Eléctrico,Ingresos por pasaje,14039.0,14,39,12793000.0,Cifras Definitivas
2003,1,Tren Eléctrico,Kilómetros recorridos,14039.0,14,39,462000.0,Cifras Definitivas
2003,1,Tren Eléctrico,Longitud de servicio,14039.0,14,39,24.0,Cifras Definitivas
2003,1,Tren Eléctrico,Pasajeros transportados,14039.0,14,39,4282000.0,Cifras Definitivas
2003,1,Tren Eléctrico,Unidades en operación,14039.0,14,39,40.0,Cifras Definitivas
2003,1,Trolebús,Ingresos por pasaje,14039.0,14,39,2831000.0,Cifras Definitivas
2003,1,Trolebús,Kilómetros recorridos,14039.0,14,39,293000.0,Cifras Definitivas
2003,1,Trolebús,Lineas en servicio,14039.0,14,39,4.0,Cifras Definitivas
2003,1,Trolebús,Longitud de servicio,14039.0,14,39,96.0,Cifras Definitivas
2003,1,Trolebús,Pasajeros transportados,14039.0,14,39,839000.0,Cifras Definitivas
2003,1,Trolebús,Unidades en operación,14039.0,14,39,62.0,Cifras Definitivas
2003,2,Tren Eléctrico,Ingresos por pasaje,14039.0,14,39,12088000.0,Cifras Definitivas
2003,2,Tren Eléctrico,Kilómetros recorridos,14039.0,14,39,414000.0,Cifras Definitivas
2003,2,Tren Eléctrico,Longitud de servicio,14039.0,14,39,24.0,Cifras Definitivas
2003,2,Tren Eléctrico,Pasajeros transportados,14039.0,14,39,4075000.0,Cifras Definitivas
2003,2,Tren Eléctrico,Unidades en operación,14039.0,14,39,40.0,Cifras Definitivas
2003,2,Trolebús,Ingresos por pasaje,14039.0,14,39,2607000.0,Cifras Definitivas
2003,2,Trolebús,Kilómetros recorridos,14039.0,14,39,293000.0,Cifras Definitivas
2003,2,Trolebús,Lineas en servicio,14039.0,14,39,4.0,Cifras Definitivas
2003,2,Trolebús,Longitud de servicio,14039.0,14,39,96.0,Cifras Definitivas
2003,2,Trolebús,Pasajeros transportados,14039.0,14,39,768000.0,Cifras Definitivas
2003,2,Trolebús,Unidades en operación,14039.0,14,39,62.0,Cifras Definitivas
2003,3,Tren Eléctrico,Ingresos por pasaje,14039.0,14,39,13385000.0,Cifras Definitivas
2003,3,Tren Eléctrico,Kilómetros recorridos,14039.0,14,39,456000.0,Cifras Definitivas
2003,3,Tren Eléctrico,Longitud de servicio,14039.0,14,39,24.0,Cifras Definitivas
2003,3,Tren Eléctrico,Pasajeros transportados,14039.0,14,39,4535000.0,Cifras Definitivas
2003,3,Tren Eléctrico,Unidades en operación,14039.0,14,39,40.0,Cifras Definitivas
2003,3,Trolebús,Ingresos por pasaje,14039.0,14,39,3111000.0,Cifras Definitivas
2003,3,Trolebús,Kilómetros recorridos,14039.0,14,39,293000.0,Cifras Definitivas
2003,3,Trolebús,Lineas en servicio,14039.0,14,39,4.0,Cifras Definitivas
2003,3,Trolebús,Longitud de servicio,14039.0,14,39,96.0,Cifras Definitivas
2003,3,Trolebús,Pasajeros transportados,14039.0,14,39,927000.0,Cifras Definitivas
2003,3,Trolebús,Unidades en operación,14039.0,14,39,62.0,Cifras Definitivas
2003,4,Tren Eléctrico,Ingresos por pasaje,14039.0,14,39,11819000.0,Cifras Definitivas
2003,4,Tren Eléctrico,Kilómetros recorridos,14039.0,14,39,439000.0,Cifras Definitivas
2003,4,Tren Eléctrico,Longitud de servicio,14039.0,14,39,24.0,Cifras Definitivas
2003,4,Tren Eléctrico,Pasajeros transportados,14039.0,14,39,3993000.0,Cifras Definitivas
2003,4,Tren Eléctrico,Unidades en operación,14039.0,14,39,40.0,Cifras Definitivas
2003,4,Trolebús,Ingresos por pasaje,14039.0,14,39,2380000.0,Cifras Definitivas
2003,4,Trolebús,Kilómetros recorridos,14039.0,14,39,293000.0,Cifras Definitivas
2003,4,Trolebús,Lineas en servicio,14039.0,14,39,4.0,Cifras Definitivas
2003,4,Trolebús,Longitud de servicio,14039.0,14,39,96.0,Cifras Definitivas
2003,4,Trolebús,Pasajeros transportados,14039.0,14,39,709000.0,Cifras Definitivas
2003,4,Trolebús,Unidades en operación,14039.0,14,39,62.0,Cifras Definitivas
2003,5,Tren Eléctrico,Ingresos por pasaje,14039.0,14,39,12616000.0,Cifras Definitivas
2003,5,Tren Eléctrico,Kilómetros recorridos,14039.0,14,39,468000.0,Cifras Definitivas
2003,5,Tren Eléctrico,Longitud de servicio,14039.0,14,39,24.0,Cifras Definitivas
2003,5,Tren Eléctrico,Pasajeros transportados,14039.0,14,39,4376000.0,Cifras Definitivas
2003,5,Tren Eléctrico,Unidades en operación,14039.0,14,39,40.0,Cifras Definitivas
2003,5,Trolebús,Ingresos por pasaje,14039.0,14,39,2834000.0,Cifras Definitivas
2003,5,Trolebús,Kilómetros recorridos,14039.0,14,39,293000.0,Cifras Definitivas
2003,5,Trolebús,Lineas en servicio,14039.0,14,39,4.0,Cifras Definitivas
2003,5,Trolebús,Longitud de servicio,14039.0,14,39,96.0,Cifras Definitivas
2003,5,Trolebús,Pasajeros transportados,14039.0,14,39,747000.0,Cifras Definitivas
2003,5,Trolebús,Unidades en operación,14039.0,14,39,62.0,Cifras Definitivas
2003,6,Tren Eléctrico,Ingresos por pasaje,14039.0,14,39,12793000.0,Cifras Definitivas
2003,6,Tren Eléctrico,Kilómetros recorridos,14039.0,14,39,446000.0,Cifras Definitivas
2003,6,Tren Eléctrico,Longitud de servicio,14039.0,14,39,24.0,Cifras Definitivas
2003,6,Tren Eléctrico,Pasajeros transportados,14039.0,14,39,4402000.0,Cifras Definitivas
2003,6,Tren Eléctrico,Unidades en operación,14039.0,14,39,40.0,Cifras Definitivas
2003,6,Trolebús,Ingresos por pasaje,14039.0,14,39,2693000.0,Cifras Definitivas
2003,6,Trolebús,Kilómetros recorridos,14039.0,14,39,293000.0,Cifras Definitivas
2003,6,Trolebús,Lineas en servicio,14039.0,14,39,4.0,Cifras Definitivas
2003,6,Trolebús,Longitud de servicio,14039.0,14,39,96.0,Cifras Definitivas
2003,6,Trolebús,Pasajeros transportados,14039.0,14,39,813000.0,Cifras Definitivas
2003,6,Trolebús,Unidades en operación,14039.0,14,39,62.0,Cifras Definitivas
2003,7,Tren Eléctrico,Ingresos por pasaje,14039.0,14,39,13121000.0,Cifras Definitivas
2003,7,Tren Eléctrico,Kilómetros recorridos,14039.0,14,39,465000.0,Cifras Definitivas
2003,7,Tren Eléctrico,Longitud de servicio,14039.0,14,39,24.0,Cifras Definitivas
2003,7,Tren Eléctrico,Pasajeros transportados,14039.0,14,39,4328000.0,Cifras Definitivas
2003,7,Tren Eléctrico,Unidades en operación,14039.0,14,39,40.0,Cifras Definitivas
2003,7,Trolebús,Ingresos por pasaje,14039.0,14,39,2794000.0,Cifras Definitivas
2003,7,Trolebús,Kilómetros recorridos,14039.0,14,39,293000.0,Cifras Definitivas
2003,7,Trolebús,Lineas en servicio,14039.0,14,39,4.0,Cifras Definitivas
2003,7,Trolebús,Longitud de servicio,14039.0,14,39,96.0,Cifras Definitivas
2003,7,Trolebús,Pasajeros transportados,14039.0,14,39,828000.0,Cifras Definitivas
2003,7,Trolebús,Unidades en operación,14039.0,14,39,62.0,Cifras Definitivas
2003,8,Tren Eléctrico,Ingresos por pasaje,14039.0,14,39,13083000.0,Cifras Definitivas
2003,8,Tren Eléctrico,Kilómetros recorridos,14039.0,14,39,486000.0,Cifras Definitivas
2003,8,Tren Eléctrico,Longitud de servicio,14039.0,14,39,24.0,Cifras Definitivas
2003,8,Tren Eléctrico,Pasajeros transportados,14039.0,14,39,4271000.0,Cifras Definitivas
2003,8,Tren Eléctrico,Unidades en operación,14039.0,14,39,40.0,Cifras Definitivas
2003,8,Trolebús,Ingresos por pasaje,14039.0,14,39,2679000.0,Cifras Definitivas
2003,8,Trolebús,Kilómetros recorridos,14039.0,14,39,293000.0,Cifras Definitivas
2003,8,Trolebús,Lineas en servicio,14039.0,14,39,4.0,Cifras Definitivas
2003,8,Trolebús,Longitud de servicio,14039.0,14,39,96.0,Cifras Definitivas
2003,8,Trolebús,Pasajeros transportados,14039.0,14,39,791000.0,Cifras Definitivas
2003,8,Trolebús,Unidades en operación,14039.0,14,39,62.0,Cifras Definitivas
2003,9,Tren Eléctrico,Ingresos por pasaje,14039.0,14,39,13244000.0,Cifras Definitivas
2003,9,Tren Eléctrico,Kilómetros recorridos,14039.0,14,39,463000.0,Cifras Definitivas
2003,9,Tren Eléctrico,Longitud de servicio,14039.0,14,39,24.0,Cifras Definitivas
2003,9,Tren Eléctrico,Pasajeros transportados,14039.0,14,39,4602000.0,Cifras Definitivas
2003,9,Tren Eléctrico,Unidades en operación,14039.0,14,39,40.0,Cifras Definitivas
2003,9,Trolebús,Ingresos por pasaje,14039.0,14,39,2770000.0,Cifras Definitivas
2003,9,Trolebús,Kilómetros recorridos,14039.0,14,39,293000.0,Cifras Definitivas
2003,9,Trolebús,Lineas en servicio,14039.0,14,39,4.0,Cifras Definitivas
2003,9,Trolebús,Longitud de servicio,14039.0,14,39,96.0,Cifras Definitivas
2003,9,Trolebús,Pasajeros transportados,14039.0,14,39,829000.0,Cifras Definitivas
2003,9,Trolebús,Unidades en operación,14039.0,14,39,62.0,Cifras Definitivas
2003,10,Tren Eléctrico,Ingresos por pasaje,14039.0,14,39,15047000.0,Cifras Definitivas
2003,10,Tren Eléctrico,Kilómetros recorridos,14039.0,14,39,479000.0,Cifras Definitivas
2003,10,Tren Eléctrico,Longitud de servicio,14039.0,14,39,24.0,Cifras Definitivas
2003,10,Tren Eléctrico,Pasajeros transportados,14039.0,14,39,5205000.0,Cifras Definitivas
2003,10,Tren Eléctrico,Unidades en operación,14039.0,14,39,40.0,Cifras Definitivas
2003,10,Trolebús,Ingresos por pasaje,14039.0,14,39,2997000.0,Cifras Definitivas
2003,10,Trolebús,Kilómetros recorridos,14039.0,14,39,293000.0,Cifras Definitivas
2003,10,Trolebús,Lineas en servicio,14039.0,14,39,4.0,Cifras Definitivas
2003,10,Trolebús,Longitud de servicio,14039.0,14,39,96.0,Cifras Definitivas
2003,10,Trolebús,Pasajeros transportados,14039.0,14,39,907000.0,Cifras Definitivas
2003,10,Trolebús,Unidades en operación,14039.0,14,39,62.0,Cifras Definitivas
2003,11,Tren Eléctrico,Ingresos por pasaje,14039.0,14,39,13315000.0,Cifras Definitivas
2003,11,Tren Eléctrico,Kilómetros recorridos,14039.0,14,39,436000.0,Cifras Definitivas
2003,11,Tren Eléctrico,Longitud de servicio,14039.0,14,39,24.0,Cifras Definitivas
2003,11,Tren Eléctrico,Pasajeros transportados,14039.0,14,39,4623000.0,Cifras Definitivas
2003,11,Tren Eléctrico,Unidades en operación,14039.0,14,39,40.0,Cifras Definitivas
2003,11,Trolebús,Ingresos por pasaje,14039.0,14,39,2742000.0,Cifras Definitivas
2003,11,Trolebús,Kilómetros recorridos,14039.0,14,39,293000.0,Cifras Definitivas
2003,11,Trolebús,Lineas en servicio,14039.0,14,39,4.0,Cifras Definitivas
2003,11,Trolebús,Longitud de servicio,14039.0,14,39,96.0,Cifras Definitivas
2003,11,Trolebús,Pasajeros transportados,14039.0,14,39,828000.0,Cifras Definitivas
2003,11,Trolebús,Unidades en operación,14039.0,14,39,62.0,Cifras Definitivas
2003,12,Tren Eléctrico,Ingresos por pasaje,14039.0,14,39,14460000.0,Cifras Definitivas
2003,12,Tren Eléctrico,Kilómetros recorridos,14039.0,14,39,462000.0,Cifras Definitivas
2003,12,Tren Eléctrico,Longitud de servicio,14039.0,14,39,24.0,Cifras Definitivas
2003,12,Tren Eléctrico,Pasajeros transportados,14039.0,14,39,4885000.0,Cifras Definitivas
2003,12,Tren Eléctrico,Unidades en operación,14039.0,14,39,40.0,Cifras Definitivas
2003,12,Trolebús,Ingresos por pasaje,14039.0,14,39,2413000.0,Cifras Definitivas
2003,12,Trolebús,Kilómetros recorridos,14039.0,14,39,293000.0,Cifras Definitivas
2003,12,Trolebús,Lineas en servicio,14039.0,14,39,4.0,Cifras Definitivas
2003,12,Trolebús,Longitud de servicio,14039.0,14,39,96.0,Cifras Definitivas
2003,12,Trolebús,Pasajeros transportados,14039.0,14,39,722000.0,Cifras Definitivas
2003,12,Trolebús,Unidades en operación,14039.0,14,39,62.0,Cifras Definitivas
2004,1,Tren Eléctrico,Ingresos por pasaje,14039.0,14,39,12711000.0,Cifras Definitivas
2004,1,Tren Eléctrico,Kilómetros recorridos,14039.0,14,39,454000.0,Cifras Definitivas
2004,1,Tren Eléctrico,Longitud de servicio,14039.0,14,39,24.0,Cifras Definitivas
2004,1,Tren Eléctrico,Pasajeros transportados,14039.0,14,39,4325000.0,Cifras Definitivas
2004,1,Tren Eléctrico,Unidades en operación,14039.0,14,39,40.0,Cifras Definitivas
2004,1,Trolebús,Ingresos por pasaje,14039.0,14,39,2367000.0,Cifras Definitivas
2004,1,Trolebús,Kilómetros recorridos,14039.0,14,39,293000.0,Cifras Definitivas
2004,1,Trolebús,Lineas en servicio,14039.0,14,39,4.0,Cifras Definitivas
2004,1,Trolebús,Longitud de servicio,14039.0,14,39,96.0,Cifras Definitivas
2004,1,Trolebús,Pasajeros transportados,14039.0,14,39,700000.0,Cifras Definitivas
2004,1,Trolebús,Unidades en operación,14039.0,14,39,62.0,Cifras Definitivas
2004,2,Tren Eléctrico,Ingresos por pasaje,14039.0,14,39,12195000.0,Cifras Definitivas
2004,2,Tren Eléctrico,Kilómetros recorridos,14039.0,14,39,414000.0,Cifras Definitivas
2004,2,Tren Eléctrico,Longitud de servicio,14039.0,14,39,24.0,Cifras Definitivas
2004,2,Tren Eléctrico,Pasajeros transportados,14039.0,14,39,4325000.0,Cifras Definitivas
2004,2,Tren Eléctrico,Unidades en operación,14039.0,14,39,40.0,Cifras Definitivas
2004,2,Trolebús,Ingresos por pasaje,14039.0,14,39,2652000.0,Cifras Definitivas
2004,2,Trolebús,Kilómetros recorridos,14039.0,14,39,293000.0,Cifras Definitivas
2004,2,Trolebús,Lineas en servicio,14039.0,14,39,4.0,Cifras Definitivas
2004,2,Trolebús,Longitud de servicio,14039.0,14,39,96.0,Cifras Definitivas
2004,2,Trolebús,Pasajeros transportados,14039.0,14,39,797000.0,Cifras Definitivas
2004,2,Trolebús,Unidades en operación,14039.0,14,39,62.0,Cifras Definitivas
2004,3,Tren Eléctrico,Ingresos por pasaje,14039.0,14,39,15037000.0,Cifras Definitivas
2004,3,Tren Eléctrico,Kilómetros recorridos,14039.0,14,39,456000.0,Cifras Definitivas
2004,3,Tren Eléctrico,Longitud de servicio,14039.0,14,39,24.0,Cifras Definitivas
2004,3,Tren Eléctrico,Pasajeros transportados,14039.0,14,39,5083000.0,Cifras Definitivas
2004,3,Tren Eléctrico,Unidades en operación,14039.0,14,39,40.0,Cifras Definitivas
2004,3,Trolebús,Ingresos por pasaje,14039.0,14,39,2842000.0,Cifras Definitivas
2004,3,Trolebús,Kilómetros recorridos,14039.0,14,39,293000.0,Cifras Definitivas
2004,3,Trolebús,Lineas en servicio,14039.0,14,39,4.0,Cifras Definitivas
2004,3,Trolebús,Longitud de servicio,14039.0,14,39,96.0,Cifras Definitivas
2004,3,Trolebús,Pasajeros transportados,14039.0,14,39,860000.0,Cifras Definitivas
2004,3,Trolebús,Unidades en operación,14039.0,14,39,62.0,Cifras Definitivas
2004,4,Tren Eléctrico,Ingresos por pasaje,14039.0,14,39,12909000.0,Cifras Definitivas
2004,4,Tren Eléctrico,Kilómetros recorridos,14039.0,14,39,424000.0,Cifras Definitivas
2004,4,Tren Eléctrico,Longitud de servicio,14039.0,14,39,24.0,Cifras Definitivas
2004,4,Tren Eléctrico,Pasajeros transportados,14039.0,14,39,4280000.0,Cifras Definitivas
2004,4,Tren Eléctrico,Unidades en operación,14039.0,14,39,40.0,Cifras Definitivas
2004,4,Trolebús,Ingresos por pasaje,14039.0,14,39,1996000.0,Cifras Definitivas
2004,4,Trolebús,Kilómetros recorridos,14039.0,14,39,293000.0,Cifras Definitivas
2004,4,Trolebús,Lineas en servicio,14039.0,14,39,4.0,Cifras Definitivas
2004,4,Trolebús,Longitud de servicio,14039.0,14,39,96.0,Cifras Definitivas
2004,4,Trolebús,Pasajeros transportados,14039.0,14,39,599000.0,Cifras Definitivas
2004,4,Trolebús,Unidades en operación,14039.0,14,39,62.0,Cifras Definitivas
2004,5,Tren Eléctrico,Ingresos por pasaje,14039.0,14,39,14218000.0,Cifras Definitivas
2004,5,Tren Eléctrico,Kilómetros recorridos,14039.0,14,39,459000.0,Cifras Definitivas
2004,5,Tren Eléctrico,Longitud de servicio,14039.0,14,39,24.0,Cifras Definitivas
2004,5,Tren Eléctrico,Pasajeros transportados,14039.0,14,39,4883000.0,Cifras Definitivas
2004,5,Tren Eléctrico,Unidades en operación,14039.0,14,39,40.0,Cifras Definitivas
2004,5,Trolebús,Ingresos por pasaje,14039.0,14,39,2091000.0,Cifras Definitivas
2004,5,Trolebús,Kilómetros recorridos,14039.0,14,39,293000.0,Cifras Definitivas
2004,5,Trolebús,Lineas en servicio,14039.0,14,39,4.0,Cifras Definitivas
2004,5,Trolebús,Longitud de servicio,14039.0,14,39,96.0,Cifras Definitivas
2004,5,Trolebús,Pasajeros transportados,14039.0,14,39,634000.0,Cifras Definitivas
2004,5,Trolebús,Unidades en operación,14039.0,14,39,62.0,Cifras Definitivas
2004,6,Tren Eléctrico,Ingresos por pasaje,14039.0,14,39,15790000.0,Cifras Definitivas
2004,6,Tren Eléctrico,Kilómetros recorridos,14039.0,14,39,445000.0,Cifras Definitivas
2004,6,Tren Eléctrico,Longitud de servicio,14039.0,14,39,24.0,Cifras Definitivas
2004,6,Tren Eléctrico,Pasajeros transportados,14039.0,14,39,4748000.0,Cifras Definitivas
2004,6,Tren Eléctrico,Unidades en operación,14039.0,14,39,40.0,Cifras Definitivas
2004,6,Trolebús,Ingresos por pasaje,14039.0,14,39,1996000.0,Cifras Definitivas
2004,6,Trolebús,Kilómetros recorridos,14039.0,14,39,293000.0,Cifras Definitivas
2004,6,Trolebús,Lineas en servicio,14039.0,14,39,4.0,Cifras Definitivas
2004,6,Trolebús,Longitud de servicio,14039.0,14,39,96.0,Cifras Definitivas
2004,6,Trolebús,Pasajeros transportados,14039.0,14,39,596000.0,Cifras Definitivas
2004,6,Trolebús,Unidades en operación,14039.0,14,39,62.0,Cifras Definitivas
2004,7,Tren Eléctrico,Ingresos por pasaje,14039.0,14,39,15950000.0,Cifras Definitivas
2004,7,Tren Eléctrico,Kilómetros recorridos,14039.0,14,39,457000.0,Cifras Definitivas
2004,7,Tren Eléctrico,Longitud de servicio,14039.0,14,39,24.0,Cifras Definitivas
2004,7,Tren Eléctrico,Pasajeros transportados,14039.0,14,39,4644000.0,Cifras Definitivas
2004,7,Tren Eléctrico,Unidades en operación,14039.0,14,39,40.0,Cifras Definitivas
2004,7,Trolebús,Ingresos por pasaje,14039.0,14,39,1996000.0,Cifras Definitivas
2004,7,Trolebús,Kilómetros recorridos,14039.0,14,39,293000.0,Cifras Definitivas
2004,7,Trolebús,Lineas en servicio,14039.0,14,39,4.0,Cifras Definitivas
2004,7,Trolebús,Longitud de servicio,14039.0,14,39,96.0,Cifras Definitivas
2004,7,Trolebús,Pasajeros transportados,14039.0,14,39,596000.0,Cifras Definitivas
2004,7,Trolebús,Unidades en operación,14039.0,14,39,62.0,Cifras Definitivas
2004,8,Tren Eléctrico,Ingresos por pasaje,14039.0,14,39,18446000.0,Cifras Definitivas
2004,8,Tren Eléctrico,Kilómetros recorridos,14039.0,14,39,459000.0,Cifras Definitivas
2004,8,Tren Eléctrico,Longitud de servicio,14039.0,14,39,24.0,Cifras Definitivas
2004,8,Tren Eléctrico,Pasajeros transportados,14039.0,14,39,4814000.0,Cifras Definitivas
2004,8,Tren Eléctrico,Unidades en operación,14039.0,14,39,40.0,Cifras Definitivas
2004,8,Trolebús,Ingresos por pasaje,14039.0,14,39,2019000.0,Cifras Definitivas
2004,8,Trolebús,Kilómetros recorridos,14039.0,14,39,293000.0,Cifras Definitivas
2004,8,Trolebús,Lineas en servicio,14039.0,14,39,4.0,Cifras Definitivas
2004,8,Trolebús,Longitud de servicio,14039.0,14,39,96.0,Cifras Definitivas
2004,8,Trolebús,Pasajeros transportados,14039.0,14,39,589000.0,Cifras Definitivas
2004,8,Trolebús,Unidades en operación,14039.0,14,39,62.0,Cifras Definitivas
2004,9,Tren Eléctrico,Ingresos por pasaje,14039.0,14,39,16241000.0,Cifras Definitivas
2004,9,Tren Eléctrico,Kilómetros recorridos,14039.0,14,39,440000.0,Cifras Definitivas
2004,9,Tren Eléctrico,Longitud de servicio,14039.0,14,39,24.0,Cifras Definitivas
2004,9,Tren Eléctrico,Pasajeros transportados,14039.0,14,39,4879000.0,Cifras Definitivas
2004,9,Tren Eléctrico,Unidades en operación,14039.0,14,39,40.0,Cifras Definitivas
2004,9,Trolebús,Ingresos por pasaje,14039.0,14,39,2079000.0,Cifras Definitivas
2004,9,Trolebús,Kilómetros recorridos,14039.0,14,39,293000.0,Cifras Definitivas
2004,9,Trolebús,Lineas en servicio,14039.0,14,39,4.0,Cifras Definitivas
2004,9,Trolebús,Longitud de servicio,14039.0,14,39,96.0,Cifras Definitivas
2004,9,Trolebús,Pasajeros transportados,14039.0,14,39,596000.0,Cifras Definitivas
2004,9,Trolebús,Unidades en operación,14039.0,14,39,62.0,Cifras Definitivas
2004,10,Tren Eléctrico,Ingresos por pasaje,14039.0,14,39,17773000.0,Cifras Definitivas
2004,10,Tren Eléctrico,Kilómetros recorridos,14039.0,14,39,457000.0,Cifras Definitivas
2004,10,Tren Eléctrico,Longitud de servicio,14039.0,14,39,24.0,Cifras Definitivas
2004,10,Tren Eléctrico,Pasajeros transportados,14039.0,14,39,5639000.0,Cifras Definitivas
2004,10,Tren Eléctrico,Unidades en operación,14039.0,14,39,40.0,Cifras Definitivas
2004,10,Trolebús,Ingresos por pasaje,14039.0,14,39,2189000.0,Cifras Definitivas
2004,10,Trolebús,Kilómetros recorridos,14039.0,14,39,293000.0,Cifras Definitivas
2004,10,Trolebús,Lineas en servicio,14039.0,14,39,4.0,Cifras Definitivas
2004,10,Trolebús,Longitud de servicio,14039.0,14,39,96.0,Cifras Definitivas
2004,10,Trolebús,Pasajeros transportados,14039.0,14,39,596000.0,Cifras Definitivas
2004,10,Trolebús,Unidades en operación,14039.0,14,39,62.0,Cifras Definitivas
2004,11,Tren Eléctrico,Ingresos por pasaje,14039.0,14,39,17893000.0,Cifras Definitivas
2004,11,Tren Eléctrico,Kilómetros recorridos,14039.0,14,39,448000.0,Cifras Definitivas
2004,11,Tren Eléctrico,Longitud de servicio,14039.0,14,39,24.0,Cifras Definitivas
2004,11,Tren Eléctrico,Pasajeros transportados,14039.0,14,39,4751000.0,Cifras Definitivas
2004,11,Tren Eléctrico,Unidades en operación,14039.0,14,39,40.0,Cifras Definitivas
2004,11,Trolebús,Ingresos por pasaje,14039.0,14,39,2189000.0,Cifras Definitivas
2004,11,Trolebús,Kilómetros recorridos,14039.0,14,39,293000.0,Cifras Definitivas
2004,11,Trolebús,Lineas en servicio,14039.0,14,39,4.0,Cifras Definitivas
2004,11,Trolebús,Longitud de servicio,14039.0,14,39,96.0,Cifras Definitivas
2004,11,Trolebús,Pasajeros transportados,14039.0,14,39,596000.0,Cifras Definitivas
2004,11,Trolebús,Unidades en operación,14039.0,14,39,62.0,Cifras Definitivas
2004,12,Tren Eléctrico,Ingresos por pasaje,14039.0,14,39,17384000.0,Cifras Definitivas
2004,12,Tren Eléctrico,Kilómetros recorridos,14039.0,14,39,459000.0,Cifras Definitivas
2004,12,Tren Eléctrico,Longitud de servicio,14039.0,14,39,24.0,Cifras Definitivas
2004,12,Tren Eléctrico,Pasajeros transportados,14039.0,14,39,4665000.0,Cifras Definitivas
2004,12,Tren Eléctrico,Unidades en operación,14039.0,14,39,40.0,Cifras Definitivas
2004,12,Trolebús,Ingresos por pasaje,14039.0,14,39,2189000.0,Cifras Definitivas
2004,12,Trolebús,Kilómetros recorridos,14039.0,14,39,293000.0,Cifras Definitivas
2004,12,Trolebús,Lineas en servicio,14039.0,14,39,4.0,Cifras Definitivas
2004,12,Trolebús,Longitud de servicio,14039.0,14,39,96.0,Cifras Definitivas
2004,12,Trolebús,Pasajeros transportados,14039.0,14,39,596000.0,Cifras Definitivas
2004,12,Trolebús,Unidades en operación,14039.0,14,39,62.0,Cifras Definitivas
2005,1,Tren Eléctrico,Ingresos por pasaje,14039.0,14,39,16772000.0,Cifras Definitivas
2005,1,Tren Eléctrico,Kilómetros recorridos,14039.0,14,39,453000.0,Cifras Definitivas
2005,1,Tren Eléctrico,Longitud de servicio,14039.0,14,39,24.0,Cifras Definitivas
2005,1,Tren Eléctrico,Pasajeros transportados,14039.0,14,39,4492000.0,Cifras Definitivas
2005,1,Tren Eléctrico,Unidades en operación,14039.0,14,39,40.0,Cifras Definitivas
2005,1,Trolebús,Ingresos por pasaje,14039.0,14,39,1933000.0,Cifras Definitivas
2005,1,Trolebús,Kilómetros recorridos,14039.0,14,39,293000.0,Cifras Definitivas
2005,1,Trolebús,Lineas en servicio,14039.0,14,39,4.0,Cifras Definitivas
2005,1,Trolebús,Longitud de servicio,14039.0,14,39,96.0,Cifras Definitivas
2005,1,Trolebús,Pasajeros transportados,14039.0,14,39,666000.0,Cifras Definitivas
2005,1,Trolebús,Unidades en operación,14039.0,14,39,62.0,Cifras Definitivas
2005,2,Tren Eléctrico,Ingresos por pasaje,14039.0,14,39,16861000.0,Cifras Definitivas
2005,2,Tren Eléctrico,Kilómetros recorridos,14039.0,14,39,414000.0,Cifras Definitivas
2005,2,Tren Eléctrico,Longitud de servicio,14039.0,14,39,24.0,Cifras Definitivas
2005,2,Tren Eléctrico,Pasajeros transportados,14039.0,14,39,4446000.0,Cifras Definitivas
2005,2,Tren Eléctrico,Unidades en operación,14039.0,14,39,40.0,Cifras Definitivas
2005,2,Trolebús,Ingresos por pasaje,14039.0,14,39,1957000.0,Cifras Definitivas
2005,2,Trolebús,Kilómetros recorridos,14039.0,14,39,293000.0,Cifras Definitivas
2005,2,Trolebús,Lineas en servicio,14039.0,14,39,4.0,Cifras Definitivas
2005,2,Trolebús,Longitud de servicio,14039.0,14,39,96.0,Cifras Definitivas
2005,2,Trolebús,Pasajeros transportados,14039.0,14,39,752000.0,Cifras Definitivas
2005,2,Trolebús,Unidades en operación,14039.0,14,39,62.0,Cifras Definitivas
2005,3,Tren Eléctrico,Ingresos por pasaje,14039.0,14,39,17284000.0,Cifras Definitivas
2005,3,Tren Eléctrico,Kilómetros recorridos,14039.0,14,39,502000.0,Cifras Definitivas
2005,3,Tren Eléctrico,Longitud de servicio,14039.0,14,39,24.0,Cifras Definitivas
2005,3,Tren Eléctrico,Pasajeros transportados,14039.0,14,39,4669000.0,Cifras Definitivas
2005,3,Tren Eléctrico,Unidades en operación,14039.0,14,39,40.0,Cifras Definitivas
2005,3,Trolebús,Ingresos por pasaje,14039.0,14,39,2058000.0,Cifras Definitivas
2005,3,Trolebús,Kilómetros recorridos,14039.0,14,39,293000.0,Cifras Definitivas
2005,3,Trolebús,Lineas en servicio,14039.0,14,39,4.0,Cifras Definitivas
2005,3,Trolebús,Longitud de servicio,14039.0,14,39,96.0,Cifras Definitivas
2005,3,Trolebús,Pasajeros transportados,14039.0,14,39,648000.0,Cifras Definitivas
2005,3,Trolebús,Unidades en operación,14039.0,14,39,62.0,Cifras Definitivas
2005,4,Tren Eléctrico,Ingresos por pasaje,14039.0,14,39,18728000.0,Cifras Definitivas
2005,4,Tren Eléctrico,Kilómetros recorridos,14039.0,14,39,424000.0,Cifras Definitivas
2005,4,Tren Eléctrico,Longitud de servicio,14039.0,14,39,24.0,Cifras Definitivas
2005,4,Tren Eléctrico,Pasajeros transportados,14039.0,14,39,4881000.0,Cifras Definitivas
2005,4,Tren Eléctrico,Unidades en operación,14039.0,14,39,40.0,Cifras Definitivas
2005,4,Trolebús,Ingresos por pasaje,14039.0,14,39,2315000.0,Cifras Definitivas
2005,4,Trolebús,Kilómetros recorridos,14039.0,14,39,293000.0,Cifras Definitivas
2005,4,Trolebús,Lineas en servicio,14039.0,14,39,4.0,Cifras Definitivas
2005,4,Trolebús,Longitud de servicio,14039.0,14,39,96.0,Cifras Definitivas
2005,4,Trolebús,Pasajeros transportados,14039.0,14,39,579000.0,Cifras Definitivas
2005,4,Trolebús,Unidades en operación,14039.0,14,39,62.0,Cifras Definitivas
2005,5,Tren Eléctrico,Ingresos por pasaje,14039.0,14,39,19514000.0,Cifras Definitivas
2005,5,Tren Eléctrico,Kilómetros recorridos,14039.0,14,39,460000.0,Cifras Definitivas
2005,5,Tren Eléctrico,Longitud de servicio,14039.0,14,39,24.0,Cifras Definitivas
2005,5,Tren Eléctrico,Pasajeros transportados,14039.0,14,39,5021000.0,Cifras Definitivas
2005,5,Tren Eléctrico,Unidades en operación,14039.0,14,39,40.0,Cifras Definitivas
2005,5,Trolebús,Ingresos por pasaje,14039.0,14,39,2373000.0,Cifras Definitivas
2005,5,Trolebús,Kilómetros recorridos,14039.0,14,39,293000.0,Cifras Definitivas
2005,5,Trolebús,Lineas en servicio,14039.0,14,39,4.0,Cifras Definitivas
2005,5,Trolebús,Longitud de servicio,14039.0,14,39,96.0,Cifras Definitivas
2005,5,Trolebús,Pasajeros transportados,14039.0,14,39,593000.0,Cifras Definitivas
2005,5,Trolebús,Unidades en operación,14039.0,14,39,62.0,Cifras Definitivas
2005,6,Tren Eléctrico,Ingresos por pasaje,14039.0,14,39,18637000.0,Cifras Definitivas
2005,6,Tren Eléctrico,Kilómetros recorridos,14039.0,14,39,449000.0,Cifras Definitivas
2005,6,Tren Eléctrico,Longitud de servicio,14039.0,14,39,24.0,Cifras Definitivas
2005,6,Tren Eléctrico,Pasajeros transportados,14039.0,14,39,4779000.0,Cifras Definitivas
2005,6,Tren Eléctrico,Unidades en operación,14039.0,14,39,40.0,Cifras Definitivas
2005,6,Trolebús,Ingresos por pasaje,14039.0,14,39,2570000.0,Cifras Definitivas
2005,6,Trolebús,Kilómetros recorridos,14039.0,14,39,293000.0,Cifras Definitivas
2005,6,Trolebús,Lineas en servicio,14039.0,14,39,4.0,Cifras Definitivas
2005,6,Trolebús,Longitud de servicio,14039.0,14,39,96.0,Cifras Definitivas
2005,6,Trolebús,Pasajeros transportados,14039.0,14,39,642000.0,Cifras Definitivas
2005,6,Trolebús,Unidades en operación,14039.0,14,39,62.0,Cifras Definitivas
2005,7,Tren Eléctrico,Ingresos por pasaje,14039.0,14,39,18208000.0,Cifras Definitivas
2005,7,Tren Eléctrico,Kilómetros recorridos,14039.0,14,39,458000.0,Cifras Definitivas
2005,7,Tren Eléctrico,Longitud de servicio,14039.0,14,39,24.0,Cifras Definitivas
2005,7,Tren Eléctrico,Pasajeros transportados,14039.0,14,39,4558000.0,Cifras Definitivas
2005,7,Tren Eléctrico,Unidades en operación,14039.0,14,39,40.0,Cifras Definitivas
2005,7,Trolebús,Ingresos por pasaje,14039.0,14,39,2368000.0,Cifras Definitivas
2005,7,Trolebús,Kilómetros recorridos,14039.0,14,39,293000.0,Cifras Definitivas
2005,7,Trolebús,Lineas en servicio,14039.0,14,39,4.0,Cifras Definitivas
2005,7,Trolebús,Longitud de servicio,14039.0,14,39,96.0,Cifras Definitivas
2005,7,Trolebús,Pasajeros transportados,14039.0,14,39,592000.0,Cifras Definitivas
2005,7,Trolebús,Unidades en operación,14039.0,14,39,62.0,Cifras Definitivas
2005,8,Tren Eléctrico,Ingresos por pasaje,14039.0,14,39,20329000.0,Cifras Definitivas
2005,8,Tren Eléctrico,Kilómetros recorridos,14039.0,14,39,470000.0,Cifras Definitivas
2005,8,Tren Eléctrico,Longitud de servicio,14039.0,14,39,24.0,Cifras Definitivas
2005,8,Tren Eléctrico,Pasajeros transportados,14039.0,14,39,5018000.0,Cifras Definitivas
2005,8,Tren Eléctrico,Unidades en operación,14039.0,14,39,40.0,Cifras Definitivas
2005,8,Trolebús,Ingresos por pasaje,14039.0,14,39,2550000.0,Cifras Definitivas
2005,8,Trolebús,Kilómetros recorridos,14039.0,14,39,293000.0,Cifras Definitivas
2005,8,Trolebús,Lineas en servicio,14039.0,14,39,4.0,Cifras Definitivas
2005,8,Trolebús,Longitud de servicio,14039.0,14,39,96.0,Cifras Definitivas
2005,8,Trolebús,Pasajeros transportados,14039.0,14,39,638000.0,Cifras Definitivas
2005,8,Trolebús,Unidades en operación,14039.0,14,39,62.0,Cifras Definitivas
2005,9,Tren Eléctrico,Ingresos por pasaje,14039.0,14,39,20133000.0,Cifras Definitivas
2005,9,Tren Eléctrico,Kilómetros recorridos,14039.0,14,39,448000.0,Cifras Definitivas
2005,9,Tren Eléctrico,Longitud de servicio,14039.0,14,39,24.0,Cifras Definitivas
2005,9,Tren Eléctrico,Pasajeros transportados,14039.0,14,39,4950000.0,Cifras Definitivas
2005,9,Tren Eléctrico,Unidades en operación,14039.0,14,39,40.0,Cifras Definitivas
2005,9,Trolebús,Ingresos por pasaje,14039.0,14,39,2758000.0,Cifras Definitivas
2005,9,Trolebús,Kilómetros recorridos,14039.0,14,39,293000.0,Cifras Definitivas
2005,9,Trolebús,Lineas en servicio,14039.0,14,39,4.0,Cifras Definitivas
2005,9,Trolebús,Longitud de servicio,14039.0,14,39,96.0,Cifras Definitivas
2005,9,Trolebús,Pasajeros transportados,14039.0,14,39,690000.0,Cifras Definitivas
2005,9,Trolebús,Unidades en operación,14039.0,14,39,62.0,Cifras Definitivas
2005,10,Tren Eléctrico,Ingresos por pasaje,14039.0,14,39,21580000.0,Cifras Definitivas
2005,10,Tren Eléctrico,Kilómetros recorridos,14039.0,14,39,491000.0,Cifras Definitivas
2005,10,Tren Eléctrico,Longitud de servicio,14039.0,14,39,24.0,Cifras Definitivas
2005,10,Tren Eléctrico,Pasajeros transportados,14039.0,14,39,5463000.0,Cifras Definitivas
2005,10,Tren Eléctrico,Unidades en operación,14039.0,14,39,40.0,Cifras Definitivas
2005,10,Trolebús,Ingresos por pasaje,14039.0,14,39,2710000.0,Cifras Definitivas
2005,10,Trolebús,Kilómetros recorridos,14039.0,14,39,293000.0,Cifras Definitivas
2005,10,Trolebús,Lineas en servicio,14039.0,14,39,4.0,Cifras Definitivas
2005,10,Trolebús,Longitud de servicio,14039.0,14,39,96.0,Cifras Definitivas
2005,10,Trolebús,Pasajeros transportados,14039.0,14,39,678000.0,Cifras Definitivas
2005,10,Trolebús,Unidades en operación,14039.0,14,39,62.0,Cifras Definitivas
2005,11,Tren Eléctrico,Ingresos por pasaje,14039.0,14,39,20478000.0,Cifras Definitivas
2005,11,Tren Eléctrico,Kilómetros recorridos,14039.0,14,39,455000.0,Cifras Definitivas
2005,11,Tren Eléctrico,Longitud de servicio,14039.0,14,39,24.0,Cifras Definitivas
2005,11,Tren Eléctrico,Pasajeros transportados,14039.0,14,39,5195000.0,Cifras Definitivas
2005,11,Tren Eléctrico,Unidades en operación,14039.0,14,39,40.0,Cifras Definitivas
2005,11,Trolebús,Ingresos por pasaje,14039.0,14,39,2608000.0,Cifras Definitivas
2005,11,Trolebús,Kilómetros recorridos,14039.0,14,39,293000.0,Cifras Definitivas
2005,11,Trolebús,Lineas en servicio,14039.0,14,39,4.0,Cifras Definitivas
2005,11,Trolebús,Longitud de servicio,14039.0,14,39,96.0,Cifras Definitivas
2005,11,Trolebús,Pasajeros transportados,14039.0,14,39,627000.0,Cifras Definitivas
2005,11,Trolebús,Unidades en operación,14039.0,14,39,62.0,Cifras Definitivas
2005,12,Tren Eléctrico,Ingresos por pasaje,14039.0,14,39,20888000.0,Cifras Definitivas
2005,12,Tren Eléctrico,Kilómetros recorridos,14039.0,14,39,434000.0,Cifras Definitivas
2005,12,Tren Eléctrico,Longitud de servicio,14039.0,14,39,24.0,Cifras Definitivas
2005,12,Tren Eléctrico,Pasajeros transportados,14039.0,14,39,5297000.0,Cifras Definitivas
2005,12,Tren Eléctrico,Unidades en operación,14039.0,14,39,40.0,Cifras Definitivas
2005,12,Trolebús,Ingresos por pasaje,14039.0,14,39,2116000.0,Cifras Definitivas
2005,12,Trolebús,Kilómetros recorridos,14039.0,14,39,293000.0,Cifras Definitivas
2005,12,Trolebús,Lineas en servicio,14039.0,14,39,4.0,Cifras Definitivas
2005,12,Trolebús,Longitud de servicio,14039.0,14,39,96.0,Cifras Definitivas
2005,12,Trolebús,Pasajeros transportados,14039.0,14,39,499000.0,Cifras Definitivas
2005,12,Trolebús,Unidades en operación,14039.0,14,39,62.0,Cifras Definitivas
2006,1,Tren Eléctrico,Ingresos por pasaje,14039.0,14,39,19416000.0,Cifras Definitivas
2006,1,Tren Eléctrico,Kilómetros recorridos,14039.0,14,39,456000.0,Cifras Definitivas
2006,1,Tren Eléctrico,Longitud de servicio,14039.0,14,39,24.0,Cifras Definitivas
2006,1,Tren Eléctrico,Pasajeros transportados,14039.0,14,39,4826000.0,Cifras Definitivas
2006,1,Tren Eléctrico,Unidades en operación,14039.0,14,39,40.0,Cifras Definitivas
2006,1,Trolebús,Ingresos por pasaje,14039.0,14,39,2125000.0,Cifras Definitivas
2006,1,Trolebús,Kilómetros recorridos,14039.0,14,39,293000.0,Cifras Definitivas
2006,1,Trolebús,Lineas en servicio,14039.0,14,39,4.0,Cifras Definitivas
2006,1,Trolebús,Longitud de servicio,14039.0,14,39,96.0,Cifras Definitivas
2006,1,Trolebús,Pasajeros transportados,14039.0,14,39,558000.0,Cifras Definitivas
2006,1,Trolebús,Unidades en operación,14039.0,14,39,62.0,Cifras Definitivas
2006,2,Tren Eléctrico,Ingresos por pasaje,14039.0,14,39,19079000.0,Cifras Definitivas
2006,2,Tren Eléctrico,Kilómetros recorridos,14039.0,14,39,414000.0,Cifras Definitivas
2006,2,Tren Eléctrico,Longitud de servicio,14039.0,14,39,24.0,Cifras Definitivas
2006,2,Tren Eléctrico,Pasajeros transportados,14039.0,14,39,4725000.0,Cifras Definitivas
2006,2,Tren Eléctrico,Unidades en operación,14039.0,14,39,40.0,Cifras Definitivas
2006,2,Trolebús,Ingresos por pasaje,14039.0,14,39,2036000.0,Cifras Definitivas
2006,2,Trolebús,Kilómetros recorridos,14039.0,14,39,293000.0,Cifras Definitivas
2006,2,Trolebús,Lineas en servicio,14039.0,14,39,4.0,Cifras Definitivas
2006,2,Trolebús,Longitud de servicio,14039.0,14,39,96.0,Cifras Definitivas
2006,2,Trolebús,Pasajeros transportados,14039.0,14,39,539000.0,Cifras Definitivas
2006,2,Trolebús,Unidades en operación,14039.0,14,39,62.0,Cifras Definitivas
2006,3,Tren Eléctrico,Ingresos por pasaje,14039.0,14,39,20367000.0,Cifras Definitivas
2006,3,Tren Eléctrico,Kilómetros recorridos,14039.0,14,39,457000.0,Cifras Definitivas
2006,3,Tren Eléctrico,Longitud de servicio,14039.0,14,39,24.0,Cifras Definitivas
2006,3,Tren Eléctrico,Pasajeros transportados,14039.0,14,39,5241000.0,Cifras Definitivas
2006,3,Tren Eléctrico,Unidades en operación,14039.0,14,39,40.0,Cifras Definitivas
2006,3,Trolebús,Ingresos por pasaje,14039.0,14,39,2173000.0,Cifras Definitivas
2006,3,Trolebús,Kilómetros recorridos,14039.0,14,39,293000.0,Cifras Definitivas
2006,3,Trolebús,Lineas en servicio,14039.0,14,39,4.0,Cifras Definitivas
2006,3,Trolebús,Longitud de servicio,14039.0,14,39,96.0,Cifras Definitivas
2006,3,Trolebús,Pasajeros transportados,14039.0,14,39,581000.0,Cifras Definitivas
2006,3,Trolebús,Unidades en operación,14039.0,14,39,62.0,Cifras Definitivas
2006,4,Tren Eléctrico,Ingresos por pasaje,14039.0,14,39,16536000.0,Cifras Definitivas
2006,4,Tren Eléctrico,Kilómetros recorridos,14039.0,14,39,430000.0,Cifras Definitivas
2006,4,Tren Eléctrico,Longitud de servicio,14039.0,14,39,24.0,Cifras Definitivas
2006,4,Tren Eléctrico,Pasajeros transportados,14039.0,14,39,4412000.0,Cifras Definitivas
2006,4,Tren Eléctrico,Unidades en operación,14039.0,14,39,40.0,Cifras Definitivas
2006,4,Trolebús,Ingresos por pasaje,14039.0,14,39,1654000.0,Cifras Definitivas
2006,4,Trolebús,Kilómetros recorridos,14039.0,14,39,293000.0,Cifras Definitivas
2006,4,Trolebús,Lineas en servicio,14039.0,14,39,4.0,Cifras Definitivas
2006,4,Trolebús,Longitud de servicio,14039.0,14,39,96.0,Cifras Definitivas
2006,4,Trolebús,Pasajeros transportados,14039.0,14,39,440000.0,Cifras Definitivas
2006,4,Trolebús,Unidades en operación,14039.0,14,39,62.0,Cifras Definitivas
2006,5,Tren Eléctrico,Ingresos por pasaje,14039.0,14,39,20866000.0,Cifras Definitivas
2006,5,Tren Eléctrico,Kilómetros recorridos,14039.0,14,39,454000.0,Cifras Definitivas
2006,5,Tren Eléctrico,Longitud de servicio,14039.0,14,39,24.0,Cifras Definitivas
2006,5,Tren Eléctrico,Pasajeros transportados,14039.0,14,39,5413000.0,Cifras Definitivas
2006,5,Tren Eléctrico,Unidades en operación,14039.0,14,39,40.0,Cifras Definitivas
2006,5,Trolebús,Ingresos por pasaje,14039.0,14,39,2075000.0,Cifras Definitivas
2006,5,Trolebús,Kilómetros recorridos,14039.0,14,39,293000.0,Cifras Definitivas
2006,5,Trolebús,Lineas en servicio,14039.0,14,39,4.0,Cifras Definitivas
2006,5,Trolebús,Longitud de servicio,14039.0,14,39,96.0,Cifras Definitivas
2006,5,Trolebús,Pasajeros transportados,14039.0,14,39,556000.0,Cifras Definitivas
2006,5,Trolebús,Unidades en operación,14039.0,14,39,62.0,Cifras Definitivas
2006,6,Tren Eléctrico,Ingresos por pasaje,14039.0,14,39,22484000.0,Cifras Definitivas
2006,6,Tren Eléctrico,Kilómetros recorridos,14039.0,14,39,455000.0,Cifras Definitivas
2006,6,Tren Eléctrico,Longitud de servicio,14039.0,14,39,24.0,Cifras Definitivas
2006,6,Tren Eléctrico,Pasajeros transportados,14039.0,14,39,5095000.0,Cifras Definitivas
2006,6,Tren Eléctrico,Unidades en operación,14039.0,14,39,40.0,Cifras Definitivas
2006,6,Trolebús,Ingresos por pasaje,14039.0,14,39,2019000.0,Cifras Definitivas
2006,6,Trolebús,Kilómetros recorridos,14039.0,14,39,293000.0,Cifras Definitivas
2006,6,Trolebús,Lineas en servicio,14039.0,14,39,4.0,Cifras Definitivas
2006,6,Trolebús,Longitud de servicio,14039.0,14,39,96.0,Cifras Definitivas
2006,6,Trolebús,Pasajeros transportados,14039.0,14,39,538000.0,Cifras Definitivas
2006,6,Trolebús,Unidades en operación,14039.0,14,39,62.0,Cifras Definitivas
2006,7,Tren Eléctrico,Ingresos por pasaje,14039.0,14,39,19230000.0,Cifras Definitivas
2006,7,Tren Eléctrico,Kilómetros recorridos,14039.0,14,39,454000.0,Cifras Definitivas
2006,7,Tren Eléctrico,Longitud de servicio,14039.0,14,39,24.0,Cifras Definitivas
2006,7,Tren Eléctrico,Pasajeros transportados,14039.0,14,39,4820000.0,Cifras Definitivas
2006,7,Tren Eléctrico,Unidades en operación,14039.0,14,39,40.0,Cifras Definitivas
2006,7,Trolebús,Ingresos por pasaje,14039.0,14,39,1950000.0,Cifras Definitivas
2006,7,Trolebús,Kilómetros recorridos,14039.0,14,39,293000.0,Cifras Definitivas
2006,7,Trolebús,Lineas en servicio,14039.0,14,39,4.0,Cifras Definitivas
2006,7,Trolebús,Longitud de servicio,14039.0,14,39,96.0,Cifras Definitivas
2006,7,Trolebús,Pasajeros transportados,14039.0,14,39,514000.0,Cifras Definitivas
2006,7,Trolebús,Unidades en operación,14039.0,14,39,62.0,Cifras Definitivas
2006,8,Tren Eléctrico,Ingresos por pasaje,14039.0,14,39,20765000.0,Cifras Definitivas
2006,8,Tren Eléctrico,Kilómetros recorridos,14039.0,14,39,462000.0,Cifras Definitivas
2006,8,Tren Eléctrico,Longitud de servicio,14039.0,14,39,24.0,Cifras Definitivas
2006,8,Tren Eléctrico,Pasajeros transportados,14039.0,14,39,5166000.0,Cifras Definitivas
2006,8,Tren Eléctrico,Unidades en operación,14039.0,14,39,40.0,Cifras Definitivas
2006,8,Trolebús,Ingresos por pasaje,14039.0,14,39,2038000.0,Cifras Definitivas
2006,8,Trolebús,Kilómetros recorridos,14039.0,14,39,293000.0,Cifras Definitivas
2006,8,Trolebús,Lineas en servicio,14039.0,14,39,4.0,Cifras Definitivas
2006,8,Trolebús,Longitud de servicio,14039.0,14,39,96.0,Cifras Definitivas
2006,8,Trolebús,Pasajeros transportados,14039.0,14,39,536000.0,Cifras Definitivas
2006,8,Trolebús,Unidades en operación,14039.0,14,39,62.0,Cifras Definitivas
2006,9,Tren Eléctrico,Ingresos por pasaje,14039.0,14,39,20324000.0,Cifras Definitivas
2006,9,Tren Eléctrico,Kilómetros recorridos,14039.0,14,39,427000.0,Cifras Definitivas
2006,9,Tren Eléctrico,Longitud de servicio,14039.0,14,39,24.0,Cifras Definitivas
2006,9,Tren Eléctrico,Pasajeros transportados,14039.0,14,39,5250000.0,Cifras Definitivas
2006,9,Tren Eléctrico,Unidades en operación,14039.0,14,39,40.0,Cifras Definitivas
2006,9,Trolebús,Ingresos por pasaje,14039.0,14,39,2000000.0,Cifras Definitivas
2006,9,Trolebús,Kilómetros recorridos,14039.0,14,39,293000.0,Cifras Definitivas
2006,9,Trolebús,Lineas en servicio,14039.0,14,39,4.0,Cifras Definitivas
2006,9,Trolebús,Longitud de servicio,14039.0,14,39,96.0,Cifras Definitivas
2006,9,Trolebús,Pasajeros transportados,14039.0,14,39,534000.0,Cifras Definitivas
2006,9,Trolebús,Unidades en operación,14039.0,14,39,62.0,Cifras Definitivas
2006,10,Tren Eléctrico,Ingresos por pasaje,14039.0,14,39,22053000.0,Cifras Definitivas
2006,10,Tren Eléctrico,Kilómetros recorridos,14039.0,14,39,467000.0,Cifras Definitivas
2006,10,Tren Eléctrico,Longitud de servicio,14039.0,14,39,24.0,Cifras Definitivas
2006,10,Tren Eléctrico,Pasajeros transportados,14039.0,14,39,5463000.0,Cifras Definitivas
2006,10,Tren Eléctrico,Unidades en operación,14039.0,14,39,40.0,Cifras Definitivas
2006,10,Trolebús,Ingresos por pasaje,14039.0,14,39,2070000.0,Cifras Definitivas
2006,10,Trolebús,Kilómetros recorridos,14039.0,14,39,293000.0,Cifras Definitivas
2006,10,Trolebús,Lineas en servicio,14039.0,14,39,4.0,Cifras Definitivas
2006,10,Trolebús,Longitud de servicio,14039.0,14,39,96.0,Cifras Definitivas
2006,10,Trolebús,Pasajeros transportados,14039.0,14,39,557000.0,Cifras Definitivas
2006,10,Trolebús,Unidades en operación,14039.0,14,39,62.0,Cifras Definitivas
2006,11,Tren Eléctrico,Ingresos por pasaje,14039.0,14,39,20939000.0,Cifras Definitivas
2006,11,Tren Eléctrico,Kilómetros recorridos,14039.0,14,39,449000.0,Cifras Definitivas
2006,11,Tren Eléctrico,Longitud de servicio,14039.0,14,39,24.0,Cifras Definitivas
2006,11,Tren Eléctrico,Pasajeros transportados,14039.0,14,39,5644000.0,Cifras Definitivas
2006,11,Tren Eléctrico,Unidades en operación,14039.0,14,39,40.0,Cifras Definitivas
2006,11,Trolebús,Ingresos por pasaje,14039.0,14,39,2035000.0,Cifras Definitivas
2006,11,Trolebús,Kilómetros recorridos,14039.0,14,39,293000.0,Cifras Definitivas
2006,11,Trolebús,Lineas en servicio,14039.0,14,39,4.0,Cifras Definitivas
2006,11,Trolebús,Longitud de servicio,14039.0,14,39,96.0,Cifras Definitivas
2006,11,Trolebús,Pasajeros transportados,14039.0,14,39,561000.0,Cifras Definitivas
2006,11,Trolebús,Unidades en operación,14039.0,14,39,62.0,Cifras Definitivas
2006,12,Tren Eléctrico,Ingresos por pasaje,14039.0,14,39,22331000.0,Cifras Definitivas
2006,12,Tren Eléctrico,Kilómetros recorridos,14039.0,14,39,454000.0,Cifras Definitivas
2006,12,Tren Eléctrico,Longitud de servicio,14039.0,14,39,24.0,Cifras Definitivas
2006,12,Tren Eléctrico,Pasajeros transportados,14039.0,14,39,5617000.0,Cifras Definitivas
2006,12,Tren Eléctrico,Unidades en operación,14039.0,14,39,40.0,Cifras Definitivas
2006,12,Trolebús,Ingresos por pasaje,14039.0,14,39,1871000.0,Cifras Definitivas
2006,12,Trolebús,Kilómetros recorridos,14039.0,14,39,293000.0,Cifras Definitivas
2006,12,Trolebús,Lineas en servicio,14039.0,14,39,4.0,Cifras Definitivas
2006,12,Trolebús,Longitud de servicio,14039.0,14,39,96.0,Cifras Definitivas
2006,12,Trolebús,Pasajeros transportados,14039.0,14,39,473000.0,Cifras Definitivas
2006,12,Trolebús,Unidades en operación,14039.0,14,39,62.0,Cifras Definitivas
2007,1,Tren Eléctrico,Ingresos por pasaje,14039.0,14,39,22292000.0,Cifras Definitivas
2007,1,Tren Eléctrico,Kilómetros recorridos,14039.0,14,39,458000.0,Cifras Definitivas
2007,1,Tren Eléctrico,Longitud de servicio,14039.0,14,39,24.0,Cifras Definitivas
2007,1,Tren Eléctrico,Pasajeros transportados,14039.0,14,39,4899000.0,Cifras Definitivas
2007,1,Tren Eléctrico,Unidades en operación,14039.0,14,39,40.0,Cifras Definitivas
2007,1,Trolebús,Ingresos por pasaje,14039.0,14,39,2015000.0,Cifras Definitivas
2007,1,Trolebús,Kilómetros recorridos,14039.0,14,39,293000.0,Cifras Definitivas
2007,1,Trolebús,Lineas en servicio,14039.0,14,39,4.0,Cifras Definitivas
2007,1,Trolebús,Longitud de servicio,14039.0,14,39,96.0,Cifras Definitivas
2007,1,Trolebús,Pasajeros transportados,14039.0,14,39,473000.0,Cifras Definitivas
2007,1,Trolebús,Unidades en operación,14039.0,14,39,62.0,Cifras Definitivas
2007,2,Tren Eléctrico,Ingresos por pasaje,14039.0,14,39,21760000.0,Cifras Definitivas
2007,2,Tren Eléctrico,Kilómetros recorridos,14039.0,14,39,416000.0,Cifras Definitivas
2007,2,Tren Eléctrico,Longitud de servicio,14039.0,14,39,24.0,Cifras Definitivas
2007,2,Tren Eléctrico,Pasajeros transportados,14039.0,14,39,5108000.0,Cifras Definitivas
2007,2,Tren Eléctrico,Unidades en operación,14039.0,14,39,40.0,Cifras Definitivas
2007,2,Trolebús,Ingresos por pasaje,14039.0,14,39,1820000.0,Cifras Definitivas
2007,2,Trolebús,Kilómetros recorridos,14039.0,14,39,293000.0,Cifras Definitivas
2007,2,Trolebús,Lineas en servicio,14039.0,14,39,4.0,Cifras Definitivas
2007,2,Trolebús,Longitud de servicio,14039.0,14,39,96.0,Cifras Definitivas
2007,2,Trolebús,Pasajeros transportados,14039.0,14,39,427000.0,Cifras Definitivas
2007,2,Trolebús,Unidades en operación,14039.0,14,39,62.0,Cifras Definitivas
2007,3,Tren Eléctrico,Ingresos por pasaje,14039.0,14,39,24729000.0,Cifras Definitivas
2007,3,Tren Eléctrico,Kilómetros recorridos,14039.0,14,39,463000.0,Cifras Definitivas
2007,3,Tren Eléctrico,Longitud de servicio,14039.0,14,39,24.0,Cifras Definitivas
2007,3,Tren Eléctrico,Pasajeros transportados,14039.0,14,39,5869000.0,Cifras Definitivas
2007,3,Tren Eléctrico,Unidades en operación,14039.0,14,39,40.0,Cifras Definitivas
2007,3,Trolebús,Ingresos por pasaje,14039.0,14,39,2173000.0,Cifras Definitivas
2007,3,Trolebús,Kilómetros recorridos,14039.0,14,39,293000.0,Cifras Definitivas
2007,3,Trolebús,Lineas en servicio,14039.0,14,39,4.0,Cifras Definitivas
2007,3,Trolebús,Longitud de servicio,14039.0,14,39,96.0,Cifras Definitivas
2007,3,Trolebús,Pasajeros transportados,14039.0,14,39,521000.0,Cifras Definitivas
2007,3,Trolebús,Unidades en operación,14039.0,14,39,62.0,Cifras Definitivas
2007,4,Tren Eléctrico,Ingresos por pasaje,14039.0,14,39,20395000.0,Cifras Definitivas
2007,4,Tren Eléctrico,Kilómetros recorridos,14039.0,14,39,431000.0,Cifras Definitivas
2007,4,Tren Eléctrico,Longitud de servicio,14039.0,14,39,24.0,Cifras Definitivas
2007,4,Tren Eléctrico,Pasajeros transportados,14039.0,14,39,4808000.0,Cifras Definitivas
2007,4,Tren Eléctrico,Unidades en operación,14039.0,14,39,40.0,Cifras Definitivas
2007,4,Trolebús,Ingresos por pasaje,14039.0,14,39,1782000.0,Cifras Definitivas
2007,4,Trolebús,Kilómetros recorridos,14039.0,14,39,293000.0,Cifras Definitivas
2007,4,Trolebús,Lineas en servicio,14039.0,14,39,4.0,Cifras Definitivas
2007,4,Trolebús,Longitud de servicio,14039.0,14,39,96.0,Cifras Definitivas
2007,4,Trolebús,Pasajeros transportados,14039.0,14,39,423000.0,Cifras Definitivas
2007,4,Trolebús,Unidades en operación,14039.0,14,39,62.0,Cifras Definitivas
2007,5,Tren Eléctrico,Ingresos por pasaje,14039.0,14,39,23432000.0,Cifras Definitivas
2007,5,Tren Eléctrico,Kilómetros recorridos,14039.0,14,39,477000.0,Cifras Definitivas
2007,5,Tren Eléctrico,Longitud de servicio,14039.0,14,39,24.0,Cifras Definitivas
2007,5,Tren Eléctrico,Pasajeros transportados,14039.0,14,39,5850000.0,Cifras Definitivas
2007,5,Tren Eléctrico,Unidades en operación,14039.0,14,39,40.0,Cifras Definitivas
2007,5,Trolebús,Ingresos por pasaje,14039.0,14,39,2167000.0,Cifras Definitivas
2007,5,Trolebús,Kilómetros recorridos,14039.0,14,39,293000.0,Cifras Definitivas
2007,5,Trolebús,Lineas en servicio,14039.0,14,39,4.0,Cifras Definitivas
2007,5,Trolebús,Longitud de servicio,14039.0,14,39,96.0,Cifras Definitivas
2007,5,Trolebús,Pasajeros transportados,14039.0,14,39,519000.0,Cifras Definitivas
2007,5,Trolebús,Unidades en operación,14039.0,14,39,62.0,Cifras Definitivas
2007,6,Tren Eléctrico,Ingresos por pasaje,14039.0,14,39,24637000.0,Cifras Definitivas
2007,6,Tren Eléctrico,Kilómetros recorridos,14039.0,14,39,470000.0,Cifras Definitivas
2007,6,Tren Eléctrico,Longitud de servicio,14039.0,14,39,24.0,Cifras Definitivas
2007,6,Tren Eléctrico,Pasajeros transportados,14039.0,14,39,5473000.0,Cifras Definitivas
2007,6,Tren Eléctrico,Unidades en operación,14039.0,14,39,40.0,Cifras Definitivas
2007,6,Trolebús,Ingresos por pasaje,14039.0,14,39,2097000.0,Cifras Definitivas
2007,6,Trolebús,Kilómetros recorridos,14039.0,14,39,293000.0,Cifras Definitivas
2007,6,Trolebús,Lineas en servicio,14039.0,14,39,4.0,Cifras Definitivas
2007,6,Trolebús,Longitud de servicio,14039.0,14,39,96.0,Cifras Definitivas
2007,6,Trolebús,Pasajeros transportados,14039.0,14,39,503000.0,Cifras Definitivas
2007,6,Trolebús,Unidades en operación,14039.0,14,39,62.0,Cifras Definitivas
2007,7,Tren Eléctrico,Ingresos por pasaje,14039.0,14,39,23699000.0,Cifras Definitivas
2007,7,Tren Eléctrico,Kilómetros recorridos,14039.0,14,39,464000.0,Cifras Definitivas
2007,7,Tren Eléctrico,Longitud de servicio,14039.0,14,39,24.0,Cifras Definitivas
2007,7,Tren Eléctrico,Pasajeros transportados,14039.0,14,39,5420000.0,Cifras Definitivas
2007,7,Tren Eléctrico,Unidades en operación,14039.0,14,39,40.0,Cifras Definitivas
2007,7,Trolebús,Ingresos por pasaje,14039.0,14,39,1928000.0,Cifras Definitivas
2007,7,Trolebús,Kilómetros recorridos,14039.0,14,39,293000.0,Cifras Definitivas
2007,7,Trolebús,Lineas en servicio,14039.0,14,39,4.0,Cifras Definitivas
2007,7,Trolebús,Longitud de servicio,14039.0,14,39,96.0,Cifras Definitivas
2007,7,Trolebús,Pasajeros transportados,14039.0,14,39,473000.0,Cifras Definitivas
2007,7,Trolebús,Unidades en operación,14039.0,14,39,62.0,Cifras Definitivas
2007,8,Tren Eléctrico,Ingresos por pasaje,14039.0,14,39,25048000.0,Cifras Definitivas
2007,8,Tren Eléctrico,Kilómetros recorridos,14039.0,14,39,469000.0,Cifras Definitivas
2007,8,Tren Eléctrico,Longitud de servicio,14039.0,14,39,24.0,Cifras Definitivas
2007,8,Tren Eléctrico,Pasajeros transportados,14039.0,14,39,5709000.0,Cifras Definitivas
2007,8,Tren Eléctrico,Unidades en operación,14039.0,14,39,40.0,Cifras Definitivas
2007,8,Trolebús,Ingresos por pasaje,14039.0,14,39,2000000.0,Cifras Definitivas
2007,8,Trolebús,Kilómetros recorridos,14039.0,14,39,293000.0,Cifras Definitivas
2007,8,Trolebús,Lineas en servicio,14039.0,14,39,4.0,Cifras Definitivas
2007,8,Trolebús,Longitud de servicio,14039.0,14,39,96.0,Cifras Definitivas
2007,8,Trolebús,Pasajeros transportados,14039.0,14,39,492000.0,Cifras Definitivas
2007,8,Trolebús,Unidades en operación,14039.0,14,39,62.0,Cifras Definitivas
2007,9,Tren Eléctrico,Ingresos por pasaje,14039.0,14,39,23913000.0,Cifras Definitivas
2007,9,Tren Eléctrico,Kilómetros recorridos,14039.0,14,39,458000.0,Cifras Definitivas
2007,9,Tren Eléctrico,Longitud de servicio,14039.0,14,39,24.0,Cifras Definitivas
2007,9,Tren Eléctrico,Pasajeros transportados,14039.0,14,39,5807000.0,Cifras Definitivas
2007,9,Tren Eléctrico,Unidades en operación,14039.0,14,39,40.0,Cifras Definitivas
2007,9,Trolebús,Ingresos por pasaje,14039.0,14,39,2081000.0,Cifras Definitivas
2007,9,Trolebús,Kilómetros recorridos,14039.0,14,39,293000.0,Cifras Definitivas
2007,9,Trolebús,Lineas en servicio,14039.0,14,39,4.0,Cifras Definitivas
2007,9,Trolebús,Longitud de servicio,14039.0,14,39,96.0,Cifras Definitivas
2007,9,Trolebús,Pasajeros transportados,14039.0,14,39,435000.0,Cifras Definitivas
2007,9,Trolebús,Unidades en operación,14039.0,14,39,62.0,Cifras Definitivas
2007,10,Tren Eléctrico,Ingresos por pasaje,14039.0,14,39,27329000.0,Cifras Definitivas
2007,10,Tren Eléctrico,Kilómetros recorridos,14039.0,14,39,502000.0,Cifras Definitivas
2007,10,Tren Eléctrico,Longitud de servicio,14039.0,14,39,24.0,Cifras Definitivas
2007,10,Tren Eléctrico,Pasajeros transportados,14039.0,14,39,6766000.0,Cifras Definitivas
2007,10,Tren Eléctrico,Unidades en operación,14039.0,14,39,40.0,Cifras Definitivas
2007,10,Trolebús,Ingresos por pasaje,14039.0,14,39,2115000.0,Cifras Definitivas
2007,10,Trolebús,Kilómetros recorridos,14039.0,14,39,293000.0,Cifras Definitivas
2007,10,Trolebús,Lineas en servicio,14039.0,14,39,4.0,Cifras Definitivas
2007,10,Trolebús,Longitud de servicio,14039.0,14,39,96.0,Cifras Definitivas
2007,10,Trolebús,Pasajeros transportados,14039.0,14,39,511000.0,Cifras Definitivas
2007,10,Trolebús,Unidades en operación,14039.0,14,39,62.0,Cifras Definitivas
2007,11,Tren Eléctrico,Ingresos por pasaje,14039.0,14,39,25156000.0,Cifras Definitivas
2007,11,Tren Eléctrico,Kilómetros recorridos,14039.0,14,39,463000.0,Cifras Definitivas
2007,11,Tren Eléctrico,Longitud de servicio,14039.0,14,39,24.0,Cifras Definitivas
2007,11,Tren Eléctrico,Pasajeros transportados,14039.0,14,39,6292000.0,Cifras Definitivas
2007,11,Tren Eléctrico,Unidades en operación,14039.0,14,39,40.0,Cifras Definitivas
2007,11,Trolebús,Ingresos por pasaje,14039.0,14,39,1936000.0,Cifras Definitivas
2007,11,Trolebús,Kilómetros recorridos,14039.0,14,39,293000.0,Cifras Definitivas
2007,11,Trolebús,Lineas en servicio,14039.0,14,39,4.0,Cifras Definitivas
2007,11,Trolebús,Longitud de servicio,14039.0,14,39,96.0,Cifras Definitivas
2007,11,Trolebús,Pasajeros transportados,14039.0,14,39,471000.0,Cifras Definitivas
2007,11,Trolebús,Unidades en operación,14039.0,14,39,62.0,Cifras Definitivas
2007,12,Tren Eléctrico,Ingresos por pasaje,14039.0,14,39,27044000.0,Cifras Definitivas
2007,12,Tren Eléctrico,Kilómetros recorridos,14039.0,14,39,473000.0,Cifras Definitivas
2007,12,Tren Eléctrico,Longitud de servicio,14039.0,14,39,24.0,Cifras Definitivas
2007,12,Tren Eléctrico,Pasajeros transportados,14039.0,14,39,6207000.0,Cifras Definitivas
2007,12,Tren Eléctrico,Unidades en operación,14039.0,14,39,40.0,Cifras Definitivas
2007,12,Trolebús,Ingresos por pasaje,14039.0,14,39,1684000.0,Cifras Definitivas
2007,12,Trolebús,Kilómetros recorridos,14039.0,14,39,293000.0,Cifras Definitivas
2007,12,Trolebús,Lineas en servicio,14039.0,14,39,4.0,Cifras Definitivas
2007,12,Trolebús,Longitud de servicio,14039.0,14,39,96.0,Cifras Definitivas
2007,12,Trolebús,Pasajeros transportados,14039.0,14,39,404000.0,Cifras Definitivas
2007,12,Trolebús,Unidades en operación,14039.0,14,39,62.0,Cifras Definitivas
2008,1,Tren Eléctrico,Ingresos por pasaje,14039.0,14,39,23506000.0,Cifras Definitivas
2008,1,Tren Eléctrico,Kilómetros recorridos,14039.0,14,39,471000.0,Cifras Definitivas
2008,1,Tren Eléctrico,Longitud de servicio,14039.0,14,39,24.0,Cifras Definitivas
2008,1,Tren Eléctrico,Pasajeros transportados,14039.0,14,39,5401000.0,Cifras Definitivas
2008,1,Tren Eléctrico,Unidades en operación,14039.0,14,39,40.0,Cifras Definitivas
2008,1,Trolebús,Ingresos por pasaje,14039.0,14,39,1879000.0,Cifras Definitivas
2008,1,Trolebús,Kilómetros recorridos,14039.0,14,39,293000.0,Cifras Definitivas
2008,1,Trolebús,Lineas en servicio,14039.0,14,39,4.0,Cifras Definitivas
2008,1,Trolebús,Longitud de servicio,14039.0,14,39,96.0,Cifras Definitivas
2008,1,Trolebús,Pasajeros transportados,14039.0,14,39,445000.0,Cifras Definitivas
2008,1,Trolebús,Unidades en operación,14039.0,14,39,62.0,Cifras Definitivas
2008,2,Tren Eléctrico,Ingresos por pasaje,14039.0,14,39,26367000.0,Cifras Definitivas
2008,2,Tren Eléctrico,Kilómetros recorridos,14039.0,14,39,428000.0,Cifras Definitivas
2008,2,Tren Eléctrico,Longitud de servicio,14039.0,14,39,24.0,Cifras Definitivas
2008,2,Tren Eléctrico,Pasajeros transportados,14039.0,14,39,5748000.0,Cifras Definitivas
2008,2,Tren Eléctrico,Unidades en operación,14039.0,14,39,40.0,Cifras Definitivas
2008,2,Trolebús,Ingresos por pasaje,14039.0,14,39,1758000.0,Cifras Definitivas
2008,2,Trolebús,Kilómetros recorridos,14039.0,14,39,293000.0,Cifras Definitivas
2008,2,Trolebús,Lineas en servicio,14039.0,14,39,4.0,Cifras Definitivas
2008,2,Trolebús,Longitud de servicio,14039.0,14,39,96.0,Cifras Definitivas
2008,2,Trolebús,Pasajeros transportados,14039.0,14,39,495000.0,Cifras Definitivas
2008,2,Trolebús,Unidades en operación,14039.0,14,39,62.0,Cifras Definitivas
2008,3,Tren Eléctrico,Ingresos por pasaje,14039.0,14,39,24011000.0,Cifras Definitivas
2008,3,Tren Eléctrico,Kilómetros recorridos,14039.0,14,39,459000.0,Cifras Definitivas
2008,3,Tren Eléctrico,Longitud de servicio,14039.0,14,39,24.0,Cifras Definitivas
2008,3,Tren Eléctrico,Pasajeros transportados,14039.0,14,39,5206000.0,Cifras Definitivas
2008,3,Tren Eléctrico,Unidades en operación,14039.0,14,39,40.0,Cifras Definitivas
2008,3,Trolebús,Ingresos por pasaje,14039.0,14,39,1928000.0,Cifras Definitivas
2008,3,Trolebús,Kilómetros recorridos,14039.0,14,39,293000.0,Cifras Definitivas
2008,3,Trolebús,Lineas en servicio,14039.0,14,39,4.0,Cifras Definitivas
2008,3,Trolebús,Longitud de servicio,14039.0,14,39,96.0,Cifras Definitivas
2008,3,Trolebús,Pasajeros transportados,14039.0,14,39,416000.0,Cifras Definitivas
2008,3,Trolebús,Unidades en operación,14039.0,14,39,62.0,Cifras Definitivas
2008,4,Tren Eléctrico,Ingresos por pasaje,14039.0,14,39,26071000.0,Cifras Definitivas
2008,4,Tren Eléctrico,Kilómetros recorridos,14039.0,14,39,462000.0,Cifras Definitivas
2008,4,Tren Eléctrico,Longitud de servicio,14039.0,14,39,24.0,Cifras Definitivas
2008,4,Tren Eléctrico,Pasajeros transportados,14039.0,14,39,6008000.0,Cifras Definitivas
2008,4,Tren Eléctrico,Unidades en operación,14039.0,14,39,40.0,Cifras Definitivas
2008,4,Trolebús,Ingresos por pasaje,14039.0,14,39,2171000.0,Cifras Definitivas
2008,4,Trolebús,Kilómetros recorridos,14039.0,14,39,293000.0,Cifras Definitivas
2008,4,Trolebús,Lineas en servicio,14039.0,14,39,4.0,Cifras Definitivas
2008,4,Trolebús,Longitud de servicio,14039.0,14,39,96.0,Cifras Definitivas
2008,4,Trolebús,Pasajeros transportados,14039.0,14,39,476000.0,Cifras Definitivas
2008,4,Trolebús,Unidades en operación,14039.0,14,39,62.0,Cifras Definitivas
2008,5,Tren Eléctrico,Ingresos por pasaje,14039.0,14,39,26787000.0,Cifras Definitivas
2008,5,Tren Eléctrico,Kilómetros recorridos,14039.0,14,39,475000.0,Cifras Definitivas
2008,5,Tren Eléctrico,Longitud de servicio,14039.0,14,39,24.0,Cifras Definitivas
2008,5,Tren Eléctrico,Pasajeros transportados,14039.0,14,39,5935000.0,Cifras Definitivas
2008,5,Tren Eléctrico,Unidades en operación,14039.0,14,39,40.0,Cifras Definitivas
2008,5,Trolebús,Ingresos por pasaje,14039.0,14,39,2222000.0,Cifras Definitivas
2008,5,Trolebús,Kilómetros recorridos,14039.0,14,39,293000.0,Cifras Definitivas
2008,5,Trolebús,Lineas en servicio,14039.0,14,39,4.0,Cifras Definitivas
2008,5,Trolebús,Longitud de servicio,14039.0,14,39,96.0,Cifras Definitivas
2008,5,Trolebús,Pasajeros transportados,14039.0,14,39,587000.0,Cifras Definitivas
2008,5,Trolebús,Unidades en operación,14039.0,14,39,62.0,Cifras Definitivas
2008,6,Tren Eléctrico,Ingresos por pasaje,14039.0,14,39,25947000.0,Cifras Definitivas
2008,6,Tren Eléctrico,Kilómetros recorridos,14039.0,14,39,507000.0,Cifras Definitivas
2008,6,Tren Eléctrico,Longitud de servicio,14039.0,14,39,24.0,Cifras Definitivas
2008,6,Tren Eléctrico,Pasajeros transportados,14039.0,14,39,5734000.0,Cifras Definitivas
2008,6,Tren Eléctrico,Unidades en operación,14039.0,14,39,40.0,Cifras Definitivas
2008,6,Trolebús,Ingresos por pasaje,14039.0,14,39,2433000.0,Cifras Definitivas
2008,6,Trolebús,Kilómetros recorridos,14039.0,14,39,293000.0,Cifras Definitivas
2008,6,Trolebús,Lineas en servicio,14039.0,14,39,4.0,Cifras Definitivas
2008,6,Trolebús,Longitud de servicio,14039.0,14,39,96.0,Cifras Definitivas
2008,6,Trolebús,Pasajeros transportados,14039.0,14,39,531000.0,Cifras Definitivas
2008,6,Trolebús,Unidades en operación,14039.0,14,39,62.0,Cifras Definitivas
2008,7,Tren Eléctrico,Ingresos por pasaje,14039.0,14,39,27834000.0,Cifras Definitivas
2008,7,Tren Eléctrico,Kilómetros recorridos,14039.0,14,39,482000.0,Cifras Definitivas
2008,7,Tren Eléctrico,Longitud de servicio,14039.0,14,39,24.0,Cifras Definitivas
2008,7,Tren Eléctrico,Pasajeros transportados,14039.0,14,39,5581000.0,Cifras Definitivas
2008,7,Tren Eléctrico,Unidades en operación,14039.0,14,39,40.0,Cifras Definitivas
2008,7,Trolebús,Ingresos por pasaje,14039.0,14,39,2217000.0,Cifras Definitivas
2008,7,Trolebús,Kilómetros recorridos,14039.0,14,39,293000.0,Cifras Definitivas
2008,7,Trolebús,Lineas en servicio,14039.0,14,39,4.0,Cifras Definitivas
2008,7,Trolebús,Longitud de servicio,14039.0,14,39,96.0,Cifras Definitivas
2008,7,Trolebús,Pasajeros transportados,14039.0,14,39,479000.0,Cifras Definitivas
2008,7,Trolebús,Unidades en operación,14039.0,14,39,62.0,Cifras Definitivas
2008,8,Tren Eléctrico,Ingresos por pasaje,14039.0,14,39,26259000.0,Cifras Definitivas
2008,8,Tren Eléctrico,Kilómetros recorridos,14039.0,14,39,470000.0,Cifras Definitivas
2008,8,Tren Eléctrico,Longitud de servicio,14039.0,14,39,24.0,Cifras Definitivas
2008,8,Tren Eléctrico,Pasajeros transportados,14039.0,14,39,5648000.0,Cifras Definitivas
2008,8,Tren Eléctrico,Unidades en operación,14039.0,14,39,40.0,Cifras Definitivas
2008,8,Trolebús,Ingresos por pasaje,14039.0,14,39,2165000.0,Cifras Definitivas
2008,8,Trolebús,Kilómetros recorridos,14039.0,14,39,293000.0,Cifras Definitivas
2008,8,Trolebús,Lineas en servicio,14039.0,14,39,4.0,Cifras Definitivas
2008,8,Trolebús,Longitud de servicio,14039.0,14,39,96.0,Cifras Definitivas
2008,8,Trolebús,Pasajeros transportados,14039.0,14,39,469000.0,Cifras Definitivas
2008,8,Trolebús,Unidades en operación,14039.0,14,39,62.0,Cifras Definitivas
2008,9,Tren Eléctrico,Ingresos por pasaje,14039.0,14,39,29082000.0,Cifras Definitivas
2008,9,Tren Eléctrico,Kilómetros recorridos,14039.0,14,39,460000.0,Cifras Definitivas
2008,9,Tren Eléctrico,Longitud de servicio,14039.0,14,39,24.0,Cifras Definitivas
2008,9,Tren Eléctrico,Pasajeros transportados,14039.0,14,39,6358000.0,Cifras Definitivas
2008,9,Tren Eléctrico,Unidades en operación,14039.0,14,39,40.0,Cifras Definitivas
2008,9,Trolebús,Ingresos por pasaje,14039.0,14,39,2451000.0,Cifras Definitivas
2008,9,Trolebús,Kilómetros recorridos,14039.0,14,39,293000.0,Cifras Definitivas
2008,9,Trolebús,Lineas en servicio,14039.0,14,39,4.0,Cifras Definitivas
2008,9,Trolebús,Longitud de servicio,14039.0,14,39,96.0,Cifras Definitivas
2008,9,Trolebús,Pasajeros transportados,14039.0,14,39,544000.0,Cifras Definitivas
2008,9,Trolebús,Unidades en operación,14039.0,14,39,62.0,Cifras Definitivas
2008,10,Tren Eléctrico,Ingresos por pasaje,14039.0,14,39,30359000.0,Cifras Definitivas
2008,10,Tren Eléctrico,Kilómetros recorridos,14039.0,14,39,513000.0,Cifras Definitivas
2008,10,Tren Eléctrico,Longitud de servicio,14039.0,14,39,24.0,Cifras Definitivas
2008,10,Tren Eléctrico,Pasajeros transportados,14039.0,14,39,7067000.0,Cifras Definitivas
2008,10,Tren Eléctrico,Unidades en operación,14039.0,14,39,40.0,Cifras Definitivas
2008,10,Trolebús,Ingresos por pasaje,14039.0,14,39,2779000.0,Cifras Definitivas
2008,10,Trolebús,Kilómetros recorridos,14039.0,14,39,293000.0,Cifras Definitivas
2008,10,Trolebús,Lineas en servicio,14039.0,14,39,4.0,Cifras Definitivas
2008,10,Trolebús,Longitud de servicio,14039.0,14,39,96.0,Cifras Definitivas
2008,10,Trolebús,Pasajeros transportados,14039.0,14,39,623000.0,Cifras Definitivas
2008,10,Trolebús,Unidades en operación,14039.0,14,39,62.0,Cifras Definitivas
2008,11,Tren Eléctrico,Ingresos por pasaje,14039.0,14,39,27442000.0,Cifras Definitivas
2008,11,Tren Eléctrico,Kilómetros recorridos,14039.0,14,39,484000.0,Cifras Definitivas
2008,11,Tren Eléctrico,Longitud de servicio,14039.0,14,39,24.0,Cifras Definitivas
2008,11,Tren Eléctrico,Pasajeros transportados,14039.0,14,39,7253000.0,Cifras Definitivas
2008,11,Tren Eléctrico,Unidades en operación,14039.0,14,39,40.0,Cifras Definitivas
2008,11,Trolebús,Ingresos por pasaje,14039.0,14,39,2381000.0,Cifras Definitivas
2008,11,Trolebús,Kilómetros recorridos,14039.0,14,39,293000.0,Cifras Definitivas
2008,11,Trolebús,Lineas en servicio,14039.0,14,39,4.0,Cifras Definitivas
2008,11,Trolebús,Longitud de servicio,14039.0,14,39,96.0,Cifras Definitivas
2008,11,Trolebús,Pasajeros transportados,14039.0,14,39,535000.0,Cifras Definitivas
2008,11,Trolebús,Unidades en operación,14039.0,14,39,62.0,Cifras Definitivas
2008,12,Tren Eléctrico,Ingresos por pasaje,14039.0,14,39,31396000.0,Cifras Definitivas
2008,12,Tren Eléctrico,Kilómetros recorridos,14039.0,14,39,480000.0,Cifras Definitivas
2008,12,Tren Eléctrico,Longitud de servicio,14039.0,14,39,24.0,Cifras Definitivas
2008,12,Tren Eléctrico,Pasajeros transportados,14039.0,14,39,6705000.0,Cifras Definitivas
2008,12,Tren Eléctrico,Unidades en operación,14039.0,14,39,40.0,Cifras Definitivas
2008,12,Trolebús,Ingresos por pasaje,14039.0,14,39,2286000.0,Cifras Definitivas
2008,12,Trolebús,Kilómetros recorridos,14039.0,14,39,293000.0,Cifras Definitivas
2008,12,Trolebús,Lineas en servicio,14039.0,14,39,4.0,Cifras Definitivas
2008,12,Trolebús,Longitud de servicio,14039.0,14,39,96.0,Cifras Definitivas
2008,12,Trolebús,Pasajeros transportados,14039.0,14,39,506000.0,Cifras Definitivas
2008,12,Trolebús,Unidades en operación,14039.0,14,39,62.0,Cifras Definitivas
2009,1,Tren Eléctrico,Ingresos por pasaje,14039.0,14,39,26307000.0,Cifras Definitivas
2009,1,Tren Eléctrico,Kilómetros recorridos,14039.0,14,39,480000.0,Cifras Definitivas
2009,1,Tren Eléctrico,Longitud de servicio,14039.0,14,39,24.0,Cifras Definitivas
2009,1,Tren Eléctrico,Pasajeros transportados,14039.0,14,39,5666000.0,Cifras Definitivas
2009,1,Tren Eléctrico,Unidades en operación,14039.0,14,39,40.0,Cifras Definitivas
2009,1,Trolebús,Ingresos por pasaje,14039.0,14,39,2393000.0,Cifras Definitivas
2009,1,Trolebús,Kilómetros recorridos,14039.0,14,39,293000.0,Cifras Definitivas
2009,1,Trolebús,Lineas en servicio,14039.0,14,39,4.0,Cifras Definitivas
2009,1,Trolebús,Longitud de servicio,14039.0,14,39,96.0,Cifras Definitivas
2009,1,Trolebús,Pasajeros transportados,14039.0,14,39,519000.0,Cifras Definitivas
2009,1,Trolebús,Unidades en operación,14039.0,14,39,62.0,Cifras Definitivas
2009,2,Tren Eléctrico,Ingresos por pasaje,14039.0,14,39,30541000.0,Cifras Definitivas
2009,2,Tren Eléctrico,Kilómetros recorridos,14039.0,14,39,440000.0,Cifras Definitivas
2009,2,Tren Eléctrico,Longitud de servicio,14039.0,14,39,24.0,Cifras Definitivas
2009,2,Tren Eléctrico,Pasajeros transportados,14039.0,14,39,6077000.0,Cifras Definitivas
2009,2,Tren Eléctrico,Unidades en operación,14039.0,14,39,40.0,Cifras Definitivas
2009,2,Trolebús,Ingresos por pasaje,14039.0,14,39,2389000.0,Cifras Definitivas
2009,2,Trolebús,Kilómetros recorridos,14039.0,14,39,293000.0,Cifras Definitivas
2009,2,Trolebús,Lineas en servicio,14039.0,14,39,4.0,Cifras Definitivas
2009,2,Trolebús,Longitud de servicio,14039.0,14,39,96.0,Cifras Definitivas
2009,2,Trolebús,Pasajeros transportados,14039.0,14,39,531000.0,Cifras Definitivas
2009,2,Trolebús,Unidades en operación,14039.0,14,39,62.0,Cifras Definitivas
2009,3,Tren Eléctrico,Ingresos por pasaje,14039.0,14,39,29976000.0,Cifras Definitivas
2009,3,Tren Eléctrico,Kilómetros recorridos,14039.0,14,39,471000.0,Cifras Definitivas
2009,3,Tren Eléctrico,Longitud de servicio,14039.0,14,39,24.0,Cifras Definitivas
2009,3,Tren Eléctrico,Pasajeros transportados,14039.0,14,39,6977000.0,Cifras Definitivas
2009,3,Tren Eléctrico,Unidades en operación,14039.0,14,39,40.0,Cifras Definitivas
2009,3,Trolebús,Ingresos por pasaje,14039.0,14,39,2645000.0,Cifras Definitivas
2009,3,Trolebús,Kilómetros recorridos,14039.0,14,39,293000.0,Cifras Definitivas
2009,3,Trolebús,Lineas en servicio,14039.0,14,39,4.0,Cifras Definitivas
2009,3,Trolebús,Longitud de servicio,14039.0,14,39,96.0,Cifras Definitivas
2009,3,Trolebús,Pasajeros transportados,14039.0,14,39,647000.0,Cifras Definitivas
2009,3,Trolebús,Unidades en operación,14039.0,14,39,62.0,Cifras Definitivas
2009,4,Tren Eléctrico,Ingresos por pasaje,14039.0,14,39,24661000.0,Cifras Definitivas
2009,4,Tren Eléctrico,Kilómetros recorridos,14039.0,14,39,452000.0,Cifras Definitivas
2009,4,Tren Eléctrico,Longitud de servicio,14039.0,14,39,24.0,Cifras Definitivas
2009,4,Tren Eléctrico,Pasajeros transportados,14039.0,14,39,5612000.0,Cifras Definitivas
2009,4,Tren Eléctrico,Unidades en operación,14039.0,14,39,40.0,Cifras Definitivas
2009,4,Trolebús,Ingresos por pasaje,14039.0,14,39,2403000.0,Cifras Definitivas
2009,4,Trolebús,Kilómetros recorridos,14039.0,14,39,293000.0,Cifras Definitivas
2009,4,Trolebús,Lineas en servicio,14039.0,14,39,4.0,Cifras Definitivas
2009,4,Trolebús,Longitud de servicio,14039.0,14,39,96.0,Cifras Definitivas
2009,4,Trolebús,Pasajeros transportados,14039.0,14,39,620000.0,Cifras Definitivas
2009,4,Trolebús,Unidades en operación,14039.0,14,39,62.0,Cifras Definitivas
2009,5,Tren Eléctrico,Ingresos por pasaje,14039.0,14,39,24657000.0,Cifras Definitivas
2009,5,Tren Eléctrico,Kilómetros recorridos,14039.0,14,39,467000.0,Cifras Definitivas
2009,5,Tren Eléctrico,Longitud de servicio,14039.0,14,39,24.0,Cifras Definitivas
2009,5,Tren Eléctrico,Pasajeros transportados,14039.0,14,39,5572000.0,Cifras Definitivas
2009,5,Tren Eléctrico,Unidades en operación,14039.0,14,39,40.0,Cifras Definitivas
2009,5,Trolebús,Ingresos por pasaje,14039.0,14,39,2501000.0,Cifras Definitivas
2009,5,Trolebús,Kilómetros recorridos,14039.0,14,39,293000.0,Cifras Definitivas
2009,5,Trolebús,Lineas en servicio,14039.0,14,39,4.0,Cifras Definitivas
2009,5,Trolebús,Longitud de servicio,14039.0,14,39,96.0,Cifras Definitivas
2009,5,Trolebús,Pasajeros transportados,14039.0,14,39,668000.0,Cifras Definitivas
2009,5,Trolebús,Unidades en operación,14039.0,14,39,62.0,Cifras Definitivas
2009,6,Tren Eléctrico,Ingresos por pasaje,14039.0,14,39,29062000.0,Cifras Definitivas
2009,6,Tren Eléctrico,Kilómetros recorridos,14039.0,14,39,484000.0,Cifras Definitivas
2009,6,Tren Eléctrico,Longitud de servicio,14039.0,14,39,24.0,Cifras Definitivas
2009,6,Tren Eléctrico,Pasajeros transportados,14039.0,14,39,6542000.0,Cifras Definitivas
2009,6,Tren Eléctrico,Unidades en operación,14039.0,14,39,40.0,Cifras Definitivas
2009,6,Trolebús,Ingresos por pasaje,14039.0,14,39,2886000.0,Cifras Definitivas
2009,6,Trolebús,Kilómetros recorridos,14039.0,14,39,293000.0,Cifras Definitivas
2009,6,Trolebús,Lineas en servicio,14039.0,14,39,4.0,Cifras Definitivas
2009,6,Trolebús,Longitud de servicio,14039.0,14,39,96.0,Cifras Definitivas
2009,6,Trolebús,Pasajeros transportados,14039.0,14,39,649000.0,Cifras Definitivas
2009,6,Trolebús,Unidades en operación,14039.0,14,39,62.0,Cifras Definitivas
2009,7,Tren Eléctrico,Ingresos por pasaje,14039.0,14,39,30371000.0,Cifras Definitivas
2009,7,Tren Eléctrico,Kilómetros recorridos,14039.0,14,39,493000.0,Cifras Definitivas
2009,7,Tren Eléctrico,Longitud de servicio,14039.0,14,39,24.0,Cifras Definitivas
2009,7,Tren Eléctrico,Pasajeros transportados,14039.0,14,39,6126000.0,Cifras Definitivas
2009,7,Tren Eléctrico,Unidades en operación,14039.0,14,39,40.0,Cifras Definitivas
2009,7,Trolebús,Ingresos por pasaje,14039.0,14,39,2980000.0,Cifras Definitivas
2009,7,Trolebús,Kilómetros recorridos,14039.0,14,39,293000.0,Cifras Definitivas
2009,7,Trolebús,Lineas en servicio,14039.0,14,39,4.0,Cifras Definitivas
2009,7,Trolebús,Longitud de servicio,14039.0,14,39,96.0,Cifras Definitivas
2009,7,Trolebús,Pasajeros transportados,14039.0,14,39,624000.0,Cifras Definitivas
2009,7,Trolebús,Unidades en operación,14039.0,14,39,62.0,Cifras Definitivas
2009,8,Tren Eléctrico,Ingresos por pasaje,14039.0,14,39,27838000.0,Cifras Definitivas
2009,8,Tren Eléctrico,Kilómetros recorridos,14039.0,14,39,485000.0,Cifras Definitivas
2009,8,Tren Eléctrico,Longitud de servicio,14039.0,14,39,24.0,Cifras Definitivas
2009,8,Tren Eléctrico,Pasajeros transportados,14039.0,14,39,5551000.0,Cifras Definitivas
2009,8,Tren Eléctrico,Unidades en operación,14039.0,14,39,40.0,Cifras Definitivas
2009,8,Trolebús,Ingresos por pasaje,14039.0,14,39,2707000.0,Cifras Definitivas
2009,8,Trolebús,Kilómetros recorridos,14039.0,14,39,293000.0,Cifras Definitivas
2009,8,Trolebús,Lineas en servicio,14039.0,14,39,4.0,Cifras Definitivas
2009,8,Trolebús,Longitud de servicio,14039.0,14,39,96.0,Cifras Definitivas
2009,8,Trolebús,Pasajeros transportados,14039.0,14,39,800000.0,Cifras Definitivas
2009,8,Trolebús,Unidades en operación,14039.0,14,39,62.0,Cifras Definitivas
2009,9,Tren Eléctrico,Ingresos por pasaje,14039.0,14,39,27523000.0,Cifras Definitivas
2009,9,Tren Eléctrico,Kilómetros recorridos,14039.0,14,39,475000.0,Cifras Definitivas
2009,9,Tren Eléctrico,Longitud de servicio,14039.0,14,39,24.0,Cifras Definitivas
2009,9,Tren Eléctrico,Pasajeros transportados,14039.0,14,39,6333000.0,Cifras Definitivas
2009,9,Tren Eléctrico,Unidades en operación,14039.0,14,39,40.0,Cifras Definitivas
2009,9,Trolebús,Ingresos por pasaje,14039.0,14,39,2637000.0,Cifras Definitivas
2009,9,Trolebús,Kilómetros recorridos,14039.0,14,39,293000.0,Cifras Definitivas
2009,9,Trolebús,Lineas en servicio,14039.0,14,39,4.0,Cifras Definitivas
2009,9,Trolebús,Longitud de servicio,14039.0,14,39,96.0,Cifras Definitivas
2009,9,Trolebús,Pasajeros transportados,14039.0,14,39,602000.0,Cifras Definitivas
2009,9,Trolebús,Unidades en operación,14039.0,14,39,62.0,Cifras Definitivas
2009,10,Tren Eléctrico,Ingresos por pasaje,14039.0,14,39,29224000.0,Cifras Definitivas
2009,10,Tren Eléctrico,Kilómetros recorridos,14039.0,14,39,506000.0,Cifras Definitivas
2009,10,Tren Eléctrico,Longitud de servicio,14039.0,14,39,24.0,Cifras Definitivas
2009,10,Tren Eléctrico,Pasajeros transportados,14039.0,14,39,6934000.0,Cifras Definitivas
2009,10,Tren Eléctrico,Unidades en operación,14039.0,14,39,40.0,Cifras Definitivas
2009,10,Trolebús,Ingresos por pasaje,14039.0,14,39,1988000.0,Cifras Definitivas
2009,10,Trolebús,Kilómetros recorridos,14039.0,14,39,293000.0,Cifras Definitivas
2009,10,Trolebús,Lineas en servicio,14039.0,14,39,4.0,Cifras Definitivas
2009,10,Trolebús,Longitud de servicio,14039.0,14,39,96.0,Cifras Definitivas
2009,10,Trolebús,Pasajeros transportados,14039.0,14,39,452000.0,Cifras Definitivas
2009,10,Trolebús,Unidades en operación,14039.0,14,39,62.0,Cifras Definitivas
2009,11,Tren Eléctrico,Ingresos por pasaje,14039.0,14,39,29296000.0,Cifras Definitivas
2009,11,Tren Eléctrico,Kilómetros recorridos,14039.0,14,39,477000.0,Cifras Definitivas
2009,11,Tren Eléctrico,Longitud de servicio,14039.0,14,39,24.0,Cifras Definitivas
2009,11,Tren Eléctrico,Pasajeros transportados,14039.0,14,39,6668000.0,Cifras Definitivas
2009,11,Tren Eléctrico,Unidades en operación,14039.0,14,39,40.0,Cifras Definitivas
2009,11,Trolebús,Ingresos por pasaje,14039.0,14,39,1923000.0,Cifras Definitivas
2009,11,Trolebús,Kilómetros recorridos,14039.0,14,39,115000.0,Cifras Definitivas
2009,11,Trolebús,Lineas en servicio,14039.0,14,39,2.0,Cifras Definitivas
2009,11,Trolebús,Longitud de servicio,14039.0,14,39,39.0,Cifras Definitivas
2009,11,Trolebús,Pasajeros transportados,14039.0,14,39,434000.0,Cifras Definitivas
2009,11,Trolebús,Unidades en operación,14039.0,14,39,33.0,Cifras Definitivas
2009,12,Tren Eléctrico,Ingresos por pasaje,14039.0,14,39,38171000.0,Cifras Definitivas
2009,12,Tren Eléctrico,Kilómetros recorridos,14039.0,14,39,470000.0,Cifras Definitivas
2009,12,Tren Eléctrico,Longitud de servicio,14039.0,14,39,24.0,Cifras Definitivas
2009,12,Tren Eléctrico,Pasajeros transportados,14039.0,14,39,6792000.0,Cifras Definitivas
2009,12,Tren Eléctrico,Unidades en operación,14039.0,14,39,40.0,Cifras Definitivas
2009,12,Trolebús,Ingresos por pasaje,14039.0,14,39,1871000.0,Cifras Definitivas
2009,12,Trolebús,Kilómetros recorridos,14039.0,14,39,115000.0,Cifras Definitivas
2009,12,Trolebús,Lineas en servicio,14039.0,14,39,2.0,Cifras Definitivas
2009,12,Trolebús,Longitud de servicio,14039.0,14,39,39.0,Cifras Definitivas
2009,12,Trolebús,Pasajeros transportados,14039.0,14,39,411000.0,Cifras Definitivas
2009,12,Trolebús,Unidades en operación,14039.0,14,39,33.0,Cifras Definitivas
2010,1,Tren Eléctrico,Ingresos por pasaje,14039.0,14,39,29377000.0,Cifras Definitivas
2010,1,Tren Eléctrico,Kilómetros recorridos,14039.0,14,39,477000.0,Cifras Definitivas
2010,1,Tren Eléctrico,Longitud de servicio,14039.0,14,39,24.0,Cifras Definitivas
2010,1,Tren Eléctrico,Pasajeros transportados,14039.0,14,39,5474000.0,Cifras Definitivas
2010,1,Tren Eléctrico,Unidades en operación,14039.0,14,39,40.0,Cifras Definitivas
2010,1,Trolebús,Ingresos por pasaje,14039.0,14,39,2056000.0,Cifras Definitivas
2010,1,Trolebús,Kilómetros recorridos,14039.0,14,39,115000.0,Cifras Definitivas
2010,1,Trolebús,Lineas en servicio,14039.0,14,39,2.0,Cifras Definitivas
2010,1,Trolebús,Longitud de servicio,14039.0,14,39,39.0,Cifras Definitivas
2010,1,Trolebús,Pasajeros transportados,14039.0,14,39,383000.0,Cifras Definitivas
2010,1,Trolebús,Unidades en operación,14039.0,14,39,33.0,Cifras Definitivas
2010,2,Tren Eléctrico,Ingresos por pasaje,14039.0,14,39,29295000.0,Cifras Definitivas
2010,2,Tren Eléctrico,Kilómetros recorridos,14039.0,14,39,436000.0,Cifras Definitivas
2010,2,Tren Eléctrico,Longitud de servicio,14039.0,14,39,24.0,Cifras Definitivas
2010,2,Tren Eléctrico,Pasajeros transportados,14039.0,14,39,5725000.0,Cifras Definitivas
2010,2,Tren Eléctrico,Unidades en operación,14039.0,14,39,40.0,Cifras Definitivas
2010,2,Trolebús,Ingresos por pasaje,14039.0,14,39,2128000.0,Cifras Definitivas
2010,2,Trolebús,Kilómetros recorridos,14039.0,14,39,115000.0,Cifras Definitivas
2010,2,Trolebús,Lineas en servicio,14039.0,14,39,2.0,Cifras Definitivas
2010,2,Trolebús,Longitud de servicio,14039.0,14,39,39.0,Cifras Definitivas
2010,2,Trolebús,Pasajeros transportados,14039.0,14,39,390000.0,Cifras Definitivas
2010,2,Trolebús,Unidades en operación,14039.0,14,39,33.0,Cifras Definitivas
2010,3,Tren Eléctrico,Ingresos por pasaje,14039.0,14,39,33119000.0,Cifras Definitivas
2010,3,Tren Eléctrico,Kilómetros recorridos,14039.0,14,39,488000.0,Cifras Definitivas
2010,3,Tren Eléctrico,Longitud de servicio,14039.0,14,39,24.0,Cifras Definitivas
2010,3,Tren Eléctrico,Pasajeros transportados,14039.0,14,39,6573000.0,Cifras Definitivas
2010,3,Tren Eléctrico,Unidades en operación,14039.0,14,39,40.0,Cifras Definitivas
2010,3,Trolebús,Ingresos por pasaje,14039.0,14,39,2539000.0,Cifras Definitivas
2010,3,Trolebús,Kilómetros recorridos,14039.0,14,39,115000.0,Cifras Definitivas
2010,3,Trolebús,Lineas en servicio,14039.0,14,39,2.0,Cifras Definitivas
2010,3,Trolebús,Longitud de servicio,14039.0,14,39,39.0,Cifras Definitivas
2010,3,Trolebús,Pasajeros transportados,14039.0,14,39,469000.0,Cifras Definitivas
2010,3,Trolebús,Unidades en operación,14039.0,14,39,33.0,Cifras Definitivas
2010,4,Tren Eléctrico,Ingresos por pasaje,14039.0,14,39,28932000.0,Cifras Definitivas
2010,4,Tren Eléctrico,Kilómetros recorridos,14039.0,14,39,449000.0,Cifras Definitivas
2010,4,Tren Eléctrico,Longitud de servicio,14039.0,14,39,24.0,Cifras Definitivas
2010,4,Tren Eléctrico,Pasajeros transportados,14039.0,14,39,5586000.0,Cifras Definitivas
2010,4,Tren Eléctrico,Unidades en operación,14039.0,14,39,40.0,Cifras Definitivas
2010,4,Trolebús,Ingresos por pasaje,14039.0,14,39,2217000.0,Cifras Definitivas
2010,4,Trolebús,Kilómetros recorridos,14039.0,14,39,115000.0,Cifras Definitivas
2010,4,Trolebús,Lineas en servicio,14039.0,14,39,2.0,Cifras Definitivas
2010,4,Trolebús,Longitud de servicio,14039.0,14,39,39.0,Cifras Definitivas
2010,4,Trolebús,Pasajeros transportados,14039.0,14,39,410000.0,Cifras Definitivas
2010,4,Trolebús,Unidades en operación,14039.0,14,39,33.0,Cifras Definitivas
2010,5,Tren Eléctrico,Ingresos por pasaje,14039.0,14,39,33521000.0,Cifras Definitivas
2010,5,Tren Eléctrico,Kilómetros recorridos,14039.0,14,39,462000.0,Cifras Definitivas
2010,5,Tren Eléctrico,Longitud de servicio,14039.0,14,39,24.0,Cifras Definitivas
2010,5,Tren Eléctrico,Pasajeros transportados,14039.0,14,39,6369000.0,Cifras Definitivas
2010,5,Tren Eléctrico,Unidades en operación,14039.0,14,39,40.0,Cifras Definitivas
2010,5,Trolebús,Ingresos por pasaje,14039.0,14,39,2368000.0,Cifras Definitivas
2010,5,Trolebús,Kilómetros recorridos,14039.0,14,39,115000.0,Cifras Definitivas
2010,5,Trolebús,Lineas en servicio,14039.0,14,39,2.0,Cifras Definitivas
2010,5,Trolebús,Longitud de servicio,14039.0,14,39,39.0,Cifras Definitivas
2010,5,Trolebús,Pasajeros transportados,14039.0,14,39,439000.0,Cifras Definitivas
2010,5,Trolebús,Unidades en operación,14039.0,14,39,33.0,Cifras Definitivas
2010,6,Tren Eléctrico,Ingresos por pasaje,14039.0,14,39,31101000.0,Cifras Definitivas
2010,6,Tren Eléctrico,Kilómetros recorridos,14039.0,14,39,458000.0,Cifras Definitivas
2010,6,Tren Eléctrico,Longitud de servicio,14039.0,14,39,24.0,Cifras Definitivas
2010,6,Tren Eléctrico,Pasajeros transportados,14039.0,14,39,6183000.0,Cifras Definitivas
2010,6,Tren Eléctrico,Unidades en operación,14039.0,14,39,40.0,Cifras Definitivas
2010,6,Trolebús,Ingresos por pasaje,14039.0,14,39,2363000.0,Cifras Definitivas
2010,6,Trolebús,Kilómetros recorridos,14039.0,14,39,115000.0,Cifras Definitivas
2010,6,Trolebús,Lineas en servicio,14039.0,14,39,2.0,Cifras Definitivas
2010,6,Trolebús,Longitud de servicio,14039.0,14,39,39.0,Cifras Definitivas
2010,6,Trolebús,Pasajeros transportados,14039.0,14,39,438000.0,Cifras Definitivas
2010,6,Trolebús,Unidades en operación,14039.0,14,39,33.0,Cifras Definitivas
2010,7,Tren Eléctrico,Ingresos por pasaje,14039.0,14,39,31474000.0,Cifras Definitivas
2010,7,Tren Eléctrico,Kilómetros recorridos,14039.0,14,39,486000.0,Cifras Definitivas
2010,7,Tren Eléctrico,Longitud de servicio,14039.0,14,39,24.0,Cifras Definitivas
2010,7,Tren Eléctrico,Pasajeros transportados,14039.0,14,39,5950000.0,Cifras Definitivas
2010,7,Tren Eléctrico,Unidades en operación,14039.0,14,39,40.0,Cifras Definitivas
2010,7,Trolebús,Ingresos por pasaje,14039.0,14,39,2443000.0,Cifras Definitivas
2010,7,Trolebús,Kilómetros recorridos,14039.0,14,39,115000.0,Cifras Definitivas
2010,7,Trolebús,Lineas en servicio,14039.0,14,39,2.0,Cifras Definitivas
2010,7,Trolebús,Longitud de servicio,14039.0,14,39,39.0,Cifras Definitivas
2010,7,Trolebús,Pasajeros transportados,14039.0,14,39,448000.0,Cifras Definitivas
2010,7,Trolebús,Unidades en operación,14039.0,14,39,33.0,Cifras Definitivas
2010,8,Tren Eléctrico,Ingresos por pasaje,14039.0,14,39,32775000.0,Cifras Definitivas
2010,8,Tren Eléctrico,Kilómetros recorridos,14039.0,14,39,481000.0,Cifras Definitivas
2010,8,Tren Eléctrico,Longitud de servicio,14039.0,14,39,24.0,Cifras Definitivas
2010,8,Tren Eléctrico,Pasajeros transportados,14039.0,14,39,6006000.0,Cifras Definitivas
2010,8,Tren Eléctrico,Unidades en operación,14039.0,14,39,40.0,Cifras Definitivas
2010,8,Trolebús,Ingresos por pasaje,14039.0,14,39,2452000.0,Cifras Definitivas
2010,8,Trolebús,Kilómetros recorridos,14039.0,14,39,115000.0,Cifras Definitivas
2010,8,Trolebús,Lineas en servicio,14039.0,14,39,2.0,Cifras Definitivas
2010,8,Trolebús,Longitud de servicio,14039.0,14,39,39.0,Cifras Definitivas
2010,8,Trolebús,Pasajeros transportados,14039.0,14,39,447000.0,Cifras Definitivas
2010,8,Trolebús,Unidades en operación,14039.0,14,39,33.0,Cifras Definitivas
2010,9,Tren Eléctrico,Ingresos por pasaje,14039.0,14,39,33360000.0,Cifras Definitivas
2010,9,Tren Eléctrico,Kilómetros recorridos,14039.0,14,39,459000.0,Cifras Definitivas
2010,9,Tren Eléctrico,Longitud de servicio,14039.0,14,39,24.0,Cifras Definitivas
2010,9,Tren Eléctrico,Pasajeros transportados,14039.0,14,39,5993000.0,Cifras Definitivas
2010,9,Tren Eléctrico,Unidades en operación,14039.0,14,39,40.0,Cifras Definitivas
2010,9,Trolebús,Ingresos por pasaje,14039.0,14,39,2444000.0,Cifras Definitivas
2010,9,Trolebús,Kilómetros recorridos,14039.0,14,39,115000.0,Cifras Definitivas
2010,9,Trolebús,Lineas en servicio,14039.0,14,39,2.0,Cifras Definitivas
2010,9,Trolebús,Longitud de servicio,14039.0,14,39,39.0,Cifras Definitivas
2010,9,Trolebús,Pasajeros transportados,14039.0,14,39,436000.0,Cifras Definitivas
2010,9,Trolebús,Unidades en operación,14039.0,14,39,33.0,Cifras Definitivas
2010,10,Tren Eléctrico,Ingresos por pasaje,14039.0,14,39,33606000.0,Cifras Definitivas
2010,10,Tren Eléctrico,Kilómetros recorridos,14039.0,14,39,496000.0,Cifras Definitivas
2010,10,Tren Eléctrico,Longitud de servicio,14039.0,14,39,24.0,Cifras Definitivas
2010,10,Tren Eléctrico,Pasajeros transportados,14039.0,14,39,6611000.0,Cifras Definitivas
2010,10,Tren Eléctrico,Unidades en operación,14039.0,14,39,40.0,Cifras Definitivas
2010,10,Trolebús,Ingresos por pasaje,14039.0,14,39,2414000.0,Cifras Definitivas
2010,10,Trolebús,Kilómetros recorridos,14039.0,14,39,115000.0,Cifras Definitivas
2010,10,Trolebús,Lineas en servicio,14039.0,14,39,2.0,Cifras Definitivas
2010,10,Trolebús,Longitud de servicio,14039.0,14,39,39.0,Cifras Definitivas
2010,10,Trolebús,Pasajeros transportados,14039.0,14,39,451000.0,Cifras Definitivas
2010,10,Trolebús,Unidades en operación,14039.0,14,39,33.0,Cifras Definitivas
2010,11,Tren Eléctrico,Ingresos por pasaje,14039.0,14,39,35899000.0,Cifras Definitivas
2010,11,Tren Eléctrico,Kilómetros recorridos,14039.0,14,39,485000.0,Cifras Definitivas
2010,11,Tren Eléctrico,Longitud de servicio,14039.0,14,39,24.0,Cifras Definitivas
2010,11,Tren Eléctrico,Pasajeros transportados,14039.0,14,39,6707000.0,Cifras Definitivas
2010,11,Tren Eléctrico,Unidades en operación,14039.0,14,39,40.0,Cifras Definitivas
2010,11,Trolebús,Ingresos por pasaje,14039.0,14,39,2201000.0,Cifras Definitivas
2010,11,Trolebús,Kilómetros recorridos,14039.0,14,39,115000.0,Cifras Definitivas
2010,11,Trolebús,Lineas en servicio,14039.0,14,39,2.0,Cifras Definitivas
2010,11,Trolebús,Longitud de servicio,14039.0,14,39,39.0,Cifras Definitivas
2010,11,Trolebús,Pasajeros transportados,14039.0,14,39,412000.0,Cifras Definitivas
2010,11,Trolebús,Unidades en operación,14039.0,14,39,33.0,Cifras Definitivas
2010,12,Tren Eléctrico,Ingresos por pasaje,14039.0,14,39,34261000.0,Cifras Definitivas
2010,12,Tren Eléctrico,Kilómetros recorridos,14039.0,14,39,485000.0,Cifras Definitivas
2010,12,Tren Eléctrico,Longitud de servicio,14039.0,14,39,24.0,Cifras Definitivas
2010,12,Tren Eléctrico,Pasajeros transportados,14039.0,14,39,6509000.0,Cifras Definitivas
2010,12,Tren Eléctrico,Unidades en operación,14039.0,14,39,40.0,Cifras Definitivas
2010,12,Trolebús,Ingresos por pasaje,14039.0,14,39,2135000.0,Cifras Definitivas
2010,12,Trolebús,Kilómetros recorridos,14039.0,14,39,115000.0,Cifras Definitivas
2010,12,Trolebús,Lineas en servicio,14039.0,14,39,2.0,Cifras Definitivas
2010,12,Trolebús,Longitud de servicio,14039.0,14,39,39.0,Cifras Definitivas
2010,12,Trolebús,Pasajeros transportados,14039.0,14,39,395000.0,Cifras Definitivas
2010,12,Trolebús,Unidades en operación,14039.0,14,39,33.0,Cifras Definitivas
2011,1,Tren Eléctrico,Ingresos por pasaje,14039.0,14,39,30864000.0,Cifras Definitivas
2011,1,Tren Eléctrico,Kilómetros recorridos,14039.0,14,39,473000.0,Cifras Definitivas
2011,1,Tren Eléctrico,Longitud de servicio,14039.0,14,39,24.0,Cifras Definitivas
2011,1,Tren Eléctrico,Pasajeros transportados,14039.0,14,39,5576000.0,Cifras Definitivas
2011,1,Tren Eléctrico,Unidades en operación,14039.0,14,39,40.0,Cifras Definitivas
2011,1,Trolebús,Ingresos por pasaje,14039.0,14,39,2113000.0,Cifras Definitivas
2011,1,Trolebús,Kilómetros recorridos,14039.0,14,39,115000.0,Cifras Definitivas
2011,1,Trolebús,Lineas en servicio,14039.0,14,39,2.0,Cifras Definitivas
2011,1,Trolebús,Longitud de servicio,14039.0,14,39,39.0,Cifras Definitivas
2011,1,Trolebús,Pasajeros transportados,14039.0,14,39,387000.0,Cifras Definitivas
2011,1,Trolebús,Unidades en operación,14039.0,14,39,33.0,Cifras Definitivas
2011,1,Macrobús Servicio Troncal,Autobuses en operación de lunes a viernes,14039.0,14,39,39.0,Cifras Definitivas
2011,1,Macrobús Servicio Troncal,Autobuses en operación de sábado a domingo,14039.0,14,39,33.0,Cifras Definitivas
2011,1,Macrobús Servicio Troncal,Ingresos por pasaje,14039.0,14,39,12322829.0,Cifras Definitivas
2011,1,Macrobús Servicio Troncal,Kilómetros recorridos,14039.0,14,39,217615.0,Cifras Definitivas
2011,1,Macrobús Servicio Troncal,Pasajeros transportados,14039.0,14,39,1703895.0,Cifras Definitivas
2011,1,Macrobús Servicio Troncal,Pasajeros transportados con boleto pagado,14039.0,14,39,1314756.0,Cifras Definitivas
2011,1,Macrobús Servicio Troncal,Pasajeros transportados con cortesía,14039.0,14,39,,Cifras Definitivas
2011,1,Macrobús Servicio Troncal,Pasajeros transportados con descuento,14039.0,14,39,389139.0,Cifras Definitivas
2011,1,Macrobús Servicio Troncal,Rutas,14039.0,14,39,2.0,Cifras Definitivas
2011,2,Tren Eléctrico,Ingresos por pasaje,14039.0,14,39,29971000.0,Cifras Definitivas
2011,2,Tren Eléctrico,Kilómetros recorridos,14039.0,14,39,442000.0,Cifras Definitivas
2011,2,Tren Eléctrico,Longitud de servicio,14039.0,14,39,24.0,Cifras Definitivas
2011,2,Tren Eléctrico,Pasajeros transportados,14039.0,14,39,5050000.0,Cifras Definitivas
2011,2,Tren Eléctrico,Unidades en operación,14039.0,14,39,40.0,Cifras Definitivas
2011,2,Trolebús,Ingresos por pasaje,14039.0,14,39,2038000.0,Cifras Definitivas
2011,2,Trolebús,Kilómetros recorridos,14039.0,14,39,115000.0,Cifras Definitivas
2011,2,Trolebús,Lineas en servicio,14039.0,14,39,2.0,Cifras Definitivas
2011,2,Trolebús,Longitud de servicio,14039.0,14,39,39.0,Cifras Definitivas
2011,2,Trolebús,Pasajeros transportados,14039.0,14,39,380000.0,Cifras Definitivas
2011,2,Trolebús,Unidades en operación,14039.0,14,39,33.0,Cifras Definitivas
2011,2,Macrobús Servicio Troncal,Autobuses en operación de lunes a viernes,14039.0,14,39,39.0,Cifras Definitivas
2011,2,Macrobús Servicio Troncal,Autobuses en operación de sábado a domingo,14039.0,14,39,33.0,Cifras Definitivas
2011,2,Macrobús Servicio Troncal,Ingresos por pasaje,14039.0,14,39,12738577.0,Cifras Definitivas
2011,2,Macrobús Servicio Troncal,Kilómetros recorridos,14039.0,14,39,261750.0,Cifras Definitivas
2011,2,Macrobús Servicio Troncal,Pasajeros transportados,14039.0,14,39,1695041.0,Cifras Definitivas
2011,2,Macrobús Servicio Troncal,Pasajeros transportados con boleto pagado,14039.0,14,39,1172063.0,Cifras Definitivas
2011,2,Macrobús Servicio Troncal,Pasajeros transportados con cortesía,14039.0,14,39,,Cifras Definitivas
2011,2,Macrobús Servicio Troncal,Pasajeros transportados con descuento,14039.0,14,39,522978.0,Cifras Definitivas
2011,2,Macrobús Servicio Troncal,Rutas,14039.0,14,39,2.0,Cifras Definitivas
2011,3,Tren Eléctrico,Ingresos por pasaje,14039.0,14,39,33010000.0,Cifras Definitivas
2011,3,Tren Eléctrico,Kilómetros recorridos,14039.0,14,39,489000.0,Cifras Definitivas
2011,3,Tren Eléctrico,Longitud de servicio,14039.0,14,39,24.0,Cifras Definitivas
2011,3,Tren Eléctrico,Pasajeros transportados,14039.0,14,39,6613000.0,Cifras Definitivas
2011,3,Tren Eléctrico,Unidades en operación,14039.0,14,39,40.0,Cifras Definitivas
2011,3,Trolebús,Ingresos por pasaje,14039.0,14,39,2413000.0,Cifras Definitivas
2011,3,Trolebús,Kilómetros recorridos,14039.0,14,39,115000.0,Cifras Definitivas
2011,3,Trolebús,Lineas en servicio,14039.0,14,39,2.0,Cifras Definitivas
2011,3,Trolebús,Longitud de servicio,14039.0,14,39,39.0,Cifras Definitivas
2011,3,Trolebús,Pasajeros transportados,14039.0,14,39,455000.0,Cifras Definitivas
2011,3,Trolebús,Unidades en operación,14039.0,14,39,33.0,Cifras Definitivas
2011,3,Macrobús Servicio Troncal,Autobuses en operación de lunes a viernes,14039.0,14,39,39.0,Cifras Definitivas
2011,3,Macrobús Servicio Troncal,Autobuses en operación de sábado a domingo,14039.0,14,39,33.0,Cifras Definitivas
2011,3,Macrobús Servicio Troncal,Ingresos por pasaje,14039.0,14,39,14435534.0,Cifras Definitivas
2011,3,Macrobús Servicio Troncal,Kilómetros recorridos,14039.0,14,39,256128.0,Cifras Definitivas
2011,3,Macrobús Servicio Troncal,Pasajeros transportados,14039.0,14,39,1846951.0,Cifras Definitivas
2011,3,Macrobús Servicio Troncal,Pasajeros transportados con boleto pagado,14039.0,14,39,1246799.0,Cifras Definitivas
2011,3,Macrobús Servicio Troncal,Pasajeros transportados con cortesía,14039.0,14,39,,Cifras Definitivas
2011,3,Macrobús Servicio Troncal,Pasajeros transportados con descuento,14039.0,14,39,600152.0,Cifras Definitivas
2011,3,Macrobús Servicio Troncal,Rutas,14039.0,14,39,2.0,Cifras Definitivas
2011,4,Tren Eléctrico,Ingresos por pasaje,14039.0,14,39,29794000.0,Cifras Definitivas
2011,4,Tren Eléctrico,Kilómetros recorridos,14039.0,14,39,445000.0,Cifras Definitivas
2011,4,Tren Eléctrico,Longitud de servicio,14039.0,14,39,24.0,Cifras Definitivas
2011,4,Tren Eléctrico,Pasajeros transportados,14039.0,14,39,5594000.0,Cifras Definitivas
2011,4,Tren Eléctrico,Unidades en operación,14039.0,14,39,40.0,Cifras Definitivas
2011,4,Trolebús,Ingresos por pasaje,14039.0,14,39,1995000.0,Cifras Definitivas
2011,4,Trolebús,Kilómetros recorridos,14039.0,14,39,115000.0,Cifras Definitivas
2011,4,Trolebús,Lineas en servicio,14039.0,14,39,2.0,Cifras Definitivas
2011,4,Trolebús,Longitud de servicio,14039.0,14,39,39.0,Cifras Definitivas
2011,4,Trolebús,Pasajeros transportados,14039.0,14,39,373000.0,Cifras Definitivas
2011,4,Trolebús,Unidades en operación,14039.0,14,39,33.0,Cifras Definitivas
2011,4,Macrobús Servicio Troncal,Autobuses en operación de lunes a viernes,14039.0,14,39,39.0,Cifras Definitivas
2011,4,Macrobús Servicio Troncal,Autobuses en operación de sábado a domingo,14039.0,14,39,33.0,Cifras Definitivas
2011,4,Macrobús Servicio Troncal,Ingresos por pasaje,14039.0,14,39,16341781.0,Cifras Definitivas
2011,4,Macrobús Servicio Troncal,Kilómetros recorridos,14039.0,14,39,331680.0,Cifras Definitivas
2011,4,Macrobús Servicio Troncal,Pasajeros transportados,14039.0,14,39,1706447.0,Cifras Definitivas
2011,4,Macrobús Servicio Troncal,Pasajeros transportados con boleto pagado,14039.0,14,39,1279978.0,Cifras Definitivas
2011,4,Macrobús Servicio Troncal,Pasajeros transportados con cortesía,14039.0,14,39,,Cifras Definitivas
2011,4,Macrobús Servicio Troncal,Pasajeros transportados con descuento,14039.0,14,39,426469.0,Cifras Definitivas
2011,4,Macrobús Servicio Troncal,Rutas,14039.0,14,39,2.0,Cifras Definitivas
2011,5,Tren Eléctrico,Ingresos por pasaje,14039.0,14,39,32845000.0,Cifras Definitivas
2011,5,Tren Eléctrico,Kilómetros recorridos,14039.0,14,39,484000.0,Cifras Definitivas
2011,5,Tren Eléctrico,Longitud de servicio,14039.0,14,39,24.0,Cifras Definitivas
2011,5,Tren Eléctrico,Pasajeros transportados,14039.0,14,39,6501000.0,Cifras Definitivas
2011,5,Tren Eléctrico,Unidades en operación,14039.0,14,39,40.0,Cifras Definitivas
2011,5,Trolebús,Ingresos por pasaje,14039.0,14,39,2325000.0,Cifras Definitivas
2011,5,Trolebús,Kilómetros recorridos,14039.0,14,39,115000.0,Cifras Definitivas
2011,5,Trolebús,Lineas en servicio,14039.0,14,39,2.0,Cifras Definitivas
2011,5,Trolebús,Longitud de servicio,14039.0,14,39,39.0,Cifras Definitivas
2011,5,Trolebús,Pasajeros transportados,14039.0,14,39,436000.0,Cifras Definitivas
2011,5,Trolebús,Unidades en operación,14039.0,14,39,33.0,Cifras Definitivas
2011,5,Macrobús Servicio Troncal,Autobuses en operación de lunes a viernes,14039.0,14,39,39.0,Cifras Definitivas
2011,5,Macrobús Servicio Troncal,Autobuses en operación de sábado a domingo,14039.0,14,39,33.0,Cifras Definitivas
2011,5,Macrobús Servicio Troncal,Ingresos por pasaje,14039.0,14,39,13483043.0,Cifras Definitivas
2011,5,Macrobús Servicio Troncal,Kilómetros recorridos,14039.0,14,39,259570.0,Cifras Definitivas
2011,5,Macrobús Servicio Troncal,Pasajeros transportados,14039.0,14,39,1869950.0,Cifras Definitivas
2011,5,Macrobús Servicio Troncal,Pasajeros transportados con boleto pagado,14039.0,14,39,1315437.0,Cifras Definitivas
2011,5,Macrobús Servicio Troncal,Pasajeros transportados con cortesía,14039.0,14,39,,Cifras Definitivas
2011,5,Macrobús Servicio Troncal,Pasajeros transportados con descuento,14039.0,14,39,554513.0,Cifras Definitivas
2011,5,Macrobús Servicio Troncal,Rutas,14039.0,14,39,2.0,Cifras Definitivas
2011,6,Tren Eléctrico,Ingresos por pasaje,14039.0,14,39,32631000.0,Cifras Definitivas
2011,6,Tren Eléctrico,Kilómetros recorridos,14039.0,14,39,474000.0,Cifras Definitivas
2011,6,Tren Eléctrico,Longitud de servicio,14039.0,14,39,24.0,Cifras Definitivas
2011,6,Tren Eléctrico,Pasajeros transportados,14039.0,14,39,6267000.0,Cifras Definitivas
2011,6,Tren Eléctrico,Unidades en operación,14039.0,14,39,40.0,Cifras Definitivas
2011,6,Trolebús,Ingresos por pasaje,14039.0,14,39,2325000.0,Cifras Definitivas
2011,6,Trolebús,Kilómetros recorridos,14039.0,14,39,115000.0,Cifras Definitivas
2011,6,Trolebús,Lineas en servicio,14039.0,14,39,2.0,Cifras Definitivas
2011,6,Trolebús,Longitud de servicio,14039.0,14,39,39.0,Cifras Definitivas
2011,6,Trolebús,Pasajeros transportados,14039.0,14,39,459000.0,Cifras Definitivas
2011,6,Trolebús,Unidades en operación,14039.0,14,39,33.0,Cifras Definitivas
2011,6,Macrobús Servicio Troncal,Autobuses en operación de lunes a viernes,14039.0,14,39,39.0,Cifras Definitivas
2011,6,Macrobús Servicio Troncal,Autobuses en operación de sábado a domingo,14039.0,14,39,33.0,Cifras Definitivas
2011,6,Macrobús Servicio Troncal,Ingresos por pasaje,14039.0,14,39,13747049.0,Cifras Definitivas
2011,6,Macrobús Servicio Troncal,Kilómetros recorridos,14039.0,14,39,316731.0,Cifras Definitivas
2011,6,Macrobús Servicio Troncal,Pasajeros transportados,14039.0,14,39,1771848.0,Cifras Definitivas
2011,6,Macrobús Servicio Troncal,Pasajeros transportados con boleto pagado,14039.0,14,39,1288402.0,Cifras Definitivas
2011,6,Macrobús Servicio Troncal,Pasajeros transportados con cortesía,14039.0,14,39,,Cifras Definitivas
2011,6,Macrobús Servicio Troncal,Pasajeros transportados con descuento,14039.0,14,39,483446.0,Cifras Definitivas
2011,6,Macrobús Servicio Troncal,Rutas,14039.0,14,39,2.0,Cifras Definitivas
2011,7,Tren Eléctrico,Ingresos por pasaje,14039.0,14,39,31604000.0,Cifras Definitivas
2011,7,Tren Eléctrico,Kilómetros recorridos,14039.0,14,39,481000.0,Cifras Definitivas
2011,7,Tren Eléctrico,Longitud de servicio,14039.0,14,39,24.0,Cifras Definitivas
2011,7,Tren Eléctrico,Pasajeros transportados,14039.0,14,39,6134000.0,Cifras Definitivas
2011,7,Tren Eléctrico,Unidades en operación,14039.0,14,39,40.0,Cifras Definitivas
2011,7,Trolebús,Ingresos por pasaje,14039.0,14,39,2302000.0,Cifras Definitivas
2011,7,Trolebús,Kilómetros recorridos,14039.0,14,39,115000.0,Cifras Definitivas
2011,7,Trolebús,Lineas en servicio,14039.0,14,39,2.0,Cifras Definitivas
2011,7,Trolebús,Longitud de servicio,14039.0,14,39,39.0,Cifras Definitivas
2011,7,Trolebús,Pasajeros transportados,14039.0,14,39,431000.0,Cifras Definitivas
2011,7,Trolebús,Unidades en operación,14039.0,14,39,33.0,Cifras Definitivas
2011,7,Macrobús Servicio Troncal,Autobuses en operación de lunes a viernes,14039.0,14,39,39.0,Cifras Definitivas
2011,7,Macrobús Servicio Troncal,Autobuses en operación de sábado a domingo,14039.0,14,39,33.0,Cifras Definitivas
2011,7,Macrobús Servicio Troncal,Ingresos por pasaje,14039.0,14,39,13336389.0,Cifras Definitivas
2011,7,Macrobús Servicio Troncal,Kilómetros recorridos,14039.0,14,39,538913.0,Cifras Definitivas
2011,7,Macrobús Servicio Troncal,Pasajeros transportados,14039.0,14,39,1889292.0,Cifras Definitivas
2011,7,Macrobús Servicio Troncal,Pasajeros transportados con boleto pagado,14039.0,14,39,1494292.0,Cifras Definitivas
2011,7,Macrobús Servicio Troncal,Pasajeros transportados con cortesía,14039.0,14,39,,Cifras Definitivas
2011,7,Macrobús Servicio Troncal,Pasajeros transportados con descuento,14039.0,14,39,395000.0,Cifras Definitivas
2011,7,Macrobús Servicio Troncal,Rutas,14039.0,14,39,2.0,Cifras Definitivas
2011,8,Tren Eléctrico,Ingresos por pasaje,14039.0,14,39,34206000.0,Cifras Definitivas
2011,8,Tren Eléctrico,Kilómetros recorridos,14039.0,14,39,490000.0,Cifras Definitivas
2011,8,Tren Eléctrico,Longitud de servicio,14039.0,14,39,24.0,Cifras Definitivas
2011,8,Tren Eléctrico,Pasajeros transportados,14039.0,14,39,6666000.0,Cifras Definitivas
2011,8,Tren Eléctrico,Unidades en operación,14039.0,14,39,40.0,Cifras Definitivas
2011,8,Trolebús,Ingresos por pasaje,14039.0,14,39,2457000.0,Cifras Definitivas
2011,8,Trolebús,Kilómetros recorridos,14039.0,14,39,115000.0,Cifras Definitivas
2011,8,Trolebús,Lineas en servicio,14039.0,14,39,2.0,Cifras Definitivas
2011,8,Trolebús,Longitud de servicio,14039.0,14,39,39.0,Cifras Definitivas
2011,8,Trolebús,Pasajeros transportados,14039.0,14,39,433000.0,Cifras Definitivas
2011,8,Trolebús,Unidades en operación,14039.0,14,39,33.0,Cifras Definitivas
2011,8,Macrobús Servicio Troncal,Autobuses en operación de lunes a viernes,14039.0,14,39,39.0,Cifras Definitivas
2011,8,Macrobús Servicio Troncal,Autobuses en operación de sábado a domingo,14039.0,14,39,33.0,Cifras Definitivas
2011,8,Macrobús Servicio Troncal,Ingresos por pasaje,14039.0,14,39,13797964.0,Cifras Definitivas
2011,8,Macrobús Servicio Troncal,Kilómetros recorridos,14039.0,14,39,289870.0,Cifras Definitivas
2011,8,Macrobús Servicio Troncal,Pasajeros transportados,14039.0,14,39,1991765.0,Cifras Definitivas
2011,8,Macrobús Servicio Troncal,Pasajeros transportados con boleto pagado,14039.0,14,39,1504756.0,Cifras Definitivas
2011,8,Macrobús Servicio Troncal,Pasajeros transportados con cortesía,14039.0,14,39,,Cifras Definitivas
2011,8,Macrobús Servicio Troncal,Pasajeros transportados con descuento,14039.0,14,39,487009.0,Cifras Definitivas
2011,8,Macrobús Servicio Troncal,Rutas,14039.0,14,39,2.0,Cifras Definitivas
2011,9,Tren Eléctrico,Ingresos por pasaje,14039.0,14,39,32438000.0,Cifras Definitivas
2011,9,Tren Eléctrico,Kilómetros recorridos,14039.0,14,39,458000.0,Cifras Definitivas
2011,9,Tren Eléctrico,Longitud de servicio,14039.0,14,39,24.0,Cifras Definitivas
2011,9,Tren Eléctrico,Pasajeros transportados,14039.0,14,39,6739000.0,Cifras Definitivas
2011,9,Tren Eléctrico,Unidades en operación,14039.0,14,39,40.0,Cifras Definitivas
2011,9,Trolebús,Ingresos por pasaje,14039.0,14,39,2297000.0,Cifras Definitivas
2011,9,Trolebús,Kilómetros recorridos,14039.0,14,39,115000.0,Cifras Definitivas
2011,9,Trolebús,Lineas en servicio,14039.0,14,39,2.0,Cifras Definitivas
2011,9,Trolebús,Longitud de servicio,14039.0,14,39,39.0,Cifras Definitivas
2011,9,Trolebús,Pasajeros transportados,14039.0,14,39,436000.0,Cifras Definitivas
2011,9,Trolebús,Unidades en operación,14039.0,14,39,33.0,Cifras Definitivas
2011,9,Macrobús Servicio Troncal,Autobuses en operación de lunes a viernes,14039.0,14,39,39.0,Cifras Definitivas
2011,9,Macrobús Servicio Troncal,Autobuses en operación de sábado a domingo,14039.0,14,39,33.0,Cifras Definitivas
2011,9,Macrobús Servicio Troncal,Ingresos por pasaje,14039.0,14,39,17862916.0,Cifras Definitivas
2011,9,Macrobús Servicio Troncal,Kilómetros recorridos,14039.0,14,39,376175.0,Cifras Definitivas
2011,9,Macrobús Servicio Troncal,Pasajeros transportados,14039.0,14,39,1883125.0,Cifras Definitivas
2011,9,Macrobús Servicio Troncal,Pasajeros transportados con boleto pagado,14039.0,14,39,1259754.0,Cifras Definitivas
2011,9,Macrobús Servicio Troncal,Pasajeros transportados con cortesía,14039.0,14,39,,Cifras Definitivas
2011,9,Macrobús Servicio Troncal,Pasajeros transportados con descuento,14039.0,14,39,623371.0,Cifras Definitivas
2011,9,Macrobús Servicio Troncal,Rutas,14039.0,14,39,2.0,Cifras Definitivas
2011,10,Tren Eléctrico,Ingresos por pasaje,14039.0,14,39,38300426.0,Cifras Definitivas
2011,10,Tren Eléctrico,Kilómetros recorridos,14039.0,14,39,512626.0,Cifras Definitivas
2011,10,Tren Eléctrico,Longitud de servicio,14039.0,14,39,24.0,Cifras Definitivas
2011,10,Tren Eléctrico,Pasajeros transportados,14039.0,14,39,7293746.0,Cifras Definitivas
2011,10,Tren Eléctrico,Unidades en operación,14039.0,14,39,40.0,Cifras Definitivas
2011,10,Trolebús,Ingresos por pasaje,14039.0,14,39,2291577.0,Cifras Definitivas
2011,10,Trolebús,Kilómetros recorridos,14039.0,14,39,115000.0,Cifras Definitivas
2011,10,Trolebús,Lineas en servicio,14039.0,14,39,2.0,Cifras Definitivas
2011,10,Trolebús,Longitud de servicio,14039.0,14,39,39.0,Cifras Definitivas
2011,10,Trolebús,Pasajeros transportados,14039.0,14,39,434720.0,Cifras Definitivas
2011,10,Trolebús,Unidades en operación,14039.0,14,39,33.0,Cifras Definitivas
2011,10,Macrobús Servicio Troncal,Autobuses en operación de lunes a viernes,14039.0,14,39,39.0,Cifras Definitivas
2011,10,Macrobús Servicio Troncal,Autobuses en operación de sábado a domingo,14039.0,14,39,33.0,Cifras Definitivas
2011,10,Macrobús Servicio Troncal,Ingresos por pasaje,14039.0,14,39,15327634.0,Cifras Definitivas
2011,10,Macrobús Servicio Troncal,Kilómetros recorridos,14039.0,14,39,324729.0,Cifras Definitivas
2011,10,Macrobús Servicio Troncal,Pasajeros transportados,14039.0,14,39,1939059.0,Cifras Definitivas
2011,10,Macrobús Servicio Troncal,Pasajeros transportados con boleto pagado,14039.0,14,39,1278502.0,Cifras Definitivas
2011,10,Macrobús Servicio Troncal,Pasajeros transportados con cortesía,14039.0,14,39,,Cifras Definitivas
2011,10,Macrobús Servicio Troncal,Pasajeros transportados con descuento,14039.0,14,39,660557.0,Cifras Definitivas
2011,10,Macrobús Servicio Troncal,Rutas,14039.0,14,39,2.0,Cifras Definitivas
2011,11,Tren Eléctrico,Ingresos por pasaje,14039.0,14,39,33704528.0,Cifras Definitivas
2011,11,Tren Eléctrico,Kilómetros recorridos,14039.0,14,39,477253.0,Cifras Definitivas
2011,11,Tren Eléctrico,Longitud de servicio,14039.0,14,39,24.0,Cifras Definitivas
2011,11,Tren Eléctrico,Pasajeros transportados,14039.0,14,39,6907666.0,Cifras Definitivas
2011,11,Tren Eléctrico,Unidades en operación,14039.0,14,39,40.0,Cifras Definitivas
2011,11,Trolebús,Ingresos por pasaje,14039.0,14,39,2059629.0,Cifras Definitivas
2011,11,Trolebús,Kilómetros recorridos,14039.0,14,39,115000.0,Cifras Definitivas
2011,11,Trolebús,Lineas en servicio,14039.0,14,39,2.0,Cifras Definitivas
2011,11,Trolebús,Longitud de servicio,14039.0,14,39,39.0,Cifras Definitivas
2011,11,Trolebús,Pasajeros transportados,14039.0,14,39,393074.0,Cifras Definitivas
2011,11,Trolebús,Unidades en operación,14039.0,14,39,33.0,Cifras Definitivas
2011,11,Macrobús Servicio Troncal,Autobuses en operación de lunes a viernes,14039.0,14,39,39.0,Cifras Definitivas
2011,11,Macrobús Servicio Troncal,Autobuses en operación de sábado a domingo,14039.0,14,39,33.0,Cifras Definitivas
2011,11,Macrobús Servicio Troncal,Ingresos por pasaje,14039.0,14,39,14588436.0,Cifras Definitivas
2011,11,Macrobús Servicio Troncal,Kilómetros recorridos,14039.0,14,39,318371.0,Cifras Definitivas
2011,11,Macrobús Servicio Troncal,Pasajeros transportados,14039.0,14,39,1853385.0,Cifras Definitivas
2011,11,Macrobús Servicio Troncal,Pasajeros transportados con boleto pagado,14039.0,14,39,1197918.0,Cifras Definitivas
2011,11,Macrobús Servicio Troncal,Pasajeros transportados con cortesía,14039.0,14,39,,Cifras Definitivas
2011,11,Macrobús Servicio Troncal,Pasajeros transportados con descuento,14039.0,14,39,655467.0,Cifras Definitivas
2011,11,Macrobús Servicio Troncal,Rutas,14039.0,14,39,2.0,Cifras Definitivas
2011,12,Tren Eléctrico,Ingresos por pasaje,14039.0,14,39,34398901.0,Cifras Definitivas
2011,12,Tren Eléctrico,Kilómetros recorridos,14039.0,14,39,492869.0,Cifras Definitivas
2011,12,Tren Eléctrico,Longitud de servicio,14039.0,14,39,24.0,Cifras Definitivas
2011,12,Tren Eléctrico,Pasajeros transportados,14039.0,14,39,6769400.0,Cifras Definitivas
2011,12,Tren Eléctrico,Unidades en operación,14039.0,14,39,40.0,Cifras Definitivas
2011,12,Trolebús,Ingresos por pasaje,14039.0,14,39,2184532.0,Cifras Definitivas
2011,12,Trolebús,Kilómetros recorridos,14039.0,14,39,115000.0,Cifras Definitivas
2011,12,Trolebús,Lineas en servicio,14039.0,14,39,2.0,Cifras Definitivas
2011,12,Trolebús,Longitud de servicio,14039.0,14,39,39.0,Cifras Definitivas
2011,12,Trolebús,Pasajeros transportados,14039.0,14,39,389045.0,Cifras Definitivas
2011,12,Trolebús,Unidades en operación,14039.0,14,39,33.0,Cifras Definitivas
2011,12,Macrobús Servicio Troncal,Autobuses en operación de lunes a viernes,14039.0,14,39,39.0,Cifras Definitivas
2011,12,Macrobús Servicio Troncal,Autobuses en operación de sábado a domingo,14039.0,14,39,33.0,Cifras Definitivas
2011,12,Macrobús Servicio Troncal,Ingresos por pasaje,14039.0,14,39,14305064.0,Cifras Definitivas
2011,12,Macrobús Servicio Troncal,Kilómetros recorridos,14039.0,14,39,294676.0,Cifras Definitivas
2011,12,Macrobús Servicio Troncal,Pasajeros transportados,14039.0,14,39,2017614.0,Cifras Definitivas
2011,12,Macrobús Servicio Troncal,Pasajeros transportados con boleto pagado,14039.0,14,39,1486214.0,Cifras Definitivas
2011,12,Macrobús Servicio Troncal,Pasajeros transportados con cortesía,14039.0,14,39,,Cifras Definitivas
2011,12,Macrobús Servicio Troncal,Pasajeros transportados con descuento,14039.0,14,39,531400.0,Cifras Definitivas
2011,12,Macrobús Servicio Troncal,Rutas,14039.0,14,39,2.0,Cifras Definitivas
2012,1,Tren Eléctrico,Ingresos por pasaje,14039.0,14,39,30241000.0,Cifras Definitivas
2012,1,Tren Eléctrico,Kilómetros recorridos,14039.0,14,39,482353.0,Cifras Definitivas
2012,1,Tren Eléctrico,Longitud de servicio,14039.0,14,39,24.0,Cifras Definitivas
2012,1,Tren Eléctrico,Pasajeros transportados,14039.0,14,39,6539283.0,Cifras Definitivas
2012,1,Tren Eléctrico,Unidades en operación,14039.0,14,39,40.0,Cifras Definitivas
2012,1,Trolebús,Ingresos por pasaje,14039.0,14,39,2016201.0,Cifras Definitivas
2012,1,Trolebús,Kilómetros recorridos,14039.0,14,39,115000.0,Cifras Definitivas
2012,1,Trolebús,Lineas en servicio,14039.0,14,39,2.0,Cifras Definitivas
2012,1,Trolebús,Longitud de servicio,14039.0,14,39,39.0,Cifras Definitivas
2012,1,Trolebús,Pasajeros transportados,14039.0,14,39,376217.0,Cifras Definitivas
2012,1,Trolebús,Unidades en operación,14039.0,14,39,33.0,Cifras Definitivas
2012,1,Macrobús Servicio Troncal,Autobuses en operación de lunes a viernes,14039.0,14,39,39.0,Cifras Definitivas
2012,1,Macrobús Servicio Troncal,Autobuses en operación de sábado a domingo,14039.0,14,39,33.0,Cifras Definitivas
2012,1,Macrobús Servicio Troncal,Ingresos por pasaje,14039.0,14,39,13760705.0,Cifras Definitivas
2012,1,Macrobús Servicio Troncal,Kilómetros recorridos,14039.0,14,39,217593.0,Cifras Definitivas
2012,1,Macrobús Servicio Troncal,Pasajeros transportados,14039.0,14,39,1767784.0,Cifras Definitivas
2012,1,Macrobús Servicio Troncal,Pasajeros transportados con boleto pagado,14039.0,14,39,1313527.0,Cifras Definitivas
2012,1,Macrobús Servicio Troncal,Pasajeros transportados con cortesía,14039.0,14,39,,Cifras Definitivas
2012,1,Macrobús Servicio Troncal,Pasajeros transportados con descuento,14039.0,14,39,454257.0,Cifras Definitivas
2012,1,Macrobús Servicio Troncal,Rutas,14039.0,14,39,2.0,Cifras Definitivas
2012,1,Macrobús Servicio Alimentador,Autobuses en operación de lunes a viernes,14039.0,14,39,101.0,Cifras Definitivas
2012,1,Macrobús Servicio Alimentador,Autobuses en operación de sábado a domingo,14039.0,14,39,98.0,Cifras Definitivas
2012,1,Macrobús Servicio Alimentador,Ingresos por pasaje,14039.0,14,39,3427295.0,Cifras Definitivas
2012,1,Macrobús Servicio Alimentador,Kilómetros recorridos,14039.0,14,39,578617.0,Cifras Definitivas
2012,1,Macrobús Servicio Alimentador,Pasajeros transportados,14039.0,14,39,803532.0,Cifras Definitivas
2012,1,Macrobús Servicio Alimentador,Pasajeros transportados con boleto pagado,14039.0,14,39,803532.0,Cifras Definitivas
2012,1,Macrobús Servicio Alimentador,Pasajeros transportados con descuento,14039.0,14,39,,Cifras Definitivas
2012,1,Macrobús Servicio Alimentador,Rutas,14039.0,14,39,15.0,Cifras Definitivas
2012,2,Tren Eléctrico,Ingresos por pasaje,14039.0,14,39,29985000.0,Cifras Definitivas
2012,2,Tren Eléctrico,Kilómetros recorridos,14039.0,14,39,453790.0,Cifras Definitivas
2012,2,Tren Eléctrico,Longitud de servicio,14039.0,14,39,24.0,Cifras Definitivas
2012,2,Tren Eléctrico,Pasajeros transportados,14039.0,14,39,5973424.0,Cifras Definitivas
2012,2,Tren Eléctrico,Unidades en operación,14039.0,14,39,44.0,Cifras Definitivas
2012,2,Trolebús,Ingresos por pasaje,14039.0,14,39,1952000.0,Cifras Definitivas
2012,2,Trolebús,Kilómetros recorridos,14039.0,14,39,115000.0,Cifras Definitivas
2012,2,Trolebús,Lineas en servicio,14039.0,14,39,2.0,Cifras Definitivas
2012,2,Trolebús,Longitud de servicio,14039.0,14,39,39.0,Cifras Definitivas
2012,2,Trolebús,Pasajeros transportados,14039.0,14,39,370040.0,Cifras Definitivas
2012,2,Trolebús,Unidades en operación,14039.0,14,39,31.0,Cifras Definitivas
2012,2,Macrobús Servicio Troncal,Autobuses en operación de lunes a viernes,14039.0,14,39,39.0,Cifras Definitivas
2012,2,Macrobús Servicio Troncal,Autobuses en operación de sábado a domingo,14039.0,14,39,33.0,Cifras Definitivas
2012,2,Macrobús Servicio Troncal,Ingresos por pasaje,14039.0,14,39,14292219.0,Cifras Definitivas
2012,2,Macrobús Servicio Troncal,Kilómetros recorridos,14039.0,14,39,261679.0,Cifras Definitivas
2012,2,Macrobús Servicio Troncal,Pasajeros transportados,14039.0,14,39,1777007.0,Cifras Definitivas
2012,2,Macrobús Servicio Troncal,Pasajeros transportados con boleto pagado,14039.0,14,39,1153811.0,Cifras Definitivas
2012,2,Macrobús Servicio Troncal,Pasajeros transportados con cortesía,14039.0,14,39,,Cifras Definitivas
2012,2,Macrobús Servicio Troncal,Pasajeros transportados con descuento,14039.0,14,39,623196.0,Cifras Definitivas
2012,2,Macrobús Servicio Troncal,Rutas,14039.0,14,39,2.0,Cifras Definitivas
2012,2,Macrobús Servicio Alimentador,Autobuses en operación de lunes a viernes,14039.0,14,39,101.0,Cifras Definitivas
2012,2,Macrobús Servicio Alimentador,Autobuses en operación de sábado a domingo,14039.0,14,39,98.0,Cifras Definitivas
2012,2,Macrobús Servicio Alimentador,Ingresos por pasaje,14039.0,14,39,3443781.0,Cifras Definitivas
2012,2,Macrobús Servicio Alimentador,Kilómetros recorridos,14039.0,14,39,530619.0,Cifras Definitivas
2012,2,Macrobús Servicio Alimentador,Pasajeros transportados,14039.0,14,39,798905.0,Cifras Definitivas
2012,2,Macrobús Servicio Alimentador,Pasajeros transportados con boleto pagado,14039.0,14,39,798905.0,Cifras Definitivas
2012,2,Macrobús Servicio Alimentador,Pasajeros transportados con descuento,14039.0,14,39,,Cifras Definitivas
2012,2,Macrobús Servicio Alimentador,Rutas,14039.0,14,39,15.0,Cifras Definitivas
2012,3,Tren Eléctrico,Ingresos por pasaje,14039.0,14,39,32500000.0,Cifras Definitivas
2012,3,Tren Eléctrico,Kilómetros recorridos,14039.0,14,39,467082.0,Cifras Definitivas
2012,3,Tren Eléctrico,Longitud de servicio,14039.0,14,39,24.0,Cifras Definitivas
2012,3,Tren Eléctrico,Pasajeros transportados,14039.0,14,39,7278238.0,Cifras Definitivas
2012,3,Tren Eléctrico,Unidades en operación,14039.0,14,39,44.0,Cifras Definitivas
2012,3,Trolebús,Ingresos por pasaje,14039.0,14,39,2201000.0,Cifras Definitivas
2012,3,Trolebús,Kilómetros recorridos,14039.0,14,39,115000.0,Cifras Definitivas
2012,3,Trolebús,Lineas en servicio,14039.0,14,39,2.0,Cifras Definitivas
2012,3,Trolebús,Longitud de servicio,14039.0,14,39,39.0,Cifras Definitivas
2012,3,Trolebús,Pasajeros transportados,14039.0,14,39,370069.0,Cifras Definitivas
2012,3,Trolebús,Unidades en operación,14039.0,14,39,31.0,Cifras Definitivas
2012,3,Macrobús Servicio Troncal,Autobuses en operación de lunes a viernes,14039.0,14,39,38.0,Cifras Definitivas
2012,3,Macrobús Servicio Troncal,Autobuses en operación de sábado a domingo,14039.0,14,39,33.0,Cifras Definitivas
2012,3,Macrobús Servicio Troncal,Ingresos por pasaje,14039.0,14,39,14346440.0,Cifras Definitivas
2012,3,Macrobús Servicio Troncal,Kilómetros recorridos,14039.0,14,39,285198.0,Cifras Definitivas
2012,3,Macrobús Servicio Troncal,Pasajeros transportados,14039.0,14,39,1913334.0,Cifras Definitivas
2012,3,Macrobús Servicio Troncal,Pasajeros transportados con boleto pagado,14039.0,14,39,1182934.0,Cifras Definitivas
2012,3,Macrobús Servicio Troncal,Pasajeros transportados con cortesía,14039.0,14,39,,Cifras Definitivas
2012,3,Macrobús Servicio Troncal,Pasajeros transportados con descuento,14039.0,14,39,730400.0,Cifras Definitivas
2012,3,Macrobús Servicio Troncal,Rutas,14039.0,14,39,2.0,Cifras Definitivas
2012,3,Macrobús Servicio Alimentador,Autobuses en operación de lunes a viernes,14039.0,14,39,101.0,Cifras Definitivas
2012,3,Macrobús Servicio Alimentador,Autobuses en operación de sábado a domingo,14039.0,14,39,98.0,Cifras Definitivas
2012,3,Macrobús Servicio Alimentador,Ingresos por pasaje,14039.0,14,39,4976560.0,Cifras Definitivas
2012,3,Macrobús Servicio Alimentador,Kilómetros recorridos,14039.0,14,39,591191.0,Cifras Definitivas
2012,3,Macrobús Servicio Alimentador,Pasajeros transportados,14039.0,14,39,868890.0,Cifras Definitivas
2012,3,Macrobús Servicio Alimentador,Pasajeros transportados con boleto pagado,14039.0,14,39,868890.0,Cifras Definitivas
2012,3,Macrobús Servicio Alimentador,Pasajeros transportados con descuento,14039.0,14,39,,Cifras Definitivas
2012,3,Macrobús Servicio Alimentador,Rutas,14039.0,14,39,15.0,Cifras Definitivas
2012,4,Tren Eléctrico,Ingresos por pasaje,14039.0,14,39,28172000.0,Cifras Definitivas
2012,4,Tren Eléctrico,Kilómetros recorridos,14039.0,14,39,447889.0,Cifras Definitivas
2012,4,Tren Eléctrico,Longitud de servicio,14039.0,14,39,24.0,Cifras Definitivas
2012,4,Tren Eléctrico,Pasajeros transportados,14039.0,14,39,6094437.0,Cifras Definitivas
2012,4,Tren Eléctrico,Unidades en operación,14039.0,14,39,44.0,Cifras Definitivas
2012,4,Trolebús,Ingresos por pasaje,14039.0,14,39,1864000.0,Cifras Definitivas
2012,4,Trolebús,Kilómetros recorridos,14039.0,14,39,115000.0,Cifras Definitivas
2012,4,Trolebús,Lineas en servicio,14039.0,14,39,2.0,Cifras Definitivas
2012,4,Trolebús,Longitud de servicio,14039.0,14,39,39.0,Cifras Definitivas
2012,4,Trolebús,Pasajeros transportados,14039.0,14,39,350751.0,Cifras Definitivas
2012,4,Trolebús,Unidades en operación,14039.0,14,39,31.0,Cifras Definitivas
2012,4,Macrobús Servicio Troncal,Autobuses en operación de lunes a viernes,14039.0,14,39,39.0,Cifras Definitivas
2012,4,Macrobús Servicio Troncal,Autobuses en operación de sábado a domingo,14039.0,14,39,33.0,Cifras Definitivas
2012,4,Macrobús Servicio Troncal,Ingresos por pasaje,14039.0,14,39,14059073.0,Cifras Definitivas
2012,4,Macrobús Servicio Troncal,Kilómetros recorridos,14039.0,14,39,281036.0,Cifras Definitivas
2012,4,Macrobús Servicio Troncal,Pasajeros transportados,14039.0,14,39,1775417.0,Cifras Definitivas
2012,4,Macrobús Servicio Troncal,Pasajeros transportados con boleto pagado,14039.0,14,39,1355943.0,Cifras Definitivas
2012,4,Macrobús Servicio Troncal,Pasajeros transportados con cortesía,14039.0,14,39,,Cifras Definitivas
2012,4,Macrobús Servicio Troncal,Pasajeros transportados con descuento,14039.0,14,39,419474.0,Cifras Definitivas
2012,4,Macrobús Servicio Troncal,Rutas,14039.0,14,39,2.0,Cifras Definitivas
2012,4,Macrobús Servicio Alimentador,Autobuses en operación de lunes a viernes,14039.0,14,39,101.0,Cifras Definitivas
2012,4,Macrobús Servicio Alimentador,Autobuses en operación de sábado a domingo,14039.0,14,39,98.0,Cifras Definitivas
2012,4,Macrobús Servicio Alimentador,Ingresos por pasaje,14039.0,14,39,3222927.0,Cifras Definitivas
2012,4,Macrobús Servicio Alimentador,Kilómetros recorridos,14039.0,14,39,578654.0,Cifras Definitivas
2012,4,Macrobús Servicio Alimentador,Pasajeros transportados,14039.0,14,39,756547.0,Cifras Definitivas
2012,4,Macrobús Servicio Alimentador,Pasajeros transportados con boleto pagado,14039.0,14,39,756547.0,Cifras Definitivas
2012,4,Macrobús Servicio Alimentador,Pasajeros transportados con descuento,14039.0,14,39,,Cifras Definitivas
2012,4,Macrobús Servicio Alimentador,Rutas,14039.0,14,39,15.0,Cifras Definitivas
2012,5,Tren Eléctrico,Ingresos por pasaje,14039.0,14,39,32507000.0,Cifras Definitivas
2012,5,Tren Eléctrico,Kilómetros recorridos,14039.0,14,39,483544.0,Cifras Definitivas
2012,5,Tren Eléctrico,Longitud de servicio,14039.0,14,39,24.0,Cifras Definitivas
2012,5,Tren Eléctrico,Pasajeros transportados,14039.0,14,39,5804852.0,Cifras Definitivas
2012,5,Tren Eléctrico,Unidades en operación,14039.0,14,39,44.0,Cifras Definitivas
2012,5,Trolebús,Ingresos por pasaje,14039.0,14,39,2202000.0,Cifras Definitivas
2012,5,Trolebús,Kilómetros recorridos,14039.0,14,39,115000.0,Cifras Definitivas
2012,5,Trolebús,Lineas en servicio,14039.0,14,39,2.0,Cifras Definitivas
2012,5,Trolebús,Longitud de servicio,14039.0,14,39,39.0,Cifras Definitivas
2012,5,Trolebús,Pasajeros transportados,14039.0,14,39,419464.0,Cifras Definitivas
2012,5,Trolebús,Unidades en operación,14039.0,14,39,31.0,Cifras Definitivas
2012,5,Macrobús Servicio Troncal,Autobuses en operación de lunes a viernes,14039.0,14,39,39.0,Cifras Definitivas
2012,5,Macrobús Servicio Troncal,Autobuses en operación de sábado a domingo,14039.0,14,39,33.0,Cifras Definitivas
2012,5,Macrobús Servicio Troncal,Ingresos por pasaje,14039.0,14,39,14929725.0,Cifras Definitivas
2012,5,Macrobús Servicio Troncal,Kilómetros recorridos,14039.0,14,39,282044.0,Cifras Definitivas
2012,5,Macrobús Servicio Troncal,Pasajeros transportados,14039.0,14,39,1947195.0,Cifras Definitivas
2012,5,Macrobús Servicio Troncal,Pasajeros transportados con boleto pagado,14039.0,14,39,1333583.0,Cifras Definitivas
2012,5,Macrobús Servicio Troncal,Pasajeros transportados con cortesía,14039.0,14,39,,Cifras Definitivas
2012,5,Macrobús Servicio Troncal,Pasajeros transportados con descuento,14039.0,14,39,613612.0,Cifras Definitivas
2012,5,Macrobús Servicio Troncal,Rutas,14039.0,14,39,2.0,Cifras Definitivas
2012,5,Macrobús Servicio Alimentador,Autobuses en operación de lunes a viernes,14039.0,14,39,101.0,Cifras Definitivas
2012,5,Macrobús Servicio Alimentador,Autobuses en operación de sábado a domingo,14039.0,14,39,98.0,Cifras Definitivas
2012,5,Macrobús Servicio Alimentador,Ingresos por pasaje,14039.0,14,39,3357275.0,Cifras Definitivas
2012,5,Macrobús Servicio Alimentador,Kilómetros recorridos,14039.0,14,39,607479.0,Cifras Definitivas
2012,5,Macrobús Servicio Alimentador,Pasajeros transportados,14039.0,14,39,845463.0,Cifras Definitivas
2012,5,Macrobús Servicio Alimentador,Pasajeros transportados con boleto pagado,14039.0,14,39,845463.0,Cifras Definitivas
2012,5,Macrobús Servicio Alimentador,Pasajeros transportados con descuento,14039.0,14,39,,Cifras Definitivas
2012,5,Macrobús Servicio Alimentador,Rutas,14039.0,14,39,15.0,Cifras Definitivas
2012,6,Tren Eléctrico,Ingresos por pasaje,14039.0,14,39,32640000.0,Cifras Definitivas
2012,6,Tren Eléctrico,Kilómetros recorridos,14039.0,14,39,473772.0,Cifras Definitivas
2012,6,Tren Eléctrico,Longitud de servicio,14039.0,14,39,24.0,Cifras Definitivas
2012,6,Tren Eléctrico,Pasajeros transportados,14039.0,14,39,6884730.0,Cifras Definitivas
2012,6,Tren Eléctrico,Unidades en operación,14039.0,14,39,44.0,Cifras Definitivas
2012,6,Trolebús,Ingresos por pasaje,14039.0,14,39,2115000.0,Cifras Definitivas
2012,6,Trolebús,Kilómetros recorridos,14039.0,14,39,115000.0,Cifras Definitivas
2012,6,Trolebús,Lineas en servicio,14039.0,14,39,2.0,Cifras Definitivas
2012,6,Trolebús,Longitud de servicio,14039.0,14,39,39.0,Cifras Definitivas
2012,6,Trolebús,Pasajeros transportados,14039.0,14,39,403268.0,Cifras Definitivas
2012,6,Trolebús,Unidades en operación,14039.0,14,39,31.0,Cifras Definitivas
2012,6,Macrobús Servicio Troncal,Autobuses en operación de lunes a viernes,14039.0,14,39,39.0,Cifras Definitivas
2012,6,Macrobús Servicio Troncal,Autobuses en operación de sábado a domingo,14039.0,14,39,33.0,Cifras Definitivas
2012,6,Macrobús Servicio Troncal,Ingresos por pasaje,14039.0,14,39,14434683.0,Cifras Definitivas
2012,6,Macrobús Servicio Troncal,Kilómetros recorridos,14039.0,14,39,270337.0,Cifras Definitivas
2012,6,Macrobús Servicio Troncal,Pasajeros transportados,14039.0,14,39,1827851.0,Cifras Definitivas
2012,6,Macrobús Servicio Troncal,Pasajeros transportados con boleto pagado,14039.0,14,39,1328823.0,Cifras Definitivas
2012,6,Macrobús Servicio Troncal,Pasajeros transportados con cortesía,14039.0,14,39,,Cifras Definitivas
2012,6,Macrobús Servicio Troncal,Pasajeros transportados con descuento,14039.0,14,39,499028.0,Cifras Definitivas
2012,6,Macrobús Servicio Troncal,Rutas,14039.0,14,39,2.0,Cifras Definitivas
2012,6,Macrobús Servicio Alimentador,Autobuses en operación de lunes a viernes,14039.0,14,39,101.0,Cifras Definitivas
2012,6,Macrobús Servicio Alimentador,Autobuses en operación de sábado a domingo,14039.0,14,39,98.0,Cifras Definitivas
2012,6,Macrobús Servicio Alimentador,Ingresos por pasaje,14039.0,14,39,3513317.0,Cifras Definitivas
2012,6,Macrobús Servicio Alimentador,Kilómetros recorridos,14039.0,14,39,589634.0,Cifras Definitivas
2012,6,Macrobús Servicio Alimentador,Pasajeros transportados,14039.0,14,39,821049.0,Cifras Definitivas
2012,6,Macrobús Servicio Alimentador,Pasajeros transportados con boleto pagado,14039.0,14,39,821049.0,Cifras Definitivas
2012,6,Macrobús Servicio Alimentador,Pasajeros transportados con descuento,14039.0,14,39,,Cifras Definitivas
2012,6,Macrobús Servicio Alimentador,Rutas,14039.0,14,39,15.0,Cifras Definitivas
2012,7,Tren Eléctrico,Ingresos por pasaje,14039.0,14,39,31199436.0,Cifras Definitivas
2012,7,Tren Eléctrico,Kilómetros recorridos,14039.0,14,39,474568.0,Cifras Definitivas
2012,7,Tren Eléctrico,Longitud de servicio,14039.0,14,39,24.0,Cifras Definitivas
2012,7,Tren Eléctrico,Pasajeros transportados,14039.0,14,39,5475409.0,Cifras Definitivas
2012,7,Tren Eléctrico,Unidades en operación,14039.0,14,39,44.0,Cifras Definitivas
2012,7,Trolebús,Ingresos por pasaje,14039.0,14,39,2090631.0,Cifras Definitivas
2012,7,Trolebús,Kilómetros recorridos,14039.0,14,39,115000.0,Cifras Definitivas
2012,7,Trolebús,Lineas en servicio,14039.0,14,39,2.0,Cifras Definitivas
2012,7,Trolebús,Longitud de servicio,14039.0,14,39,39.0,Cifras Definitivas
2012,7,Trolebús,Pasajeros transportados,14039.0,14,39,396572.0,Cifras Definitivas
2012,7,Trolebús,Unidades en operación,14039.0,14,39,31.0,Cifras Definitivas
2012,7,Macrobús Servicio Troncal,Autobuses en operación de lunes a viernes,14039.0,14,39,39.0,Cifras Definitivas
2012,7,Macrobús Servicio Troncal,Autobuses en operación de sábado a domingo,14039.0,14,39,33.0,Cifras Definitivas
2012,7,Macrobús Servicio Troncal,Ingresos por pasaje,14039.0,14,39,14474999.0,Cifras Definitivas
2012,7,Macrobús Servicio Troncal,Kilómetros recorridos,14039.0,14,39,339351.0,Cifras Definitivas
2012,7,Macrobús Servicio Troncal,Pasajeros transportados,14039.0,14,39,1902851.0,Cifras Definitivas
2012,7,Macrobús Servicio Troncal,Pasajeros transportados con boleto pagado,14039.0,14,39,1500873.0,Cifras Definitivas
2012,7,Macrobús Servicio Troncal,Pasajeros transportados con cortesía,14039.0,14,39,,Cifras Definitivas
2012,7,Macrobús Servicio Troncal,Pasajeros transportados con descuento,14039.0,14,39,401978.0,Cifras Definitivas
2012,7,Macrobús Servicio Troncal,Rutas,14039.0,14,39,2.0,Cifras Definitivas
2012,7,Macrobús Servicio Alimentador,Autobuses en operación de lunes a viernes,14039.0,14,39,101.0,Cifras Definitivas
2012,7,Macrobús Servicio Alimentador,Autobuses en operación de sábado a domingo,14039.0,14,39,98.0,Cifras Definitivas
2012,7,Macrobús Servicio Alimentador,Ingresos por pasaje,14039.0,14,39,3501001.0,Cifras Definitivas
2012,7,Macrobús Servicio Alimentador,Kilómetros recorridos,14039.0,14,39,530399.0,Cifras Definitivas
2012,7,Macrobús Servicio Alimentador,Pasajeros transportados,14039.0,14,39,807046.0,Cifras Definitivas
2012,7,Macrobús Servicio Alimentador,Pasajeros transportados con boleto pagado,14039.0,14,39,807046.0,Cifras Definitivas
2012,7,Macrobús Servicio Alimentador,Pasajeros transportados con descuento,14039.0,14,39,,Cifras Definitivas
2012,7,Macrobús Servicio Alimentador,Rutas,14039.0,14,39,15.0,Cifras Definitivas
2012,8,Tren Eléctrico,Ingresos por pasaje,14039.0,14,39,35882000.0,Cifras Definitivas
2012,8,Tren Eléctrico,Kilómetros recorridos,14039.0,14,39,500655.0,Cifras Definitivas
2012,8,Tren Eléctrico,Longitud de servicio,14039.0,14,39,24.0,Cifras Definitivas
2012,8,Tren Eléctrico,Pasajeros transportados,14039.0,14,39,7184851.0,Cifras Definitivas
2012,8,Tren Eléctrico,Unidades en operación,14039.0,14,39,44.0,Cifras Definitivas
2012,8,Trolebús,Ingresos por pasaje,14039.0,14,39,2255000.0,Cifras Definitivas
2012,8,Trolebús,Kilómetros recorridos,14039.0,14,39,115000.0,Cifras Definitivas
2012,8,Trolebús,Lineas en servicio,14039.0,14,39,2.0,Cifras Definitivas
2012,8,Trolebús,Longitud de servicio,14039.0,14,39,39.0,Cifras Definitivas
2012,8,Trolebús,Pasajeros transportados,14039.0,14,39,423740.0,Cifras Definitivas
2012,8,Trolebús,Unidades en operación,14039.0,14,39,31.0,Cifras Definitivas
2012,8,Macrobús Servicio Troncal,Autobuses en operación de lunes a viernes,14039.0,14,39,39.0,Cifras Definitivas
2012,8,Macrobús Servicio Troncal,Autobuses en operación de sábado a domingo,14039.0,14,39,33.0,Cifras Definitivas
2012,8,Macrobús Servicio Troncal,Ingresos por pasaje,14039.0,14,39,14970677.0,Cifras Definitivas
2012,8,Macrobús Servicio Troncal,Kilómetros recorridos,14039.0,14,39,316664.0,Cifras Definitivas
2012,8,Macrobús Servicio Troncal,Pasajeros transportados,14039.0,14,39,1910531.0,Cifras Definitivas
2012,8,Macrobús Servicio Troncal,Pasajeros transportados con boleto pagado,14039.0,14,39,1416202.0,Cifras Definitivas
2012,8,Macrobús Servicio Troncal,Pasajeros transportados con cortesía,14039.0,14,39,,Cifras Definitivas
2012,8,Macrobús Servicio Troncal,Pasajeros transportados con descuento,14039.0,14,39,494329.0,Cifras Definitivas
2012,8,Macrobús Servicio Troncal,Rutas,14039.0,14,39,2.0,Cifras Definitivas
2012,8,Macrobús Servicio Alimentador,Autobuses en operación de lunes a viernes,14039.0,14,39,101.0,Cifras Definitivas
2012,8,Macrobús Servicio Alimentador,Autobuses en operación de sábado a domingo,14039.0,14,39,98.0,Cifras Definitivas
2012,8,Macrobús Servicio Alimentador,Ingresos por pasaje,14039.0,14,39,3348323.0,Cifras Definitivas
2012,8,Macrobús Servicio Alimentador,Kilómetros recorridos,14039.0,14,39,557383.0,Cifras Definitivas
2012,8,Macrobús Servicio Alimentador,Pasajeros transportados,14039.0,14,39,862459.0,Cifras Definitivas
2012,8,Macrobús Servicio Alimentador,Pasajeros transportados con boleto pagado,14039.0,14,39,862459.0,Cifras Definitivas
2012,8,Macrobús Servicio Alimentador,Pasajeros transportados con descuento,14039.0,14,39,,Cifras Definitivas
2012,8,Macrobús Servicio Alimentador,Rutas,14039.0,14,39,15.0,Cifras Definitivas
2012,9,Tren Eléctrico,Ingresos por pasaje,14039.0,14,39,35905000.0,Cifras Definitivas
2012,9,Tren Eléctrico,Kilómetros recorridos,14039.0,14,39,503622.0,Cifras Definitivas
2012,9,Tren Eléctrico,Longitud de servicio,14039.0,14,39,24.0,Cifras Definitivas
2012,9,Tren Eléctrico,Pasajeros transportados,14039.0,14,39,7205900.0,Cifras Definitivas
2012,9,Tren Eléctrico,Unidades en operación,14039.0,14,39,44.0,Cifras Definitivas
2012,9,Trolebús,Ingresos por pasaje,14039.0,14,39,2095000.0,Cifras Definitivas
2012,9,Trolebús,Kilómetros recorridos,14039.0,14,39,115000.0,Cifras Definitivas
2012,9,Trolebús,Lineas en servicio,14039.0,14,39,2.0,Cifras Definitivas
2012,9,Trolebús,Longitud de servicio,14039.0,14,39,39.0,Cifras Definitivas
2012,9,Trolebús,Pasajeros transportados,14039.0,14,39,408367.0,Cifras Definitivas
2012,9,Trolebús,Unidades en operación,14039.0,14,39,31.0,Cifras Definitivas
2012,9,Macrobús Servicio Troncal,Autobuses en operación de lunes a viernes,14039.0,14,39,39.0,Cifras Definitivas
2012,9,Macrobús Servicio Troncal,Autobuses en operación de sábado a domingo,14039.0,14,39,33.0,Cifras Definitivas
2012,9,Macrobús Servicio Troncal,Ingresos por pasaje,14039.0,14,39,15163291.0,Cifras Definitivas
2012,9,Macrobús Servicio Troncal,Kilómetros recorridos,14039.0,14,39,316823.0,Cifras Definitivas
2012,9,Macrobús Servicio Troncal,Pasajeros transportados,14039.0,14,39,1849911.0,Cifras Definitivas
2012,9,Macrobús Servicio Troncal,Pasajeros transportados con boleto pagado,14039.0,14,39,1252421.0,Cifras Definitivas
2012,9,Macrobús Servicio Troncal,Pasajeros transportados con cortesía,14039.0,14,39,,Cifras Definitivas
2012,9,Macrobús Servicio Troncal,Pasajeros transportados con descuento,14039.0,14,39,597490.0,Cifras Definitivas
2012,9,Macrobús Servicio Troncal,Rutas,14039.0,14,39,2.0,Cifras Definitivas
2012,9,Macrobús Servicio Alimentador,Autobuses en operación de lunes a viernes,14039.0,14,39,101.0,Cifras Definitivas
2012,9,Macrobús Servicio Alimentador,Autobuses en operación de sábado a domingo,14039.0,14,39,98.0,Cifras Definitivas
2012,9,Macrobús Servicio Alimentador,Ingresos por pasaje,14039.0,14,39,3276709.0,Cifras Definitivas
2012,9,Macrobús Servicio Alimentador,Kilómetros recorridos,14039.0,14,39,525379.0,Cifras Definitivas
2012,9,Macrobús Servicio Alimentador,Pasajeros transportados,14039.0,14,39,843746.0,Cifras Definitivas
2012,9,Macrobús Servicio Alimentador,Pasajeros transportados con boleto pagado,14039.0,14,39,843746.0,Cifras Definitivas
2012,9,Macrobús Servicio Alimentador,Pasajeros transportados con descuento,14039.0,14,39,,Cifras Definitivas
2012,9,Macrobús Servicio Alimentador,Rutas,14039.0,14,39,15.0,Cifras Definitivas
2012,10,Tren Eléctrico,Ingresos por pasaje,14039.0,14,39,36006000.0,Cifras Definitivas
2012,10,Tren Eléctrico,Kilómetros recorridos,14039.0,14,39,514110.0,Cifras Definitivas
2012,10,Tren Eléctrico,Longitud de servicio,14039.0,14,39,24.0,Cifras Definitivas
2012,10,Tren Eléctrico,Pasajeros transportados,14039.0,14,39,7957280.0,Cifras Definitivas
2012,10,Tren Eléctrico,Unidades en operación,14039.0,14,39,44.0,Cifras Definitivas
2012,10,Trolebús,Ingresos por pasaje,14039.0,14,39,2256000.0,Cifras Definitivas
2012,10,Trolebús,Kilómetros recorridos,14039.0,14,39,115000.0,Cifras Definitivas
2012,10,Trolebús,Lineas en servicio,14039.0,14,39,2.0,Cifras Definitivas
2012,10,Trolebús,Longitud de servicio,14039.0,14,39,39.0,Cifras Definitivas
2012,10,Trolebús,Pasajeros transportados,14039.0,14,39,427515.0,Cifras Definitivas
2012,10,Trolebús,Unidades en operación,14039.0,14,39,31.0,Cifras Definitivas
2012,10,Macrobús Servicio Troncal,Autobuses en operación de lunes a viernes,14039.0,14,39,39.0,Cifras Definitivas
2012,10,Macrobús Servicio Troncal,Autobuses en operación de sábado a domingo,14039.0,14,39,33.0,Cifras Definitivas
2012,10,Macrobús Servicio Troncal,Ingresos por pasaje,14039.0,14,39,16165223.0,Cifras Definitivas
2012,10,Macrobús Servicio Troncal,Kilómetros recorridos,14039.0,14,39,357251.0,Cifras Definitivas
2012,10,Macrobús Servicio Troncal,Pasajeros transportados,14039.0,14,39,1951904.0,Cifras Definitivas
2012,10,Macrobús Servicio Troncal,Pasajeros transportados con boleto pagado,14039.0,14,39,1276794.0,Cifras Definitivas
2012,10,Macrobús Servicio Troncal,Pasajeros transportados con cortesía,14039.0,14,39,,Cifras Definitivas
2012,10,Macrobús Servicio Troncal,Pasajeros transportados con descuento,14039.0,14,39,675110.0,Cifras Definitivas
2012,10,Macrobús Servicio Troncal,Rutas,14039.0,14,39,2.0,Cifras Definitivas
2012,10,Macrobús Servicio Alimentador,Autobuses en operación de lunes a viernes,14039.0,14,39,101.0,Cifras Definitivas
2012,10,Macrobús Servicio Alimentador,Autobuses en operación de sábado a domingo,14039.0,14,39,98.0,Cifras Definitivas
2012,10,Macrobús Servicio Alimentador,Ingresos por pasaje,14039.0,14,39,3346777.0,Cifras Definitivas
2012,10,Macrobús Servicio Alimentador,Kilómetros recorridos,14039.0,14,39,546805.0,Cifras Definitivas
2012,10,Macrobús Servicio Alimentador,Pasajeros transportados,14039.0,14,39,885987.0,Cifras Definitivas
2012,10,Macrobús Servicio Alimentador,Pasajeros transportados con boleto pagado,14039.0,14,39,885987.0,Cifras Definitivas
2012,10,Macrobús Servicio Alimentador,Pasajeros transportados con descuento,14039.0,14,39,,Cifras Definitivas
2012,10,Macrobús Servicio Alimentador,Rutas,14039.0,14,39,15.0,Cifras Definitivas
2012,11,Tren Eléctrico,Ingresos por pasaje,14039.0,14,39,39278000.0,Cifras Definitivas
2012,11,Tren Eléctrico,Kilómetros recorridos,14039.0,14,39,454458.0,Cifras Definitivas
2012,11,Tren Eléctrico,Longitud de servicio,14039.0,14,39,24.0,Cifras Definitivas
2012,11,Tren Eléctrico,Pasajeros transportados,14039.0,14,39,7564787.0,Cifras Definitivas
2012,11,Tren Eléctrico,Unidades en operación,14039.0,14,39,44.0,Cifras Definitivas
2012,11,Trolebús,Ingresos por pasaje,14039.0,14,39,2165000.0,Cifras Definitivas
2012,11,Trolebús,Kilómetros recorridos,14039.0,14,39,115000.0,Cifras Definitivas
2012,11,Trolebús,Lineas en servicio,14039.0,14,39,2.0,Cifras Definitivas
2012,11,Trolebús,Longitud de servicio,14039.0,14,39,39.0,Cifras Definitivas
2012,11,Trolebús,Pasajeros transportados,14039.0,14,39,421880.0,Cifras Definitivas
2012,11,Trolebús,Unidades en operación,14039.0,14,39,31.0,Cifras Definitivas
2012,11,Macrobús Servicio Troncal,Autobuses en operación de lunes a viernes,14039.0,14,39,39.0,Cifras Definitivas
2012,11,Macrobús Servicio Troncal,Autobuses en operación de sábado a domingo,14039.0,14,39,33.0,Cifras Definitivas
2012,11,Macrobús Servicio Troncal,Ingresos por pasaje,14039.0,14,39,15883931.0,Cifras Definitivas
2012,11,Macrobús Servicio Troncal,Kilómetros recorridos,14039.0,14,39,341199.0,Cifras Definitivas
2012,11,Macrobús Servicio Troncal,Pasajeros transportados,14039.0,14,39,1912532.0,Cifras Definitivas
2012,11,Macrobús Servicio Troncal,Pasajeros transportados con boleto pagado,14039.0,14,39,1253267.0,Cifras Definitivas
2012,11,Macrobús Servicio Troncal,Pasajeros transportados con cortesía,14039.0,14,39,,Cifras Definitivas
2012,11,Macrobús Servicio Troncal,Pasajeros transportados con descuento,14039.0,14,39,659265.0,Cifras Definitivas
2012,11,Macrobús Servicio Troncal,Rutas,14039.0,14,39,2.0,Cifras Definitivas
2012,11,Macrobús Servicio Alimentador,Autobuses en operación de lunes a viernes,14039.0,14,39,101.0,Cifras Definitivas
2012,11,Macrobús Servicio Alimentador,Autobuses en operación de sábado a domingo,14039.0,14,39,98.0,Cifras Definitivas
2012,11,Macrobús Servicio Alimentador,Ingresos por pasaje,14039.0,14,39,3243069.0,Cifras Definitivas
2012,11,Macrobús Servicio Alimentador,Kilómetros recorridos,14039.0,14,39,523073.0,Cifras Definitivas
2012,11,Macrobús Servicio Alimentador,Pasajeros transportados,14039.0,14,39,860575.0,Cifras Definitivas
2012,11,Macrobús Servicio Alimentador,Pasajeros transportados con boleto pagado,14039.0,14,39,860575.0,Cifras Definitivas
2012,11,Macrobús Servicio Alimentador,Pasajeros transportados con descuento,14039.0,14,39,,Cifras Definitivas
2012,11,Macrobús Servicio Alimentador,Rutas,14039.0,14,39,15.0,Cifras Definitivas
2012,12,Tren Eléctrico,Ingresos por pasaje,14039.0,14,39,36677999.0,Cifras Definitivas
2012,12,Tren Eléctrico,Kilómetros recorridos,14039.0,14,39,478491.0,Cifras Definitivas
2012,12,Tren Eléctrico,Longitud de servicio,14039.0,14,39,24.0,Cifras Definitivas
2012,12,Tren Eléctrico,Pasajeros transportados,14039.0,14,39,7391294.0,Cifras Definitivas
2012,12,Tren Eléctrico,Unidades en operación,14039.0,14,39,44.0,Cifras Definitivas
2012,12,Trolebús,Ingresos por pasaje,14039.0,14,39,1797000.0,Cifras Definitivas
2012,12,Trolebús,Kilómetros recorridos,14039.0,14,39,115000.0,Cifras Definitivas
2012,12,Trolebús,Lineas en servicio,14039.0,14,39,2.0,Cifras Definitivas
2012,12,Trolebús,Longitud de servicio,14039.0,14,39,39.0,Cifras Definitivas
2012,12,Trolebús,Pasajeros transportados,14039.0,14,39,347626.0,Cifras Definitivas
2012,12,Trolebús,Unidades en operación,14039.0,14,39,31.0,Cifras Definitivas
2012,12,Macrobús Servicio Troncal,Autobuses en operación de lunes a viernes,14039.0,14,39,39.0,Cifras Definitivas
2012,12,Macrobús Servicio Troncal,Autobuses en operación de sábado a domingo,14039.0,14,39,33.0,Cifras Definitivas
2012,12,Macrobús Servicio Troncal,Ingresos por pasaje,14039.0,14,39,15575588.0,Cifras Definitivas
2012,12,Macrobús Servicio Troncal,Kilómetros recorridos,14039.0,14,39,315806.0,Cifras Definitivas
2012,12,Macrobús Servicio Troncal,Pasajeros transportados,14039.0,14,39,1948341.0,Cifras Definitivas
2012,12,Macrobús Servicio Troncal,Pasajeros transportados con boleto pagado,14039.0,14,39,1450894.0,Cifras Definitivas
2012,12,Macrobús Servicio Troncal,Pasajeros transportados con cortesía,14039.0,14,39,,Cifras Definitivas
2012,12,Macrobús Servicio Troncal,Pasajeros transportados con descuento,14039.0,14,39,497447.0,Cifras Definitivas
2012,12,Macrobús Servicio Troncal,Rutas,14039.0,14,39,2.0,Cifras Definitivas
2012,12,Macrobús Servicio Alimentador,Autobuses en operación de lunes a viernes,14039.0,14,39,101.0,Cifras Definitivas
2012,12,Macrobús Servicio Alimentador,Autobuses en operación de sábado a domingo,14039.0,14,39,98.0,Cifras Definitivas
2012,12,Macrobús Servicio Alimentador,Ingresos por pasaje,14039.0,14,39,3180412.0,Cifras Definitivas
2012,12,Macrobús Servicio Alimentador,Kilómetros recorridos,14039.0,14,39,463758.0,Cifras Definitivas
2012,12,Macrobús Servicio Alimentador,Pasajeros transportados,14039.0,14,39,859581.0,Cifras Definitivas
2012,12,Macrobús Servicio Alimentador,Pasajeros transportados con boleto pagado,14039.0,14,39,859581.0,Cifras Definitivas
2012,12,Macrobús Servicio Alimentador,Pasajeros transportados con descuento,14039.0,14,39,,Cifras Definitivas
2012,12,Macrobús Servicio Alimentador,Rutas,14039.0,14,39,15.0,Cifras Definitivas
2013,1,Tren Eléctrico,Ingresos por pasaje,14039.0,14,39,30222630.0,Cifras Definitivas
2013,1,Tren Eléctrico,Kilómetros recorridos,14039.0,14,39,500208.0,Cifras Definitivas
2013,1,Tren Eléctrico,Longitud de servicio,14039.0,14,39,24.0,Cifras Definitivas
2013,1,Tren Eléctrico,Pasajeros transportados,14039.0,14,39,6754568.0,Cifras Definitivas
2013,1,Tren Eléctrico,Unidades en operación,14039.0,14,39,44.0,Cifras Definitivas
2013,1,Trolebús,Ingresos por pasaje,14039.0,14,39,1879000.0,Cifras Definitivas
2013,1,Trolebús,Kilómetros recorridos,14039.0,14,39,115000.0,Cifras Definitivas
2013,1,Trolebús,Lineas en servicio,14039.0,14,39,2.0,Cifras Definitivas
2013,1,Trolebús,Longitud de servicio,14039.0,14,39,39.0,Cifras Definitivas
2013,1,Trolebús,Pasajeros transportados,14039.0,14,39,359149.0,Cifras Definitivas
2013,1,Trolebús,Unidades en operación,14039.0,14,39,31.0,Cifras Definitivas
2013,1,Macrobús Servicio Troncal,Autobuses en operación de lunes a viernes,14039.0,14,39,39.0,Cifras Definitivas
2013,1,Macrobús Servicio Troncal,Autobuses en operación de sábado a domingo,14039.0,14,39,33.0,Cifras Definitivas
2013,1,Macrobús Servicio Troncal,Ingresos por pasaje,14039.0,14,39,14048121.0,Cifras Definitivas
2013,1,Macrobús Servicio Troncal,Kilómetros recorridos,14039.0,14,39,244233.0,Cifras Definitivas
2013,1,Macrobús Servicio Troncal,Pasajeros transportados,14039.0,14,39,2018024.0,Cifras Definitivas
2013,1,Macrobús Servicio Troncal,Pasajeros transportados con boleto pagado,14039.0,14,39,1573344.0,Cifras Definitivas
2013,1,Macrobús Servicio Troncal,Pasajeros transportados con cortesía,14039.0,14,39,,Cifras Definitivas
2013,1,Macrobús Servicio Troncal,Pasajeros transportados con descuento,14039.0,14,39,444680.0,Cifras Definitivas
2013,1,Macrobús Servicio Troncal,Rutas,14039.0,14,39,2.0,Cifras Definitivas
2013,1,Macrobús Servicio Alimentador,Autobuses en operación de lunes a viernes,14039.0,14,39,101.0,Cifras Definitivas
2013,1,Macrobús Servicio Alimentador,Autobuses en operación de sábado a domingo,14039.0,14,39,98.0,Cifras Definitivas
2013,1,Macrobús Servicio Alimentador,Ingresos por pasaje,14039.0,14,39,3498879.0,Cifras Definitivas
2013,1,Macrobús Servicio Alimentador,Kilómetros recorridos,14039.0,14,39,649457.0,Cifras Definitivas
2013,1,Macrobús Servicio Alimentador,Pasajeros transportados,14039.0,14,39,814453.0,Cifras Definitivas
2013,1,Macrobús Servicio Alimentador,Pasajeros transportados con boleto pagado,14039.0,14,39,814453.0,Cifras Definitivas
2013,1,Macrobús Servicio Alimentador,Pasajeros transportados con descuento,14039.0,14,39,,Cifras Definitivas
2013,1,Macrobús Servicio Alimentador,Rutas,14039.0,14,39,15.0,Cifras Definitivas
2013,1,Sistema Integral del Tren Ligero,Autobuses en operación de lunes a viernes,14039.0,14,39,19.0,Cifras Definitivas
2013,1,Sistema Integral del Tren Ligero,Autobuses en operación de sábado a domingo,14039.0,14,39,9.0,Cifras Definitivas
2013,1,Sistema Integral del Tren Ligero,Kilómetros recorridos,14039.0,14,39,86147.0,Cifras Definitivas
2013,1,Sistema Integral del Tren Ligero,Pasajeros transportados,14039.0,14,39,185224.0,Cifras Definitivas
2013,1,Sistema Integral del Tren Ligero,Pasajeros transportados con boleto pagado,14039.0,14,39,184110.0,Cifras Definitivas
2013,1,Sistema Integral del Tren Ligero,Pasajeros transportados con cortesía,14039.0,14,39,1114.0,Cifras Definitivas
2013,1,Sistema Integral del Tren Ligero,Rutas,14039.0,14,39,1.0,Cifras Definitivas
2013,2,Tren Eléctrico,Ingresos por pasaje,14039.0,14,39,29555280.0,Cifras Definitivas
2013,2,Tren Eléctrico,Kilómetros recorridos,14039.0,14,39,438052.0,Cifras Definitivas
2013,2,Tren Eléctrico,Longitud de servicio,14039.0,14,39,24.0,Cifras Definitivas
2013,2,Tren Eléctrico,Pasajeros transportados,14039.0,14,39,6714515.0,Cifras Definitivas
2013,2,Tren Eléctrico,Unidades en operación,14039.0,14,39,44.0,Cifras Definitivas
2013,2,Trolebús,Ingresos por pasaje,14039.0,14,39,1818000.0,Cifras Definitivas
2013,2,Trolebús,Kilómetros recorridos,14039.0,14,39,115000.0,Cifras Definitivas
2013,2,Trolebús,Lineas en servicio,14039.0,14,39,2.0,Cifras Definitivas
2013,2,Trolebús,Longitud de servicio,14039.0,14,39,39.0,Cifras Definitivas
2013,2,Trolebús,Pasajeros transportados,14039.0,14,39,350335.0,Cifras Definitivas
2013,2,Trolebús,Unidades en operación,14039.0,14,39,31.0,Cifras Definitivas
2013,2,Macrobús Servicio Troncal,Autobuses en operación de lunes a viernes,14039.0,14,39,39.0,Cifras Definitivas
2013,2,Macrobús Servicio Troncal,Autobuses en operación de sábado a domingo,14039.0,14,39,33.0,Cifras Definitivas
2013,2,Macrobús Servicio Troncal,Ingresos por pasaje,14039.0,14,39,14235005.0,Cifras Definitivas
2013,2,Macrobús Servicio Troncal,Kilómetros recorridos,14039.0,14,39,266499.0,Cifras Definitivas
2013,2,Macrobús Servicio Troncal,Pasajeros transportados,14039.0,14,39,1967551.0,Cifras Definitivas
2013,2,Macrobús Servicio Troncal,Pasajeros transportados con boleto pagado,14039.0,14,39,1364363.0,Cifras Definitivas
2013,2,Macrobús Servicio Troncal,Pasajeros transportados con cortesía,14039.0,14,39,,Cifras Definitivas
2013,2,Macrobús Servicio Troncal,Pasajeros transportados con descuento,14039.0,14,39,603188.0,Cifras Definitivas
2013,2,Macrobús Servicio Troncal,Rutas,14039.0,14,39,2.0,Cifras Definitivas
2013,2,Macrobús Servicio Alimentador,Autobuses en operación de lunes a viernes,14039.0,14,39,101.0,Cifras Definitivas
2013,2,Macrobús Servicio Alimentador,Autobuses en operación de sábado a domingo,14039.0,14,39,98.0,Cifras Definitivas
2013,2,Macrobús Servicio Alimentador,Ingresos por pasaje,14039.0,14,39,3429995.0,Cifras Definitivas
2013,2,Macrobús Servicio Alimentador,Kilómetros recorridos,14039.0,14,39,540394.0,Cifras Definitivas
2013,2,Macrobús Servicio Alimentador,Pasajeros transportados,14039.0,14,39,832220.0,Cifras Definitivas
2013,2,Macrobús Servicio Alimentador,Pasajeros transportados con boleto pagado,14039.0,14,39,832220.0,Cifras Definitivas
2013,2,Macrobús Servicio Alimentador,Pasajeros transportados con descuento,14039.0,14,39,,Cifras Definitivas
2013,2,Macrobús Servicio Alimentador,Rutas,14039.0,14,39,15.0,Cifras Definitivas
2013,2,Sistema Integral del Tren Ligero,Autobuses en operación de lunes a viernes,14039.0,14,39,19.0,Cifras Definitivas
2013,2,Sistema Integral del Tren Ligero,Autobuses en operación de sábado a domingo,14039.0,14,39,9.0,Cifras Definitivas
2013,2,Sistema Integral del Tren Ligero,Kilómetros recorridos,14039.0,14,39,74614.0,Cifras Definitivas
2013,2,Sistema Integral del Tren Ligero,Pasajeros transportados,14039.0,14,39,162055.0,Cifras Definitivas
2013,2,Sistema Integral del Tren Ligero,Pasajeros transportados con boleto pagado,14039.0,14,39,161101.0,Cifras Definitivas
2013,2,Sistema Integral del Tren Ligero,Pasajeros transportados con cortesía,14039.0,14,39,954.0,Cifras Definitivas
2013,2,Sistema Integral del Tren Ligero,Rutas,14039.0,14,39,1.0,Cifras Definitivas
2013,3,Tren Eléctrico,Ingresos por pasaje,14039.0,14,39,30762455.0,Cifras Definitivas
2013,3,Tren Eléctrico,Kilómetros recorridos,14039.0,14,39,465548.0,Cifras Definitivas
2013,3,Tren Eléctrico,Longitud de servicio,14039.0,14,39,24.0,Cifras Definitivas
2013,3,Tren Eléctrico,Pasajeros transportados,14039.0,14,39,6955146.0,Cifras Definitivas
2013,3,Tren Eléctrico,Unidades en operación,14039.0,14,39,44.0,Cifras Definitivas
2013,3,Trolebús,Ingresos por pasaje,14039.0,14,39,1715000.0,Cifras Definitivas
2013,3,Trolebús,Kilómetros recorridos,14039.0,14,39,95013.0,Cifras Definitivas
2013,3,Trolebús,Lineas en servicio,14039.0,14,39,2.0,Cifras Definitivas
2013,3,Trolebús,Longitud de servicio,14039.0,14,39,39.0,Cifras Definitivas
2013,3,Trolebús,Pasajeros transportados,14039.0,14,39,331331.0,Cifras Definitivas
2013,3,Trolebús,Unidades en operación,14039.0,14,39,30.0,Cifras Definitivas
2013,3,Macrobús Servicio Troncal,Autobuses en operación de lunes a viernes,14039.0,14,39,39.0,Cifras Definitivas
2013,3,Macrobús Servicio Troncal,Autobuses en operación de sábado a domingo,14039.0,14,39,33.0,Cifras Definitivas
2013,3,Macrobús Servicio Troncal,Ingresos por pasaje,14039.0,14,39,13343385.0,Cifras Definitivas
2013,3,Macrobús Servicio Troncal,Kilómetros recorridos,14039.0,14,39,289892.0,Cifras Definitivas
2013,3,Macrobús Servicio Troncal,Pasajeros transportados,14039.0,14,39,2002947.0,Cifras Definitivas
2013,3,Macrobús Servicio Troncal,Pasajeros transportados con boleto pagado,14039.0,14,39,1402334.0,Cifras Definitivas
2013,3,Macrobús Servicio Troncal,Pasajeros transportados con cortesía,14039.0,14,39,,Cifras Definitivas
2013,3,Macrobús Servicio Troncal,Pasajeros transportados con descuento,14039.0,14,39,600613.0,Cifras Definitivas
2013,3,Macrobús Servicio Troncal,Rutas,14039.0,14,39,2.0,Cifras Definitivas
2013,3,Macrobús Servicio Alimentador,Autobuses en operación de lunes a viernes,14039.0,14,39,101.0,Cifras Definitivas
2013,3,Macrobús Servicio Alimentador,Autobuses en operación de sábado a domingo,14039.0,14,39,98.0,Cifras Definitivas
2013,3,Macrobús Servicio Alimentador,Ingresos por pasaje,14039.0,14,39,4628615.0,Cifras Definitivas
2013,3,Macrobús Servicio Alimentador,Kilómetros recorridos,14039.0,14,39,600923.0,Cifras Definitivas
2013,3,Macrobús Servicio Alimentador,Pasajeros transportados,14039.0,14,39,922220.0,Cifras Definitivas
2013,3,Macrobús Servicio Alimentador,Pasajeros transportados con boleto pagado,14039.0,14,39,922220.0,Cifras Definitivas
2013,3,Macrobús Servicio Alimentador,Pasajeros transportados con descuento,14039.0,14,39,,Cifras Definitivas
2013,3,Macrobús Servicio Alimentador,Rutas,14039.0,14,39,15.0,Cifras Definitivas
2013,3,Sistema Integral del Tren Ligero,Autobuses en operación de lunes a viernes,14039.0,14,39,19.0,Cifras Definitivas
2013,3,Sistema Integral del Tren Ligero,Autobuses en operación de sábado a domingo,14039.0,14,39,8.0,Cifras Definitivas
2013,3,Sistema Integral del Tren Ligero,Kilómetros recorridos,14039.0,14,39,84624.0,Cifras Definitivas
2013,3,Sistema Integral del Tren Ligero,Pasajeros transportados,14039.0,14,39,173745.0,Cifras Definitivas
2013,3,Sistema Integral del Tren Ligero,Pasajeros transportados con boleto pagado,14039.0,14,39,172647.0,Cifras Definitivas
2013,3,Sistema Integral del Tren Ligero,Pasajeros transportados con cortesía,14039.0,14,39,1098.0,Cifras Definitivas
2013,3,Sistema Integral del Tren Ligero,Rutas,14039.0,14,39,1.0,Cifras Definitivas
2013,4,Tren Eléctrico,Ingresos por pasaje,14039.0,14,39,34588000.0,Cifras Definitivas
2013,4,Tren Eléctrico,Kilómetros recorridos,14039.0,14,39,478320.0,Cifras Definitivas
2013,4,Tren Eléctrico,Longitud de servicio,14039.0,14,39,24.0,Cifras Definitivas
2013,4,Tren Eléctrico,Pasajeros transportados,14039.0,14,39,7024671.0,Cifras Definitivas
2013,4,Tren Eléctrico,Unidades en operación,14039.0,14,39,44.0,Cifras Definitivas
2013,4,Trolebús,Ingresos por pasaje,14039.0,14,39,2006244.0,Cifras Definitivas
2013,4,Trolebús,Kilómetros recorridos,14039.0,14,39,95013.0,Cifras Definitivas
2013,4,Trolebús,Lineas en servicio,14039.0,14,39,2.0,Cifras Definitivas
2013,4,Trolebús,Longitud de servicio,14039.0,14,39,39.0,Cifras Definitivas
2013,4,Trolebús,Pasajeros transportados,14039.0,14,39,384680.0,Cifras Definitivas
2013,4,Trolebús,Unidades en operación,14039.0,14,39,30.0,Cifras Definitivas
2013,4,Macrobús Servicio Troncal,Autobuses en operación de lunes a viernes,14039.0,14,39,39.0,Cifras Definitivas
2013,4,Macrobús Servicio Troncal,Autobuses en operación de sábado a domingo,14039.0,14,39,33.0,Cifras Definitivas
2013,4,Macrobús Servicio Troncal,Ingresos por pasaje,14039.0,14,39,15012507.0,Cifras Definitivas
2013,4,Macrobús Servicio Troncal,Kilómetros recorridos,14039.0,14,39,288425.0,Cifras Definitivas
2013,4,Macrobús Servicio Troncal,Pasajeros transportados,14039.0,14,39,2041328.0,Cifras Definitivas
2013,4,Macrobús Servicio Troncal,Pasajeros transportados con boleto pagado,14039.0,14,39,1403345.0,Cifras Definitivas
2013,4,Macrobús Servicio Troncal,Pasajeros transportados con cortesía,14039.0,14,39,,Cifras Definitivas
2013,4,Macrobús Servicio Troncal,Pasajeros transportados con descuento,14039.0,14,39,637983.0,Cifras Definitivas
2013,4,Macrobús Servicio Troncal,Rutas,14039.0,14,39,2.0,Cifras Definitivas
2013,4,Macrobús Servicio Alimentador,Autobuses en operación de lunes a viernes,14039.0,14,39,101.0,Cifras Definitivas
2013,4,Macrobús Servicio Alimentador,Autobuses en operación de sábado a domingo,14039.0,14,39,98.0,Cifras Definitivas
2013,4,Macrobús Servicio Alimentador,Ingresos por pasaje,14039.0,14,39,3441493.0,Cifras Definitivas
2013,4,Macrobús Servicio Alimentador,Kilómetros recorridos,14039.0,14,39,593867.0,Cifras Definitivas
2013,4,Macrobús Servicio Alimentador,Pasajeros transportados,14039.0,14,39,812792.0,Cifras Definitivas
2013,4,Macrobús Servicio Alimentador,Pasajeros transportados con boleto pagado,14039.0,14,39,812792.0,Cifras Definitivas
2013,4,Macrobús Servicio Alimentador,Pasajeros transportados con descuento,14039.0,14,39,,Cifras Definitivas
2013,4,Macrobús Servicio Alimentador,Rutas,14039.0,14,39,15.0,Cifras Definitivas
2013,4,Sistema Integral del Tren Ligero,Autobuses en operación de lunes a viernes,14039.0,14,39,19.0,Cifras Definitivas
2013,4,Sistema Integral del Tren Ligero,Autobuses en operación de sábado a domingo,14039.0,14,39,8.0,Cifras Definitivas
2013,4,Sistema Integral del Tren Ligero,Kilómetros recorridos,14039.0,14,39,74330.0,Cifras Definitivas
2013,4,Sistema Integral del Tren Ligero,Pasajeros transportados,14039.0,14,39,172606.0,Cifras Definitivas
2013,4,Sistema Integral del Tren Ligero,Pasajeros transportados con boleto pagado,14039.0,14,39,171421.0,Cifras Definitivas
2013,4,Sistema Integral del Tren Ligero,Pasajeros transportados con cortesía,14039.0,14,39,1185.0,Cifras Definitivas
2013,4,Sistema Integral del Tren Ligero,Rutas,14039.0,14,39,1.0,Cifras Definitivas
2013,5,Tren Eléctrico,Ingresos por pasaje,14039.0,14,39,36568000.0,Cifras Definitivas
2013,5,Tren Eléctrico,Kilómetros recorridos,14039.0,14,39,481261.0,Cifras Definitivas
2013,5,Tren Eléctrico,Longitud de servicio,14039.0,14,39,24.0,Cifras Definitivas
2013,5,Tren Eléctrico,Pasajeros transportados,14039.0,14,39,7447907.0,Cifras Definitivas
2013,5,Tren Eléctrico,Unidades en operación,14039.0,14,39,46.0,Cifras Definitivas
2013,5,Trolebús,Ingresos por pasaje,14039.0,14,39,2061000.0,Cifras Definitivas
2013,5,Trolebús,Kilómetros recorridos,14039.0,14,39,95013.0,Cifras Definitivas
2013,5,Trolebús,Lineas en servicio,14039.0,14,39,2.0,Cifras Definitivas
2013,5,Trolebús,Longitud de servicio,14039.0,14,39,38.0,Cifras Definitivas
2013,5,Trolebús,Pasajeros transportados,14039.0,14,39,389688.0,Cifras Definitivas
2013,5,Trolebús,Unidades en operación,14039.0,14,39,30.0,Cifras Definitivas
2013,5,Macrobús Servicio Troncal,Autobuses en operación de lunes a viernes,14039.0,14,39,39.0,Cifras Definitivas
2013,5,Macrobús Servicio Troncal,Autobuses en operación de sábado a domingo,14039.0,14,39,33.0,Cifras Definitivas
2013,5,Macrobús Servicio Troncal,Ingresos por pasaje,14039.0,14,39,17790432.0,Cifras Definitivas
2013,5,Macrobús Servicio Troncal,Kilómetros recorridos,14039.0,14,39,286241.0,Cifras Definitivas
2013,5,Macrobús Servicio Troncal,Pasajeros transportados,14039.0,14,39,2185225.0,Cifras Definitivas
2013,5,Macrobús Servicio Troncal,Pasajeros transportados con boleto pagado,14039.0,14,39,1590331.0,Cifras Definitivas
2013,5,Macrobús Servicio Troncal,Pasajeros transportados con cortesía,14039.0,14,39,,Cifras Definitivas
2013,5,Macrobús Servicio Troncal,Pasajeros transportados con descuento,14039.0,14,39,594894.0,Cifras Definitivas
2013,5,Macrobús Servicio Troncal,Rutas,14039.0,14,39,2.0,Cifras Definitivas
2013,5,Macrobús Servicio Alimentador,Autobuses en operación de lunes a viernes,14039.0,14,39,101.0,Cifras Definitivas
2013,5,Macrobús Servicio Alimentador,Autobuses en operación de sábado a domingo,14039.0,14,39,98.0,Cifras Definitivas
2013,5,Macrobús Servicio Alimentador,Ingresos por pasaje,14039.0,14,39,4000568.0,Cifras Definitivas
2013,5,Macrobús Servicio Alimentador,Kilómetros recorridos,14039.0,14,39,616520.0,Cifras Definitivas
2013,5,Macrobús Servicio Alimentador,Pasajeros transportados,14039.0,14,39,908435.0,Cifras Definitivas
2013,5,Macrobús Servicio Alimentador,Pasajeros transportados con boleto pagado,14039.0,14,39,908435.0,Cifras Definitivas
2013,5,Macrobús Servicio Alimentador,Pasajeros transportados con descuento,14039.0,14,39,,Cifras Definitivas
2013,5,Macrobús Servicio Alimentador,Rutas,14039.0,14,39,15.0,Cifras Definitivas
2013,5,Sistema Integral del Tren Ligero,Autobuses en operación de lunes a viernes,14039.0,14,39,19.0,Cifras Definitivas
2013,5,Sistema Integral del Tren Ligero,Autobuses en operación de sábado a domingo,14039.0,14,39,8.0,Cifras Definitivas
2013,5,Sistema Integral del Tren Ligero,Kilómetros recorridos,14039.0,14,39,85553.0,Cifras Definitivas
2013,5,Sistema Integral del Tren Ligero,Pasajeros transportados,14039.0,14,39,186274.0,Cifras Definitivas
2013,5,Sistema Integral del Tren Ligero,Pasajeros transportados con boleto pagado,14039.0,14,39,185029.0,Cifras Definitivas
2013,5,Sistema Integral del Tren Ligero,Pasajeros transportados con cortesía,14039.0,14,39,1245.0,Cifras Definitivas
2013,5,Sistema Integral del Tren Ligero,Rutas,14039.0,14,39,1.0,Cifras Definitivas
2013,6,Tren Eléctrico,Ingresos por pasaje,14039.0,14,39,34483663.0,Cifras Definitivas
2013,6,Tren Eléctrico,Kilómetros recorridos,14039.0,14,39,476760.0,Cifras Definitivas
2013,6,Tren Eléctrico,Longitud de servicio,14039.0,14,39,24.0,Cifras Definitivas
2013,6,Tren Eléctrico,Pasajeros transportados,14039.0,14,39,7106692.0,Cifras Definitivas
2013,6,Tren Eléctrico,Unidades en operación,14039.0,14,39,46.0,Cifras Definitivas
2013,6,Trolebús,Ingresos por pasaje,14039.0,14,39,1950918.0,Cifras Definitivas
2013,6,Trolebús,Kilómetros recorridos,14039.0,14,39,95013.0,Cifras Definitivas
2013,6,Trolebús,Lineas en servicio,14039.0,14,39,2.0,Cifras Definitivas
2013,6,Trolebús,Longitud de servicio,14039.0,14,39,38.0,Cifras Definitivas
2013,6,Trolebús,Pasajeros transportados,14039.0,14,39,367661.0,Cifras Definitivas
2013,6,Trolebús,Unidades en operación,14039.0,14,39,30.0,Cifras Definitivas
2013,6,Macrobús Servicio Troncal,Autobuses en operación de lunes a viernes,14039.0,14,39,39.0,Cifras Definitivas
2013,6,Macrobús Servicio Troncal,Autobuses en operación de sábado a domingo,14039.0,14,39,33.0,Cifras Definitivas
2013,6,Macrobús Servicio Troncal,Ingresos por pasaje,14039.0,14,39,13851601.0,Cifras Definitivas
2013,6,Macrobús Servicio Troncal,Kilómetros recorridos,14039.0,14,39,269353.0,Cifras Definitivas
2013,6,Macrobús Servicio Troncal,Pasajeros transportados,14039.0,14,39,2079365.0,Cifras Definitivas
2013,6,Macrobús Servicio Troncal,Pasajeros transportados con boleto pagado,14039.0,14,39,1635890.0,Cifras Definitivas
2013,6,Macrobús Servicio Troncal,Pasajeros transportados con cortesía,14039.0,14,39,,Cifras Definitivas
2013,6,Macrobús Servicio Troncal,Pasajeros transportados con descuento,14039.0,14,39,443475.0,Cifras Definitivas
2013,6,Macrobús Servicio Troncal,Rutas,14039.0,14,39,2.0,Cifras Definitivas
2013,6,Macrobús Servicio Alimentador,Autobuses en operación de lunes a viernes,14039.0,14,39,101.0,Cifras Definitivas
2013,6,Macrobús Servicio Alimentador,Autobuses en operación de sábado a domingo,14039.0,14,39,98.0,Cifras Definitivas
2013,6,Macrobús Servicio Alimentador,Ingresos por pasaje,14039.0,14,39,3371399.0,Cifras Definitivas
2013,6,Macrobús Servicio Alimentador,Kilómetros recorridos,14039.0,14,39,587489.0,Cifras Definitivas
2013,6,Macrobús Servicio Alimentador,Pasajeros transportados,14039.0,14,39,865829.0,Cifras Definitivas
2013,6,Macrobús Servicio Alimentador,Pasajeros transportados con boleto pagado,14039.0,14,39,865829.0,Cifras Definitivas
2013,6,Macrobús Servicio Alimentador,Pasajeros transportados con descuento,14039.0,14,39,,Cifras Definitivas
2013,6,Macrobús Servicio Alimentador,Rutas,14039.0,14,39,15.0,Cifras Definitivas
2013,6,Sistema Integral del Tren Ligero,Autobuses en operación de lunes a viernes,14039.0,14,39,19.0,Cifras Definitivas
2013,6,Sistema Integral del Tren Ligero,Autobuses en operación de sábado a domingo,14039.0,14,39,8.0,Cifras Definitivas
2013,6,Sistema Integral del Tren Ligero,Kilómetros recorridos,14039.0,14,39,85708.0,Cifras Definitivas
2013,6,Sistema Integral del Tren Ligero,Pasajeros transportados,14039.0,14,39,160287.0,Cifras Definitivas
2013,6,Sistema Integral del Tren Ligero,Pasajeros transportados con boleto pagado,14039.0,14,39,159201.0,Cifras Definitivas
2013,6,Sistema Integral del Tren Ligero,Pasajeros transportados con cortesía,14039.0,14,39,1086.0,Cifras Definitivas
2013,6,Sistema Integral del Tren Ligero,Rutas,14039.0,14,39,1.0,Cifras Definitivas
2013,7,Tren Eléctrico,Ingresos por pasaje,14039.0,14,39,34605000.0,Cifras Definitivas
2013,7,Tren Eléctrico,Kilómetros recorridos,14039.0,14,39,493019.0,Cifras Definitivas
2013,7,Tren Eléctrico,Longitud de servicio,14039.0,14,39,24.0,Cifras Definitivas
2013,7,Tren Eléctrico,Pasajeros transportados,14039.0,14,39,7118162.0,Cifras Definitivas
2013,7,Tren Eléctrico,Unidades en operación,14039.0,14,39,46.0,Cifras Definitivas
2013,7,Trolebús,Ingresos por pasaje,14039.0,14,39,1978932.0,Cifras Definitivas
2013,7,Trolebús,Kilómetros recorridos,14039.0,14,39,95013.0,Cifras Definitivas
2013,7,Trolebús,Lineas en servicio,14039.0,14,39,2.0,Cifras Definitivas
2013,7,Trolebús,Longitud de servicio,14039.0,14,39,38.0,Cifras Definitivas
2013,7,Trolebús,Pasajeros transportados,14039.0,14,39,369116.0,Cifras Definitivas
2013,7,Trolebús,Unidades en operación,14039.0,14,39,37.0,Cifras Definitivas
2013,7,Macrobús Servicio Troncal,Autobuses en operación de lunes a viernes,14039.0,14,39,39.0,Cifras Definitivas
2013,7,Macrobús Servicio Troncal,Autobuses en operación de sábado a domingo,14039.0,14,39,33.0,Cifras Definitivas
2013,7,Macrobús Servicio Troncal,Ingresos por pasaje,14039.0,14,39,13233318.0,Cifras Definitivas
2013,7,Macrobús Servicio Troncal,Kilómetros recorridos,14039.0,14,39,346924.0,Cifras Definitivas
2013,7,Macrobús Servicio Troncal,Pasajeros transportados,14039.0,14,39,2549897.0,Cifras Definitivas
2013,7,Macrobús Servicio Troncal,Pasajeros transportados con boleto pagado,14039.0,14,39,2144836.0,Cifras Definitivas
2013,7,Macrobús Servicio Troncal,Pasajeros transportados con cortesía,14039.0,14,39,28274.0,Cifras Definitivas
2013,7,Macrobús Servicio Troncal,Pasajeros transportados con descuento,14039.0,14,39,376787.0,Cifras Definitivas
2013,7,Macrobús Servicio Troncal,Rutas,14039.0,14,39,2.0,Cifras Definitivas
2013,7,Macrobús Servicio Alimentador,Autobuses en operación de lunes a viernes,14039.0,14,39,101.0,Cifras Definitivas
2013,7,Macrobús Servicio Alimentador,Autobuses en operación de sábado a domingo,14039.0,14,39,98.0,Cifras Definitivas
2013,7,Macrobús Servicio Alimentador,Ingresos por pasaje,14039.0,14,39,3200682.0,Cifras Definitivas
2013,7,Macrobús Servicio Alimentador,Kilómetros recorridos,14039.0,14,39,542236.0,Cifras Definitivas
2013,7,Macrobús Servicio Alimentador,Pasajeros transportados,14039.0,14,39,844420.0,Cifras Definitivas
2013,7,Macrobús Servicio Alimentador,Pasajeros transportados con boleto pagado,14039.0,14,39,844420.0,Cifras Definitivas
2013,7,Macrobús Servicio Alimentador,Pasajeros transportados con descuento,14039.0,14,39,,Cifras Definitivas
2013,7,Macrobús Servicio Alimentador,Rutas,14039.0,14,39,15.0,Cifras Definitivas
2013,7,Sistema Integral del Tren Ligero,Autobuses en operación de lunes a viernes,14039.0,14,39,19.0,Cifras Definitivas
2013,7,Sistema Integral del Tren Ligero,Autobuses en operación de sábado a domingo,14039.0,14,39,8.0,Cifras Definitivas
2013,7,Sistema Integral del Tren Ligero,Kilómetros recorridos,14039.0,14,39,90713.0,Cifras Definitivas
2013,7,Sistema Integral del Tren Ligero,Pasajeros transportados,14039.0,14,39,178431.0,Cifras Definitivas
2013,7,Sistema Integral del Tren Ligero,Pasajeros transportados con boleto pagado,14039.0,14,39,177283.0,Cifras Definitivas
2013,7,Sistema Integral del Tren Ligero,Pasajeros transportados con cortesía,14039.0,14,39,1148.0,Cifras Definitivas
2013,7,Sistema Integral del Tren Ligero,Rutas,14039.0,14,39,1.0,Cifras Definitivas
2013,8,Tren Eléctrico,Ingresos por pasaje,14039.0,14,39,35608000.0,Cifras Definitivas
2013,8,Tren Eléctrico,Kilómetros recorridos,14039.0,14,39,492188.0,Cifras Definitivas
2013,8,Tren Eléctrico,Longitud de servicio,14039.0,14,39,24.0,Cifras Definitivas
2013,8,Tren Eléctrico,Pasajeros transportados,14039.0,14,39,7430668.0,Cifras Definitivas
2013,8,Tren Eléctrico,Unidades en operación,14039.0,14,39,46.0,Cifras Definitivas
2013,8,Trolebús,Ingresos por pasaje,14039.0,14,39,2009328.0,Cifras Definitivas
2013,8,Trolebús,Kilómetros recorridos,14039.0,14,39,95013.0,Cifras Definitivas
2013,8,Trolebús,Lineas en servicio,14039.0,14,39,2.0,Cifras Definitivas
2013,8,Trolebús,Longitud de servicio,14039.0,14,39,38.0,Cifras Definitivas
2013,8,Trolebús,Pasajeros transportados,14039.0,14,39,372984.0,Cifras Definitivas
2013,8,Trolebús,Unidades en operación,14039.0,14,39,29.0,Cifras Definitivas
2013,8,Macrobús Servicio Troncal,Autobuses en operación de lunes a viernes,14039.0,14,39,39.0,Cifras Definitivas
2013,8,Macrobús Servicio Troncal,Autobuses en operación de sábado a domingo,14039.0,14,39,33.0,Cifras Definitivas
2013,8,Macrobús Servicio Troncal,Ingresos por pasaje,14039.0,14,39,14113412.0,Cifras Definitivas
2013,8,Macrobús Servicio Troncal,Kilómetros recorridos,14039.0,14,39,281658.0,Cifras Definitivas
2013,8,Macrobús Servicio Troncal,Pasajeros transportados,14039.0,14,39,2707020.0,Cifras Definitivas
2013,8,Macrobús Servicio Troncal,Pasajeros transportados con boleto pagado,14039.0,14,39,2236878.0,Cifras Definitivas
2013,8,Macrobús Servicio Troncal,Pasajeros transportados con cortesía,14039.0,14,39,24462.0,Cifras Definitivas
2013,8,Macrobús Servicio Troncal,Pasajeros transportados con descuento,14039.0,14,39,445680.0,Cifras Definitivas
2013,8,Macrobús Servicio Troncal,Rutas,14039.0,14,39,2.0,Cifras Definitivas
2013,8,Macrobús Servicio Alimentador,Autobuses en operación de lunes a viernes,14039.0,14,39,101.0,Cifras Definitivas
2013,8,Macrobús Servicio Alimentador,Autobuses en operación de sábado a domingo,14039.0,14,39,98.0,Cifras Definitivas
2013,8,Macrobús Servicio Alimentador,Ingresos por pasaje,14039.0,14,39,3156588.0,Cifras Definitivas
2013,8,Macrobús Servicio Alimentador,Kilómetros recorridos,14039.0,14,39,495765.0,Cifras Definitivas
2013,8,Macrobús Servicio Alimentador,Pasajeros transportados,14039.0,14,39,852192.0,Cifras Definitivas
2013,8,Macrobús Servicio Alimentador,Pasajeros transportados con boleto pagado,14039.0,14,39,852192.0,Cifras Definitivas
2013,8,Macrobús Servicio Alimentador,Pasajeros transportados con descuento,14039.0,14,39,,Cifras Definitivas
2013,8,Macrobús Servicio Alimentador,Rutas,14039.0,14,39,16.0,Cifras Definitivas
2013,8,Sistema Integral del Tren Ligero,Autobuses en operación de lunes a viernes,14039.0,14,39,19.0,Cifras Definitivas
2013,8,Sistema Integral del Tren Ligero,Autobuses en operación de sábado a domingo,14039.0,14,39,8.0,Cifras Definitivas
2013,8,Sistema Integral del Tren Ligero,Kilómetros recorridos,14039.0,14,39,71776.0,Cifras Definitivas
2013,8,Sistema Integral del Tren Ligero,Pasajeros transportados,14039.0,14,39,163694.0,Cifras Definitivas
2013,8,Sistema Integral del Tren Ligero,Pasajeros transportados con boleto pagado,14039.0,14,39,162095.0,Cifras Definitivas
2013,8,Sistema Integral del Tren Ligero,Pasajeros transportados con cortesía,14039.0,14,39,1599.0,Cifras Definitivas
2013,8,Sistema Integral del Tren Ligero,Rutas,14039.0,14,39,1.0,Cifras Definitivas
2013,9,Tren Eléctrico,Ingresos por pasaje,14039.0,14,39,34442000.0,Cifras Definitivas
2013,9,Tren Eléctrico,Kilómetros recorridos,14039.0,14,39,466575.0,Cifras Definitivas
2013,9,Tren Eléctrico,Longitud de servicio,14039.0,14,39,24.0,Cifras Definitivas
2013,9,Tren Eléctrico,Pasajeros transportados,14039.0,14,39,7212867.0,Cifras Definitivas
2013,9,Tren Eléctrico,Unidades en operación,14039.0,14,39,46.0,Cifras Definitivas
2013,9,Trolebús,Ingresos por pasaje,14039.0,14,39,1763293.0,Cifras Definitivas
2013,9,Trolebús,Kilómetros recorridos,14039.0,14,39,95013.0,Cifras Definitivas
2013,9,Trolebús,Lineas en servicio,14039.0,14,39,2.0,Cifras Definitivas
2013,9,Trolebús,Longitud de servicio,14039.0,14,39,38.0,Cifras Definitivas
2013,9,Trolebús,Pasajeros transportados,14039.0,14,39,333361.0,Cifras Definitivas
2013,9,Trolebús,Unidades en operación,14039.0,14,39,29.0,Cifras Definitivas
2013,9,Macrobús Servicio Troncal,Autobuses en operación de lunes a viernes,14039.0,14,39,39.0,Cifras Definitivas
2013,9,Macrobús Servicio Troncal,Autobuses en operación de sábado a domingo,14039.0,14,39,33.0,Cifras Definitivas
2013,9,Macrobús Servicio Troncal,Ingresos por pasaje,14039.0,14,39,14717602.0,Cifras Definitivas
2013,9,Macrobús Servicio Troncal,Kilómetros recorridos,14039.0,14,39,314901.0,Cifras Definitivas
2013,9,Macrobús Servicio Troncal,Pasajeros transportados,14039.0,14,39,2671939.0,Cifras Definitivas
2013,9,Macrobús Servicio Troncal,Pasajeros transportados con boleto pagado,14039.0,14,39,2118374.0,Cifras Definitivas
2013,9,Macrobús Servicio Troncal,Pasajeros transportados con cortesía,14039.0,14,39,21912.0,Cifras Definitivas
2013,9,Macrobús Servicio Troncal,Pasajeros transportados con descuento,14039.0,14,39,531653.0,Cifras Definitivas
2013,9,Macrobús Servicio Troncal,Rutas,14039.0,14,39,2.0,Cifras Definitivas
2013,9,Macrobús Servicio Alimentador,Autobuses en operación de lunes a viernes,14039.0,14,39,101.0,Cifras Definitivas
2013,9,Macrobús Servicio Alimentador,Autobuses en operación de sábado a domingo,14039.0,14,39,98.0,Cifras Definitivas
2013,9,Macrobús Servicio Alimentador,Ingresos por pasaje,14039.0,14,39,3180398.0,Cifras Definitivas
2013,9,Macrobús Servicio Alimentador,Kilómetros recorridos,14039.0,14,39,522193.0,Cifras Definitivas
2013,9,Macrobús Servicio Alimentador,Pasajeros transportados,14039.0,14,39,849776.0,Cifras Definitivas
2013,9,Macrobús Servicio Alimentador,Pasajeros transportados con boleto pagado,14039.0,14,39,849776.0,Cifras Definitivas
2013,9,Macrobús Servicio Alimentador,Pasajeros transportados con descuento,14039.0,14,39,,Cifras Definitivas
2013,9,Macrobús Servicio Alimentador,Rutas,14039.0,14,39,15.0,Cifras Definitivas
2013,9,Sistema Integral del Tren Ligero,Autobuses en operación de lunes a viernes,14039.0,14,39,19.0,Cifras Definitivas
2013,9,Sistema Integral del Tren Ligero,Autobuses en operación de sábado a domingo,14039.0,14,39,8.0,Cifras Definitivas
2013,9,Sistema Integral del Tren Ligero,Kilómetros recorridos,14039.0,14,39,62126.0,Cifras Definitivas
2013,9,Sistema Integral del Tren Ligero,Pasajeros transportados,14039.0,14,39,135721.0,Cifras Definitivas
2013,9,Sistema Integral del Tren Ligero,Pasajeros transportados con boleto pagado,14039.0,14,39,134556.0,Cifras Definitivas
2013,9,Sistema Integral del Tren Ligero,Pasajeros transportados con cortesía,14039.0,14,39,1165.0,Cifras Definitivas
2013,9,Sistema Integral del Tren Ligero,Rutas,14039.0,14,39,1.0,Cifras Definitivas
2013,10,Tren Eléctrico,Ingresos por pasaje,14039.0,14,39,40164000.0,Cifras Definitivas
2013,10,Tren Eléctrico,Kilómetros recorridos,14039.0,14,39,517619.0,Cifras Definitivas
2013,10,Tren Eléctrico,Longitud de servicio,14039.0,14,39,24.0,Cifras Definitivas
2013,10,Tren Eléctrico,Pasajeros transportados,14039.0,14,39,8441927.0,Cifras Definitivas
2013,10,Tren Eléctrico,Unidades en operación,14039.0,14,39,46.0,Cifras Definitivas
2013,10,Trolebús,Ingresos por pasaje,14039.0,14,39,2018490.0,Cifras Definitivas
2013,10,Trolebús,Kilómetros recorridos,14039.0,14,39,95013.0,Cifras Definitivas
2013,10,Trolebús,Lineas en servicio,14039.0,14,39,2.0,Cifras Definitivas
2013,10,Trolebús,Longitud de servicio,14039.0,14,39,38.0,Cifras Definitivas
2013,10,Trolebús,Pasajeros transportados,14039.0,14,39,383636.0,Cifras Definitivas
2013,10,Trolebús,Unidades en operación,14039.0,14,39,37.0,Cifras Definitivas
2013,10,Macrobús Servicio Troncal,Autobuses en operación de lunes a viernes,14039.0,14,39,39.0,Cifras Definitivas
2013,10,Macrobús Servicio Troncal,Autobuses en operación de sábado a domingo,14039.0,14,39,33.0,Cifras Definitivas
2013,10,Macrobús Servicio Troncal,Ingresos por pasaje,14039.0,14,39,19266209.0,Cifras Definitivas
2013,10,Macrobús Servicio Troncal,Kilómetros recorridos,14039.0,14,39,355009.0,Cifras Definitivas
2013,10,Macrobús Servicio Troncal,Pasajeros transportados,14039.0,14,39,2967938.0,Cifras Definitivas
2013,10,Macrobús Servicio Troncal,Pasajeros transportados con boleto pagado,14039.0,14,39,2306335.0,Cifras Definitivas
2013,10,Macrobús Servicio Troncal,Pasajeros transportados con cortesía,14039.0,14,39,27018.0,Cifras Definitivas
2013,10,Macrobús Servicio Troncal,Pasajeros transportados con descuento,14039.0,14,39,634585.0,Cifras Definitivas
2013,10,Macrobús Servicio Troncal,Rutas,14039.0,14,39,2.0,Cifras Definitivas
2013,10,Macrobús Servicio Alimentador,Autobuses en operación de lunes a viernes,14039.0,14,39,101.0,Cifras Definitivas
2013,10,Macrobús Servicio Alimentador,Autobuses en operación de sábado a domingo,14039.0,14,39,98.0,Cifras Definitivas
2013,10,Macrobús Servicio Alimentador,Ingresos por pasaje,14039.0,14,39,3988791.0,Cifras Definitivas
2013,10,Macrobús Servicio Alimentador,Kilómetros recorridos,14039.0,14,39,543374.0,Cifras Definitivas
2013,10,Macrobús Servicio Alimentador,Pasajeros transportados,14039.0,14,39,926082.0,Cifras Definitivas
2013,10,Macrobús Servicio Alimentador,Pasajeros transportados con boleto pagado,14039.0,14,39,926082.0,Cifras Definitivas
2013,10,Macrobús Servicio Alimentador,Pasajeros transportados con descuento,14039.0,14,39,,Cifras Definitivas
2013,10,Macrobús Servicio Alimentador,Rutas,14039.0,14,39,15.0,Cifras Definitivas
2013,10,Sistema Integral del Tren Ligero,Autobuses en operación de lunes a viernes,14039.0,14,39,19.0,Cifras Definitivas
2013,10,Sistema Integral del Tren Ligero,Autobuses en operación de sábado a domingo,14039.0,14,39,8.0,Cifras Definitivas
2013,10,Sistema Integral del Tren Ligero,Kilómetros recorridos,14039.0,14,39,54025.0,Cifras Definitivas
2013,10,Sistema Integral del Tren Ligero,Pasajeros transportados,14039.0,14,39,151623.0,Cifras Definitivas
2013,10,Sistema Integral del Tren Ligero,Pasajeros transportados con boleto pagado,14039.0,14,39,150754.0,Cifras Definitivas
2013,10,Sistema Integral del Tren Ligero,Pasajeros transportados con cortesía,14039.0,14,39,869.0,Cifras Definitivas
2013,10,Sistema Integral del Tren Ligero,Rutas,14039.0,14,39,1.0,Cifras Definitivas
2013,11,Tren Eléctrico,Ingresos por pasaje,14039.0,14,39,37631297.0,Cifras Definitivas
2013,11,Tren Eléctrico,Kilómetros recorridos,14039.0,14,39,474788.0,Cifras Definitivas
2013,11,Tren Eléctrico,Longitud de servicio,14039.0,14,39,24.0,Cifras Definitivas
2013,11,Tren Eléctrico,Pasajeros transportados,14039.0,14,39,7877515.0,Cifras Definitivas
2013,11,Tren Eléctrico,Unidades en operación,14039.0,14,39,46.0,Cifras Definitivas
2013,11,Trolebús,Ingresos por pasaje,14039.0,14,39,1958046.0,Cifras Definitivas
2013,11,Trolebús,Kilómetros recorridos,14039.0,14,39,95013.0,Cifras Definitivas
2013,11,Trolebús,Lineas en servicio,14039.0,14,39,2.0,Cifras Definitivas
2013,11,Trolebús,Longitud de servicio,14039.0,14,39,38.0,Cifras Definitivas
2013,11,Trolebús,Pasajeros transportados,14039.0,14,39,371445.0,Cifras Definitivas
2013,11,Trolebús,Unidades en operación,14039.0,14,39,37.0,Cifras Definitivas
2013,11,Macrobús Servicio Troncal,Autobuses en operación de lunes a viernes,14039.0,14,39,39.0,Cifras Definitivas
2013,11,Macrobús Servicio Troncal,Autobuses en operación de sábado a domingo,14039.0,14,39,33.0,Cifras Definitivas
2013,11,Macrobús Servicio Troncal,Ingresos por pasaje,14039.0,14,39,15286010.0,Cifras Definitivas
2013,11,Macrobús Servicio Troncal,Kilómetros recorridos,14039.0,14,39,336748.0,Cifras Definitivas
2013,11,Macrobús Servicio Troncal,Pasajeros transportados,14039.0,14,39,2836137.0,Cifras Definitivas
2013,11,Macrobús Servicio Troncal,Pasajeros transportados con boleto pagado,14039.0,14,39,2193700.0,Cifras Definitivas
2013,11,Macrobús Servicio Troncal,Pasajeros transportados con cortesía,14039.0,14,39,23584.0,Cifras Definitivas
2013,11,Macrobús Servicio Troncal,Pasajeros transportados con descuento,14039.0,14,39,618853.0,Cifras Definitivas
2013,11,Macrobús Servicio Troncal,Rutas,14039.0,14,39,2.0,Cifras Definitivas
2013,11,Macrobús Servicio Alimentador,Autobuses en operación de lunes a viernes,14039.0,14,39,101.0,Cifras Definitivas
2013,11,Macrobús Servicio Alimentador,Autobuses en operación de sábado a domingo,14039.0,14,39,98.0,Cifras Definitivas
2013,11,Macrobús Servicio Alimentador,Ingresos por pasaje,14039.0,14,39,3120990.0,Cifras Definitivas
2013,11,Macrobús Servicio Alimentador,Kilómetros recorridos,14039.0,14,39,516250.0,Cifras Definitivas
2013,11,Macrobús Servicio Alimentador,Pasajeros transportados,14039.0,14,39,917592.0,Cifras Definitivas
2013,11,Macrobús Servicio Alimentador,Pasajeros transportados con boleto pagado,14039.0,14,39,917592.0,Cifras Definitivas
2013,11,Macrobús Servicio Alimentador,Pasajeros transportados con descuento,14039.0,14,39,,Cifras Definitivas
2013,11,Macrobús Servicio Alimentador,Rutas,14039.0,14,39,15.0,Cifras Definitivas
2013,11,Sistema Integral del Tren Ligero,Autobuses en operación de lunes a viernes,14039.0,14,39,19.0,Cifras Definitivas
2013,11,Sistema Integral del Tren Ligero,Autobuses en operación de sábado a domingo,14039.0,14,39,8.0,Cifras Definitivas
2013,11,Sistema Integral del Tren Ligero,Kilómetros recorridos,14039.0,14,39,82354.0,Cifras Definitivas
2013,11,Sistema Integral del Tren Ligero,Pasajeros transportados,14039.0,14,39,132911.0,Cifras Definitivas
2013,11,Sistema Integral del Tren Ligero,Pasajeros transportados con boleto pagado,14039.0,14,39,132142.0,Cifras Definitivas
2013,11,Sistema Integral del Tren Ligero,Pasajeros transportados con cortesía,14039.0,14,39,769.0,Cifras Definitivas
2013,11,Sistema Integral del Tren Ligero,Rutas,14039.0,14,39,1.0,Cifras Definitivas
2013,12,Tren Eléctrico,Ingresos por pasaje,14039.0,14,39,37033000.0,Cifras Definitivas
2013,12,Tren Eléctrico,Kilómetros recorridos,14039.0,14,39,472492.0,Cifras Definitivas
2013,12,Tren Eléctrico,Longitud de servicio,14039.0,14,39,24.0,Cifras Definitivas
2013,12,Tren Eléctrico,Pasajeros transportados,14039.0,14,39,7842193.0,Cifras Definitivas
2013,12,Tren Eléctrico,Unidades en operación,14039.0,14,39,46.0,Cifras Definitivas
2013,12,Trolebús,Ingresos por pasaje,14039.0,14,39,1682861.0,Cifras Definitivas
2013,12,Trolebús,Kilómetros recorridos,14039.0,14,39,95013.0,Cifras Definitivas
2013,12,Trolebús,Lineas en servicio,14039.0,14,39,2.0,Cifras Definitivas
2013,12,Trolebús,Longitud de servicio,14039.0,14,39,38.0,Cifras Definitivas
2013,12,Trolebús,Pasajeros transportados,14039.0,14,39,313319.0,Cifras Definitivas
2013,12,Trolebús,Unidades en operación,14039.0,14,39,37.0,Cifras Definitivas
2013,12,Macrobús Servicio Troncal,Autobuses en operación de lunes a viernes,14039.0,14,39,39.0,Cifras Definitivas
2013,12,Macrobús Servicio Troncal,Autobuses en operación de sábado a domingo,14039.0,14,39,33.0,Cifras Definitivas
2013,12,Macrobús Servicio Troncal,Ingresos por pasaje,14039.0,14,39,15283276.0,Cifras Definitivas
2013,12,Macrobús Servicio Troncal,Kilómetros recorridos,14039.0,14,39,359049.0,Cifras Definitivas
2013,12,Macrobús Servicio Troncal,Pasajeros transportados,14039.0,14,39,2636841.0,Cifras Definitivas
2013,12,Macrobús Servicio Troncal,Pasajeros transportados con boleto pagado,14039.0,14,39,2128850.0,Cifras Definitivas
2013,12,Macrobús Servicio Troncal,Pasajeros transportados con cortesía,14039.0,14,39,29250.0,Cifras Definitivas
2013,12,Macrobús Servicio Troncal,Pasajeros transportados con descuento,14039.0,14,39,478741.0,Cifras Definitivas
2013,12,Macrobús Servicio Troncal,Rutas,14039.0,14,39,2.0,Cifras Definitivas
2013,12,Macrobús Servicio Alimentador,Autobuses en operación de lunes a viernes,14039.0,14,39,101.0,Cifras Definitivas
2013,12,Macrobús Servicio Alimentador,Autobuses en operación de sábado a domingo,14039.0,14,39,98.0,Cifras Definitivas
2013,12,Macrobús Servicio Alimentador,Ingresos por pasaje,14039.0,14,39,3120724.0,Cifras Definitivas
2013,12,Macrobús Servicio Alimentador,Kilómetros recorridos,14039.0,14,39,527261.0,Cifras Definitivas
2013,12,Macrobús Servicio Alimentador,Pasajeros transportados,14039.0,14,39,898852.0,Cifras Definitivas
2013,12,Macrobús Servicio Alimentador,Pasajeros transportados con boleto pagado,14039.0,14,39,898852.0,Cifras Definitivas
2013,12,Macrobús Servicio Alimentador,Pasajeros transportados con descuento,14039.0,14,39,,Cifras Definitivas
2013,12,Macrobús Servicio Alimentador,Rutas,14039.0,14,39,15.0,Cifras Definitivas
2013,12,Sistema Integral del Tren Ligero,Autobuses en operación de lunes a viernes,14039.0,14,39,19.0,Cifras Definitivas
2013,12,Sistema Integral del Tren Ligero,Autobuses en operación de sábado a domingo,14039.0,14,39,8.0,Cifras Definitivas
2013,12,Sistema Integral del Tren Ligero,Kilómetros recorridos,14039.0,14,39,58773.0,Cifras Definitivas
2013,12,Sistema Integral del Tren Ligero,Pasajeros transportados,14039.0,14,39,122018.0,Cifras Definitivas
2013,12,Sistema Integral del Tren Ligero,Pasajeros transportados con boleto pagado,14039.0,14,39,121407.0,Cifras Definitivas
2013,12,Sistema Integral del Tren Ligero,Pasajeros transportados con cortesía,14039.0,14,39,611.0,Cifras Definitivas
2013,12,Sistema Integral del Tren Ligero,Rutas,14039.0,14,39,1.0,Cifras Definitivas
2014,1,Tren Eléctrico,Ingresos por pasaje,14039.0,14,39,32953106.0,Cifras Definitivas
2014,1,Tren Eléctrico,Kilómetros recorridos,14039.0,14,39,477263.0,Cifras Definitivas
2014,1,Tren Eléctrico,Longitud de servicio,14039.0,14,39,24.0,Cifras Definitivas
2014,1,Tren Eléctrico,Pasajeros transportados,14039.0,14,39,6978466.0,Cifras Definitivas
2014,1,Tren Eléctrico,Unidades en operación,14039.0,14,39,46.0,Cifras Definitivas
2014,1,Trolebús,Ingresos por pasaje,14039.0,14,39,2038337.0,Cifras Definitivas
2014,1,Trolebús,Kilómetros recorridos,14039.0,14,39,95013.0,Cifras Definitivas
2014,1,Trolebús,Lineas en servicio,14039.0,14,39,2.0,Cifras Definitivas
2014,1,Trolebús,Longitud de servicio,14039.0,14,39,38.0,Cifras Definitivas
2014,1,Trolebús,Pasajeros transportados,14039.0,14,39,323231.0,Cifras Definitivas
2014,1,Trolebús,Unidades en operación,14039.0,14,39,37.0,Cifras Definitivas
2014,1,Macrobús Servicio Troncal,Autobuses en operación de lunes a viernes,14039.0,14,39,39.0,Cifras Definitivas
2014,1,Macrobús Servicio Troncal,Autobuses en operación de sábado a domingo,14039.0,14,39,33.0,Cifras Definitivas
2014,1,Macrobús Servicio Troncal,Ingresos por pasaje,14039.0,14,39,18160000.0,Cifras Definitivas
2014,1,Macrobús Servicio Troncal,Kilómetros recorridos,14039.0,14,39,232236.0,Cifras Definitivas
2014,1,Macrobús Servicio Troncal,Pasajeros transportados,14039.0,14,39,2306274.0,Cifras Definitivas
2014,1,Macrobús Servicio Troncal,Pasajeros transportados con boleto pagado,14039.0,14,39,1855605.0,Cifras Definitivas
2014,1,Macrobús Servicio Troncal,Pasajeros transportados con cortesía,14039.0,14,39,21176.0,Cifras Definitivas
2014,1,Macrobús Servicio Troncal,Pasajeros transportados con descuento,14039.0,14,39,429493.0,Cifras Definitivas
2014,1,Macrobús Servicio Troncal,Rutas,14039.0,14,39,2.0,Cifras Definitivas
2014,1,Macrobús Servicio Alimentador,Autobuses en operación de lunes a viernes,14039.0,14,39,101.0,Cifras Definitivas
2014,1,Macrobús Servicio Alimentador,Autobuses en operación de sábado a domingo,14039.0,14,39,98.0,Cifras Definitivas
2014,1,Macrobús Servicio Alimentador,Ingresos por pasaje,14039.0,14,39,4523000.0,Cifras Definitivas
2014,1,Macrobús Servicio Alimentador,Kilómetros recorridos,14039.0,14,39,617554.0,Cifras Definitivas
2014,1,Macrobús Servicio Alimentador,Pasajeros transportados,14039.0,14,39,852238.0,Cifras Definitivas
2014,1,Macrobús Servicio Alimentador,Pasajeros transportados con boleto pagado,14039.0,14,39,852238.0,Cifras Definitivas
2014,1,Macrobús Servicio Alimentador,Pasajeros transportados con descuento,14039.0,14,39,,Cifras Definitivas
2014,1,Macrobús Servicio Alimentador,Rutas,14039.0,14,39,15.0,Cifras Definitivas
2014,1,Sistema Integral del Tren Ligero,Autobuses en operación de lunes a viernes,14039.0,14,39,19.0,Cifras Definitivas
2014,1,Sistema Integral del Tren Ligero,Autobuses en operación de sábado a domingo,14039.0,14,39,9.0,Cifras Definitivas
2014,1,Sistema Integral del Tren Ligero,Kilómetros recorridos,14039.0,14,39,62359.0,Cifras Definitivas
2014,1,Sistema Integral del Tren Ligero,Pasajeros transportados,14039.0,14,39,134293.0,Cifras Definitivas
2014,1,Sistema Integral del Tren Ligero,Pasajeros transportados con boleto pagado,14039.0,14,39,133417.0,Cifras Definitivas
2014,1,Sistema Integral del Tren Ligero,Pasajeros transportados con cortesía,14039.0,14,39,876.0,Cifras Definitivas
2014,1,Sistema Integral del Tren Ligero,Rutas,14039.0,14,39,1.0,Cifras Definitivas
2014,2,Tren Eléctrico,Ingresos por pasaje,14039.0,14,39,32443076.0,Cifras Definitivas
2014,2,Tren Eléctrico,Kilómetros recorridos,14039.0,14,39,477263.0,Cifras Definitivas
2014,2,Tren Eléctrico,Longitud de servicio,14039.0,14,39,24.0,Cifras Definitivas
2014,2,Tren Eléctrico,Pasajeros transportados,14039.0,14,39,6869878.0,Cifras Definitivas
2014,2,Tren Eléctrico,Unidades en operación,14039.0,14,39,46.0,Cifras Definitivas
2014,2,Trolebús,Ingresos por pasaje,14039.0,14,39,1770302.0,Cifras Definitivas
2014,2,Trolebús,Kilómetros recorridos,14039.0,14,39,95013.0,Cifras Definitivas
2014,2,Trolebús,Lineas en servicio,14039.0,14,39,2.0,Cifras Definitivas
2014,2,Trolebús,Longitud de servicio,14039.0,14,39,38.0,Cifras Definitivas
2014,2,Trolebús,Pasajeros transportados,14039.0,14,39,286284.0,Cifras Definitivas
2014,2,Trolebús,Unidades en operación,14039.0,14,39,37.0,Cifras Definitivas
2014,2,Macrobús Servicio Troncal,Autobuses en operación de lunes a viernes,14039.0,14,39,39.0,Cifras Definitivas
2014,2,Macrobús Servicio Troncal,Autobuses en operación de sábado a domingo,14039.0,14,39,33.0,Cifras Definitivas
2014,2,Macrobús Servicio Troncal,Ingresos por pasaje,14039.0,14,39,16252000.0,Cifras Definitivas
2014,2,Macrobús Servicio Troncal,Kilómetros recorridos,14039.0,14,39,251152.0,Cifras Definitivas
2014,2,Macrobús Servicio Troncal,Pasajeros transportados,14039.0,14,39,2486238.0,Cifras Definitivas
2014,2,Macrobús Servicio Troncal,Pasajeros transportados con boleto pagado,14039.0,14,39,1865142.0,Cifras Definitivas
2014,2,Macrobús Servicio Troncal,Pasajeros transportados con cortesía,14039.0,14,39,19599.0,Cifras Definitivas
2014,2,Macrobús Servicio Troncal,Pasajeros transportados con descuento,14039.0,14,39,601497.0,Cifras Definitivas
2014,2,Macrobús Servicio Troncal,Rutas,14039.0,14,39,2.0,Cifras Definitivas
2014,2,Macrobús Servicio Alimentador,Autobuses en operación de lunes a viernes,14039.0,14,39,101.0,Cifras Definitivas
2014,2,Macrobús Servicio Alimentador,Autobuses en operación de sábado a domingo,14039.0,14,39,98.0,Cifras Definitivas
2014,2,Macrobús Servicio Alimentador,Ingresos por pasaje,14039.0,14,39,3916000.0,Cifras Definitivas
2014,2,Macrobús Servicio Alimentador,Kilómetros recorridos,14039.0,14,39,509273.0,Cifras Definitivas
2014,2,Macrobús Servicio Alimentador,Pasajeros transportados,14039.0,14,39,823920.0,Cifras Definitivas
2014,2,Macrobús Servicio Alimentador,Pasajeros transportados con boleto pagado,14039.0,14,39,823920.0,Cifras Definitivas
2014,2,Macrobús Servicio Alimentador,Pasajeros transportados con descuento,14039.0,14,39,,Cifras Definitivas
2014,2,Macrobús Servicio Alimentador,Rutas,14039.0,14,39,15.0,Cifras Definitivas
2014,2,Sistema Integral del Tren Ligero,Autobuses en operación de lunes a viernes,14039.0,14,39,19.0,Cifras Definitivas
2014,2,Sistema Integral del Tren Ligero,Autobuses en operación de sábado a domingo,14039.0,14,39,9.0,Cifras Definitivas
2014,2,Sistema Integral del Tren Ligero,Kilómetros recorridos,14039.0,14,39,52090.0,Cifras Definitivas
2014,2,Sistema Integral del Tren Ligero,Pasajeros transportados,14039.0,14,39,116027.0,Cifras Definitivas
2014,2,Sistema Integral del Tren Ligero,Pasajeros transportados con boleto pagado,14039.0,14,39,115298.0,Cifras Definitivas
2014,2,Sistema Integral del Tren Ligero,Pasajeros transportados con cortesía,14039.0,14,39,729.0,Cifras Definitivas
2014,2,Sistema Integral del Tren Ligero,Rutas,14039.0,14,39,1.0,Cifras Definitivas
2014,3,Tren Eléctrico,Ingresos por pasaje,14039.0,14,39,36432177.0,Cifras Definitivas
2014,3,Tren Eléctrico,Kilómetros recorridos,14039.0,14,39,487673.0,Cifras Definitivas
2014,3,Tren Eléctrico,Longitud de servicio,14039.0,14,39,24.0,Cifras Definitivas
2014,3,Tren Eléctrico,Pasajeros transportados,14039.0,14,39,7637978.0,Cifras Definitivas
2014,3,Tren Eléctrico,Unidades en operación,14039.0,14,39,46.0,Cifras Definitivas
2014,3,Trolebús,Ingresos por pasaje,14039.0,14,39,1839164.0,Cifras Definitivas
2014,3,Trolebús,Kilómetros recorridos,14039.0,14,39,95013.0,Cifras Definitivas
2014,3,Trolebús,Lineas en servicio,14039.0,14,39,2.0,Cifras Definitivas
2014,3,Trolebús,Longitud de servicio,14039.0,14,39,38.0,Cifras Definitivas
2014,3,Trolebús,Pasajeros transportados,14039.0,14,39,329265.0,Cifras Definitivas
2014,3,Trolebús,Unidades en operación,14039.0,14,39,37.0,Cifras Definitivas
2014,3,Macrobús Servicio Troncal,Autobuses en operación de lunes a viernes,14039.0,14,39,39.0,Cifras Definitivas
2014,3,Macrobús Servicio Troncal,Autobuses en operación de sábado a domingo,14039.0,14,39,33.0,Cifras Definitivas
2014,3,Macrobús Servicio Troncal,Ingresos por pasaje,14039.0,14,39,15841000.0,Cifras Definitivas
2014,3,Macrobús Servicio Troncal,Kilómetros recorridos,14039.0,14,39,273548.0,Cifras Definitivas
2014,3,Macrobús Servicio Troncal,Pasajeros transportados,14039.0,14,39,2677371.0,Cifras Definitivas
2014,3,Macrobús Servicio Troncal,Pasajeros transportados con boleto pagado,14039.0,14,39,1980628.0,Cifras Definitivas
2014,3,Macrobús Servicio Troncal,Pasajeros transportados con cortesía,14039.0,14,39,21446.0,Cifras Definitivas
2014,3,Macrobús Servicio Troncal,Pasajeros transportados con descuento,14039.0,14,39,675297.0,Cifras Definitivas
2014,3,Macrobús Servicio Troncal,Rutas,14039.0,14,39,2.0,Cifras Definitivas
2014,3,Macrobús Servicio Alimentador,Autobuses en operación de lunes a viernes,14039.0,14,39,101.0,Cifras Definitivas
2014,3,Macrobús Servicio Alimentador,Autobuses en operación de sábado a domingo,14039.0,14,39,98.0,Cifras Definitivas
2014,3,Macrobús Servicio Alimentador,Ingresos por pasaje,14039.0,14,39,5495000.0,Cifras Definitivas
2014,3,Macrobús Servicio Alimentador,Kilómetros recorridos,14039.0,14,39,567042.0,Cifras Definitivas
2014,3,Macrobús Servicio Alimentador,Pasajeros transportados,14039.0,14,39,872485.0,Cifras Definitivas
2014,3,Macrobús Servicio Alimentador,Pasajeros transportados con boleto pagado,14039.0,14,39,872485.0,Cifras Definitivas
2014,3,Macrobús Servicio Alimentador,Pasajeros transportados con descuento,14039.0,14,39,,Cifras Definitivas
2014,3,Macrobús Servicio Alimentador,Rutas,14039.0,14,39,15.0,Cifras Definitivas
2014,3,Sistema Integral del Tren Ligero,Autobuses en operación de lunes a viernes,14039.0,14,39,19.0,Cifras Definitivas
2014,3,Sistema Integral del Tren Ligero,Autobuses en operación de sábado a domingo,14039.0,14,39,9.0,Cifras Definitivas
2014,3,Sistema Integral del Tren Ligero,Kilómetros recorridos,14039.0,14,39,53587.0,Cifras Definitivas
2014,3,Sistema Integral del Tren Ligero,Pasajeros transportados,14039.0,14,39,115023.0,Cifras Definitivas
2014,3,Sistema Integral del Tren Ligero,Pasajeros transportados con boleto pagado,14039.0,14,39,114204.0,Cifras Definitivas
2014,3,Sistema Integral del Tren Ligero,Pasajeros transportados con cortesía,14039.0,14,39,819.0,Cifras Definitivas
2014,3,Sistema Integral del Tren Ligero,Rutas,14039.0,14,39,1.0,Cifras Definitivas
2014,4,Tren Eléctrico,Ingresos por pasaje,14039.0,14,39,32600774.0,Cifras Definitivas
2014,4,Tren Eléctrico,Kilómetros recorridos,14039.0,14,39,456304.0,Cifras Definitivas
2014,4,Tren Eléctrico,Longitud de servicio,14039.0,14,39,24.0,Cifras Definitivas
2014,4,Tren Eléctrico,Pasajeros transportados,14039.0,14,39,6793558.0,Cifras Definitivas
2014,4,Tren Eléctrico,Unidades en operación,14039.0,14,39,46.0,Cifras Definitivas
2014,4,Trolebús,Ingresos por pasaje,14039.0,14,39,1429656.0,Cifras Definitivas
2014,4,Trolebús,Kilómetros recorridos,14039.0,14,39,95013.0,Cifras Definitivas
2014,4,Trolebús,Lineas en servicio,14039.0,14,39,2.0,Cifras Definitivas
2014,4,Trolebús,Longitud de servicio,14039.0,14,39,38.0,Cifras Definitivas
2014,4,Trolebús,Pasajeros transportados,14039.0,14,39,271897.0,Cifras Definitivas
2014,4,Trolebús,Unidades en operación,14039.0,14,39,37.0,Cifras Definitivas
2014,4,Macrobús Servicio Troncal,Autobuses en operación de lunes a viernes,14039.0,14,39,39.0,Cifras Definitivas
2014,4,Macrobús Servicio Troncal,Autobuses en operación de sábado a domingo,14039.0,14,39,33.0,Cifras Definitivas
2014,4,Macrobús Servicio Troncal,Ingresos por pasaje,14039.0,14,39,14705000.0,Cifras Definitivas
2014,4,Macrobús Servicio Troncal,Kilómetros recorridos,14039.0,14,39,278788.0,Cifras Definitivas
2014,4,Macrobús Servicio Troncal,Pasajeros transportados,14039.0,14,39,2320465.0,Cifras Definitivas
2014,4,Macrobús Servicio Troncal,Pasajeros transportados con boleto pagado,14039.0,14,39,1866042.0,Cifras Definitivas
2014,4,Macrobús Servicio Troncal,Pasajeros transportados con cortesía,14039.0,14,39,21895.0,Cifras Definitivas
2014,4,Macrobús Servicio Troncal,Pasajeros transportados con descuento,14039.0,14,39,432528.0,Cifras Definitivas
2014,4,Macrobús Servicio Troncal,Rutas,14039.0,14,39,2.0,Cifras Definitivas
2014,4,Macrobús Servicio Alimentador,Autobuses en operación de lunes a viernes,14039.0,14,39,101.0,Cifras Definitivas
2014,4,Macrobús Servicio Alimentador,Autobuses en operación de sábado a domingo,14039.0,14,39,98.0,Cifras Definitivas
2014,4,Macrobús Servicio Alimentador,Ingresos por pasaje,14039.0,14,39,3371000.0,Cifras Definitivas
2014,4,Macrobús Servicio Alimentador,Kilómetros recorridos,14039.0,14,39,574025.0,Cifras Definitivas
2014,4,Macrobús Servicio Alimentador,Pasajeros transportados,14039.0,14,39,777702.0,Cifras Definitivas
2014,4,Macrobús Servicio Alimentador,Pasajeros transportados con boleto pagado,14039.0,14,39,777702.0,Cifras Definitivas
2014,4,Macrobús Servicio Alimentador,Pasajeros transportados con descuento,14039.0,14,39,,Cifras Definitivas
2014,4,Macrobús Servicio Alimentador,Rutas,14039.0,14,39,15.0,Cifras Definitivas
2014,4,Sistema Integral del Tren Ligero,Autobuses en operación de lunes a viernes,14039.0,14,39,19.0,Cifras Definitivas
2014,4,Sistema Integral del Tren Ligero,Autobuses en operación de sábado a domingo,14039.0,14,39,9.0,Cifras Definitivas
2014,4,Sistema Integral del Tren Ligero,Kilómetros recorridos,14039.0,14,39,60476.0,Cifras Definitivas
2014,4,Sistema Integral del Tren Ligero,Pasajeros transportados,14039.0,14,39,115738.0,Cifras Definitivas
2014,4,Sistema Integral del Tren Ligero,Pasajeros transportados con boleto pagado,14039.0,14,39,115017.0,Cifras Definitivas
2014,4,Sistema Integral del Tren Ligero,Pasajeros transportados con cortesía,14039.0,14,39,721.0,Cifras Definitivas
2014,4,Sistema Integral del Tren Ligero,Rutas,14039.0,14,39,1.0,Cifras Definitivas
2014,5,Tren Eléctrico,Ingresos por pasaje,14039.0,14,39,37224679.0,Cifras Definitivas
2014,5,Tren Eléctrico,Kilómetros recorridos,14039.0,14,39,481310.0,Cifras Definitivas
2014,5,Tren Eléctrico,Longitud de servicio,14039.0,14,39,24.0,Cifras Definitivas
2014,5,Tren Eléctrico,Pasajeros transportados,14039.0,14,39,7774088.0,Cifras Definitivas
2014,5,Tren Eléctrico,Unidades en operación,14039.0,14,39,46.0,Cifras Definitivas
2014,5,Trolebús,Ingresos por pasaje,14039.0,14,39,1256295.0,Cifras Definitivas
2014,5,Trolebús,Kilómetros recorridos,14039.0,14,39,47506.0,Cifras Definitivas
2014,5,Trolebús,Lineas en servicio,14039.0,14,39,2.0,Cifras Definitivas
2014,5,Trolebús,Longitud de servicio,14039.0,14,39,38.0,Cifras Definitivas
2014,5,Trolebús,Pasajeros transportados,14039.0,14,39,240579.0,Cifras Definitivas
2014,5,Trolebús,Unidades en operación,14039.0,14,39,37.0,Cifras Definitivas
2014,5,Macrobús Servicio Troncal,Autobuses en operación de lunes a viernes,14039.0,14,39,39.0,Cifras Definitivas
2014,5,Macrobús Servicio Troncal,Autobuses en operación de sábado a domingo,14039.0,14,39,33.0,Cifras Definitivas
2014,5,Macrobús Servicio Troncal,Ingresos por pasaje,14039.0,14,39,20296000.0,Cifras Definitivas
2014,5,Macrobús Servicio Troncal,Kilómetros recorridos,14039.0,14,39,278664.0,Cifras Definitivas
2014,5,Macrobús Servicio Troncal,Pasajeros transportados,14039.0,14,39,2630153.0,Cifras Definitivas
2014,5,Macrobús Servicio Troncal,Pasajeros transportados con boleto pagado,14039.0,14,39,2066204.0,Cifras Definitivas
2014,5,Macrobús Servicio Troncal,Pasajeros transportados con cortesía,14039.0,14,39,23045.0,Cifras Definitivas
2014,5,Macrobús Servicio Troncal,Pasajeros transportados con descuento,14039.0,14,39,540904.0,Cifras Definitivas
2014,5,Macrobús Servicio Troncal,Rutas,14039.0,14,39,2.0,Cifras Definitivas
2014,5,Macrobús Servicio Alimentador,Autobuses en operación de lunes a viernes,14039.0,14,39,101.0,Cifras Definitivas
2014,5,Macrobús Servicio Alimentador,Autobuses en operación de sábado a domingo,14039.0,14,39,98.0,Cifras Definitivas
2014,5,Macrobús Servicio Alimentador,Ingresos por pasaje,14039.0,14,39,4564000.0,Cifras Definitivas
2014,5,Macrobús Servicio Alimentador,Kilómetros recorridos,14039.0,14,39,600200.0,Cifras Definitivas
2014,5,Macrobús Servicio Alimentador,Pasajeros transportados,14039.0,14,39,861966.0,Cifras Definitivas
2014,5,Macrobús Servicio Alimentador,Pasajeros transportados con boleto pagado,14039.0,14,39,861966.0,Cifras Definitivas
2014,5,Macrobús Servicio Alimentador,Pasajeros transportados con descuento,14039.0,14,39,,Cifras Definitivas
2014,5,Macrobús Servicio Alimentador,Rutas,14039.0,14,39,15.0,Cifras Definitivas
2014,5,Sistema Integral del Tren Ligero,Autobuses en operación de lunes a viernes,14039.0,14,39,19.0,Cifras Definitivas
2014,5,Sistema Integral del Tren Ligero,Autobuses en operación de sábado a domingo,14039.0,14,39,9.0,Cifras Definitivas
2014,5,Sistema Integral del Tren Ligero,Kilómetros recorridos,14039.0,14,39,61404.0,Cifras Definitivas
2014,5,Sistema Integral del Tren Ligero,Pasajeros transportados,14039.0,14,39,146769.0,Cifras Definitivas
2014,5,Sistema Integral del Tren Ligero,Pasajeros transportados con boleto pagado,14039.0,14,39,145892.0,Cifras Definitivas
2014,5,Sistema Integral del Tren Ligero,Pasajeros transportados con cortesía,14039.0,14,39,877.0,Cifras Definitivas
2014,5,Sistema Integral del Tren Ligero,Rutas,14039.0,14,39,1.0,Cifras Definitivas
2014,6,Tren Eléctrico,Ingresos por pasaje,14039.0,14,39,34100959.0,Cifras Definitivas
2014,6,Tren Eléctrico,Kilómetros recorridos,14039.0,14,39,473061.0,Cifras Definitivas
2014,6,Tren Eléctrico,Longitud de servicio,14039.0,14,39,24.0,Cifras Definitivas
2014,6,Tren Eléctrico,Pasajeros transportados,14039.0,14,39,7136723.0,Cifras Definitivas
2014,6,Tren Eléctrico,Unidades en operación,14039.0,14,39,46.0,Cifras Definitivas
2014,6,Trolebús,Ingresos por pasaje,14039.0,14,39,1288000.0,Cifras Definitivas
2014,6,Trolebús,Kilómetros recorridos,14039.0,14,39,38400.0,Cifras Definitivas
2014,6,Trolebús,Lineas en servicio,14039.0,14,39,2.0,Cifras Definitivas
2014,6,Trolebús,Longitud de servicio,14039.0,14,39,38.0,Cifras Definitivas
2014,6,Trolebús,Pasajeros transportados,14039.0,14,39,243581.0,Cifras Definitivas
2014,6,Trolebús,Unidades en operación,14039.0,14,39,37.0,Cifras Definitivas
2014,6,Macrobús Servicio Troncal,Autobuses en operación de lunes a viernes,14039.0,14,39,39.0,Cifras Definitivas
2014,6,Macrobús Servicio Troncal,Autobuses en operación de sábado a domingo,14039.0,14,39,33.0,Cifras Definitivas
2014,6,Macrobús Servicio Troncal,Ingresos por pasaje,14039.0,14,39,15403000.0,Cifras Definitivas
2014,6,Macrobús Servicio Troncal,Kilómetros recorridos,14039.0,14,39,257738.0,Cifras Definitivas
2014,6,Macrobús Servicio Troncal,Pasajeros transportados,14039.0,14,39,2510679.0,Cifras Definitivas
2014,6,Macrobús Servicio Troncal,Pasajeros transportados con boleto pagado,14039.0,14,39,2005073.0,Cifras Definitivas
2014,6,Macrobús Servicio Troncal,Pasajeros transportados con cortesía,14039.0,14,39,21470.0,Cifras Definitivas
2014,6,Macrobús Servicio Troncal,Pasajeros transportados con descuento,14039.0,14,39,484136.0,Cifras Definitivas
2014,6,Macrobús Servicio Troncal,Rutas,14039.0,14,39,2.0,Cifras Definitivas
2014,6,Macrobús Servicio Alimentador,Autobuses en operación de lunes a viernes,14039.0,14,39,101.0,Cifras Definitivas
2014,6,Macrobús Servicio Alimentador,Autobuses en operación de sábado a domingo,14039.0,14,39,98.0,Cifras Definitivas
2014,6,Macrobús Servicio Alimentador,Ingresos por pasaje,14039.0,14,39,3749000.0,Cifras Definitivas
2014,6,Macrobús Servicio Alimentador,Kilómetros recorridos,14039.0,14,39,562154.0,Cifras Definitivas
2014,6,Macrobús Servicio Alimentador,Pasajeros transportados,14039.0,14,39,1047461.0,Cifras Definitivas
2014,6,Macrobús Servicio Alimentador,Pasajeros transportados con boleto pagado,14039.0,14,39,1047461.0,Cifras Definitivas
2014,6,Macrobús Servicio Alimentador,Pasajeros transportados con descuento,14039.0,14,39,,Cifras Definitivas
2014,6,Macrobús Servicio Alimentador,Rutas,14039.0,14,39,15.0,Cifras Definitivas
2014,6,Sistema Integral del Tren Ligero,Autobuses en operación de lunes a viernes,14039.0,14,39,19.0,Cifras Definitivas
2014,6,Sistema Integral del Tren Ligero,Autobuses en operación de sábado a domingo,14039.0,14,39,9.0,Cifras Definitivas
2014,6,Sistema Integral del Tren Ligero,Kilómetros recorridos,14039.0,14,39,69196.0,Cifras Definitivas
2014,6,Sistema Integral del Tren Ligero,Pasajeros transportados,14039.0,14,39,138450.0,Cifras Definitivas
2014,6,Sistema Integral del Tren Ligero,Pasajeros transportados con boleto pagado,14039.0,14,39,137709.0,Cifras Definitivas
2014,6,Sistema Integral del Tren Ligero,Pasajeros transportados con cortesía,14039.0,14,39,741.0,Cifras Definitivas
2014,6,Sistema Integral del Tren Ligero,Rutas,14039.0,14,39,1.0,Cifras Definitivas
2014,7,Tren Eléctrico,Ingresos por pasaje,14039.0,14,39,34768992.0,Cifras Definitivas
2014,7,Tren Eléctrico,Kilómetros recorridos,14039.0,14,39,498188.0,Cifras Definitivas
2014,7,Tren Eléctrico,Longitud de servicio,14039.0,14,39,24.0,Cifras Definitivas
2014,7,Tren Eléctrico,Pasajeros transportados,14039.0,14,39,7285941.0,Cifras Definitivas
2014,7,Tren Eléctrico,Unidades en operación,14039.0,14,39,46.0,Cifras Definitivas
2014,7,Trolebús,Ingresos por pasaje,14039.0,14,39,1751000.0,Cifras Definitivas
2014,7,Trolebús,Kilómetros recorridos,14039.0,14,39,38400.0,Cifras Definitivas
2014,7,Trolebús,Lineas en servicio,14039.0,14,39,2.0,Cifras Definitivas
2014,7,Trolebús,Longitud de servicio,14039.0,14,39,38.0,Cifras Definitivas
2014,7,Trolebús,Pasajeros transportados,14039.0,14,39,328161.0,Cifras Definitivas
2014,7,Trolebús,Unidades en operación,14039.0,14,39,37.0,Cifras Definitivas
2014,7,Macrobús Servicio Troncal,Autobuses en operación de lunes a viernes,14039.0,14,39,39.0,Cifras Definitivas
2014,7,Macrobús Servicio Troncal,Autobuses en operación de sábado a domingo,14039.0,14,39,33.0,Cifras Definitivas
2014,7,Macrobús Servicio Troncal,Ingresos por pasaje,14039.0,14,39,18870000.0,Cifras Definitivas
2014,7,Macrobús Servicio Troncal,Kilómetros recorridos,14039.0,14,39,221608.0,Cifras Definitivas
2014,7,Macrobús Servicio Troncal,Pasajeros transportados,14039.0,14,39,2419397.0,Cifras Definitivas
2014,7,Macrobús Servicio Troncal,Pasajeros transportados con boleto pagado,14039.0,14,39,1986416.0,Cifras Definitivas
2014,7,Macrobús Servicio Troncal,Pasajeros transportados con cortesía,14039.0,14,39,23240.0,Cifras Definitivas
2014,7,Macrobús Servicio Troncal,Pasajeros transportados con descuento,14039.0,14,39,409741.0,Cifras Definitivas
2014,7,Macrobús Servicio Troncal,Rutas,14039.0,14,39,2.0,Cifras Definitivas
2014,7,Macrobús Servicio Alimentador,Autobuses en operación de lunes a viernes,14039.0,14,39,101.0,Cifras Definitivas
2014,7,Macrobús Servicio Alimentador,Autobuses en operación de sábado a domingo,14039.0,14,39,98.0,Cifras Definitivas
2014,7,Macrobús Servicio Alimentador,Ingresos por pasaje,14039.0,14,39,4564000.0,Cifras Definitivas
2014,7,Macrobús Servicio Alimentador,Kilómetros recorridos,14039.0,14,39,346369.0,Cifras Definitivas
2014,7,Macrobús Servicio Alimentador,Pasajeros transportados,14039.0,14,39,837312.0,Cifras Definitivas
2014,7,Macrobús Servicio Alimentador,Pasajeros transportados con boleto pagado,14039.0,14,39,837312.0,Cifras Definitivas
2014,7,Macrobús Servicio Alimentador,Pasajeros transportados con descuento,14039.0,14,39,,Cifras Definitivas
2014,7,Macrobús Servicio Alimentador,Rutas,14039.0,14,39,15.0,Cifras Definitivas
2014,7,Sistema Integral del Tren Ligero,Autobuses en operación de lunes a viernes,14039.0,14,39,19.0,Cifras Definitivas
2014,7,Sistema Integral del Tren Ligero,Autobuses en operación de sábado a domingo,14039.0,14,39,9.0,Cifras Definitivas
2014,7,Sistema Integral del Tren Ligero,Kilómetros recorridos,14039.0,14,39,61714.0,Cifras Definitivas
2014,7,Sistema Integral del Tren Ligero,Pasajeros transportados,14039.0,14,39,130811.0,Cifras Definitivas
2014,7,Sistema Integral del Tren Ligero,Pasajeros transportados con boleto pagado,14039.0,14,39,129995.0,Cifras Definitivas
2014,7,Sistema Integral del Tren Ligero,Pasajeros transportados con cortesía,14039.0,14,39,816.0,Cifras Definitivas
2014,7,Sistema Integral del Tren Ligero,Rutas,14039.0,14,39,1.0,Cifras Definitivas
2014,8,Tren Eléctrico,Ingresos por pasaje,14039.0,14,39,35467019.0,Cifras Definitivas
2014,8,Tren Eléctrico,Kilómetros recorridos,14039.0,14,39,482806.0,Cifras Definitivas
2014,8,Tren Eléctrico,Longitud de servicio,14039.0,14,39,24.0,Cifras Definitivas
2014,8,Tren Eléctrico,Pasajeros transportados,14039.0,14,39,7443858.0,Cifras Definitivas
2014,8,Tren Eléctrico,Unidades en operación,14039.0,14,39,46.0,Cifras Definitivas
2014,8,Trolebús,Ingresos por pasaje,14039.0,14,39,1848603.0,Cifras Definitivas
2014,8,Trolebús,Kilómetros recorridos,14039.0,14,39,38400.0,Cifras Definitivas
2014,8,Trolebús,Lineas en servicio,14039.0,14,39,2.0,Cifras Definitivas
2014,8,Trolebús,Longitud de servicio,14039.0,14,39,38.0,Cifras Definitivas
2014,8,Trolebús,Pasajeros transportados,14039.0,14,39,343000.0,Cifras Definitivas
2014,8,Trolebús,Unidades en operación,14039.0,14,39,37.0,Cifras Definitivas
2014,8,Macrobús Servicio Troncal,Autobuses en operación de lunes a viernes,14039.0,14,39,41.0,Cifras Definitivas
2014,8,Macrobús Servicio Troncal,Autobuses en operación de sábado a domingo,14039.0,14,39,33.0,Cifras Definitivas
2014,8,Macrobús Servicio Troncal,Ingresos por pasaje,14039.0,14,39,16552000.0,Cifras Definitivas
2014,8,Macrobús Servicio Troncal,Kilómetros recorridos,14039.0,14,39,289540.0,Cifras Definitivas
2014,8,Macrobús Servicio Troncal,Pasajeros transportados,14039.0,14,39,2567635.0,Cifras Definitivas
2014,8,Macrobús Servicio Troncal,Pasajeros transportados con boleto pagado,14039.0,14,39,2065277.0,Cifras Definitivas
2014,8,Macrobús Servicio Troncal,Pasajeros transportados con cortesía,14039.0,14,39,24897.0,Cifras Definitivas
2014,8,Macrobús Servicio Troncal,Pasajeros transportados con descuento,14039.0,14,39,477461.0,Cifras Definitivas
2014,8,Macrobús Servicio Troncal,Rutas,14039.0,14,39,2.0,Cifras Definitivas
2014,8,Macrobús Servicio Alimentador,Autobuses en operación de lunes a viernes,14039.0,14,39,101.0,Cifras Definitivas
2014,8,Macrobús Servicio Alimentador,Autobuses en operación de sábado a domingo,14039.0,14,39,98.0,Cifras Definitivas
2014,8,Macrobús Servicio Alimentador,Ingresos por pasaje,14039.0,14,39,3702000.0,Cifras Definitivas
2014,8,Macrobús Servicio Alimentador,Kilómetros recorridos,14039.0,14,39,509640.0,Cifras Definitivas
2014,8,Macrobús Servicio Alimentador,Pasajeros transportados,14039.0,14,39,860920.0,Cifras Definitivas
2014,8,Macrobús Servicio Alimentador,Pasajeros transportados con boleto pagado,14039.0,14,39,860920.0,Cifras Definitivas
2014,8,Macrobús Servicio Alimentador,Pasajeros transportados con descuento,14039.0,14,39,,Cifras Definitivas
2014,8,Macrobús Servicio Alimentador,Rutas,14039.0,14,39,15.0,Cifras Definitivas
2014,8,Sistema Integral del Tren Ligero,Autobuses en operación de lunes a viernes,14039.0,14,39,19.0,Cifras Definitivas
2014,8,Sistema Integral del Tren Ligero,Autobuses en operación de sábado a domingo,14039.0,14,39,9.0,Cifras Definitivas
2014,8,Sistema Integral del Tren Ligero,Kilómetros recorridos,14039.0,14,39,51575.0,Cifras Definitivas
2014,8,Sistema Integral del Tren Ligero,Pasajeros transportados,14039.0,14,39,119710.0,Cifras Definitivas
2014,8,Sistema Integral del Tren Ligero,Pasajeros transportados con boleto pagado,14039.0,14,39,118986.0,Cifras Definitivas
2014,8,Sistema Integral del Tren Ligero,Pasajeros transportados con cortesía,14039.0,14,39,724.0,Cifras Definitivas
2014,8,Sistema Integral del Tren Ligero,Rutas,14039.0,14,39,1.0,Cifras Definitivas
2014,9,Tren Eléctrico,Ingresos por pasaje,14039.0,14,39,35560279.0,Cifras Definitivas
2014,9,Tren Eléctrico,Kilómetros recorridos,14039.0,14,39,466563.0,Cifras Definitivas
2014,9,Tren Eléctrico,Longitud de servicio,14039.0,14,39,24.0,Cifras Definitivas
2014,9,Tren Eléctrico,Pasajeros transportados,14039.0,14,39,7466896.0,Cifras Definitivas
2014,9,Tren Eléctrico,Unidades en operación,14039.0,14,39,46.0,Cifras Definitivas
2014,9,Trolebús,Ingresos por pasaje,14039.0,14,39,1667000.0,Cifras Definitivas
2014,9,Trolebús,Kilómetros recorridos,14039.0,14,39,38400.0,Cifras Definitivas
2014,9,Trolebús,Lineas en servicio,14039.0,14,39,2.0,Cifras Definitivas
2014,9,Trolebús,Longitud de servicio,14039.0,14,39,38.0,Cifras Definitivas
2014,9,Trolebús,Pasajeros transportados,14039.0,14,39,319121.0,Cifras Definitivas
2014,9,Trolebús,Unidades en operación,14039.0,14,39,37.0,Cifras Definitivas
2014,9,Macrobús Servicio Troncal,Autobuses en operación de lunes a viernes,14039.0,14,39,41.0,Cifras Definitivas
2014,9,Macrobús Servicio Troncal,Autobuses en operación de sábado a domingo,14039.0,14,39,33.0,Cifras Definitivas
2014,9,Macrobús Servicio Troncal,Ingresos por pasaje,14039.0,14,39,16701000.0,Cifras Definitivas
2014,9,Macrobús Servicio Troncal,Kilómetros recorridos,14039.0,14,39,282316.0,Cifras Definitivas
2014,9,Macrobús Servicio Troncal,Pasajeros transportados,14039.0,14,39,2629137.0,Cifras Definitivas
2014,9,Macrobús Servicio Troncal,Pasajeros transportados con boleto pagado,14039.0,14,39,1937378.0,Cifras Definitivas
2014,9,Macrobús Servicio Troncal,Pasajeros transportados con cortesía,14039.0,14,39,30962.0,Cifras Definitivas
2014,9,Macrobús Servicio Troncal,Pasajeros transportados con descuento,14039.0,14,39,660797.0,Cifras Definitivas
2014,9,Macrobús Servicio Troncal,Rutas,14039.0,14,39,2.0,Cifras Definitivas
2014,9,Macrobús Servicio Alimentador,Autobuses en operación de lunes a viernes,14039.0,14,39,81.0,Cifras Definitivas
2014,9,Macrobús Servicio Alimentador,Autobuses en operación de sábado a domingo,14039.0,14,39,76.0,Cifras Definitivas
2014,9,Macrobús Servicio Alimentador,Ingresos por pasaje,14039.0,14,39,3609000.0,Cifras Definitivas
2014,9,Macrobús Servicio Alimentador,Kilómetros recorridos,14039.0,14,39,468158.0,Cifras Definitivas
2014,9,Macrobús Servicio Alimentador,Pasajeros transportados,14039.0,14,39,857038.0,Cifras Definitivas
2014,9,Macrobús Servicio Alimentador,Pasajeros transportados con boleto pagado,14039.0,14,39,857038.0,Cifras Definitivas
2014,9,Macrobús Servicio Alimentador,Pasajeros transportados con descuento,14039.0,14,39,,Cifras Definitivas
2014,9,Macrobús Servicio Alimentador,Rutas,14039.0,14,39,15.0,Cifras Definitivas
2014,9,Sistema Integral del Tren Ligero,Autobuses en operación de lunes a viernes,14039.0,14,39,19.0,Cifras Definitivas
2014,9,Sistema Integral del Tren Ligero,Autobuses en operación de sábado a domingo,14039.0,14,39,9.0,Cifras Definitivas
2014,9,Sistema Integral del Tren Ligero,Kilómetros recorridos,14039.0,14,39,56477.0,Cifras Definitivas
2014,9,Sistema Integral del Tren Ligero,Pasajeros transportados,14039.0,14,39,123592.0,Cifras Definitivas
2014,9,Sistema Integral del Tren Ligero,Pasajeros transportados con boleto pagado,14039.0,14,39,122844.0,Cifras Definitivas
2014,9,Sistema Integral del Tren Ligero,Pasajeros transportados con cortesía,14039.0,14,39,748.0,Cifras Definitivas
2014,9,Sistema Integral del Tren Ligero,Rutas,14039.0,14,39,1.0,Cifras Definitivas
2014,10,Tren Eléctrico,Ingresos por pasaje,14039.0,14,39,41161404.0,Cifras Definitivas
2014,10,Tren Eléctrico,Kilómetros recorridos,14039.0,14,39,519973.0,Cifras Definitivas
2014,10,Tren Eléctrico,Longitud de servicio,14039.0,14,39,24.0,Cifras Definitivas
2014,10,Tren Eléctrico,Pasajeros transportados,14039.0,14,39,8645054.0,Cifras Definitivas
2014,10,Tren Eléctrico,Unidades en operación,14039.0,14,39,46.0,Cifras Definitivas
2014,10,Trolebús,Ingresos por pasaje,14039.0,14,39,1852950.0,Cifras Definitivas
2014,10,Trolebús,Kilómetros recorridos,14039.0,14,39,38400.0,Cifras Definitivas
2014,10,Trolebús,Lineas en servicio,14039.0,14,39,2.0,Cifras Definitivas
2014,10,Trolebús,Longitud de servicio,14039.0,14,39,38.0,Cifras Definitivas
2014,10,Trolebús,Pasajeros transportados,14039.0,14,39,356466.0,Cifras Definitivas
2014,10,Trolebús,Unidades en operación,14039.0,14,39,37.0,Cifras Definitivas
2014,10,Macrobús Servicio Troncal,Autobuses en operación de lunes a viernes,14039.0,14,39,41.0,Cifras Definitivas
2014,10,Macrobús Servicio Troncal,Autobuses en operación de sábado a domingo,14039.0,14,39,33.0,Cifras Definitivas
2014,10,Macrobús Servicio Troncal,Ingresos por pasaje,14039.0,14,39,21576000.0,Cifras Definitivas
2014,10,Macrobús Servicio Troncal,Kilómetros recorridos,14039.0,14,39,312368.0,Cifras Definitivas
2014,10,Macrobús Servicio Troncal,Pasajeros transportados,14039.0,14,39,2859128.0,Cifras Definitivas
2014,10,Macrobús Servicio Troncal,Pasajeros transportados con boleto pagado,14039.0,14,39,2054781.0,Cifras Definitivas
2014,10,Macrobús Servicio Troncal,Pasajeros transportados con cortesía,14039.0,14,39,23135.0,Cifras Definitivas
2014,10,Macrobús Servicio Troncal,Pasajeros transportados con descuento,14039.0,14,39,781212.0,Cifras Definitivas
2014,10,Macrobús Servicio Troncal,Rutas,14039.0,14,39,2.0,Cifras Definitivas
2014,10,Macrobús Servicio Alimentador,Autobuses en operación de lunes a viernes,14039.0,14,39,81.0,Cifras Definitivas
2014,10,Macrobús Servicio Alimentador,Autobuses en operación de sábado a domingo,14039.0,14,39,76.0,Cifras Definitivas
2014,10,Macrobús Servicio Alimentador,Ingresos por pasaje,14039.0,14,39,4467000.0,Cifras Definitivas
2014,10,Macrobús Servicio Alimentador,Kilómetros recorridos,14039.0,14,39,478108.0,Cifras Definitivas
2014,10,Macrobús Servicio Alimentador,Pasajeros transportados,14039.0,14,39,898241.0,Cifras Definitivas
2014,10,Macrobús Servicio Alimentador,Pasajeros transportados con boleto pagado,14039.0,14,39,898241.0,Cifras Definitivas
2014,10,Macrobús Servicio Alimentador,Pasajeros transportados con descuento,14039.0,14,39,,Cifras Definitivas
2014,10,Macrobús Servicio Alimentador,Rutas,14039.0,14,39,15.0,Cifras Definitivas
2014,10,Sistema Integral del Tren Ligero,Autobuses en operación de lunes a viernes,14039.0,14,39,19.0,Cifras Definitivas
2014,10,Sistema Integral del Tren Ligero,Autobuses en operación de sábado a domingo,14039.0,14,39,9.0,Cifras Definitivas
2014,10,Sistema Integral del Tren Ligero,Kilómetros recorridos,14039.0,14,39,51032.0,Cifras Definitivas
2014,10,Sistema Integral del Tren Ligero,Pasajeros transportados,14039.0,14,39,126426.0,Cifras Definitivas
2014,10,Sistema Integral del Tren Ligero,Pasajeros transportados con boleto pagado,14039.0,14,39,125104.0,Cifras Definitivas
2014,10,Sistema Integral del Tren Ligero,Pasajeros transportados con cortesía,14039.0,14,39,1322.0,Cifras Definitivas
2014,10,Sistema Integral del Tren Ligero,Rutas,14039.0,14,39,1.0,Cifras Definitivas
2014,11,Tren Eléctrico,Ingresos por pasaje,14039.0,14,39,35993114.0,Cifras Definitivas
2014,11,Tren Eléctrico,Kilómetros recorridos,14039.0,14,39,467944.0,Cifras Definitivas
2014,11,Tren Eléctrico,Longitud de servicio,14039.0,14,39,24.0,Cifras Definitivas
2014,11,Tren Eléctrico,Pasajeros transportados,14039.0,14,39,7559090.0,Cifras Definitivas
2014,11,Tren Eléctrico,Unidades en operación,14039.0,14,39,46.0,Cifras Definitivas
2014,11,Trolebús,Ingresos por pasaje,14039.0,14,39,1560000.0,Cifras Definitivas
2014,11,Trolebús,Kilómetros recorridos,14039.0,14,39,38400.0,Cifras Definitivas
2014,11,Trolebús,Lineas en servicio,14039.0,14,39,2.0,Cifras Definitivas
2014,11,Trolebús,Longitud de servicio,14039.0,14,39,38.0,Cifras Definitivas
2014,11,Trolebús,Pasajeros transportados,14039.0,14,39,297726.0,Cifras Definitivas
2014,11,Trolebús,Unidades en operación,14039.0,14,39,37.0,Cifras Definitivas
2014,11,Macrobús Servicio Troncal,Autobuses en operación de lunes a viernes,14039.0,14,39,41.0,Cifras Definitivas
2014,11,Macrobús Servicio Troncal,Autobuses en operación de sábado a domingo,14039.0,14,39,33.0,Cifras Definitivas
2014,11,Macrobús Servicio Troncal,Ingresos por pasaje,14039.0,14,39,17206000.0,Cifras Definitivas
2014,11,Macrobús Servicio Troncal,Kilómetros recorridos,14039.0,14,39,286966.0,Cifras Definitivas
2014,11,Macrobús Servicio Troncal,Pasajeros transportados,14039.0,14,39,2675332.0,Cifras Definitivas
2014,11,Macrobús Servicio Troncal,Pasajeros transportados con boleto pagado,14039.0,14,39,1937105.0,Cifras Definitivas
2014,11,Macrobús Servicio Troncal,Pasajeros transportados con cortesía,14039.0,14,39,26598.0,Cifras Definitivas
2014,11,Macrobús Servicio Troncal,Pasajeros transportados con descuento,14039.0,14,39,711629.0,Cifras Definitivas
2014,11,Macrobús Servicio Troncal,Rutas,14039.0,14,39,2.0,Cifras Definitivas
2014,11,Macrobús Servicio Alimentador,Autobuses en operación de lunes a viernes,14039.0,14,39,81.0,Cifras Definitivas
2014,11,Macrobús Servicio Alimentador,Autobuses en operación de sábado a domingo,14039.0,14,39,76.0,Cifras Definitivas
2014,11,Macrobús Servicio Alimentador,Ingresos por pasaje,14039.0,14,39,3513000.0,Cifras Definitivas
2014,11,Macrobús Servicio Alimentador,Kilómetros recorridos,14039.0,14,39,439931.0,Cifras Definitivas
2014,11,Macrobús Servicio Alimentador,Pasajeros transportados,14039.0,14,39,839470.0,Cifras Definitivas
2014,11,Macrobús Servicio Alimentador,Pasajeros transportados con boleto pagado,14039.0,14,39,839470.0,Cifras Definitivas
2014,11,Macrobús Servicio Alimentador,Pasajeros transportados con descuento,14039.0,14,39,,Cifras Definitivas
2014,11,Macrobús Servicio Alimentador,Rutas,14039.0,14,39,15.0,Cifras Definitivas
2014,11,Sistema Integral del Tren Ligero,Autobuses en operación de lunes a viernes,14039.0,14,39,19.0,Cifras Definitivas
2014,11,Sistema Integral del Tren Ligero,Autobuses en operación de sábado a domingo,14039.0,14,39,9.0,Cifras Definitivas
2014,11,Sistema Integral del Tren Ligero,Kilómetros recorridos,14039.0,14,39,49742.0,Cifras Definitivas
2014,11,Sistema Integral del Tren Ligero,Pasajeros transportados,14039.0,14,39,122723.0,Cifras Definitivas
2014,11,Sistema Integral del Tren Ligero,Pasajeros transportados con boleto pagado,14039.0,14,39,121534.0,Cifras Definitivas
2014,11,Sistema Integral del Tren Ligero,Pasajeros transportados con cortesía,14039.0,14,39,1189.0,Cifras Definitivas
2014,11,Sistema Integral del Tren Ligero,Rutas,14039.0,14,39,1.0,Cifras Definitivas
2014,12,Tren Eléctrico,Ingresos por pasaje,14039.0,14,39,36430635.0,Cifras Definitivas
2014,12,Tren Eléctrico,Kilómetros recorridos,14039.0,14,39,492274.0,Cifras Definitivas
2014,12,Tren Eléctrico,Longitud de servicio,14039.0,14,39,24.0,Cifras Definitivas
2014,12,Tren Eléctrico,Pasajeros transportados,14039.0,14,39,7652589.0,Cifras Definitivas
2014,12,Tren Eléctrico,Unidades en operación,14039.0,14,39,46.0,Cifras Definitivas
2014,12,Trolebús,Ingresos por pasaje,14039.0,14,39,1675875.0,Cifras Definitivas
2014,12,Trolebús,Kilómetros recorridos,14039.0,14,39,38400.0,Cifras Definitivas
2014,12,Trolebús,Lineas en servicio,14039.0,14,39,2.0,Cifras Definitivas
2014,12,Trolebús,Longitud de servicio,14039.0,14,39,38.0,Cifras Definitivas
2014,12,Trolebús,Pasajeros transportados,14039.0,14,39,339339.0,Cifras Definitivas
2014,12,Trolebús,Unidades en operación,14039.0,14,39,37.0,Cifras Definitivas
2014,12,Macrobús Servicio Troncal,Autobuses en operación de lunes a viernes,14039.0,14,39,41.0,Cifras Definitivas
2014,12,Macrobús Servicio Troncal,Autobuses en operación de sábado a domingo,14039.0,14,39,33.0,Cifras Definitivas
2014,12,Macrobús Servicio Troncal,Ingresos por pasaje,14039.0,14,39,17366000.0,Cifras Definitivas
2014,12,Macrobús Servicio Troncal,Kilómetros recorridos,14039.0,14,39,296288.0,Cifras Definitivas
2014,12,Macrobús Servicio Troncal,Pasajeros transportados,14039.0,14,39,2733913.0,Cifras Definitivas
2014,12,Macrobús Servicio Troncal,Pasajeros transportados con boleto pagado,14039.0,14,39,2147306.0,Cifras Definitivas
2014,12,Macrobús Servicio Troncal,Pasajeros transportados con cortesía,14039.0,14,39,27248.0,Cifras Definitivas
2014,12,Macrobús Servicio Troncal,Pasajeros transportados con descuento,14039.0,14,39,559359.0,Cifras Definitivas
2014,12,Macrobús Servicio Troncal,Rutas,14039.0,14,39,2.0,Cifras Definitivas
2014,12,Macrobús Servicio Alimentador,Autobuses en operación de lunes a viernes,14039.0,14,39,81.0,Cifras Definitivas
2014,12,Macrobús Servicio Alimentador,Autobuses en operación de sábado a domingo,14039.0,14,39,76.0,Cifras Definitivas
2014,12,Macrobús Servicio Alimentador,Ingresos por pasaje,14039.0,14,39,3546000.0,Cifras Definitivas
2014,12,Macrobús Servicio Alimentador,Kilómetros recorridos,14039.0,14,39,435097.0,Cifras Definitivas
2014,12,Macrobús Servicio Alimentador,Pasajeros transportados,14039.0,14,39,853671.0,Cifras Definitivas
2014,12,Macrobús Servicio Alimentador,Pasajeros transportados con boleto pagado,14039.0,14,39,853671.0,Cifras Definitivas
2014,12,Macrobús Servicio Alimentador,Pasajeros transportados con descuento,14039.0,14,39,,Cifras Definitivas
2014,12,Macrobús Servicio Alimentador,Rutas,14039.0,14,39,15.0,Cifras Definitivas
2014,12,Sistema Integral del Tren Ligero,Autobuses en operación de lunes a viernes,14039.0,14,39,19.0,Cifras Definitivas
2014,12,Sistema Integral del Tren Ligero,Autobuses en operación de sábado a domingo,14039.0,14,39,9.0,Cifras Definitivas
2014,12,Sistema Integral del Tren Ligero,Kilómetros recorridos,14039.0,14,39,49407.0,Cifras Definitivas
2014,12,Sistema Integral del Tren Ligero,Pasajeros transportados,14039.0,14,39,122614.0,Cifras Definitivas
2014,12,Sistema Integral del Tren Ligero,Pasajeros transportados con boleto pagado,14039.0,14,39,121534.0,Cifras Definitivas
2014,12,Sistema Integral del Tren Ligero,Pasajeros transportados con cortesía,14039.0,14,39,1080.0,Cifras Definitivas
2014,12,Sistema Integral del Tren Ligero,Rutas,14039.0,14,39,1.0,Cifras Definitivas
2015,1,Tren Eléctrico,Ingresos por pasaje,14039.0,14,39,35421173.0,Cifras Definitivas
2015,1,Tren Eléctrico,Kilómetros recorridos,14039.0,14,39,484397.0,Cifras Definitivas
2015,1,Tren Eléctrico,Longitud de servicio,14039.0,14,39,24.0,Cifras Definitivas
2015,1,Tren Eléctrico,Pasajeros transportados,14039.0,14,39,7436433.0,Cifras Definitivas
2015,1,Tren Eléctrico,Unidades en operación,14039.0,14,39,44.0,Cifras Definitivas
2015,1,Trolebús,Ingresos por pasaje,14039.0,14,39,1815000.0,Cifras Definitivas
2015,1,Trolebús,Kilómetros recorridos,14039.0,14,39,38400.0,Cifras Definitivas
2015,1,Trolebús,Lineas en servicio,14039.0,14,39,2.0,Cifras Definitivas
2015,1,Trolebús,Longitud de servicio,14039.0,14,39,38.0,Cifras Definitivas
2015,1,Trolebús,Pasajeros transportados,14039.0,14,39,334053.0,Cifras Definitivas
2015,1,Trolebús,Unidades en operación,14039.0,14,39,37.0,Cifras Definitivas
2015,1,Macrobús Servicio Troncal,Autobuses en operación de lunes a viernes,14039.0,14,39,39.0,Cifras Definitivas
2015,1,Macrobús Servicio Troncal,Autobuses en operación de sábado a domingo,14039.0,14,39,33.0,Cifras Definitivas
2015,1,Macrobús Servicio Troncal,Ingresos por pasaje,14039.0,14,39,19785000.0,Cifras Definitivas
2015,1,Macrobús Servicio Troncal,Kilómetros recorridos,14039.0,14,39,287946.0,Cifras Definitivas
2015,1,Macrobús Servicio Troncal,Pasajeros transportados,14039.0,14,39,2643458.0,Cifras Definitivas
2015,1,Macrobús Servicio Troncal,Pasajeros transportados con boleto pagado,14039.0,14,39,2028802.0,Cifras Definitivas
2015,1,Macrobús Servicio Troncal,Pasajeros transportados con cortesía,14039.0,14,39,32580.0,Cifras Definitivas
2015,1,Macrobús Servicio Troncal,Pasajeros transportados con descuento,14039.0,14,39,582076.0,Cifras Definitivas
2015,1,Macrobús Servicio Troncal,Rutas,14039.0,14,39,2.0,Cifras Definitivas
2015,1,Macrobús Servicio Alimentador,Autobuses en operación de lunes a viernes,14039.0,14,39,81.0,Cifras Definitivas
2015,1,Macrobús Servicio Alimentador,Autobuses en operación de sábado a domingo,14039.0,14,39,76.0,Cifras Definitivas
2015,1,Macrobús Servicio Alimentador,Ingresos por pasaje,14039.0,14,39,4210000.0,Cifras Definitivas
2015,1,Macrobús Servicio Alimentador,Kilómetros recorridos,14039.0,14,39,435126.0,Cifras Definitivas
2015,1,Macrobús Servicio Alimentador,Pasajeros transportados,14039.0,14,39,816352.0,Cifras Definitivas
2015,1,Macrobús Servicio Alimentador,Pasajeros transportados con boleto pagado,14039.0,14,39,816352.0,Cifras Definitivas
2015,1,Macrobús Servicio Alimentador,Pasajeros transportados con descuento,14039.0,14,39,,Cifras Definitivas
2015,1,Macrobús Servicio Alimentador,Rutas,14039.0,14,39,15.0,Cifras Definitivas
2015,1,Sistema Integral del Tren Ligero,Autobuses en operación de lunes a viernes,14039.0,14,39,19.0,Cifras Definitivas
2015,1,Sistema Integral del Tren Ligero,Autobuses en operación de sábado a domingo,14039.0,14,39,9.0,Cifras Definitivas
2015,1,Sistema Integral del Tren Ligero,Kilómetros recorridos,14039.0,14,39,38683.0,Cifras Definitivas
2015,1,Sistema Integral del Tren Ligero,Pasajeros transportados,14039.0,14,39,120942.0,Cifras Definitivas
2015,1,Sistema Integral del Tren Ligero,Pasajeros transportados con boleto pagado,14039.0,14,39,118983.0,Cifras Definitivas
2015,1,Sistema Integral del Tren Ligero,Pasajeros transportados con cortesía,14039.0,14,39,1959.0,Cifras Definitivas
2015,1,Sistema Integral del Tren Ligero,Rutas,14039.0,14,39,1.0,Cifras Definitivas
2015,2,Tren Eléctrico,Ingresos por pasaje,14039.0,14,39,34506573.0,Cifras Definitivas
2015,2,Tren Eléctrico,Kilómetros recorridos,14039.0,14,39,437742.0,Cifras Definitivas
2015,2,Tren Eléctrico,Longitud de servicio,14039.0,14,39,24.0,Cifras Definitivas
2015,2,Tren Eléctrico,Pasajeros transportados,14039.0,14,39,7243720.0,Cifras Definitivas
2015,2,Tren Eléctrico,Unidades en operación,14039.0,14,39,44.0,Cifras Definitivas
2015,2,Trolebús,Ingresos por pasaje,14039.0,14,39,1758000.0,Cifras Definitivas
2015,2,Trolebús,Kilómetros recorridos,14039.0,14,39,38400.0,Cifras Definitivas
2015,2,Trolebús,Lineas en servicio,14039.0,14,39,2.0,Cifras Definitivas
2015,2,Trolebús,Longitud de servicio,14039.0,14,39,38.0,Cifras Definitivas
2015,2,Trolebús,Pasajeros transportados,14039.0,14,39,329012.0,Cifras Definitivas
2015,2,Trolebús,Unidades en operación,14039.0,14,39,20.0,Cifras Definitivas
2015,2,Macrobús Servicio Troncal,Autobuses en operación de lunes a viernes,14039.0,14,39,39.0,Cifras Definitivas
2015,2,Macrobús Servicio Troncal,Autobuses en operación de sábado a domingo,14039.0,14,39,33.0,Cifras Definitivas
2015,2,Macrobús Servicio Troncal,Ingresos por pasaje,14039.0,14,39,17432000.0,Cifras Definitivas
2015,2,Macrobús Servicio Troncal,Kilómetros recorridos,14039.0,14,39,269916.0,Cifras Definitivas
2015,2,Macrobús Servicio Troncal,Pasajeros transportados,14039.0,14,39,2082633.0,Cifras Definitivas
2015,2,Macrobús Servicio Troncal,Pasajeros transportados con boleto pagado,14039.0,14,39,1528345.0,Cifras Definitivas
2015,2,Macrobús Servicio Troncal,Pasajeros transportados con cortesía,14039.0,14,39,23296.0,Cifras Definitivas
2015,2,Macrobús Servicio Troncal,Pasajeros transportados con descuento,14039.0,14,39,530992.0,Cifras Definitivas
2015,2,Macrobús Servicio Troncal,Rutas,14039.0,14,39,2.0,Cifras Definitivas
2015,2,Macrobús Servicio Alimentador,Autobuses en operación de lunes a viernes,14039.0,14,39,81.0,Cifras Definitivas
2015,2,Macrobús Servicio Alimentador,Autobuses en operación de sábado a domingo,14039.0,14,39,76.0,Cifras Definitivas
2015,2,Macrobús Servicio Alimentador,Ingresos por pasaje,14039.0,14,39,3708000.0,Cifras Definitivas
2015,2,Macrobús Servicio Alimentador,Kilómetros recorridos,14039.0,14,39,377399.0,Cifras Definitivas
2015,2,Macrobús Servicio Alimentador,Pasajeros transportados,14039.0,14,39,675386.0,Cifras Definitivas
2015,2,Macrobús Servicio Alimentador,Pasajeros transportados con boleto pagado,14039.0,14,39,543616.0,Cifras Definitivas
2015,2,Macrobús Servicio Alimentador,Pasajeros transportados con descuento,14039.0,14,39,131770.0,Cifras Definitivas
2015,2,Macrobús Servicio Alimentador,Rutas,14039.0,14,39,15.0,Cifras Definitivas
2015,2,Sistema Integral del Tren Ligero,Autobuses en operación de lunes a viernes,14039.0,14,39,36.0,Cifras Definitivas
2015,2,Sistema Integral del Tren Ligero,Autobuses en operación de sábado a domingo,14039.0,14,39,21.0,Cifras Definitivas
2015,2,Sistema Integral del Tren Ligero,Kilómetros recorridos,14039.0,14,39,121961.0,Cifras Definitivas
2015,2,Sistema Integral del Tren Ligero,Pasajeros transportados,14039.0,14,39,198018.0,Cifras Definitivas
2015,2,Sistema Integral del Tren Ligero,Pasajeros transportados con boleto pagado,14039.0,14,39,195705.0,Cifras Definitivas
2015,2,Sistema Integral del Tren Ligero,Pasajeros transportados con cortesía,14039.0,14,39,2313.0,Cifras Definitivas
2015,2,Sistema Integral del Tren Ligero,Rutas,14039.0,14,39,2.0,Cifras Definitivas
2015,3,Tren Eléctrico,Ingresos por pasaje,14039.0,14,39,37618719.0,Cifras Definitivas
2015,3,Tren Eléctrico,Kilómetros recorridos,14039.0,14,39,485410.0,Cifras Definitivas
2015,3,Tren Eléctrico,Longitud de servicio,14039.0,14,39,24.0,Cifras Definitivas
2015,3,Tren Eléctrico,Pasajeros transportados,14039.0,14,39,7885773.0,Cifras Definitivas
2015,3,Tren Eléctrico,Unidades en operación,14039.0,14,39,44.0,Cifras Definitivas
2015,3,Trolebús,Ingresos por pasaje,14039.0,14,39,2036000.0,Cifras Definitivas
2015,3,Trolebús,Kilómetros recorridos,14039.0,14,39,38400.0,Cifras Definitivas
2015,3,Trolebús,Lineas en servicio,14039.0,14,39,2.0,Cifras Definitivas
2015,3,Trolebús,Longitud de servicio,14039.0,14,39,38.0,Cifras Definitivas
2015,3,Trolebús,Pasajeros transportados,14039.0,14,39,365235.0,Cifras Definitivas
2015,3,Trolebús,Unidades en operación,14039.0,14,39,20.0,Cifras Definitivas
2015,3,Macrobús Servicio Troncal,Autobuses en operación de lunes a viernes,14039.0,14,39,39.0,Cifras Definitivas
2015,3,Macrobús Servicio Troncal,Autobuses en operación de sábado a domingo,14039.0,14,39,33.0,Cifras Definitivas
2015,3,Macrobús Servicio Troncal,Ingresos por pasaje,14039.0,14,39,17441000.0,Cifras Definitivas
2015,3,Macrobús Servicio Troncal,Kilómetros recorridos,14039.0,14,39,296924.0,Cifras Definitivas
2015,3,Macrobús Servicio Troncal,Pasajeros transportados,14039.0,14,39,2800798.0,Cifras Definitivas
2015,3,Macrobús Servicio Troncal,Pasajeros transportados con boleto pagado,14039.0,14,39,2183375.0,Cifras Definitivas
2015,3,Macrobús Servicio Troncal,Pasajeros transportados con cortesía,14039.0,14,39,32887.0,Cifras Definitivas
2015,3,Macrobús Servicio Troncal,Pasajeros transportados con descuento,14039.0,14,39,584536.0,Cifras Definitivas
2015,3,Macrobús Servicio Troncal,Rutas,14039.0,14,39,2.0,Cifras Definitivas
2015,3,Macrobús Servicio Alimentador,Autobuses en operación de lunes a viernes,14039.0,14,39,81.0,Cifras Definitivas
2015,3,Macrobús Servicio Alimentador,Autobuses en operación de sábado a domingo,14039.0,14,39,76.0,Cifras Definitivas
2015,3,Macrobús Servicio Alimentador,Ingresos por pasaje,14039.0,14,39,3572000.0,Cifras Definitivas
2015,3,Macrobús Servicio Alimentador,Kilómetros recorridos,14039.0,14,39,385347.0,Cifras Definitivas
2015,3,Macrobús Servicio Alimentador,Pasajeros transportados,14039.0,14,39,873673.0,Cifras Definitivas
2015,3,Macrobús Servicio Alimentador,Pasajeros transportados con boleto pagado,14039.0,14,39,725910.0,Cifras Definitivas
2015,3,Macrobús Servicio Alimentador,Pasajeros transportados con descuento,14039.0,14,39,147763.0,Cifras Definitivas
2015,3,Macrobús Servicio Alimentador,Rutas,14039.0,14,39,15.0,Cifras Definitivas
2015,3,Sistema Integral del Tren Ligero,Autobuses en operación de lunes a viernes,14039.0,14,39,36.0,Cifras Definitivas
2015,3,Sistema Integral del Tren Ligero,Autobuses en operación de sábado a domingo,14039.0,14,39,21.0,Cifras Definitivas
2015,3,Sistema Integral del Tren Ligero,Kilómetros recorridos,14039.0,14,39,143563.0,Cifras Definitivas
2015,3,Sistema Integral del Tren Ligero,Pasajeros transportados,14039.0,14,39,248054.0,Cifras Definitivas
2015,3,Sistema Integral del Tren Ligero,Pasajeros transportados con boleto pagado,14039.0,14,39,245355.0,Cifras Definitivas
2015,3,Sistema Integral del Tren Ligero,Pasajeros transportados con cortesía,14039.0,14,39,2699.0,Cifras Definitivas
2015,3,Sistema Integral del Tren Ligero,Rutas,14039.0,14,39,2.0,Cifras Definitivas
2015,4,Tren Eléctrico,Ingresos por pasaje,14039.0,14,39,34432459.0,Cifras Definitivas
2015,4,Tren Eléctrico,Kilómetros recorridos,14039.0,14,39,440449.0,Cifras Definitivas
2015,4,Tren Eléctrico,Longitud de servicio,14039.0,14,39,24.0,Cifras Definitivas
2015,4,Tren Eléctrico,Pasajeros transportados,14039.0,14,39,7218000.0,Cifras Definitivas
2015,4,Tren Eléctrico,Unidades en operación,14039.0,14,39,44.0,Cifras Definitivas
2015,4,Trolebús,Ingresos por pasaje,14039.0,14,39,2036000.0,Cifras Definitivas
2015,4,Trolebús,Kilómetros recorridos,14039.0,14,39,38400.0,Cifras Definitivas
2015,4,Trolebús,Lineas en servicio,14039.0,14,39,2.0,Cifras Definitivas
2015,4,Trolebús,Longitud de servicio,14039.0,14,39,38.0,Cifras Definitivas
2015,4,Trolebús,Pasajeros transportados,14039.0,14,39,365235.0,Cifras Definitivas
2015,4,Trolebús,Unidades en operación,14039.0,14,39,20.0,Cifras Definitivas
2015,4,Macrobús Servicio Troncal,Autobuses en operación de lunes a viernes,14039.0,14,39,39.0,Cifras Definitivas
2015,4,Macrobús Servicio Troncal,Autobuses en operación de sábado a domingo,14039.0,14,39,33.0,Cifras Definitivas
2015,4,Macrobús Servicio Troncal,Ingresos por pasaje,14039.0,14,39,20358000.0,Cifras Definitivas
2015,4,Macrobús Servicio Troncal,Kilómetros recorridos,14039.0,14,39,278232.0,Cifras Definitivas
2015,4,Macrobús Servicio Troncal,Pasajeros transportados,14039.0,14,39,2649262.0,Cifras Definitivas
2015,4,Macrobús Servicio Troncal,Pasajeros transportados con boleto pagado,14039.0,14,39,2111185.0,Cifras Definitivas
2015,4,Macrobús Servicio Troncal,Pasajeros transportados con cortesía,14039.0,14,39,23515.0,Cifras Definitivas
2015,4,Macrobús Servicio Troncal,Pasajeros transportados con descuento,14039.0,14,39,514562.0,Cifras Definitivas
2015,4,Macrobús Servicio Troncal,Rutas,14039.0,14,39,2.0,Cifras Definitivas
2015,4,Macrobús Servicio Alimentador,Autobuses en operación de lunes a viernes,14039.0,14,39,81.0,Cifras Definitivas
2015,4,Macrobús Servicio Alimentador,Autobuses en operación de sábado a domingo,14039.0,14,39,76.0,Cifras Definitivas
2015,4,Macrobús Servicio Alimentador,Ingresos por pasaje,14039.0,14,39,4306000.0,Cifras Definitivas
2015,4,Macrobús Servicio Alimentador,Kilómetros recorridos,14039.0,14,39,364516.0,Cifras Definitivas
2015,4,Macrobús Servicio Alimentador,Pasajeros transportados,14039.0,14,39,812333.0,Cifras Definitivas
2015,4,Macrobús Servicio Alimentador,Pasajeros transportados con boleto pagado,14039.0,14,39,681130.0,Cifras Definitivas
2015,4,Macrobús Servicio Alimentador,Pasajeros transportados con descuento,14039.0,14,39,131203.0,Cifras Definitivas
2015,4,Macrobús Servicio Alimentador,Rutas,14039.0,14,39,15.0,Cifras Definitivas
2015,4,Sistema Integral del Tren Ligero,Autobuses en operación de lunes a viernes,14039.0,14,39,36.0,Cifras Definitivas
2015,4,Sistema Integral del Tren Ligero,Autobuses en operación de sábado a domingo,14039.0,14,39,21.0,Cifras Definitivas
2015,4,Sistema Integral del Tren Ligero,Kilómetros recorridos,14039.0,14,39,154180.0,Cifras Definitivas
2015,4,Sistema Integral del Tren Ligero,Pasajeros transportados,14039.0,14,39,249745.0,Cifras Definitivas
2015,4,Sistema Integral del Tren Ligero,Pasajeros transportados con boleto pagado,14039.0,14,39,247601.0,Cifras Definitivas
2015,4,Sistema Integral del Tren Ligero,Pasajeros transportados con cortesía,14039.0,14,39,2144.0,Cifras Definitivas
2015,4,Sistema Integral del Tren Ligero,Rutas,14039.0,14,39,2.0,Cifras Definitivas
2015,5,Tren Eléctrico,Ingresos por pasaje,14039.0,14,39,37590990.0,Cifras Definitivas
2015,5,Tren Eléctrico,Kilómetros recorridos,14039.0,14,39,481175.0,Cifras Definitivas
2015,5,Tren Eléctrico,Longitud de servicio,14039.0,14,39,24.0,Cifras Definitivas
2015,5,Tren Eléctrico,Pasajeros transportados,14039.0,14,39,7884430.0,Cifras Definitivas
2015,5,Tren Eléctrico,Unidades en operación,14039.0,14,39,44.0,Cifras Definitivas
2015,5,Trolebús,Ingresos por pasaje,14039.0,14,39,2245000.0,Cifras Definitivas
2015,5,Trolebús,Kilómetros recorridos,14039.0,14,39,38400.0,Cifras Definitivas
2015,5,Trolebús,Lineas en servicio,14039.0,14,39,2.0,Cifras Definitivas
2015,5,Trolebús,Longitud de servicio,14039.0,14,39,38.0,Cifras Definitivas
2015,5,Trolebús,Pasajeros transportados,14039.0,14,39,350131.0,Cifras Definitivas
2015,5,Trolebús,Unidades en operación,14039.0,14,39,37.0,Cifras Definitivas
2015,5,Macrobús Servicio Troncal,Autobuses en operación de lunes a viernes,14039.0,14,39,39.0,Cifras Definitivas
2015,5,Macrobús Servicio Troncal,Autobuses en operación de sábado a domingo,14039.0,14,39,33.0,Cifras Definitivas
2015,5,Macrobús Servicio Troncal,Ingresos por pasaje,14039.0,14,39,17716000.0,Cifras Definitivas
2015,5,Macrobús Servicio Troncal,Kilómetros recorridos,14039.0,14,39,289792.0,Cifras Definitivas
2015,5,Macrobús Servicio Troncal,Pasajeros transportados,14039.0,14,39,2784056.0,Cifras Definitivas
2015,5,Macrobús Servicio Troncal,Pasajeros transportados con boleto pagado,14039.0,14,39,2170986.0,Cifras Definitivas
2015,5,Macrobús Servicio Troncal,Pasajeros transportados con cortesía,14039.0,14,39,23500.0,Cifras Definitivas
2015,5,Macrobús Servicio Troncal,Pasajeros transportados con descuento,14039.0,14,39,589570.0,Cifras Definitivas
2015,5,Macrobús Servicio Troncal,Rutas,14039.0,14,39,2.0,Cifras Definitivas
2015,5,Macrobús Servicio Alimentador,Autobuses en operación de lunes a viernes,14039.0,14,39,81.0,Cifras Definitivas
2015,5,Macrobús Servicio Alimentador,Autobuses en operación de sábado a domingo,14039.0,14,39,76.0,Cifras Definitivas
2015,5,Macrobús Servicio Alimentador,Ingresos por pasaje,14039.0,14,39,3696000.0,Cifras Definitivas
2015,5,Macrobús Servicio Alimentador,Kilómetros recorridos,14039.0,14,39,312159.0,Cifras Definitivas
2015,5,Macrobús Servicio Alimentador,Pasajeros transportados,14039.0,14,39,881658.0,Cifras Definitivas
2015,5,Macrobús Servicio Alimentador,Pasajeros transportados con boleto pagado,14039.0,14,39,732480.0,Cifras Definitivas
2015,5,Macrobús Servicio Alimentador,Pasajeros transportados con descuento,14039.0,14,39,149178.0,Cifras Definitivas
2015,5,Macrobús Servicio Alimentador,Rutas,14039.0,14,39,15.0,Cifras Definitivas
2015,5,Sistema Integral del Tren Ligero,Autobuses en operación de lunes a viernes,14039.0,14,39,36.0,Cifras Definitivas
2015,5,Sistema Integral del Tren Ligero,Autobuses en operación de sábado a domingo,14039.0,14,39,21.0,Cifras Definitivas
2015,5,Sistema Integral del Tren Ligero,Kilómetros recorridos,14039.0,14,39,154893.0,Cifras Definitivas
2015,5,Sistema Integral del Tren Ligero,Pasajeros transportados,14039.0,14,39,284647.0,Cifras Definitivas
2015,5,Sistema Integral del Tren Ligero,Pasajeros transportados con boleto pagado,14039.0,14,39,282348.0,Cifras Definitivas
2015,5,Sistema Integral del Tren Ligero,Pasajeros transportados con cortesía,14039.0,14,39,2299.0,Cifras Definitivas
2015,5,Sistema Integral del Tren Ligero,Rutas,14039.0,14,39,2.0,Cifras Definitivas
2015,6,Tren Eléctrico,Ingresos por pasaje,14039.0,14,39,36111140.0,Cifras Definitivas
2015,6,Tren Eléctrico,Kilómetros recorridos,14039.0,14,39,467804.0,Cifras Definitivas
2015,6,Tren Eléctrico,Longitud de servicio,14039.0,14,39,24.0,Cifras Definitivas
2015,6,Tren Eléctrico,Pasajeros transportados,14039.0,14,39,7576329.0,Cifras Definitivas
2015,6,Tren Eléctrico,Unidades en operación,14039.0,14,39,44.0,Cifras Definitivas
2015,6,Trolebús,Ingresos por pasaje,14039.0,14,39,2183000.0,Cifras Definitivas
2015,6,Trolebús,Kilómetros recorridos,14039.0,14,39,38400.0,Cifras Definitivas
2015,6,Trolebús,Lineas en servicio,14039.0,14,39,2.0,Cifras Definitivas
2015,6,Trolebús,Longitud de servicio,14039.0,14,39,38.0,Cifras Definitivas
2015,6,Trolebús,Pasajeros transportados,14039.0,14,39,337000.0,Cifras Definitivas
2015,6,Trolebús,Unidades en operación,14039.0,14,39,37.0,Cifras Definitivas
2015,6,Macrobús Servicio Troncal,Autobuses en operación de lunes a viernes,14039.0,14,39,39.0,Cifras Definitivas
2015,6,Macrobús Servicio Troncal,Autobuses en operación de sábado a domingo,14039.0,14,39,33.0,Cifras Definitivas
2015,6,Macrobús Servicio Troncal,Ingresos por pasaje,14039.0,14,39,15940000.0,Cifras Definitivas
2015,6,Macrobús Servicio Troncal,Kilómetros recorridos,14039.0,14,39,310276.0,Cifras Definitivas
2015,6,Macrobús Servicio Troncal,Pasajeros transportados,14039.0,14,39,2463070.0,Cifras Definitivas
2015,6,Macrobús Servicio Troncal,Pasajeros transportados con boleto pagado,14039.0,14,39,2002888.0,Cifras Definitivas
2015,6,Macrobús Servicio Troncal,Pasajeros transportados con cortesía,14039.0,14,39,16214.0,Cifras Definitivas
2015,6,Macrobús Servicio Troncal,Pasajeros transportados con descuento,14039.0,14,39,443968.0,Cifras Definitivas
2015,6,Macrobús Servicio Troncal,Rutas,14039.0,14,39,2.0,Cifras Definitivas
2015,6,Macrobús Servicio Alimentador,Autobuses en operación de lunes a viernes,14039.0,14,39,81.0,Cifras Definitivas
2015,6,Macrobús Servicio Alimentador,Autobuses en operación de sábado a domingo,14039.0,14,39,76.0,Cifras Definitivas
2015,6,Macrobús Servicio Alimentador,Ingresos por pasaje,14039.0,14,39,3982000.0,Cifras Definitivas
2015,6,Macrobús Servicio Alimentador,Kilómetros recorridos,14039.0,14,39,343678.0,Cifras Definitivas
2015,6,Macrobús Servicio Alimentador,Pasajeros transportados,14039.0,14,39,865004.0,Cifras Definitivas
2015,6,Macrobús Servicio Alimentador,Pasajeros transportados con boleto pagado,14039.0,14,39,728250.0,Cifras Definitivas
2015,6,Macrobús Servicio Alimentador,Pasajeros transportados con descuento,14039.0,14,39,136754.0,Cifras Definitivas
2015,6,Macrobús Servicio Alimentador,Rutas,14039.0,14,39,15.0,Cifras Definitivas
2015,6,Sistema Integral del Tren Ligero,Autobuses en operación de lunes a viernes,14039.0,14,39,36.0,Cifras Definitivas
2015,6,Sistema Integral del Tren Ligero,Autobuses en operación de sábado a domingo,14039.0,14,39,21.0,Cifras Definitivas
2015,6,Sistema Integral del Tren Ligero,Kilómetros recorridos,14039.0,14,39,158614.0,Cifras Definitivas
2015,6,Sistema Integral del Tren Ligero,Pasajeros transportados,14039.0,14,39,288965.0,Cifras Definitivas
2015,6,Sistema Integral del Tren Ligero,Pasajeros transportados con boleto pagado,14039.0,14,39,286867.0,Cifras Definitivas
2015,6,Sistema Integral del Tren Ligero,Pasajeros transportados con cortesía,14039.0,14,39,2098.0,Cifras Definitivas
2015,6,Sistema Integral del Tren Ligero,Rutas,14039.0,14,39,2.0,Cifras Definitivas
2015,7,Tren Eléctrico,Ingresos por pasaje,14039.0,14,39,37593829.0,Cifras Definitivas
2015,7,Tren Eléctrico,Kilómetros recorridos,14039.0,14,39,523729.0,Cifras Definitivas
2015,7,Tren Eléctrico,Longitud de servicio,14039.0,14,39,24.0,Cifras Definitivas
2015,7,Tren Eléctrico,Pasajeros transportados,14039.0,14,39,7889247.0,Cifras Definitivas
2015,7,Tren Eléctrico,Unidades en operación,14039.0,14,39,44.0,Cifras Definitivas
2015,7,Trolebús,Ingresos por pasaje,14039.0,14,39,2069000.0,Cifras Definitivas
2015,7,Trolebús,Kilómetros recorridos,14039.0,14,39,38400.0,Cifras Definitivas
2015,7,Trolebús,Lineas en servicio,14039.0,14,39,2.0,Cifras Definitivas
2015,7,Trolebús,Longitud de servicio,14039.0,14,39,38.0,Cifras Definitivas
2015,7,Trolebús,Pasajeros transportados,14039.0,14,39,314474.0,Cifras Definitivas
2015,7,Trolebús,Unidades en operación,14039.0,14,39,37.0,Cifras Definitivas
2015,7,Macrobús Servicio Troncal,Autobuses en operación de lunes a viernes,14039.0,14,39,39.0,Cifras Definitivas
2015,7,Macrobús Servicio Troncal,Autobuses en operación de sábado a domingo,14039.0,14,39,33.0,Cifras Definitivas
2015,7,Macrobús Servicio Troncal,Ingresos por pasaje,14039.0,14,39,20760000.0,Cifras Definitivas
2015,7,Macrobús Servicio Troncal,Kilómetros recorridos,14039.0,14,39,320038.0,Cifras Definitivas
2015,7,Macrobús Servicio Troncal,Pasajeros transportados,14039.0,14,39,2625875.0,Cifras Definitivas
2015,7,Macrobús Servicio Troncal,Pasajeros transportados con boleto pagado,14039.0,14,39,2192515.0,Cifras Definitivas
2015,7,Macrobús Servicio Troncal,Pasajeros transportados con cortesía,14039.0,14,39,21300.0,Cifras Definitivas
2015,7,Macrobús Servicio Troncal,Pasajeros transportados con descuento,14039.0,14,39,412060.0,Cifras Definitivas
2015,7,Macrobús Servicio Troncal,Rutas,14039.0,14,39,2.0,Cifras Definitivas
2015,7,Macrobús Servicio Alimentador,Autobuses en operación de lunes a viernes,14039.0,14,39,81.0,Cifras Definitivas
2015,7,Macrobús Servicio Alimentador,Autobuses en operación de sábado a domingo,14039.0,14,39,76.0,Cifras Definitivas
2015,7,Macrobús Servicio Alimentador,Ingresos por pasaje,14039.0,14,39,4572000.0,Cifras Definitivas
2015,7,Macrobús Servicio Alimentador,Kilómetros recorridos,14039.0,14,39,365787.0,Cifras Definitivas
2015,7,Macrobús Servicio Alimentador,Pasajeros transportados,14039.0,14,39,848721.0,Cifras Definitivas
2015,7,Macrobús Servicio Alimentador,Pasajeros transportados con boleto pagado,14039.0,14,39,743108.0,Cifras Definitivas
2015,7,Macrobús Servicio Alimentador,Pasajeros transportados con descuento,14039.0,14,39,105613.0,Cifras Definitivas
2015,7,Macrobús Servicio Alimentador,Rutas,14039.0,14,39,15.0,Cifras Definitivas
2015,7,Sistema Integral del Tren Ligero,Autobuses en operación de lunes a viernes,14039.0,14,39,36.0,Cifras Definitivas
2015,7,Sistema Integral del Tren Ligero,Autobuses en operación de sábado a domingo,14039.0,14,39,21.0,Cifras Definitivas
2015,7,Sistema Integral del Tren Ligero,Kilómetros recorridos,14039.0,14,39,171449.0,Cifras Definitivas
2015,7,Sistema Integral del Tren Ligero,Pasajeros transportados,14039.0,14,39,313357.0,Cifras Definitivas
2015,7,Sistema Integral del Tren Ligero,Pasajeros transportados con boleto pagado,14039.0,14,39,310747.0,Cifras Definitivas
2015,7,Sistema Integral del Tren Ligero,Pasajeros transportados con cortesía,14039.0,14,39,2610.0,Cifras Definitivas
2015,7,Sistema Integral del Tren Ligero,Rutas,14039.0,14,39,2.0,Cifras Definitivas
2015,8,Tren Eléctrico,Ingresos por pasaje,14039.0,14,39,38356582.0,Cifras Definitivas
2015,8,Tren Eléctrico,Kilómetros recorridos,14039.0,14,39,477007.0,Cifras Definitivas
2015,8,Tren Eléctrico,Longitud de servicio,14039.0,14,39,24.0,Cifras Definitivas
2015,8,Tren Eléctrico,Pasajeros transportados,14039.0,14,39,8050089.0,Cifras Definitivas
2015,8,Tren Eléctrico,Unidades en operación,14039.0,14,39,44.0,Cifras Definitivas
2015,8,Trolebús,Ingresos por pasaje,14039.0,14,39,1934000.0,Cifras Definitivas
2015,8,Trolebús,Kilómetros recorridos,14039.0,14,39,38400.0,Cifras Definitivas
2015,8,Trolebús,Lineas en servicio,14039.0,14,39,2.0,Cifras Definitivas
2015,8,Trolebús,Longitud de servicio,14039.0,14,39,38.0,Cifras Definitivas
2015,8,Trolebús,Pasajeros transportados,14039.0,14,39,291257.0,Cifras Definitivas
2015,8,Trolebús,Unidades en operación,14039.0,14,39,37.0,Cifras Definitivas
2015,8,Macrobús Servicio Troncal,Autobuses en operación de lunes a viernes,14039.0,14,39,39.0,Cifras Definitivas
2015,8,Macrobús Servicio Troncal,Autobuses en operación de sábado a domingo,14039.0,14,39,33.0,Cifras Definitivas
2015,8,Macrobús Servicio Troncal,Ingresos por pasaje,14039.0,14,39,18281000.0,Cifras Definitivas
2015,8,Macrobús Servicio Troncal,Kilómetros recorridos,14039.0,14,39,315160.0,Cifras Definitivas
2015,8,Macrobús Servicio Troncal,Pasajeros transportados,14039.0,14,39,2804231.0,Cifras Definitivas
2015,8,Macrobús Servicio Troncal,Pasajeros transportados con boleto pagado,14039.0,14,39,2380404.0,Cifras Definitivas
2015,8,Macrobús Servicio Troncal,Pasajeros transportados con cortesía,14039.0,14,39,28054.0,Cifras Definitivas
2015,8,Macrobús Servicio Troncal,Pasajeros transportados con descuento,14039.0,14,39,395773.0,Cifras Definitivas
2015,8,Macrobús Servicio Troncal,Rutas,14039.0,14,39,2.0,Cifras Definitivas
2015,8,Macrobús Servicio Alimentador,Autobuses en operación de lunes a viernes,14039.0,14,39,81.0,Cifras Definitivas
2015,8,Macrobús Servicio Alimentador,Autobuses en operación de sábado a domingo,14039.0,14,39,76.0,Cifras Definitivas
2015,8,Macrobús Servicio Alimentador,Ingresos por pasaje,14039.0,14,39,3895000.0,Cifras Definitivas
2015,8,Macrobús Servicio Alimentador,Kilómetros recorridos,14039.0,14,39,385787.0,Cifras Definitivas
2015,8,Macrobús Servicio Alimentador,Pasajeros transportados,14039.0,14,39,889788.0,Cifras Definitivas
2015,8,Macrobús Servicio Alimentador,Pasajeros transportados con boleto pagado,14039.0,14,39,800379.0,Cifras Definitivas
2015,8,Macrobús Servicio Alimentador,Pasajeros transportados con descuento,14039.0,14,39,89409.0,Cifras Definitivas
2015,8,Macrobús Servicio Alimentador,Rutas,14039.0,14,39,15.0,Cifras Definitivas
2015,8,Sistema Integral del Tren Ligero,Autobuses en operación de lunes a viernes,14039.0,14,39,36.0,Cifras Definitivas
2015,8,Sistema Integral del Tren Ligero,Autobuses en operación de sábado a domingo,14039.0,14,39,21.0,Cifras Definitivas
2015,8,Sistema Integral del Tren Ligero,Kilómetros recorridos,14039.0,14,39,177750.0,Cifras Definitivas
2015,8,Sistema Integral del Tren Ligero,Pasajeros transportados,14039.0,14,39,331959.0,Cifras Definitivas
2015,8,Sistema Integral del Tren Ligero,Pasajeros transportados con boleto pagado,14039.0,14,39,328084.0,Cifras Definitivas
2015,8,Sistema Integral del Tren Ligero,Pasajeros transportados con cortesía,14039.0,14,39,3875.0,Cifras Definitivas
2015,8,Sistema Integral del Tren Ligero,Rutas,14039.0,14,39,2.0,Cifras Definitivas
2015,9,Tren Eléctrico,Ingresos por pasaje,14039.0,14,39,38161451.0,Cifras Definitivas
2015,9,Tren Eléctrico,Kilómetros recorridos,14039.0,14,39,464926.0,Cifras Definitivas
2015,9,Tren Eléctrico,Longitud de servicio,14039.0,14,39,24.0,Cifras Definitivas
2015,9,Tren Eléctrico,Pasajeros transportados,14039.0,14,39,8009273.0,Cifras Definitivas
2015,9,Tren Eléctrico,Unidades en operación,14039.0,14,39,44.0,Cifras Definitivas
2015,9,Trolebús,Ingresos por pasaje,14039.0,14,39,1809000.0,Cifras Definitivas
2015,9,Trolebús,Kilómetros recorridos,14039.0,14,39,38400.0,Cifras Definitivas
2015,9,Trolebús,Lineas en servicio,14039.0,14,39,2.0,Cifras Definitivas
2015,9,Trolebús,Longitud de servicio,14039.0,14,39,38.0,Cifras Definitivas
2015,9,Trolebús,Pasajeros transportados,14039.0,14,39,283267.0,Cifras Definitivas
2015,9,Trolebús,Unidades en operación,14039.0,14,39,37.0,Cifras Definitivas
2015,9,Macrobús Servicio Troncal,Autobuses en operación de lunes a viernes,14039.0,14,39,39.0,Cifras Definitivas
2015,9,Macrobús Servicio Troncal,Autobuses en operación de sábado a domingo,14039.0,14,39,33.0,Cifras Definitivas
2015,9,Macrobús Servicio Troncal,Ingresos por pasaje,14039.0,14,39,17882000.0,Cifras Definitivas
2015,9,Macrobús Servicio Troncal,Kilómetros recorridos,14039.0,14,39,309816.0,Cifras Definitivas
2015,9,Macrobús Servicio Troncal,Pasajeros transportados,14039.0,14,39,2920873.0,Cifras Definitivas
2015,9,Macrobús Servicio Troncal,Pasajeros transportados con boleto pagado,14039.0,14,39,2311768.0,Cifras Definitivas
2015,9,Macrobús Servicio Troncal,Pasajeros transportados con cortesía,14039.0,14,39,26710.0,Cifras Definitivas
2015,9,Macrobús Servicio Troncal,Pasajeros transportados con descuento,14039.0,14,39,582395.0,Cifras Definitivas
2015,9,Macrobús Servicio Troncal,Rutas,14039.0,14,39,2.0,Cifras Definitivas
2015,9,Macrobús Servicio Alimentador,Autobuses en operación de lunes a viernes,14039.0,14,39,81.0,Cifras Definitivas
2015,9,Macrobús Servicio Alimentador,Autobuses en operación de sábado a domingo,14039.0,14,39,76.0,Cifras Definitivas
2015,9,Macrobús Servicio Alimentador,Ingresos por pasaje,14039.0,14,39,4784000.0,Cifras Definitivas
2015,9,Macrobús Servicio Alimentador,Kilómetros recorridos,14039.0,14,39,361943.0,Cifras Definitivas
2015,9,Macrobús Servicio Alimentador,Pasajeros transportados,14039.0,14,39,902768.0,Cifras Definitivas
2015,9,Macrobús Servicio Alimentador,Pasajeros transportados con boleto pagado,14039.0,14,39,776013.0,Cifras Definitivas
2015,9,Macrobús Servicio Alimentador,Pasajeros transportados con descuento,14039.0,14,39,126755.0,Cifras Definitivas
2015,9,Macrobús Servicio Alimentador,Rutas,14039.0,14,39,15.0,Cifras Definitivas
2015,9,Sistema Integral del Tren Ligero,Autobuses en operación de lunes a viernes,14039.0,14,39,36.0,Cifras Definitivas
2015,9,Sistema Integral del Tren Ligero,Autobuses en operación de sábado a domingo,14039.0,14,39,21.0,Cifras Definitivas
2015,9,Sistema Integral del Tren Ligero,Kilómetros recorridos,14039.0,14,39,175113.0,Cifras Definitivas
2015,9,Sistema Integral del Tren Ligero,Pasajeros transportados,14039.0,14,39,344614.0,Cifras Definitivas
2015,9,Sistema Integral del Tren Ligero,Pasajeros transportados con boleto pagado,14039.0,14,39,341396.0,Cifras Definitivas
2015,9,Sistema Integral del Tren Ligero,Pasajeros transportados con cortesía,14039.0,14,39,3218.0,Cifras Definitivas
2015,9,Sistema Integral del Tren Ligero,Rutas,14039.0,14,39,2.0,Cifras Definitivas
2015,10,Tren Eléctrico,Ingresos por pasaje,14039.0,14,39,41579629.0,Cifras Definitivas
2015,10,Tren Eléctrico,Kilómetros recorridos,14039.0,14,39,513069.0,Cifras Definitivas
2015,10,Tren Eléctrico,Longitud de servicio,14039.0,14,39,24.0,Cifras Definitivas
2015,10,Tren Eléctrico,Pasajeros transportados,14039.0,14,39,8726036.0,Cifras Definitivas
2015,10,Tren Eléctrico,Unidades en operación,14039.0,14,39,44.0,Cifras Definitivas
2015,10,Trolebús,Ingresos por pasaje,14039.0,14,39,1667000.0,Cifras Definitivas
2015,10,Trolebús,Kilómetros recorridos,14039.0,14,39,38400.0,Cifras Definitivas
2015,10,Trolebús,Lineas en servicio,14039.0,14,39,2.0,Cifras Definitivas
2015,10,Trolebús,Longitud de servicio,14039.0,14,39,38.0,Cifras Definitivas
2015,10,Trolebús,Pasajeros transportados,14039.0,14,39,261546.0,Cifras Definitivas
2015,10,Trolebús,Unidades en operación,14039.0,14,39,37.0,Cifras Definitivas
2015,10,Macrobús Servicio Troncal,Autobuses en operación de lunes a viernes,14039.0,14,39,39.0,Cifras Definitivas
2015,10,Macrobús Servicio Troncal,Autobuses en operación de sábado a domingo,14039.0,14,39,33.0,Cifras Definitivas
2015,10,Macrobús Servicio Troncal,Ingresos por pasaje,14039.0,14,39,22712000.0,Cifras Definitivas
2015,10,Macrobús Servicio Troncal,Kilómetros recorridos,14039.0,14,39,327556.0,Cifras Definitivas
2015,10,Macrobús Servicio Troncal,Pasajeros transportados,14039.0,14,39,3068392.0,Cifras Definitivas
2015,10,Macrobús Servicio Troncal,Pasajeros transportados con boleto pagado,14039.0,14,39,2392408.0,Cifras Definitivas
2015,10,Macrobús Servicio Troncal,Pasajeros transportados con cortesía,14039.0,14,39,27056.0,Cifras Definitivas
2015,10,Macrobús Servicio Troncal,Pasajeros transportados con descuento,14039.0,14,39,648928.0,Cifras Definitivas
2015,10,Macrobús Servicio Troncal,Rutas,14039.0,14,39,2.0,Cifras Definitivas
2015,10,Macrobús Servicio Alimentador,Autobuses en operación de lunes a viernes,14039.0,14,39,81.0,Cifras Definitivas
2015,10,Macrobús Servicio Alimentador,Autobuses en operación de sábado a domingo,14039.0,14,39,76.0,Cifras Definitivas
2015,10,Macrobús Servicio Alimentador,Ingresos por pasaje,14039.0,14,39,5678000.0,Cifras Definitivas
2015,10,Macrobús Servicio Alimentador,Kilómetros recorridos,14039.0,14,39,416079.0,Cifras Definitivas
2015,10,Macrobús Servicio Alimentador,Pasajeros transportados,14039.0,14,39,924160.0,Cifras Definitivas
2015,10,Macrobús Servicio Alimentador,Pasajeros transportados con boleto pagado,14039.0,14,39,781328.0,Cifras Definitivas
2015,10,Macrobús Servicio Alimentador,Pasajeros transportados con descuento,14039.0,14,39,142832.0,Cifras Definitivas
2015,10,Macrobús Servicio Alimentador,Rutas,14039.0,14,39,15.0,Cifras Definitivas
2015,10,Sistema Integral del Tren Ligero,Autobuses en operación de lunes a viernes,14039.0,14,39,36.0,Cifras Definitivas
2015,10,Sistema Integral del Tren Ligero,Autobuses en operación de sábado a domingo,14039.0,14,39,21.0,Cifras Definitivas
2015,10,Sistema Integral del Tren Ligero,Kilómetros recorridos,14039.0,14,39,183616.0,Cifras Definitivas
2015,10,Sistema Integral del Tren Ligero,Pasajeros transportados,14039.0,14,39,375649.0,Cifras Definitivas
2015,10,Sistema Integral del Tren Ligero,Pasajeros transportados con boleto pagado,14039.0,14,39,372705.0,Cifras Definitivas
2015,10,Sistema Integral del Tren Ligero,Pasajeros transportados con cortesía,14039.0,14,39,2944.0,Cifras Definitivas
2015,10,Sistema Integral del Tren Ligero,Rutas,14039.0,14,39,2.0,Cifras Definitivas
2015,11,Tren Eléctrico,Ingresos por pasaje,14039.0,14,39,39709626.0,Cifras Definitivas
2015,11,Tren Eléctrico,Kilómetros recorridos,14039.0,14,39,470286.0,Cifras Definitivas
2015,11,Tren Eléctrico,Longitud de servicio,14039.0,14,39,24.0,Cifras Definitivas
2015,11,Tren Eléctrico,Pasajeros transportados,14039.0,14,39,8332881.0,Cifras Definitivas
2015,11,Tren Eléctrico,Unidades en operación,14039.0,14,39,44.0,Cifras Definitivas
2015,11,Trolebús,Ingresos por pasaje,14039.0,14,39,1575311.0,Cifras Definitivas
2015,11,Trolebús,Kilómetros recorridos,14039.0,14,39,38400.0,Cifras Definitivas
2015,11,Trolebús,Lineas en servicio,14039.0,14,39,2.0,Cifras Definitivas
2015,11,Trolebús,Longitud de servicio,14039.0,14,39,38.0,Cifras Definitivas
2015,11,Trolebús,Pasajeros transportados,14039.0,14,39,246077.0,Cifras Definitivas
2015,11,Trolebús,Unidades en operación,14039.0,14,39,37.0,Cifras Definitivas
2015,11,Macrobús Servicio Troncal,Autobuses en operación de lunes a viernes,14039.0,14,39,39.0,Cifras Definitivas
2015,11,Macrobús Servicio Troncal,Autobuses en operación de sábado a domingo,14039.0,14,39,33.0,Cifras Definitivas
2015,11,Macrobús Servicio Troncal,Ingresos por pasaje,14039.0,14,39,18808000.0,Cifras Definitivas
2015,11,Macrobús Servicio Troncal,Kilómetros recorridos,14039.0,14,39,311184.0,Cifras Definitivas
2015,11,Macrobús Servicio Troncal,Pasajeros transportados,14039.0,14,39,2938274.0,Cifras Definitivas
2015,11,Macrobús Servicio Troncal,Pasajeros transportados con boleto pagado,14039.0,14,39,2284427.0,Cifras Definitivas
2015,11,Macrobús Servicio Troncal,Pasajeros transportados con cortesía,14039.0,14,39,25075.0,Cifras Definitivas
2015,11,Macrobús Servicio Troncal,Pasajeros transportados con descuento,14039.0,14,39,628772.0,Cifras Definitivas
2015,11,Macrobús Servicio Troncal,Rutas,14039.0,14,39,2.0,Cifras Definitivas
2015,11,Macrobús Servicio Alimentador,Autobuses en operación de lunes a viernes,14039.0,14,39,81.0,Cifras Definitivas
2015,11,Macrobús Servicio Alimentador,Autobuses en operación de sábado a domingo,14039.0,14,39,76.0,Cifras Definitivas
2015,11,Macrobús Servicio Alimentador,Ingresos por pasaje,14039.0,14,39,3783000.0,Cifras Definitivas
2015,11,Macrobús Servicio Alimentador,Kilómetros recorridos,14039.0,14,39,364329.0,Cifras Definitivas
2015,11,Macrobús Servicio Alimentador,Pasajeros transportados,14039.0,14,39,876282.0,Cifras Definitivas
2015,11,Macrobús Servicio Alimentador,Pasajeros transportados con boleto pagado,14039.0,14,39,737373.0,Cifras Definitivas
2015,11,Macrobús Servicio Alimentador,Pasajeros transportados con descuento,14039.0,14,39,138909.0,Cifras Definitivas
2015,11,Macrobús Servicio Alimentador,Rutas,14039.0,14,39,15.0,Cifras Definitivas
2015,11,Sistema Integral del Tren Ligero,Autobuses en operación de lunes a viernes,14039.0,14,39,36.0,Cifras Definitivas
2015,11,Sistema Integral del Tren Ligero,Autobuses en operación de sábado a domingo,14039.0,14,39,21.0,Cifras Definitivas
2015,11,Sistema Integral del Tren Ligero,Kilómetros recorridos,14039.0,14,39,174131.0,Cifras Definitivas
2015,11,Sistema Integral del Tren Ligero,Pasajeros transportados,14039.0,14,39,371562.0,Cifras Definitivas
2015,11,Sistema Integral del Tren Ligero,Pasajeros transportados con boleto pagado,14039.0,14,39,368856.0,Cifras Definitivas
2015,11,Sistema Integral del Tren Ligero,Pasajeros transportados con cortesía,14039.0,14,39,2706.0,Cifras Definitivas
2015,11,Sistema Integral del Tren Ligero,Rutas,14039.0,14,39,2.0,Cifras Definitivas
2015,12,Tren Eléctrico,Ingresos por pasaje,14039.0,14,39,39907273.0,Cifras Definitivas
2015,12,Tren Eléctrico,Kilómetros recorridos,14039.0,14,39,486622.0,Cifras Definitivas
2015,12,Tren Eléctrico,Longitud de servicio,14039.0,14,39,24.0,Cifras Definitivas
2015,12,Tren Eléctrico,Pasajeros transportados,14039.0,14,39,8373922.0,Cifras Definitivas
2015,12,Tren Eléctrico,Unidades en operación,14039.0,14,39,44.0,Cifras Definitivas
2015,12,Trolebús,Ingresos por pasaje,14039.0,14,39,1599000.0,Cifras Definitivas
2015,12,Trolebús,Kilómetros recorridos,14039.0,14,39,38400.0,Cifras Definitivas
2015,12,Trolebús,Lineas en servicio,14039.0,14,39,2.0,Cifras Definitivas
2015,12,Trolebús,Longitud de servicio,14039.0,14,39,38.0,Cifras Definitivas
2015,12,Trolebús,Pasajeros transportados,14039.0,14,39,254272.0,Cifras Definitivas
2015,12,Trolebús,Unidades en operación,14039.0,14,39,37.0,Cifras Definitivas
2015,12,Macrobús Servicio Troncal,Autobuses en operación de lunes a viernes,14039.0,14,39,39.0,Cifras Definitivas
2015,12,Macrobús Servicio Troncal,Autobuses en operación de sábado a domingo,14039.0,14,39,33.0,Cifras Definitivas
2015,12,Macrobús Servicio Troncal,Ingresos por pasaje,14039.0,14,39,18660000.0,Cifras Definitivas
2015,12,Macrobús Servicio Troncal,Kilómetros recorridos,14039.0,14,39,333552.0,Cifras Definitivas
2015,12,Macrobús Servicio Troncal,Pasajeros transportados,14039.0,14,39,2924982.0,Cifras Definitivas
2015,12,Macrobús Servicio Troncal,Pasajeros transportados con boleto pagado,14039.0,14,39,2434448.0,Cifras Definitivas
2015,12,Macrobús Servicio Troncal,Pasajeros transportados con cortesía,14039.0,14,39,25567.0,Cifras Definitivas
2015,12,Macrobús Servicio Troncal,Pasajeros transportados con descuento,14039.0,14,39,464967.0,Cifras Definitivas
2015,12,Macrobús Servicio Troncal,Rutas,14039.0,14,39,2.0,Cifras Definitivas
2015,12,Macrobús Servicio Alimentador,Autobuses en operación de lunes a viernes,14039.0,14,39,81.0,Cifras Definitivas
2015,12,Macrobús Servicio Alimentador,Autobuses en operación de sábado a domingo,14039.0,14,39,76.0,Cifras Definitivas
2015,12,Macrobús Servicio Alimentador,Ingresos por pasaje,14039.0,14,39,3752000.0,Cifras Definitivas
2015,12,Macrobús Servicio Alimentador,Kilómetros recorridos,14039.0,14,39,374032.0,Cifras Definitivas
2015,12,Macrobús Servicio Alimentador,Pasajeros transportados,14039.0,14,39,980420.0,Cifras Definitivas
2015,12,Macrobús Servicio Alimentador,Pasajeros transportados con boleto pagado,14039.0,14,39,859911.0,Cifras Definitivas
2015,12,Macrobús Servicio Alimentador,Pasajeros transportados con descuento,14039.0,14,39,120509.0,Cifras Definitivas
2015,12,Macrobús Servicio Alimentador,Rutas,14039.0,14,39,15.0,Cifras Definitivas
2015,12,Sistema Integral del Tren Ligero,Autobuses en operación de lunes a viernes,14039.0,14,39,36.0,Cifras Definitivas
2015,12,Sistema Integral del Tren Ligero,Autobuses en operación de sábado a domingo,14039.0,14,39,21.0,Cifras Definitivas
2015,12,Sistema Integral del Tren Ligero,Kilómetros recorridos,14039.0,14,39,183279.0,Cifras Definitivas
2015,12,Sistema Integral del Tren Ligero,Pasajeros transportados,14039.0,14,39,370830.0,Cifras Definitivas
2015,12,Sistema Integral del Tren Ligero,Pasajeros transportados con boleto pagado,14039.0,14,39,368048.0,Cifras Definitivas
2015,12,Sistema Integral del Tren Ligero,Pasajeros transportados con cortesía,14039.0,14,39,2782.0,Cifras Definitivas
2015,12,Sistema Integral del Tren Ligero,Rutas,14039.0,14,39,2.0,Cifras Definitivas
2016,1,Tren Eléctrico,Ingresos por pasaje,14039.0,14,39,36978737.0,Cifras Definitivas
2016,1,Tren Eléctrico,Kilómetros recorridos,14039.0,14,39,476492.0,Cifras Definitivas
2016,1,Tren Eléctrico,Longitud de servicio,14039.0,14,39,24.0,Cifras Definitivas
2016,1,Tren Eléctrico,Pasajeros transportados,14039.0,14,39,7758313.0,Cifras Definitivas
2016,1,Tren Eléctrico,Unidades en operación,14039.0,14,39,44.0,Cifras Definitivas
2016,1,Trolebús,Ingresos por pasaje,14039.0,14,39,1592000.0,Cifras Definitivas
2016,1,Trolebús,Kilómetros recorridos,14039.0,14,39,38400.0,Cifras Definitivas
2016,1,Trolebús,Lineas en servicio,14039.0,14,39,2.0,Cifras Definitivas
2016,1,Trolebús,Longitud de servicio,14039.0,14,39,38.0,Cifras Definitivas
2016,1,Trolebús,Pasajeros transportados,14039.0,14,39,247510.0,Cifras Definitivas
2016,1,Trolebús,Unidades en operación,14039.0,14,39,37.0,Cifras Definitivas
2016,1,Macrobús Servicio Troncal,Autobuses en operación de lunes a viernes,14039.0,14,39,39.0,Cifras Definitivas
2016,1,Macrobús Servicio Troncal,Autobuses en operación de sábado a domingo,14039.0,14,39,33.0,Cifras Definitivas
2016,1,Macrobús Servicio Troncal,Ingresos por pasaje,14039.0,14,39,18179124.0,Cifras Definitivas
2016,1,Macrobús Servicio Troncal,Kilómetros recorridos,14039.0,14,39,307576.0,Cifras Definitivas
2016,1,Macrobús Servicio Troncal,Pasajeros transportados,14039.0,14,39,2771697.0,Cifras Definitivas
2016,1,Macrobús Servicio Troncal,Pasajeros transportados con boleto pagado,14039.0,14,39,2254178.0,Cifras Definitivas
2016,1,Macrobús Servicio Troncal,Pasajeros transportados con cortesía,14039.0,14,39,18457.0,Cifras Definitivas
2016,1,Macrobús Servicio Troncal,Pasajeros transportados con descuento,14039.0,14,39,499062.0,Cifras Definitivas
2016,1,Macrobús Servicio Troncal,Rutas,14039.0,14,39,2.0,Cifras Definitivas
2016,1,Macrobús Servicio Alimentador,Autobuses en operación de lunes a viernes,14039.0,14,39,81.0,Cifras Definitivas
2016,1,Macrobús Servicio Alimentador,Autobuses en operación de sábado a domingo,14039.0,14,39,76.0,Cifras Definitivas
2016,1,Macrobús Servicio Alimentador,Ingresos por pasaje,14039.0,14,39,3739654.0,Cifras Definitivas
2016,1,Macrobús Servicio Alimentador,Kilómetros recorridos,14039.0,14,39,386621.0,Cifras Definitivas
2016,1,Macrobús Servicio Alimentador,Pasajeros transportados,14039.0,14,39,831344.0,Cifras Definitivas
2016,1,Macrobús Servicio Alimentador,Pasajeros transportados con boleto pagado,14039.0,14,39,725260.0,Cifras Definitivas
2016,1,Macrobús Servicio Alimentador,Pasajeros transportados con descuento,14039.0,14,39,106084.0,Cifras Definitivas
2016,1,Macrobús Servicio Alimentador,Rutas,14039.0,14,39,15.0,Cifras Definitivas
2016,1,Sistema Integral del Tren Ligero,Autobuses en operación de lunes a viernes,14039.0,14,39,36.0,Cifras Definitivas
2016,1,Sistema Integral del Tren Ligero,Autobuses en operación de sábado a domingo,14039.0,14,39,21.0,Cifras Definitivas
2016,1,Sistema Integral del Tren Ligero,Kilómetros recorridos,14039.0,14,39,182530.0,Cifras Definitivas
2016,1,Sistema Integral del Tren Ligero,Pasajeros transportados,14039.0,14,39,381033.0,Cifras Definitivas
2016,1,Sistema Integral del Tren Ligero,Pasajeros transportados con boleto pagado,14039.0,14,39,378191.0,Cifras Definitivas
2016,1,Sistema Integral del Tren Ligero,Pasajeros transportados con cortesía,14039.0,14,39,2842.0,Cifras Definitivas
2016,1,Sistema Integral del Tren Ligero,Rutas,14039.0,14,39,2.0,Cifras Definitivas
2016,2,Tren Eléctrico,Ingresos por pasaje,14039.0,14,39,37239541.0,Cifras Definitivas
2016,2,Tren Eléctrico,Kilómetros recorridos,14039.0,14,39,446248.0,Cifras Definitivas
2016,2,Tren Eléctrico,Longitud de servicio,14039.0,14,39,24.0,Cifras Definitivas
2016,2,Tren Eléctrico,Pasajeros transportados,14039.0,14,39,7813208.0,Cifras Definitivas
2016,2,Tren Eléctrico,Unidades en operación,14039.0,14,39,44.0,Cifras Definitivas
2016,2,Trolebús,Ingresos por pasaje,14039.0,14,39,1996419.0,Cifras Definitivas
2016,2,Trolebús,Kilómetros recorridos,14039.0,14,39,96000.0,Cifras Definitivas
2016,2,Trolebús,Lineas en servicio,14039.0,14,39,2.0,Cifras Definitivas
2016,2,Trolebús,Longitud de servicio,14039.0,14,39,38.0,Cifras Definitivas
2016,2,Trolebús,Pasajeros transportados,14039.0,14,39,310578.0,Cifras Definitivas
2016,2,Trolebús,Unidades en operación,14039.0,14,39,39.0,Cifras Definitivas
2016,2,Macrobús Servicio Troncal,Autobuses en operación de lunes a viernes,14039.0,14,39,39.0,Cifras Definitivas
2016,2,Macrobús Servicio Troncal,Autobuses en operación de sábado a domingo,14039.0,14,39,33.0,Cifras Definitivas
2016,2,Macrobús Servicio Troncal,Ingresos por pasaje,14039.0,14,39,18697509.0,Cifras Definitivas
2016,2,Macrobús Servicio Troncal,Kilómetros recorridos,14039.0,14,39,292150.0,Cifras Definitivas
2016,2,Macrobús Servicio Troncal,Pasajeros transportados,14039.0,14,39,2894452.0,Cifras Definitivas
2016,2,Macrobús Servicio Troncal,Pasajeros transportados con boleto pagado,14039.0,14,39,2228888.0,Cifras Definitivas
2016,2,Macrobús Servicio Troncal,Pasajeros transportados con cortesía,14039.0,14,39,19832.0,Cifras Definitivas
2016,2,Macrobús Servicio Troncal,Pasajeros transportados con descuento,14039.0,14,39,645732.0,Cifras Definitivas
2016,2,Macrobús Servicio Troncal,Rutas,14039.0,14,39,2.0,Cifras Definitivas
2016,2,Macrobús Servicio Alimentador,Autobuses en operación de lunes a viernes,14039.0,14,39,81.0,Cifras Definitivas
2016,2,Macrobús Servicio Alimentador,Autobuses en operación de sábado a domingo,14039.0,14,39,76.0,Cifras Definitivas
2016,2,Macrobús Servicio Alimentador,Ingresos por pasaje,14039.0,14,39,4272654.0,Cifras Definitivas
2016,2,Macrobús Servicio Alimentador,Kilómetros recorridos,14039.0,14,39,386649.0,Cifras Definitivas
2016,2,Macrobús Servicio Alimentador,Pasajeros transportados,14039.0,14,39,856404.0,Cifras Definitivas
2016,2,Macrobús Servicio Alimentador,Pasajeros transportados con boleto pagado,14039.0,14,39,721768.0,Cifras Definitivas
2016,2,Macrobús Servicio Alimentador,Pasajeros transportados con descuento,14039.0,14,39,134636.0,Cifras Definitivas
2016,2,Macrobús Servicio Alimentador,Rutas,14039.0,14,39,15.0,Cifras Definitivas
2016,2,Sistema Integral del Tren Ligero,Autobuses en operación de lunes a viernes,14039.0,14,39,36.0,Cifras Definitivas
2016,2,Sistema Integral del Tren Ligero,Autobuses en operación de sábado a domingo,14039.0,14,39,21.0,Cifras Definitivas
2016,2,Sistema Integral del Tren Ligero,Kilómetros recorridos,14039.0,14,39,180020.0,Cifras Definitivas
2016,2,Sistema Integral del Tren Ligero,Pasajeros transportados,14039.0,14,39,375725.0,Cifras Definitivas
2016,2,Sistema Integral del Tren Ligero,Pasajeros transportados con boleto pagado,14039.0,14,39,372812.0,Cifras Definitivas
2016,2,Sistema Integral del Tren Ligero,Pasajeros transportados con cortesía,14039.0,14,39,2913.0,Cifras Definitivas
2016,2,Sistema Integral del Tren Ligero,Rutas,14039.0,14,39,2.0,Cifras Definitivas
2016,3,Tren Eléctrico,Ingresos por pasaje,14039.0,14,39,36746700.0,Cifras Definitivas
2016,3,Tren Eléctrico,Kilómetros recorridos,14039.0,14,39,461545.0,Cifras Definitivas
2016,3,Tren Eléctrico,Longitud de servicio,14039.0,14,39,24.0,Cifras Definitivas
2016,3,Tren Eléctrico,Pasajeros transportados,14039.0,14,39,7709211.0,Cifras Definitivas
2016,3,Tren Eléctrico,Unidades en operación,14039.0,14,39,44.0,Cifras Definitivas
2016,3,Trolebús,Ingresos por pasaje,14039.0,14,39,2188565.0,Cifras Definitivas
2016,3,Trolebús,Kilómetros recorridos,14039.0,14,39,95856.0,Cifras Definitivas
2016,3,Trolebús,Lineas en servicio,14039.0,14,39,2.0,Cifras Definitivas
2016,3,Trolebús,Longitud de servicio,14039.0,14,39,39.0,Cifras Definitivas
2016,3,Trolebús,Pasajeros transportados,14039.0,14,39,347514.0,Cifras Definitivas
2016,3,Trolebús,Unidades en operación,14039.0,14,39,32.0,Cifras Definitivas
2016,3,Macrobús Servicio Troncal,Autobuses en operación de lunes a viernes,14039.0,14,39,39.0,Cifras Definitivas
2016,3,Macrobús Servicio Troncal,Autobuses en operación de sábado a domingo,14039.0,14,39,33.0,Cifras Definitivas
2016,3,Macrobús Servicio Troncal,Ingresos por pasaje,14039.0,14,39,21363370.0,Cifras Definitivas
2016,3,Macrobús Servicio Troncal,Kilómetros recorridos,14039.0,14,39,322298.0,Cifras Definitivas
2016,3,Macrobús Servicio Troncal,Pasajeros transportados,14039.0,14,39,2836340.0,Cifras Definitivas
2016,3,Macrobús Servicio Troncal,Pasajeros transportados con boleto pagado,14039.0,14,39,2228119.0,Cifras Definitivas
2016,3,Macrobús Servicio Troncal,Pasajeros transportados con cortesía,14039.0,14,39,22121.0,Cifras Definitivas
2016,3,Macrobús Servicio Troncal,Pasajeros transportados con descuento,14039.0,14,39,586100.0,Cifras Definitivas
2016,3,Macrobús Servicio Troncal,Rutas,14039.0,14,39,2.0,Cifras Definitivas
2016,3,Macrobús Servicio Alimentador,Autobuses en operación de lunes a viernes,14039.0,14,39,81.0,Cifras Definitivas
2016,3,Macrobús Servicio Alimentador,Autobuses en operación de sábado a domingo,14039.0,14,39,76.0,Cifras Definitivas
2016,3,Macrobús Servicio Alimentador,Ingresos por pasaje,14039.0,14,39,5095124.0,Cifras Definitivas
2016,3,Macrobús Servicio Alimentador,Kilómetros recorridos,14039.0,14,39,425788.0,Cifras Definitivas
2016,3,Macrobús Servicio Alimentador,Pasajeros transportados,14039.0,14,39,843186.0,Cifras Definitivas
2016,3,Macrobús Servicio Alimentador,Pasajeros transportados con boleto pagado,14039.0,14,39,717187.0,Cifras Definitivas
2016,3,Macrobús Servicio Alimentador,Pasajeros transportados con descuento,14039.0,14,39,125999.0,Cifras Definitivas
2016,3,Macrobús Servicio Alimentador,Rutas,14039.0,14,39,15.0,Cifras Definitivas
2016,3,Sistema Integral del Tren Ligero,Autobuses en operación de lunes a viernes,14039.0,14,39,36.0,Cifras Definitivas
2016,3,Sistema Integral del Tren Ligero,Autobuses en operación de sábado a domingo,14039.0,14,39,21.0,Cifras Definitivas
2016,3,Sistema Integral del Tren Ligero,Kilómetros recorridos,14039.0,14,39,190116.0,Cifras Definitivas
2016,3,Sistema Integral del Tren Ligero,Pasajeros transportados,14039.0,14,39,571072.0,Cifras Definitivas
2016,3,Sistema Integral del Tren Ligero,Pasajeros transportados con boleto pagado,14039.0,14,39,567433.0,Cifras Definitivas
2016,3,Sistema Integral del Tren Ligero,Pasajeros transportados con cortesía,14039.0,14,39,3639.0,Cifras Definitivas
2016,3,Sistema Integral del Tren Ligero,Rutas,14039.0,14,39,2.0,Cifras Definitivas
2016,4,Tren Eléctrico,Ingresos por pasaje,14039.0,14,39,38619072.0,Cifras Definitivas
2016,4,Tren Eléctrico,Kilómetros recorridos,14039.0,14,39,468466.0,Cifras Definitivas
2016,4,Tren Eléctrico,Longitud de servicio,14039.0,14,39,24.0,Cifras Definitivas
2016,4,Tren Eléctrico,Pasajeros transportados,14039.0,14,39,8101776.0,Cifras Definitivas
2016,4,Tren Eléctrico,Unidades en operación,14039.0,14,39,44.0,Cifras Definitivas
2016,4,Trolebús,Ingresos por pasaje,14039.0,14,39,1056351.0,Cifras Definitivas
2016,4,Trolebús,Kilómetros recorridos,14039.0,14,39,106101.0,Cifras Definitivas
2016,4,Trolebús,Lineas en servicio,14039.0,14,39,2.0,Cifras Definitivas
2016,4,Trolebús,Longitud de servicio,14039.0,14,39,39.0,Cifras Definitivas
2016,4,Trolebús,Pasajeros transportados,14039.0,14,39,421822.0,Cifras Definitivas
2016,4,Trolebús,Unidades en operación,14039.0,14,39,32.0,Cifras Definitivas
2016,4,Macrobús Servicio Troncal,Autobuses en operación de lunes a viernes,14039.0,14,39,39.0,Cifras Definitivas
2016,4,Macrobús Servicio Troncal,Autobuses en operación de sábado a domingo,14039.0,14,39,33.0,Cifras Definitivas
2016,4,Macrobús Servicio Troncal,Ingresos por pasaje,14039.0,14,39,18635642.0,Cifras Definitivas
2016,4,Macrobús Servicio Troncal,Kilómetros recorridos,14039.0,14,39,327750.0,Cifras Definitivas
2016,4,Macrobús Servicio Troncal,Pasajeros transportados,14039.0,14,39,2992560.0,Cifras Definitivas
2016,4,Macrobús Servicio Troncal,Pasajeros transportados con boleto pagado,14039.0,14,39,2277063.0,Cifras Definitivas
2016,4,Macrobús Servicio Troncal,Pasajeros transportados con cortesía,14039.0,14,39,20978.0,Cifras Definitivas
2016,4,Macrobús Servicio Troncal,Pasajeros transportados con descuento,14039.0,14,39,694519.0,Cifras Definitivas
2016,4,Macrobús Servicio Troncal,Rutas,14039.0,14,39,2.0,Cifras Definitivas
2016,4,Macrobús Servicio Alimentador,Autobuses en operación de lunes a viernes,14039.0,14,39,81.0,Cifras Definitivas
2016,4,Macrobús Servicio Alimentador,Autobuses en operación de sábado a domingo,14039.0,14,39,76.0,Cifras Definitivas
2016,4,Macrobús Servicio Alimentador,Ingresos por pasaje,14039.0,14,39,4462765.0,Cifras Definitivas
2016,4,Macrobús Servicio Alimentador,Kilómetros recorridos,14039.0,14,39,439603.0,Cifras Definitivas
2016,4,Macrobús Servicio Alimentador,Pasajeros transportados,14039.0,14,39,882887.0,Cifras Definitivas
2016,4,Macrobús Servicio Alimentador,Pasajeros transportados con boleto pagado,14039.0,14,39,735310.0,Cifras Definitivas
2016,4,Macrobús Servicio Alimentador,Pasajeros transportados con descuento,14039.0,14,39,147577.0,Cifras Definitivas
2016,4,Macrobús Servicio Alimentador,Rutas,14039.0,14,39,15.0,Cifras Definitivas
2016,4,Sistema Integral del Tren Ligero,Autobuses en operación de lunes a viernes,14039.0,14,39,36.0,Cifras Definitivas
2016,4,Sistema Integral del Tren Ligero,Autobuses en operación de sábado a domingo,14039.0,14,39,21.0,Cifras Definitivas
2016,4,Sistema Integral del Tren Ligero,Kilómetros recorridos,14039.0,14,39,188978.0,Cifras Definitivas
2016,4,Sistema Integral del Tren Ligero,Pasajeros transportados,14039.0,14,39,396416.0,Cifras Definitivas
2016,4,Sistema Integral del Tren Ligero,Pasajeros transportados con boleto pagado,14039.0,14,39,393182.0,Cifras Definitivas
2016,4,Sistema Integral del Tren Ligero,Pasajeros transportados con cortesía,14039.0,14,39,3234.0,Cifras Definitivas
2016,4,Sistema Integral del Tren Ligero,Rutas,14039.0,14,39,2.0,Cifras Definitivas
2016,5,Tren Eléctrico,Ingresos por pasaje,14039.0,14,39,39357823.0,Cifras Definitivas
2016,5,Tren Eléctrico,Kilómetros recorridos,14039.0,14,39,474792.0,Cifras Definitivas
2016,5,Tren Eléctrico,Longitud de servicio,14039.0,14,39,24.0,Cifras Definitivas
2016,5,Tren Eléctrico,Pasajeros transportados,14039.0,14,39,8256762.0,Cifras Definitivas
2016,5,Tren Eléctrico,Unidades en operación,14039.0,14,39,44.0,Cifras Definitivas
2016,5,Trolebús,Ingresos por pasaje,14039.0,14,39,1147198.0,Cifras Definitivas
2016,5,Trolebús,Kilómetros recorridos,14039.0,14,39,129440.0,Cifras Definitivas
2016,5,Trolebús,Lineas en servicio,14039.0,14,39,2.0,Cifras Definitivas
2016,5,Trolebús,Longitud de servicio,14039.0,14,39,39.0,Cifras Definitivas
2016,5,Trolebús,Pasajeros transportados,14039.0,14,39,453823.0,Cifras Definitivas
2016,5,Trolebús,Unidades en operación,14039.0,14,39,35.0,Cifras Definitivas
2016,5,Macrobús Servicio Troncal,Autobuses en operación de lunes a viernes,14039.0,14,39,39.0,Cifras Definitivas
2016,5,Macrobús Servicio Troncal,Autobuses en operación de sábado a domingo,14039.0,14,39,33.0,Cifras Definitivas
2016,5,Macrobús Servicio Troncal,Ingresos por pasaje,14039.0,14,39,18396545.0,Cifras Definitivas
2016,5,Macrobús Servicio Troncal,Kilómetros recorridos,14039.0,14,39,336180.0,Cifras Definitivas
2016,5,Macrobús Servicio Troncal,Pasajeros transportados,14039.0,14,39,3015880.0,Cifras Definitivas
2016,5,Macrobús Servicio Troncal,Pasajeros transportados con boleto pagado,14039.0,14,39,2320579.0,Cifras Definitivas
2016,5,Macrobús Servicio Troncal,Pasajeros transportados con cortesía,14039.0,14,39,19402.0,Cifras Definitivas
2016,5,Macrobús Servicio Troncal,Pasajeros transportados con descuento,14039.0,14,39,675899.0,Cifras Definitivas
2016,5,Macrobús Servicio Troncal,Rutas,14039.0,14,39,2.0,Cifras Definitivas
2016,5,Macrobús Servicio Alimentador,Autobuses en operación de lunes a viernes,14039.0,14,39,81.0,Cifras Definitivas
2016,5,Macrobús Servicio Alimentador,Autobuses en operación de sábado a domingo,14039.0,14,39,76.0,Cifras Definitivas
2016,5,Macrobús Servicio Alimentador,Ingresos por pasaje,14039.0,14,39,4263754.0,Cifras Definitivas
2016,5,Macrobús Servicio Alimentador,Kilómetros recorridos,14039.0,14,39,469438.0,Cifras Definitivas
2016,5,Macrobús Servicio Alimentador,Pasajeros transportados,14039.0,14,39,916199.0,Cifras Definitivas
2016,5,Macrobús Servicio Alimentador,Pasajeros transportados con boleto pagado,14039.0,14,39,764565.0,Cifras Definitivas
2016,5,Macrobús Servicio Alimentador,Pasajeros transportados con descuento,14039.0,14,39,151634.0,Cifras Definitivas
2016,5,Macrobús Servicio Alimentador,Rutas,14039.0,14,39,15.0,Cifras Definitivas
2016,5,Sistema Integral del Tren Ligero,Autobuses en operación de lunes a viernes,14039.0,14,39,36.0,Cifras Definitivas
2016,5,Sistema Integral del Tren Ligero,Autobuses en operación de sábado a domingo,14039.0,14,39,21.0,Cifras Definitivas
2016,5,Sistema Integral del Tren Ligero,Kilómetros recorridos,14039.0,14,39,191326.0,Cifras Definitivas
2016,5,Sistema Integral del Tren Ligero,Pasajeros transportados,14039.0,14,39,404901.0,Cifras Definitivas
2016,5,Sistema Integral del Tren Ligero,Pasajeros transportados con boleto pagado,14039.0,14,39,401779.0,Cifras Definitivas
2016,5,Sistema Integral del Tren Ligero,Pasajeros transportados con cortesía,14039.0,14,39,3122.0,Cifras Definitivas
2016,5,Sistema Integral del Tren Ligero,Rutas,14039.0,14,39,2.0,Cifras Definitivas
2016,6,Tren Eléctrico,Ingresos por pasaje,14039.0,14,39,37431334.0,Cifras Definitivas
2016,6,Tren Eléctrico,Kilómetros recorridos,14039.0,14,39,474938.0,Cifras Definitivas
2016,6,Tren Eléctrico,Longitud de servicio,14039.0,14,39,24.0,Cifras Definitivas
2016,6,Tren Eléctrico,Pasajeros transportados,14039.0,14,39,7852953.0,Cifras Definitivas
2016,6,Tren Eléctrico,Unidades en operación,14039.0,14,39,44.0,Cifras Definitivas
2016,6,Trolebús,Ingresos por pasaje,14039.0,14,39,2229936.0,Cifras Definitivas
2016,6,Trolebús,Kilómetros recorridos,14039.0,14,39,127840.0,Cifras Definitivas
2016,6,Trolebús,Lineas en servicio,14039.0,14,39,2.0,Cifras Definitivas
2016,6,Trolebús,Longitud de servicio,14039.0,14,39,39.0,Cifras Definitivas
2016,6,Trolebús,Pasajeros transportados,14039.0,14,39,439696.0,Cifras Definitivas
2016,6,Trolebús,Unidades en operación,14039.0,14,39,35.0,Cifras Definitivas
2016,6,Macrobús Servicio Troncal,Autobuses en operación de lunes a viernes,14039.0,14,39,39.0,Cifras Definitivas
2016,6,Macrobús Servicio Troncal,Autobuses en operación de sábado a domingo,14039.0,14,39,33.0,Cifras Definitivas
2016,6,Macrobús Servicio Troncal,Ingresos por pasaje,14039.0,14,39,21907234.0,Cifras Definitivas
2016,6,Macrobús Servicio Troncal,Kilómetros recorridos,14039.0,14,39,333696.0,Cifras Definitivas
2016,6,Macrobús Servicio Troncal,Pasajeros transportados,14039.0,14,39,2740378.0,Cifras Definitivas
2016,6,Macrobús Servicio Troncal,Pasajeros transportados con boleto pagado,14039.0,14,39,2256985.0,Cifras Definitivas
2016,6,Macrobús Servicio Troncal,Pasajeros transportados con cortesía,14039.0,14,39,17373.0,Cifras Definitivas
2016,6,Macrobús Servicio Troncal,Pasajeros transportados con descuento,14039.0,14,39,466020.0,Cifras Definitivas
2016,6,Macrobús Servicio Troncal,Rutas,14039.0,14,39,2.0,Cifras Definitivas
2016,6,Macrobús Servicio Alimentador,Autobuses en operación de lunes a viernes,14039.0,14,39,81.0,Cifras Definitivas
2016,6,Macrobús Servicio Alimentador,Autobuses en operación de sábado a domingo,14039.0,14,39,76.0,Cifras Definitivas
2016,6,Macrobús Servicio Alimentador,Ingresos por pasaje,14039.0,14,39,4957324.0,Cifras Definitivas
2016,6,Macrobús Servicio Alimentador,Kilómetros recorridos,14039.0,14,39,453986.0,Cifras Definitivas
2016,6,Macrobús Servicio Alimentador,Pasajeros transportados,14039.0,14,39,843045.0,Cifras Definitivas
2016,6,Macrobús Servicio Alimentador,Pasajeros transportados con boleto pagado,14039.0,14,39,729094.0,Cifras Definitivas
2016,6,Macrobús Servicio Alimentador,Pasajeros transportados con descuento,14039.0,14,39,113951.0,Cifras Definitivas
2016,6,Macrobús Servicio Alimentador,Rutas,14039.0,14,39,15.0,Cifras Definitivas
2016,6,Sistema Integral del Tren Ligero,Autobuses en operación de lunes a viernes,14039.0,14,39,36.0,Cifras Definitivas
2016,6,Sistema Integral del Tren Ligero,Autobuses en operación de sábado a domingo,14039.0,14,39,21.0,Cifras Definitivas
2016,6,Sistema Integral del Tren Ligero,Kilómetros recorridos,14039.0,14,39,190726.0,Cifras Definitivas
2016,6,Sistema Integral del Tren Ligero,Pasajeros transportados,14039.0,14,39,386070.0,Cifras Definitivas
2016,6,Sistema Integral del Tren Ligero,Pasajeros transportados con boleto pagado,14039.0,14,39,383204.0,Cifras Definitivas
2016,6,Sistema Integral del Tren Ligero,Pasajeros transportados con cortesía,14039.0,14,39,2866.0,Cifras Definitivas
2016,6,Sistema Integral del Tren Ligero,Rutas,14039.0,14,39,2.0,Cifras Definitivas
2016,7,Tren Eléctrico,Ingresos por pasaje,14039.0,14,39,37326471.0,Cifras Definitivas
2016,7,Tren Eléctrico,Kilómetros recorridos,14039.0,14,39,478672.0,Cifras Definitivas
2016,7,Tren Eléctrico,Longitud de servicio,14039.0,14,39,24.0,Cifras Definitivas
2016,7,Tren Eléctrico,Pasajeros transportados,14039.0,14,39,7831065.0,Cifras Definitivas
2016,7,Tren Eléctrico,Unidades en operación,14039.0,14,39,38.0,Cifras Definitivas
2016,7,Trolebús,Ingresos por pasaje,14039.0,14,39,2216422.0,Cifras Definitivas
2016,7,Trolebús,Kilómetros recorridos,14039.0,14,39,114680.0,Cifras Definitivas
2016,7,Trolebús,Lineas en servicio,14039.0,14,39,2.0,Cifras Definitivas
2016,7,Trolebús,Longitud de servicio,14039.0,14,39,39.0,Cifras Definitivas
2016,7,Trolebús,Pasajeros transportados,14039.0,14,39,434651.0,Cifras Definitivas
2016,7,Trolebús,Unidades en operación,14039.0,14,39,35.0,Cifras Definitivas
2016,7,Macrobús Servicio Troncal,Autobuses en operación de lunes a viernes,14039.0,14,39,39.0,Cifras Definitivas
2016,7,Macrobús Servicio Troncal,Autobuses en operación de sábado a domingo,14039.0,14,39,33.0,Cifras Definitivas
2016,7,Macrobús Servicio Troncal,Ingresos por pasaje,14039.0,14,39,17940095.0,Cifras Definitivas
2016,7,Macrobús Servicio Troncal,Kilómetros recorridos,14039.0,14,39,335124.0,Cifras Definitivas
2016,7,Macrobús Servicio Troncal,Pasajeros transportados,14039.0,14,39,2727587.0,Cifras Definitivas
2016,7,Macrobús Servicio Troncal,Pasajeros transportados con boleto pagado,14039.0,14,39,2388598.0,Cifras Definitivas
2016,7,Macrobús Servicio Troncal,Pasajeros transportados con cortesía,14039.0,14,39,14024.0,Cifras Definitivas
2016,7,Macrobús Servicio Troncal,Pasajeros transportados con descuento,14039.0,14,39,324965.0,Cifras Definitivas
2016,7,Macrobús Servicio Troncal,Rutas,14039.0,14,39,2.0,Cifras Definitivas
2016,7,Macrobús Servicio Alimentador,Autobuses en operación de lunes a viernes,14039.0,14,39,81.0,Cifras Definitivas
2016,7,Macrobús Servicio Alimentador,Autobuses en operación de sábado a domingo,14039.0,14,39,76.0,Cifras Definitivas
2016,7,Macrobús Servicio Alimentador,Ingresos por pasaje,14039.0,14,39,4055216.0,Cifras Definitivas
2016,7,Macrobús Servicio Alimentador,Kilómetros recorridos,14039.0,14,39,463272.0,Cifras Definitivas
2016,7,Macrobús Servicio Alimentador,Pasajeros transportados,14039.0,14,39,890209.0,Cifras Definitivas
2016,7,Macrobús Servicio Alimentador,Pasajeros transportados con boleto pagado,14039.0,14,39,818763.0,Cifras Definitivas
2016,7,Macrobús Servicio Alimentador,Pasajeros transportados con descuento,14039.0,14,39,71446.0,Cifras Definitivas
2016,7,Macrobús Servicio Alimentador,Rutas,14039.0,14,39,15.0,Cifras Definitivas
2016,7,Sistema Integral del Tren Ligero,Autobuses en operación de lunes a viernes,14039.0,14,39,36.0,Cifras Definitivas
2016,7,Sistema Integral del Tren Ligero,Autobuses en operación de sábado a domingo,14039.0,14,39,21.0,Cifras Definitivas
2016,7,Sistema Integral del Tren Ligero,Kilómetros recorridos,14039.0,14,39,188495.0,Cifras Definitivas
2016,7,Sistema Integral del Tren Ligero,Pasajeros transportados,14039.0,14,39,384314.0,Cifras Definitivas
2016,7,Sistema Integral del Tren Ligero,Pasajeros transportados con boleto pagado,14039.0,14,39,381745.0,Cifras Definitivas
2016,7,Sistema Integral del Tren Ligero,Pasajeros transportados con cortesía,14039.0,14,39,2569.0,Cifras Definitivas
2016,7,Sistema Integral del Tren Ligero,Rutas,14039.0,14,39,2.0,Cifras Definitivas
2016,8,Tren Eléctrico,Ingresos por pasaje,14039.0,14,39,40265176.0,Cifras Definitivas
2016,8,Tren Eléctrico,Kilómetros recorridos,14039.0,14,39,491813.0,Cifras Definitivas
2016,8,Tren Eléctrico,Longitud de servicio,14039.0,14,39,24.0,Cifras Definitivas
2016,8,Tren Eléctrico,Pasajeros transportados,14039.0,14,39,8447533.0,Cifras Definitivas
2016,8,Tren Eléctrico,Unidades en operación,14039.0,14,39,38.0,Cifras Definitivas
2016,8,Trolebús,Ingresos por pasaje,14039.0,14,39,1175216.0,Cifras Definitivas
2016,8,Trolebús,Kilómetros recorridos,14039.0,14,39,131820.0,Cifras Definitivas
2016,8,Trolebús,Lineas en servicio,14039.0,14,39,2.0,Cifras Definitivas
2016,8,Trolebús,Longitud de servicio,14039.0,14,39,39.0,Cifras Definitivas
2016,8,Trolebús,Pasajeros transportados,14039.0,14,39,470116.0,Cifras Definitivas
2016,8,Trolebús,Unidades en operación,14039.0,14,39,35.0,Cifras Definitivas
2016,8,Macrobús Servicio Troncal,Autobuses en operación de lunes a viernes,14039.0,14,39,39.0,Cifras Definitivas
2016,8,Macrobús Servicio Troncal,Autobuses en operación de sábado a domingo,14039.0,14,39,33.0,Cifras Definitivas
2016,8,Macrobús Servicio Troncal,Ingresos por pasaje,14039.0,14,39,19247019.0,Cifras Definitivas
2016,8,Macrobús Servicio Troncal,Kilómetros recorridos,14039.0,14,39,345882.0,Cifras Definitivas
2016,8,Macrobús Servicio Troncal,Pasajeros transportados,14039.0,14,39,3072502.0,Cifras Definitivas
2016,8,Macrobús Servicio Troncal,Pasajeros transportados con boleto pagado,14039.0,14,39,2620391.0,Cifras Definitivas
2016,8,Macrobús Servicio Troncal,Pasajeros transportados con cortesía,14039.0,14,39,17300.0,Cifras Definitivas
2016,8,Macrobús Servicio Troncal,Pasajeros transportados con descuento,14039.0,14,39,434811.0,Cifras Definitivas
2016,8,Macrobús Servicio Troncal,Rutas,14039.0,14,39,2.0,Cifras Definitivas
2016,8,Macrobús Servicio Alimentador,Autobuses en operación de lunes a viernes,14039.0,14,39,81.0,Cifras Definitivas
2016,8,Macrobús Servicio Alimentador,Autobuses en operación de sábado a domingo,14039.0,14,39,76.0,Cifras Definitivas
2016,8,Macrobús Servicio Alimentador,Ingresos por pasaje,14039.0,14,39,4053383.0,Cifras Definitivas
2016,8,Macrobús Servicio Alimentador,Kilómetros recorridos,14039.0,14,39,458756.0,Cifras Definitivas
2016,8,Macrobús Servicio Alimentador,Pasajeros transportados,14039.0,14,39,903413.0,Cifras Definitivas
2016,8,Macrobús Servicio Alimentador,Pasajeros transportados con boleto pagado,14039.0,14,39,813553.0,Cifras Definitivas
2016,8,Macrobús Servicio Alimentador,Pasajeros transportados con descuento,14039.0,14,39,89860.0,Cifras Definitivas
2016,8,Macrobús Servicio Alimentador,Rutas,14039.0,14,39,15.0,Cifras Definitivas
2016,8,Sistema Integral del Tren Ligero,Autobuses en operación de lunes a viernes,14039.0,14,39,36.0,Cifras Definitivas
2016,8,Sistema Integral del Tren Ligero,Autobuses en operación de sábado a domingo,14039.0,14,39,21.0,Cifras Definitivas
2016,8,Sistema Integral del Tren Ligero,Kilómetros recorridos,14039.0,14,39,187351.0,Cifras Definitivas
2016,8,Sistema Integral del Tren Ligero,Pasajeros transportados,14039.0,14,39,416150.0,Cifras Definitivas
2016,8,Sistema Integral del Tren Ligero,Pasajeros transportados con boleto pagado,14039.0,14,39,413049.0,Cifras Definitivas
2016,8,Sistema Integral del Tren Ligero,Pasajeros transportados con cortesía,14039.0,14,39,3101.0,Cifras Definitivas
2016,8,Sistema Integral del Tren Ligero,Rutas,14039.0,14,39,2.0,Cifras Definitivas
2016,9,Tren Eléctrico,Ingresos por pasaje,14039.0,14,39,39636254.0,Cifras Definitivas
2016,9,Tren Eléctrico,Kilómetros recorridos,14039.0,14,39,471819.0,Cifras Definitivas
2016,9,Tren Eléctrico,Longitud de servicio,14039.0,14,39,24.0,Cifras Definitivas
2016,9,Tren Eléctrico,Pasajeros transportados,14039.0,14,39,8315585.0,Cifras Definitivas
2016,9,Tren Eléctrico,Unidades en operación,14039.0,14,39,44.0,Cifras Definitivas
2016,9,Trolebús,Ingresos por pasaje,14039.0,14,39,1162931.0,Cifras Definitivas
2016,9,Trolebús,Kilómetros recorridos,14039.0,14,39,127840.0,Cifras Definitivas
2016,9,Trolebús,Lineas en servicio,14039.0,14,39,2.0,Cifras Definitivas
2016,9,Trolebús,Longitud de servicio,14039.0,14,39,39.0,Cifras Definitivas
2016,9,Trolebús,Pasajeros transportados,14039.0,14,39,468357.0,Cifras Definitivas
2016,9,Trolebús,Unidades en operación,14039.0,14,39,35.0,Cifras Definitivas
2016,9,Macrobús Servicio Troncal,Autobuses en operación de lunes a viernes,14039.0,14,39,39.0,Cifras Definitivas
2016,9,Macrobús Servicio Troncal,Autobuses en operación de sábado a domingo,14039.0,14,39,33.0,Cifras Definitivas
2016,9,Macrobús Servicio Troncal,Ingresos por pasaje,14039.0,14,39,24197857.0,Cifras Definitivas
2016,9,Macrobús Servicio Troncal,Kilómetros recorridos,14039.0,14,39,326926.0,Cifras Definitivas
2016,9,Macrobús Servicio Troncal,Pasajeros transportados,14039.0,14,39,3088719.0,Cifras Definitivas
2016,9,Macrobús Servicio Troncal,Pasajeros transportados con boleto pagado,14039.0,14,39,2489142.0,Cifras Definitivas
2016,9,Macrobús Servicio Troncal,Pasajeros transportados con cortesía,14039.0,14,39,16828.0,Cifras Definitivas
2016,9,Macrobús Servicio Troncal,Pasajeros transportados con descuento,14039.0,14,39,582749.0,Cifras Definitivas
2016,9,Macrobús Servicio Troncal,Rutas,14039.0,14,39,2.0,Cifras Definitivas
2016,9,Macrobús Servicio Alimentador,Autobuses en operación de lunes a viernes,14039.0,14,39,81.0,Cifras Definitivas
2016,9,Macrobús Servicio Alimentador,Autobuses en operación de sábado a domingo,14039.0,14,39,76.0,Cifras Definitivas
2016,9,Macrobús Servicio Alimentador,Ingresos por pasaje,14039.0,14,39,5912635.0,Cifras Definitivas
2016,9,Macrobús Servicio Alimentador,Kilómetros recorridos,14039.0,14,39,435445.0,Cifras Definitivas
2016,9,Macrobús Servicio Alimentador,Pasajeros transportados,14039.0,14,39,919440.0,Cifras Definitivas
2016,9,Macrobús Servicio Alimentador,Pasajeros transportados con boleto pagado,14039.0,14,39,801885.0,Cifras Definitivas
2016,9,Macrobús Servicio Alimentador,Pasajeros transportados con descuento,14039.0,14,39,117555.0,Cifras Definitivas
2016,9,Macrobús Servicio Alimentador,Rutas,14039.0,14,39,15.0,Cifras Definitivas
2016,9,Sistema Integral del Tren Ligero,Autobuses en operación de lunes a viernes,14039.0,14,39,36.0,Cifras Definitivas
2016,9,Sistema Integral del Tren Ligero,Autobuses en operación de sábado a domingo,14039.0,14,39,21.0,Cifras Definitivas
2016,9,Sistema Integral del Tren Ligero,Kilómetros recorridos,14039.0,14,39,185935.0,Cifras Definitivas
2016,9,Sistema Integral del Tren Ligero,Pasajeros transportados,14039.0,14,39,414141.0,Cifras Definitivas
2016,9,Sistema Integral del Tren Ligero,Pasajeros transportados con boleto pagado,14039.0,14,39,411084.0,Cifras Definitivas
2016,9,Sistema Integral del Tren Ligero,Pasajeros transportados con cortesía,14039.0,14,39,3057.0,Cifras Definitivas
2016,9,Sistema Integral del Tren Ligero,Rutas,14039.0,14,39,2.0,Cifras Definitivas
2016,10,Tren Eléctrico,Ingresos por pasaje,14039.0,14,39,42836975.0,Cifras Definitivas
2016,10,Tren Eléctrico,Kilómetros recorridos,14039.0,14,39,510547.0,Cifras Definitivas
2016,10,Tren Eléctrico,Longitud de servicio,14039.0,14,39,24.0,Cifras Definitivas
2016,10,Tren Eléctrico,Pasajeros transportados,14039.0,14,39,8987090.0,Cifras Definitivas
2016,10,Tren Eléctrico,Unidades en operación,14039.0,14,39,38.0,Cifras Definitivas
2016,10,Trolebús,Ingresos por pasaje,14039.0,14,39,1180022.0,Cifras Definitivas
2016,10,Trolebús,Kilómetros recorridos,14039.0,14,39,127840.0,Cifras Definitivas
2016,10,Trolebús,Lineas en servicio,14039.0,14,39,2.0,Cifras Definitivas
2016,10,Trolebús,Longitud de servicio,14039.0,14,39,39.0,Cifras Definitivas
2016,10,Trolebús,Pasajeros transportados,14039.0,14,39,482584.0,Cifras Definitivas
2016,10,Trolebús,Unidades en operación,14039.0,14,39,35.0,Cifras Definitivas
2016,10,Macrobús Servicio Troncal,Autobuses en operación de lunes a viernes,14039.0,14,39,39.0,Cifras Definitivas
2016,10,Macrobús Servicio Troncal,Autobuses en operación de sábado a domingo,14039.0,14,39,33.0,Cifras Definitivas
2016,10,Macrobús Servicio Troncal,Ingresos por pasaje,14039.0,14,39,19520928.0,Cifras Definitivas
2016,10,Macrobús Servicio Troncal,Kilómetros recorridos,14039.0,14,39,339248.0,Cifras Definitivas
2016,10,Macrobús Servicio Troncal,Pasajeros transportados,14039.0,14,39,3249764.0,Cifras Definitivas
2016,10,Macrobús Servicio Troncal,Pasajeros transportados con boleto pagado,14039.0,14,39,2564895.0,Cifras Definitivas
2016,10,Macrobús Servicio Troncal,Pasajeros transportados con cortesía,14039.0,14,39,22038.0,Cifras Definitivas
2016,10,Macrobús Servicio Troncal,Pasajeros transportados con descuento,14039.0,14,39,662831.0,Cifras Definitivas
2016,10,Macrobús Servicio Troncal,Rutas,14039.0,14,39,2.0,Cifras Definitivas
2016,10,Macrobús Servicio Alimentador,Autobuses en operación de lunes a viernes,14039.0,14,39,81.0,Cifras Definitivas
2016,10,Macrobús Servicio Alimentador,Autobuses en operación de sábado a domingo,14039.0,14,39,76.0,Cifras Definitivas
2016,10,Macrobús Servicio Alimentador,Ingresos por pasaje,14039.0,14,39,4588638.0,Cifras Definitivas
2016,10,Macrobús Servicio Alimentador,Kilómetros recorridos,14039.0,14,39,471758.0,Cifras Definitivas
2016,10,Macrobús Servicio Alimentador,Pasajeros transportados,14039.0,14,39,944625.0,Cifras Definitivas
2016,10,Macrobús Servicio Alimentador,Pasajeros transportados con boleto pagado,14039.0,14,39,810073.0,Cifras Definitivas
2016,10,Macrobús Servicio Alimentador,Pasajeros transportados con descuento,14039.0,14,39,134552.0,Cifras Definitivas
2016,10,Macrobús Servicio Alimentador,Rutas,14039.0,14,39,15.0,Cifras Definitivas
2016,10,Sistema Integral del Tren Ligero,Autobuses en operación de lunes a viernes,14039.0,14,39,36.0,Cifras Definitivas
2016,10,Sistema Integral del Tren Ligero,Autobuses en operación de sábado a domingo,14039.0,14,39,21.0,Cifras Definitivas
2016,10,Sistema Integral del Tren Ligero,Kilómetros recorridos,14039.0,14,39,184520.0,Cifras Definitivas
2016,10,Sistema Integral del Tren Ligero,Pasajeros transportados,14039.0,14,39,419676.0,Cifras Definitivas
2016,10,Sistema Integral del Tren Ligero,Pasajeros transportados con boleto pagado,14039.0,14,39,416562.0,Cifras Definitivas
2016,10,Sistema Integral del Tren Ligero,Pasajeros transportados con cortesía,14039.0,14,39,3114.0,Cifras Definitivas
2016,10,Sistema Integral del Tren Ligero,Rutas,14039.0,14,39,2.0,Cifras Definitivas
2016,11,Tren Eléctrico,Ingresos por pasaje,14039.0,14,39,44749880.0,Cifras Definitivas
2016,11,Tren Eléctrico,Kilómetros recorridos,14039.0,14,39,466269.0,Cifras Definitivas
2016,11,Tren Eléctrico,Longitud de servicio,14039.0,14,39,24.0,Cifras Definitivas
2016,11,Tren Eléctrico,Pasajeros transportados,14039.0,14,39,8638589.0,Cifras Definitivas
2016,11,Tren Eléctrico,Unidades en operación,14039.0,14,39,38.0,Cifras Definitivas
2016,11,Trolebús,Ingresos por pasaje,14039.0,14,39,1125015.0,Cifras Definitivas
2016,11,Trolebús,Kilómetros recorridos,14039.0,14,39,127840.0,Cifras Definitivas
2016,11,Trolebús,Lineas en servicio,14039.0,14,39,2.0,Cifras Definitivas
2016,11,Trolebús,Longitud de servicio,14039.0,14,39,39.0,Cifras Definitivas
2016,11,Trolebús,Pasajeros transportados,14039.0,14,39,471037.0,Cifras Definitivas
2016,11,Trolebús,Unidades en operación,14039.0,14,39,35.0,Cifras Definitivas
2016,11,Macrobús Servicio Troncal,Autobuses en operación de lunes a viernes,14039.0,14,39,39.0,Cifras Definitivas
2016,11,Macrobús Servicio Troncal,Autobuses en operación de sábado a domingo,14039.0,14,39,33.0,Cifras Definitivas
2016,11,Macrobús Servicio Troncal,Ingresos por pasaje,14039.0,14,39,18970426.0,Cifras Definitivas
2016,11,Macrobús Servicio Troncal,Kilómetros recorridos,14039.0,14,39,337086.0,Cifras Definitivas
2016,11,Macrobús Servicio Troncal,Pasajeros transportados,14039.0,14,39,3182793.0,Cifras Definitivas
2016,11,Macrobús Servicio Troncal,Pasajeros transportados con boleto pagado,14039.0,14,39,2458112.0,Cifras Definitivas
2016,11,Macrobús Servicio Troncal,Pasajeros transportados con cortesía,14039.0,14,39,78507.0,Cifras Definitivas
2016,11,Macrobús Servicio Troncal,Pasajeros transportados con descuento,14039.0,14,39,646174.0,Cifras Definitivas
2016,11,Macrobús Servicio Troncal,Rutas,14039.0,14,39,2.0,Cifras Definitivas
2016,11,Macrobús Servicio Alimentador,Autobuses en operación de lunes a viernes,14039.0,14,39,81.0,Cifras Definitivas
2016,11,Macrobús Servicio Alimentador,Autobuses en operación de sábado a domingo,14039.0,14,39,76.0,Cifras Definitivas
2016,11,Macrobús Servicio Alimentador,Ingresos por pasaje,14039.0,14,39,4342783.0,Cifras Definitivas
2016,11,Macrobús Servicio Alimentador,Kilómetros recorridos,14039.0,14,39,431186.0,Cifras Definitivas
2016,11,Macrobús Servicio Alimentador,Pasajeros transportados,14039.0,14,39,904985.0,Cifras Definitivas
2016,11,Macrobús Servicio Alimentador,Pasajeros transportados con boleto pagado,14039.0,14,39,771750.0,Cifras Definitivas
2016,11,Macrobús Servicio Alimentador,Pasajeros transportados con descuento,14039.0,14,39,133235.0,Cifras Definitivas
2016,11,Macrobús Servicio Alimentador,Rutas,14039.0,14,39,15.0,Cifras Definitivas
2016,11,Sistema Integral del Tren Ligero,Autobuses en operación de lunes a viernes,14039.0,14,39,36.0,Cifras Definitivas
2016,11,Sistema Integral del Tren Ligero,Autobuses en operación de sábado a domingo,14039.0,14,39,21.0,Cifras Definitivas
2016,11,Sistema Integral del Tren Ligero,Kilómetros recorridos,14039.0,14,39,176129.0,Cifras Definitivas
2016,11,Sistema Integral del Tren Ligero,Pasajeros transportados,14039.0,14,39,415550.0,Cifras Definitivas
2016,11,Sistema Integral del Tren Ligero,Pasajeros transportados con boleto pagado,14039.0,14,39,412641.0,Cifras Definitivas
2016,11,Sistema Integral del Tren Ligero,Pasajeros transportados con cortesía,14039.0,14,39,2909.0,Cifras Definitivas
2016,11,Sistema Integral del Tren Ligero,Rutas,14039.0,14,39,2.0,Cifras Definitivas
2016,12,Tren Eléctrico,Ingresos por pasaje,14039.0,14,39,44321698.0,Cifras Definitivas
2016,12,Tren Eléctrico,Kilómetros recorridos,14039.0,14,39,492790.0,Cifras Definitivas
2016,12,Tren Eléctrico,Longitud de servicio,14039.0,14,39,24.0,Cifras Definitivas
2016,12,Tren Eléctrico,Pasajeros transportados,14039.0,14,39,8555932.0,Cifras Definitivas
2016,12,Tren Eléctrico,Unidades en operación,14039.0,14,39,38.0,Cifras Definitivas
2016,12,Trolebús,Ingresos por pasaje,14039.0,14,39,1060951.0,Cifras Definitivas
2016,12,Trolebús,Kilómetros recorridos,14039.0,14,39,127840.0,Cifras Definitivas
2016,12,Trolebús,Lineas en servicio,14039.0,14,39,2.0,Cifras Definitivas
2016,12,Trolebús,Longitud de servicio,14039.0,14,39,39.0,Cifras Definitivas
2016,12,Trolebús,Pasajeros transportados,14039.0,14,39,441803.0,Cifras Definitivas
2016,12,Trolebús,Unidades en operación,14039.0,14,39,35.0,Cifras Definitivas
2016,12,Macrobús Servicio Troncal,Autobuses en operación de lunes a viernes,14039.0,14,39,39.0,Cifras Definitivas
2016,12,Macrobús Servicio Troncal,Autobuses en operación de sábado a domingo,14039.0,14,39,33.0,Cifras Definitivas
2016,12,Macrobús Servicio Troncal,Ingresos por pasaje,14039.0,14,39,17588814.0,Cifras Definitivas
2016,12,Macrobús Servicio Troncal,Kilómetros recorridos,14039.0,14,39,340640.0,Cifras Definitivas
2016,12,Macrobús Servicio Troncal,Pasajeros transportados,14039.0,14,39,2950991.0,Cifras Definitivas
2016,12,Macrobús Servicio Troncal,Pasajeros transportados con boleto pagado,14039.0,14,39,2520271.0,Cifras Definitivas
2016,12,Macrobús Servicio Troncal,Pasajeros transportados con cortesía,14039.0,14,39,14449.0,Cifras Definitivas
2016,12,Macrobús Servicio Troncal,Pasajeros transportados con descuento,14039.0,14,39,416271.0,Cifras Definitivas
2016,12,Macrobús Servicio Troncal,Rutas,14039.0,14,39,2.0,Cifras Definitivas
2016,12,Macrobús Servicio Alimentador,Autobuses en operación de lunes a viernes,14039.0,14,39,81.0,Cifras Definitivas
2016,12,Macrobús Servicio Alimentador,Autobuses en operación de sábado a domingo,14039.0,14,39,76.0,Cifras Definitivas
2016,12,Macrobús Servicio Alimentador,Ingresos por pasaje,14039.0,14,39,4684251.0,Cifras Definitivas
2016,12,Macrobús Servicio Alimentador,Kilómetros recorridos,14039.0,14,39,443874.0,Cifras Definitivas
2016,12,Macrobús Servicio Alimentador,Pasajeros transportados,14039.0,14,39,976143.0,Cifras Definitivas
2016,12,Macrobús Servicio Alimentador,Pasajeros transportados con boleto pagado,14039.0,14,39,877396.0,Cifras Definitivas
2016,12,Macrobús Servicio Alimentador,Pasajeros transportados con descuento,14039.0,14,39,98747.0,Cifras Definitivas
2016,12,Macrobús Servicio Alimentador,Rutas,14039.0,14,39,15.0,Cifras Definitivas
2016,12,Sistema Integral del Tren Ligero,Autobuses en operación de lunes a viernes,14039.0,14,39,36.0,Cifras Definitivas
2016,12,Sistema Integral del Tren Ligero,Autobuses en operación de sábado a domingo,14039.0,14,39,21.0,Cifras Definitivas
2016,12,Sistema Integral del Tren Ligero,Kilómetros recorridos,14039.0,14,39,186270.0,Cifras Definitivas
2016,12,Sistema Integral del Tren Ligero,Pasajeros transportados,14039.0,14,39,395561.0,Cifras Definitivas
2016,12,Sistema Integral del Tren Ligero,Pasajeros transportados con boleto pagado,14039.0,14,39,393012.0,Cifras Definitivas
2016,12,Sistema Integral del Tren Ligero,Pasajeros transportados con cortesía,14039.0,14,39,2549.0,Cifras Definitivas
2016,12,Sistema Integral del Tren Ligero,Rutas,14039.0,14,39,2.0,Cifras Definitivas
2017,1,Tren Eléctrico,Ingresos por pasaje,14039.0,14,39,42805366.0,Cifras Definitivas
2017,1,Tren Eléctrico,Kilómetros recorridos,14039.0,14,39,476579.0,Cifras Definitivas
2017,1,Tren Eléctrico,Longitud de servicio,14039.0,14,39,24.0,Cifras Definitivas
2017,1,Tren Eléctrico,Pasajeros transportados,14039.0,14,39,8297234.0,Cifras Definitivas
2017,1,Tren Eléctrico,Unidades en operación,14039.0,14,39,38.0,Cifras Definitivas
2017,1,Trolebús,Ingresos por pasaje,14039.0,14,39,2987712.0,Cifras Definitivas
2017,1,Trolebús,Kilómetros recorridos,14039.0,14,39,235416.0,Cifras Definitivas
2017,1,Trolebús,Lineas en servicio,14039.0,14,39,2.0,Cifras Definitivas
2017,1,Trolebús,Longitud de servicio,14039.0,14,39,44.0,Cifras Definitivas
2017,1,Trolebús,Pasajeros transportados,14039.0,14,39,471002.0,Cifras Definitivas
2017,1,Trolebús,Unidades en operación,14039.0,14,39,31.0,Cifras Definitivas
2017,1,Macrobús Servicio Troncal,Autobuses en operación de lunes a viernes,14039.0,14,39,40.0,Cifras Definitivas
2017,1,Macrobús Servicio Troncal,Autobuses en operación de sábado a domingo,14039.0,14,39,26.0,Cifras Definitivas
2017,1,Macrobús Servicio Troncal,Ingresos por pasaje,14039.0,14,39,20673531.0,Cifras Definitivas
2017,1,Macrobús Servicio Troncal,Kilómetros recorridos,14039.0,14,39,354012.0,Cifras Definitivas
2017,1,Macrobús Servicio Troncal,Pasajeros transportados,14039.0,14,39,2975773.0,Cifras Definitivas
2017,1,Macrobús Servicio Troncal,Pasajeros transportados con boleto pagado,14039.0,14,39,2390523.0,Cifras Definitivas
2017,1,Macrobús Servicio Troncal,Pasajeros transportados con cortesía,14039.0,14,39,17199.0,Cifras Definitivas
2017,1,Macrobús Servicio Troncal,Pasajeros transportados con descuento,14039.0,14,39,568051.0,Cifras Definitivas
2017,1,Macrobús Servicio Troncal,Rutas,14039.0,14,39,2.0,Cifras Definitivas
2017,1,Macrobús Servicio Alimentador,Autobuses en operación de lunes a viernes,14039.0,14,39,78.0,Cifras Definitivas
2017,1,Macrobús Servicio Alimentador,Autobuses en operación de sábado a domingo,14039.0,14,39,73.0,Cifras Definitivas
2017,1,Macrobús Servicio Alimentador,Ingresos por pasaje,14039.0,14,39,4612956.0,Cifras Definitivas
2017,1,Macrobús Servicio Alimentador,Kilómetros recorridos,14039.0,14,39,441947.0,Cifras Definitivas
2017,1,Macrobús Servicio Alimentador,Pasajeros transportados,14039.0,14,39,834361.0,Cifras Definitivas
2017,1,Macrobús Servicio Alimentador,Pasajeros transportados con boleto pagado,14039.0,14,39,720512.0,Cifras Definitivas
2017,1,Macrobús Servicio Alimentador,Pasajeros transportados con descuento,14039.0,14,39,113849.0,Cifras Definitivas
2017,1,Macrobús Servicio Alimentador,Rutas,14039.0,14,39,15.0,Cifras Definitivas
2017,1,Sistema Integral del Tren Ligero,Autobuses en operación de lunes a viernes,14039.0,14,39,38.0,Cifras Definitivas
2017,1,Sistema Integral del Tren Ligero,Autobuses en operación de sábado a domingo,14039.0,14,39,25.0,Cifras Definitivas
2017,1,Sistema Integral del Tren Ligero,Kilómetros recorridos,14039.0,14,39,187253.0,Cifras Definitivas
2017,1,Sistema Integral del Tren Ligero,Pasajeros transportados,14039.0,14,39,418090.0,Cifras Definitivas
2017,1,Sistema Integral del Tren Ligero,Pasajeros transportados con boleto pagado,14039.0,14,39,415392.0,Cifras Definitivas
2017,1,Sistema Integral del Tren Ligero,Pasajeros transportados con cortesía,14039.0,14,39,2698.0,Cifras Definitivas
2017,1,Sistema Integral del Tren Ligero,Rutas,14039.0,14,39,2.0,Cifras Definitivas
2017,2,Tren Eléctrico,Ingresos por pasaje,14039.0,14,39,40072108.0,Cifras Definitivas
2017,2,Tren Eléctrico,Kilómetros recorridos,14039.0,14,39,437787.0,Cifras Definitivas
2017,2,Tren Eléctrico,Longitud de servicio,14039.0,14,39,24.0,Cifras Definitivas
2017,2,Tren Eléctrico,Pasajeros transportados,14039.0,14,39,7878969.0,Cifras Definitivas
2017,2,Tren Eléctrico,Unidades en operación,14039.0,14,39,38.0,Cifras Definitivas
2017,2,Trolebús,Ingresos por pasaje,14039.0,14,39,2788648.0,Cifras Definitivas
2017,2,Trolebús,Kilómetros recorridos,14039.0,14,39,213568.0,Cifras Definitivas
2017,2,Trolebús,Lineas en servicio,14039.0,14,39,2.0,Cifras Definitivas
2017,2,Trolebús,Longitud de servicio,14039.0,14,39,44.0,Cifras Definitivas
2017,2,Trolebús,Pasajeros transportados,14039.0,14,39,444199.0,Cifras Definitivas
2017,2,Trolebús,Unidades en operación,14039.0,14,39,31.0,Cifras Definitivas
2017,2,Macrobús Servicio Troncal,Autobuses en operación de lunes a viernes,14039.0,14,39,40.0,Cifras Definitivas
2017,2,Macrobús Servicio Troncal,Autobuses en operación de sábado a domingo,14039.0,14,39,26.0,Cifras Definitivas
2017,2,Macrobús Servicio Troncal,Ingresos por pasaje,14039.0,14,39,19890798.0,Cifras Definitivas
2017,2,Macrobús Servicio Troncal,Kilómetros recorridos,14039.0,14,39,314268.0,Cifras Definitivas
2017,2,Macrobús Servicio Troncal,Pasajeros transportados,14039.0,14,39,2960770.0,Cifras Definitivas
2017,2,Macrobús Servicio Troncal,Pasajeros transportados con boleto pagado,14039.0,14,39,2295279.0,Cifras Definitivas
2017,2,Macrobús Servicio Troncal,Pasajeros transportados con cortesía,14039.0,14,39,16117.0,Cifras Definitivas
2017,2,Macrobús Servicio Troncal,Pasajeros transportados con descuento,14039.0,14,39,649374.0,Cifras Definitivas
2017,2,Macrobús Servicio Troncal,Rutas,14039.0,14,39,2.0,Cifras Definitivas
2017,2,Macrobús Servicio Alimentador,Autobuses en operación de lunes a viernes,14039.0,14,39,78.0,Cifras Definitivas
2017,2,Macrobús Servicio Alimentador,Autobuses en operación de sábado a domingo,14039.0,14,39,73.0,Cifras Definitivas
2017,2,Macrobús Servicio Alimentador,Ingresos por pasaje,14039.0,14,39,4429422.0,Cifras Definitivas
2017,2,Macrobús Servicio Alimentador,Kilómetros recorridos,14039.0,14,39,397186.0,Cifras Definitivas
2017,2,Macrobús Servicio Alimentador,Pasajeros transportados,14039.0,14,39,787351.0,Cifras Definitivas
2017,2,Macrobús Servicio Alimentador,Pasajeros transportados con boleto pagado,14039.0,14,39,662191.0,Cifras Definitivas
2017,2,Macrobús Servicio Alimentador,Pasajeros transportados con descuento,14039.0,14,39,125160.0,Cifras Definitivas
2017,2,Macrobús Servicio Alimentador,Rutas,14039.0,14,39,15.0,Cifras Definitivas
2017,2,Sistema Integral del Tren Ligero,Autobuses en operación de lunes a viernes,14039.0,14,39,38.0,Cifras Definitivas
2017,2,Sistema Integral del Tren Ligero,Autobuses en operación de sábado a domingo,14039.0,14,39,25.0,Cifras Definitivas
2017,2,Sistema Integral del Tren Ligero,Kilómetros recorridos,14039.0,14,39,163386.0,Cifras Definitivas
2017,2,Sistema Integral del Tren Ligero,Pasajeros transportados,14039.0,14,39,386455.0,Cifras Definitivas
2017,2,Sistema Integral del Tren Ligero,Pasajeros transportados con boleto pagado,14039.0,14,39,383643.0,Cifras Definitivas
2017,2,Sistema Integral del Tren Ligero,Pasajeros transportados con cortesía,14039.0,14,39,2812.0,Cifras Definitivas
2017,2,Sistema Integral del Tren Ligero,Rutas,14039.0,14,39,2.0,Cifras Definitivas
2017,3,Tren Eléctrico,Ingresos por pasaje,14039.0,14,39,42326044.0,Cifras Definitivas
2017,3,Tren Eléctrico,Kilómetros recorridos,14039.0,14,39,483826.0,Cifras Definitivas
2017,3,Tren Eléctrico,Longitud de servicio,14039.0,14,39,24.0,Cifras Definitivas
2017,3,Tren Eléctrico,Pasajeros transportados,14039.0,14,39,8353989.0,Cifras Definitivas
2017,3,Tren Eléctrico,Unidades en operación,14039.0,14,39,38.0,Cifras Definitivas
2017,3,Trolebús,Ingresos por pasaje,14039.0,14,39,3185390.0,Cifras Definitivas
2017,3,Trolebús,Kilómetros recorridos,14039.0,14,39,237796.0,Cifras Definitivas
2017,3,Trolebús,Lineas en servicio,14039.0,14,39,2.0,Cifras Definitivas
2017,3,Trolebús,Longitud de servicio,14039.0,14,39,44.0,Cifras Definitivas
2017,3,Trolebús,Pasajeros transportados,14039.0,14,39,507970.0,Cifras Definitivas
2017,3,Trolebús,Unidades en operación,14039.0,14,39,31.0,Cifras Definitivas
2017,3,Macrobús Servicio Troncal,Autobuses en operación de lunes a viernes,14039.0,14,39,40.0,Cifras Definitivas
2017,3,Macrobús Servicio Troncal,Autobuses en operación de sábado a domingo,14039.0,14,39,26.0,Cifras Definitivas
2017,3,Macrobús Servicio Troncal,Ingresos por pasaje,14039.0,14,39,21179950.0,Cifras Definitivas
2017,3,Macrobús Servicio Troncal,Kilómetros recorridos,14039.0,14,39,354204.0,Cifras Definitivas
2017,3,Macrobús Servicio Troncal,Pasajeros transportados,14039.0,14,39,3237498.0,Cifras Definitivas
2017,3,Macrobús Servicio Troncal,Pasajeros transportados con boleto pagado,14039.0,14,39,2442394.0,Cifras Definitivas
2017,3,Macrobús Servicio Troncal,Pasajeros transportados con cortesía,14039.0,14,39,19168.0,Cifras Definitivas
2017,3,Macrobús Servicio Troncal,Pasajeros transportados con descuento,14039.0,14,39,775936.0,Cifras Definitivas
2017,3,Macrobús Servicio Troncal,Rutas,14039.0,14,39,2.0,Cifras Definitivas
2017,3,Macrobús Servicio Alimentador,Autobuses en operación de lunes a viernes,14039.0,14,39,78.0,Cifras Definitivas
2017,3,Macrobús Servicio Alimentador,Autobuses en operación de sábado a domingo,14039.0,14,39,73.0,Cifras Definitivas
2017,3,Macrobús Servicio Alimentador,Ingresos por pasaje,14039.0,14,39,4910377.0,Cifras Definitivas
2017,3,Macrobús Servicio Alimentador,Kilómetros recorridos,14039.0,14,39,443729.0,Cifras Definitivas
2017,3,Macrobús Servicio Alimentador,Pasajeros transportados,14039.0,14,39,931451.0,Cifras Definitivas
2017,3,Macrobús Servicio Alimentador,Pasajeros transportados con boleto pagado,14039.0,14,39,783360.0,Cifras Definitivas
2017,3,Macrobús Servicio Alimentador,Pasajeros transportados con descuento,14039.0,14,39,148091.0,Cifras Definitivas
2017,3,Macrobús Servicio Alimentador,Rutas,14039.0,14,39,15.0,Cifras Definitivas
2017,3,Sistema Integral del Tren Ligero,Autobuses en operación de lunes a viernes,14039.0,14,39,38.0,Cifras Definitivas
2017,3,Sistema Integral del Tren Ligero,Autobuses en operación de sábado a domingo,14039.0,14,39,25.0,Cifras Definitivas
2017,3,Sistema Integral del Tren Ligero,Kilómetros recorridos,14039.0,14,39,186788.0,Cifras Definitivas
2017,3,Sistema Integral del Tren Ligero,Pasajeros transportados,14039.0,14,39,426104.0,Cifras Definitivas
2017,3,Sistema Integral del Tren Ligero,Pasajeros transportados con boleto pagado,14039.0,14,39,423011.0,Cifras Definitivas
2017,3,Sistema Integral del Tren Ligero,Pasajeros transportados con cortesía,14039.0,14,39,3093.0,Cifras Definitivas
2017,3,Sistema Integral del Tren Ligero,Rutas,14039.0,14,39,2.0,Cifras Definitivas
2017,4,Tren Eléctrico,Ingresos por pasaje,14039.0,14,39,36519537.0,Cifras Definitivas
2017,4,Tren Eléctrico,Kilómetros recorridos,14039.0,14,39,441567.0,Cifras Definitivas
2017,4,Tren Eléctrico,Longitud de servicio,14039.0,14,39,24.0,Cifras Definitivas
2017,4,Tren Eléctrico,Pasajeros transportados,14039.0,14,39,7086605.0,Cifras Definitivas
2017,4,Tren Eléctrico,Unidades en operación,14039.0,14,39,38.0,Cifras Definitivas
2017,4,Trolebús,Ingresos por pasaje,14039.0,14,39,2670896.0,Cifras Definitivas
2017,4,Trolebús,Kilómetros recorridos,14039.0,14,39,208348.0,Cifras Definitivas
2017,4,Trolebús,Lineas en servicio,14039.0,14,39,2.0,Cifras Definitivas
2017,4,Trolebús,Longitud de servicio,14039.0,14,39,44.0,Cifras Definitivas
2017,4,Trolebús,Pasajeros transportados,14039.0,14,39,420282.0,Cifras Definitivas
2017,4,Trolebús,Unidades en operación,14039.0,14,39,31.0,Cifras Definitivas
2017,4,Macrobús Servicio Troncal,Autobuses en operación de lunes a viernes,14039.0,14,39,40.0,Cifras Definitivas
2017,4,Macrobús Servicio Troncal,Autobuses en operación de sábado a domingo,14039.0,14,39,26.0,Cifras Definitivas
2017,4,Macrobús Servicio Troncal,Ingresos por pasaje,14039.0,14,39,18371529.0,Cifras Definitivas
2017,4,Macrobús Servicio Troncal,Kilómetros recorridos,14039.0,14,39,329462.0,Cifras Definitivas
2017,4,Macrobús Servicio Troncal,Pasajeros transportados,14039.0,14,39,2679309.0,Cifras Definitivas
2017,4,Macrobús Servicio Troncal,Pasajeros transportados con boleto pagado,14039.0,14,39,2219157.0,Cifras Definitivas
2017,4,Macrobús Servicio Troncal,Pasajeros transportados con cortesía,14039.0,14,39,15019.0,Cifras Definitivas
2017,4,Macrobús Servicio Troncal,Pasajeros transportados con descuento,14039.0,14,39,445133.0,Cifras Definitivas
2017,4,Macrobús Servicio Troncal,Rutas,14039.0,14,39,2.0,Cifras Definitivas
2017,4,Macrobús Servicio Alimentador,Autobuses en operación de lunes a viernes,14039.0,14,39,78.0,Cifras Definitivas
2017,4,Macrobús Servicio Alimentador,Autobuses en operación de sábado a domingo,14039.0,14,39,73.0,Cifras Definitivas
2017,4,Macrobús Servicio Alimentador,Ingresos por pasaje,14039.0,14,39,4177702.0,Cifras Definitivas
2017,4,Macrobús Servicio Alimentador,Kilómetros recorridos,14039.0,14,39,428079.0,Cifras Definitivas
2017,4,Macrobús Servicio Alimentador,Pasajeros transportados,14039.0,14,39,693877.0,Cifras Definitivas
2017,4,Macrobús Servicio Alimentador,Pasajeros transportados con boleto pagado,14039.0,14,39,601960.0,Cifras Definitivas
2017,4,Macrobús Servicio Alimentador,Pasajeros transportados con descuento,14039.0,14,39,91917.0,Cifras Definitivas
2017,4,Macrobús Servicio Alimentador,Rutas,14039.0,14,39,15.0,Cifras Definitivas
2017,4,Sistema Integral del Tren Ligero,Autobuses en operación de lunes a viernes,14039.0,14,39,38.0,Cifras Definitivas
2017,4,Sistema Integral del Tren Ligero,Autobuses en operación de sábado a domingo,14039.0,14,39,25.0,Cifras Definitivas
2017,4,Sistema Integral del Tren Ligero,Kilómetros recorridos,14039.0,14,39,169942.0,Cifras Definitivas
2017,4,Sistema Integral del Tren Ligero,Pasajeros transportados,14039.0,14,39,360898.0,Cifras Definitivas
2017,4,Sistema Integral del Tren Ligero,Pasajeros transportados con boleto pagado,14039.0,14,39,358240.0,Cifras Definitivas
2017,4,Sistema Integral del Tren Ligero,Pasajeros transportados con cortesía,14039.0,14,39,2658.0,Cifras Definitivas
2017,4,Sistema Integral del Tren Ligero,Rutas,14039.0,14,39,2.0,Cifras Definitivas
2017,5,Tren Eléctrico,Ingresos por pasaje,14039.0,14,39,42456319.0,Cifras Definitivas
2017,5,Tren Eléctrico,Kilómetros recorridos,14039.0,14,39,481541.0,Cifras Definitivas
2017,5,Tren Eléctrico,Longitud de servicio,14039.0,14,39,24.0,Cifras Definitivas
2017,5,Tren Eléctrico,Pasajeros transportados,14039.0,14,39,8297193.0,Cifras Definitivas
2017,5,Tren Eléctrico,Unidades en operación,14039.0,14,39,38.0,Cifras Definitivas
2017,5,Trolebús,Ingresos por pasaje,14039.0,14,39,3097093.0,Cifras Definitivas
2017,5,Trolebús,Kilómetros recorridos,14039.0,14,39,215268.0,Cifras Definitivas
2017,5,Trolebús,Lineas en servicio,14039.0,14,39,2.0,Cifras Definitivas
2017,5,Trolebús,Longitud de servicio,14039.0,14,39,44.0,Cifras Definitivas
2017,5,Trolebús,Pasajeros transportados,14039.0,14,39,491918.0,Cifras Definitivas
2017,5,Trolebús,Unidades en operación,14039.0,14,39,31.0,Cifras Definitivas
2017,5,Macrobús Servicio Troncal,Autobuses en operación de lunes a viernes,14039.0,14,39,40.0,Cifras Definitivas
2017,5,Macrobús Servicio Troncal,Autobuses en operación de sábado a domingo,14039.0,14,39,26.0,Cifras Definitivas
2017,5,Macrobús Servicio Troncal,Ingresos por pasaje,14039.0,14,39,21049074.0,Cifras Definitivas
2017,5,Macrobús Servicio Troncal,Kilómetros recorridos,14039.0,14,39,354512.0,Cifras Definitivas
2017,5,Macrobús Servicio Troncal,Pasajeros transportados,14039.0,14,39,3190642.0,Cifras Definitivas
2017,5,Macrobús Servicio Troncal,Pasajeros transportados con boleto pagado,14039.0,14,39,2631288.0,Cifras Definitivas
2017,5,Macrobús Servicio Troncal,Pasajeros transportados con cortesía,14039.0,14,39,19450.0,Cifras Definitivas
2017,5,Macrobús Servicio Troncal,Pasajeros transportados con descuento,14039.0,14,39,539904.0,Cifras Definitivas
2017,5,Macrobús Servicio Troncal,Rutas,14039.0,14,39,2.0,Cifras Definitivas
2017,5,Macrobús Servicio Alimentador,Autobuses en operación de lunes a viernes,14039.0,14,39,78.0,Cifras Definitivas
2017,5,Macrobús Servicio Alimentador,Autobuses en operación de sábado a domingo,14039.0,14,39,73.0,Cifras Definitivas
2017,5,Macrobús Servicio Alimentador,Ingresos por pasaje,14039.0,14,39,4750484.0,Cifras Definitivas
2017,5,Macrobús Servicio Alimentador,Kilómetros recorridos,14039.0,14,39,442530.0,Cifras Definitivas
2017,5,Macrobús Servicio Alimentador,Pasajeros transportados,14039.0,14,39,786403.0,Cifras Definitivas
2017,5,Macrobús Servicio Alimentador,Pasajeros transportados con boleto pagado,14039.0,14,39,681906.0,Cifras Definitivas
2017,5,Macrobús Servicio Alimentador,Pasajeros transportados con descuento,14039.0,14,39,104497.0,Cifras Definitivas
2017,5,Macrobús Servicio Alimentador,Rutas,14039.0,14,39,15.0,Cifras Definitivas
2017,5,Sistema Integral del Tren Ligero,Autobuses en operación de lunes a viernes,14039.0,14,39,38.0,Cifras Definitivas
2017,5,Sistema Integral del Tren Ligero,Autobuses en operación de sábado a domingo,14039.0,14,39,25.0,Cifras Definitivas
2017,5,Sistema Integral del Tren Ligero,Kilómetros recorridos,14039.0,14,39,175552.0,Cifras Definitivas
2017,5,Sistema Integral del Tren Ligero,Pasajeros transportados,14039.0,14,39,413894.0,Cifras Definitivas
2017,5,Sistema Integral del Tren Ligero,Pasajeros transportados con boleto pagado,14039.0,14,39,410716.0,Cifras Definitivas
2017,5,Sistema Integral del Tren Ligero,Pasajeros transportados con cortesía,14039.0,14,39,3178.0,Cifras Definitivas
2017,5,Sistema Integral del Tren Ligero,Rutas,14039.0,14,39,2.0,Cifras Definitivas
2017,6,Tren Eléctrico,Ingresos por pasaje,14039.0,14,39,40347215.0,Cifras Definitivas
2017,6,Tren Eléctrico,Kilómetros recorridos,14039.0,14,39,473583.0,Cifras Definitivas
2017,6,Tren Eléctrico,Longitud de servicio,14039.0,14,39,24.0,Cifras Definitivas
2017,6,Tren Eléctrico,Pasajeros transportados,14039.0,14,39,7887107.0,Cifras Definitivas
2017,6,Tren Eléctrico,Unidades en operación,14039.0,14,39,38.0,Cifras Definitivas
2017,6,Trolebús,Ingresos por pasaje,14039.0,14,39,3011977.0,Cifras Definitivas
2017,6,Trolebús,Kilómetros recorridos,14039.0,14,39,217432.0,Cifras Definitivas
2017,6,Trolebús,Lineas en servicio,14039.0,14,39,2.0,Cifras Definitivas
2017,6,Trolebús,Longitud de servicio,14039.0,14,39,44.0,Cifras Definitivas
2017,6,Trolebús,Pasajeros transportados,14039.0,14,39,477650.0,Cifras Definitivas
2017,6,Trolebús,Unidades en operación,14039.0,14,39,31.0,Cifras Definitivas
2017,6,Macrobús Servicio Troncal,Autobuses en operación de lunes a viernes,14039.0,14,39,40.0,Cifras Definitivas
2017,6,Macrobús Servicio Troncal,Autobuses en operación de sábado a domingo,14039.0,14,39,26.0,Cifras Definitivas
2017,6,Macrobús Servicio Troncal,Ingresos por pasaje,14039.0,14,39,19513839.0,Cifras Definitivas
2017,6,Macrobús Servicio Troncal,Kilómetros recorridos,14039.0,14,39,347418.0,Cifras Definitivas
2017,6,Macrobús Servicio Troncal,Pasajeros transportados,14039.0,14,39,2874125.0,Cifras Definitivas
2017,6,Macrobús Servicio Troncal,Pasajeros transportados con boleto pagado,14039.0,14,39,2446881.0,Cifras Definitivas
2017,6,Macrobús Servicio Troncal,Pasajeros transportados con cortesía,14039.0,14,39,17895.0,Cifras Definitivas
2017,6,Macrobús Servicio Troncal,Pasajeros transportados con descuento,14039.0,14,39,409349.0,Cifras Definitivas
2017,6,Macrobús Servicio Troncal,Rutas,14039.0,14,39,2.0,Cifras Definitivas
2017,6,Macrobús Servicio Alimentador,Autobuses en operación de lunes a viernes,14039.0,14,39,78.0,Cifras Definitivas
2017,6,Macrobús Servicio Alimentador,Autobuses en operación de sábado a domingo,14039.0,14,39,73.0,Cifras Definitivas
2017,6,Macrobús Servicio Alimentador,Ingresos por pasaje,14039.0,14,39,4221681.0,Cifras Definitivas
2017,6,Macrobús Servicio Alimentador,Kilómetros recorridos,14039.0,14,39,419465.0,Cifras Definitivas
2017,6,Macrobús Servicio Alimentador,Pasajeros transportados,14039.0,14,39,734437.0,Cifras Definitivas
2017,6,Macrobús Servicio Alimentador,Pasajeros transportados con boleto pagado,14039.0,14,39,648250.0,Cifras Definitivas
2017,6,Macrobús Servicio Alimentador,Pasajeros transportados con descuento,14039.0,14,39,86187.0,Cifras Definitivas
2017,6,Macrobús Servicio Alimentador,Rutas,14039.0,14,39,15.0,Cifras Definitivas
2017,6,Sistema Integral del Tren Ligero,Autobuses en operación de lunes a viernes,14039.0,14,39,38.0,Cifras Definitivas
2017,6,Sistema Integral del Tren Ligero,Autobuses en operación de sábado a domingo,14039.0,14,39,25.0,Cifras Definitivas
2017,6,Sistema Integral del Tren Ligero,Kilómetros recorridos,14039.0,14,39,173412.0,Cifras Definitivas
2017,6,Sistema Integral del Tren Ligero,Pasajeros transportados,14039.0,14,39,399306.0,Cifras Definitivas
2017,6,Sistema Integral del Tren Ligero,Pasajeros transportados con boleto pagado,14039.0,14,39,396159.0,Cifras Definitivas
2017,6,Sistema Integral del Tren Ligero,Pasajeros transportados con cortesía,14039.0,14,39,3147.0,Cifras Definitivas
2017,6,Sistema Integral del Tren Ligero,Rutas,14039.0,14,39,2.0,Cifras Definitivas
2017,7,Tren Eléctrico,Ingresos por pasaje,14039.0,14,39,40600510.0,Cifras Definitivas
2017,7,Tren Eléctrico,Kilómetros recorridos,14039.0,14,39,476669.0,Cifras Definitivas
2017,7,Tren Eléctrico,Longitud de servicio,14039.0,14,39,24.0,Cifras Definitivas
2017,7,Tren Eléctrico,Pasajeros transportados,14039.0,14,39,7935178.0,Cifras Definitivas
2017,7,Tren Eléctrico,Unidades en operación,14039.0,14,39,38.0,Cifras Definitivas
2017,7,Trolebús,Ingresos por pasaje,14039.0,14,39,2834783.0,Cifras Definitivas
2017,7,Trolebús,Kilómetros recorridos,14039.0,14,39,202912.0,Cifras Definitivas
2017,7,Trolebús,Lineas en servicio,14039.0,14,39,2.0,Cifras Definitivas
2017,7,Trolebús,Longitud de servicio,14039.0,14,39,44.0,Cifras Definitivas
2017,7,Trolebús,Pasajeros transportados,14039.0,14,39,449357.0,Cifras Definitivas
2017,7,Trolebús,Unidades en operación,14039.0,14,39,31.0,Cifras Definitivas
2017,7,Macrobús Servicio Troncal,Autobuses en operación de lunes a viernes,14039.0,14,39,40.0,Cifras Definitivas
2017,7,Macrobús Servicio Troncal,Autobuses en operación de sábado a domingo,14039.0,14,39,26.0,Cifras Definitivas
2017,7,Macrobús Servicio Troncal,Ingresos por pasaje,14039.0,14,39,19597371.0,Cifras Definitivas
2017,7,Macrobús Servicio Troncal,Kilómetros recorridos,14039.0,14,39,349990.0,Cifras Definitivas
2017,7,Macrobús Servicio Troncal,Pasajeros transportados,14039.0,14,39,2757862.0,Cifras Definitivas
2017,7,Macrobús Servicio Troncal,Pasajeros transportados con boleto pagado,14039.0,14,39,2353233.0,Cifras Definitivas
2017,7,Macrobús Servicio Troncal,Pasajeros transportados con cortesía,14039.0,14,39,21089.0,Cifras Definitivas
2017,7,Macrobús Servicio Troncal,Pasajeros transportados con descuento,14039.0,14,39,383540.0,Cifras Definitivas
2017,7,Macrobús Servicio Troncal,Rutas,14039.0,14,39,2.0,Cifras Definitivas
2017,7,Macrobús Servicio Alimentador,Autobuses en operación de lunes a viernes,14039.0,14,39,78.0,Cifras Definitivas
2017,7,Macrobús Servicio Alimentador,Autobuses en operación de sábado a domingo,14039.0,14,39,73.0,Cifras Definitivas
2017,7,Macrobús Servicio Alimentador,Ingresos por pasaje,14039.0,14,39,4462752.0,Cifras Definitivas
2017,7,Macrobús Servicio Alimentador,Kilómetros recorridos,14039.0,14,39,349990.0,Cifras Definitivas
2017,7,Macrobús Servicio Alimentador,Pasajeros transportados,14039.0,14,39,895799.0,Cifras Definitivas
2017,7,Macrobús Servicio Alimentador,Pasajeros transportados con boleto pagado,14039.0,14,39,817742.0,Cifras Definitivas
2017,7,Macrobús Servicio Alimentador,Pasajeros transportados con descuento,14039.0,14,39,78057.0,Cifras Definitivas
2017,7,Macrobús Servicio Alimentador,Rutas,14039.0,14,39,15.0,Cifras Definitivas
2017,7,Sistema Integral del Tren Ligero,Autobuses en operación de lunes a viernes,14039.0,14,39,38.0,Cifras Definitivas
2017,7,Sistema Integral del Tren Ligero,Autobuses en operación de sábado a domingo,14039.0,14,39,25.0,Cifras Definitivas
2017,7,Sistema Integral del Tren Ligero,Kilómetros recorridos,14039.0,14,39,177717.0,Cifras Definitivas
2017,7,Sistema Integral del Tren Ligero,Pasajeros transportados,14039.0,14,39,395809.0,Cifras Definitivas
2017,7,Sistema Integral del Tren Ligero,Pasajeros transportados con boleto pagado,14039.0,14,39,392924.0,Cifras Definitivas
2017,7,Sistema Integral del Tren Ligero,Pasajeros transportados con cortesía,14039.0,14,39,2885.0,Cifras Definitivas
2017,7,Sistema Integral del Tren Ligero,Rutas,14039.0,14,39,2.0,Cifras Definitivas
2017,8,Tren Eléctrico,Ingresos por pasaje,14039.0,14,39,42805366.0,Cifras Definitivas
2017,8,Tren Eléctrico,Kilómetros recorridos,14039.0,14,39,492476.0,Cifras Definitivas
2017,8,Tren Eléctrico,Longitud de servicio,14039.0,14,39,24.0,Cifras Definitivas
2017,8,Tren Eléctrico,Pasajeros transportados,14039.0,14,39,8399787.0,Cifras Definitivas
2017,8,Tren Eléctrico,Unidades en operación,14039.0,14,39,38.0,Cifras Definitivas
2017,8,Trolebús,Ingresos por pasaje,14039.0,14,39,2955943.0,Cifras Definitivas
2017,8,Trolebús,Kilómetros recorridos,14039.0,14,39,206052.0,Cifras Definitivas
2017,8,Trolebús,Lineas en servicio,14039.0,14,39,2.0,Cifras Definitivas
2017,8,Trolebús,Longitud de servicio,14039.0,14,39,43.0,Cifras Definitivas
2017,8,Trolebús,Pasajeros transportados,14039.0,14,39,468417.0,Cifras Definitivas
2017,8,Trolebús,Unidades en operación,14039.0,14,39,31.0,Cifras Definitivas
2017,8,Macrobús Servicio Troncal,Autobuses en operación de lunes a viernes,14039.0,14,39,40.0,Cifras Definitivas
2017,8,Macrobús Servicio Troncal,Autobuses en operación de sábado a domingo,14039.0,14,39,26.0,Cifras Definitivas
2017,8,Macrobús Servicio Troncal,Ingresos por pasaje,14039.0,14,39,21765250.0,Cifras Definitivas
2017,8,Macrobús Servicio Troncal,Kilómetros recorridos,14039.0,14,39,361912.0,Cifras Definitivas
2017,8,Macrobús Servicio Troncal,Pasajeros transportados,14039.0,14,39,3165084.0,Cifras Definitivas
2017,8,Macrobús Servicio Troncal,Pasajeros transportados con boleto pagado,14039.0,14,39,2608027.0,Cifras Definitivas
2017,8,Macrobús Servicio Troncal,Pasajeros transportados con cortesía,14039.0,14,39,22680.0,Cifras Definitivas
2017,8,Macrobús Servicio Troncal,Pasajeros transportados con descuento,14039.0,14,39,534377.0,Cifras Definitivas
2017,8,Macrobús Servicio Troncal,Rutas,14039.0,14,39,2.0,Cifras Definitivas
2017,8,Macrobús Servicio Alimentador,Autobuses en operación de lunes a viernes,14039.0,14,39,78.0,Cifras Definitivas
2017,8,Macrobús Servicio Alimentador,Autobuses en operación de sábado a domingo,14039.0,14,39,73.0,Cifras Definitivas
2017,8,Macrobús Servicio Alimentador,Ingresos por pasaje,14039.0,14,39,4657555.0,Cifras Definitivas
2017,8,Macrobús Servicio Alimentador,Kilómetros recorridos,14039.0,14,39,463804.0,Cifras Definitivas
2017,8,Macrobús Servicio Alimentador,Pasajeros transportados,14039.0,14,39,880273.0,Cifras Definitivas
2017,8,Macrobús Servicio Alimentador,Pasajeros transportados con boleto pagado,14039.0,14,39,783094.0,Cifras Definitivas
2017,8,Macrobús Servicio Alimentador,Pasajeros transportados con descuento,14039.0,14,39,97179.0,Cifras Definitivas
2017,8,Macrobús Servicio Alimentador,Rutas,14039.0,14,39,15.0,Cifras Definitivas
2017,8,Sistema Integral del Tren Ligero,Autobuses en operación de lunes a viernes,14039.0,14,39,38.0,Cifras Definitivas
2017,8,Sistema Integral del Tren Ligero,Autobuses en operación de sábado a domingo,14039.0,14,39,25.0,Cifras Definitivas
2017,8,Sistema Integral del Tren Ligero,Kilómetros recorridos,14039.0,14,39,183675.0,Cifras Definitivas
2017,8,Sistema Integral del Tren Ligero,Pasajeros transportados,14039.0,14,39,424403.0,Cifras Definitivas
2017,8,Sistema Integral del Tren Ligero,Pasajeros transportados con boleto pagado,14039.0,14,39,421223.0,Cifras Definitivas
2017,8,Sistema Integral del Tren Ligero,Pasajeros transportados con cortesía,14039.0,14,39,3180.0,Cifras Definitivas
2017,8,Sistema Integral del Tren Ligero,Rutas,14039.0,14,39,2.0,Cifras Definitivas
2017,9,Tren Eléctrico,Ingresos por pasaje,14039.0,14,39,42446830.0,Cifras Definitivas
2017,9,Tren Eléctrico,Kilómetros recorridos,14039.0,14,39,462005.0,Cifras Definitivas
2017,9,Tren Eléctrico,Longitud de servicio,14039.0,14,39,24.0,Cifras Definitivas
2017,9,Tren Eléctrico,Pasajeros transportados,14039.0,14,39,8297538.0,Cifras Definitivas
2017,9,Tren Eléctrico,Unidades en operación,14039.0,14,39,38.0,Cifras Definitivas
2017,9,Trolebús,Ingresos por pasaje,14039.0,14,39,2980842.0,Cifras Definitivas
2017,9,Trolebús,Kilómetros recorridos,14039.0,14,39,202032.0,Cifras Definitivas
2017,9,Trolebús,Lineas en servicio,14039.0,14,39,2.0,Cifras Definitivas
2017,9,Trolebús,Longitud de servicio,14039.0,14,39,44.0,Cifras Definitivas
2017,9,Trolebús,Pasajeros transportados,14039.0,14,39,441796.0,Cifras Definitivas
2017,9,Trolebús,Unidades en operación,14039.0,14,39,31.0,Cifras Definitivas
2017,9,Macrobús Servicio Troncal,Autobuses en operación de lunes a viernes,14039.0,14,39,40.0,Cifras Definitivas
2017,9,Macrobús Servicio Troncal,Autobuses en operación de sábado a domingo,14039.0,14,39,26.0,Cifras Definitivas
2017,9,Macrobús Servicio Troncal,Ingresos por pasaje,14039.0,14,39,21139871.0,Cifras Definitivas
2017,9,Macrobús Servicio Troncal,Kilómetros recorridos,14039.0,14,39,343146.0,Cifras Definitivas
2017,9,Macrobús Servicio Troncal,Pasajeros transportados,14039.0,14,39,3176246.0,Cifras Definitivas
2017,9,Macrobús Servicio Troncal,Pasajeros transportados con boleto pagado,14039.0,14,39,2501548.0,Cifras Definitivas
2017,9,Macrobús Servicio Troncal,Pasajeros transportados con cortesía,14039.0,14,39,21780.0,Cifras Definitivas
2017,9,Macrobús Servicio Troncal,Pasajeros transportados con descuento,14039.0,14,39,652918.0,Cifras Definitivas
2017,9,Macrobús Servicio Troncal,Rutas,14039.0,14,39,2.0,Cifras Definitivas
2017,9,Macrobús Servicio Alimentador,Autobuses en operación de lunes a viernes,14039.0,14,39,78.0,Cifras Definitivas
2017,9,Macrobús Servicio Alimentador,Autobuses en operación de sábado a domingo,14039.0,14,39,73.0,Cifras Definitivas
2017,9,Macrobús Servicio Alimentador,Ingresos por pasaje,14039.0,14,39,4969365.0,Cifras Definitivas
2017,9,Macrobús Servicio Alimentador,Kilómetros recorridos,14039.0,14,39,446744.0,Cifras Definitivas
2017,9,Macrobús Servicio Alimentador,Pasajeros transportados,14039.0,14,39,882547.0,Cifras Definitivas
2017,9,Macrobús Servicio Alimentador,Pasajeros transportados con boleto pagado,14039.0,14,39,767320.0,Cifras Definitivas
2017,9,Macrobús Servicio Alimentador,Pasajeros transportados con descuento,14039.0,14,39,115227.0,Cifras Definitivas
2017,9,Macrobús Servicio Alimentador,Rutas,14039.0,14,39,15.0,Cifras Definitivas
2017,9,Sistema Integral del Tren Ligero,Autobuses en operación de lunes a viernes,14039.0,14,39,38.0,Cifras Definitivas
2017,9,Sistema Integral del Tren Ligero,Autobuses en operación de sábado a domingo,14039.0,14,39,25.0,Cifras Definitivas
2017,9,Sistema Integral del Tren Ligero,Kilómetros recorridos,14039.0,14,39,163004.0,Cifras Definitivas
2017,9,Sistema Integral del Tren Ligero,Pasajeros transportados,14039.0,14,39,401211.0,Cifras Definitivas
2017,9,Sistema Integral del Tren Ligero,Pasajeros transportados con boleto pagado,14039.0,14,39,398419.0,Cifras Definitivas
2017,9,Sistema Integral del Tren Ligero,Pasajeros transportados con cortesía,14039.0,14,39,2792.0,Cifras Definitivas
2017,9,Sistema Integral del Tren Ligero,Rutas,14039.0,14,39,2.0,Cifras Definitivas
2017,10,Tren Eléctrico,Ingresos por pasaje,14039.0,14,39,46272196.0,Cifras Definitivas
2017,10,Tren Eléctrico,Kilómetros recorridos,14039.0,14,39,500187.0,Cifras Definitivas
2017,10,Tren Eléctrico,Longitud de servicio,14039.0,14,39,24.0,Cifras Definitivas
2017,10,Tren Eléctrico,Pasajeros transportados,14039.0,14,39,9043718.0,Cifras Definitivas
2017,10,Tren Eléctrico,Unidades en operación,14039.0,14,39,46.0,Cifras Definitivas
2017,10,Trolebús,Ingresos por pasaje,14039.0,14,39,2794754.0,Cifras Definitivas
2017,10,Trolebús,Kilómetros recorridos,14039.0,14,39,207512.0,Cifras Definitivas
2017,10,Trolebús,Lineas en servicio,14039.0,14,39,2.0,Cifras Definitivas
2017,10,Trolebús,Longitud de servicio,14039.0,14,39,44.0,Cifras Definitivas
2017,10,Trolebús,Pasajeros transportados,14039.0,14,39,417376.0,Cifras Definitivas
2017,10,Trolebús,Unidades en operación,14039.0,14,39,31.0,Cifras Definitivas
2017,10,Macrobús Servicio Troncal,Autobuses en operación de lunes a viernes,14039.0,14,39,40.0,Cifras Definitivas
2017,10,Macrobús Servicio Troncal,Autobuses en operación de sábado a domingo,14039.0,14,39,26.0,Cifras Definitivas
2017,10,Macrobús Servicio Troncal,Ingresos por pasaje,14039.0,14,39,21982500.0,Cifras Definitivas
2017,10,Macrobús Servicio Troncal,Kilómetros recorridos,14039.0,14,39,355054.0,Cifras Definitivas
2017,10,Macrobús Servicio Troncal,Pasajeros transportados,14039.0,14,39,4075493.0,Cifras Definitivas
2017,10,Macrobús Servicio Troncal,Pasajeros transportados con boleto pagado,14039.0,14,39,3324879.0,Cifras Definitivas
2017,10,Macrobús Servicio Troncal,Pasajeros transportados con cortesía,14039.0,14,39,19850.0,Cifras Definitivas
2017,10,Macrobús Servicio Troncal,Pasajeros transportados con descuento,14039.0,14,39,730764.0,Cifras Definitivas
2017,10,Macrobús Servicio Troncal,Rutas,14039.0,14,39,2.0,Cifras Definitivas
2017,10,Macrobús Servicio Alimentador,Autobuses en operación de lunes a viernes,14039.0,14,39,78.0,Cifras Definitivas
2017,10,Macrobús Servicio Alimentador,Autobuses en operación de sábado a domingo,14039.0,14,39,73.0,Cifras Definitivas
2017,10,Macrobús Servicio Alimentador,Ingresos por pasaje,14039.0,14,39,5080877.0,Cifras Definitivas
2017,10,Macrobús Servicio Alimentador,Kilómetros recorridos,14039.0,14,39,463223.0,Cifras Definitivas
2017,10,Macrobús Servicio Alimentador,Pasajeros transportados,14039.0,14,39,910416.0,Cifras Definitivas
2017,10,Macrobús Servicio Alimentador,Pasajeros transportados con boleto pagado,14039.0,14,39,783370.0,Cifras Definitivas
2017,10,Macrobús Servicio Alimentador,Pasajeros transportados con descuento,14039.0,14,39,127046.0,Cifras Definitivas
2017,10,Macrobús Servicio Alimentador,Rutas,14039.0,14,39,15.0,Cifras Definitivas
2017,10,Sistema Integral del Tren Ligero,Autobuses en operación de lunes a viernes,14039.0,14,39,38.0,Cifras Definitivas
2017,10,Sistema Integral del Tren Ligero,Autobuses en operación de sábado a domingo,14039.0,14,39,25.0,Cifras Definitivas
2017,10,Sistema Integral del Tren Ligero,Kilómetros recorridos,14039.0,14,39,172400.0,Cifras Definitivas
2017,10,Sistema Integral del Tren Ligero,Pasajeros transportados,14039.0,14,39,440737.0,Cifras Definitivas
2017,10,Sistema Integral del Tren Ligero,Pasajeros transportados con boleto pagado,14039.0,14,39,437745.0,Cifras Definitivas
2017,10,Sistema Integral del Tren Ligero,Pasajeros transportados con cortesía,14039.0,14,39,2992.0,Cifras Definitivas
2017,10,Sistema Integral del Tren Ligero,Rutas,14039.0,14,39,2.0,Cifras Definitivas
2017,11,Tren Eléctrico,Ingresos por pasaje,14039.0,14,39,43217221.0,Cifras Definitivas
2017,11,Tren Eléctrico,Kilómetros recorridos,14039.0,14,39,474977.0,Cifras Definitivas
2017,11,Tren Eléctrico,Longitud de servicio,14039.0,14,39,24.0,Cifras Definitivas
2017,11,Tren Eléctrico,Pasajeros transportados,14039.0,14,39,8633119.0,Cifras Definitivas
2017,11,Tren Eléctrico,Unidades en operación,14039.0,14,39,46.0,Cifras Definitivas
2017,11,Trolebús,Ingresos por pasaje,14039.0,14,39,2702539.0,Cifras Definitivas
2017,11,Trolebús,Kilómetros recorridos,14039.0,14,39,204632.0,Cifras Definitivas
2017,11,Trolebús,Lineas en servicio,14039.0,14,39,2.0,Cifras Definitivas
2017,11,Trolebús,Longitud de servicio,14039.0,14,39,44.0,Cifras Definitivas
2017,11,Trolebús,Pasajeros transportados,14039.0,14,39,407474.0,Cifras Definitivas
2017,11,Trolebús,Unidades en operación,14039.0,14,39,31.0,Cifras Definitivas
2017,11,Macrobús Servicio Troncal,Autobuses en operación de lunes a viernes,14039.0,14,39,40.0,Cifras Definitivas
2017,11,Macrobús Servicio Troncal,Autobuses en operación de sábado a domingo,14039.0,14,39,26.0,Cifras Definitivas
2017,11,Macrobús Servicio Troncal,Ingresos por pasaje,14039.0,14,39,20808212.0,Cifras Definitivas
2017,11,Macrobús Servicio Troncal,Kilómetros recorridos,14039.0,14,39,345198.0,Cifras Definitivas
2017,11,Macrobús Servicio Troncal,Pasajeros transportados,14039.0,14,39,3873941.0,Cifras Definitivas
2017,11,Macrobús Servicio Troncal,Pasajeros transportados con boleto pagado,14039.0,14,39,3157981.0,Cifras Definitivas
2017,11,Macrobús Servicio Troncal,Pasajeros transportados con cortesía,14039.0,14,39,25090.0,Cifras Definitivas
2017,11,Macrobús Servicio Troncal,Pasajeros transportados con descuento,14039.0,14,39,690870.0,Cifras Definitivas
2017,11,Macrobús Servicio Troncal,Rutas,14039.0,14,39,2.0,Cifras Definitivas
2017,11,Macrobús Servicio Alimentador,Autobuses en operación de lunes a viernes,14039.0,14,39,78.0,Cifras Definitivas
2017,11,Macrobús Servicio Alimentador,Autobuses en operación de sábado a domingo,14039.0,14,39,73.0,Cifras Definitivas
2017,11,Macrobús Servicio Alimentador,Ingresos por pasaje,14039.0,14,39,4873400.0,Cifras Definitivas
2017,11,Macrobús Servicio Alimentador,Kilómetros recorridos,14039.0,14,39,449349.0,Cifras Definitivas
2017,11,Macrobús Servicio Alimentador,Pasajeros transportados,14039.0,14,39,872035.0,Cifras Definitivas
2017,11,Macrobús Servicio Alimentador,Pasajeros transportados con boleto pagado,14039.0,14,39,747163.0,Cifras Definitivas
2017,11,Macrobús Servicio Alimentador,Pasajeros transportados con descuento,14039.0,14,39,124872.0,Cifras Definitivas
2017,11,Macrobús Servicio Alimentador,Rutas,14039.0,14,39,15.0,Cifras Definitivas
2017,11,Sistema Integral del Tren Ligero,Autobuses en operación de lunes a viernes,14039.0,14,39,38.0,Cifras Definitivas
2017,11,Sistema Integral del Tren Ligero,Autobuses en operación de sábado a domingo,14039.0,14,39,25.0,Cifras Definitivas
2017,11,Sistema Integral del Tren Ligero,Kilómetros recorridos,14039.0,14,39,174113.0,Cifras Definitivas
2017,11,Sistema Integral del Tren Ligero,Pasajeros transportados,14039.0,14,39,434938.0,Cifras Definitivas
2017,11,Sistema Integral del Tren Ligero,Pasajeros transportados con boleto pagado,14039.0,14,39,431987.0,Cifras Definitivas
2017,11,Sistema Integral del Tren Ligero,Pasajeros transportados con cortesía,14039.0,14,39,2951.0,Cifras Definitivas
2017,11,Sistema Integral del Tren Ligero,Rutas,14039.0,14,39,2.0,Cifras Definitivas
2017,12,Tren Eléctrico,Ingresos por pasaje,14039.0,14,39,42666176.0,Cifras Definitivas
2017,12,Tren Eléctrico,Kilómetros recorridos,14039.0,14,39,503860.0,Cifras Definitivas
2017,12,Tren Eléctrico,Longitud de servicio,14039.0,14,39,24.0,Cifras Definitivas
2017,12,Tren Eléctrico,Pasajeros transportados,14039.0,14,39,8334736.0,Cifras Definitivas
2017,12,Tren Eléctrico,Unidades en operación,14039.0,14,39,46.0,Cifras Definitivas
2017,12,Trolebús,Ingresos por pasaje,14039.0,14,39,2543298.0,Cifras Definitivas
2017,12,Trolebús,Kilómetros recorridos,14039.0,14,39,204112.0,Cifras Definitivas
2017,12,Trolebús,Lineas en servicio,14039.0,14,39,2.0,Cifras Definitivas
2017,12,Trolebús,Longitud de servicio,14039.0,14,39,44.0,Cifras Definitivas
2017,12,Trolebús,Pasajeros transportados,14039.0,14,39,376270.0,Cifras Definitivas
2017,12,Trolebús,Unidades en operación,14039.0,14,39,31.0,Cifras Definitivas
2017,12,Macrobús Servicio Troncal,Autobuses en operación de lunes a viernes,14039.0,14,39,40.0,Cifras Definitivas
2017,12,Macrobús Servicio Troncal,Autobuses en operación de sábado a domingo,14039.0,14,39,26.0,Cifras Definitivas
2017,12,Macrobús Servicio Troncal,Ingresos por pasaje,14039.0,14,39,20218071.0,Cifras Definitivas
2017,12,Macrobús Servicio Troncal,Kilómetros recorridos,14039.0,14,39,342384.0,Cifras Definitivas
2017,12,Macrobús Servicio Troncal,Pasajeros transportados,14039.0,14,39,3366842.0,Cifras Definitivas
2017,12,Macrobús Servicio Troncal,Pasajeros transportados con boleto pagado,14039.0,14,39,2916769.0,Cifras Definitivas
2017,12,Macrobús Servicio Troncal,Pasajeros transportados con cortesía,14039.0,14,39,22358.0,Cifras Definitivas
2017,12,Macrobús Servicio Troncal,Pasajeros transportados con descuento,14039.0,14,39,427715.0,Cifras Definitivas
2017,12,Macrobús Servicio Troncal,Rutas,14039.0,14,39,2.0,Cifras Definitivas
2017,12,Macrobús Servicio Alimentador,Autobuses en operación de lunes a viernes,14039.0,14,39,78.0,Cifras Definitivas
2017,12,Macrobús Servicio Alimentador,Autobuses en operación de sábado a domingo,14039.0,14,39,73.0,Cifras Definitivas
2017,12,Macrobús Servicio Alimentador,Ingresos por pasaje,14039.0,14,39,4477739.0,Cifras Definitivas
2017,12,Macrobús Servicio Alimentador,Kilómetros recorridos,14039.0,14,39,444382.0,Cifras Definitivas
2017,12,Macrobús Servicio Alimentador,Pasajeros transportados,14039.0,14,39,834458.0,Cifras Definitivas
2017,12,Macrobús Servicio Alimentador,Pasajeros transportados con boleto pagado,14039.0,14,39,744298.0,Cifras Definitivas
2017,12,Macrobús Servicio Alimentador,Pasajeros transportados con descuento,14039.0,14,39,90160.0,Cifras Definitivas
2017,12,Macrobús Servicio Alimentador,Rutas,14039.0,14,39,15.0,Cifras Definitivas
2017,12,Sistema Integral del Tren Ligero,Autobuses en operación de lunes a viernes,14039.0,14,39,38.0,Cifras Definitivas
2017,12,Sistema Integral del Tren Ligero,Autobuses en operación de sábado a domingo,14039.0,14,39,25.0,Cifras Definitivas
2017,12,Sistema Integral del Tren Ligero,Kilómetros recorridos,14039.0,14,39,169013.0,Cifras Definitivas
2017,12,Sistema Integral del Tren Ligero,Pasajeros transportados,14039.0,14,39,399892.0,Cifras Definitivas
2017,12,Sistema Integral del Tren Ligero,Pasajeros transportados con boleto pagado,14039.0,14,39,397670.0,Cifras Definitivas
2017,12,Sistema Integral del Tren Ligero,Pasajeros transportados con cortesía,14039.0,14,39,2222.0,Cifras Definitivas
2017,12,Sistema Integral del Tren Ligero,Rutas,14039.0,14,39,2.0,Cifras Definitivas
2018,1,Tren Eléctrico,Ingresos por pasaje,14039.0,14,39,41846138.0,Cifras Definitivas
2018,1,Tren Eléctrico,Kilómetros recorridos,14039.0,14,39,487621.0,Cifras Definitivas
2018,1,Tren Eléctrico,Longitud de servicio,14039.0,14,39,24.0,Cifras Definitivas
2018,1,Tren Eléctrico,Pasajeros transportados,14039.0,14,39,8287832.0,Cifras Definitivas
2018,1,Tren Eléctrico,Unidades en operación,14039.0,14,39,46.0,Cifras Definitivas
2018,1,Trolebús,Ingresos por pasaje,14039.0,14,39,1792752.0,Cifras Definitivas
2018,1,Trolebús,Kilómetros recorridos,14039.0,14,39,67347.0,Cifras Definitivas
2018,1,Trolebús,Lineas en servicio,14039.0,14,39,1.0,Cifras Definitivas
2018,1,Trolebús,Longitud de servicio,14039.0,14,39,18.0,Cifras Definitivas
2018,1,Trolebús,Pasajeros transportados,14039.0,14,39,298792.0,Cifras Definitivas
2018,1,Trolebús,Unidades en operación,14039.0,14,39,16.0,Cifras Definitivas
2018,1,Macrobús Servicio Troncal,Autobuses en operación de lunes a viernes,14039.0,14,39,40.0,Cifras Definitivas
2018,1,Macrobús Servicio Troncal,Autobuses en operación de sábado a domingo,14039.0,14,39,26.0,Cifras Definitivas
2018,1,Macrobús Servicio Troncal,Ingresos por pasaje,14039.0,14,39,19965654.0,Cifras Definitivas
2018,1,Macrobús Servicio Troncal,Kilómetros recorridos,14039.0,14,39,354780.0,Cifras Definitivas
2018,1,Macrobús Servicio Troncal,Pasajeros transportados,14039.0,14,39,3076505.0,Cifras Definitivas
2018,1,Macrobús Servicio Troncal,Pasajeros transportados con boleto pagado,14039.0,14,39,2468596.0,Cifras Definitivas
2018,1,Macrobús Servicio Troncal,Pasajeros transportados con cortesía,14039.0,14,39,14491.0,Cifras Definitivas
2018,1,Macrobús Servicio Troncal,Pasajeros transportados con descuento,14039.0,14,39,593418.0,Cifras Definitivas
2018,1,Macrobús Servicio Troncal,Rutas,14039.0,14,39,2.0,Cifras Definitivas
2018,1,Macrobús Servicio Alimentador,Autobuses en operación de lunes a viernes,14039.0,14,39,78.0,Cifras Definitivas
2018,1,Macrobús Servicio Alimentador,Autobuses en operación de sábado a domingo,14039.0,14,39,73.0,Cifras Definitivas
2018,1,Macrobús Servicio Alimentador,Ingresos por pasaje,14039.0,14,39,4754440.0,Cifras Definitivas
2018,1,Macrobús Servicio Alimentador,Kilómetros recorridos,14039.0,14,39,449621.0,Cifras Definitivas
2018,1,Macrobús Servicio Alimentador,Pasajeros transportados,14039.0,14,39,840958.0,Cifras Definitivas
2018,1,Macrobús Servicio Alimentador,Pasajeros transportados con boleto pagado,14039.0,14,39,738016.0,Cifras Definitivas
2018,1,Macrobús Servicio Alimentador,Pasajeros transportados con descuento,14039.0,14,39,102942.0,Cifras Definitivas
2018,1,Macrobús Servicio Alimentador,Rutas,14039.0,14,39,15.0,Cifras Definitivas
2018,1,Sistema Integral del Tren Ligero,Autobuses en operación de lunes a viernes,14039.0,14,39,38.0,Cifras Definitivas
2018,1,Sistema Integral del Tren Ligero,Autobuses en operación de sábado a domingo,14039.0,14,39,25.0,Cifras Definitivas
2018,1,Sistema Integral del Tren Ligero,Kilómetros recorridos,14039.0,14,39,171742.0,Cifras Definitivas
2018,1,Sistema Integral del Tren Ligero,Pasajeros transportados,14039.0,14,39,415429.0,Cifras Definitivas
2018,1,Sistema Integral del Tren Ligero,Pasajeros transportados con boleto pagado,14039.0,14,39,413038.0,Cifras Definitivas
2018,1,Sistema Integral del Tren Ligero,Pasajeros transportados con cortesía,14039.0,14,39,2391.0,Cifras Definitivas
2018,1,Sistema Integral del Tren Ligero,Rutas,14039.0,14,39,2.0,Cifras Definitivas
2018,2,Tren Eléctrico,Ingresos por pasaje,14039.0,14,39,39811266.0,Cifras Definitivas
2018,2,Tren Eléctrico,Kilómetros recorridos,14039.0,14,39,444454.0,Cifras Definitivas
2018,2,Tren Eléctrico,Longitud de servicio,14039.0,14,39,24.0,Cifras Definitivas
2018,2,Tren Eléctrico,Pasajeros transportados,14039.0,14,39,8033897.0,Cifras Definitivas
2018,2,Tren Eléctrico,Unidades en operación,14039.0,14,39,46.0,Cifras Definitivas
2018,2,Trolebús,Ingresos por pasaje,14039.0,14,39,1714104.0,Cifras Definitivas
2018,2,Trolebús,Kilómetros recorridos,14039.0,14,39,61647.0,Cifras Definitivas
2018,2,Trolebús,Lineas en servicio,14039.0,14,39,1.0,Cifras Definitivas
2018,2,Trolebús,Longitud de servicio,14039.0,14,39,18.0,Cifras Definitivas
2018,2,Trolebús,Pasajeros transportados,14039.0,14,39,285684.0,Cifras Definitivas
2018,2,Trolebús,Unidades en operación,14039.0,14,39,16.0,Cifras Definitivas
2018,2,Macrobús Servicio Troncal,Autobuses en operación de lunes a viernes,14039.0,14,39,40.0,Cifras Definitivas
2018,2,Macrobús Servicio Troncal,Autobuses en operación de sábado a domingo,14039.0,14,39,26.0,Cifras Definitivas
2018,2,Macrobús Servicio Troncal,Ingresos por pasaje,14039.0,14,39,19631983.0,Cifras Definitivas
2018,2,Macrobús Servicio Troncal,Kilómetros recorridos,14039.0,14,39,314164.0,Cifras Definitivas
2018,2,Macrobús Servicio Troncal,Pasajeros transportados,14039.0,14,39,3040405.0,Cifras Definitivas
2018,2,Macrobús Servicio Troncal,Pasajeros transportados con boleto pagado,14039.0,14,39,2349732.0,Cifras Definitivas
2018,2,Macrobús Servicio Troncal,Pasajeros transportados con cortesía,14039.0,14,39,12651.0,Cifras Definitivas
2018,2,Macrobús Servicio Troncal,Pasajeros transportados con descuento,14039.0,14,39,678022.0,Cifras Definitivas
2018,2,Macrobús Servicio Troncal,Rutas,14039.0,14,39,2.0,Cifras Definitivas
2018,2,Macrobús Servicio Alimentador,Autobuses en operación de lunes a viernes,14039.0,14,39,78.0,Cifras Definitivas
2018,2,Macrobús Servicio Alimentador,Autobuses en operación de sábado a domingo,14039.0,14,39,73.0,Cifras Definitivas
2018,2,Macrobús Servicio Alimentador,Ingresos por pasaje,14039.0,14,39,4356930.0,Cifras Definitivas
2018,2,Macrobús Servicio Alimentador,Kilómetros recorridos,14039.0,14,39,413031.0,Cifras Definitivas
2018,2,Macrobús Servicio Alimentador,Pasajeros transportados,14039.0,14,39,843207.0,Cifras Definitivas
2018,2,Macrobús Servicio Alimentador,Pasajeros transportados con boleto pagado,14039.0,14,39,726155.0,Cifras Definitivas
2018,2,Macrobús Servicio Alimentador,Pasajeros transportados con descuento,14039.0,14,39,117052.0,Cifras Definitivas
2018,2,Macrobús Servicio Alimentador,Rutas,14039.0,14,39,15.0,Cifras Definitivas
2018,2,Sistema Integral del Tren Ligero,Autobuses en operación de lunes a viernes,14039.0,14,39,38.0,Cifras Definitivas
2018,2,Sistema Integral del Tren Ligero,Autobuses en operación de sábado a domingo,14039.0,14,39,25.0,Cifras Definitivas
2018,2,Sistema Integral del Tren Ligero,Kilómetros recorridos,14039.0,14,39,162345.0,Cifras Definitivas
2018,2,Sistema Integral del Tren Ligero,Pasajeros transportados,14039.0,14,39,400819.0,Cifras Definitivas
2018,2,Sistema Integral del Tren Ligero,Pasajeros transportados con boleto pagado,14039.0,14,39,397984.0,Cifras Definitivas
2018,2,Sistema Integral del Tren Ligero,Pasajeros transportados con cortesía,14039.0,14,39,2835.0,Cifras Definitivas
2018,2,Sistema Integral del Tren Ligero,Rutas,14039.0,14,39,2.0,Cifras Definitivas
2018,3,Tren Eléctrico,Ingresos por pasaje,14039.0,14,39,42917626.0,Cifras Definitivas
2018,3,Tren Eléctrico,Kilómetros recorridos,14039.0,14,39,486152.0,Cifras Definitivas
2018,3,Tren Eléctrico,Longitud de servicio,14039.0,14,39,24.0,Cifras Definitivas
2018,3,Tren Eléctrico,Pasajeros transportados,14039.0,14,39,8441403.0,Cifras Definitivas
2018,3,Tren Eléctrico,Unidades en operación,14039.0,14,39,46.0,Cifras Definitivas
2018,3,Trolebús,Ingresos por pasaje,14039.0,14,39,1843914.0,Cifras Definitivas
2018,3,Trolebús,Kilómetros recorridos,14039.0,14,39,65776.0,Cifras Definitivas
2018,3,Trolebús,Lineas en servicio,14039.0,14,39,1.0,Cifras Definitivas
2018,3,Trolebús,Longitud de servicio,14039.0,14,39,18.0,Cifras Definitivas
2018,3,Trolebús,Pasajeros transportados,14039.0,14,39,307319.0,Cifras Definitivas
2018,3,Trolebús,Unidades en operación,14039.0,14,39,16.0,Cifras Definitivas
2018,3,Macrobús Servicio Troncal,Autobuses en operación de lunes a viernes,14039.0,14,39,40.0,Cifras Definitivas
2018,3,Macrobús Servicio Troncal,Autobuses en operación de sábado a domingo,14039.0,14,39,26.0,Cifras Definitivas
2018,3,Macrobús Servicio Troncal,Ingresos por pasaje,14039.0,14,39,20427403.0,Cifras Definitivas
2018,3,Macrobús Servicio Troncal,Kilómetros recorridos,14039.0,14,39,340838.0,Cifras Definitivas
2018,3,Macrobús Servicio Troncal,Pasajeros transportados,14039.0,14,39,3117132.0,Cifras Definitivas
2018,3,Macrobús Servicio Troncal,Pasajeros transportados con boleto pagado,14039.0,14,39,2430571.0,Cifras Definitivas
2018,3,Macrobús Servicio Troncal,Pasajeros transportados con cortesía,14039.0,14,39,14609.0,Cifras Definitivas
2018,3,Macrobús Servicio Troncal,Pasajeros transportados con descuento,14039.0,14,39,671952.0,Cifras Definitivas
2018,3,Macrobús Servicio Troncal,Rutas,14039.0,14,39,2.0,Cifras Definitivas
2018,3,Macrobús Servicio Alimentador,Autobuses en operación de lunes a viernes,14039.0,14,39,78.0,Cifras Definitivas
2018,3,Macrobús Servicio Alimentador,Autobuses en operación de sábado a domingo,14039.0,14,39,73.0,Cifras Definitivas
2018,3,Macrobús Servicio Alimentador,Ingresos por pasaje,14039.0,14,39,5178889.0,Cifras Definitivas
2018,3,Macrobús Servicio Alimentador,Kilómetros recorridos,14039.0,14,39,444673.0,Cifras Definitivas
2018,3,Macrobús Servicio Alimentador,Pasajeros transportados,14039.0,14,39,918917.0,Cifras Definitivas
2018,3,Macrobús Servicio Alimentador,Pasajeros transportados con boleto pagado,14039.0,14,39,796967.0,Cifras Definitivas
2018,3,Macrobús Servicio Alimentador,Pasajeros transportados con descuento,14039.0,14,39,121950.0,Cifras Definitivas
2018,3,Macrobús Servicio Alimentador,Rutas,14039.0,14,39,15.0,Cifras Definitivas
2018,3,Sistema Integral del Tren Ligero,Autobuses en operación de lunes a viernes,14039.0,14,39,38.0,Cifras Definitivas
2018,3,Sistema Integral del Tren Ligero,Autobuses en operación de sábado a domingo,14039.0,14,39,25.0,Cifras Definitivas
2018,3,Sistema Integral del Tren Ligero,Kilómetros recorridos,14039.0,14,39,180582.0,Cifras Definitivas
2018,3,Sistema Integral del Tren Ligero,Pasajeros transportados,14039.0,14,39,470465.0,Cifras Definitivas
2018,3,Sistema Integral del Tren Ligero,Pasajeros transportados con boleto pagado,14039.0,14,39,464556.0,Cifras Definitivas
2018,3,Sistema Integral del Tren Ligero,Pasajeros transportados con cortesía,14039.0,14,39,5909.0,Cifras Definitivas
2018,3,Sistema Integral del Tren Ligero,Rutas,14039.0,14,39,2.0,Cifras Definitivas
2018,4,Tren Eléctrico,Ingresos por pasaje,14039.0,14,39,45080903.0,Cifras Definitivas
2018,4,Tren Eléctrico,Kilómetros recorridos,14039.0,14,39,474972.0,Cifras Definitivas
2018,4,Tren Eléctrico,Longitud de servicio,14039.0,14,39,24.0,Cifras Definitivas
2018,4,Tren Eléctrico,Pasajeros transportados,14039.0,14,39,8315490.0,Cifras Definitivas
2018,4,Tren Eléctrico,Unidades en operación,14039.0,14,39,46.0,Cifras Definitivas
2018,4,Trolebús,Ingresos por pasaje,14039.0,14,39,1403244.0,Cifras Definitivas
2018,4,Trolebús,Kilómetros recorridos,14039.0,14,39,62137.0,Cifras Definitivas
2018,4,Trolebús,Lineas en servicio,14039.0,14,39,1.0,Cifras Definitivas
2018,4,Trolebús,Longitud de servicio,14039.0,14,39,18.0,Cifras Definitivas
2018,4,Trolebús,Pasajeros transportados,14039.0,14,39,233874.0,Cifras Definitivas
2018,4,Trolebús,Unidades en operación,14039.0,14,39,16.0,Cifras Definitivas
2018,4,Macrobús Servicio Troncal,Autobuses en operación de lunes a viernes,14039.0,14,39,40.0,Cifras Definitivas
2018,4,Macrobús Servicio Troncal,Autobuses en operación de sábado a domingo,14039.0,14,39,26.0,Cifras Definitivas
2018,4,Macrobús Servicio Troncal,Ingresos por pasaje,14039.0,14,39,19503266.0,Cifras Definitivas
2018,4,Macrobús Servicio Troncal,Kilómetros recorridos,14039.0,14,39,326784.0,Cifras Definitivas
2018,4,Macrobús Servicio Troncal,Pasajeros transportados,14039.0,14,39,3063192.0,Cifras Definitivas
2018,4,Macrobús Servicio Troncal,Pasajeros transportados con boleto pagado,14039.0,14,39,2559075.0,Cifras Definitivas
2018,4,Macrobús Servicio Troncal,Pasajeros transportados con cortesía,14039.0,14,39,14759.0,Cifras Definitivas
2018,4,Macrobús Servicio Troncal,Pasajeros transportados con descuento,14039.0,14,39,489358.0,Cifras Definitivas
2018,4,Macrobús Servicio Troncal,Rutas,14039.0,14,39,2.0,Cifras Definitivas
2018,4,Macrobús Servicio Alimentador,Autobuses en operación de lunes a viernes,14039.0,14,39,78.0,Cifras Definitivas
2018,4,Macrobús Servicio Alimentador,Autobuses en operación de sábado a domingo,14039.0,14,39,73.0,Cifras Definitivas
2018,4,Macrobús Servicio Alimentador,Ingresos por pasaje,14039.0,14,39,4630045.0,Cifras Definitivas
2018,4,Macrobús Servicio Alimentador,Kilómetros recorridos,14039.0,14,39,425396.0,Cifras Definitivas
2018,4,Macrobús Servicio Alimentador,Pasajeros transportados,14039.0,14,39,868083.0,Cifras Definitivas
2018,4,Macrobús Servicio Alimentador,Pasajeros transportados con boleto pagado,14039.0,14,39,784691.0,Cifras Definitivas
2018,4,Macrobús Servicio Alimentador,Pasajeros transportados con descuento,14039.0,14,39,83392.0,Cifras Definitivas
2018,4,Macrobús Servicio Alimentador,Rutas,14039.0,14,39,15.0,Cifras Definitivas
2018,4,Sistema Integral del Tren Ligero,Autobuses en operación de lunes a viernes,14039.0,14,39,38.0,Cifras Definitivas
2018,4,Sistema Integral del Tren Ligero,Autobuses en operación de sábado a domingo,14039.0,14,39,25.0,Cifras Definitivas
2018,4,Sistema Integral del Tren Ligero,Kilómetros recorridos,14039.0,14,39,176062.0,Cifras Definitivas
2018,4,Sistema Integral del Tren Ligero,Pasajeros transportados,14039.0,14,39,433366.0,Cifras Definitivas
2018,4,Sistema Integral del Tren Ligero,Pasajeros transportados con boleto pagado,14039.0,14,39,430470.0,Cifras Definitivas
2018,4,Sistema Integral del Tren Ligero,Pasajeros transportados con cortesía,14039.0,14,39,2896.0,Cifras Definitivas
2018,4,Sistema Integral del Tren Ligero,Rutas,14039.0,14,39,2.0,Cifras Definitivas
2018,5,Tren Eléctrico,Ingresos por pasaje,14039.0,14,39,48709969.0,Cifras Definitivas
2018,5,Tren Eléctrico,Kilómetros recorridos,14039.0,14,39,522419.0,Cifras Definitivas
2018,5,Tren Eléctrico,Longitud de servicio,14039.0,14,39,24.0,Cifras Definitivas
2018,5,Tren Eléctrico,Pasajeros transportados,14039.0,14,39,8899046.0,Cifras Definitivas
2018,5,Tren Eléctrico,Unidades en operación,14039.0,14,39,46.0,Cifras Definitivas
2018,5,Trolebús,Ingresos por pasaje,14039.0,14,39,1489452.0,Cifras Definitivas
2018,5,Trolebús,Kilómetros recorridos,14039.0,14,39,65874.0,Cifras Definitivas
2018,5,Trolebús,Lineas en servicio,14039.0,14,39,1.0,Cifras Definitivas
2018,5,Trolebús,Longitud de servicio,14039.0,14,39,18.0,Cifras Definitivas
2018,5,Trolebús,Pasajeros transportados,14039.0,14,39,248242.0,Cifras Definitivas
2018,5,Trolebús,Unidades en operación,14039.0,14,39,16.0,Cifras Definitivas
2018,5,Macrobús Servicio Troncal,Autobuses en operación de lunes a viernes,14039.0,14,39,40.0,Cifras Definitivas
2018,5,Macrobús Servicio Troncal,Autobuses en operación de sábado a domingo,14039.0,14,39,26.0,Cifras Definitivas
2018,5,Macrobús Servicio Troncal,Ingresos por pasaje,14039.0,14,39,24411514.0,Cifras Definitivas
2018,5,Macrobús Servicio Troncal,Kilómetros recorridos,14039.0,14,39,354144.0,Cifras Definitivas
2018,5,Macrobús Servicio Troncal,Pasajeros transportados,14039.0,14,39,3197177.0,Cifras Definitivas
2018,5,Macrobús Servicio Troncal,Pasajeros transportados con boleto pagado,14039.0,14,39,2598785.0,Cifras Definitivas
2018,5,Macrobús Servicio Troncal,Pasajeros transportados con cortesía,14039.0,14,39,14711.0,Cifras Definitivas
2018,5,Macrobús Servicio Troncal,Pasajeros transportados con descuento,14039.0,14,39,583681.0,Cifras Definitivas
2018,5,Macrobús Servicio Troncal,Rutas,14039.0,14,39,2.0,Cifras Definitivas
2018,5,Macrobús Servicio Alimentador,Autobuses en operación de lunes a viernes,14039.0,14,39,78.0,Cifras Definitivas
2018,5,Macrobús Servicio Alimentador,Autobuses en operación de sábado a domingo,14039.0,14,39,73.0,Cifras Definitivas
2018,5,Macrobús Servicio Alimentador,Ingresos por pasaje,14039.0,14,39,5172290.0,Cifras Definitivas
2018,5,Macrobús Servicio Alimentador,Kilómetros recorridos,14039.0,14,39,467280.0,Cifras Definitivas
2018,5,Macrobús Servicio Alimentador,Pasajeros transportados,14039.0,14,39,936853.0,Cifras Definitivas
2018,5,Macrobús Servicio Alimentador,Pasajeros transportados con boleto pagado,14039.0,14,39,828520.0,Cifras Definitivas
2018,5,Macrobús Servicio Alimentador,Pasajeros transportados con descuento,14039.0,14,39,108333.0,Cifras Definitivas
2018,5,Macrobús Servicio Alimentador,Rutas,14039.0,14,39,15.0,Cifras Definitivas
2018,5,Sistema Integral del Tren Ligero,Autobuses en operación de lunes a viernes,14039.0,14,39,38.0,Cifras Definitivas
2018,5,Sistema Integral del Tren Ligero,Autobuses en operación de sábado a domingo,14039.0,14,39,25.0,Cifras Definitivas
2018,5,Sistema Integral del Tren Ligero,Kilómetros recorridos,14039.0,14,39,181825.0,Cifras Definitivas
2018,5,Sistema Integral del Tren Ligero,Pasajeros transportados,14039.0,14,39,457227.0,Cifras Definitivas
2018,5,Sistema Integral del Tren Ligero,Pasajeros transportados con boleto pagado,14039.0,14,39,454373.0,Cifras Definitivas
2018,5,Sistema Integral del Tren Ligero,Pasajeros transportados con cortesía,14039.0,14,39,2854.0,Cifras Definitivas
2018,5,Sistema Integral del Tren Ligero,Rutas,14039.0,14,39,2.0,Cifras Definitivas
2018,6,Tren Eléctrico,Ingresos por pasaje,14039.0,14,39,44589522.0,Cifras Definitivas
2018,6,Tren Eléctrico,Kilómetros recorridos,14039.0,14,39,520369.0,Cifras Definitivas
2018,6,Tren Eléctrico,Longitud de servicio,14039.0,14,39,24.0,Cifras Definitivas
2018,6,Tren Eléctrico,Pasajeros transportados,14039.0,14,39,8269895.0,Cifras Definitivas
2018,6,Tren Eléctrico,Unidades en operación,14039.0,14,39,46.0,Cifras Definitivas
2018,6,Trolebús,Ingresos por pasaje,14039.0,14,39,1776054.0,Cifras Definitivas
2018,6,Trolebús,Kilómetros recorridos,14039.0,14,39,63867.0,Cifras Definitivas
2018,6,Trolebús,Lineas en servicio,14039.0,14,39,1.0,Cifras Definitivas
2018,6,Trolebús,Longitud de servicio,14039.0,14,39,18.0,Cifras Definitivas
2018,6,Trolebús,Pasajeros transportados,14039.0,14,39,296009.0,Cifras Definitivas
2018,6,Trolebús,Unidades en operación,14039.0,14,39,18.0,Cifras Definitivas
2018,6,Macrobús Servicio Troncal,Autobuses en operación de lunes a viernes,14039.0,14,39,40.0,Cifras Definitivas
2018,6,Macrobús Servicio Troncal,Autobuses en operación de sábado a domingo,14039.0,14,39,26.0,Cifras Definitivas
2018,6,Macrobús Servicio Troncal,Ingresos por pasaje,14039.0,14,39,19575917.0,Cifras Definitivas
2018,6,Macrobús Servicio Troncal,Kilómetros recorridos,14039.0,14,39,340928.0,Cifras Definitivas
2018,6,Macrobús Servicio Troncal,Pasajeros transportados,14039.0,14,39,2824652.0,Cifras Definitivas
2018,6,Macrobús Servicio Troncal,Pasajeros transportados con boleto pagado,14039.0,14,39,2388851.0,Cifras Definitivas
2018,6,Macrobús Servicio Troncal,Pasajeros transportados con cortesía,14039.0,14,39,13810.0,Cifras Definitivas
2018,6,Macrobús Servicio Troncal,Pasajeros transportados con descuento,14039.0,14,39,421991.0,Cifras Definitivas
2018,6,Macrobús Servicio Troncal,Rutas,14039.0,14,39,2.0,Cifras Definitivas
2018,6,Macrobús Servicio Alimentador,Autobuses en operación de lunes a viernes,14039.0,14,39,78.0,Cifras Definitivas
2018,6,Macrobús Servicio Alimentador,Autobuses en operación de sábado a domingo,14039.0,14,39,73.0,Cifras Definitivas
2018,6,Macrobús Servicio Alimentador,Ingresos por pasaje,14039.0,14,39,4660574.0,Cifras Definitivas
2018,6,Macrobús Servicio Alimentador,Kilómetros recorridos,14039.0,14,39,446987.0,Cifras Definitivas
2018,6,Macrobús Servicio Alimentador,Pasajeros transportados,14039.0,14,39,864264.0,Cifras Definitivas
2018,6,Macrobús Servicio Alimentador,Pasajeros transportados con boleto pagado,14039.0,14,39,776504.0,Cifras Definitivas
2018,6,Macrobús Servicio Alimentador,Pasajeros transportados con descuento,14039.0,14,39,87760.0,Cifras Definitivas
2018,6,Macrobús Servicio Alimentador,Rutas,14039.0,14,39,15.0,Cifras Definitivas
2018,6,Sistema Integral del Tren Ligero,Autobuses en operación de lunes a viernes,14039.0,14,39,38.0,Cifras Definitivas
2018,6,Sistema Integral del Tren Ligero,Autobuses en operación de sábado a domingo,14039.0,14,39,25.0,Cifras Definitivas
2018,6,Sistema Integral del Tren Ligero,Kilómetros recorridos,14039.0,14,39,165642.0,Cifras Definitivas
2018,6,Sistema Integral del Tren Ligero,Pasajeros transportados,14039.0,14,39,409328.0,Cifras Definitivas
2018,6,Sistema Integral del Tren Ligero,Pasajeros transportados con boleto pagado,14039.0,14,39,406923.0,Cifras Definitivas
2018,6,Sistema Integral del Tren Ligero,Pasajeros transportados con cortesía,14039.0,14,39,2405.0,Cifras Definitivas
2018,6,Sistema Integral del Tren Ligero,Rutas,14039.0,14,39,2.0,Cifras Definitivas
2018,7,Tren Eléctrico,Ingresos por pasaje,14039.0,14,39,46772690.0,Cifras Definitivas
2018,7,Tren Eléctrico,Kilómetros recorridos,14039.0,14,39,529674.0,Cifras Definitivas
2018,7,Tren Eléctrico,Longitud de servicio,14039.0,14,39,24.0,Cifras Definitivas
2018,7,Tren Eléctrico,Pasajeros transportados,14039.0,14,39,8517482.0,Cifras Definitivas
2018,7,Tren Eléctrico,Unidades en operación,14039.0,14,39,46.0,Cifras Definitivas
2018,7,Trolebús,Ingresos por pasaje,14039.0,14,39,1920618.0,Cifras Definitivas
2018,7,Trolebús,Kilómetros recorridos,14039.0,14,39,64000.0,Cifras Definitivas
2018,7,Trolebús,Lineas en servicio,14039.0,14,39,1.0,Cifras Definitivas
2018,7,Trolebús,Longitud de servicio,14039.0,14,39,18.0,Cifras Definitivas
2018,7,Trolebús,Pasajeros transportados,14039.0,14,39,320103.0,Cifras Definitivas
2018,7,Trolebús,Unidades en operación,14039.0,14,39,18.0,Cifras Definitivas
2018,7,Macrobús Servicio Troncal,Autobuses en operación de lunes a viernes,14039.0,14,39,40.0,Cifras Definitivas
2018,7,Macrobús Servicio Troncal,Autobuses en operación de sábado a domingo,14039.0,14,39,26.0,Cifras Definitivas
2018,7,Macrobús Servicio Troncal,Ingresos por pasaje,14039.0,14,39,20646322.0,Cifras Definitivas
2018,7,Macrobús Servicio Troncal,Kilómetros recorridos,14039.0,14,39,352162.0,Cifras Definitivas
2018,7,Macrobús Servicio Troncal,Pasajeros transportados,14039.0,14,39,2950574.0,Cifras Definitivas
2018,7,Macrobús Servicio Troncal,Pasajeros transportados con boleto pagado,14039.0,14,39,2531088.0,Cifras Definitivas
2018,7,Macrobús Servicio Troncal,Pasajeros transportados con cortesía,14039.0,14,39,14782.0,Cifras Definitivas
2018,7,Macrobús Servicio Troncal,Pasajeros transportados con descuento,14039.0,14,39,404704.0,Cifras Definitivas
2018,7,Macrobús Servicio Troncal,Rutas,14039.0,14,39,2.0,Cifras Definitivas
2018,7,Macrobús Servicio Alimentador,Autobuses en operación de lunes a viernes,14039.0,14,39,78.0,Cifras Definitivas
2018,7,Macrobús Servicio Alimentador,Autobuses en operación de sábado a domingo,14039.0,14,39,73.0,Cifras Definitivas
2018,7,Macrobús Servicio Alimentador,Ingresos por pasaje,14039.0,14,39,4730368.0,Cifras Definitivas
2018,7,Macrobús Servicio Alimentador,Kilómetros recorridos,14039.0,14,39,443920.0,Cifras Definitivas
2018,7,Macrobús Servicio Alimentador,Pasajeros transportados,14039.0,14,39,873806.0,Cifras Definitivas
2018,7,Macrobús Servicio Alimentador,Pasajeros transportados con boleto pagado,14039.0,14,39,795847.0,Cifras Definitivas
2018,7,Macrobús Servicio Alimentador,Pasajeros transportados con descuento,14039.0,14,39,77959.0,Cifras Definitivas
2018,7,Macrobús Servicio Alimentador,Rutas,14039.0,14,39,15.0,Cifras Definitivas
2018,7,Sistema Integral del Tren Ligero,Autobuses en operación de lunes a viernes,14039.0,14,39,38.0,Cifras Definitivas
2018,7,Sistema Integral del Tren Ligero,Autobuses en operación de sábado a domingo,14039.0,14,39,25.0,Cifras Definitivas
2018,7,Sistema Integral del Tren Ligero,Kilómetros recorridos,14039.0,14,39,166116.0,Cifras Definitivas
2018,7,Sistema Integral del Tren Ligero,Pasajeros transportados,14039.0,14,39,415611.0,Cifras Definitivas
2018,7,Sistema Integral del Tren Ligero,Pasajeros transportados con boleto pagado,14039.0,14,39,413064.0,Cifras Definitivas
2018,7,Sistema Integral del Tren Ligero,Pasajeros transportados con cortesía,14039.0,14,39,2547.0,Cifras Definitivas
2018,7,Sistema Integral del Tren Ligero,Rutas,14039.0,14,39,2.0,Cifras Definitivas
2018,8,Tren Eléctrico,Ingresos por pasaje,14039.0,14,39,49363627.0,Cifras Definitivas
2018,8,Tren Eléctrico,Kilómetros recorridos,14039.0,14,39,524419.0,Cifras Definitivas
2018,8,Tren Eléctrico,Longitud de servicio,14039.0,14,39,24.0,Cifras Definitivas
2018,8,Tren Eléctrico,Pasajeros transportados,14039.0,14,39,9023583.0,Cifras Definitivas
2018,8,Tren Eléctrico,Unidades en operación,14039.0,14,39,46.0,Cifras Definitivas
2018,8,Trolebús,Ingresos por pasaje,14039.0,14,39,2017284.0,Cifras Definitivas
2018,8,Trolebús,Kilómetros recorridos,14039.0,14,39,64437.0,Cifras Definitivas
2018,8,Trolebús,Lineas en servicio,14039.0,14,39,1.0,Cifras Definitivas
2018,8,Trolebús,Longitud de servicio,14039.0,14,39,18.0,Cifras Definitivas
2018,8,Trolebús,Pasajeros transportados,14039.0,14,39,336214.0,Cifras Definitivas
2018,8,Trolebús,Unidades en operación,14039.0,14,39,18.0,Cifras Definitivas
2018,8,Macrobús Servicio Troncal,Autobuses en operación de lunes a viernes,14039.0,14,39,40.0,Cifras Definitivas
2018,8,Macrobús Servicio Troncal,Autobuses en operación de sábado a domingo,14039.0,14,39,26.0,Cifras Definitivas
2018,8,Macrobús Servicio Troncal,Ingresos por pasaje,14039.0,14,39,23167935.0,Cifras Definitivas
2018,8,Macrobús Servicio Troncal,Kilómetros recorridos,14039.0,14,39,359000.0,Cifras Definitivas
2018,8,Macrobús Servicio Troncal,Pasajeros transportados,14039.0,14,39,3387804.0,Cifras Definitivas
2018,8,Macrobús Servicio Troncal,Pasajeros transportados con boleto pagado,14039.0,14,39,2788580.0,Cifras Definitivas
2018,8,Macrobús Servicio Troncal,Pasajeros transportados con cortesía,14039.0,14,39,16422.0,Cifras Definitivas
2018,8,Macrobús Servicio Troncal,Pasajeros transportados con descuento,14039.0,14,39,582802.0,Cifras Definitivas
2018,8,Macrobús Servicio Troncal,Rutas,14039.0,14,39,2.0,Cifras Definitivas
2018,8,Macrobús Servicio Alimentador,Autobuses en operación de lunes a viernes,14039.0,14,39,78.0,Cifras Definitivas
2018,8,Macrobús Servicio Alimentador,Autobuses en operación de sábado a domingo,14039.0,14,39,73.0,Cifras Definitivas
2018,8,Macrobús Servicio Alimentador,Ingresos por pasaje,14039.0,14,39,4973786.0,Cifras Definitivas
2018,8,Macrobús Servicio Alimentador,Kilómetros recorridos,14039.0,14,39,401055.0,Cifras Definitivas
2018,8,Macrobús Servicio Alimentador,Pasajeros transportados,14039.0,14,39,952655.0,Cifras Definitivas
2018,8,Macrobús Servicio Alimentador,Pasajeros transportados con boleto pagado,14039.0,14,39,850962.0,Cifras Definitivas
2018,8,Macrobús Servicio Alimentador,Pasajeros transportados con descuento,14039.0,14,39,101693.0,Cifras Definitivas
2018,8,Macrobús Servicio Alimentador,Rutas,14039.0,14,39,15.0,Cifras Definitivas
2018,8,Sistema Integral del Tren Ligero,Autobuses en operación de lunes a viernes,14039.0,14,39,38.0,Cifras Definitivas
2018,8,Sistema Integral del Tren Ligero,Autobuses en operación de sábado a domingo,14039.0,14,39,25.0,Cifras Definitivas
2018,8,Sistema Integral del Tren Ligero,Kilómetros recorridos,14039.0,14,39,173018.0,Cifras Definitivas
2018,8,Sistema Integral del Tren Ligero,Pasajeros transportados,14039.0,14,39,452860.0,Cifras Definitivas
2018,8,Sistema Integral del Tren Ligero,Pasajeros transportados con boleto pagado,14039.0,14,39,450340.0,Cifras Definitivas
2018,8,Sistema Integral del Tren Ligero,Pasajeros transportados con cortesía,14039.0,14,39,2520.0,Cifras Definitivas
2018,8,Sistema Integral del Tren Ligero,Rutas,14039.0,14,39,2.0,Cifras Definitivas
2018,9,Tren Eléctrico,Ingresos por pasaje,14039.0,14,39,47289593.0,Cifras Definitivas
2018,9,Tren Eléctrico,Kilómetros recorridos,14039.0,14,39,463516.0,Cifras Definitivas
2018,9,Tren Eléctrico,Longitud de servicio,14039.0,14,39,24.0,Cifras Definitivas
2018,9,Tren Eléctrico,Pasajeros transportados,14039.0,14,39,8716631.0,Cifras Definitivas
2018,9,Tren Eléctrico,Unidades en operación,14039.0,14,39,46.0,Cifras Definitivas
2018,9,Trolebús,Ingresos por pasaje,14039.0,14,39,1674042.0,Cifras Definitivas
2018,9,Trolebús,Kilómetros recorridos,14039.0,14,39,60687.0,Cifras Definitivas
2018,9,Trolebús,Lineas en servicio,14039.0,14,39,1.0,Cifras Definitivas
2018,9,Trolebús,Longitud de servicio,14039.0,14,39,18.0,Cifras Definitivas
2018,9,Trolebús,Pasajeros transportados,14039.0,14,39,279007.0,Cifras Definitivas
2018,9,Trolebús,Unidades en operación,14039.0,14,39,18.0,Cifras Definitivas
2018,9,Macrobús Servicio Troncal,Autobuses en operación de lunes a viernes,14039.0,14,39,40.0,Cifras Definitivas
2018,9,Macrobús Servicio Troncal,Autobuses en operación de sábado a domingo,14039.0,14,39,26.0,Cifras Definitivas
2018,9,Macrobús Servicio Troncal,Ingresos por pasaje,14039.0,14,39,21992028.0,Cifras Definitivas
2018,9,Macrobús Servicio Troncal,Kilómetros recorridos,14039.0,14,39,335536.0,Cifras Definitivas
2018,9,Macrobús Servicio Troncal,Pasajeros transportados,14039.0,14,39,3282148.0,Cifras Definitivas
2018,9,Macrobús Servicio Troncal,Pasajeros transportados con boleto pagado,14039.0,14,39,2606331.0,Cifras Definitivas
2018,9,Macrobús Servicio Troncal,Pasajeros transportados con cortesía,14039.0,14,39,14686.0,Cifras Definitivas
2018,9,Macrobús Servicio Troncal,Pasajeros transportados con descuento,14039.0,14,39,661131.0,Cifras Definitivas
2018,9,Macrobús Servicio Troncal,Rutas,14039.0,14,39,2.0,Cifras Definitivas
2018,9,Macrobús Servicio Alimentador,Autobuses en operación de lunes a viernes,14039.0,14,39,78.0,Cifras Definitivas
2018,9,Macrobús Servicio Alimentador,Autobuses en operación de sábado a domingo,14039.0,14,39,73.0,Cifras Definitivas
2018,9,Macrobús Servicio Alimentador,Ingresos por pasaje,14039.0,14,39,4416114.0,Cifras Definitivas
2018,9,Macrobús Servicio Alimentador,Kilómetros recorridos,14039.0,14,39,385189.0,Cifras Definitivas
2018,9,Macrobús Servicio Alimentador,Pasajeros transportados,14039.0,14,39,919416.0,Cifras Definitivas
2018,9,Macrobús Servicio Alimentador,Pasajeros transportados con boleto pagado,14039.0,14,39,805821.0,Cifras Definitivas
2018,9,Macrobús Servicio Alimentador,Pasajeros transportados con descuento,14039.0,14,39,113595.0,Cifras Definitivas
2018,9,Macrobús Servicio Alimentador,Rutas,14039.0,14,39,15.0,Cifras Definitivas
2018,9,Sistema Integral del Tren Ligero,Autobuses en operación de lunes a viernes,14039.0,14,39,38.0,Cifras Definitivas
2018,9,Sistema Integral del Tren Ligero,Autobuses en operación de sábado a domingo,14039.0,14,39,25.0,Cifras Definitivas
2018,9,Sistema Integral del Tren Ligero,Kilómetros recorridos,14039.0,14,39,162797.0,Cifras Definitivas
2018,9,Sistema Integral del Tren Ligero,Pasajeros transportados,14039.0,14,39,441907.0,Cifras Definitivas
2018,9,Sistema Integral del Tren Ligero,Pasajeros transportados con boleto pagado,14039.0,14,39,439563.0,Cifras Definitivas
2018,9,Sistema Integral del Tren Ligero,Pasajeros transportados con cortesía,14039.0,14,39,2344.0,Cifras Definitivas
2018,9,Sistema Integral del Tren Ligero,Rutas,14039.0,14,39,2.0,Cifras Definitivas
2018,10,Tren Eléctrico,Ingresos por pasaje,14039.0,14,39,50896673.0,Cifras Definitivas
2018,10,Tren Eléctrico,Kilómetros recorridos,14039.0,14,39,527659.0,Cifras Definitivas
2018,10,Tren Eléctrico,Longitud de servicio,14039.0,14,39,24.0,Cifras Definitivas
2018,10,Tren Eléctrico,Pasajeros transportados,14039.0,14,39,9590575.0,Cifras Definitivas
2018,10,Tren Eléctrico,Unidades en operación,14039.0,14,39,46.0,Cifras Definitivas
2018,10,Trolebús,Ingresos por pasaje,14039.0,14,39,1967790.0,Cifras Definitivas
2018,10,Trolebús,Kilómetros recorridos,14039.0,14,39,63964.0,Cifras Definitivas
2018,10,Trolebús,Lineas en servicio,14039.0,14,39,1.0,Cifras Definitivas
2018,10,Trolebús,Longitud de servicio,14039.0,14,39,18.0,Cifras Definitivas
2018,10,Trolebús,Pasajeros transportados,14039.0,14,39,327960.0,Cifras Definitivas
2018,10,Trolebús,Unidades en operación,14039.0,14,39,18.0,Cifras Definitivas
2018,10,Macrobús Servicio Troncal,Autobuses en operación de lunes a viernes,14039.0,14,39,40.0,Cifras Definitivas
2018,10,Macrobús Servicio Troncal,Autobuses en operación de sábado a domingo,14039.0,14,39,26.0,Cifras Definitivas
2018,10,Macrobús Servicio Troncal,Ingresos por pasaje,14039.0,14,39,23197699.0,Cifras Definitivas
2018,10,Macrobús Servicio Troncal,Kilómetros recorridos,14039.0,14,39,361142.0,Cifras Definitivas
2018,10,Macrobús Servicio Troncal,Pasajeros transportados,14039.0,14,39,3481461.0,Cifras Definitivas
2018,10,Macrobús Servicio Troncal,Pasajeros transportados con boleto pagado,14039.0,14,39,2709075.0,Cifras Definitivas
2018,10,Macrobús Servicio Troncal,Pasajeros transportados con cortesía,14039.0,14,39,16488.0,Cifras Definitivas
2018,10,Macrobús Servicio Troncal,Pasajeros transportados con descuento,14039.0,14,39,755898.0,Cifras Definitivas
2018,10,Macrobús Servicio Troncal,Rutas,14039.0,14,39,2.0,Cifras Definitivas
2018,10,Macrobús Servicio Alimentador,Autobuses en operación de lunes a viernes,14039.0,14,39,78.0,Cifras Definitivas
2018,10,Macrobús Servicio Alimentador,Autobuses en operación de sábado a domingo,14039.0,14,39,73.0,Cifras Definitivas
2018,10,Macrobús Servicio Alimentador,Ingresos por pasaje,14039.0,14,39,4961561.0,Cifras Definitivas
2018,10,Macrobús Servicio Alimentador,Kilómetros recorridos,14039.0,14,39,406952.0,Cifras Definitivas
2018,10,Macrobús Servicio Alimentador,Pasajeros transportados,14039.0,14,39,954692.0,Cifras Definitivas
2018,10,Macrobús Servicio Alimentador,Pasajeros transportados con boleto pagado,14039.0,14,39,823817.0,Cifras Definitivas
2018,10,Macrobús Servicio Alimentador,Pasajeros transportados con descuento,14039.0,14,39,130875.0,Cifras Definitivas
2018,10,Macrobús Servicio Alimentador,Rutas,14039.0,14,39,15.0,Cifras Definitivas
2018,10,Sistema Integral del Tren Ligero,Autobuses en operación de lunes a viernes,14039.0,14,39,38.0,Cifras Definitivas
2018,10,Sistema Integral del Tren Ligero,Autobuses en operación de sábado a domingo,14039.0,14,39,25.0,Cifras Definitivas
2018,10,Sistema Integral del Tren Ligero,Kilómetros recorridos,14039.0,14,39,159531.0,Cifras Definitivas
2018,10,Sistema Integral del Tren Ligero,Pasajeros transportados,14039.0,14,39,488678.0,Cifras Definitivas
2018,10,Sistema Integral del Tren Ligero,Pasajeros transportados con boleto pagado,14039.0,14,39,485160.0,Cifras Definitivas
2018,10,Sistema Integral del Tren Ligero,Pasajeros transportados con cortesía,14039.0,14,39,3518.0,Cifras Definitivas
2018,10,Sistema Integral del Tren Ligero,Rutas,14039.0,14,39,2.0,Cifras Definitivas
2018,11,Tren Eléctrico,Ingresos por pasaje,14039.0,14,39,48887838.0,Cifras Definitivas
2018,11,Tren Eléctrico,Kilómetros recorridos,14039.0,14,39,464046.0,Cifras Definitivas
2018,11,Tren Eléctrico,Longitud de servicio,14039.0,14,39,24.0,Cifras Definitivas
2018,11,Tren Eléctrico,Pasajeros transportados,14039.0,14,39,8979216.0,Cifras Definitivas
2018,11,Tren Eléctrico,Unidades en operación,14039.0,14,39,46.0,Cifras Definitivas
2018,11,Trolebús,Ingresos por pasaje,14039.0,14,39,1884222.0,Cifras Definitivas
2018,11,Trolebús,Kilómetros recorridos,14039.0,14,39,59262.0,Cifras Definitivas
2018,11,Trolebús,Lineas en servicio,14039.0,14,39,1.0,Cifras Definitivas
2018,11,Trolebús,Longitud de servicio,14039.0,14,39,18.0,Cifras Definitivas
2018,11,Trolebús,Pasajeros transportados,14039.0,14,39,314037.0,Cifras Definitivas
2018,11,Trolebús,Unidades en operación,14039.0,14,39,18.0,Cifras Definitivas
2018,11,Macrobús Servicio Troncal,Autobuses en operación de lunes a viernes,14039.0,14,39,40.0,Cifras Definitivas
2018,11,Macrobús Servicio Troncal,Autobuses en operación de sábado a domingo,14039.0,14,39,26.0,Cifras Definitivas
2018,11,Macrobús Servicio Troncal,Ingresos por pasaje,14039.0,14,39,21885681.0,Cifras Definitivas
2018,11,Macrobús Servicio Troncal,Kilómetros recorridos,14039.0,14,39,344436.0,Cifras Definitivas
2018,11,Macrobús Servicio Troncal,Pasajeros transportados,14039.0,14,39,3284530.0,Cifras Definitivas
2018,11,Macrobús Servicio Troncal,Pasajeros transportados con boleto pagado,14039.0,14,39,2565994.0,Cifras Definitivas
2018,11,Macrobús Servicio Troncal,Pasajeros transportados con cortesía,14039.0,14,39,15450.0,Cifras Definitivas
2018,11,Macrobús Servicio Troncal,Pasajeros transportados con descuento,14039.0,14,39,703086.0,Cifras Definitivas
2018,11,Macrobús Servicio Troncal,Rutas,14039.0,14,39,2.0,Cifras Definitivas
2018,11,Macrobús Servicio Alimentador,Autobuses en operación de lunes a viernes,14039.0,14,39,78.0,Cifras Definitivas
2018,11,Macrobús Servicio Alimentador,Autobuses en operación de sábado a domingo,14039.0,14,39,73.0,Cifras Definitivas
2018,11,Macrobús Servicio Alimentador,Ingresos por pasaje,14039.0,14,39,4622473.0,Cifras Definitivas
2018,11,Macrobús Servicio Alimentador,Kilómetros recorridos,14039.0,14,39,396045.0,Cifras Definitivas
2018,11,Macrobús Servicio Alimentador,Pasajeros transportados,14039.0,14,39,903129.0,Cifras Definitivas
2018,11,Macrobús Servicio Alimentador,Pasajeros transportados con boleto pagado,14039.0,14,39,779543.0,Cifras Definitivas
2018,11,Macrobús Servicio Alimentador,Pasajeros transportados con descuento,14039.0,14,39,123586.0,Cifras Definitivas
2018,11,Macrobús Servicio Alimentador,Rutas,14039.0,14,39,15.0,Cifras Definitivas
2018,11,Sistema Integral del Tren Ligero,Autobuses en operación de lunes a viernes,14039.0,14,39,72.0,Cifras Definitivas
2018,11,Sistema Integral del Tren Ligero,Autobuses en operación de sábado a domingo,14039.0,14,39,54.0,Cifras Definitivas
2018,11,Sistema Integral del Tren Ligero,Kilómetros recorridos,14039.0,14,39,214685.0,Cifras Definitivas
2018,11,Sistema Integral del Tren Ligero,Pasajeros transportados,14039.0,14,39,498272.0,Cifras Definitivas
2018,11,Sistema Integral del Tren Ligero,Pasajeros transportados con boleto pagado,14039.0,14,39,491054.0,Cifras Definitivas
2018,11,Sistema Integral del Tren Ligero,Pasajeros transportados con cortesía,14039.0,14,39,7218.0,Cifras Definitivas
2018,11,Sistema Integral del Tren Ligero,Rutas,14039.0,14,39,3.0,Cifras Definitivas
2018,12,Tren Eléctrico,Ingresos por pasaje,14039.0,14,39,48535256.0,Cifras Definitivas
2018,12,Tren Eléctrico,Kilómetros recorridos,14039.0,14,39,470432.0,Cifras Definitivas
2018,12,Tren Eléctrico,Longitud de servicio,14039.0,14,39,25.0,Cifras Definitivas
2018,12,Tren Eléctrico,Pasajeros transportados,14039.0,14,39,8573571.0,Cifras Definitivas
2018,12,Tren Eléctrico,Unidades en operación,14039.0,14,39,46.0,Cifras Definitivas
2018,12,Trolebús,Ingresos por pasaje,14039.0,14,39,1623330.0,Cifras Definitivas
2018,12,Trolebús,Kilómetros recorridos,14039.0,14,39,55863.0,Cifras Definitivas
2018,12,Trolebús,Lineas en servicio,14039.0,14,39,1.0,Cifras Definitivas
2018,12,Trolebús,Longitud de servicio,14039.0,14,39,18.0,Cifras Definitivas
2018,12,Trolebús,Pasajeros transportados,14039.0,14,39,270555.0,Cifras Definitivas
2018,12,Trolebús,Unidades en operación,14039.0,14,39,18.0,Cifras Definitivas
2018,12,Macrobús Servicio Troncal,Autobuses en operación de lunes a viernes,14039.0,14,39,40.0,Cifras Definitivas
2018,12,Macrobús Servicio Troncal,Autobuses en operación de sábado a domingo,14039.0,14,39,26.0,Cifras Definitivas
2018,12,Macrobús Servicio Troncal,Ingresos por pasaje,14039.0,14,39,20712845.0,Cifras Definitivas
2018,12,Macrobús Servicio Troncal,Kilómetros recorridos,14039.0,14,39,336688.0,Cifras Definitivas
2018,12,Macrobús Servicio Troncal,Pasajeros transportados,14039.0,14,39,3416303.0,Cifras Definitivas
2018,12,Macrobús Servicio Troncal,Pasajeros transportados con boleto pagado,14039.0,14,39,2958744.0,Cifras Definitivas
2018,12,Macrobús Servicio Troncal,Pasajeros transportados con cortesía,14039.0,14,39,14512.0,Cifras Definitivas
2018,12,Macrobús Servicio Troncal,Pasajeros transportados con descuento,14039.0,14,39,443047.0,Cifras Definitivas
2018,12,Macrobús Servicio Troncal,Rutas,14039.0,14,39,2.0,Cifras Definitivas
2018,12,Macrobús Servicio Alimentador,Autobuses en operación de lunes a viernes,14039.0,14,39,78.0,Cifras Definitivas
2018,12,Macrobús Servicio Alimentador,Autobuses en operación de sábado a domingo,14039.0,14,39,73.0,Cifras Definitivas
2018,12,Macrobús Servicio Alimentador,Ingresos por pasaje,14039.0,14,39,4456709.0,Cifras Definitivas
2018,12,Macrobús Servicio Alimentador,Kilómetros recorridos,14039.0,14,39,408391.0,Cifras Definitivas
2018,12,Macrobús Servicio Alimentador,Pasajeros transportados,14039.0,14,39,938297.0,Cifras Definitivas
2018,12,Macrobús Servicio Alimentador,Pasajeros transportados con boleto pagado,14039.0,14,39,845693.0,Cifras Definitivas
2018,12,Macrobús Servicio Alimentador,Pasajeros transportados con descuento,14039.0,14,39,92604.0,Cifras Definitivas
2018,12,Macrobús Servicio Alimentador,Rutas,14039.0,14,39,15.0,Cifras Definitivas
2018,12,Sistema Integral del Tren Ligero,Autobuses en operación de lunes a viernes,14039.0,14,39,72.0,Cifras Definitivas
2018,12,Sistema Integral del Tren Ligero,Autobuses en operación de sábado a domingo,14039.0,14,39,54.0,Cifras Definitivas
2018,12,Sistema Integral del Tren Ligero,Kilómetros recorridos,14039.0,14,39,273140.0,Cifras Definitivas
2018,12,Sistema Integral del Tren Ligero,Pasajeros transportados,14039.0,14,39,572124.0,Cifras Definitivas
2018,12,Sistema Integral del Tren Ligero,Pasajeros transportados con boleto pagado,14039.0,14,39,559679.0,Cifras Definitivas
2018,12,Sistema Integral del Tren Ligero,Pasajeros transportados con cortesía,14039.0,14,39,12445.0,Cifras Definitivas
2018,12,Sistema Integral del Tren Ligero,Rutas,14039.0,14,39,3.0,Cifras Definitivas
2019,1,Tren Eléctrico,Ingresos por pasaje,14039.0,14,39,48699263.0,Cifras Definitivas
2019,1,Tren Eléctrico,Kilómetros recorridos,14039.0,14,39,477653.0,Cifras Definitivas
2019,1,Tren Eléctrico,Longitud de servicio,14039.0,14,39,25.0,Cifras Definitivas
2019,1,Tren Eléctrico,Pasajeros transportados,14039.0,14,39,8942942.0,Cifras Definitivas
2019,1,Tren Eléctrico,Unidades en operación,14039.0,14,39,41.0,Cifras Definitivas
2019,1,Trolebús,Ingresos por pasaje,14039.0,14,39,2222811.0,Cifras Definitivas
2019,1,Trolebús,Kilómetros recorridos,14039.0,14,39,57990.0,Cifras Definitivas
2019,1,Trolebús,Lineas en servicio,14039.0,14,39,1.0,Cifras Definitivas
2019,1,Trolebús,Longitud de servicio,14039.0,14,39,18.0,Cifras Definitivas
2019,1,Trolebús,Pasajeros transportados,14039.0,14,39,333931.0,Cifras Definitivas
2019,1,Trolebús,Unidades en operación,14039.0,14,39,16.0,Cifras Definitivas
2019,1,Macrobús Servicio Troncal,Autobuses en operación de lunes a viernes,14039.0,14,39,40.0,Cifras Definitivas
2019,1,Macrobús Servicio Troncal,Autobuses en operación de sábado a domingo,14039.0,14,39,26.0,Cifras Definitivas
2019,1,Macrobús Servicio Troncal,Ingresos por pasaje,14039.0,14,39,22813471.0,Cifras Definitivas
2019,1,Macrobús Servicio Troncal,Kilómetros recorridos,14039.0,14,39,355830.0,Cifras Definitivas
2019,1,Macrobús Servicio Troncal,Pasajeros transportados,14039.0,14,39,3340320.0,Cifras Definitivas
2019,1,Macrobús Servicio Troncal,Pasajeros transportados con boleto pagado,14039.0,14,39,2703621.0,Cifras Definitivas
2019,1,Macrobús Servicio Troncal,Pasajeros transportados con cortesía,14039.0,14,39,14756.0,Cifras Definitivas
2019,1,Macrobús Servicio Troncal,Pasajeros transportados con descuento,14039.0,14,39,621943.0,Cifras Definitivas
2019,1,Macrobús Servicio Troncal,Rutas,14039.0,14,39,2.0,Cifras Definitivas
2019,1,Macrobús Servicio Alimentador,Autobuses en operación de lunes a viernes,14039.0,14,39,80.0,Cifras Definitivas
2019,1,Macrobús Servicio Alimentador,Autobuses en operación de sábado a domingo,14039.0,14,39,73.0,Cifras Definitivas
2019,1,Macrobús Servicio Alimentador,Ingresos por pasaje,14039.0,14,39,4533372.0,Cifras Definitivas
2019,1,Macrobús Servicio Alimentador,Kilómetros recorridos,14039.0,14,39,423851.0,Cifras Definitivas
2019,1,Macrobús Servicio Alimentador,Pasajeros transportados,14039.0,14,39,904075.0,Cifras Definitivas
2019,1,Macrobús Servicio Alimentador,Pasajeros transportados con boleto pagado,14039.0,14,39,796993.0,Cifras Definitivas
2019,1,Macrobús Servicio Alimentador,Pasajeros transportados con descuento,14039.0,14,39,107082.0,Cifras Definitivas
2019,1,Macrobús Servicio Alimentador,Rutas,14039.0,14,39,15.0,Cifras Definitivas
2019,1,Sistema Integral del Tren Ligero,Autobuses en operación de lunes a viernes,14039.0,14,39,59.0,Cifras Definitivas
2019,1,Sistema Integral del Tren Ligero,Autobuses en operación de sábado a domingo,14039.0,14,39,46.0,Cifras Definitivas
2019,1,Sistema Integral del Tren Ligero,Kilómetros recorridos,14039.0,14,39,234954.0,Cifras Definitivas
2019,1,Sistema Integral del Tren Ligero,Pasajeros transportados,14039.0,14,39,664306.0,Cifras Definitivas
2019,1,Sistema Integral del Tren Ligero,Pasajeros transportados con boleto pagado,14039.0,14,39,641706.0,Cifras Definitivas
2019,1,Sistema Integral del Tren Ligero,Pasajeros transportados con cortesía,14039.0,14,39,22600.0,Cifras Definitivas
2019,1,Sistema Integral del Tren Ligero,Rutas,14039.0,14,39,3.0,Cifras Definitivas
2019,2,Tren Eléctrico,Ingresos por pasaje,14039.0,14,39,46408734.0,Cifras Definitivas
2019,2,Tren Eléctrico,Kilómetros recorridos,14039.0,14,39,439461.0,Cifras Definitivas
2019,2,Tren Eléctrico,Longitud de servicio,14039.0,14,39,25.0,Cifras Definitivas
2019,2,Tren Eléctrico,Pasajeros transportados,14039.0,14,39,8138571.0,Cifras Definitivas
2019,2,Tren Eléctrico,Unidades en operación,14039.0,14,39,41.0,Cifras Definitivas
2019,2,Trolebús,Ingresos por pasaje,14039.0,14,39,2166974.0,Cifras Definitivas
2019,2,Trolebús,Kilómetros recorridos,14039.0,14,39,50894.0,Cifras Definitivas
2019,2,Trolebús,Lineas en servicio,14039.0,14,39,1.0,Cifras Definitivas
2019,2,Trolebús,Longitud de servicio,14039.0,14,39,18.0,Cifras Definitivas
2019,2,Trolebús,Pasajeros transportados,14039.0,14,39,291063.0,Cifras Definitivas
2019,2,Trolebús,Unidades en operación,14039.0,14,39,16.0,Cifras Definitivas
2019,2,Macrobús Servicio Troncal,Autobuses en operación de lunes a viernes,14039.0,14,39,40.0,Cifras Definitivas
2019,2,Macrobús Servicio Troncal,Autobuses en operación de sábado a domingo,14039.0,14,39,26.0,Cifras Definitivas
2019,2,Macrobús Servicio Troncal,Ingresos por pasaje,14039.0,14,39,20550141.0,Cifras Definitivas
2019,2,Macrobús Servicio Troncal,Kilómetros recorridos,14039.0,14,39,319916.0,Cifras Definitivas
2019,2,Macrobús Servicio Troncal,Pasajeros transportados,14039.0,14,39,3081491.0,Cifras Definitivas
2019,2,Macrobús Servicio Troncal,Pasajeros transportados con boleto pagado,14039.0,14,39,2394260.0,Cifras Definitivas
2019,2,Macrobús Servicio Troncal,Pasajeros transportados con cortesía,14039.0,14,39,11410.0,Cifras Definitivas
2019,2,Macrobús Servicio Troncal,Pasajeros transportados con descuento,14039.0,14,39,675821.0,Cifras Definitivas
2019,2,Macrobús Servicio Troncal,Rutas,14039.0,14,39,2.0,Cifras Definitivas
2019,2,Macrobús Servicio Alimentador,Autobuses en operación de lunes a viernes,14039.0,14,39,80.0,Cifras Definitivas
2019,2,Macrobús Servicio Alimentador,Autobuses en operación de sábado a domingo,14039.0,14,39,73.0,Cifras Definitivas
2019,2,Macrobús Servicio Alimentador,Ingresos por pasaje,14039.0,14,39,4373431.0,Cifras Definitivas
2019,2,Macrobús Servicio Alimentador,Kilómetros recorridos,14039.0,14,39,381175.0,Cifras Definitivas
2019,2,Macrobús Servicio Alimentador,Pasajeros transportados,14039.0,14,39,830525.0,Cifras Definitivas
2019,2,Macrobús Servicio Alimentador,Pasajeros transportados con boleto pagado,14039.0,14,39,715771.0,Cifras Definitivas
2019,2,Macrobús Servicio Alimentador,Pasajeros transportados con descuento,14039.0,14,39,114754.0,Cifras Definitivas
2019,2,Macrobús Servicio Alimentador,Rutas,14039.0,14,39,15.0,Cifras Definitivas
2019,2,Sistema Integral del Tren Ligero,Autobuses en operación de lunes a viernes,14039.0,14,39,57.0,Cifras Definitivas
2019,2,Sistema Integral del Tren Ligero,Autobuses en operación de sábado a domingo,14039.0,14,39,44.0,Cifras Definitivas
2019,2,Sistema Integral del Tren Ligero,Kilómetros recorridos,14039.0,14,39,217212.0,Cifras Definitivas
2019,2,Sistema Integral del Tren Ligero,Pasajeros transportados,14039.0,14,39,544495.0,Cifras Definitivas
2019,2,Sistema Integral del Tren Ligero,Pasajeros transportados con boleto pagado,14039.0,14,39,518149.0,Cifras Definitivas
2019,2,Sistema Integral del Tren Ligero,Pasajeros transportados con cortesía,14039.0,14,39,26346.0,Cifras Definitivas
2019,2,Sistema Integral del Tren Ligero,Rutas,14039.0,14,39,3.0,Cifras Definitivas
2019,3,Tren Eléctrico,Ingresos por pasaje,14039.0,14,39,48655014.0,Cifras Definitivas
2019,3,Tren Eléctrico,Kilómetros recorridos,14039.0,14,39,491063.0,Cifras Definitivas
2019,3,Tren Eléctrico,Longitud de servicio,14039.0,14,39,25.0,Cifras Definitivas
2019,3,Tren Eléctrico,Pasajeros transportados,14039.0,14,39,8813085.0,Cifras Definitivas
2019,3,Tren Eléctrico,Unidades en operación,14039.0,14,39,41.0,Cifras Definitivas
2019,3,Trolebús,Ingresos por pasaje,14039.0,14,39,2263016.0,Cifras Definitivas
2019,3,Trolebús,Kilómetros recorridos,14039.0,14,39,52254.0,Cifras Definitivas
2019,3,Trolebús,Lineas en servicio,14039.0,14,39,1.0,Cifras Definitivas
2019,3,Trolebús,Longitud de servicio,14039.0,14,39,18.0,Cifras Definitivas
2019,3,Trolebús,Pasajeros transportados,14039.0,14,39,310419.0,Cifras Definitivas
2019,3,Trolebús,Unidades en operación,14039.0,14,39,16.0,Cifras Definitivas
2019,3,Macrobús Servicio Troncal,Autobuses en operación de lunes a viernes,14039.0,14,39,40.0,Cifras Definitivas
2019,3,Macrobús Servicio Troncal,Autobuses en operación de sábado a domingo,14039.0,14,39,26.0,Cifras Definitivas
2019,3,Macrobús Servicio Troncal,Ingresos por pasaje,14039.0,14,39,21604881.0,Cifras Definitivas
2019,3,Macrobús Servicio Troncal,Kilómetros recorridos,14039.0,14,39,346094.0,Cifras Definitivas
2019,3,Macrobús Servicio Troncal,Pasajeros transportados,14039.0,14,39,3288310.0,Cifras Definitivas
2019,3,Macrobús Servicio Troncal,Pasajeros transportados con boleto pagado,14039.0,14,39,2537255.0,Cifras Definitivas
2019,3,Macrobús Servicio Troncal,Pasajeros transportados con cortesía,14039.0,14,39,13384.0,Cifras Definitivas
2019,3,Macrobús Servicio Troncal,Pasajeros transportados con descuento,14039.0,14,39,737671.0,Cifras Definitivas
2019,3,Macrobús Servicio Troncal,Rutas,14039.0,14,39,2.0,Cifras Definitivas
2019,3,Macrobús Servicio Alimentador,Autobuses en operación de lunes a viernes,14039.0,14,39,80.0,Cifras Definitivas
2019,3,Macrobús Servicio Alimentador,Autobuses en operación de sábado a domingo,14039.0,14,39,73.0,Cifras Definitivas
2019,3,Macrobús Servicio Alimentador,Ingresos por pasaje,14039.0,14,39,4929091.0,Cifras Definitivas
2019,3,Macrobús Servicio Alimentador,Kilómetros recorridos,14039.0,14,39,417892.0,Cifras Definitivas
2019,3,Macrobús Servicio Alimentador,Pasajeros transportados,14039.0,14,39,913912.0,Cifras Definitivas
2019,3,Macrobús Servicio Alimentador,Pasajeros transportados con boleto pagado,14039.0,14,39,786791.0,Cifras Definitivas
2019,3,Macrobús Servicio Alimentador,Pasajeros transportados con descuento,14039.0,14,39,127121.0,Cifras Definitivas
2019,3,Macrobús Servicio Alimentador,Rutas,14039.0,14,39,15.0,Cifras Definitivas
2019,3,Sistema Integral del Tren Ligero,Autobuses en operación de lunes a viernes,14039.0,14,39,55.0,Cifras Definitivas
2019,3,Sistema Integral del Tren Ligero,Autobuses en operación de sábado a domingo,14039.0,14,39,42.0,Cifras Definitivas
2019,3,Sistema Integral del Tren Ligero,Kilómetros recorridos,14039.0,14,39,212611.0,Cifras Definitivas
2019,3,Sistema Integral del Tren Ligero,Pasajeros transportados,14039.0,14,39,535146.0,Cifras Definitivas
2019,3,Sistema Integral del Tren Ligero,Pasajeros transportados con boleto pagado,14039.0,14,39,509906.0,Cifras Definitivas
2019,3,Sistema Integral del Tren Ligero,Pasajeros transportados con cortesía,14039.0,14,39,25240.0,Cifras Definitivas
2019,3,Sistema Integral del Tren Ligero,Rutas,14039.0,14,39,3.0,Cifras Definitivas
2019,4,Tren Eléctrico,Ingresos por pasaje,14039.0,14,39,47049183.0,Cifras Definitivas
2019,4,Tren Eléctrico,Kilómetros recorridos,14039.0,14,39,547727.0,Cifras Definitivas
2019,4,Tren Eléctrico,Longitud de servicio,14039.0,14,39,25.0,Cifras Definitivas
2019,4,Tren Eléctrico,Pasajeros transportados,14039.0,14,39,7859239.0,Cifras Definitivas
2019,4,Tren Eléctrico,Unidades en operación,14039.0,14,39,41.0,Cifras Definitivas
2019,4,Trolebús,Ingresos por pasaje,14039.0,14,39,2211565.0,Cifras Definitivas
2019,4,Trolebús,Kilómetros recorridos,14039.0,14,39,51085.0,Cifras Definitivas
2019,4,Trolebús,Lineas en servicio,14039.0,14,39,1.0,Cifras Definitivas
2019,4,Trolebús,Longitud de servicio,14039.0,14,39,18.0,Cifras Definitivas
2019,4,Trolebús,Pasajeros transportados,14039.0,14,39,263959.0,Cifras Definitivas
2019,4,Trolebús,Unidades en operación,14039.0,14,39,16.0,Cifras Definitivas
2019,4,Macrobús Servicio Troncal,Autobuses en operación de lunes a viernes,14039.0,14,39,40.0,Cifras Definitivas
2019,4,Macrobús Servicio Troncal,Autobuses en operación de sábado a domingo,14039.0,14,39,26.0,Cifras Definitivas
2019,4,Macrobús Servicio Troncal,Ingresos por pasaje,14039.0,14,39,19366954.0,Cifras Definitivas
2019,4,Macrobús Servicio Troncal,Kilómetros recorridos,14039.0,14,39,349514.0,Cifras Definitivas
2019,4,Macrobús Servicio Troncal,Pasajeros transportados,14039.0,14,39,2883013.0,Cifras Definitivas
2019,4,Macrobús Servicio Troncal,Pasajeros transportados con boleto pagado,14039.0,14,39,2302848.0,Cifras Definitivas
2019,4,Macrobús Servicio Troncal,Pasajeros transportados con cortesía,14039.0,14,39,11680.0,Cifras Definitivas
2019,4,Macrobús Servicio Troncal,Pasajeros transportados con descuento,14039.0,14,39,568485.0,Cifras Definitivas
2019,4,Macrobús Servicio Troncal,Rutas,14039.0,14,39,2.0,Cifras Definitivas
2019,4,Macrobús Servicio Alimentador,Autobuses en operación de lunes a viernes,14039.0,14,39,80.0,Cifras Definitivas
2019,4,Macrobús Servicio Alimentador,Autobuses en operación de sábado a domingo,14039.0,14,39,73.0,Cifras Definitivas
2019,4,Macrobús Servicio Alimentador,Ingresos por pasaje,14039.0,14,39,4466375.0,Cifras Definitivas
2019,4,Macrobús Servicio Alimentador,Kilómetros recorridos,14039.0,14,39,393202.0,Cifras Definitivas
2019,4,Macrobús Servicio Alimentador,Pasajeros transportados,14039.0,14,39,824997.0,Cifras Definitivas
2019,4,Macrobús Servicio Alimentador,Pasajeros transportados con boleto pagado,14039.0,14,39,723273.0,Cifras Definitivas
2019,4,Macrobús Servicio Alimentador,Pasajeros transportados con descuento,14039.0,14,39,101724.0,Cifras Definitivas
2019,4,Macrobús Servicio Alimentador,Rutas,14039.0,14,39,15.0,Cifras Definitivas
2019,4,Sistema Integral del Tren Ligero,Autobuses en operación de lunes a viernes,14039.0,14,39,49.0,Cifras Definitivas
2019,4,Sistema Integral del Tren Ligero,Autobuses en operación de sábado a domingo,14039.0,14,39,42.0,Cifras Definitivas
2019,4,Sistema Integral del Tren Ligero,Kilómetros recorridos,14039.0,14,39,212924.0,Cifras Definitivas
2019,4,Sistema Integral del Tren Ligero,Pasajeros transportados,14039.0,14,39,461174.0,Cifras Definitivas
2019,4,Sistema Integral del Tren Ligero,Pasajeros transportados con boleto pagado,14039.0,14,39,444812.0,Cifras Definitivas
2019,4,Sistema Integral del Tren Ligero,Pasajeros transportados con cortesía,14039.0,14,39,16362.0,Cifras Definitivas
2019,4,Sistema Integral del Tren Ligero,Rutas,14039.0,14,39,3.0,Cifras Definitivas
2019,5,Tren Eléctrico,Ingresos por pasaje,14039.0,14,39,47794788.0,Cifras Definitivas
2019,5,Tren Eléctrico,Kilómetros recorridos,14039.0,14,39,548832.0,Cifras Definitivas
2019,5,Tren Eléctrico,Longitud de servicio,14039.0,14,39,25.0,Cifras Definitivas
2019,5,Tren Eléctrico,Pasajeros transportados,14039.0,14,39,8810328.0,Cifras Definitivas
2019,5,Tren Eléctrico,Unidades en operación,14039.0,14,39,41.0,Cifras Definitivas
2019,5,Trolebús,Ingresos por pasaje,14039.0,14,39,2494955.0,Cifras Definitivas
2019,5,Trolebús,Kilómetros recorridos,14039.0,14,39,50984.0,Cifras Definitivas
2019,5,Trolebús,Lineas en servicio,14039.0,14,39,1.0,Cifras Definitivas
2019,5,Trolebús,Longitud de servicio,14039.0,14,39,18.0,Cifras Definitivas
2019,5,Trolebús,Pasajeros transportados,14039.0,14,39,283211.0,Cifras Definitivas
2019,5,Trolebús,Unidades en operación,14039.0,14,39,16.0,Cifras Definitivas
2019,5,Macrobús Servicio Troncal,Autobuses en operación de lunes a viernes,14039.0,14,39,40.0,Cifras Definitivas
2019,5,Macrobús Servicio Troncal,Autobuses en operación de sábado a domingo,14039.0,14,39,26.0,Cifras Definitivas
2019,5,Macrobús Servicio Troncal,Ingresos por pasaje,14039.0,14,39,21609106.0,Cifras Definitivas
2019,5,Macrobús Servicio Troncal,Kilómetros recorridos,14039.0,14,39,357670.0,Cifras Definitivas
2019,5,Macrobús Servicio Troncal,Pasajeros transportados,14039.0,14,39,3274359.0,Cifras Definitivas
2019,5,Macrobús Servicio Troncal,Pasajeros transportados con boleto pagado,14039.0,14,39,2584367.0,Cifras Definitivas
2019,5,Macrobús Servicio Troncal,Pasajeros transportados con cortesía,14039.0,14,39,12618.0,Cifras Definitivas
2019,5,Macrobús Servicio Troncal,Pasajeros transportados con descuento,14039.0,14,39,677374.0,Cifras Definitivas
2019,5,Macrobús Servicio Troncal,Rutas,14039.0,14,39,2.0,Cifras Definitivas
2019,5,Macrobús Servicio Alimentador,Autobuses en operación de lunes a viernes,14039.0,14,39,80.0,Cifras Definitivas
2019,5,Macrobús Servicio Alimentador,Autobuses en operación de sábado a domingo,14039.0,14,39,73.0,Cifras Definitivas
2019,5,Macrobús Servicio Alimentador,Ingresos por pasaje,14039.0,14,39,4888932.0,Cifras Definitivas
2019,5,Macrobús Servicio Alimentador,Kilómetros recorridos,14039.0,14,39,396988.0,Cifras Definitivas
2019,5,Macrobús Servicio Alimentador,Pasajeros transportados,14039.0,14,39,915140.0,Cifras Definitivas
2019,5,Macrobús Servicio Alimentador,Pasajeros transportados con boleto pagado,14039.0,14,39,796225.0,Cifras Definitivas
2019,5,Macrobús Servicio Alimentador,Pasajeros transportados con descuento,14039.0,14,39,118915.0,Cifras Definitivas
2019,5,Macrobús Servicio Alimentador,Rutas,14039.0,14,39,15.0,Cifras Definitivas
2019,5,Sistema Integral del Tren Ligero,Autobuses en operación de lunes a viernes,14039.0,14,39,50.0,Cifras Definitivas
2019,5,Sistema Integral del Tren Ligero,Autobuses en operación de sábado a domingo,14039.0,14,39,40.0,Cifras Definitivas
2019,5,Sistema Integral del Tren Ligero,Kilómetros recorridos,14039.0,14,39,242365.0,Cifras Definitivas
2019,5,Sistema Integral del Tren Ligero,Pasajeros transportados,14039.0,14,39,551196.0,Cifras Definitivas
2019,5,Sistema Integral del Tren Ligero,Pasajeros transportados con boleto pagado,14039.0,14,39,532348.0,Cifras Definitivas
2019,5,Sistema Integral del Tren Ligero,Pasajeros transportados con cortesía,14039.0,14,39,18848.0,Cifras Definitivas
2019,5,Sistema Integral del Tren Ligero,Rutas,14039.0,14,39,3.0,Cifras Definitivas
2019,6,Tren Eléctrico,Ingresos por pasaje,14039.0,14,39,48612229.0,Cifras Definitivas
2019,6,Tren Eléctrico,Kilómetros recorridos,14039.0,14,39,546841.0,Cifras Definitivas
2019,6,Tren Eléctrico,Longitud de servicio,14039.0,14,39,25.0,Cifras Definitivas
2019,6,Tren Eléctrico,Pasajeros transportados,14039.0,14,39,8158085.0,Cifras Definitivas
2019,6,Tren Eléctrico,Unidades en operación,14039.0,14,39,41.0,Cifras Definitivas
2019,6,Trolebús,Ingresos por pasaje,14039.0,14,39,2390412.0,Cifras Definitivas
2019,6,Trolebús,Kilómetros recorridos,14039.0,14,39,57892.0,Cifras Definitivas
2019,6,Trolebús,Lineas en servicio,14039.0,14,39,1.0,Cifras Definitivas
2019,6,Trolebús,Longitud de servicio,14039.0,14,39,18.0,Cifras Definitivas
2019,6,Trolebús,Pasajeros transportados,14039.0,14,39,261665.0,Cifras Definitivas
2019,6,Trolebús,Unidades en operación,14039.0,14,39,16.0,Cifras Definitivas
2019,6,Macrobús Servicio Troncal,Autobuses en operación de lunes a viernes,14039.0,14,39,40.0,Cifras Definitivas
2019,6,Macrobús Servicio Troncal,Autobuses en operación de sábado a domingo,14039.0,14,39,26.0,Cifras Definitivas
2019,6,Macrobús Servicio Troncal,Ingresos por pasaje,14039.0,14,39,19667357.0,Cifras Definitivas
2019,6,Macrobús Servicio Troncal,Kilómetros recorridos,14039.0,14,39,336576.0,Cifras Definitivas
2019,6,Macrobús Servicio Troncal,Pasajeros transportados,14039.0,14,39,2825930.0,Cifras Definitivas
2019,6,Macrobús Servicio Troncal,Pasajeros transportados con boleto pagado,14039.0,14,39,2435494.0,Cifras Definitivas
2019,6,Macrobús Servicio Troncal,Pasajeros transportados con cortesía,14039.0,14,39,12120.0,Cifras Definitivas
2019,6,Macrobús Servicio Troncal,Pasajeros transportados con descuento,14039.0,14,39,378316.0,Cifras Definitivas
2019,6,Macrobús Servicio Troncal,Rutas,14039.0,14,39,2.0,Cifras Definitivas
2019,6,Macrobús Servicio Alimentador,Autobuses en operación de lunes a viernes,14039.0,14,39,80.0,Cifras Definitivas
2019,6,Macrobús Servicio Alimentador,Autobuses en operación de sábado a domingo,14039.0,14,39,73.0,Cifras Definitivas
2019,6,Macrobús Servicio Alimentador,Ingresos por pasaje,14039.0,14,39,4529045.0,Cifras Definitivas
2019,6,Macrobús Servicio Alimentador,Kilómetros recorridos,14039.0,14,39,378476.0,Cifras Definitivas
2019,6,Macrobús Servicio Alimentador,Pasajeros transportados,14039.0,14,39,836865.0,Cifras Definitivas
2019,6,Macrobús Servicio Alimentador,Pasajeros transportados con boleto pagado,14039.0,14,39,764523.0,Cifras Definitivas
2019,6,Macrobús Servicio Alimentador,Pasajeros transportados con descuento,14039.0,14,39,72342.0,Cifras Definitivas
2019,6,Macrobús Servicio Alimentador,Rutas,14039.0,14,39,15.0,Cifras Definitivas
2019,6,Sistema Integral del Tren Ligero,Autobuses en operación de lunes a viernes,14039.0,14,39,48.0,Cifras Definitivas
2019,6,Sistema Integral del Tren Ligero,Autobuses en operación de sábado a domingo,14039.0,14,39,38.0,Cifras Definitivas
2019,6,Sistema Integral del Tren Ligero,Kilómetros recorridos,14039.0,14,39,235797.0,Cifras Definitivas
2019,6,Sistema Integral del Tren Ligero,Pasajeros transportados,14039.0,14,39,509736.0,Cifras Definitivas
2019,6,Sistema Integral del Tren Ligero,Pasajeros transportados con boleto pagado,14039.0,14,39,497962.0,Cifras Definitivas
2019,6,Sistema Integral del Tren Ligero,Pasajeros transportados con cortesía,14039.0,14,39,11774.0,Cifras Definitivas
2019,6,Sistema Integral del Tren Ligero,Rutas,14039.0,14,39,3.0,Cifras Definitivas
2019,7,Tren Eléctrico,Ingresos por pasaje,14039.0,14,39,48975953.0,Cifras Definitivas
2019,7,Tren Eléctrico,Kilómetros recorridos,14039.0,14,39,549383.0,Cifras Definitivas
2019,7,Tren Eléctrico,Longitud de servicio,14039.0,14,39,25.0,Cifras Definitivas
2019,7,Tren Eléctrico,Pasajeros transportados,14039.0,14,39,8362286.0,Cifras Definitivas
2019,7,Tren Eléctrico,Unidades en operación,14039.0,14,39,41.0,Cifras Definitivas
2019,7,Trolebús,Ingresos por pasaje,14039.0,14,39,2683714.0,Cifras Definitivas
2019,7,Trolebús,Kilómetros recorridos,14039.0,14,39,62922.0,Cifras Definitivas
2019,7,Trolebús,Lineas en servicio,14039.0,14,39,1.0,Cifras Definitivas
2019,7,Trolebús,Longitud de servicio,14039.0,14,39,18.0,Cifras Definitivas
2019,7,Trolebús,Pasajeros transportados,14039.0,14,39,281605.0,Cifras Definitivas
2019,7,Trolebús,Unidades en operación,14039.0,14,39,16.0,Cifras Definitivas
2019,7,Macrobús Servicio Troncal,Autobuses en operación de lunes a viernes,14039.0,14,39,40.0,Cifras Definitivas
2019,7,Macrobús Servicio Troncal,Autobuses en operación de sábado a domingo,14039.0,14,39,26.0,Cifras Definitivas
2019,7,Macrobús Servicio Troncal,Ingresos por pasaje,14039.0,14,39,20662743.0,Cifras Definitivas
2019,7,Macrobús Servicio Troncal,Kilómetros recorridos,14039.0,14,39,362208.0,Cifras Definitivas
2019,7,Macrobús Servicio Troncal,Pasajeros transportados,14039.0,14,39,2836000.0,Cifras Definitivas
2019,7,Macrobús Servicio Troncal,Pasajeros transportados con boleto pagado,14039.0,14,39,2440596.0,Cifras Definitivas
2019,7,Macrobús Servicio Troncal,Pasajeros transportados con cortesía,14039.0,14,39,14568.0,Cifras Definitivas
2019,7,Macrobús Servicio Troncal,Pasajeros transportados con descuento,14039.0,14,39,380836.0,Cifras Definitivas
2019,7,Macrobús Servicio Troncal,Rutas,14039.0,14,39,2.0,Cifras Definitivas
2019,7,Macrobús Servicio Alimentador,Autobuses en operación de lunes a viernes,14039.0,14,39,80.0,Cifras Definitivas
2019,7,Macrobús Servicio Alimentador,Autobuses en operación de sábado a domingo,14039.0,14,39,73.0,Cifras Definitivas
2019,7,Macrobús Servicio Alimentador,Ingresos por pasaje,14039.0,14,39,4396988.0,Cifras Definitivas
2019,7,Macrobús Servicio Alimentador,Kilómetros recorridos,14039.0,14,39,398673.0,Cifras Definitivas
2019,7,Macrobús Servicio Alimentador,Pasajeros transportados,14039.0,14,39,779517.0,Cifras Definitivas
2019,7,Macrobús Servicio Alimentador,Pasajeros transportados con boleto pagado,14039.0,14,39,710101.0,Cifras Definitivas
2019,7,Macrobús Servicio Alimentador,Pasajeros transportados con descuento,14039.0,14,39,69416.0,Cifras Definitivas
2019,7,Macrobús Servicio Alimentador,Rutas,14039.0,14,39,15.0,Cifras Definitivas
2019,7,Sistema Integral del Tren Ligero,Autobuses en operación de lunes a viernes,14039.0,14,39,49.0,Cifras Definitivas
2019,7,Sistema Integral del Tren Ligero,Autobuses en operación de sábado a domingo,14039.0,14,39,39.0,Cifras Definitivas
2019,7,Sistema Integral del Tren Ligero,Kilómetros recorridos,14039.0,14,39,207903.0,Cifras Definitivas
2019,7,Sistema Integral del Tren Ligero,Pasajeros transportados,14039.0,14,39,517356.0,Cifras Definitivas
2019,7,Sistema Integral del Tren Ligero,Pasajeros transportados con boleto pagado,14039.0,14,39,505950.0,Cifras Definitivas
2019,7,Sistema Integral del Tren Ligero,Pasajeros transportados con cortesía,14039.0,14,39,11406.0,Cifras Definitivas
2019,7,Sistema Integral del Tren Ligero,Rutas,14039.0,14,39,3.0,Cifras Definitivas
2019,8,Tren Eléctrico,Ingresos por pasaje,14039.0,14,39,48270123.0,Cifras Definitivas
2019,8,Tren Eléctrico,Kilómetros recorridos,14039.0,14,39,536588.0,Cifras Definitivas
2019,8,Tren Eléctrico,Longitud de servicio,14039.0,14,39,25.0,Cifras Definitivas
2019,8,Tren Eléctrico,Pasajeros transportados,14039.0,14,39,8254360.0,Cifras Definitivas
2019,8,Tren Eléctrico,Unidades en operación,14039.0,14,39,41.0,Cifras Definitivas
2019,8,Trolebús,Ingresos por pasaje,14039.0,14,39,2669002.0,Cifras Definitivas
2019,8,Trolebús,Kilómetros recorridos,14039.0,14,39,64749.0,Cifras Definitivas
2019,8,Trolebús,Lineas en servicio,14039.0,14,39,1.0,Cifras Definitivas
2019,8,Trolebús,Longitud de servicio,14039.0,14,39,18.0,Cifras Definitivas
2019,8,Trolebús,Pasajeros transportados,14039.0,14,39,275857.0,Cifras Definitivas
2019,8,Trolebús,Unidades en operación,14039.0,14,39,16.0,Cifras Definitivas
2019,8,Macrobús Servicio Troncal,Autobuses en operación de lunes a viernes,14039.0,14,39,40.0,Cifras Definitivas
2019,8,Macrobús Servicio Troncal,Autobuses en operación de sábado a domingo,14039.0,14,39,26.0,Cifras Definitivas
2019,8,Macrobús Servicio Troncal,Ingresos por pasaje,14039.0,14,39,24800329.0,Cifras Definitivas
2019,8,Macrobús Servicio Troncal,Kilómetros recorridos,14039.0,14,39,363912.0,Cifras Definitivas
2019,8,Macrobús Servicio Troncal,Pasajeros transportados,14039.0,14,39,2834521.0,Cifras Definitivas
2019,8,Macrobús Servicio Troncal,Pasajeros transportados con boleto pagado,14039.0,14,39,2295595.0,Cifras Definitivas
2019,8,Macrobús Servicio Troncal,Pasajeros transportados con cortesía,14039.0,14,39,15148.0,Cifras Definitivas
2019,8,Macrobús Servicio Troncal,Pasajeros transportados con descuento,14039.0,14,39,523778.0,Cifras Definitivas
2019,8,Macrobús Servicio Troncal,Rutas,14039.0,14,39,2.0,Cifras Definitivas
2019,8,Macrobús Servicio Alimentador,Autobuses en operación de lunes a viernes,14039.0,14,39,80.0,Cifras Definitivas
2019,8,Macrobús Servicio Alimentador,Autobuses en operación de sábado a domingo,14039.0,14,39,73.0,Cifras Definitivas
2019,8,Macrobús Servicio Alimentador,Ingresos por pasaje,14039.0,14,39,5444700.0,Cifras Definitivas
2019,8,Macrobús Servicio Alimentador,Kilómetros recorridos,14039.0,14,39,382847.0,Cifras Definitivas
2019,8,Macrobús Servicio Alimentador,Pasajeros transportados,14039.0,14,39,760581.0,Cifras Definitivas
2019,8,Macrobús Servicio Alimentador,Pasajeros transportados con boleto pagado,14039.0,14,39,674698.0,Cifras Definitivas
2019,8,Macrobús Servicio Alimentador,Pasajeros transportados con descuento,14039.0,14,39,85883.0,Cifras Definitivas
2019,8,Macrobús Servicio Alimentador,Rutas,14039.0,14,39,15.0,Cifras Definitivas
2019,8,Sistema Integral del Tren Ligero,Autobuses en operación de lunes a viernes,14039.0,14,39,53.0,Cifras Definitivas
2019,8,Sistema Integral del Tren Ligero,Autobuses en operación de sábado a domingo,14039.0,14,39,43.0,Cifras Definitivas
2019,8,Sistema Integral del Tren Ligero,Kilómetros recorridos,14039.0,14,39,240767.0,Cifras Definitivas
2019,8,Sistema Integral del Tren Ligero,Pasajeros transportados,14039.0,14,39,555928.0,Cifras Definitivas
2019,8,Sistema Integral del Tren Ligero,Pasajeros transportados con boleto pagado,14039.0,14,39,534089.0,Cifras Definitivas
2019,8,Sistema Integral del Tren Ligero,Pasajeros transportados con cortesía,14039.0,14,39,21839.0,Cifras Definitivas
2019,8,Sistema Integral del Tren Ligero,Rutas,14039.0,14,39,3.0,Cifras Definitivas
2019,9,Tren Eléctrico,Ingresos por pasaje,14039.0,14,39,43352524.0,Cifras Definitivas
2019,9,Tren Eléctrico,Kilómetros recorridos,14039.0,14,39,520253.0,Cifras Definitivas
2019,9,Tren Eléctrico,Longitud de servicio,14039.0,14,39,25.0,Cifras Definitivas
2019,9,Tren Eléctrico,Pasajeros transportados,14039.0,14,39,7876216.0,Cifras Definitivas
2019,9,Tren Eléctrico,Unidades en operación,14039.0,14,39,41.0,Cifras Definitivas
2019,9,Trolebús,Ingresos por pasaje,14039.0,14,39,2667668.0,Cifras Definitivas
2019,9,Trolebús,Kilómetros recorridos,14039.0,14,39,59243.0,Cifras Definitivas
2019,9,Trolebús,Lineas en servicio,14039.0,14,39,1.0,Cifras Definitivas
2019,9,Trolebús,Longitud de servicio,14039.0,14,39,18.0,Cifras Definitivas
2019,9,Trolebús,Pasajeros transportados,14039.0,14,39,256099.0,Cifras Definitivas
2019,9,Trolebús,Unidades en operación,14039.0,14,39,16.0,Cifras Definitivas
2019,9,Macrobús Servicio Troncal,Autobuses en operación de lunes a viernes,14039.0,14,39,40.0,Cifras Definitivas
2019,9,Macrobús Servicio Troncal,Autobuses en operación de sábado a domingo,14039.0,14,39,26.0,Cifras Definitivas
2019,9,Macrobús Servicio Troncal,Ingresos por pasaje,14039.0,14,39,22758198.0,Cifras Definitivas
2019,9,Macrobús Servicio Troncal,Kilómetros recorridos,14039.0,14,39,338572.0,Cifras Definitivas
2019,9,Macrobús Servicio Troncal,Pasajeros transportados,14039.0,14,39,2730886.0,Cifras Definitivas
2019,9,Macrobús Servicio Troncal,Pasajeros transportados con boleto pagado,14039.0,14,39,2095044.0,Cifras Definitivas
2019,9,Macrobús Servicio Troncal,Pasajeros transportados con cortesía,14039.0,14,39,12823.0,Cifras Definitivas
2019,9,Macrobús Servicio Troncal,Pasajeros transportados con descuento,14039.0,14,39,623019.0,Cifras Definitivas
2019,9,Macrobús Servicio Troncal,Rutas,14039.0,14,39,2.0,Cifras Definitivas
2019,9,Macrobús Servicio Alimentador,Autobuses en operación de lunes a viernes,14039.0,14,39,80.0,Cifras Definitivas
2019,9,Macrobús Servicio Alimentador,Autobuses en operación de sábado a domingo,14039.0,14,39,73.0,Cifras Definitivas
2019,9,Macrobús Servicio Alimentador,Ingresos por pasaje,14039.0,14,39,4921173.0,Cifras Definitivas
2019,9,Macrobús Servicio Alimentador,Kilómetros recorridos,14039.0,14,39,357517.0,Cifras Definitivas
2019,9,Macrobús Servicio Alimentador,Pasajeros transportados,14039.0,14,39,684218.0,Cifras Definitivas
2019,9,Macrobús Servicio Alimentador,Pasajeros transportados con boleto pagado,14039.0,14,39,574668.0,Cifras Definitivas
2019,9,Macrobús Servicio Alimentador,Pasajeros transportados con descuento,14039.0,14,39,109550.0,Cifras Definitivas
2019,9,Macrobús Servicio Alimentador,Rutas,14039.0,14,39,15.0,Cifras Definitivas
2019,9,Sistema Integral del Tren Ligero,Autobuses en operación de lunes a viernes,14039.0,14,39,51.0,Cifras Definitivas
2019,9,Sistema Integral del Tren Ligero,Autobuses en operación de sábado a domingo,14039.0,14,39,41.0,Cifras Definitivas
2019,9,Sistema Integral del Tren Ligero,Kilómetros recorridos,14039.0,14,39,233487.0,Cifras Definitivas
2019,9,Sistema Integral del Tren Ligero,Pasajeros transportados,14039.0,14,39,481730.0,Cifras Definitivas
2019,9,Sistema Integral del Tren Ligero,Pasajeros transportados con boleto pagado,14039.0,14,39,457069.0,Cifras Definitivas
2019,9,Sistema Integral del Tren Ligero,Pasajeros transportados con cortesía,14039.0,14,39,24661.0,Cifras Definitivas
2019,9,Sistema Integral del Tren Ligero,Rutas,14039.0,14,39,3.0,Cifras Definitivas
2019,10,Tren Eléctrico,Ingresos por pasaje,14039.0,14,39,50071611.0,Cifras Definitivas
2019,10,Tren Eléctrico,Kilómetros recorridos,14039.0,14,39,566832.0,Cifras Definitivas
2019,10,Tren Eléctrico,Longitud de servicio,14039.0,14,39,25.0,Cifras Definitivas
2019,10,Tren Eléctrico,Pasajeros transportados,14039.0,14,39,8694989.0,Cifras Definitivas
2019,10,Tren Eléctrico,Unidades en operación,14039.0,14,39,41.0,Cifras Definitivas
2019,10,Trolebús,Ingresos por pasaje,14039.0,14,39,2644407.0,Cifras Definitivas
2019,10,Trolebús,Kilómetros recorridos,14039.0,14,39,61416.0,Cifras Definitivas
2019,10,Trolebús,Lineas en servicio,14039.0,14,39,1.0,Cifras Definitivas
2019,10,Trolebús,Longitud de servicio,14039.0,14,39,18.0,Cifras Definitivas
2019,10,Trolebús,Pasajeros transportados,14039.0,14,39,279582.0,Cifras Definitivas
2019,10,Trolebús,Unidades en operación,14039.0,14,39,16.0,Cifras Definitivas
2019,10,Macrobús Servicio Troncal,Autobuses en operación de lunes a viernes,14039.0,14,39,40.0,Cifras Definitivas
2019,10,Macrobús Servicio Troncal,Autobuses en operación de sábado a domingo,14039.0,14,39,26.0,Cifras Definitivas
2019,10,Macrobús Servicio Troncal,Ingresos por pasaje,14039.0,14,39,24347311.0,Cifras Definitivas
2019,10,Macrobús Servicio Troncal,Kilómetros recorridos,14039.0,14,39,377652.0,Cifras Definitivas
2019,10,Macrobús Servicio Troncal,Pasajeros transportados,14039.0,14,39,2980386.0,Cifras Definitivas
2019,10,Macrobús Servicio Troncal,Pasajeros transportados con boleto pagado,14039.0,14,39,2211479.0,Cifras Definitivas
2019,10,Macrobús Servicio Troncal,Pasajeros transportados con cortesía,14039.0,14,39,14967.0,Cifras Definitivas
2019,10,Macrobús Servicio Troncal,Pasajeros transportados con descuento,14039.0,14,39,753940.0,Cifras Definitivas
2019,10,Macrobús Servicio Troncal,Rutas,14039.0,14,39,2.0,Cifras Definitivas
2019,10,Macrobús Servicio Alimentador,Autobuses en operación de lunes a viernes,14039.0,14,39,80.0,Cifras Definitivas
2019,10,Macrobús Servicio Alimentador,Autobuses en operación de sábado a domingo,14039.0,14,39,73.0,Cifras Definitivas
2019,10,Macrobús Servicio Alimentador,Ingresos por pasaje,14039.0,14,39,5654794.0,Cifras Definitivas
2019,10,Macrobús Servicio Alimentador,Kilómetros recorridos,14039.0,14,39,393405.0,Cifras Definitivas
2019,10,Macrobús Servicio Alimentador,Pasajeros transportados,14039.0,14,39,787743.0,Cifras Definitivas
2019,10,Macrobús Servicio Alimentador,Pasajeros transportados con boleto pagado,14039.0,14,39,669805.0,Cifras Definitivas
2019,10,Macrobús Servicio Alimentador,Pasajeros transportados con descuento,14039.0,14,39,117938.0,Cifras Definitivas
2019,10,Macrobús Servicio Alimentador,Rutas,14039.0,14,39,15.0,Cifras Definitivas
2019,10,Sistema Integral del Tren Ligero,Autobuses en operación de lunes a viernes,14039.0,14,39,52.0,Cifras Definitivas
2019,10,Sistema Integral del Tren Ligero,Autobuses en operación de sábado a domingo,14039.0,14,39,42.0,Cifras Definitivas
2019,10,Sistema Integral del Tren Ligero,Kilómetros recorridos,14039.0,14,39,243571.0,Cifras Definitivas
2019,10,Sistema Integral del Tren Ligero,Pasajeros transportados,14039.0,14,39,503511.0,Cifras Definitivas
2019,10,Sistema Integral del Tren Ligero,Pasajeros transportados con boleto pagado,14039.0,14,39,478990.0,Cifras Definitivas
2019,10,Sistema Integral del Tren Ligero,Pasajeros transportados con cortesía,14039.0,14,39,24521.0,Cifras Definitivas
2019,10,Sistema Integral del Tren Ligero,Rutas,14039.0,14,39,3.0,Cifras Definitivas
2019,11,Tren Eléctrico,Ingresos por pasaje,14039.0,14,39,46974514.0,Cifras Definitivas
2019,11,Tren Eléctrico,Kilómetros recorridos,14039.0,14,39,496960.0,Cifras Definitivas
2019,11,Tren Eléctrico,Longitud de servicio,14039.0,14,39,25.0,Cifras Definitivas
2019,11,Tren Eléctrico,Pasajeros transportados,14039.0,14,39,8341356.0,Cifras Definitivas
2019,11,Tren Eléctrico,Unidades en operación,14039.0,14,39,41.0,Cifras Definitivas
2019,11,Trolebús,Ingresos por pasaje,14039.0,14,39,2813755.0,Cifras Definitivas
2019,11,Trolebús,Kilómetros recorridos,14039.0,14,39,59374.0,Cifras Definitivas
2019,11,Trolebús,Lineas en servicio,14039.0,14,39,1.0,Cifras Definitivas
2019,11,Trolebús,Longitud de servicio,14039.0,14,39,18.0,Cifras Definitivas
2019,11,Trolebús,Pasajeros transportados,14039.0,14,39,273098.0,Cifras Definitivas
2019,11,Trolebús,Unidades en operación,14039.0,14,39,16.0,Cifras Definitivas
2019,11,Macrobús Servicio Troncal,Autobuses en operación de lunes a viernes,14039.0,14,39,40.0,Cifras Definitivas
2019,11,Macrobús Servicio Troncal,Autobuses en operación de sábado a domingo,14039.0,14,39,26.0,Cifras Definitivas
2019,11,Macrobús Servicio Troncal,Ingresos por pasaje,14039.0,14,39,23498574.0,Cifras Definitivas
2019,11,Macrobús Servicio Troncal,Kilómetros recorridos,14039.0,14,39,343802.0,Cifras Definitivas
2019,11,Macrobús Servicio Troncal,Pasajeros transportados,14039.0,14,39,2855245.0,Cifras Definitivas
2019,11,Macrobús Servicio Troncal,Pasajeros transportados con boleto pagado,14039.0,14,39,2094763.0,Cifras Definitivas
2019,11,Macrobús Servicio Troncal,Pasajeros transportados con cortesía,14039.0,14,39,14986.0,Cifras Definitivas
2019,11,Macrobús Servicio Troncal,Pasajeros transportados con descuento,14039.0,14,39,745496.0,Cifras Definitivas
2019,11,Macrobús Servicio Troncal,Rutas,14039.0,14,39,2.0,Cifras Definitivas
2019,11,Macrobús Servicio Alimentador,Autobuses en operación de lunes a viernes,14039.0,14,39,80.0,Cifras Definitivas
2019,11,Macrobús Servicio Alimentador,Autobuses en operación de sábado a domingo,14039.0,14,39,73.0,Cifras Definitivas
2019,11,Macrobús Servicio Alimentador,Ingresos por pasaje,14039.0,14,39,4483159.0,Cifras Definitivas
2019,11,Macrobús Servicio Alimentador,Kilómetros recorridos,14039.0,14,39,363967.0,Cifras Definitivas
2019,11,Macrobús Servicio Alimentador,Pasajeros transportados,14039.0,14,39,630891.0,Cifras Definitivas
2019,11,Macrobús Servicio Alimentador,Pasajeros transportados con boleto pagado,14039.0,14,39,518001.0,Cifras Definitivas
2019,11,Macrobús Servicio Alimentador,Pasajeros transportados con descuento,14039.0,14,39,112890.0,Cifras Definitivas
2019,11,Macrobús Servicio Alimentador,Rutas,14039.0,14,39,15.0,Cifras Definitivas
2019,11,Sistema Integral del Tren Ligero,Autobuses en operación de lunes a viernes,14039.0,14,39,51.0,Cifras Definitivas
2019,11,Sistema Integral del Tren Ligero,Autobuses en operación de sábado a domingo,14039.0,14,39,41.0,Cifras Definitivas
2019,11,Sistema Integral del Tren Ligero,Kilómetros recorridos,14039.0,14,39,226084.0,Cifras Definitivas
2019,11,Sistema Integral del Tren Ligero,Pasajeros transportados,14039.0,14,39,469314.0,Cifras Definitivas
2019,11,Sistema Integral del Tren Ligero,Pasajeros transportados con boleto pagado,14039.0,14,39,449505.0,Cifras Definitivas
2019,11,Sistema Integral del Tren Ligero,Pasajeros transportados con cortesía,14039.0,14,39,19809.0,Cifras Definitivas
2019,11,Sistema Integral del Tren Ligero,Rutas,14039.0,14,39,3.0,Cifras Definitivas
2019,12,Tren Eléctrico,Ingresos por pasaje,14039.0,14,39,45921205.0,Cifras Definitivas
2019,12,Tren Eléctrico,Kilómetros recorridos,14039.0,14,39,497168.0,Cifras Definitivas
2019,12,Tren Eléctrico,Longitud de servicio,14039.0,14,39,25.0,Cifras Definitivas
2019,12,Tren Eléctrico,Pasajeros transportados,14039.0,14,39,8181638.0,Cifras Definitivas
2019,12,Tren Eléctrico,Unidades en operación,14039.0,14,39,41.0,Cifras Definitivas
2019,12,Trolebús,Ingresos por pasaje,14039.0,14,39,2572775.0,Cifras Definitivas
2019,12,Trolebús,Kilómetros recorridos,14039.0,14,39,60575.0,Cifras Definitivas
2019,12,Trolebús,Lineas en servicio,14039.0,14,39,1.0,Cifras Definitivas
2019,12,Trolebús,Longitud de servicio,14039.0,14,39,18.0,Cifras Definitivas
2019,12,Trolebús,Pasajeros transportados,14039.0,14,39,252323.0,Cifras Definitivas
2019,12,Trolebús,Unidades en operación,14039.0,14,39,16.0,Cifras Definitivas
2019,12,Macrobús Servicio Troncal,Autobuses en operación de lunes a viernes,14039.0,14,39,40.0,Cifras Definitivas
2019,12,Macrobús Servicio Troncal,Autobuses en operación de sábado a domingo,14039.0,14,39,26.0,Cifras Definitivas
2019,12,Macrobús Servicio Troncal,Ingresos por pasaje,14039.0,14,39,22660461.0,Cifras Definitivas
2019,12,Macrobús Servicio Troncal,Kilómetros recorridos,14039.0,14,39,359152.0,Cifras Definitivas
2019,12,Macrobús Servicio Troncal,Pasajeros transportados,14039.0,14,39,2637015.0,Cifras Definitivas
2019,12,Macrobús Servicio Troncal,Pasajeros transportados con boleto pagado,14039.0,14,39,2098465.0,Cifras Definitivas
2019,12,Macrobús Servicio Troncal,Pasajeros transportados con cortesía,14039.0,14,39,14442.0,Cifras Definitivas
2019,12,Macrobús Servicio Troncal,Pasajeros transportados con descuento,14039.0,14,39,524108.0,Cifras Definitivas
2019,12,Macrobús Servicio Troncal,Rutas,14039.0,14,39,2.0,Cifras Definitivas
2019,12,Macrobús Servicio Alimentador,Autobuses en operación de lunes a viernes,14039.0,14,39,80.0,Cifras Definitivas
2019,12,Macrobús Servicio Alimentador,Autobuses en operación de sábado a domingo,14039.0,14,39,73.0,Cifras Definitivas
2019,12,Macrobús Servicio Alimentador,Ingresos por pasaje,14039.0,14,39,4569516.0,Cifras Definitivas
2019,12,Macrobús Servicio Alimentador,Kilómetros recorridos,14039.0,14,39,373129.0,Cifras Definitivas
2019,12,Macrobús Servicio Alimentador,Pasajeros transportados,14039.0,14,39,601064.0,Cifras Definitivas
2019,12,Macrobús Servicio Alimentador,Pasajeros transportados con boleto pagado,14039.0,14,39,511298.0,Cifras Definitivas
2019,12,Macrobús Servicio Alimentador,Pasajeros transportados con descuento,14039.0,14,39,89766.0,Cifras Definitivas
2019,12,Macrobús Servicio Alimentador,Rutas,14039.0,14,39,15.0,Cifras Definitivas
2019,12,Sistema Integral del Tren Ligero,Autobuses en operación de lunes a viernes,14039.0,14,39,51.0,Cifras Definitivas
2019,12,Sistema Integral del Tren Ligero,Autobuses en operación de sábado a domingo,14039.0,14,39,41.0,Cifras Definitivas
2019,12,Sistema Integral del Tren Ligero,Kilómetros recorridos,14039.0,14,39,223382.0,Cifras Definitivas
2019,12,Sistema Integral del Tren Ligero,Pasajeros transportados,14039.0,14,39,399703.0,Cifras Definitivas
2019,12,Sistema Integral del Tren Ligero,Pasajeros transportados con boleto pagado,14039.0,14,39,391446.0,Cifras Definitivas
2019,12,Sistema Integral del Tren Ligero,Pasajeros transportados con cortesía,14039.0,14,39,8257.0,Cifras Definitivas
2019,12,Sistema Integral del Tren Ligero,Rutas,14039.0,14,39,3.0,Cifras Definitivas
2020,1,Tren Eléctrico,Ingresos por pasaje,14039.0,14,39,45270437.0,Cifras Definitivas
2020,1,Tren Eléctrico,Kilómetros recorridos,14039.0,14,39,508340.0,Cifras Definitivas
2020,1,Tren Eléctrico,Longitud de servicio,14039.0,14,39,25.0,Cifras Definitivas
2020,1,Tren Eléctrico,Pasajeros transportados,14039.0,14,39,7813401.0,Cifras Definitivas
2020,1,Tren Eléctrico,Unidades en operación,14039.0,14,39,41.0,Cifras Definitivas
2020,1,Trolebús,Ingresos por pasaje,14039.0,14,39,2787543.0,Cifras Definitivas
2020,1,Trolebús,Kilómetros recorridos,14039.0,14,39,60777.0,Cifras Definitivas
2020,1,Trolebús,Lineas en servicio,14039.0,14,39,1.0,Cifras Definitivas
2020,1,Trolebús,Longitud de servicio,14039.0,14,39,18.0,Cifras Definitivas
2020,1,Trolebús,Pasajeros transportados,14039.0,14,39,272723.0,Cifras Definitivas
2020,1,Trolebús,Unidades en operación,14039.0,14,39,16.0,Cifras Definitivas
2020,1,Macrobús Servicio Troncal,Autobuses en operación de lunes a viernes,14039.0,14,39,40.0,Cifras Definitivas
2020,1,Macrobús Servicio Troncal,Autobuses en operación de sábado a domingo,14039.0,14,39,26.0,Cifras Definitivas
2020,1,Macrobús Servicio Troncal,Ingresos por pasaje,14039.0,14,39,22538923.0,Cifras Definitivas
2020,1,Macrobús Servicio Troncal,Kilómetros recorridos,14039.0,14,39,357278.0,Cifras Definitivas
2020,1,Macrobús Servicio Troncal,Pasajeros transportados,14039.0,14,39,2668333.0,Cifras Definitivas
2020,1,Macrobús Servicio Troncal,Pasajeros transportados con boleto pagado,14039.0,14,39,2009620.0,Cifras Definitivas
2020,1,Macrobús Servicio Troncal,Pasajeros transportados con cortesía,14039.0,14,39,13230.0,Cifras Definitivas
2020,1,Macrobús Servicio Troncal,Pasajeros transportados con descuento,14039.0,14,39,645483.0,Cifras Definitivas
2020,1,Macrobús Servicio Troncal,Rutas,14039.0,14,39,2.0,Cifras Definitivas
2020,1,Macrobús Servicio Alimentador,Autobuses en operación de lunes a viernes,14039.0,14,39,80.0,Cifras Definitivas
2020,1,Macrobús Servicio Alimentador,Autobuses en operación de sábado a domingo,14039.0,14,39,73.0,Cifras Definitivas
2020,1,Macrobús Servicio Alimentador,Ingresos por pasaje,14039.0,14,39,4002217.0,Cifras Definitivas
2020,1,Macrobús Servicio Alimentador,Kilómetros recorridos,14039.0,14,39,364070.0,Cifras Definitivas
2020,1,Macrobús Servicio Alimentador,Pasajeros transportados,14039.0,14,39,627209.0,Cifras Definitivas
2020,1,Macrobús Servicio Alimentador,Pasajeros transportados con boleto pagado,14039.0,14,39,533231.0,Cifras Definitivas
2020,1,Macrobús Servicio Alimentador,Pasajeros transportados con descuento,14039.0,14,39,93978.0,Cifras Definitivas
2020,1,Macrobús Servicio Alimentador,Rutas,14039.0,14,39,15.0,Cifras Definitivas
2020,1,Sistema Integral del Tren Ligero,Autobuses en operación de lunes a viernes,14039.0,14,39,49.0,Cifras Definitivas
2020,1,Sistema Integral del Tren Ligero,Autobuses en operación de sábado a domingo,14039.0,14,39,46.0,Cifras Definitivas
2020,1,Sistema Integral del Tren Ligero,Kilómetros recorridos,14039.0,14,39,215619.0,Cifras Definitivas
2020,1,Sistema Integral del Tren Ligero,Pasajeros transportados,14039.0,14,39,447564.0,Cifras Definitivas
2020,1,Sistema Integral del Tren Ligero,Pasajeros transportados con boleto pagado,14039.0,14,39,429507.0,Cifras Definitivas
2020,1,Sistema Integral del Tren Ligero,Pasajeros transportados con cortesía,14039.0,14,39,18057.0,Cifras Definitivas
2020,1,Sistema Integral del Tren Ligero,Rutas,14039.0,14,39,3.0,Cifras Definitivas
2020,2,Tren Eléctrico,Ingresos por pasaje,14039.0,14,39,49090186.0,Cifras Definitivas
2020,2,Tren Eléctrico,Kilómetros recorridos,14039.0,14,39,498750.0,Cifras Definitivas
2020,2,Tren Eléctrico,Longitud de servicio,14039.0,14,39,25.0,Cifras Definitivas
2020,2,Tren Eléctrico,Pasajeros transportados,14039.0,14,39,7913582.0,Cifras Definitivas
2020,2,Tren Eléctrico,Unidades en operación,14039.0,14,39,41.0,Cifras Definitivas
2020,2,Trolebús,Ingresos por pasaje,14039.0,14,39,2724691.0,Cifras Definitivas
2020,2,Trolebús,Kilómetros recorridos,14039.0,14,39,57643.0,Cifras Definitivas
2020,2,Trolebús,Lineas en servicio,14039.0,14,39,1.0,Cifras Definitivas
2020,2,Trolebús,Longitud de servicio,14039.0,14,39,18.0,Cifras Definitivas
2020,2,Trolebús,Pasajeros transportados,14039.0,14,39,263609.0,Cifras Definitivas
2020,2,Trolebús,Unidades en operación,14039.0,14,39,16.0,Cifras Definitivas
2020,2,Macrobús Servicio Troncal,Autobuses en operación de lunes a viernes,14039.0,14,39,40.0,Cifras Definitivas
2020,2,Macrobús Servicio Troncal,Autobuses en operación de sábado a domingo,14039.0,14,39,26.0,Cifras Definitivas
2020,2,Macrobús Servicio Troncal,Ingresos por pasaje,14039.0,14,39,21962876.0,Cifras Definitivas
2020,2,Macrobús Servicio Troncal,Kilómetros recorridos,14039.0,14,39,329104.0,Cifras Definitivas
2020,2,Macrobús Servicio Troncal,Pasajeros transportados,14039.0,14,39,2686263.0,Cifras Definitivas
2020,2,Macrobús Servicio Troncal,Pasajeros transportados con boleto pagado,14039.0,14,39,1928321.0,Cifras Definitivas
2020,2,Macrobús Servicio Troncal,Pasajeros transportados con cortesía,14039.0,14,39,12304.0,Cifras Definitivas
2020,2,Macrobús Servicio Troncal,Pasajeros transportados con descuento,14039.0,14,39,745638.0,Cifras Definitivas
2020,2,Macrobús Servicio Troncal,Rutas,14039.0,14,39,2.0,Cifras Definitivas
2020,2,Macrobús Servicio Alimentador,Autobuses en operación de lunes a viernes,14039.0,14,39,80.0,Cifras Definitivas
2020,2,Macrobús Servicio Alimentador,Autobuses en operación de sábado a domingo,14039.0,14,39,73.0,Cifras Definitivas
2020,2,Macrobús Servicio Alimentador,Ingresos por pasaje,14039.0,14,39,3964114.0,Cifras Definitivas
2020,2,Macrobús Servicio Alimentador,Kilómetros recorridos,14039.0,14,39,325414.0,Cifras Definitivas
2020,2,Macrobús Servicio Alimentador,Pasajeros transportados,14039.0,14,39,563783.0,Cifras Definitivas
2020,2,Macrobús Servicio Alimentador,Pasajeros transportados con boleto pagado,14039.0,14,39,461510.0,Cifras Definitivas
2020,2,Macrobús Servicio Alimentador,Pasajeros transportados con descuento,14039.0,14,39,102273.0,Cifras Definitivas
2020,2,Macrobús Servicio Alimentador,Rutas,14039.0,14,39,15.0,Cifras Definitivas
2020,2,Sistema Integral del Tren Ligero,Autobuses en operación de lunes a viernes,14039.0,14,39,50.0,Cifras Definitivas
2020,2,Sistema Integral del Tren Ligero,Autobuses en operación de sábado a domingo,14039.0,14,39,47.0,Cifras Definitivas
2020,2,Sistema Integral del Tren Ligero,Kilómetros recorridos,14039.0,14,39,218937.0,Cifras Definitivas
2020,2,Sistema Integral del Tren Ligero,Pasajeros transportados,14039.0,14,39,441297.0,Cifras Definitivas
2020,2,Sistema Integral del Tren Ligero,Pasajeros transportados con boleto pagado,14039.0,14,39,418165.0,Cifras Definitivas
2020,2,Sistema Integral del Tren Ligero,Pasajeros transportados con cortesía,14039.0,14,39,23132.0,Cifras Definitivas
2020,2,Sistema Integral del Tren Ligero,Rutas,14039.0,14,39,3.0,Cifras Definitivas
2020,3,Tren Eléctrico,Ingresos por pasaje,14039.0,14,39,36162293.0,Cifras Definitivas
2020,3,Tren Eléctrico,Kilómetros recorridos,14039.0,14,39,511480.0,Cifras Definitivas
2020,3,Tren Eléctrico,Longitud de servicio,14039.0,14,39,25.0,Cifras Definitivas
2020,3,Tren Eléctrico,Pasajeros transportados,14039.0,14,39,6160546.0,Cifras Definitivas
2020,3,Tren Eléctrico,Unidades en operación,14039.0,14,39,41.0,Cifras Definitivas
2020,3,Trolebús,Ingresos por pasaje,14039.0,14,39,2087166.0,Cifras Definitivas
2020,3,Trolebús,Kilómetros recorridos,14039.0,14,39,61832.0,Cifras Definitivas
2020,3,Trolebús,Lineas en servicio,14039.0,14,39,1.0,Cifras Definitivas
2020,3,Trolebús,Longitud de servicio,14039.0,14,39,18.0,Cifras Definitivas
2020,3,Trolebús,Pasajeros transportados,14039.0,14,39,203602.0,Cifras Definitivas
2020,3,Trolebús,Unidades en operación,14039.0,14,39,16.0,Cifras Definitivas
2020,3,Macrobús Servicio Troncal,Autobuses en operación de lunes a viernes,14039.0,14,39,40.0,Cifras Definitivas
2020,3,Macrobús Servicio Troncal,Autobuses en operación de sábado a domingo,14039.0,14,39,26.0,Cifras Definitivas
2020,3,Macrobús Servicio Troncal,Ingresos por pasaje,14039.0,14,39,17416072.0,Cifras Definitivas
2020,3,Macrobús Servicio Troncal,Kilómetros recorridos,14039.0,14,39,351754.0,Cifras Definitivas
2020,3,Macrobús Servicio Troncal,Pasajeros transportados,14039.0,14,39,2028260.0,Cifras Definitivas
2020,3,Macrobús Servicio Troncal,Pasajeros transportados con boleto pagado,14039.0,14,39,1507447.0,Cifras Definitivas
2020,3,Macrobús Servicio Troncal,Pasajeros transportados con cortesía,14039.0,14,39,10304.0,Cifras Definitivas
2020,3,Macrobús Servicio Troncal,Pasajeros transportados con descuento,14039.0,14,39,510509.0,Cifras Definitivas
2020,3,Macrobús Servicio Troncal,Rutas,14039.0,14,39,2.0,Cifras Definitivas
2020,3,Macrobús Servicio Alimentador,Autobuses en operación de lunes a viernes,14039.0,14,39,80.0,Cifras Definitivas
2020,3,Macrobús Servicio Alimentador,Autobuses en operación de sábado a domingo,14039.0,14,39,73.0,Cifras Definitivas
2020,3,Macrobús Servicio Alimentador,Ingresos por pasaje,14039.0,14,39,3773488.0,Cifras Definitivas
2020,3,Macrobús Servicio Alimentador,Kilómetros recorridos,14039.0,14,39,315986.0,Cifras Definitivas
2020,3,Macrobús Servicio Alimentador,Pasajeros transportados,14039.0,14,39,455040.0,Cifras Definitivas
2020,3,Macrobús Servicio Alimentador,Pasajeros transportados con boleto pagado,14039.0,14,39,382630.0,Cifras Definitivas
2020,3,Macrobús Servicio Alimentador,Pasajeros transportados con descuento,14039.0,14,39,72410.0,Cifras Definitivas
2020,3,Macrobús Servicio Alimentador,Rutas,14039.0,14,39,15.0,Cifras Definitivas
2020,3,Sistema Integral del Tren Ligero,Autobuses en operación de lunes a viernes,14039.0,14,39,50.0,Cifras Definitivas
2020,3,Sistema Integral del Tren Ligero,Autobuses en operación de sábado a domingo,14039.0,14,39,47.0,Cifras Definitivas
2020,3,Sistema Integral del Tren Ligero,Kilómetros recorridos,14039.0,14,39,226849.0,Cifras Definitivas
2020,3,Sistema Integral del Tren Ligero,Pasajeros transportados,14039.0,14,39,363454.0,Cifras Definitivas
2020,3,Sistema Integral del Tren Ligero,Pasajeros transportados con boleto pagado,14039.0,14,39,350151.0,Cifras Definitivas
2020,3,Sistema Integral del Tren Ligero,Pasajeros transportados con cortesía,14039.0,14,39,13303.0,Cifras Definitivas
2020,3,Sistema Integral del Tren Ligero,Rutas,14039.0,14,39,3.0,Cifras Definitivas
2020,4,Tren Eléctrico,Ingresos por pasaje,14039.0,14,39,18192192.0,Cifras Definitivas
2020,4,Tren Eléctrico,Kilómetros recorridos,14039.0,14,39,485416.0,Cifras Definitivas
2020,4,Tren Eléctrico,Longitud de servicio,14039.0,14,39,25.0,Cifras Definitivas
2020,4,Tren Eléctrico,Pasajeros transportados,14039.0,14,39,3032032.0,Cifras Definitivas
2020,4,Tren Eléctrico,Unidades en operación,14039.0,14,39,41.0,Cifras Definitivas
2020,4,Trolebús,Ingresos por pasaje,14039.0,14,39,965645.0,Cifras Definitivas
2020,4,Trolebús,Kilómetros recorridos,14039.0,14,39,63468.0,Cifras Definitivas
2020,4,Trolebús,Lineas en servicio,14039.0,14,39,1.0,Cifras Definitivas
2020,4,Trolebús,Longitud de servicio,14039.0,14,39,18.0,Cifras Definitivas
2020,4,Trolebús,Pasajeros transportados,14039.0,14,39,93752.0,Cifras Definitivas
2020,4,Trolebús,Unidades en operación,14039.0,14,39,16.0,Cifras Definitivas
2020,4,Macrobús Servicio Troncal,Autobuses en operación de lunes a viernes,14039.0,14,39,40.0,Cifras Definitivas
2020,4,Macrobús Servicio Troncal,Autobuses en operación de sábado a domingo,14039.0,14,39,26.0,Cifras Definitivas
2020,4,Macrobús Servicio Troncal,Ingresos por pasaje,14039.0,14,39,10920934.0,Cifras Definitivas
2020,4,Macrobús Servicio Troncal,Kilómetros recorridos,14039.0,14,39,317472.0,Cifras Definitivas
2020,4,Macrobús Servicio Troncal,Pasajeros transportados,14039.0,14,39,984098.0,Cifras Definitivas
2020,4,Macrobús Servicio Troncal,Pasajeros transportados con boleto pagado,14039.0,14,39,818516.0,Cifras Definitivas
2020,4,Macrobús Servicio Troncal,Pasajeros transportados con cortesía,14039.0,14,39,7849.0,Cifras Definitivas
2020,4,Macrobús Servicio Troncal,Pasajeros transportados con descuento,14039.0,14,39,157733.0,Cifras Definitivas
2020,4,Macrobús Servicio Troncal,Rutas,14039.0,14,39,2.0,Cifras Definitivas
2020,4,Macrobús Servicio Alimentador,Autobuses en operación de lunes a viernes,14039.0,14,39,80.0,Cifras Definitivas
2020,4,Macrobús Servicio Alimentador,Autobuses en operación de sábado a domingo,14039.0,14,39,73.0,Cifras Definitivas
2020,4,Macrobús Servicio Alimentador,Ingresos por pasaje,14039.0,14,39,2010447.0,Cifras Definitivas
2020,4,Macrobús Servicio Alimentador,Kilómetros recorridos,14039.0,14,39,337515.0,Cifras Definitivas
2020,4,Macrobús Servicio Alimentador,Pasajeros transportados,14039.0,14,39,369210.0,Cifras Definitivas
2020,4,Macrobús Servicio Alimentador,Pasajeros transportados con boleto pagado,14039.0,14,39,336944.0,Cifras Definitivas
2020,4,Macrobús Servicio Alimentador,Pasajeros transportados con descuento,14039.0,14,39,32266.0,Cifras Definitivas
2020,4,Macrobús Servicio Alimentador,Rutas,14039.0,14,39,15.0,Cifras Definitivas
2020,4,Sistema Integral del Tren Ligero,Autobuses en operación de lunes a viernes,14039.0,14,39,50.0,Cifras Definitivas
2020,4,Sistema Integral del Tren Ligero,Autobuses en operación de sábado a domingo,14039.0,14,39,47.0,Cifras Definitivas
2020,4,Sistema Integral del Tren Ligero,Kilómetros recorridos,14039.0,14,39,212778.0,Cifras Definitivas
2020,4,Sistema Integral del Tren Ligero,Pasajeros transportados,14039.0,14,39,197272.0,Cifras Definitivas
2020,4,Sistema Integral del Tren Ligero,Pasajeros transportados con boleto pagado,14039.0,14,39,194670.0,Cifras Definitivas
2020,4,Sistema Integral del Tren Ligero,Pasajeros transportados con cortesía,14039.0,14,39,2602.0,Cifras Definitivas
2020,4,Sistema Integral del Tren Ligero,Rutas,14039.0,14,39,3.0,Cifras Definitivas
2020,5,Tren Eléctrico,Ingresos por pasaje,14039.0,14,39,21710330.0,Cifras Definitivas
2020,5,Tren Eléctrico,Kilómetros recorridos,14039.0,14,39,510930.0,Cifras Definitivas
2020,5,Tren Eléctrico,Longitud de servicio,14039.0,14,39,25.0,Cifras Definitivas
2020,5,Tren Eléctrico,Pasajeros transportados,14039.0,14,39,3679717.0,Cifras Definitivas
2020,5,Tren Eléctrico,Unidades en operación,14039.0,14,39,41.0,Cifras Definitivas
2020,5,Trolebús,Ingresos por pasaje,14039.0,14,39,1244994.0,Cifras Definitivas
2020,5,Trolebús,Kilómetros recorridos,14039.0,14,39,63679.0,Cifras Definitivas
2020,5,Trolebús,Lineas en servicio,14039.0,14,39,1.0,Cifras Definitivas
2020,5,Trolebús,Longitud de servicio,14039.0,14,39,18.0,Cifras Definitivas
2020,5,Trolebús,Pasajeros transportados,14039.0,14,39,119711.0,Cifras Definitivas
2020,5,Trolebús,Unidades en operación,14039.0,14,39,16.0,Cifras Definitivas
2020,5,Macrobús Servicio Troncal,Autobuses en operación de lunes a viernes,14039.0,14,39,40.0,Cifras Definitivas
2020,5,Macrobús Servicio Troncal,Autobuses en operación de sábado a domingo,14039.0,14,39,26.0,Cifras Definitivas
2020,5,Macrobús Servicio Troncal,Ingresos por pasaje,14039.0,14,39,11606958.0,Cifras Definitivas
2020,5,Macrobús Servicio Troncal,Kilómetros recorridos,14039.0,14,39,332192.0,Cifras Definitivas
2020,5,Macrobús Servicio Troncal,Pasajeros transportados,14039.0,14,39,1265286.0,Cifras Definitivas
2020,5,Macrobús Servicio Troncal,Pasajeros transportados con boleto pagado,14039.0,14,39,1062600.0,Cifras Definitivas
2020,5,Macrobús Servicio Troncal,Pasajeros transportados con cortesía,14039.0,14,39,9316.0,Cifras Definitivas
2020,5,Macrobús Servicio Troncal,Pasajeros transportados con descuento,14039.0,14,39,193370.0,Cifras Definitivas
2020,5,Macrobús Servicio Troncal,Rutas,14039.0,14,39,2.0,Cifras Definitivas
2020,5,Macrobús Servicio Alimentador,Autobuses en operación de lunes a viernes,14039.0,14,39,80.0,Cifras Definitivas
2020,5,Macrobús Servicio Alimentador,Autobuses en operación de sábado a domingo,14039.0,14,39,73.0,Cifras Definitivas
2020,5,Macrobús Servicio Alimentador,Ingresos por pasaje,14039.0,14,39,2989828.0,Cifras Definitivas
2020,5,Macrobús Servicio Alimentador,Kilómetros recorridos,14039.0,14,39,329262.0,Cifras Definitivas
2020,5,Macrobús Servicio Alimentador,Pasajeros transportados,14039.0,14,39,420655.0,Cifras Definitivas
2020,5,Macrobús Servicio Alimentador,Pasajeros transportados con boleto pagado,14039.0,14,39,383272.0,Cifras Definitivas
2020,5,Macrobús Servicio Alimentador,Pasajeros transportados con descuento,14039.0,14,39,37383.0,Cifras Definitivas
2020,5,Macrobús Servicio Alimentador,Rutas,14039.0,14,39,15.0,Cifras Definitivas
2020,5,Sistema Integral del Tren Ligero,Autobuses en operación de lunes a viernes,14039.0,14,39,50.0,Cifras Definitivas
2020,5,Sistema Integral del Tren Ligero,Autobuses en operación de sábado a domingo,14039.0,14,39,47.0,Cifras Definitivas
2020,5,Sistema Integral del Tren Ligero,Kilómetros recorridos,14039.0,14,39,241476.0,Cifras Definitivas
2020,5,Sistema Integral del Tren Ligero,Pasajeros transportados,14039.0,14,39,229392.0,Cifras Definitivas
2020,5,Sistema Integral del Tren Ligero,Pasajeros transportados con boleto pagado,14039.0,14,39,226396.0,Cifras Definitivas
2020,5,Sistema Integral del Tren Ligero,Pasajeros transportados con cortesía,14039.0,14,39,2996.0,Cifras Definitivas
2020,5,Sistema Integral del Tren Ligero,Rutas,14039.0,14,39,3.0,Cifras Definitivas
2020,6,Tren Eléctrico,Ingresos por pasaje,14039.0,14,39,26187638.0,Cifras Definitivas
2020,6,Tren Eléctrico,Kilómetros recorridos,14039.0,14,39,511250.0,Cifras Definitivas
2020,6,Tren Eléctrico,Longitud de servicio,14039.0,14,39,25.0,Cifras Definitivas
2020,6,Tren Eléctrico,Pasajeros transportados,14039.0,14,39,4519660.0,Cifras Definitivas
2020,6,Tren Eléctrico,Unidades en operación,14039.0,14,39,41.0,Cifras Definitivas
2020,6,Trolebús,Ingresos por pasaje,14039.0,14,39,1585902.0,Cifras Definitivas
2020,6,Trolebús,Kilómetros recorridos,14039.0,14,39,59863.0,Cifras Definitivas
2020,6,Trolebús,Lineas en servicio,14039.0,14,39,1.0,Cifras Definitivas
2020,6,Trolebús,Longitud de servicio,14039.0,14,39,18.0,Cifras Definitivas
2020,6,Trolebús,Pasajeros transportados,14039.0,14,39,154168.0,Cifras Definitivas
2020,6,Trolebús,Unidades en operación,14039.0,14,39,16.0,Cifras Definitivas
2020,6,Macrobús Servicio Troncal,Autobuses en operación de lunes a viernes,14039.0,14,39,40.0,Cifras Definitivas
2020,6,Macrobús Servicio Troncal,Autobuses en operación de sábado a domingo,14039.0,14,39,26.0,Cifras Definitivas
2020,6,Macrobús Servicio Troncal,Ingresos por pasaje,14039.0,14,39,13643320.0,Cifras Definitivas
2020,6,Macrobús Servicio Troncal,Kilómetros recorridos,14039.0,14,39,351680.0,Cifras Definitivas
2020,6,Macrobús Servicio Troncal,Pasajeros transportados,14039.0,14,39,1502126.0,Cifras Definitivas
2020,6,Macrobús Servicio Troncal,Pasajeros transportados con boleto pagado,14039.0,14,39,1253764.0,Cifras Definitivas
2020,6,Macrobús Servicio Troncal,Pasajeros transportados con cortesía,14039.0,14,39,9967.0,Cifras Definitivas
2020,6,Macrobús Servicio Troncal,Pasajeros transportados con descuento,14039.0,14,39,238395.0,Cifras Definitivas
2020,6,Macrobús Servicio Troncal,Rutas,14039.0,14,39,2.0,Cifras Definitivas
2020,6,Macrobús Servicio Alimentador,Autobuses en operación de lunes a viernes,14039.0,14,39,80.0,Cifras Definitivas
2020,6,Macrobús Servicio Alimentador,Autobuses en operación de sábado a domingo,14039.0,14,39,73.0,Cifras Definitivas
2020,6,Macrobús Servicio Alimentador,Ingresos por pasaje,14039.0,14,39,2941782.0,Cifras Definitivas
2020,6,Macrobús Servicio Alimentador,Kilómetros recorridos,14039.0,14,39,320106.0,Cifras Definitivas
2020,6,Macrobús Servicio Alimentador,Pasajeros transportados,14039.0,14,39,413763.0,Cifras Definitivas
2020,6,Macrobús Servicio Alimentador,Pasajeros transportados con boleto pagado,14039.0,14,39,373617.0,Cifras Definitivas
2020,6,Macrobús Servicio Alimentador,Pasajeros transportados con descuento,14039.0,14,39,40146.0,Cifras Definitivas
2020,6,Macrobús Servicio Alimentador,Rutas,14039.0,14,39,15.0,Cifras Definitivas
2020,6,Sistema Integral del Tren Ligero,Autobuses en operación de lunes a viernes,14039.0,14,39,50.0,Cifras Definitivas
2020,6,Sistema Integral del Tren Ligero,Autobuses en operación de sábado a domingo,14039.0,14,39,47.0,Cifras Definitivas
2020,6,Sistema Integral del Tren Ligero,Kilómetros recorridos,14039.0,14,39,238060.0,Cifras Definitivas
2020,6,Sistema Integral del Tren Ligero,Pasajeros transportados,14039.0,14,39,258295.0,Cifras Definitivas
2020,6,Sistema Integral del Tren Ligero,Pasajeros transportados con boleto pagado,14039.0,14,39,254295.0,Cifras Definitivas
2020,6,Sistema Integral del Tren Ligero,Pasajeros transportados con cortesía,14039.0,14,39,4000.0,Cifras Definitivas
2020,6,Sistema Integral del Tren Ligero,Rutas,14039.0,14,39,3.0,Cifras Definitivas
2020,7,Tren Eléctrico,Ingresos por pasaje,14039.0,14,39,30031349.0,Cifras Definitivas
2020,7,Tren Eléctrico,Kilómetros recorridos,14039.0,14,39,511500.0,Cifras Definitivas
2020,7,Tren Eléctrico,Longitud de servicio,14039.0,14,39,25.0,Cifras Definitivas
2020,7,Tren Eléctrico,Pasajeros transportados,14039.0,14,39,5044331.0,Cifras Definitivas
2020,7,Tren Eléctrico,Unidades en operación,14039.0,14,39,41.0,Cifras Definitivas
2020,7,Trolebús,Ingresos por pasaje,14039.0,14,39,1726957.0,Cifras Definitivas
2020,7,Trolebús,Kilómetros recorridos,14039.0,14,39,52907.0,Cifras Definitivas
2020,7,Trolebús,Lineas en servicio,14039.0,14,39,1.0,Cifras Definitivas
2020,7,Trolebús,Longitud de servicio,14039.0,14,39,18.0,Cifras Definitivas
2020,7,Trolebús,Pasajeros transportados,14039.0,14,39,169396.0,Cifras Definitivas
2020,7,Trolebús,Unidades en operación,14039.0,14,39,16.0,Cifras Definitivas
2020,7,Macrobús Servicio Troncal,Autobuses en operación de lunes a viernes,14039.0,14,39,40.0,Cifras Definitivas
2020,7,Macrobús Servicio Troncal,Autobuses en operación de sábado a domingo,14039.0,14,39,26.0,Cifras Definitivas
2020,7,Macrobús Servicio Troncal,Ingresos por pasaje,14039.0,14,39,14702500.0,Cifras Definitivas
2020,7,Macrobús Servicio Troncal,Kilómetros recorridos,14039.0,14,39,364896.0,Cifras Definitivas
2020,7,Macrobús Servicio Troncal,Pasajeros transportados,14039.0,14,39,1629229.0,Cifras Definitivas
2020,7,Macrobús Servicio Troncal,Pasajeros transportados con boleto pagado,14039.0,14,39,1351916.0,Cifras Definitivas
2020,7,Macrobús Servicio Troncal,Pasajeros transportados con cortesía,14039.0,14,39,9775.0,Cifras Definitivas
2020,7,Macrobús Servicio Troncal,Pasajeros transportados con descuento,14039.0,14,39,267538.0,Cifras Definitivas
2020,7,Macrobús Servicio Troncal,Rutas,14039.0,14,39,2.0,Cifras Definitivas
2020,7,Macrobús Servicio Alimentador,Autobuses en operación de lunes a viernes,14039.0,14,39,80.0,Cifras Definitivas
2020,7,Macrobús Servicio Alimentador,Autobuses en operación de sábado a domingo,14039.0,14,39,73.0,Cifras Definitivas
2020,7,Macrobús Servicio Alimentador,Ingresos por pasaje,14039.0,14,39,3806436.0,Cifras Definitivas
2020,7,Macrobús Servicio Alimentador,Kilómetros recorridos,14039.0,14,39,328750.0,Cifras Definitivas
2020,7,Macrobús Servicio Alimentador,Pasajeros transportados,14039.0,14,39,498068.0,Cifras Definitivas
2020,7,Macrobús Servicio Alimentador,Pasajeros transportados con boleto pagado,14039.0,14,39,453713.0,Cifras Definitivas
2020,7,Macrobús Servicio Alimentador,Pasajeros transportados con descuento,14039.0,14,39,44355.0,Cifras Definitivas
2020,7,Macrobús Servicio Alimentador,Rutas,14039.0,14,39,15.0,Cifras Definitivas
2020,7,Sistema Integral del Tren Ligero,Autobuses en operación de lunes a viernes,14039.0,14,39,51.0,Cifras Definitivas
2020,7,Sistema Integral del Tren Ligero,Autobuses en operación de sábado a domingo,14039.0,14,39,48.0,Cifras Definitivas
2020,7,Sistema Integral del Tren Ligero,Kilómetros recorridos,14039.0,14,39,235458.0,Cifras Definitivas
2020,7,Sistema Integral del Tren Ligero,Pasajeros transportados,14039.0,14,39,292292.0,Cifras Definitivas
2020,7,Sistema Integral del Tren Ligero,Pasajeros transportados con boleto pagado,14039.0,14,39,287862.0,Cifras Definitivas
2020,7,Sistema Integral del Tren Ligero,Pasajeros transportados con cortesía,14039.0,14,39,4430.0,Cifras Definitivas
2020,7,Sistema Integral del Tren Ligero,Rutas,14039.0,14,39,3.0,Cifras Definitivas
2020,8,Tren Eléctrico,Ingresos por pasaje,14039.0,14,39,31306633.0,Cifras Definitivas
2020,8,Tren Eléctrico,Kilómetros recorridos,14039.0,14,39,526511.0,Cifras Definitivas
2020,8,Tren Eléctrico,Longitud de servicio,14039.0,14,39,25.0,Cifras Definitivas
2020,8,Tren Eléctrico,Pasajeros transportados,14039.0,14,39,5278747.0,Cifras Definitivas
2020,8,Tren Eléctrico,Unidades en operación,14039.0,14,39,41.0,Cifras Definitivas
2020,8,Trolebús,Ingresos por pasaje,14039.0,14,39,1780973.0,Cifras Definitivas
2020,8,Trolebús,Kilómetros recorridos,14039.0,14,39,53481.0,Cifras Definitivas
2020,8,Trolebús,Lineas en servicio,14039.0,14,39,1.0,Cifras Definitivas
2020,8,Trolebús,Longitud de servicio,14039.0,14,39,18.0,Cifras Definitivas
2020,8,Trolebús,Pasajeros transportados,14039.0,14,39,173147.0,Cifras Definitivas
2020,8,Trolebús,Unidades en operación,14039.0,14,39,16.0,Cifras Definitivas
2020,8,Macrobús Servicio Troncal,Autobuses en operación de lunes a viernes,14039.0,14,39,40.0,Cifras Definitivas
2020,8,Macrobús Servicio Troncal,Autobuses en operación de sábado a domingo,14039.0,14,39,26.0,Cifras Definitivas
2020,8,Macrobús Servicio Troncal,Ingresos por pasaje,14039.0,14,39,15579695.0,Cifras Definitivas
2020,8,Macrobús Servicio Troncal,Kilómetros recorridos,14039.0,14,39,353696.0,Cifras Definitivas
2020,8,Macrobús Servicio Troncal,Pasajeros transportados,14039.0,14,39,1721541.0,Cifras Definitivas
2020,8,Macrobús Servicio Troncal,Pasajeros transportados con boleto pagado,14039.0,14,39,1447875.0,Cifras Definitivas
2020,8,Macrobús Servicio Troncal,Pasajeros transportados con cortesía,14039.0,14,39,9184.0,Cifras Definitivas
2020,8,Macrobús Servicio Troncal,Pasajeros transportados con descuento,14039.0,14,39,264482.0,Cifras Definitivas
2020,8,Macrobús Servicio Troncal,Rutas,14039.0,14,39,2.0,Cifras Definitivas
2020,8,Macrobús Servicio Alimentador,Autobuses en operación de lunes a viernes,14039.0,14,39,80.0,Cifras Definitivas
2020,8,Macrobús Servicio Alimentador,Autobuses en operación de sábado a domingo,14039.0,14,39,73.0,Cifras Definitivas
2020,8,Macrobús Servicio Alimentador,Ingresos por pasaje,14039.0,14,39,3809676.0,Cifras Definitivas
2020,8,Macrobús Servicio Alimentador,Kilómetros recorridos,14039.0,14,39,325536.0,Cifras Definitivas
2020,8,Macrobús Servicio Alimentador,Pasajeros transportados,14039.0,14,39,532478.0,Cifras Definitivas
2020,8,Macrobús Servicio Alimentador,Pasajeros transportados con boleto pagado,14039.0,14,39,482873.0,Cifras Definitivas
2020,8,Macrobús Servicio Alimentador,Pasajeros transportados con descuento,14039.0,14,39,49605.0,Cifras Definitivas
2020,8,Macrobús Servicio Alimentador,Rutas,14039.0,14,39,15.0,Cifras Definitivas
2020,8,Sistema Integral del Tren Ligero,Autobuses en operación de lunes a viernes,14039.0,14,39,51.0,Cifras Definitivas
2020,8,Sistema Integral del Tren Ligero,Autobuses en operación de sábado a domingo,14039.0,14,39,48.0,Cifras Definitivas
2020,8,Sistema Integral del Tren Ligero,Kilómetros recorridos,14039.0,14,39,228375.0,Cifras Definitivas
2020,8,Sistema Integral del Tren Ligero,Pasajeros transportados,14039.0,14,39,310356.0,Cifras Definitivas
2020,8,Sistema Integral del Tren Ligero,Pasajeros transportados con boleto pagado,14039.0,14,39,304957.0,Cifras Definitivas
2020,8,Sistema Integral del Tren Ligero,Pasajeros transportados con cortesía,14039.0,14,39,5399.0,Cifras Definitivas
2020,8,Sistema Integral del Tren Ligero,Rutas,14039.0,14,39,3.0,Cifras Definitivas
2020,9,Tren Eléctrico,Ingresos por pasaje,14039.0,14,39,31373070.0,Cifras Definitivas
2020,9,Tren Eléctrico,Kilómetros recorridos,14039.0,14,39,633345.0,Cifras Definitivas
2020,9,Tren Eléctrico,Longitud de servicio,14039.0,14,39,47.0,Cifras Definitivas
2020,9,Tren Eléctrico,Pasajeros transportados,14039.0,14,39,6141639.0,Cifras Definitivas
2020,9,Tren Eléctrico,Unidades en operación,14039.0,14,39,52.0,Cifras Definitivas
2020,9,Trolebús,Ingresos por pasaje,14039.0,14,39,1416268.0,Cifras Definitivas
2020,9,Trolebús,Kilómetros recorridos,14039.0,14,39,53541.0,Cifras Definitivas
2020,9,Trolebús,Lineas en servicio,14039.0,14,39,1.0,Cifras Definitivas
2020,9,Trolebús,Longitud de servicio,14039.0,14,39,18.0,Cifras Definitivas
2020,9,Trolebús,Pasajeros transportados,14039.0,14,39,181566.0,Cifras Definitivas
2020,9,Trolebús,Unidades en operación,14039.0,14,39,16.0,Cifras Definitivas
2020,9,Macrobús Servicio Troncal,Autobuses en operación de lunes a viernes,14039.0,14,39,40.0,Cifras Definitivas
2020,9,Macrobús Servicio Troncal,Autobuses en operación de sábado a domingo,14039.0,14,39,26.0,Cifras Definitivas
2020,9,Macrobús Servicio Troncal,Ingresos por pasaje,14039.0,14,39,15330143.0,Cifras Definitivas
2020,9,Macrobús Servicio Troncal,Kilómetros recorridos,14039.0,14,39,329664.0,Cifras Definitivas
2020,9,Macrobús Servicio Troncal,Pasajeros transportados,14039.0,14,39,1717384.0,Cifras Definitivas
2020,9,Macrobús Servicio Troncal,Pasajeros transportados con boleto pagado,14039.0,14,39,1421177.0,Cifras Definitivas
2020,9,Macrobús Servicio Troncal,Pasajeros transportados con cortesía,14039.0,14,39,10598.0,Cifras Definitivas
2020,9,Macrobús Servicio Troncal,Pasajeros transportados con descuento,14039.0,14,39,285609.0,Cifras Definitivas
2020,9,Macrobús Servicio Troncal,Rutas,14039.0,14,39,2.0,Cifras Definitivas
2020,9,Macrobús Servicio Alimentador,Autobuses en operación de lunes a viernes,14039.0,14,39,80.0,Cifras Definitivas
2020,9,Macrobús Servicio Alimentador,Autobuses en operación de sábado a domingo,14039.0,14,39,73.0,Cifras Definitivas
2020,9,Macrobús Servicio Alimentador,Ingresos por pasaje,14039.0,14,39,3762544.0,Cifras Definitivas
2020,9,Macrobús Servicio Alimentador,Kilómetros recorridos,14039.0,14,39,303794.0,Cifras Definitivas
2020,9,Macrobús Servicio Alimentador,Pasajeros transportados,14039.0,14,39,521197.0,Cifras Definitivas
2020,9,Macrobús Servicio Alimentador,Pasajeros transportados con boleto pagado,14039.0,14,39,473919.0,Cifras Definitivas
2020,9,Macrobús Servicio Alimentador,Pasajeros transportados con descuento,14039.0,14,39,47278.0,Cifras Definitivas
2020,9,Macrobús Servicio Alimentador,Rutas,14039.0,14,39,15.0,Cifras Definitivas
2020,9,Sistema Integral del Tren Ligero,Autobuses en operación de lunes a viernes,14039.0,14,39,53.0,Cifras Definitivas
2020,9,Sistema Integral del Tren Ligero,Autobuses en operación de sábado a domingo,14039.0,14,39,50.0,Cifras Definitivas
2020,9,Sistema Integral del Tren Ligero,Kilómetros recorridos,14039.0,14,39,215918.0,Cifras Definitivas
2020,9,Sistema Integral del Tren Ligero,Pasajeros transportados,14039.0,14,39,316832.0,Cifras Definitivas
2020,9,Sistema Integral del Tren Ligero,Pasajeros transportados con boleto pagado,14039.0,14,39,311006.0,Cifras Definitivas
2020,9,Sistema Integral del Tren Ligero,Pasajeros transportados con cortesía,14039.0,14,39,5826.0,Cifras Definitivas
2020,9,Sistema Integral del Tren Ligero,Rutas,14039.0,14,39,3.0,Cifras Definitivas
2020,10,Tren Eléctrico,Ingresos por pasaje,14039.0,14,39,31421144.0,Cifras Definitivas
2020,10,Tren Eléctrico,Kilómetros recorridos,14039.0,14,39,729502.0,Cifras Definitivas
2020,10,Tren Eléctrico,Longitud de servicio,14039.0,14,39,47.0,Cifras Definitivas
2020,10,Tren Eléctrico,Pasajeros transportados,14039.0,14,39,8569532.0,Cifras Definitivas
2020,10,Tren Eléctrico,Unidades en operación,14039.0,14,39,52.0,Cifras Definitivas
2020,10,Trolebús,Ingresos por pasaje,14039.0,14,39,1434966.0,Cifras Definitivas
2020,10,Trolebús,Kilómetros recorridos,14039.0,14,39,50488.0,Cifras Definitivas
2020,10,Trolebús,Lineas en servicio,14039.0,14,39,1.0,Cifras Definitivas
2020,10,Trolebús,Longitud de servicio,14039.0,14,39,18.0,Cifras Definitivas
2020,10,Trolebús,Pasajeros transportados,14039.0,14,39,183430.0,Cifras Definitivas
2020,10,Trolebús,Unidades en operación,14039.0,14,39,16.0,Cifras Definitivas
2020,10,Macrobús Servicio Troncal,Autobuses en operación de lunes a viernes,14039.0,14,39,40.0,Cifras Definitivas
2020,10,Macrobús Servicio Troncal,Autobuses en operación de sábado a domingo,14039.0,14,39,26.0,Cifras Definitivas
2020,10,Macrobús Servicio Troncal,Ingresos por pasaje,14039.0,14,39,10661525.0,Cifras Definitivas
2020,10,Macrobús Servicio Troncal,Kilómetros recorridos,14039.0,14,39,304720.0,Cifras Definitivas
2020,10,Macrobús Servicio Troncal,Pasajeros transportados,14039.0,14,39,1127840.0,Cifras Definitivas
2020,10,Macrobús Servicio Troncal,Pasajeros transportados con boleto pagado,14039.0,14,39,943233.0,Cifras Definitivas
2020,10,Macrobús Servicio Troncal,Pasajeros transportados con cortesía,14039.0,14,39,10447.0,Cifras Definitivas
2020,10,Macrobús Servicio Troncal,Pasajeros transportados con descuento,14039.0,14,39,174160.0,Cifras Definitivas
2020,10,Macrobús Servicio Troncal,Rutas,14039.0,14,39,2.0,Cifras Definitivas
2020,10,Macrobús Servicio Alimentador,Autobuses en operación de lunes a viernes,14039.0,14,39,80.0,Cifras Definitivas
2020,10,Macrobús Servicio Alimentador,Autobuses en operación de sábado a domingo,14039.0,14,39,73.0,Cifras Definitivas
2020,10,Macrobús Servicio Alimentador,Ingresos por pasaje,14039.0,14,39,2458249.0,Cifras Definitivas
2020,10,Macrobús Servicio Alimentador,Kilómetros recorridos,14039.0,14,39,302999.0,Cifras Definitivas
2020,10,Macrobús Servicio Alimentador,Pasajeros transportados,14039.0,14,39,392690.0,Cifras Definitivas
2020,10,Macrobús Servicio Alimentador,Pasajeros transportados con boleto pagado,14039.0,14,39,349007.0,Cifras Definitivas
2020,10,Macrobús Servicio Alimentador,Pasajeros transportados con descuento,14039.0,14,39,43683.0,Cifras Definitivas
2020,10,Macrobús Servicio Alimentador,Rutas,14039.0,14,39,15.0,Cifras Definitivas
2020,10,Sistema Integral del Tren Ligero,Autobuses en operación de lunes a viernes,14039.0,14,39,54.0,Cifras Definitivas
2020,10,Sistema Integral del Tren Ligero,Autobuses en operación de sábado a domingo,14039.0,14,39,51.0,Cifras Definitivas
2020,10,Sistema Integral del Tren Ligero,Kilómetros recorridos,14039.0,14,39,230209.0,Cifras Definitivas
2020,10,Sistema Integral del Tren Ligero,Pasajeros transportados,14039.0,14,39,354179.0,Cifras Definitivas
2020,10,Sistema Integral del Tren Ligero,Pasajeros transportados con boleto pagado,14039.0,14,39,347391.0,Cifras Definitivas
2020,10,Sistema Integral del Tren Ligero,Pasajeros transportados con cortesía,14039.0,14,39,6788.0,Cifras Definitivas
2020,10,Sistema Integral del Tren Ligero,Rutas,14039.0,14,39,3.0,Cifras Definitivas
2020,11,Tren Eléctrico,Ingresos por pasaje,14039.0,14,39,31451619.0,Cifras Definitivas
2020,11,Tren Eléctrico,Kilómetros recorridos,14039.0,14,39,691473.0,Cifras Definitivas
2020,11,Tren Eléctrico,Longitud de servicio,14039.0,14,39,47.0,Cifras Definitivas
2020,11,Tren Eléctrico,Pasajeros transportados,14039.0,14,39,7330360.0,Cifras Definitivas
2020,11,Tren Eléctrico,Unidades en operación,14039.0,14,39,52.0,Cifras Definitivas
2020,11,Trolebús,Ingresos por pasaje,14039.0,14,39,1424516.0,Cifras Definitivas
2020,11,Trolebús,Kilómetros recorridos,14039.0,14,39,39596.0,Cifras Definitivas
2020,11,Trolebús,Lineas en servicio,14039.0,14,39,1.0,Cifras Definitivas
2020,11,Trolebús,Longitud de servicio,14039.0,14,39,18.0,Cifras Definitivas
2020,11,Trolebús,Pasajeros transportados,14039.0,14,39,151711.0,Cifras Definitivas
2020,11,Trolebús,Unidades en operación,14039.0,14,39,16.0,Cifras Definitivas
2020,11,Macrobús Servicio Troncal,Autobuses en operación de lunes a viernes,14039.0,14,39,39.0,Cifras Definitivas
2020,11,Macrobús Servicio Troncal,Autobuses en operación de sábado a domingo,14039.0,14,39,31.0,Cifras Definitivas
2020,11,Macrobús Servicio Troncal,Ingresos por pasaje,14039.0,14,39,15476919.0,Cifras Definitivas
2020,11,Macrobús Servicio Troncal,Kilómetros recorridos,14039.0,14,39,307455.0,Cifras Definitivas
2020,11,Macrobús Servicio Troncal,Pasajeros transportados,14039.0,14,39,1602582.0,Cifras Definitivas
2020,11,Macrobús Servicio Troncal,Pasajeros transportados con boleto pagado,14039.0,14,39,1290893.0,Cifras Definitivas
2020,11,Macrobús Servicio Troncal,Pasajeros transportados con cortesía,14039.0,14,39,10154.0,Cifras Definitivas
2020,11,Macrobús Servicio Troncal,Pasajeros transportados con descuento,14039.0,14,39,301535.0,Cifras Definitivas
2020,11,Macrobús Servicio Troncal,Rutas,14039.0,14,39,2.0,Cifras Definitivas
2020,11,Macrobús Servicio Alimentador,Autobuses en operación de lunes a viernes,14039.0,14,39,77.0,Cifras Definitivas
2020,11,Macrobús Servicio Alimentador,Autobuses en operación de sábado a domingo,14039.0,14,39,73.0,Cifras Definitivas
2020,11,Macrobús Servicio Alimentador,Ingresos por pasaje,14039.0,14,39,3248178.0,Cifras Definitivas
2020,11,Macrobús Servicio Alimentador,Kilómetros recorridos,14039.0,14,39,378555.0,Cifras Definitivas
2020,11,Macrobús Servicio Alimentador,Pasajeros transportados,14039.0,14,39,454758.0,Cifras Definitivas
2020,11,Macrobús Servicio Alimentador,Pasajeros transportados con boleto pagado,14039.0,14,39,402560.0,Cifras Definitivas
2020,11,Macrobús Servicio Alimentador,Pasajeros transportados con descuento,14039.0,14,39,52198.0,Cifras Definitivas
2020,11,Macrobús Servicio Alimentador,Rutas,14039.0,14,39,15.0,Cifras Definitivas
2020,11,Sistema Integral del Tren Ligero,Autobuses en operación de lunes a viernes,14039.0,14,39,55.0,Cifras Definitivas
2020,11,Sistema Integral del Tren Ligero,Autobuses en operación de sábado a domingo,14039.0,14,39,52.0,Cifras Definitivas
2020,11,Sistema Integral del Tren Ligero,Kilómetros recorridos,14039.0,14,39,221842.0,Cifras Definitivas
2020,11,Sistema Integral del Tren Ligero,Pasajeros transportados,14039.0,14,39,340082.0,Cifras Definitivas
2020,11,Sistema Integral del Tren Ligero,Pasajeros transportados con boleto pagado,14039.0,14,39,333717.0,Cifras Definitivas
2020,11,Sistema Integral del Tren Ligero,Pasajeros transportados con cortesía,14039.0,14,39,6365.0,Cifras Definitivas
2020,11,Sistema Integral del Tren Ligero,Rutas,14039.0,14,39,3.0,Cifras Definitivas
2020,12,Tren Eléctrico,Ingresos por pasaje,14039.0,14,39,31463452.0,Cifras Definitivas
2020,12,Tren Eléctrico,Kilómetros recorridos,14039.0,14,39,797398.0,Cifras Definitivas
2020,12,Tren Eléctrico,Longitud de servicio,14039.0,14,39,47.0,Cifras Definitivas
2020,12,Tren Eléctrico,Pasajeros transportados,14039.0,14,39,8770613.0,Cifras Definitivas
2020,12,Tren Eléctrico,Unidades en operación,14039.0,14,39,52.0,Cifras Definitivas
2020,12,Trolebús,Ingresos por pasaje,14039.0,14,39,1952327.0,Cifras Definitivas
2020,12,Trolebús,Kilómetros recorridos,14039.0,14,39,52848.0,Cifras Definitivas
2020,12,Trolebús,Lineas en servicio,14039.0,14,39,1.0,Cifras Definitivas
2020,12,Trolebús,Longitud de servicio,14039.0,14,39,18.0,Cifras Definitivas
2020,12,Trolebús,Pasajeros transportados,14039.0,14,39,192163.0,Cifras Definitivas
2020,12,Trolebús,Unidades en operación,14039.0,14,39,16.0,Cifras Definitivas
2020,12,Macrobús Servicio Troncal,Autobuses en operación de lunes a viernes,14039.0,14,39,42.0,Cifras Definitivas
2020,12,Macrobús Servicio Troncal,Autobuses en operación de sábado a domingo,14039.0,14,39,32.0,Cifras Definitivas
2020,12,Macrobús Servicio Troncal,Ingresos por pasaje,14039.0,14,39,20656926.0,Cifras Definitivas
2020,12,Macrobús Servicio Troncal,Kilómetros recorridos,14039.0,14,39,330334.0,Cifras Definitivas
2020,12,Macrobús Servicio Troncal,Pasajeros transportados,14039.0,14,39,2195077.0,Cifras Definitivas
2020,12,Macrobús Servicio Troncal,Pasajeros transportados con boleto pagado,14039.0,14,39,1768152.0,Cifras Definitivas
2020,12,Macrobús Servicio Troncal,Pasajeros transportados con cortesía,14039.0,14,39,13909.0,Cifras Definitivas
2020,12,Macrobús Servicio Troncal,Pasajeros transportados con descuento,14039.0,14,39,413016.0,Cifras Definitivas
2020,12,Macrobús Servicio Troncal,Rutas,14039.0,14,39,2.0,Cifras Definitivas
2020,12,Macrobús Servicio Alimentador,Autobuses en operación de lunes a viernes,14039.0,14,39,80.0,Cifras Definitivas
2020,12,Macrobús Servicio Alimentador,Autobuses en operación de sábado a domingo,14039.0,14,39,74.0,Cifras Definitivas
2020,12,Macrobús Servicio Alimentador,Ingresos por pasaje,14039.0,14,39,4424869.0,Cifras Definitivas
2020,12,Macrobús Servicio Alimentador,Kilómetros recorridos,14039.0,14,39,435155.0,Cifras Definitivas
2020,12,Macrobús Servicio Alimentador,Pasajeros transportados,14039.0,14,39,619499.0,Cifras Definitivas
2020,12,Macrobús Servicio Alimentador,Pasajeros transportados con boleto pagado,14039.0,14,39,548392.0,Cifras Definitivas
2020,12,Macrobús Servicio Alimentador,Pasajeros transportados con descuento,14039.0,14,39,71107.0,Cifras Definitivas
2020,12,Macrobús Servicio Alimentador,Rutas,14039.0,14,39,15.0,Cifras Definitivas
2020,12,Sistema Integral del Tren Ligero,Autobuses en operación de lunes a viernes,14039.0,14,39,55.0,Cifras Definitivas
2020,12,Sistema Integral del Tren Ligero,Autobuses en operación de sábado a domingo,14039.0,14,39,51.0,Cifras Definitivas
2020,12,Sistema Integral del Tren Ligero,Kilómetros recorridos,14039.0,14,39,221740.0,Cifras Definitivas
2020,12,Sistema Integral del Tren Ligero,Pasajeros transportados,14039.0,14,39,369093.0,Cifras Definitivas
2020,12,Sistema Integral del Tren Ligero,Pasajeros transportados con boleto pagado,14039.0,14,39,362940.0,Cifras Definitivas
2020,12,Sistema Integral del Tren Ligero,Pasajeros transportados con cortesía,14039.0,14,39,6153.0,Cifras Definitivas
2020,12,Sistema Integral del Tren Ligero,Rutas,14039.0,14,39,3.0,Cifras Definitivas
2021,1,Tren Eléctrico,Ingresos por pasaje,14039.0,14,39,31455660.0,Cifras Definitivas
2021,1,Tren Eléctrico,Kilómetros recorridos,14039.0,14,39,878268.0,Cifras Definitivas
2021,1,Tren Eléctrico,Longitud de servicio,14039.0,14,39,47.0,Cifras Definitivas
2021,1,Tren Eléctrico,Pasajeros transportados,14039.0,14,39,7027190.0,Cifras Definitivas
2021,1,Tren Eléctrico,Unidades en operación,14039.0,14,39,53.0,Cifras Definitivas
2021,1,Trolebús,Ingresos por pasaje,14039.0,14,39,2030466.0,Cifras Definitivas
2021,1,Trolebús,Kilómetros recorridos,14039.0,14,39,55500.0,Cifras Definitivas
2021,1,Trolebús,Lineas en servicio,14039.0,14,39,1.0,Cifras Definitivas
2021,1,Trolebús,Longitud de servicio,14039.0,14,39,18.0,Cifras Definitivas
2021,1,Trolebús,Pasajeros transportados,14039.0,14,39,157802.0,Cifras Definitivas
2021,1,Trolebús,Unidades en operación,14039.0,14,39,16.0,Cifras Definitivas
2021,1,Macrobús Servicio Troncal,Autobuses en operación de lunes a viernes,14039.0,14,39,40.0,Cifras Definitivas
2021,1,Macrobús Servicio Troncal,Autobuses en operación de sábado a domingo,14039.0,14,39,34.0,Cifras Definitivas
2021,1,Macrobús Servicio Troncal,Ingresos por pasaje,14039.0,14,39,14384085.0,Cifras Definitivas
2021,1,Macrobús Servicio Troncal,Kilómetros recorridos,14039.0,14,39,315164.0,Cifras Definitivas
2021,1,Macrobús Servicio Troncal,Pasajeros transportados,14039.0,14,39,1666181.0,Cifras Definitivas
2021,1,Macrobús Servicio Troncal,Pasajeros transportados con boleto pagado,14039.0,14,39,1666181.0,Cifras Definitivas
2021,1,Macrobús Servicio Troncal,Pasajeros transportados con cortesía,14039.0,14,39,,Cifras Definitivas
2021,1,Macrobús Servicio Troncal,Pasajeros transportados con descuento,14039.0,14,39,,Cifras Definitivas
2021,1,Macrobús Servicio Troncal,Rutas,14039.0,14,39,2.0,Cifras Definitivas
2021,1,Macrobús Servicio Alimentador,Autobuses en operación de lunes a viernes,14039.0,14,39,84.0,Cifras Definitivas
2021,1,Macrobús Servicio Alimentador,Autobuses en operación de sábado a domingo,14039.0,14,39,76.0,Cifras Definitivas
2021,1,Macrobús Servicio Alimentador,Ingresos por pasaje,14039.0,14,39,7998540.0,Cifras Definitivas
2021,1,Macrobús Servicio Alimentador,Kilómetros recorridos,14039.0,14,39,411861.0,Cifras Definitivas
2021,1,Macrobús Servicio Alimentador,Pasajeros transportados,14039.0,14,39,491443.0,Cifras Definitivas
2021,1,Macrobús Servicio Alimentador,Pasajeros transportados con boleto pagado,14039.0,14,39,491443.0,Cifras Definitivas
2021,1,Macrobús Servicio Alimentador,Pasajeros transportados con descuento,14039.0,14,39,,Cifras Definitivas
2021,1,Macrobús Servicio Alimentador,Rutas,14039.0,14,39,15.0,Cifras Definitivas
2021,1,Sistema Integral del Tren Ligero,Autobuses en operación de lunes a viernes,14039.0,14,39,54.0,Cifras Definitivas
2021,1,Sistema Integral del Tren Ligero,Autobuses en operación de sábado a domingo,14039.0,14,39,51.0,Cifras Definitivas
2021,1,Sistema Integral del Tren Ligero,Kilómetros recorridos,14039.0,14,39,263318.0,Cifras Definitivas
2021,1,Sistema Integral del Tren Ligero,Pasajeros transportados,14039.0,14,39,332084.0,Cifras Definitivas
2021,1,Sistema Integral del Tren Ligero,Pasajeros transportados con boleto pagado,14039.0,14,39,326342.0,Cifras Definitivas
2021,1,Sistema Integral del Tren Ligero,Pasajeros transportados con cortesía,14039.0,14,39,5742.0,Cifras Definitivas
2021,1,Sistema Integral del Tren Ligero,Rutas,14039.0,14,39,3.0,Cifras Definitivas
2021,2,Tren Eléctrico,Ingresos por pasaje,14039.0,14,39,31432207.0,Cifras Definitivas
2021,2,Tren Eléctrico,Kilómetros recorridos,14039.0,14,39,810227.0,Cifras Definitivas
2021,2,Tren Eléctrico,Longitud de servicio,14039.0,14,39,47.0,Cifras Definitivas
2021,2,Tren Eléctrico,Pasajeros transportados,14039.0,14,39,7046416.0,Cifras Definitivas
2021,2,Tren Eléctrico,Unidades en operación,14039.0,14,39,53.0,Cifras Definitivas
2021,2,Trolebús,Ingresos por pasaje,14039.0,14,39,2108906.0,Cifras Definitivas
2021,2,Trolebús,Kilómetros recorridos,14039.0,14,39,51081.0,Cifras Definitivas
2021,2,Trolebús,Lineas en servicio,14039.0,14,39,1.0,Cifras Definitivas
2021,2,Trolebús,Longitud de servicio,14039.0,14,39,18.0,Cifras Definitivas
2021,2,Trolebús,Pasajeros transportados,14039.0,14,39,163094.0,Cifras Definitivas
2021,2,Trolebús,Unidades en operación,14039.0,14,39,16.0,Cifras Definitivas
2021,2,Macrobús Servicio Troncal,Autobuses en operación de lunes a viernes,14039.0,14,39,38.0,Cifras Definitivas
2021,2,Macrobús Servicio Troncal,Autobuses en operación de sábado a domingo,14039.0,14,39,32.0,Cifras Definitivas
2021,2,Macrobús Servicio Troncal,Ingresos por pasaje,14039.0,14,39,13351616.0,Cifras Definitivas
2021,2,Macrobús Servicio Troncal,Kilómetros recorridos,14039.0,14,39,292540.0,Cifras Definitivas
2021,2,Macrobús Servicio Troncal,Pasajeros transportados,14039.0,14,39,1688970.0,Cifras Definitivas
2021,2,Macrobús Servicio Troncal,Pasajeros transportados con boleto pagado,14039.0,14,39,1688970.0,Cifras Definitivas
2021,2,Macrobús Servicio Troncal,Pasajeros transportados con cortesía,14039.0,14,39,,Cifras Definitivas
2021,2,Macrobús Servicio Troncal,Pasajeros transportados con descuento,14039.0,14,39,,Cifras Definitivas
2021,2,Macrobús Servicio Troncal,Rutas,14039.0,14,39,2.0,Cifras Definitivas
2021,2,Macrobús Servicio Alimentador,Autobuses en operación de lunes a viernes,14039.0,14,39,75.0,Cifras Definitivas
2021,2,Macrobús Servicio Alimentador,Autobuses en operación de sábado a domingo,14039.0,14,39,74.0,Cifras Definitivas
2021,2,Macrobús Servicio Alimentador,Ingresos por pasaje,14039.0,14,39,7461298.0,Cifras Definitivas
2021,2,Macrobús Servicio Alimentador,Kilómetros recorridos,14039.0,14,39,376763.0,Cifras Definitivas
2021,2,Macrobús Servicio Alimentador,Pasajeros transportados,14039.0,14,39,491344.0,Cifras Definitivas
2021,2,Macrobús Servicio Alimentador,Pasajeros transportados con boleto pagado,14039.0,14,39,491344.0,Cifras Definitivas
2021,2,Macrobús Servicio Alimentador,Pasajeros transportados con descuento,14039.0,14,39,,Cifras Definitivas
2021,2,Macrobús Servicio Alimentador,Rutas,14039.0,14,39,15.0,Cifras Definitivas
2021,2,Sistema Integral del Tren Ligero,Autobuses en operación de lunes a viernes,14039.0,14,39,54.0,Cifras Definitivas
2021,2,Sistema Integral del Tren Ligero,Autobuses en operación de sábado a domingo,14039.0,14,39,51.0,Cifras Definitivas
2021,2,Sistema Integral del Tren Ligero,Kilómetros recorridos,14039.0,14,39,253763.0,Cifras Definitivas
2021,2,Sistema Integral del Tren Ligero,Pasajeros transportados,14039.0,14,39,337494.0,Cifras Definitivas
2021,2,Sistema Integral del Tren Ligero,Pasajeros transportados con boleto pagado,14039.0,14,39,330726.0,Cifras Definitivas
2021,2,Sistema Integral del Tren Ligero,Pasajeros transportados con cortesía,14039.0,14,39,6768.0,Cifras Definitivas
2021,2,Sistema Integral del Tren Ligero,Rutas,14039.0,14,39,3.0,Cifras Definitivas
2021,3,Tren Eléctrico,Ingresos por pasaje,14039.0,14,39,31896301.0,Cifras Definitivas
2021,3,Tren Eléctrico,Kilómetros recorridos,14039.0,14,39,905300.0,Cifras Definitivas
2021,3,Tren Eléctrico,Longitud de servicio,14039.0,14,39,47.0,Cifras Definitivas
2021,3,Tren Eléctrico,Pasajeros transportados,14039.0,14,39,8583798.0,Cifras Definitivas
2021,3,Tren Eléctrico,Unidades en operación,14039.0,14,39,53.0,Cifras Definitivas
2021,3,Trolebús,Ingresos por pasaje,14039.0,14,39,2322573.0,Cifras Definitivas
2021,3,Trolebús,Kilómetros recorridos,14039.0,14,39,55524.0,Cifras Definitivas
2021,3,Trolebús,Lineas en servicio,14039.0,14,39,1.0,Cifras Definitivas
2021,3,Trolebús,Longitud de servicio,14039.0,14,39,18.0,Cifras Definitivas
2021,3,Trolebús,Pasajeros transportados,14039.0,14,39,205682.0,Cifras Definitivas
2021,3,Trolebús,Unidades en operación,14039.0,14,39,16.0,Cifras Definitivas
2021,3,Macrobús Servicio Troncal,Autobuses en operación de lunes a viernes,14039.0,14,39,38.0,Cifras Definitivas
2021,3,Macrobús Servicio Troncal,Autobuses en operación de sábado a domingo,14039.0,14,39,29.0,Cifras Definitivas
2021,3,Macrobús Servicio Troncal,Ingresos por pasaje,14039.0,14,39,13144046.0,Cifras Definitivas
2021,3,Macrobús Servicio Troncal,Kilómetros recorridos,14039.0,14,39,321542.0,Cifras Definitivas
2021,3,Macrobús Servicio Troncal,Pasajeros transportados,14039.0,14,39,1853377.0,Cifras Definitivas
2021,3,Macrobús Servicio Troncal,Pasajeros transportados con boleto pagado,14039.0,14,39,1853377.0,Cifras Definitivas
2021,3,Macrobús Servicio Troncal,Pasajeros transportados con cortesía,14039.0,14,39,,Cifras Definitivas
2021,3,Macrobús Servicio Troncal,Pasajeros transportados con descuento,14039.0,14,39,,Cifras Definitivas
2021,3,Macrobús Servicio Troncal,Rutas,14039.0,14,39,2.0,Cifras Definitivas
2021,3,Macrobús Servicio Alimentador,Autobuses en operación de lunes a viernes,14039.0,14,39,73.0,Cifras Definitivas
2021,3,Macrobús Servicio Alimentador,Autobuses en operación de sábado a domingo,14039.0,14,39,72.0,Cifras Definitivas
2021,3,Macrobús Servicio Alimentador,Ingresos por pasaje,14039.0,14,39,8084444.0,Cifras Definitivas
2021,3,Macrobús Servicio Alimentador,Kilómetros recorridos,14039.0,14,39,455887.0,Cifras Definitivas
2021,3,Macrobús Servicio Alimentador,Pasajeros transportados,14039.0,14,39,524792.0,Cifras Definitivas
2021,3,Macrobús Servicio Alimentador,Pasajeros transportados con boleto pagado,14039.0,14,39,524792.0,Cifras Definitivas
2021,3,Macrobús Servicio Alimentador,Pasajeros transportados con descuento,14039.0,14,39,,Cifras Definitivas
2021,3,Macrobús Servicio Alimentador,Rutas,14039.0,14,39,15.0,Cifras Definitivas
2021,3,Sistema Integral del Tren Ligero,Autobuses en operación de lunes a viernes,14039.0,14,39,54.0,Cifras Definitivas
2021,3,Sistema Integral del Tren Ligero,Autobuses en operación de sábado a domingo,14039.0,14,39,51.0,Cifras Definitivas
2021,3,Sistema Integral del Tren Ligero,Kilómetros recorridos,14039.0,14,39,270960.0,Cifras Definitivas
2021,3,Sistema Integral del Tren Ligero,Pasajeros transportados,14039.0,14,39,426063.0,Cifras Definitivas
2021,3,Sistema Integral del Tren Ligero,Pasajeros transportados con boleto pagado,14039.0,14,39,416834.0,Cifras Definitivas
2021,3,Sistema Integral del Tren Ligero,Pasajeros transportados con cortesía,14039.0,14,39,9229.0,Cifras Definitivas
2021,3,Sistema Integral del Tren Ligero,Rutas,14039.0,14,39,3.0,Cifras Definitivas
2021,4,Tren Eléctrico,Ingresos por pasaje,14039.0,14,39,31594723.0,Cifras Definitivas
2021,4,Tren Eléctrico,Kilómetros recorridos,14039.0,14,39,866534.0,Cifras Definitivas
2021,4,Tren Eléctrico,Longitud de servicio,14039.0,14,39,47.0,Cifras Definitivas
2021,4,Tren Eléctrico,Pasajeros transportados,14039.0,14,39,8260344.0,Cifras Definitivas
2021,4,Tren Eléctrico,Unidades en operación,14039.0,14,39,53.0,Cifras Definitivas
2021,4,Trolebús,Ingresos por pasaje,14039.0,14,39,2153982.0,Cifras Definitivas
2021,4,Trolebús,Kilómetros recorridos,14039.0,14,39,46023.0,Cifras Definitivas
2021,4,Trolebús,Lineas en servicio,14039.0,14,39,1.0,Cifras Definitivas
2021,4,Trolebús,Longitud de servicio,14039.0,14,39,18.0,Cifras Definitivas
2021,4,Trolebús,Pasajeros transportados,14039.0,14,39,195159.0,Cifras Definitivas
2021,4,Trolebús,Unidades en operación,14039.0,14,39,16.0,Cifras Definitivas
2021,4,Macrobús Servicio Troncal,Autobuses en operación de lunes a viernes,14039.0,14,39,36.0,Cifras Definitivas
2021,4,Macrobús Servicio Troncal,Autobuses en operación de sábado a domingo,14039.0,14,39,31.0,Cifras Definitivas
2021,4,Macrobús Servicio Troncal,Ingresos por pasaje,14039.0,14,39,16420587.0,Cifras Definitivas
2021,4,Macrobús Servicio Troncal,Kilómetros recorridos,14039.0,14,39,310994.0,Cifras Definitivas
2021,4,Macrobús Servicio Troncal,Pasajeros transportados,14039.0,14,39,2290291.0,Cifras Definitivas
2021,4,Macrobús Servicio Troncal,Pasajeros transportados con boleto pagado,14039.0,14,39,2290291.0,Cifras Definitivas
2021,4,Macrobús Servicio Troncal,Pasajeros transportados con cortesía,14039.0,14,39,,Cifras Definitivas
2021,4,Macrobús Servicio Troncal,Pasajeros transportados con descuento,14039.0,14,39,,Cifras Definitivas
2021,4,Macrobús Servicio Troncal,Rutas,14039.0,14,39,2.0,Cifras Definitivas
2021,4,Macrobús Servicio Alimentador,Autobuses en operación de lunes a viernes,14039.0,14,39,79.0,Cifras Definitivas
2021,4,Macrobús Servicio Alimentador,Autobuses en operación de sábado a domingo,14039.0,14,39,72.0,Cifras Definitivas
2021,4,Macrobús Servicio Alimentador,Ingresos por pasaje,14039.0,14,39,9399720.0,Cifras Definitivas
2021,4,Macrobús Servicio Alimentador,Kilómetros recorridos,14039.0,14,39,394181.0,Cifras Definitivas
2021,4,Macrobús Servicio Alimentador,Pasajeros transportados,14039.0,14,39,666242.0,Cifras Definitivas
2021,4,Macrobús Servicio Alimentador,Pasajeros transportados con boleto pagado,14039.0,14,39,666242.0,Cifras Definitivas
2021,4,Macrobús Servicio Alimentador,Pasajeros transportados con descuento,14039.0,14,39,,Cifras Definitivas
2021,4,Macrobús Servicio Alimentador,Rutas,14039.0,14,39,15.0,Cifras Definitivas
2021,4,Sistema Integral del Tren Ligero,Autobuses en operación de lunes a viernes,14039.0,14,39,49.0,Cifras Definitivas
2021,4,Sistema Integral del Tren Ligero,Autobuses en operación de sábado a domingo,14039.0,14,39,49.0,Cifras Definitivas
2021,4,Sistema Integral del Tren Ligero,Kilómetros recorridos,14039.0,14,39,256595.0,Cifras Definitivas
2021,4,Sistema Integral del Tren Ligero,Pasajeros transportados,14039.0,14,39,401381.0,Cifras Definitivas
2021,4,Sistema Integral del Tren Ligero,Pasajeros transportados con boleto pagado,14039.0,14,39,392766.0,Cifras Definitivas
2021,4,Sistema Integral del Tren Ligero,Pasajeros transportados con cortesía,14039.0,14,39,8615.0,Cifras Definitivas
2021,4,Sistema Integral del Tren Ligero,Rutas,14039.0,14,39,3.0,Cifras Definitivas
2021,5,Tren Eléctrico,Ingresos por pasaje,14039.0,14,39,31520148.0,Cifras Definitivas
2021,5,Tren Eléctrico,Kilómetros recorridos,14039.0,14,39,729801.0,Cifras Definitivas
2021,5,Tren Eléctrico,Longitud de servicio,14039.0,14,39,47.0,Cifras Definitivas
2021,5,Tren Eléctrico,Pasajeros transportados,14039.0,14,39,9140069.0,Cifras Definitivas
2021,5,Tren Eléctrico,Unidades en operación,14039.0,14,39,53.0,Cifras Definitivas
2021,5,Trolebús,Ingresos por pasaje,14039.0,14,39,2441884.0,Cifras Definitivas
2021,5,Trolebús,Kilómetros recorridos,14039.0,14,39,44291.0,Cifras Definitivas
2021,5,Trolebús,Lineas en servicio,14039.0,14,39,1.0,Cifras Definitivas
2021,5,Trolebús,Longitud de servicio,14039.0,14,39,18.0,Cifras Definitivas
2021,5,Trolebús,Pasajeros transportados,14039.0,14,39,196869.0,Cifras Definitivas
2021,5,Trolebús,Unidades en operación,14039.0,14,39,9.0,Cifras Definitivas
2021,5,Macrobús Servicio Troncal,Autobuses en operación de lunes a viernes,14039.0,14,39,45.0,Cifras Definitivas
2021,5,Macrobús Servicio Troncal,Autobuses en operación de sábado a domingo,14039.0,14,39,30.0,Cifras Definitivas
2021,5,Macrobús Servicio Troncal,Ingresos por pasaje,14039.0,14,39,13605065.0,Cifras Definitivas
2021,5,Macrobús Servicio Troncal,Kilómetros recorridos,14039.0,14,39,325344.0,Cifras Definitivas
2021,5,Macrobús Servicio Troncal,Pasajeros transportados,14039.0,14,39,2001698.0,Cifras Definitivas
2021,5,Macrobús Servicio Troncal,Pasajeros transportados con boleto pagado,14039.0,14,39,2001698.0,Cifras Definitivas
2021,5,Macrobús Servicio Troncal,Pasajeros transportados con cortesía,14039.0,14,39,,Cifras Definitivas
2021,5,Macrobús Servicio Troncal,Pasajeros transportados con descuento,14039.0,14,39,,Cifras Definitivas
2021,5,Macrobús Servicio Troncal,Rutas,14039.0,14,39,2.0,Cifras Definitivas
2021,5,Macrobús Servicio Alimentador,Autobuses en operación de lunes a viernes,14039.0,14,39,83.0,Cifras Definitivas
2021,5,Macrobús Servicio Alimentador,Autobuses en operación de sábado a domingo,14039.0,14,39,71.0,Cifras Definitivas
2021,5,Macrobús Servicio Alimentador,Ingresos por pasaje,14039.0,14,39,7398858.0,Cifras Definitivas
2021,5,Macrobús Servicio Alimentador,Kilómetros recorridos,14039.0,14,39,394418.0,Cifras Definitivas
2021,5,Macrobús Servicio Alimentador,Pasajeros transportados,14039.0,14,39,555953.0,Cifras Definitivas
2021,5,Macrobús Servicio Alimentador,Pasajeros transportados con boleto pagado,14039.0,14,39,555953.0,Cifras Definitivas
2021,5,Macrobús Servicio Alimentador,Pasajeros transportados con descuento,14039.0,14,39,,Cifras Definitivas
2021,5,Macrobús Servicio Alimentador,Rutas,14039.0,14,39,15.0,Cifras Definitivas
2021,5,Sistema Integral del Tren Ligero,Autobuses en operación de lunes a viernes,14039.0,14,39,50.0,Cifras Definitivas
2021,5,Sistema Integral del Tren Ligero,Autobuses en operación de sábado a domingo,14039.0,14,39,49.0,Cifras Definitivas
2021,5,Sistema Integral del Tren Ligero,Kilómetros recorridos,14039.0,14,39,265257.0,Cifras Definitivas
2021,5,Sistema Integral del Tren Ligero,Pasajeros transportados,14039.0,14,39,430215.0,Cifras Definitivas
2021,5,Sistema Integral del Tren Ligero,Pasajeros transportados con boleto pagado,14039.0,14,39,420882.0,Cifras Definitivas
2021,5,Sistema Integral del Tren Ligero,Pasajeros transportados con cortesía,14039.0,14,39,9333.0,Cifras Definitivas
2021,5,Sistema Integral del Tren Ligero,Rutas,14039.0,14,39,3.0,Cifras Definitivas
2021,6,Tren Eléctrico,Ingresos por pasaje,14039.0,14,39,31579809.0,Cifras Definitivas
2021,6,Tren Eléctrico,Kilómetros recorridos,14039.0,14,39,710911.0,Cifras Definitivas
2021,6,Tren Eléctrico,Longitud de servicio,14039.0,14,39,47.0,Cifras Definitivas
2021,6,Tren Eléctrico,Pasajeros transportados,14039.0,14,39,9522372.0,Cifras Definitivas
2021,6,Tren Eléctrico,Unidades en operación,14039.0,14,39,53.0,Cifras Definitivas
2021,6,Trolebús,Ingresos por pasaje,14039.0,14,39,2211562.0,Cifras Definitivas
2021,6,Trolebús,Kilómetros recorridos,14039.0,14,39,46035.0,Cifras Definitivas
2021,6,Trolebús,Lineas en servicio,14039.0,14,39,1.0,Cifras Definitivas
2021,6,Trolebús,Longitud de servicio,14039.0,14,39,18.0,Cifras Definitivas
2021,6,Trolebús,Pasajeros transportados,14039.0,14,39,195743.0,Cifras Definitivas
2021,6,Trolebús,Unidades en operación,14039.0,14,39,9.0,Cifras Definitivas
2021,6,Macrobús Servicio Troncal,Autobuses en operación de lunes a viernes,14039.0,14,39,45.0,Cifras Definitivas
2021,6,Macrobús Servicio Troncal,Autobuses en operación de sábado a domingo,14039.0,14,39,31.0,Cifras Definitivas
2021,6,Macrobús Servicio Troncal,Ingresos por pasaje,14039.0,14,39,14873202.0,Cifras Definitivas
2021,6,Macrobús Servicio Troncal,Kilómetros recorridos,14039.0,14,39,320202.0,Cifras Definitivas
2021,6,Macrobús Servicio Troncal,Pasajeros transportados,14039.0,14,39,2006376.0,Cifras Definitivas
2021,6,Macrobús Servicio Troncal,Pasajeros transportados con boleto pagado,14039.0,14,39,2006376.0,Cifras Definitivas
2021,6,Macrobús Servicio Troncal,Pasajeros transportados con cortesía,14039.0,14,39,,Cifras Definitivas
2021,6,Macrobús Servicio Troncal,Pasajeros transportados con descuento,14039.0,14,39,,Cifras Definitivas
2021,6,Macrobús Servicio Troncal,Rutas,14039.0,14,39,2.0,Cifras Definitivas
2021,6,Macrobús Servicio Alimentador,Autobuses en operación de lunes a viernes,14039.0,14,39,76.0,Cifras Definitivas
2021,6,Macrobús Servicio Alimentador,Autobuses en operación de sábado a domingo,14039.0,14,39,71.0,Cifras Definitivas
2021,6,Macrobús Servicio Alimentador,Ingresos por pasaje,14039.0,14,39,6374230.0,Cifras Definitivas
2021,6,Macrobús Servicio Alimentador,Kilómetros recorridos,14039.0,14,39,391904.0,Cifras Definitivas
2021,6,Macrobús Servicio Alimentador,Pasajeros transportados,14039.0,14,39,564553.0,Cifras Definitivas
2021,6,Macrobús Servicio Alimentador,Pasajeros transportados con boleto pagado,14039.0,14,39,564553.0,Cifras Definitivas
2021,6,Macrobús Servicio Alimentador,Pasajeros transportados con descuento,14039.0,14,39,,Cifras Definitivas
2021,6,Macrobús Servicio Alimentador,Rutas,14039.0,14,39,15.0,Cifras Definitivas
2021,6,Sistema Integral del Tren Ligero,Autobuses en operación de lunes a viernes,14039.0,14,39,51.0,Cifras Definitivas
2021,6,Sistema Integral del Tren Ligero,Autobuses en operación de sábado a domingo,14039.0,14,39,51.0,Cifras Definitivas
2021,6,Sistema Integral del Tren Ligero,Kilómetros recorridos,14039.0,14,39,260917.0,Cifras Definitivas
2021,6,Sistema Integral del Tren Ligero,Pasajeros transportados,14039.0,14,39,425854.0,Cifras Definitivas
2021,6,Sistema Integral del Tren Ligero,Pasajeros transportados con boleto pagado,14039.0,14,39,416013.0,Cifras Definitivas
2021,6,Sistema Integral del Tren Ligero,Pasajeros transportados con cortesía,14039.0,14,39,9841.0,Cifras Definitivas
2021,6,Sistema Integral del Tren Ligero,Rutas,14039.0,14,39,3.0,Cifras Definitivas
2021,7,Tren Eléctrico,Ingresos por pasaje,14039.0,14,39,31367949.0,Cifras Definitivas
2021,7,Tren Eléctrico,Kilómetros recorridos,14039.0,14,39,724761.0,Cifras Definitivas
2021,7,Tren Eléctrico,Longitud de servicio,14039.0,14,39,47.0,Cifras Definitivas
2021,7,Tren Eléctrico,Pasajeros transportados,14039.0,14,39,10028344.0,Cifras Definitivas
2021,7,Tren Eléctrico,Unidades en operación,14039.0,14,39,53.0,Cifras Definitivas
2021,7,Trolebús,Ingresos por pasaje,14039.0,14,39,2160865.0,Cifras Definitivas
2021,7,Trolebús,Kilómetros recorridos,14039.0,14,39,43305.0,Cifras Definitivas
2021,7,Trolebús,Lineas en servicio,14039.0,14,39,1.0,Cifras Definitivas
2021,7,Trolebús,Longitud de servicio,14039.0,14,39,18.0,Cifras Definitivas
2021,7,Trolebús,Pasajeros transportados,14039.0,14,39,193336.0,Cifras Definitivas
2021,7,Trolebús,Unidades en operación,14039.0,14,39,9.0,Cifras Definitivas
2021,7,Macrobús Servicio Troncal,Autobuses en operación de lunes a viernes,14039.0,14,39,43.0,Cifras Definitivas
2021,7,Macrobús Servicio Troncal,Autobuses en operación de sábado a domingo,14039.0,14,39,31.0,Cifras Definitivas
2021,7,Macrobús Servicio Troncal,Ingresos por pasaje,14039.0,14,39,15468244.0,Cifras Definitivas
2021,7,Macrobús Servicio Troncal,Kilómetros recorridos,14039.0,14,39,335789.0,Cifras Definitivas
2021,7,Macrobús Servicio Troncal,Pasajeros transportados,14039.0,14,39,2499320.0,Cifras Definitivas
2021,7,Macrobús Servicio Troncal,Pasajeros transportados con boleto pagado,14039.0,14,39,2499320.0,Cifras Definitivas
2021,7,Macrobús Servicio Troncal,Pasajeros transportados con cortesía,14039.0,14,39,,Cifras Definitivas
2021,7,Macrobús Servicio Troncal,Pasajeros transportados con descuento,14039.0,14,39,,Cifras Definitivas
2021,7,Macrobús Servicio Troncal,Rutas,14039.0,14,39,2.0,Cifras Definitivas
2021,7,Macrobús Servicio Alimentador,Autobuses en operación de lunes a viernes,14039.0,14,39,83.0,Cifras Definitivas
2021,7,Macrobús Servicio Alimentador,Autobuses en operación de sábado a domingo,14039.0,14,39,78.0,Cifras Definitivas
2021,7,Macrobús Servicio Alimentador,Ingresos por pasaje,14039.0,14,39,10312163.0,Cifras Definitivas
2021,7,Macrobús Servicio Alimentador,Kilómetros recorridos,14039.0,14,39,395868.0,Cifras Definitivas
2021,7,Macrobús Servicio Alimentador,Pasajeros transportados,14039.0,14,39,700101.0,Cifras Definitivas
2021,7,Macrobús Servicio Alimentador,Pasajeros transportados con boleto pagado,14039.0,14,39,700101.0,Cifras Definitivas
2021,7,Macrobús Servicio Alimentador,Pasajeros transportados con descuento,14039.0,14,39,,Cifras Definitivas
2021,7,Macrobús Servicio Alimentador,Rutas,14039.0,14,39,15.0,Cifras Definitivas
2021,7,Sistema Integral del Tren Ligero,Autobuses en operación de lunes a viernes,14039.0,14,39,50.0,Cifras Definitivas
2021,7,Sistema Integral del Tren Ligero,Autobuses en operación de sábado a domingo,14039.0,14,39,50.0,Cifras Definitivas
2021,7,Sistema Integral del Tren Ligero,Kilómetros recorridos,14039.0,14,39,242087.0,Cifras Definitivas
2021,7,Sistema Integral del Tren Ligero,Pasajeros transportados,14039.0,14,39,437925.0,Cifras Definitivas
2021,7,Sistema Integral del Tren Ligero,Pasajeros transportados con boleto pagado,14039.0,14,39,429429.0,Cifras Definitivas
2021,7,Sistema Integral del Tren Ligero,Pasajeros transportados con cortesía,14039.0,14,39,8496.0,Cifras Definitivas
2021,7,Sistema Integral del Tren Ligero,Rutas,14039.0,14,39,3.0,Cifras Definitivas
2021,7,Mi Transporte Eléctrico,Autobuses en operación de lunes a viernes,14039.0,14,39,30.0,Cifras Definitivas
2021,7,Mi Transporte Eléctrico,Autobuses en operación de sábado a domingo,14039.0,14,39,27.0,Cifras Definitivas
2021,7,Mi Transporte Eléctrico,Kilómetros recorridos,14039.0,14,39,141351.0,Cifras Definitivas
2021,7,Mi Transporte Eléctrico,Pasajeros transportados,14039.0,14,39,136746.0,Cifras Definitivas
2021,7,Mi Transporte Eléctrico,Pasajeros transportados con boleto pagado,14039.0,14,39,127302.0,Cifras Definitivas
2021,7,Mi Transporte Eléctrico,Pasajeros transportados con cortesía,14039.0,14,39,590.0,Cifras Definitivas
2021,7,Mi Transporte Eléctrico,Pasajeros transportados con descuento,14039.0,14,39,8854.0,Cifras Definitivas
2021,7,Mi Transporte Eléctrico,Rutas,14039.0,14,39,1.0,Cifras Definitivas
2021,8,Tren Eléctrico,Ingresos por pasaje,14039.0,14,39,31279809.0,Cifras Definitivas
2021,8,Tren Eléctrico,Kilómetros recorridos,14039.0,14,39,724911.0,Cifras Definitivas
2021,8,Tren Eléctrico,Longitud de servicio,14039.0,14,39,47.0,Cifras Definitivas
2021,8,Tren Eléctrico,Pasajeros transportados,14039.0,14,39,9894733.0,Cifras Definitivas
2021,8,Tren Eléctrico,Unidades en operación,14039.0,14,39,53.0,Cifras Definitivas
2021,8,Trolebús,Ingresos por pasaje,14039.0,14,39,2204320.0,Cifras Definitivas
2021,8,Trolebús,Kilómetros recorridos,14039.0,14,39,42667.0,Cifras Definitivas
2021,8,Trolebús,Lineas en servicio,14039.0,14,39,1.0,Cifras Definitivas
2021,8,Trolebús,Longitud de servicio,14039.0,14,39,18.0,Cifras Definitivas
2021,8,Trolebús,Pasajeros transportados,14039.0,14,39,179746.0,Cifras Definitivas
2021,8,Trolebús,Unidades en operación,14039.0,14,39,9.0,Cifras Definitivas
2021,8,Macrobús Servicio Troncal,Autobuses en operación de lunes a viernes,14039.0,14,39,42.0,Cifras Definitivas
2021,8,Macrobús Servicio Troncal,Autobuses en operación de sábado a domingo,14039.0,14,39,30.0,Cifras Definitivas
2021,8,Macrobús Servicio Troncal,Ingresos por pasaje,14039.0,14,39,13807542.0,Cifras Definitivas
2021,8,Macrobús Servicio Troncal,Kilómetros recorridos,14039.0,14,39,332060.0,Cifras Definitivas
2021,8,Macrobús Servicio Troncal,Pasajeros transportados,14039.0,14,39,2008258.0,Cifras Definitivas
2021,8,Macrobús Servicio Troncal,Pasajeros transportados con boleto pagado,14039.0,14,39,2008258.0,Cifras Definitivas
2021,8,Macrobús Servicio Troncal,Pasajeros transportados con cortesía,14039.0,14,39,,Cifras Definitivas
2021,8,Macrobús Servicio Troncal,Pasajeros transportados con descuento,14039.0,14,39,,Cifras Definitivas
2021,8,Macrobús Servicio Troncal,Rutas,14039.0,14,39,2.0,Cifras Definitivas
2021,8,Macrobús Servicio Alimentador,Autobuses en operación de lunes a viernes,14039.0,14,39,81.0,Cifras Definitivas
2021,8,Macrobús Servicio Alimentador,Autobuses en operación de sábado a domingo,14039.0,14,39,73.0,Cifras Definitivas
2021,8,Macrobús Servicio Alimentador,Ingresos por pasaje,14039.0,14,39,7698192.0,Cifras Definitivas
2021,8,Macrobús Servicio Alimentador,Kilómetros recorridos,14039.0,14,39,413034.0,Cifras Definitivas
2021,8,Macrobús Servicio Alimentador,Pasajeros transportados,14039.0,14,39,569067.0,Cifras Definitivas
2021,8,Macrobús Servicio Alimentador,Pasajeros transportados con boleto pagado,14039.0,14,39,569067.0,Cifras Definitivas
2021,8,Macrobús Servicio Alimentador,Pasajeros transportados con descuento,14039.0,14,39,,Cifras Definitivas
2021,8,Macrobús Servicio Alimentador,Rutas,14039.0,14,39,15.0,Cifras Definitivas
2021,8,Sistema Integral del Tren Ligero,Autobuses en operación de lunes a viernes,14039.0,14,39,50.0,Cifras Definitivas
2021,8,Sistema Integral del Tren Ligero,Autobuses en operación de sábado a domingo,14039.0,14,39,50.0,Cifras Definitivas
2021,8,Sistema Integral del Tren Ligero,Kilómetros recorridos,14039.0,14,39,252706.0,Cifras Definitivas
2021,8,Sistema Integral del Tren Ligero,Pasajeros transportados,14039.0,14,39,432377.0,Cifras Definitivas
2021,8,Sistema Integral del Tren Ligero,Pasajeros transportados con boleto pagado,14039.0,14,39,423914.0,Cifras Definitivas
2021,8,Sistema Integral del Tren Ligero,Pasajeros transportados con cortesía,14039.0,14,39,8463.0,Cifras Definitivas
2021,8,Sistema Integral del Tren Ligero,Rutas,14039.0,14,39,3.0,Cifras Definitivas
2021,8,Mi Transporte Eléctrico,Autobuses en operación de lunes a viernes,14039.0,14,39,32.0,Cifras Definitivas
2021,8,Mi Transporte Eléctrico,Autobuses en operación de sábado a domingo,14039.0,14,39,29.0,Cifras Definitivas
2021,8,Mi Transporte Eléctrico,Kilómetros recorridos,14039.0,14,39,164130.0,Cifras Definitivas
2021,8,Mi Transporte Eléctrico,Pasajeros transportados,14039.0,14,39,186799.0,Cifras Definitivas
2021,8,Mi Transporte Eléctrico,Pasajeros transportados con boleto pagado,14039.0,14,39,174294.0,Cifras Definitivas
2021,8,Mi Transporte Eléctrico,Pasajeros transportados con cortesía,14039.0,14,39,1486.0,Cifras Definitivas
2021,8,Mi Transporte Eléctrico,Pasajeros transportados con descuento,14039.0,14,39,11019.0,Cifras Definitivas
2021,8,Mi Transporte Eléctrico,Rutas,14039.0,14,39,2.0,Cifras Definitivas
2021,9,Tren Eléctrico,Ingresos por pasaje,14039.0,14,39,31924960.0,Cifras Definitivas
2021,9,Tren Eléctrico,Kilómetros recorridos,14039.0,14,39,709331.0,Cifras Definitivas
2021,9,Tren Eléctrico,Longitud de servicio,14039.0,14,39,47.0,Cifras Definitivas
2021,9,Tren Eléctrico,Pasajeros transportados,14039.0,14,39,10297108.0,Cifras Definitivas
2021,9,Tren Eléctrico,Unidades en operación,14039.0,14,39,53.0,Cifras Definitivas
2021,9,Trolebús,Ingresos por pasaje,14039.0,14,39,2354109.0,Cifras Definitivas
2021,9,Trolebús,Kilómetros recorridos,14039.0,14,39,41232.0,Cifras Definitivas
2021,9,Trolebús,Lineas en servicio,14039.0,14,39,1.0,Cifras Definitivas
2021,9,Trolebús,Longitud de servicio,14039.0,14,39,18.0,Cifras Definitivas
2021,9,Trolebús,Pasajeros transportados,14039.0,14,39,184028.0,Cifras Definitivas
2021,9,Trolebús,Unidades en operación,14039.0,14,39,9.0,Cifras Definitivas
2021,9,Macrobús Servicio Troncal,Autobuses en operación de lunes a viernes,14039.0,14,39,49.0,Cifras Definitivas
2021,9,Macrobús Servicio Troncal,Autobuses en operación de sábado a domingo,14039.0,14,39,38.0,Cifras Definitivas
2021,9,Macrobús Servicio Troncal,Ingresos por pasaje,14039.0,14,39,12640719.0,Cifras Definitivas
2021,9,Macrobús Servicio Troncal,Kilómetros recorridos,14039.0,14,39,367377.0,Cifras Definitivas
2021,9,Macrobús Servicio Troncal,Pasajeros transportados,14039.0,14,39,2601205.0,Cifras Definitivas
2021,9,Macrobús Servicio Troncal,Pasajeros transportados con boleto pagado,14039.0,14,39,2601205.0,Cifras Definitivas
2021,9,Macrobús Servicio Troncal,Pasajeros transportados con cortesía,14039.0,14,39,,Cifras Definitivas
2021,9,Macrobús Servicio Troncal,Pasajeros transportados con descuento,14039.0,14,39,,Cifras Definitivas
2021,9,Macrobús Servicio Troncal,Rutas,14039.0,14,39,2.0,Cifras Definitivas
2021,9,Macrobús Servicio Alimentador,Autobuses en operación de lunes a viernes,14039.0,14,39,83.0,Cifras Definitivas
2021,9,Macrobús Servicio Alimentador,Autobuses en operación de sábado a domingo,14039.0,14,39,73.0,Cifras Definitivas
2021,9,Macrobús Servicio Alimentador,Ingresos por pasaje,14039.0,14,39,5417451.0,Cifras Definitivas
2021,9,Macrobús Servicio Alimentador,Kilómetros recorridos,14039.0,14,39,430814.0,Cifras Definitivas
2021,9,Macrobús Servicio Alimentador,Pasajeros transportados,14039.0,14,39,706964.0,Cifras Definitivas
2021,9,Macrobús Servicio Alimentador,Pasajeros transportados con boleto pagado,14039.0,14,39,706964.0,Cifras Definitivas
2021,9,Macrobús Servicio Alimentador,Pasajeros transportados con descuento,14039.0,14,39,,Cifras Definitivas
2021,9,Macrobús Servicio Alimentador,Rutas,14039.0,14,39,15.0,Cifras Definitivas
2021,9,Sistema Integral del Tren Ligero,Autobuses en operación de lunes a viernes,14039.0,14,39,48.0,Cifras Definitivas
2021,9,Sistema Integral del Tren Ligero,Autobuses en operación de sábado a domingo,14039.0,14,39,48.0,Cifras Definitivas
2021,9,Sistema Integral del Tren Ligero,Kilómetros recorridos,14039.0,14,39,233417.0,Cifras Definitivas
2021,9,Sistema Integral del Tren Ligero,Pasajeros transportados,14039.0,14,39,409901.0,Cifras Definitivas
2021,9,Sistema Integral del Tren Ligero,Pasajeros transportados con boleto pagado,14039.0,14,39,401691.0,Cifras Definitivas
2021,9,Sistema Integral del Tren Ligero,Pasajeros transportados con cortesía,14039.0,14,39,8210.0,Cifras Definitivas
2021,9,Sistema Integral del Tren Ligero,Rutas,14039.0,14,39,3.0,Cifras Definitivas
2021,9,Mi Transporte Eléctrico,Autobuses en operación de lunes a viernes,14039.0,14,39,35.0,Cifras Definitivas
2021,9,Mi Transporte Eléctrico,Autobuses en operación de sábado a domingo,14039.0,14,39,31.0,Cifras Definitivas
2021,9,Mi Transporte Eléctrico,Kilómetros recorridos,14039.0,14,39,205528.0,Cifras Definitivas
2021,9,Mi Transporte Eléctrico,Pasajeros transportados,14039.0,14,39,208046.0,Cifras Definitivas
2021,9,Mi Transporte Eléctrico,Pasajeros transportados con boleto pagado,14039.0,14,39,193434.0,Cifras Definitivas
2021,9,Mi Transporte Eléctrico,Pasajeros transportados con cortesía,14039.0,14,39,1348.0,Cifras Definitivas
2021,9,Mi Transporte Eléctrico,Pasajeros transportados con descuento,14039.0,14,39,13264.0,Cifras Definitivas
2021,9,Mi Transporte Eléctrico,Rutas,14039.0,14,39,2.0,Cifras Definitivas
2021,10,Tren Eléctrico,Ingresos por pasaje,14039.0,14,39,32994970.0,Cifras Definitivas
2021,10,Tren Eléctrico,Kilómetros recorridos,14039.0,14,39,751951.0,Cifras Definitivas
2021,10,Tren Eléctrico,Longitud de servicio,14039.0,14,39,47.0,Cifras Definitivas
2021,10,Tren Eléctrico,Pasajeros transportados,14039.0,14,39,11577764.0,Cifras Definitivas
2021,10,Tren Eléctrico,Unidades en operación,14039.0,14,39,54.0,Cifras Definitivas
2021,10,Trolebús,Ingresos por pasaje,14039.0,14,39,2420963.0,Cifras Definitivas
2021,10,Trolebús,Kilómetros recorridos,14039.0,14,39,39149.0,Cifras Definitivas
2021,10,Trolebús,Lineas en servicio,14039.0,14,39,1.0,Cifras Definitivas
2021,10,Trolebús,Longitud de servicio,14039.0,14,39,18.0,Cifras Definitivas
2021,10,Trolebús,Pasajeros transportados,14039.0,14,39,205325.0,Cifras Definitivas
2021,10,Trolebús,Unidades en operación,14039.0,14,39,9.0,Cifras Definitivas
2021,10,Macrobús Servicio Troncal,Autobuses en operación de lunes a viernes,14039.0,14,39,51.0,Cifras Definitivas
2021,10,Macrobús Servicio Troncal,Autobuses en operación de sábado a domingo,14039.0,14,39,31.0,Cifras Definitivas
2021,10,Macrobús Servicio Troncal,Ingresos por pasaje,14039.0,14,39,12830407.0,Cifras Definitivas
2021,10,Macrobús Servicio Troncal,Kilómetros recorridos,14039.0,14,39,347774.0,Cifras Definitivas
2021,10,Macrobús Servicio Troncal,Pasajeros transportados,14039.0,14,39,2365927.0,Cifras Definitivas
2021,10,Macrobús Servicio Troncal,Pasajeros transportados con boleto pagado,14039.0,14,39,2365927.0,Cifras Definitivas
2021,10,Macrobús Servicio Troncal,Pasajeros transportados con cortesía,14039.0,14,39,,Cifras Definitivas
2021,10,Macrobús Servicio Troncal,Pasajeros transportados con descuento,14039.0,14,39,,Cifras Definitivas
2021,10,Macrobús Servicio Troncal,Rutas,14039.0,14,39,2.0,Cifras Definitivas
2021,10,Macrobús Servicio Alimentador,Autobuses en operación de lunes a viernes,14039.0,14,39,83.0,Cifras Definitivas
2021,10,Macrobús Servicio Alimentador,Autobuses en operación de sábado a domingo,14039.0,14,39,64.0,Cifras Definitivas
2021,10,Macrobús Servicio Alimentador,Ingresos por pasaje,14039.0,14,39,8553604.0,Cifras Definitivas
2021,10,Macrobús Servicio Alimentador,Kilómetros recorridos,14039.0,14,39,379921.0,Cifras Definitivas
2021,10,Macrobús Servicio Alimentador,Pasajeros transportados,14039.0,14,39,665614.0,Cifras Definitivas
2021,10,Macrobús Servicio Alimentador,Pasajeros transportados con boleto pagado,14039.0,14,39,665614.0,Cifras Definitivas
2021,10,Macrobús Servicio Alimentador,Pasajeros transportados con descuento,14039.0,14,39,,Cifras Definitivas
2021,10,Macrobús Servicio Alimentador,Rutas,14039.0,14,39,15.0,Cifras Definitivas
2021,10,Sistema Integral del Tren Ligero,Autobuses en operación de lunes a viernes,14039.0,14,39,48.0,Cifras Definitivas
2021,10,Sistema Integral del Tren Ligero,Autobuses en operación de sábado a domingo,14039.0,14,39,48.0,Cifras Definitivas
2021,10,Sistema Integral del Tren Ligero,Kilómetros recorridos,14039.0,14,39,225119.0,Cifras Definitivas
2021,10,Sistema Integral del Tren Ligero,Pasajeros transportados,14039.0,14,39,417213.0,Cifras Definitivas
2021,10,Sistema Integral del Tren Ligero,Pasajeros transportados con boleto pagado,14039.0,14,39,408517.0,Cifras Definitivas
2021,10,Sistema Integral del Tren Ligero,Pasajeros transportados con cortesía,14039.0,14,39,8696.0,Cifras Definitivas
2021,10,Sistema Integral del Tren Ligero,Rutas,14039.0,14,39,3.0,Cifras Definitivas
2021,10,Mi Transporte Eléctrico,Autobuses en operación de lunes a viernes,14039.0,14,39,32.0,Cifras Definitivas
2021,10,Mi Transporte Eléctrico,Autobuses en operación de sábado a domingo,14039.0,14,39,30.0,Cifras Definitivas
2021,10,Mi Transporte Eléctrico,Kilómetros recorridos,14039.0,14,39,212958.0,Cifras Definitivas
2021,10,Mi Transporte Eléctrico,Pasajeros transportados,14039.0,14,39,231624.0,Cifras Definitivas
2021,10,Mi Transporte Eléctrico,Pasajeros transportados con boleto pagado,14039.0,14,39,213256.0,Cifras Definitivas
2021,10,Mi Transporte Eléctrico,Pasajeros transportados con cortesía,14039.0,14,39,1185.0,Cifras Definitivas
2021,10,Mi Transporte Eléctrico,Pasajeros transportados con descuento,14039.0,14,39,17183.0,Cifras Definitivas
2021,10,Mi Transporte Eléctrico,Rutas,14039.0,14,39,2.0,Cifras Definitivas
2021,11,Tren Eléctrico,Ingresos por pasaje,14039.0,14,39,31704654.0,Cifras Definitivas
2021,11,Tren Eléctrico,Kilómetros recorridos,14039.0,14,39,738209.0,Cifras Definitivas
2021,11,Tren Eléctrico,Longitud de servicio,14039.0,14,39,47.0,Cifras Definitivas
2021,11,Tren Eléctrico,Pasajeros transportados,14039.0,14,39,11283267.0,Cifras Definitivas
2021,11,Tren Eléctrico,Unidades en operación,14039.0,14,39,54.0,Cifras Definitivas
2021,11,Trolebús,Ingresos por pasaje,14039.0,14,39,2660364.0,Cifras Definitivas
2021,11,Trolebús,Kilómetros recorridos,14039.0,14,39,37779.0,Cifras Definitivas
2021,11,Trolebús,Lineas en servicio,14039.0,14,39,1.0,Cifras Definitivas
2021,11,Trolebús,Longitud de servicio,14039.0,14,39,18.0,Cifras Definitivas
2021,11,Trolebús,Pasajeros transportados,14039.0,14,39,214175.0,Cifras Definitivas
2021,11,Trolebús,Unidades en operación,14039.0,14,39,9.0,Cifras Definitivas
2021,11,Macrobús Servicio Troncal,Autobuses en operación de lunes a viernes,14039.0,14,39,49.0,Cifras Definitivas
2021,11,Macrobús Servicio Troncal,Autobuses en operación de sábado a domingo,14039.0,14,39,41.0,Cifras Definitivas
2021,11,Macrobús Servicio Troncal,Ingresos por pasaje,14039.0,14,39,12357783.0,Cifras Definitivas
2021,11,Macrobús Servicio Troncal,Kilómetros recorridos,14039.0,14,39,341319.0,Cifras Definitivas
2021,11,Macrobús Servicio Troncal,Pasajeros transportados,14039.0,14,39,2420223.0,Cifras Definitivas
2021,11,Macrobús Servicio Troncal,Pasajeros transportados con boleto pagado,14039.0,14,39,2420223.0,Cifras Definitivas
2021,11,Macrobús Servicio Troncal,Pasajeros transportados con cortesía,14039.0,14,39,,Cifras Definitivas
2021,11,Macrobús Servicio Troncal,Pasajeros transportados con descuento,14039.0,14,39,,Cifras Definitivas
2021,11,Macrobús Servicio Troncal,Rutas,14039.0,14,39,2.0,Cifras Definitivas
2021,11,Macrobús Servicio Alimentador,Autobuses en operación de lunes a viernes,14039.0,14,39,67.0,Cifras Definitivas
2021,11,Macrobús Servicio Alimentador,Autobuses en operación de sábado a domingo,14039.0,14,39,59.0,Cifras Definitivas
2021,11,Macrobús Servicio Alimentador,Ingresos por pasaje,14039.0,14,39,8238522.0,Cifras Definitivas
2021,11,Macrobús Servicio Alimentador,Kilómetros recorridos,14039.0,14,39,399058.0,Cifras Definitivas
2021,11,Macrobús Servicio Alimentador,Pasajeros transportados,14039.0,14,39,692226.0,Cifras Definitivas
2021,11,Macrobús Servicio Alimentador,Pasajeros transportados con boleto pagado,14039.0,14,39,692226.0,Cifras Definitivas
2021,11,Macrobús Servicio Alimentador,Pasajeros transportados con descuento,14039.0,14,39,,Cifras Definitivas
2021,11,Macrobús Servicio Alimentador,Rutas,14039.0,14,39,15.0,Cifras Definitivas
2021,11,Sistema Integral del Tren Ligero,Autobuses en operación de lunes a viernes,14039.0,14,39,47.0,Cifras Definitivas
2021,11,Sistema Integral del Tren Ligero,Autobuses en operación de sábado a domingo,14039.0,14,39,47.0,Cifras Definitivas
2021,11,Sistema Integral del Tren Ligero,Kilómetros recorridos,14039.0,14,39,217618.0,Cifras Definitivas
2021,11,Sistema Integral del Tren Ligero,Pasajeros transportados,14039.0,14,39,385231.0,Cifras Definitivas
2021,11,Sistema Integral del Tren Ligero,Pasajeros transportados con boleto pagado,14039.0,14,39,377009.0,Cifras Definitivas
2021,11,Sistema Integral del Tren Ligero,Pasajeros transportados con cortesía,14039.0,14,39,8222.0,Cifras Definitivas
2021,11,Sistema Integral del Tren Ligero,Rutas,14039.0,14,39,3.0,Cifras Definitivas
2021,11,Mi Transporte Eléctrico,Autobuses en operación de lunes a viernes,14039.0,14,39,32.0,Cifras Definitivas
2021,11,Mi Transporte Eléctrico,Autobuses en operación de sábado a domingo,14039.0,14,39,29.0,Cifras Definitivas
2021,11,Mi Transporte Eléctrico,Kilómetros recorridos,14039.0,14,39,214253.0,Cifras Definitivas
2021,11,Mi Transporte Eléctrico,Pasajeros transportados,14039.0,14,39,219126.0,Cifras Definitivas
2021,11,Mi Transporte Eléctrico,Pasajeros transportados con boleto pagado,14039.0,14,39,200934.0,Cifras Definitivas
2021,11,Mi Transporte Eléctrico,Pasajeros transportados con cortesía,14039.0,14,39,1267.0,Cifras Definitivas
2021,11,Mi Transporte Eléctrico,Pasajeros transportados con descuento,14039.0,14,39,16925.0,Cifras Definitivas
2021,11,Mi Transporte Eléctrico,Rutas,14039.0,14,39,2.0,Cifras Definitivas
2021,12,Tren Eléctrico,Ingresos por pasaje,14039.0,14,39,31998401.0,Cifras Definitivas
2021,12,Tren Eléctrico,Kilómetros recorridos,14039.0,14,39,736531.0,Cifras Definitivas
2021,12,Tren Eléctrico,Longitud de servicio,14039.0,14,39,47.0,Cifras Definitivas
2021,12,Tren Eléctrico,Pasajeros transportados,14039.0,14,39,11859543.0,Cifras Definitivas
2021,12,Tren Eléctrico,Unidades en operación,14039.0,14,39,54.0,Cifras Definitivas
2021,12,Trolebús,Ingresos por pasaje,14039.0,14,39,2663300.0,Cifras Definitivas
2021,12,Trolebús,Kilómetros recorridos,14039.0,14,39,43229.0,Cifras Definitivas
2021,12,Trolebús,Lineas en servicio,14039.0,14,39,1.0,Cifras Definitivas
2021,12,Trolebús,Longitud de servicio,14039.0,14,39,18.0,Cifras Definitivas
2021,12,Trolebús,Pasajeros transportados,14039.0,14,39,217775.0,Cifras Definitivas
2021,12,Trolebús,Unidades en operación,14039.0,14,39,9.0,Cifras Definitivas
2021,12,Macrobús Servicio Troncal,Autobuses en operación de lunes a viernes,14039.0,14,39,49.0,Cifras Definitivas
2021,12,Macrobús Servicio Troncal,Autobuses en operación de sábado a domingo,14039.0,14,39,40.0,Cifras Definitivas
2021,12,Macrobús Servicio Troncal,Ingresos por pasaje,14039.0,14,39,19297825.0,Cifras Definitivas
2021,12,Macrobús Servicio Troncal,Kilómetros recorridos,14039.0,14,39,360177.0,Cifras Definitivas
2021,12,Macrobús Servicio Troncal,Pasajeros transportados,14039.0,14,39,2958344.0,Cifras Definitivas
2021,12,Macrobús Servicio Troncal,Pasajeros transportados con boleto pagado,14039.0,14,39,2958344.0,Cifras Definitivas
2021,12,Macrobús Servicio Troncal,Pasajeros transportados con cortesía,14039.0,14,39,,Cifras Definitivas
2021,12,Macrobús Servicio Troncal,Pasajeros transportados con descuento,14039.0,14,39,,Cifras Definitivas
2021,12,Macrobús Servicio Troncal,Rutas,14039.0,14,39,2.0,Cifras Definitivas
2021,12,Macrobús Servicio Alimentador,Autobuses en operación de lunes a viernes,14039.0,14,39,61.0,Cifras Definitivas
2021,12,Macrobús Servicio Alimentador,Autobuses en operación de sábado a domingo,14039.0,14,39,58.0,Cifras Definitivas
2021,12,Macrobús Servicio Alimentador,Ingresos por pasaje,14039.0,14,39,12865217.0,Cifras Definitivas
2021,12,Macrobús Servicio Alimentador,Kilómetros recorridos,14039.0,14,39,392559.0,Cifras Definitivas
2021,12,Macrobús Servicio Alimentador,Pasajeros transportados,14039.0,14,39,851123.0,Cifras Definitivas
2021,12,Macrobús Servicio Alimentador,Pasajeros transportados con boleto pagado,14039.0,14,39,851123.0,Cifras Definitivas
2021,12,Macrobús Servicio Alimentador,Pasajeros transportados con descuento,14039.0,14,39,,Cifras Definitivas
2021,12,Macrobús Servicio Alimentador,Rutas,14039.0,14,39,15.0,Cifras Definitivas
2021,12,Sistema Integral del Tren Ligero,Autobuses en operación de lunes a viernes,14039.0,14,39,47.0,Cifras Definitivas
2021,12,Sistema Integral del Tren Ligero,Autobuses en operación de sábado a domingo,14039.0,14,39,47.0,Cifras Definitivas
2021,12,Sistema Integral del Tren Ligero,Kilómetros recorridos,14039.0,14,39,209499.0,Cifras Definitivas
2021,12,Sistema Integral del Tren Ligero,Pasajeros transportados,14039.0,14,39,366140.0,Cifras Definitivas
2021,12,Sistema Integral del Tren Ligero,Pasajeros transportados con boleto pagado,14039.0,14,39,358575.0,Cifras Definitivas
2021,12,Sistema Integral del Tren Ligero,Pasajeros transportados con cortesía,14039.0,14,39,7565.0,Cifras Definitivas
2021,12,Sistema Integral del Tren Ligero,Rutas,14039.0,14,39,3.0,Cifras Definitivas
2021,12,Mi Transporte Eléctrico,Autobuses en operación de lunes a viernes,14039.0,14,39,32.0,Cifras Definitivas
2021,12,Mi Transporte Eléctrico,Autobuses en operación de sábado a domingo,14039.0,14,39,30.0,Cifras Definitivas
2021,12,Mi Transporte Eléctrico,Kilómetros recorridos,14039.0,14,39,218744.0,Cifras Definitivas
2021,12,Mi Transporte Eléctrico,Pasajeros transportados,14039.0,14,39,215387.0,Cifras Definitivas
2021,12,Mi Transporte Eléctrico,Pasajeros transportados con boleto pagado,14039.0,14,39,199754.0,Cifras Definitivas
2021,12,Mi Transporte Eléctrico,Pasajeros transportados con cortesía,14039.0,14,39,1185.0,Cifras Definitivas
2021,12,Mi Transporte Eléctrico,Pasajeros transportados con descuento,14039.0,14,39,14448.0,Cifras Definitivas
2021,12,Mi Transporte Eléctrico,Rutas,14039.0,14,39,2.0,Cifras Definitivas
2022,1,Tren Eléctrico,Ingresos por pasaje,14039.0,14,39,31796053.0,Cifras Definitivas
2022,1,Tren Eléctrico,Kilómetros recorridos,14039.0,14,39,721368.0,Cifras Definitivas
2022,1,Tren Eléctrico,Longitud de servicio,14039.0,14,39,47.0,Cifras Definitivas
2022,1,Tren Eléctrico,Pasajeros transportados,14039.0,14,39,9780835.0,Cifras Definitivas
2022,1,Tren Eléctrico,Unidades en operación,14039.0,14,39,55.0,Cifras Definitivas
2022,1,Trolebús,Ingresos por pasaje,14039.0,14,39,2358984.0,Cifras Definitivas
2022,1,Trolebús,Kilómetros recorridos,14039.0,14,39,44462.0,Cifras Definitivas
2022,1,Trolebús,Lineas en servicio,14039.0,14,39,1.0,Cifras Definitivas
2022,1,Trolebús,Longitud de servicio,14039.0,14,39,18.0,Cifras Definitivas
2022,1,Trolebús,Pasajeros transportados,14039.0,14,39,191269.0,Cifras Definitivas
2022,1,Trolebús,Unidades en operación,14039.0,14,39,9.0,Cifras Definitivas
2022,1,Macrobús Servicio Troncal,Autobuses en operación de lunes a viernes,14039.0,14,39,50.0,Cifras Definitivas
2022,1,Macrobús Servicio Troncal,Autobuses en operación de sábado a domingo,14039.0,14,39,37.0,Cifras Definitivas
2022,1,Macrobús Servicio Troncal,Ingresos por pasaje,14039.0,14,39,10892626.0,Cifras Definitivas
2022,1,Macrobús Servicio Troncal,Kilómetros recorridos,14039.0,14,39,344353.0,Cifras Definitivas
2022,1,Macrobús Servicio Troncal,Pasajeros transportados,14039.0,14,39,2066796.0,Cifras Definitivas
2022,1,Macrobús Servicio Troncal,Pasajeros transportados con boleto pagado,14039.0,14,39,2066796.0,Cifras Definitivas
2022,1,Macrobús Servicio Troncal,Pasajeros transportados con cortesía,14039.0,14,39,,Cifras Definitivas
2022,1,Macrobús Servicio Troncal,Pasajeros transportados con descuento,14039.0,14,39,,Cifras Definitivas
2022,1,Macrobús Servicio Troncal,Rutas,14039.0,14,39,2.0,Cifras Definitivas
2022,1,Macrobús Servicio Alimentador,Autobuses en operación de lunes a viernes,14039.0,14,39,58.0,Cifras Definitivas
2022,1,Macrobús Servicio Alimentador,Autobuses en operación de sábado a domingo,14039.0,14,39,57.0,Cifras Definitivas
2022,1,Macrobús Servicio Alimentador,Ingresos por pasaje,14039.0,14,39,7261751.0,Cifras Definitivas
2022,1,Macrobús Servicio Alimentador,Kilómetros recorridos,14039.0,14,39,367314.0,Cifras Definitivas
2022,1,Macrobús Servicio Alimentador,Pasajeros transportados,14039.0,14,39,605135.0,Cifras Definitivas
2022,1,Macrobús Servicio Alimentador,Pasajeros transportados con boleto pagado,14039.0,14,39,605135.0,Cifras Definitivas
2022,1,Macrobús Servicio Alimentador,Pasajeros transportados con descuento,14039.0,14,39,,Cifras Definitivas
2022,1,Macrobús Servicio Alimentador,Rutas,14039.0,14,39,15.0,Cifras Definitivas
2022,1,Sistema Integral del Tren Ligero,Autobuses en operación de lunes a viernes,14039.0,14,39,52.0,Cifras Definitivas
2022,1,Sistema Integral del Tren Ligero,Autobuses en operación de sábado a domingo,14039.0,14,39,52.0,Cifras Definitivas
2022,1,Sistema Integral del Tren Ligero,Kilómetros recorridos,14039.0,14,39,191568.0,Cifras Definitivas
2022,1,Sistema Integral del Tren Ligero,Pasajeros transportados,14039.0,14,39,308469.0,Cifras Definitivas
2022,1,Sistema Integral del Tren Ligero,Pasajeros transportados con boleto pagado,14039.0,14,39,301279.0,Cifras Definitivas
2022,1,Sistema Integral del Tren Ligero,Pasajeros transportados con cortesía,14039.0,14,39,7190.0,Cifras Definitivas
2022,1,Sistema Integral del Tren Ligero,Rutas,14039.0,14,39,3.0,Cifras Definitivas
2022,1,Mi Transporte Eléctrico,Autobuses en operación de lunes a viernes,14039.0,14,39,33.0,Cifras Definitivas
2022,1,Mi Transporte Eléctrico,Autobuses en operación de sábado a domingo,14039.0,14,39,29.0,Cifras Definitivas
2022,1,Mi Transporte Eléctrico,Kilómetros recorridos,14039.0,14,39,218514.0,Cifras Definitivas
2022,1,Mi Transporte Eléctrico,Pasajeros transportados,14039.0,14,39,217557.0,Cifras Definitivas
2022,1,Mi Transporte Eléctrico,Pasajeros transportados con boleto pagado,14039.0,14,39,204025.0,Cifras Definitivas
2022,1,Mi Transporte Eléctrico,Pasajeros transportados con cortesía,14039.0,14,39,1295.0,Cifras Definitivas
2022,1,Mi Transporte Eléctrico,Pasajeros transportados con descuento,14039.0,14,39,12237.0,Cifras Definitivas
2022,1,Mi Transporte Eléctrico,Rutas,14039.0,14,39,2.0,Cifras Definitivas
2022,2,Tren Eléctrico,Ingresos por pasaje,14039.0,14,39,31934280.0,Cifras Definitivas
2022,2,Tren Eléctrico,Kilómetros recorridos,14039.0,14,39,676931.0,Cifras Definitivas
2022,2,Tren Eléctrico,Longitud de servicio,14039.0,14,39,47.0,Cifras Definitivas
2022,2,Tren Eléctrico,Pasajeros transportados,14039.0,14,39,10700817.0,Cifras Definitivas
2022,2,Tren Eléctrico,Unidades en operación,14039.0,14,39,55.0,Cifras Definitivas
2022,2,Trolebús,Ingresos por pasaje,14039.0,14,39,2414791.0,Cifras Definitivas
2022,2,Trolebús,Kilómetros recorridos,14039.0,14,39,38271.0,Cifras Definitivas
2022,2,Trolebús,Lineas en servicio,14039.0,14,39,1.0,Cifras Definitivas
2022,2,Trolebús,Longitud de servicio,14039.0,14,39,18.0,Cifras Definitivas
2022,2,Trolebús,Pasajeros transportados,14039.0,14,39,196707.0,Cifras Definitivas
2022,2,Trolebús,Unidades en operación,14039.0,14,39,9.0,Cifras Definitivas
2022,2,Macrobús Servicio Troncal,Autobuses en operación de lunes a viernes,14039.0,14,39,54.0,Cifras Definitivas
2022,2,Macrobús Servicio Troncal,Autobuses en operación de sábado a domingo,14039.0,14,39,43.0,Cifras Definitivas
2022,2,Macrobús Servicio Troncal,Ingresos por pasaje,14039.0,14,39,16810348.0,Cifras Definitivas
2022,2,Macrobús Servicio Troncal,Kilómetros recorridos,14039.0,14,39,316426.0,Cifras Definitivas
2022,2,Macrobús Servicio Troncal,Pasajeros transportados,14039.0,14,39,2512155.0,Cifras Definitivas
2022,2,Macrobús Servicio Troncal,Pasajeros transportados con boleto pagado,14039.0,14,39,2512155.0,Cifras Definitivas
2022,2,Macrobús Servicio Troncal,Pasajeros transportados con cortesía,14039.0,14,39,,Cifras Definitivas
2022,2,Macrobús Servicio Troncal,Pasajeros transportados con descuento,14039.0,14,39,,Cifras Definitivas
2022,2,Macrobús Servicio Troncal,Rutas,14039.0,14,39,2.0,Cifras Definitivas
2022,2,Macrobús Servicio Alimentador,Autobuses en operación de lunes a viernes,14039.0,14,39,59.0,Cifras Definitivas
2022,2,Macrobús Servicio Alimentador,Autobuses en operación de sábado a domingo,14039.0,14,39,55.0,Cifras Definitivas
2022,2,Macrobús Servicio Alimentador,Ingresos por pasaje,14039.0,14,39,11206899.0,Cifras Definitivas
2022,2,Macrobús Servicio Alimentador,Kilómetros recorridos,14039.0,14,39,336500.0,Cifras Definitivas
2022,2,Macrobús Servicio Alimentador,Pasajeros transportados,14039.0,14,39,720960.0,Cifras Definitivas
2022,2,Macrobús Servicio Alimentador,Pasajeros transportados con boleto pagado,14039.0,14,39,720960.0,Cifras Definitivas
2022,2,Macrobús Servicio Alimentador,Pasajeros transportados con descuento,14039.0,14,39,,Cifras Definitivas
2022,2,Macrobús Servicio Alimentador,Rutas,14039.0,14,39,15.0,Cifras Definitivas
2022,2,Sistema Integral del Tren Ligero,Autobuses en operación de lunes a viernes,14039.0,14,39,52.0,Cifras Definitivas
2022,2,Sistema Integral del Tren Ligero,Autobuses en operación de sábado a domingo,14039.0,14,39,52.0,Cifras Definitivas
2022,2,Sistema Integral del Tren Ligero,Kilómetros recorridos,14039.0,14,39,143106.0,Cifras Definitivas
2022,2,Sistema Integral del Tren Ligero,Pasajeros transportados,14039.0,14,39,254712.0,Cifras Definitivas
2022,2,Sistema Integral del Tren Ligero,Pasajeros transportados con boleto pagado,14039.0,14,39,246121.0,Cifras Definitivas
2022,2,Sistema Integral del Tren Ligero,Pasajeros transportados con cortesía,14039.0,14,39,8591.0,Cifras Definitivas
2022,2,Sistema Integral del Tren Ligero,Rutas,14039.0,14,39,3.0,Cifras Definitivas
2022,2,Mi Transporte Eléctrico,Autobuses en operación de lunes a viernes,14039.0,14,39,33.0,Cifras Definitivas
2022,2,Mi Transporte Eléctrico,Autobuses en operación de sábado a domingo,14039.0,14,39,30.0,Cifras Definitivas
2022,2,Mi Transporte Eléctrico,Kilómetros recorridos,14039.0,14,39,221177.0,Cifras Definitivas
2022,2,Mi Transporte Eléctrico,Pasajeros transportados,14039.0,14,39,286190.0,Cifras Definitivas
2022,2,Mi Transporte Eléctrico,Pasajeros transportados con boleto pagado,14039.0,14,39,267029.0,Cifras Definitivas
2022,2,Mi Transporte Eléctrico,Pasajeros transportados con cortesía,14039.0,14,39,461.0,Cifras Definitivas
2022,2,Mi Transporte Eléctrico,Pasajeros transportados con descuento,14039.0,14,39,18700.0,Cifras Definitivas
2022,2,Mi Transporte Eléctrico,Rutas,14039.0,14,39,2.0,Cifras Definitivas
2022,3,Tren Eléctrico,Ingresos por pasaje,14039.0,14,39,33265167.0,Cifras Definitivas
2022,3,Tren Eléctrico,Kilómetros recorridos,14039.0,14,39,745365.0,Cifras Definitivas
2022,3,Tren Eléctrico,Longitud de servicio,14039.0,14,39,47.0,Cifras Definitivas
2022,3,Tren Eléctrico,Pasajeros transportados,14039.0,14,39,12762682.0,Cifras Definitivas
2022,3,Tren Eléctrico,Unidades en operación,14039.0,14,39,55.0,Cifras Definitivas
2022,3,Trolebús,Ingresos por pasaje,14039.0,14,39,2686888.0,Cifras Definitivas
2022,3,Trolebús,Kilómetros recorridos,14039.0,14,39,40505.0,Cifras Definitivas
2022,3,Trolebús,Lineas en servicio,14039.0,14,39,1.0,Cifras Definitivas
2022,3,Trolebús,Longitud de servicio,14039.0,14,39,18.0,Cifras Definitivas
2022,3,Trolebús,Pasajeros transportados,14039.0,14,39,224525.0,Cifras Definitivas
2022,3,Trolebús,Unidades en operación,14039.0,14,39,9.0,Cifras Definitivas
2022,3,Macrobús Servicio Troncal,Autobuses en operación de lunes a viernes,14039.0,14,39,55.0,Cifras Definitivas
2022,3,Macrobús Servicio Troncal,Autobuses en operación de sábado a domingo,14039.0,14,39,46.0,Cifras Definitivas
2022,3,Macrobús Servicio Troncal,Ingresos por pasaje,14039.0,14,39,18543517.0,Cifras Definitivas
2022,3,Macrobús Servicio Troncal,Kilómetros recorridos,14039.0,14,39,357494.0,Cifras Definitivas
2022,3,Macrobús Servicio Troncal,Pasajeros transportados,14039.0,14,39,3399508.0,Cifras Definitivas
2022,3,Macrobús Servicio Troncal,Pasajeros transportados con boleto pagado,14039.0,14,39,3399508.0,Cifras Definitivas
2022,3,Macrobús Servicio Troncal,Pasajeros transportados con cortesía,14039.0,14,39,,Cifras Definitivas
2022,3,Macrobús Servicio Troncal,Pasajeros transportados con descuento,14039.0,14,39,,Cifras Definitivas
2022,3,Macrobús Servicio Troncal,Rutas,14039.0,14,39,2.0,Cifras Definitivas
2022,3,Macrobús Servicio Alimentador,Autobuses en operación de lunes a viernes,14039.0,14,39,76.0,Cifras Definitivas
2022,3,Macrobús Servicio Alimentador,Autobuses en operación de sábado a domingo,14039.0,14,39,59.0,Cifras Definitivas
2022,3,Macrobús Servicio Alimentador,Ingresos por pasaje,14039.0,14,39,12362345.0,Cifras Definitivas
2022,3,Macrobús Servicio Alimentador,Kilómetros recorridos,14039.0,14,39,385517.0,Cifras Definitivas
2022,3,Macrobús Servicio Alimentador,Pasajeros transportados,14039.0,14,39,970244.0,Cifras Definitivas
2022,3,Macrobús Servicio Alimentador,Pasajeros transportados con boleto pagado,14039.0,14,39,970244.0,Cifras Definitivas
2022,3,Macrobús Servicio Alimentador,Pasajeros transportados con descuento,14039.0,14,39,,Cifras Definitivas
2022,3,Macrobús Servicio Alimentador,Rutas,14039.0,14,39,15.0,Cifras Definitivas
2022,3,Sistema Integral del Tren Ligero,Autobuses en operación de lunes a viernes,14039.0,14,39,52.0,Cifras Definitivas
2022,3,Sistema Integral del Tren Ligero,Autobuses en operación de sábado a domingo,14039.0,14,39,52.0,Cifras Definitivas
2022,3,Sistema Integral del Tren Ligero,Kilómetros recorridos,14039.0,14,39,163228.0,Cifras Definitivas
2022,3,Sistema Integral del Tren Ligero,Pasajeros transportados,14039.0,14,39,283234.0,Cifras Definitivas
2022,3,Sistema Integral del Tren Ligero,Pasajeros transportados con boleto pagado,14039.0,14,39,272211.0,Cifras Definitivas
2022,3,Sistema Integral del Tren Ligero,Pasajeros transportados con cortesía,14039.0,14,39,11023.0,Cifras Definitivas
2022,3,Sistema Integral del Tren Ligero,Rutas,14039.0,14,39,3.0,Cifras Definitivas
2022,3,Mi Transporte Eléctrico,Autobuses en operación de lunes a viernes,14039.0,14,39,34.0,Cifras Definitivas
2022,3,Mi Transporte Eléctrico,Autobuses en operación de sábado a domingo,14039.0,14,39,31.0,Cifras Definitivas
2022,3,Mi Transporte Eléctrico,Kilómetros recorridos,14039.0,14,39,256511.0,Cifras Definitivas
2022,3,Mi Transporte Eléctrico,Pasajeros transportados,14039.0,14,39,349239.0,Cifras Definitivas
2022,3,Mi Transporte Eléctrico,Pasajeros transportados con boleto pagado,14039.0,14,39,319705.0,Cifras Definitivas
2022,3,Mi Transporte Eléctrico,Pasajeros transportados con cortesía,14039.0,14,39,520.0,Cifras Definitivas
2022,3,Mi Transporte Eléctrico,Pasajeros transportados con descuento,14039.0,14,39,29014.0,Cifras Definitivas
2022,3,Mi Transporte Eléctrico,Rutas,14039.0,14,39,2.0,Cifras Definitivas
2022,4,Tren Eléctrico,Ingresos por pasaje,14039.0,14,39,32331833.0,Cifras Definitivas
2022,4,Tren Eléctrico,Kilómetros recorridos,14039.0,14,39,712391.0,Cifras Definitivas
2022,4,Tren Eléctrico,Longitud de servicio,14039.0,14,39,47.0,Cifras Definitivas
2022,4,Tren Eléctrico,Pasajeros transportados,14039.0,14,39,10127064.0,Cifras Definitivas
2022,4,Tren Eléctrico,Unidades en operación,14039.0,14,39,55.0,Cifras Definitivas
2022,4,Trolebús,Ingresos por pasaje,14039.0,14,39,2486888.0,Cifras Definitivas
2022,4,Trolebús,Kilómetros recorridos,14039.0,14,39,40028.0,Cifras Definitivas
2022,4,Trolebús,Lineas en servicio,14039.0,14,39,1.0,Cifras Definitivas
2022,4,Trolebús,Longitud de servicio,14039.0,14,39,18.0,Cifras Definitivas
2022,4,Trolebús,Pasajeros transportados,14039.0,14,39,195176.0,Cifras Definitivas
2022,4,Trolebús,Unidades en operación,14039.0,14,39,9.0,Cifras Definitivas
2022,4,Macrobús Servicio Troncal,Autobuses en operación de lunes a viernes,14039.0,14,39,56.0,Cifras Definitivas
2022,4,Macrobús Servicio Troncal,Autobuses en operación de sábado a domingo,14039.0,14,39,44.0,Cifras Definitivas
2022,4,Macrobús Servicio Troncal,Ingresos por pasaje,14039.0,14,39,15901357.0,Cifras Definitivas
2022,4,Macrobús Servicio Troncal,Kilómetros recorridos,14039.0,14,39,341066.0,Cifras Definitivas
2022,4,Macrobús Servicio Troncal,Pasajeros transportados,14039.0,14,39,2382305.0,Cifras Definitivas
2022,4,Macrobús Servicio Troncal,Pasajeros transportados con boleto pagado,14039.0,14,39,2382305.0,Cifras Definitivas
2022,4,Macrobús Servicio Troncal,Pasajeros transportados con cortesía,14039.0,14,39,,Cifras Definitivas
2022,4,Macrobús Servicio Troncal,Pasajeros transportados con descuento,14039.0,14,39,,Cifras Definitivas
2022,4,Macrobús Servicio Troncal,Rutas,14039.0,14,39,2.0,Cifras Definitivas
2022,4,Macrobús Servicio Alimentador,Autobuses en operación de lunes a viernes,14039.0,14,39,62.0,Cifras Definitivas
2022,4,Macrobús Servicio Alimentador,Autobuses en operación de sábado a domingo,14039.0,14,39,57.0,Cifras Definitivas
2022,4,Macrobús Servicio Alimentador,Ingresos por pasaje,14039.0,14,39,10600904.0,Cifras Definitivas
2022,4,Macrobús Servicio Alimentador,Kilómetros recorridos,14039.0,14,39,399883.0,Cifras Definitivas
2022,4,Macrobús Servicio Alimentador,Pasajeros transportados,14039.0,14,39,728049.0,Cifras Definitivas
2022,4,Macrobús Servicio Alimentador,Pasajeros transportados con boleto pagado,14039.0,14,39,728049.0,Cifras Definitivas
2022,4,Macrobús Servicio Alimentador,Pasajeros transportados con descuento,14039.0,14,39,,Cifras Definitivas
2022,4,Macrobús Servicio Alimentador,Rutas,14039.0,14,39,15.0,Cifras Definitivas
2022,4,Sistema Integral del Tren Ligero,Autobuses en operación de lunes a viernes,14039.0,14,39,52.0,Cifras Definitivas
2022,4,Sistema Integral del Tren Ligero,Autobuses en operación de sábado a domingo,14039.0,14,39,52.0,Cifras Definitivas
2022,4,Sistema Integral del Tren Ligero,Kilómetros recorridos,14039.0,14,39,175562.0,Cifras Definitivas
2022,4,Sistema Integral del Tren Ligero,Pasajeros transportados,14039.0,14,39,275098.0,Cifras Definitivas
2022,4,Sistema Integral del Tren Ligero,Pasajeros transportados con boleto pagado,14039.0,14,39,268495.0,Cifras Definitivas
2022,4,Sistema Integral del Tren Ligero,Pasajeros transportados con cortesía,14039.0,14,39,6603.0,Cifras Definitivas
2022,4,Sistema Integral del Tren Ligero,Rutas,14039.0,14,39,3.0,Cifras Definitivas
2022,4,Mi Transporte Eléctrico,Autobuses en operación de lunes a viernes,14039.0,14,39,34.0,Cifras Definitivas
2022,4,Mi Transporte Eléctrico,Autobuses en operación de sábado a domingo,14039.0,14,39,32.0,Cifras Definitivas
2022,4,Mi Transporte Eléctrico,Kilómetros recorridos,14039.0,14,39,248401.0,Cifras Definitivas
2022,4,Mi Transporte Eléctrico,Pasajeros transportados,14039.0,14,39,309806.0,Cifras Definitivas
2022,4,Mi Transporte Eléctrico,Pasajeros transportados con boleto pagado,14039.0,14,39,283431.0,Cifras Definitivas
2022,4,Mi Transporte Eléctrico,Pasajeros transportados con cortesía,14039.0,14,39,559.0,Cifras Definitivas
2022,4,Mi Transporte Eléctrico,Pasajeros transportados con descuento,14039.0,14,39,25816.0,Cifras Definitivas
2022,4,Mi Transporte Eléctrico,Rutas,14039.0,14,39,2.0,Cifras Definitivas
2022,5,Tren Eléctrico,Ingresos por pasaje,14039.0,14,39,34180972.0,Cifras Definitivas
2022,5,Tren Eléctrico,Kilómetros recorridos,14039.0,14,39,734611.0,Cifras Definitivas
2022,5,Tren Eléctrico,Longitud de servicio,14039.0,14,39,47.0,Cifras Definitivas
2022,5,Tren Eléctrico,Pasajeros transportados,14039.0,14,39,11450351.0,Cifras Definitivas
2022,5,Tren Eléctrico,Unidades en operación,14039.0,14,39,55.0,Cifras Definitivas
2022,5,Trolebús,Ingresos por pasaje,14039.0,14,39,2649802.0,Cifras Definitivas
2022,5,Trolebús,Kilómetros recorridos,14039.0,14,39,41300.0,Cifras Definitivas
2022,5,Trolebús,Lineas en servicio,14039.0,14,39,1.0,Cifras Definitivas
2022,5,Trolebús,Longitud de servicio,14039.0,14,39,18.0,Cifras Definitivas
2022,5,Trolebús,Pasajeros transportados,14039.0,14,39,221441.0,Cifras Definitivas
2022,5,Trolebús,Unidades en operación,14039.0,14,39,9.0,Cifras Definitivas
2022,5,Macrobús Servicio Troncal,Autobuses en operación de lunes a viernes,14039.0,14,39,55.0,Cifras Definitivas
2022,5,Macrobús Servicio Troncal,Autobuses en operación de sábado a domingo,14039.0,14,39,43.0,Cifras Definitivas
2022,5,Macrobús Servicio Troncal,Ingresos por pasaje,14039.0,14,39,22561229.0,Cifras Definitivas
2022,5,Macrobús Servicio Troncal,Kilómetros recorridos,14039.0,14,39,358554.0,Cifras Definitivas
2022,5,Macrobús Servicio Troncal,Pasajeros transportados,14039.0,14,39,2675715.0,Cifras Definitivas
2022,5,Macrobús Servicio Troncal,Pasajeros transportados con boleto pagado,14039.0,14,39,2675715.0,Cifras Definitivas
2022,5,Macrobús Servicio Troncal,Pasajeros transportados con cortesía,14039.0,14,39,,Cifras Definitivas
2022,5,Macrobús Servicio Troncal,Pasajeros transportados con descuento,14039.0,14,39,,Cifras Definitivas
2022,5,Macrobús Servicio Troncal,Rutas,14039.0,14,39,2.0,Cifras Definitivas
2022,5,Macrobús Servicio Alimentador,Autobuses en operación de lunes a viernes,14039.0,14,39,60.0,Cifras Definitivas
2022,5,Macrobús Servicio Alimentador,Autobuses en operación de sábado a domingo,14039.0,14,39,58.0,Cifras Definitivas
2022,5,Macrobús Servicio Alimentador,Ingresos por pasaje,14039.0,14,39,15040820.0,Cifras Definitivas
2022,5,Macrobús Servicio Alimentador,Kilómetros recorridos,14039.0,14,39,413681.0,Cifras Definitivas
2022,5,Macrobús Servicio Alimentador,Pasajeros transportados,14039.0,14,39,810157.0,Cifras Definitivas
2022,5,Macrobús Servicio Alimentador,Pasajeros transportados con boleto pagado,14039.0,14,39,810157.0,Cifras Definitivas
2022,5,Macrobús Servicio Alimentador,Pasajeros transportados con descuento,14039.0,14,39,,Cifras Definitivas
2022,5,Macrobús Servicio Alimentador,Rutas,14039.0,14,39,15.0,Cifras Definitivas
2022,5,Sistema Integral del Tren Ligero,Autobuses en operación de lunes a viernes,14039.0,14,39,52.0,Cifras Definitivas
2022,5,Sistema Integral del Tren Ligero,Autobuses en operación de sábado a domingo,14039.0,14,39,52.0,Cifras Definitivas
2022,5,Sistema Integral del Tren Ligero,Kilómetros recorridos,14039.0,14,39,172853.0,Cifras Definitivas
2022,5,Sistema Integral del Tren Ligero,Pasajeros transportados,14039.0,14,39,283417.0,Cifras Definitivas
2022,5,Sistema Integral del Tren Ligero,Pasajeros transportados con boleto pagado,14039.0,14,39,273884.0,Cifras Definitivas
2022,5,Sistema Integral del Tren Ligero,Pasajeros transportados con cortesía,14039.0,14,39,9533.0,Cifras Definitivas
2022,5,Sistema Integral del Tren Ligero,Rutas,14039.0,14,39,3.0,Cifras Definitivas
2022,5,Mi Transporte Eléctrico,Autobuses en operación de lunes a viernes,14039.0,14,39,34.0,Cifras Definitivas
2022,5,Mi Transporte Eléctrico,Autobuses en operación de sábado a domingo,14039.0,14,39,33.0,Cifras Definitivas
2022,5,Mi Transporte Eléctrico,Kilómetros recorridos,14039.0,14,39,273482.0,Cifras Definitivas
2022,5,Mi Transporte Eléctrico,Pasajeros transportados,14039.0,14,39,303541.0,Cifras Definitivas
2022,5,Mi Transporte Eléctrico,Pasajeros transportados con boleto pagado,14039.0,14,39,275209.0,Cifras Definitivas
2022,5,Mi Transporte Eléctrico,Pasajeros transportados con cortesía,14039.0,14,39,491.0,Cifras Definitivas
2022,5,Mi Transporte Eléctrico,Pasajeros transportados con descuento,14039.0,14,39,27841.0,Cifras Definitivas
2022,5,Mi Transporte Eléctrico,Rutas,14039.0,14,39,2.0,Cifras Definitivas
2022,5,Mi Macro Periférico Troncal,Autobuses en operación de lunes a viernes,14039.0,14,39,141.0,Cifras Definitivas
2022,5,Mi Macro Periférico Troncal,Autobuses en operación de sábado a domingo,14039.0,14,39,101.0,Cifras Definitivas
2022,5,Mi Macro Periférico Troncal,Kilómetros recorridos,14039.0,14,39,1281323.0,Cifras Definitivas
2022,5,Mi Macro Periférico Troncal,Pasajeros transportados,14039.0,14,39,6097702.0,Cifras Definitivas
2022,5,Mi Macro Periférico Troncal,Rutas,14039.0,14,39,6.0,Cifras Definitivas
2022,5,MI Macro Periférico Alimentador,Autobuses en operación de lunes a viernes,14039.0,14,39,133.0,Cifras Definitivas
2022,5,MI Macro Periférico Alimentador,Autobuses en operación de sábado a domingo,14039.0,14,39,92.0,Cifras Definitivas
2022,5,MI Macro Periférico Alimentador,Kilómetros recorridos,14039.0,14,39,910977.0,Cifras Definitivas
2022,5,MI Macro Periférico Alimentador,Pasajeros transportados,14039.0,14,39,1650016.0,Cifras Definitivas
2022,5,MI Macro Periférico Alimentador,Rutas,14039.0,14,39,8.0,Cifras Definitivas
2022,6,Tren Eléctrico,Ingresos por pasaje,14039.0,14,39,32701661.0,Cifras Definitivas
2022,6,Tren Eléctrico,Kilómetros recorridos,14039.0,14,39,704180.0,Cifras Definitivas
2022,6,Tren Eléctrico,Longitud de servicio,14039.0,14,39,47.0,Cifras Definitivas
2022,6,Tren Eléctrico,Pasajeros transportados,14039.0,14,39,10555068.0,Cifras Definitivas
2022,6,Tren Eléctrico,Unidades en operación,14039.0,14,39,56.0,Cifras Definitivas
2022,6,Trolebús,Ingresos por pasaje,14039.0,14,39,2519471.0,Cifras Definitivas
2022,6,Trolebús,Kilómetros recorridos,14039.0,14,39,32515.0,Cifras Definitivas
2022,6,Trolebús,Lineas en servicio,14039.0,14,39,1.0,Cifras Definitivas
2022,6,Trolebús,Longitud de servicio,14039.0,14,39,18.0,Cifras Definitivas
2022,6,Trolebús,Pasajeros transportados,14039.0,14,39,181467.0,Cifras Definitivas
2022,6,Trolebús,Unidades en operación,14039.0,14,39,9.0,Cifras Definitivas
2022,6,Macrobús Servicio Troncal,Autobuses en operación de lunes a viernes,14039.0,14,39,56.0,Cifras Definitivas
2022,6,Macrobús Servicio Troncal,Autobuses en operación de sábado a domingo,14039.0,14,39,45.0,Cifras Definitivas
2022,6,Macrobús Servicio Troncal,Ingresos por pasaje,14039.0,14,39,17168873.0,Cifras Definitivas
2022,6,Macrobús Servicio Troncal,Kilómetros recorridos,14039.0,14,39,351440.0,Cifras Definitivas
2022,6,Macrobús Servicio Troncal,Pasajeros transportados,14039.0,14,39,2943578.0,Cifras Definitivas
2022,6,Macrobús Servicio Troncal,Pasajeros transportados con boleto pagado,14039.0,14,39,2943578.0,Cifras Definitivas
2022,6,Macrobús Servicio Troncal,Pasajeros transportados con cortesía,14039.0,14,39,,Cifras Definitivas
2022,6,Macrobús Servicio Troncal,Pasajeros transportados con descuento,14039.0,14,39,,Cifras Definitivas
2022,6,Macrobús Servicio Troncal,Rutas,14039.0,14,39,2.0,Cifras Definitivas
2022,6,Macrobús Servicio Alimentador,Autobuses en operación de lunes a viernes,14039.0,14,39,61.0,Cifras Definitivas
2022,6,Macrobús Servicio Alimentador,Autobuses en operación de sábado a domingo,14039.0,14,39,59.0,Cifras Definitivas
2022,6,Macrobús Servicio Alimentador,Ingresos por pasaje,14039.0,14,39,11445915.0,Cifras Definitivas
2022,6,Macrobús Servicio Alimentador,Kilómetros recorridos,14039.0,14,39,398365.0,Cifras Definitivas
2022,6,Macrobús Servicio Alimentador,Pasajeros transportados,14039.0,14,39,949560.0,Cifras Definitivas
2022,6,Macrobús Servicio Alimentador,Pasajeros transportados con boleto pagado,14039.0,14,39,949560.0,Cifras Definitivas
2022,6,Macrobús Servicio Alimentador,Pasajeros transportados con descuento,14039.0,14,39,,Cifras Definitivas
2022,6,Macrobús Servicio Alimentador,Rutas,14039.0,14,39,15.0,Cifras Definitivas
2022,6,Sistema Integral del Tren Ligero,Autobuses en operación de lunes a viernes,14039.0,14,39,52.0,Cifras Definitivas
2022,6,Sistema Integral del Tren Ligero,Autobuses en operación de sábado a domingo,14039.0,14,39,52.0,Cifras Definitivas
2022,6,Sistema Integral del Tren Ligero,Kilómetros recorridos,14039.0,14,39,158190.0,Cifras Definitivas
2022,6,Sistema Integral del Tren Ligero,Pasajeros transportados,14039.0,14,39,236852.0,Cifras Definitivas
2022,6,Sistema Integral del Tren Ligero,Pasajeros transportados con boleto pagado,14039.0,14,39,231856.0,Cifras Definitivas
2022,6,Sistema Integral del Tren Ligero,Pasajeros transportados con cortesía,14039.0,14,39,4996.0,Cifras Definitivas
2022,6,Sistema Integral del Tren Ligero,Rutas,14039.0,14,39,3.0,Cifras Definitivas
2022,6,Mi Transporte Eléctrico,Autobuses en operación de lunes a viernes,14039.0,14,39,34.0,Cifras Definitivas
2022,6,Mi Transporte Eléctrico,Autobuses en operación de sábado a domingo,14039.0,14,39,32.0,Cifras Definitivas
2022,6,Mi Transporte Eléctrico,Kilómetros recorridos,14039.0,14,39,264695.0,Cifras Definitivas
2022,6,Mi Transporte Eléctrico,Pasajeros transportados,14039.0,14,39,262752.0,Cifras Definitivas
2022,6,Mi Transporte Eléctrico,Pasajeros transportados con boleto pagado,14039.0,14,39,241605.0,Cifras Definitivas
2022,6,Mi Transporte Eléctrico,Pasajeros transportados con cortesía,14039.0,14,39,665.0,Cifras Definitivas
2022,6,Mi Transporte Eléctrico,Pasajeros transportados con descuento,14039.0,14,39,20482.0,Cifras Definitivas
2022,6,Mi Transporte Eléctrico,Rutas,14039.0,14,39,2.0,Cifras Definitivas
2022,6,Mi Macro Periférico Troncal,Autobuses en operación de lunes a viernes,14039.0,14,39,164.0,Cifras Definitivas
2022,6,Mi Macro Periférico Troncal,Autobuses en operación de sábado a domingo,14039.0,14,39,112.0,Cifras Definitivas
2022,6,Mi Macro Periférico Troncal,Kilómetros recorridos,14039.0,14,39,1008265.0,Cifras Definitivas
2022,6,Mi Macro Periférico Troncal,Pasajeros transportados,14039.0,14,39,4969459.0,Cifras Definitivas
2022,6,Mi Macro Periférico Troncal,Rutas,14039.0,14,39,6.0,Cifras Definitivas
2022,6,MI Macro Periférico Alimentador,Autobuses en operación de lunes a viernes,14039.0,14,39,132.0,Cifras Definitivas
2022,6,MI Macro Periférico Alimentador,Autobuses en operación de sábado a domingo,14039.0,14,39,76.0,Cifras Definitivas
2022,6,MI Macro Periférico Alimentador,Kilómetros recorridos,14039.0,14,39,728537.0,Cifras Definitivas
2022,6,MI Macro Periférico Alimentador,Pasajeros transportados,14039.0,14,39,1629104.0,Cifras Definitivas
2022,6,MI Macro Periférico Alimentador,Rutas,14039.0,14,39,8.0,Cifras Definitivas
2022,7,Tren Eléctrico,Ingresos por pasaje,14039.0,14,39,32801001.0,Cifras Definitivas
2022,7,Tren Eléctrico,Kilómetros recorridos,14039.0,14,39,726159.0,Cifras Definitivas
2022,7,Tren Eléctrico,Longitud de servicio,14039.0,14,39,47.0,Cifras Definitivas
2022,7,Tren Eléctrico,Pasajeros transportados,14039.0,14,39,10558260.0,Cifras Definitivas
2022,7,Tren Eléctrico,Unidades en operación,14039.0,14,39,56.0,Cifras Definitivas
2022,7,Trolebús,Ingresos por pasaje,14039.0,14,39,2649001.0,Cifras Definitivas
2022,7,Trolebús,Kilómetros recorridos,14039.0,14,39,37566.0,Cifras Definitivas
2022,7,Trolebús,Lineas en servicio,14039.0,14,39,1.0,Cifras Definitivas
2022,7,Trolebús,Longitud de servicio,14039.0,14,39,18.0,Cifras Definitivas
2022,7,Trolebús,Pasajeros transportados,14039.0,14,39,189256.0,Cifras Definitivas
2022,7,Trolebús,Unidades en operación,14039.0,14,39,9.0,Cifras Definitivas
2022,7,Macrobús Servicio Troncal,Autobuses en operación de lunes a viernes,14039.0,14,39,56.0,Cifras Definitivas
2022,7,Macrobús Servicio Troncal,Autobuses en operación de sábado a domingo,14039.0,14,39,47.0,Cifras Definitivas
2022,7,Macrobús Servicio Troncal,Ingresos por pasaje,14039.0,14,39,19815987.0,Cifras Definitivas
2022,7,Macrobús Servicio Troncal,Kilómetros recorridos,14039.0,14,39,352950.0,Cifras Definitivas
2022,7,Macrobús Servicio Troncal,Pasajeros transportados,14039.0,14,39,2307690.0,Cifras Definitivas
2022,7,Macrobús Servicio Troncal,Pasajeros transportados con boleto pagado,14039.0,14,39,2307690.0,Cifras Definitivas
2022,7,Macrobús Servicio Troncal,Pasajeros transportados con cortesía,14039.0,14,39,,Cifras Definitivas
2022,7,Macrobús Servicio Troncal,Pasajeros transportados con descuento,14039.0,14,39,,Cifras Definitivas
2022,7,Macrobús Servicio Troncal,Rutas,14039.0,14,39,2.0,Cifras Definitivas
2022,7,Macrobús Servicio Alimentador,Autobuses en operación de lunes a viernes,14039.0,14,39,63.0,Cifras Definitivas
2022,7,Macrobús Servicio Alimentador,Autobuses en operación de sábado a domingo,14039.0,14,39,60.0,Cifras Definitivas
2022,7,Macrobús Servicio Alimentador,Ingresos por pasaje,14039.0,14,39,13210658.0,Cifras Definitivas
2022,7,Macrobús Servicio Alimentador,Kilómetros recorridos,14039.0,14,39,413293.0,Cifras Definitivas
2022,7,Macrobús Servicio Alimentador,Pasajeros transportados,14039.0,14,39,743170.0,Cifras Definitivas
2022,7,Macrobús Servicio Alimentador,Pasajeros transportados con boleto pagado,14039.0,14,39,743170.0,Cifras Definitivas
2022,7,Macrobús Servicio Alimentador,Pasajeros transportados con descuento,14039.0,14,39,,Cifras Definitivas
2022,7,Macrobús Servicio Alimentador,Rutas,14039.0,14,39,15.0,Cifras Definitivas
2022,7,Sistema Integral del Tren Ligero,Autobuses en operación de lunes a viernes,14039.0,14,39,52.0,Cifras Definitivas
2022,7,Sistema Integral del Tren Ligero,Autobuses en operación de sábado a domingo,14039.0,14,39,52.0,Cifras Definitivas
2022,7,Sistema Integral del Tren Ligero,Kilómetros recorridos,14039.0,14,39,150539.0,Cifras Definitivas
2022,7,Sistema Integral del Tren Ligero,Pasajeros transportados,14039.0,14,39,212506.0,Cifras Definitivas
2022,7,Sistema Integral del Tren Ligero,Pasajeros transportados con boleto pagado,14039.0,14,39,208534.0,Cifras Definitivas
2022,7,Sistema Integral del Tren Ligero,Pasajeros transportados con cortesía,14039.0,14,39,3972.0,Cifras Definitivas
2022,7,Sistema Integral del Tren Ligero,Rutas,14039.0,14,39,3.0,Cifras Definitivas
2022,7,Mi Transporte Eléctrico,Autobuses en operación de lunes a viernes,14039.0,14,39,33.0,Cifras Definitivas
2022,7,Mi Transporte Eléctrico,Autobuses en operación de sábado a domingo,14039.0,14,39,31.0,Cifras Definitivas
2022,7,Mi Transporte Eléctrico,Kilómetros recorridos,14039.0,14,39,278074.0,Cifras Definitivas
2022,7,Mi Transporte Eléctrico,Pasajeros transportados,14039.0,14,39,264884.0,Cifras Definitivas
2022,7,Mi Transporte Eléctrico,Pasajeros transportados con boleto pagado,14039.0,14,39,243725.0,Cifras Definitivas
2022,7,Mi Transporte Eléctrico,Pasajeros transportados con cortesía,14039.0,14,39,748.0,Cifras Definitivas
2022,7,Mi Transporte Eléctrico,Pasajeros transportados con descuento,14039.0,14,39,20411.0,Cifras Definitivas
2022,7,Mi Transporte Eléctrico,Rutas,14039.0,14,39,2.0,Cifras Definitivas
2022,7,Mi Macro Periférico Troncal,Autobuses en operación de lunes a viernes,14039.0,14,39,163.0,Cifras Definitivas
2022,7,Mi Macro Periférico Troncal,Autobuses en operación de sábado a domingo,14039.0,14,39,117.0,Cifras Definitivas
2022,7,Mi Macro Periférico Troncal,Kilómetros recorridos,14039.0,14,39,1677225.0,Cifras Definitivas
2022,7,Mi Macro Periférico Troncal,Pasajeros transportados,14039.0,14,39,5377834.0,Cifras Definitivas
2022,7,Mi Macro Periférico Troncal,Rutas,14039.0,14,39,6.0,Cifras Definitivas
2022,7,MI Macro Periférico Alimentador,Autobuses en operación de lunes a viernes,14039.0,14,39,135.0,Cifras Definitivas
2022,7,MI Macro Periférico Alimentador,Autobuses en operación de sábado a domingo,14039.0,14,39,85.0,Cifras Definitivas
2022,7,MI Macro Periférico Alimentador,Kilómetros recorridos,14039.0,14,39,769724.0,Cifras Definitivas
2022,7,MI Macro Periférico Alimentador,Pasajeros transportados,14039.0,14,39,1600946.0,Cifras Definitivas
2022,7,MI Macro Periférico Alimentador,Rutas,14039.0,14,39,8.0,Cifras Definitivas
2022,8,Tren Eléctrico,Ingresos por pasaje,14039.0,14,39,33715852.0,Cifras Definitivas
2022,8,Tren Eléctrico,Kilómetros recorridos,14039.0,14,39,727662.0,Cifras Definitivas
2022,8,Tren Eléctrico,Longitud de servicio,14039.0,14,39,47.0,Cifras Definitivas
2022,8,Tren Eléctrico,Pasajeros transportados,14039.0,14,39,11521613.0,Cifras Definitivas
2022,8,Tren Eléctrico,Unidades en operación,14039.0,14,39,56.0,Cifras Definitivas
2022,8,Trolebús,Ingresos por pasaje,14039.0,14,39,2537975.0,Cifras Definitivas
2022,8,Trolebús,Kilómetros recorridos,14039.0,14,39,32665.0,Cifras Definitivas
2022,8,Trolebús,Lineas en servicio,14039.0,14,39,1.0,Cifras Definitivas
2022,8,Trolebús,Longitud de servicio,14039.0,14,39,18.0,Cifras Definitivas
2022,8,Trolebús,Pasajeros transportados,14039.0,14,39,179156.0,Cifras Definitivas
2022,8,Trolebús,Unidades en operación,14039.0,14,39,9.0,Cifras Definitivas
2022,8,Macrobús Servicio Troncal,Autobuses en operación de lunes a viernes,14039.0,14,39,56.0,Cifras Definitivas
2022,8,Macrobús Servicio Troncal,Autobuses en operación de sábado a domingo,14039.0,14,39,46.0,Cifras Definitivas
2022,8,Macrobús Servicio Troncal,Ingresos por pasaje,14039.0,14,39,20397638.0,Cifras Definitivas
2022,8,Macrobús Servicio Troncal,Kilómetros recorridos,14039.0,14,39,363744.0,Cifras Definitivas
2022,8,Macrobús Servicio Troncal,Pasajeros transportados,14039.0,14,39,2654838.0,Cifras Definitivas
2022,8,Macrobús Servicio Troncal,Pasajeros transportados con boleto pagado,14039.0,14,39,2654838.0,Cifras Definitivas
2022,8,Macrobús Servicio Troncal,Pasajeros transportados con cortesía,14039.0,14,39,,Cifras Definitivas
2022,8,Macrobús Servicio Troncal,Pasajeros transportados con descuento,14039.0,14,39,,Cifras Definitivas
2022,8,Macrobús Servicio Troncal,Rutas,14039.0,14,39,2.0,Cifras Definitivas
2022,8,Macrobús Servicio Alimentador,Autobuses en operación de lunes a viernes,14039.0,14,39,64.0,Cifras Definitivas
2022,8,Macrobús Servicio Alimentador,Autobuses en operación de sábado a domingo,14039.0,14,39,61.0,Cifras Definitivas
2022,8,Macrobús Servicio Alimentador,Ingresos por pasaje,14039.0,14,39,13598426.0,Cifras Definitivas
2022,8,Macrobús Servicio Alimentador,Kilómetros recorridos,14039.0,14,39,401658.0,Cifras Definitivas
2022,8,Macrobús Servicio Alimentador,Pasajeros transportados,14039.0,14,39,800602.0,Cifras Definitivas
2022,8,Macrobús Servicio Alimentador,Pasajeros transportados con boleto pagado,14039.0,14,39,800602.0,Cifras Definitivas
2022,8,Macrobús Servicio Alimentador,Pasajeros transportados con descuento,14039.0,14,39,,Cifras Definitivas
2022,8,Macrobús Servicio Alimentador,Rutas,14039.0,14,39,15.0,Cifras Definitivas
2022,8,Sistema Integral del Tren Ligero,Autobuses en operación de lunes a viernes,14039.0,14,39,52.0,Cifras Definitivas
2022,8,Sistema Integral del Tren Ligero,Autobuses en operación de sábado a domingo,14039.0,14,39,52.0,Cifras Definitivas
2022,8,Sistema Integral del Tren Ligero,Kilómetros recorridos,14039.0,14,39,119490.0,Cifras Definitivas
2022,8,Sistema Integral del Tren Ligero,Pasajeros transportados,14039.0,14,39,195461.0,Cifras Definitivas
2022,8,Sistema Integral del Tren Ligero,Pasajeros transportados con boleto pagado,14039.0,14,39,188569.0,Cifras Definitivas
2022,8,Sistema Integral del Tren Ligero,Pasajeros transportados con cortesía,14039.0,14,39,6892.0,Cifras Definitivas
2022,8,Sistema Integral del Tren Ligero,Rutas,14039.0,14,39,3.0,Cifras Definitivas
2022,8,Mi Transporte Eléctrico,Autobuses en operación de lunes a viernes,14039.0,14,39,32.0,Cifras Definitivas
2022,8,Mi Transporte Eléctrico,Autobuses en operación de sábado a domingo,14039.0,14,39,30.0,Cifras Definitivas
2022,8,Mi Transporte Eléctrico,Kilómetros recorridos,14039.0,14,39,269808.0,Cifras Definitivas
2022,8,Mi Transporte Eléctrico,Pasajeros transportados,14039.0,14,39,296756.0,Cifras Definitivas
2022,8,Mi Transporte Eléctrico,Pasajeros transportados con boleto pagado,14039.0,14,39,267037.0,Cifras Definitivas
2022,8,Mi Transporte Eléctrico,Pasajeros transportados con cortesía,14039.0,14,39,606.0,Cifras Definitivas
2022,8,Mi Transporte Eléctrico,Pasajeros transportados con descuento,14039.0,14,39,29113.0,Cifras Definitivas
2022,8,Mi Transporte Eléctrico,Rutas,14039.0,14,39,2.0,Cifras Definitivas
2022,8,Mi Macro Periférico Troncal,Autobuses en operación de lunes a viernes,14039.0,14,39,167.0,Cifras Definitivas
2022,8,Mi Macro Periférico Troncal,Autobuses en operación de sábado a domingo,14039.0,14,39,113.0,Cifras Definitivas
2022,8,Mi Macro Periférico Troncal,Kilómetros recorridos,14039.0,14,39,1828978.0,Cifras Definitivas
2022,8,Mi Macro Periférico Troncal,Pasajeros transportados,14039.0,14,39,7099417.0,Cifras Definitivas
2022,8,Mi Macro Periférico Troncal,Rutas,14039.0,14,39,6.0,Cifras Definitivas
2022,8,MI Macro Periférico Alimentador,Autobuses en operación de lunes a viernes,14039.0,14,39,123.0,Cifras Definitivas
2022,8,MI Macro Periférico Alimentador,Autobuses en operación de sábado a domingo,14039.0,14,39,90.0,Cifras Definitivas
2022,8,MI Macro Periférico Alimentador,Kilómetros recorridos,14039.0,14,39,817596.0,Cifras Definitivas
2022,8,MI Macro Periférico Alimentador,Pasajeros transportados,14039.0,14,39,2008822.0,Cifras Definitivas
2022,8,MI Macro Periférico Alimentador,Rutas,14039.0,14,39,8.0,Cifras Definitivas
2022,9,Tren Eléctrico,Ingresos por pasaje,14039.0,14,39,33420537.0,Cifras Definitivas
2022,9,Tren Eléctrico,Kilómetros recorridos,14039.0,14,39,692459.0,Cifras Definitivas
2022,9,Tren Eléctrico,Longitud de servicio,14039.0,14,39,47.0,Cifras Definitivas
2022,9,Tren Eléctrico,Pasajeros transportados,14039.0,14,39,11772538.0,Cifras Definitivas
2022,9,Tren Eléctrico,Unidades en operación,14039.0,14,39,56.0,Cifras Definitivas
2022,9,Trolebús,Ingresos por pasaje,14039.0,14,39,2817465.0,Cifras Definitivas
2022,9,Trolebús,Kilómetros recorridos,14039.0,14,39,46804.0,Cifras Definitivas
2022,9,Trolebús,Lineas en servicio,14039.0,14,39,1.0,Cifras Definitivas
2022,9,Trolebús,Longitud de servicio,14039.0,14,39,18.0,Cifras Definitivas
2022,9,Trolebús,Pasajeros transportados,14039.0,14,39,192547.0,Cifras Definitivas
2022,9,Trolebús,Unidades en operación,14039.0,14,39,10.0,Cifras Definitivas
2022,9,Macrobús Servicio Troncal,Autobuses en operación de lunes a viernes,14039.0,14,39,57.0,Cifras Definitivas
2022,9,Macrobús Servicio Troncal,Autobuses en operación de sábado a domingo,14039.0,14,39,44.0,Cifras Definitivas
2022,9,Macrobús Servicio Troncal,Ingresos por pasaje,14039.0,14,39,22635732.0,Cifras Definitivas
2022,9,Macrobús Servicio Troncal,Kilómetros recorridos,14039.0,14,39,352947.0,Cifras Definitivas
2022,9,Macrobús Servicio Troncal,Pasajeros transportados,14039.0,14,39,3489038.0,Cifras Definitivas
2022,9,Macrobús Servicio Troncal,Pasajeros transportados con boleto pagado,14039.0,14,39,3489038.0,Cifras Definitivas
2022,9,Macrobús Servicio Troncal,Pasajeros transportados con cortesía,14039.0,14,39,,Cifras Definitivas
2022,9,Macrobús Servicio Troncal,Pasajeros transportados con descuento,14039.0,14,39,,Cifras Definitivas
2022,9,Macrobús Servicio Troncal,Rutas,14039.0,14,39,2.0,Cifras Definitivas
2022,9,Macrobús Servicio Alimentador,Autobuses en operación de lunes a viernes,14039.0,14,39,65.0,Cifras Definitivas
2022,9,Macrobús Servicio Alimentador,Autobuses en operación de sábado a domingo,14039.0,14,39,58.0,Cifras Definitivas
2022,9,Macrobús Servicio Alimentador,Ingresos por pasaje,14039.0,14,39,15090488.0,Cifras Definitivas
2022,9,Macrobús Servicio Alimentador,Kilómetros recorridos,14039.0,14,39,395449.0,Cifras Definitivas
2022,9,Macrobús Servicio Alimentador,Pasajeros transportados,14039.0,14,39,1047045.0,Cifras Definitivas
2022,9,Macrobús Servicio Alimentador,Pasajeros transportados con boleto pagado,14039.0,14,39,1047045.0,Cifras Definitivas
2022,9,Macrobús Servicio Alimentador,Pasajeros transportados con descuento,14039.0,14,39,,Cifras Definitivas
2022,9,Macrobús Servicio Alimentador,Rutas,14039.0,14,39,15.0,Cifras Definitivas
2022,9,Sistema Integral del Tren Ligero,Autobuses en operación de lunes a viernes,14039.0,14,39,52.0,Cifras Definitivas
2022,9,Sistema Integral del Tren Ligero,Autobuses en operación de sábado a domingo,14039.0,14,39,52.0,Cifras Definitivas
2022,9,Sistema Integral del Tren Ligero,Kilómetros recorridos,14039.0,14,39,231996.0,Cifras Definitivas
2022,9,Sistema Integral del Tren Ligero,Pasajeros transportados,14039.0,14,39,247248.0,Cifras Definitivas
2022,9,Sistema Integral del Tren Ligero,Pasajeros transportados con boleto pagado,14039.0,14,39,237270.0,Cifras Definitivas
2022,9,Sistema Integral del Tren Ligero,Pasajeros transportados con cortesía,14039.0,14,39,9978.0,Cifras Definitivas
2022,9,Sistema Integral del Tren Ligero,Rutas,14039.0,14,39,3.0,Cifras Definitivas
2022,9,Mi Transporte Eléctrico,Autobuses en operación de lunes a viernes,14039.0,14,39,33.0,Cifras Definitivas
2022,9,Mi Transporte Eléctrico,Autobuses en operación de sábado a domingo,14039.0,14,39,33.0,Cifras Definitivas
2022,9,Mi Transporte Eléctrico,Kilómetros recorridos,14039.0,14,39,269104.0,Cifras Definitivas
2022,9,Mi Transporte Eléctrico,Pasajeros transportados,14039.0,14,39,306938.0,Cifras Definitivas
2022,9,Mi Transporte Eléctrico,Pasajeros transportados con boleto pagado,14039.0,14,39,268363.0,Cifras Definitivas
2022,9,Mi Transporte Eléctrico,Pasajeros transportados con cortesía,14039.0,14,39,1129.0,Cifras Definitivas
2022,9,Mi Transporte Eléctrico,Pasajeros transportados con descuento,14039.0,14,39,37446.0,Cifras Definitivas
2022,9,Mi Transporte Eléctrico,Rutas,14039.0,14,39,2.0,Cifras Definitivas
2022,9,Mi Macro Periférico Troncal,Autobuses en operación de lunes a viernes,14039.0,14,39,175.0,Cifras Definitivas
2022,9,Mi Macro Periférico Troncal,Autobuses en operación de sábado a domingo,14039.0,14,39,108.0,Cifras Definitivas
2022,9,Mi Macro Periférico Troncal,Kilómetros recorridos,14039.0,14,39,1676186.0,Cifras Definitivas
2022,9,Mi Macro Periférico Troncal,Pasajeros transportados,14039.0,14,39,7519172.0,Cifras Definitivas
2022,9,Mi Macro Periférico Troncal,Rutas,14039.0,14,39,6.0,Cifras Definitivas
2022,9,MI Macro Periférico Alimentador,Autobuses en operación de lunes a viernes,14039.0,14,39,136.0,Cifras Definitivas
2022,9,MI Macro Periférico Alimentador,Autobuses en operación de sábado a domingo,14039.0,14,39,90.0,Cifras Definitivas
2022,9,MI Macro Periférico Alimentador,Kilómetros recorridos,14039.0,14,39,827333.0,Cifras Definitivas
2022,9,MI Macro Periférico Alimentador,Pasajeros transportados,14039.0,14,39,1766834.0,Cifras Definitivas
2022,9,MI Macro Periférico Alimentador,Rutas,14039.0,14,39,8.0,Cifras Definitivas
2022,10,Tren Eléctrico,Ingresos por pasaje,14039.0,14,39,33905262.0,Cifras Definitivas
2022,10,Tren Eléctrico,Kilómetros recorridos,14039.0,14,39,743388.0,Cifras Definitivas
2022,10,Tren Eléctrico,Longitud de servicio,14039.0,14,39,47.0,Cifras Definitivas
2022,10,Tren Eléctrico,Pasajeros transportados,14039.0,14,39,12574015.0,Cifras Definitivas
2022,10,Tren Eléctrico,Unidades en operación,14039.0,14,39,56.0,Cifras Definitivas
2022,10,Trolebús,Ingresos por pasaje,14039.0,14,39,2989029.0,Cifras Definitivas
2022,10,Trolebús,Kilómetros recorridos,14039.0,14,39,44111.0,Cifras Definitivas
2022,10,Trolebús,Lineas en servicio,14039.0,14,39,1.0,Cifras Definitivas
2022,10,Trolebús,Longitud de servicio,14039.0,14,39,18.0,Cifras Definitivas
2022,10,Trolebús,Pasajeros transportados,14039.0,14,39,204315.0,Cifras Definitivas
2022,10,Trolebús,Unidades en operación,14039.0,14,39,10.0,Cifras Definitivas
2022,10,Macrobús Servicio Troncal,Autobuses en operación de lunes a viernes,14039.0,14,39,55.0,Cifras Definitivas
2022,10,Macrobús Servicio Troncal,Autobuses en operación de sábado a domingo,14039.0,14,39,52.0,Cifras Definitivas
2022,10,Macrobús Servicio Troncal,Ingresos por pasaje,14039.0,14,39,21384797.0,Cifras Definitivas
2022,10,Macrobús Servicio Troncal,Kilómetros recorridos,14039.0,14,39,353825.0,Cifras Definitivas
2022,10,Macrobús Servicio Troncal,Pasajeros transportados,14039.0,14,39,2891142.0,Cifras Definitivas
2022,10,Macrobús Servicio Troncal,Pasajeros transportados con boleto pagado,14039.0,14,39,2891142.0,Cifras Definitivas
2022,10,Macrobús Servicio Troncal,Pasajeros transportados con cortesía,14039.0,14,39,,Cifras Definitivas
2022,10,Macrobús Servicio Troncal,Pasajeros transportados con descuento,14039.0,14,39,,Cifras Definitivas
2022,10,Macrobús Servicio Troncal,Rutas,14039.0,14,39,2.0,Cifras Definitivas
2022,10,Macrobús Servicio Alimentador,Autobuses en operación de lunes a viernes,14039.0,14,39,64.0,Cifras Definitivas
2022,10,Macrobús Servicio Alimentador,Autobuses en operación de sábado a domingo,14039.0,14,39,61.0,Cifras Definitivas
2022,10,Macrobús Servicio Alimentador,Ingresos por pasaje,14039.0,14,39,14256532.0,Cifras Definitivas
2022,10,Macrobús Servicio Alimentador,Kilómetros recorridos,14039.0,14,39,411107.0,Cifras Definitivas
2022,10,Macrobús Servicio Alimentador,Pasajeros transportados,14039.0,14,39,845693.0,Cifras Definitivas
2022,10,Macrobús Servicio Alimentador,Pasajeros transportados con boleto pagado,14039.0,14,39,845693.0,Cifras Definitivas
2022,10,Macrobús Servicio Alimentador,Pasajeros transportados con descuento,14039.0,14,39,,Cifras Definitivas
2022,10,Macrobús Servicio Alimentador,Rutas,14039.0,14,39,15.0,Cifras Definitivas
2022,10,Sistema Integral del Tren Ligero,Autobuses en operación de lunes a viernes,14039.0,14,39,52.0,Cifras Definitivas
2022,10,Sistema Integral del Tren Ligero,Autobuses en operación de sábado a domingo,14039.0,14,39,52.0,Cifras Definitivas
2022,10,Sistema Integral del Tren Ligero,Kilómetros recorridos,14039.0,14,39,173218.0,Cifras Definitivas
2022,10,Sistema Integral del Tren Ligero,Pasajeros transportados,14039.0,14,39,329656.0,Cifras Definitivas
2022,10,Sistema Integral del Tren Ligero,Pasajeros transportados con boleto pagado,14039.0,14,39,320483.0,Cifras Definitivas
2022,10,Sistema Integral del Tren Ligero,Pasajeros transportados con cortesía,14039.0,14,39,9173.0,Cifras Definitivas
2022,10,Sistema Integral del Tren Ligero,Rutas,14039.0,14,39,3.0,Cifras Definitivas
2022,10,Mi Transporte Eléctrico,Autobuses en operación de lunes a viernes,14039.0,14,39,33.0,Cifras Definitivas
2022,10,Mi Transporte Eléctrico,Autobuses en operación de sábado a domingo,14039.0,14,39,30.0,Cifras Definitivas
2022,10,Mi Transporte Eléctrico,Kilómetros recorridos,14039.0,14,39,268890.0,Cifras Definitivas
2022,10,Mi Transporte Eléctrico,Pasajeros transportados,14039.0,14,39,322212.0,Cifras Definitivas
2022,10,Mi Transporte Eléctrico,Pasajeros transportados con boleto pagado,14039.0,14,39,281675.0,Cifras Definitivas
2022,10,Mi Transporte Eléctrico,Pasajeros transportados con cortesía,14039.0,14,39,948.0,Cifras Definitivas
2022,10,Mi Transporte Eléctrico,Pasajeros transportados con descuento,14039.0,14,39,39589.0,Cifras Definitivas
2022,10,Mi Transporte Eléctrico,Rutas,14039.0,14,39,2.0,Cifras Definitivas
2022,10,Mi Macro Periférico Troncal,Autobuses en operación de lunes a viernes,14039.0,14,39,178.0,Cifras Definitivas
2022,10,Mi Macro Periférico Troncal,Autobuses en operación de sábado a domingo,14039.0,14,39,115.0,Cifras Definitivas
2022,10,Mi Macro Periférico Troncal,Kilómetros recorridos,14039.0,14,39,1855294.0,Cifras Definitivas
2022,10,Mi Macro Periférico Troncal,Pasajeros transportados,14039.0,14,39,8096983.0,Cifras Definitivas
2022,10,Mi Macro Periférico Troncal,Rutas,14039.0,14,39,6.0,Cifras Definitivas
2022,10,MI Macro Periférico Alimentador,Autobuses en operación de lunes a viernes,14039.0,14,39,135.0,Cifras Definitivas
2022,10,MI Macro Periférico Alimentador,Autobuses en operación de sábado a domingo,14039.0,14,39,93.0,Cifras Definitivas
2022,10,MI Macro Periférico Alimentador,Kilómetros recorridos,14039.0,14,39,857960.0,Cifras Definitivas
2022,10,MI Macro Periférico Alimentador,Pasajeros transportados,14039.0,14,39,2148701.0,Cifras Definitivas
2022,10,MI Macro Periférico Alimentador,Rutas,14039.0,14,39,8.0,Cifras Definitivas
2022,11,Tren Eléctrico,Ingresos por pasaje,14039.0,14,39,33139618.0,Cifras Definitivas
2022,11,Tren Eléctrico,Kilómetros recorridos,14039.0,14,39,708516.0,Cifras Definitivas
2022,11,Tren Eléctrico,Longitud de servicio,14039.0,14,39,47.0,Cifras Definitivas
2022,11,Tren Eléctrico,Pasajeros transportados,14039.0,14,39,12128451.0,Cifras Definitivas
2022,11,Tren Eléctrico,Unidades en operación,14039.0,14,39,56.0,Cifras Definitivas
2022,11,Trolebús,Ingresos por pasaje,14039.0,14,39,3001029.0,Cifras Definitivas
2022,11,Trolebús,Kilómetros recorridos,14039.0,14,39,46305.0,Cifras Definitivas
2022,11,Trolebús,Lineas en servicio,14039.0,14,39,1.0,Cifras Definitivas
2022,11,Trolebús,Longitud de servicio,14039.0,14,39,18.0,Cifras Definitivas
2022,11,Trolebús,Pasajeros transportados,14039.0,14,39,209000.0,Cifras Definitivas
2022,11,Trolebús,Unidades en operación,14039.0,14,39,10.0,Cifras Definitivas
2022,11,Macrobús Servicio Troncal,Autobuses en operación de lunes a viernes,14039.0,14,39,55.0,Cifras Definitivas
2022,11,Macrobús Servicio Troncal,Autobuses en operación de sábado a domingo,14039.0,14,39,53.0,Cifras Definitivas
2022,11,Macrobús Servicio Troncal,Ingresos por pasaje,14039.0,14,39,20026170.0,Cifras Definitivas
2022,11,Macrobús Servicio Troncal,Kilómetros recorridos,14039.0,14,39,349541.0,Cifras Definitivas
2022,11,Macrobús Servicio Troncal,Pasajeros transportados,14039.0,14,39,2794139.0,Cifras Definitivas
2022,11,Macrobús Servicio Troncal,Pasajeros transportados con boleto pagado,14039.0,14,39,2794139.0,Cifras Definitivas
2022,11,Macrobús Servicio Troncal,Pasajeros transportados con cortesía,14039.0,14,39,,Cifras Definitivas
2022,11,Macrobús Servicio Troncal,Pasajeros transportados con descuento,14039.0,14,39,,Cifras Definitivas
2022,11,Macrobús Servicio Troncal,Rutas,14039.0,14,39,2.0,Cifras Definitivas
2022,11,Macrobús Servicio Alimentador,Autobuses en operación de lunes a viernes,14039.0,14,39,67.0,Cifras Definitivas
2022,11,Macrobús Servicio Alimentador,Autobuses en operación de sábado a domingo,14039.0,14,39,62.0,Cifras Definitivas
2022,11,Macrobús Servicio Alimentador,Ingresos por pasaje,14039.0,14,39,13350780.0,Cifras Definitivas
2022,11,Macrobús Servicio Alimentador,Kilómetros recorridos,14039.0,14,39,379613.0,Cifras Definitivas
2022,11,Macrobús Servicio Alimentador,Pasajeros transportados,14039.0,14,39,836273.0,Cifras Definitivas
2022,11,Macrobús Servicio Alimentador,Pasajeros transportados con boleto pagado,14039.0,14,39,836273.0,Cifras Definitivas
2022,11,Macrobús Servicio Alimentador,Pasajeros transportados con descuento,14039.0,14,39,,Cifras Definitivas
2022,11,Macrobús Servicio Alimentador,Rutas,14039.0,14,39,15.0,Cifras Definitivas
2022,11,Sistema Integral del Tren Ligero,Autobuses en operación de lunes a viernes,14039.0,14,39,52.0,Cifras Definitivas
2022,11,Sistema Integral del Tren Ligero,Autobuses en operación de sábado a domingo,14039.0,14,39,52.0,Cifras Definitivas
2022,11,Sistema Integral del Tren Ligero,Kilómetros recorridos,14039.0,14,39,170666.0,Cifras Definitivas
2022,11,Sistema Integral del Tren Ligero,Pasajeros transportados,14039.0,14,39,274761.0,Cifras Definitivas
2022,11,Sistema Integral del Tren Ligero,Pasajeros transportados con boleto pagado,14039.0,14,39,266864.0,Cifras Definitivas
2022,11,Sistema Integral del Tren Ligero,Pasajeros transportados con cortesía,14039.0,14,39,7897.0,Cifras Definitivas
2022,11,Sistema Integral del Tren Ligero,Rutas,14039.0,14,39,3.0,Cifras Definitivas
2022,11,Mi Transporte Eléctrico,Autobuses en operación de lunes a viernes,14039.0,14,39,33.0,Cifras Definitivas
2022,11,Mi Transporte Eléctrico,Autobuses en operación de sábado a domingo,14039.0,14,39,32.0,Cifras Definitivas
2022,11,Mi Transporte Eléctrico,Kilómetros recorridos,14039.0,14,39,258266.0,Cifras Definitivas
2022,11,Mi Transporte Eléctrico,Pasajeros transportados,14039.0,14,39,315790.0,Cifras Definitivas
2022,11,Mi Transporte Eléctrico,Pasajeros transportados con boleto pagado,14039.0,14,39,275806.0,Cifras Definitivas
2022,11,Mi Transporte Eléctrico,Pasajeros transportados con cortesía,14039.0,14,39,1049.0,Cifras Definitivas
2022,11,Mi Transporte Eléctrico,Pasajeros transportados con descuento,14039.0,14,39,38935.0,Cifras Definitivas
2022,11,Mi Transporte Eléctrico,Rutas,14039.0,14,39,2.0,Cifras Definitivas
2022,11,Mi Macro Periférico Troncal,Autobuses en operación de lunes a viernes,14039.0,14,39,181.0,Cifras Definitivas
2022,11,Mi Macro Periférico Troncal,Autobuses en operación de sábado a domingo,14039.0,14,39,113.0,Cifras Definitivas
2022,11,Mi Macro Periférico Troncal,Kilómetros recorridos,14039.0,14,39,1632757.0,Cifras Definitivas
2022,11,Mi Macro Periférico Troncal,Pasajeros transportados,14039.0,14,39,7513568.0,Cifras Definitivas
2022,11,Mi Macro Periférico Troncal,Rutas,14039.0,14,39,6.0,Cifras Definitivas
2022,11,MI Macro Periférico Alimentador,Autobuses en operación de lunes a viernes,14039.0,14,39,133.0,Cifras Definitivas
2022,11,MI Macro Periférico Alimentador,Autobuses en operación de sábado a domingo,14039.0,14,39,95.0,Cifras Definitivas
2022,11,MI Macro Periférico Alimentador,Kilómetros recorridos,14039.0,14,39,933140.0,Cifras Definitivas
2022,11,MI Macro Periférico Alimentador,Pasajeros transportados,14039.0,14,39,1548069.0,Cifras Definitivas
2022,11,MI Macro Periférico Alimentador,Rutas,14039.0,14,39,8.0,Cifras Definitivas
2022,12,Tren Eléctrico,Ingresos por pasaje,14039.0,14,39,32023618.0,Cifras Definitivas
2022,12,Tren Eléctrico,Kilómetros recorridos,14039.0,14,39,735292.0,Cifras Definitivas
2022,12,Tren Eléctrico,Longitud de servicio,14039.0,14,39,47.0,Cifras Definitivas
2022,12,Tren Eléctrico,Pasajeros transportados,14039.0,14,39,11999303.0,Cifras Definitivas
2022,12,Tren Eléctrico,Unidades en operación,14039.0,14,39,56.0,Cifras Definitivas
2022,12,Trolebús,Ingresos por pasaje,14039.0,14,39,2846484.0,Cifras Definitivas
2022,12,Trolebús,Kilómetros recorridos,14039.0,14,39,45680.0,Cifras Definitivas
2022,12,Trolebús,Lineas en servicio,14039.0,14,39,1.0,Cifras Definitivas
2022,12,Trolebús,Longitud de servicio,14039.0,14,39,18.0,Cifras Definitivas
2022,12,Trolebús,Pasajeros transportados,14039.0,14,39,198907.0,Cifras Definitivas
2022,12,Trolebús,Unidades en operación,14039.0,14,39,10.0,Cifras Definitivas
2022,12,Macrobús Servicio Troncal,Autobuses en operación de lunes a viernes,14039.0,14,39,54.0,Cifras Definitivas
2022,12,Macrobús Servicio Troncal,Autobuses en operación de sábado a domingo,14039.0,14,39,54.0,Cifras Definitivas
2022,12,Macrobús Servicio Troncal,Ingresos por pasaje,14039.0,14,39,19304711.0,Cifras Definitivas
2022,12,Macrobús Servicio Troncal,Kilómetros recorridos,14039.0,14,39,350123.0,Cifras Definitivas
2022,12,Macrobús Servicio Troncal,Pasajeros transportados,14039.0,14,39,3176091.0,Cifras Definitivas
2022,12,Macrobús Servicio Troncal,Pasajeros transportados con boleto pagado,14039.0,14,39,3176091.0,Cifras Definitivas
2022,12,Macrobús Servicio Troncal,Pasajeros transportados con cortesía,14039.0,14,39,,Cifras Definitivas
2022,12,Macrobús Servicio Troncal,Pasajeros transportados con descuento,14039.0,14,39,,Cifras Definitivas
2022,12,Macrobús Servicio Troncal,Rutas,14039.0,14,39,2.0,Cifras Definitivas
2022,12,Macrobús Servicio Alimentador,Autobuses en operación de lunes a viernes,14039.0,14,39,63.0,Cifras Definitivas
2022,12,Macrobús Servicio Alimentador,Autobuses en operación de sábado a domingo,14039.0,14,39,60.0,Cifras Definitivas
2022,12,Macrobús Servicio Alimentador,Ingresos por pasaje,14039.0,14,39,12869808.0,Cifras Definitivas
2022,12,Macrobús Servicio Alimentador,Kilómetros recorridos,14039.0,14,39,379621.0,Cifras Definitivas
2022,12,Macrobús Servicio Alimentador,Pasajeros transportados,14039.0,14,39,959226.0,Cifras Definitivas
2022,12,Macrobús Servicio Alimentador,Pasajeros transportados con boleto pagado,14039.0,14,39,959226.0,Cifras Definitivas
2022,12,Macrobús Servicio Alimentador,Pasajeros transportados con descuento,14039.0,14,39,,Cifras Definitivas
2022,12,Macrobús Servicio Alimentador,Rutas,14039.0,14,39,15.0,Cifras Definitivas
2022,12,Sistema Integral del Tren Ligero,Autobuses en operación de lunes a viernes,14039.0,14,39,52.0,Cifras Definitivas
2022,12,Sistema Integral del Tren Ligero,Autobuses en operación de sábado a domingo,14039.0,14,39,52.0,Cifras Definitivas
2022,12,Sistema Integral del Tren Ligero,Kilómetros recorridos,14039.0,14,39,166420.0,Cifras Definitivas
2022,12,Sistema Integral del Tren Ligero,Pasajeros transportados,14039.0,14,39,243191.0,Cifras Definitivas
2022,12,Sistema Integral del Tren Ligero,Pasajeros transportados con boleto pagado,14039.0,14,39,238863.0,Cifras Definitivas
2022,12,Sistema Integral del Tren Ligero,Pasajeros transportados con cortesía,14039.0,14,39,4328.0,Cifras Definitivas
2022,12,Sistema Integral del Tren Ligero,Rutas,14039.0,14,39,3.0,Cifras Definitivas
2022,12,Mi Transporte Eléctrico,Autobuses en operación de lunes a viernes,14039.0,14,39,37.0,Cifras Definitivas
2022,12,Mi Transporte Eléctrico,Autobuses en operación de sábado a domingo,14039.0,14,39,34.0,Cifras Definitivas
2022,12,Mi Transporte Eléctrico,Kilómetros recorridos,14039.0,14,39,270956.0,Cifras Definitivas
2022,12,Mi Transporte Eléctrico,Pasajeros transportados,14039.0,14,39,298605.0,Cifras Definitivas
2022,12,Mi Transporte Eléctrico,Pasajeros transportados con boleto pagado,14039.0,14,39,270416.0,Cifras Definitivas
2022,12,Mi Transporte Eléctrico,Pasajeros transportados con cortesía,14039.0,14,39,860.0,Cifras Definitivas
2022,12,Mi Transporte Eléctrico,Pasajeros transportados con descuento,14039.0,14,39,27329.0,Cifras Definitivas
2022,12,Mi Transporte Eléctrico,Rutas,14039.0,14,39,2.0,Cifras Definitivas
2022,12,Mi Macro Periférico Troncal,Autobuses en operación de lunes a viernes,14039.0,14,39,169.0,Cifras Definitivas
2022,12,Mi Macro Periférico Troncal,Autobuses en operación de sábado a domingo,14039.0,14,39,129.0,Cifras Definitivas
2022,12,Mi Macro Periférico Troncal,Kilómetros recorridos,14039.0,14,39,1382912.0,Cifras Definitivas
2022,12,Mi Macro Periférico Troncal,Pasajeros transportados,14039.0,14,39,4959319.0,Cifras Definitivas
2022,12,Mi Macro Periférico Troncal,Rutas,14039.0,14,39,6.0,Cifras Definitivas
2022,12,MI Macro Periférico Alimentador,Autobuses en operación de lunes a viernes,14039.0,14,39,133.0,Cifras Definitivas
2022,12,MI Macro Periférico Alimentador,Autobuses en operación de sábado a domingo,14039.0,14,39,92.0,Cifras Definitivas
2022,12,MI Macro Periférico Alimentador,Kilómetros recorridos,14039.0,14,39,909835.0,Cifras Definitivas
2022,12,MI Macro Periférico Alimentador,Pasajeros transportados,14039.0,14,39,1680595.0,Cifras Definitivas
2022,12,MI Macro Periférico Alimentador,Rutas,14039.0,14,39,8.0,Cifras Definitivas
2023,1,Tren Eléctrico,Ingresos por pasaje,14039.0,14,39,32934655.0,Cifras Definitivas
2023,1,Tren Eléctrico,Kilómetros recorridos,14039.0,14,39,731042.0,Cifras Definitivas
2023,1,Tren Eléctrico,Longitud de servicio,14039.0,14,39,47.0,Cifras Definitivas
2023,1,Tren Eléctrico,Pasajeros transportados,14039.0,14,39,11644722.0,Cifras Definitivas
2023,1,Tren Eléctrico,Unidades en operación,14039.0,14,39,57.0,Cifras Definitivas
2023,1,Trolebús,Ingresos por pasaje,14039.0,14,39,2763151.0,Cifras Definitivas
2023,1,Trolebús,Kilómetros recorridos,14039.0,14,39,41169.0,Cifras Definitivas
2023,1,Trolebús,Lineas en servicio,14039.0,14,39,1.0,Cifras Definitivas
2023,1,Trolebús,Longitud de servicio,14039.0,14,39,18.0,Cifras Definitivas
2023,1,Trolebús,Pasajeros transportados,14039.0,14,39,190966.0,Cifras Definitivas
2023,1,Trolebús,Unidades en operación,14039.0,14,39,7.0,Cifras Definitivas
2023,1,Macrobús Servicio Troncal,Autobuses en operación de lunes a viernes,14039.0,14,39,54.0,Cifras Definitivas
2023,1,Macrobús Servicio Troncal,Autobuses en operación de sábado a domingo,14039.0,14,39,51.0,Cifras Definitivas
2023,1,Macrobús Servicio Troncal,Ingresos por pasaje,14039.0,14,39,20142619.0,Cifras Definitivas
2023,1,Macrobús Servicio Troncal,Kilómetros recorridos,14039.0,14,39,358110.0,Cifras Definitivas
2023,1,Macrobús Servicio Troncal,Pasajeros transportados,14039.0,14,39,2642044.0,Cifras Definitivas
2023,1,Macrobús Servicio Troncal,Pasajeros transportados con boleto pagado,14039.0,14,39,2642044.0,Cifras Definitivas
2023,1,Macrobús Servicio Troncal,Pasajeros transportados con cortesía,14039.0,14,39,,Cifras Definitivas
2023,1,Macrobús Servicio Troncal,Pasajeros transportados con descuento,14039.0,14,39,,Cifras Definitivas
2023,1,Macrobús Servicio Troncal,Rutas,14039.0,14,39,2.0,Cifras Definitivas
2023,1,Macrobús Servicio Alimentador,Autobuses en operación de lunes a viernes,14039.0,14,39,67.0,Cifras Definitivas
2023,1,Macrobús Servicio Alimentador,Autobuses en operación de sábado a domingo,14039.0,14,39,62.0,Cifras Definitivas
2023,1,Macrobús Servicio Alimentador,Ingresos por pasaje,14039.0,14,39,13428413.0,Cifras Definitivas
2023,1,Macrobús Servicio Alimentador,Kilómetros recorridos,14039.0,14,39,369491.0,Cifras Definitivas
2023,1,Macrobús Servicio Alimentador,Pasajeros transportados,14039.0,14,39,777294.0,Cifras Definitivas
2023,1,Macrobús Servicio Alimentador,Pasajeros transportados con boleto pagado,14039.0,14,39,777294.0,Cifras Definitivas
2023,1,Macrobús Servicio Alimentador,Pasajeros transportados con descuento,14039.0,14,39,,Cifras Definitivas
2023,1,Macrobús Servicio Alimentador,Rutas,14039.0,14,39,15.0,Cifras Definitivas
2023,1,Sistema Integral del Tren Ligero,Autobuses en operación de lunes a viernes,14039.0,14,39,31.0,Cifras Definitivas
2023,1,Sistema Integral del Tren Ligero,Autobuses en operación de sábado a domingo,14039.0,14,39,22.0,Cifras Definitivas
2023,1,Sistema Integral del Tren Ligero,Kilómetros recorridos,14039.0,14,39,169165.0,Cifras Definitivas
2023,1,Sistema Integral del Tren Ligero,Pasajeros transportados,14039.0,14,39,289740.0,Cifras Definitivas
2023,1,Sistema Integral del Tren Ligero,Pasajeros transportados con boleto pagado,14039.0,14,39,279907.0,Cifras Definitivas
2023,1,Sistema Integral del Tren Ligero,Pasajeros transportados con cortesía,14039.0,14,39,9833.0,Cifras Definitivas
2023,1,Sistema Integral del Tren Ligero,Rutas,14039.0,14,39,3.0,Cifras Definitivas
2023,1,Mi Transporte Eléctrico,Autobuses en operación de lunes a viernes,14039.0,14,39,35.0,Cifras Definitivas
2023,1,Mi Transporte Eléctrico,Autobuses en operación de sábado a domingo,14039.0,14,39,34.0,Cifras Definitivas
2023,1,Mi Transporte Eléctrico,Kilómetros recorridos,14039.0,14,39,271507.0,Cifras Definitivas
2023,1,Mi Transporte Eléctrico,Pasajeros transportados,14039.0,14,39,330633.0,Cifras Definitivas
2023,1,Mi Transporte Eléctrico,Pasajeros transportados con boleto pagado,14039.0,14,39,296857.0,Cifras Definitivas
2023,1,Mi Transporte Eléctrico,Pasajeros transportados con cortesía,14039.0,14,39,985.0,Cifras Definitivas
2023,1,Mi Transporte Eléctrico,Pasajeros transportados con descuento,14039.0,14,39,32791.0,Cifras Definitivas
2023,1,Mi Transporte Eléctrico,Rutas,14039.0,14,39,2.0,Cifras Definitivas
2023,1,Mi Macro Periférico Troncal,Autobuses en operación de lunes a viernes,14039.0,14,39,179.0,Cifras Definitivas
2023,1,Mi Macro Periférico Troncal,Autobuses en operación de sábado a domingo,14039.0,14,39,114.0,Cifras Definitivas
2023,1,Mi Macro Periférico Troncal,Kilómetros recorridos,14039.0,14,39,1899667.0,Cifras Definitivas
2023,1,Mi Macro Periférico Troncal,Pasajeros transportados,14039.0,14,39,6740080.0,Cifras Definitivas
2023,1,Mi Macro Periférico Troncal,Rutas,14039.0,14,39,6.0,Cifras Definitivas
2023,1,MI Macro Periférico Alimentador,Autobuses en operación de lunes a viernes,14039.0,14,39,132.0,Cifras Definitivas
2023,1,MI Macro Periférico Alimentador,Autobuses en operación de sábado a domingo,14039.0,14,39,93.0,Cifras Definitivas
2023,1,MI Macro Periférico Alimentador,Kilómetros recorridos,14039.0,14,39,853540.0,Cifras Definitivas
2023,1,MI Macro Periférico Alimentador,Pasajeros transportados,14039.0,14,39,1702256.0,Cifras Definitivas
2023,1,MI Macro Periférico Alimentador,Rutas,14039.0,14,39,8.0,Cifras Definitivas
2023,2,Tren Eléctrico,Ingresos por pasaje,14039.0,14,39,32142688.0,Cifras Definitivas
2023,2,Tren Eléctrico,Kilómetros recorridos,14039.0,14,39,670493.0,Cifras Definitivas
2023,2,Tren Eléctrico,Longitud de servicio,14039.0,14,39,47.0,Cifras Definitivas
2023,2,Tren Eléctrico,Pasajeros transportados,14039.0,14,39,11364706.0,Cifras Definitivas
2023,2,Tren Eléctrico,Unidades en operación,14039.0,14,39,57.0,Cifras Definitivas
2023,2,Trolebús,Ingresos por pasaje,14039.0,14,39,2790831.0,Cifras Definitivas
2023,2,Trolebús,Kilómetros recorridos,14039.0,14,39,35571.0,Cifras Definitivas
2023,2,Trolebús,Lineas en servicio,14039.0,14,39,1.0,Cifras Definitivas
2023,2,Trolebús,Longitud de servicio,14039.0,14,39,18.0,Cifras Definitivas
2023,2,Trolebús,Pasajeros transportados,14039.0,14,39,192879.0,Cifras Definitivas
2023,2,Trolebús,Unidades en operación,14039.0,14,39,7.0,Cifras Definitivas
2023,2,Macrobús Servicio Troncal,Autobuses en operación de lunes a viernes,14039.0,14,39,53.0,Cifras Definitivas
2023,2,Macrobús Servicio Troncal,Autobuses en operación de sábado a domingo,14039.0,14,39,53.0,Cifras Definitivas
2023,2,Macrobús Servicio Troncal,Ingresos por pasaje,14039.0,14,39,18400453.0,Cifras Definitivas
2023,2,Macrobús Servicio Troncal,Kilómetros recorridos,14039.0,14,39,310176.0,Cifras Definitivas
2023,2,Macrobús Servicio Troncal,Pasajeros transportados,14039.0,14,39,2845868.0,Cifras Definitivas
2023,2,Macrobús Servicio Troncal,Pasajeros transportados con boleto pagado,14039.0,14,39,2845868.0,Cifras Definitivas
2023,2,Macrobús Servicio Troncal,Pasajeros transportados con cortesía,14039.0,14,39,,Cifras Definitivas
2023,2,Macrobús Servicio Troncal,Pasajeros transportados con descuento,14039.0,14,39,,Cifras Definitivas
2023,2,Macrobús Servicio Troncal,Rutas,14039.0,14,39,2.0,Cifras Definitivas
2023,2,Macrobús Servicio Alimentador,Autobuses en operación de lunes a viernes,14039.0,14,39,71.0,Cifras Definitivas
2023,2,Macrobús Servicio Alimentador,Autobuses en operación de sábado a domingo,14039.0,14,39,62.0,Cifras Definitivas
2023,2,Macrobús Servicio Alimentador,Ingresos por pasaje,14039.0,14,39,12266968.0,Cifras Definitivas
2023,2,Macrobús Servicio Alimentador,Kilómetros recorridos,14039.0,14,39,324184.0,Cifras Definitivas
2023,2,Macrobús Servicio Alimentador,Pasajeros transportados,14039.0,14,39,814811.0,Cifras Definitivas
2023,2,Macrobús Servicio Alimentador,Pasajeros transportados con boleto pagado,14039.0,14,39,814811.0,Cifras Definitivas
2023,2,Macrobús Servicio Alimentador,Pasajeros transportados con descuento,14039.0,14,39,,Cifras Definitivas
2023,2,Macrobús Servicio Alimentador,Rutas,14039.0,14,39,15.0,Cifras Definitivas
2023,2,Sistema Integral del Tren Ligero,Autobuses en operación de lunes a viernes,14039.0,14,39,29.0,Cifras Definitivas
2023,2,Sistema Integral del Tren Ligero,Autobuses en operación de sábado a domingo,14039.0,14,39,20.0,Cifras Definitivas
2023,2,Sistema Integral del Tren Ligero,Kilómetros recorridos,14039.0,14,39,162570.0,Cifras Definitivas
2023,2,Sistema Integral del Tren Ligero,Pasajeros transportados,14039.0,14,39,308711.0,Cifras Definitivas
2023,2,Sistema Integral del Tren Ligero,Pasajeros transportados con boleto pagado,14039.0,14,39,296292.0,Cifras Definitivas
2023,2,Sistema Integral del Tren Ligero,Pasajeros transportados con cortesía,14039.0,14,39,12419.0,Cifras Definitivas
2023,2,Sistema Integral del Tren Ligero,Rutas,14039.0,14,39,3.0,Cifras Definitivas
2023,2,Mi Transporte Eléctrico,Autobuses en operación de lunes a viernes,14039.0,14,39,34.0,Cifras Definitivas
2023,2,Mi Transporte Eléctrico,Autobuses en operación de sábado a domingo,14039.0,14,39,32.0,Cifras Definitivas
2023,2,Mi Transporte Eléctrico,Kilómetros recorridos,14039.0,14,39,244597.0,Cifras Definitivas
2023,2,Mi Transporte Eléctrico,Pasajeros transportados,14039.0,14,39,312605.0,Cifras Definitivas
2023,2,Mi Transporte Eléctrico,Pasajeros transportados con boleto pagado,14039.0,14,39,274816.0,Cifras Definitivas
2023,2,Mi Transporte Eléctrico,Pasajeros transportados con cortesía,14039.0,14,39,1102.0,Cifras Definitivas
2023,2,Mi Transporte Eléctrico,Pasajeros transportados con descuento,14039.0,14,39,36687.0,Cifras Definitivas
2023,2,Mi Transporte Eléctrico,Rutas,14039.0,14,39,2.0,Cifras Definitivas
2023,2,Mi Macro Periférico Troncal,Autobuses en operación de lunes a viernes,14039.0,14,39,179.0,Cifras Definitivas
2023,2,Mi Macro Periférico Troncal,Autobuses en operación de sábado a domingo,14039.0,14,39,114.0,Cifras Definitivas
2023,2,Mi Macro Periférico Troncal,Kilómetros recorridos,14039.0,14,39,1617485.0,Cifras Definitivas
2023,2,Mi Macro Periférico Troncal,Pasajeros transportados,14039.0,14,39,6535377.0,Cifras Definitivas
2023,2,Mi Macro Periférico Troncal,Rutas,14039.0,14,39,6.0,Cifras Definitivas
2023,2,MI Macro Periférico Alimentador,Autobuses en operación de lunes a viernes,14039.0,14,39,130.0,Cifras Definitivas
2023,2,MI Macro Periférico Alimentador,Autobuses en operación de sábado a domingo,14039.0,14,39,93.0,Cifras Definitivas
2023,2,MI Macro Periférico Alimentador,Kilómetros recorridos,14039.0,14,39,933273.0,Cifras Definitivas
2023,2,MI Macro Periférico Alimentador,Pasajeros transportados,14039.0,14,39,1672092.0,Cifras Definitivas
2023,2,MI Macro Periférico Alimentador,Rutas,14039.0,14,39,9.0,Cifras Definitivas
2023,3,Tren Eléctrico,Ingresos por pasaje,14039.0,14,39,34054214.0,Cifras Definitivas
2023,3,Tren Eléctrico,Kilómetros recorridos,14039.0,14,39,735773.0,Cifras Definitivas
2023,3,Tren Eléctrico,Longitud de servicio,14039.0,14,39,47.0,Cifras Definitivas
2023,3,Tren Eléctrico,Pasajeros transportados,14039.0,14,39,12747706.0,Cifras Definitivas
2023,3,Tren Eléctrico,Unidades en operación,14039.0,14,39,57.0,Cifras Definitivas
2023,3,Trolebús,Ingresos por pasaje,14039.0,14,39,2880282.0,Cifras Definitivas
2023,3,Trolebús,Kilómetros recorridos,14039.0,14,39,38192.0,Cifras Definitivas
2023,3,Trolebús,Lineas en servicio,14039.0,14,39,1.0,Cifras Definitivas
2023,3,Trolebús,Longitud de servicio,14039.0,14,39,18.0,Cifras Definitivas
2023,3,Trolebús,Pasajeros transportados,14039.0,14,39,215016.0,Cifras Definitivas
2023,3,Trolebús,Unidades en operación,14039.0,14,39,7.0,Cifras Definitivas
2023,3,Macrobús Servicio Troncal,Autobuses en operación de lunes a viernes,14039.0,14,39,53.0,Cifras Definitivas
2023,3,Macrobús Servicio Troncal,Autobuses en operación de sábado a domingo,14039.0,14,39,50.0,Cifras Definitivas
2023,3,Macrobús Servicio Troncal,Ingresos por pasaje,14039.0,14,39,22090394.0,Cifras Definitivas
2023,3,Macrobús Servicio Troncal,Kilómetros recorridos,14039.0,14,39,361162.0,Cifras Definitivas
2023,3,Macrobús Servicio Troncal,Pasajeros transportados,14039.0,14,39,3578733.0,Cifras Definitivas
2023,3,Macrobús Servicio Troncal,Pasajeros transportados con boleto pagado,14039.0,14,39,3578733.0,Cifras Definitivas
2023,3,Macrobús Servicio Troncal,Pasajeros transportados con cortesía,14039.0,14,39,,Cifras Definitivas
2023,3,Macrobús Servicio Troncal,Pasajeros transportados con descuento,14039.0,14,39,,Cifras Definitivas
2023,3,Macrobús Servicio Troncal,Rutas,14039.0,14,39,2.0,Cifras Definitivas
2023,3,Macrobús Servicio Alimentador,Autobuses en operación de lunes a viernes,14039.0,14,39,66.0,Cifras Definitivas
2023,3,Macrobús Servicio Alimentador,Autobuses en operación de sábado a domingo,14039.0,14,39,58.0,Cifras Definitivas
2023,3,Macrobús Servicio Alimentador,Ingresos por pasaje,14039.0,14,39,14726929.0,Cifras Definitivas
2023,3,Macrobús Servicio Alimentador,Kilómetros recorridos,14039.0,14,39,383596.0,Cifras Definitivas
2023,3,Macrobús Servicio Alimentador,Pasajeros transportados,14039.0,14,39,1055395.0,Cifras Definitivas
2023,3,Macrobús Servicio Alimentador,Pasajeros transportados con boleto pagado,14039.0,14,39,1055395.0,Cifras Definitivas
2023,3,Macrobús Servicio Alimentador,Pasajeros transportados con descuento,14039.0,14,39,,Cifras Definitivas
2023,3,Macrobús Servicio Alimentador,Rutas,14039.0,14,39,15.0,Cifras Definitivas
2023,3,Sistema Integral del Tren Ligero,Autobuses en operación de lunes a viernes,14039.0,14,39,29.0,Cifras Definitivas
2023,3,Sistema Integral del Tren Ligero,Autobuses en operación de sábado a domingo,14039.0,14,39,20.0,Cifras Definitivas
2023,3,Sistema Integral del Tren Ligero,Kilómetros recorridos,14039.0,14,39,133948.0,Cifras Definitivas
2023,3,Sistema Integral del Tren Ligero,Pasajeros transportados,14039.0,14,39,319740.0,Cifras Definitivas
2023,3,Sistema Integral del Tren Ligero,Pasajeros transportados con boleto pagado,14039.0,14,39,308235.0,Cifras Definitivas
2023,3,Sistema Integral del Tren Ligero,Pasajeros transportados con cortesía,14039.0,14,39,11505.0,Cifras Definitivas
2023,3,Sistema Integral del Tren Ligero,Rutas,14039.0,14,39,3.0,Cifras Definitivas
2023,3,Mi Transporte Eléctrico,Autobuses en operación de lunes a viernes,14039.0,14,39,33.0,Cifras Definitivas
2023,3,Mi Transporte Eléctrico,Autobuses en operación de sábado a domingo,14039.0,14,39,31.0,Cifras Definitivas
2023,3,Mi Transporte Eléctrico,Kilómetros recorridos,14039.0,14,39,271507.0,Cifras Definitivas
2023,3,Mi Transporte Eléctrico,Pasajeros transportados,14039.0,14,39,355221.0,Cifras Definitivas
2023,3,Mi Transporte Eléctrico,Pasajeros transportados con boleto pagado,14039.0,14,39,304790.0,Cifras Definitivas
2023,3,Mi Transporte Eléctrico,Pasajeros transportados con cortesía,14039.0,14,39,1283.0,Cifras Definitivas
2023,3,Mi Transporte Eléctrico,Pasajeros transportados con descuento,14039.0,14,39,49148.0,Cifras Definitivas
2023,3,Mi Transporte Eléctrico,Rutas,14039.0,14,39,2.0,Cifras Definitivas
2023,3,Mi Macro Periférico Troncal,Autobuses en operación de lunes a viernes,14039.0,14,39,179.0,Cifras Definitivas
2023,3,Mi Macro Periférico Troncal,Autobuses en operación de sábado a domingo,14039.0,14,39,113.0,Cifras Definitivas
2023,3,Mi Macro Periférico Troncal,Kilómetros recorridos,14039.0,14,39,1822633.0,Cifras Definitivas
2023,3,Mi Macro Periférico Troncal,Pasajeros transportados,14039.0,14,39,7677425.0,Cifras Definitivas
2023,3,Mi Macro Periférico Troncal,Rutas,14039.0,14,39,6.0,Cifras Definitivas
2023,3,MI Macro Periférico Alimentador,Autobuses en operación de lunes a viernes,14039.0,14,39,133.0,Cifras Definitivas
2023,3,MI Macro Periférico Alimentador,Autobuses en operación de sábado a domingo,14039.0,14,39,116.0,Cifras Definitivas
2023,3,MI Macro Periférico Alimentador,Kilómetros recorridos,14039.0,14,39,1110889.0,Cifras Definitivas
2023,3,MI Macro Periférico Alimentador,Pasajeros transportados,14039.0,14,39,2128636.0,Cifras Definitivas
2023,3,MI Macro Periférico Alimentador,Rutas,14039.0,14,39,9.0,Cifras Definitivas
2023,4,Tren Eléctrico,Ingresos por pasaje,14039.0,14,39,29533324.0,Cifras Definitivas
2023,4,Tren Eléctrico,Kilómetros recorridos,14039.0,14,39,680849.0,Cifras Definitivas
2023,4,Tren Eléctrico,Longitud de servicio,14039.0,14,39,47.0,Cifras Definitivas
2023,4,Tren Eléctrico,Pasajeros transportados,14039.0,14,39,10681040.0,Cifras Definitivas
2023,4,Tren Eléctrico,Unidades en operación,14039.0,14,39,57.0,Cifras Definitivas
2023,4,Trolebús,Ingresos por pasaje,14039.0,14,39,2395064.0,Cifras Definitivas
2023,4,Trolebús,Kilómetros recorridos,14039.0,14,39,33092.0,Cifras Definitivas
2023,4,Trolebús,Lineas en servicio,14039.0,14,39,1.0,Cifras Definitivas
2023,4,Trolebús,Longitud de servicio,14039.0,14,39,18.0,Cifras Definitivas
2023,4,Trolebús,Pasajeros transportados,14039.0,14,39,178794.0,Cifras Definitivas
2023,4,Trolebús,Unidades en operación,14039.0,14,39,7.0,Cifras Definitivas
2023,4,Macrobús Servicio Troncal,Autobuses en operación de lunes a viernes,14039.0,14,39,54.0,Cifras Definitivas
2023,4,Macrobús Servicio Troncal,Autobuses en operación de sábado a domingo,14039.0,14,39,52.0,Cifras Definitivas
2023,4,Macrobús Servicio Troncal,Ingresos por pasaje,14039.0,14,39,20599906.0,Cifras Definitivas
2023,4,Macrobús Servicio Troncal,Kilómetros recorridos,14039.0,14,39,332443.0,Cifras Definitivas
2023,4,Macrobús Servicio Troncal,Pasajeros transportados,14039.0,14,39,2470739.0,Cifras Definitivas
2023,4,Macrobús Servicio Troncal,Pasajeros transportados con boleto pagado,14039.0,14,39,2470739.0,Cifras Definitivas
2023,4,Macrobús Servicio Troncal,Pasajeros transportados con cortesía,14039.0,14,39,,Cifras Definitivas
2023,4,Macrobús Servicio Troncal,Pasajeros transportados con descuento,14039.0,14,39,,Cifras Definitivas
2023,4,Macrobús Servicio Troncal,Rutas,14039.0,14,39,2.0,Cifras Definitivas
2023,4,Macrobús Servicio Alimentador,Autobuses en operación de lunes a viernes,14039.0,14,39,66.0,Cifras Definitivas
2023,4,Macrobús Servicio Alimentador,Autobuses en operación de sábado a domingo,14039.0,14,39,58.0,Cifras Definitivas
2023,4,Macrobús Servicio Alimentador,Ingresos por pasaje,14039.0,14,39,13733270.0,Cifras Definitivas
2023,4,Macrobús Servicio Alimentador,Kilómetros recorridos,14039.0,14,39,371186.0,Cifras Definitivas
2023,4,Macrobús Servicio Alimentador,Pasajeros transportados,14039.0,14,39,773348.0,Cifras Definitivas
2023,4,Macrobús Servicio Alimentador,Pasajeros transportados con boleto pagado,14039.0,14,39,773348.0,Cifras Definitivas
2023,4,Macrobús Servicio Alimentador,Pasajeros transportados con descuento,14039.0,14,39,,Cifras Definitivas
2023,4,Macrobús Servicio Alimentador,Rutas,14039.0,14,39,15.0,Cifras Definitivas
2023,4,Sistema Integral del Tren Ligero,Autobuses en operación de lunes a viernes,14039.0,14,39,29.0,Cifras Definitivas
2023,4,Sistema Integral del Tren Ligero,Autobuses en operación de sábado a domingo,14039.0,14,39,20.0,Cifras Definitivas
2023,4,Sistema Integral del Tren Ligero,Kilómetros recorridos,14039.0,14,39,151010.0,Cifras Definitivas
2023,4,Sistema Integral del Tren Ligero,Pasajeros transportados,14039.0,14,39,238614.0,Cifras Definitivas
2023,4,Sistema Integral del Tren Ligero,Pasajeros transportados con boleto pagado,14039.0,14,39,231836.0,Cifras Definitivas
2023,4,Sistema Integral del Tren Ligero,Pasajeros transportados con cortesía,14039.0,14,39,6778.0,Cifras Definitivas
2023,4,Sistema Integral del Tren Ligero,Rutas,14039.0,14,39,3.0,Cifras Definitivas
2023,4,Mi Transporte Eléctrico,Autobuses en operación de lunes a viernes,14039.0,14,39,34.0,Cifras Definitivas
2023,4,Mi Transporte Eléctrico,Autobuses en operación de sábado a domingo,14039.0,14,39,31.0,Cifras Definitivas
2023,4,Mi Transporte Eléctrico,Kilómetros recorridos,14039.0,14,39,262537.0,Cifras Definitivas
2023,4,Mi Transporte Eléctrico,Pasajeros transportados,14039.0,14,39,312008.0,Cifras Definitivas
2023,4,Mi Transporte Eléctrico,Pasajeros transportados con boleto pagado,14039.0,14,39,271538.0,Cifras Definitivas
2023,4,Mi Transporte Eléctrico,Pasajeros transportados con cortesía,14039.0,14,39,1087.0,Cifras Definitivas
2023,4,Mi Transporte Eléctrico,Pasajeros transportados con descuento,14039.0,14,39,39383.0,Cifras Definitivas
2023,4,Mi Transporte Eléctrico,Rutas,14039.0,14,39,2.0,Cifras Definitivas
2023,4,Mi Macro Periférico Troncal,Autobuses en operación de lunes a viernes,14039.0,14,39,178.0,Cifras Definitivas
2023,4,Mi Macro Periférico Troncal,Autobuses en operación de sábado a domingo,14039.0,14,39,99.0,Cifras Definitivas
2023,4,Mi Macro Periférico Troncal,Kilómetros recorridos,14039.0,14,39,1664340.0,Cifras Definitivas
2023,4,Mi Macro Periférico Troncal,Pasajeros transportados,14039.0,14,39,6421940.0,Cifras Definitivas
2023,4,Mi Macro Periférico Troncal,Rutas,14039.0,14,39,6.0,Cifras Definitivas
2023,4,MI Macro Periférico Alimentador,Autobuses en operación de lunes a viernes,14039.0,14,39,132.0,Cifras Definitivas
2023,4,MI Macro Periférico Alimentador,Autobuses en operación de sábado a domingo,14039.0,14,39,116.0,Cifras Definitivas
2023,4,MI Macro Periférico Alimentador,Kilómetros recorridos,14039.0,14,39,1037504.0,Cifras Definitivas
2023,4,MI Macro Periférico Alimentador,Pasajeros transportados,14039.0,14,39,1843537.0,Cifras Definitivas
2023,4,MI Macro Periférico Alimentador,Rutas,14039.0,14,39,9.0,Cifras Definitivas
2023,5,Tren Eléctrico,Ingresos por pasaje,14039.0,14,39,32879450.0,Cifras Definitivas
2023,5,Tren Eléctrico,Kilómetros recorridos,14039.0,14,39,739275.0,Cifras Definitivas
2023,5,Tren Eléctrico,Longitud de servicio,14039.0,14,39,47.0,Cifras Definitivas
2023,5,Tren Eléctrico,Pasajeros transportados,14039.0,14,39,12268035.0,Cifras Definitivas
2023,5,Tren Eléctrico,Unidades en operación,14039.0,14,39,57.0,Cifras Definitivas
2023,5,Trolebús,Ingresos por pasaje,14039.0,14,39,2736632.0,Cifras Definitivas
2023,5,Trolebús,Kilómetros recorridos,14039.0,14,39,36908.0,Cifras Definitivas
2023,5,Trolebús,Lineas en servicio,14039.0,14,39,1.0,Cifras Definitivas
2023,5,Trolebús,Longitud de servicio,14039.0,14,39,18.0,Cifras Definitivas
2023,5,Trolebús,Pasajeros transportados,14039.0,14,39,212750.0,Cifras Definitivas
2023,5,Trolebús,Unidades en operación,14039.0,14,39,7.0,Cifras Definitivas
2023,5,Macrobús Servicio Troncal,Autobuses en operación de lunes a viernes,14039.0,14,39,52.0,Cifras Definitivas
2023,5,Macrobús Servicio Troncal,Autobuses en operación de sábado a domingo,14039.0,14,39,50.0,Cifras Definitivas
2023,5,Macrobús Servicio Troncal,Ingresos por pasaje,14039.0,14,39,19766433.0,Cifras Definitivas
2023,5,Macrobús Servicio Troncal,Kilómetros recorridos,14039.0,14,39,345278.0,Cifras Definitivas
2023,5,Macrobús Servicio Troncal,Pasajeros transportados,14039.0,14,39,2690049.0,Cifras Definitivas
2023,5,Macrobús Servicio Troncal,Pasajeros transportados con boleto pagado,14039.0,14,39,2690049.0,Cifras Definitivas
2023,5,Macrobús Servicio Troncal,Pasajeros transportados con cortesía,14039.0,14,39,,Cifras Definitivas
2023,5,Macrobús Servicio Troncal,Pasajeros transportados con descuento,14039.0,14,39,,Cifras Definitivas
2023,5,Macrobús Servicio Troncal,Rutas,14039.0,14,39,2.0,Cifras Definitivas
2023,5,Macrobús Servicio Alimentador,Autobuses en operación de lunes a viernes,14039.0,14,39,61.0,Cifras Definitivas
2023,5,Macrobús Servicio Alimentador,Autobuses en operación de sábado a domingo,14039.0,14,39,58.0,Cifras Definitivas
2023,5,Macrobús Servicio Alimentador,Ingresos por pasaje,14039.0,14,39,13177622.0,Cifras Definitivas
2023,5,Macrobús Servicio Alimentador,Kilómetros recorridos,14039.0,14,39,376101.0,Cifras Definitivas
2023,5,Macrobús Servicio Alimentador,Pasajeros transportados,14039.0,14,39,867056.0,Cifras Definitivas
2023,5,Macrobús Servicio Alimentador,Pasajeros transportados con boleto pagado,14039.0,14,39,867056.0,Cifras Definitivas
2023,5,Macrobús Servicio Alimentador,Pasajeros transportados con descuento,14039.0,14,39,,Cifras Definitivas
2023,5,Macrobús Servicio Alimentador,Rutas,14039.0,14,39,15.0,Cifras Definitivas
2023,5,Sistema Integral del Tren Ligero,Autobuses en operación de lunes a viernes,14039.0,14,39,27.0,Cifras Definitivas
2023,5,Sistema Integral del Tren Ligero,Autobuses en operación de sábado a domingo,14039.0,14,39,20.0,Cifras Definitivas
2023,5,Sistema Integral del Tren Ligero,Kilómetros recorridos,14039.0,14,39,151585.0,Cifras Definitivas
2023,5,Sistema Integral del Tren Ligero,Pasajeros transportados,14039.0,14,39,280529.0,Cifras Definitivas
2023,5,Sistema Integral del Tren Ligero,Pasajeros transportados con boleto pagado,14039.0,14,39,271975.0,Cifras Definitivas
2023,5,Sistema Integral del Tren Ligero,Pasajeros transportados con cortesía,14039.0,14,39,8554.0,Cifras Definitivas
2023,5,Sistema Integral del Tren Ligero,Rutas,14039.0,14,39,3.0,Cifras Definitivas
2023,5,Mi Transporte Eléctrico,Autobuses en operación de lunes a viernes,14039.0,14,39,33.0,Cifras Definitivas
2023,5,Mi Transporte Eléctrico,Autobuses en operación de sábado a domingo,14039.0,14,39,32.0,Cifras Definitivas
2023,5,Mi Transporte Eléctrico,Kilómetros recorridos,14039.0,14,39,271507.0,Cifras Definitivas
2023,5,Mi Transporte Eléctrico,Pasajeros transportados,14039.0,14,39,350158.0,Cifras Definitivas
2023,5,Mi Transporte Eléctrico,Pasajeros transportados con boleto pagado,14039.0,14,39,301107.0,Cifras Definitivas
2023,5,Mi Transporte Eléctrico,Pasajeros transportados con cortesía,14039.0,14,39,1078.0,Cifras Definitivas
2023,5,Mi Transporte Eléctrico,Pasajeros transportados con descuento,14039.0,14,39,47973.0,Cifras Definitivas
2023,5,Mi Transporte Eléctrico,Rutas,14039.0,14,39,2.0,Cifras Definitivas
2023,5,Mi Macro Periférico Troncal,Autobuses en operación de lunes a viernes,14039.0,14,39,180.0,Cifras Definitivas
2023,5,Mi Macro Periférico Troncal,Autobuses en operación de sábado a domingo,14039.0,14,39,113.0,Cifras Definitivas
2023,5,Mi Macro Periférico Troncal,Kilómetros recorridos,14039.0,14,39,1942689.0,Cifras Definitivas
2023,5,Mi Macro Periférico Troncal,Pasajeros transportados,14039.0,14,39,7478889.0,Cifras Definitivas
2023,5,Mi Macro Periférico Troncal,Rutas,14039.0,14,39,6.0,Cifras Definitivas
2023,5,MI Macro Periférico Alimentador,Autobuses en operación de lunes a viernes,14039.0,14,39,131.0,Cifras Definitivas
2023,5,MI Macro Periférico Alimentador,Autobuses en operación de sábado a domingo,14039.0,14,39,114.0,Cifras Definitivas
2023,5,MI Macro Periférico Alimentador,Kilómetros recorridos,14039.0,14,39,961844.0,Cifras Definitivas
2023,5,MI Macro Periférico Alimentador,Pasajeros transportados,14039.0,14,39,2054267.0,Cifras Definitivas
2023,5,MI Macro Periférico Alimentador,Rutas,14039.0,14,39,10.0,Cifras Definitivas
2023,6,Tren Eléctrico,Ingresos por pasaje,14039.0,14,39,33988848.0,Cifras Definitivas
2023,6,Tren Eléctrico,Kilómetros recorridos,14039.0,14,39,715296.0,Cifras Definitivas
2023,6,Tren Eléctrico,Longitud de servicio,14039.0,14,39,47.0,Cifras Definitivas
2023,6,Tren Eléctrico,Pasajeros transportados,14039.0,14,39,12917800.0,Cifras Definitivas
2023,6,Tren Eléctrico,Unidades en operación,14039.0,14,39,57.0,Cifras Definitivas
2023,6,Trolebús,Ingresos por pasaje,14039.0,14,39,2515356.0,Cifras Definitivas
2023,6,Trolebús,Kilómetros recorridos,14039.0,14,39,34287.0,Cifras Definitivas
2023,6,Trolebús,Lineas en servicio,14039.0,14,39,1.0,Cifras Definitivas
2023,6,Trolebús,Longitud de servicio,14039.0,14,39,18.0,Cifras Definitivas
2023,6,Trolebús,Pasajeros transportados,14039.0,14,39,192603.0,Cifras Definitivas
2023,6,Trolebús,Unidades en operación,14039.0,14,39,7.0,Cifras Definitivas
2023,6,Macrobús Servicio Troncal,Autobuses en operación de lunes a viernes,14039.0,14,39,54.0,Cifras Definitivas
2023,6,Macrobús Servicio Troncal,Autobuses en operación de sábado a domingo,14039.0,14,39,48.0,Cifras Definitivas
2023,6,Macrobús Servicio Troncal,Ingresos por pasaje,14039.0,14,39,20724309.0,Cifras Definitivas
2023,6,Macrobús Servicio Troncal,Kilómetros recorridos,14039.0,14,39,349484.0,Cifras Definitivas
2023,6,Macrobús Servicio Troncal,Pasajeros transportados,14039.0,14,39,3064934.0,Cifras Definitivas
2023,6,Macrobús Servicio Troncal,Pasajeros transportados con boleto pagado,14039.0,14,39,3064934.0,Cifras Definitivas
2023,6,Macrobús Servicio Troncal,Pasajeros transportados con cortesía,14039.0,14,39,,Cifras Definitivas
2023,6,Macrobús Servicio Troncal,Pasajeros transportados con descuento,14039.0,14,39,,Cifras Definitivas
2023,6,Macrobús Servicio Troncal,Rutas,14039.0,14,39,2.0,Cifras Definitivas
2023,6,Macrobús Servicio Alimentador,Autobuses en operación de lunes a viernes,14039.0,14,39,65.0,Cifras Definitivas
2023,6,Macrobús Servicio Alimentador,Autobuses en operación de sábado a domingo,14039.0,14,39,59.0,Cifras Definitivas
2023,6,Macrobús Servicio Alimentador,Ingresos por pasaje,14039.0,14,39,13816206.0,Cifras Definitivas
2023,6,Macrobús Servicio Alimentador,Kilómetros recorridos,14039.0,14,39,364185.0,Cifras Definitivas
2023,6,Macrobús Servicio Alimentador,Pasajeros transportados,14039.0,14,39,1043630.0,Cifras Definitivas
2023,6,Macrobús Servicio Alimentador,Pasajeros transportados con boleto pagado,14039.0,14,39,1043630.0,Cifras Definitivas
2023,6,Macrobús Servicio Alimentador,Pasajeros transportados con descuento,14039.0,14,39,,Cifras Definitivas
2023,6,Macrobús Servicio Alimentador,Rutas,14039.0,14,39,15.0,Cifras Definitivas
2023,6,Sistema Integral del Tren Ligero,Autobuses en operación de lunes a viernes,14039.0,14,39,26.0,Cifras Definitivas
2023,6,Sistema Integral del Tren Ligero,Autobuses en operación de sábado a domingo,14039.0,14,39,17.0,Cifras Definitivas
2023,6,Sistema Integral del Tren Ligero,Kilómetros recorridos,14039.0,14,39,139194.0,Cifras Definitivas
2023,6,Sistema Integral del Tren Ligero,Pasajeros transportados,14039.0,14,39,245720.0,Cifras Definitivas
2023,6,Sistema Integral del Tren Ligero,Pasajeros transportados con boleto pagado,14039.0,14,39,240364.0,Cifras Definitivas
2023,6,Sistema Integral del Tren Ligero,Pasajeros transportados con cortesía,14039.0,14,39,5356.0,Cifras Definitivas
2023,6,Sistema Integral del Tren Ligero,Rutas,14039.0,14,39,3.0,Cifras Definitivas
2023,6,Mi Transporte Eléctrico,Autobuses en operación de lunes a viernes,14039.0,14,39,33.0,Cifras Definitivas
2023,6,Mi Transporte Eléctrico,Autobuses en operación de sábado a domingo,14039.0,14,39,32.0,Cifras Definitivas
2023,6,Mi Transporte Eléctrico,Kilómetros recorridos,14039.0,14,39,251975.0,Cifras Definitivas
2023,6,Mi Transporte Eléctrico,Pasajeros transportados,14039.0,14,39,307878.0,Cifras Definitivas
2023,6,Mi Transporte Eléctrico,Pasajeros transportados con boleto pagado,14039.0,14,39,273968.0,Cifras Definitivas
2023,6,Mi Transporte Eléctrico,Pasajeros transportados con cortesía,14039.0,14,39,966.0,Cifras Definitivas
2023,6,Mi Transporte Eléctrico,Pasajeros transportados con descuento,14039.0,14,39,32944.0,Cifras Definitivas
2023,6,Mi Transporte Eléctrico,Rutas,14039.0,14,39,2.0,Cifras Definitivas
2023,6,Mi Macro Periférico Troncal,Autobuses en operación de lunes a viernes,14039.0,14,39,179.0,Cifras Definitivas
2023,6,Mi Macro Periférico Troncal,Autobuses en operación de sábado a domingo,14039.0,14,39,114.0,Cifras Definitivas
2023,6,Mi Macro Periférico Troncal,Kilómetros recorridos,14039.0,14,39,1884471.0,Cifras Definitivas
2023,6,Mi Macro Periférico Troncal,Pasajeros transportados,14039.0,14,39,6503753.0,Cifras Definitivas
2023,6,Mi Macro Periférico Troncal,Rutas,14039.0,14,39,6.0,Cifras Definitivas
2023,6,MI Macro Periférico Alimentador,Autobuses en operación de lunes a viernes,14039.0,14,39,130.0,Cifras Definitivas
2023,6,MI Macro Periférico Alimentador,Autobuses en operación de sábado a domingo,14039.0,14,39,114.0,Cifras Definitivas
2023,6,MI Macro Periférico Alimentador,Kilómetros recorridos,14039.0,14,39,970952.0,Cifras Definitivas
2023,6,MI Macro Periférico Alimentador,Pasajeros transportados,14039.0,14,39,1922864.0,Cifras Definitivas
2023,6,MI Macro Periférico Alimentador,Rutas,14039.0,14,39,10.0,Cifras Definitivas
2023,7,Tren Eléctrico,Ingresos por pasaje,14039.0,14,39,34878256.0,Cifras Definitivas
2023,7,Tren Eléctrico,Kilómetros recorridos,14039.0,14,39,731832.0,Cifras Definitivas
2023,7,Tren Eléctrico,Longitud de servicio,14039.0,14,39,47.0,Cifras Definitivas
2023,7,Tren Eléctrico,Pasajeros transportados,14039.0,14,39,13103804.0,Cifras Definitivas
2023,7,Tren Eléctrico,Unidades en operación,14039.0,14,39,57.0,Cifras Definitivas
2023,7,Trolebús,Ingresos por pasaje,14039.0,14,39,2493525.0,Cifras Definitivas
2023,7,Trolebús,Kilómetros recorridos,14039.0,14,39,34251.0,Cifras Definitivas
2023,7,Trolebús,Lineas en servicio,14039.0,14,39,1.0,Cifras Definitivas
2023,7,Trolebús,Longitud de servicio,14039.0,14,39,18.0,Cifras Definitivas
2023,7,Trolebús,Pasajeros transportados,14039.0,14,39,189644.0,Cifras Definitivas
2023,7,Trolebús,Unidades en operación,14039.0,14,39,7.0,Cifras Definitivas
2023,7,Macrobús Servicio Troncal,Autobuses en operación de lunes a viernes,14039.0,14,39,55.0,Cifras Definitivas
2023,7,Macrobús Servicio Troncal,Autobuses en operación de sábado a domingo,14039.0,14,39,51.0,Cifras Definitivas
2023,7,Macrobús Servicio Troncal,Ingresos por pasaje,14039.0,14,39,18047344.0,Cifras Definitivas
2023,7,Macrobús Servicio Troncal,Kilómetros recorridos,14039.0,14,39,350172.0,Cifras Definitivas
2023,7,Macrobús Servicio Troncal,Pasajeros transportados,14039.0,14,39,2397150.0,Cifras Definitivas
2023,7,Macrobús Servicio Troncal,Pasajeros transportados con boleto pagado,14039.0,14,39,2397150.0,Cifras Definitivas
2023,7,Macrobús Servicio Troncal,Pasajeros transportados con cortesía,14039.0,14,39,,Cifras Definitivas
2023,7,Macrobús Servicio Troncal,Pasajeros transportados con descuento,14039.0,14,39,,Cifras Definitivas
2023,7,Macrobús Servicio Troncal,Rutas,14039.0,14,39,2.0,Cifras Definitivas
2023,7,Macrobús Servicio Alimentador,Autobuses en operación de lunes a viernes,14039.0,14,39,65.0,Cifras Definitivas
2023,7,Macrobús Servicio Alimentador,Autobuses en operación de sábado a domingo,14039.0,14,39,58.0,Cifras Definitivas
2023,7,Macrobús Servicio Alimentador,Ingresos por pasaje,14039.0,14,39,12031563.0,Cifras Definitivas
2023,7,Macrobús Servicio Alimentador,Kilómetros recorridos,14039.0,14,39,368161.0,Cifras Definitivas
2023,7,Macrobús Servicio Alimentador,Pasajeros transportados,14039.0,14,39,803852.0,Cifras Definitivas
2023,7,Macrobús Servicio Alimentador,Pasajeros transportados con boleto pagado,14039.0,14,39,803852.0,Cifras Definitivas
2023,7,Macrobús Servicio Alimentador,Pasajeros transportados con descuento,14039.0,14,39,,Cifras Definitivas
2023,7,Macrobús Servicio Alimentador,Rutas,14039.0,14,39,15.0,Cifras Definitivas
2023,7,Sistema Integral del Tren Ligero,Autobuses en operación de lunes a viernes,14039.0,14,39,26.0,Cifras Definitivas
2023,7,Sistema Integral del Tren Ligero,Autobuses en operación de sábado a domingo,14039.0,14,39,17.0,Cifras Definitivas
2023,7,Sistema Integral del Tren Ligero,Kilómetros recorridos,14039.0,14,39,147936.0,Cifras Definitivas
2023,7,Sistema Integral del Tren Ligero,Pasajeros transportados,14039.0,14,39,250811.0,Cifras Definitivas
2023,7,Sistema Integral del Tren Ligero,Pasajeros transportados con boleto pagado,14039.0,14,39,245477.0,Cifras Definitivas
2023,7,Sistema Integral del Tren Ligero,Pasajeros transportados con cortesía,14039.0,14,39,5334.0,Cifras Definitivas
2023,7,Sistema Integral del Tren Ligero,Rutas,14039.0,14,39,3.0,Cifras Definitivas
2023,7,Mi Transporte Eléctrico,Autobuses en operación de lunes a viernes,14039.0,14,39,31.0,Cifras Definitivas
2023,7,Mi Transporte Eléctrico,Autobuses en operación de sábado a domingo,14039.0,14,39,31.0,Cifras Definitivas
2023,7,Mi Transporte Eléctrico,Kilómetros recorridos,14039.0,14,39,260395.0,Cifras Definitivas
2023,7,Mi Transporte Eléctrico,Pasajeros transportados,14039.0,14,39,309554.0,Cifras Definitivas
2023,7,Mi Transporte Eléctrico,Pasajeros transportados con boleto pagado,14039.0,14,39,277879.0,Cifras Definitivas
2023,7,Mi Transporte Eléctrico,Pasajeros transportados con cortesía,14039.0,14,39,915.0,Cifras Definitivas
2023,7,Mi Transporte Eléctrico,Pasajeros transportados con descuento,14039.0,14,39,30760.0,Cifras Definitivas
2023,7,Mi Transporte Eléctrico,Rutas,14039.0,14,39,2.0,Cifras Definitivas
2023,7,Mi Macro Periférico Troncal,Autobuses en operación de lunes a viernes,14039.0,14,39,179.0,Cifras Definitivas
2023,7,Mi Macro Periférico Troncal,Autobuses en operación de sábado a domingo,14039.0,14,39,112.0,Cifras Definitivas
2023,7,Mi Macro Periférico Troncal,Kilómetros recorridos,14039.0,14,39,1892339.0,Cifras Definitivas
2023,7,Mi Macro Periférico Troncal,Pasajeros transportados,14039.0,14,39,6609425.0,Cifras Definitivas
2023,7,Mi Macro Periférico Troncal,Rutas,14039.0,14,39,6.0,Cifras Definitivas
2023,7,MI Macro Periférico Alimentador,Autobuses en operación de lunes a viernes,14039.0,14,39,128.0,Cifras Definitivas
2023,7,MI Macro Periférico Alimentador,Autobuses en operación de sábado a domingo,14039.0,14,39,112.0,Cifras Definitivas
2023,7,MI Macro Periférico Alimentador,Kilómetros recorridos,14039.0,14,39,972392.0,Cifras Definitivas
2023,7,MI Macro Periférico Alimentador,Pasajeros transportados,14039.0,14,39,1936302.0,Cifras Definitivas
2023,7,MI Macro Periférico Alimentador,Rutas,14039.0,14,39,10.0,Cifras Definitivas
2023,8,Tren Eléctrico,Ingresos por pasaje,14039.0,14,39,36051360.0,Cifras Definitivas
2023,8,Tren Eléctrico,Kilómetros recorridos,14039.0,14,39,739660.0,Cifras Definitivas
2023,8,Tren Eléctrico,Longitud de servicio,14039.0,14,39,47.0,Cifras Definitivas
2023,8,Tren Eléctrico,Pasajeros transportados,14039.0,14,39,14305149.0,Cifras Definitivas
2023,8,Tren Eléctrico,Unidades en operación,14039.0,14,39,57.0,Cifras Definitivas
2023,8,Trolebús,Ingresos por pasaje,14039.0,14,39,2530569.0,Cifras Definitivas
2023,8,Trolebús,Kilómetros recorridos,14039.0,14,39,37158.0,Cifras Definitivas
2023,8,Trolebús,Lineas en servicio,14039.0,14,39,1.0,Cifras Definitivas
2023,8,Trolebús,Longitud de servicio,14039.0,14,39,18.0,Cifras Definitivas
2023,8,Trolebús,Pasajeros transportados,14039.0,14,39,197501.0,Cifras Definitivas
2023,8,Trolebús,Unidades en operación,14039.0,14,39,10.0,Cifras Definitivas
2023,8,Macrobús Servicio Troncal,Autobuses en operación de lunes a viernes,14039.0,14,39,53.0,Cifras Definitivas
2023,8,Macrobús Servicio Troncal,Autobuses en operación de sábado a domingo,14039.0,14,39,50.0,Cifras Definitivas
2023,8,Macrobús Servicio Troncal,Ingresos por pasaje,14039.0,14,39,20821996.0,Cifras Definitivas
2023,8,Macrobús Servicio Troncal,Kilómetros recorridos,14039.0,14,39,359456.0,Cifras Definitivas
2023,8,Macrobús Servicio Troncal,Pasajeros transportados,14039.0,14,39,3346076.0,Cifras Definitivas
2023,8,Macrobús Servicio Troncal,Pasajeros transportados con boleto pagado,14039.0,14,39,3346076.0,Cifras Definitivas
2023,8,Macrobús Servicio Troncal,Pasajeros transportados con cortesía,14039.0,14,39,,Cifras Definitivas
2023,8,Macrobús Servicio Troncal,Pasajeros transportados con descuento,14039.0,14,39,,Cifras Definitivas
2023,8,Macrobús Servicio Troncal,Rutas,14039.0,14,39,2.0,Cifras Definitivas
2023,8,Macrobús Servicio Alimentador,Autobuses en operación de lunes a viernes,14039.0,14,39,64.0,Cifras Definitivas
2023,8,Macrobús Servicio Alimentador,Autobuses en operación de sábado a domingo,14039.0,14,39,58.0,Cifras Definitivas
2023,8,Macrobús Servicio Alimentador,Ingresos por pasaje,14039.0,14,39,13881330.0,Cifras Definitivas
2023,8,Macrobús Servicio Alimentador,Kilómetros recorridos,14039.0,14,39,335424.0,Cifras Definitivas
2023,8,Macrobús Servicio Alimentador,Pasajeros transportados,14039.0,14,39,1072346.0,Cifras Definitivas
2023,8,Macrobús Servicio Alimentador,Pasajeros transportados con boleto pagado,14039.0,14,39,1072346.0,Cifras Definitivas
2023,8,Macrobús Servicio Alimentador,Pasajeros transportados con descuento,14039.0,14,39,,Cifras Definitivas
2023,8,Macrobús Servicio Alimentador,Rutas,14039.0,14,39,15.0,Cifras Definitivas
2023,8,Sistema Integral del Tren Ligero,Autobuses en operación de lunes a viernes,14039.0,14,39,28.0,Cifras Definitivas
2023,8,Sistema Integral del Tren Ligero,Autobuses en operación de sábado a domingo,14039.0,14,39,19.0,Cifras Definitivas
2023,8,Sistema Integral del Tren Ligero,Kilómetros recorridos,14039.0,14,39,172709.0,Cifras Definitivas
2023,8,Sistema Integral del Tren Ligero,Pasajeros transportados,14039.0,14,39,318315.0,Cifras Definitivas
2023,8,Sistema Integral del Tren Ligero,Pasajeros transportados con boleto pagado,14039.0,14,39,307576.0,Cifras Definitivas
2023,8,Sistema Integral del Tren Ligero,Pasajeros transportados con cortesía,14039.0,14,39,10739.0,Cifras Definitivas
2023,8,Sistema Integral del Tren Ligero,Rutas,14039.0,14,39,3.0,Cifras Definitivas
2023,8,Mi Transporte Eléctrico,Autobuses en operación de lunes a viernes,14039.0,14,39,32.0,Cifras Definitivas
2023,8,Mi Transporte Eléctrico,Autobuses en operación de sábado a domingo,14039.0,14,39,31.0,Cifras Definitivas
2023,8,Mi Transporte Eléctrico,Kilómetros recorridos,14039.0,14,39,259798.0,Cifras Definitivas
2023,8,Mi Transporte Eléctrico,Pasajeros transportados,14039.0,14,39,358845.0,Cifras Definitivas
2023,8,Mi Transporte Eléctrico,Pasajeros transportados con boleto pagado,14039.0,14,39,314982.0,Cifras Definitivas
2023,8,Mi Transporte Eléctrico,Pasajeros transportados con cortesía,14039.0,14,39,1004.0,Cifras Definitivas
2023,8,Mi Transporte Eléctrico,Pasajeros transportados con descuento,14039.0,14,39,42859.0,Cifras Definitivas
2023,8,Mi Transporte Eléctrico,Rutas,14039.0,14,39,2.0,Cifras Definitivas
2023,8,Mi Macro Periférico Troncal,Autobuses en operación de lunes a viernes,14039.0,14,39,182.0,Cifras Definitivas
2023,8,Mi Macro Periférico Troncal,Autobuses en operación de sábado a domingo,14039.0,14,39,121.0,Cifras Definitivas
2023,8,Mi Macro Periférico Troncal,Kilómetros recorridos,14039.0,14,39,1896360.0,Cifras Definitivas
2023,8,Mi Macro Periférico Troncal,Pasajeros transportados,14039.0,14,39,6882825.0,Cifras Definitivas
2023,8,Mi Macro Periférico Troncal,Rutas,14039.0,14,39,6.0,Cifras Definitivas
2023,8,MI Macro Periférico Alimentador,Autobuses en operación de lunes a viernes,14039.0,14,39,132.0,Cifras Definitivas
2023,8,MI Macro Periférico Alimentador,Autobuses en operación de sábado a domingo,14039.0,14,39,112.0,Cifras Definitivas
2023,8,MI Macro Periférico Alimentador,Kilómetros recorridos,14039.0,14,39,932993.0,Cifras Definitivas
2023,8,MI Macro Periférico Alimentador,Pasajeros transportados,14039.0,14,39,2050160.0,Cifras Definitivas
2023,8,MI Macro Periférico Alimentador,Rutas,14039.0,14,39,10.0,Cifras Definitivas
2023,9,Tren Eléctrico,Ingresos por pasaje,14039.0,14,39,36245986.0,Cifras Definitivas
2023,9,Tren Eléctrico,Kilómetros recorridos,14039.0,14,39,731718.0,Cifras Definitivas
2023,9,Tren Eléctrico,Longitud de servicio,14039.0,14,39,47.0,Cifras Definitivas
2023,9,Tren Eléctrico,Pasajeros transportados,14039.0,14,39,14386635.0,Cifras Definitivas
2023,9,Tren Eléctrico,Unidades en operación,14039.0,14,39,57.0,Cifras Definitivas
2023,9,Trolebús,Ingresos por pasaje,14039.0,14,39,2429951.0,Cifras Definitivas
2023,9,Trolebús,Kilómetros recorridos,14039.0,14,39,41580.0,Cifras Definitivas
2023,9,Trolebús,Lineas en servicio,14039.0,14,39,1.0,Cifras Definitivas
2023,9,Trolebús,Longitud de servicio,14039.0,14,39,18.0,Cifras Definitivas
2023,9,Trolebús,Pasajeros transportados,14039.0,14,39,193712.0,Cifras Definitivas
2023,9,Trolebús,Unidades en operación,14039.0,14,39,10.0,Cifras Definitivas
2023,9,Macrobús Servicio Troncal,Autobuses en operación de lunes a viernes,14039.0,14,39,53.0,Cifras Definitivas
2023,9,Macrobús Servicio Troncal,Autobuses en operación de sábado a domingo,14039.0,14,39,51.0,Cifras Definitivas
2023,9,Macrobús Servicio Troncal,Ingresos por pasaje,14039.0,14,39,19774777.0,Cifras Definitivas
2023,9,Macrobús Servicio Troncal,Kilómetros recorridos,14039.0,14,39,344448.0,Cifras Definitivas
2023,9,Macrobús Servicio Troncal,Pasajeros transportados,14039.0,14,39,3114873.0,Cifras Definitivas
2023,9,Macrobús Servicio Troncal,Pasajeros transportados con boleto pagado,14039.0,14,39,3114873.0,Cifras Definitivas
2023,9,Macrobús Servicio Troncal,Pasajeros transportados con cortesía,14039.0,14,39,,Cifras Definitivas
2023,9,Macrobús Servicio Troncal,Pasajeros transportados con descuento,14039.0,14,39,,Cifras Definitivas
2023,9,Macrobús Servicio Troncal,Rutas,14039.0,14,39,2.0,Cifras Definitivas
2023,9,Macrobús Servicio Alimentador,Autobuses en operación de lunes a viernes,14039.0,14,39,66.0,Cifras Definitivas
2023,9,Macrobús Servicio Alimentador,Autobuses en operación de sábado a domingo,14039.0,14,39,64.0,Cifras Definitivas
2023,9,Macrobús Servicio Alimentador,Ingresos por pasaje,14039.0,14,39,13183185.0,Cifras Definitivas
2023,9,Macrobús Servicio Alimentador,Kilómetros recorridos,14039.0,14,39,433752.0,Cifras Definitivas
2023,9,Macrobús Servicio Alimentador,Pasajeros transportados,14039.0,14,39,966516.0,Cifras Definitivas
2023,9,Macrobús Servicio Alimentador,Pasajeros transportados con boleto pagado,14039.0,14,39,966516.0,Cifras Definitivas
2023,9,Macrobús Servicio Alimentador,Pasajeros transportados con descuento,14039.0,14,39,,Cifras Definitivas
2023,9,Macrobús Servicio Alimentador,Rutas,14039.0,14,39,15.0,Cifras Definitivas
2023,9,Sistema Integral del Tren Ligero,Autobuses en operación de lunes a viernes,14039.0,14,39,28.0,Cifras Definitivas
2023,9,Sistema Integral del Tren Ligero,Autobuses en operación de sábado a domingo,14039.0,14,39,19.0,Cifras Definitivas
2023,9,Sistema Integral del Tren Ligero,Kilómetros recorridos,14039.0,14,39,160753.0,Cifras Definitivas
2023,9,Sistema Integral del Tren Ligero,Pasajeros transportados,14039.0,14,39,281634.0,Cifras Definitivas
2023,9,Sistema Integral del Tren Ligero,Pasajeros transportados con boleto pagado,14039.0,14,39,272790.0,Cifras Definitivas
2023,9,Sistema Integral del Tren Ligero,Pasajeros transportados con cortesía,14039.0,14,39,8844.0,Cifras Definitivas
2023,9,Sistema Integral del Tren Ligero,Rutas,14039.0,14,39,3.0,Cifras Definitivas
2023,9,Mi Transporte Eléctrico,Autobuses en operación de lunes a viernes,14039.0,14,39,33.0,Cifras Definitivas
2023,9,Mi Transporte Eléctrico,Autobuses en operación de sábado a domingo,14039.0,14,39,32.0,Cifras Definitivas
2023,9,Mi Transporte Eléctrico,Kilómetros recorridos,14039.0,14,39,252940.0,Cifras Definitivas
2023,9,Mi Transporte Eléctrico,Pasajeros transportados,14039.0,14,39,370506.0,Cifras Definitivas
2023,9,Mi Transporte Eléctrico,Pasajeros transportados con boleto pagado,14039.0,14,39,315765.0,Cifras Definitivas
2023,9,Mi Transporte Eléctrico,Pasajeros transportados con cortesía,14039.0,14,39,1091.0,Cifras Definitivas
2023,9,Mi Transporte Eléctrico,Pasajeros transportados con descuento,14039.0,14,39,53650.0,Cifras Definitivas
2023,9,Mi Transporte Eléctrico,Rutas,14039.0,14,39,2.0,Cifras Definitivas
2023,9,Mi Macro Periférico Troncal,Autobuses en operación de lunes a viernes,14039.0,14,39,183.0,Cifras Definitivas
2023,9,Mi Macro Periférico Troncal,Autobuses en operación de sábado a domingo,14039.0,14,39,122.0,Cifras Definitivas
2023,9,Mi Macro Periférico Troncal,Kilómetros recorridos,14039.0,14,39,1739744.0,Cifras Definitivas
2023,9,Mi Macro Periférico Troncal,Pasajeros transportados,14039.0,14,39,7676799.0,Cifras Definitivas
2023,9,Mi Macro Periférico Troncal,Rutas,14039.0,14,39,6.0,Cifras Definitivas
2023,9,MI Macro Periférico Alimentador,Autobuses en operación de lunes a viernes,14039.0,14,39,121.0,Cifras Definitivas
2023,9,MI Macro Periférico Alimentador,Autobuses en operación de sábado a domingo,14039.0,14,39,105.0,Cifras Definitivas
2023,9,MI Macro Periférico Alimentador,Kilómetros recorridos,14039.0,14,39,883277.0,Cifras Definitivas
2023,9,MI Macro Periférico Alimentador,Pasajeros transportados,14039.0,14,39,2113489.0,Cifras Definitivas
2023,9,MI Macro Periférico Alimentador,Rutas,14039.0,14,39,10.0,Cifras Definitivas
2023,10,Tren Eléctrico,Ingresos por pasaje,14039.0,14,39,38581440.0,Cifras Definitivas
2023,10,Tren Eléctrico,Kilómetros recorridos,14039.0,14,39,765238.0,Cifras Definitivas
2023,10,Tren Eléctrico,Longitud de servicio,14039.0,14,39,47.0,Cifras Definitivas
2023,10,Tren Eléctrico,Pasajeros transportados,14039.0,14,39,15402903.0,Cifras Definitivas
2023,10,Tren Eléctrico,Unidades en operación,14039.0,14,39,57.0,Cifras Definitivas
2023,10,Trolebús,Ingresos por pasaje,14039.0,14,39,2697659.0,Cifras Definitivas
2023,10,Trolebús,Kilómetros recorridos,14039.0,14,39,43470.0,Cifras Definitivas
2023,10,Trolebús,Lineas en servicio,14039.0,14,39,1.0,Cifras Definitivas
2023,10,Trolebús,Longitud de servicio,14039.0,14,39,18.0,Cifras Definitivas
2023,10,Trolebús,Pasajeros transportados,14039.0,14,39,206656.0,Cifras Definitivas
2023,10,Trolebús,Unidades en operación,14039.0,14,39,10.0,Cifras Definitivas
2023,10,Macrobús Servicio Troncal,Autobuses en operación de lunes a viernes,14039.0,14,39,50.0,Cifras Definitivas
2023,10,Macrobús Servicio Troncal,Autobuses en operación de sábado a domingo,14039.0,14,39,47.0,Cifras Definitivas
2023,10,Macrobús Servicio Troncal,Ingresos por pasaje,14039.0,14,39,25319138.0,Cifras Definitivas
2023,10,Macrobús Servicio Troncal,Kilómetros recorridos,14039.0,14,39,355305.0,Cifras Definitivas
2023,10,Macrobús Servicio Troncal,Pasajeros transportados,14039.0,14,39,3235123.0,Cifras Definitivas
2023,10,Macrobús Servicio Troncal,Pasajeros transportados con boleto pagado,14039.0,14,39,3235123.0,Cifras Definitivas
2023,10,Macrobús Servicio Troncal,Pasajeros transportados con cortesía,14039.0,14,39,,Cifras Definitivas
2023,10,Macrobús Servicio Troncal,Pasajeros transportados con descuento,14039.0,14,39,,Cifras Definitivas
2023,10,Macrobús Servicio Troncal,Rutas,14039.0,14,39,2.0,Cifras Definitivas
2023,10,Macrobús Servicio Alimentador,Autobuses en operación de lunes a viernes,14039.0,14,39,66.0,Cifras Definitivas
2023,10,Macrobús Servicio Alimentador,Autobuses en operación de sábado a domingo,14039.0,14,39,64.0,Cifras Definitivas
2023,10,Macrobús Servicio Alimentador,Ingresos por pasaje,14039.0,14,39,16879425.0,Cifras Definitivas
2023,10,Macrobús Servicio Alimentador,Kilómetros recorridos,14039.0,14,39,512354.0,Cifras Definitivas
2023,10,Macrobús Servicio Alimentador,Pasajeros transportados,14039.0,14,39,1014276.0,Cifras Definitivas
2023,10,Macrobús Servicio Alimentador,Pasajeros transportados con boleto pagado,14039.0,14,39,1014276.0,Cifras Definitivas
2023,10,Macrobús Servicio Alimentador,Pasajeros transportados con descuento,14039.0,14,39,,Cifras Definitivas
2023,10,Macrobús Servicio Alimentador,Rutas,14039.0,14,39,15.0,Cifras Definitivas
2023,10,Sistema Integral del Tren Ligero,Autobuses en operación de lunes a viernes,14039.0,14,39,28.0,Cifras Definitivas
2023,10,Sistema Integral del Tren Ligero,Autobuses en operación de sábado a domingo,14039.0,14,39,19.0,Cifras Definitivas
2023,10,Sistema Integral del Tren Ligero,Kilómetros recorridos,14039.0,14,39,150852.0,Cifras Definitivas
2023,10,Sistema Integral del Tren Ligero,Pasajeros transportados,14039.0,14,39,252657.0,Cifras Definitivas
2023,10,Sistema Integral del Tren Ligero,Pasajeros transportados con boleto pagado,14039.0,14,39,245197.0,Cifras Definitivas
2023,10,Sistema Integral del Tren Ligero,Pasajeros transportados con cortesía,14039.0,14,39,7460.0,Cifras Definitivas
2023,10,Sistema Integral del Tren Ligero,Rutas,14039.0,14,39,3.0,Cifras Definitivas
2023,10,Mi Transporte Eléctrico,Autobuses en operación de lunes a viernes,14039.0,14,39,38.0,Cifras Definitivas
2023,10,Mi Transporte Eléctrico,Autobuses en operación de sábado a domingo,14039.0,14,39,34.0,Cifras Definitivas
2023,10,Mi Transporte Eléctrico,Kilómetros recorridos,14039.0,14,39,328936.0,Cifras Definitivas
2023,10,Mi Transporte Eléctrico,Pasajeros transportados,14039.0,14,39,383718.0,Cifras Definitivas
2023,10,Mi Transporte Eléctrico,Pasajeros transportados con boleto pagado,14039.0,14,39,325723.0,Cifras Definitivas
2023,10,Mi Transporte Eléctrico,Pasajeros transportados con cortesía,14039.0,14,39,1076.0,Cifras Definitivas
2023,10,Mi Transporte Eléctrico,Pasajeros transportados con descuento,14039.0,14,39,56919.0,Cifras Definitivas
2023,10,Mi Transporte Eléctrico,Rutas,14039.0,14,39,2.0,Cifras Definitivas
2023,10,Mi Macro Periférico Troncal,Autobuses en operación de lunes a viernes,14039.0,14,39,182.0,Cifras Definitivas
2023,10,Mi Macro Periférico Troncal,Autobuses en operación de sábado a domingo,14039.0,14,39,122.0,Cifras Definitivas
2023,10,Mi Macro Periférico Troncal,Kilómetros recorridos,14039.0,14,39,1814320.0,Cifras Definitivas
2023,10,Mi Macro Periférico Troncal,Pasajeros transportados,14039.0,14,39,8093105.0,Cifras Definitivas
2023,10,Mi Macro Periférico Troncal,Rutas,14039.0,14,39,6.0,Cifras Definitivas
2023,10,MI Macro Periférico Alimentador,Autobuses en operación de lunes a viernes,14039.0,14,39,134.0,Cifras Definitivas
2023,10,MI Macro Periférico Alimentador,Autobuses en operación de sábado a domingo,14039.0,14,39,111.0,Cifras Definitivas
2023,10,MI Macro Periférico Alimentador,Kilómetros recorridos,14039.0,14,39,985900.0,Cifras Definitivas
2023,10,MI Macro Periférico Alimentador,Pasajeros transportados,14039.0,14,39,2231889.0,Cifras Definitivas
2023,10,MI Macro Periférico Alimentador,Rutas,14039.0,14,39,10.0,Cifras Definitivas
2023,11,Tren Eléctrico,Ingresos por pasaje,14039.0,14,39,36871121.0,Cifras Definitivas
2023,11,Tren Eléctrico,Kilómetros recorridos,14039.0,14,39,736153.0,Cifras Definitivas
2023,11,Tren Eléctrico,Longitud de servicio,14039.0,14,39,47.0,Cifras Definitivas
2023,11,Tren Eléctrico,Pasajeros transportados,14039.0,14,39,14743733.0,Cifras Definitivas
2023,11,Tren Eléctrico,Unidades en operación,14039.0,14,39,57.0,Cifras Definitivas
2023,11,Trolebús,Ingresos por pasaje,14039.0,14,39,2573378.0,Cifras Definitivas
2023,11,Trolebús,Kilómetros recorridos,14039.0,14,39,36962.0,Cifras Definitivas
2023,11,Trolebús,Lineas en servicio,14039.0,14,39,1.0,Cifras Definitivas
2023,11,Trolebús,Longitud de servicio,14039.0,14,39,18.0,Cifras Definitivas
2023,11,Trolebús,Pasajeros transportados,14039.0,14,39,195596.0,Cifras Definitivas
2023,11,Trolebús,Unidades en operación,14039.0,14,39,7.0,Cifras Definitivas
2023,11,Macrobús Servicio Troncal,Autobuses en operación de lunes a viernes,14039.0,14,39,55.0,Cifras Definitivas
2023,11,Macrobús Servicio Troncal,Autobuses en operación de sábado a domingo,14039.0,14,39,49.0,Cifras Definitivas
2023,11,Macrobús Servicio Troncal,Ingresos por pasaje,14039.0,14,39,21879573.0,Cifras Definitivas
2023,11,Macrobús Servicio Troncal,Kilómetros recorridos,14039.0,14,39,341632.0,Cifras Definitivas
2023,11,Macrobús Servicio Troncal,Pasajeros transportados,14039.0,14,39,3116751.0,Cifras Definitivas
2023,11,Macrobús Servicio Troncal,Pasajeros transportados con boleto pagado,14039.0,14,39,3116751.0,Cifras Definitivas
2023,11,Macrobús Servicio Troncal,Pasajeros transportados con cortesía,14039.0,14,39,,Cifras Definitivas
2023,11,Macrobús Servicio Troncal,Pasajeros transportados con descuento,14039.0,14,39,,Cifras Definitivas
2023,11,Macrobús Servicio Troncal,Rutas,14039.0,14,39,2.0,Cifras Definitivas
2023,11,Macrobús Servicio Alimentador,Autobuses en operación de lunes a viernes,14039.0,14,39,66.0,Cifras Definitivas
2023,11,Macrobús Servicio Alimentador,Autobuses en operación de sábado a domingo,14039.0,14,39,66.0,Cifras Definitivas
2023,11,Macrobús Servicio Alimentador,Ingresos por pasaje,14039.0,14,39,14586382.0,Cifras Definitivas
2023,11,Macrobús Servicio Alimentador,Kilómetros recorridos,14039.0,14,39,508411.0,Cifras Definitivas
2023,11,Macrobús Servicio Alimentador,Pasajeros transportados,14039.0,14,39,1015091.0,Cifras Definitivas
2023,11,Macrobús Servicio Alimentador,Pasajeros transportados con boleto pagado,14039.0,14,39,1015091.0,Cifras Definitivas
2023,11,Macrobús Servicio Alimentador,Pasajeros transportados con descuento,14039.0,14,39,,Cifras Definitivas
2023,11,Macrobús Servicio Alimentador,Rutas,14039.0,14,39,15.0,Cifras Definitivas
2023,11,Sistema Integral del Tren Ligero,Autobuses en operación de lunes a viernes,14039.0,14,39,28.0,Cifras Definitivas
2023,11,Sistema Integral del Tren Ligero,Autobuses en operación de sábado a domingo,14039.0,14,39,19.0,Cifras Definitivas
2023,11,Sistema Integral del Tren Ligero,Kilómetros recorridos,14039.0,14,39,139083.0,Cifras Definitivas
2023,11,Sistema Integral del Tren Ligero,Pasajeros transportados,14039.0,14,39,269978.0,Cifras Definitivas
2023,11,Sistema Integral del Tren Ligero,Pasajeros transportados con boleto pagado,14039.0,14,39,261292.0,Cifras Definitivas
2023,11,Sistema Integral del Tren Ligero,Pasajeros transportados con cortesía,14039.0,14,39,8686.0,Cifras Definitivas
2023,11,Sistema Integral del Tren Ligero,Rutas,14039.0,14,39,3.0,Cifras Definitivas
2023,11,Mi Transporte Eléctrico,Autobuses en operación de lunes a viernes,14039.0,14,39,38.0,Cifras Definitivas
2023,11,Mi Transporte Eléctrico,Autobuses en operación de sábado a domingo,14039.0,14,39,33.0,Cifras Definitivas
2023,11,Mi Transporte Eléctrico,Kilómetros recorridos,14039.0,14,39,318555.0,Cifras Definitivas
2023,11,Mi Transporte Eléctrico,Pasajeros transportados,14039.0,14,39,358085.0,Cifras Definitivas
2023,11,Mi Transporte Eléctrico,Pasajeros transportados con boleto pagado,14039.0,14,39,305209.0,Cifras Definitivas
2023,11,Mi Transporte Eléctrico,Pasajeros transportados con cortesía,14039.0,14,39,989.0,Cifras Definitivas
2023,11,Mi Transporte Eléctrico,Pasajeros transportados con descuento,14039.0,14,39,51887.0,Cifras Definitivas
2023,11,Mi Transporte Eléctrico,Rutas,14039.0,14,39,2.0,Cifras Definitivas
2023,11,Mi Macro Periférico Troncal,Autobuses en operación de lunes a viernes,14039.0,14,39,182.0,Cifras Definitivas
2023,11,Mi Macro Periférico Troncal,Autobuses en operación de sábado a domingo,14039.0,14,39,122.0,Cifras Definitivas
2023,11,Mi Macro Periférico Troncal,Kilómetros recorridos,14039.0,14,39,1756355.0,Cifras Definitivas
2023,11,Mi Macro Periférico Troncal,Pasajeros transportados,14039.0,14,39,7632897.0,Cifras Definitivas
2023,11,Mi Macro Periférico Troncal,Rutas,14039.0,14,39,6.0,Cifras Definitivas
2023,11,MI Macro Periférico Alimentador,Autobuses en operación de lunes a viernes,14039.0,14,39,136.0,Cifras Definitivas
2023,11,MI Macro Periférico Alimentador,Autobuses en operación de sábado a domingo,14039.0,14,39,110.0,Cifras Definitivas
2023,11,MI Macro Periférico Alimentador,Kilómetros recorridos,14039.0,14,39,806846.0,Cifras Definitivas
2023,11,MI Macro Periférico Alimentador,Pasajeros transportados,14039.0,14,39,2196239.0,Cifras Definitivas
2023,11,MI Macro Periférico Alimentador,Rutas,14039.0,14,39,11.0,Cifras Definitivas
2023,12,Tren Eléctrico,Ingresos por pasaje,14039.0,14,39,35482080.0,Cifras Definitivas
2023,12,Tren Eléctrico,Kilómetros recorridos,14039.0,14,39,734257.0,Cifras Definitivas
2023,12,Tren Eléctrico,Longitud de servicio,14039.0,14,39,47.0,Cifras Definitivas
2023,12,Tren Eléctrico,Pasajeros transportados,14039.0,14,39,14156741.0,Cifras Definitivas
2023,12,Tren Eléctrico,Unidades en operación,14039.0,14,39,57.0,Cifras Definitivas
2023,12,Trolebús,Ingresos por pasaje,14039.0,14,39,2537740.0,Cifras Definitivas
2023,12,Trolebús,Kilómetros recorridos,14039.0,14,39,34875.0,Cifras Definitivas
2023,12,Trolebús,Lineas en servicio,14039.0,14,39,1.0,Cifras Definitivas
2023,12,Trolebús,Longitud de servicio,14039.0,14,39,18.0,Cifras Definitivas
2023,12,Trolebús,Pasajeros transportados,14039.0,14,39,180602.0,Cifras Definitivas
2023,12,Trolebús,Unidades en operación,14039.0,14,39,7.0,Cifras Definitivas
2023,12,Macrobús Servicio Troncal,Autobuses en operación de lunes a viernes,14039.0,14,39,56.0,Cifras Definitivas
2023,12,Macrobús Servicio Troncal,Autobuses en operación de sábado a domingo,14039.0,14,39,49.0,Cifras Definitivas
2023,12,Macrobús Servicio Troncal,Ingresos por pasaje,14039.0,14,39,21961064.0,Cifras Definitivas
2023,12,Macrobús Servicio Troncal,Kilómetros recorridos,14039.0,14,39,355424.0,Cifras Definitivas
2023,12,Macrobús Servicio Troncal,Pasajeros transportados,14039.0,14,39,2808721.0,Cifras Definitivas
2023,12,Macrobús Servicio Troncal,Pasajeros transportados con boleto pagado,14039.0,14,39,2808721.0,Cifras Definitivas
2023,12,Macrobús Servicio Troncal,Pasajeros transportados con cortesía,14039.0,14,39,,Cifras Definitivas
2023,12,Macrobús Servicio Troncal,Pasajeros transportados con descuento,14039.0,14,39,,Cifras Definitivas
2023,12,Macrobús Servicio Troncal,Rutas,14039.0,14,39,2.0,Cifras Definitivas
2023,12,Macrobús Servicio Alimentador,Autobuses en operación de lunes a viernes,14039.0,14,39,64.0,Cifras Definitivas
2023,12,Macrobús Servicio Alimentador,Autobuses en operación de sábado a domingo,14039.0,14,39,64.0,Cifras Definitivas
2023,12,Macrobús Servicio Alimentador,Ingresos por pasaje,14039.0,14,39,14640709.0,Cifras Definitivas
2023,12,Macrobús Servicio Alimentador,Kilómetros recorridos,14039.0,14,39,505207.0,Cifras Definitivas
2023,12,Macrobús Servicio Alimentador,Pasajeros transportados,14039.0,14,39,948995.0,Cifras Definitivas
2023,12,Macrobús Servicio Alimentador,Pasajeros transportados con boleto pagado,14039.0,14,39,948995.0,Cifras Definitivas
2023,12,Macrobús Servicio Alimentador,Pasajeros transportados con descuento,14039.0,14,39,,Cifras Definitivas
2023,12,Macrobús Servicio Alimentador,Rutas,14039.0,14,39,15.0,Cifras Definitivas
2023,12,Sistema Integral del Tren Ligero,Autobuses en operación de lunes a viernes,14039.0,14,39,27.0,Cifras Definitivas
2023,12,Sistema Integral del Tren Ligero,Autobuses en operación de sábado a domingo,14039.0,14,39,18.0,Cifras Definitivas
2023,12,Sistema Integral del Tren Ligero,Kilómetros recorridos,14039.0,14,39,152500.0,Cifras Definitivas
2023,12,Sistema Integral del Tren Ligero,Pasajeros transportados,14039.0,14,39,224056.0,Cifras Definitivas
2023,12,Sistema Integral del Tren Ligero,Pasajeros transportados con boleto pagado,14039.0,14,39,219135.0,Cifras Definitivas
2023,12,Sistema Integral del Tren Ligero,Pasajeros transportados con cortesía,14039.0,14,39,4921.0,Cifras Definitivas
2023,12,Sistema Integral del Tren Ligero,Rutas,14039.0,14,39,3.0,Cifras Definitivas
2023,12,Mi Transporte Eléctrico,Autobuses en operación de lunes a viernes,14039.0,14,39,38.0,Cifras Definitivas
2023,12,Mi Transporte Eléctrico,Autobuses en operación de sábado a domingo,14039.0,14,39,31.0,Cifras Definitivas
2023,12,Mi Transporte Eléctrico,Kilómetros recorridos,14039.0,14,39,325308.0,Cifras Definitivas
2023,12,Mi Transporte Eléctrico,Pasajeros transportados,14039.0,14,39,319880.0,Cifras Definitivas
2023,12,Mi Transporte Eléctrico,Pasajeros transportados con boleto pagado,14039.0,14,39,287658.0,Cifras Definitivas
2023,12,Mi Transporte Eléctrico,Pasajeros transportados con cortesía,14039.0,14,39,708.0,Cifras Definitivas
2023,12,Mi Transporte Eléctrico,Pasajeros transportados con descuento,14039.0,14,39,31514.0,Cifras Definitivas
2023,12,Mi Transporte Eléctrico,Rutas,14039.0,14,39,2.0,Cifras Definitivas
2023,12,Mi Macro Periférico Troncal,Autobuses en operación de lunes a viernes,14039.0,14,39,178.0,Cifras Definitivas
2023,12,Mi Macro Periférico Troncal,Autobuses en operación de sábado a domingo,14039.0,14,39,122.0,Cifras Definitivas
2023,12,Mi Macro Periférico Troncal,Kilómetros recorridos,14039.0,14,39,1542835.0,Cifras Definitivas
2023,12,Mi Macro Periférico Troncal,Pasajeros transportados,14039.0,14,39,6873482.0,Cifras Definitivas
2023,12,Mi Macro Periférico Troncal,Rutas,14039.0,14,39,6.0,Cifras Definitivas
2023,12,MI Macro Periférico Alimentador,Autobuses en operación de lunes a viernes,14039.0,14,39,112.0,Cifras Definitivas
2023,12,MI Macro Periférico Alimentador,Autobuses en operación de sábado a domingo,14039.0,14,39,86.0,Cifras Definitivas
2023,12,MI Macro Periférico Alimentador,Kilómetros recorridos,14039.0,14,39,812738.0,Cifras Definitivas
2023,12,MI Macro Periférico Alimentador,Pasajeros transportados,14039.0,14,39,1928180.0,Cifras Definitivas
2023,12,MI Macro Periférico Alimentador,Rutas,14039.0,14,39,11.0,Cifras Definitivas
2024,1,Tren Eléctrico,Ingresos por pasaje,14039.0,14,39,34856609.0,Cifras Definitivas
2024,1,Tren Eléctrico,Kilómetros recorridos,14039.0,14,39,735977.0,Cifras Definitivas
2024,1,Tren Eléctrico,Longitud de servicio,14039.0,14,39,47.0,Cifras Definitivas
2024,1,Tren Eléctrico,Pasajeros transportados,14039.0,14,39,13891879.0,Cifras Definitivas
2024,1,Tren Eléctrico,Unidades en operación,14039.0,14,39,57.0,Cifras Definitivas
2024,1,Trolebús,Ingresos por pasaje,14039.0,14,39,2634418.0,Cifras Definitivas
2024,1,Trolebús,Kilómetros recorridos,14039.0,14,39,36658.0,Cifras Definitivas
2024,1,Trolebús,Lineas en servicio,14039.0,14,39,1.0,Cifras Definitivas
2024,1,Trolebús,Longitud de servicio,14039.0,14,39,18.0,Cifras Definitivas
2024,1,Trolebús,Pasajeros transportados,14039.0,14,39,184181.0,Cifras Definitivas
2024,1,Trolebús,Unidades en operación,14039.0,14,39,7.0,Cifras Definitivas
2024,1,Macrobús Servicio Troncal,Autobuses en operación de lunes a viernes,14039.0,14,39,50.0,Cifras Definitivas
2024,1,Macrobús Servicio Troncal,Autobuses en operación de sábado a domingo,14039.0,14,39,49.0,Cifras Definitivas
2024,1,Macrobús Servicio Troncal,Ingresos por pasaje,14039.0,14,39,21462753.0,Cifras Definitivas
2024,1,Macrobús Servicio Troncal,Kilómetros recorridos,14039.0,14,39,344928.0,Cifras Definitivas
2024,1,Macrobús Servicio Troncal,Pasajeros transportados,14039.0,14,39,2968691.0,Cifras Definitivas
2024,1,Macrobús Servicio Troncal,Pasajeros transportados con boleto pagado,14039.0,14,39,2968691.0,Cifras Definitivas
2024,1,Macrobús Servicio Troncal,Pasajeros transportados con cortesía,14039.0,14,39,,Cifras Definitivas
2024,1,Macrobús Servicio Troncal,Pasajeros transportados con descuento,14039.0,14,39,,Cifras Definitivas
2024,1,Macrobús Servicio Troncal,Rutas,14039.0,14,39,2.0,Cifras Definitivas
2024,1,Macrobús Servicio Alimentador,Autobuses en operación de lunes a viernes,14039.0,14,39,64.0,Cifras Definitivas
2024,1,Macrobús Servicio Alimentador,Autobuses en operación de sábado a domingo,14039.0,14,39,63.0,Cifras Definitivas
2024,1,Macrobús Servicio Alimentador,Ingresos por pasaje,14039.0,14,39,14308502.0,Cifras Definitivas
2024,1,Macrobús Servicio Alimentador,Kilómetros recorridos,14039.0,14,39,458005.0,Cifras Definitivas
2024,1,Macrobús Servicio Alimentador,Pasajeros transportados,14039.0,14,39,1001807.0,Cifras Definitivas
2024,1,Macrobús Servicio Alimentador,Pasajeros transportados con boleto pagado,14039.0,14,39,1001807.0,Cifras Definitivas
2024,1,Macrobús Servicio Alimentador,Pasajeros transportados con descuento,14039.0,14,39,,Cifras Definitivas
2024,1,Macrobús Servicio Alimentador,Rutas,14039.0,14,39,15.0,Cifras Definitivas
2024,1,Sistema Integral del Tren Ligero,Autobuses en operación de lunes a viernes,14039.0,14,39,29.0,Cifras Definitivas
2024,1,Sistema Integral del Tren Ligero,Autobuses en operación de sábado a domingo,14039.0,14,39,20.0,Cifras Definitivas
2024,1,Sistema Integral del Tren Ligero,Kilómetros recorridos,14039.0,14,39,173028.0,Cifras Definitivas
2024,1,Sistema Integral del Tren Ligero,Pasajeros transportados,14039.0,14,39,242710.0,Cifras Definitivas
2024,1,Sistema Integral del Tren Ligero,Pasajeros transportados con boleto pagado,14039.0,14,39,234038.0,Cifras Definitivas
2024,1,Sistema Integral del Tren Ligero,Pasajeros transportados con cortesía,14039.0,14,39,8672.0,Cifras Definitivas
2024,1,Sistema Integral del Tren Ligero,Rutas,14039.0,14,39,3.0,Cifras Definitivas
2024,1,Mi Transporte Eléctrico,Autobuses en operación de lunes a viernes,14039.0,14,39,37.0,Cifras Definitivas
2024,1,Mi Transporte Eléctrico,Autobuses en operación de sábado a domingo,14039.0,14,39,30.0,Cifras Definitivas
2024,1,Mi Transporte Eléctrico,Kilómetros recorridos,14039.0,14,39,301109.0,Cifras Definitivas
2024,1,Mi Transporte Eléctrico,Pasajeros transportados,14039.0,14,39,352128.0,Cifras Definitivas
2024,1,Mi Transporte Eléctrico,Pasajeros transportados con boleto pagado,14039.0,14,39,312922.0,Cifras Definitivas
2024,1,Mi Transporte Eléctrico,Pasajeros transportados con cortesía,14039.0,14,39,962.0,Cifras Definitivas
2024,1,Mi Transporte Eléctrico,Pasajeros transportados con descuento,14039.0,14,39,38244.0,Cifras Definitivas
2024,1,Mi Transporte Eléctrico,Rutas,14039.0,14,39,2.0,Cifras Definitivas
2024,1,Mi Macro Periférico Troncal,Autobuses en operación de lunes a viernes,14039.0,14,39,180.0,Cifras Definitivas
2024,1,Mi Macro Periférico Troncal,Autobuses en operación de sábado a domingo,14039.0,14,39,115.0,Cifras Definitivas
2024,1,Mi Macro Periférico Troncal,Kilómetros recorridos,14039.0,14,39,1759651.0,Cifras Definitivas
2024,1,Mi Macro Periférico Troncal,Pasajeros transportados,14039.0,14,39,6750200.0,Cifras Definitivas
2024,1,Mi Macro Periférico Troncal,Rutas,14039.0,14,39,6.0,Cifras Definitivas
2024,1,MI Macro Periférico Alimentador,Autobuses en operación de lunes a viernes,14039.0,14,39,109.0,Cifras Definitivas
2024,1,MI Macro Periférico Alimentador,Autobuses en operación de sábado a domingo,14039.0,14,39,84.0,Cifras Definitivas
2024,1,MI Macro Periférico Alimentador,Kilómetros recorridos,14039.0,14,39,887412.0,Cifras Definitivas
2024,1,MI Macro Periférico Alimentador,Pasajeros transportados,14039.0,14,39,2053011.0,Cifras Definitivas
2024,1,MI Macro Periférico Alimentador,Rutas,14039.0,14,39,12.0,Cifras Definitivas
2024,2,Tren Eléctrico,Ingresos por pasaje,14039.0,14,39,34930448.0,Cifras Definitivas
2024,2,Tren Eléctrico,Kilómetros recorridos,14039.0,14,39,694984.0,Cifras Definitivas
2024,2,Tren Eléctrico,Longitud de servicio,14039.0,14,39,47.0,Cifras Definitivas
2024,2,Tren Eléctrico,Pasajeros transportados,14039.0,14,39,13963058.0,Cifras Definitivas
2024,2,Tren Eléctrico,Unidades en operación,14039.0,14,39,57.0,Cifras Definitivas
2024,2,Trolebús,Ingresos por pasaje,14039.0,14,39,2601284.0,Cifras Definitivas
2024,2,Trolebús,Kilómetros recorridos,14039.0,14,39,30650.0,Cifras Definitivas
2024,2,Trolebús,Lineas en servicio,14039.0,14,39,1.0,Cifras Definitivas
2024,2,Trolebús,Longitud de servicio,14039.0,14,39,18.0,Cifras Definitivas
2024,2,Trolebús,Pasajeros transportados,14039.0,14,39,163724.0,Cifras Definitivas
2024,2,Trolebús,Unidades en operación,14039.0,14,39,7.0,Cifras Definitivas
2024,2,Macrobús Servicio Troncal,Autobuses en operación de lunes a viernes,14039.0,14,39,50.0,Cifras Definitivas
2024,2,Macrobús Servicio Troncal,Autobuses en operación de sábado a domingo,14039.0,14,39,49.0,Cifras Definitivas
2024,2,Macrobús Servicio Troncal,Ingresos por pasaje,14039.0,14,39,20347819.0,Cifras Definitivas
2024,2,Macrobús Servicio Troncal,Kilómetros recorridos,14039.0,14,39,317904.0,Cifras Definitivas
2024,2,Macrobús Servicio Troncal,Pasajeros transportados,14039.0,14,39,2996354.0,Cifras Definitivas
2024,2,Macrobús Servicio Troncal,Pasajeros transportados con boleto pagado,14039.0,14,39,2996354.0,Cifras Definitivas
2024,2,Macrobús Servicio Troncal,Pasajeros transportados con cortesía,14039.0,14,39,,Cifras Definitivas
2024,2,Macrobús Servicio Troncal,Pasajeros transportados con descuento,14039.0,14,39,,Cifras Definitivas
2024,2,Macrobús Servicio Troncal,Rutas,14039.0,14,39,2.0,Cifras Definitivas
2024,2,Macrobús Servicio Alimentador,Autobuses en operación de lunes a viernes,14039.0,14,39,63.0,Cifras Definitivas
2024,2,Macrobús Servicio Alimentador,Autobuses en operación de sábado a domingo,14039.0,14,39,61.0,Cifras Definitivas
2024,2,Macrobús Servicio Alimentador,Ingresos por pasaje,14039.0,14,39,13565213.0,Cifras Definitivas
2024,2,Macrobús Servicio Alimentador,Kilómetros recorridos,14039.0,14,39,410164.0,Cifras Definitivas
2024,2,Macrobús Servicio Alimentador,Pasajeros transportados,14039.0,14,39,987272.0,Cifras Definitivas
2024,2,Macrobús Servicio Alimentador,Pasajeros transportados con boleto pagado,14039.0,14,39,987272.0,Cifras Definitivas
2024,2,Macrobús Servicio Alimentador,Pasajeros transportados con descuento,14039.0,14,39,,Cifras Definitivas
2024,2,Macrobús Servicio Alimentador,Rutas,14039.0,14,39,15.0,Cifras Definitivas
2024,2,Sistema Integral del Tren Ligero,Autobuses en operación de lunes a viernes,14039.0,14,39,28.0,Cifras Definitivas
2024,2,Sistema Integral del Tren Ligero,Autobuses en operación de sábado a domingo,14039.0,14,39,19.0,Cifras Definitivas
2024,2,Sistema Integral del Tren Ligero,Kilómetros recorridos,14039.0,14,39,183050.0,Cifras Definitivas
2024,2,Sistema Integral del Tren Ligero,Pasajeros transportados,14039.0,14,39,247581.0,Cifras Definitivas
2024,2,Sistema Integral del Tren Ligero,Pasajeros transportados con boleto pagado,14039.0,14,39,238808.0,Cifras Definitivas
2024,2,Sistema Integral del Tren Ligero,Pasajeros transportados con cortesía,14039.0,14,39,8773.0,Cifras Definitivas
2024,2,Sistema Integral del Tren Ligero,Rutas,14039.0,14,39,3.0,Cifras Definitivas
2024,2,Mi Transporte Eléctrico,Autobuses en operación de lunes a viernes,14039.0,14,39,36.0,Cifras Definitivas
2024,2,Mi Transporte Eléctrico,Autobuses en operación de sábado a domingo,14039.0,14,39,31.0,Cifras Definitivas
2024,2,Mi Transporte Eléctrico,Kilómetros recorridos,14039.0,14,39,279795.0,Cifras Definitivas
2024,2,Mi Transporte Eléctrico,Pasajeros transportados,14039.0,14,39,344696.0,Cifras Definitivas
2024,2,Mi Transporte Eléctrico,Pasajeros transportados con boleto pagado,14039.0,14,39,299380.0,Cifras Definitivas
2024,2,Mi Transporte Eléctrico,Pasajeros transportados con cortesía,14039.0,14,39,829.0,Cifras Definitivas
2024,2,Mi Transporte Eléctrico,Pasajeros transportados con descuento,14039.0,14,39,44487.0,Cifras Definitivas
2024,2,Mi Transporte Eléctrico,Rutas,14039.0,14,39,2.0,Cifras Definitivas
2024,2,Mi Macro Periférico Troncal,Autobuses en operación de lunes a viernes,14039.0,14,39,180.0,Cifras Definitivas
2024,2,Mi Macro Periférico Troncal,Autobuses en operación de sábado a domingo,14039.0,14,39,114.0,Cifras Definitivas
2024,2,Mi Macro Periférico Troncal,Kilómetros recorridos,14039.0,14,39,1529998.0,Cifras Definitivas
2024,2,Mi Macro Periférico Troncal,Pasajeros transportados,14039.0,14,39,6192899.0,Cifras Definitivas
2024,2,Mi Macro Periférico Troncal,Rutas,14039.0,14,39,6.0,Cifras Definitivas
2024,2,MI Macro Periférico Alimentador,Autobuses en operación de lunes a viernes,14039.0,14,39,131.0,Cifras Definitivas
2024,2,MI Macro Periférico Alimentador,Autobuses en operación de sábado a domingo,14039.0,14,39,100.0,Cifras Definitivas
2024,2,MI Macro Periférico Alimentador,Kilómetros recorridos,14039.0,14,39,823090.0,Cifras Definitivas
2024,2,MI Macro Periférico Alimentador,Pasajeros transportados,14039.0,14,39,1888220.0,Cifras Definitivas
2024,2,MI Macro Periférico Alimentador,Rutas,14039.0,14,39,12.0,Cifras Definitivas
2024,3,Tren Eléctrico,Ingresos por pasaje,14039.0,14,39,34862761.0,Cifras Definitivas
2024,3,Tren Eléctrico,Kilómetros recorridos,14039.0,14,39,732149.0,Cifras Definitivas
2024,3,Tren Eléctrico,Longitud de servicio,14039.0,14,39,47.0,Cifras Definitivas
2024,3,Tren Eléctrico,Pasajeros transportados,14039.0,14,39,13600308.0,Cifras Definitivas
2024,3,Tren Eléctrico,Unidades en operación,14039.0,14,39,57.0,Cifras Definitivas
2024,3,Trolebús,Ingresos por pasaje,14039.0,14,39,2585488.0,Cifras Definitivas
2024,3,Trolebús,Kilómetros recorridos,14039.0,14,39,33324.0,Cifras Definitivas
2024,3,Trolebús,Lineas en servicio,14039.0,14,39,1.0,Cifras Definitivas
2024,3,Trolebús,Longitud de servicio,14039.0,14,39,18.0,Cifras Definitivas
2024,3,Trolebús,Pasajeros transportados,14039.0,14,39,158771.0,Cifras Definitivas
2024,3,Trolebús,Unidades en operación,14039.0,14,39,7.0,Cifras Definitivas
2024,3,Macrobús Servicio Troncal,Autobuses en operación de lunes a viernes,14039.0,14,39,52.0,Cifras Definitivas
2024,3,Macrobús Servicio Troncal,Autobuses en operación de sábado a domingo,14039.0,14,39,50.0,Cifras Definitivas
2024,3,Macrobús Servicio Troncal,Ingresos por pasaje,14039.0,14,39,18154379.0,Cifras Definitivas
2024,3,Macrobús Servicio Troncal,Kilómetros recorridos,14039.0,14,39,320512.0,Cifras Definitivas
2024,3,Macrobús Servicio Troncal,Pasajeros transportados,14039.0,14,39,2833746.0,Cifras Definitivas
2024,3,Macrobús Servicio Troncal,Pasajeros transportados con boleto pagado,14039.0,14,39,2833746.0,Cifras Definitivas
2024,3,Macrobús Servicio Troncal,Pasajeros transportados con cortesía,14039.0,14,39,,Cifras Definitivas
2024,3,Macrobús Servicio Troncal,Pasajeros transportados con descuento,14039.0,14,39,,Cifras Definitivas
2024,3,Macrobús Servicio Troncal,Rutas,14039.0,14,39,2.0,Cifras Definitivas
2024,3,Macrobús Servicio Alimentador,Autobuses en operación de lunes a viernes,14039.0,14,39,63.0,Cifras Definitivas
2024,3,Macrobús Servicio Alimentador,Autobuses en operación de sábado a domingo,14039.0,14,39,64.0,Cifras Definitivas
2024,3,Macrobús Servicio Alimentador,Ingresos por pasaje,14039.0,14,39,12102919.0,Cifras Definitivas
2024,3,Macrobús Servicio Alimentador,Kilómetros recorridos,14039.0,14,39,419788.0,Cifras Definitivas
2024,3,Macrobús Servicio Alimentador,Pasajeros transportados,14039.0,14,39,935051.0,Cifras Definitivas
2024,3,Macrobús Servicio Alimentador,Pasajeros transportados con boleto pagado,14039.0,14,39,935051.0,Cifras Definitivas
2024,3,Macrobús Servicio Alimentador,Pasajeros transportados con descuento,14039.0,14,39,,Cifras Definitivas
2024,3,Macrobús Servicio Alimentador,Rutas,14039.0,14,39,15.0,Cifras Definitivas
2024,3,Sistema Integral del Tren Ligero,Autobuses en operación de lunes a viernes,14039.0,14,39,29.0,Cifras Definitivas
2024,3,Sistema Integral del Tren Ligero,Autobuses en operación de sábado a domingo,14039.0,14,39,19.0,Cifras Definitivas
2024,3,Sistema Integral del Tren Ligero,Kilómetros recorridos,14039.0,14,39,180418.0,Cifras Definitivas
2024,3,Sistema Integral del Tren Ligero,Pasajeros transportados,14039.0,14,39,212477.0,Cifras Definitivas
2024,3,Sistema Integral del Tren Ligero,Pasajeros transportados con boleto pagado,14039.0,14,39,207137.0,Cifras Definitivas
2024,3,Sistema Integral del Tren Ligero,Pasajeros transportados con cortesía,14039.0,14,39,5340.0,Cifras Definitivas
2024,3,Sistema Integral del Tren Ligero,Rutas,14039.0,14,39,3.0,Cifras Definitivas
2024,3,Mi Transporte Eléctrico,Autobuses en operación de lunes a viernes,14039.0,14,39,37.0,Cifras Definitivas
2024,3,Mi Transporte Eléctrico,Autobuses en operación de sábado a domingo,14039.0,14,39,31.0,Cifras Definitivas
2024,3,Mi Transporte Eléctrico,Kilómetros recorridos,14039.0,14,39,301981.0,Cifras Definitivas
2024,3,Mi Transporte Eléctrico,Pasajeros transportados,14039.0,14,39,338224.0,Cifras Definitivas
2024,3,Mi Transporte Eléctrico,Pasajeros transportados con boleto pagado,14039.0,14,39,292797.0,Cifras Definitivas
2024,3,Mi Transporte Eléctrico,Pasajeros transportados con cortesía,14039.0,14,39,900.0,Cifras Definitivas
2024,3,Mi Transporte Eléctrico,Pasajeros transportados con descuento,14039.0,14,39,44527.0,Cifras Definitivas
2024,3,Mi Transporte Eléctrico,Rutas,14039.0,14,39,2.0,Cifras Definitivas
2024,3,Mi Macro Periférico Troncal,Autobuses en operación de lunes a viernes,14039.0,14,39,178.0,Cifras Definitivas
2024,3,Mi Macro Periférico Troncal,Autobuses en operación de sábado a domingo,14039.0,14,39,113.0,Cifras Definitivas
2024,3,Mi Macro Periférico Troncal,Kilómetros recorridos,14039.0,14,39,1558802.0,Cifras Definitivas
2024,3,Mi Macro Periférico Troncal,Pasajeros transportados,14039.0,14,39,7523215.0,Cifras Definitivas
2024,3,Mi Macro Periférico Troncal,Rutas,14039.0,14,39,6.0,Cifras Definitivas
2024,3,MI Macro Periférico Alimentador,Autobuses en operación de lunes a viernes,14039.0,14,39,127.0,Cifras Definitivas
2024,3,MI Macro Periférico Alimentador,Autobuses en operación de sábado a domingo,14039.0,14,39,97.0,Cifras Definitivas
2024,3,MI Macro Periférico Alimentador,Kilómetros recorridos,14039.0,14,39,780970.0,Cifras Definitivas
2024,3,MI Macro Periférico Alimentador,Pasajeros transportados,14039.0,14,39,1974946.0,Cifras Definitivas
2024,3,MI Macro Periférico Alimentador,Rutas,14039.0,14,39,12.0,Cifras Definitivas
2024,4,Tren Eléctrico,Ingresos por pasaje,14039.0,14,39,34930140.0,Cifras Definitivas
2024,4,Tren Eléctrico,Kilómetros recorridos,14039.0,14,39,718892.0,Cifras Definitivas
2024,4,Tren Eléctrico,Longitud de servicio,14039.0,14,39,47.0,Cifras Definitivas
2024,4,Tren Eléctrico,Pasajeros transportados,14039.0,14,39,13878887.0,Cifras Definitivas
2024,4,Tren Eléctrico,Unidades en operación,14039.0,14,39,57.0,Cifras Definitivas
2024,4,Trolebús,Ingresos por pasaje,14039.0,14,39,2560922.0,Cifras Definitivas
2024,4,Trolebús,Kilómetros recorridos,14039.0,14,39,33056.0,Cifras Definitivas
2024,4,Trolebús,Lineas en servicio,14039.0,14,39,1.0,Cifras Definitivas
2024,4,Trolebús,Longitud de servicio,14039.0,14,39,18.0,Cifras Definitivas
2024,4,Trolebús,Pasajeros transportados,14039.0,14,39,138175.0,Cifras Definitivas
2024,4,Trolebús,Unidades en operación,14039.0,14,39,7.0,Cifras Definitivas
2024,4,Macrobús Servicio Troncal,Autobuses en operación de lunes a viernes,14039.0,14,39,50.0,Cifras Definitivas
2024,4,Macrobús Servicio Troncal,Autobuses en operación de sábado a domingo,14039.0,14,39,50.0,Cifras Definitivas
2024,4,Macrobús Servicio Troncal,Ingresos por pasaje,14039.0,14,39,18271551.0,Cifras Definitivas
2024,4,Macrobús Servicio Troncal,Kilómetros recorridos,14039.0,14,39,318768.0,Cifras Definitivas
2024,4,Macrobús Servicio Troncal,Pasajeros transportados,14039.0,14,39,2928448.0,Cifras Definitivas
2024,4,Macrobús Servicio Troncal,Pasajeros transportados con boleto pagado,14039.0,14,39,2928448.0,Cifras Definitivas
2024,4,Macrobús Servicio Troncal,Pasajeros transportados con cortesía,14039.0,14,39,,Cifras Definitivas
2024,4,Macrobús Servicio Troncal,Pasajeros transportados con descuento,14039.0,14,39,,Cifras Definitivas
2024,4,Macrobús Servicio Troncal,Rutas,14039.0,14,39,2.0,Cifras Definitivas
2024,4,Macrobús Servicio Alimentador,Autobuses en operación de lunes a viernes,14039.0,14,39,69.0,Cifras Definitivas
2024,4,Macrobús Servicio Alimentador,Autobuses en operación de sábado a domingo,14039.0,14,39,68.0,Cifras Definitivas
2024,4,Macrobús Servicio Alimentador,Ingresos por pasaje,14039.0,14,39,12181034.0,Cifras Definitivas
2024,4,Macrobús Servicio Alimentador,Kilómetros recorridos,14039.0,14,39,472138.0,Cifras Definitivas
2024,4,Macrobús Servicio Alimentador,Pasajeros transportados,14039.0,14,39,933993.0,Cifras Definitivas
2024,4,Macrobús Servicio Alimentador,Pasajeros transportados con boleto pagado,14039.0,14,39,933993.0,Cifras Definitivas
2024,4,Macrobús Servicio Alimentador,Pasajeros transportados con descuento,14039.0,14,39,,Cifras Definitivas
2024,4,Macrobús Servicio Alimentador,Rutas,14039.0,14,39,15.0,Cifras Definitivas
2024,4,Sistema Integral del Tren Ligero,Autobuses en operación de lunes a viernes,14039.0,14,39,29.0,Cifras Definitivas
2024,4,Sistema Integral del Tren Ligero,Autobuses en operación de sábado a domingo,14039.0,14,39,19.0,Cifras Definitivas
2024,4,Sistema Integral del Tren Ligero,Kilómetros recorridos,14039.0,14,39,173036.0,Cifras Definitivas
2024,4,Sistema Integral del Tren Ligero,Pasajeros transportados,14039.0,14,39,200138.0,Cifras Definitivas
2024,4,Sistema Integral del Tren Ligero,Pasajeros transportados con boleto pagado,14039.0,14,39,196153.0,Cifras Definitivas
2024,4,Sistema Integral del Tren Ligero,Pasajeros transportados con cortesía,14039.0,14,39,3985.0,Cifras Definitivas
2024,4,Sistema Integral del Tren Ligero,Rutas,14039.0,14,39,3.0,Cifras Definitivas
2024,4,Mi Transporte Eléctrico,Autobuses en operación de lunes a viernes,14039.0,14,39,37.0,Cifras Definitivas
2024,4,Mi Transporte Eléctrico,Autobuses en operación de sábado a domingo,14039.0,14,39,30.0,Cifras Definitivas
2024,4,Mi Transporte Eléctrico,Kilómetros recorridos,14039.0,14,39,291324.0,Cifras Definitivas
2024,4,Mi Transporte Eléctrico,Pasajeros transportados,14039.0,14,39,334218.0,Cifras Definitivas
2024,4,Mi Transporte Eléctrico,Pasajeros transportados con boleto pagado,14039.0,14,39,288888.0,Cifras Definitivas
2024,4,Mi Transporte Eléctrico,Pasajeros transportados con cortesía,14039.0,14,39,870.0,Cifras Definitivas
2024,4,Mi Transporte Eléctrico,Pasajeros transportados con descuento,14039.0,14,39,44460.0,Cifras Definitivas
2024,4,Mi Transporte Eléctrico,Rutas,14039.0,14,39,2.0,Cifras Definitivas
2024,4,Mi Macro Periférico Troncal,Autobuses en operación de lunes a viernes,14039.0,14,39,181.0,Cifras Definitivas
2024,4,Mi Macro Periférico Troncal,Autobuses en operación de sábado a domingo,14039.0,14,39,116.0,Cifras Definitivas
2024,4,Mi Macro Periférico Troncal,Kilómetros recorridos,14039.0,14,39,1673840.0,Cifras Definitivas
2024,4,Mi Macro Periférico Troncal,Pasajeros transportados,14039.0,14,39,8139928.0,Cifras Definitivas
2024,4,Mi Macro Periférico Troncal,Rutas,14039.0,14,39,6.0,Cifras Definitivas
2024,4,MI Macro Periférico Alimentador,Autobuses en operación de lunes a viernes,14039.0,14,39,127.0,Cifras Definitivas
2024,4,MI Macro Periférico Alimentador,Autobuses en operación de sábado a domingo,14039.0,14,39,98.0,Cifras Definitivas
2024,4,MI Macro Periférico Alimentador,Kilómetros recorridos,14039.0,14,39,786664.0,Cifras Definitivas
2024,4,MI Macro Periférico Alimentador,Pasajeros transportados,14039.0,14,39,1992890.0,Cifras Definitivas
2024,4,MI Macro Periférico Alimentador,Rutas,14039.0,14,39,12.0,Cifras Definitivas
2024,5,Tren Eléctrico,Ingresos por pasaje,14039.0,14,39,34711119.0,Cifras Definitivas
2024,5,Tren Eléctrico,Kilómetros recorridos,14039.0,14,39,728542.0,Cifras Definitivas
2024,5,Tren Eléctrico,Longitud de servicio,14039.0,14,39,47.0,Cifras Definitivas
2024,5,Tren Eléctrico,Pasajeros transportados,14039.0,14,39,14220818.0,Cifras Definitivas
2024,5,Tren Eléctrico,Unidades en operación,14039.0,14,39,57.0,Cifras Definitivas
2024,5,Trolebús,Ingresos por pasaje,14039.0,14,39,2575242.0,Cifras Definitivas
2024,5,Trolebús,Kilómetros recorridos,14039.0,14,39,32165.0,Cifras Definitivas
2024,5,Trolebús,Lineas en servicio,14039.0,14,39,1.0,Cifras Definitivas
2024,5,Trolebús,Longitud de servicio,14039.0,14,39,18.0,Cifras Definitivas
2024,5,Trolebús,Pasajeros transportados,14039.0,14,39,151807.0,Cifras Definitivas
2024,5,Trolebús,Unidades en operación,14039.0,14,39,7.0,Cifras Definitivas
2024,5,Macrobús Servicio Troncal,Autobuses en operación de lunes a viernes,14039.0,14,39,50.0,Cifras Definitivas
2024,5,Macrobús Servicio Troncal,Autobuses en operación de sábado a domingo,14039.0,14,39,49.0,Cifras Definitivas
2024,5,Macrobús Servicio Troncal,Ingresos por pasaje,14039.0,14,39,20532168.0,Cifras Definitivas
2024,5,Macrobús Servicio Troncal,Kilómetros recorridos,14039.0,14,39,325168.0,Cifras Definitivas
2024,5,Macrobús Servicio Troncal,Pasajeros transportados,14039.0,14,39,2990822.0,Cifras Definitivas
2024,5,Macrobús Servicio Troncal,Pasajeros transportados con boleto pagado,14039.0,14,39,2990822.0,Cifras Definitivas
2024,5,Macrobús Servicio Troncal,Pasajeros transportados con cortesía,14039.0,14,39,,Cifras Definitivas
2024,5,Macrobús Servicio Troncal,Pasajeros transportados con descuento,14039.0,14,39,,Cifras Definitivas
2024,5,Macrobús Servicio Troncal,Rutas,14039.0,14,39,2.0,Cifras Definitivas
2024,5,Macrobús Servicio Alimentador,Autobuses en operación de lunes a viernes,14039.0,14,39,69.0,Cifras Definitivas
2024,5,Macrobús Servicio Alimentador,Autobuses en operación de sábado a domingo,14039.0,14,39,67.0,Cifras Definitivas
2024,5,Macrobús Servicio Alimentador,Ingresos por pasaje,14039.0,14,39,13688112.0,Cifras Definitivas
2024,5,Macrobús Servicio Alimentador,Kilómetros recorridos,14039.0,14,39,489024.0,Cifras Definitivas
2024,5,Macrobús Servicio Alimentador,Pasajeros transportados,14039.0,14,39,974869.0,Cifras Definitivas
2024,5,Macrobús Servicio Alimentador,Pasajeros transportados con boleto pagado,14039.0,14,39,974869.0,Cifras Definitivas
2024,5,Macrobús Servicio Alimentador,Pasajeros transportados con descuento,14039.0,14,39,,Cifras Definitivas
2024,5,Macrobús Servicio Alimentador,Rutas,14039.0,14,39,15.0,Cifras Definitivas
2024,5,Sistema Integral del Tren Ligero,Autobuses en operación de lunes a viernes,14039.0,14,39,29.0,Cifras Definitivas
2024,5,Sistema Integral del Tren Ligero,Autobuses en operación de sábado a domingo,14039.0,14,39,19.0,Cifras Definitivas
2024,5,Sistema Integral del Tren Ligero,Kilómetros recorridos,14039.0,14,39,183568.0,Cifras Definitivas
2024,5,Sistema Integral del Tren Ligero,Pasajeros transportados,14039.0,14,39,202658.0,Cifras Definitivas
2024,5,Sistema Integral del Tren Ligero,Pasajeros transportados con boleto pagado,14039.0,14,39,198994.0,Cifras Definitivas
2024,5,Sistema Integral del Tren Ligero,Pasajeros transportados con cortesía,14039.0,14,39,3664.0,Cifras Definitivas
2024,5,Sistema Integral del Tren Ligero,Rutas,14039.0,14,39,3.0,Cifras Definitivas
2024,5,Mi Transporte Eléctrico,Autobuses en operación de lunes a viernes,14039.0,14,39,37.0,Cifras Definitivas
2024,5,Mi Transporte Eléctrico,Autobuses en operación de sábado a domingo,14039.0,14,39,31.0,Cifras Definitivas
2024,5,Mi Transporte Eléctrico,Kilómetros recorridos,14039.0,14,39,301568.0,Cifras Definitivas
2024,5,Mi Transporte Eléctrico,Pasajeros transportados,14039.0,14,39,322875.0,Cifras Definitivas
2024,5,Mi Transporte Eléctrico,Pasajeros transportados con boleto pagado,14039.0,14,39,282593.0,Cifras Definitivas
2024,5,Mi Transporte Eléctrico,Pasajeros transportados con cortesía,14039.0,14,39,729.0,Cifras Definitivas
2024,5,Mi Transporte Eléctrico,Pasajeros transportados con descuento,14039.0,14,39,39553.0,Cifras Definitivas
2024,5,Mi Transporte Eléctrico,Rutas,14039.0,14,39,2.0,Cifras Definitivas
2024,5,Mi Macro Periférico Troncal,Autobuses en operación de lunes a viernes,14039.0,14,39,181.0,Cifras Definitivas
2024,5,Mi Macro Periférico Troncal,Autobuses en operación de sábado a domingo,14039.0,14,39,115.0,Cifras Definitivas
2024,5,Mi Macro Periférico Troncal,Kilómetros recorridos,14039.0,14,39,1585922.0,Cifras Definitivas
2024,5,Mi Macro Periférico Troncal,Pasajeros transportados,14039.0,14,39,7572508.0,Cifras Definitivas
2024,5,Mi Macro Periférico Troncal,Rutas,14039.0,14,39,6.0,Cifras Definitivas
2024,5,MI Macro Periférico Alimentador,Autobuses en operación de lunes a viernes,14039.0,14,39,128.0,Cifras Definitivas
2024,5,MI Macro Periférico Alimentador,Autobuses en operación de sábado a domingo,14039.0,14,39,90.0,Cifras Definitivas
2024,5,MI Macro Periférico Alimentador,Kilómetros recorridos,14039.0,14,39,786267.0,Cifras Definitivas
2024,5,MI Macro Periférico Alimentador,Pasajeros transportados,14039.0,14,39,1965648.0,Cifras Definitivas
2024,5,MI Macro Periférico Alimentador,Rutas,14039.0,14,39,11.0,Cifras Definitivas
2024,6,Tren Eléctrico,Ingresos por pasaje,14039.0,14,39,34501987.0,Cifras Definitivas
2024,6,Tren Eléctrico,Kilómetros recorridos,14039.0,14,39,704463.0,Cifras Definitivas
2024,6,Tren Eléctrico,Longitud de servicio,14039.0,14,39,47.0,Cifras Definitivas
2024,6,Tren Eléctrico,Pasajeros transportados,14039.0,14,39,12933402.0,Cifras Definitivas
2024,6,Tren Eléctrico,Unidades en operación,14039.0,14,39,57.0,Cifras Definitivas
2024,6,Trolebús,Ingresos por pasaje,14039.0,14,39,2585422.0,Cifras Definitivas
2024,6,Trolebús,Kilómetros recorridos,14039.0,14,39,33620.0,Cifras Definitivas
2024,6,Trolebús,Lineas en servicio,14039.0,14,39,1.0,Cifras Definitivas
2024,6,Trolebús,Longitud de servicio,14039.0,14,39,18.0,Cifras Definitivas
2024,6,Trolebús,Pasajeros transportados,14039.0,14,39,144502.0,Cifras Definitivas
2024,6,Trolebús,Unidades en operación,14039.0,14,39,7.0,Cifras Definitivas
2024,6,Macrobús Servicio Troncal,Autobuses en operación de lunes a viernes,14039.0,14,39,50.0,Cifras Definitivas
2024,6,Macrobús Servicio Troncal,Autobuses en operación de sábado a domingo,14039.0,14,39,51.0,Cifras Definitivas
2024,6,Macrobús Servicio Troncal,Ingresos por pasaje,14039.0,14,39,21188653.0,Cifras Definitivas
2024,6,Macrobús Servicio Troncal,Kilómetros recorridos,14039.0,14,39,303424.0,Cifras Definitivas
2024,6,Macrobús Servicio Troncal,Pasajeros transportados,14039.0,14,39,2543917.0,Cifras Definitivas
2024,6,Macrobús Servicio Troncal,Pasajeros transportados con boleto pagado,14039.0,14,39,2543917.0,Cifras Definitivas
2024,6,Macrobús Servicio Troncal,Pasajeros transportados con cortesía,14039.0,14,39,,Cifras Definitivas
2024,6,Macrobús Servicio Troncal,Pasajeros transportados con descuento,14039.0,14,39,,Cifras Definitivas
2024,6,Macrobús Servicio Troncal,Rutas,14039.0,14,39,2.0,Cifras Definitivas
2024,6,Macrobús Servicio Alimentador,Autobuses en operación de lunes a viernes,14039.0,14,39,68.0,Cifras Definitivas
2024,6,Macrobús Servicio Alimentador,Autobuses en operación de sábado a domingo,14039.0,14,39,68.0,Cifras Definitivas
2024,6,Macrobús Servicio Alimentador,Ingresos por pasaje,14039.0,14,39,14125769.0,Cifras Definitivas
2024,6,Macrobús Servicio Alimentador,Kilómetros recorridos,14039.0,14,39,517847.0,Cifras Definitivas
2024,6,Macrobús Servicio Alimentador,Pasajeros transportados,14039.0,14,39,880150.0,Cifras Definitivas
2024,6,Macrobús Servicio Alimentador,Pasajeros transportados con boleto pagado,14039.0,14,39,880150.0,Cifras Definitivas
2024,6,Macrobús Servicio Alimentador,Pasajeros transportados con descuento,14039.0,14,39,,Cifras Definitivas
2024,6,Macrobús Servicio Alimentador,Rutas,14039.0,14,39,15.0,Cifras Definitivas
2024,6,Sistema Integral del Tren Ligero,Autobuses en operación de lunes a viernes,14039.0,14,39,29.0,Cifras Definitivas
2024,6,Sistema Integral del Tren Ligero,Autobuses en operación de sábado a domingo,14039.0,14,39,19.0,Cifras Definitivas
2024,6,Sistema Integral del Tren Ligero,Kilómetros recorridos,14039.0,14,39,185898.0,Cifras Definitivas
2024,6,Sistema Integral del Tren Ligero,Pasajeros transportados,14039.0,14,39,210984.0,Cifras Definitivas
2024,6,Sistema Integral del Tren Ligero,Pasajeros transportados con boleto pagado,14039.0,14,39,207807.0,Cifras Definitivas
2024,6,Sistema Integral del Tren Ligero,Pasajeros transportados con cortesía,14039.0,14,39,3177.0,Cifras Definitivas
2024,6,Sistema Integral del Tren Ligero,Rutas,14039.0,14,39,3.0,Cifras Definitivas
2024,6,Mi Transporte Eléctrico,Autobuses en operación de lunes a viernes,14039.0,14,39,37.0,Cifras Definitivas
2024,6,Mi Transporte Eléctrico,Autobuses en operación de sábado a domingo,14039.0,14,39,31.0,Cifras Definitivas
2024,6,Mi Transporte Eléctrico,Kilómetros recorridos,14039.0,14,39,366120.0,Cifras Definitivas
2024,6,Mi Transporte Eléctrico,Pasajeros transportados,14039.0,14,39,328565.0,Cifras Definitivas
2024,6,Mi Transporte Eléctrico,Pasajeros transportados con boleto pagado,14039.0,14,39,298282.0,Cifras Definitivas
2024,6,Mi Transporte Eléctrico,Pasajeros transportados con cortesía,14039.0,14,39,653.0,Cifras Definitivas
2024,6,Mi Transporte Eléctrico,Pasajeros transportados con descuento,14039.0,14,39,29630.0,Cifras Definitivas
2024,6,Mi Transporte Eléctrico,Rutas,14039.0,14,39,2.0,Cifras Definitivas
2024,6,Mi Macro Periférico Troncal,Autobuses en operación de lunes a viernes,14039.0,14,39,181.0,Cifras Definitivas
2024,6,Mi Macro Periférico Troncal,Autobuses en operación de sábado a domingo,14039.0,14,39,115.0,Cifras Definitivas
2024,6,Mi Macro Periférico Troncal,Kilómetros recorridos,14039.0,14,39,1544423.0,Cifras Definitivas
2024,6,Mi Macro Periférico Troncal,Pasajeros transportados,14039.0,14,39,6980154.0,Cifras Definitivas
2024,6,Mi Macro Periférico Troncal,Rutas,14039.0,14,39,6.0,Cifras Definitivas
2024,6,MI Macro Periférico Alimentador,Autobuses en operación de lunes a viernes,14039.0,14,39,130.0,Cifras Definitivas
2024,6,MI Macro Periférico Alimentador,Autobuses en operación de sábado a domingo,14039.0,14,39,92.0,Cifras Definitivas
2024,6,MI Macro Periférico Alimentador,Kilómetros recorridos,14039.0,14,39,760420.0,Cifras Definitivas
2024,6,MI Macro Periférico Alimentador,Pasajeros transportados,14039.0,14,39,1767579.0,Cifras Definitivas
2024,6,MI Macro Periférico Alimentador,Rutas,14039.0,14,39,11.0,Cifras Definitivas
2024,7,Tren Eléctrico,Ingresos por pasaje,14039.0,14,39,34308151.0,Cifras Definitivas
2024,7,Tren Eléctrico,Kilómetros recorridos,14039.0,14,39,740376.0,Cifras Definitivas
2024,7,Tren Eléctrico,Longitud de servicio,14039.0,14,39,47.0,Cifras Definitivas
2024,7,Tren Eléctrico,Pasajeros transportados,14039.0,14,39,13470059.0,Cifras Definitivas
2024,7,Tren Eléctrico,Unidades en operación,14039.0,14,39,57.0,Cifras Definitivas
2024,7,Trolebús,Ingresos por pasaje,14039.0,14,39,2595921.0,Cifras Definitivas
2024,7,Trolebús,Kilómetros recorridos,14039.0,14,39,34568.0,Cifras Definitivas
2024,7,Trolebús,Lineas en servicio,14039.0,14,39,1.0,Cifras Definitivas
2024,7,Trolebús,Longitud de servicio,14039.0,14,39,18.0,Cifras Definitivas
2024,7,Trolebús,Pasajeros transportados,14039.0,14,39,184506.0,Cifras Definitivas
2024,7,Trolebús,Unidades en operación,14039.0,14,39,7.0,Cifras Definitivas
2024,7,Macrobús Servicio Troncal,Autobuses en operación de lunes a viernes,14039.0,14,39,51.0,Cifras Definitivas
2024,7,Macrobús Servicio Troncal,Autobuses en operación de sábado a domingo,14039.0,14,39,43.0,Cifras Definitivas
2024,7,Macrobús Servicio Troncal,Ingresos por pasaje,14039.0,14,39,18303881.0,Cifras Definitivas
2024,7,Macrobús Servicio Troncal,Kilómetros recorridos,14039.0,14,39,319872.0,Cifras Definitivas
2024,7,Macrobús Servicio Troncal,Pasajeros transportados,14039.0,14,39,2652674.0,Cifras Definitivas
2024,7,Macrobús Servicio Troncal,Pasajeros transportados con boleto pagado,14039.0,14,39,2652674.0,Cifras Definitivas
2024,7,Macrobús Servicio Troncal,Pasajeros transportados con cortesía,14039.0,14,39,,Cifras Definitivas
2024,7,Macrobús Servicio Troncal,Pasajeros transportados con descuento,14039.0,14,39,,Cifras Definitivas
2024,7,Macrobús Servicio Troncal,Rutas,14039.0,14,39,2.0,Cifras Definitivas
2024,7,Macrobús Servicio Alimentador,Autobuses en operación de lunes a viernes,14039.0,14,39,68.0,Cifras Definitivas
2024,7,Macrobús Servicio Alimentador,Autobuses en operación de sábado a domingo,14039.0,14,39,67.0,Cifras Definitivas
2024,7,Macrobús Servicio Alimentador,Ingresos por pasaje,14039.0,14,39,12202587.0,Cifras Definitivas
2024,7,Macrobús Servicio Alimentador,Kilómetros recorridos,14039.0,14,39,526393.0,Cifras Definitivas
2024,7,Macrobús Servicio Alimentador,Pasajeros transportados,14039.0,14,39,909113.0,Cifras Definitivas
2024,7,Macrobús Servicio Alimentador,Pasajeros transportados con boleto pagado,14039.0,14,39,909113.0,Cifras Definitivas
2024,7,Macrobús Servicio Alimentador,Pasajeros transportados con descuento,14039.0,14,39,,Cifras Definitivas
2024,7,Macrobús Servicio Alimentador,Rutas,14039.0,14,39,15.0,Cifras Definitivas
2024,7,Sistema Integral del Tren Ligero,Autobuses en operación de lunes a viernes,14039.0,14,39,29.0,Cifras Definitivas
2024,7,Sistema Integral del Tren Ligero,Autobuses en operación de sábado a domingo,14039.0,14,39,19.0,Cifras Definitivas
2024,7,Sistema Integral del Tren Ligero,Kilómetros recorridos,14039.0,14,39,184962.0,Cifras Definitivas
2024,7,Sistema Integral del Tren Ligero,Pasajeros transportados,14039.0,14,39,194047.0,Cifras Definitivas
2024,7,Sistema Integral del Tren Ligero,Pasajeros transportados con boleto pagado,14039.0,14,39,191401.0,Cifras Definitivas
2024,7,Sistema Integral del Tren Ligero,Pasajeros transportados con cortesía,14039.0,14,39,2646.0,Cifras Definitivas
2024,7,Sistema Integral del Tren Ligero,Rutas,14039.0,14,39,3.0,Cifras Definitivas
2024,7,Mi Transporte Eléctrico,Autobuses en operación de lunes a viernes,14039.0,14,39,37.0,Cifras Definitivas
2024,7,Mi Transporte Eléctrico,Autobuses en operación de sábado a domingo,14039.0,14,39,31.0,Cifras Definitivas
2024,7,Mi Transporte Eléctrico,Kilómetros recorridos,14039.0,14,39,389720.0,Cifras Definitivas
2024,7,Mi Transporte Eléctrico,Pasajeros transportados,14039.0,14,39,334340.0,Cifras Definitivas
2024,7,Mi Transporte Eléctrico,Pasajeros transportados con boleto pagado,14039.0,14,39,305324.0,Cifras Definitivas
2024,7,Mi Transporte Eléctrico,Pasajeros transportados con cortesía,14039.0,14,39,745.0,Cifras Definitivas
2024,7,Mi Transporte Eléctrico,Pasajeros transportados con descuento,14039.0,14,39,28271.0,Cifras Definitivas
2024,7,Mi Transporte Eléctrico,Rutas,14039.0,14,39,2.0,Cifras Definitivas
2024,7,Mi Macro Periférico Troncal,Autobuses en operación de lunes a viernes,14039.0,14,39,181.0,Cifras Definitivas
2024,7,Mi Macro Periférico Troncal,Autobuses en operación de sábado a domingo,14039.0,14,39,115.0,Cifras Definitivas
2024,7,Mi Macro Periférico Troncal,Kilómetros recorridos,14039.0,14,39,1594633.0,Cifras Definitivas
2024,7,Mi Macro Periférico Troncal,Pasajeros transportados,14039.0,14,39,6936883.0,Cifras Definitivas
2024,7,Mi Macro Periférico Troncal,Rutas,14039.0,14,39,6.0,Cifras Definitivas
2024,7,MI Macro Periférico Alimentador,Autobuses en operación de lunes a viernes,14039.0,14,39,128.0,Cifras Definitivas
2024,7,MI Macro Periférico Alimentador,Autobuses en operación de sábado a domingo,14039.0,14,39,89.0,Cifras Definitivas
2024,7,MI Macro Periférico Alimentador,Kilómetros recorridos,14039.0,14,39,771790.0,Cifras Definitivas
2024,7,MI Macro Periférico Alimentador,Pasajeros transportados,14039.0,14,39,1892190.0,Cifras Definitivas
2024,7,MI Macro Periférico Alimentador,Rutas,14039.0,14,39,12.0,Cifras Definitivas
2024,8,Tren Eléctrico,Ingresos por pasaje,14039.0,14,39,34123281.0,Cifras Definitivas
2024,8,Tren Eléctrico,Kilómetros recorridos,14039.0,14,39,723583.0,Cifras Definitivas
2024,8,Tren Eléctrico,Longitud de servicio,14039.0,14,39,47.0,Cifras Definitivas
2024,8,Tren Eléctrico,Pasajeros transportados,14039.0,14,39,14671290.0,Cifras Definitivas
2024,8,Tren Eléctrico,Unidades en operación,14039.0,14,39,57.0,Cifras Definitivas
2024,8,Trolebús,Ingresos por pasaje,14039.0,14,39,2605429.0,Cifras Definitivas
2024,8,Trolebús,Kilómetros recorridos,14039.0,14,39,36604.0,Cifras Definitivas
2024,8,Trolebús,Lineas en servicio,14039.0,14,39,1.0,Cifras Definitivas
2024,8,Trolebús,Longitud de servicio,14039.0,14,39,18.0,Cifras Definitivas
2024,8,Trolebús,Pasajeros transportados,14039.0,14,39,192879.0,Cifras Definitivas
2024,8,Trolebús,Unidades en operación,14039.0,14,39,7.0,Cifras Definitivas
2024,8,Macrobús Servicio Troncal,Autobuses en operación de lunes a viernes,14039.0,14,39,49.0,Cifras Definitivas
2024,8,Macrobús Servicio Troncal,Autobuses en operación de sábado a domingo,14039.0,14,39,49.0,Cifras Definitivas
2024,8,Macrobús Servicio Troncal,Ingresos por pasaje,14039.0,14,39,19980735.0,Cifras Definitivas
2024,8,Macrobús Servicio Troncal,Kilómetros recorridos,14039.0,14,39,356576.0,Cifras Definitivas
2024,8,Macrobús Servicio Troncal,Pasajeros transportados,14039.0,14,39,3000519.0,Cifras Definitivas
2024,8,Macrobús Servicio Troncal,Pasajeros transportados con boleto pagado,14039.0,14,39,3000519.0,Cifras Definitivas
2024,8,Macrobús Servicio Troncal,Pasajeros transportados con cortesía,14039.0,14,39,,Cifras Definitivas
2024,8,Macrobús Servicio Troncal,Pasajeros transportados con descuento,14039.0,14,39,,Cifras Definitivas
2024,8,Macrobús Servicio Troncal,Rutas,14039.0,14,39,2.0,Cifras Definitivas
2024,8,Macrobús Servicio Alimentador,Autobuses en operación de lunes a viernes,14039.0,14,39,67.0,Cifras Definitivas
2024,8,Macrobús Servicio Alimentador,Autobuses en operación de sábado a domingo,14039.0,14,39,67.0,Cifras Definitivas
2024,8,Macrobús Servicio Alimentador,Ingresos por pasaje,14039.0,14,39,13320490.0,Cifras Definitivas
2024,8,Macrobús Servicio Alimentador,Kilómetros recorridos,14039.0,14,39,622773.0,Cifras Definitivas
2024,8,Macrobús Servicio Alimentador,Pasajeros transportados,14039.0,14,39,990157.0,Cifras Definitivas
2024,8,Macrobús Servicio Alimentador,Pasajeros transportados con boleto pagado,14039.0,14,39,990157.0,Cifras Definitivas
2024,8,Macrobús Servicio Alimentador,Pasajeros transportados con descuento,14039.0,14,39,,Cifras Definitivas
2024,8,Macrobús Servicio Alimentador,Rutas,14039.0,14,39,15.0,Cifras Definitivas
2024,8,Sistema Integral del Tren Ligero,Autobuses en operación de lunes a viernes,14039.0,14,39,29.0,Cifras Definitivas
2024,8,Sistema Integral del Tren Ligero,Autobuses en operación de sábado a domingo,14039.0,14,39,19.0,Cifras Definitivas
2024,8,Sistema Integral del Tren Ligero,Kilómetros recorridos,14039.0,14,39,183987.0,Cifras Definitivas
2024,8,Sistema Integral del Tren Ligero,Pasajeros transportados,14039.0,14,39,232926.0,Cifras Definitivas
2024,8,Sistema Integral del Tren Ligero,Pasajeros transportados con boleto pagado,14039.0,14,39,228025.0,Cifras Definitivas
2024,8,Sistema Integral del Tren Ligero,Pasajeros transportados con cortesía,14039.0,14,39,4901.0,Cifras Definitivas
2024,8,Sistema Integral del Tren Ligero,Rutas,14039.0,14,39,3.0,Cifras Definitivas
2024,8,Mi Transporte Eléctrico,Autobuses en operación de lunes a viernes,14039.0,14,39,37.0,Cifras Definitivas
2024,8,Mi Transporte Eléctrico,Autobuses en operación de sábado a domingo,14039.0,14,39,31.0,Cifras Definitivas
2024,8,Mi Transporte Eléctrico,Kilómetros recorridos,14039.0,14,39,387456.0,Cifras Definitivas
2024,8,Mi Transporte Eléctrico,Pasajeros transportados,14039.0,14,39,373512.0,Cifras Definitivas
2024,8,Mi Transporte Eléctrico,Pasajeros transportados con boleto pagado,14039.0,14,39,334298.0,Cifras Definitivas
2024,8,Mi Transporte Eléctrico,Pasajeros transportados con cortesía,14039.0,14,39,816.0,Cifras Definitivas
2024,8,Mi Transporte Eléctrico,Pasajeros transportados con descuento,14039.0,14,39,38398.0,Cifras Definitivas
2024,8,Mi Transporte Eléctrico,Rutas,14039.0,14,39,2.0,Cifras Definitivas
2024,8,Mi Macro Periférico Troncal,Autobuses en operación de lunes a viernes,14039.0,14,39,180.0,Cifras Definitivas
2024,8,Mi Macro Periférico Troncal,Autobuses en operación de sábado a domingo,14039.0,14,39,115.0,Cifras Definitivas
2024,8,Mi Macro Periférico Troncal,Kilómetros recorridos,14039.0,14,39,1528078.0,Cifras Definitivas
2024,8,Mi Macro Periférico Troncal,Pasajeros transportados,14039.0,14,39,8274892.0,Cifras Definitivas
2024,8,Mi Macro Periférico Troncal,Rutas,14039.0,14,39,6.0,Cifras Definitivas
2024,8,MI Macro Periférico Alimentador,Autobuses en operación de lunes a viernes,14039.0,14,39,130.0,Cifras Definitivas
2024,8,MI Macro Periférico Alimentador,Autobuses en operación de sábado a domingo,14039.0,14,39,101.0,Cifras Definitivas
2024,8,MI Macro Periférico Alimentador,Kilómetros recorridos,14039.0,14,39,718975.0,Cifras Definitivas
2024,8,MI Macro Periférico Alimentador,Pasajeros transportados,14039.0,14,39,1935507.0,Cifras Definitivas
2024,8,MI Macro Periférico Alimentador,Rutas,14039.0,14,39,13.0,Cifras Definitivas
2024,9,Tren Eléctrico,Ingresos por pasaje,14039.0,14,39,33954109.0,Cifras Definitivas
2024,9,Tren Eléctrico,Kilómetros recorridos,14039.0,14,39,713259.0,Cifras Definitivas
2024,9,Tren Eléctrico,Longitud de servicio,14039.0,14,39,47.0,Cifras Definitivas
2024,9,Tren Eléctrico,Pasajeros transportados,14039.0,14,39,14223066.0,Cifras Definitivas
2024,9,Tren Eléctrico,Unidades en operación,14039.0,14,39,57.0,Cifras Definitivas
2024,9,Trolebús,Ingresos por pasaje,14039.0,14,39,2615003.0,Cifras Definitivas
2024,9,Trolebús,Kilómetros recorridos,14039.0,14,39,30775.0,Cifras Definitivas
2024,9,Trolebús,Lineas en servicio,14039.0,14,39,1.0,Cifras Definitivas
2024,9,Trolebús,Longitud de servicio,14039.0,14,39,18.0,Cifras Definitivas
2024,9,Trolebús,Pasajeros transportados,14039.0,14,39,156974.0,Cifras Definitivas
2024,9,Trolebús,Unidades en operación,14039.0,14,39,7.0,Cifras Definitivas
2024,9,Macrobús Servicio Troncal,Autobuses en operación de lunes a viernes,14039.0,14,39,50.0,Cifras Definitivas
2024,9,Macrobús Servicio Troncal,Autobuses en operación de sábado a domingo,14039.0,14,39,48.0,Cifras Definitivas
2024,9,Macrobús Servicio Troncal,Ingresos por pasaje,14039.0,14,39,20101880.0,Cifras Definitivas
2024,9,Macrobús Servicio Troncal,Kilómetros recorridos,14039.0,14,39,335072.0,Cifras Definitivas
2024,9,Macrobús Servicio Troncal,Pasajeros transportados,14039.0,14,39,2965047.0,Cifras Definitivas
2024,9,Macrobús Servicio Troncal,Pasajeros transportados con boleto pagado,14039.0,14,39,2965047.0,Cifras Definitivas
2024,9,Macrobús Servicio Troncal,Pasajeros transportados con cortesía,14039.0,14,39,,Cifras Definitivas
2024,9,Macrobús Servicio Troncal,Pasajeros transportados con descuento,14039.0,14,39,,Cifras Definitivas
2024,9,Macrobús Servicio Troncal,Rutas,14039.0,14,39,2.0,Cifras Definitivas
2024,9,Macrobús Servicio Alimentador,Autobuses en operación de lunes a viernes,14039.0,14,39,68.0,Cifras Definitivas
2024,9,Macrobús Servicio Alimentador,Autobuses en operación de sábado a domingo,14039.0,14,39,67.0,Cifras Definitivas
2024,9,Macrobús Servicio Alimentador,Ingresos por pasaje,14039.0,14,39,13401253.0,Cifras Definitivas
2024,9,Macrobús Servicio Alimentador,Kilómetros recorridos,14039.0,14,39,606274.0,Cifras Definitivas
2024,9,Macrobús Servicio Alimentador,Pasajeros transportados,14039.0,14,39,987514.0,Cifras Definitivas
2024,9,Macrobús Servicio Alimentador,Pasajeros transportados con boleto pagado,14039.0,14,39,987514.0,Cifras Definitivas
2024,9,Macrobús Servicio Alimentador,Pasajeros transportados con descuento,14039.0,14,39,,Cifras Definitivas
2024,9,Macrobús Servicio Alimentador,Rutas,14039.0,14,39,15.0,Cifras Definitivas
2024,9,Sistema Integral del Tren Ligero,Autobuses en operación de lunes a viernes,14039.0,14,39,29.0,Cifras Definitivas
2024,9,Sistema Integral del Tren Ligero,Autobuses en operación de sábado a domingo,14039.0,14,39,19.0,Cifras Definitivas
2024,9,Sistema Integral del Tren Ligero,Kilómetros recorridos,14039.0,14,39,183319.0,Cifras Definitivas
2024,9,Sistema Integral del Tren Ligero,Pasajeros transportados,14039.0,14,39,212772.0,Cifras Definitivas
2024,9,Sistema Integral del Tren Ligero,Pasajeros transportados con boleto pagado,14039.0,14,39,208050.0,Cifras Definitivas
2024,9,Sistema Integral del Tren Ligero,Pasajeros transportados con cortesía,14039.0,14,39,4722.0,Cifras Definitivas
2024,9,Sistema Integral del Tren Ligero,Rutas,14039.0,14,39,3.0,Cifras Definitivas
2024,9,Mi Transporte Eléctrico,Autobuses en operación de lunes a viernes,14039.0,14,39,37.0,Cifras Definitivas
2024,9,Mi Transporte Eléctrico,Autobuses en operación de sábado a domingo,14039.0,14,39,31.0,Cifras Definitivas
2024,9,Mi Transporte Eléctrico,Kilómetros recorridos,14039.0,14,39,300512.0,Cifras Definitivas
2024,9,Mi Transporte Eléctrico,Pasajeros transportados,14039.0,14,39,360506.0,Cifras Definitivas
2024,9,Mi Transporte Eléctrico,Pasajeros transportados con boleto pagado,14039.0,14,39,321904.0,Cifras Definitivas
2024,9,Mi Transporte Eléctrico,Pasajeros transportados con cortesía,14039.0,14,39,800.0,Cifras Definitivas
2024,9,Mi Transporte Eléctrico,Pasajeros transportados con descuento,14039.0,14,39,37802.0,Cifras Definitivas
2024,9,Mi Transporte Eléctrico,Rutas,14039.0,14,39,2.0,Cifras Definitivas
2024,9,Mi Macro Periférico Troncal,Autobuses en operación de lunes a viernes,14039.0,14,39,181.0,Cifras Definitivas
2024,9,Mi Macro Periférico Troncal,Autobuses en operación de sábado a domingo,14039.0,14,39,114.0,Cifras Definitivas
2024,9,Mi Macro Periférico Troncal,Kilómetros recorridos,14039.0,14,39,1545587.0,Cifras Definitivas
2024,9,Mi Macro Periférico Troncal,Pasajeros transportados,14039.0,14,39,7712246.0,Cifras Definitivas
2024,9,Mi Macro Periférico Troncal,Rutas,14039.0,14,39,6.0,Cifras Definitivas
2024,9,MI Macro Periférico Alimentador,Autobuses en operación de lunes a viernes,14039.0,14,39,126.0,Cifras Definitivas
2024,9,MI Macro Periférico Alimentador,Autobuses en operación de sábado a domingo,14039.0,14,39,98.0,Cifras Definitivas
2024,9,MI Macro Periférico Alimentador,Kilómetros recorridos,14039.0,14,39,671571.0,Cifras Definitivas
2024,9,MI Macro Periférico Alimentador,Pasajeros transportados,14039.0,14,39,1811124.0,Cifras Definitivas
2024,9,MI Macro Periférico Alimentador,Rutas,14039.0,14,39,13.0,Cifras Definitivas
2024,10,Tren Eléctrico,Ingresos por pasaje,14039.0,14,39,33796152.0,Cifras Definitivas
2024,10,Tren Eléctrico,Kilómetros recorridos,14039.0,14,39,747392.0,Cifras Definitivas
2024,10,Tren Eléctrico,Longitud de servicio,14039.0,14,39,47.0,Cifras Definitivas
2024,10,Tren Eléctrico,Pasajeros transportados,14039.0,14,39,15341383.0,Cifras Definitivas
2024,10,Tren Eléctrico,Unidades en operación,14039.0,14,39,57.0,Cifras Definitivas
2024,10,Trolebús,Ingresos por pasaje,14039.0,14,39,2624562.0,Cifras Definitivas
2024,10,Trolebús,Kilómetros recorridos,14039.0,14,39,28546.0,Cifras Definitivas
2024,10,Trolebús,Lineas en servicio,14039.0,14,39,1.0,Cifras Definitivas
2024,10,Trolebús,Longitud de servicio,14039.0,14,39,18.0,Cifras Definitivas
2024,10,Trolebús,Pasajeros transportados,14039.0,14,39,156068.0,Cifras Definitivas
2024,10,Trolebús,Unidades en operación,14039.0,14,39,7.0,Cifras Definitivas
2024,10,Macrobús Servicio Troncal,Autobuses en operación de lunes a viernes,14039.0,14,39,49.0,Cifras Definitivas
2024,10,Macrobús Servicio Troncal,Autobuses en operación de sábado a domingo,14039.0,14,39,45.0,Cifras Definitivas
2024,10,Macrobús Servicio Troncal,Ingresos por pasaje,14039.0,14,39,20824372.0,Cifras Definitivas
2024,10,Macrobús Servicio Troncal,Kilómetros recorridos,14039.0,14,39,359200.0,Cifras Definitivas
2024,10,Macrobús Servicio Troncal,Pasajeros transportados,14039.0,14,39,3206958.0,Cifras Definitivas
2024,10,Macrobús Servicio Troncal,Pasajeros transportados con boleto pagado,14039.0,14,39,3206958.0,Cifras Definitivas
2024,10,Macrobús Servicio Troncal,Pasajeros transportados con cortesía,14039.0,14,39,,Cifras Definitivas
2024,10,Macrobús Servicio Troncal,Pasajeros transportados con descuento,14039.0,14,39,,Cifras Definitivas
2024,10,Macrobús Servicio Troncal,Rutas,14039.0,14,39,2.0,Cifras Definitivas
2024,10,Macrobús Servicio Alimentador,Autobuses en operación de lunes a viernes,14039.0,14,39,67.0,Cifras Definitivas
2024,10,Macrobús Servicio Alimentador,Autobuses en operación de sábado a domingo,14039.0,14,39,66.0,Cifras Definitivas
2024,10,Macrobús Servicio Alimentador,Ingresos por pasaje,14039.0,14,39,13882915.0,Cifras Definitivas
2024,10,Macrobús Servicio Alimentador,Kilómetros recorridos,14039.0,14,39,616035.0,Cifras Definitivas
2024,10,Macrobús Servicio Alimentador,Pasajeros transportados,14039.0,14,39,1026083.0,Cifras Definitivas
2024,10,Macrobús Servicio Alimentador,Pasajeros transportados con boleto pagado,14039.0,14,39,1026083.0,Cifras Definitivas
2024,10,Macrobús Servicio Alimentador,Pasajeros transportados con descuento,14039.0,14,39,,Cifras Definitivas
2024,10,Macrobús Servicio Alimentador,Rutas,14039.0,14,39,15.0,Cifras Definitivas
2024,10,Sistema Integral del Tren Ligero,Autobuses en operación de lunes a viernes,14039.0,14,39,29.0,Cifras Definitivas
2024,10,Sistema Integral del Tren Ligero,Autobuses en operación de sábado a domingo,14039.0,14,39,19.0,Cifras Definitivas
2024,10,Sistema Integral del Tren Ligero,Kilómetros recorridos,14039.0,14,39,169963.0,Cifras Definitivas
2024,10,Sistema Integral del Tren Ligero,Pasajeros transportados,14039.0,14,39,215078.0,Cifras Definitivas
2024,10,Sistema Integral del Tren Ligero,Pasajeros transportados con boleto pagado,14039.0,14,39,210376.0,Cifras Definitivas
2024,10,Sistema Integral del Tren Ligero,Pasajeros transportados con cortesía,14039.0,14,39,4702.0,Cifras Definitivas
2024,10,Sistema Integral del Tren Ligero,Rutas,14039.0,14,39,3.0,Cifras Definitivas
2024,10,Mi Transporte Eléctrico,Autobuses en operación de lunes a viernes,14039.0,14,39,37.0,Cifras Definitivas
2024,10,Mi Transporte Eléctrico,Autobuses en operación de sábado a domingo,14039.0,14,39,31.0,Cifras Definitivas
2024,10,Mi Transporte Eléctrico,Kilómetros recorridos,14039.0,14,39,297756.0,Cifras Definitivas
2024,10,Mi Transporte Eléctrico,Pasajeros transportados,14039.0,14,39,370625.0,Cifras Definitivas
2024,10,Mi Transporte Eléctrico,Pasajeros transportados con boleto pagado,14039.0,14,39,330434.0,Cifras Definitivas
2024,10,Mi Transporte Eléctrico,Pasajeros transportados con cortesía,14039.0,14,39,798.0,Cifras Definitivas
2024,10,Mi Transporte Eléctrico,Pasajeros transportados con descuento,14039.0,14,39,39393.0,Cifras Definitivas
2024,10,Mi Transporte Eléctrico,Rutas,14039.0,14,39,2.0,Cifras Definitivas
2024,10,Mi Macro Periférico Troncal,Autobuses en operación de lunes a viernes,14039.0,14,39,181.0,Cifras Definitivas
2024,10,Mi Macro Periférico Troncal,Autobuses en operación de sábado a domingo,14039.0,14,39,115.0,Cifras Definitivas
2024,10,Mi Macro Periférico Troncal,Kilómetros recorridos,14039.0,14,39,1605369.0,Cifras Definitivas
2024,10,Mi Macro Periférico Troncal,Pasajeros transportados,14039.0,14,39,8342034.0,Cifras Definitivas
2024,10,Mi Macro Periférico Troncal,Rutas,14039.0,14,39,6.0,Cifras Definitivas
2024,10,MI Macro Periférico Alimentador,Autobuses en operación de lunes a viernes,14039.0,14,39,127.0,Cifras Definitivas
2024,10,MI Macro Periférico Alimentador,Autobuses en operación de sábado a domingo,14039.0,14,39,95.0,Cifras Definitivas
2024,10,MI Macro Periférico Alimentador,Kilómetros recorridos,14039.0,14,39,745304.0,Cifras Definitivas
2024,10,MI Macro Periférico Alimentador,Pasajeros transportados,14039.0,14,39,1971121.0,Cifras Definitivas
2024,10,MI Macro Periférico Alimentador,Rutas,14039.0,14,39,13.0,Cifras Definitivas
2024,11,Tren Eléctrico,Ingresos por pasaje,14039.0,14,39,33650414.0,Cifras Definitivas
2024,11,Tren Eléctrico,Kilómetros recorridos,14039.0,14,39,738956.0,Cifras Definitivas
2024,11,Tren Eléctrico,Longitud de servicio,14039.0,14,39,47.0,Cifras Definitivas
2024,11,Tren Eléctrico,Pasajeros transportados,14039.0,14,39,14597105.0,Cifras Definitivas
2024,11,Tren Eléctrico,Unidades en operación,14039.0,14,39,57.0,Cifras Definitivas
2024,11,Trolebús,Ingresos por pasaje,14039.0,14,39,2632771.0,Cifras Definitivas
2024,11,Trolebús,Kilómetros recorridos,14039.0,14,39,25429.0,Cifras Definitivas
2024,11,Trolebús,Lineas en servicio,14039.0,14,39,1.0,Cifras Definitivas
2024,11,Trolebús,Longitud de servicio,14039.0,14,39,18.0,Cifras Definitivas
2024,11,Trolebús,Pasajeros transportados,14039.0,14,39,138312.0,Cifras Definitivas
2024,11,Trolebús,Unidades en operación,14039.0,14,39,7.0,Cifras Definitivas
2024,11,Macrobús Servicio Troncal,Autobuses en operación de lunes a viernes,14039.0,14,39,50.0,Cifras Definitivas
2024,11,Macrobús Servicio Troncal,Autobuses en operación de sábado a domingo,14039.0,14,39,47.0,Cifras Definitivas
2024,11,Macrobús Servicio Troncal,Ingresos por pasaje,14039.0,14,39,19409191.0,Cifras Definitivas
2024,11,Macrobús Servicio Troncal,Kilómetros recorridos,14039.0,14,39,339504.0,Cifras Definitivas
2024,11,Macrobús Servicio Troncal,Pasajeros transportados,14039.0,14,39,3028607.0,Cifras Definitivas
2024,11,Macrobús Servicio Troncal,Pasajeros transportados con boleto pagado,14039.0,14,39,3028607.0,Cifras Definitivas
2024,11,Macrobús Servicio Troncal,Pasajeros transportados con cortesía,14039.0,14,39,,Cifras Definitivas
2024,11,Macrobús Servicio Troncal,Pasajeros transportados con descuento,14039.0,14,39,,Cifras Definitivas
2024,11,Macrobús Servicio Troncal,Rutas,14039.0,14,39,2.0,Cifras Definitivas
2024,11,Macrobús Servicio Alimentador,Autobuses en operación de lunes a viernes,14039.0,14,39,68.0,Cifras Definitivas
2024,11,Macrobús Servicio Alimentador,Autobuses en operación de sábado a domingo,14039.0,14,39,67.0,Cifras Definitivas
2024,11,Macrobús Servicio Alimentador,Ingresos por pasaje,14039.0,14,39,12939461.0,Cifras Definitivas
2024,11,Macrobús Servicio Alimentador,Kilómetros recorridos,14039.0,14,39,607960.0,Cifras Definitivas
2024,11,Macrobús Servicio Alimentador,Pasajeros transportados,14039.0,14,39,1011980.0,Cifras Definitivas
2024,11,Macrobús Servicio Alimentador,Pasajeros transportados con boleto pagado,14039.0,14,39,1011980.0,Cifras Definitivas
2024,11,Macrobús Servicio Alimentador,Pasajeros transportados con descuento,14039.0,14,39,,Cifras Definitivas
2024,11,Macrobús Servicio Alimentador,Rutas,14039.0,14,39,15.0,Cifras Definitivas
2024,11,Sistema Integral del Tren Ligero,Autobuses en operación de lunes a viernes,14039.0,14,39,29.0,Cifras Definitivas
2024,11,Sistema Integral del Tren Ligero,Autobuses en operación de sábado a domingo,14039.0,14,39,19.0,Cifras Definitivas
2024,11,Sistema Integral del Tren Ligero,Kilómetros recorridos,14039.0,14,39,145594.0,Cifras Definitivas
2024,11,Sistema Integral del Tren Ligero,Pasajeros transportados,14039.0,14,39,158603.0,Cifras Definitivas
2024,11,Sistema Integral del Tren Ligero,Pasajeros transportados con boleto pagado,14039.0,14,39,155876.0,Cifras Definitivas
2024,11,Sistema Integral del Tren Ligero,Pasajeros transportados con cortesía,14039.0,14,39,2727.0,Cifras Definitivas
2024,11,Sistema Integral del Tren Ligero,Rutas,14039.0,14,39,3.0,Cifras Definitivas
2024,11,Mi Transporte Eléctrico,Autobuses en operación de lunes a viernes,14039.0,14,39,37.0,Cifras Definitivas
2024,11,Mi Transporte Eléctrico,Autobuses en operación de sábado a domingo,14039.0,14,39,30.0,Cifras Definitivas
2024,11,Mi Transporte Eléctrico,Kilómetros recorridos,14039.0,14,39,297770.0,Cifras Definitivas
2024,11,Mi Transporte Eléctrico,Pasajeros transportados,14039.0,14,39,336265.0,Cifras Definitivas
2024,11,Mi Transporte Eléctrico,Pasajeros transportados con boleto pagado,14039.0,14,39,298775.0,Cifras Definitivas
2024,11,Mi Transporte Eléctrico,Pasajeros transportados con cortesía,14039.0,14,39,658.0,Cifras Definitivas
2024,11,Mi Transporte Eléctrico,Pasajeros transportados con descuento,14039.0,14,39,36832.0,Cifras Definitivas
2024,11,Mi Transporte Eléctrico,Rutas,14039.0,14,39,2.0,Cifras Definitivas
2024,11,Mi Macro Periférico Troncal,Autobuses en operación de lunes a viernes,14039.0,14,39,184.0,Cifras Definitivas
2024,11,Mi Macro Periférico Troncal,Autobuses en operación de sábado a domingo,14039.0,14,39,117.0,Cifras Definitivas
2024,11,Mi Macro Periférico Troncal,Kilómetros recorridos,14039.0,14,39,1530756.0,Cifras Definitivas
2024,11,Mi Macro Periférico Troncal,Pasajeros transportados,14039.0,14,39,7649096.0,Cifras Definitivas
2024,11,Mi Macro Periférico Troncal,Rutas,14039.0,14,39,7.0,Cifras Definitivas
2024,11,MI Macro Periférico Alimentador,Autobuses en operación de lunes a viernes,14039.0,14,39,124.0,Cifras Definitivas
2024,11,MI Macro Periférico Alimentador,Autobuses en operación de sábado a domingo,14039.0,14,39,96.0,Cifras Definitivas
2024,11,MI Macro Periférico Alimentador,Kilómetros recorridos,14039.0,14,39,700592.0,Cifras Definitivas
2024,11,MI Macro Periférico Alimentador,Pasajeros transportados,14039.0,14,39,1759249.0,Cifras Definitivas
2024,11,MI Macro Periférico Alimentador,Rutas,14039.0,14,39,12.0,Cifras Definitivas
2024,12,Tren Eléctrico,Ingresos por pasaje,14039.0,14,39,33520214.0,Cifras Definitivas
2024,12,Tren Eléctrico,Kilómetros recorridos,14039.0,14,39,766926.0,Cifras Definitivas
2024,12,Tren Eléctrico,Longitud de servicio,14039.0,14,39,47.0,Cifras Definitivas
2024,12,Tren Eléctrico,Pasajeros transportados,14039.0,14,39,13813116.0,Cifras Definitivas
2024,12,Tren Eléctrico,Unidades en operación,14039.0,14,39,57.0,Cifras Definitivas
2024,12,Trolebús,Ingresos por pasaje,14039.0,14,39,2641253.0,Cifras Definitivas
2024,12,Trolebús,Kilómetros recorridos,14039.0,14,39,25876.0,Cifras Definitivas
2024,12,Trolebús,Lineas en servicio,14039.0,14,39,1.0,Cifras Definitivas
2024,12,Trolebús,Longitud de servicio,14039.0,14,39,18.0,Cifras Definitivas
2024,12,Trolebús,Pasajeros transportados,14039.0,14,39,104512.0,Cifras Definitivas
2024,12,Trolebús,Unidades en operación,14039.0,14,39,7.0,Cifras Definitivas
2024,12,Macrobús Servicio Troncal,Autobuses en operación de lunes a viernes,14039.0,14,39,49.0,Cifras Definitivas
2024,12,Macrobús Servicio Troncal,Autobuses en operación de sábado a domingo,14039.0,14,39,50.0,Cifras Definitivas
2024,12,Macrobús Servicio Troncal,Ingresos por pasaje,14039.0,14,39,18200676.0,Cifras Definitivas
2024,12,Macrobús Servicio Troncal,Kilómetros recorridos,14039.0,14,39,288832.0,Cifras Definitivas
2024,12,Macrobús Servicio Troncal,Pasajeros transportados,14039.0,14,39,2718031.0,Cifras Definitivas
2024,12,Macrobús Servicio Troncal,Pasajeros transportados con boleto pagado,14039.0,14,39,2718031.0,Cifras Definitivas
2024,12,Macrobús Servicio Troncal,Pasajeros transportados con cortesía,14039.0,14,39,,Cifras Definitivas
2024,12,Macrobús Servicio Troncal,Pasajeros transportados con descuento,14039.0,14,39,,Cifras Definitivas
2024,12,Macrobús Servicio Troncal,Rutas,14039.0,14,39,2.0,Cifras Definitivas
2024,12,Macrobús Servicio Alimentador,Autobuses en operación de lunes a viernes,14039.0,14,39,67.0,Cifras Definitivas
2024,12,Macrobús Servicio Alimentador,Autobuses en operación de sábado a domingo,14039.0,14,39,66.0,Cifras Definitivas
2024,12,Macrobús Servicio Alimentador,Ingresos por pasaje,14039.0,14,39,12133784.0,Cifras Definitivas
2024,12,Macrobús Servicio Alimentador,Kilómetros recorridos,14039.0,14,39,504404.0,Cifras Definitivas
2024,12,Macrobús Servicio Alimentador,Pasajeros transportados,14039.0,14,39,932363.0,Cifras Definitivas
2024,12,Macrobús Servicio Alimentador,Pasajeros transportados con boleto pagado,14039.0,14,39,932363.0,Cifras Definitivas
2024,12,Macrobús Servicio Alimentador,Pasajeros transportados con descuento,14039.0,14,39,,Cifras Definitivas
2024,12,Macrobús Servicio Alimentador,Rutas,14039.0,14,39,15.0,Cifras Definitivas
2024,12,Sistema Integral del Tren Ligero,Autobuses en operación de lunes a viernes,14039.0,14,39,29.0,Cifras Definitivas
2024,12,Sistema Integral del Tren Ligero,Autobuses en operación de sábado a domingo,14039.0,14,39,19.0,Cifras Definitivas
2024,12,Sistema Integral del Tren Ligero,Kilómetros recorridos,14039.0,14,39,130857.0,Cifras Definitivas
2024,12,Sistema Integral del Tren Ligero,Pasajeros transportados,14039.0,14,39,179133.0,Cifras Definitivas
2024,12,Sistema Integral del Tren Ligero,Pasajeros transportados con boleto pagado,14039.0,14,39,177754.0,Cifras Definitivas
2024,12,Sistema Integral del Tren Ligero,Pasajeros transportados con cortesía,14039.0,14,39,1379.0,Cifras Definitivas
2024,12,Sistema Integral del Tren Ligero,Rutas,14039.0,14,39,6.0,Cifras Definitivas
2024,12,Mi Transporte Eléctrico,Autobuses en operación de lunes a viernes,14039.0,14,39,37.0,Cifras Definitivas
2024,12,Mi Transporte Eléctrico,Autobuses en operación de sábado a domingo,14039.0,14,39,30.0,Cifras Definitivas
2024,12,Mi Transporte Eléctrico,Kilómetros recorridos,14039.0,14,39,297740.0,Cifras Definitivas
2024,12,Mi Transporte Eléctrico,Pasajeros transportados,14039.0,14,39,280178.0,Cifras Definitivas
2024,12,Mi Transporte Eléctrico,Pasajeros transportados con boleto pagado,14039.0,14,39,252297.0,Cifras Definitivas
2024,12,Mi Transporte Eléctrico,Pasajeros transportados con cortesía,14039.0,14,39,668.0,Cifras Definitivas
2024,12,Mi Transporte Eléctrico,Pasajeros transportados con descuento,14039.0,14,39,27213.0,Cifras Definitivas
2024,12,Mi Transporte Eléctrico,Rutas,14039.0,14,39,2.0,Cifras Definitivas
2024,12,Mi Macro Periférico Troncal,Autobuses en operación de lunes a viernes,14039.0,14,39,185.0,Cifras Definitivas
2024,12,Mi Macro Periférico Troncal,Autobuses en operación de sábado a domingo,14039.0,14,39,120.0,Cifras Definitivas
2024,12,Mi Macro Periférico Troncal,Kilómetros recorridos,14039.0,14,39,1255084.0,Cifras Definitivas
2024,12,Mi Macro Periférico Troncal,Pasajeros transportados,14039.0,14,39,6582690.0,Cifras Definitivas
2024,12,Mi Macro Periférico Troncal,Rutas,14039.0,14,39,7.0,Cifras Definitivas
2024,12,MI Macro Periférico Alimentador,Autobuses en operación de lunes a viernes,14039.0,14,39,119.0,Cifras Definitivas
2024,12,MI Macro Periférico Alimentador,Autobuses en operación de sábado a domingo,14039.0,14,39,97.0,Cifras Definitivas
2024,12,MI Macro Periférico Alimentador,Kilómetros recorridos,14039.0,14,39,751838.0,Cifras Definitivas
2024,12,MI Macro Periférico Alimentador,Pasajeros transportados,14039.0,14,39,1738034.0,Cifras Definitivas
2024,12,MI Macro Periférico Alimentador,Rutas,14039.0,14,39,12.0,Cifras Definitivas
2025,1,Tren Eléctrico,Ingresos por pasaje,14039.0,14,39,33397493.0,Cifras Preliminares
2025,1,Tren Eléctrico,Kilómetros recorridos,14039.0,14,39,748801.0,Cifras Preliminares
2025,1,Tren Eléctrico,Longitud de servicio,14039.0,14,39,47.0,Cifras Preliminares
2025,1,Tren Eléctrico,Pasajeros transportados,14039.0,14,39,13724406.0,Cifras Preliminares
2025,1,Tren Eléctrico,Unidades en operación,14039.0,14,39,64.0,Cifras Preliminares
2025,1,Trolebús,Ingresos por pasaje,14039.0,14,39,2649610.0,Cifras Preliminares
2025,1,Trolebús,Kilómetros recorridos,14039.0,14,39,27000.0,Cifras Preliminares
2025,1,Trolebús,Lineas en servicio,14039.0,14,39,1.0,Cifras Preliminares
2025,1,Trolebús,Longitud de servicio,14039.0,14,39,18.0,Cifras Preliminares
2025,1,Trolebús,Pasajeros transportados,14039.0,14,39,112414.0,Cifras Preliminares
2025,1,Trolebús,Unidades en operación,14039.0,14,39,7.0,Cifras Preliminares
2025,1,Macrobús Servicio Troncal,Autobuses en operación de lunes a viernes,14039.0,14,39,47.0,Cifras Preliminares
2025,1,Macrobús Servicio Troncal,Autobuses en operación de sábado a domingo,14039.0,14,39,42.0,Cifras Preliminares
2025,1,Macrobús Servicio Troncal,Ingresos por pasaje,14039.0,14,39,18910227.0,Cifras Preliminares
2025,1,Macrobús Servicio Troncal,Kilómetros recorridos,14039.0,14,39,349774.0,Cifras Preliminares
2025,1,Macrobús Servicio Troncal,Pasajeros transportados,14039.0,14,39,2827838.0,Cifras Preliminares
2025,1,Macrobús Servicio Troncal,Pasajeros transportados con boleto pagado,14039.0,14,39,2827838.0,Cifras Preliminares
2025,1,Macrobús Servicio Troncal,Pasajeros transportados con cortesía,14039.0,14,39,,Cifras Preliminares
2025,1,Macrobús Servicio Troncal,Pasajeros transportados con descuento,14039.0,14,39,,Cifras Preliminares
2025,1,Macrobús Servicio Troncal,Rutas,14039.0,14,39,2.0,Cifras Preliminares
2025,1,Macrobús Servicio Alimentador,Autobuses en operación de lunes a viernes,14039.0,14,39,67.0,Cifras Preliminares
2025,1,Macrobús Servicio Alimentador,Autobuses en operación de sábado a domingo,14039.0,14,39,66.0,Cifras Preliminares
2025,1,Macrobús Servicio Alimentador,Ingresos por pasaje,14039.0,14,39,12606818.0,Cifras Preliminares
2025,1,Macrobús Servicio Alimentador,Kilómetros recorridos,14039.0,14,39,536684.0,Cifras Preliminares
2025,1,Macrobús Servicio Alimentador,Pasajeros transportados,14039.0,14,39,912260.0,Cifras Preliminares
2025,1,Macrobús Servicio Alimentador,Pasajeros transportados con boleto pagado,14039.0,14,39,912260.0,Cifras Preliminares
2025,1,Macrobús Servicio Alimentador,Pasajeros transportados con descuento,14039.0,14,39,,Cifras Preliminares
2025,1,Macrobús Servicio Alimentador,Rutas,14039.0,14,39,15.0,Cifras Preliminares
2025,1,Sistema Integral del Tren Ligero,Autobuses en operación de lunes a viernes,14039.0,14,39,26.0,Cifras Preliminares
2025,1,Sistema Integral del Tren Ligero,Autobuses en operación de sábado a domingo,14039.0,14,39,17.0,Cifras Preliminares
2025,1,Sistema Integral del Tren Ligero,Kilómetros recorridos,14039.0,14,39,128553.0,Cifras Preliminares
2025,1,Sistema Integral del Tren Ligero,Pasajeros transportados,14039.0,14,39,175161.0,Cifras Preliminares
2025,1,Sistema Integral del Tren Ligero,Pasajeros transportados con boleto pagado,14039.0,14,39,172269.0,Cifras Preliminares
2025,1,Sistema Integral del Tren Ligero,Pasajeros transportados con cortesía,14039.0,14,39,2892.0,Cifras Preliminares
2025,1,Sistema Integral del Tren Ligero,Rutas,14039.0,14,39,6.0,Cifras Preliminares
2025,1,Mi Transporte Eléctrico,Autobuses en operación de lunes a viernes,14039.0,14,39,35.0,Cifras Preliminares
2025,1,Mi Transporte Eléctrico,Autobuses en operación de sábado a domingo,14039.0,14,39,28.0,Cifras Preliminares
2025,1,Mi Transporte Eléctrico,Kilómetros recorridos,14039.0,14,39,297740.0,Cifras Preliminares
2025,1,Mi Transporte Eléctrico,Pasajeros transportados,14039.0,14,39,306217.0,Cifras Preliminares
2025,1,Mi Transporte Eléctrico,Pasajeros transportados con boleto pagado,14039.0,14,39,274807.0,Cifras Preliminares
2025,1,Mi Transporte Eléctrico,Pasajeros transportados con cortesía,14039.0,14,39,825.0,Cifras Preliminares
2025,1,Mi Transporte Eléctrico,Pasajeros transportados con descuento,14039.0,14,39,30585.0,Cifras Preliminares
2025,1,Mi Transporte Eléctrico,Rutas,14039.0,14,39,2.0,Cifras Preliminares
2025,1,Mi Macro Periférico Troncal,Autobuses en operación de lunes a viernes,14039.0,14,39,189.0,Cifras Preliminares
2025,1,Mi Macro Periférico Troncal,Autobuses en operación de sábado a domingo,14039.0,14,39,119.0,Cifras Preliminares
2025,1,Mi Macro Periférico Troncal,Kilómetros recorridos,14039.0,14,39,1651047.0,Cifras Preliminares
2025,1,Mi Macro Periférico Troncal,Pasajeros transportados,14039.0,14,39,7104537.0,Cifras Preliminares
2025,1,Mi Macro Periférico Troncal,Rutas,14039.0,14,39,7.0,Cifras Preliminares
2025,1,MI Macro Periférico Alimentador,Autobuses en operación de lunes a viernes,14039.0,14,39,122.0,Cifras Preliminares
2025,1,MI Macro Periférico Alimentador,Autobuses en operación de sábado a domingo,14039.0,14,39,95.0,Cifras Preliminares
2025,1,MI Macro Periférico Alimentador,Kilómetros recorridos,14039.0,14,39,836735.0,Cifras Preliminares
2025,1,MI Macro Periférico Alimentador,Pasajeros transportados,14039.0,14,39,1760789.0,Cifras Preliminares
2025,1,MI Macro Periférico Alimentador,Rutas,14039.0,14,39,12.0,Cifras Preliminares
2025,2,Tren Eléctrico,Ingresos por pasaje,14039.0,14,39,33290626.0,Cifras Preliminares
2025,2,Tren Eléctrico,Kilómetros recorridos,14039.0,14,39,665090.0,Cifras Preliminares
2025,2,Tren Eléctrico,Longitud de servicio,14039.0,14,39,47.0,Cifras Preliminares
2025,2,Tren Eléctrico,Pasajeros transportados,14039.0,14,39,13192017.0,Cifras Preliminares
2025,2,Tren Eléctrico,Unidades en operación,14039.0,14,39,64.0,Cifras Preliminares
2025,2,Trolebús,Ingresos por pasaje,14039.0,14,39,2658152.0,Cifras Preliminares
2025,2,Trolebús,Kilómetros recorridos,14039.0,14,39,22412.0,Cifras Preliminares
2025,2,Trolebús,Lineas en servicio,14039.0,14,39,1.0,Cifras Preliminares
2025,2,Trolebús,Longitud de servicio,14039.0,14,39,18.0,Cifras Preliminares
2025,2,Trolebús,Pasajeros transportados,14039.0,14,39,98110.0,Cifras Preliminares
2025,2,Trolebús,Unidades en operación,14039.0,14,39,5.0,Cifras Preliminares
2025,2,Macrobús Servicio Troncal,Autobuses en operación de lunes a viernes,14039.0,14,39,48.0,Cifras Preliminares
2025,2,Macrobús Servicio Troncal,Autobuses en operación de sábado a domingo,14039.0,14,39,45.0,Cifras Preliminares
2025,2,Macrobús Servicio Troncal,Ingresos por pasaje,14039.0,14,39,21945224.0,Cifras Preliminares
2025,2,Macrobús Servicio Troncal,Kilómetros recorridos,14039.0,14,39,315584.0,Cifras Preliminares
2025,2,Macrobús Servicio Troncal,Pasajeros transportados,14039.0,14,39,2773617.0,Cifras Preliminares
2025,2,Macrobús Servicio Troncal,Pasajeros transportados con boleto pagado,14039.0,14,39,2773617.0,Cifras Preliminares
2025,2,Macrobús Servicio Troncal,Pasajeros transportados con cortesía,14039.0,14,39,,Cifras Preliminares
2025,2,Macrobús Servicio Troncal,Pasajeros transportados con descuento,14039.0,14,39,,Cifras Preliminares
2025,2,Macrobús Servicio Troncal,Rutas,14039.0,14,39,2.0,Cifras Preliminares
2025,2,Macrobús Servicio Alimentador,Autobuses en operación de lunes a viernes,14039.0,14,39,67.0,Cifras Preliminares
2025,2,Macrobús Servicio Alimentador,Autobuses en operación de sábado a domingo,14039.0,14,39,66.0,Cifras Preliminares
2025,2,Macrobús Servicio Alimentador,Ingresos por pasaje,14039.0,14,39,14630149.0,Cifras Preliminares
2025,2,Macrobús Servicio Alimentador,Kilómetros recorridos,14039.0,14,39,470223.0,Cifras Preliminares
2025,2,Macrobús Servicio Alimentador,Pasajeros transportados,14039.0,14,39,862773.0,Cifras Preliminares
2025,2,Macrobús Servicio Alimentador,Pasajeros transportados con boleto pagado,14039.0,14,39,862773.0,Cifras Preliminares
2025,2,Macrobús Servicio Alimentador,Pasajeros transportados con descuento,14039.0,14,39,,Cifras Preliminares
2025,2,Macrobús Servicio Alimentador,Rutas,14039.0,14,39,15.0,Cifras Preliminares
2025,2,Sistema Integral del Tren Ligero,Autobuses en operación de lunes a viernes,14039.0,14,39,23.0,Cifras Preliminares
2025,2,Sistema Integral del Tren Ligero,Autobuses en operación de sábado a domingo,14039.0,14,39,15.0,Cifras Preliminares
2025,2,Sistema Integral del Tren Ligero,Kilómetros recorridos,14039.0,14,39,112494.0,Cifras Preliminares
2025,2,Sistema Integral del Tren Ligero,Pasajeros transportados,14039.0,14,39,164483.0,Cifras Preliminares
2025,2,Sistema Integral del Tren Ligero,Pasajeros transportados con boleto pagado,14039.0,14,39,161609.0,Cifras Preliminares
2025,2,Sistema Integral del Tren Ligero,Pasajeros transportados con cortesía,14039.0,14,39,2874.0,Cifras Preliminares
2025,2,Sistema Integral del Tren Ligero,Rutas,14039.0,14,39,6.0,Cifras Preliminares
2025,2,Mi Transporte Eléctrico,Autobuses en operación de lunes a viernes,14039.0,14,39,34.0,Cifras Preliminares
2025,2,Mi Transporte Eléctrico,Autobuses en operación de sábado a domingo,14039.0,14,39,27.0,Cifras Preliminares
2025,2,Mi Transporte Eléctrico,Kilómetros recorridos,14039.0,14,39,297650.0,Cifras Preliminares
2025,2,Mi Transporte Eléctrico,Pasajeros transportados,14039.0,14,39,298498.0,Cifras Preliminares
2025,2,Mi Transporte Eléctrico,Pasajeros transportados con boleto pagado,14039.0,14,39,261877.0,Cifras Preliminares
2025,2,Mi Transporte Eléctrico,Pasajeros transportados con cortesía,14039.0,14,39,760.0,Cifras Preliminares
2025,2,Mi Transporte Eléctrico,Pasajeros transportados con descuento,14039.0,14,39,35861.0,Cifras Preliminares
2025,2,Mi Transporte Eléctrico,Rutas,14039.0,14,39,2.0,Cifras Preliminares
2025,2,Mi Macro Periférico Troncal,Autobuses en operación de lunes a viernes,14039.0,14,39,195.0,Cifras Preliminares
2025,2,Mi Macro Periférico Troncal,Autobuses en operación de sábado a domingo,14039.0,14,39,121.0,Cifras Preliminares
2025,2,Mi Macro Periférico Troncal,Kilómetros recorridos,14039.0,14,39,1524510.0,Cifras Preliminares
2025,2,Mi Macro Periférico Troncal,Pasajeros transportados,14039.0,14,39,7082447.0,Cifras Preliminares
2025,2,Mi Macro Periférico Troncal,Rutas,14039.0,14,39,6.0,Cifras Preliminares
2025,2,MI Macro Periférico Alimentador,Autobuses en operación de lunes a viernes,14039.0,14,39,121.0,Cifras Preliminares
2025,2,MI Macro Periférico Alimentador,Autobuses en operación de sábado a domingo,14039.0,14,39,93.0,Cifras Preliminares
2025,2,MI Macro Periférico Alimentador,Kilómetros recorridos,14039.0,14,39,708274.0,Cifras Preliminares
2025,2,MI Macro Periférico Alimentador,Pasajeros transportados,14039.0,14,39,1660853.0,Cifras Preliminares
2025,2,MI Macro Periférico Alimentador,Rutas,14039.0,14,39,12.0,Cifras Preliminares
2025,3,Tren Eléctrico,Ingresos por pasaje,14039.0,14,39,33194543.0,Cifras Estimadas
2025,3,Tren Eléctrico,Kilómetros recorridos,14039.0,14,39,742775.0,Cifras Preliminares
2025,3,Tren Eléctrico,Longitud de servicio,14039.0,14,39,47.0,Cifras Preliminares
2025,3,Tren Eléctrico,Pasajeros transportados,14039.0,14,39,14178389.0,Cifras Preliminares
2025,3,Tren Eléctrico,Unidades en operación,14039.0,14,39,64.0,Cifras Preliminares
2025,3,Trolebús,Ingresos por pasaje,14039.0,14,39,2666398.0,Cifras Estimadas
2025,3,Trolebús,Kilómetros recorridos,14039.0,14,39,27369.0,Cifras Preliminares
2025,3,Trolebús,Lineas en servicio,14039.0,14,39,1.0,Cifras Preliminares
2025,3,Trolebús,Longitud de servicio,14039.0,14,39,18.0,Cifras Preliminares
2025,3,Trolebús,Pasajeros transportados,14039.0,14,39,116424.0,Cifras Preliminares
2025,3,Trolebús,Unidades en operación,14039.0,14,39,5.0,Cifras Preliminares
2025,3,Macrobús Servicio Troncal,Autobuses en operación de lunes a viernes,14039.0,14,39,47.0,Cifras Preliminares
2025,3,Macrobús Servicio Troncal,Autobuses en operación de sábado a domingo,14039.0,14,39,41.0,Cifras Preliminares
2025,3,Macrobús Servicio Troncal,Ingresos por pasaje,14039.0,14,39,21496473.0,Cifras Preliminares
2025,3,Macrobús Servicio Troncal,Kilómetros recorridos,14039.0,14,39,343648.0,Cifras Preliminares
2025,3,Macrobús Servicio Troncal,Pasajeros transportados,14039.0,14,39,2950878.0,Cifras Preliminares
2025,3,Macrobús Servicio Troncal,Pasajeros transportados con boleto pagado,14039.0,14,39,2950878.0,Cifras Preliminares
2025,3,Macrobús Servicio Troncal,Pasajeros transportados con cortesía,14039.0,14,39,,Cifras Preliminares
2025,3,Macrobús Servicio Troncal,Pasajeros transportados con descuento,14039.0,14,39,,Cifras Preliminares
2025,3,Macrobús Servicio Troncal,Rutas,14039.0,14,39,2.0,Cifras Preliminares
2025,3,Macrobús Servicio Alimentador,Autobuses en operación de lunes a viernes,14039.0,14,39,68.0,Cifras Preliminares
2025,3,Macrobús Servicio Alimentador,Autobuses en operación de sábado a domingo,14039.0,14,39,66.0,Cifras Preliminares
2025,3,Macrobús Servicio Alimentador,Ingresos por pasaje,14039.0,14,39,14330982.0,Cifras Preliminares
2025,3,Macrobús Servicio Alimentador,Kilómetros recorridos,14039.0,14,39,520710.0,Cifras Preliminares
2025,3,Macrobús Servicio Alimentador,Pasajeros transportados,14039.0,14,39,947808.0,Cifras Preliminares
2025,3,Macrobús Servicio Alimentador,Pasajeros transportados con boleto pagado,14039.0,14,39,947808.0,Cifras Preliminares
2025,3,Macrobús Servicio Alimentador,Pasajeros transportados con descuento,14039.0,14,39,,Cifras Preliminares
2025,3,Macrobús Servicio Alimentador,Rutas,14039.0,14,39,15.0,Cifras Preliminares
2025,3,Sistema Integral del Tren Ligero,Autobuses en operación de lunes a viernes,14039.0,14,39,18.0,Cifras Preliminares
2025,3,Sistema Integral del Tren Ligero,Autobuses en operación de sábado a domingo,14039.0,14,39,18.0,Cifras Preliminares
2025,3,Sistema Integral del Tren Ligero,Kilómetros recorridos,14039.0,14,39,123620.0,Cifras Preliminares
2025,3,Sistema Integral del Tren Ligero,Pasajeros transportados,14039.0,14,39,175451.0,Cifras Preliminares
2025,3,Sistema Integral del Tren Ligero,Pasajeros transportados con boleto pagado,14039.0,14,39,173266.0,Cifras Preliminares
2025,3,Sistema Integral del Tren Ligero,Pasajeros transportados con cortesía,14039.0,14,39,2185.0,Cifras Preliminares
2025,3,Sistema Integral del Tren Ligero,Rutas,14039.0,14,39,6.0,Cifras Preliminares
2025,3,Mi Transporte Eléctrico,Autobuses en operación de lunes a viernes,14039.0,14,39,35.0,Cifras Preliminares
2025,3,Mi Transporte Eléctrico,Autobuses en operación de sábado a domingo,14039.0,14,39,28.0,Cifras Preliminares
2025,3,Mi Transporte Eléctrico,Kilómetros recorridos,14039.0,14,39,297861.0,Cifras Preliminares
2025,3,Mi Transporte Eléctrico,Pasajeros transportados,14039.0,14,39,291608.0,Cifras Preliminares
2025,3,Mi Transporte Eléctrico,Pasajeros transportados con boleto pagado,14039.0,14,39,257895.0,Cifras Preliminares
2025,3,Mi Transporte Eléctrico,Pasajeros transportados con cortesía,14039.0,14,39,664.0,Cifras Preliminares
2025,3,Mi Transporte Eléctrico,Pasajeros transportados con descuento,14039.0,14,39,33049.0,Cifras Preliminares
2025,3,Mi Transporte Eléctrico,Rutas,14039.0,14,39,2.0,Cifras Preliminares
2025,3,Mi Macro Periférico Troncal,Autobuses en operación de lunes a viernes,14039.0,14,39,199.0,Cifras Preliminares
2025,3,Mi Macro Periférico Troncal,Autobuses en operación de sábado a domingo,14039.0,14,39,129.0,Cifras Preliminares
2025,3,Mi Macro Periférico Troncal,Kilómetros recorridos,14039.0,14,39,1744812.0,Cifras Preliminares
2025,3,Mi Macro Periférico Troncal,Pasajeros transportados,14039.0,14,39,7600309.0,Cifras Preliminares
2025,3,Mi Macro Periférico Troncal,Rutas,14039.0,14,39,6.0,Cifras Preliminares
2025,3,MI Macro Periférico Alimentador,Autobuses en operación de lunes a viernes,14039.0,14,39,121.0,Cifras Preliminares
2025,3,MI Macro Periférico Alimentador,Autobuses en operación de sábado a domingo,14039.0,14,39,95.0,Cifras Preliminares
2025,3,MI Macro Periférico Alimentador,Kilómetros recorridos,14039.0,14,39,817637.0,Cifras Preliminares
2025,3,MI Macro Periférico Alimentador,Pasajeros transportados,14039.0,14,39,1794773.0,Cifras Preliminares
2025,3,MI Macro Periférico Alimentador,Rutas,14039.0,14,39,12.0,Cifras Preliminares
2025,4,Tren Eléctrico,Ingresos por pasaje,14039.0,14,39,33110938.0,Cifras Estimadas
2025,4,Tren Eléctrico,Kilómetros recorridos,14039.0,14,39,696668.0,Cifras Preliminares
2025,4,Tren Eléctrico,Longitud de servicio,14039.0,14,39,47.0,Cifras Preliminares
2025,4,Tren Eléctrico,Pasajeros transportados,14039.0,14,39,12717511.0,Cifras Preliminares
2025,4,Tren Eléctrico,Unidades en operación,14039.0,14,39,64.0,Cifras Preliminares
2025,4,Trolebús,Ingresos por pasaje,14039.0,14,39,2675194.0,Cifras Estimadas
2025,4,Trolebús,Kilómetros recorridos,14039.0,14,39,25782.0,Cifras Preliminares
2025,4,Trolebús,Lineas en servicio,14039.0,14,39,1.0,Cifras Preliminares
2025,4,Trolebús,Longitud de servicio,14039.0,14,39,18.0,Cifras Preliminares
2025,4,Trolebús,Pasajeros transportados,14039.0,14,39,99573.0,Cifras Preliminares
2025,4,Trolebús,Unidades en operación,14039.0,14,39,5.0,Cifras Preliminares
2025,4,Macrobús Servicio Troncal,Autobuses en operación de lunes a viernes,14039.0,14,39,45.0,Cifras Preliminares
2025,4,Macrobús Servicio Troncal,Autobuses en operación de sábado a domingo,14039.0,14,39,43.0,Cifras Preliminares
2025,4,Macrobús Servicio Troncal,Ingresos por pasaje,14039.0,14,39,17273867.0,Cifras Preliminares
2025,4,Macrobús Servicio Troncal,Kilómetros recorridos,14039.0,14,39,242864.0,Cifras Preliminares
2025,4,Macrobús Servicio Troncal,Pasajeros transportados,14039.0,14,39,2570551.0,Cifras Preliminares
2025,4,Macrobús Servicio Troncal,Pasajeros transportados con boleto pagado,14039.0,14,39,2570551.0,Cifras Preliminares
2025,4,Macrobús Servicio Troncal,Pasajeros transportados con cortesía,14039.0,14,39,,Cifras Preliminares
2025,4,Macrobús Servicio Troncal,Pasajeros transportados con descuento,14039.0,14,39,,Cifras Preliminares
2025,4,Macrobús Servicio Troncal,Rutas,14039.0,14,39,2.0,Cifras Preliminares
2025,4,Macrobús Servicio Alimentador,Autobuses en operación de lunes a viernes,14039.0,14,39,69.0,Cifras Preliminares
2025,4,Macrobús Servicio Alimentador,Autobuses en operación de sábado a domingo,14039.0,14,39,67.0,Cifras Preliminares
2025,4,Macrobús Servicio Alimentador,Ingresos por pasaje,14039.0,14,39,11515911.0,Cifras Preliminares
2025,4,Macrobús Servicio Alimentador,Kilómetros recorridos,14039.0,14,39,498441.47,Cifras Preliminares
2025,4,Macrobús Servicio Alimentador,Pasajeros transportados,14039.0,14,39,851836.0,Cifras Preliminares
2025,4,Macrobús Servicio Alimentador,Pasajeros transportados con boleto pagado,14039.0,14,39,851836.0,Cifras Preliminares
2025,4,Macrobús Servicio Alimentador,Pasajeros transportados con descuento,14039.0,14,39,,Cifras Preliminares
2025,4,Macrobús Servicio Alimentador,Rutas,14039.0,14,39,15.0,Cifras Preliminares
2025,4,Sistema Integral del Tren Ligero,Autobuses en operación de lunes a viernes,14039.0,14,39,18.0,Cifras Preliminares
2025,4,Sistema Integral del Tren Ligero,Autobuses en operación de sábado a domingo,14039.0,14,39,18.0,Cifras Preliminares
2025,4,Sistema Integral del Tren Ligero,Kilómetros recorridos,14039.0,14,39,115116.0,Cifras Preliminares
2025,4,Sistema Integral del Tren Ligero,Pasajeros transportados,14039.0,14,39,141519.0,Cifras Preliminares
2025,4,Sistema Integral del Tren Ligero,Pasajeros transportados con boleto pagado,14039.0,14,39,140337.0,Cifras Preliminares
2025,4,Sistema Integral del Tren Ligero,Pasajeros transportados con cortesía,14039.0,14,39,1182.0,Cifras Preliminares
2025,4,Sistema Integral del Tren Ligero,Rutas,14039.0,14,39,6.0,Cifras Preliminares
2025,4,Mi Transporte Eléctrico,Autobuses en operación de lunes a viernes,14039.0,14,39,20.0,Cifras Preliminares
2025,4,Mi Transporte Eléctrico,Autobuses en operación de sábado a domingo,14039.0,14,39,20.0,Cifras Preliminares
2025,4,Mi Transporte Eléctrico,Kilómetros recorridos,14039.0,14,39,297746.0,Cifras Preliminares
2025,4,Mi Transporte Eléctrico,Pasajeros transportados,14039.0,14,39,256491.0,Cifras Preliminares
2025,4,Mi Transporte Eléctrico,Pasajeros transportados con boleto pagado,14039.0,14,39,231268.0,Cifras Preliminares
2025,4,Mi Transporte Eléctrico,Pasajeros transportados con cortesía,14039.0,14,39,708.0,Cifras Preliminares
2025,4,Mi Transporte Eléctrico,Pasajeros transportados con descuento,14039.0,14,39,24515.0,Cifras Preliminares
2025,4,Mi Transporte Eléctrico,Rutas,14039.0,14,39,2.0,Cifras Preliminares
2025,4,Mi Macro Periférico Troncal,Autobuses en operación de lunes a viernes,14039.0,14,39,208.0,Cifras Preliminares
2025,4,Mi Macro Periférico Troncal,Autobuses en operación de sábado a domingo,14039.0,14,39,132.0,Cifras Preliminares
2025,4,Mi Macro Periférico Troncal,Kilómetros recorridos,14039.0,14,39,1694742.0,Cifras Preliminares
2025,4,Mi Macro Periférico Troncal,Pasajeros transportados,14039.0,14,39,6829153.0,Cifras Preliminares
2025,4,Mi Macro Periférico Troncal,Rutas,14039.0,14,39,6.0,Cifras Preliminares
2025,4,MI Macro Periférico Alimentador,Autobuses en operación de lunes a viernes,14039.0,14,39,122.0,Cifras Preliminares
2025,4,MI Macro Periférico Alimentador,Autobuses en operación de sábado a domingo,14039.0,14,39,94.0,Cifras Preliminares
2025,4,MI Macro Periférico Alimentador,Kilómetros recorridos,14039.0,14,39,821237.0,Cifras Preliminares
2025,4,MI Macro Periférico Alimentador,Pasajeros transportados,14039.0,14,39,1684702.0,Cifras Preliminares
2025,4,MI Macro Periférico Alimentador,Rutas,14039.0,14,39,12.0,Cifras Preliminares
2025,5,Tren Eléctrico,Ingresos por pasaje,14039.0,14,39,33041687.0,Cifras Estimadas
2025,5,Tren Eléctrico,Kilómetros recorridos,14039.0,14,39,719860.0,Cifras Preliminares
2025,5,Tren Eléctrico,Longitud de servicio,14039.0,14,39,47.0,Cifras Preliminares
2025,5,Tren Eléctrico,Pasajeros transportados,14039.0,14,39,13931510.0,Cifras Preliminares
2025,5,Tren Eléctrico,Unidades en operación,14039.0,14,39,64.0,Cifras Preliminares
2025,5,Trolebús,Ingresos por pasaje,14039.0,14,39,2683876.0,Cifras Estimadas
2025,5,Trolebús,Kilómetros recorridos,14039.0,14,39,24712.0,Cifras Preliminares
2025,5,Trolebús,Lineas en servicio,14039.0,14,39,1.0,Cifras Preliminares
2025,5,Trolebús,Longitud de servicio,14039.0,14,39,18.0,Cifras Preliminares
2025,5,Trolebús,Pasajeros transportados,14039.0,14,39,92118.0,Cifras Preliminares
2025,5,Trolebús,Unidades en operación,14039.0,14,39,5.0,Cifras Preliminares
2025,5,Macrobús Servicio Troncal,Autobuses en operación de lunes a viernes,14039.0,14,39,48.0,Cifras Preliminares
2025,5,Macrobús Servicio Troncal,Autobuses en operación de sábado a domingo,14039.0,14,39,42.0,Cifras Preliminares
2025,5,Macrobús Servicio Troncal,Ingresos por pasaje,14039.0,14,39,19346699.0,Cifras Preliminares
2025,5,Macrobús Servicio Troncal,Kilómetros recorridos,14039.0,14,39,343477.0,Cifras Preliminares
2025,5,Macrobús Servicio Troncal,Pasajeros transportados,14039.0,14,39,2820827.0,Cifras Preliminares
2025,5,Macrobús Servicio Troncal,Pasajeros transportados con boleto pagado,14039.0,14,39,2820827.0,Cifras Preliminares
2025,5,Macrobús Servicio Troncal,Pasajeros transportados con cortesía,14039.0,14,39,,Cifras Preliminares
2025,5,Macrobús Servicio Troncal,Pasajeros transportados con descuento,14039.0,14,39,,Cifras Preliminares
2025,5,Macrobús Servicio Troncal,Rutas,14039.0,14,39,2.0,Cifras Preliminares
2025,5,Macrobús Servicio Alimentador,Autobuses en operación de lunes a viernes,14039.0,14,39,69.0,Cifras Preliminares
2025,5,Macrobús Servicio Alimentador,Autobuses en operación de sábado a domingo,14039.0,14,39,67.0,Cifras Preliminares
2025,5,Macrobús Servicio Alimentador,Ingresos por pasaje,14039.0,14,39,12897800.0,Cifras Preliminares
2025,5,Macrobús Servicio Alimentador,Kilómetros recorridos,14039.0,14,39,571746.0,Cifras Preliminares
2025,5,Macrobús Servicio Alimentador,Pasajeros transportados,14039.0,14,39,980142.0,Cifras Preliminares
2025,5,Macrobús Servicio Alimentador,Pasajeros transportados con boleto pagado,14039.0,14,39,980142.0,Cifras Preliminares
2025,5,Macrobús Servicio Alimentador,Pasajeros transportados con descuento,14039.0,14,39,,Cifras Preliminares
2025,5,Macrobús Servicio Alimentador,Rutas,14039.0,14,39,15.0,Cifras Preliminares
2025,5,Sistema Integral del Tren Ligero,Autobuses en operación de lunes a viernes,14039.0,14,39,14.0,Cifras Preliminares
2025,5,Sistema Integral del Tren Ligero,Autobuses en operación de sábado a domingo,14039.0,14,39,13.0,Cifras Preliminares
2025,5,Sistema Integral del Tren Ligero,Kilómetros recorridos,14039.0,14,39,109478.0,Cifras Preliminares
2025,5,Sistema Integral del Tren Ligero,Pasajeros transportados,14039.0,14,39,140610.0,Cifras Preliminares
2025,5,Sistema Integral del Tren Ligero,Pasajeros transportados con boleto pagado,14039.0,14,39,139591.0,Cifras Preliminares
2025,5,Sistema Integral del Tren Ligero,Pasajeros transportados con cortesía,14039.0,14,39,1019.0,Cifras Preliminares
2025,5,Sistema Integral del Tren Ligero,Rutas,14039.0,14,39,6.0,Cifras Preliminares
2025,5,Mi Transporte Eléctrico,Autobuses en operación de lunes a viernes,14039.0,14,39,18.0,Cifras Preliminares
2025,5,Mi Transporte Eléctrico,Autobuses en operación de sábado a domingo,14039.0,14,39,17.0,Cifras Preliminares
2025,5,Mi Transporte Eléctrico,Kilómetros recorridos,14039.0,14,39,294072.0,Cifras Preliminares
2025,5,Mi Transporte Eléctrico,Pasajeros transportados,14039.0,14,39,249982.0,Cifras Preliminares
2025,5,Mi Transporte Eléctrico,Pasajeros transportados con boleto pagado,14039.0,14,39,229360.0,Cifras Preliminares
2025,5,Mi Transporte Eléctrico,Pasajeros transportados con cortesía,14039.0,14,39,804.0,Cifras Preliminares
2025,5,Mi Transporte Eléctrico,Pasajeros transportados con descuento,14039.0,14,39,19818.0,Cifras Preliminares
2025,5,Mi Transporte Eléctrico,Rutas,14039.0,14,39,2.0,Cifras Preliminares
2025,5,Mi Macro Periférico Troncal,Autobuses en operación de lunes a viernes,14039.0,14,39,212.0,Cifras Preliminares
2025,5,Mi Macro Periférico Troncal,Autobuses en operación de sábado a domingo,14039.0,14,39,129.0,Cifras Preliminares
2025,5,Mi Macro Periférico Troncal,Kilómetros recorridos,14039.0,14,39,1618591.0,Cifras Preliminares
2025,5,Mi Macro Periférico Troncal,Pasajeros transportados,14039.0,14,39,7546612.0,Cifras Preliminares
2025,5,Mi Macro Periférico Troncal,Rutas,14039.0,14,39,6.0,Cifras Preliminares
2025,5,MI Macro Periférico Alimentador,Autobuses en operación de lunes a viernes,14039.0,14,39,121.0,Cifras Preliminares
2025,5,MI Macro Periférico Alimentador,Autobuses en operación de sábado a domingo,14039.0,14,39,95.0,Cifras Preliminares
2025,5,MI Macro Periférico Alimentador,Kilómetros recorridos,14039.0,14,39,699086.0,Cifras Preliminares
2025,5,MI Macro Periférico Alimentador,Pasajeros transportados,14039.0,14,39,1802895.0,Cifras Preliminares
2025,5,MI Macro Periférico Alimentador,Rutas,14039.0,14,39,12.0,Cifras Preliminares
2025,6,Tren Eléctrico,Ingresos por pasaje,14039.0,14,39,32988768.0,Cifras Estimadas
2025,6,Tren Eléctrico,Kilómetros recorridos,14039.0,14,39,738529.0,Cifras Preliminares
2025,6,Tren Eléctrico,Longitud de servicio,14039.0,14,39,47.0,Cifras Preliminares
2025,6,Tren Eléctrico,Pasajeros transportados,14039.0,14,39,12890124.0,Cifras Preliminares
2025,6,Tren Eléctrico,Unidades en operación,14039.0,14,39,64.0,Cifras Preliminares
2025,6,Trolebús,Ingresos por pasaje,14039.0,14,39,2693231.0,Cifras Estimadas
2025,6,Trolebús,Kilómetros recorridos,14039.0,14,39,23072.0,Cifras Preliminares
2025,6,Trolebús,Lineas en servicio,14039.0,14,39,1.0,Cifras Preliminares
2025,6,Trolebús,Longitud de servicio,14039.0,14,39,18.0,Cifras Preliminares
2025,6,Trolebús,Pasajeros transportados,14039.0,14,39,109230.0,Cifras Preliminares
2025,6,Trolebús,Unidades en operación,14039.0,14,39,5.0,Cifras Preliminares
2025,6,Macrobús Servicio Troncal,Autobuses en operación de lunes a viernes,14039.0,14,39,48.0,Cifras Preliminares
2025,6,Macrobús Servicio Troncal,Autobuses en operación de sábado a domingo,14039.0,14,39,46.0,Cifras Preliminares
2025,6,Macrobús Servicio Troncal,Ingresos por pasaje,14039.0,14,39,17059513.0,Cifras Preliminares
2025,6,Macrobús Servicio Troncal,Kilómetros recorridos,14039.0,14,39,334880.0,Cifras Preliminares
2025,6,Macrobús Servicio Troncal,Pasajeros transportados,14039.0,14,39,2464736.0,Cifras Preliminares
2025,6,Macrobús Servicio Troncal,Pasajeros transportados con boleto pagado,14039.0,14,39,2464736.0,Cifras Preliminares
2025,6,Macrobús Servicio Troncal,Pasajeros transportados con cortesía,14039.0,14,39,,Cifras Preliminares
2025,6,Macrobús Servicio Troncal,Pasajeros transportados con descuento,14039.0,14,39,,Cifras Preliminares
2025,6,Macrobús Servicio Troncal,Rutas,14039.0,14,39,2.0,Cifras Preliminares
2025,6,Macrobús Servicio Alimentador,Autobuses en operación de lunes a viernes,14039.0,14,39,68.0,Cifras Preliminares
2025,6,Macrobús Servicio Alimentador,Autobuses en operación de sábado a domingo,14039.0,14,39,69.0,Cifras Preliminares
2025,6,Macrobús Servicio Alimentador,Ingresos por pasaje,14039.0,14,39,11373008.0,Cifras Preliminares
2025,6,Macrobús Servicio Alimentador,Kilómetros recorridos,14039.0,14,39,546125.0,Cifras Preliminares
2025,6,Macrobús Servicio Alimentador,Pasajeros transportados,14039.0,14,39,912867.0,Cifras Preliminares
2025,6,Macrobús Servicio Alimentador,Pasajeros transportados con boleto pagado,14039.0,14,39,912867.0,Cifras Preliminares
2025,6,Macrobús Servicio Alimentador,Pasajeros transportados con descuento,14039.0,14,39,,Cifras Preliminares
2025,6,Macrobús Servicio Alimentador,Rutas,14039.0,14,39,15.0,Cifras Preliminares
2025,6,Sistema Integral del Tren Ligero,Autobuses en operación de lunes a viernes,14039.0,14,39,16.0,Cifras Preliminares
2025,6,Sistema Integral del Tren Ligero,Autobuses en operación de sábado a domingo,14039.0,14,39,14.0,Cifras Preliminares
2025,6,Sistema Integral del Tren Ligero,Kilómetros recorridos,14039.0,14,39,97696.0,Cifras Preliminares
2025,6,Sistema Integral del Tren Ligero,Pasajeros transportados,14039.0,14,39,179999.0,Cifras Preliminares
2025,6,Sistema Integral del Tren Ligero,Pasajeros transportados con boleto pagado,14039.0,14,39,177699.0,Cifras Preliminares
2025,6,Sistema Integral del Tren Ligero,Pasajeros transportados con cortesía,14039.0,14,39,2300.0,Cifras Preliminares
2025,6,Sistema Integral del Tren Ligero,Rutas,14039.0,14,39,6.0,Cifras Preliminares
2025,6,Mi Transporte Eléctrico,Autobuses en operación de lunes a viernes,14039.0,14,39,21.0,Cifras Preliminares
2025,6,Mi Transporte Eléctrico,Autobuses en operación de sábado a domingo,14039.0,14,39,20.0,Cifras Preliminares
2025,6,Mi Transporte Eléctrico,Kilómetros recorridos,14039.0,14,39,297746.0,Cifras Preliminares
2025,6,Mi Transporte Eléctrico,Pasajeros transportados,14039.0,14,39,201209.0,Cifras Preliminares
2025,6,Mi Transporte Eléctrico,Pasajeros transportados con boleto pagado,14039.0,14,39,185277.0,Cifras Preliminares
2025,6,Mi Transporte Eléctrico,Pasajeros transportados con cortesía,14039.0,14,39,522.0,Cifras Preliminares
2025,6,Mi Transporte Eléctrico,Pasajeros transportados con descuento,14039.0,14,39,15410.0,Cifras Preliminares
2025,6,Mi Transporte Eléctrico,Rutas,14039.0,14,39,2.0,Cifras Preliminares
2025,6,Mi Macro Periférico Troncal,Autobuses en operación de lunes a viernes,14039.0,14,39,213.0,Cifras Preliminares
2025,6,Mi Macro Periférico Troncal,Autobuses en operación de sábado a domingo,14039.0,14,39,122.0,Cifras Preliminares
2025,6,Mi Macro Periférico Troncal,Kilómetros recorridos,14039.0,14,39,1582439.0,Cifras Preliminares
2025,6,Mi Macro Periférico Troncal,Pasajeros transportados,14039.0,14,39,7149618.0,Cifras Preliminares
2025,6,Mi Macro Periférico Troncal,Rutas,14039.0,14,39,6.0,Cifras Preliminares
2025,6,MI Macro Periférico Alimentador,Autobuses en operación de lunes a viernes,14039.0,14,39,121.0,Cifras Preliminares
2025,6,MI Macro Periférico Alimentador,Autobuses en operación de sábado a domingo,14039.0,14,39,94.0,Cifras Preliminares
2025,6,MI Macro Periférico Alimentador,Kilómetros recorridos,14039.0,14,39,743892.0,Cifras Preliminares
2025,6,MI Macro Periférico Alimentador,Pasajeros transportados,14039.0,14,39,1683381.0,Cifras Preliminares
2025,6,MI Macro Periférico Alimentador,Rutas,14039.0,14,39,12.0,Cifras Preliminares
2025,7,Tren Eléctrico,Ingresos por pasaje,14039.0,14,39,32956406.0,Cifras Estimadas
2025,7,Tren Eléctrico,Kilómetros recorridos,14039.0,14,39,719526.0,Cifras Preliminares
2025,7,Tren Eléctrico,Longitud de servicio,14039.0,14,39,47.0,Cifras Preliminares
2025,7,Tren Eléctrico,Pasajeros transportados,14039.0,14,39,13301838.0,Cifras Preliminares
2025,7,Tren Eléctrico,Unidades en operación,14039.0,14,39,64.0,Cifras Preliminares
2025,7,Trolebús,Ingresos por pasaje,14039.0,14,39,2703164.0,Cifras Estimadas
2025,7,Trolebús,Kilómetros recorridos,14039.0,14,39,18169.0,Cifras Preliminares
2025,7,Trolebús,Lineas en servicio,14039.0,14,39,1.0,Cifras Preliminares
2025,7,Trolebús,Longitud de servicio,14039.0,14,39,18.0,Cifras Preliminares
2025,7,Trolebús,Pasajeros transportados,14039.0,14,39,98081.0,Cifras Preliminares
2025,7,Trolebús,Unidades en operación,14039.0,14,39,5.0,Cifras Preliminares
2025,7,Macrobús Servicio Troncal,Autobuses en operación de lunes a viernes,14039.0,14,39,67.0,Cifras Preliminares
2025,7,Macrobús Servicio Troncal,Autobuses en operación de sábado a domingo,14039.0,14,39,48.0,Cifras Preliminares
2025,7,Macrobús Servicio Troncal,Ingresos por pasaje,14039.0,14,39,17591251.0,Cifras Preliminares
2025,7,Macrobús Servicio Troncal,Kilómetros recorridos,14039.0,14,39,353584.0,Cifras Preliminares
2025,7,Macrobús Servicio Troncal,Pasajeros transportados,14039.0,14,39,2574345.0,Cifras Preliminares
2025,7,Macrobús Servicio Troncal,Pasajeros transportados con boleto pagado,14039.0,14,39,2574345.0,Cifras Preliminares
2025,7,Macrobús Servicio Troncal,Pasajeros transportados con cortesía,14039.0,14,39,,Cifras Preliminares
2025,7,Macrobús Servicio Troncal,Pasajeros transportados con descuento,14039.0,14,39,,Cifras Preliminares
2025,7,Macrobús Servicio Troncal,Rutas,14039.0,14,39,2.0,Cifras Preliminares
2025,7,Macrobús Servicio Alimentador,Autobuses en operación de lunes a viernes,14039.0,14,39,67.0,Cifras Preliminares
2025,7,Macrobús Servicio Alimentador,Autobuses en operación de sábado a domingo,14039.0,14,39,66.0,Cifras Preliminares
2025,7,Macrobús Servicio Alimentador,Ingresos por pasaje,14039.0,14,39,11727501.0,Cifras Preliminares
2025,7,Macrobús Servicio Alimentador,Kilómetros recorridos,14039.0,14,39,550700.0,Cifras Preliminares
2025,7,Macrobús Servicio Alimentador,Pasajeros transportados,14039.0,14,39,921282.0,Cifras Preliminares
2025,7,Macrobús Servicio Alimentador,Pasajeros transportados con boleto pagado,14039.0,14,39,921282.0,Cifras Preliminares
2025,7,Macrobús Servicio Alimentador,Pasajeros transportados con descuento,14039.0,14,39,,Cifras Preliminares
2025,7,Macrobús Servicio Alimentador,Rutas,14039.0,14,39,15.0,Cifras Preliminares
2025,7,Sistema Integral del Tren Ligero,Autobuses en operación de lunes a viernes,14039.0,14,39,14.0,Cifras Preliminares
2025,7,Sistema Integral del Tren Ligero,Autobuses en operación de sábado a domingo,14039.0,14,39,12.0,Cifras Preliminares
2025,7,Sistema Integral del Tren Ligero,Kilómetros recorridos,14039.0,14,39,96733.0,Cifras Preliminares
2025,7,Sistema Integral del Tren Ligero,Pasajeros transportados,14039.0,14,39,180606.0,Cifras Preliminares
2025,7,Sistema Integral del Tren Ligero,Pasajeros transportados con boleto pagado,14039.0,14,39,178964.0,Cifras Preliminares
2025,7,Sistema Integral del Tren Ligero,Pasajeros transportados con cortesía,14039.0,14,39,1642.0,Cifras Preliminares
2025,7,Sistema Integral del Tren Ligero,Rutas,14039.0,14,39,6.0,Cifras Preliminares
2025,7,Mi Transporte Eléctrico,Autobuses en operación de lunes a viernes,14039.0,14,39,22.0,Cifras Preliminares
2025,7,Mi Transporte Eléctrico,Autobuses en operación de sábado a domingo,14039.0,14,39,28.0,Cifras Preliminares
2025,7,Mi Transporte Eléctrico,Kilómetros recorridos,14039.0,14,39,262717.0,Cifras Preliminares
2025,7,Mi Transporte Eléctrico,Pasajeros transportados,14039.0,14,39,210499.0,Cifras Preliminares
2025,7,Mi Transporte Eléctrico,Pasajeros transportados con boleto pagado,14039.0,14,39,193547.0,Cifras Preliminares
2025,7,Mi Transporte Eléctrico,Pasajeros transportados con cortesía,14039.0,14,39,505.0,Cifras Preliminares
2025,7,Mi Transporte Eléctrico,Pasajeros transportados con descuento,14039.0,14,39,16447.0,Cifras Preliminares
2025,7,Mi Transporte Eléctrico,Rutas,14039.0,14,39,2.0,Cifras Preliminares
2025,7,Mi Macro Periférico Troncal,Autobuses en operación de lunes a viernes,14039.0,14,39,220.0,Cifras Preliminares
2025,7,Mi Macro Periférico Troncal,Autobuses en operación de sábado a domingo,14039.0,14,39,122.0,Cifras Preliminares
2025,7,Mi Macro Periférico Troncal,Kilómetros recorridos,14039.0,14,39,1849118.0,Cifras Preliminares
2025,7,Mi Macro Periférico Troncal,Pasajeros transportados,14039.0,14,39,7259241.0,Cifras Preliminares
2025,7,Mi Macro Periférico Troncal,Rutas,14039.0,14,39,6.0,Cifras Preliminares
2025,7,MI Macro Periférico Alimentador,Autobuses en operación de lunes a viernes,14039.0,14,39,119.0,Cifras Preliminares
2025,7,MI Macro Periférico Alimentador,Autobuses en operación de sábado a domingo,14039.0,14,39,89.0,Cifras Preliminares
2025,7,MI Macro Periférico Alimentador,Kilómetros recorridos,14039.0,14,39,768821.0,Cifras Preliminares
2025,7,MI Macro Periférico Alimentador,Pasajeros transportados,14039.0,14,39,1687778.0,Cifras Preliminares
2025,7,MI Macro Periférico Alimentador,Rutas,14039.0,14,39,12.0,Cifras Preliminares
2025,8,Tren Eléctrico,Ingresos por pasaje,14039.0,14,39,32925086.0,Cifras Estimadas
2025,8,Tren Eléctrico,Kilómetros recorridos,14039.0,14,39,704745.0,Cifras Preliminares
2025,8,Tren Eléctrico,Longitud de servicio,14039.0,14,39,47.0,Cifras Preliminares
2025,8,Tren Eléctrico,Pasajeros transportados,14039.0,14,39,14131668.0,Cifras Preliminares
2025,8,Tren Eléctrico,Unidades en operación,14039.0,14,39,64.0,Cifras Preliminares
2025,8,Trolebús,Ingresos por pasaje,14039.0,14,39,2713713.0,Cifras Estimadas
2025,8,Trolebús,Kilómetros recorridos,14039.0,14,39,19152.0,Cifras Preliminares
2025,8,Trolebús,Lineas en servicio,14039.0,14,39,1.0,Cifras Preliminares
2025,8,Trolebús,Longitud de servicio,14039.0,14,39,18.0,Cifras Preliminares
2025,8,Trolebús,Pasajeros transportados,14039.0,14,39,89038.0,Cifras Preliminares
2025,8,Trolebús,Unidades en operación,14039.0,14,39,5.0,Cifras Preliminares
2025,8,Macrobús Servicio Troncal,Autobuses en operación de lunes a viernes,14039.0,14,39,68.0,Cifras Preliminares
2025,8,Macrobús Servicio Troncal,Autobuses en operación de sábado a domingo,14039.0,14,39,47.0,Cifras Preliminares
2025,8,Macrobús Servicio Troncal,Ingresos por pasaje,14039.0,14,39,19325677.0,Cifras Preliminares
2025,8,Macrobús Servicio Troncal,Kilómetros recorridos,14039.0,14,39,347216.0,Cifras Preliminares
2025,8,Macrobús Servicio Troncal,Pasajeros transportados,14039.0,14,39,2887707.0,Cifras Preliminares
2025,8,Macrobús Servicio Troncal,Pasajeros transportados con boleto pagado,14039.0,14,39,2887707.0,Cifras Preliminares
2025,8,Macrobús Servicio Troncal,Pasajeros transportados con cortesía,14039.0,14,39,,Cifras Preliminares
2025,8,Macrobús Servicio Troncal,Pasajeros transportados con descuento,14039.0,14,39,,Cifras Preliminares
2025,8,Macrobús Servicio Troncal,Rutas,14039.0,14,39,2.0,Cifras Preliminares
2025,8,Macrobús Servicio Alimentador,Autobuses en operación de lunes a viernes,14039.0,14,39,68.0,Cifras Preliminares
2025,8,Macrobús Servicio Alimentador,Autobuses en operación de sábado a domingo,14039.0,14,39,67.0,Cifras Preliminares
2025,8,Macrobús Servicio Alimentador,Ingresos por pasaje,14039.0,14,39,12883784.0,Cifras Preliminares
2025,8,Macrobús Servicio Alimentador,Kilómetros recorridos,14039.0,14,39,554970.0,Cifras Preliminares
2025,8,Macrobús Servicio Alimentador,Pasajeros transportados,14039.0,14,39,992864.0,Cifras Preliminares
2025,8,Macrobús Servicio Alimentador,Pasajeros transportados con boleto pagado,14039.0,14,39,992864.0,Cifras Preliminares
2025,8,Macrobús Servicio Alimentador,Pasajeros transportados con descuento,14039.0,14,39,,Cifras Preliminares
2025,8,Macrobús Servicio Alimentador,Rutas,14039.0,14,39,15.0,Cifras Preliminares
2025,8,Sistema Integral del Tren Ligero,Autobuses en operación de lunes a viernes,14039.0,14,39,16.0,Cifras Preliminares
2025,8,Sistema Integral del Tren Ligero,Autobuses en operación de sábado a domingo,14039.0,14,39,14.0,Cifras Preliminares
2025,8,Sistema Integral del Tren Ligero,Kilómetros recorridos,14039.0,14,39,104462.0,Cifras Preliminares
2025,8,Sistema Integral del Tren Ligero,Pasajeros transportados,14039.0,14,39,187921.0,Cifras Preliminares
2025,8,Sistema Integral del Tren Ligero,Pasajeros transportados con boleto pagado,14039.0,14,39,185094.0,Cifras Preliminares
2025,8,Sistema Integral del Tren Ligero,Pasajeros transportados con cortesía,14039.0,14,39,2827.0,Cifras Preliminares
2025,8,Sistema Integral del Tren Ligero,Rutas,14039.0,14,39,6.0,Cifras Preliminares
2025,8,Mi Transporte Eléctrico,Autobuses en operación de lunes a viernes,14039.0,14,39,20.0,Cifras Preliminares
2025,8,Mi Transporte Eléctrico,Autobuses en operación de sábado a domingo,14039.0,14,39,18.0,Cifras Preliminares
2025,8,Mi Transporte Eléctrico,Kilómetros recorridos,14039.0,14,39,250776.0,Cifras Preliminares
2025,8,Mi Transporte Eléctrico,Pasajeros transportados,14039.0,14,39,238062.0,Cifras Preliminares
2025,8,Mi Transporte Eléctrico,Pasajeros transportados con boleto pagado,14039.0,14,39,213799.0,Cifras Preliminares
2025,8,Mi Transporte Eléctrico,Pasajeros transportados con cortesía,14039.0,14,39,596.0,Cifras Preliminares
2025,8,Mi Transporte Eléctrico,Pasajeros transportados con descuento,14039.0,14,39,23667.0,Cifras Preliminares
2025,8,Mi Transporte Eléctrico,Rutas,14039.0,14,39,2.0,Cifras Preliminares
2025,8,Mi Macro Periférico Troncal,Autobuses en operación de lunes a viernes,14039.0,14,39,211.0,Cifras Preliminares
2025,8,Mi Macro Periférico Troncal,Autobuses en operación de sábado a domingo,14039.0,14,39,125.0,Cifras Preliminares
2025,8,Mi Macro Periférico Troncal,Kilómetros recorridos,14039.0,14,39,1800833.0,Cifras Preliminares
2025,8,Mi Macro Periférico Troncal,Pasajeros transportados,14039.0,14,39,7292850.0,Cifras Preliminares
2025,8,Mi Macro Periférico Troncal,Rutas,14039.0,14,39,6.0,Cifras Preliminares
2025,8,MI Macro Periférico Alimentador,Autobuses en operación de lunes a viernes,14039.0,14,39,115.0,Cifras Preliminares
2025,8,MI Macro Periférico Alimentador,Autobuses en operación de sábado a domingo,14039.0,14,39,83.0,Cifras Preliminares
2025,8,MI Macro Periférico Alimentador,Kilómetros recorridos,14039.0,14,39,743041.0,Cifras Preliminares
2025,8,MI Macro Periférico Alimentador,Pasajeros transportados,14039.0,14,39,1741898.0,Cifras Preliminares
2025,8,MI Macro Periférico Alimentador,Rutas,14039.0,14,39,12.0,Cifras Preliminares
2025,9,Tren Eléctrico,Ingresos por pasaje,14039.0,14,39,32916885.0,Cifras Estimadas
2025,9,Tren Eléctrico,Kilómetros recorridos,14039.0,14,39,678756.0,Cifras Preliminares
2025,9,Tren Eléctrico,Longitud de servicio,14039.0,14,39,47.0,Cifras Preliminares
2025,9,Tren Eléctrico,Pasajeros transportados,14039.0,14,39,14211469.0,Cifras Preliminares
2025,9,Tren Eléctrico,Unidades en operación,14039.0,14,39,64.0,Cifras Preliminares
2025,9,Trolebús,Ingresos por pasaje,14039.0,14,39,2724636.0,Cifras Estimadas
2025,9,Trolebús,Kilómetros recorridos,14039.0,14,39,18596.0,Cifras Preliminares
2025,9,Trolebús,Lineas en servicio,14039.0,14,39,1.0,Cifras Preliminares
2025,9,Trolebús,Longitud de servicio,14039.0,14,39,18.0,Cifras Preliminares
2025,9,Trolebús,Pasajeros transportados,14039.0,14,39,86903.0,Cifras Preliminares
2025,9,Trolebús,Unidades en operación,14039.0,14,39,5.0,Cifras Preliminares
2025,9,Macrobús Servicio Troncal,Autobuses en operación de lunes a viernes,14039.0,14,39,57.0,Cifras Preliminares
2025,9,Macrobús Servicio Troncal,Autobuses en operación de sábado a domingo,14039.0,14,39,57.0,Cifras Preliminares
2025,9,Macrobús Servicio Troncal,Ingresos por pasaje,14039.0,14,39,19466811.0,Cifras Preliminares
2025,9,Macrobús Servicio Troncal,Kilómetros recorridos,14039.0,14,39,343440.0,Cifras Preliminares
2025,9,Macrobús Servicio Troncal,Pasajeros transportados,14039.0,14,39,3644842.0,Cifras Preliminares
2025,9,Macrobús Servicio Troncal,Pasajeros transportados con boleto pagado,14039.0,14,39,3644842.0,Cifras Preliminares
2025,9,Macrobús Servicio Troncal,Pasajeros transportados con cortesía,14039.0,14,39,,Cifras Preliminares
2025,9,Macrobús Servicio Troncal,Pasajeros transportados con descuento,14039.0,14,39,,Cifras Preliminares
2025,9,Macrobús Servicio Troncal,Rutas,14039.0,14,39,2.0,Cifras Preliminares
2025,9,Macrobús Servicio Alimentador,Autobuses en operación de lunes a viernes,14039.0,14,39,72.0,Cifras Preliminares
2025,9,Macrobús Servicio Alimentador,Autobuses en operación de sábado a domingo,14039.0,14,39,71.0,Cifras Preliminares
2025,9,Macrobús Servicio Alimentador,Ingresos por pasaje,14039.0,14,39,12977874.0,Cifras Preliminares
2025,9,Macrobús Servicio Alimentador,Kilómetros recorridos,14039.0,14,39,557002.0,Cifras Preliminares
2025,9,Macrobús Servicio Alimentador,Pasajeros transportados,14039.0,14,39,1176957.0,Cifras Preliminares
2025,9,Macrobús Servicio Alimentador,Pasajeros transportados con boleto pagado,14039.0,14,39,1176957.0,Cifras Preliminares
2025,9,Macrobús Servicio Alimentador,Pasajeros transportados con descuento,14039.0,14,39,,Cifras Preliminares
2025,9,Macrobús Servicio Alimentador,Rutas,14039.0,14,39,15.0,Cifras Preliminares
2025,9,Sistema Integral del Tren Ligero,Autobuses en operación de lunes a viernes,14039.0,14,39,16.0,Cifras Preliminares
2025,9,Sistema Integral del Tren Ligero,Autobuses en operación de sábado a domingo,14039.0,14,39,14.0,Cifras Preliminares
2025,9,Sistema Integral del Tren Ligero,Kilómetros recorridos,14039.0,14,39,85486.0,Cifras Preliminares
2025,9,Sistema Integral del Tren Ligero,Pasajeros transportados,14039.0,14,39,201496.0,Cifras Preliminares
2025,9,Sistema Integral del Tren Ligero,Pasajeros transportados con boleto pagado,14039.0,14,39,198154.0,Cifras Preliminares
2025,9,Sistema Integral del Tren Ligero,Pasajeros transportados con cortesía,14039.0,14,39,3342.0,Cifras Preliminares
2025,9,Sistema Integral del Tren Ligero,Rutas,14039.0,14,39,6.0,Cifras Preliminares
2025,9,Mi Transporte Eléctrico,Autobuses en operación de lunes a viernes,14039.0,14,39,20.0,Cifras Preliminares
2025,9,Mi Transporte Eléctrico,Autobuses en operación de sábado a domingo,14039.0,14,39,18.0,Cifras Preliminares
2025,9,Mi Transporte Eléctrico,Kilómetros recorridos,14039.0,14,39,250720.0,Cifras Preliminares
2025,9,Mi Transporte Eléctrico,Pasajeros transportados,14039.0,14,39,210700.0,Cifras Preliminares
2025,9,Mi Transporte Eléctrico,Pasajeros transportados con boleto pagado,14039.0,14,39,188777.0,Cifras Preliminares
2025,9,Mi Transporte Eléctrico,Pasajeros transportados con cortesía,14039.0,14,39,561.0,Cifras Preliminares
2025,9,Mi Transporte Eléctrico,Pasajeros transportados con descuento,14039.0,14,39,21362.0,Cifras Preliminares
2025,9,Mi Transporte Eléctrico,Rutas,14039.0,14,39,2.0,Cifras Preliminares
2025,9,Mi Macro Periférico Troncal,Autobuses en operación de lunes a viernes,14039.0,14,39,216.0,Cifras Preliminares
2025,9,Mi Macro Periférico Troncal,Autobuses en operación de sábado a domingo,14039.0,14,39,122.0,Cifras Preliminares
2025,9,Mi Macro Periférico Troncal,Kilómetros recorridos,14039.0,14,39,1681656.0,Cifras Preliminares
2025,9,Mi Macro Periférico Troncal,Pasajeros transportados,14039.0,14,39,8261831.0,Cifras Preliminares
2025,9,Mi Macro Periférico Troncal,Rutas,14039.0,14,39,6.0,Cifras Preliminares
2025,9,MI Macro Periférico Alimentador,Autobuses en operación de lunes a viernes,14039.0,14,39,109.0,Cifras Preliminares
2025,9,MI Macro Periférico Alimentador,Autobuses en operación de sábado a domingo,14039.0,14,39,84.0,Cifras Preliminares
2025,9,MI Macro Periférico Alimentador,Kilómetros recorridos,14039.0,14,39,676579.0,Cifras Preliminares
2025,9,MI Macro Periférico Alimentador,Pasajeros transportados,14039.0,14,39,1781622.0,Cifras Preliminares
2025,9,MI Macro Periférico Alimentador,Rutas,14039.0,14,39,12.0,Cifras Preliminares
2025,10,Tren Eléctrico,Ingresos por pasaje,14039.0,14,39,32924115.0,Cifras Estimadas
2025,10,Tren Eléctrico,Kilómetros recorridos,14039.0,14,39,739005.0,Cifras Preliminares
2025,10,Tren Eléctrico,Longitud de servicio,14039.0,14,39,47.0,Cifras Preliminares
2025,10,Tren Eléctrico,Pasajeros transportados,14039.0,14,39,15888674.0,Cifras Preliminares
2025,10,Tren Eléctrico,Unidades en operación,14039.0,14,39,64.0,Cifras Preliminares
2025,10,Trolebús,Ingresos por pasaje,14039.0,14,39,2736655.0,Cifras Estimadas
2025,10,Trolebús,Kilómetros recorridos,14039.0,14,39,22377.0,Cifras Preliminares
2025,10,Trolebús,Lineas en servicio,14039.0,14,39,1.0,Cifras Preliminares
2025,10,Trolebús,Longitud de servicio,14039.0,14,39,17.0,Cifras Preliminares
2025,10,Trolebús,Pasajeros transportados,14039.0,14,39,93045.0,Cifras Preliminares
2025,10,Trolebús,Unidades en operación,14039.0,14,39,8.0,Cifras Preliminares
2025,10,Macrobús Servicio Troncal,Autobuses en operación de lunes a viernes,14039.0,14,39,46.0,Cifras Preliminares
2025,10,Macrobús Servicio Troncal,Autobuses en operación de sábado a domingo,14039.0,14,39,32.0,Cifras Preliminares
2025,10,Macrobús Servicio Troncal,Ingresos por pasaje,14039.0,14,39,21359291.0,Cifras Preliminares
2025,10,Macrobús Servicio Troncal,Kilómetros recorridos,14039.0,14,39,363136.0,Cifras Preliminares
2025,10,Macrobús Servicio Troncal,Pasajeros transportados,14039.0,14,39,3239090.0,Cifras Preliminares
2025,10,Macrobús Servicio Troncal,Pasajeros transportados con boleto pagado,14039.0,14,39,3239090.0,Cifras Preliminares
2025,10,Macrobús Servicio Troncal,Pasajeros transportados con cortesía,14039.0,14,39,,Cifras Preliminares
2025,10,Macrobús Servicio Troncal,Pasajeros transportados con descuento,14039.0,14,39,,Cifras Preliminares
2025,10,Macrobús Servicio Troncal,Rutas,14039.0,14,39,2.0,Cifras Preliminares
2025,10,Macrobús Servicio Alimentador,Autobuses en operación de lunes a viernes,14039.0,14,39,68.0,Cifras Preliminares
2025,10,Macrobús Servicio Alimentador,Autobuses en operación de sábado a domingo,14039.0,14,39,62.0,Cifras Preliminares
2025,10,Macrobús Servicio Alimentador,Ingresos por pasaje,14039.0,14,39,14239528.0,Cifras Preliminares
2025,10,Macrobús Servicio Alimentador,Kilómetros recorridos,14039.0,14,39,566988.0,Cifras Preliminares
2025,10,Macrobús Servicio Alimentador,Pasajeros transportados,14039.0,14,39,998260.0,Cifras Preliminares
2025,10,Macrobús Servicio Alimentador,Pasajeros transportados con boleto pagado,14039.0,14,39,998260.0,Cifras Preliminares
2025,10,Macrobús Servicio Alimentador,Pasajeros transportados con descuento,14039.0,14,39,,Cifras Preliminares
2025,10,Macrobús Servicio Alimentador,Rutas,14039.0,14,39,15.0,Cifras Preliminares
2025,10,Sistema Integral del Tren Ligero,Autobuses en operación de lunes a viernes,14039.0,14,39,16.0,Cifras Preliminares
2025,10,Sistema Integral del Tren Ligero,Autobuses en operación de sábado a domingo,14039.0,14,39,14.0,Cifras Preliminares
2025,10,Sistema Integral del Tren Ligero,Kilómetros recorridos,14039.0,14,39,129203.0,Cifras Preliminares
2025,10,Sistema Integral del Tren Ligero,Pasajeros transportados,14039.0,14,39,157928.0,Cifras Preliminares
2025,10,Sistema Integral del Tren Ligero,Pasajeros transportados con boleto pagado,14039.0,14,39,156150.0,Cifras Preliminares
2025,10,Sistema Integral del Tren Ligero,Pasajeros transportados con cortesía,14039.0,14,39,1778.0,Cifras Preliminares
2025,10,Sistema Integral del Tren Ligero,Rutas,14039.0,14,39,6.0,Cifras Preliminares
2025,10,Mi Transporte Eléctrico,Autobuses en operación de lunes a viernes,14039.0,14,39,20.0,Cifras Preliminares
2025,10,Mi Transporte Eléctrico,Autobuses en operación de sábado a domingo,14039.0,14,39,18.0,Cifras Preliminares
2025,10,Mi Transporte Eléctrico,Kilómetros recorridos,14039.0,14,39,250748.0,Cifras Preliminares
2025,10,Mi Transporte Eléctrico,Pasajeros transportados,14039.0,14,39,205020.0,Cifras Preliminares
2025,10,Mi Transporte Eléctrico,Pasajeros transportados con boleto pagado,14039.0,14,39,181460.0,Cifras Preliminares
2025,10,Mi Transporte Eléctrico,Pasajeros transportados con cortesía,14039.0,14,39,552.0,Cifras Preliminares
2025,10,Mi Transporte Eléctrico,Pasajeros transportados con descuento,14039.0,14,39,23008.0,Cifras Preliminares
2025,10,Mi Transporte Eléctrico,Rutas,14039.0,14,39,2.0,Cifras Preliminares
2025,10,Mi Macro Periférico Troncal,Autobuses en operación de lunes a viernes,14039.0,14,39,192.0,Cifras Preliminares
2025,10,Mi Macro Periférico Troncal,Autobuses en operación de sábado a domingo,14039.0,14,39,127.0,Cifras Preliminares
2025,10,Mi Macro Periférico Troncal,Kilómetros recorridos,14039.0,14,39,1708818.0,Cifras Preliminares
2025,10,Mi Macro Periférico Troncal,Pasajeros transportados,14039.0,14,39,9087220.0,Cifras Preliminares
2025,10,Mi Macro Periférico Troncal,Rutas,14039.0,14,39,6.0,Cifras Preliminares
2025,10,MI Macro Periférico Alimentador,Autobuses en operación de lunes a viernes,14039.0,14,39,109.0,Cifras Preliminares
2025,10,MI Macro Periférico Alimentador,Autobuses en operación de sábado a domingo,14039.0,14,39,84.0,Cifras Preliminares
2025,10,MI Macro Periférico Alimentador,Kilómetros recorridos,14039.0,14,39,727487.0,Cifras Preliminares
2025,10,MI Macro Periférico Alimentador,Pasajeros transportados,14039.0,14,39,1914544.0,Cifras Preliminares
2025,10,MI Macro Periférico Alimentador,Rutas,14039.0,14,39,12.0,Cifras Preliminares
2025,11,Tren Eléctrico,Ingresos por pasaje,14039.0,14,39,32946070.0,Cifras Estimadas
2025,11,Tren Eléctrico,Kilómetros recorridos,14039.0,14,39,708115.0,Cifras Preliminares
2025,11,Tren Eléctrico,Longitud de servicio,14039.0,14,39,47.0,Cifras Preliminares
2025,11,Tren Eléctrico,Pasajeros transportados,14039.0,14,39,14562625.0,Cifras Preliminares
2025,11,Tren Eléctrico,Unidades en operación,14039.0,14,39,64.0,Cifras Preliminares
2025,11,Trolebús,Ingresos por pasaje,14039.0,14,39,2748890.0,Cifras Estimadas
2025,11,Trolebús,Kilómetros recorridos,14039.0,14,39,27316.0,Cifras Preliminares
2025,11,Trolebús,Lineas en servicio,14039.0,14,39,1.0,Cifras Preliminares
2025,11,Trolebús,Longitud de servicio,14039.0,14,39,17.0,Cifras Preliminares
2025,11,Trolebús,Pasajeros transportados,14039.0,14,39,88176.0,Cifras Preliminares
2025,11,Trolebús,Unidades en operación,14039.0,14,39,8.0,Cifras Preliminares
2025,11,Macrobús Servicio Troncal,Autobuses en operación de lunes a viernes,14039.0,14,39,51.0,Cifras Preliminares
2025,11,Macrobús Servicio Troncal,Autobuses en operación de sábado a domingo,14039.0,14,39,44.0,Cifras Preliminares
2025,11,Macrobús Servicio Troncal,Ingresos por pasaje,14039.0,14,39,19034586.0,Cifras Preliminares
2025,11,Macrobús Servicio Troncal,Kilómetros recorridos,14039.0,14,39,338336.0,Cifras Preliminares
2025,11,Macrobús Servicio Troncal,Pasajeros transportados,14039.0,14,39,2924737.0,Cifras Preliminares
2025,11,Macrobús Servicio Troncal,Pasajeros transportados con boleto pagado,14039.0,14,39,2924737.0,Cifras Preliminares
2025,11,Macrobús Servicio Troncal,Pasajeros transportados con cortesía,14039.0,14,39,,Cifras Preliminares
2025,11,Macrobús Servicio Troncal,Pasajeros transportados con descuento,14039.0,14,39,,Cifras Preliminares
2025,11,Macrobús Servicio Troncal,Rutas,14039.0,14,39,2.0,Cifras Preliminares
2025,11,Macrobús Servicio Alimentador,Autobuses en operación de lunes a viernes,14039.0,14,39,71.0,Cifras Preliminares
2025,11,Macrobús Servicio Alimentador,Autobuses en operación de sábado a domingo,14039.0,14,39,69.0,Cifras Preliminares
2025,11,Macrobús Servicio Alimentador,Ingresos por pasaje,14039.0,14,39,12689724.0,Cifras Preliminares
2025,11,Macrobús Servicio Alimentador,Kilómetros recorridos,14039.0,14,39,534862.0,Cifras Preliminares
2025,11,Macrobús Servicio Alimentador,Pasajeros transportados,14039.0,14,39,941259.0,Cifras Preliminares
2025,11,Macrobús Servicio Alimentador,Pasajeros transportados con boleto pagado,14039.0,14,39,941259.0,Cifras Preliminares
2025,11,Macrobús Servicio Alimentador,Pasajeros transportados con descuento,14039.0,14,39,,Cifras Preliminares
2025,11,Macrobús Servicio Alimentador,Rutas,14039.0,14,39,15.0,Cifras Preliminares
2025,11,Sistema Integral del Tren Ligero,Autobuses en operación de lunes a viernes,14039.0,14,39,32.0,Cifras Preliminares
2025,11,Sistema Integral del Tren Ligero,Autobuses en operación de sábado a domingo,14039.0,14,39,18.0,Cifras Preliminares
2025,11,Sistema Integral del Tren Ligero,Kilómetros recorridos,14039.0,14,39,137851.0,Cifras Preliminares
2025,11,Sistema Integral del Tren Ligero,Pasajeros transportados,14039.0,14,39,129101.0,Cifras Preliminares
2025,11,Sistema Integral del Tren Ligero,Pasajeros transportados con boleto pagado,14039.0,14,39,128545.0,Cifras Preliminares
2025,11,Sistema Integral del Tren Ligero,Pasajeros transportados con cortesía,14039.0,14,39,556.0,Cifras Preliminares
2025,11,Sistema Integral del Tren Ligero,Rutas,14039.0,14,39,7.0,Cifras Preliminares
2025,11,Mi Transporte Eléctrico,Autobuses en operación de lunes a viernes,14039.0,14,39,20.0,Cifras Preliminares
2025,11,Mi Transporte Eléctrico,Autobuses en operación de sábado a domingo,14039.0,14,39,18.0,Cifras Preliminares
2025,11,Mi Transporte Eléctrico,Kilómetros recorridos,14039.0,14,39,213155.0,Cifras Preliminares
2025,11,Mi Transporte Eléctrico,Pasajeros transportados,14039.0,14,39,222247.0,Cifras Preliminares
2025,11,Mi Transporte Eléctrico,Pasajeros transportados con boleto pagado,14039.0,14,39,195243.0,Cifras Preliminares
2025,11,Mi Transporte Eléctrico,Pasajeros transportados con cortesía,14039.0,14,39,1789.0,Cifras Preliminares
2025,11,Mi Transporte Eléctrico,Pasajeros transportados con descuento,14039.0,14,39,25215.0,Cifras Preliminares
2025,11,Mi Transporte Eléctrico,Rutas,14039.0,14,39,2.0,Cifras Preliminares
2025,11,Mi Macro Periférico Troncal,Autobuses en operación de lunes a viernes,14039.0,14,39,215.0,Cifras Preliminares
2025,11,Mi Macro Periférico Troncal,Autobuses en operación de sábado a domingo,14039.0,14,39,124.0,Cifras Preliminares
2025,11,Mi Macro Periférico Troncal,Kilómetros recorridos,14039.0,14,39,1740671.0,Cifras Preliminares
2025,11,Mi Macro Periférico Troncal,Pasajeros transportados,14039.0,14,39,7949847.0,Cifras Preliminares
2025,11,Mi Macro Periférico Troncal,Rutas,14039.0,14,39,6.0,Cifras Preliminares
2025,11,MI Macro Periférico Alimentador,Autobuses en operación de lunes a viernes,14039.0,14,39,107.0,Cifras Preliminares
2025,11,MI Macro Periférico Alimentador,Autobuses en operación de sábado a domingo,14039.0,14,39,82.0,Cifras Preliminares
2025,11,MI Macro Periférico Alimentador,Kilómetros recorridos,14039.0,14,39,689101.0,Cifras Preliminares
2025,11,MI Macro Periférico Alimentador,Pasajeros transportados,14039.0,14,39,1729233.0,Cifras Preliminares
2025,11,MI Macro Periférico Alimentador,Rutas,14039.0,14,39,12.0,Cifras Preliminares
2025,12,Tren Eléctrico,Ingresos por pasaje,14039.0,14,39,32996688.0,Cifras Estimadas
2025,12,Tren Eléctrico,Kilómetros recorridos,14039.0,14,39,744909.0,Cifras Preliminares
2025,12,Tren Eléctrico,Longitud de servicio,14039.0,14,39,47.0,Cifras Preliminares
2025,12,Tren Eléctrico,Pasajeros transportados,14039.0,14,39,14213985.0,Cifras Preliminares
2025,12,Tren Eléctrico,Unidades en operación,14039.0,14,39,59.0,Cifras Preliminares
2025,12,Trolebús,Ingresos por pasaje,14039.0,14,39,2762024.0,Cifras Estimadas
2025,12,Trolebús,Kilómetros recorridos,14039.0,14,39,29687.0,Cifras Preliminares
2025,12,Trolebús,Lineas en servicio,14039.0,14,39,1.0,Cifras Preliminares
2025,12,Trolebús,Longitud de servicio,14039.0,14,39,18.0,Cifras Preliminares
2025,12,Trolebús,Pasajeros transportados,14039.0,14,39,92063.0,Cifras Preliminares
2025,12,Trolebús,Unidades en operación,14039.0,14,39,8.0,Cifras Preliminares
2025,12,Macrobús Servicio Troncal,Autobuses en operación de lunes a viernes,14039.0,14,39,51.0,Cifras Preliminares
2025,12,Macrobús Servicio Troncal,Autobuses en operación de sábado a domingo,14039.0,14,39,44.0,Cifras Preliminares
2025,12,Macrobús Servicio Troncal,Ingresos por pasaje,14039.0,14,39,18732040.0,Cifras Preliminares
2025,12,Macrobús Servicio Troncal,Kilómetros recorridos,14039.0,14,39,358128.0,Cifras Preliminares
2025,12,Macrobús Servicio Troncal,Pasajeros transportados,14039.0,14,39,2570802.0,Cifras Preliminares
2025,12,Macrobús Servicio Troncal,Pasajeros transportados con boleto pagado,14039.0,14,39,2570802.0,Cifras Preliminares
2025,12,Macrobús Servicio Troncal,Pasajeros transportados con cortesía,14039.0,14,39,,Cifras Preliminares
2025,12,Macrobús Servicio Troncal,Pasajeros transportados con descuento,14039.0,14,39,,Cifras Preliminares
2025,12,Macrobús Servicio Troncal,Rutas,14039.0,14,39,2.0,Cifras Preliminares
2025,12,Macrobús Servicio Alimentador,Autobuses en operación de lunes a viernes,14039.0,14,39,70.0,Cifras Preliminares
2025,12,Macrobús Servicio Alimentador,Autobuses en operación de sábado a domingo,14039.0,14,39,68.0,Cifras Preliminares
2025,12,Macrobús Servicio Alimentador,Ingresos por pasaje,14039.0,14,39,12488027.0,Cifras Preliminares
2025,12,Macrobús Servicio Alimentador,Kilómetros recorridos,14039.0,14,39,555315.0,Cifras Preliminares
2025,12,Macrobús Servicio Alimentador,Pasajeros transportados,14039.0,14,39,827905.0,Cifras Preliminares
2025,12,Macrobús Servicio Alimentador,Pasajeros transportados con boleto pagado,14039.0,14,39,827905.0,Cifras Preliminares
2025,12,Macrobús Servicio Alimentador,Pasajeros transportados con descuento,14039.0,14,39,,Cifras Preliminares
2025,12,Macrobús Servicio Alimentador,Rutas,14039.0,14,39,15.0,Cifras Preliminares
2025,12,Sistema Integral del Tren Ligero,Autobuses en operación de lunes a viernes,14039.0,14,39,25.0,Cifras Preliminares
2025,12,Sistema Integral del Tren Ligero,Autobuses en operación de sábado a domingo,14039.0,14,39,18.0,Cifras Preliminares
2025,12,Sistema Integral del Tren Ligero,Kilómetros recorridos,14039.0,14,39,140408.0,Cifras Preliminares
2025,12,Sistema Integral del Tren Ligero,Pasajeros transportados,14039.0,14,39,217851.0,Cifras Preliminares
2025,12,Sistema Integral del Tren Ligero,Pasajeros transportados con boleto pagado,14039.0,14,39,217496.0,Cifras Preliminares
2025,12,Sistema Integral del Tren Ligero,Pasajeros transportados con cortesía,14039.0,14,39,355.0,Cifras Preliminares
2025,12,Sistema Integral del Tren Ligero,Rutas,14039.0,14,39,7.0,Cifras Preliminares
2025,12,Mi Transporte Eléctrico,Autobuses en operación de lunes a viernes,14039.0,14,39,20.0,Cifras Preliminares
2025,12,Mi Transporte Eléctrico,Autobuses en operación de sábado a domingo,14039.0,14,39,18.0,Cifras Preliminares
2025,12,Mi Transporte Eléctrico,Kilómetros recorridos,14039.0,14,39,215478.0,Cifras Preliminares
2025,12,Mi Transporte Eléctrico,Pasajeros transportados,14039.0,14,39,228461.0,Cifras Preliminares
2025,12,Mi Transporte Eléctrico,Pasajeros transportados con boleto pagado,14039.0,14,39,205022.0,Cifras Preliminares
2025,12,Mi Transporte Eléctrico,Pasajeros transportados con cortesía,14039.0,14,39,526.0,Cifras Preliminares
2025,12,Mi Transporte Eléctrico,Pasajeros transportados con descuento,14039.0,14,39,22913.0,Cifras Preliminares
2025,12,Mi Transporte Eléctrico,Rutas,14039.0,14,39,2.0,Cifras Preliminares
2025,12,Mi Macro Periférico Troncal,Autobuses en operación de lunes a viernes,14039.0,14,39,184.0,Cifras Preliminares
2025,12,Mi Macro Periférico Troncal,Autobuses en operación de sábado a domingo,14039.0,14,39,103.0,Cifras Preliminares
2025,12,Mi Macro Periférico Troncal,Kilómetros recorridos,14039.0,14,39,1784098.0,Cifras Preliminares
2025,12,Mi Macro Periférico Troncal,Pasajeros transportados,14039.0,14,39,6912336.0,Cifras Preliminares
2025,12,Mi Macro Periférico Troncal,Rutas,14039.0,14,39,6.0,Cifras Preliminares
2025,12,MI Macro Periférico Alimentador,Autobuses en operación de lunes a viernes,14039.0,14,39,112.0,Cifras Preliminares
2025,12,MI Macro Periférico Alimentador,Autobuses en operación de sábado a domingo,14039.0,14,39,87.0,Cifras Preliminares
2025,12,MI Macro Periférico Alimentador,Kilómetros recorridos,14039.0,14,39,653777.0,Cifras Preliminares
2025,12,MI Macro Periférico Alimentador,Pasajeros transportados,14039.0,14,39,1586387.0,Cifras Preliminares
2025,12,MI Macro Periférico Alimentador,Rutas,14039.0,14,39,12.0,Cifras Preliminares
2026,1,Tren Eléctrico,Ingresos por pasaje,14039.0,14,39,30352118.0,Cifras Estimadas
2026,1,Tren Eléctrico,Kilómetros recorridos,14039.0,14,39,871771.0,Cifras Preliminares
2026,1,Tren Eléctrico,Longitud de servicio,14039.0,14,39,76.0,Cifras Preliminares
2026,1,Tren Eléctrico,Pasajeros transportados,14039.0,14,39,15157277.0,Cifras Preliminares
2026,1,Tren Eléctrico,Unidades en operación,14039.0,14,39,74.0,Cifras Preliminares
2026,1,Macrobús Servicio Troncal,Autobuses en operación de lunes a viernes,14039.0,14,39,51.0,Cifras Preliminares
2026,1,Macrobús Servicio Troncal,Autobuses en operación de sábado a domingo,14039.0,14,39,41.0,Cifras Preliminares
2026,1,Macrobús Servicio Troncal,Ingresos por pasaje,14039.0,14,39,19672693.71,Cifras Preliminares
2026,1,Macrobús Servicio Troncal,Kilómetros recorridos,14039.0,14,39,357472.0,Cifras Preliminares
2026,1,Macrobús Servicio Troncal,Pasajeros transportados,14039.0,14,39,2832256.0,Cifras Preliminares
2026,1,Macrobús Servicio Troncal,Pasajeros transportados con boleto pagado,14039.0,14,39,2832256.0,Cifras Preliminares
2026,1,Macrobús Servicio Troncal,Pasajeros transportados con cortesía,14039.0,14,39,,Cifras Preliminares
2026,1,Macrobús Servicio Troncal,Pasajeros transportados con descuento,14039.0,14,39,,Cifras Preliminares
2026,1,Macrobús Servicio Troncal,Rutas,14039.0,14,39,2.0,Cifras Preliminares
2026,1,Macrobús Servicio Alimentador,Autobuses en operación de lunes a viernes,14039.0,14,39,70.0,Cifras Preliminares
2026,1,Macrobús Servicio Alimentador,Autobuses en operación de sábado a domingo,14039.0,14,39,68.0,Cifras Preliminares
2026,1,Macrobús Servicio Alimentador,Ingresos por pasaje,14039.0,14,39,13115129.14,Cifras Preliminares
2026,1,Macrobús Servicio Alimentador,Kilómetros recorridos,14039.0,14,39,559968.0,Cifras Preliminares
2026,1,Macrobús Servicio Alimentador,Pasajeros transportados,14039.0,14,39,880424.0,Cifras Preliminares
2026,1,Macrobús Servicio Alimentador,Pasajeros transportados con boleto pagado,14039.0,14,39,880424.0,Cifras Preliminares
2026,1,Macrobús Servicio Alimentador,Pasajeros transportados con descuento,14039.0,14,39,,Cifras Preliminares
2026,1,Macrobús Servicio Alimentador,Rutas,14039.0,14,39,15.0,Cifras Preliminares
2026,1,Sistema Integral del Tren Ligero,Autobuses en operación de lunes a viernes,14039.0,14,39,61.0,Cifras Preliminares
2026,1,Sistema Integral del Tren Ligero,Autobuses en operación de sábado a domingo,14039.0,14,39,46.0,Cifras Preliminares
2026,1,Sistema Integral del Tren Ligero,Kilómetros recorridos,14039.0,14,39,504692.0,Cifras Preliminares
2026,1,Sistema Integral del Tren Ligero,Pasajeros transportados,14039.0,14,39,722731.0,Cifras Preliminares
2026,1,Sistema Integral del Tren Ligero,Pasajeros transportados con boleto pagado,14039.0,14,39,717896.0,Cifras Preliminares
2026,1,Sistema Integral del Tren Ligero,Pasajeros transportados con cortesía,14039.0,14,39,4835.0,Cifras Preliminares
2026,1,Sistema Integral del Tren Ligero,Rutas,14039.0,14,39,9.0,Cifras Preliminares
2026,1,Mi Transporte Eléctrico,Autobuses en operación de lunes a viernes,14039.0,14,39,,Cifras Preliminares
2026,1,Mi Transporte Eléctrico,Autobuses en operación de sábado a domingo,14039.0,14,39,,Cifras Preliminares
2026,1,Mi Transporte Eléctrico,Kilómetros recorridos,14039.0,14,39,,Cifras Preliminares
2026,1,Mi Transporte Eléctrico,Pasajeros transportados,14039.0,14,39,,Cifras Preliminares
2026,1,Mi Transporte Eléctrico,Pasajeros transportados con boleto pagado,14039.0,14,39,,Cifras Preliminares
2026,1,Mi Transporte Eléctrico,Pasajeros transportados con cortesía,14039.0,14,39,,Cifras Preliminares
2026,1,Mi Transporte Eléctrico,Pasajeros transportados con descuento,14039.0,14,39,,Cifras Preliminares
2026,1,Mi Transporte Eléctrico,Rutas,14039.0,14,39,,Cifras Preliminares
2026,1,Mi Macro Periférico Troncal,Autobuses en operación de lunes a viernes,14039.0,14,39,184.0,Cifras Preliminares
2026,1,Mi Macro Periférico Troncal,Autobuses en operación de sábado a domingo,14039.0,14,39,103.0,Cifras Preliminares
2026,1,Mi Macro Periférico Troncal,Kilómetros recorridos,14039.0,14,39,1830066.0,Cifras Preliminares
2026,1,Mi Macro Periférico Troncal,Pasajeros transportados,14039.0,14,39,6897818.0,Cifras Preliminares
2026,1,Mi Macro Periférico Troncal,Rutas,14039.0,14,39,6.0,Cifras Preliminares
2026,1,MI Macro Periférico Alimentador,Autobuses en operación de lunes a viernes,14039.0,14,39,114.0,Cifras Preliminares
2026,1,MI Macro Periférico Alimentador,Autobuses en operación de sábado a domingo,14039.0,14,39,90.0,Cifras Preliminares
2026,1,MI Macro Periférico Alimentador,Kilómetros recorridos,14039.0,14,39,698432.829999999,Cifras Preliminares
2026,1,MI Macro Periférico Alimentador,Pasajeros transportados,14039.0,14,39,1572979.0,Cifras Preliminares
2026,1,MI Macro Periférico Alimentador,Rutas,14039.0,14,39,8.0,Cifras Preliminares
2026,2,Tren Eléctrico,Ingresos por pasaje,14039.0,14,39,30424446.0,Cifras Estimadas
2026,2,Tren Eléctrico,Kilómetros recorridos,14039.0,14,39,758989.0,Cifras Preliminares
2026,2,Tren Eléctrico,Longitud de servicio,14039.0,14,39,76.0,Cifras Preliminares
2026,2,Tren Eléctrico,Pasajeros transportados,14039.0,14,39,13818016.0,Cifras Preliminares
2026,2,Tren Eléctrico,Unidades en operación,14039.0,14,39,74.0,Cifras Preliminares
2026,2,Macrobús Servicio Troncal,Autobuses en operación de lunes a viernes,14039.0,14,39,51.0,Cifras Preliminares
2026,2,Macrobús Servicio Troncal,Autobuses en operación de sábado a domingo,14039.0,14,39,43.0,Cifras Preliminares
2026,2,Macrobús Servicio Troncal,Ingresos por pasaje,14039.0,14,39,18242822.0,Cifras Preliminares
2026,2,Macrobús Servicio Troncal,Kilómetros recorridos,14039.0,14,39,306560.0,Cifras Preliminares
2026,2,Macrobús Servicio Troncal,Pasajeros transportados,14039.0,14,39,2531794.0,Cifras Preliminares
2026,2,Macrobús Servicio Troncal,Pasajeros transportados con boleto pagado,14039.0,14,39,2531794.0,Cifras Preliminares
2026,2,Macrobús Servicio Troncal,Pasajeros transportados con cortesía,14039.0,14,39,,Cifras Preliminares
2026,2,Macrobús Servicio Troncal,Pasajeros transportados con descuento,14039.0,14,39,,Cifras Preliminares
2026,2,Macrobús Servicio Troncal,Rutas,14039.0,14,39,2.0,Cifras Preliminares
2026,2,Macrobús Servicio Alimentador,Autobuses en operación de lunes a viernes,14039.0,14,39,70.0,Cifras Preliminares
2026,2,Macrobús Servicio Alimentador,Autobuses en operación de sábado a domingo,14039.0,14,39,69.0,Cifras Preliminares
2026,2,Macrobús Servicio Alimentador,Ingresos por pasaje,14039.0,14,39,12161882.0,Cifras Preliminares
2026,2,Macrobús Servicio Alimentador,Kilómetros recorridos,14039.0,14,39,504450.0,Cifras Preliminares
2026,2,Macrobús Servicio Alimentador,Pasajeros transportados,14039.0,14,39,793297.0,Cifras Preliminares
2026,2,Macrobús Servicio Alimentador,Pasajeros transportados con boleto pagado,14039.0,14,39,793297.0,Cifras Preliminares
2026,2,Macrobús Servicio Alimentador,Pasajeros transportados con descuento,14039.0,14,39,,Cifras Preliminares
2026,2,Macrobús Servicio Alimentador,Rutas,14039.0,14,39,15.0,Cifras Preliminares
2026,2,Sistema Integral del Tren Ligero,Autobuses en operación de lunes a viernes,14039.0,14,39,64.0,Cifras Preliminares
2026,2,Sistema Integral del Tren Ligero,Autobuses en operación de sábado a domingo,14039.0,14,39,47.0,Cifras Preliminares
2026,2,Sistema Integral del Tren Ligero,Kilómetros recorridos,14039.0,14,39,465199.0,Cifras Preliminares
2026,2,Sistema Integral del Tren Ligero,Pasajeros transportados,14039.0,14,39,701249.0,Cifras Preliminares
2026,2,Sistema Integral del Tren Ligero,Pasajeros transportados con boleto pagado,14039.0,14,39,695927.0,Cifras Preliminares
2026,2,Sistema Integral del Tren Ligero,Pasajeros transportados con cortesía,14039.0,14,39,5322.0,Cifras Preliminares
2026,2,Sistema Integral del Tren Ligero,Rutas,14039.0,14,39,9.0,Cifras Preliminares
2026,2,Mi Transporte Eléctrico,Autobuses en operación de lunes a viernes,14039.0,14,39,,Cifras Preliminares
2026,2,Mi Transporte Eléctrico,Autobuses en operación de sábado a domingo,14039.0,14,39,,Cifras Preliminares
2026,2,Mi Transporte Eléctrico,Kilómetros recorridos,14039.0,14,39,,Cifras Preliminares
2026,2,Mi Transporte Eléctrico,Pasajeros transportados,14039.0,14,39,,Cifras Preliminares
2026,2,Mi Transporte Eléctrico,Pasajeros transportados con boleto pagado,14039.0,14,39,,Cifras Preliminares
2026,2,Mi Transporte Eléctrico,Pasajeros transportados con cortesía,14039.0,14,39,,Cifras Preliminares
2026,2,Mi Transporte Eléctrico,Pasajeros transportados con descuento,14039.0,14,39,,Cifras Preliminares
2026,2,Mi Transporte Eléctrico,Rutas,14039.0,14,39,,Cifras Preliminares
2026,2,Mi Macro Periférico Troncal,Autobuses en operación de lunes a viernes,14039.0,14,39,183.0,Cifras Preliminares
2026,2,Mi Macro Periférico Troncal,Autobuses en operación de sábado a domingo,14039.0,14,39,109.0,Cifras Preliminares
2026,2,Mi Macro Periférico Troncal,Kilómetros recorridos,14039.0,14,39,1653431.0,Cifras Preliminares
2026,2,Mi Macro Periférico Troncal,Pasajeros transportados,14039.0,14,39,6452086.0,Cifras Preliminares
2026,2,Mi Macro Periférico Troncal,Rutas,14039.0,14,39,6.0,Cifras Preliminares
2026,2,MI Macro Periférico Alimentador,Autobuses en operación de lunes a viernes,14039.0,14,39,108.0,Cifras Preliminares
2026,2,MI Macro Periférico Alimentador,Autobuses en operación de sábado a domingo,14039.0,14,39,77.0,Cifras Preliminares
2026,2,MI Macro Periférico Alimentador,Kilómetros recorridos,14039.0,14,39,635197.0,Cifras Preliminares
2026,2,MI Macro Periférico Alimentador,Pasajeros transportados,14039.0,14,39,1401621.0,Cifras Preliminares
2026,2,MI Macro Periférico Alimentador,Rutas,14039.0,14,39,8.0,Cifras Preliminares
