{
"type": "FeatureCollection",
"name": "ags_route_audit",
"crs": { "type": "name", "properties": { "name": "urn:ogc:def:crs:OGC:1.3:CRS84" } },
"features": [
{ "type": "Feature", "properties": { "route_id": "R_01", "route_short_name": "R01", "route_long_name": "R-01", "route_km": 24.127830719617474, "n_stops": 93, "straight_line_km": 17.92610108170998, "connects_to_existing": true, "total_score": 0.11088178830403042, "pareto_rank": 5, "feasible": false, "flag": "Low demand", "detour_ratio": 1.346, "n_served_agebs": 33, "f1_demand_gain": 0.0045497687789483572, "f3_equity": 0.22958910208757741 }, "geometry": { "type": "LineString", "coordinates": [ [ -102.31693, 21.84872 ], [ -102.31695, 21.84868 ], [ -102.31879, 21.84899 ], [ -102.31903, 21.84904 ], [ -102.31919, 21.84907 ], [ -102.31929, 21.84911 ], [ -102.31931, 21.84904 ], [ -102.31953, 21.84848 ], [ -102.31972, 21.84805 ], [ -102.31994, 21.84755 ], [ -102.31996, 21.84751 ], [ -102.32006, 21.84729 ], [ -102.32022, 21.84691 ], [ -102.32041, 21.84656 ], [ -102.32059, 21.84627 ], [ -102.32061, 21.84623 ], [ -102.32085, 21.84591 ], [ -102.32087, 21.84588 ], [ -102.32122, 21.84541 ], [ -102.32146, 21.84506 ], [ -102.32183, 21.84459 ], [ -102.32207, 21.8443 ], [ -102.32231, 21.84407 ], [ -102.3224, 21.84398 ], [ -102.32253, 21.84383 ], [ -102.32268, 21.84369 ], [ -102.32272, 21.84366 ], [ -102.3229, 21.8435 ], [ -102.32301, 21.843337 ], [ -102.322986, 21.8432 ], [ -102.322805, 21.843102 ], [ -102.322632, 21.843081 ], [ -102.32244, 21.84308 ], [ -102.32227, 21.84305 ], [ -102.32175, 21.84294 ], [ -102.32119, 21.84283 ], [ -102.32076, 21.84274 ], [ -102.32049, 21.8427 ], [ -102.32032, 21.84267 ], [ -102.31997, 21.8426 ], [ -102.31912, 21.84243 ], [ -102.31853, 21.84237 ], [ -102.31832, 21.84238 ], [ -102.31797, 21.84241 ], [ -102.31796, 21.84241 ], [ -102.31737, 21.84251 ], [ -102.31683, 21.84265 ], [ -102.31665, 21.8427 ], [ -102.31535, 21.84308 ], [ -102.31516, 21.84313 ], [ -102.31487, 21.84321 ], [ -102.31476, 21.84325 ], [ -102.31458, 21.8433 ], [ -102.31448, 21.84332 ], [ -102.31435, 21.84335 ], [ -102.31383, 21.8435 ], [ -102.31364, 21.84355 ], [ -102.31346, 21.8436 ], [ -102.31327, 21.84366 ], [ -102.31309, 21.84371 ], [ -102.31297, 21.84374 ], [ -102.31272, 21.84381 ], [ -102.31212, 21.844 ], [ -102.31151, 21.84417 ], [ -102.31111, 21.84427 ], [ -102.31075, 21.84436 ], [ -102.31038, 21.84445 ], [ -102.31019, 21.8445 ], [ -102.30992, 21.84459 ], [ -102.30971, 21.84465 ], [ -102.30924, 21.84479 ], [ -102.30828, 21.84506 ], [ -102.30816, 21.8451 ], [ -102.30806, 21.84512 ], [ -102.30792, 21.84515 ], [ -102.30748, 21.84527 ], [ -102.3067, 21.84548 ], [ -102.30661, 21.84549 ], [ -102.3063, 21.84555 ], [ -102.30617, 21.84557 ], [ -102.30599, 21.84559 ], [ -102.30588, 21.8456 ], [ -102.30574, 21.84561 ], [ -102.30551, 21.84561 ], [ -102.30532, 21.84561 ], [ -102.3051, 21.84561 ], [ -102.30505, 21.8456 ], [ -102.3049, 21.84559 ], [ -102.30466, 21.84557 ], [ -102.30433, 21.84553 ], [ -102.30428, 21.84553 ], [ -102.30408, 21.8455 ], [ -102.30387, 21.84548 ], [ -102.30386, 21.84548 ], [ -102.30383, 21.84547 ], [ -102.30328, 21.84541 ], [ -102.30275, 21.84535 ], [ -102.30271, 21.84534 ], [ -102.30246, 21.84531 ], [ -102.30201, 21.84526 ], [ -102.30183, 21.84523 ], [ -102.30161, 21.84521 ], [ -102.30147, 21.84519 ], [ -102.30145, 21.84535 ], [ -102.30144, 21.84543 ], [ -102.30141, 21.8456 ], [ -102.30134, 21.84627 ], [ -102.30133, 21.8464 ], [ -102.30131, 21.84672 ], [ -102.30129, 21.84695 ], [ -102.30128, 21.84711 ], [ -102.30126, 21.84726 ], [ -102.3012, 21.84782 ], [ -102.30119, 21.8479 ], [ -102.30118, 21.848 ], [ -102.30115, 21.84829 ], [ -102.30113, 21.84858 ], [ -102.30106, 21.84924 ], [ -102.30103, 21.84958 ], [ -102.30103, 21.84965 ], [ -102.30105, 21.84979 ], [ -102.30106, 21.84988 ], [ -102.30107, 21.85015 ], [ -102.30104, 21.8506 ], [ -102.301, 21.85098 ], [ -102.30097, 21.85125 ], [ -102.30097, 21.85133 ], [ -102.30092, 21.85182 ], [ -102.30092, 21.85186 ], [ -102.30088, 21.85226 ], [ -102.30083, 21.85268 ], [ -102.30082, 21.85276 ], [ -102.30082, 21.85281 ], [ -102.30082, 21.85286 ], [ -102.30083, 21.85292 ], [ -102.30084, 21.85296 ], [ -102.30087, 21.85303 ], [ -102.30093, 21.85321 ], [ -102.30094, 21.8533 ], [ -102.30095, 21.85339 ], [ -102.30093, 21.85371 ], [ -102.30093, 21.85384 ], [ -102.30091, 21.85386 ], [ -102.3009, 21.85387 ], [ -102.3009, 21.85388 ], [ -102.30089, 21.85389 ], [ -102.30089, 21.8539 ], [ -102.30088, 21.85391 ], [ -102.30088, 21.85393 ], [ -102.30088, 21.85394 ], [ -102.30088, 21.85395 ], [ -102.30088, 21.85396 ], [ -102.30088, 21.85398 ], [ -102.30088, 21.85399 ], [ -102.30088, 21.854 ], [ -102.30089, 21.85401 ], [ -102.30089, 21.85402 ], [ -102.3009, 21.85404 ], [ -102.30091, 21.85405 ], [ -102.30092, 21.85406 ], [ -102.30093, 21.85407 ], [ -102.30094, 21.85408 ], [ -102.30095, 21.85409 ], [ -102.30096, 21.8541 ], [ -102.30097, 21.85411 ], [ -102.30098, 21.85411 ], [ -102.30097, 21.85419 ], [ -102.30093, 21.8545 ], [ -102.30093, 21.85458 ], [ -102.30087, 21.85531 ], [ -102.30086, 21.8556 ], [ -102.30085, 21.85583 ], [ -102.3008, 21.85613 ], [ -102.30076, 21.85634 ], [ -102.30074, 21.8564 ], [ -102.3007, 21.85651 ], [ -102.30069, 21.85653 ], [ -102.30057, 21.85674 ], [ -102.30037, 21.85706 ], [ -102.29971, 21.85812 ], [ -102.29943, 21.85862 ], [ -102.299184, 21.85901 ], [ -102.298999, 21.859318 ], [ -102.29905, 21.859368 ], [ -102.299099, 21.859352 ], [ -102.299156, 21.859289 ], [ -102.299264, 21.859235 ], [ -102.299333, 21.859124 ], [ -102.299503, 21.858827 ], [ -102.29959, 21.858708 ], [ -102.299626, 21.8587 ], [ -102.29979, 21.858795 ], [ -102.300571, 21.859211 ], [ -102.301222, 21.859593 ], [ -102.301355, 21.859705 ], [ -102.301424, 21.859787 ], [ -102.301431, 21.859838 ], [ -102.301299, 21.859955 ], [ -102.301104, 21.860014 ], [ -102.301003, 21.860043 ], [ -102.300883, 21.86006 ], [ -102.30077, 21.860066 ], [ -102.300658, 21.860063 ], [ -102.300531, 21.860084 ], [ -102.300451, 21.860129 ], [ -102.300402, 21.860187 ], [ -102.300365, 21.860273 ], [ -102.300362, 21.860376 ], [ -102.300369, 21.86046 ], [ -102.300386, 21.860537 ], [ -102.300402, 21.860601 ], [ -102.300428, 21.860657 ], [ -102.300448, 21.86071 ], [ -102.300459, 21.860757 ], [ -102.300473, 21.860807 ], [ -102.30043, 21.86092 ], [ -102.30024, 21.86119 ], [ -102.3002, 21.86125 ], [ -102.29996, 21.86161 ], [ -102.29966, 21.8621 ], [ -102.29927, 21.86272 ], [ -102.29894, 21.86324 ], [ -102.298868, 21.863356 ], [ -102.298796, 21.863597 ], [ -102.298764, 21.863679 ], [ -102.298733, 21.863784 ], [ -102.298706, 21.863941 ], [ -102.29989, 21.86418 ], [ -102.29976, 21.86484 ], [ -102.29963, 21.86551 ], [ -102.29953, 21.86598 ], [ -102.29948, 21.86621 ], [ -102.29935, 21.86619 ], [ -102.29885, 21.8661 ], [ -102.29852, 21.86604 ], [ -102.29829, 21.866 ], [ -102.29766, 21.8659 ], [ -102.29757, 21.86585 ], [ -102.29709, 21.86575 ], [ -102.29599, 21.86556 ], [ -102.2957, 21.86551 ], [ -102.29558, 21.86549 ], [ -102.29513, 21.86541 ], [ -102.29454, 21.86532 ], [ -102.29448, 21.86532 ], [ -102.29425, 21.86529 ], [ -102.29422, 21.86529 ], [ -102.29413, 21.86529 ], [ -102.29414, 21.86536 ], [ -102.29414, 21.86544 ], [ -102.29415, 21.8655 ], [ -102.29419, 21.86576 ], [ -102.29422, 21.866 ], [ -102.29427, 21.86625 ], [ -102.2943, 21.8664 ], [ -102.29436, 21.86681 ], [ -102.29459, 21.86816 ], [ -102.29464, 21.86845 ], [ -102.29471, 21.86887 ], [ -102.29481, 21.86951 ], [ -102.29492, 21.8702 ], [ -102.295, 21.8708 ], [ -102.29502, 21.87086 ], [ -102.29505, 21.87095 ], [ -102.2951, 21.87136 ], [ -102.29509, 21.8714 ], [ -102.29507, 21.87211 ], [ -102.29506, 21.87222 ], [ -102.29502, 21.87286 ], [ -102.29501, 21.87301 ], [ -102.295, 21.87315 ], [ -102.295, 21.8732 ], [ -102.295, 21.87329 ], [ -102.29499, 21.87339 ], [ -102.29496, 21.87411 ], [ -102.29491, 21.87479 ], [ -102.2949, 21.875 ], [ -102.29491, 21.87522 ], [ -102.29492, 21.87533 ], [ -102.29492, 21.87534 ], [ -102.29494, 21.87544 ], [ -102.29496, 21.87553 ], [ -102.29497, 21.87558 ], [ -102.29507, 21.87591 ], [ -102.29519, 21.8764 ], [ -102.2952, 21.87643 ], [ -102.29571, 21.87785 ], [ -102.29583, 21.87818 ], [ -102.2959, 21.87836 ], [ -102.29592, 21.87847 ], [ -102.29597, 21.87862 ], [ -102.29599, 21.87875 ], [ -102.29607, 21.8791 ], [ -102.29607, 21.87911 ], [ -102.2964, 21.88008 ], [ -102.29647, 21.88037 ], [ -102.29651, 21.88062 ], [ -102.29658, 21.88109 ], [ -102.29659, 21.88114 ], [ -102.29659, 21.88116 ], [ -102.2966, 21.88119 ], [ -102.29664, 21.88126 ], [ -102.29682, 21.88158 ], [ -102.297, 21.88193 ], [ -102.2971, 21.88213 ], [ -102.29746, 21.88287 ], [ -102.29776, 21.88361 ], [ -102.2978, 21.88378 ], [ -102.29781, 21.88383 ], [ -102.29781, 21.88391 ], [ -102.29782, 21.88417 ], [ -102.29779, 21.88449 ], [ -102.29778, 21.88456 ], [ -102.29756, 21.88524 ], [ -102.29741, 21.88563 ], [ -102.29716, 21.88629 ], [ -102.297, 21.88662 ], [ -102.29693, 21.88688 ], [ -102.2969, 21.88695 ], [ -102.2968, 21.88717 ], [ -102.29657, 21.88758 ], [ -102.29645, 21.88778 ], [ -102.29617, 21.88821 ], [ -102.29605, 21.88842 ], [ -102.29578, 21.88884 ], [ -102.2952, 21.88978 ], [ -102.29505, 21.89003 ], [ -102.29499, 21.89025 ], [ -102.29496, 21.89093 ], [ -102.29494, 21.89107 ], [ -102.29491, 21.89132 ], [ -102.29491, 21.89143 ], [ -102.29474, 21.89157 ], [ -102.29466, 21.89164 ], [ -102.29441, 21.89189 ], [ -102.29408, 21.89225 ], [ -102.29403, 21.8923 ], [ -102.29382, 21.89255 ], [ -102.29377, 21.89263 ], [ -102.29347, 21.89304 ], [ -102.29328, 21.89327 ], [ -102.29319, 21.8934 ], [ -102.29318, 21.89342 ], [ -102.29313, 21.89351 ], [ -102.29308, 21.89361 ], [ -102.29297, 21.8939 ], [ -102.2929, 21.89408 ], [ -102.29289, 21.89412 ], [ -102.29288, 21.89416 ], [ -102.29287, 21.8942 ], [ -102.29286, 21.89426 ], [ -102.29285, 21.89431 ], [ -102.29284, 21.89435 ], [ -102.29284, 21.89441 ], [ -102.29283, 21.89466 ], [ -102.29283, 21.895 ], [ -102.29283, 21.89506 ], [ -102.2928, 21.89558 ], [ -102.29279, 21.89606 ], [ -102.29278, 21.89612 ], [ -102.29248, 21.89622 ], [ -102.2914, 21.89653 ], [ -102.29173, 21.89756 ], [ -102.29207, 21.89855 ], [ -102.29216, 21.89882 ], [ -102.29239, 21.89956 ], [ -102.29249, 21.90007 ], [ -102.29253, 21.90029 ], [ -102.29255, 21.90052 ], [ -102.29254, 21.90072 ], [ -102.29253, 21.90099 ], [ -102.29247, 21.90251 ], [ -102.2924, 21.90397 ], [ -102.29233, 21.90537 ], [ -102.29233, 21.90551 ], [ -102.2923, 21.90635 ], [ -102.29228, 21.90684 ], [ -102.29226, 21.90762 ], [ -102.29224, 21.90797 ], [ -102.29223, 21.90816 ], [ -102.29221, 21.90853 ], [ -102.29218, 21.90904 ], [ -102.29217, 21.90917 ], [ -102.29214, 21.91017 ], [ -102.29206, 21.91189 ], [ -102.29205, 21.91237 ], [ -102.29205, 21.91252 ], [ -102.29204, 21.91285 ], [ -102.29204, 21.91296 ], [ -102.29198, 21.91306 ], [ -102.29196, 21.91314 ], [ -102.29195, 21.91326 ], [ -102.29194, 21.91336 ], [ -102.2919, 21.91405 ], [ -102.29183, 21.91494 ], [ -102.29182, 21.91511 ], [ -102.29181, 21.91535 ], [ -102.29181, 21.91541 ], [ -102.2918, 21.91548 ], [ -102.2918, 21.91555 ], [ -102.29179, 21.91576 ], [ -102.29178, 21.91599 ], [ -102.29176, 21.91639 ], [ -102.29174, 21.91739 ], [ -102.29172, 21.91823 ], [ -102.29172, 21.91839 ], [ -102.29178, 21.91864 ], [ -102.29171, 21.91932 ], [ -102.29167, 21.92017 ], [ -102.29161, 21.92131 ], [ -102.2916, 21.92159 ], [ -102.2916, 21.92164 ], [ -102.29156, 21.92219 ], [ -102.29155, 21.92254 ], [ -102.29151, 21.92324 ], [ -102.29151, 21.92329 ], [ -102.2915, 21.9237 ], [ -102.29149, 21.9238 ], [ -102.29145, 21.92425 ], [ -102.29143, 21.92486 ], [ -102.2914, 21.92546 ], [ -102.29139, 21.92556 ], [ -102.29134, 21.92665 ], [ -102.29133, 21.92702 ], [ -102.29135, 21.9276 ], [ -102.29134, 21.92783 ], [ -102.29124, 21.93021 ], [ -102.29125, 21.93045 ], [ -102.29122, 21.93095 ], [ -102.29119, 21.93168 ], [ -102.29115, 21.93222 ], [ -102.29109, 21.93331 ], [ -102.29106, 21.93375 ], [ -102.29104, 21.93422 ], [ -102.29102, 21.93464 ], [ -102.29101, 21.93479 ], [ -102.29101, 21.93515 ], [ -102.29099, 21.93535 ], [ -102.2909, 21.9373 ], [ -102.2909, 21.93833 ], [ -102.29083, 21.93893 ], [ -102.29083, 21.93901 ], [ -102.29075, 21.94104 ], [ -102.29075, 21.94117 ], [ -102.29075, 21.94123 ], [ -102.29076, 21.94128 ], [ -102.29076, 21.94144 ], [ -102.29077, 21.94156 ], [ -102.29076, 21.94175 ], [ -102.29075, 21.94195 ], [ -102.29075, 21.94197 ], [ -102.29076, 21.94207 ], [ -102.29076, 21.9422 ], [ -102.29077, 21.9424 ], [ -102.29079, 21.94268 ], [ -102.2908, 21.94292 ], [ -102.29081, 21.94304 ], [ -102.29081, 21.94314 ], [ -102.29078, 21.94368 ], [ -102.29077, 21.94394 ], [ -102.29075, 21.94448 ], [ -102.29075, 21.94467 ], [ -102.29074, 21.94487 ], [ -102.29073, 21.94506 ], [ -102.29072, 21.9456 ], [ -102.2907, 21.94618 ], [ -102.29068, 21.94629 ], [ -102.29066, 21.94646 ], [ -102.29064, 21.94666 ], [ -102.29064, 21.94668 ], [ -102.2906, 21.94695 ], [ -102.29058, 21.94705 ], [ -102.29056, 21.94712 ], [ -102.29054, 21.94719 ], [ -102.29053, 21.94728 ], [ -102.29051, 21.94738 ], [ -102.2905, 21.94753 ], [ -102.29049, 21.94756 ], [ -102.29044, 21.94811 ], [ -102.29041, 21.9488 ], [ -102.29039, 21.94909 ], [ -102.29031, 21.95102 ], [ -102.29028, 21.95185 ], [ -102.29024, 21.95278 ], [ -102.29023, 21.95318 ], [ -102.29022, 21.95362 ], [ -102.29022, 21.95366 ], [ -102.29009, 21.95649 ], [ -102.29006, 21.95721 ], [ -102.29003, 21.95822 ], [ -102.29003, 21.95824 ], [ -102.28998, 21.95946 ], [ -102.28996, 21.95949 ], [ -102.28994, 21.95952 ], [ -102.28994, 21.95956 ], [ -102.28993, 21.95962 ], [ -102.28992, 21.95969 ], [ -102.28985, 21.96086 ], [ -102.28981, 21.96198 ], [ -102.2898, 21.96215 ], [ -102.28979, 21.96232 ], [ -102.28976, 21.96266 ], [ -102.28975, 21.9628 ], [ -102.28973, 21.96313 ], [ -102.28972, 21.96339 ], [ -102.28971, 21.96349 ], [ -102.2897, 21.96367 ], [ -102.28969, 21.96385 ], [ -102.28968, 21.96403 ], [ -102.28967, 21.96411 ], [ -102.28966, 21.96421 ], [ -102.28965, 21.96433 ], [ -102.28965, 21.96455 ], [ -102.28965, 21.96459 ], [ -102.28963, 21.96485 ], [ -102.28962, 21.96492 ], [ -102.28961, 21.96511 ], [ -102.28962, 21.96518 ], [ -102.28962, 21.96527 ], [ -102.28963, 21.9653 ], [ -102.28964, 21.96531 ], [ -102.28966, 21.96534 ], [ -102.28971, 21.96538 ], [ -102.2897, 21.96566 ], [ -102.28965, 21.96707 ], [ -102.28963, 21.96721 ], [ -102.2896, 21.96758 ], [ -102.28952, 21.96881 ], [ -102.2895, 21.96948 ], [ -102.28925, 21.97434 ], [ -102.28921, 21.97546 ], [ -102.2892, 21.97604 ], [ -102.28918, 21.97671 ], [ -102.28916, 21.97712 ], [ -102.28915, 21.97716 ], [ -102.28908, 21.97892 ], [ -102.28905, 21.97966 ], [ -102.28901, 21.98058 ], [ -102.289, 21.98072 ], [ -102.28894, 21.98232 ], [ -102.28894, 21.98264 ], [ -102.28884, 21.98465 ], [ -102.28875, 21.98685 ], [ -102.28873, 21.98708 ], [ -102.28868, 21.98802 ], [ -102.28866, 21.98828 ], [ -102.28861, 21.98939 ], [ -102.28859, 21.9897 ], [ -102.28857, 21.99034 ], [ -102.28857, 21.99069 ], [ -102.28857, 21.99077 ], [ -102.28856, 21.99187 ], [ -102.28853, 21.99301 ], [ -102.28851, 21.99344 ], [ -102.28851, 21.99355 ], [ -102.28849, 21.99402 ], [ -102.28846, 21.99453 ], [ -102.28845, 21.99491 ], [ -102.28844, 21.99497 ], [ -102.28843, 21.9955 ], [ -102.28837, 21.99681 ], [ -102.28827, 21.99897 ], [ -102.28822, 21.9996 ], [ -102.28814, 22.00124 ], [ -102.28805, 22.00254 ], [ -102.28823, 22.00255 ], [ -102.28831, 22.00256 ], [ -102.28836, 22.00256 ], [ -102.28841, 22.00256 ], [ -102.28845, 22.00254 ], [ -102.28849, 22.00251 ], [ -102.28851, 22.00249 ], [ -102.28853, 22.00245 ], [ -102.28854, 22.00242 ], [ -102.28854, 22.00239 ], [ -102.28852, 22.00228 ], [ -102.28851, 22.00224 ], [ -102.28846, 22.00205 ], [ -102.28838, 22.00185 ], [ -102.28835, 22.00181 ], [ -102.28828, 22.00174 ], [ -102.28829, 22.00114 ], [ -102.28835, 22.00015 ], [ -102.28843, 22.00002 ], [ -102.28844, 21.99999 ], [ -102.28845, 21.99995 ], [ -102.28845, 21.99975 ], [ -102.28845, 21.99903 ], [ -102.28845, 21.99886 ], [ -102.28845, 21.99868 ], [ -102.288473, 21.99858 ], [ -102.288936, 21.998621 ], [ -102.289304, 21.998637 ], [ -102.289567, 21.998657 ], [ -102.289752, 21.99868 ], [ -102.289891, 21.998692 ], [ -102.290839, 21.998785 ], [ -102.291364, 21.998846 ], [ -102.291848, 21.998917 ], [ -102.292162, 21.998937 ], [ -102.292398, 21.998952 ], [ -102.29253, 21.998959 ], [ -102.292547, 21.998895 ], [ -102.292519, 21.998712 ], [ -102.292425, 21.998129 ], [ -102.292389, 21.997433 ], [ -102.29238, 21.997275 ], [ -102.292343, 21.996888 ], [ -102.292416, 21.996363 ], [ -102.292518, 21.995991 ], [ -102.292575, 21.995518 ], [ -102.292663, 21.994909 ], [ -102.292759, 21.99441 ], [ -102.292948, 21.993641 ], [ -102.293107, 21.993053 ], [ -102.293247, 21.992482 ], [ -102.293496, 21.99095 ], [ -102.293659, 21.989916 ], [ -102.293678, 21.989802 ] ] } },
{ "type": "Feature", "properties": { "route_id": "R_02", "route_short_name": "R02", "route_long_name": "R-02", "route_km": 15.666742436939543, "n_stops": 98, "straight_line_km": 7.6502747075863553, "connects_to_existing": true, "total_score": 0.19979595708715331, "pareto_rank": 2, "feasible": false, "flag": "Indirect", "detour_ratio": 2.048, "n_served_agebs": 35, "f1_demand_gain": 0.0039115950807672804, "f3_equity": 0.30576219592352893 }, "geometry": { "type": "LineString", "coordinates": [ [ -102.2282296, 21.862855860000039 ], [ -102.2276192, 21.86264934999997 ], [ -102.2274631, 21.86258853 ], [ -102.2273849, 21.86254865 ], [ -102.227315, 21.862500510000011 ], [ -102.2272567, 21.862523469999982 ], [ -102.2272104, 21.86259551 ], [ -102.2272138, 21.86267487 ], [ -102.2272538, 21.86269967 ], [ -102.2273194, 21.862693549999985 ], [ -102.2273705, 21.862672689999982 ], [ -102.2273805, 21.86267415 ], [ -102.2274827, 21.862692350000021 ], [ -102.227594, 21.86273711 ], [ -102.2286421, 21.86308686 ], [ -102.2287503, 21.863150079999986 ], [ -102.2288319, 21.86320939 ], [ -102.228843, 21.86322365 ], [ -102.2290191, 21.86328739 ], [ -102.2291188, 21.86333992 ], [ -102.229114600000017, 21.863424450000011 ], [ -102.2287, 21.86455 ], [ -102.22863, 21.86477 ], [ -102.22846, 21.86526 ], [ -102.2284549, 21.865396500000024 ], [ -102.2285034, 21.8654569 ], [ -102.2287881, 21.86557119 ], [ -102.228939, 21.86561091 ], [ -102.2293376, 21.865755929999985 ], [ -102.2298435, 21.865928469999957 ], [ -102.2301425, 21.86603254 ], [ -102.2303534, 21.866106340000027 ], [ -102.2305581, 21.866208909999983 ], [ -102.2306624, 21.86627309 ], [ -102.230796, 21.866345890000026 ], [ -102.2309122, 21.866422340000021 ], [ -102.23102, 21.86652 ], [ -102.23156, 21.86706 ], [ -102.23213, 21.8676 ], [ -102.23231, 21.86777 ], [ -102.23256, 21.86803 ], [ -102.23282, 21.86829 ], [ -102.23287, 21.86837 ], [ -102.2329399, 21.868469580000021 ], [ -102.2329732, 21.86854654 ], [ -102.2330051, 21.868644780000011 ], [ -102.2333748, 21.869949220000013 ], [ -102.2331237, 21.87006775 ], [ -102.2328945, 21.870159609999977 ], [ -102.2327346, 21.870219269999975 ], [ -102.2325498, 21.87026928 ], [ -102.2322892, 21.87033149 ], [ -102.2320626, 21.87035299 ], [ -102.2319906, 21.87035856 ], [ -102.2318779, 21.870357799999983 ], [ -102.2316694, 21.870346810000026 ], [ -102.2315401, 21.87034039000002 ], [ -102.2314173, 21.87033482999998 ], [ -102.231257700000015, 21.87033744 ], [ -102.2311814, 21.870334460000031 ], [ -102.2311178, 21.870335059999988 ], [ -102.2310209, 21.87034733 ], [ -102.2307376, 21.870392550000027 ], [ -102.2305741, 21.870442120000011 ], [ -102.2304527, 21.870468410000015 ], [ -102.2302789, 21.870526929999979 ], [ -102.2301394, 21.870591220000012 ], [ -102.2300506, 21.87063177000001 ], [ -102.2299172, 21.87070704 ], [ -102.2297838, 21.87078017 ], [ -102.2294305, 21.871007479999989 ], [ -102.22922, 21.87113 ], [ -102.2291, 21.87119 ], [ -102.22906, 21.87121 ], [ -102.22895, 21.87125 ], [ -102.22872, 21.87133 ], [ -102.22871, 21.87134 ], [ -102.2286, 21.87138 ], [ -102.22851, 21.87141 ], [ -102.22847, 21.87143 ], [ -102.22841, 21.87146 ], [ -102.22838, 21.87148 ], [ -102.22837, 21.8715 ], [ -102.22836, 21.87151 ], [ -102.22835, 21.87155 ], [ -102.22835, 21.87157 ], [ -102.22836, 21.87157 ], [ -102.22836, 21.87158 ], [ -102.22837, 21.87161 ], [ -102.22838, 21.87163 ], [ -102.228490900000011, 21.87178602000003 ], [ -102.2287511, 21.87211732 ], [ -102.228856600000015, 21.87225933 ], [ -102.2290205, 21.87248668 ], [ -102.2292463, 21.872814770000041 ], [ -102.2294021, 21.873040759999963 ], [ -102.22975, 21.87353 ], [ -102.229789, 21.87359046 ], [ -102.2299323, 21.873803150000015 ], [ -102.23007, 21.87399 ], [ -102.2304663, 21.874573789999975 ], [ -102.230743, 21.874419970000027 ], [ -102.23099, 21.87428 ], [ -102.23128, 21.87411 ], [ -102.2316998, 21.87387665 ], [ -102.2317835, 21.87383450999998 ], [ -102.2318588, 21.873813550000019 ], [ -102.231926, 21.87378602 ], [ -102.2320175, 21.87376441 ], [ -102.2321238, 21.873746959999981 ], [ -102.2323797, 21.873717209999988 ], [ -102.2326567, 21.873698669999982 ], [ -102.2328923, 21.873640230000021 ], [ -102.2331038, 21.87359994 ], [ -102.233319, 21.873546410000028 ], [ -102.2336434, 21.87344602 ], [ -102.2339334, 21.87332703 ], [ -102.2342142, 21.87318049 ], [ -102.2344046, 21.873064739999986 ], [ -102.234752, 21.872864469999985 ], [ -102.2349012, 21.873081710000012 ], [ -102.2350028, 21.873235409999953 ], [ -102.2351398, 21.87346563 ], [ -102.23518, 21.87358 ], [ -102.23523, 21.8737 ], [ -102.23529, 21.8739 ], [ -102.23538, 21.87423 ], [ -102.2356033, 21.87414224 ], [ -102.2358912, 21.87401821000001 ], [ -102.2360905, 21.873927340000034 ], [ -102.2362601, 21.87385538 ], [ -102.2363239, 21.873820500000015 ], [ -102.2364053, 21.873794259999979 ], [ -102.2364904, 21.87376088 ], [ -102.2365735, 21.87375787 ], [ -102.2368834, 21.87368412 ], [ -102.2372615, 21.87359623 ], [ -102.23765, 21.87349 ], [ -102.2377, 21.87348 ], [ -102.23779, 21.87346 ], [ -102.23799, 21.87341 ], [ -102.23809, 21.87338 ], [ -102.23801, 21.873 ], [ -102.2379, 21.87264 ], [ -102.2378, 21.87227 ], [ -102.2377, 21.87191 ], [ -102.2376, 21.87153 ], [ -102.23751, 21.87117 ], [ -102.23741, 21.8708 ], [ -102.2373, 21.87044 ], [ -102.23719, 21.87006 ], [ -102.23709, 21.8697 ], [ -102.23699, 21.86933 ], [ -102.23689, 21.86897 ], [ -102.23675, 21.86845 ], [ -102.2365, 21.8675 ], [ -102.23648, 21.86743 ], [ -102.23632, 21.86688 ], [ -102.2362, 21.86644 ], [ -102.23609, 21.866 ], [ -102.236, 21.86573 ], [ -102.23597, 21.86566 ], [ -102.23594, 21.86559 ], [ -102.2359, 21.86553 ], [ -102.23587, 21.86546 ], [ -102.23585, 21.86541 ], [ -102.23583, 21.86537 ], [ -102.23582, 21.86534 ], [ -102.23582, 21.86526 ], [ -102.23583, 21.86517 ], [ -102.23588, 21.86501 ], [ -102.23613, 21.8651 ], [ -102.23616, 21.86511 ], [ -102.23629, 21.8651 ], [ -102.23635, 21.8651 ], [ -102.23643, 21.86511 ], [ -102.23657, 21.86516 ], [ -102.23662, 21.86517 ], [ -102.23666, 21.86518 ], [ -102.2367, 21.8652 ], [ -102.23673, 21.8652 ], [ -102.23675, 21.86519 ], [ -102.2368, 21.86517 ], [ -102.23733, 21.86535 ], [ -102.23777, 21.8655 ], [ -102.23839, 21.86572 ], [ -102.23939, 21.86606 ], [ -102.23976, 21.86618 ], [ -102.24091, 21.86658 ], [ -102.24131, 21.86672 ], [ -102.24166, 21.86685 ], [ -102.24324, 21.86736 ], [ -102.24355, 21.86748 ], [ -102.24396, 21.86764 ], [ -102.24433, 21.86776 ], [ -102.24443, 21.86779 ], [ -102.24455, 21.86783 ], [ -102.24459, 21.8677 ], [ -102.24463, 21.8676 ], [ -102.24471, 21.86739 ], [ -102.24485, 21.86702 ], [ -102.24495, 21.86682 ], [ -102.24507, 21.86665 ], [ -102.24515, 21.86654 ], [ -102.24529, 21.8664 ], [ -102.2454, 21.86633 ], [ -102.24544, 21.8663 ], [ -102.24557, 21.86622 ], [ -102.24588, 21.86605 ], [ -102.24613, 21.86588 ], [ -102.24624, 21.8658 ], [ -102.24634, 21.86571 ], [ -102.24644, 21.86562 ], [ -102.24657, 21.86551 ], [ -102.24658, 21.86549 ], [ -102.24668, 21.86538 ], [ -102.24671, 21.86535 ], [ -102.24682, 21.8652 ], [ -102.24685, 21.86516 ], [ -102.24692, 21.86505 ], [ -102.24702, 21.8649 ], [ -102.24713, 21.86475 ], [ -102.24738, 21.86428 ], [ -102.24747, 21.8641 ], [ -102.24756, 21.86391 ], [ -102.24777, 21.86351 ], [ -102.24802, 21.86306 ], [ -102.24811, 21.8629 ], [ -102.24822, 21.8627 ], [ -102.24827, 21.8626 ], [ -102.24858, 21.86202 ], [ -102.24887, 21.86148 ], [ -102.24897, 21.86132 ], [ -102.24926, 21.86073 ], [ -102.24954, 21.86019 ], [ -102.24982, 21.8597 ], [ -102.25009, 21.8592 ], [ -102.25017, 21.85904 ], [ -102.25022, 21.85896 ], [ -102.25049, 21.85841 ], [ -102.25058, 21.85827 ], [ -102.25083, 21.85795 ], [ -102.25095, 21.85779 ], [ -102.25105, 21.85768 ], [ -102.25127, 21.85743 ], [ -102.25155, 21.85718 ], [ -102.25188, 21.85685 ], [ -102.25205, 21.85673 ], [ -102.25227, 21.85657 ], [ -102.25247, 21.85645 ], [ -102.25253, 21.85642 ], [ -102.25274, 21.8563 ], [ -102.25298, 21.85621 ], [ -102.25319, 21.85615 ], [ -102.25436, 21.85586 ], [ -102.25517, 21.85565 ], [ -102.2554, 21.8556 ], [ -102.25616, 21.8554 ], [ -102.25691, 21.85521 ], [ -102.25702, 21.85518 ], [ -102.25808, 21.85494 ], [ -102.25867, 21.85481 ], [ -102.25894, 21.85474 ], [ -102.25969, 21.85456 ], [ -102.26036, 21.8544 ], [ -102.26201, 21.854 ], [ -102.26276, 21.85379 ], [ -102.263, 21.85373 ], [ -102.26366, 21.85356 ], [ -102.26464, 21.85334 ], [ -102.26532, 21.85318 ], [ -102.26599, 21.85301 ], [ -102.26687, 21.85278 ], [ -102.26792, 21.85251 ], [ -102.26927, 21.85217 ], [ -102.26927, 21.85228 ], [ -102.26929, 21.85274 ], [ -102.26929, 21.85318 ], [ -102.2693, 21.85362 ], [ -102.2693, 21.85405 ], [ -102.26931, 21.85448 ], [ -102.26932, 21.85493 ], [ -102.26933, 21.85536 ], [ -102.26933, 21.8558 ], [ -102.26933, 21.85623 ], [ -102.26933, 21.85667 ], [ -102.26932, 21.85677 ], [ -102.26935, 21.85711 ], [ -102.26935, 21.85727 ], [ -102.26936, 21.85763 ], [ -102.26936, 21.85803 ], [ -102.26937, 21.85838 ], [ -102.26937, 21.85875 ], [ -102.26938, 21.85912 ], [ -102.26938, 21.85937 ], [ -102.26938, 21.85965 ], [ -102.26937, 21.85979 ], [ -102.26938, 21.8601 ], [ -102.26938, 21.86016 ], [ -102.26951, 21.86016 ], [ -102.26971, 21.86016 ], [ -102.26999, 21.86017 ], [ -102.27007, 21.86016 ], [ -102.27068, 21.86017 ], [ -102.27118, 21.86018 ], [ -102.27147, 21.86018 ], [ -102.27185, 21.86018 ], [ -102.27225, 21.86018 ], [ -102.27236, 21.86018 ], [ -102.2725, 21.86005 ], [ -102.27377, 21.86009 ], [ -102.27469, 21.86008 ], [ -102.2752, 21.86007 ], [ -102.27542, 21.86006 ], [ -102.27563, 21.86006 ], [ -102.27576, 21.86006 ], [ -102.27621, 21.86007 ], [ -102.27718, 21.8601 ], [ -102.27743, 21.86011 ], [ -102.27762, 21.86012 ], [ -102.27776, 21.86012 ], [ -102.27786, 21.86012 ], [ -102.27796, 21.86012 ], [ -102.27812, 21.86013 ], [ -102.27825, 21.86013 ], [ -102.27837, 21.86013 ], [ -102.27849, 21.86013 ], [ -102.27861, 21.86013 ], [ -102.27889, 21.86013 ], [ -102.27963, 21.86014 ], [ -102.27973, 21.86015 ], [ -102.2805, 21.86017 ], [ -102.28059, 21.86017 ], [ -102.28108, 21.86018 ], [ -102.28157, 21.86018 ], [ -102.28206, 21.86018 ], [ -102.28233, 21.86018 ], [ -102.28256, 21.86019 ], [ -102.2827, 21.86019 ], [ -102.28267, 21.8615 ], [ -102.28266, 21.86173 ], [ -102.28264, 21.86253 ], [ -102.28239, 21.8647 ], [ -102.28233, 21.86513 ], [ -102.2823, 21.86545 ], [ -102.28227, 21.86565 ], [ -102.28223, 21.86579 ], [ -102.28217, 21.86594 ], [ -102.28209, 21.86615 ], [ -102.28194, 21.86647 ], [ -102.28185, 21.86663 ], [ -102.28178, 21.86681 ], [ -102.28177, 21.86685 ], [ -102.28177, 21.86688 ], [ -102.28176, 21.86693 ], [ -102.28176, 21.86697 ], [ -102.28176, 21.86703 ], [ -102.28176, 21.86708 ], [ -102.28177, 21.86714 ], [ -102.28181, 21.86787 ], [ -102.28185, 21.86861 ], [ -102.28185, 21.86868 ], [ -102.28184, 21.86935 ], [ -102.28182, 21.86976 ], [ -102.28178, 21.87048 ], [ -102.28177, 21.87057 ], [ -102.28176, 21.87076 ], [ -102.28175, 21.87085 ], [ -102.28174, 21.87107 ], [ -102.28173, 21.87121 ], [ -102.28164, 21.8726 ], [ -102.28163, 21.8727 ], [ -102.28157, 21.87348 ], [ -102.28156, 21.87359 ], [ -102.28154, 21.87418 ], [ -102.28151, 21.87465 ], [ -102.28149, 21.87491 ], [ -102.28147, 21.87512 ], [ -102.28146, 21.87543 ], [ -102.28144, 21.87582 ], [ -102.28141, 21.87626 ], [ -102.28139, 21.87664 ], [ -102.28138, 21.87673 ], [ -102.28136, 21.8771 ], [ -102.28135, 21.87719 ], [ -102.28129, 21.87811 ], [ -102.28126, 21.87844 ], [ -102.28124, 21.87846 ], [ -102.28122, 21.87847 ], [ -102.28121, 21.87847 ], [ -102.2812, 21.87848 ], [ -102.28119, 21.87849 ], [ -102.28118, 21.8785 ], [ -102.28117, 21.87852 ], [ -102.28116, 21.87853 ], [ -102.28115, 21.87854 ], [ -102.28115, 21.87855 ], [ -102.28114, 21.87857 ], [ -102.28113, 21.87859 ], [ -102.28113, 21.8786 ], [ -102.28113, 21.87862 ], [ -102.28113, 21.87863 ], [ -102.28113, 21.87864 ], [ -102.28114, 21.87866 ], [ -102.28114, 21.87867 ], [ -102.28115, 21.87869 ], [ -102.28115, 21.8787 ], [ -102.28116, 21.87872 ], [ -102.28117, 21.87873 ], [ -102.28118, 21.87874 ], [ -102.28119, 21.87875 ], [ -102.2812, 21.87876 ], [ -102.28122, 21.87877 ], [ -102.28123, 21.87877 ], [ -102.28124, 21.87878 ], [ -102.28126, 21.87879 ], [ -102.28127, 21.87879 ], [ -102.28129, 21.8788 ], [ -102.2813, 21.8788 ], [ -102.28132, 21.8788 ], [ -102.28133, 21.8788 ], [ -102.28135, 21.8788 ], [ -102.28136, 21.8788 ], [ -102.28138, 21.87879 ], [ -102.2814, 21.87878 ], [ -102.28148, 21.87893 ], [ -102.28149, 21.87894 ], [ -102.2815, 21.87896 ], [ -102.28162, 21.8794 ], [ -102.28176, 21.87993 ], [ -102.28187, 21.88034 ], [ -102.2821, 21.88121 ], [ -102.28212, 21.8813 ], [ -102.28224, 21.88256 ], [ -102.28226, 21.88267 ], [ -102.28235, 21.88293 ], [ -102.28243, 21.88322 ], [ -102.28245, 21.8833 ], [ -102.28246, 21.88336 ], [ -102.28248, 21.88346 ], [ -102.28262, 21.88436 ], [ -102.28274, 21.88483 ], [ -102.28283, 21.88481 ], [ -102.28296, 21.88478 ], [ -102.28359, 21.88459 ], [ -102.28421, 21.88442 ], [ -102.28486, 21.88423 ], [ -102.28539, 21.88408 ], [ -102.28569, 21.88399 ], [ -102.28632, 21.8838 ], [ -102.2871, 21.88358 ], [ -102.28768, 21.88343 ], [ -102.2886, 21.88315 ], [ -102.28947, 21.88289 ], [ -102.29027, 21.88265 ], [ -102.29035, 21.88283 ], [ -102.29046, 21.88302 ], [ -102.29053, 21.88318 ], [ -102.29064, 21.8834 ], [ -102.29079, 21.88359 ], [ -102.29119, 21.88444 ], [ -102.29148, 21.88499 ], [ -102.29149, 21.88501 ], [ -102.29149, 21.88506 ], [ -102.29149, 21.88526 ], [ -102.29148, 21.88537 ], [ -102.29149, 21.88541 ], [ -102.29177, 21.88591 ], [ -102.29189, 21.88612 ], [ -102.29196, 21.88624 ], [ -102.29226, 21.88673 ], [ -102.29242, 21.88699 ], [ -102.2924698, 21.887096300000017 ], [ -102.2925601, 21.886984489999989 ], [ -102.2931172, 21.886607039999987 ], [ -102.2938757, 21.88601192000003 ], [ -102.2946151, 21.88543281 ], [ -102.2950424, 21.885222059999982 ], [ -102.2957576, 21.88483757 ], [ -102.2961792, 21.88464879 ], [ -102.2965029, 21.88454388 ], [ -102.2966386, 21.88494209 ], [ -102.2968422, 21.88581537 ], [ -102.2969498, 21.88639982 ], [ -102.2970169, 21.886558400000013 ], [ -102.2969942, 21.886641190000024 ], [ -102.2969001, 21.8868995 ], [ -102.2966563, 21.887287850000028 ] ] } },
{ "type": "Feature", "properties": { "route_id": "R_03", "route_short_name": "R03", "route_long_name": "R-03", "route_km": 32.828551797842124, "n_stops": 140, "straight_line_km": 18.936912459730106, "connects_to_existing": true, "total_score": 0.073581004559567204, "pareto_rank": 5, "feasible": false, "flag": "Indirect", "detour_ratio": 1.734, "n_served_agebs": 33, "f1_demand_gain": 0.014029167299066378, "f3_equity": 0.2382073490420033 }, "geometry": { "type": "LineString", "coordinates": [ [ -102.2487, 21.9535 ], [ -102.24869, 21.9535 ], [ -102.24868, 21.95349 ], [ -102.24867, 21.95348 ], [ -102.24866, 21.95348 ], [ -102.24865, 21.95347 ], [ -102.24864, 21.95347 ], [ -102.24863, 21.95346 ], [ -102.24862, 21.95346 ], [ -102.24861, 21.95346 ], [ -102.2486, 21.95346 ], [ -102.24859, 21.95346 ], [ -102.24858, 21.95346 ], [ -102.24857, 21.95346 ], [ -102.24856, 21.95346 ], [ -102.24854, 21.95347 ], [ -102.24853, 21.95347 ], [ -102.24852, 21.95347 ], [ -102.24852, 21.95348 ], [ -102.24851, 21.95348 ], [ -102.2485, 21.95349 ], [ -102.24849, 21.95349 ], [ -102.24849, 21.9535 ], [ -102.24848, 21.9535 ], [ -102.24847, 21.95351 ], [ -102.24847, 21.95352 ], [ -102.24846, 21.95353 ], [ -102.24846, 21.95354 ], [ -102.24845, 21.95355 ], [ -102.24845, 21.95356 ], [ -102.24845, 21.95357 ], [ -102.24845, 21.95358 ], [ -102.24845, 21.95359 ], [ -102.24845, 21.9536 ], [ -102.24845, 21.95361 ], [ -102.24845, 21.95362 ], [ -102.24845, 21.95363 ], [ -102.247, 21.95444 ], [ -102.24591, 21.95503 ], [ -102.24593, 21.95511 ], [ -102.24605, 21.95547 ], [ -102.24618, 21.95583 ], [ -102.24631, 21.9562 ], [ -102.24645, 21.95659 ], [ -102.24657, 21.95695 ], [ -102.24669, 21.9573 ], [ -102.24652, 21.95738 ], [ -102.24651, 21.95737 ], [ -102.2465, 21.95737 ], [ -102.24648, 21.95737 ], [ -102.24647, 21.95737 ], [ -102.24646, 21.95737 ], [ -102.24645, 21.95737 ], [ -102.24644, 21.95737 ], [ -102.24643, 21.95737 ], [ -102.24641, 21.95738 ], [ -102.2464, 21.95738 ], [ -102.24639, 21.95738 ], [ -102.24638, 21.95739 ], [ -102.24637, 21.95739 ], [ -102.24636, 21.9574 ], [ -102.24635, 21.95741 ], [ -102.24634, 21.95741 ], [ -102.24634, 21.95742 ], [ -102.24633, 21.95743 ], [ -102.24632, 21.95744 ], [ -102.24632, 21.95745 ], [ -102.24631, 21.95746 ], [ -102.24631, 21.95747 ], [ -102.24631, 21.95748 ], [ -102.2463, 21.95749 ], [ -102.2463, 21.9575 ], [ -102.2463, 21.95751 ], [ -102.2463, 21.95752 ], [ -102.2463, 21.95753 ], [ -102.2463, 21.95754 ], [ -102.24631, 21.95755 ], [ -102.24631, 21.95756 ], [ -102.24631, 21.95757 ], [ -102.24632, 21.95758 ], [ -102.24632, 21.95759 ], [ -102.24633, 21.9576 ], [ -102.24634, 21.95761 ], [ -102.24634, 21.95762 ], [ -102.24635, 21.95763 ], [ -102.24636, 21.95764 ], [ -102.24637, 21.95764 ], [ -102.24638, 21.95765 ], [ -102.24639, 21.95766 ], [ -102.24643, 21.95796 ], [ -102.24647, 21.95814 ], [ -102.24647, 21.95815 ], [ -102.24652, 21.9583 ], [ -102.24657, 21.95842 ], [ -102.2466, 21.95847 ], [ -102.24665, 21.95856 ], [ -102.24673, 21.95868 ], [ -102.24678, 21.95875 ], [ -102.24679, 21.95877 ], [ -102.24688, 21.95887 ], [ -102.24702, 21.95896 ], [ -102.24706, 21.95899 ], [ -102.24711, 21.95902 ], [ -102.24721, 21.95908 ], [ -102.24732, 21.95912 ], [ -102.24744, 21.95916 ], [ -102.24757, 21.95922 ], [ -102.24787, 21.95935 ], [ -102.24797, 21.9594 ], [ -102.24809, 21.95948 ], [ -102.24821, 21.95956 ], [ -102.24822, 21.95957 ], [ -102.24837, 21.9597 ], [ -102.24846, 21.95979 ], [ -102.248634, 21.959964 ], [ -102.248871, 21.959828 ], [ -102.249633, 21.959411 ], [ -102.249972, 21.959224 ], [ -102.250485, 21.958943 ], [ -102.250293, 21.958727 ], [ -102.250231, 21.958652 ], [ -102.250369, 21.958569 ], [ -102.250728, 21.958385 ], [ -102.250882, 21.958301 ], [ -102.25104, 21.958201 ], [ -102.25154, 21.957938 ], [ -102.251604, 21.957996 ], [ -102.251719, 21.958129 ], [ -102.25191, 21.958345 ], [ -102.252053, 21.958458 ], [ -102.252266, 21.958577 ], [ -102.252556, 21.958773 ], [ -102.252735, 21.958898 ], [ -102.252943, 21.959045 ], [ -102.253115, 21.959254 ], [ -102.253266, 21.959543 ], [ -102.253347, 21.959761 ], [ -102.253486, 21.960184 ], [ -102.253518, 21.960296 ], [ -102.253493, 21.96036 ], [ -102.253054, 21.960507 ], [ -102.252733, 21.96061 ], [ -102.25206, 21.96082 ], [ -102.251262, 21.961072 ], [ -102.250695, 21.961239 ], [ -102.250535, 21.961293 ], [ -102.250455, 21.961269 ], [ -102.250375, 21.961292 ], [ -102.250328, 21.96135 ], [ -102.250321, 21.961427 ], [ -102.250364, 21.96151 ], [ -102.25044, 21.961528 ], [ -102.250516, 21.96151 ], [ -102.250566, 21.961459 ], [ -102.25061, 21.961425 ], [ -102.250956, 21.961312 ], [ -102.251658, 21.961092 ], [ -102.252812, 21.960727 ], [ -102.253397, 21.960538 ], [ -102.253531, 21.960502 ], [ -102.253599, 21.960532 ], [ -102.25368, 21.96052 ], [ -102.253721, 21.960501 ], [ -102.253763, 21.960435 ], [ -102.253764, 21.960372 ], [ -102.25371, 21.960292 ], [ -102.253666, 21.960265 ], [ -102.253638, 21.960201 ], [ -102.253442, 21.959668 ], [ -102.253383, 21.959512 ], [ -102.253323, 21.959342 ], [ -102.253232, 21.959169 ], [ -102.253059, 21.958988 ], [ -102.252608, 21.958655 ], [ -102.252124, 21.958307 ], [ -102.251926, 21.958157 ], [ -102.251644, 21.957862 ], [ -102.25139, 21.95754 ], [ -102.2512, 21.95739 ], [ -102.25107, 21.95729 ], [ -102.25082, 21.9572 ], [ -102.25066, 21.95716 ], [ -102.25054, 21.95715 ], [ -102.2505, 21.95714 ], [ -102.25031, 21.95714 ], [ -102.25017, 21.95714 ], [ -102.25004, 21.95711 ], [ -102.24993, 21.95708 ], [ -102.24988, 21.95706 ], [ -102.24978, 21.95702 ], [ -102.24965, 21.95695 ], [ -102.24951, 21.95685 ], [ -102.2495, 21.95684 ], [ -102.24942, 21.95677 ], [ -102.24937, 21.95671 ], [ -102.24933, 21.95667 ], [ -102.24927, 21.95657 ], [ -102.24925, 21.95654 ], [ -102.24922, 21.95649 ], [ -102.24913, 21.95626 ], [ -102.24914, 21.95625 ], [ -102.24915, 21.95624 ], [ -102.24916, 21.95623 ], [ -102.24916, 21.95622 ], [ -102.24917, 21.95622 ], [ -102.24917, 21.95621 ], [ -102.24918, 21.9562 ], [ -102.24918, 21.95619 ], [ -102.24919, 21.95618 ], [ -102.24919, 21.95617 ], [ -102.24919, 21.95616 ], [ -102.24919, 21.95615 ], [ -102.24919, 21.95614 ], [ -102.24919, 21.95613 ], [ -102.24919, 21.95612 ], [ -102.25011, 21.95563 ], [ -102.25128, 21.95495 ], [ -102.25129, 21.95495 ], [ -102.2513, 21.95496 ], [ -102.25131, 21.95496 ], [ -102.25131, 21.95497 ], [ -102.25132, 21.95497 ], [ -102.25133, 21.95497 ], [ -102.25134, 21.95497 ], [ -102.25144, 21.95512 ], [ -102.25154, 21.95525 ], [ -102.25164, 21.95535 ], [ -102.25178, 21.95544 ], [ -102.2519, 21.95551 ], [ -102.25192, 21.95552 ], [ -102.25208, 21.95558 ], [ -102.25227, 21.95563 ], [ -102.25241, 21.95564 ], [ -102.25247, 21.95564 ], [ -102.25268, 21.95564 ], [ -102.25288, 21.95563 ], [ -102.25307, 21.95564 ], [ -102.25318, 21.95566 ], [ -102.25326, 21.95567 ], [ -102.25331, 21.95569 ], [ -102.25341, 21.95573 ], [ -102.25357, 21.9558 ], [ -102.25366, 21.95585 ], [ -102.25373, 21.95588 ], [ -102.25375, 21.95589 ], [ -102.25391, 21.956 ], [ -102.25401, 21.95611 ], [ -102.25401, 21.95612 ], [ -102.25411, 21.95625 ], [ -102.25412, 21.95626 ], [ -102.2542, 21.95641 ], [ -102.25421, 21.95642 ], [ -102.25432, 21.95657 ], [ -102.25446, 21.95669 ], [ -102.25447, 21.9567 ], [ -102.2545, 21.95672 ], [ -102.25467, 21.95684 ], [ -102.25489, 21.95699 ], [ -102.25491, 21.957 ], [ -102.25503, 21.9571 ], [ -102.25512, 21.95716 ], [ -102.25527, 21.95728 ], [ -102.2554, 21.9574 ], [ -102.25552, 21.95752 ], [ -102.25561, 21.95763 ], [ -102.25571, 21.95778 ], [ -102.25571, 21.95779 ], [ -102.25578, 21.95792 ], [ -102.25583, 21.95801 ], [ -102.2559, 21.95818 ], [ -102.25593, 21.95823 ], [ -102.25598, 21.95832 ], [ -102.25603, 21.95839 ], [ -102.25605, 21.95842 ], [ -102.25611, 21.95852 ], [ -102.25614, 21.95854 ], [ -102.25621, 21.95861 ], [ -102.25631, 21.9587 ], [ -102.25642, 21.95878 ], [ -102.25647, 21.95883 ], [ -102.25656, 21.95888 ], [ -102.25661, 21.95891 ], [ -102.25668, 21.95894 ], [ -102.25677, 21.95896 ], [ -102.25681, 21.95897 ], [ -102.25699, 21.95899 ], [ -102.25715, 21.95902 ], [ -102.25728, 21.95905 ], [ -102.2573, 21.95905 ], [ -102.25732, 21.95906 ], [ -102.25736, 21.95908 ], [ -102.2574, 21.95909 ], [ -102.25744, 21.95913 ], [ -102.2575, 21.95917 ], [ -102.25751, 21.95919 ], [ -102.257573, 21.959236 ], [ -102.257647, 21.959275 ], [ -102.257738, 21.959276 ], [ -102.257823, 21.959256 ], [ -102.25795, 21.95917 ], [ -102.25819, 21.95894 ], [ -102.25832, 21.95883 ], [ -102.25844, 21.95874 ], [ -102.2587, 21.95858 ], [ -102.2588, 21.95853 ], [ -102.25881, 21.95852 ], [ -102.25883, 21.95851 ], [ -102.25888, 21.95846 ], [ -102.25963, 21.9582 ], [ -102.260457, 21.957981 ], [ -102.260671, 21.957918 ], [ -102.261343, 21.957776 ], [ -102.26198, 21.95767 ], [ -102.262343, 21.957608 ], [ -102.262544, 21.957576 ], [ -102.262683, 21.957575 ], [ -102.262796, 21.95758 ], [ -102.262851, 21.957584 ], [ -102.26302, 21.957588 ], [ -102.263278, 21.95763 ], [ -102.263393, 21.957654 ], [ -102.26352, 21.957678 ], [ -102.263619, 21.957705 ], [ -102.263864, 21.957776 ], [ -102.264052, 21.957858 ], [ -102.264167, 21.957922 ], [ -102.264265, 21.957976 ], [ -102.264539, 21.958148 ], [ -102.264999, 21.958454 ], [ -102.265308, 21.958659 ], [ -102.265468, 21.958783 ], [ -102.265602, 21.958865 ], [ -102.266032, 21.959011 ], [ -102.2664, 21.959108 ], [ -102.266565, 21.959171 ], [ -102.26715, 21.95937 ], [ -102.26716, 21.95937 ], [ -102.26726, 21.95941 ], [ -102.268, 21.95967 ], [ -102.26862, 21.95988 ], [ -102.26937, 21.96012 ], [ -102.2701, 21.96036 ], [ -102.27018, 21.96038 ], [ -102.270257, 21.960407 ], [ -102.27078, 21.960598 ], [ -102.27095, 21.96063 ], [ -102.27119, 21.96006 ], [ -102.271324, 21.959777 ], [ -102.27147, 21.959757 ], [ -102.27153, 21.95977 ], [ -102.27171, 21.959803 ], [ -102.272575, 21.959955 ], [ -102.273498, 21.960106 ], [ -102.27446, 21.96024 ], [ -102.27496, 21.96032 ], [ -102.27528, 21.96037 ], [ -102.27555, 21.9604 ], [ -102.27589, 21.96041 ], [ -102.276, 21.96042 ], [ -102.27601, 21.96034 ], [ -102.27608, 21.95994 ], [ -102.27615, 21.95956 ], [ -102.27623, 21.95916 ], [ -102.27631, 21.95876 ], [ -102.27639, 21.95838 ], [ -102.27646, 21.95798 ], [ -102.2765, 21.95782 ], [ -102.27655, 21.95759 ], [ -102.276647, 21.957225 ], [ -102.276709, 21.956856 ], [ -102.276778, 21.956472 ], [ -102.276868, 21.956093 ], [ -102.276917, 21.955849 ], [ -102.276853, 21.955789 ], [ -102.27573, 21.955664 ], [ -102.274461, 21.955524 ], [ -102.274386, 21.955548 ], [ -102.274349, 21.955697 ], [ -102.274137, 21.9568 ], [ -102.27405, 21.957175 ], [ -102.273976, 21.957556 ], [ -102.273902, 21.957935 ], [ -102.27383, 21.958323 ], [ -102.273748, 21.958727 ], [ -102.273664, 21.959132 ], [ -102.273592, 21.959518 ], [ -102.273542, 21.959867 ], [ -102.27351, 21.959904 ], [ -102.273453, 21.95989 ], [ -102.271693, 21.9596 ], [ -102.271444, 21.959532 ], [ -102.27143, 21.95945 ], [ -102.27153, 21.95916 ], [ -102.27167, 21.95878 ], [ -102.27172, 21.95863 ], [ -102.27182, 21.9584 ], [ -102.27195, 21.95802 ], [ -102.27202, 21.9578 ], [ -102.27221, 21.95722 ], [ -102.27223, 21.95717 ], [ -102.27234, 21.95691 ], [ -102.27272, 21.95611 ], [ -102.27311, 21.95526 ], [ -102.27369, 21.95405 ], [ -102.27375, 21.95392 ], [ -102.27405, 21.9533 ], [ -102.27461, 21.95212 ], [ -102.27498, 21.9513 ], [ -102.27513, 21.95095 ], [ -102.2752, 21.95074 ], [ -102.27534, 21.95019 ], [ -102.27554, 21.94931 ], [ -102.27566, 21.94879 ], [ -102.27569, 21.94864 ], [ -102.27599, 21.9473 ], [ -102.27631, 21.94591 ], [ -102.27637, 21.94567 ], [ -102.27651, 21.94534 ], [ -102.27659, 21.94521 ], [ -102.27672, 21.94498 ], [ -102.27673, 21.94498 ], [ -102.2769, 21.94468 ], [ -102.27706, 21.94444 ], [ -102.27731, 21.94408 ], [ -102.27755, 21.94373 ], [ -102.27771, 21.94348 ], [ -102.27852, 21.94211 ], [ -102.27862, 21.94193 ], [ -102.27877, 21.94166 ], [ -102.27882, 21.94161 ], [ -102.27892, 21.94147 ], [ -102.27909, 21.94118 ], [ -102.27967, 21.94021 ], [ -102.28003, 21.9396 ], [ -102.2802, 21.93936 ], [ -102.28055, 21.93879 ], [ -102.28073, 21.93846 ], [ -102.28114, 21.93773 ], [ -102.28127, 21.93732 ], [ -102.28136, 21.93695 ], [ -102.28137, 21.93689 ], [ -102.28139, 21.9368 ], [ -102.28151, 21.93615 ], [ -102.28159, 21.93572 ], [ -102.28164, 21.93549 ], [ -102.2817, 21.93532 ], [ -102.28184, 21.93495 ], [ -102.28202, 21.93452 ], [ -102.28231, 21.93384 ], [ -102.28247, 21.93351 ], [ -102.28273, 21.93287 ], [ -102.28285, 21.93255 ], [ -102.28295, 21.93227 ], [ -102.28298, 21.93211 ], [ -102.283, 21.93202 ], [ -102.28304, 21.93187 ], [ -102.28311, 21.9315 ], [ -102.28318, 21.9312 ], [ -102.28325, 21.93088 ], [ -102.2833, 21.93067 ], [ -102.28351, 21.9297 ], [ -102.2836, 21.92932 ], [ -102.28362, 21.9292 ], [ -102.28364, 21.92912 ], [ -102.28368, 21.92895 ], [ -102.28373, 21.92872 ], [ -102.28387, 21.92818 ], [ -102.28398, 21.92766 ], [ -102.28405, 21.92731 ], [ -102.28413, 21.92701 ], [ -102.28442, 21.9258 ], [ -102.2845, 21.92553 ], [ -102.28457, 21.92525 ], [ -102.28477, 21.9244 ], [ -102.28484, 21.92408 ], [ -102.28495, 21.92352 ], [ -102.28504, 21.92313 ], [ -102.2851, 21.92286 ], [ -102.28524, 21.9223 ], [ -102.28529, 21.92208 ], [ -102.28533, 21.92194 ], [ -102.28537, 21.92177 ], [ -102.28547, 21.9213 ], [ -102.28556, 21.92079 ], [ -102.2857, 21.92004 ], [ -102.28578, 21.91965 ], [ -102.28582, 21.91939 ], [ -102.28586, 21.91913 ], [ -102.28602, 21.91833 ], [ -102.28614, 21.91772 ], [ -102.2862, 21.91745 ], [ -102.28627, 21.91707 ], [ -102.28653, 21.91572 ], [ -102.2866, 21.91537 ], [ -102.2868, 21.91538 ], [ -102.2869, 21.91539 ], [ -102.28709, 21.9154 ], [ -102.2872, 21.9154 ], [ -102.2874, 21.91541 ], [ -102.28776, 21.91542 ], [ -102.28815, 21.91543 ], [ -102.2882, 21.91543 ], [ -102.28882, 21.91547 ], [ -102.29001, 21.91553 ], [ -102.29023, 21.91553 ], [ -102.29034, 21.91553 ], [ -102.29047, 21.91553 ], [ -102.29061, 21.9155 ], [ -102.29093, 21.91552 ], [ -102.29098, 21.91552 ], [ -102.29134, 21.91554 ], [ -102.2918, 21.91555 ], [ -102.2919, 21.91555 ], [ -102.29193, 21.91555 ], [ -102.29202, 21.91556 ], [ -102.29213, 21.91556 ], [ -102.29214, 21.91549 ], [ -102.29214, 21.91542 ], [ -102.29215, 21.91536 ], [ -102.29216, 21.91516 ], [ -102.29217, 21.91501 ], [ -102.29218, 21.91486 ], [ -102.29218, 21.9142 ], [ -102.29221, 21.9132 ], [ -102.29222, 21.91263 ], [ -102.29222, 21.91258 ], [ -102.29221, 21.91257 ], [ -102.29221, 21.91256 ], [ -102.29217, 21.91252 ], [ -102.29221, 21.91183 ], [ -102.29223, 21.91153 ], [ -102.29223, 21.9115 ], [ -102.29226, 21.91102 ], [ -102.29229, 21.91032 ], [ -102.29234, 21.90929 ], [ -102.29236, 21.90892 ], [ -102.29241, 21.90798 ], [ -102.29242, 21.90762 ], [ -102.29226, 21.90762 ], [ -102.29138, 21.9076 ], [ -102.29093, 21.9076 ], [ -102.29081, 21.90761 ], [ -102.29037, 21.90761 ], [ -102.29018, 21.90703 ], [ -102.28996, 21.90637 ], [ -102.28983, 21.906 ], [ -102.28967, 21.90551 ], [ -102.28944, 21.90479 ], [ -102.28923, 21.90417 ], [ -102.28896, 21.90332 ], [ -102.28878, 21.90278 ], [ -102.28877, 21.90277 ], [ -102.28864, 21.90236 ], [ -102.28858, 21.90216 ], [ -102.28848, 21.90184 ], [ -102.28956, 21.90155 ], [ -102.29092, 21.90117 ], [ -102.29148, 21.90102 ], [ -102.29186, 21.9009 ], [ -102.29197, 21.90087 ], [ -102.29207, 21.90084 ], [ -102.29226, 21.90079 ], [ -102.29254, 21.90072 ], [ -102.29273, 21.90067 ], [ -102.29271, 21.90048 ], [ -102.29267, 21.90016 ], [ -102.29267, 21.90006 ], [ -102.29264, 21.89951 ], [ -102.29266, 21.89891 ], [ -102.29268, 21.89857 ], [ -102.29269, 21.8983 ], [ -102.29271, 21.89773 ], [ -102.29272, 21.89749 ], [ -102.29273, 21.8972 ], [ -102.29275, 21.89677 ], [ -102.29267, 21.8967 ], [ -102.29265, 21.89668 ], [ -102.292604, 21.896518 ], [ -102.292496, 21.896195 ], [ -102.2914, 21.89653 ], [ -102.2911, 21.89555 ], [ -102.2909, 21.89498 ], [ -102.29075, 21.89453 ], [ -102.29042, 21.89354 ], [ -102.29027, 21.89308 ], [ -102.29026, 21.89306 ], [ -102.29009, 21.89254 ], [ -102.28992, 21.89204 ], [ -102.28977, 21.89154 ], [ -102.28959, 21.89103 ], [ -102.28944, 21.89055 ], [ -102.28915, 21.88971 ], [ -102.28914, 21.88968 ], [ -102.28932, 21.88956 ], [ -102.28947, 21.88945 ], [ -102.2896, 21.88935 ], [ -102.28969, 21.88926 ], [ -102.29007, 21.88895 ], [ -102.29073, 21.88843 ], [ -102.29133, 21.88798 ], [ -102.2918, 21.88762 ], [ -102.29234, 21.8872 ], [ -102.29249, 21.88709 ], [ -102.29266, 21.88696 ], [ -102.29407, 21.88587 ], [ -102.29426, 21.88572 ], [ -102.29434, 21.88565 ], [ -102.29441, 21.88558 ], [ -102.29457, 21.88547 ], [ -102.29466, 21.88541 ], [ -102.29506, 21.88518 ], [ -102.29551, 21.88495 ], [ -102.29569, 21.88485 ], [ -102.29531, 21.88407 ], [ -102.29531, 21.88373 ], [ -102.29509, 21.88303 ], [ -102.29507, 21.88299 ], [ -102.29484, 21.88225 ], [ -102.29456, 21.88148 ], [ -102.2944, 21.88086 ], [ -102.2944, 21.88083 ], [ -102.29438, 21.88078 ], [ -102.29417, 21.88018 ], [ -102.29397, 21.8795 ], [ -102.29384, 21.87916 ], [ -102.29381, 21.87909 ], [ -102.29378, 21.87901 ], [ -102.29371, 21.87888 ], [ -102.29369, 21.8788 ], [ -102.29367, 21.87874 ], [ -102.29361, 21.87857 ], [ -102.29359, 21.87852 ], [ -102.29334, 21.87765 ], [ -102.29315, 21.87715 ], [ -102.29285, 21.8762 ], [ -102.29264, 21.87552 ], [ -102.29259, 21.87536 ], [ -102.29238, 21.87471 ], [ -102.29237, 21.87467 ], [ -102.29236, 21.87462 ], [ -102.29215, 21.87386 ], [ -102.29208, 21.87358 ], [ -102.29207, 21.87343 ], [ -102.29206, 21.87337 ], [ -102.29204, 21.87327 ], [ -102.29191, 21.87277 ], [ -102.29188, 21.87267 ], [ -102.29186, 21.87263 ], [ -102.29184, 21.87258 ], [ -102.29179, 21.87249 ], [ -102.29295, 21.87225 ], [ -102.29304, 21.87223 ], [ -102.29314, 21.87221 ], [ -102.29342, 21.87213 ], [ -102.29357, 21.87206 ], [ -102.29362, 21.87204 ], [ -102.29381, 21.87195 ], [ -102.29394, 21.87188 ], [ -102.29412, 21.87178 ], [ -102.29423, 21.87171 ], [ -102.29454, 21.87149 ], [ -102.29467, 21.87137 ], [ -102.29475, 21.87129 ], [ -102.29505, 21.87095 ], [ -102.29515, 21.8708 ], [ -102.29514, 21.87073 ], [ -102.29504, 21.87002 ], [ -102.29495, 21.86949 ], [ -102.29485, 21.86888 ], [ -102.29476, 21.86825 ], [ -102.29467, 21.86778 ], [ -102.29459, 21.86733 ], [ -102.29454, 21.86706 ], [ -102.29452, 21.86691 ], [ -102.29449, 21.86672 ], [ -102.29448, 21.86667 ], [ -102.29442, 21.8663 ], [ -102.29438, 21.86612 ], [ -102.29431, 21.86571 ], [ -102.29437, 21.86563 ], [ -102.29438, 21.86561 ], [ -102.29442, 21.86557 ], [ -102.29449, 21.86552 ], [ -102.29451, 21.86553 ], [ -102.29482, 21.86559 ], [ -102.29555, 21.86572 ], [ -102.29564, 21.86573 ], [ -102.29704, 21.86598 ], [ -102.29724, 21.86601 ], [ -102.29731, 21.86602 ], [ -102.29733, 21.86602 ], [ -102.29745, 21.86599 ], [ -102.297673, 21.865989 ], [ -102.298191, 21.866073 ], [ -102.298309, 21.866024 ], [ -102.298385, 21.865692 ], [ -102.298454, 21.865348 ], [ -102.298569, 21.864822 ], [ -102.298598, 21.864629 ], [ -102.29873, 21.864071 ], [ -102.298786, 21.863883 ], [ -102.298816, 21.863742 ], [ -102.298852, 21.863648 ], [ -102.298906, 21.863529 ], [ -102.298964, 21.863427 ], [ -102.29904, 21.86328 ], [ -102.2994, 21.86272 ], [ -102.29979, 21.8621 ], [ -102.30013, 21.86158 ], [ -102.30037, 21.86121 ], [ -102.30042, 21.86113 ], [ -102.30052, 21.86098 ], [ -102.3006, 21.86083 ], [ -102.300738, 21.86078 ], [ -102.300891, 21.860754 ], [ -102.301003, 21.860708 ], [ -102.301102, 21.860585 ], [ -102.30113, 21.860503 ], [ -102.301149, 21.860395 ], [ -102.301141, 21.860303 ], [ -102.30115, 21.860241 ], [ -102.301185, 21.860211 ], [ -102.301637, 21.860017 ], [ -102.30202, 21.859875 ], [ -102.30233, 21.85973 ], [ -102.3034, 21.85941 ], [ -102.30386, 21.85928 ], [ -102.30435, 21.85913 ], [ -102.30481, 21.85897 ], [ -102.30485, 21.85895 ], [ -102.30543, 21.85879 ], [ -102.30552, 21.85876 ], [ -102.30549, 21.85862 ], [ -102.30538, 21.85829 ], [ -102.30493, 21.85685 ], [ -102.30435, 21.85516 ], [ -102.30415, 21.85466 ], [ -102.30394, 21.85438 ], [ -102.30375, 21.85417 ], [ -102.30356, 21.85399 ], [ -102.30337, 21.85385 ], [ -102.30324, 21.85376 ], [ -102.30309, 21.85367 ], [ -102.30295, 21.85361 ], [ -102.30277, 21.85355 ], [ -102.30265, 21.8535 ], [ -102.30248, 21.85346 ], [ -102.30198, 21.85335 ], [ -102.30169, 21.85329 ], [ -102.3015, 21.85324 ], [ -102.30135, 21.85321 ], [ -102.30116, 21.85317 ], [ -102.30101, 21.85298 ], [ -102.30097, 21.85292 ], [ -102.30095, 21.85287 ], [ -102.30094, 21.85269 ], [ -102.30098, 21.85227 ], [ -102.30103, 21.85188 ], [ -102.30108, 21.85134 ], [ -102.30109, 21.85126 ], [ -102.3011, 21.85103 ], [ -102.30114, 21.85066 ], [ -102.30118, 21.85012 ], [ -102.30117, 21.84968 ], [ -102.30118, 21.8496 ], [ -102.30103, 21.84958 ], [ -102.30058, 21.8496 ], [ -102.30018, 21.84964 ], [ -102.29967, 21.84969 ], [ -102.29922, 21.84972 ], [ -102.29899, 21.84975 ], [ -102.29886, 21.84977 ], [ -102.29877, 21.84978 ], [ -102.29871, 21.8498 ], [ -102.29861, 21.84983 ], [ -102.2984, 21.84989 ], [ -102.29792, 21.85003 ], [ -102.29748, 21.85017 ], [ -102.29733, 21.85021 ], [ -102.29719, 21.85024 ], [ -102.29713, 21.85025 ], [ -102.29705, 21.85026 ], [ -102.29699, 21.85026 ], [ -102.29689, 21.85026 ], [ -102.29657, 21.85025 ], [ -102.29635, 21.85023 ], [ -102.29626, 21.85022 ], [ -102.29584, 21.8502 ], [ -102.29564, 21.85018 ], [ -102.29537, 21.85017 ], [ -102.29514, 21.85016 ], [ -102.29492, 21.85014 ], [ -102.29411, 21.8501 ], [ -102.2941, 21.84975 ], [ -102.29409, 21.84945 ], [ -102.29408, 21.8493 ], [ -102.29406, 21.84893 ], [ -102.29403, 21.84852 ], [ -102.294, 21.84787 ], [ -102.29397, 21.84697 ], [ -102.29395, 21.84675 ], [ -102.29388, 21.84568 ], [ -102.29387, 21.84551 ], [ -102.29385, 21.84526 ], [ -102.29385, 21.845 ], [ -102.29384, 21.84474 ], [ -102.29384, 21.84461 ], [ -102.29382, 21.84439 ], [ -102.29382, 21.84425 ], [ -102.29379, 21.84372 ], [ -102.29377, 21.84316 ], [ -102.29373, 21.8426 ], [ -102.2937, 21.84205 ], [ -102.29365, 21.84137 ], [ -102.29364, 21.84048 ], [ -102.29364, 21.84001 ], [ -102.29363, 21.83954 ], [ -102.29364, 21.83933 ], [ -102.29363, 21.83819 ], [ -102.29362, 21.83716 ], [ -102.29362, 21.83654 ], [ -102.29362, 21.83616 ], [ -102.29362, 21.83582 ], [ -102.29363, 21.83541 ], [ -102.293627, 21.834818 ], [ -102.293622, 21.834476 ], [ -102.293633, 21.834319 ], [ -102.293622, 21.833728 ], [ -102.29364, 21.83263 ], [ -102.29364, 21.83223 ], [ -102.29367, 21.83188 ], [ -102.293737, 21.830787 ], [ -102.293819, 21.828839 ], [ -102.293945, 21.826365 ], [ -102.294069, 21.823588 ], [ -102.294146, 21.82157 ], [ -102.293932, 21.819858 ], [ -102.293595, 21.816876 ], [ -102.292765, 21.813525 ], [ -102.292381, 21.811671 ], [ -102.292163, 21.810834 ], [ -102.292031, 21.810264 ], [ -102.291766, 21.80911 ], [ -102.291802, 21.808871 ], [ -102.291948, 21.80878 ], [ -102.292134, 21.808747 ], [ -102.292412, 21.808726 ], [ -102.294026, 21.808578 ], [ -102.294896, 21.808543 ], [ -102.295166, 21.808554 ], [ -102.295645, 21.808613 ], [ -102.29662, 21.808791 ], [ -102.297575, 21.808981 ], [ -102.298607, 21.809203 ], [ -102.298994, 21.809264 ], [ -102.29922, 21.809247 ], [ -102.299343, 21.809169 ], [ -102.29941, 21.809032 ], [ -102.299435, 21.808901 ], [ -102.299494, 21.808747 ], [ -102.299779, 21.808261 ], [ -102.299976, 21.807989 ], [ -102.300312, 21.80747 ], [ -102.300588, 21.807082 ], [ -102.301087, 21.806326 ], [ -102.30142, 21.805842 ], [ -102.301574, 21.805463 ], [ -102.301709, 21.80524 ], [ -102.301851, 21.805021 ], [ -102.301934, 21.804868 ], [ -102.301948, 21.804764 ], [ -102.301776, 21.804654 ], [ -102.301004, 21.804195 ], [ -102.300805, 21.804129 ], [ -102.300496, 21.804037 ], [ -102.299687, 21.803884 ], [ -102.29943, 21.803843 ], [ -102.299142, 21.803817 ], [ -102.298847, 21.803815 ], [ -102.298429, 21.80385 ], [ -102.298071, 21.803927 ], [ -102.298064, 21.80393 ], [ -102.296554, 21.804538 ], [ -102.295278, 21.805075 ], [ -102.294069, 21.805588 ], [ -102.293483, 21.805814 ], [ -102.293177, 21.805943 ], [ -102.292858, 21.806198 ], [ -102.2925, 21.806614 ], [ -102.292106, 21.80691 ], [ -102.291912, 21.806948 ], [ -102.291751, 21.806865 ], [ -102.29161, 21.806703 ], [ -102.291524, 21.806503 ], [ -102.29062, 21.803812 ], [ -102.290356, 21.802924 ], [ -102.289098, 21.799116 ], [ -102.288098, 21.796069 ], [ -102.287149, 21.793092 ] ] } },
{ "type": "Feature", "properties": { "route_id": "R_04", "route_short_name": "R04", "route_long_name": "R-04", "route_km": 24.009768920716244, "n_stops": 116, "straight_line_km": 16.626300355208066, "connects_to_existing": true, "total_score": 0.11277948255201527, "pareto_rank": 5, "feasible": false, "flag": "Low demand", "detour_ratio": 1.444, "n_served_agebs": 31, "f1_demand_gain": 0.008447928056873567, "f3_equity": 0.21765184867110821 }, "geometry": { "type": "LineString", "coordinates": [ [ -102.291081, 21.834926 ], [ -102.291768, 21.834783 ], [ -102.292167, 21.834693 ], [ -102.292122, 21.834463 ], [ -102.291966, 21.834431 ], [ -102.291487, 21.834527 ], [ -102.291012, 21.834603 ], [ -102.290666, 21.834668 ], [ -102.290558, 21.834753 ], [ -102.29049, 21.834814 ], [ -102.290439, 21.834738 ], [ -102.290467, 21.834624 ], [ -102.29058, 21.83453 ], [ -102.290697, 21.834477 ], [ -102.291254, 21.834353 ], [ -102.292365, 21.834113 ], [ -102.29251, 21.834108 ], [ -102.292649, 21.834144 ], [ -102.292665, 21.83416 ], [ -102.292788, 21.834277 ], [ -102.29289, 21.834368 ], [ -102.292955, 21.834432 ], [ -102.293306, 21.834435 ], [ -102.293457, 21.834431 ], [ -102.29357, 21.834424 ], [ -102.293628, 21.834314 ], [ -102.293615, 21.833665 ], [ -102.293646, 21.832449 ], [ -102.293622, 21.832156 ], [ -102.293624, 21.831923 ], [ -102.293592, 21.831815 ], [ -102.293433, 21.831768 ], [ -102.2888, 21.83244 ], [ -102.28855, 21.83247 ], [ -102.28855, 21.83249 ], [ -102.28857, 21.83262 ], [ -102.28858, 21.83264 ], [ -102.28867, 21.83315 ], [ -102.28876, 21.83368 ], [ -102.2888, 21.83392 ], [ -102.28887, 21.83434 ], [ -102.28894, 21.83473 ], [ -102.2888, 21.83476 ], [ -102.28852, 21.83481 ], [ -102.28847, 21.83482 ], [ -102.28758, 21.83498 ], [ -102.28571, 21.83536 ], [ -102.28525, 21.83546 ], [ -102.28467, 21.83558 ], [ -102.28319, 21.83586 ], [ -102.28261, 21.83598 ], [ -102.28193, 21.83612 ], [ -102.28121, 21.83627 ], [ -102.28073, 21.83637 ], [ -102.28024, 21.83647 ], [ -102.28003, 21.83652 ], [ -102.28006, 21.83673 ], [ -102.28012, 21.83791 ], [ -102.28013, 21.8385 ], [ -102.28013, 21.83864 ], [ -102.2801, 21.84188 ], [ -102.28009, 21.84257 ], [ -102.2801, 21.84265 ], [ -102.28029, 21.84262 ], [ -102.28071, 21.84256 ], [ -102.28345, 21.84213 ], [ -102.2846, 21.84196 ], [ -102.28479, 21.84193 ], [ -102.28498, 21.84191 ], [ -102.28517, 21.84188 ], [ -102.28536, 21.84185 ], [ -102.28575, 21.84179 ], [ -102.28666, 21.84165 ], [ -102.28694, 21.84161 ], [ -102.28741, 21.84154 ], [ -102.28743, 21.84154 ], [ -102.2881, 21.84144 ], [ -102.28839, 21.8414 ], [ -102.28934, 21.84125 ], [ -102.28954, 21.84123 ], [ -102.28987, 21.84118 ], [ -102.29012, 21.84264 ], [ -102.29014, 21.84272 ], [ -102.29018, 21.84298 ], [ -102.2904, 21.8444 ], [ -102.29045, 21.84476 ], [ -102.29048, 21.84492 ], [ -102.29055, 21.8452 ], [ -102.29063, 21.84563 ], [ -102.29069, 21.8457 ], [ -102.29079, 21.8458 ], [ -102.29096, 21.84678 ], [ -102.29104, 21.84726 ], [ -102.2911, 21.8476 ], [ -102.29132, 21.8489 ], [ -102.29143, 21.8496 ], [ -102.29169, 21.85114 ], [ -102.29175, 21.85153 ], [ -102.29177, 21.85165 ], [ -102.29189, 21.85234 ], [ -102.29208, 21.85348 ], [ -102.29252, 21.8561 ], [ -102.29255, 21.85626 ], [ -102.29258, 21.85644 ], [ -102.29267, 21.85703 ], [ -102.29273, 21.85735 ], [ -102.29277, 21.85753 ], [ -102.29283, 21.85777 ], [ -102.29289, 21.85804 ], [ -102.29292, 21.85817 ], [ -102.29309, 21.85815 ], [ -102.29339, 21.85809 ], [ -102.29353, 21.85806 ], [ -102.29366, 21.85804 ], [ -102.29392, 21.85798 ], [ -102.29394, 21.85798 ], [ -102.29419, 21.85795 ], [ -102.2943, 21.85794 ], [ -102.29438, 21.85793 ], [ -102.29455, 21.85792 ], [ -102.29481, 21.85792 ], [ -102.29499, 21.85792 ], [ -102.29537, 21.85797 ], [ -102.29543, 21.85798 ], [ -102.29546, 21.85799 ], [ -102.29559, 21.85801 ], [ -102.29572, 21.85805 ], [ -102.29588, 21.85809 ], [ -102.29603, 21.85814 ], [ -102.29614, 21.85819 ], [ -102.29629, 21.85826 ], [ -102.29724, 21.85878 ], [ -102.2973, 21.85881 ], [ -102.29785, 21.85912 ], [ -102.29879, 21.85964 ], [ -102.29889, 21.85969 ], [ -102.29934, 21.85994 ], [ -102.29958, 21.86007 ], [ -102.29993, 21.86027 ], [ -102.30027, 21.86048 ], [ -102.30035, 21.86059 ], [ -102.30038, 21.86065 ], [ -102.30039, 21.8607 ], [ -102.30041, 21.86075 ], [ -102.30042, 21.86083 ], [ -102.30043, 21.86092 ], [ -102.30024, 21.86119 ], [ -102.3002, 21.86125 ], [ -102.29996, 21.86161 ], [ -102.29966, 21.8621 ], [ -102.29927, 21.86272 ], [ -102.29894, 21.86324 ], [ -102.2989, 21.86335 ], [ -102.29888, 21.86345 ], [ -102.29883, 21.86359 ], [ -102.298765, 21.8638 ], [ -102.298743, 21.863893 ], [ -102.298837, 21.863984 ], [ -102.29989, 21.86418 ], [ -102.29976, 21.86484 ], [ -102.29963, 21.86551 ], [ -102.29953, 21.86598 ], [ -102.29948, 21.86621 ], [ -102.29935, 21.86619 ], [ -102.29885, 21.8661 ], [ -102.29852, 21.86604 ], [ -102.29829, 21.866 ], [ -102.29766, 21.8659 ], [ -102.29757, 21.86585 ], [ -102.29709, 21.86575 ], [ -102.29599, 21.86556 ], [ -102.2957, 21.86551 ], [ -102.29558, 21.86549 ], [ -102.29513, 21.86541 ], [ -102.29454, 21.86532 ], [ -102.29448, 21.86532 ], [ -102.29425, 21.86529 ], [ -102.29422, 21.86529 ], [ -102.29413, 21.86529 ], [ -102.29414, 21.86536 ], [ -102.29414, 21.86544 ], [ -102.29415, 21.8655 ], [ -102.29419, 21.86576 ], [ -102.29422, 21.866 ], [ -102.29427, 21.86625 ], [ -102.2943, 21.8664 ], [ -102.29436, 21.86681 ], [ -102.29459, 21.86816 ], [ -102.29464, 21.86845 ], [ -102.29471, 21.86887 ], [ -102.29481, 21.86951 ], [ -102.29492, 21.8702 ], [ -102.295, 21.8708 ], [ -102.29502, 21.87086 ], [ -102.29505, 21.87095 ], [ -102.2951, 21.87136 ], [ -102.29509, 21.8714 ], [ -102.29507, 21.87211 ], [ -102.29506, 21.87222 ], [ -102.29502, 21.87286 ], [ -102.29501, 21.87301 ], [ -102.295, 21.87315 ], [ -102.295, 21.8732 ], [ -102.295, 21.87329 ], [ -102.29499, 21.87339 ], [ -102.29496, 21.87411 ], [ -102.29491, 21.87479 ], [ -102.2949, 21.875 ], [ -102.29491, 21.87522 ], [ -102.29492, 21.87533 ], [ -102.29492, 21.87534 ], [ -102.29494, 21.87544 ], [ -102.29496, 21.87553 ], [ -102.29497, 21.87558 ], [ -102.29507, 21.87591 ], [ -102.29519, 21.8764 ], [ -102.2952, 21.87643 ], [ -102.29571, 21.87785 ], [ -102.29583, 21.87818 ], [ -102.2959, 21.87836 ], [ -102.29592, 21.87847 ], [ -102.29597, 21.87862 ], [ -102.29599, 21.87875 ], [ -102.29607, 21.8791 ], [ -102.29607, 21.87911 ], [ -102.2964, 21.88008 ], [ -102.29647, 21.88037 ], [ -102.29651, 21.88062 ], [ -102.29658, 21.88109 ], [ -102.29659, 21.88114 ], [ -102.29659, 21.88116 ], [ -102.2966, 21.88119 ], [ -102.29664, 21.88126 ], [ -102.29682, 21.88158 ], [ -102.297, 21.88193 ], [ -102.2971, 21.88213 ], [ -102.297461, 21.882835 ], [ -102.296359, 21.883306 ], [ -102.296233, 21.883404 ], [ -102.296264, 21.883553 ], [ -102.296517, 21.884504 ], [ -102.296765, 21.885443 ], [ -102.296852, 21.885792 ], [ -102.297, 21.88662 ], [ -102.29693, 21.88688 ], [ -102.2969, 21.88695 ], [ -102.2968, 21.88717 ], [ -102.29657, 21.88758 ], [ -102.29645, 21.88778 ], [ -102.29617, 21.88821 ], [ -102.29605, 21.88842 ], [ -102.29578, 21.88884 ], [ -102.2952, 21.88978 ], [ -102.29505, 21.89003 ], [ -102.29514, 21.8901 ], [ -102.29526, 21.89028 ], [ -102.29536, 21.89044 ], [ -102.29547, 21.89064 ], [ -102.29558, 21.89084 ], [ -102.29602, 21.89143 ], [ -102.29625, 21.89179 ], [ -102.2963, 21.89189 ], [ -102.29639, 21.89207 ], [ -102.29657, 21.89256 ], [ -102.29658, 21.89258 ], [ -102.29667, 21.89284 ], [ -102.29689, 21.89363 ], [ -102.29693, 21.89384 ], [ -102.29727, 21.89485 ], [ -102.29741, 21.89529 ], [ -102.29756, 21.89579 ], [ -102.29775, 21.89634 ], [ -102.29826, 21.89791 ], [ -102.29875, 21.89777 ], [ -102.29918, 21.89766 ], [ -102.29962, 21.89754 ], [ -102.30034, 21.89734 ], [ -102.30097, 21.89717 ], [ -102.30143, 21.89705 ], [ -102.30191, 21.89693 ], [ -102.30235, 21.89681 ], [ -102.3028, 21.89669 ], [ -102.30323, 21.89657 ], [ -102.304025, 21.896365 ], [ -102.304171, 21.896363 ], [ -102.30457, 21.89701 ], [ -102.30461, 21.89712 ], [ -102.30467, 21.89724 ], [ -102.304708, 21.897401 ], [ -102.30478, 21.89761 ], [ -102.30489, 21.89782 ], [ -102.30506, 21.89818 ], [ -102.30511, 21.89826 ], [ -102.30524, 21.89851 ], [ -102.30539, 21.8988 ], [ -102.30551, 21.89901 ], [ -102.30561, 21.89918 ], [ -102.30579, 21.89952 ], [ -102.30589, 21.8997 ], [ -102.30603, 21.89995 ], [ -102.3061, 21.90009 ], [ -102.30621, 21.90032 ], [ -102.30669, 21.90118 ], [ -102.30696, 21.90169 ], [ -102.30712, 21.90195 ], [ -102.30724, 21.90214 ], [ -102.30737, 21.90239 ], [ -102.30749, 21.90268 ], [ -102.30761, 21.90292 ], [ -102.3077, 21.90307 ], [ -102.30802, 21.90367 ], [ -102.30854, 21.90479 ], [ -102.30879, 21.90533 ], [ -102.30921, 21.90625 ], [ -102.30968, 21.90724 ], [ -102.30984, 21.90755 ], [ -102.30997, 21.90784 ], [ -102.31, 21.90793 ], [ -102.31016, 21.90827 ], [ -102.31042, 21.90884 ], [ -102.31051, 21.90906 ], [ -102.31066, 21.90937 ], [ -102.31069, 21.90945 ], [ -102.31076, 21.90962 ], [ -102.31135, 21.91085 ], [ -102.31168, 21.91157 ], [ -102.31191, 21.91212 ], [ -102.31197, 21.91231 ], [ -102.31212, 21.91267 ], [ -102.31225, 21.913 ], [ -102.31233, 21.91318 ], [ -102.31244, 21.91347 ], [ -102.31253, 21.91369 ], [ -102.31273, 21.91424 ], [ -102.31276, 21.91431 ], [ -102.31297, 21.91487 ], [ -102.313, 21.91495 ], [ -102.31309, 21.91517 ], [ -102.31311, 21.91522 ], [ -102.31327, 21.91558 ], [ -102.31345, 21.91599 ], [ -102.31357, 21.9163 ], [ -102.31359, 21.91637 ], [ -102.31362, 21.91646 ], [ -102.31364, 21.91654 ], [ -102.31372, 21.91676 ], [ -102.31373, 21.91679 ], [ -102.31394, 21.91731 ], [ -102.31406, 21.9176 ], [ -102.31412, 21.91778 ], [ -102.31414, 21.91782 ], [ -102.31431, 21.91822 ], [ -102.31434, 21.91829 ], [ -102.31455, 21.91892 ], [ -102.31486, 21.91955 ], [ -102.31491, 21.91964 ], [ -102.31524, 21.92028 ], [ -102.31557, 21.92088 ], [ -102.31582, 21.92135 ], [ -102.31602, 21.92173 ], [ -102.31638, 21.92247 ], [ -102.3164, 21.92251 ], [ -102.31648, 21.92266 ], [ -102.31664, 21.92294 ], [ -102.31689, 21.92339 ], [ -102.31735, 21.92426 ], [ -102.3174, 21.92437 ], [ -102.31752, 21.92461 ], [ -102.31769, 21.92495 ], [ -102.31781, 21.92516 ], [ -102.31797, 21.9255 ], [ -102.31835, 21.92631 ], [ -102.31848, 21.92655 ], [ -102.31877, 21.9271 ], [ -102.31901, 21.92758 ], [ -102.31905, 21.92768 ], [ -102.31949, 21.92849 ], [ -102.31965, 21.92878 ], [ -102.3199, 21.92927 ], [ -102.31994, 21.92937 ], [ -102.3202, 21.92992 ], [ -102.3206, 21.93073 ], [ -102.32076, 21.93103 ], [ -102.32078, 21.93107 ], [ -102.32086, 21.9312 ], [ -102.32102, 21.93145 ], [ -102.32107, 21.93152 ], [ -102.32116, 21.93164 ], [ -102.32131, 21.93181 ], [ -102.32145, 21.93197 ], [ -102.32231, 21.93299 ], [ -102.32243, 21.93313 ], [ -102.32286, 21.93364 ], [ -102.32302, 21.93385 ], [ -102.32309, 21.93396 ], [ -102.32332, 21.93433 ], [ -102.32366, 21.93491 ], [ -102.32372, 21.93504 ], [ -102.32396, 21.93552 ], [ -102.32401, 21.93565 ], [ -102.32406, 21.93574 ], [ -102.32412, 21.93585 ], [ -102.32416, 21.93592 ], [ -102.32426, 21.93607 ], [ -102.32434, 21.93623 ], [ -102.32457, 21.93669 ], [ -102.32454, 21.93697 ], [ -102.3245, 21.93722 ], [ -102.32449, 21.93733 ], [ -102.32445, 21.93754 ], [ -102.32444, 21.93756 ], [ -102.32444, 21.9376 ], [ -102.32443, 21.9377 ], [ -102.32442, 21.93779 ], [ -102.32442, 21.93798 ], [ -102.32444, 21.93821 ], [ -102.32445, 21.93843 ], [ -102.32447, 21.93878 ], [ -102.32447, 21.93882 ], [ -102.32449, 21.93916 ], [ -102.32449, 21.93918 ], [ -102.32452, 21.93997 ], [ -102.32463, 21.94165 ], [ -102.32464, 21.94169 ], [ -102.32472, 21.94262 ], [ -102.32476, 21.94306 ], [ -102.32484, 21.94403 ], [ -102.32491, 21.94455 ], [ -102.32492, 21.94463 ], [ -102.32497, 21.94516 ], [ -102.32501, 21.94549 ], [ -102.32503, 21.94572 ], [ -102.32503, 21.94573 ], [ -102.32504, 21.94596 ], [ -102.32504, 21.94617 ], [ -102.32503, 21.94631 ], [ -102.32503, 21.94639 ], [ -102.32501, 21.94667 ], [ -102.325, 21.94694 ], [ -102.32492, 21.94743 ], [ -102.32489, 21.94757 ], [ -102.32445, 21.94943 ], [ -102.3244, 21.94964 ], [ -102.32427, 21.9501 ], [ -102.32424, 21.9502 ], [ -102.32422, 21.95031 ], [ -102.32415, 21.95057 ], [ -102.32407, 21.95067 ], [ -102.32419, 21.9507 ], [ -102.32455, 21.95076 ], [ -102.32559, 21.95094 ], [ -102.32652, 21.95111 ], [ -102.32706, 21.9512 ], [ -102.32762, 21.95128 ], [ -102.32775, 21.9513 ], [ -102.328, 21.95136 ], [ -102.32928, 21.95163 ], [ -102.32992, 21.95175 ], [ -102.3301, 21.95178 ], [ -102.33037, 21.95183 ], [ -102.33098, 21.95194 ], [ -102.33192, 21.95214 ], [ -102.33209, 21.95218 ], [ -102.33273, 21.95232 ], [ -102.33306, 21.95242 ], [ -102.3337, 21.95254 ], [ -102.33424, 21.95269 ], [ -102.33485, 21.95282 ], [ -102.33511, 21.95285 ], [ -102.33578, 21.95306 ], [ -102.336, 21.95323 ], [ -102.33624, 21.95344 ], [ -102.33661, 21.95374 ], [ -102.33692, 21.95399 ], [ -102.33736, 21.95437 ], [ -102.33757, 21.95454 ], [ -102.33785, 21.95479 ], [ -102.33793, 21.95486 ], [ -102.33798, 21.95491 ], [ -102.338, 21.95492 ], [ -102.338, 21.95493 ], [ -102.33813, 21.95507 ], [ -102.33814, 21.95508 ], [ -102.3383, 21.95522 ], [ -102.33863, 21.9555 ], [ -102.33898, 21.95579 ], [ -102.33918, 21.95597 ], [ -102.33936, 21.95612 ], [ -102.33959, 21.95632 ], [ -102.33981, 21.95651 ], [ -102.34002, 21.95669 ], [ -102.34038, 21.95699 ], [ -102.34071, 21.95727 ], [ -102.34073, 21.95728 ], [ -102.34099, 21.95751 ], [ -102.34109, 21.95758 ], [ -102.3413, 21.95776 ], [ -102.34169, 21.95807 ], [ -102.34211, 21.95842 ], [ -102.34231, 21.95859 ], [ -102.34261, 21.95889 ], [ -102.34267, 21.95897 ], [ -102.34275, 21.95907 ], [ -102.34286, 21.95924 ], [ -102.34295, 21.95942 ], [ -102.34307, 21.9597 ], [ -102.34312, 21.95987 ], [ -102.34313, 21.95997 ], [ -102.34313, 21.96008 ], [ -102.3431, 21.96024 ], [ -102.343, 21.96058 ], [ -102.34275, 21.96149 ], [ -102.34247, 21.96231 ], [ -102.34213, 21.96313 ], [ -102.34192, 21.96368 ], [ -102.34163, 21.96432 ], [ -102.34122, 21.96521 ], [ -102.34236, 21.96544 ], [ -102.34309, 21.96551 ], [ -102.34365, 21.96557 ], [ -102.34458, 21.96567 ], [ -102.34508, 21.96575 ], [ -102.34552, 21.96586 ], [ -102.34639, 21.96604 ], [ -102.3466, 21.96608 ], [ -102.3473, 21.96624 ], [ -102.34735, 21.96625 ], [ -102.34812, 21.96642 ], [ -102.34935, 21.9667 ], [ -102.34977, 21.96681 ], [ -102.35038, 21.96692 ], [ -102.35097, 21.96704 ], [ -102.35093, 21.96784 ], [ -102.35088, 21.96844 ], [ -102.35083, 21.96916 ], [ -102.350785, 21.969788 ], [ -102.350619, 21.971276 ], [ -102.350618, 21.971467 ], [ -102.350551, 21.971852 ], [ -102.350448, 21.971875 ], [ -102.349786, 21.971753 ], [ -102.349602, 21.971708 ] ] } },
{ "type": "Feature", "properties": { "route_id": "R_05", "route_short_name": "R05", "route_long_name": "R-05", "route_km": 24.606987069641765, "n_stops": 113, "straight_line_km": 14.121152229206087, "connects_to_existing": true, "total_score": 0.10581537585212314, "pareto_rank": 5, "feasible": false, "flag": "Indirect", "detour_ratio": 1.743, "n_served_agebs": 27, "f1_demand_gain": 0.0045609564628791375, "f3_equity": 0.22525057987836813 }, "geometry": { "type": "LineString", "coordinates": [ [ -102.24873, 21.953545 ], [ -102.2487, 21.9535 ], [ -102.24869, 21.9535 ], [ -102.24868, 21.95349 ], [ -102.24867, 21.95348 ], [ -102.24866, 21.95348 ], [ -102.24865, 21.95347 ], [ -102.24864, 21.95347 ], [ -102.24863, 21.95346 ], [ -102.24862, 21.95346 ], [ -102.24861, 21.95346 ], [ -102.2486, 21.95346 ], [ -102.24859, 21.95346 ], [ -102.24858, 21.95346 ], [ -102.24857, 21.95346 ], [ -102.24856, 21.95346 ], [ -102.24854, 21.95347 ], [ -102.24853, 21.95347 ], [ -102.24852, 21.95347 ], [ -102.24852, 21.95348 ], [ -102.24851, 21.95348 ], [ -102.2485, 21.95349 ], [ -102.24849, 21.95349 ], [ -102.24849, 21.9535 ], [ -102.24848, 21.9535 ], [ -102.24847, 21.95351 ], [ -102.24847, 21.95352 ], [ -102.24846, 21.95353 ], [ -102.24846, 21.95354 ], [ -102.24845, 21.95355 ], [ -102.24845, 21.95356 ], [ -102.24845, 21.95357 ], [ -102.24845, 21.95358 ], [ -102.24845, 21.95359 ], [ -102.24845, 21.9536 ], [ -102.24845, 21.95361 ], [ -102.24845, 21.95362 ], [ -102.24845, 21.95363 ], [ -102.247, 21.95444 ], [ -102.24591, 21.95503 ], [ -102.245905, 21.955111 ], [ -102.246017, 21.955467 ], [ -102.246161, 21.955831 ], [ -102.246285, 21.956196 ], [ -102.246425, 21.956584 ], [ -102.246554, 21.95695 ], [ -102.24667, 21.957288 ], [ -102.24652, 21.95738 ], [ -102.24651, 21.95737 ], [ -102.2465, 21.95737 ], [ -102.24648, 21.95737 ], [ -102.24647, 21.95737 ], [ -102.24646, 21.95737 ], [ -102.24645, 21.95737 ], [ -102.24644, 21.95737 ], [ -102.24643, 21.95737 ], [ -102.24641, 21.95738 ], [ -102.2464, 21.95738 ], [ -102.24639, 21.95738 ], [ -102.24638, 21.95739 ], [ -102.24637, 21.95739 ], [ -102.24636, 21.9574 ], [ -102.24635, 21.95741 ], [ -102.24634, 21.95741 ], [ -102.24634, 21.95742 ], [ -102.24633, 21.95743 ], [ -102.24632, 21.95744 ], [ -102.24632, 21.95745 ], [ -102.24631, 21.95746 ], [ -102.24631, 21.95747 ], [ -102.24631, 21.95748 ], [ -102.2463, 21.95749 ], [ -102.2463, 21.9575 ], [ -102.2463, 21.95751 ], [ -102.2463, 21.95752 ], [ -102.2463, 21.95753 ], [ -102.2463, 21.95754 ], [ -102.24631, 21.95755 ], [ -102.24631, 21.95756 ], [ -102.24631, 21.95757 ], [ -102.24632, 21.95758 ], [ -102.24632, 21.95759 ], [ -102.24633, 21.9576 ], [ -102.24634, 21.95761 ], [ -102.24634, 21.95762 ], [ -102.24635, 21.95763 ], [ -102.24636, 21.95764 ], [ -102.24637, 21.95764 ], [ -102.24638, 21.95765 ], [ -102.24639, 21.95766 ], [ -102.2464, 21.95766 ], [ -102.24641, 21.95766 ], [ -102.24642, 21.95767 ], [ -102.24644, 21.95767 ], [ -102.24645, 21.95767 ], [ -102.24646, 21.95767 ], [ -102.24647, 21.95767 ], [ -102.24648, 21.95767 ], [ -102.24649, 21.95766 ], [ -102.2465, 21.95766 ], [ -102.24651, 21.95766 ], [ -102.24652, 21.95765 ], [ -102.24654, 21.95765 ], [ -102.24655, 21.95764 ], [ -102.24656, 21.95764 ], [ -102.24657, 21.95763 ], [ -102.24657, 21.95762 ], [ -102.24658, 21.95761 ], [ -102.24659, 21.9576 ], [ -102.2466, 21.95759 ], [ -102.2466, 21.95758 ], [ -102.24661, 21.95757 ], [ -102.24661, 21.95756 ], [ -102.24661, 21.95755 ], [ -102.24662, 21.95754 ], [ -102.24662, 21.95753 ], [ -102.24662, 21.95752 ], [ -102.24662, 21.95751 ], [ -102.24662, 21.9575 ], [ -102.24761, 21.95697 ], [ -102.24895, 21.95625 ], [ -102.24896, 21.95626 ], [ -102.24897, 21.95626 ], [ -102.24898, 21.95626 ], [ -102.24899, 21.95627 ], [ -102.249, 21.95627 ], [ -102.24901, 21.95628 ], [ -102.24902, 21.95628 ], [ -102.24903, 21.95628 ], [ -102.24904, 21.95628 ], [ -102.24905, 21.95628 ], [ -102.24906, 21.95628 ], [ -102.24907, 21.95628 ], [ -102.24908, 21.95628 ], [ -102.24909, 21.95627 ], [ -102.2491, 21.95627 ], [ -102.24911, 21.95627 ], [ -102.24911, 21.95626 ], [ -102.24912, 21.95626 ], [ -102.24913, 21.95626 ], [ -102.24914, 21.95625 ], [ -102.24915, 21.95624 ], [ -102.24916, 21.95623 ], [ -102.24916, 21.95622 ], [ -102.24917, 21.95622 ], [ -102.24917, 21.95621 ], [ -102.24918, 21.9562 ], [ -102.24918, 21.95619 ], [ -102.24919, 21.95618 ], [ -102.24919, 21.95617 ], [ -102.24919, 21.95616 ], [ -102.24919, 21.95615 ], [ -102.24919, 21.95614 ], [ -102.24919, 21.95613 ], [ -102.24919, 21.95612 ], [ -102.25011, 21.95563 ], [ -102.25128, 21.95495 ], [ -102.25129, 21.95495 ], [ -102.2513, 21.95496 ], [ -102.25131, 21.95496 ], [ -102.25131, 21.95497 ], [ -102.25132, 21.95497 ], [ -102.25133, 21.95497 ], [ -102.25134, 21.95497 ], [ -102.25144, 21.95512 ], [ -102.25154, 21.95525 ], [ -102.25164, 21.95535 ], [ -102.25178, 21.95544 ], [ -102.2519, 21.95551 ], [ -102.25192, 21.95552 ], [ -102.25208, 21.95558 ], [ -102.25227, 21.95563 ], [ -102.25241, 21.95564 ], [ -102.25247, 21.95564 ], [ -102.25268, 21.95564 ], [ -102.25288, 21.95563 ], [ -102.25307, 21.95564 ], [ -102.25318, 21.95566 ], [ -102.25326, 21.95567 ], [ -102.25331, 21.95569 ], [ -102.25341, 21.95573 ], [ -102.25357, 21.9558 ], [ -102.25366, 21.95585 ], [ -102.25373, 21.95588 ], [ -102.25375, 21.95589 ], [ -102.25391, 21.956 ], [ -102.25401, 21.95611 ], [ -102.25401, 21.95612 ], [ -102.25411, 21.95625 ], [ -102.25412, 21.95626 ], [ -102.2542, 21.95641 ], [ -102.25421, 21.95642 ], [ -102.25432, 21.95657 ], [ -102.25446, 21.95669 ], [ -102.25447, 21.9567 ], [ -102.2545, 21.95672 ], [ -102.25467, 21.95684 ], [ -102.25489, 21.95699 ], [ -102.25491, 21.957 ], [ -102.25503, 21.9571 ], [ -102.25512, 21.95716 ], [ -102.25527, 21.95728 ], [ -102.2554, 21.9574 ], [ -102.25552, 21.95752 ], [ -102.25561, 21.95763 ], [ -102.25571, 21.95778 ], [ -102.25571, 21.95779 ], [ -102.25578, 21.95792 ], [ -102.25583, 21.95801 ], [ -102.2559, 21.95818 ], [ -102.25593, 21.95823 ], [ -102.25598, 21.95832 ], [ -102.25603, 21.95839 ], [ -102.25605, 21.95842 ], [ -102.25611, 21.95852 ], [ -102.25614, 21.95854 ], [ -102.25621, 21.95861 ], [ -102.25631, 21.9587 ], [ -102.25642, 21.95878 ], [ -102.25647, 21.95883 ], [ -102.25656, 21.95888 ], [ -102.25661, 21.95891 ], [ -102.25668, 21.95894 ], [ -102.25677, 21.95896 ], [ -102.25681, 21.95897 ], [ -102.25699, 21.95899 ], [ -102.25715, 21.95902 ], [ -102.25728, 21.95905 ], [ -102.2573, 21.95905 ], [ -102.25732, 21.95906 ], [ -102.25736, 21.95908 ], [ -102.2574, 21.95909 ], [ -102.25744, 21.95913 ], [ -102.2575, 21.95917 ], [ -102.25751, 21.95919 ], [ -102.2576, 21.95929 ], [ -102.2577, 21.95939 ], [ -102.25778, 21.95931 ], [ -102.2578, 21.95929 ], [ -102.25795, 21.95917 ], [ -102.25819, 21.95894 ], [ -102.25832, 21.95883 ], [ -102.25844, 21.95874 ], [ -102.258921, 21.958488 ], [ -102.259634, 21.958242 ], [ -102.260487, 21.957989 ], [ -102.261106, 21.95784 ], [ -102.261968, 21.957688 ], [ -102.26239, 21.957616 ], [ -102.262597, 21.957587 ], [ -102.262998, 21.957597 ], [ -102.263612, 21.957712 ], [ -102.263863, 21.957786 ], [ -102.264016, 21.957843 ], [ -102.264178, 21.957927 ], [ -102.26428, 21.957976 ], [ -102.26456, 21.95814 ], [ -102.265, 21.95843 ], [ -102.26533, 21.95866 ], [ -102.265591, 21.958852 ], [ -102.266485, 21.959138 ], [ -102.26715, 21.95937 ], [ -102.26716, 21.95937 ], [ -102.26726, 21.95941 ], [ -102.268, 21.95967 ], [ -102.26862, 21.95988 ], [ -102.26937, 21.96012 ], [ -102.2701, 21.96036 ], [ -102.27018, 21.96038 ], [ -102.270947, 21.960664 ], [ -102.271346, 21.959728 ], [ -102.27348, 21.960046 ], [ -102.273593, 21.959954 ], [ -102.27445, 21.955574 ], [ -102.27679, 21.95583 ], [ -102.275872, 21.960321 ], [ -102.276992, 21.960549 ], [ -102.276994, 21.960594 ], [ -102.276928, 21.960607 ], [ -102.276505, 21.960583 ], [ -102.276256, 21.960591 ], [ -102.275941, 21.960662 ], [ -102.275706, 21.960725 ], [ -102.275481, 21.960813 ], [ -102.27524, 21.960904 ], [ -102.275066, 21.960988 ], [ -102.274607, 21.961379 ], [ -102.274333, 21.961611 ], [ -102.274, 21.96201 ], [ -102.27298, 21.96309 ], [ -102.27284, 21.96325 ], [ -102.27258, 21.9635 ], [ -102.27206, 21.96407 ], [ -102.27198, 21.96414 ], [ -102.27209, 21.96421 ], [ -102.27216, 21.96414 ], [ -102.27396, 21.96231 ], [ -102.2741, 21.96213 ], [ -102.27417, 21.96204 ], [ -102.27434, 21.96186 ], [ -102.27452, 21.96167 ], [ -102.27483, 21.96138 ], [ -102.27498, 21.96127 ], [ -102.27511, 21.96119 ], [ -102.27527, 21.9611 ], [ -102.27545, 21.96102 ], [ -102.27554, 21.96098 ], [ -102.27565, 21.96093 ], [ -102.27591, 21.96085 ], [ -102.27603, 21.96083 ], [ -102.27616, 21.9608 ], [ -102.27625, 21.96078 ], [ -102.27635, 21.96078 ], [ -102.2765, 21.96076 ], [ -102.27668, 21.96075 ], [ -102.27684, 21.96076 ], [ -102.27696, 21.96077 ], [ -102.27707, 21.96078 ], [ -102.27715, 21.96079 ], [ -102.27734, 21.96083 ], [ -102.27786, 21.96091 ], [ -102.27837, 21.96099 ], [ -102.27851, 21.96102 ], [ -102.27989, 21.96123 ], [ -102.28075, 21.96136 ], [ -102.28093, 21.96138 ], [ -102.28094, 21.96138 ], [ -102.2817, 21.96153 ], [ -102.28247, 21.96166 ], [ -102.2853, 21.96211 ], [ -102.28793, 21.96252 ], [ -102.28812, 21.96255 ], [ -102.28946, 21.96276 ], [ -102.28975, 21.9628 ], [ -102.29006, 21.96284 ], [ -102.29006, 21.96267 ], [ -102.29008, 21.96234 ], [ -102.29013, 21.96101 ], [ -102.29013, 21.96092 ], [ -102.29008, 21.96076 ], [ -102.29013, 21.95988 ], [ -102.29017, 21.95935 ], [ -102.29014, 21.9589 ], [ -102.29016, 21.95855 ], [ -102.29016, 21.95848 ], [ -102.29016, 21.9584 ], [ -102.29017, 21.95811 ], [ -102.2902, 21.95746 ], [ -102.2903, 21.95554 ], [ -102.29035, 21.9541 ], [ -102.29043, 21.95277 ], [ -102.29048, 21.95182 ], [ -102.29049, 21.95102 ], [ -102.29053, 21.95008 ], [ -102.29056, 21.94941 ], [ -102.29057, 21.94922 ], [ -102.29057, 21.94904 ], [ -102.29058, 21.94889 ], [ -102.29101, 21.93962 ], [ -102.29105, 21.93887 ], [ -102.29106, 21.93859 ], [ -102.29122, 21.93587 ], [ -102.29121, 21.93511 ], [ -102.29122, 21.93491 ], [ -102.29123, 21.93473 ], [ -102.29123, 21.93467 ], [ -102.29124, 21.93464 ], [ -102.29124, 21.93448 ], [ -102.29128, 21.93378 ], [ -102.29128, 21.93371 ], [ -102.29129, 21.93342 ], [ -102.29135, 21.93224 ], [ -102.29143, 21.9311 ], [ -102.29145, 21.93091 ], [ -102.29145, 21.93014 ], [ -102.29154, 21.9282 ], [ -102.29154, 21.92789 ], [ -102.29155, 21.92776 ], [ -102.2916, 21.926926 ], [ -102.291636, 21.926285 ], [ -102.29169, 21.925664 ], [ -102.291694, 21.925329 ], [ -102.291735, 21.924864 ], [ -102.291765, 21.924196 ], [ -102.291832, 21.922447 ], [ -102.29183, 21.921959 ], [ -102.29183, 21.92133 ], [ -102.29184, 21.92093 ], [ -102.29186, 21.92041 ], [ -102.29184, 21.92015 ], [ -102.29185, 21.91979 ], [ -102.29189, 21.91893 ], [ -102.29217, 21.91252 ], [ -102.29221, 21.91183 ], [ -102.29223, 21.91153 ], [ -102.29223, 21.9115 ], [ -102.29226, 21.91102 ], [ -102.29229, 21.91032 ], [ -102.29234, 21.90929 ], [ -102.29236, 21.90892 ], [ -102.29241, 21.90798 ], [ -102.29242, 21.90762 ], [ -102.29244, 21.90727 ], [ -102.29244, 21.90724 ], [ -102.29247, 21.9067 ], [ -102.29248, 21.90649 ], [ -102.29249, 21.90636 ], [ -102.29252, 21.90574 ], [ -102.29252, 21.9056 ], [ -102.29252, 21.90549 ], [ -102.29253, 21.90541 ], [ -102.29258, 21.90407 ], [ -102.29259, 21.90391 ], [ -102.29268, 21.90191 ], [ -102.29269, 21.9015 ], [ -102.29272, 21.9009 ], [ -102.29273, 21.90067 ], [ -102.29271, 21.90048 ], [ -102.29267, 21.90016 ], [ -102.29267, 21.90006 ], [ -102.29264, 21.89951 ], [ -102.29266, 21.89891 ], [ -102.29268, 21.89857 ], [ -102.29269, 21.8983 ], [ -102.29271, 21.89773 ], [ -102.292747, 21.897542 ], [ -102.292774, 21.897233 ], [ -102.292788, 21.89678 ], [ -102.292835, 21.896142 ], [ -102.29293, 21.8961 ], [ -102.29294, 21.89603 ], [ -102.29295, 21.89555 ], [ -102.29297, 21.89507 ], [ -102.29298, 21.89454 ], [ -102.29299, 21.8945 ], [ -102.29299, 21.89448 ], [ -102.29299, 21.89446 ], [ -102.293, 21.89445 ], [ -102.29301, 21.89444 ], [ -102.29303, 21.89443 ], [ -102.29305, 21.89443 ], [ -102.29308, 21.89442 ], [ -102.29303, 21.8942 ], [ -102.293031, 21.894031 ], [ -102.293052, 21.89389 ], [ -102.293096, 21.893636 ], [ -102.293267, 21.893347 ], [ -102.293477, 21.89308 ], [ -102.293767, 21.892683 ], [ -102.293846, 21.892585 ], [ -102.294025, 21.89236 ], [ -102.294107, 21.892251 ], [ -102.294394, 21.891991 ], [ -102.294225, 21.892138 ], [ -102.294606, 21.891796 ], [ -102.294739, 21.891659 ], [ -102.294935, 21.891499 ], [ -102.295028, 21.891293 ], [ -102.295072, 21.891061 ], [ -102.295081, 21.890861 ], [ -102.29511, 21.890386 ], [ -102.295115, 21.89012 ], [ -102.295155, 21.889969 ], [ -102.295235, 21.889769 ], [ -102.295386, 21.889537 ], [ -102.2956, 21.889164 ], [ -102.295787, 21.888851 ], [ -102.295888, 21.888716 ], [ -102.296088, 21.888412 ], [ -102.296489, 21.887777 ], [ -102.296616, 21.887549 ], [ -102.296707, 21.887404 ], [ -102.296781, 21.887245 ], [ -102.296816, 21.887175 ], [ -102.296845, 21.8871 ], [ -102.296856, 21.886985 ], [ -102.296783, 21.886905 ], [ -102.296589, 21.88686 ], [ -102.296448, 21.88683 ], [ -102.296381, 21.886767 ], [ -102.29635, 21.88667 ], [ -102.29627, 21.88641 ], [ -102.29572, 21.88495 ], [ -102.29571, 21.88491 ], [ -102.2957, 21.88488 ], [ -102.29569, 21.88485 ], [ -102.29531, 21.88407 ], [ -102.29531, 21.88373 ], [ -102.29509, 21.88303 ], [ -102.29507, 21.88299 ], [ -102.29484, 21.88225 ], [ -102.29456, 21.88148 ], [ -102.2944, 21.88086 ], [ -102.2944, 21.88083 ], [ -102.29438, 21.88078 ], [ -102.29417, 21.88018 ], [ -102.29397, 21.8795 ], [ -102.29384, 21.87916 ], [ -102.29381, 21.87909 ], [ -102.29378, 21.87901 ], [ -102.29371, 21.87888 ], [ -102.29369, 21.8788 ], [ -102.29367, 21.87874 ], [ -102.29361, 21.87857 ], [ -102.29359, 21.87852 ], [ -102.29334, 21.87765 ], [ -102.29315, 21.87715 ], [ -102.29285, 21.8762 ], [ -102.29264, 21.87552 ], [ -102.29259, 21.87536 ], [ -102.29238, 21.87471 ], [ -102.29237, 21.87467 ], [ -102.29236, 21.87462 ], [ -102.29215, 21.87386 ], [ -102.29208, 21.87358 ], [ -102.29207, 21.87343 ], [ -102.29206, 21.87337 ], [ -102.29204, 21.87327 ], [ -102.29191, 21.87277 ], [ -102.29188, 21.87267 ], [ -102.29186, 21.87263 ], [ -102.29184, 21.87258 ], [ -102.29179, 21.87249 ], [ -102.29295, 21.87225 ], [ -102.29304, 21.87223 ], [ -102.29314, 21.87221 ], [ -102.29342, 21.87213 ], [ -102.29357, 21.87206 ], [ -102.29362, 21.87204 ], [ -102.29381, 21.87195 ], [ -102.29394, 21.87188 ], [ -102.29412, 21.87178 ], [ -102.29423, 21.87171 ], [ -102.29454, 21.87149 ], [ -102.29467, 21.87137 ], [ -102.29475, 21.87129 ], [ -102.29505, 21.87095 ], [ -102.29515, 21.8708 ], [ -102.29514, 21.87073 ], [ -102.29504, 21.87002 ], [ -102.29495, 21.86949 ], [ -102.29485, 21.86888 ], [ -102.29476, 21.86825 ], [ -102.29467, 21.86778 ], [ -102.29459, 21.86733 ], [ -102.29454, 21.86706 ], [ -102.29452, 21.86691 ], [ -102.29449, 21.86672 ], [ -102.29448, 21.86667 ], [ -102.29442, 21.8663 ], [ -102.29438, 21.86612 ], [ -102.29431, 21.86571 ], [ -102.29437, 21.86563 ], [ -102.29438, 21.86561 ], [ -102.29442, 21.86557 ], [ -102.29449, 21.86552 ], [ -102.29451, 21.86553 ], [ -102.29482, 21.86559 ], [ -102.29555, 21.86572 ], [ -102.29564, 21.86573 ], [ -102.29704, 21.86598 ], [ -102.29724, 21.86601 ], [ -102.29731, 21.86602 ], [ -102.29733, 21.86602 ], [ -102.29745, 21.86599 ], [ -102.29756, 21.86601 ], [ -102.29826, 21.86614 ], [ -102.29924, 21.86631 ], [ -102.29945, 21.86632 ], [ -102.3006, 21.86649 ], [ -102.30099, 21.86658 ], [ -102.30173, 21.86673 ], [ -102.30197, 21.86678 ], [ -102.30214, 21.86682 ], [ -102.30287, 21.86696 ], [ -102.30301, 21.86699 ], [ -102.30303, 21.86685 ], [ -102.30309, 21.86654 ], [ -102.30318, 21.86612 ], [ -102.30326, 21.86569 ], [ -102.30331, 21.86546 ], [ -102.30335, 21.86524 ], [ -102.30344, 21.86482 ], [ -102.30358, 21.86424 ], [ -102.30365, 21.86397 ], [ -102.30367, 21.86371 ], [ -102.30367, 21.86357 ], [ -102.30366, 21.86334 ], [ -102.3036, 21.86296 ], [ -102.30349, 21.86266 ], [ -102.30346, 21.8626 ], [ -102.30337, 21.86243 ], [ -102.30326, 21.86227 ], [ -102.30316, 21.86213 ], [ -102.30286, 21.86181 ], [ -102.30275, 21.86173 ], [ -102.30224, 21.86141 ], [ -102.30161, 21.86103 ], [ -102.30112, 21.86078 ], [ -102.30107, 21.86068 ], [ -102.30105, 21.86063 ], [ -102.30103, 21.86059 ], [ -102.30103, 21.86058 ], [ -102.30102, 21.86054 ], [ -102.30101, 21.8605 ], [ -102.30102, 21.86046 ], [ -102.30103, 21.86042 ], [ -102.30105, 21.86037 ], [ -102.3011, 21.86028 ], [ -102.30119, 21.86019 ], [ -102.30159, 21.85996 ], [ -102.30233, 21.85973 ], [ -102.3034, 21.85941 ], [ -102.30386, 21.85928 ], [ -102.30435, 21.85913 ], [ -102.30481, 21.85897 ], [ -102.30485, 21.85895 ], [ -102.30543, 21.85879 ], [ -102.30552, 21.85876 ], [ -102.30604, 21.85862 ], [ -102.30605, 21.85862 ], [ -102.30643, 21.85857 ], [ -102.30652, 21.85857 ], [ -102.3087, 21.85879 ], [ -102.31088, 21.85896 ], [ -102.3113, 21.85899 ], [ -102.31146, 21.859 ], [ -102.31155, 21.85904 ], [ -102.3117, 21.85908 ], [ -102.31187, 21.85911 ], [ -102.31247, 21.85916 ], [ -102.31315, 21.85923 ], [ -102.31351, 21.85925 ], [ -102.31354, 21.85926 ], [ -102.31355, 21.85926 ], [ -102.31384, 21.85929 ], [ -102.31399, 21.85931 ], [ -102.31411, 21.85907 ], [ -102.31424, 21.85883 ], [ -102.31438, 21.8586 ], [ -102.31465, 21.85813 ], [ -102.31466, 21.85812 ], [ -102.31467, 21.8581 ], [ -102.31469, 21.85808 ], [ -102.31488, 21.85777 ], [ -102.31492, 21.85772 ], [ -102.31508, 21.85748 ], [ -102.31516, 21.85735 ], [ -102.31526, 21.85719 ], [ -102.31533, 21.85709 ], [ -102.31544, 21.85691 ], [ -102.31552, 21.85679 ], [ -102.31564, 21.8566 ], [ -102.31587, 21.85625 ], [ -102.31596, 21.85614 ], [ -102.31614, 21.85591 ], [ -102.31643, 21.85551 ], [ -102.3165, 21.85539 ], [ -102.31663, 21.8552 ], [ -102.31687, 21.85479 ], [ -102.31691, 21.8547 ], [ -102.31714, 21.85429 ], [ -102.31717, 21.85423 ], [ -102.3174, 21.85382 ], [ -102.3176, 21.85346 ], [ -102.31809, 21.85364 ], [ -102.31858, 21.85381 ], [ -102.31902, 21.85398 ], [ -102.31949, 21.85416 ], [ -102.31995, 21.85433 ], [ -102.32043, 21.8545 ], [ -102.3208, 21.85357 ], [ -102.321151, 21.852712 ], [ -102.320672, 21.852529 ], [ -102.320207, 21.852368 ], [ -102.31973, 21.85221 ], [ -102.319281, 21.852031 ], [ -102.318803, 21.851842 ], [ -102.318393, 21.851681 ], [ -102.318392, 21.851539 ], [ -102.31893, 21.85 ], [ -102.3191, 21.84955 ], [ -102.31929, 21.84911 ], [ -102.31931, 21.84904 ], [ -102.31922, 21.84901 ], [ -102.31904, 21.84896 ], [ -102.31882, 21.8489 ], [ -102.317051, 21.848597 ], [ -102.316938, 21.848662 ], [ -102.316826, 21.84888 ] ] } },
{ "type": "Feature", "properties": { "route_id": "R_06", "route_short_name": "R06", "route_long_name": "R-06", "route_km": 27.768472330587286, "n_stops": 121, "straight_line_km": 16.339567674668999, "connects_to_existing": true, "total_score": 0.084320046328912018, "pareto_rank": 4, "feasible": false, "flag": "Indirect", "detour_ratio": 1.699, "n_served_agebs": 38, "f1_demand_gain": 0.0074177645942411826, "f3_equity": 0.23322487129159281 }, "geometry": { "type": "LineString", "coordinates": [ [ -102.291351, 21.83488 ], [ -102.291775, 21.834792 ], [ -102.292124, 21.834724 ], [ -102.292166, 21.834601 ], [ -102.292087, 21.834526 ], [ -102.291921, 21.834534 ], [ -102.291142, 21.834704 ], [ -102.290606, 21.834788 ], [ -102.290476, 21.834787 ], [ -102.29044, 21.83468 ], [ -102.290517, 21.834578 ], [ -102.290639, 21.834511 ], [ -102.290854, 21.834447 ], [ -102.292087, 21.83419 ], [ -102.292448, 21.834108 ], [ -102.292572, 21.834123 ], [ -102.292744, 21.834207 ], [ -102.292827, 21.834297 ], [ -102.292905, 21.834405 ], [ -102.292956, 21.834427 ], [ -102.293338, 21.834447 ], [ -102.293375, 21.834521 ], [ -102.29345, 21.83541 ], [ -102.29345, 21.83689 ], [ -102.29346, 21.83774 ], [ -102.29346, 21.83792 ], [ -102.29346, 21.83818 ], [ -102.29347, 21.84 ], [ -102.29347, 21.84025 ], [ -102.29348, 21.84048 ], [ -102.29351, 21.84138 ], [ -102.293726, 21.841394 ], [ -102.294998, 21.841487 ], [ -102.296486, 21.841592 ], [ -102.297308, 21.841654 ], [ -102.29817, 21.8417 ], [ -102.2983, 21.8417 ], [ -102.299014, 21.841777 ], [ -102.299014, 21.842038 ], [ -102.299049, 21.842941 ], [ -102.299103, 21.84414 ], [ -102.299139, 21.844853 ], [ -102.299152, 21.845564 ], [ -102.299196, 21.846316 ], [ -102.299206, 21.846441 ], [ -102.299267, 21.846608 ], [ -102.299397, 21.84699 ], [ -102.299695, 21.847772 ], [ -102.299769, 21.84812 ], [ -102.29975, 21.848676 ], [ -102.299692, 21.849249 ], [ -102.299672, 21.850031 ], [ -102.299723, 21.85095 ], [ -102.299737, 21.851238 ], [ -102.299739, 21.851615 ], [ -102.299696, 21.851935 ], [ -102.299697, 21.851954 ], [ -102.299661, 21.852097 ], [ -102.299695, 21.85216 ], [ -102.299889, 21.852192 ], [ -102.300406, 21.852237 ], [ -102.300738, 21.852294 ], [ -102.300825, 21.852351 ], [ -102.30083, 21.85268 ], [ -102.30082, 21.85276 ], [ -102.30082, 21.85281 ], [ -102.30082, 21.85286 ], [ -102.30083, 21.85292 ], [ -102.30084, 21.85296 ], [ -102.30087, 21.85303 ], [ -102.30093, 21.85321 ], [ -102.30094, 21.8533 ], [ -102.30095, 21.85339 ], [ -102.30093, 21.85371 ], [ -102.30093, 21.85384 ], [ -102.30091, 21.85386 ], [ -102.3009, 21.85387 ], [ -102.3009, 21.85388 ], [ -102.30089, 21.85389 ], [ -102.30089, 21.8539 ], [ -102.30088, 21.85391 ], [ -102.30088, 21.85393 ], [ -102.30088, 21.85394 ], [ -102.30088, 21.85395 ], [ -102.30088, 21.85396 ], [ -102.30088, 21.85398 ], [ -102.30088, 21.85399 ], [ -102.30088, 21.854 ], [ -102.30089, 21.85401 ], [ -102.30089, 21.85402 ], [ -102.3009, 21.85404 ], [ -102.30091, 21.85405 ], [ -102.30092, 21.85406 ], [ -102.30093, 21.85407 ], [ -102.30094, 21.85408 ], [ -102.30095, 21.85409 ], [ -102.30096, 21.8541 ], [ -102.30097, 21.85411 ], [ -102.30098, 21.85411 ], [ -102.30099, 21.85412 ], [ -102.30101, 21.85412 ], [ -102.30102, 21.85412 ], [ -102.30103, 21.85413 ], [ -102.30105, 21.85413 ], [ -102.30106, 21.85413 ], [ -102.30107, 21.85413 ], [ -102.30109, 21.85413 ], [ -102.3011, 21.85412 ], [ -102.30112, 21.85412 ], [ -102.30113, 21.85412 ], [ -102.30114, 21.85411 ], [ -102.30116, 21.8541 ], [ -102.30117, 21.8541 ], [ -102.30118, 21.85409 ], [ -102.30119, 21.85408 ], [ -102.3012, 21.85407 ], [ -102.30121, 21.85406 ], [ -102.30121, 21.85405 ], [ -102.30122, 21.85404 ], [ -102.30123, 21.85403 ], [ -102.30123, 21.85402 ], [ -102.30124, 21.854 ], [ -102.30124, 21.85399 ], [ -102.30124, 21.85398 ], [ -102.30124, 21.85396 ], [ -102.30124, 21.85395 ], [ -102.30124, 21.85394 ], [ -102.30124, 21.85393 ], [ -102.30124, 21.85391 ], [ -102.301191, 21.85383 ], [ -102.301163, 21.853676 ], [ -102.301179, 21.853489 ], [ -102.301234, 21.853268 ], [ -102.301324, 21.853273 ], [ -102.302843, 21.853646 ], [ -102.30303, 21.85376 ], [ -102.30356, 21.85413 ], [ -102.30365, 21.85421 ], [ -102.3038, 21.85437 ], [ -102.30389, 21.85448 ], [ -102.30394, 21.85454 ], [ -102.30408, 21.85477 ], [ -102.30425, 21.85519 ], [ -102.30454, 21.85605 ], [ -102.30482, 21.8569 ], [ -102.30524, 21.85825 ], [ -102.30537, 21.85864 ], [ -102.30476, 21.85881 ], [ -102.30428, 21.85896 ], [ -102.3038, 21.8591 ], [ -102.30333, 21.85924 ], [ -102.30272, 21.85941 ], [ -102.30207, 21.8596 ], [ -102.301555, 21.859784 ], [ -102.301411, 21.859854 ], [ -102.301198, 21.859984 ], [ -102.301055, 21.860031 ], [ -102.300846, 21.860083 ], [ -102.300652, 21.860111 ], [ -102.300489, 21.860163 ], [ -102.3004, 21.860268 ], [ -102.300356, 21.860407 ], [ -102.300351, 21.860499 ], [ -102.300394, 21.860543 ], [ -102.300469, 21.860592 ], [ -102.30068, 21.86071 ], [ -102.30102, 21.8609 ], [ -102.30157, 21.8612 ], [ -102.30222, 21.86161 ], [ -102.30273, 21.86193 ], [ -102.30298, 21.86221 ], [ -102.30316, 21.86244 ], [ -102.30328, 21.86264 ], [ -102.3034, 21.86295 ], [ -102.30347, 21.86319 ], [ -102.30348, 21.86342 ], [ -102.30348, 21.86369 ], [ -102.30344, 21.86396 ], [ -102.3034, 21.86425 ], [ -102.3033, 21.86479 ], [ -102.30324, 21.86522 ], [ -102.3032, 21.86542 ], [ -102.30305, 21.8661 ], [ -102.30299, 21.86639 ], [ -102.3029, 21.86683 ], [ -102.30176, 21.86663 ], [ -102.30062, 21.86642 ], [ -102.30029, 21.86636 ], [ -102.29948, 21.86621 ], [ -102.29935, 21.86619 ], [ -102.29885, 21.8661 ], [ -102.29852, 21.86604 ], [ -102.29829, 21.866 ], [ -102.29766, 21.8659 ], [ -102.29757, 21.86585 ], [ -102.29709, 21.86575 ], [ -102.29599, 21.86556 ], [ -102.2957, 21.86551 ], [ -102.29558, 21.86549 ], [ -102.29513, 21.86541 ], [ -102.29454, 21.86532 ], [ -102.29448, 21.86532 ], [ -102.29425, 21.86529 ], [ -102.29422, 21.86529 ], [ -102.29413, 21.86529 ], [ -102.29414, 21.86536 ], [ -102.29414, 21.86544 ], [ -102.29415, 21.8655 ], [ -102.29419, 21.86576 ], [ -102.29422, 21.866 ], [ -102.29427, 21.86625 ], [ -102.2943, 21.8664 ], [ -102.29436, 21.86681 ], [ -102.29459, 21.86816 ], [ -102.29464, 21.86845 ], [ -102.29471, 21.86887 ], [ -102.29481, 21.86951 ], [ -102.29492, 21.8702 ], [ -102.295, 21.8708 ], [ -102.294784, 21.871056 ], [ -102.294424, 21.87141 ], [ -102.294029, 21.871661 ], [ -102.293881, 21.871743 ], [ -102.293375, 21.872013 ], [ -102.293017, 21.8721 ], [ -102.291722, 21.872377 ], [ -102.291127, 21.87251 ], [ -102.290667, 21.872599 ], [ -102.28868, 21.873179 ], [ -102.289008, 21.873924 ], [ -102.289241, 21.87446 ], [ -102.289363, 21.874881 ], [ -102.289406, 21.875515 ], [ -102.289382, 21.876094 ], [ -102.289363, 21.87627 ], [ -102.289153, 21.877978 ], [ -102.288999, 21.879171 ], [ -102.289053, 21.87941 ], [ -102.291878, 21.879182 ], [ -102.293647, 21.879029 ], [ -102.293781, 21.879008 ], [ -102.294972, 21.878723 ], [ -102.295925, 21.878485 ], [ -102.29597, 21.87862 ], [ -102.29599, 21.87875 ], [ -102.29607, 21.8791 ], [ -102.29607, 21.87911 ], [ -102.2964, 21.88008 ], [ -102.29647, 21.88037 ], [ -102.29651, 21.88062 ], [ -102.29658, 21.88109 ], [ -102.29659, 21.88114 ], [ -102.29659, 21.88116 ], [ -102.2966, 21.88119 ], [ -102.29664, 21.88126 ], [ -102.29682, 21.88158 ], [ -102.297, 21.88193 ], [ -102.2971, 21.88213 ], [ -102.29746, 21.88287 ], [ -102.29776, 21.88361 ], [ -102.2978, 21.88378 ], [ -102.29781, 21.88383 ], [ -102.29781, 21.88391 ], [ -102.29782, 21.88417 ], [ -102.29779, 21.88449 ], [ -102.29778, 21.88456 ], [ -102.29756, 21.88524 ], [ -102.29741, 21.88563 ], [ -102.29716, 21.88629 ], [ -102.297, 21.88662 ], [ -102.29693, 21.88688 ], [ -102.2969, 21.88695 ], [ -102.2968, 21.88717 ], [ -102.29657, 21.88758 ], [ -102.29645, 21.88778 ], [ -102.29617, 21.88821 ], [ -102.29605, 21.88842 ], [ -102.29578, 21.88884 ], [ -102.2952, 21.88978 ], [ -102.295115, 21.889943 ], [ -102.295176, 21.890085 ], [ -102.295608, 21.890826 ], [ -102.296247, 21.891706 ], [ -102.296677, 21.892873 ], [ -102.297828, 21.896672 ], [ -102.29861, 21.89904 ], [ -102.29871, 21.89935 ], [ -102.29912, 21.90072 ], [ -102.299324, 21.90075 ], [ -102.300093, 21.900513 ], [ -102.30054, 21.900418 ], [ -102.301215, 21.900216 ], [ -102.301611, 21.901451 ], [ -102.301993, 21.902649 ], [ -102.30209, 21.90294 ], [ -102.30215, 21.90314 ], [ -102.30234, 21.90311 ], [ -102.30254, 21.9031 ], [ -102.30354, 21.90303 ], [ -102.30364, 21.903077 ], [ -102.30369, 21.903635 ], [ -102.303736, 21.904204 ], [ -102.303757, 21.904433 ], [ -102.303793, 21.904888 ], [ -102.303852, 21.905333 ], [ -102.303902, 21.905578 ], [ -102.30392, 21.905844 ], [ -102.30397, 21.906314 ], [ -102.30402, 21.906807 ], [ -102.304015, 21.906734 ], [ -102.304049, 21.907214 ], [ -102.304112, 21.907811 ], [ -102.304146, 21.908215 ], [ -102.304159, 21.908431 ], [ -102.304291, 21.909664 ], [ -102.304149, 21.909675 ], [ -102.303734, 21.909701 ], [ -102.303693, 21.909701 ], [ -102.303593, 21.909687 ], [ -102.303176, 21.909718 ], [ -102.302155, 21.909752 ], [ -102.302019, 21.909753 ], [ -102.300076, 21.909862 ], [ -102.299609, 21.909886 ], [ -102.298995, 21.909904 ], [ -102.298504, 21.909941 ], [ -102.297942, 21.909974 ], [ -102.29709, 21.91003 ], [ -102.296996, 21.91014 ], [ -102.29699, 21.91032 ], [ -102.29701, 21.91054 ], [ -102.29709, 21.91171 ], [ -102.29718, 21.91277 ], [ -102.29727, 21.91396 ], [ -102.29729, 21.91423 ], [ -102.2973, 21.91455 ], [ -102.29735, 21.91501 ], [ -102.29737, 21.91529 ], [ -102.2974, 21.91561 ], [ -102.2974, 21.91578 ], [ -102.29742, 21.91608 ], [ -102.29746, 21.91665 ], [ -102.29749, 21.917 ], [ -102.29753, 21.91755 ], [ -102.29756, 21.91785 ], [ -102.29756, 21.91789 ], [ -102.29759, 21.91842 ], [ -102.29763, 21.91906 ], [ -102.29766, 21.91954 ], [ -102.29769, 21.91998 ], [ -102.2977, 21.92017 ], [ -102.29777, 21.92144 ], [ -102.29784, 21.92236 ], [ -102.29788, 21.92311 ], [ -102.29788, 21.92321 ], [ -102.29798, 21.92448 ], [ -102.29798, 21.92453 ], [ -102.298, 21.92485 ], [ -102.29801, 21.92501 ], [ -102.29801, 21.92509 ], [ -102.29801, 21.92518 ], [ -102.29801, 21.92526 ], [ -102.29802, 21.92548 ], [ -102.29804, 21.92566 ], [ -102.29811, 21.9269 ], [ -102.29818, 21.92787 ], [ -102.29821, 21.92833 ], [ -102.29825, 21.92888 ], [ -102.29826, 21.92931 ], [ -102.29824, 21.92982 ], [ -102.29823, 21.92997 ], [ -102.29818, 21.93033 ], [ -102.29816, 21.93048 ], [ -102.29814, 21.93082 ], [ -102.2981, 21.93119 ], [ -102.29809, 21.9313 ], [ -102.29804, 21.93163 ], [ -102.29797, 21.93224 ], [ -102.29788, 21.93303 ], [ -102.29779, 21.93362 ], [ -102.29773, 21.93429 ], [ -102.2977, 21.93451 ], [ -102.29765, 21.93479 ], [ -102.29765, 21.93481 ], [ -102.29764, 21.93485 ], [ -102.29761, 21.93492 ], [ -102.29758, 21.93503 ], [ -102.29752, 21.9352 ], [ -102.29744, 21.93545 ], [ -102.29734, 21.9358 ], [ -102.29715, 21.93652 ], [ -102.29706, 21.93682 ], [ -102.29705, 21.93686 ], [ -102.29703, 21.93693 ], [ -102.29703, 21.93703 ], [ -102.29704, 21.93741 ], [ -102.29705, 21.93753 ], [ -102.29709, 21.93808 ], [ -102.29715, 21.93889 ], [ -102.29715, 21.93898 ], [ -102.29716, 21.93907 ], [ -102.29717, 21.93936 ], [ -102.29728, 21.94066 ], [ -102.2973, 21.94084 ], [ -102.29731, 21.94098 ], [ -102.29736, 21.94166 ], [ -102.29737, 21.94181 ], [ -102.29738, 21.94224 ], [ -102.29745, 21.94322 ], [ -102.29747, 21.94393 ], [ -102.29744, 21.94446 ], [ -102.29741, 21.94473 ], [ -102.29736, 21.94527 ], [ -102.29733, 21.94555 ], [ -102.2973, 21.94577 ], [ -102.29727, 21.94591 ], [ -102.29741, 21.94594 ], [ -102.29855, 21.94612 ], [ -102.29874, 21.94615 ], [ -102.29909, 21.94621 ], [ -102.3, 21.94638 ], [ -102.30009, 21.94639 ], [ -102.30067, 21.9465 ], [ -102.30129, 21.94661 ], [ -102.30147, 21.94664 ], [ -102.30281, 21.94689 ], [ -102.3036, 21.94703 ], [ -102.30448, 21.94719 ], [ -102.30554, 21.94738 ], [ -102.30754, 21.94775 ], [ -102.308425, 21.947975 ], [ -102.308494, 21.949545 ], [ -102.308534, 21.951034 ], [ -102.308552, 21.951618 ], [ -102.308572, 21.952929 ], [ -102.308587, 21.953506 ], [ -102.308632, 21.953934 ], [ -102.308694, 21.954807 ], [ -102.308678, 21.95533 ], [ -102.308646, 21.955703 ], [ -102.308652, 21.956257 ], [ -102.308689, 21.957383 ], [ -102.308905, 21.957414 ], [ -102.308911, 21.956573 ], [ -102.308917, 21.95615 ], [ -102.308912, 21.955673 ], [ -102.30887, 21.95473 ], [ -102.30884, 21.954044 ], [ -102.308828, 21.953814 ], [ -102.308782, 21.953081 ], [ -102.308728, 21.951506 ], [ -102.308693, 21.950997 ], [ -102.308627, 21.949601 ], [ -102.308594, 21.94795 ], [ -102.31187, 21.94853 ], [ -102.31233, 21.94861 ], [ -102.3124, 21.94862 ], [ -102.313, 21.94873 ], [ -102.31348, 21.94881 ], [ -102.31384, 21.94887 ], [ -102.31417, 21.94893 ], [ -102.31456, 21.94899 ], [ -102.31482, 21.94904 ], [ -102.31513, 21.9491 ], [ -102.31808, 21.94963 ], [ -102.31815, 21.94965 ], [ -102.31856, 21.94972 ], [ -102.31903, 21.9498 ], [ -102.31942, 21.94987 ], [ -102.31992, 21.94996 ], [ -102.32073, 21.9501 ], [ -102.32106, 21.95016 ], [ -102.32191, 21.95031 ], [ -102.32232, 21.95038 ], [ -102.32345, 21.95057 ], [ -102.3239, 21.95064 ], [ -102.32407, 21.95067 ], [ -102.32419, 21.9507 ], [ -102.32455, 21.95076 ], [ -102.32559, 21.95094 ], [ -102.32652, 21.95111 ], [ -102.32706, 21.9512 ], [ -102.32762, 21.95128 ], [ -102.32775, 21.9513 ], [ -102.328, 21.95136 ], [ -102.32928, 21.95163 ], [ -102.32992, 21.95175 ], [ -102.3301, 21.95178 ], [ -102.33037, 21.95183 ], [ -102.33098, 21.95194 ], [ -102.33192, 21.95214 ], [ -102.33209, 21.95218 ], [ -102.33273, 21.95232 ], [ -102.33306, 21.95242 ], [ -102.3337, 21.95254 ], [ -102.33424, 21.95269 ], [ -102.33485, 21.95282 ], [ -102.33511, 21.95285 ], [ -102.33578, 21.95306 ], [ -102.336, 21.95323 ], [ -102.33624, 21.95344 ], [ -102.33661, 21.95374 ], [ -102.33692, 21.95399 ], [ -102.33736, 21.95437 ], [ -102.33757, 21.95454 ], [ -102.33785, 21.95479 ], [ -102.33793, 21.95486 ], [ -102.33798, 21.95491 ], [ -102.338, 21.95492 ], [ -102.338, 21.95493 ], [ -102.33813, 21.95507 ], [ -102.33814, 21.95508 ], [ -102.3383, 21.95522 ], [ -102.33863, 21.9555 ], [ -102.33898, 21.95579 ], [ -102.33918, 21.95597 ], [ -102.33936, 21.95612 ], [ -102.33959, 21.95632 ], [ -102.33981, 21.95651 ], [ -102.34002, 21.95669 ], [ -102.34038, 21.95699 ], [ -102.34071, 21.95727 ], [ -102.34073, 21.95728 ], [ -102.34099, 21.95751 ], [ -102.34109, 21.95758 ], [ -102.3413, 21.95776 ], [ -102.34169, 21.95807 ], [ -102.34211, 21.95842 ], [ -102.34231, 21.95859 ], [ -102.34261, 21.95889 ], [ -102.34267, 21.95897 ], [ -102.34275, 21.95907 ], [ -102.34286, 21.95924 ], [ -102.34295, 21.95942 ], [ -102.34307, 21.9597 ], [ -102.34312, 21.95987 ], [ -102.34313, 21.95997 ], [ -102.34313, 21.96008 ], [ -102.3431, 21.96024 ], [ -102.343, 21.96058 ], [ -102.34275, 21.96149 ], [ -102.34247, 21.96231 ], [ -102.34213, 21.96313 ], [ -102.34192, 21.96368 ], [ -102.34163, 21.96432 ], [ -102.34122, 21.96521 ], [ -102.34236, 21.96544 ], [ -102.34309, 21.96551 ], [ -102.34365, 21.96557 ], [ -102.34458, 21.96567 ], [ -102.34508, 21.96575 ], [ -102.34552, 21.96586 ], [ -102.34639, 21.96604 ], [ -102.3466, 21.96608 ], [ -102.3473, 21.96624 ], [ -102.34735, 21.96625 ], [ -102.34812, 21.96642 ], [ -102.34935, 21.9667 ], [ -102.34977, 21.96681 ], [ -102.35038, 21.96692 ], [ -102.35097, 21.96704 ], [ -102.35093, 21.96784 ], [ -102.35088, 21.96844 ], [ -102.35083, 21.96916 ], [ -102.350808, 21.969789 ], [ -102.350642, 21.970984 ], [ -102.350637, 21.971276 ], [ -102.350696, 21.971449 ], [ -102.350619, 21.97181 ], [ -102.350558, 21.971878 ], [ -102.349143, 21.971683 ] ] } },
{ "type": "Feature", "properties": { "route_id": "R_07", "route_short_name": "R07", "route_long_name": "R-07", "route_km": 14.481055613121558, "n_stops": 73, "straight_line_km": 7.3661677245776653, "connects_to_existing": true, "total_score": 0.19591061580068864, "pareto_rank": 2, "feasible": false, "flag": "Indirect", "detour_ratio": 1.966, "n_served_agebs": 27, "f1_demand_gain": 0.0042640466693303798, "f3_equity": 0.2492881302961516 }, "geometry": { "type": "LineString", "coordinates": [ [ -102.2969, 21.88695 ], [ -102.29674, 21.886903 ], [ -102.296475, 21.886836 ], [ -102.29638, 21.886743 ], [ -102.296325, 21.886569 ], [ -102.296255, 21.886382 ], [ -102.296064, 21.885865 ], [ -102.295317, 21.88405 ], [ -102.295295, 21.883741 ], [ -102.294557, 21.881495 ], [ -102.293746, 21.878996 ], [ -102.29359, 21.878505 ], [ -102.292499, 21.875089 ], [ -102.292078, 21.87363 ], [ -102.292071, 21.873316 ], [ -102.291827, 21.872515 ], [ -102.292776, 21.872284 ], [ -102.293459, 21.8721 ], [ -102.294043, 21.871817 ], [ -102.294751, 21.87128 ], [ -102.29521, 21.871431 ], [ -102.297702, 21.871046 ], [ -102.297557, 21.870498 ], [ -102.297463, 21.869912 ], [ -102.297609, 21.869486 ], [ -102.298254, 21.866036 ], [ -102.294103, 21.865346 ], [ -102.288976, 21.865777 ], [ -102.284242, 21.86624 ], [ -102.282591, 21.866421 ], [ -102.282411, 21.866378 ], [ -102.282255, 21.866312 ], [ -102.28222, 21.866234 ], [ -102.282223, 21.866105 ], [ -102.282336, 21.865868 ], [ -102.282762, 21.862518 ], [ -102.282836, 21.860184 ], [ -102.282811, 21.860048 ], [ -102.282341, 21.86003 ], [ -102.279676, 21.860073 ], [ -102.275909, 21.859982 ], [ -102.273519, 21.859956 ], [ -102.272466, 21.859896 ], [ -102.272253, 21.85983 ], [ -102.269553, 21.859769 ], [ -102.269481, 21.859673 ], [ -102.269507, 21.859561 ], [ -102.269459, 21.85597 ], [ -102.269429, 21.852766 ], [ -102.269427, 21.852199 ], [ -102.269413, 21.852045 ], [ -102.26913, 21.852101 ], [ -102.268887, 21.85218 ], [ -102.265081, 21.853122 ], [ -102.262481, 21.853705 ], [ -102.259583, 21.85443 ], [ -102.256873, 21.855084 ], [ -102.255176, 21.85551 ], [ -102.253075, 21.856014 ], [ -102.252709, 21.856183 ], [ -102.252138, 21.856469 ], [ -102.251459, 21.85708 ], [ -102.250987, 21.857503 ], [ -102.250603, 21.858033 ], [ -102.250371, 21.858351 ], [ -102.249856, 21.859375 ], [ -102.248197, 21.862383 ], [ -102.247844, 21.862169 ], [ -102.247452, 21.861849 ], [ -102.246949, 21.861272 ], [ -102.246462, 21.86067 ], [ -102.245828, 21.859779 ], [ -102.245727, 21.859703 ], [ -102.245286, 21.860284 ], [ -102.243803, 21.862273 ], [ -102.242914, 21.863658 ], [ -102.24233, 21.865214 ], [ -102.241971, 21.864958 ], [ -102.241648, 21.864729 ], [ -102.24124, 21.864198 ], [ -102.240614, 21.863514 ], [ -102.240313, 21.863282 ], [ -102.239855, 21.86315 ], [ -102.239206, 21.863116 ], [ -102.238389, 21.863043 ], [ -102.238112, 21.863014 ], [ -102.237987, 21.862896 ], [ -102.23786, 21.862483 ], [ -102.237826, 21.862225 ], [ -102.237865, 21.862055 ], [ -102.237955, 21.861801 ], [ -102.237986, 21.861622 ], [ -102.237843, 21.861573 ], [ -102.237666, 21.861548 ], [ -102.237507, 21.861536 ], [ -102.237435, 21.861522 ], [ -102.237234, 21.861451 ], [ -102.23707, 21.861396 ], [ -102.236933, 21.861383 ], [ -102.236307, 21.861313 ], [ -102.23593, 21.861273 ], [ -102.235066, 21.861189 ], [ -102.234026, 21.861098 ], [ -102.232799, 21.860961 ], [ -102.232185, 21.860898 ], [ -102.232145, 21.86086 ], [ -102.232137, 21.8608 ], [ -102.232263, 21.860231 ], [ -102.232366, 21.859745 ], [ -102.232473, 21.859279 ], [ -102.232561, 21.858879 ], [ -102.232691, 21.858276 ], [ -102.232796, 21.857772 ], [ -102.232974, 21.857043 ], [ -102.233072, 21.85678 ], [ -102.233187, 21.856462 ], [ -102.233288, 21.856406 ], [ -102.233737, 21.856471 ], [ -102.233749, 21.856282 ], [ -102.233811, 21.855551 ], [ -102.233831, 21.855298 ], [ -102.233879, 21.855169 ], [ -102.234041, 21.85507 ], [ -102.234117, 21.854972 ], [ -102.234252, 21.854819 ], [ -102.234377, 21.85465 ], [ -102.234588, 21.854287 ], [ -102.234894, 21.85376 ], [ -102.235183, 21.853292 ], [ -102.23552, 21.852769 ], [ -102.235818, 21.852278 ], [ -102.235922, 21.852124 ], [ -102.236055, 21.852204 ], [ -102.235735, 21.852738 ], [ -102.235154, 21.853679 ], [ -102.234627, 21.854543 ], [ -102.234326, 21.855005 ], [ -102.234277, 21.855127 ], [ -102.234127, 21.856629 ], [ -102.233718, 21.85656 ], [ -102.233599, 21.856549 ], [ -102.233249, 21.856501 ], [ -102.233151, 21.856556 ], [ -102.233031, 21.856891 ], [ -102.233113, 21.856922 ], [ -102.233434, 21.85807 ], [ -102.233533, 21.858358 ], [ -102.233667, 21.858369 ] ] } },
{ "type": "Feature", "properties": { "route_id": "R_08", "route_short_name": "R08", "route_long_name": "R-08", "route_km": 12.974515376612056, "n_stops": 60, "straight_line_km": 8.3255358280717413, "connects_to_existing": true, "total_score": 0.23353805502402319, "pareto_rank": 1, "feasible": false, "flag": "Indirect", "detour_ratio": 1.558, "n_served_agebs": 30, "f1_demand_gain": 0.025252333744285076, "f3_equity": 0.26562673100602108 }, "geometry": { "type": "LineString", "coordinates": [ [ -102.246886, 21.940721 ], [ -102.246871, 21.940526 ], [ -102.246491, 21.94052 ], [ -102.246469, 21.940316 ], [ -102.246391, 21.939524 ], [ -102.246323, 21.939491 ], [ -102.245074, 21.939584 ], [ -102.244768, 21.939597 ], [ -102.244709, 21.939594 ], [ -102.244689, 21.939529 ], [ -102.244766, 21.937639 ], [ -102.244814, 21.93753 ], [ -102.245556, 21.936859 ], [ -102.245911, 21.936622 ], [ -102.246021, 21.936566 ], [ -102.246168, 21.936493 ], [ -102.246251, 21.936467 ], [ -102.246408, 21.936442 ], [ -102.246732, 21.936402 ], [ -102.247286, 21.936374 ], [ -102.247541, 21.936346 ], [ -102.247834, 21.936313 ], [ -102.248067, 21.936267 ], [ -102.248328, 21.936211 ], [ -102.248473, 21.936197 ], [ -102.248739, 21.936169 ], [ -102.249469, 21.936144 ], [ -102.249495, 21.93607 ], [ -102.249439, 21.93599 ], [ -102.249078, 21.935685 ], [ -102.248676, 21.935431 ], [ -102.248568, 21.935372 ], [ -102.248408, 21.935301 ], [ -102.248228, 21.935235 ], [ -102.247904, 21.935063 ], [ -102.24771, 21.934966 ], [ -102.247477, 21.934847 ], [ -102.247358, 21.934768 ], [ -102.247172, 21.934622 ], [ -102.247039, 21.93453 ], [ -102.246911, 21.934428 ], [ -102.246821, 21.934283 ], [ -102.246764, 21.93412 ], [ -102.246711, 21.93389 ], [ -102.246681, 21.933016 ], [ -102.246695, 21.932654 ], [ -102.24671, 21.932438 ], [ -102.246719, 21.932279 ], [ -102.246748, 21.93203 ], [ -102.246777, 21.931617 ], [ -102.246822, 21.931025 ], [ -102.246844, 21.930357 ], [ -102.246815, 21.929902 ], [ -102.246785, 21.929586 ], [ -102.246763, 21.92931 ], [ -102.246777, 21.929159 ], [ -102.246829, 21.929083 ], [ -102.246933, 21.928993 ], [ -102.24706, 21.928931 ], [ -102.247438, 21.928897 ], [ -102.24856, 21.928812 ], [ -102.248664, 21.928812 ], [ -102.248752, 21.928819 ], [ -102.248767, 21.928842 ], [ -102.248768, 21.928891 ], [ -102.248796, 21.929263 ], [ -102.248845, 21.929493 ], [ -102.248905, 21.929664 ], [ -102.248952, 21.929772 ], [ -102.249048, 21.929942 ], [ -102.249106, 21.930035 ], [ -102.249189, 21.930158 ], [ -102.249273, 21.930288 ], [ -102.249397, 21.930415 ], [ -102.2495, 21.93051 ], [ -102.249627, 21.930607 ], [ -102.249774, 21.930693 ], [ -102.250003, 21.930812 ], [ -102.250228, 21.930936 ], [ -102.250331, 21.930999 ], [ -102.25057, 21.931131 ], [ -102.251683, 21.931734 ], [ -102.251963, 21.931894 ], [ -102.252429, 21.932167 ], [ -102.253124, 21.932554 ], [ -102.25333, 21.932671 ], [ -102.253823, 21.932925 ], [ -102.254026, 21.933031 ], [ -102.254132, 21.93307 ], [ -102.254176, 21.93308 ], [ -102.254213, 21.93308 ], [ -102.254254, 21.933075 ], [ -102.254283, 21.933046 ], [ -102.254318, 21.932987 ], [ -102.254345, 21.932942 ], [ -102.254612, 21.932537 ], [ -102.254984, 21.931976 ], [ -102.255455, 21.931203 ], [ -102.255874, 21.930576 ], [ -102.256096, 21.930173 ], [ -102.256222, 21.929995 ], [ -102.256267, 21.929939 ], [ -102.256403, 21.929911 ], [ -102.256525, 21.929911 ], [ -102.25689, 21.92992 ], [ -102.257067, 21.929924 ], [ -102.257228, 21.929943 ], [ -102.257379, 21.92998 ], [ -102.257536, 21.930023 ], [ -102.257682, 21.930088 ], [ -102.257844, 21.930168 ], [ -102.258102, 21.930326 ], [ -102.258682, 21.930621 ], [ -102.259065, 21.930817 ], [ -102.259414, 21.931005 ], [ -102.25984, 21.931245 ], [ -102.260042, 21.931358 ], [ -102.260112, 21.93139 ], [ -102.260193, 21.9314 ], [ -102.260264, 21.931376 ], [ -102.260319, 21.931292 ], [ -102.260375, 21.931222 ], [ -102.260804, 21.930524 ], [ -102.261207, 21.929874 ], [ -102.261596, 21.929265 ], [ -102.262267, 21.928179 ], [ -102.2626, 21.927664 ], [ -102.262943, 21.927121 ], [ -102.263488, 21.926217 ], [ -102.263579, 21.9261 ], [ -102.263675, 21.925969 ], [ -102.263776, 21.925833 ], [ -102.263968, 21.925604 ], [ -102.264013, 21.925576 ], [ -102.264069, 21.925604 ], [ -102.26427, 21.925805 ], [ -102.264553, 21.926063 ], [ -102.264893, 21.926364 ], [ -102.265257, 21.926635 ], [ -102.265408, 21.926724 ], [ -102.265504, 21.926752 ], [ -102.265575, 21.926766 ], [ -102.26566, 21.926794 ], [ -102.266246, 21.927323 ], [ -102.266286, 21.927342 ], [ -102.266316, 21.927323 ], [ -102.266337, 21.927281 ], [ -102.266311, 21.927197 ], [ -102.266251, 21.927131 ], [ -102.265751, 21.926719 ], [ -102.265125, 21.926214 ], [ -102.264073, 21.925332 ], [ -102.263891, 21.925182 ], [ -102.26375, 21.925042 ], [ -102.263644, 21.92492 ], [ -102.263422, 21.924658 ], [ -102.26326, 21.924424 ], [ -102.263084, 21.924166 ], [ -102.262897, 21.923872 ], [ -102.262637, 21.923254 ], [ -102.262365, 21.922702 ], [ -102.262259, 21.922468 ], [ -102.262213, 21.922337 ], [ -102.262208, 21.92229 ], [ -102.262259, 21.922234 ], [ -102.262612, 21.921934 ], [ -102.263197, 21.921396 ], [ -102.264224, 21.920493 ], [ -102.264325, 21.9204 ], [ -102.264467, 21.920287 ], [ -102.264653, 21.920133 ], [ -102.264729, 21.920072 ], [ -102.264774, 21.920011 ], [ -102.264835, 21.919894 ], [ -102.26488, 21.9198 ], [ -102.264941, 21.919543 ], [ -102.265016, 21.919154 ], [ -102.26547, 21.916933 ], [ -102.265551, 21.916502 ], [ -102.265697, 21.915587 ], [ -102.265753, 21.915218 ], [ -102.265788, 21.915002 ], [ -102.265813, 21.914787 ], [ -102.265831, 21.914756 ], [ -102.265884, 21.914768 ], [ -102.265979, 21.914784 ], [ -102.266316, 21.914706 ], [ -102.266829, 21.914557 ], [ -102.266839, 21.914497 ], [ -102.266816, 21.914396 ], [ -102.266779, 21.914282 ], [ -102.266725, 21.914141 ], [ -102.266703, 21.913985 ], [ -102.266671, 21.913864 ], [ -102.266657, 21.913723 ], [ -102.266634, 21.913545 ], [ -102.266539, 21.913106 ], [ -102.266479, 21.912817 ], [ -102.266442, 21.912559 ], [ -102.266436, 21.912492 ], [ -102.266449, 21.912426 ], [ -102.266516, 21.912372 ], [ -102.266622, 21.91233 ], [ -102.267759, 21.911802 ], [ -102.268224, 21.911595 ], [ -102.268762, 21.911314 ], [ -102.269069, 21.911169 ], [ -102.269275, 21.911012 ], [ -102.269485, 21.91085 ], [ -102.270597, 21.909892 ], [ -102.2707, 21.909805 ], [ -102.270791, 21.909743 ], [ -102.270992, 21.909593 ], [ -102.271312, 21.909427 ], [ -102.271965, 21.909099 ], [ -102.272264, 21.908932 ], [ -102.272666, 21.908667 ], [ -102.272949, 21.908562 ], [ -102.27416, 21.908405 ], [ -102.274582, 21.908161 ], [ -102.275931, 21.907695 ], [ -102.277104, 21.9073 ], [ -102.277783, 21.907077 ], [ -102.278201, 21.906945 ], [ -102.27841, 21.906872 ], [ -102.2786, 21.906809 ], [ -102.278657, 21.906788 ], [ -102.278766, 21.906744 ], [ -102.27927, 21.906583 ], [ -102.280123, 21.906304 ], [ -102.280725, 21.906109 ], [ -102.281318, 21.905908 ], [ -102.281696, 21.905789 ], [ -102.281773, 21.905757 ], [ -102.282573, 21.905494 ], [ -102.28335, 21.905245 ], [ -102.284015, 21.905036 ], [ -102.284704, 21.904768 ], [ -102.284725, 21.904716 ], [ -102.284697, 21.904629 ], [ -102.284621, 21.904516 ], [ -102.283574, 21.902804 ], [ -102.28335, 21.902532 ], [ -102.283196, 21.902396 ], [ -102.283098, 21.902261 ], [ -102.282971, 21.902108 ], [ -102.282885, 21.901969 ], [ -102.282795, 21.901789 ], [ -102.282754, 21.901657 ], [ -102.282714, 21.901499 ], [ -102.282664, 21.901156 ], [ -102.282544, 21.900969 ], [ -102.282157, 21.900531 ], [ -102.281381, 21.89955 ], [ -102.280644, 21.898676 ], [ -102.280128, 21.898004 ], [ -102.279995, 21.897763 ], [ -102.279911, 21.897603 ], [ -102.279864, 21.897473 ], [ -102.279879, 21.897366 ], [ -102.279927, 21.8973 ], [ -102.280145, 21.897123 ], [ -102.28047, 21.896896 ], [ -102.280812, 21.896659 ], [ -102.281024, 21.896572 ], [ -102.281372, 21.89646 ], [ -102.282222, 21.896367 ], [ -102.282574, 21.896339 ], [ -102.282995, 21.896328 ], [ -102.283288, 21.896411 ], [ -102.28356, 21.896454 ], [ -102.283835, 21.896455 ], [ -102.284116, 21.896461 ], [ -102.284681, 21.896287 ], [ -102.286627, 21.895747 ], [ -102.292821, 21.893927 ], [ -102.292935, 21.893883 ], [ -102.293001, 21.893793 ], [ -102.293066, 21.893631 ], [ -102.29316, 21.893445 ], [ -102.293373, 21.893114 ], [ -102.293487, 21.892947 ], [ -102.293671, 21.892705 ], [ -102.293806, 21.892553 ], [ -102.293932, 21.892409 ], [ -102.294039, 21.892288 ], [ -102.294149, 21.892173 ], [ -102.294353, 21.891968 ], [ -102.294731, 21.891595 ], [ -102.294894, 21.891447 ], [ -102.295045, 21.891296 ], [ -102.295265, 21.891114 ], [ -102.29542, 21.890947 ], [ -102.295573, 21.890795 ], [ -102.295654, 21.890731 ], [ -102.295719, 21.890681 ], [ -102.295793, 21.890632 ], [ -102.295875, 21.890606 ], [ -102.29605, 21.890549 ], [ -102.296316, 21.890492 ], [ -102.29672, 21.890409 ], [ -102.296977, 21.890378 ], [ -102.297279, 21.890318 ], [ -102.297361, 21.890306 ], [ -102.297414, 21.890284 ], [ -102.297446, 21.890212 ], [ -102.297463, 21.890124 ], [ -102.297695, 21.889249 ], [ -102.297903, 21.888408 ], [ -102.297985, 21.888097 ], [ -102.298127, 21.887479 ], [ -102.298209, 21.887142 ], [ -102.298176, 21.887107 ], [ -102.298301, 21.886729 ], [ -102.298487, 21.885915 ], [ -102.298695, 21.885279 ], [ -102.298833, 21.884681 ], [ -102.298718, 21.884371 ], [ -102.29843, 21.883665 ], [ -102.298257, 21.883216 ], [ -102.297949, 21.88265 ], [ -102.297461, 21.882853 ] ] } },
{ "type": "Feature", "properties": { "route_id": "R_09", "route_short_name": "R09", "route_long_name": "R-09", "route_km": 25.776742945921328, "n_stops": 133, "straight_line_km": 11.886148054575198, "connects_to_existing": true, "total_score": 0.12405270265761409, "pareto_rank": 2, "feasible": false, "flag": "Indirect", "detour_ratio": 2.169, "n_served_agebs": 51, "f1_demand_gain": 0.0057885733468771416, "f3_equity": 0.33228128210699198 }, "geometry": { "type": "LineString", "coordinates": [ [ -102.291392, 21.834851 ], [ -102.291647, 21.834813 ], [ -102.292041, 21.83473 ], [ -102.29214, 21.834698 ], [ -102.292173, 21.834641 ], [ -102.292158, 21.834597 ], [ -102.292092, 21.834534 ], [ -102.291948, 21.834526 ], [ -102.291402, 21.83464 ], [ -102.291076, 21.834691 ], [ -102.29051, 21.834795 ], [ -102.290448, 21.834784 ], [ -102.290444, 21.834727 ], [ -102.290477, 21.834651 ], [ -102.290556, 21.834561 ], [ -102.290651, 21.834477 ], [ -102.290839, 21.834427 ], [ -102.292474, 21.834105 ], [ -102.292613, 21.834136 ], [ -102.29275, 21.834249 ], [ -102.292826, 21.834308 ], [ -102.292901, 21.83442 ], [ -102.29319, 21.834436 ], [ -102.29334, 21.834439 ], [ -102.29338, 21.834737 ], [ -102.29345, 21.83541 ], [ -102.29345, 21.83689 ], [ -102.29346, 21.83774 ], [ -102.29346, 21.83792 ], [ -102.29346, 21.83818 ], [ -102.29347, 21.84 ], [ -102.29347, 21.84025 ], [ -102.29348, 21.84048 ], [ -102.29351, 21.84138 ], [ -102.29365, 21.84137 ], [ -102.29501, 21.84146 ], [ -102.2965, 21.84157 ], [ -102.29734, 21.84162 ], [ -102.29817, 21.8417 ], [ -102.2983, 21.8417 ], [ -102.29902, 21.84175 ], [ -102.30018, 21.84185 ], [ -102.30043, 21.84187 ], [ -102.30069, 21.8419 ], [ -102.30139, 21.84193 ], [ -102.30141, 21.84203 ], [ -102.30142, 21.84215 ], [ -102.30141, 21.8425 ], [ -102.30142, 21.84261 ], [ -102.30143, 21.84264 ], [ -102.30143, 21.84309 ], [ -102.30143, 21.84337 ], [ -102.30144, 21.84357 ], [ -102.30144, 21.84377 ], [ -102.30145, 21.84403 ], [ -102.30146, 21.84444 ], [ -102.30147, 21.84463 ], [ -102.30148, 21.84486 ], [ -102.30149, 21.84498 ], [ -102.30147, 21.84519 ], [ -102.30145, 21.84535 ], [ -102.30144, 21.84543 ], [ -102.30141, 21.8456 ], [ -102.30134, 21.84627 ], [ -102.30133, 21.8464 ], [ -102.30131, 21.84672 ], [ -102.30129, 21.84695 ], [ -102.30128, 21.84711 ], [ -102.30126, 21.84726 ], [ -102.3012, 21.84782 ], [ -102.30119, 21.8479 ], [ -102.30118, 21.848 ], [ -102.30115, 21.84829 ], [ -102.30113, 21.84858 ], [ -102.30106, 21.84924 ], [ -102.30103, 21.84958 ], [ -102.30103, 21.84965 ], [ -102.30117, 21.84968 ], [ -102.30175, 21.84982 ], [ -102.30223, 21.84991 ], [ -102.30267, 21.85002 ], [ -102.30313, 21.85012 ], [ -102.30359, 21.85022 ], [ -102.30382, 21.85027 ], [ -102.30405, 21.85032 ], [ -102.3045, 21.85043 ], [ -102.30459, 21.85045 ], [ -102.30506, 21.85055 ], [ -102.30552, 21.85065 ], [ -102.30597, 21.85076 ], [ -102.30642, 21.85086 ], [ -102.3067, 21.85092 ], [ -102.30687, 21.85096 ], [ -102.30733, 21.85107 ], [ -102.30744, 21.85108 ], [ -102.30768, 21.85113 ], [ -102.30803, 21.85118 ], [ -102.3085, 21.85125 ], [ -102.30869, 21.85128 ], [ -102.3087, 21.85128 ], [ -102.30872, 21.85127 ], [ -102.30876, 21.85127 ], [ -102.30933, 21.85135 ], [ -102.30943, 21.85138 ], [ -102.30993, 21.85154 ], [ -102.31038, 21.85167 ], [ -102.31087, 21.85184 ], [ -102.31134, 21.85198 ], [ -102.31182, 21.85216 ], [ -102.31229, 21.85228 ], [ -102.31278, 21.85245 ], [ -102.31326, 21.85259 ], [ -102.31372, 21.85274 ], [ -102.31414, 21.85288 ], [ -102.31417, 21.85289 ], [ -102.31469, 21.85307 ], [ -102.31526, 21.85333 ], [ -102.31619, 21.85376 ], [ -102.31661, 21.85396 ], [ -102.31705, 21.85417 ], [ -102.31701, 21.85422 ], [ -102.31664, 21.85486 ], [ -102.31644, 21.85517 ], [ -102.31631, 21.85536 ], [ -102.31622, 21.85549 ], [ -102.31609, 21.85566 ], [ -102.31598, 21.85582 ], [ -102.31544, 21.85656 ], [ -102.31514, 21.85701 ], [ -102.31487, 21.85746 ], [ -102.31468, 21.85776 ], [ -102.31432, 21.85839 ], [ -102.31413, 21.85874 ], [ -102.31398, 21.85904 ], [ -102.31387, 21.85925 ], [ -102.31384, 21.85929 ], [ -102.31371, 21.85954 ], [ -102.31357, 21.85978 ], [ -102.3133, 21.86026 ], [ -102.31317, 21.86049 ], [ -102.31309, 21.86063 ], [ -102.31289, 21.86097 ], [ -102.31277, 21.86117 ], [ -102.31266, 21.86138 ], [ -102.31242, 21.86178 ], [ -102.3122, 21.86216 ], [ -102.31207, 21.86235 ], [ -102.312, 21.86247 ], [ -102.31186, 21.8627 ], [ -102.3118, 21.86281 ], [ -102.31168, 21.86301 ], [ -102.31148, 21.86335 ], [ -102.31136, 21.86356 ], [ -102.31127, 21.86373 ], [ -102.31103, 21.86413 ], [ -102.3108, 21.86453 ], [ -102.31066, 21.86478 ], [ -102.31054, 21.86494 ], [ -102.3103, 21.86538 ], [ -102.31011, 21.86564 ], [ -102.30992, 21.86593 ], [ -102.30981, 21.86611 ], [ -102.30975, 21.8662 ], [ -102.30965, 21.86636 ], [ -102.30946, 21.86678 ], [ -102.30937, 21.86694 ], [ -102.30922, 21.8672 ], [ -102.30915, 21.86732 ], [ -102.30882, 21.86785 ], [ -102.3084, 21.86777 ], [ -102.3076, 21.86764 ], [ -102.30648, 21.86742 ], [ -102.30528, 21.86722 ], [ -102.30416, 21.86704 ], [ -102.3038, 21.86698 ], [ -102.30334, 21.8669 ], [ -102.30303, 21.86685 ], [ -102.3029, 21.86683 ], [ -102.30176, 21.86663 ], [ -102.30062, 21.86642 ], [ -102.30029, 21.86636 ], [ -102.29948, 21.86621 ], [ -102.29935, 21.86619 ], [ -102.29885, 21.8661 ], [ -102.29852, 21.86604 ], [ -102.29829, 21.866 ], [ -102.29766, 21.8659 ], [ -102.29757, 21.86585 ], [ -102.29709, 21.86575 ], [ -102.29599, 21.86556 ], [ -102.2957, 21.86551 ], [ -102.29558, 21.86549 ], [ -102.29513, 21.86541 ], [ -102.29454, 21.86532 ], [ -102.29448, 21.86532 ], [ -102.29425, 21.86529 ], [ -102.29422, 21.86529 ], [ -102.29413, 21.86529 ], [ -102.29414, 21.86536 ], [ -102.29414, 21.86544 ], [ -102.29415, 21.8655 ], [ -102.29419, 21.86576 ], [ -102.29422, 21.866 ], [ -102.29427, 21.86625 ], [ -102.2943, 21.8664 ], [ -102.29436, 21.86681 ], [ -102.29459, 21.86816 ], [ -102.29464, 21.86845 ], [ -102.29471, 21.86887 ], [ -102.29481, 21.86951 ], [ -102.29492, 21.8702 ], [ -102.295, 21.8708 ], [ -102.29502, 21.87086 ], [ -102.29505, 21.87095 ], [ -102.2951, 21.87136 ], [ -102.29509, 21.8714 ], [ -102.29507, 21.87211 ], [ -102.29506, 21.87222 ], [ -102.29502, 21.87286 ], [ -102.29501, 21.87301 ], [ -102.295, 21.87315 ], [ -102.295, 21.8732 ], [ -102.295, 21.87329 ], [ -102.29499, 21.87339 ], [ -102.29496, 21.87411 ], [ -102.29491, 21.87479 ], [ -102.2949, 21.875 ], [ -102.29491, 21.87522 ], [ -102.29492, 21.87533 ], [ -102.29492, 21.87534 ], [ -102.29494, 21.87544 ], [ -102.29496, 21.87553 ], [ -102.29497, 21.87558 ], [ -102.29507, 21.87591 ], [ -102.29519, 21.8764 ], [ -102.2952, 21.87643 ], [ -102.29571, 21.87785 ], [ -102.29583, 21.87818 ], [ -102.2959, 21.87836 ], [ -102.29592, 21.87847 ], [ -102.29597, 21.87862 ], [ -102.29599, 21.87875 ], [ -102.29607, 21.8791 ], [ -102.29607, 21.87911 ], [ -102.2964, 21.88008 ], [ -102.29647, 21.88037 ], [ -102.29651, 21.88062 ], [ -102.29658, 21.88109 ], [ -102.29659, 21.88114 ], [ -102.29659, 21.88116 ], [ -102.2966, 21.88119 ], [ -102.29664, 21.88126 ], [ -102.29682, 21.88158 ], [ -102.297, 21.88193 ], [ -102.2971, 21.88213 ], [ -102.29747, 21.882876 ], [ -102.296184, 21.883378 ], [ -102.296499, 21.884513 ], [ -102.296594, 21.88479 ], [ -102.296771, 21.885438 ], [ -102.296833, 21.885795 ], [ -102.297, 21.88662 ], [ -102.29693, 21.88688 ], [ -102.2969, 21.88695 ], [ -102.2968, 21.88717 ], [ -102.29657, 21.88758 ], [ -102.29645, 21.88778 ], [ -102.29617, 21.88821 ], [ -102.29605, 21.88842 ], [ -102.29578, 21.88884 ], [ -102.2952, 21.88978 ], [ -102.29505, 21.89003 ], [ -102.29499, 21.89025 ], [ -102.29496, 21.89093 ], [ -102.29494, 21.89107 ], [ -102.29491, 21.89132 ], [ -102.29491, 21.89143 ], [ -102.29474, 21.89157 ], [ -102.29466, 21.89164 ], [ -102.29441, 21.89189 ], [ -102.29408, 21.89225 ], [ -102.29403, 21.8923 ], [ -102.29382, 21.89255 ], [ -102.29377, 21.89263 ], [ -102.29347, 21.89304 ], [ -102.29328, 21.89327 ], [ -102.29319, 21.8934 ], [ -102.29318, 21.89342 ], [ -102.29313, 21.89351 ], [ -102.29308, 21.89361 ], [ -102.29297, 21.8939 ], [ -102.2929, 21.89408 ], [ -102.29289, 21.89412 ], [ -102.29288, 21.89416 ], [ -102.29287, 21.8942 ], [ -102.29286, 21.89426 ], [ -102.29285, 21.89431 ], [ -102.29284, 21.89435 ], [ -102.29284, 21.89441 ], [ -102.29283, 21.89466 ], [ -102.29283, 21.895 ], [ -102.29283, 21.89506 ], [ -102.2928, 21.89558 ], [ -102.29279, 21.89606 ], [ -102.29278, 21.89612 ], [ -102.29248, 21.89622 ], [ -102.2914, 21.89653 ], [ -102.29173, 21.89756 ], [ -102.29207, 21.89855 ], [ -102.29216, 21.89882 ], [ -102.29239, 21.89956 ], [ -102.29249, 21.90007 ], [ -102.29253, 21.90029 ], [ -102.29245, 21.90044 ], [ -102.29241, 21.90049 ], [ -102.29232, 21.9006 ], [ -102.292, 21.90069 ], [ -102.29162, 21.90079 ], [ -102.2911, 21.90093 ], [ -102.29055, 21.90109 ], [ -102.2895, 21.90138 ], [ -102.28932, 21.90143 ], [ -102.28893, 21.90154 ], [ -102.28842, 21.90168 ], [ -102.28831, 21.9017 ], [ -102.28789, 21.90183 ], [ -102.28746, 21.90196 ], [ -102.28721, 21.90204 ], [ -102.28715, 21.90206 ], [ -102.28693, 21.90213 ], [ -102.28667, 21.90221 ], [ -102.28631, 21.90231 ], [ -102.28605, 21.90239 ], [ -102.28603, 21.90239 ], [ -102.28572, 21.90247 ], [ -102.28566, 21.90249 ], [ -102.28558, 21.90251 ], [ -102.28541, 21.90256 ], [ -102.2851, 21.90264 ], [ -102.28501, 21.90265 ], [ -102.28492, 21.90267 ], [ -102.28475, 21.90268 ], [ -102.28448, 21.90266 ], [ -102.28425, 21.90262 ], [ -102.28403, 21.90255 ], [ -102.28398, 21.90253 ], [ -102.28376, 21.90242 ], [ -102.28358, 21.9023 ], [ -102.28351, 21.90225 ], [ -102.28347, 21.9022 ], [ -102.28333, 21.90206 ], [ -102.28322, 21.90192 ], [ -102.28319, 21.90189 ], [ -102.28317, 21.90188 ], [ -102.2828, 21.90143 ], [ -102.2827, 21.90127 ], [ -102.28264, 21.90118 ], [ -102.28234, 21.90079 ], [ -102.28227, 21.9007 ], [ -102.28224, 21.90066 ], [ -102.28155, 21.8998 ], [ -102.28088, 21.89896 ], [ -102.2808, 21.89886 ], [ -102.28076, 21.89876 ], [ -102.28074, 21.89872 ], [ -102.28073, 21.89869 ], [ -102.28068, 21.89862 ], [ -102.2806, 21.89852 ], [ -102.28031, 21.89818 ], [ -102.28011, 21.89795 ], [ -102.27975, 21.89752 ], [ -102.2797, 21.89744 ], [ -102.27963, 21.89735 ], [ -102.27957, 21.89728 ], [ -102.27855, 21.89599 ], [ -102.27854, 21.89597 ], [ -102.2785, 21.89591 ], [ -102.27834, 21.89604 ], [ -102.27822, 21.89614 ], [ -102.2781, 21.89624 ], [ -102.27768, 21.89656 ], [ -102.27729, 21.89686 ], [ -102.27605, 21.89782 ], [ -102.27566, 21.89812 ], [ -102.27519, 21.89844 ], [ -102.27509, 21.89851 ], [ -102.27486, 21.89866 ], [ -102.27414, 21.89922 ], [ -102.27401, 21.89931 ], [ -102.27372, 21.89954 ], [ -102.27363, 21.89961 ], [ -102.27341, 21.89979 ], [ -102.27323, 21.89993 ], [ -102.27318, 21.89996 ], [ -102.27314, 21.89998 ], [ -102.27311, 21.9 ], [ -102.27306, 21.90001 ], [ -102.27302, 21.90001 ], [ -102.27221, 21.89993 ], [ -102.27188, 21.89987 ], [ -102.27174, 21.89983 ], [ -102.27166, 21.89979 ], [ -102.27108, 21.89953 ], [ -102.27082, 21.89942 ], [ -102.27063, 21.89931 ], [ -102.27062, 21.89943 ], [ -102.27045, 21.90055 ], [ -102.27044, 21.90064 ], [ -102.27035, 21.90117 ], [ -102.27016, 21.9023 ], [ -102.27013, 21.90259 ], [ -102.27011, 21.90274 ], [ -102.26982, 21.90283 ], [ -102.2693, 21.90301 ], [ -102.26901, 21.9031 ], [ -102.26889, 21.90314 ], [ -102.26851, 21.90326 ], [ -102.26811, 21.90338 ], [ -102.26756, 21.90355 ], [ -102.26703, 21.90373 ], [ -102.26685, 21.90378 ], [ -102.26626, 21.90398 ], [ -102.26592, 21.90407 ], [ -102.26474, 21.90445 ], [ -102.26357, 21.90483 ], [ -102.26327, 21.90492 ], [ -102.263, 21.90503 ], [ -102.2629, 21.90505 ], [ -102.2628, 21.90509 ], [ -102.26261, 21.90515 ], [ -102.26223, 21.90526 ], [ -102.26178, 21.90541 ], [ -102.26096, 21.90567 ], [ -102.26025, 21.9059 ], [ -102.2586, 21.90642 ], [ -102.25793, 21.90663 ], [ -102.2577, 21.9067 ], [ -102.25712, 21.90688 ], [ -102.25703, 21.90692 ], [ -102.25687, 21.90697 ], [ -102.25678, 21.90701 ], [ -102.25664, 21.90707 ], [ -102.2566, 21.90709 ], [ -102.25656, 21.90714 ], [ -102.25643, 21.90728 ], [ -102.25628, 21.90747 ], [ -102.25623, 21.90753 ], [ -102.25621, 21.90758 ], [ -102.25618, 21.90767 ], [ -102.25614, 21.90778 ], [ -102.25608, 21.90796 ], [ -102.25607, 21.90797 ], [ -102.25606, 21.90801 ], [ -102.25603, 21.90813 ], [ -102.25596, 21.90826 ], [ -102.2559, 21.90834 ], [ -102.25586, 21.90839 ], [ -102.2558, 21.90846 ], [ -102.25574, 21.90852 ], [ -102.25563, 21.9086 ], [ -102.2555, 21.90868 ], [ -102.25542, 21.90873 ], [ -102.25531, 21.9088 ], [ -102.25512, 21.90889 ], [ -102.25506, 21.90893 ], [ -102.25491, 21.90903 ], [ -102.2549, 21.90904 ], [ -102.25489, 21.90905 ], [ -102.25489, 21.90906 ], [ -102.25488, 21.90908 ], [ -102.25484, 21.90911 ], [ -102.25481, 21.90912 ], [ -102.25456, 21.90926 ], [ -102.25441, 21.90935 ], [ -102.25429, 21.90941 ], [ -102.25416, 21.90947 ], [ -102.25405, 21.9095 ], [ -102.25392, 21.90955 ], [ -102.25381, 21.90958 ], [ -102.25375, 21.9096 ], [ -102.25368, 21.90962 ], [ -102.25363, 21.90964 ], [ -102.25356, 21.90969 ], [ -102.25351, 21.90973 ], [ -102.25348, 21.90976 ], [ -102.25346, 21.90981 ], [ -102.25345, 21.90986 ], [ -102.25344, 21.90991 ], [ -102.25345, 21.90996 ], [ -102.25346, 21.91002 ], [ -102.25351, 21.91019 ], [ -102.25357, 21.9104 ], [ -102.2536, 21.91048 ], [ -102.25363, 21.91058 ], [ -102.25368, 21.91077 ], [ -102.25372, 21.91092 ], [ -102.25373, 21.91097 ], [ -102.25374, 21.91102 ], [ -102.25374, 21.91114 ], [ -102.25371, 21.91126 ], [ -102.25369, 21.91131 ], [ -102.25368, 21.91134 ], [ -102.25363, 21.91143 ], [ -102.25359, 21.91147 ], [ -102.25357, 21.91151 ], [ -102.25349, 21.91157 ], [ -102.25338, 21.91167 ], [ -102.25327, 21.91174 ], [ -102.25308, 21.91186 ], [ -102.25259, 21.9121 ], [ -102.25256, 21.91211 ], [ -102.25217, 21.91229 ], [ -102.25204, 21.91236 ], [ -102.252, 21.91237 ], [ -102.25197, 21.91239 ], [ -102.25201, 21.91248 ], [ -102.25211, 21.91272 ], [ -102.25226, 21.91313 ], [ -102.25243, 21.91353 ], [ -102.25221, 21.9137 ], [ -102.25174, 21.91405 ], [ -102.25124, 21.91444 ], [ -102.25073, 21.91477 ], [ -102.25022, 21.91514 ], [ -102.24971, 21.9155 ], [ -102.2492, 21.91587 ], [ -102.24884, 21.91631 ], [ -102.24866, 21.91676 ], [ -102.24847, 21.91726 ], [ -102.24832, 21.91766 ], [ -102.24579, 21.91741 ], [ -102.245645, 21.917386 ], [ -102.245571, 21.917383 ], [ -102.245443, 21.917413 ], [ -102.245299, 21.917626 ], [ -102.244735, 21.9184 ], [ -102.244249, 21.919026 ], [ -102.243952, 21.919345 ], [ -102.243529, 21.919784 ], [ -102.243089, 21.920216 ], [ -102.242977, 21.92035 ], [ -102.242863, 21.920485 ], [ -102.242751, 21.920628 ], [ -102.242668, 21.920784 ], [ -102.242268, 21.921572 ], [ -102.242011, 21.922051 ], [ -102.241256, 21.923502 ], [ -102.240466, 21.925044 ], [ -102.240305, 21.925288 ], [ -102.240154, 21.925478 ], [ -102.239959, 21.925683 ], [ -102.239416, 21.926211 ], [ -102.238991, 21.926633 ], [ -102.238309, 21.927312 ], [ -102.237638, 21.927973 ], [ -102.237527, 21.928064 ], [ -102.237363, 21.928213 ], [ -102.237324, 21.928278 ], [ -102.237322, 21.928285 ], [ -102.237318, 21.928377 ], [ -102.237372, 21.928468 ], [ -102.23753, 21.928637 ], [ -102.237639, 21.928795 ], [ -102.23772, 21.92888 ], [ -102.237797, 21.928933 ], [ -102.23785, 21.928987 ], [ -102.237858, 21.929074 ], [ -102.237913, 21.929115 ], [ -102.238006, 21.929119 ], [ -102.238066, 21.929071 ], [ -102.238078, 21.928996 ], [ -102.23813, 21.928947 ], [ -102.238215, 21.928905 ], [ -102.238395, 21.928825 ], [ -102.238623, 21.928744 ], [ -102.238824, 21.928686 ], [ -102.238997, 21.928642 ], [ -102.23914, 21.928601 ], [ -102.239206, 21.928583 ], [ -102.239257, 21.928595 ], [ -102.239311, 21.928619 ], [ -102.239393, 21.92861 ], [ -102.239432, 21.928566 ], [ -102.239441, 21.9285 ], [ -102.239396, 21.928427 ], [ -102.239325, 21.928415 ], [ -102.239285, 21.928433 ], [ -102.239243, 21.928506 ], [ -102.239193, 21.928515 ], [ -102.239039, 21.928566 ], [ -102.238839, 21.928621 ], [ -102.238606, 21.928695 ], [ -102.238475, 21.928735 ], [ -102.238293, 21.928802 ], [ -102.238156, 21.928866 ], [ -102.238106, 21.928901 ], [ -102.238059, 21.928911 ], [ -102.237996, 21.928893 ], [ -102.237916, 21.928854 ], [ -102.237816, 21.928739 ], [ -102.23766, 21.928552 ], [ -102.237478, 21.92833 ], [ -102.237436, 21.928267 ], [ -102.237442, 21.928218 ], [ -102.23747, 21.928178 ], [ -102.237674, 21.927991 ], [ -102.237779, 21.927898 ], [ -102.23817, 21.927501 ], [ -102.238428, 21.927241 ], [ -102.23871, 21.926967 ], [ -102.239089, 21.926585 ], [ -102.239369, 21.926305 ], [ -102.239611, 21.926077 ], [ -102.23989, 21.925811 ], [ -102.240038, 21.925684 ], [ -102.240325, 21.92536 ], [ -102.240418, 21.925206 ], [ -102.240525, 21.925044 ], [ -102.240601, 21.925059 ], [ -102.240663, 21.925104 ], [ -102.24075, 21.925223 ], [ -102.240932, 21.925463 ], [ -102.241161, 21.925756 ], [ -102.241336, 21.925977 ], [ -102.241492, 21.926184 ], [ -102.24155, 21.926249 ], [ -102.241618, 21.926276 ], [ -102.241701, 21.92626 ], [ -102.242127, 21.926165 ], [ -102.242673, 21.926057 ], [ -102.242899, 21.926019 ], [ -102.243015, 21.925991 ], [ -102.243076, 21.925973 ], [ -102.243152, 21.925902 ], [ -102.243321, 21.925597 ], [ -102.243507, 21.925234 ], [ -102.243574, 21.925137 ], [ -102.243591, 21.925033 ], [ -102.243613, 21.924983 ], [ -102.243639, 21.924949 ], [ -102.243666, 21.924925 ], [ -102.243676, 21.924877 ], [ -102.24365, 21.924823 ], [ -102.243606, 21.924789 ], [ -102.243589, 21.92474 ], [ -102.243581, 21.924562 ], [ -102.243564, 21.923998 ], [ -102.243541, 21.923557 ], [ -102.243526, 21.923428 ], [ -102.243501, 21.923339 ], [ -102.243426, 21.923289 ], [ -102.243424, 21.923288 ], [ -102.242606, 21.922918 ], [ -102.241968, 21.922622 ], [ -102.241881, 21.922568 ], [ -102.241854, 21.922513 ], [ -102.241874, 21.922452 ], [ -102.241911, 21.922376 ], [ -102.242048, 21.922074 ], [ -102.24224, 21.921727 ], [ -102.242446, 21.921313 ], [ -102.242649, 21.920908 ], [ -102.242758, 21.920712 ], [ -102.242827, 21.920601 ], [ -102.242891, 21.920509 ], [ -102.243251, 21.920115 ], [ -102.243641, 21.919718 ], [ -102.243926, 21.919443 ], [ -102.244081, 21.919315 ], [ -102.244419, 21.918893 ], [ -102.244903, 21.918252 ], [ -102.245416, 21.91755 ], [ -102.245506, 21.917423 ], [ -102.245517, 21.917339 ], [ -102.245489, 21.91727 ], [ -102.245476, 21.917211 ], [ -102.24547, 21.91719 ], [ -102.24546, 21.91714 ], [ -102.24545, 21.91708 ], [ -102.24546, 21.91701 ], [ -102.24546, 21.91686 ], [ -102.24548, 21.91652 ], [ -102.24552, 21.91592 ], [ -102.24553, 21.91555 ], [ -102.24561, 21.91425 ], [ -102.24572, 21.91274 ], [ -102.24573, 21.91265 ], [ -102.2456, 21.91257 ], [ -102.24535, 21.91243 ], [ -102.2453, 21.9124 ], [ -102.24508, 21.91225 ], [ -102.24491, 21.91216 ], [ -102.24453, 21.91208 ], [ -102.24415, 21.912 ], [ -102.24378, 21.91193 ], [ -102.24365, 21.91191 ], [ -102.24335, 21.91185 ], [ -102.24326, 21.91183 ], [ -102.24308, 21.91179 ], [ -102.24289, 21.91175 ], [ -102.24277, 21.91173 ], [ -102.24241, 21.91166 ], [ -102.24194, 21.91156 ], [ -102.24157, 21.91147 ], [ -102.24139, 21.91141 ], [ -102.2412, 21.91135 ], [ -102.24077, 21.9112 ], [ -102.24052, 21.91112 ], [ -102.24023, 21.91107 ], [ -102.24009, 21.91106 ], [ -102.24002, 21.91102 ], [ -102.23973, 21.91085 ], [ -102.23945, 21.91061 ], [ -102.23915, 21.91037 ], [ -102.23888, 21.91014 ], [ -102.23859, 21.90991 ], [ -102.23837, 21.90971 ], [ -102.23831, 21.90965 ], [ -102.23809, 21.90945 ], [ -102.23802, 21.90938 ], [ -102.23776, 21.90913 ], [ -102.23767, 21.90902 ], [ -102.23761, 21.90893 ], [ -102.23755, 21.90883 ], [ -102.23749, 21.9087 ], [ -102.23744, 21.90856 ], [ -102.2374, 21.90842 ], [ -102.23738, 21.90831 ], [ -102.23747, 21.90828 ], [ -102.23764, 21.90825 ], [ -102.23785, 21.90818 ], [ -102.23811, 21.90808 ], [ -102.23833, 21.90797 ], [ -102.23847, 21.9079 ], [ -102.23864, 21.90778 ], [ -102.23885, 21.90762 ], [ -102.23903, 21.90742 ], [ -102.23932, 21.90712 ], [ -102.23963, 21.90684 ], [ -102.23977, 21.90672 ], [ -102.23984, 21.90667 ], [ -102.23991, 21.90663 ], [ -102.24003, 21.90658 ], [ -102.24014, 21.90654 ], [ -102.24028, 21.9065 ], [ -102.24047, 21.90645 ], [ -102.24066, 21.90639 ], [ -102.24102, 21.90628 ], [ -102.24103, 21.90628 ], [ -102.24129, 21.9062 ], [ -102.24139, 21.90617 ], [ -102.24145, 21.90615 ], [ -102.2414, 21.90604 ], [ -102.24138, 21.90599 ], [ -102.24137, 21.90593 ], [ -102.24136, 21.90578 ], [ -102.24134, 21.9055 ], [ -102.24126, 21.90461 ], [ -102.24123, 21.90424 ], [ -102.24119, 21.90385 ], [ -102.24116, 21.90348 ], [ -102.24114, 21.90307 ], [ -102.24108, 21.90192 ], [ -102.24065, 21.90192 ], [ -102.24032, 21.9019 ], [ -102.2399, 21.90187 ], [ -102.23949, 21.90183 ], [ -102.23908, 21.9018 ], [ -102.23866, 21.90178 ], [ -102.23826, 21.90182 ], [ -102.238, 21.90186 ] ] } },
{ "type": "Feature", "properties": { "route_id": "R_10N", "route_short_name": "R10N", "route_long_name": "R-10N", "route_km": 11.276673575961789, "n_stops": 51, "straight_line_km": 9.2880153893435615, "connects_to_existing": true, "total_score": 0.21342847360443148, "pareto_rank": 2, "feasible": false, "flag": "Low demand", "detour_ratio": 1.214, "n_served_agebs": 13, "f1_demand_gain": 0.0043923658352218713, "f3_equity": 0.21203355027556484 }, "geometry": { "type": "LineString", "coordinates": [ [ -102.3011399, 21.968711349999975 ], [ -102.3015278, 21.968632870000025 ], [ -102.3015794, 21.96857165 ], [ -102.3015628, 21.96852381 ], [ -102.3015236, 21.968502770000036 ], [ -102.3011585, 21.96853341 ], [ -102.3007644, 21.96857744 ], [ -102.3005127, 21.96860999 ], [ -102.29952, 21.9687 ], [ -102.29913, 21.96875 ], [ -102.2989, 21.96876 ], [ -102.29867, 21.96872 ], [ -102.29818, 21.96845 ], [ -102.29792, 21.96832 ], [ -102.29767, 21.96821 ], [ -102.29742, 21.96808 ], [ -102.29719, 21.96796 ], [ -102.29647, 21.9676 ], [ -102.29576, 21.96724 ], [ -102.29559, 21.96718 ], [ -102.29554, 21.96716 ], [ -102.29537, 21.96713 ], [ -102.29519, 21.96711 ], [ -102.29494, 21.96707 ], [ -102.29475, 21.96705 ], [ -102.2945, 21.96702 ], [ -102.29437, 21.967 ], [ -102.29423, 21.96698 ], [ -102.29348, 21.96688 ], [ -102.2935, 21.96667 ], [ -102.29368, 21.96564 ], [ -102.29381, 21.96479 ], [ -102.29388, 21.96442 ], [ -102.29388, 21.96437 ], [ -102.29385, 21.96414 ], [ -102.29393, 21.96378 ], [ -102.29397, 21.96363 ], [ -102.29419, 21.96258 ], [ -102.29442, 21.96135 ], [ -102.29469, 21.96015 ], [ -102.29494, 21.9589 ], [ -102.29519, 21.95766 ], [ -102.29543, 21.95645 ], [ -102.29565, 21.95546 ], [ -102.29595, 21.95379 ], [ -102.2965776, 21.950475299999983 ], [ -102.2966267, 21.95012742 ], [ -102.296482, 21.95009087 ], [ -102.296272, 21.95017908 ], [ -102.296264600000015, 21.95042461 ], [ -102.2960242, 21.950534410000017 ], [ -102.2958917, 21.950556209999988 ], [ -102.2955498, 21.950565199999989 ], [ -102.2953145, 21.950542920000014 ], [ -102.295228600000016, 21.95047561 ], [ -102.2952224, 21.95027896 ], [ -102.2952108, 21.95011958 ], [ -102.2952474, 21.949909180000017 ], [ -102.2952658, 21.949778720000012 ], [ -102.2955978, 21.94974326000002 ], [ -102.2958948, 21.949757090000016 ], [ -102.2960605, 21.949753239999968 ], [ -102.2963224, 21.94977448 ], [ -102.2963416, 21.94978313 ], [ -102.2963633, 21.94991847 ], [ -102.296483600000016, 21.94998364 ], [ -102.296497, 21.949985270000013 ], [ -102.296651, 21.950004 ], [ -102.29683, 21.94921 ], [ -102.2969, 21.94891 ], [ -102.29721, 21.94718 ], [ -102.29727, 21.9469 ], [ -102.29731, 21.94669 ], [ -102.29737, 21.94625 ], [ -102.29741, 21.94594 ], [ -102.29744, 21.94579 ], [ -102.29746, 21.94549 ], [ -102.29747, 21.94541 ], [ -102.29748, 21.94523 ], [ -102.29757, 21.94414 ], [ -102.29757, 21.94397 ], [ -102.29757, 21.94375 ], [ -102.29754, 21.94307 ], [ -102.29744, 21.94181 ], [ -102.29744, 21.94165 ], [ -102.29737, 21.94084 ], [ -102.29736, 21.94064 ], [ -102.29726, 21.93936 ], [ -102.29725, 21.93906 ], [ -102.29725, 21.93897 ], [ -102.29724, 21.93889 ], [ -102.29715, 21.93806 ], [ -102.2971, 21.93754 ], [ -102.2971, 21.93739 ], [ -102.2971, 21.93724 ], [ -102.2971, 21.9371 ], [ -102.29711, 21.93698 ], [ -102.29712, 21.93693 ], [ -102.29713, 21.93687 ], [ -102.29715, 21.93681 ], [ -102.2972, 21.93664 ], [ -102.29723, 21.93652 ], [ -102.29741, 21.93581 ], [ -102.29751, 21.93547 ], [ -102.29759, 21.93523 ], [ -102.29769, 21.93496 ], [ -102.29771, 21.93489 ], [ -102.29772, 21.93485 ], [ -102.29774, 21.93482 ], [ -102.29776, 21.93472 ], [ -102.29779, 21.93458 ], [ -102.29782, 21.93435 ], [ -102.29788, 21.93379 ], [ -102.2979, 21.93363 ], [ -102.29798, 21.93302 ], [ -102.29808, 21.93224 ], [ -102.29815, 21.93163 ], [ -102.2982, 21.9313 ], [ -102.29822, 21.93119 ], [ -102.29823, 21.93109 ], [ -102.29827, 21.93071 ], [ -102.2983, 21.93044 ], [ -102.29837, 21.92985 ], [ -102.29838, 21.92947 ], [ -102.29838, 21.92931 ], [ -102.29838, 21.92912 ], [ -102.29836, 21.92887 ], [ -102.29831, 21.92784 ], [ -102.29824, 21.92685 ], [ -102.29822, 21.92655 ], [ -102.29816, 21.92557 ], [ -102.29813, 21.92525 ], [ -102.29813, 21.92518 ], [ -102.29812, 21.92508 ], [ -102.29812, 21.92501 ], [ -102.29811, 21.92484 ], [ -102.29804, 21.92366 ], [ -102.29802, 21.92321 ], [ -102.29801, 21.92312 ], [ -102.29784, 21.92059 ], [ -102.29781, 21.91998 ], [ -102.29766, 21.91783 ], [ -102.29765, 21.91755 ], [ -102.29757, 21.91641 ], [ -102.29758, 21.91637 ], [ -102.29754, 21.91609 ], [ -102.29751, 21.91578 ], [ -102.2975, 21.91561 ], [ -102.29751, 21.91534 ], [ -102.29745, 21.91454 ], [ -102.29743, 21.91423 ], [ -102.2974, 21.91396 ], [ -102.29733, 21.91315 ], [ -102.29731, 21.91277 ], [ -102.29721, 21.9117 ], [ -102.29712, 21.91054 ], [ -102.29711, 21.91032 ], [ -102.29709, 21.91003 ], [ -102.29706, 21.90953 ], [ -102.29694, 21.90854 ], [ -102.29689, 21.9079 ], [ -102.29687, 21.90774 ], [ -102.29684, 21.90742 ], [ -102.29684, 21.90729 ], [ -102.29682, 21.90694 ], [ -102.29677, 21.90638 ], [ -102.29673, 21.90598 ], [ -102.29669, 21.90558 ], [ -102.29665, 21.90519 ], [ -102.29661, 21.90479 ], [ -102.29654, 21.90409 ], [ -102.29652, 21.90379 ], [ -102.29691, 21.90376 ], [ -102.29725, 21.90374 ], [ -102.29767, 21.90371 ], [ -102.29826, 21.90367 ], [ -102.29907, 21.90362 ], [ -102.29942, 21.9036 ], [ -102.29998, 21.90353 ], [ -102.30008, 21.90352 ], [ -102.30005, 21.90344 ], [ -102.30001, 21.9033 ], [ -102.29992, 21.90319 ], [ -102.29954, 21.90197 ], [ -102.29942, 21.90162 ], [ -102.29924, 21.90108 ], [ -102.29912, 21.90072 ], [ -102.29871, 21.89935 ], [ -102.29861, 21.89904 ], [ -102.29856, 21.8989 ], [ -102.2981, 21.89904 ], [ -102.29766, 21.89915 ], [ -102.29722, 21.89928 ], [ -102.29679, 21.8994 ], [ -102.29636, 21.89952 ], [ -102.29602, 21.89963 ], [ -102.29598, 21.89931 ], [ -102.29589, 21.8986 ], [ -102.29582, 21.89799 ], [ -102.29575, 21.89747 ], [ -102.29568, 21.89692 ], [ -102.29562, 21.89638 ], [ -102.2955, 21.89533 ], [ -102.29538, 21.89428 ], [ -102.29531, 21.89373 ], [ -102.29531, 21.8937 ], [ -102.29526, 21.89325 ], [ -102.29522, 21.89296 ], [ -102.29521, 21.89272 ], [ -102.2951114, 21.891882830000025 ], [ -102.2950681, 21.891276539999975 ], [ -102.2950641, 21.89091423 ], [ -102.2950813, 21.89042025 ], [ -102.295117300000015, 21.890030590000027 ], [ -102.295175, 21.889885810000013 ], [ -102.2952651, 21.889726860000014 ], [ -102.295573800000014, 21.88920311 ], [ -102.2959087, 21.88869195 ], [ -102.2962603, 21.88815510000002 ], [ -102.2966027, 21.88759 ], [ -102.2967258, 21.88736524 ], [ -102.2968069, 21.88720252 ], [ -102.2968667, 21.88705486 ], [ -102.2968662, 21.886971570000014 ], [ -102.2967805, 21.886922739999982 ], [ -102.2966537, 21.886870509999962 ], [ -102.2965173, 21.88683676 ], [ -102.2963794, 21.886775699999969 ], [ -102.2963421, 21.886633289999988 ], [ -102.2962508, 21.88637157 ], [ -102.2956854, 21.88483410000002 ], [ -102.2955913, 21.88456392 ] ] } },
{ "type": "Feature", "properties": { "route_id": "R_10S", "route_short_name": "R10S", "route_long_name": "R-10S", "route_km": 16.318799373524648, "n_stops": 62, "straight_line_km": 9.9739944787510808, "connects_to_existing": true, "total_score": 0.1896475200256339, "pareto_rank": 3, "feasible": false, "flag": "Indirect", "detour_ratio": 1.636, "n_served_agebs": 25, "f1_demand_gain": 0.011494213887280684, "f3_equity": 0.25657320367090114 }, "geometry": { "type": "LineString", "coordinates": [ [ -102.2870799, 21.79307331 ], [ -102.288514, 21.79751427 ], [ -102.2888266, 21.798490880000013 ], [ -102.2900895, 21.80241133 ], [ -102.290989, 21.805222310000019 ], [ -102.2913803, 21.806380490000045 ], [ -102.2914874, 21.80672595000005 ], [ -102.2914873, 21.806902209999965 ], [ -102.2914153, 21.80702010000001 ], [ -102.291236, 21.807074899999989 ], [ -102.29112, 21.80724341 ], [ -102.291085, 21.8074378 ], [ -102.2911452, 21.807597989999973 ], [ -102.2912672, 21.807703990000018 ], [ -102.2914714, 21.807746320000017 ], [ -102.2916757, 21.807739970000018 ], [ -102.2918681, 21.807598299999963 ], [ -102.2919779, 21.807295010000047 ], [ -102.2920981, 21.80714014 ], [ -102.2923266, 21.80695642 ], [ -102.2925645, 21.806774 ], [ -102.2928307, 21.80642017000002 ], [ -102.2930537, 21.806220810000017 ], [ -102.2932868, 21.806062989999976 ], [ -102.2935946, 21.805936880000012 ], [ -102.294371, 21.80560943 ], [ -102.2960149, 21.80491877 ], [ -102.2968921, 21.80454319 ], [ -102.2969134, 21.80454345 ], [ -102.2975271, 21.804306029999967 ], [ -102.297693600000017, 21.80414268 ], [ -102.2979132, 21.804038870000021 ], [ -102.2983145, 21.80388959 ], [ -102.2986198, 21.80386453 ], [ -102.2991667, 21.803842459999988 ], [ -102.2996199, 21.80392489 ], [ -102.3002007, 21.803999439999988 ], [ -102.3006251, 21.804091569999983 ], [ -102.3012482, 21.804351809999975 ], [ -102.3018084, 21.804731890000017 ], [ -102.301868, 21.804851490000015 ], [ -102.301619300000013, 21.80523817 ], [ -102.3010693, 21.806057900000017 ], [ -102.3001936, 21.80740223 ], [ -102.2997011, 21.808108450000013 ], [ -102.2993664, 21.8086074 ], [ -102.2992098, 21.809093990000019 ], [ -102.2989571, 21.80910234 ], [ -102.2980857, 21.808931650000016 ], [ -102.296310800000015, 21.80859234 ], [ -102.2954756, 21.80842455 ], [ -102.2949553, 21.808373290000013 ], [ -102.2939016, 21.80846134 ], [ -102.2925239, 21.808557020000016 ], [ -102.2920412, 21.80858495 ], [ -102.2917328, 21.808682990000019 ], [ -102.2916743, 21.80883175 ], [ -102.2935478, 21.816827250000017 ], [ -102.2940984, 21.821308020000014 ], [ -102.29398, 21.8228 ], [ -102.29387, 21.82586 ], [ -102.29386, 21.82628 ], [ -102.29379, 21.82789 ], [ -102.29378, 21.82804 ], [ -102.29374, 21.82847 ], [ -102.29371, 21.82902 ], [ -102.2937, 21.82906 ], [ -102.29369, 21.82917 ], [ -102.29367, 21.82954 ], [ -102.29363, 21.83013 ], [ -102.2936, 21.83064 ], [ -102.29353, 21.83175 ], [ -102.29353, 21.83183 ], [ -102.29352, 21.83189 ], [ -102.29351, 21.83216 ], [ -102.29351, 21.83222 ], [ -102.29347, 21.83285 ], [ -102.293444, 21.83370416 ], [ -102.29339130000001, 21.83430965 ], [ -102.2933286, 21.83439065 ], [ -102.2930079, 21.8343689 ], [ -102.2929138, 21.83412545 ], [ -102.2927898, 21.833979079999978 ], [ -102.2925401, 21.833999840000025 ], [ -102.2922011, 21.83405482 ], [ -102.2915168, 21.83419549000001 ], [ -102.2907103, 21.83434916 ], [ -102.2904988, 21.83439637 ], [ -102.290398700000011, 21.83441495 ], [ -102.2903526, 21.834496279999975 ], [ -102.2903728, 21.83457892 ], [ -102.290460600000017, 21.83461664 ], [ -102.290544, 21.83459773 ], [ -102.290634, 21.834537829999977 ], [ -102.2906628, 21.834492140000016 ], [ -102.290746700000014, 21.834452679999981 ], [ -102.2925043, 21.83411221 ], [ -102.2926195, 21.834160750000013 ], [ -102.2928488, 21.834304070000016 ], [ -102.2929018, 21.83440792 ], [ -102.2929562, 21.83445012 ], [ -102.29345, 21.83446 ], [ -102.29345, 21.83541 ], [ -102.29346, 21.83774 ], [ -102.29346, 21.83792 ], [ -102.29346, 21.83818 ], [ -102.29347, 21.84 ], [ -102.29347, 21.84025 ], [ -102.29348, 21.84048 ], [ -102.29351, 21.84138 ], [ -102.29365, 21.84137 ], [ -102.29501, 21.84146 ], [ -102.2965, 21.84157 ], [ -102.29734, 21.84162 ], [ -102.29817, 21.8417 ], [ -102.2983, 21.8417 ], [ -102.29902, 21.84175 ], [ -102.30018, 21.84185 ], [ -102.30043, 21.84187 ], [ -102.30069, 21.8419 ], [ -102.30139, 21.84193 ], [ -102.30141, 21.84203 ], [ -102.30142, 21.84215 ], [ -102.30141, 21.8425 ], [ -102.30142, 21.84261 ], [ -102.30143, 21.84264 ], [ -102.30143, 21.84309 ], [ -102.30143, 21.84337 ], [ -102.30144, 21.84357 ], [ -102.30144, 21.84377 ], [ -102.30145, 21.84403 ], [ -102.30146, 21.84444 ], [ -102.30147, 21.84463 ], [ -102.30148, 21.84486 ], [ -102.30149, 21.84498 ], [ -102.30147, 21.84519 ], [ -102.30145, 21.84535 ], [ -102.30144, 21.84543 ], [ -102.30141, 21.8456 ], [ -102.30134, 21.84627 ], [ -102.30133, 21.8464 ], [ -102.30131, 21.84672 ], [ -102.30129, 21.84695 ], [ -102.30128, 21.84711 ], [ -102.30126, 21.84726 ], [ -102.3012, 21.84782 ], [ -102.30119, 21.8479 ], [ -102.30118, 21.848 ], [ -102.30115, 21.84829 ], [ -102.30113, 21.84858 ], [ -102.30106, 21.84924 ], [ -102.30103, 21.84958 ], [ -102.30103, 21.84965 ], [ -102.30117, 21.84968 ], [ -102.30175, 21.84982 ], [ -102.30223, 21.84991 ], [ -102.30267, 21.85002 ], [ -102.30313, 21.85012 ], [ -102.30359, 21.85022 ], [ -102.30382, 21.85027 ], [ -102.30405, 21.85032 ], [ -102.3045, 21.85043 ], [ -102.30459, 21.85045 ], [ -102.30506, 21.85055 ], [ -102.30552, 21.85065 ], [ -102.30597, 21.85076 ], [ -102.30642, 21.85086 ], [ -102.3067, 21.85092 ], [ -102.30687, 21.85096 ], [ -102.30733, 21.85107 ], [ -102.30744, 21.85108 ], [ -102.30768, 21.85113 ], [ -102.30803, 21.85118 ], [ -102.3085, 21.85125 ], [ -102.30869, 21.85128 ], [ -102.3087, 21.85128 ], [ -102.30872, 21.85127 ], [ -102.30876, 21.85127 ], [ -102.30933, 21.85135 ], [ -102.30943, 21.85138 ], [ -102.30993, 21.85154 ], [ -102.31038, 21.85167 ], [ -102.31087, 21.85184 ], [ -102.31134, 21.85198 ], [ -102.31182, 21.85216 ], [ -102.31229, 21.85228 ], [ -102.31278, 21.85245 ], [ -102.31326, 21.85259 ], [ -102.31372, 21.85274 ], [ -102.31414, 21.85288 ], [ -102.31417, 21.85289 ], [ -102.31469, 21.85307 ], [ -102.31526, 21.85333 ], [ -102.31619, 21.85376 ], [ -102.31661, 21.85396 ], [ -102.31705, 21.85417 ], [ -102.31701, 21.85422 ], [ -102.31664, 21.85486 ], [ -102.31644, 21.85517 ], [ -102.31631, 21.85536 ], [ -102.31622, 21.85549 ], [ -102.31609, 21.85566 ], [ -102.31598, 21.85582 ], [ -102.31544, 21.85656 ], [ -102.31514, 21.85701 ], [ -102.31487, 21.85746 ], [ -102.31468, 21.85776 ], [ -102.31432, 21.85839 ], [ -102.31413, 21.85874 ], [ -102.31398, 21.85904 ], [ -102.31387, 21.85925 ], [ -102.31384, 21.85929 ], [ -102.31371, 21.85954 ], [ -102.31357, 21.85978 ], [ -102.3133, 21.86026 ], [ -102.31317, 21.86049 ], [ -102.31309, 21.86063 ], [ -102.31289, 21.86097 ], [ -102.31277, 21.86117 ], [ -102.31266, 21.86138 ], [ -102.31242, 21.86178 ], [ -102.3122, 21.86216 ], [ -102.31207, 21.86235 ], [ -102.312, 21.86247 ], [ -102.31186, 21.8627 ], [ -102.3118, 21.86281 ], [ -102.31168, 21.86301 ], [ -102.31148, 21.86335 ], [ -102.31136, 21.86356 ], [ -102.31127, 21.86373 ], [ -102.31103, 21.86413 ], [ -102.3108, 21.86453 ], [ -102.31066, 21.86478 ], [ -102.31054, 21.86494 ], [ -102.3103, 21.86538 ], [ -102.31011, 21.86564 ], [ -102.30992, 21.86593 ], [ -102.30981, 21.86611 ], [ -102.30975, 21.8662 ], [ -102.30965, 21.86636 ], [ -102.30946, 21.86678 ], [ -102.30937, 21.86694 ], [ -102.30922, 21.8672 ], [ -102.30915, 21.86732 ], [ -102.30882, 21.86785 ], [ -102.30874, 21.86795 ], [ -102.30869, 21.86803 ], [ -102.30853, 21.86828 ], [ -102.30823, 21.86876 ], [ -102.30739, 21.87008 ], [ -102.30711, 21.87049 ], [ -102.30685, 21.8709 ], [ -102.30673, 21.87107 ], [ -102.3067, 21.87112 ], [ -102.30668, 21.87115 ], [ -102.30651, 21.87142 ], [ -102.30646, 21.87148 ], [ -102.30635, 21.87161 ], [ -102.30619, 21.87173 ], [ -102.30605, 21.8718 ], [ -102.30593, 21.87184 ], [ -102.30577, 21.87188 ], [ -102.30557, 21.87192 ], [ -102.30511, 21.87201 ], [ -102.30429, 21.8722 ], [ -102.30406, 21.87225 ], [ -102.30371, 21.87237 ], [ -102.3033, 21.87258 ], [ -102.30322, 21.87262 ], [ -102.30314, 21.87265 ], [ -102.30302, 21.8728 ], [ -102.30269, 21.87293 ], [ -102.30224, 21.87311 ], [ -102.30213, 21.87308 ], [ -102.30156, 21.87328 ], [ -102.30146, 21.87333 ], [ -102.30113, 21.87347 ], [ -102.30089, 21.87356 ], [ -102.30083, 21.87359 ], [ -102.3008, 21.87361 ], [ -102.30077, 21.87363 ], [ -102.30074, 21.87366 ], [ -102.30073, 21.87365 ], [ -102.30073, 21.87364 ], [ -102.30072, 21.87364 ], [ -102.30072, 21.87363 ], [ -102.30071, 21.87363 ], [ -102.30071, 21.87362 ], [ -102.3007, 21.87362 ], [ -102.30069, 21.87361 ], [ -102.30067, 21.8736 ], [ -102.30066, 21.87359 ], [ -102.30064, 21.87358 ], [ -102.30063, 21.87358 ], [ -102.30061, 21.87357 ], [ -102.30059, 21.87357 ], [ -102.30057, 21.87357 ], [ -102.30056, 21.87357 ], [ -102.30055, 21.87357 ], [ -102.30053, 21.87357 ], [ -102.30052, 21.87358 ], [ -102.30051, 21.87358 ], [ -102.30049, 21.87359 ], [ -102.30048, 21.87359 ], [ -102.30047, 21.8736 ], [ -102.30045, 21.87361 ], [ -102.30043, 21.87363 ], [ -102.30043, 21.87364 ], [ -102.30042, 21.87365 ], [ -102.30041, 21.87366 ], [ -102.30041, 21.87367 ], [ -102.3004, 21.87368 ], [ -102.3004, 21.8737 ], [ -102.3004, 21.87371 ], [ -102.30039, 21.87372 ], [ -102.30039, 21.87373 ], [ -102.30039, 21.87375 ], [ -102.3004, 21.87376 ], [ -102.3004, 21.87377 ], [ -102.3004, 21.87378 ], [ -102.3004, 21.87379 ], [ -102.30041, 21.87381 ], [ -102.30042, 21.87382 ], [ -102.30042, 21.87383 ], [ -102.30043, 21.87384 ], [ -102.30044, 21.87385 ], [ -102.30045, 21.87386 ], [ -102.30046, 21.87386 ], [ -102.30047, 21.87387 ], [ -102.30047, 21.87388 ], [ -102.30048, 21.87388 ], [ -102.30049, 21.87389 ], [ -102.3005, 21.8739 ], [ -102.30051, 21.8739 ], [ -102.30052, 21.8739 ], [ -102.30053, 21.87391 ], [ -102.30054, 21.87391 ], [ -102.30055, 21.87391 ], [ -102.30056, 21.87391 ], [ -102.30057, 21.87391 ], [ -102.30074, 21.87502 ], [ -102.30076, 21.87516 ], [ -102.30087, 21.87575 ], [ -102.30093, 21.87607 ], [ -102.30104, 21.87662 ], [ -102.30107, 21.87683 ], [ -102.3011, 21.877 ], [ -102.30111, 21.87709 ], [ -102.30113, 21.87718 ], [ -102.30116, 21.87736 ], [ -102.30116, 21.87743 ], [ -102.30117, 21.87747 ], [ -102.30118, 21.87759 ], [ -102.30124, 21.87809 ], [ -102.30125, 21.87815 ], [ -102.30135, 21.87867 ], [ -102.30149, 21.87985 ], [ -102.30149, 21.87994 ], [ -102.3015, 21.88004 ], [ -102.30147, 21.88036 ], [ -102.30141, 21.88073 ], [ -102.30103, 21.88077 ], [ -102.30082, 21.88207 ], [ -102.30057, 21.88206 ], [ -102.30035, 21.88205 ], [ -102.29967, 21.88206 ], [ -102.29942, 21.88207 ], [ -102.2968154, 21.88314593 ] ] } },
{ "type": "Feature", "properties": { "route_id": "R_11", "route_short_name": "R11", "route_long_name": "R-11", "route_km": 28.584543266848147, "n_stops": 124, "straight_line_km": 18.603103351402162, "connects_to_existing": true, "total_score": 0.080042424677160162, "pareto_rank": 4, "feasible": false, "flag": "Indirect", "detour_ratio": 1.537, "n_served_agebs": 42, "f1_demand_gain": 0.0044828883382964793, "f3_equity": 0.25505625425039297 }, "geometry": { "type": "LineString", "coordinates": [ [ -102.29134, 21.834881 ], [ -102.292136, 21.834722 ], [ -102.292155, 21.834624 ], [ -102.292085, 21.834515 ], [ -102.291919, 21.834512 ], [ -102.291536, 21.834576 ], [ -102.290968, 21.834688 ], [ -102.290623, 21.834764 ], [ -102.290479, 21.834776 ], [ -102.290441, 21.834734 ], [ -102.290493, 21.834638 ], [ -102.290607, 21.834506 ], [ -102.290691, 21.834467 ], [ -102.292449, 21.834106 ], [ -102.292559, 21.834124 ], [ -102.292795, 21.834257 ], [ -102.292859, 21.83434 ], [ -102.292885, 21.834423 ], [ -102.293178, 21.834449 ], [ -102.293372, 21.834443 ], [ -102.29345, 21.83541 ], [ -102.29345, 21.83689 ], [ -102.29346, 21.83774 ], [ -102.29346, 21.83792 ], [ -102.29346, 21.83818 ], [ -102.29347, 21.84 ], [ -102.29347, 21.84025 ], [ -102.29348, 21.84048 ], [ -102.29351, 21.84138 ], [ -102.29365, 21.84137 ], [ -102.29501, 21.84146 ], [ -102.2965, 21.84157 ], [ -102.29734, 21.84162 ], [ -102.29817, 21.8417 ], [ -102.2983, 21.8417 ], [ -102.29902, 21.84175 ], [ -102.30018, 21.84185 ], [ -102.30043, 21.84187 ], [ -102.30069, 21.8419 ], [ -102.30139, 21.84193 ], [ -102.30141, 21.84203 ], [ -102.30142, 21.84215 ], [ -102.30141, 21.8425 ], [ -102.30142, 21.84261 ], [ -102.30143, 21.84264 ], [ -102.30143, 21.84309 ], [ -102.30143, 21.84337 ], [ -102.30144, 21.84357 ], [ -102.30144, 21.84377 ], [ -102.30145, 21.84403 ], [ -102.30146, 21.84444 ], [ -102.30147, 21.84463 ], [ -102.30148, 21.84486 ], [ -102.30149, 21.84498 ], [ -102.30147, 21.84519 ], [ -102.30145, 21.84535 ], [ -102.30144, 21.84543 ], [ -102.30141, 21.8456 ], [ -102.30134, 21.84627 ], [ -102.30133, 21.8464 ], [ -102.30131, 21.84672 ], [ -102.30129, 21.84695 ], [ -102.30128, 21.84711 ], [ -102.30126, 21.84726 ], [ -102.3012, 21.84782 ], [ -102.30119, 21.8479 ], [ -102.30118, 21.848 ], [ -102.30115, 21.84829 ], [ -102.30113, 21.84858 ], [ -102.30106, 21.84924 ], [ -102.30103, 21.84958 ], [ -102.30103, 21.84965 ], [ -102.30117, 21.84968 ], [ -102.30175, 21.84982 ], [ -102.30223, 21.84991 ], [ -102.30267, 21.85002 ], [ -102.30313, 21.85012 ], [ -102.30359, 21.85022 ], [ -102.30382, 21.85027 ], [ -102.30405, 21.85032 ], [ -102.3045, 21.85043 ], [ -102.30459, 21.85045 ], [ -102.30506, 21.85055 ], [ -102.30552, 21.85065 ], [ -102.30597, 21.85076 ], [ -102.30642, 21.85086 ], [ -102.3067, 21.85092 ], [ -102.30687, 21.85096 ], [ -102.30733, 21.85107 ], [ -102.30744, 21.85108 ], [ -102.30768, 21.85113 ], [ -102.30803, 21.85118 ], [ -102.3085, 21.85125 ], [ -102.30869, 21.85128 ], [ -102.3087, 21.85128 ], [ -102.30872, 21.85127 ], [ -102.30876, 21.85127 ], [ -102.30933, 21.85135 ], [ -102.30943, 21.85138 ], [ -102.30993, 21.85154 ], [ -102.31038, 21.85167 ], [ -102.31087, 21.85184 ], [ -102.31134, 21.85198 ], [ -102.31182, 21.85216 ], [ -102.31229, 21.85228 ], [ -102.31278, 21.85245 ], [ -102.31326, 21.85259 ], [ -102.31372, 21.85274 ], [ -102.31414, 21.85288 ], [ -102.31417, 21.85289 ], [ -102.31469, 21.85307 ], [ -102.31542, 21.85163 ], [ -102.31575, 21.85098 ], [ -102.31615, 21.85019 ], [ -102.316954, 21.848579 ], [ -102.31846, 21.848815 ], [ -102.319166, 21.849012 ], [ -102.31837, 21.85108 ], [ -102.31814, 21.85165 ], [ -102.31788, 21.85228 ], [ -102.31783, 21.85243 ], [ -102.31771, 21.85273 ], [ -102.3176, 21.853 ], [ -102.31744, 21.85337 ], [ -102.31738, 21.85349 ], [ -102.31725, 21.85376 ], [ -102.31705, 21.85417 ], [ -102.31701, 21.85422 ], [ -102.31664, 21.85486 ], [ -102.31644, 21.85517 ], [ -102.31631, 21.85536 ], [ -102.31622, 21.85549 ], [ -102.31609, 21.85566 ], [ -102.31598, 21.85582 ], [ -102.31544, 21.85656 ], [ -102.31514, 21.85701 ], [ -102.31487, 21.85746 ], [ -102.31468, 21.85776 ], [ -102.31432, 21.85839 ], [ -102.31413, 21.85874 ], [ -102.31398, 21.85904 ], [ -102.31387, 21.85925 ], [ -102.31384, 21.85929 ], [ -102.31371, 21.85954 ], [ -102.31357, 21.85978 ], [ -102.3133, 21.86026 ], [ -102.31317, 21.86049 ], [ -102.31309, 21.86063 ], [ -102.31289, 21.86097 ], [ -102.31277, 21.86117 ], [ -102.31266, 21.86138 ], [ -102.31242, 21.86178 ], [ -102.3122, 21.86216 ], [ -102.31207, 21.86235 ], [ -102.312, 21.86247 ], [ -102.31186, 21.8627 ], [ -102.3118, 21.86281 ], [ -102.31168, 21.86301 ], [ -102.31148, 21.86335 ], [ -102.31136, 21.86356 ], [ -102.31127, 21.86373 ], [ -102.31103, 21.86413 ], [ -102.3108, 21.86453 ], [ -102.31066, 21.86478 ], [ -102.31054, 21.86494 ], [ -102.3103, 21.86538 ], [ -102.31011, 21.86564 ], [ -102.30992, 21.86593 ], [ -102.30981, 21.86611 ], [ -102.30975, 21.8662 ], [ -102.30965, 21.86636 ], [ -102.30946, 21.86678 ], [ -102.30937, 21.86694 ], [ -102.30922, 21.8672 ], [ -102.30915, 21.86732 ], [ -102.30882, 21.86785 ], [ -102.3084, 21.86777 ], [ -102.3076, 21.86764 ], [ -102.30648, 21.86742 ], [ -102.30528, 21.86722 ], [ -102.30416, 21.86704 ], [ -102.3038, 21.86698 ], [ -102.30334, 21.8669 ], [ -102.30303, 21.86685 ], [ -102.3029, 21.86683 ], [ -102.30176, 21.86663 ], [ -102.30062, 21.86642 ], [ -102.30029, 21.86636 ], [ -102.29948, 21.86621 ], [ -102.29935, 21.86619 ], [ -102.29885, 21.8661 ], [ -102.29852, 21.86604 ], [ -102.29829, 21.866 ], [ -102.29766, 21.8659 ], [ -102.29757, 21.86585 ], [ -102.29709, 21.86575 ], [ -102.29599, 21.86556 ], [ -102.2957, 21.86551 ], [ -102.29558, 21.86549 ], [ -102.29513, 21.86541 ], [ -102.29454, 21.86532 ], [ -102.29448, 21.86532 ], [ -102.29425, 21.86529 ], [ -102.29422, 21.86529 ], [ -102.29413, 21.86529 ], [ -102.29414, 21.86536 ], [ -102.29414, 21.86544 ], [ -102.29415, 21.8655 ], [ -102.29419, 21.86576 ], [ -102.29422, 21.866 ], [ -102.29427, 21.86625 ], [ -102.2943, 21.8664 ], [ -102.29436, 21.86681 ], [ -102.29459, 21.86816 ], [ -102.29464, 21.86845 ], [ -102.29471, 21.86887 ], [ -102.29481, 21.86951 ], [ -102.29492, 21.8702 ], [ -102.295, 21.8708 ], [ -102.29502, 21.87086 ], [ -102.29505, 21.87095 ], [ -102.2951, 21.87136 ], [ -102.29509, 21.8714 ], [ -102.29507, 21.87211 ], [ -102.29506, 21.87222 ], [ -102.29502, 21.87286 ], [ -102.29501, 21.87301 ], [ -102.295, 21.87315 ], [ -102.295, 21.8732 ], [ -102.295, 21.87329 ], [ -102.29499, 21.87339 ], [ -102.29496, 21.87411 ], [ -102.29491, 21.87479 ], [ -102.2949, 21.875 ], [ -102.29491, 21.87522 ], [ -102.29492, 21.87533 ], [ -102.29492, 21.87534 ], [ -102.29494, 21.87544 ], [ -102.29496, 21.87553 ], [ -102.29497, 21.87558 ], [ -102.29507, 21.87591 ], [ -102.29519, 21.8764 ], [ -102.2952, 21.87643 ], [ -102.29571, 21.87785 ], [ -102.29583, 21.87818 ], [ -102.2959, 21.87836 ], [ -102.29592, 21.87847 ], [ -102.29597, 21.87862 ], [ -102.29599, 21.87875 ], [ -102.29582, 21.87885 ], [ -102.29509, 21.87908 ], [ -102.29426, 21.8794 ], [ -102.29397, 21.8795 ], [ -102.29368, 21.8796 ], [ -102.29204, 21.88019 ], [ -102.2915, 21.88037 ], [ -102.29128, 21.88043 ], [ -102.29083, 21.88057 ], [ -102.28981, 21.88091 ], [ -102.2896, 21.88099 ], [ -102.28992, 21.88178 ], [ -102.29027, 21.88265 ], [ -102.29035, 21.88283 ], [ -102.29046, 21.88302 ], [ -102.29053, 21.88318 ], [ -102.29064, 21.8834 ], [ -102.29079, 21.88359 ], [ -102.29119, 21.88444 ], [ -102.29148, 21.88499 ], [ -102.29149, 21.88501 ], [ -102.29149, 21.88506 ], [ -102.29149, 21.88526 ], [ -102.29148, 21.88537 ], [ -102.29149, 21.88541 ], [ -102.29177, 21.88591 ], [ -102.29189, 21.88612 ], [ -102.29196, 21.88624 ], [ -102.29226, 21.88673 ], [ -102.29242, 21.88699 ], [ -102.29249, 21.88709 ], [ -102.29319, 21.88799 ], [ -102.29366, 21.88855 ], [ -102.29411, 21.88906 ], [ -102.29447, 21.88942 ], [ -102.2948, 21.88979 ], [ -102.2949, 21.88992 ], [ -102.29493, 21.88995 ], [ -102.29497, 21.88998 ], [ -102.29505, 21.89003 ], [ -102.29514, 21.8901 ], [ -102.29526, 21.89028 ], [ -102.29536, 21.89044 ], [ -102.29547, 21.89064 ], [ -102.29558, 21.89084 ], [ -102.29602, 21.89143 ], [ -102.29625, 21.89179 ], [ -102.2963, 21.89189 ], [ -102.29639, 21.89207 ], [ -102.29657, 21.89256 ], [ -102.29658, 21.89258 ], [ -102.29667, 21.89284 ], [ -102.29689, 21.89363 ], [ -102.29693, 21.89384 ], [ -102.29727, 21.89485 ], [ -102.29741, 21.89529 ], [ -102.29756, 21.89579 ], [ -102.29775, 21.89634 ], [ -102.29826, 21.89791 ], [ -102.29875, 21.89777 ], [ -102.29918, 21.89766 ], [ -102.29962, 21.89754 ], [ -102.30034, 21.89734 ], [ -102.30097, 21.89717 ], [ -102.30143, 21.89705 ], [ -102.30191, 21.89693 ], [ -102.30235, 21.89681 ], [ -102.3028, 21.89669 ], [ -102.30323, 21.89657 ], [ -102.30365, 21.89644 ], [ -102.30421, 21.8963 ], [ -102.30457, 21.89701 ], [ -102.30461, 21.89712 ], [ -102.30459, 21.89717 ], [ -102.30459, 21.8972 ], [ -102.30459, 21.89722 ], [ -102.30459, 21.89726 ], [ -102.30465, 21.89736 ], [ -102.30478, 21.89761 ], [ -102.30489, 21.89782 ], [ -102.30506, 21.89818 ], [ -102.30511, 21.89826 ], [ -102.30524, 21.89851 ], [ -102.30539, 21.8988 ], [ -102.30551, 21.89901 ], [ -102.30561, 21.89918 ], [ -102.30579, 21.89952 ], [ -102.30589, 21.8997 ], [ -102.30603, 21.89995 ], [ -102.3061, 21.90009 ], [ -102.30621, 21.90032 ], [ -102.30669, 21.90118 ], [ -102.30696, 21.90169 ], [ -102.30712, 21.90195 ], [ -102.30724, 21.90214 ], [ -102.30737, 21.90239 ], [ -102.30749, 21.90268 ], [ -102.30761, 21.90292 ], [ -102.3077, 21.90307 ], [ -102.30802, 21.90367 ], [ -102.30854, 21.90479 ], [ -102.30879, 21.90533 ], [ -102.30921, 21.90625 ], [ -102.30968, 21.90724 ], [ -102.30984, 21.90755 ], [ -102.30997, 21.90784 ], [ -102.31, 21.90793 ], [ -102.31016, 21.90827 ], [ -102.31042, 21.90884 ], [ -102.31051, 21.90906 ], [ -102.31066, 21.90937 ], [ -102.31069, 21.90945 ], [ -102.31076, 21.90962 ], [ -102.31135, 21.91085 ], [ -102.31168, 21.91157 ], [ -102.31191, 21.91212 ], [ -102.31197, 21.91231 ], [ -102.31212, 21.91267 ], [ -102.31225, 21.913 ], [ -102.31233, 21.91318 ], [ -102.31244, 21.91347 ], [ -102.31253, 21.91369 ], [ -102.31273, 21.91424 ], [ -102.31276, 21.91431 ], [ -102.31297, 21.91487 ], [ -102.313, 21.91495 ], [ -102.31309, 21.91517 ], [ -102.31311, 21.91522 ], [ -102.31327, 21.91558 ], [ -102.31345, 21.91599 ], [ -102.31357, 21.9163 ], [ -102.31359, 21.91637 ], [ -102.31362, 21.91646 ], [ -102.31364, 21.91654 ], [ -102.31372, 21.91676 ], [ -102.31373, 21.91679 ], [ -102.31394, 21.91731 ], [ -102.31406, 21.9176 ], [ -102.31412, 21.91778 ], [ -102.31414, 21.91782 ], [ -102.31431, 21.91822 ], [ -102.31434, 21.91829 ], [ -102.31455, 21.91892 ], [ -102.31486, 21.91955 ], [ -102.31491, 21.91964 ], [ -102.31524, 21.92028 ], [ -102.31557, 21.92088 ], [ -102.31582, 21.92135 ], [ -102.31602, 21.92173 ], [ -102.31638, 21.92247 ], [ -102.3164, 21.92251 ], [ -102.31648, 21.92266 ], [ -102.31664, 21.92294 ], [ -102.31689, 21.92339 ], [ -102.31735, 21.92426 ], [ -102.3174, 21.92437 ], [ -102.31752, 21.92461 ], [ -102.31769, 21.92495 ], [ -102.31781, 21.92516 ], [ -102.31797, 21.9255 ], [ -102.31835, 21.92631 ], [ -102.31848, 21.92655 ], [ -102.31877, 21.9271 ], [ -102.31901, 21.92758 ], [ -102.31905, 21.92768 ], [ -102.31949, 21.92849 ], [ -102.31965, 21.92878 ], [ -102.3199, 21.92927 ], [ -102.31994, 21.92937 ], [ -102.3202, 21.92992 ], [ -102.3206, 21.93073 ], [ -102.32076, 21.93103 ], [ -102.32078, 21.93107 ], [ -102.32086, 21.9312 ], [ -102.32102, 21.93145 ], [ -102.32107, 21.93152 ], [ -102.32116, 21.93164 ], [ -102.32131, 21.93181 ], [ -102.32145, 21.93197 ], [ -102.32231, 21.93299 ], [ -102.32243, 21.93313 ], [ -102.32286, 21.93364 ], [ -102.32302, 21.93385 ], [ -102.32309, 21.93396 ], [ -102.32332, 21.93433 ], [ -102.32366, 21.93491 ], [ -102.32372, 21.93504 ], [ -102.32396, 21.93552 ], [ -102.32401, 21.93565 ], [ -102.32406, 21.93574 ], [ -102.32412, 21.93585 ], [ -102.32416, 21.93592 ], [ -102.32426, 21.93607 ], [ -102.32434, 21.93623 ], [ -102.32457, 21.93669 ], [ -102.32475, 21.93715 ], [ -102.3248, 21.93727 ], [ -102.32497, 21.93761 ], [ -102.32497, 21.93763 ], [ -102.32509, 21.93791 ], [ -102.32557, 21.93907 ], [ -102.32568, 21.93933 ], [ -102.32583, 21.9397 ], [ -102.32604, 21.94022 ], [ -102.32678, 21.94195 ], [ -102.3269, 21.94216 ], [ -102.32693, 21.94221 ], [ -102.32709, 21.94247 ], [ -102.32711, 21.94249 ], [ -102.32726, 21.9427 ], [ -102.32739, 21.94288 ], [ -102.32757, 21.9431 ], [ -102.32761, 21.94316 ], [ -102.32801, 21.94365 ], [ -102.33013, 21.94623 ], [ -102.33052, 21.94675 ], [ -102.33125, 21.94764 ], [ -102.33131, 21.94772 ], [ -102.33154, 21.94802 ], [ -102.33163, 21.94813 ], [ -102.3317, 21.94822 ], [ -102.33175, 21.94828 ], [ -102.33179, 21.94834 ], [ -102.33264, 21.94942 ], [ -102.33311, 21.95 ], [ -102.33335, 21.95028 ], [ -102.33438, 21.95157 ], [ -102.33477, 21.95206 ], [ -102.33499, 21.95232 ], [ -102.33535, 21.95267 ], [ -102.33536, 21.95268 ], [ -102.33548, 21.95281 ], [ -102.33549, 21.95281 ], [ -102.33549, 21.95282 ], [ -102.3355, 21.95283 ], [ -102.3356, 21.95291 ], [ -102.33578, 21.95306 ], [ -102.336, 21.95323 ], [ -102.33624, 21.95344 ], [ -102.33661, 21.95374 ], [ -102.33692, 21.95399 ], [ -102.33736, 21.95437 ], [ -102.33757, 21.95454 ], [ -102.33785, 21.95479 ], [ -102.33793, 21.95486 ], [ -102.33798, 21.95491 ], [ -102.338, 21.95492 ], [ -102.338, 21.95493 ], [ -102.33813, 21.95507 ], [ -102.33814, 21.95508 ], [ -102.3383, 21.95522 ], [ -102.33863, 21.9555 ], [ -102.33898, 21.95579 ], [ -102.33918, 21.95597 ], [ -102.33936, 21.95612 ], [ -102.33959, 21.95632 ], [ -102.33981, 21.95651 ], [ -102.34002, 21.95669 ], [ -102.34038, 21.95699 ], [ -102.34071, 21.95727 ], [ -102.34073, 21.95728 ], [ -102.34099, 21.95751 ], [ -102.34109, 21.95758 ], [ -102.3413, 21.95776 ], [ -102.34169, 21.95807 ], [ -102.34211, 21.95842 ], [ -102.34231, 21.95859 ], [ -102.34261, 21.95889 ], [ -102.34267, 21.95897 ], [ -102.34275, 21.95907 ], [ -102.34286, 21.95924 ], [ -102.34295, 21.95942 ], [ -102.34307, 21.9597 ], [ -102.34312, 21.95987 ], [ -102.34313, 21.95997 ], [ -102.34313, 21.96008 ], [ -102.3431, 21.96024 ], [ -102.343, 21.96058 ], [ -102.34275, 21.96149 ], [ -102.34247, 21.96231 ], [ -102.34213, 21.96313 ], [ -102.34192, 21.96368 ], [ -102.34163, 21.96432 ], [ -102.341268, 21.965107 ], [ -102.341183, 21.965293 ], [ -102.340778, 21.966062 ], [ -102.340522, 21.96651 ], [ -102.339989, 21.967355 ], [ -102.338941, 21.969123 ], [ -102.337578, 21.971313 ], [ -102.337431, 21.971478 ], [ -102.337357, 21.971588 ], [ -102.337351, 21.971594 ], [ -102.337327, 21.971661 ], [ -102.337345, 21.971737 ], [ -102.339324, 21.972992 ], [ -102.339568, 21.973198 ], [ -102.339662, 21.973347 ], [ -102.339678, 21.973514 ], [ -102.339164, 21.97508 ], [ -102.338255, 21.978 ], [ -102.337477, 21.980329 ], [ -102.336291, 21.983911 ], [ -102.334917, 21.988187 ], [ -102.334333, 21.990074 ], [ -102.334281, 21.990173 ], [ -102.334303, 21.990276 ], [ -102.334453, 21.990341 ], [ -102.33474, 21.990362 ], [ -102.33646, 21.99051 ], [ -102.336642, 21.990526 ], [ -102.336871, 21.990604 ], [ -102.33701, 21.990705 ], [ -102.337151, 21.990754 ], [ -102.337267, 21.990759 ], [ -102.337368, 21.990702 ], [ -102.337567, 21.990685 ], [ -102.340944, 21.989982 ], [ -102.341049, 21.990011 ], [ -102.341146, 21.990023 ], [ -102.34121, 21.989977 ], [ -102.341306, 21.989924 ], [ -102.341401, 21.989871 ], [ -102.341806, 21.989758 ], [ -102.341941, 21.989739 ], [ -102.342204, 21.989805 ], [ -102.342309, 21.989824 ], [ -102.342313, 21.989893 ], [ -102.342309, 21.990096 ], [ -102.342238, 21.99094 ], [ -102.342062, 21.991935 ], [ -102.341954, 21.992364 ], [ -102.34167, 21.993133 ], [ -102.341329, 21.994002 ], [ -102.340882, 21.995115 ], [ -102.340542, 21.996194 ], [ -102.340543, 21.996254 ], [ -102.340595, 21.996274 ], [ -102.340881, 21.996281 ], [ -102.341253, 21.9963 ], [ -102.341571, 21.996321 ], [ -102.342098, 21.996345 ], [ -102.342186, 21.996344 ], [ -102.342217, 21.996258 ], [ -102.342371, 21.995775 ], [ -102.342658, 21.995066 ], [ -102.342942, 21.994323 ], [ -102.343181, 21.993709 ], [ -102.343323, 21.99337 ], [ -102.343517, 21.992833 ], [ -102.343562, 21.992672 ], [ -102.343675, 21.99218 ], [ -102.343869, 21.991104 ], [ -102.343928, 21.990466 ], [ -102.343958, 21.989994 ], [ -102.343967, 21.989925 ], [ -102.344012, 21.989902 ], [ -102.345158, 21.989971 ] ] } },
{ "type": "Feature", "properties": { "route_id": "R_12", "route_short_name": "R12", "route_long_name": "R-12", "route_km": 22.119158590247157, "n_stops": 110, "straight_line_km": 8.3159542970523059, "connects_to_existing": true, "total_score": 0.1480590257440636, "pareto_rank": 3, "feasible": false, "flag": "Indirect", "detour_ratio": 2.66, "n_served_agebs": 44, "f1_demand_gain": 0.017854310589347094, "f3_equity": 0.25812414696043795 }, "geometry": { "type": "LineString", "coordinates": [ [ -102.251418, 21.832121 ], [ -102.251113, 21.832246 ], [ -102.250743, 21.832361 ], [ -102.250549, 21.832816 ], [ -102.250355, 21.833094 ], [ -102.250182, 21.833354 ], [ -102.25003, 21.833693 ], [ -102.249856, 21.833953 ], [ -102.249638, 21.834235 ], [ -102.249374, 21.834799 ], [ -102.249328, 21.835242 ], [ -102.24915, 21.83589 ], [ -102.249017, 21.836094 ], [ -102.249015, 21.83646 ], [ -102.249186, 21.83705 ], [ -102.249115, 21.837769 ], [ -102.249016, 21.839345 ], [ -102.249034, 21.839931 ], [ -102.249186, 21.840476 ], [ -102.249408, 21.840726 ], [ -102.249652, 21.840998 ], [ -102.250053, 21.841248 ], [ -102.2505, 21.841519 ], [ -102.250903, 21.841769 ], [ -102.251105, 21.841788 ], [ -102.251373, 21.84153 ], [ -102.251618, 21.841124 ], [ -102.251862, 21.840867 ], [ -102.252307, 21.840587 ], [ -102.252994, 21.8402 ], [ -102.253792, 21.839917 ], [ -102.25404, 21.839875 ], [ -102.254202, 21.839924 ], [ -102.25434, 21.84036 ], [ -102.25439, 21.84056 ], [ -102.25439, 21.84059 ], [ -102.254381, 21.840986 ], [ -102.254243, 21.84132 ], [ -102.253751, 21.842064 ], [ -102.2534, 21.84256 ], [ -102.25312, 21.84296 ], [ -102.25292, 21.84331 ], [ -102.2528, 21.84369 ], [ -102.25271, 21.8441 ], [ -102.25261, 21.84449 ], [ -102.25255, 21.84473 ], [ -102.25251, 21.84488 ], [ -102.2524, 21.84543 ], [ -102.25222, 21.84646 ], [ -102.25207, 21.84709 ], [ -102.25196, 21.84752 ], [ -102.25169, 21.84866 ], [ -102.25151, 21.84943 ], [ -102.25143, 21.84978 ], [ -102.25143, 21.849849 ], [ -102.25185, 21.84994 ], [ -102.25214, 21.84996 ], [ -102.25227, 21.84996 ], [ -102.25266, 21.85 ], [ -102.25301, 21.85002 ], [ -102.25326, 21.85008 ], [ -102.25315, 21.85034 ], [ -102.25281, 21.85118 ], [ -102.25274, 21.85135 ], [ -102.25239, 21.85219 ], [ -102.25221, 21.85261 ], [ -102.25216, 21.85271 ], [ -102.25208, 21.85283 ], [ -102.25207, 21.85284 ], [ -102.25197, 21.853 ], [ -102.25169, 21.85341 ], [ -102.25152, 21.85362 ], [ -102.25135, 21.85376 ], [ -102.25105, 21.85398 ], [ -102.25069, 21.85426 ], [ -102.2506, 21.85433 ], [ -102.25021, 21.85464 ], [ -102.24978, 21.85496 ], [ -102.24973, 21.855 ], [ -102.24938, 21.85528 ], [ -102.24921, 21.85542 ], [ -102.24906, 21.85554 ], [ -102.2488, 21.85577 ], [ -102.24864, 21.85592 ], [ -102.248232, 21.856443 ], [ -102.24816, 21.856153 ], [ -102.247641, 21.856086 ], [ -102.246917, 21.856085 ], [ -102.24647, 21.856085 ], [ -102.245903, 21.856085 ], [ -102.245384, 21.856085 ], [ -102.244974, 21.856063 ], [ -102.244345, 21.85613 ], [ -102.244175, 21.856264 ], [ -102.244228, 21.856949 ], [ -102.244308, 21.857344 ], [ -102.244426, 21.85774 ], [ -102.244664, 21.858252 ], [ -102.244917, 21.85864 ], [ -102.245122, 21.858995 ], [ -102.245479, 21.859382 ], [ -102.245691, 21.859626 ], [ -102.245716, 21.859669 ], [ -102.24551, 21.86 ], [ -102.24528, 21.86029 ], [ -102.24457, 21.8612 ], [ -102.24452, 21.86128 ], [ -102.24449, 21.86131 ], [ -102.24413, 21.86177 ], [ -102.24384, 21.8622 ], [ -102.24312, 21.86331 ], [ -102.2429, 21.86365 ], [ -102.24274, 21.86406 ], [ -102.2426, 21.86444 ], [ -102.24247, 21.8648 ], [ -102.24231, 21.8652 ], [ -102.24226, 21.86531 ], [ -102.24232, 21.86532 ], [ -102.24239, 21.86532 ], [ -102.24266, 21.86551 ], [ -102.24308, 21.86579 ], [ -102.24351, 21.8661 ], [ -102.24394, 21.86641 ], [ -102.24437, 21.86671 ], [ -102.24466, 21.86693 ], [ -102.24474, 21.86699 ], [ -102.24465, 21.8672 ], [ -102.2446, 21.86731 ], [ -102.24447, 21.86766 ], [ -102.24443, 21.86779 ], [ -102.24455, 21.86783 ], [ -102.24462, 21.86785 ], [ -102.245, 21.86798 ], [ -102.24522, 21.86805 ], [ -102.24561, 21.8682 ], [ -102.24608, 21.86841 ], [ -102.2464, 21.86858 ], [ -102.24664, 21.86874 ], [ -102.24746, 21.86921 ], [ -102.24812, 21.86961 ], [ -102.24816, 21.86963 ], [ -102.2484, 21.8698 ], [ -102.24911, 21.87023 ], [ -102.24927, 21.87032 ], [ -102.24971, 21.87059 ], [ -102.24992, 21.87072 ], [ -102.24998, 21.87076 ], [ -102.25016, 21.87088 ], [ -102.25036, 21.87099 ], [ -102.25042, 21.87103 ], [ -102.25052, 21.87109 ], [ -102.25076, 21.87122 ], [ -102.25109, 21.87141 ], [ -102.25112, 21.87143 ], [ -102.25141, 21.8716 ], [ -102.25152, 21.87168 ], [ -102.25178, 21.87183 ], [ -102.25213, 21.87202 ], [ -102.25224, 21.8721 ], [ -102.25256, 21.8723 ], [ -102.25258, 21.87232 ], [ -102.25317, 21.87268 ], [ -102.25407, 21.87335 ], [ -102.25436, 21.87355 ], [ -102.25467, 21.87379 ], [ -102.25501, 21.87404 ], [ -102.25513, 21.87412 ], [ -102.25514, 21.87413 ], [ -102.25526, 21.87423 ], [ -102.2557, 21.87455 ], [ -102.2561, 21.87485 ], [ -102.25688, 21.87539 ], [ -102.25704, 21.8755 ], [ -102.25721, 21.87561 ], [ -102.25739, 21.87574 ], [ -102.25753, 21.87584 ], [ -102.25965, 21.87739 ], [ -102.25969, 21.87742 ], [ -102.26003, 21.8777 ], [ -102.26039, 21.87798 ], [ -102.26079, 21.87826 ], [ -102.26151, 21.87873 ], [ -102.26172, 21.87888 ], [ -102.26194, 21.87904 ], [ -102.26202, 21.8791 ], [ -102.26212, 21.87901 ], [ -102.26232, 21.87886 ], [ -102.26262, 21.87865 ], [ -102.26277, 21.87854 ], [ -102.26313, 21.8783 ], [ -102.26342, 21.87811 ], [ -102.26364, 21.87798 ], [ -102.26383, 21.8779 ], [ -102.2641, 21.87784 ], [ -102.26417, 21.87782 ], [ -102.26431, 21.87779 ], [ -102.2644, 21.87777 ], [ -102.26451, 21.87775 ], [ -102.26457, 21.87774 ], [ -102.26463, 21.87774 ], [ -102.26476, 21.87773 ], [ -102.26487, 21.87774 ], [ -102.26523, 21.87775 ], [ -102.26575, 21.87779 ], [ -102.26637, 21.87783 ], [ -102.26733, 21.87787 ], [ -102.26751, 21.87788 ], [ -102.26846, 21.87794 ], [ -102.2687, 21.87795 ], [ -102.26977, 21.87802 ], [ -102.27062, 21.87807 ], [ -102.27095, 21.87808 ], [ -102.27143, 21.87811 ], [ -102.27156, 21.87811 ], [ -102.27169, 21.87812 ], [ -102.27167, 21.878 ], [ -102.27165, 21.87777 ], [ -102.27161, 21.8775 ], [ -102.27157, 21.87726 ], [ -102.27154, 21.87698 ], [ -102.27144, 21.87634 ], [ -102.27139, 21.87615 ], [ -102.27136, 21.87601 ], [ -102.27134, 21.87598 ], [ -102.27133, 21.87596 ], [ -102.27131, 21.87594 ], [ -102.27125, 21.87588 ], [ -102.2712, 21.87561 ], [ -102.27119, 21.87553 ], [ -102.27117, 21.8754 ], [ -102.27111, 21.87496 ], [ -102.27106, 21.87467 ], [ -102.27101, 21.87439 ], [ -102.27093, 21.87401 ], [ -102.27092, 21.87399 ], [ -102.27089, 21.87384 ], [ -102.27088, 21.87379 ], [ -102.27088, 21.87373 ], [ -102.27086, 21.87369 ], [ -102.27091, 21.87368 ], [ -102.27096, 21.87367 ], [ -102.27123, 21.87367 ], [ -102.27163, 21.87367 ], [ -102.27181, 21.87366 ], [ -102.27199, 21.87366 ], [ -102.27219, 21.87366 ], [ -102.2723, 21.87366 ], [ -102.27488, 21.87365 ], [ -102.27489, 21.87365 ], [ -102.27498, 21.87365 ], [ -102.27533, 21.87365 ], [ -102.27561, 21.87366 ], [ -102.27602, 21.87365 ], [ -102.27642, 21.87365 ], [ -102.27658, 21.87364 ], [ -102.27672, 21.87364 ], [ -102.2768, 21.87363 ], [ -102.27804, 21.87363 ], [ -102.27805, 21.87363 ], [ -102.27806, 21.87363 ], [ -102.27819, 21.87363 ], [ -102.27883, 21.87362 ], [ -102.27935, 21.87362 ], [ -102.2796, 21.87361 ], [ -102.28019, 21.8736 ], [ -102.28066, 21.8736 ], [ -102.28108, 21.87361 ], [ -102.28138, 21.8736 ], [ -102.28156, 21.87359 ], [ -102.28154, 21.87418 ], [ -102.28151, 21.87465 ], [ -102.28149, 21.87491 ], [ -102.28147, 21.87512 ], [ -102.28146, 21.87543 ], [ -102.28144, 21.87582 ], [ -102.28141, 21.87626 ], [ -102.28139, 21.87664 ], [ -102.28138, 21.87673 ], [ -102.28136, 21.8771 ], [ -102.28135, 21.87719 ], [ -102.28129, 21.87811 ], [ -102.28126, 21.87844 ], [ -102.28124, 21.87846 ], [ -102.28122, 21.87847 ], [ -102.28121, 21.87847 ], [ -102.2812, 21.87848 ], [ -102.28119, 21.87849 ], [ -102.28118, 21.8785 ], [ -102.28117, 21.87852 ], [ -102.28116, 21.87853 ], [ -102.28115, 21.87854 ], [ -102.28115, 21.87855 ], [ -102.28114, 21.87857 ], [ -102.28115, 21.8787 ], [ -102.28116, 21.87872 ], [ -102.28117, 21.87873 ], [ -102.28118, 21.87874 ], [ -102.28119, 21.87875 ], [ -102.2812, 21.87876 ], [ -102.28122, 21.87877 ], [ -102.28123, 21.87877 ], [ -102.28124, 21.87878 ], [ -102.28126, 21.87879 ], [ -102.28127, 21.87879 ], [ -102.28129, 21.8788 ], [ -102.281337, 21.878864 ], [ -102.281414, 21.878879 ], [ -102.281458, 21.878946 ], [ -102.281506, 21.879024 ], [ -102.281772, 21.880035 ], [ -102.281847, 21.880233 ], [ -102.282091, 21.881194 ], [ -102.282198, 21.882104 ], [ -102.282235, 21.882517 ], [ -102.282259, 21.882626 ], [ -102.282329, 21.882654 ], [ -102.28241, 21.88265 ], [ -102.283613, 21.882493 ], [ -102.284047, 21.882454 ], [ -102.284088, 21.882513 ], [ -102.284126, 21.882584 ], [ -102.284228, 21.882621 ], [ -102.284315, 21.882643 ], [ -102.28488, 21.88341 ], [ -102.285379, 21.884054 ], [ -102.285447, 21.884066 ], [ -102.285593, 21.884013 ], [ -102.287686, 21.883419 ], [ -102.287957, 21.883353 ], [ -102.288968, 21.883041 ], [ -102.289891, 21.882751 ], [ -102.290199, 21.882684 ], [ -102.290303, 21.88273 ], [ -102.290402, 21.882872 ], [ -102.290971, 21.884047 ], [ -102.291241, 21.884603 ], [ -102.291517, 21.885125 ], [ -102.291519, 21.885241 ], [ -102.291485, 21.885344 ], [ -102.29154, 21.885528 ], [ -102.29231, 21.886805 ], [ -102.292317, 21.886826 ], [ -102.292431, 21.886995 ], [ -102.292644, 21.886923 ], [ -102.292811, 21.88679 ], [ -102.294375, 21.885579 ], [ -102.294608, 21.88541 ], [ -102.295075, 21.885197 ], [ -102.295607, 21.8849 ], [ -102.295671, 21.884797 ], [ -102.295601, 21.884627 ], [ -102.295393, 21.884194 ], [ -102.29531, 21.883717 ], [ -102.295217, 21.883486 ], [ -102.294667, 21.88185 ], [ -102.294556, 21.881471 ], [ -102.293936, 21.879487 ], [ -102.293856, 21.879202 ], [ -102.293798, 21.879061 ], [ -102.293838, 21.87901 ], [ -102.29406, 21.87894 ], [ -102.29496, 21.87871 ], [ -102.29497, 21.87871 ], [ -102.29582, 21.87849 ], [ -102.29592, 21.87847 ], [ -102.29693, 21.87824 ], [ -102.29764, 21.87807 ], [ -102.29891, 21.87776 ], [ -102.298984, 21.877743 ], [ -102.299465, 21.877657 ], [ -102.300629, 21.877338 ], [ -102.300855, 21.877281 ], [ -102.30112, 21.877189 ], [ -102.301196, 21.877096 ], [ -102.301167, 21.876786 ], [ -102.301101, 21.876578 ], [ -102.30101, 21.87603 ], [ -102.30095, 21.87571 ], [ -102.30091, 21.87543 ], [ -102.30085, 21.87496 ], [ -102.30067, 21.87389 ], [ -102.30069, 21.87388 ], [ -102.3007, 21.87387 ], [ -102.30071, 21.87387 ], [ -102.30072, 21.87386 ], [ -102.30072, 21.87385 ], [ -102.30073, 21.87384 ], [ -102.30074, 21.87383 ], [ -102.30074, 21.87382 ], [ -102.30075, 21.8738 ], [ -102.30075, 21.87379 ], [ -102.30076, 21.87378 ], [ -102.30076, 21.87377 ], [ -102.30076, 21.87376 ], [ -102.30076, 21.87374 ], [ -102.30076, 21.87373 ], [ -102.30076, 21.87372 ], [ -102.30076, 21.87371 ], [ -102.30076, 21.8737 ], [ -102.30075, 21.87369 ], [ -102.30075, 21.87368 ], [ -102.30074, 21.87367 ], [ -102.30074, 21.87366 ], [ -102.30073, 21.87365 ], [ -102.30073, 21.87364 ], [ -102.30072, 21.87364 ], [ -102.30072, 21.87363 ], [ -102.30071, 21.87363 ], [ -102.30071, 21.87362 ], [ -102.3007, 21.87362 ], [ -102.30069, 21.87361 ], [ -102.30067, 21.8736 ], [ -102.30066, 21.87359 ], [ -102.30064, 21.87358 ], [ -102.30063, 21.87358 ], [ -102.30061, 21.87357 ], [ -102.30059, 21.87357 ], [ -102.30057, 21.87357 ], [ -102.30056, 21.87357 ], [ -102.30055, 21.87357 ], [ -102.30053, 21.87357 ], [ -102.30052, 21.87358 ], [ -102.30051, 21.87358 ], [ -102.30049, 21.87359 ], [ -102.30048, 21.87359 ], [ -102.30047, 21.8736 ], [ -102.30045, 21.87361 ], [ -102.30039, 21.87346 ], [ -102.30032, 21.87336 ], [ -102.30035, 21.87326 ], [ -102.30053, 21.87253 ], [ -102.3006, 21.8721 ], [ -102.29952, 21.87193 ], [ -102.2996, 21.87148 ], [ -102.29965, 21.87124 ], [ -102.29969, 21.87104 ], [ -102.29971, 21.87088 ], [ -102.29976, 21.8706 ], [ -102.29992, 21.86992 ], [ -102.29878, 21.86972 ], [ -102.29868, 21.86971 ], [ -102.29852, 21.86969 ], [ -102.29838, 21.86968 ], [ -102.29829, 21.86968 ], [ -102.29817, 21.8697 ], [ -102.29802, 21.86972 ], [ -102.29768, 21.86981 ], [ -102.29765, 21.86981 ], [ -102.29745, 21.86992 ], [ -102.2968, 21.87012 ], [ -102.2963, 21.87029 ], [ -102.29548, 21.87057 ], [ -102.29528, 21.87063 ], [ -102.29521, 21.87069 ], [ -102.29514, 21.87073 ], [ -102.29504, 21.87002 ], [ -102.29495, 21.86949 ], [ -102.29485, 21.86888 ], [ -102.29476, 21.86825 ], [ -102.29467, 21.86778 ], [ -102.29459, 21.86733 ], [ -102.29454, 21.86706 ], [ -102.29452, 21.86691 ], [ -102.29449, 21.86672 ], [ -102.29448, 21.86667 ], [ -102.29442, 21.8663 ], [ -102.29438, 21.86612 ], [ -102.29431, 21.86571 ], [ -102.29437, 21.86563 ], [ -102.29438, 21.86561 ], [ -102.29442, 21.86557 ], [ -102.29449, 21.86552 ], [ -102.29451, 21.86553 ], [ -102.29482, 21.86559 ], [ -102.29555, 21.86572 ], [ -102.29564, 21.86573 ], [ -102.29704, 21.86598 ], [ -102.29724, 21.86601 ], [ -102.29731, 21.86602 ], [ -102.29733, 21.86602 ], [ -102.29745, 21.86599 ], [ -102.29756, 21.86601 ], [ -102.29826, 21.86614 ], [ -102.29924, 21.86631 ], [ -102.29945, 21.86632 ], [ -102.3006, 21.86649 ], [ -102.30099, 21.86658 ], [ -102.30173, 21.86673 ], [ -102.30197, 21.86678 ], [ -102.30214, 21.86682 ], [ -102.30287, 21.86696 ], [ -102.30301, 21.86699 ], [ -102.30372, 21.86711 ], [ -102.30413, 21.86718 ], [ -102.30523, 21.86737 ], [ -102.30754, 21.86776 ], [ -102.30823, 21.86787 ], [ -102.30845, 21.86791 ], [ -102.30874, 21.86795 ], [ -102.30889, 21.86798 ], [ -102.30895, 21.86789 ], [ -102.30931, 21.86728 ], [ -102.30948, 21.86698 ], [ -102.30969, 21.86654 ], [ -102.3099, 21.86616 ], [ -102.3102, 21.86574 ], [ -102.31042, 21.86534 ], [ -102.31065, 21.86494 ], [ -102.31091, 21.86459 ], [ -102.31115, 21.86419 ], [ -102.31138, 21.86379 ], [ -102.31161, 21.86339 ], [ -102.31183, 21.863 ], [ -102.31193, 21.86282 ], [ -102.31205, 21.86261 ], [ -102.31214, 21.86246 ], [ -102.31229, 21.86221 ], [ -102.31253, 21.86182 ], [ -102.31275, 21.86141 ], [ -102.31279, 21.86135 ], [ -102.31299, 21.86102 ], [ -102.31322, 21.86063 ], [ -102.31344, 21.86024 ], [ -102.31369, 21.85985 ], [ -102.31374, 21.85976 ], [ -102.31382, 21.85961 ], [ -102.31399, 21.85931 ], [ -102.31411, 21.85907 ], [ -102.31424, 21.85883 ], [ -102.31438, 21.8586 ], [ -102.31465, 21.85813 ], [ -102.31466, 21.85812 ], [ -102.314864, 21.857859 ], [ -102.315846, 21.856373 ], [ -102.316625, 21.855175 ], [ -102.316878, 21.854685 ], [ -102.31751, 21.853646 ], [ -102.317582, 21.853482 ], [ -102.317654, 21.853488 ], [ -102.320978, 21.854726 ], [ -102.321334, 21.854859 ], [ -102.321376, 21.854804 ], [ -102.32206, 21.853132 ], [ -102.322011, 21.853069 ], [ -102.321799, 21.852977 ], [ -102.318501, 21.851728 ], [ -102.318379, 21.851653 ], [ -102.318423, 21.85139 ], [ -102.319138, 21.849509 ], [ -102.319189, 21.849308 ], [ -102.319263, 21.849158 ], [ -102.319276, 21.849031 ], [ -102.319165, 21.849014 ], [ -102.316988, 21.848604 ], [ -102.316764, 21.848997 ] ] } },
{ "type": "Feature", "properties": { "route_id": "R_14", "route_short_name": "R14", "route_long_name": "R-14", "route_km": 15.796449401859448, "n_stops": 82, "straight_line_km": 7.8606207265648411, "connects_to_existing": true, "total_score": 0.22434039002231992, "pareto_rank": 2, "feasible": false, "flag": "Indirect", "detour_ratio": 2.01, "n_served_agebs": 23, "f1_demand_gain": 0.02723104267897878, "f3_equity": 0.3149857027686796 }, "geometry": { "type": "LineString", "coordinates": [ [ -102.264104, 21.843561 ], [ -102.263708, 21.843683 ], [ -102.26348, 21.843771 ], [ -102.263115, 21.843878 ], [ -102.262796, 21.843958 ], [ -102.26249, 21.844047 ], [ -102.259456, 21.844971 ], [ -102.256332, 21.845822 ], [ -102.25594, 21.845931 ], [ -102.25594, 21.845807 ], [ -102.256042, 21.845596 ], [ -102.256151, 21.8454 ], [ -102.256269, 21.845116 ], [ -102.256387, 21.844752 ], [ -102.25645, 21.844476 ], [ -102.256431, 21.844222 ], [ -102.256402, 21.844061 ], [ -102.256284, 21.843963 ], [ -102.256079, 21.843836 ], [ -102.255895, 21.843808 ], [ -102.25569, 21.843781 ], [ -102.255447, 21.843841 ], [ -102.255259, 21.843901 ], [ -102.255078, 21.843947 ], [ -102.254958, 21.843988 ], [ -102.25484, 21.843982 ], [ -102.25475, 21.843928 ], [ -102.254647, 21.843862 ], [ -102.254198, 21.84359 ], [ -102.253326, 21.843057 ], [ -102.253226, 21.843002 ], [ -102.253238, 21.842937 ], [ -102.253451, 21.842573 ], [ -102.253905, 21.841963 ], [ -102.254122, 21.841635 ], [ -102.254274, 21.841366 ], [ -102.254393, 21.841057 ], [ -102.254437, 21.840849 ], [ -102.254433, 21.840625 ], [ -102.25439, 21.840421 ], [ -102.254325, 21.840196 ], [ -102.254264, 21.839991 ], [ -102.254177, 21.83981 ], [ -102.25409, 21.839699 ], [ -102.253971, 21.839598 ], [ -102.253877, 21.839582 ], [ -102.25366, 21.839632 ], [ -102.253356, 21.839719 ], [ -102.252884, 21.83992 ], [ -102.252609, 21.840061 ], [ -102.252229, 21.840293 ], [ -102.251853, 21.840578 ], [ -102.251472, 21.840907 ], [ -102.251075, 21.841427 ], [ -102.25089, 21.841729 ], [ -102.250032, 21.842989 ], [ -102.249493, 21.843797 ], [ -102.249272, 21.844054 ], [ -102.248697, 21.844798 ], [ -102.248316, 21.845254 ], [ -102.248176, 21.845423 ], [ -102.247989, 21.845658 ], [ -102.247733, 21.846075 ], [ -102.247341, 21.846727 ], [ -102.246919, 21.847392 ], [ -102.24672, 21.847715 ], [ -102.246124, 21.848715 ], [ -102.245796, 21.849225 ], [ -102.245779, 21.849322 ], [ -102.24586, 21.84959 ], [ -102.2459, 21.84969 ], [ -102.24594, 21.84982 ], [ -102.246, 21.84999 ], [ -102.24605, 21.8501 ], [ -102.24644, 21.84994 ], [ -102.24652, 21.84991 ], [ -102.24664, 21.84988 ], [ -102.24713, 21.84975 ], [ -102.24749, 21.84966 ], [ -102.24791, 21.84955 ], [ -102.24798, 21.84953 ], [ -102.24802, 21.84952 ], [ -102.24809, 21.84952 ], [ -102.2482, 21.84951 ], [ -102.24833, 21.8495 ], [ -102.24854, 21.84952 ], [ -102.24868, 21.84953 ], [ -102.24873, 21.84954 ], [ -102.24913, 21.84963 ], [ -102.24925, 21.84966 ], [ -102.24972, 21.84977 ], [ -102.24997, 21.84981 ], [ -102.25015, 21.84983 ], [ -102.25056, 21.84985 ], [ -102.25082, 21.84987 ], [ -102.25098, 21.84988 ], [ -102.25135, 21.84989 ], [ -102.2514, 21.8499 ], [ -102.25185, 21.84994 ], [ -102.25214, 21.84996 ], [ -102.25227, 21.84996 ], [ -102.25266, 21.85 ], [ -102.25301, 21.85002 ], [ -102.25326, 21.85008 ], [ -102.25343, 21.85014 ], [ -102.25357, 21.85022 ], [ -102.25375, 21.85032 ], [ -102.25404, 21.85051 ], [ -102.25415, 21.85058 ], [ -102.25453, 21.85082 ], [ -102.25495, 21.8511 ], [ -102.25537, 21.85139 ], [ -102.25572, 21.85149 ], [ -102.2558, 21.85154 ], [ -102.25587, 21.85161 ], [ -102.25592, 21.85166 ], [ -102.25596, 21.85172 ], [ -102.25599, 21.85179 ], [ -102.25604, 21.85215 ], [ -102.25607, 21.85224 ], [ -102.25616, 21.85256 ], [ -102.25629, 21.85298 ], [ -102.25639, 21.85337 ], [ -102.25651, 21.85378 ], [ -102.2566, 21.8542 ], [ -102.25669, 21.85448 ], [ -102.25673, 21.85461 ], [ -102.25685, 21.85501 ], [ -102.25687, 21.85509 ], [ -102.25691, 21.85521 ], [ -102.25702, 21.85518 ], [ -102.25808, 21.85494 ], [ -102.25867, 21.85481 ], [ -102.25894, 21.85474 ], [ -102.25969, 21.85456 ], [ -102.26036, 21.8544 ], [ -102.26201, 21.854 ], [ -102.26276, 21.85379 ], [ -102.263, 21.85373 ], [ -102.26366, 21.85356 ], [ -102.26464, 21.85334 ], [ -102.26532, 21.85318 ], [ -102.26599, 21.85301 ], [ -102.26687, 21.85278 ], [ -102.26792, 21.85251 ], [ -102.26927, 21.85217 ], [ -102.2694, 21.85215 ], [ -102.27043, 21.85194 ], [ -102.27057, 21.85191 ], [ -102.27077, 21.85185 ], [ -102.27093, 21.85181 ], [ -102.27112, 21.85173 ], [ -102.27135, 21.85163 ], [ -102.27154, 21.85153 ], [ -102.27173, 21.85142 ], [ -102.27196, 21.85126 ], [ -102.27204, 21.85121 ], [ -102.27265, 21.8507 ], [ -102.27292, 21.85043 ], [ -102.27295, 21.85041 ], [ -102.27337, 21.84999 ], [ -102.27418, 21.84923 ], [ -102.27449, 21.84899 ], [ -102.27532, 21.84836 ], [ -102.27537, 21.84833 ], [ -102.27567, 21.84814 ], [ -102.27595, 21.84797 ], [ -102.27602, 21.84794 ], [ -102.27632, 21.84779 ], [ -102.2767, 21.84761 ], [ -102.27675, 21.84758 ], [ -102.2771, 21.84743 ], [ -102.27745, 21.8473 ], [ -102.27775, 21.84721 ], [ -102.27785, 21.84717 ], [ -102.27823, 21.84706 ], [ -102.2783, 21.84704 ], [ -102.2785, 21.84699 ], [ -102.2788, 21.84692 ], [ -102.27925, 21.84683 ], [ -102.28003, 21.8467 ], [ -102.28043, 21.84664 ], [ -102.28045, 21.84664 ], [ -102.28076, 21.8466 ], [ -102.28099, 21.84658 ], [ -102.28098, 21.84642 ], [ -102.28092, 21.84617 ], [ -102.28074, 21.84517 ], [ -102.2804, 21.84325 ], [ -102.28029, 21.84262 ], [ -102.28028, 21.84253 ], [ -102.28033, 21.8398 ], [ -102.28035, 21.83903 ], [ -102.28035, 21.83874 ], [ -102.28035, 21.83849 ], [ -102.28031, 21.83719 ], [ -102.28028, 21.83669 ], [ -102.28076, 21.83658 ], [ -102.28128, 21.83649 ], [ -102.28136, 21.83647 ], [ -102.28198, 21.83635 ], [ -102.28297, 21.83615 ], [ -102.28406, 21.83592 ], [ -102.28428, 21.83588 ], [ -102.28472, 21.83578 ], [ -102.28565, 21.83559 ], [ -102.28736, 21.83526 ], [ -102.28811, 21.83512 ], [ -102.28884, 21.83498 ], [ -102.28898, 21.83497 ], [ -102.28932, 21.83702 ], [ -102.28935, 21.83719 ], [ -102.28937, 21.83733 ], [ -102.28945, 21.83781 ], [ -102.28953, 21.83827 ], [ -102.28959, 21.83864 ], [ -102.2896, 21.83874 ], [ -102.28974, 21.83955 ], [ -102.28988, 21.84038 ], [ -102.29, 21.84106 ], [ -102.29001, 21.84115 ], [ -102.29021, 21.84232 ], [ -102.29025, 21.84264 ], [ -102.29029, 21.84279 ], [ -102.29034, 21.84313 ], [ -102.29045, 21.84373 ], [ -102.29054, 21.84429 ], [ -102.2906, 21.84473 ], [ -102.29063, 21.84488 ], [ -102.29088, 21.84484 ], [ -102.29121, 21.8448 ], [ -102.29139, 21.84478 ], [ -102.29264, 21.84476 ], [ -102.29315, 21.84474 ], [ -102.29325, 21.84474 ], [ -102.29345, 21.84483 ], [ -102.2935, 21.84485 ], [ -102.29354, 21.84488 ], [ -102.29356, 21.84491 ], [ -102.29361, 21.84497 ], [ -102.29367, 21.84514 ], [ -102.29369, 21.84533 ], [ -102.29369, 21.84553 ], [ -102.29376, 21.84681 ], [ -102.29382, 21.84791 ], [ -102.29384, 21.84813 ], [ -102.29386, 21.84853 ], [ -102.29388, 21.84928 ], [ -102.29389, 21.84944 ], [ -102.29391, 21.84972 ], [ -102.29394, 21.8501 ], [ -102.29394, 21.85018 ], [ -102.29412, 21.85017 ], [ -102.295, 21.85021 ], [ -102.29519, 21.85022 ], [ -102.29539, 21.85024 ], [ -102.29562, 21.85025 ], [ -102.29584, 21.85027 ], [ -102.29631, 21.8503 ], [ -102.29659, 21.85032 ], [ -102.29686, 21.85033 ], [ -102.29698, 21.85033 ], [ -102.29711, 21.85033 ], [ -102.29714, 21.85033 ], [ -102.29718, 21.85032 ], [ -102.29751, 21.85023 ], [ -102.29792, 21.8501 ], [ -102.29814, 21.85003 ], [ -102.29848, 21.84992 ], [ -102.29864, 21.84988 ], [ -102.29876, 21.84986 ], [ -102.29891, 21.84984 ], [ -102.29895, 21.84983 ], [ -102.299, 21.84982 ], [ -102.29906, 21.84981 ], [ -102.29938, 21.84979 ], [ -102.29966, 21.84977 ], [ -102.3001, 21.84972 ], [ -102.30058, 21.84968 ], [ -102.3006, 21.84968 ], [ -102.30103, 21.84965 ], [ -102.30117, 21.84968 ], [ -102.30175, 21.84982 ], [ -102.30223, 21.84991 ], [ -102.30313, 21.85012 ], [ -102.30359, 21.85022 ], [ -102.30382, 21.85027 ], [ -102.30405, 21.85032 ], [ -102.3045, 21.85043 ], [ -102.30459, 21.85045 ], [ -102.30506, 21.85055 ], [ -102.30552, 21.85065 ], [ -102.30597, 21.85076 ], [ -102.30642, 21.85086 ], [ -102.3067, 21.85092 ], [ -102.30687, 21.85096 ], [ -102.30733, 21.85107 ], [ -102.30744, 21.85108 ], [ -102.30768, 21.85113 ], [ -102.30803, 21.85118 ], [ -102.3085, 21.85125 ], [ -102.30869, 21.85128 ], [ -102.3087, 21.85128 ], [ -102.30872, 21.85127 ], [ -102.30876, 21.85127 ], [ -102.30933, 21.85135 ], [ -102.30943, 21.85138 ], [ -102.30993, 21.85154 ], [ -102.31038, 21.85167 ], [ -102.31087, 21.85184 ], [ -102.31134, 21.85198 ], [ -102.31182, 21.85216 ], [ -102.31229, 21.85228 ], [ -102.31278, 21.85245 ], [ -102.31326, 21.85259 ], [ -102.31372, 21.85274 ], [ -102.31414, 21.85288 ], [ -102.31417, 21.85289 ], [ -102.31469, 21.85307 ], [ -102.31526, 21.85333 ], [ -102.31619, 21.85376 ], [ -102.31661, 21.85396 ], [ -102.31705, 21.85417 ], [ -102.31717, 21.85423 ], [ -102.3174, 21.85382 ], [ -102.3176, 21.85346 ], [ -102.31809, 21.85364 ], [ -102.31858, 21.85381 ], [ -102.31902, 21.85398 ], [ -102.31949, 21.85416 ], [ -102.31995, 21.85433 ], [ -102.32043, 21.8545 ], [ -102.32089, 21.85468 ], [ -102.32136, 21.85486 ], [ -102.32164, 21.85416 ], [ -102.322102, 21.853049 ], [ -102.320272, 21.852378 ], [ -102.319755, 21.852195 ], [ -102.319282, 21.852014 ], [ -102.318811, 21.851836 ], [ -102.318458, 21.851741 ], [ -102.318381, 21.851669 ], [ -102.31838, 21.851635 ], [ -102.31838, 21.851528 ], [ -102.31893, 21.85 ], [ -102.3191, 21.84955 ], [ -102.31929, 21.84911 ], [ -102.31931, 21.84904 ], [ -102.31922, 21.84901 ], [ -102.31904, 21.84896 ], [ -102.31882, 21.8489 ], [ -102.31699, 21.84859 ], [ -102.316913, 21.848672 ], [ -102.316784, 21.848928 ] ] } },
{ "type": "Feature", "properties": { "route_id": "R_16", "route_short_name": "R16", "route_long_name": "R-16", "route_km": 22.564970755203468, "n_stops": 111, "straight_line_km": 12.133218760169621, "connects_to_existing": true, "total_score": 0.13137308733131281, "pareto_rank": 5, "feasible": false, "flag": "Indirect", "detour_ratio": 1.86, "n_served_agebs": 47, "f1_demand_gain": 0.0032273936032406469, "f3_equity": 0.26474846675240427 }, "geometry": { "type": "LineString", "coordinates": [ [ -102.23992, 21.91559 ], [ -102.240053, 21.915433 ], [ -102.240114, 21.915327 ], [ -102.240171, 21.915219 ], [ -102.240229, 21.915088 ], [ -102.240262, 21.914967 ], [ -102.240263, 21.914869 ], [ -102.240294, 21.914661 ], [ -102.240313, 21.914497 ], [ -102.240355, 21.914469 ], [ -102.240395, 21.914457 ], [ -102.240459, 21.914394 ], [ -102.24056, 21.91428 ], [ -102.24065, 21.9142 ], [ -102.24111, 21.9137 ], [ -102.24187, 21.91292 ], [ -102.24192, 21.91287 ], [ -102.24202, 21.91277 ], [ -102.24208, 21.91272 ], [ -102.24242, 21.91238 ], [ -102.24255, 21.91224 ], [ -102.24261, 21.91217 ], [ -102.24271, 21.91205 ], [ -102.24278, 21.91196 ], [ -102.24285, 21.91182 ], [ -102.24289, 21.91175 ], [ -102.24295, 21.91162 ], [ -102.24298, 21.91155 ], [ -102.243, 21.91146 ], [ -102.24302, 21.91137 ], [ -102.24303, 21.91131 ], [ -102.24304, 21.91106 ], [ -102.24302, 21.91083 ], [ -102.24302, 21.91051 ], [ -102.24303, 21.91041 ], [ -102.24304, 21.91028 ], [ -102.24305, 21.91017 ], [ -102.24312, 21.90981 ], [ -102.24315, 21.90965 ], [ -102.24319, 21.90945 ], [ -102.24331, 21.90909 ], [ -102.24343, 21.90876 ], [ -102.24356, 21.90841 ], [ -102.24362, 21.90807 ], [ -102.24364, 21.90781 ], [ -102.24365, 21.90771 ], [ -102.24364, 21.90734 ], [ -102.24363, 21.90717 ], [ -102.24359, 21.90681 ], [ -102.24353, 21.9065 ], [ -102.24352, 21.90646 ], [ -102.24335, 21.9061 ], [ -102.24335, 21.906 ], [ -102.24327, 21.9058 ], [ -102.24325, 21.90576 ], [ -102.24322, 21.90569 ], [ -102.24315, 21.90554 ], [ -102.243156, 21.905442 ], [ -102.2433, 21.90532 ], [ -102.24349, 21.90519 ], [ -102.24372, 21.90504 ], [ -102.24397, 21.90491 ], [ -102.24402, 21.90489 ], [ -102.24443, 21.90478 ], [ -102.24468, 21.90472 ], [ -102.24498, 21.90466 ], [ -102.24517, 21.90462 ], [ -102.24539, 21.90457 ], [ -102.24552, 21.90453 ], [ -102.24562, 21.90451 ], [ -102.24581, 21.90448 ], [ -102.24585, 21.90447 ], [ -102.2461, 21.90442 ], [ -102.24618, 21.9044 ], [ -102.2463, 21.90437 ], [ -102.24643, 21.90434 ], [ -102.24657, 21.9043 ], [ -102.24693, 21.9042 ], [ -102.24709, 21.90415 ], [ -102.24733, 21.90408 ], [ -102.24773, 21.90394 ], [ -102.24813, 21.90381 ], [ -102.24849, 21.9037 ], [ -102.24904, 21.90351 ], [ -102.2496, 21.90331 ], [ -102.24993, 21.9032 ], [ -102.25079, 21.90295 ], [ -102.25147, 21.90273 ], [ -102.25184, 21.90259 ], [ -102.25198, 21.90255 ], [ -102.25216, 21.90249 ], [ -102.2523, 21.90245 ], [ -102.25271, 21.90235 ], [ -102.25309, 21.90224 ], [ -102.25348, 21.90213 ], [ -102.25377, 21.90206 ], [ -102.25386, 21.90204 ], [ -102.25436, 21.90192 ], [ -102.25446, 21.90189 ], [ -102.25457, 21.90185 ], [ -102.25468, 21.90182 ], [ -102.25505, 21.90172 ], [ -102.25516, 21.90169 ], [ -102.25558, 21.90159 ], [ -102.25597, 21.90149 ], [ -102.25636, 21.90138 ], [ -102.25674, 21.9013 ], [ -102.25693, 21.90126 ], [ -102.25712, 21.90122 ], [ -102.25751, 21.90114 ], [ -102.25792, 21.90105 ], [ -102.25832, 21.90096 ], [ -102.25873, 21.90087 ], [ -102.25913, 21.90078 ], [ -102.25925, 21.90079 ], [ -102.25925, 21.90093 ], [ -102.25927, 21.90128 ], [ -102.25928, 21.90159 ], [ -102.25928, 21.90177 ], [ -102.25928, 21.90183 ], [ -102.25928, 21.90213 ], [ -102.25927, 21.90241 ], [ -102.25927, 21.90272 ], [ -102.25929, 21.90284 ], [ -102.25933, 21.90298 ], [ -102.25938, 21.90315 ], [ -102.25943, 21.90324 ], [ -102.25955, 21.9034 ], [ -102.25969, 21.90354 ], [ -102.26005, 21.90377 ], [ -102.26034, 21.90395 ], [ -102.26054, 21.90407 ], [ -102.26086, 21.90426 ], [ -102.26117, 21.90451 ], [ -102.26137, 21.90467 ], [ -102.26148, 21.90473 ], [ -102.26155, 21.90476 ], [ -102.26161, 21.90478 ], [ -102.26185, 21.90484 ], [ -102.26223, 21.90489 ], [ -102.26237, 21.90491 ], [ -102.26242, 21.90491 ], [ -102.26259, 21.90495 ], [ -102.26262, 21.90495 ], [ -102.26352, 21.90501 ], [ -102.26375, 21.90494 ], [ -102.26479, 21.90463 ], [ -102.26597, 21.90423 ], [ -102.26633, 21.90412 ], [ -102.26703, 21.90389 ], [ -102.26814, 21.90354 ], [ -102.26853, 21.90343 ], [ -102.26893, 21.9033 ], [ -102.26933, 21.90317 ], [ -102.26957, 21.90308 ], [ -102.26973, 21.90302 ], [ -102.27008, 21.9029 ], [ -102.2702, 21.90288 ], [ -102.27032, 21.90287 ], [ -102.27044, 21.90288 ], [ -102.27045, 21.90288 ], [ -102.27104, 21.90294 ], [ -102.27119, 21.90296 ], [ -102.2716, 21.90302 ], [ -102.27192, 21.90307 ], [ -102.27235, 21.90313 ], [ -102.27238, 21.90314 ], [ -102.27239, 21.90314 ], [ -102.27241, 21.90314 ], [ -102.27253, 21.90315 ], [ -102.27271, 21.90316 ], [ -102.27313, 21.90313 ], [ -102.27336, 21.90309 ], [ -102.27363, 21.90302 ], [ -102.27393, 21.90289 ], [ -102.27406, 21.90281 ], [ -102.27419, 21.90273 ], [ -102.27433, 21.90263 ], [ -102.27487, 21.90225 ], [ -102.27512, 21.90207 ], [ -102.27527, 21.90197 ], [ -102.27533, 21.90216 ], [ -102.27538, 21.90236 ], [ -102.27562, 21.90331 ], [ -102.27578, 21.90392 ], [ -102.27627, 21.90378 ], [ -102.27674, 21.90364 ], [ -102.27723, 21.9035 ], [ -102.27771, 21.90337 ], [ -102.27824, 21.90322 ], [ -102.27873, 21.90308 ], [ -102.279194, 21.90295 ], [ -102.279654, 21.902816 ], [ -102.280173, 21.902678 ], [ -102.280683, 21.902512 ], [ -102.280907, 21.902387 ], [ -102.281092, 21.902273 ], [ -102.281565, 21.901999 ], [ -102.282517, 21.901395 ], [ -102.282718, 21.9012 ], [ -102.282428, 21.900861 ], [ -102.28227, 21.9007 ], [ -102.28224, 21.90066 ], [ -102.28155, 21.8998 ], [ -102.28088, 21.89896 ], [ -102.2808, 21.89886 ], [ -102.28029, 21.89826 ], [ -102.28005, 21.89797 ], [ -102.27993, 21.89782 ], [ -102.27981, 21.89766 ], [ -102.27973, 21.89756 ], [ -102.27965, 21.89746 ], [ -102.27918, 21.89685 ], [ -102.27885, 21.89642 ], [ -102.2785, 21.89597 ], [ -102.27804, 21.89539 ], [ -102.27743, 21.89463 ], [ -102.27722, 21.89436 ], [ -102.27662, 21.8936 ], [ -102.27639, 21.8933 ], [ -102.27601, 21.89283 ], [ -102.27591, 21.89271 ], [ -102.27559, 21.89233 ], [ -102.27551, 21.89224 ], [ -102.27545, 21.89216 ], [ -102.27493, 21.89149 ], [ -102.27486, 21.8914 ], [ -102.2742, 21.89061 ], [ -102.27406, 21.89043 ], [ -102.27392, 21.89026 ], [ -102.27375, 21.89005 ], [ -102.27365, 21.88988 ], [ -102.27363, 21.88985 ], [ -102.27356, 21.88966 ], [ -102.27354, 21.88961 ], [ -102.273467, 21.889312 ], [ -102.273437, 21.888991 ], [ -102.273309, 21.888411 ], [ -102.273283, 21.888127 ], [ -102.274373, 21.886668 ], [ -102.274732, 21.886142 ], [ -102.274975, 21.885826 ], [ -102.275141, 21.885663 ], [ -102.27487, 21.88493 ], [ -102.27481, 21.88474 ], [ -102.27463, 21.88422 ], [ -102.27452, 21.88392 ], [ -102.27536, 21.8838 ], [ -102.27618, 21.88371 ], [ -102.27647, 21.88367 ], [ -102.27657, 21.88362 ], [ -102.27667, 21.88359 ], [ -102.27682, 21.88354 ], [ -102.27717, 21.8835 ], [ -102.27741, 21.88345 ], [ -102.27755, 21.88342 ], [ -102.2777, 21.88338 ], [ -102.27783, 21.88334 ], [ -102.27796, 21.88328 ], [ -102.27807, 21.88324 ], [ -102.27819, 21.88321 ], [ -102.2783, 21.88319 ], [ -102.27839, 21.88318 ], [ -102.2785, 21.88317 ], [ -102.27859, 21.88315 ], [ -102.2788, 21.88311 ], [ -102.27881, 21.88311 ], [ -102.27882, 21.88311 ], [ -102.27897, 21.88308 ], [ -102.27918, 21.88304 ], [ -102.27932, 21.88301 ], [ -102.27939, 21.883 ], [ -102.27947, 21.88299 ], [ -102.28045, 21.88289 ], [ -102.28075, 21.88284 ], [ -102.28078, 21.8829 ], [ -102.28108, 21.88337 ], [ -102.28112, 21.88344 ], [ -102.28116, 21.88351 ], [ -102.28142, 21.88424 ], [ -102.28176, 21.88513 ], [ -102.28262, 21.88486 ], [ -102.28274, 21.88483 ], [ -102.28283, 21.88481 ], [ -102.28296, 21.88478 ], [ -102.28359, 21.88459 ], [ -102.28421, 21.88442 ], [ -102.28486, 21.88423 ], [ -102.28539, 21.88408 ], [ -102.28569, 21.88399 ], [ -102.28632, 21.8838 ], [ -102.2871, 21.88358 ], [ -102.28768, 21.88343 ], [ -102.2886, 21.88315 ], [ -102.28947, 21.88289 ], [ -102.29027, 21.88265 ], [ -102.29035, 21.88283 ], [ -102.29046, 21.88302 ], [ -102.29053, 21.88318 ], [ -102.29064, 21.8834 ], [ -102.29079, 21.88359 ], [ -102.29119, 21.88444 ], [ -102.29148, 21.88499 ], [ -102.29149, 21.88501 ], [ -102.29149, 21.88506 ], [ -102.29149, 21.88526 ], [ -102.29148, 21.88537 ], [ -102.29149, 21.88541 ], [ -102.29177, 21.88591 ], [ -102.29189, 21.88612 ], [ -102.29196, 21.88624 ], [ -102.29226, 21.88673 ], [ -102.29242, 21.88699 ], [ -102.29249, 21.88709 ], [ -102.29266, 21.88696 ], [ -102.29407, 21.88587 ], [ -102.29426, 21.88572 ], [ -102.29434, 21.88565 ], [ -102.29441, 21.88558 ], [ -102.29457, 21.88547 ], [ -102.29466, 21.88541 ], [ -102.29506, 21.88518 ], [ -102.29551, 21.88495 ], [ -102.29569, 21.88485 ], [ -102.29575, 21.88482 ], [ -102.29591, 21.88475 ], [ -102.2965, 21.8845 ], [ -102.29657, 21.88477 ], [ -102.29676, 21.88544 ], [ -102.29741, 21.88563 ], [ -102.29848, 21.88598 ], [ -102.2985, 21.88594 ], [ -102.2986, 21.88563 ], [ -102.29884, 21.88469 ], [ -102.29866, 21.88427 ], [ -102.29861, 21.88409 ], [ -102.2984, 21.88362 ], [ -102.29822, 21.88313 ], [ -102.29829, 21.88315 ], [ -102.29833, 21.88316 ], [ -102.29893, 21.88328 ], [ -102.29917, 21.88333 ], [ -102.29963, 21.8835 ], [ -102.29974, 21.88354 ], [ -102.30002, 21.88365 ], [ -102.30045, 21.88379 ], [ -102.30057, 21.88383 ], [ -102.30079, 21.88389 ], [ -102.30101, 21.88395 ], [ -102.30135, 21.88403 ], [ -102.30146, 21.88413 ], [ -102.3015, 21.88415 ], [ -102.30153, 21.88416 ], [ -102.30161, 21.88419 ], [ -102.30171, 21.88421 ], [ -102.30183, 21.88424 ], [ -102.302, 21.88426 ], [ -102.30251, 21.88432 ], [ -102.30257, 21.88433 ], [ -102.3036, 21.88446 ], [ -102.30362, 21.88446 ], [ -102.30386, 21.88449 ], [ -102.30456, 21.88457 ], [ -102.30555, 21.88469 ], [ -102.3073, 21.8849 ], [ -102.30863, 21.88504 ], [ -102.30898, 21.88509 ], [ -102.30941, 21.88512 ], [ -102.30969, 21.88515 ], [ -102.31017, 21.8852 ], [ -102.31058, 21.88525 ], [ -102.31095, 21.88529 ], [ -102.31139, 21.88535 ], [ -102.31179, 21.88539 ], [ -102.31194, 21.88541 ], [ -102.31207, 21.88543 ], [ -102.31213, 21.88544 ], [ -102.31238, 21.88547 ], [ -102.31257, 21.88549 ], [ -102.3128, 21.88551 ], [ -102.31297, 21.88552 ], [ -102.31327, 21.88555 ], [ -102.31397, 21.88564 ], [ -102.31476, 21.88573 ], [ -102.31479, 21.88573 ], [ -102.31484, 21.88574 ], [ -102.3155, 21.88582 ], [ -102.31655, 21.88595 ], [ -102.31722, 21.88609 ], [ -102.31738, 21.88612 ], [ -102.31761, 21.88501 ], [ -102.31776, 21.88364 ], [ -102.31779, 21.88324 ], [ -102.31786, 21.88239 ], [ -102.31793, 21.88143 ], [ -102.31793, 21.88139 ], [ -102.31798, 21.88064 ], [ -102.318, 21.88043 ], [ -102.31804, 21.88007 ], [ -102.31808, 21.87954 ], [ -102.31813, 21.87901 ], [ -102.31817, 21.87847 ], [ -102.31822, 21.87798 ], [ -102.31826, 21.87748 ], [ -102.31827, 21.87728 ], [ -102.31829, 21.87674 ], [ -102.31833, 21.87624 ], [ -102.3184, 21.87571 ], [ -102.31847, 21.8752 ], [ -102.3185, 21.87471 ], [ -102.31854, 21.8742 ], [ -102.31853, 21.87413 ], [ -102.31857, 21.87369 ], [ -102.31857, 21.8736 ], [ -102.3186, 21.87319 ], [ -102.31872, 21.87236 ], [ -102.31873, 21.87228 ], [ -102.31877, 21.872 ], [ -102.31895, 21.87173 ], [ -102.31902, 21.87164 ], [ -102.3191, 21.87156 ], [ -102.31922, 21.87148 ], [ -102.3195, 21.87133 ], [ -102.3196, 21.8713 ], [ -102.31972, 21.87127 ], [ -102.31984, 21.87124 ], [ -102.32008, 21.8712 ], [ -102.32023, 21.87119 ], [ -102.32042, 21.87119 ], [ -102.3207, 21.87122 ], [ -102.32127, 21.87129 ], [ -102.3221, 21.87139 ], [ -102.32228, 21.8714 ], [ -102.32238, 21.87142 ], [ -102.32396, 21.87162 ], [ -102.32476, 21.87174 ], [ -102.32521, 21.8718 ], [ -102.32561, 21.87185 ], [ -102.32643, 21.87195 ], [ -102.32739, 21.87212 ], [ -102.32757, 21.87214 ], [ -102.32784, 21.8722 ], [ -102.32821, 21.8723 ], [ -102.32847, 21.87237 ], [ -102.32959, 21.87266 ], [ -102.32988, 21.87272 ], [ -102.32989, 21.87273 ], [ -102.33015, 21.8728 ], [ -102.33072, 21.87295 ], [ -102.33133, 21.87313 ], [ -102.33261, 21.87346 ], [ -102.33343, 21.87366 ], [ -102.33367, 21.87372 ], [ -102.33372, 21.87393 ], [ -102.33377, 21.87412 ], [ -102.33385, 21.87439 ], [ -102.33397, 21.87488 ], [ -102.33412, 21.87536 ], [ -102.33427, 21.87586 ], [ -102.33434, 21.87611 ], [ -102.3346, 21.87708 ], [ -102.33473, 21.8776 ], [ -102.3349, 21.87828 ], [ -102.33497, 21.87852 ], [ -102.33516, 21.87925 ], [ -102.33518, 21.87935 ], [ -102.33519, 21.87943 ], [ -102.33524, 21.87962 ], [ -102.33529, 21.87988 ], [ -102.33541, 21.88038 ], [ -102.33552, 21.88083 ], [ -102.33563, 21.88125 ], [ -102.33567, 21.88143 ], [ -102.33576, 21.88176 ], [ -102.33579, 21.8819 ], [ -102.33593, 21.88237 ], [ -102.33597, 21.88248 ], [ -102.33611, 21.88285 ], [ -102.33625, 21.8833 ], [ -102.33637, 21.88369 ], [ -102.33648, 21.88405 ], [ -102.33662, 21.88451 ], [ -102.3367, 21.88474 ], [ -102.33701, 21.88576 ], [ -102.33715, 21.88629 ], [ -102.33741, 21.88739 ], [ -102.33746, 21.88759 ], [ -102.33768, 21.88845 ], [ -102.33771, 21.88857 ], [ -102.33781, 21.8889 ], [ -102.33801, 21.88952 ], [ -102.33823, 21.89023 ], [ -102.33837, 21.89066 ], [ -102.33851, 21.89119 ], [ -102.33869, 21.89197 ], [ -102.33885, 21.89265 ], [ -102.33889, 21.89284 ], [ -102.33894, 21.89296 ], [ -102.339094, 21.892985 ], [ -102.339341, 21.892968 ], [ -102.339982, 21.89292 ], [ -102.340838, 21.892886 ], [ -102.34158, 21.892861 ], [ -102.341722, 21.892864 ], [ -102.34279, 21.892846 ], [ -102.343812, 21.892837 ], [ -102.345063, 21.892814 ], [ -102.34575, 21.892823 ], [ -102.345807, 21.892945 ], [ -102.345834, 21.894903 ], [ -102.345825, 21.895116 ], [ -102.345858, 21.896135 ], [ -102.345837, 21.896677 ], [ -102.345782, 21.896824 ], [ -102.345773, 21.896933 ], [ -102.345669, 21.897112 ], [ -102.345527, 21.897347 ], [ -102.345303, 21.89767 ], [ -102.345172, 21.89789 ], [ -102.345033, 21.898277 ], [ -102.345017, 21.898382 ], [ -102.345004, 21.898563 ], [ -102.345008, 21.899055 ], [ -102.34503, 21.89968 ], [ -102.34501, 21.90008 ], [ -102.344978, 21.900489 ], [ -102.344902, 21.901023 ], [ -102.344978, 21.90108 ], [ -102.345393, 21.9008 ], [ -102.346035, 21.9004 ], [ -102.346289, 21.900263 ], [ -102.346414, 21.900212 ], [ -102.346569, 21.90019 ], [ -102.346896, 21.900154 ], [ -102.347188, 21.900166 ], [ -102.347535, 21.900198 ], [ -102.34805, 21.900294 ], [ -102.348551, 21.90034 ], [ -102.348874, 21.900359 ], [ -102.349243, 21.900373 ], [ -102.349471, 21.900381 ], [ -102.349838, 21.900404 ], [ -102.350052, 21.900411 ], [ -102.350325, 21.90043 ], [ -102.350595, 21.900446 ], [ -102.350883, 21.90051 ], [ -102.351413, 21.900625 ], [ -102.351639, 21.900669 ], [ -102.35181, 21.900722 ], [ -102.35228, 21.90085 ], [ -102.3523, 21.90086 ], [ -102.352673, 21.901007 ], [ -102.35301, 21.90112 ], [ -102.353306, 21.901244 ], [ -102.353441, 21.901292 ], [ -102.353587, 21.9014 ], [ -102.353852, 21.901557 ], [ -102.354094, 21.901726 ], [ -102.35477, 21.90216 ], [ -102.35502, 21.90234 ], [ -102.35525, 21.90251 ], [ -102.35571, 21.90284 ], [ -102.35598, 21.90302 ], [ -102.35627, 21.90327 ], [ -102.35637, 21.90338 ], [ -102.35641, 21.90342 ], [ -102.35642, 21.90347 ], [ -102.35643, 21.90357 ], [ -102.35643, 21.9037 ], [ -102.35644, 21.90376 ], [ -102.35646, 21.90388 ], [ -102.35649, 21.90416 ], [ -102.35656, 21.90439 ], [ -102.35662, 21.90457 ], [ -102.3567, 21.90476 ], [ -102.3568, 21.90495 ], [ -102.35697, 21.90533 ], [ -102.35704, 21.90549 ], [ -102.35713, 21.90573 ], [ -102.35723, 21.90596 ], [ -102.35732, 21.90623 ], [ -102.35742, 21.90654 ], [ -102.35746, 21.90666 ], [ -102.35758, 21.90705 ], [ -102.35759, 21.90709 ] ] } },
{ "type": "Feature", "properties": { "route_id": "R_18", "route_short_name": "R18", "route_long_name": "R-18", "route_km": 18.973701305744523, "n_stops": 100, "straight_line_km": 12.231532521316989, "connects_to_existing": true, "total_score": 0.14629068520930499, "pareto_rank": 5, "feasible": false, "flag": "Indirect", "detour_ratio": 1.551, "n_served_agebs": 31, "f1_demand_gain": 0.0037784527411034892, "f3_equity": 0.20250564006429014 }, "geometry": { "type": "LineString", "coordinates": [ [ -102.250908, 21.832238 ], [ -102.250724, 21.832562 ], [ -102.250498, 21.832983 ], [ -102.250218, 21.833338 ], [ -102.250083, 21.833779 ], [ -102.250053, 21.833803 ], [ -102.249832, 21.834065 ], [ -102.249667, 21.834336 ], [ -102.249622, 21.834359 ], [ -102.249429, 21.834753 ], [ -102.249225, 21.835404 ], [ -102.249216, 21.835829 ], [ -102.249099, 21.83599 ], [ -102.248983, 21.836281 ], [ -102.24898, 21.83631 ], [ -102.249043, 21.836592 ], [ -102.249119, 21.836892 ], [ -102.249054, 21.838389 ], [ -102.249012, 21.839518 ], [ -102.249013, 21.839848 ], [ -102.249157, 21.840271 ], [ -102.249335, 21.840686 ], [ -102.249483, 21.840916 ], [ -102.249804, 21.841117 ], [ -102.25029, 21.841365 ], [ -102.25072, 21.841593 ], [ -102.250884, 21.841671 ], [ -102.25108, 21.841721 ], [ -102.251283, 21.841661 ], [ -102.251513, 21.841368 ], [ -102.251852, 21.840979 ], [ -102.252278, 21.840573 ], [ -102.252618, 21.840361 ], [ -102.253239, 21.840132 ], [ -102.253556, 21.840011 ], [ -102.25421, 21.83987 ], [ -102.25434, 21.84036 ], [ -102.25439, 21.84056 ], [ -102.25439, 21.84059 ], [ -102.25441, 21.8407 ], [ -102.25441, 21.84074 ], [ -102.25441, 21.84078 ], [ -102.2544, 21.84092 ], [ -102.25437, 21.84111 ], [ -102.25435, 21.84117 ], [ -102.2543, 21.8413 ], [ -102.25422, 21.84145 ], [ -102.25418, 21.84152 ], [ -102.2541, 21.84164 ], [ -102.25397, 21.84184 ], [ -102.25389, 21.84195 ], [ -102.25363, 21.84224 ], [ -102.2534, 21.84256 ], [ -102.25312, 21.84296 ], [ -102.25292, 21.84331 ], [ -102.25286, 21.84347 ], [ -102.25282, 21.84359 ], [ -102.2528, 21.84369 ], [ -102.25271, 21.8441 ], [ -102.25261, 21.84449 ], [ -102.25255, 21.84473 ], [ -102.25251, 21.84488 ], [ -102.2524, 21.84543 ], [ -102.25222, 21.84646 ], [ -102.25207, 21.84709 ], [ -102.25196, 21.84752 ], [ -102.25169, 21.84866 ], [ -102.25151, 21.84943 ], [ -102.25143, 21.84978 ], [ -102.2514, 21.8499 ], [ -102.25185, 21.84994 ], [ -102.25214, 21.84996 ], [ -102.25227, 21.84996 ], [ -102.25266, 21.85 ], [ -102.25301, 21.85002 ], [ -102.25326, 21.85008 ], [ -102.25343, 21.85014 ], [ -102.25357, 21.85022 ], [ -102.25375, 21.85032 ], [ -102.25404, 21.85051 ], [ -102.25415, 21.85058 ], [ -102.25453, 21.85082 ], [ -102.25495, 21.8511 ], [ -102.25537, 21.85139 ], [ -102.25572, 21.85149 ], [ -102.2558, 21.85154 ], [ -102.25587, 21.85161 ], [ -102.25592, 21.85166 ], [ -102.25596, 21.85172 ], [ -102.25599, 21.85179 ], [ -102.25604, 21.85215 ], [ -102.25607, 21.85224 ], [ -102.25616, 21.85256 ], [ -102.25629, 21.85298 ], [ -102.25639, 21.85337 ], [ -102.25651, 21.85378 ], [ -102.2566, 21.8542 ], [ -102.25669, 21.85448 ], [ -102.25673, 21.85461 ], [ -102.25685, 21.85501 ], [ -102.25687, 21.85509 ], [ -102.25691, 21.85521 ], [ -102.25702, 21.85518 ], [ -102.25808, 21.85494 ], [ -102.25867, 21.85481 ], [ -102.25894, 21.85474 ], [ -102.25969, 21.85456 ], [ -102.26036, 21.8544 ], [ -102.26201, 21.854 ], [ -102.26276, 21.85379 ], [ -102.263, 21.85373 ], [ -102.26366, 21.85356 ], [ -102.26464, 21.85334 ], [ -102.26532, 21.85318 ], [ -102.26599, 21.85301 ], [ -102.26687, 21.85278 ], [ -102.26792, 21.85251 ], [ -102.26927, 21.85217 ], [ -102.26927, 21.85228 ], [ -102.26929, 21.85274 ], [ -102.26929, 21.85318 ], [ -102.2693, 21.85362 ], [ -102.2693, 21.85405 ], [ -102.26931, 21.85448 ], [ -102.26932, 21.85493 ], [ -102.26933, 21.85536 ], [ -102.26933, 21.8558 ], [ -102.26933, 21.85623 ], [ -102.26933, 21.85667 ], [ -102.26932, 21.85677 ], [ -102.26935, 21.85711 ], [ -102.26935, 21.85727 ], [ -102.26936, 21.85763 ], [ -102.26936, 21.85803 ], [ -102.26937, 21.85838 ], [ -102.26937, 21.85875 ], [ -102.26938, 21.85912 ], [ -102.26938, 21.85937 ], [ -102.26938, 21.85965 ], [ -102.26937, 21.85979 ], [ -102.26938, 21.8601 ], [ -102.26938, 21.86016 ], [ -102.26951, 21.86016 ], [ -102.26971, 21.86016 ], [ -102.26999, 21.86017 ], [ -102.27007, 21.86016 ], [ -102.27068, 21.86017 ], [ -102.27118, 21.86018 ], [ -102.27147, 21.86018 ], [ -102.27185, 21.86018 ], [ -102.27227, 21.86068 ], [ -102.27264, 21.86115 ], [ -102.27278, 21.86136 ], [ -102.27282, 21.86139 ], [ -102.27287, 21.86142 ], [ -102.27294, 21.86159 ], [ -102.27298, 21.86169 ], [ -102.27302, 21.86177 ], [ -102.27308, 21.86186 ], [ -102.27314, 21.86195 ], [ -102.27326, 21.8621 ], [ -102.27344, 21.86235 ], [ -102.27351, 21.86245 ], [ -102.27359, 21.86256 ], [ -102.274, 21.86304 ], [ -102.27404, 21.8631 ], [ -102.27425, 21.86331 ], [ -102.27427, 21.86333 ], [ -102.27446, 21.86352 ], [ -102.27473, 21.86378 ], [ -102.27494, 21.86397 ], [ -102.27497, 21.864 ], [ -102.27521, 21.86418 ], [ -102.27542, 21.86434 ], [ -102.27552, 21.86437 ], [ -102.27586, 21.86467 ], [ -102.27621, 21.86494 ], [ -102.27625, 21.86498 ], [ -102.27628, 21.86501 ], [ -102.27636, 21.86509 ], [ -102.27655, 21.8653 ], [ -102.27662, 21.8654 ], [ -102.27697, 21.86585 ], [ -102.27699, 21.86588 ], [ -102.277, 21.86602 ], [ -102.27711, 21.86603 ], [ -102.27722, 21.86617 ], [ -102.27757, 21.86667 ], [ -102.27764, 21.86676 ], [ -102.27766, 21.8668 ], [ -102.27769, 21.86683 ], [ -102.27775, 21.86688 ], [ -102.27775, 21.86698 ], [ -102.27777, 21.86769 ], [ -102.27777, 21.86772 ], [ -102.27776, 21.86776 ], [ -102.27776, 21.86782 ], [ -102.27776, 21.8679 ], [ -102.27776, 21.86791 ], [ -102.27775, 21.868 ], [ -102.27775, 21.86801 ], [ -102.27775, 21.86802 ], [ -102.27775, 21.86804 ], [ -102.27775, 21.86805 ], [ -102.27775, 21.8681 ], [ -102.27795, 21.86803 ], [ -102.27802, 21.86801 ], [ -102.27834, 21.86789 ], [ -102.2787, 21.86777 ], [ -102.2789, 21.8677 ], [ -102.28009, 21.86731 ], [ -102.28017, 21.86727 ], [ -102.28031, 21.86723 ], [ -102.28046, 21.86718 ], [ -102.28058, 21.86712 ], [ -102.28073, 21.86701 ], [ -102.28136, 21.86679 ], [ -102.28145, 21.86676 ], [ -102.28158, 21.86683 ], [ -102.28164, 21.86687 ], [ -102.28168, 21.8669 ], [ -102.28176, 21.86697 ], [ -102.28176, 21.86703 ], [ -102.28176, 21.86708 ], [ -102.28177, 21.86714 ], [ -102.28181, 21.86787 ], [ -102.28185, 21.86861 ], [ -102.28185, 21.86868 ], [ -102.28184, 21.86935 ], [ -102.28182, 21.86976 ], [ -102.28178, 21.87048 ], [ -102.28177, 21.87057 ], [ -102.28176, 21.87076 ], [ -102.28175, 21.87085 ], [ -102.28174, 21.87107 ], [ -102.28173, 21.87121 ], [ -102.28164, 21.8726 ], [ -102.28163, 21.8727 ], [ -102.28157, 21.87348 ], [ -102.28156, 21.87359 ], [ -102.28154, 21.87418 ], [ -102.28151, 21.87465 ], [ -102.28149, 21.87491 ], [ -102.28147, 21.87512 ], [ -102.28146, 21.87543 ], [ -102.28144, 21.87582 ], [ -102.28141, 21.87626 ], [ -102.28139, 21.87664 ], [ -102.28138, 21.87673 ], [ -102.28136, 21.8771 ], [ -102.28135, 21.87719 ], [ -102.28129, 21.87811 ], [ -102.28126, 21.87844 ], [ -102.28124, 21.87846 ], [ -102.28122, 21.87847 ], [ -102.28121, 21.87847 ], [ -102.2812, 21.87848 ], [ -102.28119, 21.87849 ], [ -102.28118, 21.8785 ], [ -102.28117, 21.87852 ], [ -102.28116, 21.87853 ], [ -102.28115, 21.87854 ], [ -102.28115, 21.87855 ], [ -102.28114, 21.87857 ], [ -102.28113, 21.87859 ], [ -102.28113, 21.8786 ], [ -102.28113, 21.87862 ], [ -102.28113, 21.87863 ], [ -102.28113, 21.87864 ], [ -102.28114, 21.87866 ], [ -102.28114, 21.87867 ], [ -102.28115, 21.87869 ], [ -102.28115, 21.8787 ], [ -102.28116, 21.87872 ], [ -102.28117, 21.87873 ], [ -102.28118, 21.87874 ], [ -102.28119, 21.87875 ], [ -102.2812, 21.87876 ], [ -102.28122, 21.87877 ], [ -102.28123, 21.87877 ], [ -102.28124, 21.87878 ], [ -102.28126, 21.87879 ], [ -102.28127, 21.87879 ], [ -102.28129, 21.8788 ], [ -102.2813, 21.8788 ], [ -102.28132, 21.8788 ], [ -102.28133, 21.8788 ], [ -102.28135, 21.8788 ], [ -102.28136, 21.8788 ], [ -102.28138, 21.87879 ], [ -102.2814, 21.87878 ], [ -102.28148, 21.87893 ], [ -102.28149, 21.87894 ], [ -102.2815, 21.87896 ], [ -102.28162, 21.8794 ], [ -102.28176, 21.87993 ], [ -102.28187, 21.88034 ], [ -102.2821, 21.88121 ], [ -102.28212, 21.8813 ], [ -102.28224, 21.88256 ], [ -102.28226, 21.88267 ], [ -102.28235, 21.88293 ], [ -102.28243, 21.88322 ], [ -102.28245, 21.8833 ], [ -102.28246, 21.88336 ], [ -102.28248, 21.88346 ], [ -102.28262, 21.88436 ], [ -102.28274, 21.88483 ], [ -102.2829, 21.88532 ], [ -102.28304, 21.88581 ], [ -102.28328, 21.88648 ], [ -102.28337, 21.88676 ], [ -102.28341, 21.88689 ], [ -102.28343, 21.88696 ], [ -102.28355, 21.88733 ], [ -102.28367, 21.88773 ], [ -102.28376, 21.88798 ], [ -102.28403, 21.88881 ], [ -102.28408, 21.88897 ], [ -102.28435, 21.88978 ], [ -102.28465, 21.89069 ], [ -102.28467, 21.89077 ], [ -102.28468, 21.89078 ], [ -102.28468, 21.89079 ], [ -102.28469, 21.8908 ], [ -102.28471, 21.89087 ], [ -102.28482, 21.8912 ], [ -102.28498, 21.89167 ], [ -102.28502, 21.89181 ], [ -102.28503, 21.89182 ], [ -102.28505, 21.8919 ], [ -102.28534, 21.89272 ], [ -102.28538, 21.89282 ], [ -102.28539, 21.89285 ], [ -102.28541, 21.89292 ], [ -102.28568, 21.89373 ], [ -102.28571, 21.89382 ], [ -102.28574, 21.89393 ], [ -102.28597, 21.89464 ], [ -102.28598, 21.89466 ], [ -102.28602, 21.89481 ], [ -102.28603, 21.89483 ], [ -102.28603, 21.89484 ], [ -102.28606, 21.89491 ], [ -102.28611, 21.89505 ], [ -102.28632, 21.89569 ], [ -102.28635, 21.89581 ], [ -102.28636, 21.89583 ], [ -102.28639, 21.8959 ], [ -102.2864, 21.89593 ], [ -102.28657, 21.89639 ], [ -102.28671, 21.89681 ], [ -102.28676, 21.89694 ], [ -102.28704, 21.89783 ], [ -102.28737, 21.89882 ], [ -102.28754, 21.89933 ], [ -102.28761, 21.89952 ], [ -102.2877, 21.89982 ], [ -102.28804, 21.90085 ], [ -102.28813, 21.90113 ], [ -102.28831, 21.9017 ], [ -102.28837, 21.90187 ], [ -102.28847, 21.90216 ], [ -102.28855, 21.90235 ], [ -102.28868, 21.90279 ], [ -102.28868, 21.9028 ], [ -102.28886, 21.90336 ], [ -102.28912, 21.90411 ], [ -102.28914, 21.90418 ], [ -102.28917, 21.90428 ], [ -102.28936, 21.90481 ], [ -102.28974, 21.90601 ], [ -102.28986, 21.90637 ], [ -102.29009, 21.90703 ], [ -102.29026, 21.90761 ], [ -102.29039, 21.90797 ], [ -102.29058, 21.90854 ], [ -102.29076, 21.90905 ], [ -102.29088, 21.9094 ], [ -102.29106, 21.90999 ], [ -102.29111, 21.91013 ], [ -102.29134, 21.91066 ], [ -102.29143, 21.91091 ], [ -102.29164, 21.91153 ], [ -102.29193, 21.91235 ], [ -102.29194, 21.91237 ], [ -102.29195, 21.91239 ], [ -102.29196, 21.91241 ], [ -102.29198, 21.91244 ], [ -102.29205, 21.91252 ], [ -102.29204, 21.91285 ], [ -102.29204, 21.91296 ], [ -102.29198, 21.91306 ], [ -102.29196, 21.91314 ], [ -102.29195, 21.91326 ], [ -102.29194, 21.91336 ], [ -102.2919, 21.91405 ], [ -102.29183, 21.91494 ], [ -102.29182, 21.91511 ], [ -102.29181, 21.91535 ], [ -102.29181, 21.91541 ], [ -102.291798, 21.91557 ], [ -102.291732, 21.917154 ], [ -102.291683, 21.918655 ], [ -102.29163, 21.920332 ], [ -102.291574, 21.921078 ], [ -102.291538, 21.921206 ], [ -102.291494, 21.921431 ], [ -102.291482, 21.922205 ], [ -102.291397, 21.924046 ], [ -102.291342, 21.925003 ], [ -102.29133, 21.925329 ], [ -102.291372, 21.925444 ], [ -102.291462, 21.92552 ], [ -102.291817, 21.925548 ], [ -102.293089, 21.925497 ], [ -102.29406, 21.925454 ], [ -102.29421, 21.925474 ], [ -102.295235, 21.925427 ], [ -102.297984, 21.925283 ], [ -102.299648, 21.925173 ], [ -102.301527, 21.925057 ], [ -102.30452, 21.924889 ], [ -102.306094, 21.924776 ], [ -102.310354, 21.924522 ], [ -102.313011, 21.924387 ], [ -102.314945, 21.924253 ], [ -102.315264, 21.924207 ], [ -102.315766, 21.924158 ], [ -102.316263, 21.924169 ], [ -102.316737, 21.924224 ], [ -102.316956, 21.924268 ], [ -102.317147, 21.924298 ], [ -102.317265, 21.924308 ], [ -102.317367, 21.9243 ], [ -102.317455, 21.92426 ], [ -102.317532, 21.924211 ], [ -102.317545, 21.924117 ], [ -102.31748, 21.923966 ], [ -102.316877, 21.922819 ], [ -102.316185, 21.921505 ], [ -102.315555, 21.920355 ], [ -102.314969, 21.919263 ], [ -102.31461, 21.918395 ], [ -102.314249, 21.917471 ], [ -102.31384, 21.91654 ], [ -102.3138, 21.91646 ], [ -102.31376, 21.91638 ], [ -102.31373, 21.91629 ], [ -102.31367, 21.91611 ], [ -102.31327, 21.91513 ], [ -102.3132, 21.91496 ], [ -102.31309, 21.91467 ], [ -102.31303, 21.91455 ], [ -102.31289, 21.91417 ], [ -102.31274, 21.91375 ], [ -102.3127, 21.91365 ], [ -102.31219, 21.91232 ], [ -102.31214, 21.91219 ], [ -102.31202, 21.91193 ], [ -102.31185, 21.91154 ], [ -102.31177, 21.91136 ], [ -102.31168, 21.91113 ], [ -102.31087, 21.90939 ], [ -102.31118, 21.9094 ], [ -102.31213, 21.90942 ], [ -102.31239, 21.90942 ] ] } },
{ "type": "Feature", "properties": { "route_id": "R_19", "route_short_name": "R19", "route_long_name": "R-19", "route_km": 21.539176712852434, "n_stops": 89, "straight_line_km": 12.690582673661229, "connects_to_existing": true, "total_score": 0.1267390982745602, "pareto_rank": 7, "feasible": false, "flag": "Indirect", "detour_ratio": 1.697, "n_served_agebs": 41, "f1_demand_gain": 0.0033015394090517543, "f3_equity": 0.21172279255711496 }, "geometry": { "type": "LineString", "coordinates": [ [ -102.23117, 21.88253 ], [ -102.23105, 21.88258 ], [ -102.23105, 21.8827 ], [ -102.23104, 21.88282 ], [ -102.23104, 21.88301 ], [ -102.23106, 21.88468 ], [ -102.23107, 21.88507 ], [ -102.2311, 21.88556 ], [ -102.23114, 21.88663 ], [ -102.23115, 21.88679 ], [ -102.23134, 21.88674 ], [ -102.23146, 21.8867 ], [ -102.2316, 21.88663 ], [ -102.23151, 21.8865 ], [ -102.2311, 21.88556 ], [ -102.23107, 21.88507 ], [ -102.23106, 21.88468 ], [ -102.23224, 21.88424 ], [ -102.2334, 21.8838 ], [ -102.23411, 21.88353 ], [ -102.23465, 21.88332 ], [ -102.23482, 21.88326 ], [ -102.2356, 21.88296 ], [ -102.23573, 21.88291 ], [ -102.23633, 21.8827 ], [ -102.23646, 21.88265 ], [ -102.23631, 21.88232 ], [ -102.23617, 21.88197 ], [ -102.23601, 21.88164 ], [ -102.23594, 21.88148 ], [ -102.23581, 21.88118 ], [ -102.2357, 21.88095 ], [ -102.23567, 21.88086 ], [ -102.23552, 21.8805 ], [ -102.23549, 21.88039 ], [ -102.23548, 21.88033 ], [ -102.23546, 21.88023 ], [ -102.23546, 21.88022 ], [ -102.23545, 21.88013 ], [ -102.23546, 21.88 ], [ -102.23552, 21.87954 ], [ -102.23555, 21.87918 ], [ -102.23556, 21.8791 ], [ -102.23559, 21.87892 ], [ -102.2356, 21.87878 ], [ -102.23561, 21.87875 ], [ -102.23561, 21.87868 ], [ -102.23562, 21.87861 ], [ -102.23561, 21.87852 ], [ -102.23559, 21.87846 ], [ -102.23557, 21.87839 ], [ -102.23552, 21.87826 ], [ -102.23545, 21.87811 ], [ -102.23564, 21.87796 ], [ -102.2358, 21.87786 ], [ -102.23598, 21.87777 ], [ -102.2362, 21.87767 ], [ -102.23643, 21.8776 ], [ -102.23672, 21.87756 ], [ -102.23707, 21.87752 ], [ -102.23785, 21.87742 ], [ -102.23815, 21.87736 ], [ -102.23837, 21.87731 ], [ -102.2387, 21.87723 ], [ -102.23895, 21.87712 ], [ -102.23912, 21.87702 ], [ -102.23934, 21.87689 ], [ -102.23984, 21.87653 ], [ -102.24118, 21.87557 ], [ -102.24145, 21.87539 ], [ -102.24163, 21.87526 ], [ -102.242, 21.875 ], [ -102.24238, 21.87473 ], [ -102.24274, 21.87452 ], [ -102.24286, 21.87446 ], [ -102.24293, 21.87443 ], [ -102.24301, 21.87441 ], [ -102.24316, 21.87436 ], [ -102.24357, 21.87422 ], [ -102.244, 21.87407 ], [ -102.24442, 21.87392 ], [ -102.24465, 21.87383 ], [ -102.24495, 21.87372 ], [ -102.24531, 21.87358 ], [ -102.24555, 21.8735 ], [ -102.24571, 21.87345 ], [ -102.2458, 21.87342 ], [ -102.24595, 21.87338 ], [ -102.24604, 21.87335 ], [ -102.24605, 21.87335 ], [ -102.24641, 21.87323 ], [ -102.24666, 21.87316 ], [ -102.24688, 21.8731 ], [ -102.24736, 21.87298 ], [ -102.24756, 21.87348 ], [ -102.24761, 21.8736 ], [ -102.24765, 21.87368 ], [ -102.24769, 21.87374 ], [ -102.24775, 21.87398 ], [ -102.24794, 21.87448 ], [ -102.248, 21.87466 ], [ -102.24808, 21.87485 ], [ -102.24812, 21.87497 ], [ -102.24814, 21.87505 ], [ -102.24838, 21.87556 ], [ -102.24846, 21.87568 ], [ -102.24887, 21.87598 ], [ -102.24926, 21.87629 ], [ -102.24958, 21.87652 ], [ -102.24999, 21.87679 ], [ -102.25024, 21.87698 ], [ -102.25055, 21.87722 ], [ -102.25062, 21.8773 ], [ -102.25068, 21.87737 ], [ -102.25074, 21.87746 ], [ -102.25075, 21.87748 ], [ -102.25078, 21.87755 ], [ -102.25079, 21.87756 ], [ -102.25082, 21.87761 ], [ -102.25088, 21.87771 ], [ -102.25092, 21.8778 ], [ -102.25125, 21.87865 ], [ -102.25133, 21.87891 ], [ -102.25134, 21.87896 ], [ -102.25136, 21.87904 ], [ -102.25137, 21.87912 ], [ -102.25139, 21.8792 ], [ -102.25143, 21.87934 ], [ -102.25146, 21.87952 ], [ -102.25149, 21.87962 ], [ -102.25151, 21.87967 ], [ -102.25155, 21.87978 ], [ -102.25169, 21.87995 ], [ -102.2519, 21.88013 ], [ -102.2523, 21.88044 ], [ -102.25268, 21.88073 ], [ -102.25311, 21.88103 ], [ -102.25321, 21.88111 ], [ -102.25496, 21.88236 ], [ -102.25504, 21.88241 ], [ -102.2552, 21.88252 ], [ -102.25587, 21.883 ], [ -102.25612, 21.88319 ], [ -102.25613, 21.88319 ], [ -102.25619, 21.88324 ], [ -102.25626, 21.8833 ], [ -102.25632, 21.88337 ], [ -102.2564, 21.88345 ], [ -102.25647, 21.88356 ], [ -102.25653, 21.88365 ], [ -102.25659, 21.88377 ], [ -102.25662, 21.88383 ], [ -102.25665, 21.88394 ], [ -102.25668, 21.88412 ], [ -102.25669, 21.88428 ], [ -102.25669, 21.88437 ], [ -102.25668, 21.88442 ], [ -102.25668, 21.88445 ], [ -102.25668, 21.8845 ], [ -102.25667, 21.88455 ], [ -102.25665, 21.88462 ], [ -102.25659, 21.88476 ], [ -102.25654, 21.88485 ], [ -102.25651, 21.88491 ], [ -102.25643, 21.88504 ], [ -102.25633, 21.88514 ], [ -102.25609, 21.88542 ], [ -102.256, 21.88553 ], [ -102.25585, 21.88576 ], [ -102.2558, 21.88586 ], [ -102.25579, 21.8859 ], [ -102.25576, 21.88617 ], [ -102.25576, 21.88639 ], [ -102.25578, 21.88648 ], [ -102.25583, 21.88663 ], [ -102.25585, 21.88672 ], [ -102.25605, 21.88725 ], [ -102.25609, 21.88737 ], [ -102.25632, 21.88791 ], [ -102.25641, 21.88813 ], [ -102.25644, 21.88822 ], [ -102.25653, 21.88841 ], [ -102.25665, 21.88879 ], [ -102.25687, 21.88929 ], [ -102.257, 21.88962 ], [ -102.25706, 21.88982 ], [ -102.25729, 21.89039 ], [ -102.25736, 21.89056 ], [ -102.25748, 21.89053 ], [ -102.25782, 21.89042 ], [ -102.25826, 21.89026 ], [ -102.25855, 21.89016 ], [ -102.25867, 21.89012 ], [ -102.25906, 21.88998 ], [ -102.2592, 21.88995 ], [ -102.25925, 21.88994 ], [ -102.25928, 21.88991 ], [ -102.25934, 21.88986 ], [ -102.2595, 21.8897 ], [ -102.25983, 21.88934 ], [ -102.2599, 21.88927 ], [ -102.26014, 21.88907 ], [ -102.26041, 21.88887 ], [ -102.26073, 21.88862 ], [ -102.26088, 21.88852 ], [ -102.26108, 21.88842 ], [ -102.2614, 21.88827 ], [ -102.26157, 21.88818 ], [ -102.26172, 21.88806 ], [ -102.26181, 21.888 ], [ -102.26197, 21.88786 ], [ -102.26213, 21.88775 ], [ -102.26218, 21.88772 ], [ -102.26252, 21.88747 ], [ -102.26259, 21.88743 ], [ -102.26268, 21.88737 ], [ -102.26283, 21.88726 ], [ -102.2635, 21.8868 ], [ -102.26408, 21.8864 ], [ -102.26449, 21.88612 ], [ -102.26471, 21.88595 ], [ -102.26501, 21.88576 ], [ -102.26511, 21.8857 ], [ -102.26523, 21.88563 ], [ -102.26551, 21.88552 ], [ -102.26591, 21.88541 ], [ -102.26609, 21.88537 ], [ -102.26701, 21.88518 ], [ -102.26743, 21.8851 ], [ -102.26753, 21.88508 ], [ -102.26803, 21.88498 ], [ -102.26852, 21.88489 ], [ -102.26882, 21.8848 ], [ -102.26913, 21.88472 ], [ -102.26921, 21.8847 ], [ -102.26933, 21.88467 ], [ -102.26945, 21.88465 ], [ -102.26982, 21.88458 ], [ -102.27012, 21.88453 ], [ -102.27035, 21.8845 ], [ -102.27058, 21.88447 ], [ -102.2716, 21.88434 ], [ -102.27161, 21.88433 ], [ -102.27221, 21.88424 ], [ -102.27242, 21.88421 ], [ -102.27249, 21.8842 ], [ -102.2725, 21.8842 ], [ -102.27263, 21.88418 ], [ -102.2727, 21.88417 ], [ -102.273, 21.88413 ], [ -102.27444, 21.88394 ], [ -102.27452, 21.88392 ], [ -102.27536, 21.8838 ], [ -102.27618, 21.88371 ], [ -102.27647, 21.88367 ], [ -102.27657, 21.88362 ], [ -102.27667, 21.88359 ], [ -102.27682, 21.88354 ], [ -102.27717, 21.8835 ], [ -102.27741, 21.88345 ], [ -102.27755, 21.88342 ], [ -102.2777, 21.88338 ], [ -102.27783, 21.88334 ], [ -102.27796, 21.88328 ], [ -102.27807, 21.88324 ], [ -102.27819, 21.88321 ], [ -102.2783, 21.88319 ], [ -102.27839, 21.88318 ], [ -102.2785, 21.88317 ], [ -102.27859, 21.88315 ], [ -102.2788, 21.88311 ], [ -102.27881, 21.88311 ], [ -102.27882, 21.88311 ], [ -102.27897, 21.88308 ], [ -102.27918, 21.88304 ], [ -102.27932, 21.88301 ], [ -102.27939, 21.883 ], [ -102.27947, 21.88299 ], [ -102.28045, 21.88289 ], [ -102.28075, 21.88284 ], [ -102.28085, 21.88283 ], [ -102.28093, 21.88281 ], [ -102.28129, 21.88275 ], [ -102.28195, 21.88272 ], [ -102.28226, 21.88267 ], [ -102.28237, 21.88265 ], [ -102.28258, 21.88263 ], [ -102.2829, 21.88257 ], [ -102.2837, 21.88247 ], [ -102.28404, 21.88243 ], [ -102.28405, 21.88244 ], [ -102.28405, 21.88245 ], [ -102.28405, 21.88246 ], [ -102.28406, 21.88246 ], [ -102.28406, 21.88247 ], [ -102.28406, 21.88248 ], [ -102.28407, 21.88248 ], [ -102.28407, 21.88249 ], [ -102.28408, 21.8825 ], [ -102.28409, 21.88251 ], [ -102.2841, 21.88252 ], [ -102.28411, 21.88253 ], [ -102.28412, 21.88253 ], [ -102.28413, 21.88254 ], [ -102.28414, 21.88254 ], [ -102.2842, 21.88257 ], [ -102.28422, 21.88258 ], [ -102.28424, 21.88259 ], [ -102.28425, 21.88259 ], [ -102.28426, 21.88259 ], [ -102.28427, 21.88259 ], [ -102.284281, 21.88264 ], [ -102.285325, 21.884058 ], [ -102.28569, 21.88399 ], [ -102.28632, 21.8838 ], [ -102.2871, 21.88358 ], [ -102.28768, 21.88343 ], [ -102.2886, 21.88315 ], [ -102.28947, 21.88289 ], [ -102.29027, 21.88265 ], [ -102.29035, 21.88283 ], [ -102.29046, 21.88302 ], [ -102.29053, 21.88318 ], [ -102.29064, 21.8834 ], [ -102.29079, 21.88359 ], [ -102.29119, 21.88444 ], [ -102.29148, 21.88499 ], [ -102.29149, 21.88501 ], [ -102.29149, 21.88506 ], [ -102.29149, 21.88526 ], [ -102.29148, 21.88537 ], [ -102.29149, 21.88541 ], [ -102.29177, 21.88591 ], [ -102.29189, 21.88612 ], [ -102.29196, 21.88624 ], [ -102.29226, 21.88673 ], [ -102.29242, 21.88699 ], [ -102.29249, 21.88709 ], [ -102.29266, 21.88696 ], [ -102.29407, 21.88587 ], [ -102.29426, 21.88572 ], [ -102.29434, 21.88565 ], [ -102.29441, 21.88558 ], [ -102.29457, 21.88547 ], [ -102.29466, 21.88541 ], [ -102.29506, 21.88518 ], [ -102.29551, 21.88495 ], [ -102.29569, 21.88485 ], [ -102.29575, 21.88482 ], [ -102.29591, 21.88475 ], [ -102.2965, 21.8845 ], [ -102.29657, 21.88477 ], [ -102.29676, 21.88544 ], [ -102.29741, 21.88563 ], [ -102.29848, 21.88598 ], [ -102.2985, 21.88594 ], [ -102.2986, 21.88563 ], [ -102.29884, 21.88469 ], [ -102.29866, 21.88427 ], [ -102.29861, 21.88409 ], [ -102.29893, 21.88328 ], [ -102.29917, 21.88333 ], [ -102.29963, 21.8835 ], [ -102.29974, 21.88354 ], [ -102.30002, 21.88365 ], [ -102.30045, 21.88379 ], [ -102.30057, 21.88383 ], [ -102.30079, 21.88389 ], [ -102.30101, 21.88395 ], [ -102.30135, 21.88403 ], [ -102.30146, 21.88413 ], [ -102.3015, 21.88415 ], [ -102.30153, 21.88416 ], [ -102.30161, 21.88419 ], [ -102.30171, 21.88421 ], [ -102.30183, 21.88424 ], [ -102.302, 21.88426 ], [ -102.30251, 21.88432 ], [ -102.30257, 21.88433 ], [ -102.3036, 21.88446 ], [ -102.30362, 21.88446 ], [ -102.30386, 21.88449 ], [ -102.30456, 21.88457 ], [ -102.30555, 21.88469 ], [ -102.3073, 21.8849 ], [ -102.30863, 21.88504 ], [ -102.308942, 21.885113 ], [ -102.311339, 21.885385 ], [ -102.312354, 21.885506 ], [ -102.316639, 21.88601 ], [ -102.317162, 21.886169 ], [ -102.31704, 21.88697 ], [ -102.31686, 21.88778 ], [ -102.31685, 21.88792 ], [ -102.31684, 21.88804 ], [ -102.31683, 21.88822 ], [ -102.31683, 21.88846 ], [ -102.31684, 21.88867 ], [ -102.31684, 21.88892 ], [ -102.31686, 21.8897 ], [ -102.31687, 21.89096 ], [ -102.31687, 21.89193 ], [ -102.316865, 21.892586 ], [ -102.316915, 21.894624 ], [ -102.317, 21.896185 ], [ -102.317065, 21.898153 ], [ -102.317092, 21.898208 ], [ -102.317162, 21.898203 ], [ -102.317148, 21.897896 ], [ -102.317127, 21.896194 ], [ -102.317124, 21.894715 ], [ -102.317131, 21.894502 ], [ -102.317202, 21.894489 ], [ -102.319203, 21.894449 ], [ -102.321246, 21.894405 ], [ -102.321324, 21.897732 ], [ -102.321364, 21.898494 ], [ -102.321183, 21.898489 ], [ -102.320969, 21.898415 ], [ -102.320391, 21.898254 ], [ -102.319276, 21.89781 ], [ -102.319029, 21.89773 ], [ -102.318816, 21.897697 ], [ -102.31866, 21.897697 ], [ -102.318418, 21.897752 ], [ -102.318203, 21.897831 ], [ -102.317955, 21.897953 ], [ -102.317, 21.89852 ], [ -102.31701, 21.89866 ], [ -102.317, 21.89891 ], [ -102.31697, 21.89929 ], [ -102.31694, 21.89965 ], [ -102.31691, 21.89986 ], [ -102.31683, 21.90027 ], [ -102.31679, 21.90049 ], [ -102.31675, 21.90065 ], [ -102.31664, 21.90104 ], [ -102.31659, 21.90119 ], [ -102.31648, 21.90155 ], [ -102.31644, 21.90167 ], [ -102.31639, 21.90191 ], [ -102.3163, 21.90233 ], [ -102.31628, 21.90244 ], [ -102.31623, 21.90257 ], [ -102.31619, 21.90277 ], [ -102.31615, 21.90319 ], [ -102.31615, 21.90327 ], [ -102.31614, 21.90349 ], [ -102.3162, 21.90417 ], [ -102.31624, 21.90438 ], [ -102.3163, 21.90466 ], [ -102.31632, 21.90478 ], [ -102.31672, 21.90669 ], [ -102.31681, 21.90718 ], [ -102.31682, 21.90726 ], [ -102.31703, 21.90826 ], [ -102.3171, 21.90862 ], [ -102.3172, 21.90916 ], [ -102.31725, 21.90946 ], [ -102.31729, 21.90958 ], [ -102.31748, 21.90958 ], [ -102.31773, 21.90958 ], [ -102.31774, 21.90958 ], [ -102.31782, 21.90958 ], [ -102.31796, 21.90959 ], [ -102.31812, 21.9096 ], [ -102.31818, 21.9096 ], [ -102.31829, 21.9096 ], [ -102.31839, 21.9096 ], [ -102.31952, 21.90965 ], [ -102.32003, 21.90966 ], [ -102.32048, 21.90966 ], [ -102.32058, 21.90966 ], [ -102.32061, 21.90966 ], [ -102.32129, 21.90967 ], [ -102.32221, 21.9097 ], [ -102.32242, 21.9097 ], [ -102.32255, 21.90971 ], [ -102.32268, 21.90971 ], [ -102.32444, 21.90977 ], [ -102.32485, 21.90979 ], [ -102.32525, 21.9098 ], [ -102.32529, 21.90981 ], [ -102.32537, 21.90981 ], [ -102.32586, 21.90983 ], [ -102.32611, 21.90984 ], [ -102.32766, 21.90987 ], [ -102.32825, 21.90988 ], [ -102.32854, 21.90988 ], [ -102.32872, 21.90994 ], [ -102.32874, 21.90995 ], [ -102.32879, 21.90997 ], [ -102.32888, 21.91 ], [ -102.32888, 21.91004 ], [ -102.32898, 21.91053 ], [ -102.32921, 21.91151 ], [ -102.32932, 21.91204 ], [ -102.32947, 21.91255 ], [ -102.32963, 21.913 ], [ -102.32988, 21.91361 ], [ -102.33013, 21.91422 ], [ -102.33023, 21.91446 ], [ -102.33028, 21.91459 ], [ -102.33032, 21.91467 ], [ -102.33036, 21.91475 ], [ -102.33041, 21.91483 ], [ -102.33046, 21.9149 ], [ -102.33048, 21.91493 ], [ -102.33051, 21.91498 ], [ -102.33057, 21.91503 ], [ -102.33065, 21.91507 ], [ -102.33074, 21.91513 ], [ -102.33082, 21.91517 ], [ -102.33088, 21.91521 ], [ -102.33121, 21.91533 ], [ -102.33137, 21.91538 ], [ -102.331547, 21.915433 ], [ -102.331851, 21.915537 ], [ -102.33236, 21.915745 ], [ -102.332621, 21.915943 ], [ -102.332995, 21.916356 ], [ -102.333599, 21.917347 ], [ -102.334008, 21.917996 ], [ -102.334386, 21.918589 ], [ -102.334469, 21.918672 ], [ -102.334489, 21.91869 ], [ -102.334651, 21.918775 ], [ -102.335549, 21.920254 ], [ -102.337162, 21.923173 ], [ -102.33746, 21.92383 ], [ -102.33753, 21.92403 ], [ -102.33767, 21.92435 ], [ -102.33773, 21.92453 ], [ -102.33782, 21.92475 ], [ -102.33786, 21.92483 ], [ -102.33811, 21.92543 ], [ -102.3384, 21.9261 ], [ -102.3386, 21.92658 ], [ -102.33883, 21.92719 ], [ -102.33899, 21.92758 ], [ -102.33905, 21.92773 ], [ -102.33912, 21.92795 ], [ -102.33917, 21.92807 ], [ -102.33922, 21.92822 ], [ -102.33949, 21.92893 ], [ -102.33975, 21.92964 ], [ -102.34014, 21.93065 ], [ -102.34018, 21.93077 ], [ -102.3403, 21.93106 ], [ -102.34062, 21.93188 ], [ -102.34077, 21.93227 ], [ -102.34086, 21.9325 ], [ -102.34096, 21.93276 ], [ -102.34097, 21.9328 ], [ -102.34104, 21.93302 ], [ -102.3411, 21.93321 ], [ -102.34113, 21.93332 ], [ -102.34127, 21.93388 ], [ -102.341307, 21.934139 ], [ -102.341455, 21.934102 ], [ -102.341412, 21.933804 ] ] } },
{ "type": "Feature", "properties": { "route_id": "R_20N", "route_short_name": "R20N", "route_long_name": "R-20N", "route_km": 18.256918095175166, "n_stops": 45, "straight_line_km": 5.4933095062886705, "connects_to_existing": true, "total_score": 0.15359585863527517, "pareto_rank": 6, "feasible": false, "flag": "Indirect", "detour_ratio": 3.323, "n_served_agebs": 43, "f1_demand_gain": 0.0023268904147655299, "f3_equity": 0.21363980938787744 }, "geometry": { "type": "LineString", "coordinates": [ [ -102.265466800000013, 21.895523810000025 ], [ -102.2653447, 21.89527331 ], [ -102.2651633, 21.894947280000022 ], [ -102.2650404, 21.89470897 ], [ -102.2649424, 21.894588109999962 ], [ -102.264862, 21.894566770000019 ], [ -102.264778, 21.894633830000032 ], [ -102.2648373, 21.894775639999956 ], [ -102.2649363, 21.894966119999989 ], [ -102.2651713, 21.895397249999977 ], [ -102.265332200000017, 21.895643710000027 ], [ -102.2654785, 21.895767310000025 ], [ -102.2656119, 21.895926149999976 ], [ -102.2657131, 21.895991050000013 ], [ -102.2658148, 21.89604661000001 ], [ -102.2659934, 21.89598898 ], [ -102.2663788, 21.895749909999974 ], [ -102.26701, 21.89537 ], [ -102.2673, 21.89517 ], [ -102.26738, 21.89509 ], [ -102.26743, 21.895 ], [ -102.2674699, 21.8948925 ], [ -102.2675047, 21.89480134 ], [ -102.2676, 21.89478 ], [ -102.26885, 21.89509 ], [ -102.26945, 21.89522 ], [ -102.2697, 21.89528 ], [ -102.26987, 21.89534 ], [ -102.27008, 21.89543 ], [ -102.27027, 21.89555 ], [ -102.27044, 21.89568 ], [ -102.27047, 21.89571 ], [ -102.27054, 21.89578 ], [ -102.27064, 21.89589 ], [ -102.27076, 21.89608 ], [ -102.27087, 21.89629 ], [ -102.27092, 21.89641 ], [ -102.27095, 21.89652 ], [ -102.27096, 21.89664 ], [ -102.27097, 21.89677 ], [ -102.27097, 21.89693 ], [ -102.27096, 21.89705 ], [ -102.27073, 21.89869 ], [ -102.27069, 21.89897 ], [ -102.27063, 21.89931 ], [ -102.27062, 21.89943 ], [ -102.2708, 21.89951 ], [ -102.27102, 21.89961 ], [ -102.27162, 21.89986 ], [ -102.27176, 21.89993 ], [ -102.27185, 21.89996 ], [ -102.27194, 21.89997 ], [ -102.27237, 21.90003 ], [ -102.27304, 21.9001 ], [ -102.2731, 21.9001 ], [ -102.27314, 21.90008 ], [ -102.27318, 21.90007 ], [ -102.27322, 21.90005 ], [ -102.27327, 21.90002 ], [ -102.27347, 21.89987 ], [ -102.2737, 21.89969 ], [ -102.27377, 21.89963 ], [ -102.2739, 21.89954 ], [ -102.27396, 21.8995 ], [ -102.27424, 21.89927 ], [ -102.27465, 21.89896 ], [ -102.27481, 21.89885 ], [ -102.27495, 21.89876 ], [ -102.27528, 21.89854 ], [ -102.27572, 21.89818 ], [ -102.2761, 21.89789 ], [ -102.27735, 21.89694 ], [ -102.27772, 21.89663 ], [ -102.27817, 21.89629 ], [ -102.27828, 21.8962 ], [ -102.27841, 21.89611 ], [ -102.27872, 21.8965 ], [ -102.27943, 21.89739 ], [ -102.27952, 21.8975 ], [ -102.27965, 21.89766 ], [ -102.2797, 21.89774 ], [ -102.27989, 21.89797 ], [ -102.28012, 21.89827 ], [ -102.28034, 21.89856 ], [ -102.28058, 21.89889 ], [ -102.28061, 21.89893 ], [ -102.28063, 21.89896 ], [ -102.28065, 21.89897 ], [ -102.28067, 21.89898 ], [ -102.2807, 21.89899 ], [ -102.28077, 21.89901 ], [ -102.28096, 21.89927 ], [ -102.28143, 21.89988 ], [ -102.28211, 21.90069 ], [ -102.28215, 21.90074 ], [ -102.28221, 21.90082 ], [ -102.28238, 21.90106 ], [ -102.28253, 21.90127 ], [ -102.28264, 21.9014 ], [ -102.28267, 21.90144 ], [ -102.2827, 21.90147 ], [ -102.28275, 21.90154 ], [ -102.28307, 21.90191 ], [ -102.28311, 21.90196 ], [ -102.2833, 21.90215 ], [ -102.2834, 21.90227 ], [ -102.28353, 21.90237 ], [ -102.28364, 21.90243 ], [ -102.28379, 21.90252 ], [ -102.28388, 21.90256 ], [ -102.28398, 21.9026 ], [ -102.28405, 21.90264 ], [ -102.28413, 21.90266 ], [ -102.28421, 21.90269 ], [ -102.2843, 21.90271 ], [ -102.28438, 21.90273 ], [ -102.28452, 21.90275 ], [ -102.28477, 21.90275 ], [ -102.28496, 21.90274 ], [ -102.28508, 21.90273 ], [ -102.28517, 21.9027 ], [ -102.28542, 21.90264 ], [ -102.28554, 21.9026 ], [ -102.28557, 21.9026 ], [ -102.28565, 21.90257 ], [ -102.28567, 21.90257 ], [ -102.28591, 21.9025 ], [ -102.28604, 21.90246 ], [ -102.28611, 21.90244 ], [ -102.28642, 21.90237 ], [ -102.28666, 21.90228 ], [ -102.28679, 21.90224 ], [ -102.28708, 21.90216 ], [ -102.28755, 21.90203 ], [ -102.28781, 21.90196 ], [ -102.28823, 21.90185 ], [ -102.28834, 21.90182 ], [ -102.28845, 21.90178 ], [ -102.28865, 21.90173 ], [ -102.2893, 21.90157 ], [ -102.28952, 21.9015 ], [ -102.28955, 21.9015 ], [ -102.29064, 21.9012 ], [ -102.29147, 21.90097 ], [ -102.29175, 21.90088 ], [ -102.292, 21.9008 ], [ -102.29225, 21.90073 ], [ -102.29256, 21.90066 ], [ -102.29288, 21.90058 ], [ -102.29305, 21.90054 ], [ -102.29362, 21.90038 ], [ -102.29381, 21.90033 ], [ -102.29463, 21.90011 ], [ -102.29498, 21.90002 ], [ -102.29506, 21.9 ], [ -102.29548, 21.8999 ], [ -102.29593, 21.89978 ], [ -102.29604, 21.89975 ], [ -102.29638, 21.89964 ], [ -102.2968, 21.89953 ], [ -102.29724, 21.89941 ], [ -102.29769, 21.89929 ], [ -102.29814, 21.89916 ], [ -102.29861, 21.89904 ], [ -102.29874, 21.899 ], [ -102.29896, 21.89894 ], [ -102.29911, 21.8989 ], [ -102.29955, 21.89878 ], [ -102.29996, 21.89868 ], [ -102.30021, 21.8986 ], [ -102.3007, 21.89846 ], [ -102.30134, 21.89829 ], [ -102.30178, 21.89816 ], [ -102.30226, 21.89804 ], [ -102.30271, 21.89791 ], [ -102.30314, 21.89779 ], [ -102.30346, 21.8977 ], [ -102.30356, 21.89767 ], [ -102.30403, 21.89754 ], [ -102.30433, 21.89745 ], [ -102.30435, 21.89744 ], [ -102.30465, 21.89736 ], [ -102.3048, 21.89732 ], [ -102.30504, 21.89726 ], [ -102.3051, 21.89725 ], [ -102.30566, 21.89709 ], [ -102.30674, 21.8968 ], [ -102.30732, 21.89665 ], [ -102.30742, 21.89662 ], [ -102.30804, 21.89646 ], [ -102.30842, 21.89634 ], [ -102.30875, 21.89626 ], [ -102.30885, 21.89623 ], [ -102.30917, 21.89615 ], [ -102.30941, 21.89607 ], [ -102.30964, 21.89598 ], [ -102.30986, 21.8959 ], [ -102.31009, 21.8958 ], [ -102.31021, 21.89574 ], [ -102.31024, 21.89573 ], [ -102.31043, 21.8956 ], [ -102.31089, 21.89523 ], [ -102.311, 21.89513 ], [ -102.31116, 21.89501 ], [ -102.31133, 21.89486 ], [ -102.31154, 21.89462 ], [ -102.31173, 21.89438 ], [ -102.31195, 21.89406 ], [ -102.31218, 21.89367 ], [ -102.31229, 21.89346 ], [ -102.31245, 21.89309 ], [ -102.31254, 21.89274 ], [ -102.3126, 21.89241 ], [ -102.31264, 21.89221 ], [ -102.31265, 21.89207 ], [ -102.31265, 21.89194 ], [ -102.31266, 21.89167 ], [ -102.31267, 21.89115 ], [ -102.31266, 21.89087 ], [ -102.31265, 21.89075 ], [ -102.31263, 21.88975 ], [ -102.31262, 21.88872 ], [ -102.31259, 21.88715 ], [ -102.31258, 21.88646 ], [ -102.31258, 21.88631 ], [ -102.31257, 21.88549 ], [ -102.31255, 21.8846 ], [ -102.31255, 21.88368 ], [ -102.31253, 21.8831 ], [ -102.31254, 21.88277 ], [ -102.31254, 21.88213 ], [ -102.31253, 21.8818 ], [ -102.3125252, 21.88065984 ], [ -102.3125114, 21.88017225 ], [ -102.3124897, 21.879554060000018 ], [ -102.312448, 21.87894523 ], [ -102.3121736, 21.875655900000019 ], [ -102.312122, 21.875034010000014 ], [ -102.3120979, 21.874712590000016 ], [ -102.3121113, 21.874647630000016 ], [ -102.3120805, 21.87439572000001 ], [ -102.3120584, 21.874235140000014 ], [ -102.3119816, 21.87395929 ], [ -102.3119667, 21.87387871 ], [ -102.3117421, 21.873075499999967 ], [ -102.3116215, 21.87272872 ], [ -102.3114502, 21.87212865 ], [ -102.3113657, 21.87184485 ], [ -102.3112546, 21.87153193 ], [ -102.3111799, 21.871270280000019 ], [ -102.3110063, 21.8707302 ], [ -102.3108602, 21.870282950000025 ], [ -102.3107776, 21.87005109 ], [ -102.3106834, 21.8697577 ], [ -102.3106348, 21.86958337 ], [ -102.3105434, 21.86925623 ], [ -102.310478, 21.86908598 ], [ -102.3103854, 21.868872029999967 ], [ -102.3102714, 21.86868234000001 ], [ -102.3101795, 21.868551950000025 ], [ -102.31002, 21.86835463 ], [ -102.309829, 21.86818104 ], [ -102.3096285, 21.86805547 ], [ -102.3092515, 21.867921400000018 ], [ -102.3089709, 21.867833 ], [ -102.3078644, 21.867640460000025 ], [ -102.30648, 21.86742 ], [ -102.30528, 21.86722 ], [ -102.30416, 21.86704 ], [ -102.3038, 21.86698 ], [ -102.30334, 21.8669 ], [ -102.30303, 21.86685 ], [ -102.3029, 21.86683 ], [ -102.30176, 21.86663 ], [ -102.30062, 21.86642 ], [ -102.30029, 21.86636 ], [ -102.29948, 21.86621 ], [ -102.29935, 21.86619 ], [ -102.29885, 21.8661 ], [ -102.29852, 21.86604 ], [ -102.29829, 21.866 ], [ -102.29766, 21.8659 ], [ -102.29708, 21.86581 ], [ -102.29631, 21.86569 ], [ -102.29578, 21.86561 ], [ -102.29563, 21.86558 ], [ -102.29561, 21.86558 ], [ -102.29544, 21.86555 ], [ -102.29506, 21.86548 ], [ -102.29487, 21.86545 ], [ -102.29457, 21.86539 ], [ -102.29432, 21.86536 ], [ -102.29422, 21.86535 ], [ -102.29417, 21.86534 ], [ -102.29412, 21.86534 ], [ -102.29403, 21.86534 ], [ -102.29388, 21.86535 ], [ -102.29374, 21.86536 ], [ -102.29352, 21.86538 ], [ -102.2933, 21.8654 ], [ -102.29325, 21.8654 ], [ -102.29267, 21.86546 ], [ -102.29192, 21.86552 ], [ -102.29178, 21.86553 ], [ -102.29115, 21.86559 ], [ -102.291, 21.8656 ], [ -102.29068, 21.86561 ], [ -102.29063, 21.86562 ], [ -102.29046, 21.86564 ], [ -102.29027, 21.86566 ], [ -102.28951, 21.86574 ], [ -102.28876, 21.86581 ], [ -102.288, 21.86588 ], [ -102.28724, 21.86594 ], [ -102.28672, 21.86599 ], [ -102.28651, 21.866 ], [ -102.28634, 21.86602 ], [ -102.2861, 21.86604 ], [ -102.28601, 21.86605 ], [ -102.28552, 21.86608 ], [ -102.28526, 21.86611 ], [ -102.28459, 21.86618 ], [ -102.28423, 21.86623 ], [ -102.28383, 21.86628 ], [ -102.28333, 21.86634 ], [ -102.28302, 21.86635 ], [ -102.28262, 21.8664 ], [ -102.28248, 21.86641 ], [ -102.28206, 21.86645 ], [ -102.28194, 21.86647 ], [ -102.28155, 21.86662 ], [ -102.28127, 21.86671 ], [ -102.28108, 21.86678 ], [ -102.27981, 21.86721 ], [ -102.27865, 21.8676 ], [ -102.27858, 21.86763 ], [ -102.27852, 21.86765 ], [ -102.27851, 21.86765 ], [ -102.2784, 21.86769 ], [ -102.27821, 21.86775 ], [ -102.27781, 21.86789 ], [ -102.27777, 21.8679 ], [ -102.27776, 21.8679 ], [ -102.27774, 21.86791 ], [ -102.27767, 21.86793 ], [ -102.27708, 21.86814 ], [ -102.27701, 21.86816 ], [ -102.2769, 21.86819 ], [ -102.27672, 21.86825 ], [ -102.27555, 21.86863 ], [ -102.27464, 21.86893 ], [ -102.27424, 21.86905 ], [ -102.27415, 21.86908 ], [ -102.27402, 21.86912 ], [ -102.27369, 21.86922 ], [ -102.27313, 21.86941 ], [ -102.27285, 21.86951 ], [ -102.27263, 21.86961 ], [ -102.27249, 21.8697 ], [ -102.27236, 21.86977 ], [ -102.27227, 21.86983 ], [ -102.27214, 21.86992 ], [ -102.27203, 21.87 ], [ -102.27191, 21.87011 ], [ -102.27181, 21.8702 ], [ -102.27169, 21.87031 ], [ -102.27158, 21.87041 ], [ -102.27148, 21.87053 ], [ -102.27139, 21.87063 ], [ -102.2713, 21.87075 ], [ -102.27112, 21.87102 ], [ -102.27091, 21.87144 ], [ -102.27086, 21.87156 ], [ -102.27078, 21.87181 ], [ -102.27071, 21.87211 ], [ -102.27066, 21.87234 ], [ -102.27065, 21.8724 ], [ -102.27065, 21.87242 ], [ -102.27065, 21.87245 ], [ -102.27064, 21.87251 ], [ -102.27064, 21.87252 ], [ -102.27063, 21.87279 ], [ -102.27063, 21.8729 ], [ -102.27065, 21.87314 ], [ -102.27068, 21.87325 ], [ -102.27068, 21.87326 ], [ -102.2707, 21.87341 ], [ -102.27072, 21.87357 ], [ -102.27074, 21.87368 ], [ -102.27078, 21.87389 ], [ -102.2708, 21.87398 ], [ -102.2708, 21.87402 ], [ -102.27086, 21.87434 ], [ -102.27087, 21.87442 ], [ -102.27092, 21.87469 ], [ -102.27092, 21.8747 ], [ -102.27097, 21.875 ], [ -102.27101, 21.87529 ], [ -102.27103, 21.87542 ], [ -102.27107, 21.87559 ], [ -102.27107, 21.87563 ], [ -102.27114, 21.87594 ], [ -102.27115, 21.876 ], [ -102.27116, 21.8761 ], [ -102.2712, 21.87633 ], [ -102.27125, 21.87666 ], [ -102.27136, 21.87727 ], [ -102.27147, 21.87791 ], [ -102.27148, 21.87804 ], [ -102.2715, 21.87816 ], [ -102.27151, 21.87825 ], [ -102.27167, 21.87919 ], [ -102.27175, 21.87963 ], [ -102.27176, 21.87974 ], [ -102.27202, 21.8811 ], [ -102.27207, 21.88146 ], [ -102.27216, 21.88193 ], [ -102.27226, 21.88245 ], [ -102.27228, 21.88259 ], [ -102.27245, 21.88359 ], [ -102.27247, 21.8837 ], [ -102.27249, 21.88384 ], [ -102.27255, 21.8842 ], [ -102.27257, 21.88432 ], [ -102.27268, 21.8851 ], [ -102.27274, 21.88542 ], [ -102.27281, 21.88582 ], [ -102.27294, 21.88662 ], [ -102.27295, 21.88672 ], [ -102.27297, 21.88685 ], [ -102.27312, 21.8879 ], [ -102.27317, 21.88817 ], [ -102.27318, 21.88827 ], [ -102.27326, 21.88876 ], [ -102.2733, 21.88895 ], [ -102.2734, 21.88955 ], [ -102.27346, 21.88969 ], [ -102.27347, 21.88972 ], [ -102.27353, 21.88986 ], [ -102.27362, 21.89004 ], [ -102.27377, 21.89028 ], [ -102.27394, 21.8905 ], [ -102.27405, 21.89063 ], [ -102.27421, 21.89082 ], [ -102.2747, 21.89143 ], [ -102.27477, 21.89152 ], [ -102.27494, 21.89173 ], [ -102.27538, 21.8923 ], [ -102.27546, 21.89241 ], [ -102.27576, 21.89277 ], [ -102.2759, 21.89294 ], [ -102.27628, 21.8934 ], [ -102.27654, 21.89372 ], [ -102.27712, 21.89444 ], [ -102.27718, 21.89452 ], [ -102.27721, 21.89463 ], [ -102.27727, 21.89473 ], [ -102.27737, 21.89487 ], [ -102.27813, 21.89578 ], [ -102.27834, 21.89603 ], [ -102.27834, 21.89604 ], [ -102.27822, 21.89614 ], [ -102.2781, 21.89624 ], [ -102.27768, 21.89656 ], [ -102.27729, 21.89686 ], [ -102.27605, 21.89782 ], [ -102.27566, 21.89812 ], [ -102.27519, 21.89844 ], [ -102.27509, 21.89851 ], [ -102.27486, 21.89866 ], [ -102.27414, 21.89922 ], [ -102.27401, 21.89931 ], [ -102.27372, 21.89954 ], [ -102.27363, 21.89961 ], [ -102.27341, 21.89979 ], [ -102.27323, 21.89993 ], [ -102.27318, 21.89996 ], [ -102.27314, 21.89998 ], [ -102.27311, 21.9 ], [ -102.27306, 21.90001 ], [ -102.27302, 21.90001 ], [ -102.27221, 21.89993 ], [ -102.27188, 21.89987 ], [ -102.27174, 21.89983 ], [ -102.27166, 21.89979 ], [ -102.27108, 21.89953 ], [ -102.27082, 21.89942 ], [ -102.27085, 21.89921 ], [ -102.27089, 21.89897 ], [ -102.27096, 21.89844 ], [ -102.27115, 21.89701 ], [ -102.27116, 21.89682 ], [ -102.27116, 21.89672 ], [ -102.27114, 21.89652 ], [ -102.27113, 21.89651 ], [ -102.27111, 21.89644 ], [ -102.27108, 21.89632 ], [ -102.27103, 21.89619 ], [ -102.27096, 21.89603 ], [ -102.27088, 21.8959 ], [ -102.27076, 21.89574 ], [ -102.2707, 21.89567 ], [ -102.27069, 21.89566 ], [ -102.27058, 21.89555 ], [ -102.27044, 21.89544 ], [ -102.27031, 21.89535 ], [ -102.27017, 21.89529 ], [ -102.27003, 21.89522 ], [ -102.26989, 21.89516 ], [ -102.26959, 21.89507 ], [ -102.26949, 21.89504 ], [ -102.26881, 21.89489 ], [ -102.268353, 21.89482371 ], [ -102.2679521, 21.894727929999981 ], [ -102.2676636, 21.89465585 ], [ -102.2674843, 21.89464794 ], [ -102.2673984, 21.894728170000011 ], [ -102.2674, 21.89473 ], [ -102.26737, 21.89484 ], [ -102.2673, 21.89499 ], [ -102.26728, 21.89504 ], [ -102.2672, 21.89511 ], [ -102.266913, 21.895295269999981 ], [ -102.2665178, 21.89554644 ], [ -102.266026, 21.89585432 ], [ -102.2658126, 21.89596172000002 ], [ -102.26570790000001, 21.89594474 ] ] } },
{ "type": "Feature", "properties": { "route_id": "R_20S", "route_short_name": "R20S", "route_long_name": "R-20S", "route_km": 18.263702565440813, "n_stops": 47, "straight_line_km": 5.4781554751063082, "connects_to_existing": true, "total_score": 0.15353932138306145, "pareto_rank": 7, "feasible": false, "flag": "Redundant", "detour_ratio": 3.334, "n_served_agebs": 43, "f1_demand_gain": 0.0023268904147655299, "f3_equity": 0.21363980938787744 }, "geometry": { "type": "LineString", "coordinates": [ [ -102.2654704, 21.89548502 ], [ -102.2653382, 21.895249069999959 ], [ -102.2652007, 21.895007610000032 ], [ -102.2650262, 21.89469421 ], [ -102.2649553, 21.894606050000014 ], [ -102.2648751, 21.894595279999976 ], [ -102.2648002, 21.89463862 ], [ -102.2647984, 21.894693340000011 ], [ -102.2648874, 21.89488444 ], [ -102.2650858, 21.89525877 ], [ -102.2652924, 21.895643570000011 ], [ -102.2654018, 21.895726740000018 ], [ -102.2655224, 21.895841149999985 ], [ -102.2656083, 21.89593896 ], [ -102.2656985, 21.896061620000019 ], [ -102.2658413, 21.89606599 ], [ -102.2659808, 21.896007610000019 ], [ -102.26646, 21.89569 ], [ -102.26701, 21.89537 ], [ -102.2673, 21.89517 ], [ -102.26738, 21.89509 ], [ -102.26743, 21.895 ], [ -102.26747, 21.89488 ], [ -102.2675092, 21.89479001 ], [ -102.2676, 21.89478 ], [ -102.26885, 21.89509 ], [ -102.26945, 21.89522 ], [ -102.2697, 21.89528 ], [ -102.26987, 21.89534 ], [ -102.27008, 21.89543 ], [ -102.27027, 21.89555 ], [ -102.27044, 21.89568 ], [ -102.27047, 21.89571 ], [ -102.27054, 21.89578 ], [ -102.27064, 21.89589 ], [ -102.27076, 21.89608 ], [ -102.27087, 21.89629 ], [ -102.27092, 21.89641 ], [ -102.27095, 21.89652 ], [ -102.27096, 21.89664 ], [ -102.27097, 21.89677 ], [ -102.27097, 21.89693 ], [ -102.27096, 21.89705 ], [ -102.27073, 21.89869 ], [ -102.27069, 21.89897 ], [ -102.27063, 21.89931 ], [ -102.27062, 21.89943 ], [ -102.2708, 21.89951 ], [ -102.27102, 21.89961 ], [ -102.27162, 21.89986 ], [ -102.27176, 21.89993 ], [ -102.27185, 21.89996 ], [ -102.27194, 21.89997 ], [ -102.27237, 21.90003 ], [ -102.27304, 21.9001 ], [ -102.2731, 21.9001 ], [ -102.27314, 21.90008 ], [ -102.27318, 21.90007 ], [ -102.27322, 21.90005 ], [ -102.27327, 21.90002 ], [ -102.27347, 21.89987 ], [ -102.2737, 21.89969 ], [ -102.27377, 21.89963 ], [ -102.2739, 21.89954 ], [ -102.27396, 21.8995 ], [ -102.27424, 21.89927 ], [ -102.27465, 21.89896 ], [ -102.27481, 21.89885 ], [ -102.27495, 21.89876 ], [ -102.27528, 21.89854 ], [ -102.27572, 21.89818 ], [ -102.2761, 21.89789 ], [ -102.27735, 21.89694 ], [ -102.27772, 21.89663 ], [ -102.27817, 21.89629 ], [ -102.27828, 21.8962 ], [ -102.27841, 21.89611 ], [ -102.27855, 21.89599 ], [ -102.27854, 21.89597 ], [ -102.2785, 21.89591 ], [ -102.27781, 21.89502 ], [ -102.27749, 21.89462 ], [ -102.2774, 21.89452 ], [ -102.27735, 21.89446 ], [ -102.2773, 21.8944 ], [ -102.27729, 21.89439 ], [ -102.27722, 21.89436 ], [ -102.27662, 21.8936 ], [ -102.27639, 21.8933 ], [ -102.27601, 21.89283 ], [ -102.27591, 21.89271 ], [ -102.27559, 21.89233 ], [ -102.27551, 21.89224 ], [ -102.27545, 21.89216 ], [ -102.27493, 21.89149 ], [ -102.27486, 21.8914 ], [ -102.2742, 21.89061 ], [ -102.27406, 21.89043 ], [ -102.27392, 21.89026 ], [ -102.27375, 21.89005 ], [ -102.27365, 21.88988 ], [ -102.27363, 21.88985 ], [ -102.27356, 21.88966 ], [ -102.27354, 21.88961 ], [ -102.27349, 21.88943 ], [ -102.27338, 21.88883 ], [ -102.27329, 21.8883 ], [ -102.27326, 21.88814 ], [ -102.27322, 21.88785 ], [ -102.27307, 21.88685 ], [ -102.27304, 21.88672 ], [ -102.27302, 21.88662 ], [ -102.27293, 21.8861 ], [ -102.27291, 21.88594 ], [ -102.27287, 21.88571 ], [ -102.27266, 21.88432 ], [ -102.27264, 21.88418 ], [ -102.27258, 21.88383 ], [ -102.27256, 21.88371 ], [ -102.27254, 21.8836 ], [ -102.27241, 21.88279 ], [ -102.27234, 21.8824 ], [ -102.27229, 21.88208 ], [ -102.27217, 21.88135 ], [ -102.27214, 21.88117 ], [ -102.2721, 21.88095 ], [ -102.27192, 21.87984 ], [ -102.27188, 21.87968 ], [ -102.2718, 21.87918 ], [ -102.2717, 21.87859 ], [ -102.27166, 21.87839 ], [ -102.27162, 21.87815 ], [ -102.27161, 21.87802 ], [ -102.27159, 21.87791 ], [ -102.27143, 21.87697 ], [ -102.27139, 21.8767 ], [ -102.27133, 21.87639 ], [ -102.27133, 21.87636 ], [ -102.27127, 21.876 ], [ -102.27125, 21.87588 ], [ -102.2712, 21.87561 ], [ -102.27119, 21.87553 ], [ -102.27117, 21.8754 ], [ -102.27111, 21.87496 ], [ -102.27106, 21.87467 ], [ -102.27101, 21.87439 ], [ -102.27093, 21.87401 ], [ -102.27092, 21.87399 ], [ -102.27089, 21.87384 ], [ -102.27088, 21.87379 ], [ -102.27088, 21.87373 ], [ -102.27086, 21.87369 ], [ -102.27085, 21.87356 ], [ -102.27082, 21.87329 ], [ -102.2708, 21.87311 ], [ -102.27078, 21.87284 ], [ -102.27078, 21.87262 ], [ -102.27079, 21.87253 ], [ -102.2708, 21.87241 ], [ -102.27082, 21.87227 ], [ -102.27087, 21.87202 ], [ -102.27091, 21.87189 ], [ -102.27097, 21.87169 ], [ -102.27104, 21.87152 ], [ -102.27114, 21.8713 ], [ -102.27121, 21.87114 ], [ -102.27129, 21.871 ], [ -102.27166, 21.87053 ], [ -102.27174, 21.87044 ], [ -102.2719, 21.87028 ], [ -102.27204, 21.87017 ], [ -102.27224, 21.87001 ], [ -102.2725, 21.86985 ], [ -102.27269, 21.86975 ], [ -102.27293, 21.86963 ], [ -102.27313, 21.86954 ], [ -102.27357, 21.86939 ], [ -102.27401, 21.86924 ], [ -102.27449, 21.86907 ], [ -102.27459, 21.86903 ], [ -102.27569, 21.86867 ], [ -102.27604, 21.86856 ], [ -102.27674, 21.86833 ], [ -102.27689, 21.86828 ], [ -102.27689, 21.86827 ], [ -102.27701, 21.86824 ], [ -102.27707, 21.86822 ], [ -102.27767, 21.86802 ], [ -102.27775, 21.86799 ], [ -102.27784, 21.86796 ], [ -102.27792, 21.86794 ], [ -102.27811, 21.86788 ], [ -102.27816, 21.86786 ], [ -102.27828, 21.86782 ], [ -102.27849, 21.86775 ], [ -102.2786, 21.86771 ], [ -102.27863, 21.8677 ], [ -102.27871, 21.86767 ], [ -102.2791, 21.86754 ], [ -102.28, 21.86725 ], [ -102.28073, 21.86701 ], [ -102.28136, 21.86679 ], [ -102.28145, 21.86676 ], [ -102.2817, 21.86668 ], [ -102.28185, 21.86663 ], [ -102.282, 21.86659 ], [ -102.28224, 21.86656 ], [ -102.28333, 21.86647 ], [ -102.28386, 21.86642 ], [ -102.28391, 21.86641 ], [ -102.28431, 21.86636 ], [ -102.28491, 21.86628 ], [ -102.28521, 21.86625 ], [ -102.28551, 21.86623 ], [ -102.28565, 21.86622 ], [ -102.28604, 21.86618 ], [ -102.28614, 21.86617 ], [ -102.28649, 21.86614 ], [ -102.28728, 21.86609 ], [ -102.28802, 21.86601 ], [ -102.28879, 21.86594 ], [ -102.28954, 21.86588 ], [ -102.28976, 21.86586 ], [ -102.2903, 21.86581 ], [ -102.29104, 21.86574 ], [ -102.29178, 21.86568 ], [ -102.29185, 21.86565 ], [ -102.29189, 21.86564 ], [ -102.29194, 21.86563 ], [ -102.29269, 21.86556 ], [ -102.29286, 21.86554 ], [ -102.2933, 21.86549 ], [ -102.29354, 21.86546 ], [ -102.29379, 21.86543 ], [ -102.29391, 21.86543 ], [ -102.29404, 21.86542 ], [ -102.29413, 21.86542 ], [ -102.29419, 21.86542 ], [ -102.29423, 21.86542 ], [ -102.29433, 21.86543 ], [ -102.29462, 21.86548 ], [ -102.29543, 21.86563 ], [ -102.29561, 21.86566 ], [ -102.29578, 21.8657 ], [ -102.29635, 21.8658 ], [ -102.29705, 21.86592 ], [ -102.29745, 21.86599 ], [ -102.29756, 21.86601 ], [ -102.29826, 21.86614 ], [ -102.29924, 21.86631 ], [ -102.29945, 21.86632 ], [ -102.3006, 21.86649 ], [ -102.30099, 21.86658 ], [ -102.30173, 21.86673 ], [ -102.30197, 21.86678 ], [ -102.30214, 21.86682 ], [ -102.30287, 21.86696 ], [ -102.30301, 21.86699 ], [ -102.30372, 21.86711 ], [ -102.30413, 21.86718 ], [ -102.30523, 21.86737 ], [ -102.30642, 21.86757 ], [ -102.30754, 21.86776 ], [ -102.30823, 21.86787 ], [ -102.30845, 21.86791 ], [ -102.30874, 21.86795 ], [ -102.30889, 21.86798 ], [ -102.30921, 21.86807 ], [ -102.30944, 21.86818 ], [ -102.30963, 21.86828 ], [ -102.30977, 21.86839 ], [ -102.30991, 21.86851 ], [ -102.31004, 21.86867 ], [ -102.31011, 21.86876 ], [ -102.31019, 21.86891 ], [ -102.31026, 21.86906 ], [ -102.31037, 21.86939 ], [ -102.31065, 21.87021 ], [ -102.3108, 21.87066 ], [ -102.3108, 21.87068 ], [ -102.31083, 21.87076 ], [ -102.31094, 21.87121 ], [ -102.31096, 21.87128 ], [ -102.31098, 21.87136 ], [ -102.31104, 21.87155 ], [ -102.31104, 21.87156 ], [ -102.31112, 21.87182 ], [ -102.31113, 21.87184 ], [ -102.31121, 21.87211 ], [ -102.31151, 21.87297 ], [ -102.3116, 21.87321 ], [ -102.31167, 21.87342 ], [ -102.31191, 21.87447 ], [ -102.31193, 21.87455 ], [ -102.31198, 21.87507 ], [ -102.31205, 21.87622 ], [ -102.31206, 21.87644 ], [ -102.31207, 21.87662 ], [ -102.31213, 21.87728 ], [ -102.31216, 21.87764 ], [ -102.31225, 21.87857 ], [ -102.31228, 21.87894 ], [ -102.31232, 21.87956 ], [ -102.31234, 21.88002 ], [ -102.31235, 21.88063 ], [ -102.31235, 21.88093 ], [ -102.31234, 21.88178 ], [ -102.31234, 21.88223 ], [ -102.31234, 21.88255 ], [ -102.31234, 21.88264 ], [ -102.31234, 21.88278 ], [ -102.31234, 21.88311 ], [ -102.31235, 21.8835 ], [ -102.31235, 21.88374 ], [ -102.31236, 21.88412 ], [ -102.31236, 21.88459 ], [ -102.31237, 21.8848 ], [ -102.31238, 21.88547 ], [ -102.31239, 21.88573 ], [ -102.31239, 21.88593 ], [ -102.31239, 21.88621 ], [ -102.3124, 21.88714 ], [ -102.31241, 21.88746 ], [ -102.31244, 21.88843 ], [ -102.31245, 21.88876 ], [ -102.31246, 21.88925 ], [ -102.31246, 21.88975 ], [ -102.31248, 21.89036 ], [ -102.31248, 21.89067 ], [ -102.31248, 21.89123 ], [ -102.31249, 21.89166 ], [ -102.31248, 21.89201 ], [ -102.31248, 21.89212 ], [ -102.31244, 21.89236 ], [ -102.31238, 21.8927 ], [ -102.3123, 21.893 ], [ -102.31214, 21.89341 ], [ -102.31205, 21.89361 ], [ -102.31185, 21.89398 ], [ -102.31154, 21.8944 ], [ -102.31152, 21.89445 ], [ -102.31134, 21.89463 ], [ -102.31118, 21.89481 ], [ -102.31105, 21.89494 ], [ -102.31092, 21.89503 ], [ -102.31079, 21.89514 ], [ -102.31022, 21.89553 ], [ -102.31012, 21.89561 ], [ -102.31001, 21.89567 ], [ -102.30985, 21.89574 ], [ -102.30944, 21.89589 ], [ -102.30929, 21.89595 ], [ -102.30903, 21.89603 ], [ -102.30875, 21.89609 ], [ -102.30866, 21.89612 ], [ -102.30836, 21.8962 ], [ -102.30731, 21.89648 ], [ -102.30676, 21.89664 ], [ -102.30584, 21.8969 ], [ -102.30566, 21.89695 ], [ -102.30504, 21.89713 ], [ -102.30474, 21.89722 ], [ -102.30459, 21.89726 ], [ -102.30396, 21.8974 ], [ -102.30391, 21.89742 ], [ -102.30362, 21.8975 ], [ -102.30352, 21.89753 ], [ -102.30309, 21.89766 ], [ -102.30264, 21.89778 ], [ -102.30222, 21.8979 ], [ -102.30174, 21.89802 ], [ -102.30129, 21.89815 ], [ -102.30066, 21.89833 ], [ -102.29992, 21.89853 ], [ -102.29951, 21.89864 ], [ -102.29918, 21.89873 ], [ -102.29908, 21.89876 ], [ -102.29893, 21.8988 ], [ -102.29869, 21.89887 ], [ -102.29856, 21.8989 ], [ -102.2981, 21.89904 ], [ -102.29766, 21.89915 ], [ -102.29722, 21.89928 ], [ -102.29679, 21.8994 ], [ -102.29636, 21.89952 ], [ -102.29602, 21.89963 ], [ -102.29592, 21.89964 ], [ -102.2951, 21.89986 ], [ -102.29499, 21.8999 ], [ -102.29497, 21.89991 ], [ -102.29444, 21.90006 ], [ -102.2937, 21.90027 ], [ -102.2935, 21.90032 ], [ -102.29272, 21.90052 ], [ -102.29251, 21.90059 ], [ -102.29231, 21.90065 ], [ -102.29218, 21.90068 ], [ -102.29161, 21.90083 ], [ -102.2911, 21.90097 ], [ -102.29101, 21.901 ], [ -102.29053, 21.90114 ], [ -102.28971, 21.90137 ], [ -102.28951, 21.90143 ], [ -102.28934, 21.90148 ], [ -102.28897, 21.90158 ], [ -102.28864, 21.90167 ], [ -102.28847, 21.90172 ], [ -102.28838, 21.90174 ], [ -102.28829, 21.90177 ], [ -102.28826, 21.90177 ], [ -102.28796, 21.90186 ], [ -102.28765, 21.90195 ], [ -102.28728, 21.90206 ], [ -102.28686, 21.90218 ], [ -102.28679, 21.9022 ], [ -102.28674, 21.90221 ], [ -102.28667, 21.90221 ], [ -102.28631, 21.90231 ], [ -102.28605, 21.90239 ], [ -102.28603, 21.90239 ], [ -102.28572, 21.90247 ], [ -102.28566, 21.90249 ], [ -102.28558, 21.90251 ], [ -102.28541, 21.90256 ], [ -102.2851, 21.90264 ], [ -102.28501, 21.90265 ], [ -102.28492, 21.90267 ], [ -102.28475, 21.90268 ], [ -102.28448, 21.90266 ], [ -102.28425, 21.90262 ], [ -102.28403, 21.90255 ], [ -102.28398, 21.90253 ], [ -102.28376, 21.90242 ], [ -102.28358, 21.9023 ], [ -102.28351, 21.90225 ], [ -102.28347, 21.9022 ], [ -102.28333, 21.90206 ], [ -102.28322, 21.90192 ], [ -102.28319, 21.90189 ], [ -102.28317, 21.90188 ], [ -102.2828, 21.90143 ], [ -102.2827, 21.90127 ], [ -102.28264, 21.90118 ], [ -102.28234, 21.90079 ], [ -102.28227, 21.9007 ], [ -102.28224, 21.90066 ], [ -102.28155, 21.8998 ], [ -102.28088, 21.89896 ], [ -102.2807653, 21.898822719999977 ], [ -102.2806096, 21.89850509 ], [ -102.2801165, 21.89788064 ], [ -102.2799864, 21.8977076 ], [ -102.2798282, 21.897517169999968 ], [ -102.2797594, 21.897434380000018 ], [ -102.2791948, 21.896733510000015 ], [ -102.278769, 21.89618555 ], [ -102.2785896, 21.8959648 ], [ -102.278440300000014, 21.895950109999987 ], [ -102.27834, 21.89604 ], [ -102.2782201, 21.8961207 ], [ -102.2780892, 21.89622406 ], [ -102.2776675, 21.89654508000001 ], [ -102.2772831, 21.896835820000021 ], [ -102.27605, 21.89782 ], [ -102.27566, 21.89812 ], [ -102.27519, 21.89844 ], [ -102.27509, 21.89851 ], [ -102.27486, 21.89866 ], [ -102.27414, 21.89922 ], [ -102.27401, 21.89931 ], [ -102.27372, 21.89954 ], [ -102.27363, 21.89961 ], [ -102.27341, 21.89979 ], [ -102.27323, 21.89993 ], [ -102.27318, 21.89996 ], [ -102.27314, 21.89998 ], [ -102.27311, 21.9 ], [ -102.27306, 21.90001 ], [ -102.27302, 21.90001 ], [ -102.27221, 21.89993 ], [ -102.27188, 21.89987 ], [ -102.27174, 21.89983 ], [ -102.27166, 21.89979 ], [ -102.27108, 21.89953 ], [ -102.27082, 21.89942 ], [ -102.27085, 21.89921 ], [ -102.27089, 21.89897 ], [ -102.27096, 21.89844 ], [ -102.27115, 21.89701 ], [ -102.27116, 21.89682 ], [ -102.27116, 21.89672 ], [ -102.27114, 21.89652 ], [ -102.27113, 21.89651 ], [ -102.27111, 21.89644 ], [ -102.27108, 21.89632 ], [ -102.27103, 21.89619 ], [ -102.27096, 21.89603 ], [ -102.27088, 21.8959 ], [ -102.27076, 21.89574 ], [ -102.2707, 21.89567 ], [ -102.27069, 21.89566 ], [ -102.27058, 21.89555 ], [ -102.27044, 21.89544 ], [ -102.27031, 21.89535 ], [ -102.27017, 21.89529 ], [ -102.27003, 21.89522 ], [ -102.26989, 21.89516 ], [ -102.26959, 21.89507 ], [ -102.26949, 21.89504 ], [ -102.26881, 21.89489 ], [ -102.2683556, 21.89483101 ], [ -102.2678752, 21.894728420000035 ], [ -102.2675174, 21.894669 ], [ -102.2674264, 21.89469838 ], [ -102.2674, 21.89473 ], [ -102.26737, 21.89484 ], [ -102.2673, 21.89499 ], [ -102.26728, 21.89504 ], [ -102.2671797, 21.89513403 ], [ -102.2664493, 21.89557816 ], [ -102.2661736, 21.89573413 ], [ -102.2660669, 21.89578591999998 ], [ -102.2657591, 21.89599491 ], [ -102.2655356, 21.89563074 ] ] } },
{ "type": "Feature", "properties": { "route_id": "R_23", "route_short_name": "R23", "route_long_name": "R-23", "route_km": 29.246393710605847, "n_stops": 108, "straight_line_km": 14.149971161535172, "connects_to_existing": true, "total_score": 0.084063228458959943, "pareto_rank": 4, "feasible": false, "flag": "Indirect", "detour_ratio": 2.067, "n_served_agebs": 44, "f1_demand_gain": 0.014443625102969782, "f3_equity": 0.25335820377748891 }, "geometry": { "type": "LineString", "coordinates": [ [ -102.257731, 21.943299 ], [ -102.25764, 21.943195 ], [ -102.256951, 21.942301 ], [ -102.257357, 21.941993 ], [ -102.25712, 21.94171 ], [ -102.25688, 21.94141 ], [ -102.25786, 21.94074 ], [ -102.2582, 21.94052 ], [ -102.25855, 21.94027 ], [ -102.25884, 21.94007 ], [ -102.25892, 21.94002 ], [ -102.25926, 21.93978 ], [ -102.2596, 21.93955 ], [ -102.25991, 21.93935 ], [ -102.26023, 21.9391 ], [ -102.26055, 21.93888 ], [ -102.26085, 21.93866 ], [ -102.26094, 21.93861 ], [ -102.26132, 21.93831 ], [ -102.26157, 21.93793 ], [ -102.26179, 21.93762 ], [ -102.262, 21.9373 ], [ -102.2622, 21.93697 ], [ -102.26241, 21.93665 ], [ -102.26261, 21.9363 ], [ -102.2627, 21.93614 ], [ -102.26281, 21.93597 ], [ -102.26314, 21.93544 ], [ -102.26317, 21.93539 ], [ -102.26369, 21.93468 ], [ -102.26432, 21.93373 ], [ -102.26438, 21.93363 ], [ -102.26428, 21.93357 ], [ -102.2638, 21.9333 ], [ -102.26324, 21.933 ], [ -102.26288, 21.93281 ], [ -102.2627, 21.93271 ], [ -102.2622, 21.93243 ], [ -102.26182, 21.93224 ], [ -102.26173, 21.93219 ], [ -102.26164, 21.93215 ], [ -102.26067, 21.93161 ], [ -102.26028, 21.93137 ], [ -102.26065, 21.93079 ], [ -102.26091, 21.93041 ], [ -102.26112, 21.93008 ], [ -102.26131, 21.92976 ], [ -102.26132, 21.92975 ], [ -102.26152, 21.92942 ], [ -102.26173, 21.92909 ], [ -102.26214, 21.92843 ], [ -102.26236, 21.92809 ], [ -102.26256, 21.92776 ], [ -102.26275, 21.92744 ], [ -102.26277, 21.92742 ], [ -102.26333, 21.92654 ], [ -102.26354, 21.9262 ], [ -102.26375, 21.92587 ], [ -102.26383, 21.92576 ], [ -102.26386, 21.92571 ], [ -102.26392, 21.92564 ], [ -102.26398, 21.92558 ], [ -102.26505, 21.92649 ], [ -102.26515, 21.92657 ], [ -102.26519, 21.92661 ], [ -102.26538, 21.92675 ], [ -102.26543, 21.92676 ], [ -102.26545, 21.92677 ], [ -102.2655, 21.92678 ], [ -102.26553, 21.92679 ], [ -102.26567, 21.92684 ], [ -102.26574, 21.9269 ], [ -102.26589, 21.92704 ], [ -102.26632, 21.92741 ], [ -102.26646, 21.92753 ], [ -102.26678, 21.92779 ], [ -102.2669, 21.92773 ], [ -102.26672, 21.92759 ], [ -102.26643, 21.92734 ], [ -102.26614, 21.92709 ], [ -102.266, 21.92697 ], [ -102.26572, 21.92672 ], [ -102.26557, 21.9266 ], [ -102.26556, 21.92659 ], [ -102.2653, 21.92637 ], [ -102.26529, 21.92636 ], [ -102.26432, 21.92555 ], [ -102.26412, 21.92538 ], [ -102.26376, 21.92506 ], [ -102.26352, 21.9248 ], [ -102.26338, 21.92461 ], [ -102.26325, 21.92442 ], [ -102.26318, 21.9243 ], [ -102.26313, 21.92422 ], [ -102.26308, 21.92414 ], [ -102.26282, 21.92367 ], [ -102.26273, 21.92351 ], [ -102.2627, 21.92345 ], [ -102.26228, 21.92273 ], [ -102.26213, 21.92237 ], [ -102.26199, 21.92193 ], [ -102.26189, 21.92158 ], [ -102.26185, 21.92139 ], [ -102.26173, 21.92067 ], [ -102.26171, 21.92043 ], [ -102.26171, 21.92003 ], [ -102.26172, 21.91978 ], [ -102.26176, 21.91936 ], [ -102.26179, 21.9192 ], [ -102.26184, 21.91896 ], [ -102.26191, 21.91868 ], [ -102.26193, 21.91861 ], [ -102.26209, 21.91805 ], [ -102.26212, 21.9178 ], [ -102.26213, 21.91771 ], [ -102.26212, 21.91758 ], [ -102.26209, 21.91744 ], [ -102.26206, 21.91732 ], [ -102.26197, 21.91702 ], [ -102.26186, 21.91665 ], [ -102.26174, 21.91631 ], [ -102.2615, 21.91558 ], [ -102.26133, 21.91505 ], [ -102.26131, 21.91499 ], [ -102.26118, 21.91457 ], [ -102.2609, 21.91372 ], [ -102.26068, 21.91304 ], [ -102.26056, 21.91267 ], [ -102.2605, 21.91245 ], [ -102.26027, 21.91172 ], [ -102.26019, 21.91148 ], [ -102.26013, 21.91131 ], [ -102.26007, 21.91114 ], [ -102.25976, 21.91031 ], [ -102.25968, 21.91011 ], [ -102.25955, 21.9099 ], [ -102.25931, 21.90957 ], [ -102.25926, 21.90951 ], [ -102.25879, 21.90895 ], [ -102.25876, 21.90891 ], [ -102.25863, 21.90877 ], [ -102.2584, 21.90852 ], [ -102.25817, 21.90827 ], [ -102.25774, 21.90784 ], [ -102.25752, 21.9076 ], [ -102.25746, 21.90753 ], [ -102.25737, 21.90742 ], [ -102.25736, 21.90741 ], [ -102.25724, 21.90728 ], [ -102.25722, 21.90725 ], [ -102.2571, 21.90707 ], [ -102.25703, 21.90692 ], [ -102.25682, 21.90651 ], [ -102.2567, 21.90626 ], [ -102.25659, 21.90603 ], [ -102.25615, 21.90507 ], [ -102.2561, 21.90497 ], [ -102.25591, 21.9046 ], [ -102.25589, 21.90454 ], [ -102.25581, 21.90438 ], [ -102.255703, 21.904158 ], [ -102.255578, 21.904195 ], [ -102.251577, 21.905163 ], [ -102.250011, 21.903193 ], [ -102.25079, 21.90295 ], [ -102.25147, 21.90273 ], [ -102.25184, 21.90259 ], [ -102.25198, 21.90255 ], [ -102.25216, 21.90249 ], [ -102.2523, 21.90245 ], [ -102.25271, 21.90235 ], [ -102.25309, 21.90224 ], [ -102.25348, 21.90213 ], [ -102.25377, 21.90206 ], [ -102.25386, 21.90204 ], [ -102.25436, 21.90192 ], [ -102.25446, 21.90189 ], [ -102.25457, 21.90185 ], [ -102.25453, 21.90174 ], [ -102.25434, 21.90132 ], [ -102.2543, 21.90123 ], [ -102.25422, 21.90107 ], [ -102.25414, 21.9009 ], [ -102.25385, 21.90029 ], [ -102.2537, 21.89997 ], [ -102.25366, 21.89986 ], [ -102.253606, 21.899547 ], [ -102.253584, 21.899058 ], [ -102.25358, 21.898713 ], [ -102.253536, 21.898252 ], [ -102.253551, 21.897972 ], [ -102.253568, 21.897905 ], [ -102.253884, 21.897981 ], [ -102.254157, 21.898061 ], [ -102.254797, 21.897984 ], [ -102.25567, 21.897849 ], [ -102.256397, 21.897728 ], [ -102.257517, 21.897545 ], [ -102.258849, 21.897302 ], [ -102.259071, 21.897273 ], [ -102.261064, 21.896934 ], [ -102.26284, 21.896693 ], [ -102.26444, 21.89648 ], [ -102.265484, 21.896322 ], [ -102.265738, 21.896131 ], [ -102.26575, 21.896063 ], [ -102.265706, 21.895907 ], [ -102.265303, 21.89522 ], [ -102.265032, 21.894713 ], [ -102.26495, 21.894597 ], [ -102.264861, 21.894588 ], [ -102.264827, 21.894626 ], [ -102.264834, 21.894726 ], [ -102.264838, 21.89473 ], [ -102.264915, 21.894909 ], [ -102.265309, 21.895663 ], [ -102.265477, 21.895786 ], [ -102.265589, 21.895971 ], [ -102.265598, 21.896106 ], [ -102.265423, 21.896222 ], [ -102.264146, 21.896413 ], [ -102.260978, 21.89687 ], [ -102.259108, 21.897156 ], [ -102.258991, 21.897159 ], [ -102.258968, 21.89707 ], [ -102.258955, 21.895436 ], [ -102.258951, 21.894378 ], [ -102.25898, 21.89417 ], [ -102.25902, 21.89407 ], [ -102.25907, 21.89396 ], [ -102.25911, 21.89381 ], [ -102.25912, 21.89372 ], [ -102.25913, 21.89357 ], [ -102.25912, 21.89354 ], [ -102.2591, 21.89342 ], [ -102.25904, 21.89326 ], [ -102.25892, 21.89309 ], [ -102.2588, 21.893 ], [ -102.25879, 21.89299 ], [ -102.25866, 21.89291 ], [ -102.25837, 21.89269 ], [ -102.25831, 21.89261 ], [ -102.25828, 21.89254 ], [ -102.25826, 21.89247 ], [ -102.25823, 21.8924 ], [ -102.25815, 21.89221 ], [ -102.25809, 21.89206 ], [ -102.25792, 21.89168 ], [ -102.25789, 21.8916 ], [ -102.25779, 21.89134 ], [ -102.25778, 21.8913 ], [ -102.25748, 21.89053 ], [ -102.25782, 21.89042 ], [ -102.25826, 21.89026 ], [ -102.25855, 21.89016 ], [ -102.25867, 21.89012 ], [ -102.25906, 21.88998 ], [ -102.2592, 21.88995 ], [ -102.25925, 21.88994 ], [ -102.25928, 21.88991 ], [ -102.25934, 21.88986 ], [ -102.2595, 21.8897 ], [ -102.25983, 21.88934 ], [ -102.2599, 21.88927 ], [ -102.26014, 21.88907 ], [ -102.26041, 21.88887 ], [ -102.26073, 21.88862 ], [ -102.26088, 21.88852 ], [ -102.26108, 21.88842 ], [ -102.2614, 21.88827 ], [ -102.26157, 21.88818 ], [ -102.26172, 21.88806 ], [ -102.26181, 21.888 ], [ -102.26197, 21.88786 ], [ -102.26213, 21.88775 ], [ -102.26218, 21.88772 ], [ -102.26252, 21.88747 ], [ -102.26259, 21.88743 ], [ -102.26268, 21.88737 ], [ -102.26283, 21.88726 ], [ -102.2635, 21.8868 ], [ -102.26408, 21.8864 ], [ -102.26449, 21.88612 ], [ -102.26471, 21.88595 ], [ -102.26501, 21.88576 ], [ -102.26511, 21.8857 ], [ -102.26523, 21.88563 ], [ -102.26551, 21.88552 ], [ -102.26591, 21.88541 ], [ -102.26609, 21.88537 ], [ -102.26701, 21.88518 ], [ -102.26743, 21.8851 ], [ -102.26753, 21.88508 ], [ -102.26803, 21.88498 ], [ -102.26852, 21.88489 ], [ -102.26882, 21.8848 ], [ -102.26913, 21.88472 ], [ -102.26921, 21.8847 ], [ -102.26933, 21.88467 ], [ -102.26945, 21.88465 ], [ -102.26982, 21.88458 ], [ -102.27012, 21.88453 ], [ -102.27035, 21.8845 ], [ -102.27058, 21.88447 ], [ -102.2716, 21.88434 ], [ -102.27161, 21.88433 ], [ -102.27221, 21.88424 ], [ -102.27242, 21.88421 ], [ -102.27249, 21.8842 ], [ -102.2725, 21.8842 ], [ -102.27263, 21.88418 ], [ -102.2727, 21.88417 ], [ -102.273, 21.88413 ], [ -102.27444, 21.88394 ], [ -102.27452, 21.88392 ], [ -102.27536, 21.8838 ], [ -102.27618, 21.88371 ], [ -102.27647, 21.88367 ], [ -102.27657, 21.88362 ], [ -102.27667, 21.88359 ], [ -102.27682, 21.88354 ], [ -102.277131, 21.883517 ], [ -102.277296, 21.883493 ], [ -102.277479, 21.883469 ], [ -102.277675, 21.883429 ], [ -102.277853, 21.883367 ], [ -102.278055, 21.883281 ], [ -102.278454, 21.883194 ], [ -102.278578, 21.883176 ], [ -102.279236, 21.883101 ], [ -102.279432, 21.883061 ], [ -102.280394, 21.882959 ], [ -102.281255, 21.882826 ], [ -102.28195, 21.88272 ], [ -102.28226, 21.88267 ], [ -102.282324, 21.882618 ], [ -102.282328, 21.882483 ], [ -102.282315, 21.882335 ], [ -102.282254, 21.881526 ], [ -102.28222, 21.88129 ], [ -102.28221, 21.88122 ], [ -102.28186, 21.87991 ], [ -102.28184, 21.87984 ], [ -102.28175, 21.87953 ], [ -102.28169, 21.8793 ], [ -102.28161, 21.87901 ], [ -102.28164, 21.87891 ], [ -102.28166, 21.87886 ], [ -102.2817, 21.8788 ], [ -102.28176, 21.87876 ], [ -102.28186, 21.8787 ], [ -102.28224, 21.87874 ], [ -102.28332, 21.87886 ], [ -102.28431, 21.87897 ], [ -102.28452, 21.87898 ], [ -102.28599, 21.87915 ], [ -102.28712, 21.87928 ], [ -102.28804, 21.87936 ], [ -102.28846, 21.87939 ], [ -102.28884, 21.8794 ], [ -102.28905, 21.87939 ], [ -102.28937, 21.87938 ], [ -102.29038, 21.87931 ], [ -102.29171, 21.87922 ], [ -102.29186, 21.87921 ], [ -102.29215, 21.87919 ], [ -102.29226, 21.87918 ], [ -102.29295, 21.87913 ], [ -102.29309, 21.87912 ], [ -102.29368, 21.87903 ], [ -102.29378, 21.87901 ], [ -102.29406, 21.87894 ], [ -102.29496, 21.87871 ], [ -102.29497, 21.87871 ], [ -102.29582, 21.87849 ], [ -102.29592, 21.87847 ], [ -102.29693, 21.87824 ], [ -102.29764, 21.87807 ], [ -102.29891, 21.87776 ], [ -102.29899, 21.87775 ], [ -102.29945, 21.87765 ], [ -102.30037, 21.87739 ], [ -102.30064, 21.87732 ], [ -102.30079, 21.87729 ], [ -102.30083, 21.87728 ], [ -102.30095, 21.87725 ], [ -102.30102, 21.87724 ], [ -102.30108, 21.87722 ], [ -102.30128, 21.87718 ], [ -102.30149, 21.87712 ], [ -102.30156, 21.8771 ], [ -102.3016, 21.87709 ], [ -102.30164, 21.87708 ], [ -102.30166, 21.87707 ], [ -102.30167, 21.87707 ], [ -102.30239, 21.87686 ], [ -102.30311, 21.87665 ], [ -102.30314, 21.87664 ], [ -102.30404, 21.87639 ], [ -102.30733, 21.87546 ], [ -102.30747, 21.87542 ], [ -102.30761, 21.87538 ], [ -102.30836, 21.87519 ], [ -102.30929, 21.87494 ], [ -102.31001, 21.87475 ], [ -102.31078, 21.87455 ], [ -102.31099, 21.8745 ], [ -102.31126, 21.87443 ], [ -102.31138, 21.8744 ], [ -102.3116, 21.87434 ], [ -102.31166, 21.87432 ], [ -102.31179, 21.8743 ], [ -102.31185, 21.87428 ], [ -102.31189, 21.87427 ], [ -102.31191, 21.87427 ], [ -102.31194, 21.87426 ], [ -102.312, 21.87425 ], [ -102.31225, 21.87418 ], [ -102.31241, 21.87412 ], [ -102.31288, 21.87394 ], [ -102.31356, 21.87369 ], [ -102.3137, 21.87364 ], [ -102.31438, 21.87336 ], [ -102.31466, 21.87324 ], [ -102.31508, 21.87308 ], [ -102.31519, 21.87304 ], [ -102.31585, 21.87275 ], [ -102.31588, 21.87272 ], [ -102.31595, 21.87267 ], [ -102.31603, 21.87263 ], [ -102.31625, 21.87254 ], [ -102.31651, 21.87244 ], [ -102.31672, 21.87236 ], [ -102.31758, 21.87203 ], [ -102.31816, 21.8718 ], [ -102.31869, 21.8716 ], [ -102.3191, 21.87144 ], [ -102.31919, 21.87141 ], [ -102.31945, 21.87131 ], [ -102.31968, 21.87124 ], [ -102.31992, 21.87118 ], [ -102.32012, 21.87116 ], [ -102.32018, 21.87116 ], [ -102.32035, 21.87115 ], [ -102.32051, 21.87116 ], [ -102.3207, 21.87118 ], [ -102.32085, 21.8712 ], [ -102.32098, 21.87122 ], [ -102.32115, 21.87125 ], [ -102.32127, 21.87129 ], [ -102.3221, 21.87139 ], [ -102.32228, 21.8714 ], [ -102.32238, 21.87142 ], [ -102.32396, 21.87162 ], [ -102.32476, 21.87174 ], [ -102.32521, 21.8718 ], [ -102.32561, 21.87185 ], [ -102.32643, 21.87195 ], [ -102.32739, 21.87212 ], [ -102.32757, 21.87214 ], [ -102.32784, 21.8722 ], [ -102.32821, 21.8723 ], [ -102.32847, 21.87237 ], [ -102.32959, 21.87266 ], [ -102.32988, 21.87272 ], [ -102.32989, 21.87273 ], [ -102.33015, 21.8728 ], [ -102.33072, 21.87295 ], [ -102.33133, 21.87313 ], [ -102.33261, 21.87346 ], [ -102.33343, 21.87366 ], [ -102.33367, 21.87372 ], [ -102.33381, 21.87377 ], [ -102.33415, 21.87387 ], [ -102.33471, 21.87402 ], [ -102.33483, 21.87405 ], [ -102.336672, 21.874585 ], [ -102.33677, 21.874685 ], [ -102.336989, 21.874747 ], [ -102.33701, 21.874747 ], [ -102.337264, 21.874816 ], [ -102.337375, 21.874975 ], [ -102.337375, 21.874982 ], [ -102.337451, 21.87516 ], [ -102.337491, 21.875319 ], [ -102.337577, 21.875734 ], [ -102.337624, 21.875952 ], [ -102.337649, 21.876116 ], [ -102.337641, 21.876208 ], [ -102.337647, 21.876301 ], [ -102.33773, 21.876357 ], [ -102.337807, 21.876347 ], [ -102.33785, 21.876302 ], [ -102.337865, 21.87623 ], [ -102.337848, 21.876173 ], [ -102.337798, 21.876079 ], [ -102.337765, 21.876022 ], [ -102.337719, 21.875883 ], [ -102.337685, 21.875746 ], [ -102.33766, 21.875638 ], [ -102.337639, 21.875535 ], [ -102.337634, 21.875444 ], [ -102.33764, 21.875342 ], [ -102.337615, 21.875247 ], [ -102.337591, 21.87516 ], [ -102.337535, 21.87507 ], [ -102.337491, 21.874998 ], [ -102.337475, 21.87494 ], [ -102.337474, 21.874862 ], [ -102.337501, 21.874823 ], [ -102.337556, 21.87482 ], [ -102.33763, 21.874825 ], [ -102.33878, 21.87511 ], [ -102.33997, 21.87543 ], [ -102.34276, 21.87618 ], [ -102.34286, 21.87621 ], [ -102.34327, 21.87631 ], [ -102.34378, 21.87644 ], [ -102.34746, 21.87743 ], [ -102.34832, 21.87765 ], [ -102.35267, 21.87881 ], [ -102.35391, 21.87914 ], [ -102.35486, 21.8794 ], [ -102.356, 21.87971 ], [ -102.35675, 21.87991 ], [ -102.35783, 21.88018 ], [ -102.35876, 21.88042 ], [ -102.35946, 21.88062 ], [ -102.36043, 21.8809 ], [ -102.36177, 21.88123 ], [ -102.36371, 21.88172 ], [ -102.36445, 21.88193 ], [ -102.3647, 21.882 ], [ -102.3652, 21.88214 ], [ -102.36538, 21.88218 ], [ -102.36556, 21.88223 ], [ -102.36612, 21.88237 ], [ -102.36696, 21.88262 ], [ -102.36804, 21.88289 ], [ -102.36818, 21.88293 ], [ -102.36828, 21.88302 ], [ -102.36831, 21.88304 ], [ -102.36832, 21.88306 ], [ -102.36834, 21.88309 ], [ -102.36836, 21.88312 ], [ -102.3684, 21.88322 ], [ -102.36838, 21.88364 ], [ -102.36839, 21.88403 ], [ -102.36844, 21.88438 ], [ -102.36848, 21.88451 ], [ -102.36852, 21.88469 ], [ -102.36856, 21.88484 ], [ -102.36862, 21.88504 ], [ -102.36869, 21.88532 ], [ -102.36874, 21.8854 ], [ -102.36878, 21.88545 ], [ -102.36885, 21.88551 ], [ -102.36898, 21.88601 ], [ -102.36903, 21.88617 ], [ -102.36908, 21.88649 ], [ -102.36909, 21.88667 ], [ -102.3691, 21.88679 ], [ -102.3691, 21.88684 ], [ -102.36909, 21.8871 ], [ -102.36909, 21.88725 ], [ -102.36907, 21.88744 ], [ -102.36905, 21.88759 ], [ -102.36902, 21.88779 ], [ -102.36898, 21.888 ], [ -102.36894, 21.88815 ], [ -102.36879, 21.8886 ], [ -102.3687, 21.88888 ], [ -102.36854, 21.88934 ], [ -102.36853, 21.88938 ], [ -102.36826, 21.89004 ], [ -102.36819, 21.8902 ], [ -102.36809, 21.89042 ], [ -102.36799, 21.89061 ], [ -102.36762, 21.89145 ], [ -102.36746, 21.89177 ], [ -102.36737, 21.89198 ], [ -102.36728, 21.89219 ], [ -102.36718, 21.89242 ], [ -102.3671, 21.89267 ], [ -102.36709, 21.89272 ], [ -102.36705, 21.89289 ], [ -102.36702, 21.89305 ], [ -102.367, 21.89318 ], [ -102.36698, 21.89341 ], [ -102.36697, 21.89366 ], [ -102.367, 21.89405 ], [ -102.36705, 21.89439 ], [ -102.36718, 21.89499 ], [ -102.36726, 21.89537 ], [ -102.36733, 21.89571 ], [ -102.36747, 21.89646 ], [ -102.36763, 21.8972 ], [ -102.36764, 21.89725 ], [ -102.36779, 21.89794 ], [ -102.36794, 21.89792 ], [ -102.36786, 21.89747 ], [ -102.36772, 21.89673 ], [ -102.36772, 21.89672 ], [ -102.36762, 21.89626 ], [ -102.36772, 21.89615 ], [ -102.36775, 21.89611 ], [ -102.36778, 21.89609 ], [ -102.36782, 21.89607 ], [ -102.36785, 21.89606 ], [ -102.367943, 21.896075 ], [ -102.36876, 21.896981 ], [ -102.371137, 21.899532 ], [ -102.371814, 21.900086 ], [ -102.372591, 21.900587 ], [ -102.375866, 21.902709 ], [ -102.376253, 21.902969 ], [ -102.376569, 21.903248 ], [ -102.376878, 21.903586 ], [ -102.377191, 21.904053 ], [ -102.377331, 21.904284 ], [ -102.377525, 21.904636 ], [ -102.378177, 21.905722 ], [ -102.378537, 21.906318 ], [ -102.378855, 21.906878 ], [ -102.37921, 21.907481 ], [ -102.379533, 21.908067 ], [ -102.379726, 21.908392 ], [ -102.379909, 21.908721 ], [ -102.380034, 21.908913 ], [ -102.380282, 21.909301 ], [ -102.380583, 21.909647 ], [ -102.380985, 21.910115 ], [ -102.382704, 21.912316 ], [ -102.385593, 21.918665 ], [ -102.38569, 21.919087 ], [ -102.385704, 21.919841 ], [ -102.385722, 21.920279 ], [ -102.385775, 21.920703 ], [ -102.386095, 21.921744 ], [ -102.386142, 21.922164 ], [ -102.386071, 21.922515 ], [ -102.385756, 21.922973 ], [ -102.385523, 21.92321 ], [ -102.38572, 21.92334 ] ] } },
{ "type": "Feature", "properties": { "route_id": "R_24", "route_short_name": "R24", "route_long_name": "R-24", "route_km": 17.087344526873167, "n_stops": 75, "straight_line_km": 12.489480234116952, "connects_to_existing": true, "total_score": 0.16703581607081919, "pareto_rank": 5, "feasible": false, "flag": "Low demand", "detour_ratio": 1.368, "n_served_agebs": 30, "f1_demand_gain": 0.0036693292568010221, "f3_equity": 0.22304409815184495 }, "geometry": { "type": "LineString", "coordinates": [ [ -102.23117, 21.88253 ], [ -102.23105, 21.88258 ], [ -102.23105, 21.8827 ], [ -102.23104, 21.88282 ], [ -102.23104, 21.88301 ], [ -102.231049, 21.884698 ], [ -102.231053, 21.885088 ], [ -102.231073, 21.885561 ], [ -102.23114, 21.88663 ], [ -102.23115, 21.88679 ], [ -102.23134, 21.88674 ], [ -102.23146, 21.8867 ], [ -102.2316, 21.88663 ], [ -102.23151, 21.8865 ], [ -102.231153, 21.885597 ], [ -102.23113, 21.885099 ], [ -102.231099, 21.884692 ], [ -102.23224, 21.88424 ], [ -102.2334, 21.8838 ], [ -102.23411, 21.88353 ], [ -102.23465, 21.88332 ], [ -102.23482, 21.88326 ], [ -102.2356, 21.88296 ], [ -102.23573, 21.88291 ], [ -102.23633, 21.8827 ], [ -102.23649, 21.88305 ], [ -102.23677, 21.88372 ], [ -102.23684, 21.88388 ], [ -102.23695, 21.88383 ], [ -102.23733, 21.88365 ], [ -102.23762, 21.88351 ], [ -102.23799, 21.88333 ], [ -102.23834, 21.88314 ], [ -102.23851, 21.88307 ], [ -102.23871, 21.88299 ], [ -102.23907, 21.88285 ], [ -102.23964, 21.88272 ], [ -102.23996, 21.88264 ], [ -102.24014, 21.8826 ], [ -102.24038, 21.88255 ], [ -102.24039, 21.88254 ], [ -102.24056, 21.88249 ], [ -102.24138, 21.88218 ], [ -102.24149, 21.88214 ], [ -102.24193, 21.882 ], [ -102.24203, 21.88196 ], [ -102.24228, 21.88184 ], [ -102.24252, 21.88168 ], [ -102.24264, 21.8816 ], [ -102.24267, 21.88158 ], [ -102.24286, 21.88148 ], [ -102.2433, 21.88136 ], [ -102.24371, 21.88121 ], [ -102.24409, 21.88109 ], [ -102.24471, 21.88087 ], [ -102.24509, 21.88075 ], [ -102.24547, 21.88061 ], [ -102.24584, 21.88049 ], [ -102.24587, 21.88048 ], [ -102.24623, 21.88035 ], [ -102.2466, 21.88023 ], [ -102.24698, 21.8801 ], [ -102.24739, 21.87997 ], [ -102.24776, 21.87985 ], [ -102.24813, 21.87971 ], [ -102.24822, 21.87967 ], [ -102.24835, 21.87961 ], [ -102.24845, 21.87956 ], [ -102.248894, 21.879371 ], [ -102.24974, 21.879293 ], [ -102.25032, 21.87924 ], [ -102.25071, 21.87923 ], [ -102.2513, 21.87921 ], [ -102.25139, 21.8792 ], [ -102.25143, 21.87934 ], [ -102.25146, 21.87952 ], [ -102.25149, 21.87962 ], [ -102.25151, 21.87967 ], [ -102.25155, 21.87978 ], [ -102.25169, 21.87995 ], [ -102.2519, 21.88013 ], [ -102.2523, 21.88044 ], [ -102.25268, 21.88073 ], [ -102.25311, 21.88103 ], [ -102.25321, 21.88111 ], [ -102.25496, 21.88236 ], [ -102.25504, 21.88241 ], [ -102.2552, 21.88252 ], [ -102.25587, 21.883 ], [ -102.25612, 21.88319 ], [ -102.25613, 21.88319 ], [ -102.25619, 21.88324 ], [ -102.25626, 21.8833 ], [ -102.25632, 21.88337 ], [ -102.2564, 21.88345 ], [ -102.25647, 21.88356 ], [ -102.25653, 21.88365 ], [ -102.25659, 21.88377 ], [ -102.25662, 21.88383 ], [ -102.25665, 21.88394 ], [ -102.25668, 21.88412 ], [ -102.25669, 21.88428 ], [ -102.25669, 21.88437 ], [ -102.25668, 21.88442 ], [ -102.25668, 21.88445 ], [ -102.25668, 21.8845 ], [ -102.25667, 21.88455 ], [ -102.25665, 21.88462 ], [ -102.25659, 21.88476 ], [ -102.25654, 21.88485 ], [ -102.25651, 21.88491 ], [ -102.25643, 21.88504 ], [ -102.25633, 21.88514 ], [ -102.25609, 21.88542 ], [ -102.256, 21.88553 ], [ -102.25585, 21.88576 ], [ -102.2558, 21.88586 ], [ -102.25579, 21.8859 ], [ -102.25576, 21.88617 ], [ -102.25576, 21.88639 ], [ -102.25578, 21.88648 ], [ -102.25583, 21.88663 ], [ -102.25585, 21.88672 ], [ -102.25605, 21.88725 ], [ -102.25609, 21.88737 ], [ -102.25632, 21.88791 ], [ -102.25641, 21.88813 ], [ -102.25644, 21.88822 ], [ -102.25653, 21.88841 ], [ -102.25665, 21.88879 ], [ -102.25687, 21.88929 ], [ -102.257, 21.88962 ], [ -102.25706, 21.88982 ], [ -102.25729, 21.89039 ], [ -102.25736, 21.89056 ], [ -102.25748, 21.89053 ], [ -102.25782, 21.89042 ], [ -102.25826, 21.89026 ], [ -102.25855, 21.89016 ], [ -102.25867, 21.89012 ], [ -102.25906, 21.88998 ], [ -102.2592, 21.88995 ], [ -102.25925, 21.88994 ], [ -102.25928, 21.88991 ], [ -102.25934, 21.88986 ], [ -102.2595, 21.8897 ], [ -102.25983, 21.88934 ], [ -102.2599, 21.88927 ], [ -102.26014, 21.88907 ], [ -102.26041, 21.88887 ], [ -102.26073, 21.88862 ], [ -102.26088, 21.88852 ], [ -102.26108, 21.88842 ], [ -102.2614, 21.88827 ], [ -102.26157, 21.88818 ], [ -102.26172, 21.88806 ], [ -102.26181, 21.888 ], [ -102.26197, 21.88786 ], [ -102.26213, 21.88775 ], [ -102.26218, 21.88772 ], [ -102.26252, 21.88747 ], [ -102.26259, 21.88743 ], [ -102.26268, 21.88737 ], [ -102.26283, 21.88726 ], [ -102.2635, 21.8868 ], [ -102.26408, 21.8864 ], [ -102.26449, 21.88612 ], [ -102.26471, 21.88595 ], [ -102.26501, 21.88576 ], [ -102.26511, 21.8857 ], [ -102.26523, 21.88563 ], [ -102.26551, 21.88552 ], [ -102.26591, 21.88541 ], [ -102.26609, 21.88537 ], [ -102.26701, 21.88518 ], [ -102.26743, 21.8851 ], [ -102.26753, 21.88508 ], [ -102.26803, 21.88498 ], [ -102.26852, 21.88489 ], [ -102.26882, 21.8848 ], [ -102.26913, 21.88472 ], [ -102.26921, 21.8847 ], [ -102.26933, 21.88467 ], [ -102.26945, 21.88465 ], [ -102.26982, 21.88458 ], [ -102.27012, 21.88453 ], [ -102.27035, 21.8845 ], [ -102.27058, 21.88447 ], [ -102.2716, 21.88434 ], [ -102.27161, 21.88433 ], [ -102.27221, 21.88424 ], [ -102.27242, 21.88421 ], [ -102.27249, 21.8842 ], [ -102.2725, 21.8842 ], [ -102.27263, 21.88418 ], [ -102.2727, 21.88417 ], [ -102.273, 21.88413 ], [ -102.27444, 21.88394 ], [ -102.27452, 21.88392 ], [ -102.27536, 21.8838 ], [ -102.27618, 21.88371 ], [ -102.27647, 21.88367 ], [ -102.27657, 21.88362 ], [ -102.27667, 21.88359 ], [ -102.27682, 21.88354 ], [ -102.27717, 21.8835 ], [ -102.27741, 21.88345 ], [ -102.27755, 21.88342 ], [ -102.2777, 21.88338 ], [ -102.27783, 21.88334 ], [ -102.27796, 21.88328 ], [ -102.27807, 21.88324 ], [ -102.27819, 21.88321 ], [ -102.2783, 21.88319 ], [ -102.27839, 21.88318 ], [ -102.2785, 21.88317 ], [ -102.27859, 21.88315 ], [ -102.2788, 21.88311 ], [ -102.27881, 21.88311 ], [ -102.27882, 21.88311 ], [ -102.27897, 21.88308 ], [ -102.27918, 21.88304 ], [ -102.27932, 21.88301 ], [ -102.27939, 21.883 ], [ -102.27947, 21.88299 ], [ -102.28045, 21.88289 ], [ -102.28075, 21.88284 ], [ -102.28085, 21.88283 ], [ -102.28093, 21.88281 ], [ -102.28129, 21.88275 ], [ -102.28195, 21.88272 ], [ -102.28226, 21.88267 ], [ -102.282328, 21.882636 ], [ -102.28234, 21.88255 ], [ -102.282333, 21.882469 ], [ -102.282326, 21.882384 ], [ -102.282322, 21.882288 ], [ -102.28222, 21.88129 ], [ -102.28221, 21.88122 ], [ -102.28186, 21.87991 ], [ -102.28184, 21.87984 ], [ -102.28175, 21.87953 ], [ -102.28169, 21.8793 ], [ -102.28161, 21.87901 ], [ -102.28164, 21.87891 ], [ -102.28166, 21.87886 ], [ -102.2817, 21.8788 ], [ -102.28176, 21.87876 ], [ -102.28186, 21.8787 ], [ -102.28224, 21.87874 ], [ -102.28332, 21.87886 ], [ -102.28431, 21.87897 ], [ -102.28452, 21.87898 ], [ -102.28599, 21.87915 ], [ -102.28712, 21.87928 ], [ -102.28804, 21.87936 ], [ -102.28846, 21.87939 ], [ -102.28884, 21.8794 ], [ -102.28905, 21.87939 ], [ -102.28937, 21.87938 ], [ -102.29038, 21.87931 ], [ -102.29171, 21.87922 ], [ -102.29186, 21.87921 ], [ -102.29215, 21.87919 ], [ -102.29226, 21.87918 ], [ -102.29295, 21.87913 ], [ -102.29309, 21.87912 ], [ -102.29368, 21.87903 ], [ -102.29378, 21.87901 ], [ -102.29406, 21.87894 ], [ -102.29496, 21.87871 ], [ -102.29497, 21.87871 ], [ -102.29582, 21.87849 ], [ -102.29592, 21.87847 ], [ -102.29693, 21.87824 ], [ -102.29764, 21.87807 ], [ -102.29891, 21.87776 ], [ -102.29899, 21.87775 ], [ -102.29945, 21.87765 ], [ -102.30037, 21.87739 ], [ -102.30064, 21.87732 ], [ -102.30079, 21.87729 ], [ -102.30083, 21.87728 ], [ -102.30095, 21.87725 ], [ -102.30102, 21.87724 ], [ -102.30108, 21.87722 ], [ -102.30128, 21.87718 ], [ -102.30149, 21.87712 ], [ -102.30156, 21.8771 ], [ -102.3016, 21.87709 ], [ -102.30164, 21.87708 ], [ -102.30166, 21.87707 ], [ -102.30167, 21.87707 ], [ -102.30239, 21.87686 ], [ -102.30311, 21.87665 ], [ -102.30314, 21.87664 ], [ -102.30404, 21.87639 ], [ -102.30733, 21.87546 ], [ -102.30747, 21.87542 ], [ -102.30761, 21.87538 ], [ -102.30836, 21.87519 ], [ -102.30929, 21.87494 ], [ -102.31001, 21.87475 ], [ -102.31078, 21.87455 ], [ -102.31099, 21.8745 ], [ -102.31126, 21.87443 ], [ -102.31138, 21.8744 ], [ -102.3116, 21.87434 ], [ -102.31166, 21.87432 ], [ -102.31179, 21.8743 ], [ -102.31185, 21.87428 ], [ -102.31189, 21.87427 ], [ -102.31191, 21.87427 ], [ -102.31194, 21.87426 ], [ -102.312, 21.87425 ], [ -102.31225, 21.87418 ], [ -102.31241, 21.87412 ], [ -102.31288, 21.87394 ], [ -102.31356, 21.87369 ], [ -102.3137, 21.87364 ], [ -102.31438, 21.87336 ], [ -102.31466, 21.87324 ], [ -102.31508, 21.87308 ], [ -102.31519, 21.87304 ], [ -102.315885, 21.872789 ], [ -102.319522, 21.871387 ], [ -102.319861, 21.871265 ], [ -102.320474, 21.871199 ], [ -102.321229, 21.871314 ], [ -102.3221, 21.87139 ], [ -102.32228, 21.8714 ], [ -102.32396, 21.87162 ], [ -102.32476, 21.87174 ], [ -102.32521, 21.8718 ], [ -102.32561, 21.87185 ], [ -102.32643, 21.87195 ], [ -102.32739, 21.87212 ], [ -102.32757, 21.87214 ], [ -102.32784, 21.8722 ], [ -102.32821, 21.8723 ], [ -102.32847, 21.87237 ], [ -102.32959, 21.87266 ], [ -102.32988, 21.87272 ], [ -102.32989, 21.87273 ], [ -102.33015, 21.8728 ], [ -102.33072, 21.87295 ], [ -102.33133, 21.87313 ], [ -102.33261, 21.87346 ], [ -102.33343, 21.87366 ], [ -102.33367, 21.87372 ], [ -102.333806, 21.873775 ], [ -102.334915, 21.874081 ], [ -102.336063, 21.874399 ], [ -102.336616, 21.874563 ], [ -102.336751, 21.874694 ], [ -102.337068, 21.874771 ], [ -102.337332, 21.874908 ], [ -102.337458, 21.875163 ], [ -102.337627, 21.876026 ], [ -102.337666, 21.876219 ], [ -102.337714, 21.876336 ], [ -102.337812, 21.876309 ], [ -102.337837, 21.876193 ], [ -102.33776, 21.876038 ], [ -102.337699, 21.875841 ], [ -102.337592, 21.875433 ], [ -102.337535, 21.875071 ], [ -102.337477, 21.874878 ], [ -102.337676, 21.874823 ], [ -102.338411, 21.87502 ], [ -102.338801, 21.875129 ], [ -102.338835, 21.875031 ], [ -102.338755, 21.874959 ], [ -102.33378, 21.87362 ], [ -102.33364, 21.87358 ], [ -102.332697, 21.873316 ], [ -102.332797, 21.872826 ], [ -102.332893, 21.87272 ], [ -102.333153, 21.872567 ], [ -102.3336, 21.872307 ], [ -102.333941, 21.872132 ], [ -102.334179, 21.872017 ], [ -102.334568, 21.871882 ], [ -102.335437, 21.871782 ], [ -102.336147, 21.871803 ], [ -102.336449, 21.871801 ], [ -102.33643, 21.871799 ], [ -102.336423, 21.871796 ], [ -102.336566, 21.871813 ], [ -102.33775, 21.87193 ], [ -102.33838, 21.87205 ], [ -102.33855, 21.87209 ], [ -102.33879, 21.87214 ], [ -102.33885, 21.87215 ], [ -102.33891, 21.87215 ], [ -102.339, 21.87216 ], [ -102.339062, 21.872164 ], [ -102.339103, 21.872152 ], [ -102.339164, 21.872133 ], [ -102.339199, 21.872114 ], [ -102.339242, 21.872093 ], [ -102.339287, 21.872067 ], [ -102.33933, 21.872034 ], [ -102.33937, 21.87198 ], [ -102.340177, 21.871105 ], [ -102.340668, 21.870703 ], [ -102.340758, 21.870662 ], [ -102.340896, 21.870603 ], [ -102.341013, 21.870558 ], [ -102.341202, 21.870527 ], [ -102.341439, 21.870507 ], [ -102.341573, 21.870509 ], [ -102.34344, 21.8708 ], [ -102.34398, 21.87088 ], [ -102.3443, 21.87093 ], [ -102.34472, 21.87101 ], [ -102.34534, 21.87111 ], [ -102.34558, 21.87115 ], [ -102.34565, 21.87116 ], [ -102.346042, 21.871242 ], [ -102.346248, 21.871272 ], [ -102.346424, 21.871275 ], [ -102.346586, 21.871272 ], [ -102.346805, 21.87124 ], [ -102.34694, 21.87121 ], [ -102.347068, 21.871173 ], [ -102.347158, 21.871137 ], [ -102.347241, 21.871106 ], [ -102.347346, 21.871055 ], [ -102.347417, 21.871011 ], [ -102.347533, 21.870938 ], [ -102.347708, 21.870817 ], [ -102.348111, 21.870429 ], [ -102.348397, 21.870142 ], [ -102.348571, 21.869985 ], [ -102.348683, 21.869889 ], [ -102.348756, 21.86984 ], [ -102.348817, 21.86981 ], [ -102.348855, 21.869789 ], [ -102.34889, 21.86978 ], [ -102.34895, 21.86978 ], [ -102.34902, 21.8698 ], [ -102.34918, 21.86987 ], [ -102.34971, 21.8701 ], [ -102.350687, 21.870507 ], [ -102.350779, 21.87029 ], [ -102.351008, 21.870326 ], [ -102.351331, 21.870396 ] ] } },
{ "type": "Feature", "properties": { "route_id": "R_25", "route_short_name": "R25", "route_long_name": "R-25", "route_km": 18.605834684295719, "n_stops": 82, "straight_line_km": 12.599475011068471, "connects_to_existing": true, "total_score": 0.1515412837969429, "pareto_rank": 6, "feasible": false, "flag": "Low demand", "detour_ratio": 1.477, "n_served_agebs": 38, "f1_demand_gain": 0.0036130317479690166, "f3_equity": 0.21190749767241951 }, "geometry": { "type": "LineString", "coordinates": [ [ -102.233627, 21.858351 ], [ -102.233479, 21.858363 ], [ -102.234129, 21.860754 ], [ -102.235132, 21.864343 ], [ -102.235198, 21.864479 ], [ -102.235331, 21.864662 ], [ -102.235626, 21.864772 ], [ -102.2368, 21.86517 ], [ -102.23733, 21.86535 ], [ -102.23777, 21.8655 ], [ -102.23839, 21.86572 ], [ -102.23939, 21.86606 ], [ -102.23976, 21.86618 ], [ -102.24091, 21.86658 ], [ -102.24131, 21.86672 ], [ -102.24166, 21.86685 ], [ -102.243092, 21.867351 ], [ -102.243408, 21.867496 ], [ -102.243638, 21.867608 ], [ -102.24406, 21.86784 ], [ -102.2441, 21.8679 ], [ -102.24414, 21.86796 ], [ -102.24416, 21.86801 ], [ -102.24419, 21.86813 ], [ -102.24413, 21.86828 ], [ -102.24407, 21.86845 ], [ -102.24402, 21.86856 ], [ -102.24407, 21.86871 ], [ -102.24403, 21.86892 ], [ -102.24403, 21.86908 ], [ -102.24404, 21.86916 ], [ -102.24405, 21.86927 ], [ -102.24408, 21.86938 ], [ -102.24412, 21.86951 ], [ -102.2442, 21.86973 ], [ -102.24435, 21.87006 ], [ -102.24453, 21.8705 ], [ -102.24464, 21.87072 ], [ -102.24482, 21.87114 ], [ -102.24509, 21.87177 ], [ -102.24539, 21.87245 ], [ -102.24551, 21.87273 ], [ -102.24574, 21.87327 ], [ -102.2458, 21.87342 ], [ -102.24595, 21.87338 ], [ -102.24604, 21.87335 ], [ -102.24605, 21.87335 ], [ -102.24641, 21.87323 ], [ -102.24666, 21.87316 ], [ -102.24688, 21.8731 ], [ -102.24736, 21.87298 ], [ -102.24756, 21.87348 ], [ -102.24761, 21.8736 ], [ -102.24765, 21.87368 ], [ -102.24769, 21.87374 ], [ -102.24775, 21.87398 ], [ -102.24794, 21.87448 ], [ -102.248, 21.87466 ], [ -102.24808, 21.87485 ], [ -102.24812, 21.87497 ], [ -102.24814, 21.87505 ], [ -102.24838, 21.87556 ], [ -102.24846, 21.87568 ], [ -102.24887, 21.87598 ], [ -102.24926, 21.87629 ], [ -102.24958, 21.87652 ], [ -102.24999, 21.87679 ], [ -102.25024, 21.87698 ], [ -102.25055, 21.87722 ], [ -102.25062, 21.8773 ], [ -102.25068, 21.87737 ], [ -102.25074, 21.87746 ], [ -102.25075, 21.87748 ], [ -102.25078, 21.87755 ], [ -102.25079, 21.87756 ], [ -102.25082, 21.87761 ], [ -102.25088, 21.87771 ], [ -102.25092, 21.8778 ], [ -102.25125, 21.87865 ], [ -102.25133, 21.87891 ], [ -102.25134, 21.87896 ], [ -102.25136, 21.87904 ], [ -102.25137, 21.87912 ], [ -102.25139, 21.8792 ], [ -102.25143, 21.87934 ], [ -102.25146, 21.87952 ], [ -102.25149, 21.87962 ], [ -102.25151, 21.87967 ], [ -102.25155, 21.87978 ], [ -102.25169, 21.87995 ], [ -102.2519, 21.88013 ], [ -102.2523, 21.88044 ], [ -102.25268, 21.88073 ], [ -102.25311, 21.88103 ], [ -102.25321, 21.88111 ], [ -102.25496, 21.88236 ], [ -102.25504, 21.88241 ], [ -102.2552, 21.88252 ], [ -102.25587, 21.883 ], [ -102.25612, 21.88319 ], [ -102.25613, 21.88319 ], [ -102.25619, 21.88324 ], [ -102.25626, 21.8833 ], [ -102.25632, 21.88337 ], [ -102.2564, 21.88345 ], [ -102.25647, 21.88356 ], [ -102.25653, 21.88365 ], [ -102.25659, 21.88377 ], [ -102.25662, 21.88383 ], [ -102.25665, 21.88394 ], [ -102.25668, 21.88412 ], [ -102.25669, 21.88428 ], [ -102.25669, 21.88437 ], [ -102.25668, 21.88442 ], [ -102.25668, 21.88445 ], [ -102.25668, 21.8845 ], [ -102.25667, 21.88455 ], [ -102.25665, 21.88462 ], [ -102.25659, 21.88476 ], [ -102.25654, 21.88485 ], [ -102.25651, 21.88491 ], [ -102.25643, 21.88504 ], [ -102.25633, 21.88514 ], [ -102.25609, 21.88542 ], [ -102.256, 21.88553 ], [ -102.25585, 21.88576 ], [ -102.2558, 21.88586 ], [ -102.25579, 21.8859 ], [ -102.25576, 21.88617 ], [ -102.25576, 21.88639 ], [ -102.25578, 21.88648 ], [ -102.25583, 21.88663 ], [ -102.25585, 21.88672 ], [ -102.25605, 21.88725 ], [ -102.25609, 21.88737 ], [ -102.25632, 21.88791 ], [ -102.25641, 21.88813 ], [ -102.25644, 21.88822 ], [ -102.25653, 21.88841 ], [ -102.25665, 21.88879 ], [ -102.25687, 21.88929 ], [ -102.257, 21.88962 ], [ -102.25706, 21.88982 ], [ -102.25729, 21.89039 ], [ -102.25736, 21.89056 ], [ -102.25748, 21.89053 ], [ -102.25782, 21.89042 ], [ -102.25826, 21.89026 ], [ -102.25855, 21.89016 ], [ -102.25867, 21.89012 ], [ -102.25906, 21.88998 ], [ -102.2592, 21.88995 ], [ -102.25925, 21.88994 ], [ -102.25928, 21.88991 ], [ -102.25934, 21.88986 ], [ -102.2595, 21.8897 ], [ -102.25983, 21.88934 ], [ -102.2599, 21.88927 ], [ -102.26014, 21.88907 ], [ -102.26041, 21.88887 ], [ -102.26073, 21.88862 ], [ -102.26088, 21.88852 ], [ -102.26108, 21.88842 ], [ -102.2614, 21.88827 ], [ -102.26157, 21.88818 ], [ -102.26172, 21.88806 ], [ -102.26181, 21.888 ], [ -102.26197, 21.88786 ], [ -102.26213, 21.88775 ], [ -102.26218, 21.88772 ], [ -102.26252, 21.88747 ], [ -102.26259, 21.88743 ], [ -102.26268, 21.88737 ], [ -102.26283, 21.88726 ], [ -102.2635, 21.8868 ], [ -102.26408, 21.8864 ], [ -102.26449, 21.88612 ], [ -102.26471, 21.88595 ], [ -102.26501, 21.88576 ], [ -102.26511, 21.8857 ], [ -102.26523, 21.88563 ], [ -102.26551, 21.88552 ], [ -102.26591, 21.88541 ], [ -102.26609, 21.88537 ], [ -102.26701, 21.88518 ], [ -102.26743, 21.8851 ], [ -102.26753, 21.88508 ], [ -102.26803, 21.88498 ], [ -102.26852, 21.88489 ], [ -102.26882, 21.8848 ], [ -102.26913, 21.88472 ], [ -102.26921, 21.8847 ], [ -102.26933, 21.88467 ], [ -102.26945, 21.88465 ], [ -102.26982, 21.88458 ], [ -102.27012, 21.88453 ], [ -102.27035, 21.8845 ], [ -102.27058, 21.88447 ], [ -102.2716, 21.88434 ], [ -102.27161, 21.88433 ], [ -102.27221, 21.88424 ], [ -102.27242, 21.88421 ], [ -102.27249, 21.8842 ], [ -102.2725, 21.8842 ], [ -102.27263, 21.88418 ], [ -102.2727, 21.88417 ], [ -102.273, 21.88413 ], [ -102.27444, 21.88394 ], [ -102.27452, 21.88392 ], [ -102.27536, 21.8838 ], [ -102.27618, 21.88371 ], [ -102.27647, 21.88367 ], [ -102.27657, 21.88362 ], [ -102.27667, 21.88359 ], [ -102.27682, 21.88354 ], [ -102.27717, 21.8835 ], [ -102.27741, 21.88345 ], [ -102.27755, 21.88342 ], [ -102.2777, 21.88338 ], [ -102.27783, 21.88334 ], [ -102.27796, 21.88328 ], [ -102.27807, 21.88324 ], [ -102.27819, 21.88321 ], [ -102.2783, 21.88319 ], [ -102.27839, 21.88318 ], [ -102.2785, 21.88317 ], [ -102.27859, 21.88315 ], [ -102.2788, 21.88311 ], [ -102.27881, 21.88311 ], [ -102.27882, 21.88311 ], [ -102.27897, 21.88308 ], [ -102.27918, 21.88304 ], [ -102.27932, 21.88301 ], [ -102.27939, 21.883 ], [ -102.27947, 21.88299 ], [ -102.28045, 21.88289 ], [ -102.28075, 21.88284 ], [ -102.28085, 21.88283 ], [ -102.28093, 21.88281 ], [ -102.28129, 21.88275 ], [ -102.28195, 21.88272 ], [ -102.28226, 21.88267 ], [ -102.28232, 21.88264 ], [ -102.28234, 21.88255 ], [ -102.282333, 21.882483 ], [ -102.282328, 21.882412 ], [ -102.28232, 21.882304 ], [ -102.28222, 21.88129 ], [ -102.28221, 21.88122 ], [ -102.28186, 21.87991 ], [ -102.28184, 21.87984 ], [ -102.28175, 21.87953 ], [ -102.28169, 21.8793 ], [ -102.28161, 21.87901 ], [ -102.28164, 21.87891 ], [ -102.28166, 21.87886 ], [ -102.2817, 21.8788 ], [ -102.28176, 21.87876 ], [ -102.28186, 21.8787 ], [ -102.28224, 21.87874 ], [ -102.28332, 21.87886 ], [ -102.28431, 21.87897 ], [ -102.28452, 21.87898 ], [ -102.28599, 21.87915 ], [ -102.28712, 21.87928 ], [ -102.28804, 21.87936 ], [ -102.28846, 21.87939 ], [ -102.28884, 21.8794 ], [ -102.28905, 21.87939 ], [ -102.28937, 21.87938 ], [ -102.29038, 21.87931 ], [ -102.29171, 21.87922 ], [ -102.29186, 21.87921 ], [ -102.29215, 21.87919 ], [ -102.29226, 21.87918 ], [ -102.29295, 21.87913 ], [ -102.29309, 21.87912 ], [ -102.29368, 21.87903 ], [ -102.29378, 21.87901 ], [ -102.29406, 21.87894 ], [ -102.29496, 21.87871 ], [ -102.29497, 21.87871 ], [ -102.29582, 21.87849 ], [ -102.29592, 21.87847 ], [ -102.29693, 21.87824 ], [ -102.29764, 21.87807 ], [ -102.29891, 21.87776 ], [ -102.29899, 21.87775 ], [ -102.29945, 21.87765 ], [ -102.30037, 21.87739 ], [ -102.30064, 21.87732 ], [ -102.30079, 21.87729 ], [ -102.30083, 21.87728 ], [ -102.30095, 21.87725 ], [ -102.30102, 21.87724 ], [ -102.30108, 21.87722 ], [ -102.30128, 21.87718 ], [ -102.30149, 21.87712 ], [ -102.30156, 21.8771 ], [ -102.3016, 21.87709 ], [ -102.30164, 21.87708 ], [ -102.30166, 21.87707 ], [ -102.30167, 21.87707 ], [ -102.30239, 21.87686 ], [ -102.30311, 21.87665 ], [ -102.30314, 21.87664 ], [ -102.30404, 21.87639 ], [ -102.30733, 21.87546 ], [ -102.30747, 21.87542 ], [ -102.30761, 21.87538 ], [ -102.30836, 21.87519 ], [ -102.30929, 21.87494 ], [ -102.31001, 21.87475 ], [ -102.31078, 21.87455 ], [ -102.31099, 21.8745 ], [ -102.31126, 21.87443 ], [ -102.31138, 21.8744 ], [ -102.3116, 21.87434 ], [ -102.31166, 21.87432 ], [ -102.31179, 21.8743 ], [ -102.31185, 21.87428 ], [ -102.31189, 21.87427 ], [ -102.31191, 21.87427 ], [ -102.31194, 21.87426 ], [ -102.312, 21.87425 ], [ -102.31225, 21.87418 ], [ -102.31241, 21.87412 ], [ -102.31288, 21.87394 ], [ -102.31356, 21.87369 ], [ -102.3137, 21.87364 ], [ -102.31438, 21.87336 ], [ -102.31466, 21.87324 ], [ -102.31508, 21.87308 ], [ -102.31519, 21.87304 ], [ -102.316106, 21.872719 ], [ -102.318978, 21.871568 ], [ -102.319989, 21.871253 ], [ -102.320178, 21.871231 ], [ -102.320327, 21.871209 ], [ -102.320556, 21.871215 ], [ -102.32067, 21.871237 ], [ -102.320846, 21.871259 ], [ -102.321085, 21.871281 ], [ -102.32127, 21.87129 ], [ -102.3221, 21.87139 ], [ -102.322239, 21.871394 ], [ -102.322342, 21.871349 ], [ -102.322381, 21.871275 ], [ -102.32243, 21.8712 ], [ -102.3226, 21.87097 ], [ -102.32297, 21.87058 ], [ -102.32304, 21.87051 ], [ -102.32321, 21.87036 ], [ -102.32327, 21.87032 ], [ -102.32333, 21.87029 ], [ -102.32342, 21.87025 ], [ -102.32351, 21.8702 ], [ -102.32361, 21.87016 ], [ -102.32374, 21.87011 ], [ -102.32388, 21.87006 ], [ -102.32478, 21.86978 ], [ -102.32522, 21.86959 ], [ -102.32539, 21.8695 ], [ -102.32577, 21.86929 ], [ -102.32589, 21.86921 ], [ -102.32684, 21.86864 ], [ -102.3278, 21.86807 ], [ -102.32798, 21.86796 ], [ -102.32811, 21.86789 ], [ -102.32827, 21.86779 ], [ -102.32859, 21.86759 ], [ -102.32873, 21.86749 ], [ -102.32923, 21.8671 ], [ -102.32941, 21.86695 ], [ -102.32978, 21.86663 ], [ -102.3301, 21.86635 ], [ -102.33023, 21.86626 ], [ -102.33027, 21.86623 ], [ -102.3306, 21.86606 ], [ -102.33076, 21.86598 ], [ -102.33093, 21.86589 ], [ -102.33094, 21.86589 ], [ -102.33155, 21.86559 ], [ -102.33319, 21.86478 ], [ -102.33389, 21.86443 ], [ -102.33406, 21.86435 ], [ -102.33475, 21.86401 ], [ -102.33492, 21.86392 ], [ -102.33545, 21.86369 ], [ -102.33618, 21.86332 ], [ -102.33638, 21.86321 ], [ -102.33685, 21.86298 ], [ -102.33694, 21.86293 ], [ -102.33712, 21.86281 ], [ -102.33734, 21.86265 ], [ -102.33793, 21.8621 ], [ -102.33828, 21.86175 ], [ -102.33852, 21.86152 ], [ -102.33866, 21.86137 ], [ -102.33898, 21.86103 ], [ -102.33902, 21.86099 ], [ -102.33923, 21.86074 ], [ -102.33952, 21.86039 ], [ -102.33989, 21.85992 ], [ -102.34017, 21.85959 ], [ -102.34031, 21.85942 ], [ -102.34038, 21.85935 ], [ -102.34044, 21.85928 ], [ -102.34051, 21.85922 ], [ -102.34058, 21.85917 ], [ -102.34066, 21.85912 ], [ -102.34074, 21.85907 ], [ -102.34085, 21.85902 ], [ -102.34103, 21.85895 ], [ -102.34124, 21.85889 ], [ -102.3413, 21.85888 ], [ -102.34164, 21.85881 ], [ -102.34174, 21.85879 ], [ -102.3418, 21.85878 ], [ -102.34199, 21.85875 ], [ -102.342143, 21.858712 ], [ -102.34221, 21.85863 ], [ -102.342201, 21.858533 ], [ -102.341772, 21.858006 ], [ -102.341371, 21.857504 ], [ -102.34163, 21.85572 ], [ -102.34191, 21.85382 ], [ -102.34221, 21.85194 ], [ -102.342517, 21.850247 ], [ -102.342041, 21.850189 ], [ -102.342303, 21.848579 ], [ -102.34292, 21.84878 ], [ -102.34311, 21.84884 ], [ -102.34423, 21.84917 ], [ -102.34586, 21.84968 ], [ -102.34636, 21.84984 ], [ -102.34675, 21.84995 ], [ -102.34695, 21.85001 ], [ -102.34777, 21.85025 ], [ -102.34803, 21.85033 ], [ -102.34929, 21.85071 ], [ -102.35008, 21.85094 ], [ -102.35078, 21.85116 ], [ -102.35094, 21.85126 ], [ -102.35144, 21.85146 ], [ -102.35168, 21.85157 ], [ -102.35185, 21.85166 ], [ -102.35238, 21.85198 ], [ -102.35258, 21.8521 ], [ -102.35265, 21.85215 ], [ -102.352785, 21.852211 ], [ -102.3529, 21.852231 ], [ -102.352975, 21.852211 ], [ -102.35312, 21.85213 ], [ -102.35325, 21.852 ], [ -102.3533, 21.85194 ], [ -102.35334, 21.85188 ], [ -102.35336, 21.85185 ], [ -102.35346, 21.85169 ], [ -102.35357, 21.85143 ], [ -102.35362, 21.85117 ], [ -102.35365, 21.85101 ], [ -102.35366, 21.85091 ], [ -102.35365, 21.85082 ], [ -102.35362, 21.85062 ], [ -102.35358, 21.85047 ], [ -102.35335, 21.84979 ], [ -102.35305, 21.84905 ], [ -102.3528, 21.84842 ], [ -102.35278, 21.84833 ], [ -102.35275, 21.84817 ], [ -102.35274, 21.84799 ], [ -102.35275, 21.84791 ], [ -102.35276, 21.84774 ], [ -102.35277, 21.84769 ], [ -102.35282, 21.84748 ], [ -102.35294, 21.84722 ], [ -102.35323, 21.84665 ], [ -102.35362, 21.84589 ], [ -102.35379, 21.84557 ], [ -102.35397, 21.84527 ], [ -102.35414, 21.84503 ], [ -102.35425, 21.84486 ], [ -102.35453, 21.84433 ], [ -102.35459, 21.84412 ], [ -102.35462, 21.84396 ], [ -102.35465, 21.84377 ], [ -102.35467, 21.84347 ], [ -102.35467, 21.8429 ], [ -102.35467, 21.84282 ], [ -102.35467, 21.84226 ], [ -102.35464, 21.84152 ], [ -102.35464, 21.841493 ] ] } },
{ "type": "Feature", "properties": { "route_id": "R_27", "route_short_name": "R27", "route_long_name": "R-27", "route_km": 19.043682515997443, "n_stops": 92, "straight_line_km": 9.5901168602590712, "connects_to_existing": true, "total_score": 0.17001116987506892, "pareto_rank": 4, "feasible": false, "flag": "Indirect", "detour_ratio": 1.986, "n_served_agebs": 51, "f1_demand_gain": 0.0034179214472577065, "f3_equity": 0.30116241091115964 }, "geometry": { "type": "LineString", "coordinates": [ [ -102.228149, 21.862828 ], [ -102.22773, 21.862694 ], [ -102.22743, 21.862584 ], [ -102.227358, 21.862526 ], [ -102.22729, 21.862509 ], [ -102.227218, 21.86253 ], [ -102.227203, 21.862601 ], [ -102.227211, 21.862652 ], [ -102.227256, 21.862684 ], [ -102.227309, 21.862692 ], [ -102.227387, 21.862678 ], [ -102.227505, 21.862699 ], [ -102.228745, 21.863121 ], [ -102.228817, 21.863195 ], [ -102.228866, 21.863227 ], [ -102.228965, 21.863267 ], [ -102.229056, 21.863309 ], [ -102.229104, 21.863325 ], [ -102.229123, 21.863397 ], [ -102.229088, 21.863499 ], [ -102.228456, 21.865298 ], [ -102.22851, 21.86544 ], [ -102.22879, 21.86554 ], [ -102.22927, 21.865713 ], [ -102.230031, 21.865966 ], [ -102.23079, 21.86631 ], [ -102.23096, 21.86643 ], [ -102.23102, 21.86652 ], [ -102.23156, 21.86706 ], [ -102.23213, 21.8676 ], [ -102.23231, 21.86777 ], [ -102.23256, 21.86803 ], [ -102.23282, 21.86829 ], [ -102.23287, 21.86837 ], [ -102.23297, 21.86849 ], [ -102.23299, 21.86854 ], [ -102.23302, 21.86863 ], [ -102.23339, 21.86997 ], [ -102.23345, 21.87016 ], [ -102.23357, 21.8707 ], [ -102.2337, 21.87116 ], [ -102.23381, 21.87148 ], [ -102.23407, 21.87189 ], [ -102.23474, 21.87284 ], [ -102.23498, 21.87319 ], [ -102.23506, 21.87333 ], [ -102.23513, 21.87347 ], [ -102.23518, 21.87358 ], [ -102.23523, 21.8737 ], [ -102.23529, 21.8739 ], [ -102.23538, 21.87423 ], [ -102.2356, 21.87413 ], [ -102.23593, 21.87398 ], [ -102.23614, 21.87388 ], [ -102.23627, 21.87382 ], [ -102.23633, 21.8738 ], [ -102.23641, 21.87377 ], [ -102.23652, 21.87375 ], [ -102.23657, 21.87374 ], [ -102.2368, 21.87369 ], [ -102.23724, 21.87359 ], [ -102.23765, 21.87349 ], [ -102.2377, 21.87348 ], [ -102.23779, 21.87346 ], [ -102.23799, 21.87341 ], [ -102.23809, 21.87338 ], [ -102.23801, 21.873 ], [ -102.2379, 21.87264 ], [ -102.2378, 21.87227 ], [ -102.2377, 21.87191 ], [ -102.2376, 21.87153 ], [ -102.23751, 21.87117 ], [ -102.23741, 21.8708 ], [ -102.2373, 21.87044 ], [ -102.23719, 21.87006 ], [ -102.23709, 21.8697 ], [ -102.23699, 21.86933 ], [ -102.23689, 21.86897 ], [ -102.23675, 21.86845 ], [ -102.2365, 21.8675 ], [ -102.23648, 21.86743 ], [ -102.23632, 21.86688 ], [ -102.2362, 21.86644 ], [ -102.23609, 21.866 ], [ -102.236, 21.86573 ], [ -102.23597, 21.86566 ], [ -102.23594, 21.86559 ], [ -102.2359, 21.86553 ], [ -102.23587, 21.86546 ], [ -102.23585, 21.86541 ], [ -102.23583, 21.86537 ], [ -102.23582, 21.86534 ], [ -102.23582, 21.86526 ], [ -102.23583, 21.86517 ], [ -102.23588, 21.86501 ], [ -102.23613, 21.8651 ], [ -102.23616, 21.86511 ], [ -102.23662, 21.86528 ], [ -102.23731, 21.86551 ], [ -102.23769, 21.86564 ], [ -102.23803, 21.86576 ], [ -102.23881, 21.86604 ], [ -102.23902, 21.86611 ], [ -102.23931, 21.86622 ], [ -102.23952, 21.86629 ], [ -102.2397, 21.86635 ], [ -102.24017, 21.86651 ], [ -102.24023, 21.86653 ], [ -102.24031, 21.8665 ], [ -102.24036, 21.86649 ], [ -102.24039, 21.8665 ], [ -102.24054, 21.86653 ], [ -102.24075, 21.86659 ], [ -102.24091, 21.86658 ], [ -102.24131, 21.86672 ], [ -102.24166, 21.86685 ], [ -102.24324, 21.86736 ], [ -102.24355, 21.86748 ], [ -102.24396, 21.86764 ], [ -102.24433, 21.86776 ], [ -102.24443, 21.86779 ], [ -102.24455, 21.86783 ], [ -102.24462, 21.86785 ], [ -102.245, 21.86798 ], [ -102.24522, 21.86805 ], [ -102.24561, 21.8682 ], [ -102.24608, 21.86841 ], [ -102.2464, 21.86858 ], [ -102.24664, 21.86874 ], [ -102.24746, 21.86921 ], [ -102.24812, 21.86961 ], [ -102.24816, 21.86963 ], [ -102.2484, 21.8698 ], [ -102.24911, 21.87023 ], [ -102.24927, 21.87032 ], [ -102.24971, 21.87059 ], [ -102.24992, 21.87072 ], [ -102.24998, 21.87076 ], [ -102.25016, 21.87088 ], [ -102.25036, 21.87099 ], [ -102.25042, 21.87103 ], [ -102.25052, 21.87109 ], [ -102.25076, 21.87122 ], [ -102.25109, 21.87141 ], [ -102.25112, 21.87143 ], [ -102.25141, 21.8716 ], [ -102.25152, 21.87168 ], [ -102.25178, 21.87183 ], [ -102.25213, 21.87202 ], [ -102.25224, 21.8721 ], [ -102.25256, 21.8723 ], [ -102.25258, 21.87232 ], [ -102.25317, 21.87268 ], [ -102.25407, 21.87335 ], [ -102.25436, 21.87355 ], [ -102.25467, 21.87379 ], [ -102.25501, 21.87404 ], [ -102.25513, 21.87412 ], [ -102.25514, 21.87413 ], [ -102.25526, 21.87423 ], [ -102.2557, 21.87455 ], [ -102.2561, 21.87485 ], [ -102.25688, 21.87539 ], [ -102.25704, 21.8755 ], [ -102.25721, 21.87561 ], [ -102.25739, 21.87574 ], [ -102.25753, 21.87584 ], [ -102.25965, 21.87739 ], [ -102.25969, 21.87742 ], [ -102.26003, 21.8777 ], [ -102.26039, 21.87798 ], [ -102.26079, 21.87826 ], [ -102.26151, 21.87873 ], [ -102.26172, 21.87888 ], [ -102.26194, 21.87904 ], [ -102.26202, 21.8791 ], [ -102.26223, 21.87925 ], [ -102.26236, 21.87935 ], [ -102.26249, 21.87945 ], [ -102.2626, 21.87953 ], [ -102.26277, 21.87965 ], [ -102.26338, 21.88008 ], [ -102.26368, 21.88029 ], [ -102.26419, 21.88065 ], [ -102.2644, 21.88081 ], [ -102.26453, 21.8809 ], [ -102.26489, 21.88114 ], [ -102.26516, 21.88129 ], [ -102.26531, 21.88138 ], [ -102.26546, 21.88147 ], [ -102.26568, 21.8816 ], [ -102.26592, 21.88174 ], [ -102.26714, 21.88243 ], [ -102.26765, 21.88274 ], [ -102.26777, 21.88282 ], [ -102.26778, 21.88283 ], [ -102.26802, 21.88298 ], [ -102.26808, 21.88301 ], [ -102.26817, 21.88307 ], [ -102.26833, 21.88317 ], [ -102.26975, 21.88396 ], [ -102.26979, 21.88399 ], [ -102.26986, 21.88404 ], [ -102.26987, 21.88406 ], [ -102.2699, 21.88411 ], [ -102.26992, 21.88416 ], [ -102.26996, 21.88426 ], [ -102.26999, 21.88434 ], [ -102.27002, 21.8844 ], [ -102.27006, 21.88446 ], [ -102.27012, 21.88453 ], [ -102.27035, 21.8845 ], [ -102.27058, 21.88447 ], [ -102.2716, 21.88434 ], [ -102.27161, 21.88433 ], [ -102.27221, 21.88424 ], [ -102.27242, 21.88421 ], [ -102.27249, 21.8842 ], [ -102.2725, 21.8842 ], [ -102.27263, 21.88418 ], [ -102.2727, 21.88417 ], [ -102.273, 21.88413 ], [ -102.27444, 21.88394 ], [ -102.27452, 21.88392 ], [ -102.27536, 21.8838 ], [ -102.27618, 21.88371 ], [ -102.27647, 21.88367 ], [ -102.27657, 21.88362 ], [ -102.27667, 21.88359 ], [ -102.27682, 21.88354 ], [ -102.27717, 21.8835 ], [ -102.27741, 21.88345 ], [ -102.27755, 21.88342 ], [ -102.2777, 21.88338 ], [ -102.27783, 21.88334 ], [ -102.27796, 21.88328 ], [ -102.27807, 21.88324 ], [ -102.27819, 21.88321 ], [ -102.2783, 21.88319 ], [ -102.27839, 21.88318 ], [ -102.2785, 21.88317 ], [ -102.27859, 21.88315 ], [ -102.2788, 21.88311 ], [ -102.27881, 21.88311 ], [ -102.27882, 21.88311 ], [ -102.27897, 21.88308 ], [ -102.27918, 21.88304 ], [ -102.27932, 21.88301 ], [ -102.27939, 21.883 ], [ -102.279579, 21.883017 ], [ -102.280408, 21.882932 ], [ -102.280692, 21.882895 ], [ -102.280803, 21.88297 ], [ -102.28108, 21.88337 ], [ -102.28112, 21.88344 ], [ -102.28116, 21.88351 ], [ -102.28142, 21.88424 ], [ -102.28176, 21.88513 ], [ -102.282, 21.88609 ], [ -102.28224, 21.88709 ], [ -102.28225, 21.88713 ], [ -102.28274, 21.8891 ], [ -102.28275, 21.88911 ], [ -102.28275, 21.88912 ], [ -102.28276, 21.88913 ], [ -102.28277, 21.88914 ], [ -102.28279, 21.88914 ], [ -102.2828, 21.88915 ], [ -102.28281, 21.88915 ], [ -102.28283, 21.88914 ], [ -102.28403, 21.88881 ], [ -102.28413, 21.88878 ], [ -102.28421, 21.88876 ], [ -102.28469, 21.88861 ], [ -102.28519, 21.88845 ], [ -102.28568, 21.88832 ], [ -102.28628, 21.88815 ], [ -102.28659, 21.88914 ], [ -102.28691, 21.89012 ], [ -102.28726, 21.89116 ], [ -102.28745, 21.8911 ], [ -102.28749, 21.89103 ], [ -102.28751, 21.89099 ], [ -102.28757, 21.89093 ], [ -102.28765, 21.89085 ], [ -102.28771, 21.8908 ], [ -102.28776, 21.89076 ], [ -102.2878, 21.89073 ], [ -102.2882, 21.89042 ], [ -102.28826, 21.89037 ], [ -102.28846, 21.89022 ], [ -102.28914, 21.88968 ], [ -102.28932, 21.88956 ], [ -102.28947, 21.88945 ], [ -102.2896, 21.88935 ], [ -102.28969, 21.88926 ], [ -102.29007, 21.88895 ], [ -102.29073, 21.88843 ], [ -102.29133, 21.88798 ], [ -102.2918, 21.88762 ], [ -102.29234, 21.8872 ], [ -102.29249, 21.88709 ], [ -102.29266, 21.88696 ], [ -102.29407, 21.88587 ], [ -102.29426, 21.88572 ], [ -102.29434, 21.88565 ], [ -102.29441, 21.88558 ], [ -102.29457, 21.88547 ], [ -102.29466, 21.88541 ], [ -102.29506, 21.88518 ], [ -102.29551, 21.88495 ], [ -102.29569, 21.88485 ], [ -102.29575, 21.88482 ], [ -102.29591, 21.88475 ], [ -102.2965, 21.8845 ], [ -102.29657, 21.88477 ], [ -102.29676, 21.88544 ], [ -102.29741, 21.88563 ], [ -102.29848, 21.88598 ], [ -102.29911, 21.88616 ], [ -102.29933, 21.88623 ], [ -102.29956, 21.88628 ], [ -102.29979, 21.88633 ], [ -102.29987, 21.88634 ], [ -102.29994, 21.88634 ], [ -102.30006, 21.88635 ], [ -102.30017, 21.88636 ], [ -102.30041, 21.88637 ], [ -102.30056, 21.88636 ], [ -102.3011, 21.88638 ], [ -102.30116, 21.88639 ], [ -102.30124, 21.88639 ], [ -102.30208, 21.88641 ], [ -102.30326, 21.88641 ], [ -102.30463, 21.8864 ], [ -102.30516, 21.88639 ], [ -102.30534, 21.88639 ], [ -102.30542, 21.88638 ], [ -102.3061, 21.88738 ], [ -102.30622, 21.88754 ], [ -102.30657, 21.88811 ], [ -102.30678, 21.88851 ], [ -102.3068, 21.88862 ], [ -102.30681, 21.8887 ], [ -102.30683, 21.88879 ], [ -102.30688, 21.88911 ], [ -102.30688, 21.88932 ], [ -102.30687, 21.88951 ], [ -102.30687, 21.8896 ], [ -102.30685, 21.88969 ], [ -102.30682, 21.88981 ], [ -102.30678, 21.88999 ], [ -102.30669, 21.89 ], [ -102.30667, 21.89001 ], [ -102.30665, 21.89001 ], [ -102.30661, 21.89003 ], [ -102.30655, 21.89008 ], [ -102.30639, 21.8902 ], [ -102.30677, 21.8906 ], [ -102.30715, 21.89101 ], [ -102.30725, 21.89113 ], [ -102.30746, 21.89135 ], [ -102.30791, 21.89184 ], [ -102.30829, 21.89226 ], [ -102.30865, 21.89268 ], [ -102.30901, 21.89306 ], [ -102.30907, 21.89312 ], [ -102.30935, 21.89345 ], [ -102.30941, 21.89351 ], [ -102.30976, 21.89389 ], [ -102.30981, 21.89395 ], [ -102.31013, 21.89432 ], [ -102.31042, 21.89472 ], [ -102.31053, 21.89484 ], [ -102.31062, 21.89495 ], [ -102.310777, 21.895032 ], [ -102.310893, 21.895067 ], [ -102.311024, 21.895052 ], [ -102.31116, 21.89501 ], [ -102.31133, 21.89486 ], [ -102.31154, 21.89462 ], [ -102.31173, 21.89438 ], [ -102.31195, 21.89406 ], [ -102.31218, 21.89367 ], [ -102.31229, 21.89346 ], [ -102.31245, 21.89309 ], [ -102.31254, 21.89274 ], [ -102.3126, 21.89241 ], [ -102.31264, 21.89221 ], [ -102.31265, 21.89207 ], [ -102.31265, 21.89194 ], [ -102.31266, 21.89167 ], [ -102.31267, 21.89115 ], [ -102.31266, 21.89087 ], [ -102.31265, 21.89075 ], [ -102.31263, 21.88975 ], [ -102.31262, 21.88872 ], [ -102.31259, 21.88715 ], [ -102.31258, 21.88646 ], [ -102.31258, 21.88631 ], [ -102.31257, 21.88549 ], [ -102.31255, 21.8846 ], [ -102.31255, 21.88368 ], [ -102.31253, 21.8831 ], [ -102.31254, 21.88277 ], [ -102.312578, 21.882119 ], [ -102.312498, 21.879545 ], [ -102.312186, 21.875099 ], [ -102.312085, 21.874178 ], [ -102.311696, 21.872824 ], [ -102.310766, 21.869932 ], [ -102.310598, 21.869427 ], [ -102.310412, 21.868972 ], [ -102.31022, 21.86869 ], [ -102.31019, 21.86864 ], [ -102.31003, 21.86843 ], [ -102.30976, 21.86821 ], [ -102.30965, 21.86814 ], [ -102.30957, 21.8681 ], [ -102.30953, 21.86808 ], [ -102.30933, 21.86799 ], [ -102.30895, 21.86789 ], [ -102.30931, 21.86728 ], [ -102.30948, 21.86698 ], [ -102.30969, 21.86654 ], [ -102.3099, 21.86616 ], [ -102.3102, 21.86574 ], [ -102.31042, 21.86534 ], [ -102.31065, 21.86494 ], [ -102.31091, 21.86459 ], [ -102.31115, 21.86419 ], [ -102.31138, 21.86379 ], [ -102.31161, 21.86339 ], [ -102.31183, 21.863 ], [ -102.31193, 21.86282 ], [ -102.31205, 21.86261 ], [ -102.31214, 21.86246 ], [ -102.31229, 21.86221 ], [ -102.31253, 21.86182 ], [ -102.31275, 21.86141 ], [ -102.31279, 21.86135 ], [ -102.31299, 21.86102 ], [ -102.31322, 21.86063 ], [ -102.31344, 21.86024 ], [ -102.31369, 21.85985 ], [ -102.31374, 21.85976 ], [ -102.31382, 21.85961 ], [ -102.31399, 21.85931 ], [ -102.31411, 21.85907 ], [ -102.31424, 21.85883 ], [ -102.31438, 21.8586 ], [ -102.31465, 21.85813 ], [ -102.31466, 21.85812 ], [ -102.31467, 21.8581 ], [ -102.31469, 21.85808 ], [ -102.31488, 21.85777 ], [ -102.31492, 21.85772 ], [ -102.31508, 21.85748 ], [ -102.31516, 21.85735 ], [ -102.31526, 21.85719 ], [ -102.31533, 21.85709 ], [ -102.31544, 21.85691 ], [ -102.31552, 21.85679 ], [ -102.31564, 21.8566 ], [ -102.31587, 21.85625 ], [ -102.31596, 21.85614 ], [ -102.31614, 21.85591 ], [ -102.31643, 21.85551 ], [ -102.3165, 21.85539 ], [ -102.31663, 21.8552 ], [ -102.31687, 21.85479 ], [ -102.31691, 21.8547 ], [ -102.31714, 21.85429 ], [ -102.31717, 21.85423 ], [ -102.3174, 21.85382 ], [ -102.3176, 21.85346 ], [ -102.31765, 21.85335 ], [ -102.31784, 21.85277 ], [ -102.31802, 21.85233 ], [ -102.31828, 21.85169 ], [ -102.31893, 21.85 ], [ -102.3191, 21.84955 ], [ -102.31929, 21.84911 ], [ -102.31931, 21.84904 ], [ -102.31922, 21.84901 ], [ -102.31904, 21.84896 ], [ -102.31882, 21.8489 ], [ -102.31699, 21.84859 ], [ -102.31695, 21.84868 ], [ -102.316777, 21.848968 ] ] } },
{ "type": "Feature", "properties": { "route_id": "R_28", "route_short_name": "R28", "route_long_name": "R-28", "route_km": 29.495171487873289, "n_stops": 116, "straight_line_km": 18.301066267163804, "connects_to_existing": true, "total_score": 0.087776986296843093, "pareto_rank": 4, "feasible": false, "flag": "Indirect", "detour_ratio": 1.612, "n_served_agebs": 43, "f1_demand_gain": 0.015248204446871208, "f3_equity": 0.27328751032899723 }, "geometry": { "type": "LineString", "coordinates": [ [ -102.291319, 21.834863 ], [ -102.291936, 21.834757 ], [ -102.292097, 21.834719 ], [ -102.29216, 21.834649 ], [ -102.292134, 21.834545 ], [ -102.292052, 21.834508 ], [ -102.291796, 21.834559 ], [ -102.290595, 21.834777 ], [ -102.290478, 21.8348 ], [ -102.290452, 21.834738 ], [ -102.290499, 21.834636 ], [ -102.290669, 21.83448 ], [ -102.292494, 21.834095 ], [ -102.292832, 21.834323 ], [ -102.292913, 21.834417 ], [ -102.293272, 21.834439 ], [ -102.293544, 21.834429 ], [ -102.29358, 21.834312 ], [ -102.293629, 21.834071 ], [ -102.293639, 21.832462 ], [ -102.29366, 21.832026 ], [ -102.293581, 21.831839 ], [ -102.293383, 21.831769 ], [ -102.28917, 21.83237 ], [ -102.28901, 21.83241 ], [ -102.2888, 21.83244 ], [ -102.28855, 21.83247 ], [ -102.28855, 21.83249 ], [ -102.28857, 21.83262 ], [ -102.28858, 21.83264 ], [ -102.28867, 21.83315 ], [ -102.28858, 21.83334 ], [ -102.28863, 21.83375 ], [ -102.2888, 21.83476 ], [ -102.28852, 21.83481 ], [ -102.28847, 21.83482 ], [ -102.28758, 21.83498 ], [ -102.28571, 21.83536 ], [ -102.28525, 21.83546 ], [ -102.28467, 21.83558 ], [ -102.28319, 21.83586 ], [ -102.28261, 21.83598 ], [ -102.28193, 21.83612 ], [ -102.28121, 21.83627 ], [ -102.28073, 21.83637 ], [ -102.28024, 21.83647 ], [ -102.28003, 21.83652 ], [ -102.28006, 21.83673 ], [ -102.28012, 21.83791 ], [ -102.28013, 21.8385 ], [ -102.28013, 21.83864 ], [ -102.2801, 21.84188 ], [ -102.28009, 21.84257 ], [ -102.2801, 21.84265 ], [ -102.2802, 21.84329 ], [ -102.28032, 21.84395 ], [ -102.28052, 21.84515 ], [ -102.28059, 21.84559 ], [ -102.28074, 21.84645 ], [ -102.28076, 21.8466 ], [ -102.28081, 21.84685 ], [ -102.28096, 21.8476 ], [ -102.28106, 21.84813 ], [ -102.28114, 21.84855 ], [ -102.28138, 21.84991 ], [ -102.28141, 21.85007 ], [ -102.28156, 21.85085 ], [ -102.28158, 21.85097 ], [ -102.28166, 21.85159 ], [ -102.28186, 21.85294 ], [ -102.28199, 21.85372 ], [ -102.28207, 21.85421 ], [ -102.28221, 21.85492 ], [ -102.28236, 21.85578 ], [ -102.28238, 21.8559 ], [ -102.28274, 21.85785 ], [ -102.28274, 21.85831 ], [ -102.28273, 21.85896 ], [ -102.28273, 21.85914 ], [ -102.28272, 21.85962 ], [ -102.28272, 21.85978 ], [ -102.28271, 21.86004 ], [ -102.2827, 21.86019 ], [ -102.28267, 21.8615 ], [ -102.28266, 21.86173 ], [ -102.28264, 21.86253 ], [ -102.28239, 21.8647 ], [ -102.28233, 21.86513 ], [ -102.2823, 21.86545 ], [ -102.28227, 21.86565 ], [ -102.28223, 21.86579 ], [ -102.28217, 21.86594 ], [ -102.28209, 21.86615 ], [ -102.28194, 21.86647 ], [ -102.28185, 21.86663 ], [ -102.28178, 21.86681 ], [ -102.28177, 21.86685 ], [ -102.28177, 21.86688 ], [ -102.28176, 21.86693 ], [ -102.28176, 21.86697 ], [ -102.28176, 21.86703 ], [ -102.28176, 21.86708 ], [ -102.28177, 21.86714 ], [ -102.28181, 21.86787 ], [ -102.28185, 21.86861 ], [ -102.28185, 21.86868 ], [ -102.28184, 21.86935 ], [ -102.28182, 21.86976 ], [ -102.28178, 21.87048 ], [ -102.28177, 21.87057 ], [ -102.28176, 21.87076 ], [ -102.28175, 21.87085 ], [ -102.28174, 21.87107 ], [ -102.28173, 21.87121 ], [ -102.28164, 21.8726 ], [ -102.28163, 21.8727 ], [ -102.28157, 21.87348 ], [ -102.28156, 21.87359 ], [ -102.28154, 21.87418 ], [ -102.28151, 21.87465 ], [ -102.28149, 21.87491 ], [ -102.28147, 21.87512 ], [ -102.28146, 21.87543 ], [ -102.28144, 21.87582 ], [ -102.28141, 21.87626 ], [ -102.28139, 21.87664 ], [ -102.28138, 21.87673 ], [ -102.28136, 21.8771 ], [ -102.28135, 21.87719 ], [ -102.28129, 21.87811 ], [ -102.28126, 21.87844 ], [ -102.28124, 21.87846 ], [ -102.28122, 21.87847 ], [ -102.28121, 21.87847 ], [ -102.2812, 21.87848 ], [ -102.28119, 21.87849 ], [ -102.28118, 21.8785 ], [ -102.28117, 21.87852 ], [ -102.28116, 21.87853 ], [ -102.28115, 21.87854 ], [ -102.28115, 21.87855 ], [ -102.28114, 21.87857 ], [ -102.28113, 21.87859 ], [ -102.28113, 21.8786 ], [ -102.28113, 21.87862 ], [ -102.28113, 21.87863 ], [ -102.28113, 21.87864 ], [ -102.28114, 21.87866 ], [ -102.28114, 21.87867 ], [ -102.28115, 21.87869 ], [ -102.28115, 21.8787 ], [ -102.28116, 21.87872 ], [ -102.28117, 21.87873 ], [ -102.28118, 21.87874 ], [ -102.28119, 21.87875 ], [ -102.2812, 21.87876 ], [ -102.28122, 21.87877 ], [ -102.28123, 21.87877 ], [ -102.28124, 21.87878 ], [ -102.28126, 21.87879 ], [ -102.28127, 21.87879 ], [ -102.28129, 21.8788 ], [ -102.2813, 21.8788 ], [ -102.28132, 21.8788 ], [ -102.28133, 21.8788 ], [ -102.28135, 21.8788 ], [ -102.28136, 21.8788 ], [ -102.28138, 21.87879 ], [ -102.2814, 21.87878 ], [ -102.28148, 21.87893 ], [ -102.28149, 21.87894 ], [ -102.2815, 21.87896 ], [ -102.28162, 21.8794 ], [ -102.28176, 21.87993 ], [ -102.28187, 21.88034 ], [ -102.2821, 21.88121 ], [ -102.28212, 21.8813 ], [ -102.28224, 21.88256 ], [ -102.28226, 21.88267 ], [ -102.28237, 21.88265 ], [ -102.28258, 21.88263 ], [ -102.2829, 21.88257 ], [ -102.2837, 21.88247 ], [ -102.28404, 21.88243 ], [ -102.28405, 21.88244 ], [ -102.28405, 21.88245 ], [ -102.28405, 21.88246 ], [ -102.28406, 21.88246 ], [ -102.28406, 21.88247 ], [ -102.28406, 21.88248 ], [ -102.28407, 21.88248 ], [ -102.28407, 21.88249 ], [ -102.28408, 21.8825 ], [ -102.28409, 21.88251 ], [ -102.2841, 21.88252 ], [ -102.28411, 21.88253 ], [ -102.28412, 21.88253 ], [ -102.28413, 21.88254 ], [ -102.28414, 21.88254 ], [ -102.2842, 21.88257 ], [ -102.28422, 21.88258 ], [ -102.28424, 21.88259 ], [ -102.28425, 21.88259 ], [ -102.28426, 21.88259 ], [ -102.28427, 21.88259 ], [ -102.28428, 21.8826 ], [ -102.2843, 21.8826 ], [ -102.28483, 21.88333 ], [ -102.28515, 21.88376 ], [ -102.28539, 21.88408 ], [ -102.28552, 21.88426 ], [ -102.28564, 21.8844 ], [ -102.28592, 21.88477 ], [ -102.2865, 21.88549 ], [ -102.28662, 21.88545 ], [ -102.28668, 21.88543 ], [ -102.28681, 21.88537 ], [ -102.28688, 21.88535 ], [ -102.28706, 21.8853 ], [ -102.28764, 21.88516 ], [ -102.28753, 21.88482 ], [ -102.28748, 21.88468 ], [ -102.28723, 21.88397 ], [ -102.2871, 21.88358 ], [ -102.28768, 21.88343 ], [ -102.2886, 21.88315 ], [ -102.28947, 21.88289 ], [ -102.29027, 21.88265 ], [ -102.29035, 21.88283 ], [ -102.29046, 21.88302 ], [ -102.29053, 21.88318 ], [ -102.29064, 21.8834 ], [ -102.29079, 21.88359 ], [ -102.29119, 21.88444 ], [ -102.29148, 21.88499 ], [ -102.29149, 21.88501 ], [ -102.29149, 21.88506 ], [ -102.29149, 21.88526 ], [ -102.29148, 21.88537 ], [ -102.29149, 21.88541 ], [ -102.29189, 21.88612 ], [ -102.29196, 21.88624 ], [ -102.29226, 21.88673 ], [ -102.29242, 21.88699 ], [ -102.29249, 21.88709 ], [ -102.29266, 21.88696 ], [ -102.29407, 21.88587 ], [ -102.29426, 21.88572 ], [ -102.29434, 21.88565 ], [ -102.29441, 21.88558 ], [ -102.29457, 21.88547 ], [ -102.29466, 21.88541 ], [ -102.29506, 21.88518 ], [ -102.29551, 21.88495 ], [ -102.29569, 21.88485 ], [ -102.29575, 21.88482 ], [ -102.29591, 21.88475 ], [ -102.2965, 21.8845 ], [ -102.29657, 21.88477 ], [ -102.29676, 21.88544 ], [ -102.29741, 21.88563 ], [ -102.29848, 21.88598 ], [ -102.29911, 21.88616 ], [ -102.29933, 21.88623 ], [ -102.29956, 21.88628 ], [ -102.29979, 21.88633 ], [ -102.29987, 21.88634 ], [ -102.29994, 21.88634 ], [ -102.30006, 21.88635 ], [ -102.30017, 21.88636 ], [ -102.30041, 21.88637 ], [ -102.30056, 21.88636 ], [ -102.3011, 21.88638 ], [ -102.30116, 21.88639 ], [ -102.30124, 21.88639 ], [ -102.30208, 21.88641 ], [ -102.30326, 21.88641 ], [ -102.30463, 21.8864 ], [ -102.30516, 21.88639 ], [ -102.30534, 21.88639 ], [ -102.30542, 21.88638 ], [ -102.3061, 21.88738 ], [ -102.30622, 21.88754 ], [ -102.30657, 21.88811 ], [ -102.30678, 21.88851 ], [ -102.3068, 21.88862 ], [ -102.30681, 21.8887 ], [ -102.30683, 21.88879 ], [ -102.30688, 21.88911 ], [ -102.30688, 21.88932 ], [ -102.30687, 21.88951 ], [ -102.30687, 21.8896 ], [ -102.30685, 21.88969 ], [ -102.30682, 21.88981 ], [ -102.30678, 21.88999 ], [ -102.30669, 21.89 ], [ -102.30667, 21.89001 ], [ -102.30665, 21.89001 ], [ -102.30661, 21.89003 ], [ -102.30655, 21.89008 ], [ -102.30639, 21.8902 ], [ -102.30677, 21.8906 ], [ -102.30715, 21.89101 ], [ -102.30725, 21.89113 ], [ -102.30746, 21.89135 ], [ -102.30754, 21.89143 ], [ -102.30791, 21.89184 ], [ -102.30829, 21.89226 ], [ -102.30865, 21.89268 ], [ -102.30901, 21.89306 ], [ -102.30907, 21.89312 ], [ -102.30935, 21.89345 ], [ -102.30941, 21.89351 ], [ -102.30976, 21.89389 ], [ -102.30981, 21.89395 ], [ -102.31013, 21.89432 ], [ -102.31042, 21.89472 ], [ -102.31053, 21.89484 ], [ -102.31062, 21.89495 ], [ -102.31079, 21.89514 ], [ -102.31089, 21.89523 ], [ -102.3111, 21.89548 ], [ -102.31135, 21.89581 ], [ -102.3114, 21.89587 ], [ -102.31164, 21.89619 ], [ -102.31179, 21.89639 ], [ -102.31181, 21.89642 ], [ -102.31202, 21.89673 ], [ -102.31217, 21.89696 ], [ -102.31227, 21.89711 ], [ -102.31255, 21.8975 ], [ -102.3127, 21.8977 ], [ -102.31283, 21.89791 ], [ -102.31338, 21.89872 ], [ -102.3135, 21.8989 ], [ -102.3139, 21.89949 ], [ -102.31407, 21.89974 ], [ -102.31415, 21.89986 ], [ -102.31419, 21.89993 ], [ -102.314274, 21.900035 ], [ -102.314378, 21.900068 ], [ -102.314501, 21.900063 ], [ -102.314604, 21.899989 ], [ -102.315291, 21.899593 ], [ -102.315995, 21.899235 ], [ -102.316467, 21.89895 ], [ -102.316661, 21.898835 ], [ -102.316748, 21.898805 ], [ -102.316878, 21.898795 ], [ -102.316945, 21.898864 ], [ -102.316984, 21.899033 ], [ -102.316723, 21.900458 ], [ -102.31653, 21.901335 ], [ -102.316321, 21.902252 ], [ -102.31623, 21.90257 ], [ -102.31619, 21.90277 ], [ -102.31615, 21.90319 ], [ -102.31615, 21.90327 ], [ -102.31614, 21.90349 ], [ -102.3162, 21.90417 ], [ -102.31624, 21.90438 ], [ -102.3163, 21.90466 ], [ -102.31632, 21.90478 ], [ -102.31672, 21.90669 ], [ -102.31681, 21.90718 ], [ -102.31682, 21.90726 ], [ -102.31703, 21.90826 ], [ -102.3171, 21.90862 ], [ -102.3172, 21.90916 ], [ -102.31725, 21.90946 ], [ -102.31729, 21.90958 ], [ -102.31748, 21.90958 ], [ -102.31773, 21.90958 ], [ -102.31774, 21.90958 ], [ -102.31782, 21.90958 ], [ -102.31796, 21.90959 ], [ -102.31812, 21.9096 ], [ -102.31818, 21.9096 ], [ -102.31829, 21.9096 ], [ -102.31839, 21.9096 ], [ -102.31952, 21.90965 ], [ -102.32003, 21.90966 ], [ -102.32048, 21.90966 ], [ -102.32058, 21.90966 ], [ -102.32061, 21.90966 ], [ -102.32129, 21.90967 ], [ -102.32221, 21.9097 ], [ -102.32242, 21.9097 ], [ -102.32255, 21.90971 ], [ -102.32268, 21.90971 ], [ -102.32444, 21.90977 ], [ -102.32485, 21.90979 ], [ -102.32525, 21.9098 ], [ -102.32529, 21.90981 ], [ -102.32537, 21.90981 ], [ -102.32586, 21.90983 ], [ -102.32611, 21.90984 ], [ -102.32766, 21.90987 ], [ -102.32825, 21.90988 ], [ -102.32854, 21.90988 ], [ -102.32872, 21.90994 ], [ -102.32874, 21.90995 ], [ -102.32879, 21.90997 ], [ -102.32888, 21.91 ], [ -102.32888, 21.91004 ], [ -102.32898, 21.91053 ], [ -102.32921, 21.91151 ], [ -102.32932, 21.91204 ], [ -102.32947, 21.91255 ], [ -102.32963, 21.913 ], [ -102.32988, 21.91361 ], [ -102.33013, 21.91422 ], [ -102.33023, 21.91446 ], [ -102.33028, 21.91459 ], [ -102.33032, 21.91467 ], [ -102.33036, 21.91475 ], [ -102.33041, 21.91483 ], [ -102.33046, 21.9149 ], [ -102.33048, 21.91493 ], [ -102.33051, 21.91498 ], [ -102.33057, 21.91503 ], [ -102.33065, 21.91507 ], [ -102.33074, 21.91513 ], [ -102.33082, 21.91517 ], [ -102.33088, 21.91521 ], [ -102.33121, 21.91533 ], [ -102.33137, 21.91538 ], [ -102.33166, 21.91548 ], [ -102.33171, 21.91549 ], [ -102.33176, 21.91551 ], [ -102.33226, 21.9157 ], [ -102.33237, 21.91576 ], [ -102.33239, 21.91577 ], [ -102.33254, 21.91587 ], [ -102.33268, 21.91597 ], [ -102.33279, 21.91608 ], [ -102.33285, 21.91616 ], [ -102.33322, 21.91673 ], [ -102.33335, 21.91694 ], [ -102.33362, 21.91739 ], [ -102.33392, 21.91787 ], [ -102.33406, 21.91808 ], [ -102.33432, 21.91844 ], [ -102.33437, 21.91852 ], [ -102.3344, 21.91855 ], [ -102.33447, 21.91862 ], [ -102.33456, 21.91869 ], [ -102.33462, 21.91875 ], [ -102.33464, 21.91876 ], [ -102.33468, 21.91878 ], [ -102.33513, 21.91951 ], [ -102.33535, 21.91984 ], [ -102.33583, 21.92071 ], [ -102.33616, 21.92129 ], [ -102.33645, 21.92184 ], [ -102.33694, 21.92269 ], [ -102.33701, 21.92281 ], [ -102.3372, 21.92315 ], [ -102.33719, 21.92322 ], [ -102.33721, 21.92328 ], [ -102.33729, 21.92343 ], [ -102.33737, 21.92362 ], [ -102.33743, 21.92372 ], [ -102.33746, 21.92383 ], [ -102.33753, 21.92403 ], [ -102.33767, 21.92435 ], [ -102.33773, 21.92453 ], [ -102.33782, 21.92475 ], [ -102.33786, 21.92483 ], [ -102.33811, 21.92543 ], [ -102.3384, 21.9261 ], [ -102.3386, 21.92658 ], [ -102.33883, 21.92719 ], [ -102.33899, 21.92758 ], [ -102.33905, 21.92773 ], [ -102.33912, 21.92795 ], [ -102.33917, 21.92807 ], [ -102.33922, 21.92822 ], [ -102.33949, 21.92893 ], [ -102.33975, 21.92964 ], [ -102.34014, 21.93065 ], [ -102.34018, 21.93077 ], [ -102.3403, 21.93106 ], [ -102.34062, 21.93188 ], [ -102.34077, 21.93227 ], [ -102.34086, 21.9325 ], [ -102.34096, 21.93276 ], [ -102.34097, 21.9328 ], [ -102.34104, 21.93302 ], [ -102.3411, 21.93321 ], [ -102.34113, 21.93332 ], [ -102.34115, 21.93345 ], [ -102.3412, 21.93364 ], [ -102.34123, 21.93382 ], [ -102.34127, 21.93404 ], [ -102.34142, 21.935 ], [ -102.34147, 21.93534 ], [ -102.34154, 21.93564 ], [ -102.34154, 21.93567 ], [ -102.34158, 21.93594 ], [ -102.34163, 21.93626 ], [ -102.34174, 21.93689 ], [ -102.34187, 21.93761 ], [ -102.34195, 21.93805 ], [ -102.34203, 21.93867 ], [ -102.34205, 21.93885 ], [ -102.34207, 21.93898 ], [ -102.34211, 21.9391 ], [ -102.34213, 21.93915 ], [ -102.34214, 21.93917 ], [ -102.34218, 21.9392 ], [ -102.3424, 21.9405 ], [ -102.34257, 21.9416 ], [ -102.34257, 21.94161 ], [ -102.34258, 21.94166 ], [ -102.34281, 21.9432 ], [ -102.34282, 21.94328 ], [ -102.34286, 21.94342 ], [ -102.34287, 21.94349 ], [ -102.34302, 21.94442 ], [ -102.34318, 21.94533 ], [ -102.34322, 21.94557 ], [ -102.34322, 21.94569 ], [ -102.34319, 21.94582 ], [ -102.34318, 21.94586 ], [ -102.34328, 21.94658 ], [ -102.34335, 21.94729 ], [ -102.34336, 21.94742 ], [ -102.34336, 21.94747 ], [ -102.34339, 21.94774 ], [ -102.34342, 21.94805 ], [ -102.34343, 21.9481 ], [ -102.34346, 21.9485 ], [ -102.34346, 21.94855 ], [ -102.34359, 21.94978 ], [ -102.34359, 21.94985 ], [ -102.34361, 21.9501 ], [ -102.34362, 21.95044 ], [ -102.34363, 21.95056 ], [ -102.34363, 21.9507 ], [ -102.34362, 21.9509 ], [ -102.34362, 21.95104 ], [ -102.3436, 21.95129 ], [ -102.34355, 21.95175 ], [ -102.34341, 21.95215 ], [ -102.343226, 21.952733 ], [ -102.34323, 21.952933 ], [ -102.34328, 21.952999 ], [ -102.34338, 21.95305 ], [ -102.34375, 21.95296 ], [ -102.34458, 21.95276 ], [ -102.3451, 21.95264 ], [ -102.34521, 21.95261 ], [ -102.34571, 21.95249 ], [ -102.34615, 21.95239 ], [ -102.34634, 21.95234 ], [ -102.3464, 21.95233 ], [ -102.34668, 21.95227 ], [ -102.34711, 21.95216 ], [ -102.347373, 21.95208 ], [ -102.347481, 21.951924 ], [ -102.34758, 21.951652 ], [ -102.347685, 21.951413 ], [ -102.347811, 21.951077 ], [ -102.347898, 21.95081 ], [ -102.348028, 21.950436 ], [ -102.348188, 21.95011 ], [ -102.348553, 21.949452 ], [ -102.348694, 21.949033 ], [ -102.3488, 21.94859 ], [ -102.34883, 21.9485 ], [ -102.34894, 21.9481 ], [ -102.34907, 21.94772 ], [ -102.3492, 21.94734 ], [ -102.3492, 21.94732 ], [ -102.34933, 21.94696 ], [ -102.34947, 21.94658 ], [ -102.35041, 21.94657 ], [ -102.3504, 21.94694 ], [ -102.35039, 21.94732 ], [ -102.35037, 21.9477 ], [ -102.35036, 21.94811 ], [ -102.35034, 21.94848 ], [ -102.35031, 21.94929 ], [ -102.34878, 21.949121 ], [ -102.348616, 21.949132 ], [ -102.348476, 21.949494 ], [ -102.348212, 21.949968 ], [ -102.348005, 21.95036 ], [ -102.347875, 21.950702 ], [ -102.347806, 21.950921 ], [ -102.347745, 21.951095 ], [ -102.34756, 21.951585 ], [ -102.347469, 21.951839 ], [ -102.34664, 21.95197 ], [ -102.34644, 21.95201 ], [ -102.34599, 21.95209 ], [ -102.34552, 21.9522 ], [ -102.34505, 21.9523 ], [ -102.34446, 21.95243 ], [ -102.34356, 21.95269 ], [ -102.34344, 21.95274 ], [ -102.34339, 21.95277 ], [ -102.343, 21.95292 ], [ -102.34294, 21.95293 ], [ -102.34284, 21.95293 ], [ -102.34113, 21.95306 ], [ -102.34092, 21.95308 ], [ -102.34034, 21.95312 ], [ -102.33966, 21.95319 ], [ -102.33959, 21.9532 ], [ -102.33946, 21.9532 ], [ -102.33933, 21.95323 ], [ -102.33927, 21.95324 ], [ -102.33903, 21.95327 ], [ -102.33864, 21.95351 ], [ -102.33858, 21.95356 ], [ -102.33844, 21.95371 ], [ -102.33826, 21.95388 ], [ -102.33826, 21.95389 ], [ -102.33817, 21.95407 ], [ -102.33812, 21.95419 ], [ -102.33807, 21.95428 ], [ -102.33797, 21.9547 ], [ -102.33793, 21.95486 ], [ -102.33798, 21.95491 ], [ -102.338, 21.95492 ], [ -102.338, 21.95493 ], [ -102.33813, 21.95507 ], [ -102.33814, 21.95508 ], [ -102.3383, 21.95522 ], [ -102.33863, 21.9555 ], [ -102.33898, 21.95579 ], [ -102.33918, 21.95597 ], [ -102.33936, 21.95612 ], [ -102.33959, 21.95632 ], [ -102.33981, 21.95651 ], [ -102.34002, 21.95669 ], [ -102.34038, 21.95699 ], [ -102.34071, 21.95727 ], [ -102.34073, 21.95728 ], [ -102.34099, 21.95751 ], [ -102.34109, 21.95758 ], [ -102.3413, 21.95776 ], [ -102.34169, 21.95807 ], [ -102.34211, 21.95842 ], [ -102.34231, 21.95859 ], [ -102.34261, 21.95889 ], [ -102.34267, 21.95897 ], [ -102.34275, 21.95907 ], [ -102.34286, 21.95924 ], [ -102.34295, 21.95942 ], [ -102.34307, 21.9597 ], [ -102.34312, 21.95987 ], [ -102.34313, 21.95997 ], [ -102.34313, 21.96008 ], [ -102.3431, 21.96024 ], [ -102.343, 21.96058 ], [ -102.34275, 21.96149 ], [ -102.34247, 21.96231 ], [ -102.34213, 21.96313 ], [ -102.34192, 21.96368 ], [ -102.34163, 21.96432 ], [ -102.34122, 21.96521 ], [ -102.340668, 21.966273 ], [ -102.340004, 21.967348 ], [ -102.338373, 21.970032 ], [ -102.33742, 21.971499 ], [ -102.337336, 21.971623 ], [ -102.337318, 21.971698 ], [ -102.337362, 21.971752 ], [ -102.339223, 21.972909 ], [ -102.339233, 21.972931 ], [ -102.339546, 21.973148 ], [ -102.339661, 21.973307 ], [ -102.339667, 21.973511 ], [ -102.338862, 21.976004 ], [ -102.337739, 21.979525 ], [ -102.336206, 21.984194 ], [ -102.334411, 21.989807 ], [ -102.334307, 21.99015 ], [ -102.334309, 21.990265 ], [ -102.334362, 21.990312 ], [ -102.334532, 21.990352 ], [ -102.334842, 21.990374 ], [ -102.336624, 21.990532 ], [ -102.336772, 21.990573 ], [ -102.336972, 21.990686 ], [ -102.337075, 21.990761 ], [ -102.337222, 21.990792 ], [ -102.337346, 21.990746 ], [ -102.337439, 21.990699 ], [ -102.33745, 21.990696 ], [ -102.337549, 21.990682 ], [ -102.339366, 21.990333 ], [ -102.340961, 21.989998 ], [ -102.341067, 21.990012 ], [ -102.341197, 21.990034 ], [ -102.341274, 21.989968 ], [ -102.341322, 21.989902 ], [ -102.341434, 21.989862 ], [ -102.341691, 21.989806 ], [ -102.341816, 21.989755 ], [ -102.341856, 21.989735 ], [ -102.342299, 21.989794 ], [ -102.342683, 21.989851 ], [ -102.345103, 21.989981 ] ] } },
{ "type": "Feature", "properties": { "route_id": "R_29", "route_short_name": "R29", "route_long_name": "R-29", "route_km": 17.409469956360422, "n_stops": 70, "straight_line_km": 7.6620176544969363, "connects_to_existing": true, "total_score": 0.17806732796238239, "pareto_rank": 3, "feasible": false, "flag": "Indirect", "detour_ratio": 2.272, "n_served_agebs": 32, "f1_demand_gain": 0.0065126894525339412, "f3_equity": 0.2665342192514078 }, "geometry": { "type": "LineString", "coordinates": [ [ -102.2513979, 21.831882519999976 ], [ -102.2512307, 21.83217822 ], [ -102.2509945, 21.83228353 ], [ -102.2508295, 21.83234367 ], [ -102.2507162, 21.83254318 ], [ -102.250537, 21.83282224 ], [ -102.2503989, 21.833001990000014 ], [ -102.2502275, 21.8332745 ], [ -102.2499906, 21.83380053 ], [ -102.2498788, 21.833964750000018 ], [ -102.249604, 21.834360190000019 ], [ -102.2495122, 21.834625320000018 ], [ -102.2493913, 21.834990799999989 ], [ -102.2493111, 21.83529540000001 ], [ -102.2492153, 21.83565543000001 ], [ -102.2491334, 21.83587412 ], [ -102.2490562, 21.835997310000014 ], [ -102.2490054, 21.83627362 ], [ -102.2490042, 21.836286669999986 ], [ -102.249019, 21.836535420000011 ], [ -102.2490968, 21.83675187 ], [ -102.2491428, 21.83687048 ], [ -102.2490169, 21.838522720000018 ], [ -102.2489812, 21.8391007 ], [ -102.2489703, 21.839343089999979 ], [ -102.24897, 21.8395 ], [ -102.24894, 21.83967 ], [ -102.24895, 21.83991 ], [ -102.24899, 21.84007 ], [ -102.24904, 21.84021 ], [ -102.24911, 21.84036 ], [ -102.24923, 21.84055 ], [ -102.2493385, 21.84065306 ], [ -102.2494785, 21.84079798 ], [ -102.249576, 21.84089248 ], [ -102.2500607, 21.84119476 ], [ -102.2505124, 21.841450419999987 ], [ -102.2508424, 21.841646290000035 ], [ -102.2510116, 21.841684760000025 ], [ -102.2511301, 21.84167485 ], [ -102.2512185, 21.841616500000026 ], [ -102.2513338, 21.84143015 ], [ -102.2516511, 21.841060449999986 ], [ -102.251923100000013, 21.84081754000001 ], [ -102.2522097, 21.8405958 ], [ -102.2526598, 21.840318260000025 ], [ -102.2530299, 21.84013556 ], [ -102.2534405, 21.839987249999986 ], [ -102.2538877, 21.83985648 ], [ -102.2540153, 21.83977921 ], [ -102.2540408, 21.839719250000027 ], [ -102.2540153, 21.83968452 ], [ -102.2539643, 21.839687650000013 ], [ -102.253872500000014, 21.839719170000031 ], [ -102.2537398, 21.839755399999987 ], [ -102.2532718, 21.839892469999985 ], [ -102.2527771, 21.840100779999986 ], [ -102.2521816, 21.84043961 ], [ -102.2518073, 21.840732089999985 ], [ -102.2515264, 21.84100883 ], [ -102.2512372, 21.841357470000013 ], [ -102.2511776, 21.841444239999984 ], [ -102.251116, 21.841537850000012 ], [ -102.2510364, 21.84161462000003 ], [ -102.2509446, 21.841594239999978 ], [ -102.2504962, 21.841328510000018 ], [ -102.2499614, 21.841014340000029 ], [ -102.249675900000014, 21.840889510000014 ], [ -102.2495535, 21.84081212 ], [ -102.2494345, 21.84081206 ], [ -102.2493495, 21.840897240000036 ], [ -102.2490921, 21.84131525 ], [ -102.2490223, 21.841425690000015 ], [ -102.24888, 21.84164 ], [ -102.24842, 21.84232 ], [ -102.24794, 21.84304 ], [ -102.24778, 21.84326 ], [ -102.2477, 21.84337 ], [ -102.2476189, 21.84346844 ], [ -102.24753, 21.84358 ], [ -102.2474481, 21.843660089999982 ], [ -102.2473706, 21.8437448 ], [ -102.247313, 21.84381846 ], [ -102.2472594, 21.843884759999966 ], [ -102.2471303, 21.844076290000011 ], [ -102.247048, 21.84421565000001 ], [ -102.246981500000018, 21.84431954 ], [ -102.2469128, 21.844444379999963 ], [ -102.2467916, 21.8446396 ], [ -102.24662, 21.84492 ], [ -102.24661, 21.84494 ], [ -102.24639, 21.84531 ], [ -102.24619, 21.84564 ], [ -102.24575, 21.84636 ], [ -102.24541, 21.8469 ], [ -102.245332, 21.846980110000018 ], [ -102.2452847, 21.847011739999985 ], [ -102.2451903, 21.847036039999988 ], [ -102.2451247, 21.84705792 ], [ -102.2450862, 21.84708417 ], [ -102.2450512, 21.847141979999989 ], [ -102.245019, 21.8472006 ], [ -102.2449309, 21.84731635 ], [ -102.2445314, 21.84785241 ], [ -102.2439453, 21.84871265 ], [ -102.2432313, 21.84974631 ], [ -102.2430095, 21.85008935 ], [ -102.2429514, 21.850181150000026 ], [ -102.2429406, 21.85024302 ], [ -102.2429492, 21.850292920000015 ], [ -102.2430761, 21.850360800000011 ], [ -102.24339, 21.85046863 ], [ -102.24386, 21.85063 ], [ -102.24406, 21.85067 ], [ -102.24423, 21.8507 ], [ -102.24436, 21.85069 ], [ -102.24456, 21.85067 ], [ -102.24487, 21.85057 ], [ -102.24503, 21.85049 ], [ -102.24517, 21.85045 ], [ -102.24535, 21.85038 ], [ -102.24549, 21.85031 ], [ -102.24565, 21.85023 ], [ -102.24578, 21.85018 ], [ -102.24605, 21.8501 ], [ -102.24644, 21.84994 ], [ -102.24652, 21.84991 ], [ -102.24664, 21.84988 ], [ -102.24713, 21.84975 ], [ -102.24749, 21.84966 ], [ -102.24791, 21.84955 ], [ -102.24798, 21.84953 ], [ -102.24802, 21.84952 ], [ -102.24809, 21.84952 ], [ -102.2482, 21.84951 ], [ -102.24833, 21.8495 ], [ -102.24854, 21.84952 ], [ -102.24868, 21.84953 ], [ -102.24873, 21.84954 ], [ -102.24913, 21.84963 ], [ -102.24925, 21.84966 ], [ -102.24972, 21.84977 ], [ -102.24997, 21.84981 ], [ -102.25015, 21.84983 ], [ -102.25056, 21.84985 ], [ -102.25082, 21.84987 ], [ -102.25098, 21.84988 ], [ -102.25135, 21.84989 ], [ -102.2514, 21.8499 ], [ -102.25185, 21.84994 ], [ -102.25214, 21.84996 ], [ -102.25227, 21.84996 ], [ -102.25266, 21.85 ], [ -102.25301, 21.85002 ], [ -102.25326, 21.85008 ], [ -102.25343, 21.85014 ], [ -102.25357, 21.85022 ], [ -102.25375, 21.85032 ], [ -102.25404, 21.85051 ], [ -102.25415, 21.85058 ], [ -102.25453, 21.85082 ], [ -102.25495, 21.8511 ], [ -102.25537, 21.85139 ], [ -102.25572, 21.85149 ], [ -102.2558, 21.85154 ], [ -102.25587, 21.85161 ], [ -102.25592, 21.85166 ], [ -102.25596, 21.85172 ], [ -102.25599, 21.85179 ], [ -102.25604, 21.85215 ], [ -102.25607, 21.85224 ], [ -102.25616, 21.85256 ], [ -102.25629, 21.85298 ], [ -102.25639, 21.85337 ], [ -102.25651, 21.85378 ], [ -102.2566, 21.8542 ], [ -102.25669, 21.85448 ], [ -102.25673, 21.85461 ], [ -102.25685, 21.85501 ], [ -102.25687, 21.85509 ], [ -102.25691, 21.85521 ], [ -102.25694, 21.85532 ], [ -102.25705, 21.85575 ], [ -102.25717, 21.85615 ], [ -102.25728, 21.85655 ], [ -102.25739, 21.85696 ], [ -102.25749, 21.8574 ], [ -102.25761, 21.8578 ], [ -102.25782, 21.85849 ], [ -102.25785, 21.8586 ], [ -102.258005, 21.859200059999964 ], [ -102.2581322, 21.85983114 ], [ -102.2581726, 21.859984849999972 ], [ -102.2582032, 21.86006251 ], [ -102.2584479, 21.86103017 ], [ -102.2586996, 21.862380210000023 ], [ -102.2586784, 21.86242897 ], [ -102.258618400000017, 21.862426 ], [ -102.258537600000011, 21.862378619999987 ], [ -102.2584283, 21.86225642 ], [ -102.2582148, 21.862024379999987 ], [ -102.2579046, 21.86174086 ], [ -102.2576519, 21.861505500000032 ], [ -102.2575715, 21.861447549999976 ], [ -102.2573652, 21.8614366 ], [ -102.2565688, 21.861434 ], [ -102.2565296, 21.86146789 ], [ -102.2565042, 21.86150989 ], [ -102.2565061, 21.861518900000021 ], [ -102.2565232, 21.86167452 ], [ -102.2565467, 21.861788780000012 ], [ -102.2568825, 21.86286895 ], [ -102.2570376, 21.863442809999974 ], [ -102.2570213, 21.86360621 ], [ -102.2568816, 21.863849010000028 ], [ -102.2562623, 21.864855840000011 ], [ -102.256169900000017, 21.86501055 ], [ -102.256084700000017, 21.86510469 ], [ -102.2559793, 21.86518027 ], [ -102.2554845, 21.86533446 ], [ -102.2551809, 21.86541088 ], [ -102.255124, 21.865548950000015 ], [ -102.2551581, 21.865658849999953 ], [ -102.2552269, 21.865846639999969 ], [ -102.255504, 21.86683659 ], [ -102.2555712, 21.867019499999984 ], [ -102.2556579, 21.86707691 ], [ -102.2560912, 21.86707056000002 ], [ -102.2562829, 21.86704131 ], [ -102.2565079, 21.86698515 ], [ -102.256722, 21.86691084 ], [ -102.2569698, 21.866800380000033 ], [ -102.2571806, 21.866649379999984 ], [ -102.2573919, 21.866471 ], [ -102.2575838, 21.86627207 ], [ -102.2577838, 21.86607054 ], [ -102.2580201, 21.865855499999988 ], [ -102.25826, 21.865599020000026 ], [ -102.2584306, 21.86542838 ], [ -102.2585776, 21.865255620000021 ], [ -102.2586548, 21.865142320000018 ], [ -102.2587516, 21.86499120000002 ], [ -102.2588345, 21.86482358 ], [ -102.2588992, 21.8646758 ], [ -102.258948, 21.864502499999961 ], [ -102.258990900000015, 21.86428943 ], [ -102.2590071, 21.864177189999971 ], [ -102.2590306, 21.863859630000011 ], [ -102.25901540000001, 21.863631839999989 ], [ -102.2589746, 21.863398339999986 ], [ -102.2589377, 21.86318888 ], [ -102.2589107, 21.863042889999985 ], [ -102.2588762, 21.862863990000012 ], [ -102.2587987, 21.86267712 ], [ -102.258731, 21.86228825 ], [ -102.2585397, 21.86123581 ], [ -102.2584338, 21.86078596 ], [ -102.2584045, 21.86060607 ], [ -102.2583302, 21.86033767 ], [ -102.2582723, 21.86007483 ], [ -102.2582067, 21.859796670000037 ], [ -102.258154, 21.85970286 ], [ -102.2580179, 21.85966001 ], [ -102.2574195, 21.859641870000036 ], [ -102.2572181, 21.859632390000051 ], [ -102.2567099, 21.859648119999985 ], [ -102.2565493, 21.8596643 ], [ -102.2562245, 21.859714570000026 ], [ -102.2556784, 21.85982992 ], [ -102.2552061, 21.85999737 ], [ -102.2547083, 21.8602442 ], [ -102.2542622, 21.860506940000025 ], [ -102.2538861, 21.860790479999981 ], [ -102.2535593, 21.86112158 ], [ -102.2531646, 21.86156228 ], [ -102.2529198, 21.86191461000001 ], [ -102.2526592, 21.86239866 ], [ -102.2524481, 21.86296937 ], [ -102.2523297, 21.863582979999986 ], [ -102.2522716, 21.86418 ], [ -102.2523267, 21.864767799999974 ], [ -102.252453, 21.86532156 ], [ -102.2525865, 21.865838079999982 ], [ -102.2527648, 21.86641136000004 ], [ -102.2529167, 21.86691675999996 ], [ -102.25308, 21.867031340000032 ], [ -102.2533881, 21.868038580000011 ], [ -102.25358, 21.86863 ], [ -102.25401, 21.86999 ], [ -102.2541, 21.87027 ], [ -102.2541463, 21.8703371 ], [ -102.2542537, 21.87034799 ], [ -102.25438, 21.87034 ], [ -102.25457, 21.8703 ], [ -102.2548, 21.87025 ], [ -102.25487, 21.87024 ], [ -102.25528, 21.87017 ], [ -102.25646, 21.86991 ], [ -102.25698, 21.86981 ], [ -102.25721, 21.86976 ], [ -102.2573, 21.86974 ], [ -102.25749, 21.86971 ], [ -102.25759, 21.86968 ], [ -102.25781, 21.86964 ], [ -102.25803, 21.86958 ], [ -102.25842, 21.86949 ], [ -102.25882, 21.86942 ], [ -102.26052, 21.86906 ], [ -102.26056, 21.86905 ], [ -102.26071, 21.86903 ], [ -102.26087, 21.86902 ], [ -102.26104, 21.86903 ], [ -102.26149, 21.86913 ], [ -102.26181, 21.8692 ], [ -102.26201, 21.86925 ], [ -102.26242, 21.86935 ], [ -102.26258, 21.8694 ], [ -102.26339, 21.86964 ], [ -102.26468, 21.86991 ], [ -102.2651, 21.86998 ], [ -102.26525, 21.87003 ], [ -102.26546, 21.8701 ], [ -102.26579, 21.87021 ], [ -102.26621, 21.87041 ], [ -102.26638, 21.87052 ], [ -102.2665, 21.8706 ], [ -102.26665, 21.8707 ], [ -102.26688, 21.87086 ], [ -102.26718, 21.87116 ], [ -102.26728, 21.87129 ], [ -102.26755, 21.87169 ], [ -102.26764, 21.87186 ], [ -102.26771, 21.87203 ], [ -102.26778, 21.87218 ], [ -102.26785, 21.87238 ], [ -102.26785, 21.87239 ], [ -102.26789, 21.87253 ], [ -102.26794, 21.87269 ], [ -102.26798, 21.87291 ], [ -102.268, 21.87306 ], [ -102.26802, 21.87323 ], [ -102.26805, 21.8735 ], [ -102.26807, 21.87371 ], [ -102.26808, 21.87385 ], [ -102.26819, 21.87383 ], [ -102.26827, 21.87382 ], [ -102.2687, 21.87376 ], [ -102.26893, 21.87374 ], [ -102.26895, 21.87374 ], [ -102.2691, 21.87372 ], [ -102.26988, 21.87371 ], [ -102.27031, 21.87369 ], [ -102.27052, 21.87368 ], [ -102.27074, 21.87368 ], [ -102.27086, 21.87369 ], [ -102.27091, 21.87368 ], [ -102.27096, 21.87367 ], [ -102.27123, 21.87367 ], [ -102.27163, 21.87367 ], [ -102.27181, 21.87366 ], [ -102.27199, 21.87366 ], [ -102.27219, 21.87366 ], [ -102.2723, 21.87366 ], [ -102.27264, 21.87366 ], [ -102.27295, 21.87366 ], [ -102.27337, 21.87365 ], [ -102.2736, 21.87365 ], [ -102.27387, 21.87365 ], [ -102.2742, 21.87365 ], [ -102.27446, 21.87365 ], [ -102.27488, 21.87365 ], [ -102.27489, 21.87365 ], [ -102.27498, 21.87365 ], [ -102.27498, 21.87353 ], [ -102.27498, 21.87333 ], [ -102.27497, 21.87285 ], [ -102.2749768, 21.87259602 ], [ -102.2749876, 21.872566280000026 ], [ -102.2750012, 21.87252969 ], [ -102.2750258, 21.87249454 ], [ -102.2750272, 21.87249226 ], [ -102.2750421, 21.87244993 ], [ -102.2750396, 21.87240829 ], [ -102.275021700000011, 21.87238128 ], [ -102.2749963, 21.872357529999988 ], [ -102.2749964, 21.872354070000025 ], [ -102.2749845, 21.87233299 ], [ -102.2749834, 21.87233065 ], [ -102.2749709, 21.87228877 ], [ -102.274967, 21.872211319999984 ], [ -102.2749679, 21.872136570000016 ], [ -102.2749608, 21.87199902 ], [ -102.2749624, 21.87185888 ], [ -102.274971500000021, 21.87180254 ], [ -102.2749894, 21.87174222 ], [ -102.2750146, 21.871689759999985 ], [ -102.2750435, 21.871637379999978 ], [ -102.2750697, 21.871594170000016 ], [ -102.2750987, 21.87154063 ], [ -102.2751317, 21.871476800000011 ], [ -102.2752975, 21.871173280000011 ], [ -102.2755182, 21.870773390000029 ], [ -102.27575, 21.87037 ], [ -102.2759753, 21.87001278 ], [ -102.276092, 21.869823230000012 ], [ -102.2761323, 21.86976541 ], [ -102.276174, 21.86974224 ], [ -102.276194, 21.86973814 ], [ -102.2762243, 21.869722759999988 ], [ -102.2762499, 21.869699170000018 ], [ -102.276267, 21.86966613 ], [ -102.2762769, 21.86962597 ], [ -102.2762706, 21.86958541 ], [ -102.27633, 21.86938 ], [ -102.27634, 21.86935 ], [ -102.2763521, 21.869310349999985 ], [ -102.27637, 21.86925 ], [ -102.2764, 21.86912 ], [ -102.2764, 21.86909 ], [ -102.27641, 21.86887 ], [ -102.27642, 21.86876 ], [ -102.27641, 21.8685 ], [ -102.27689, 21.86833 ], [ -102.27701, 21.8683 ], [ -102.27722, 21.86823 ], [ -102.27737, 21.8682 ], [ -102.27741, 21.86819 ], [ -102.27743, 21.86818 ], [ -102.27757, 21.86815 ], [ -102.2776, 21.86814 ], [ -102.27775, 21.8681 ], [ -102.27795, 21.86803 ], [ -102.27802, 21.86801 ], [ -102.27834, 21.86789 ], [ -102.2787, 21.86777 ], [ -102.27877, 21.86783 ], [ -102.27882, 21.86788 ], [ -102.27889, 21.86793 ], [ -102.27957, 21.86845 ], [ -102.28028, 21.86897 ], [ -102.28061, 21.86921 ], [ -102.28073, 21.8693 ], [ -102.28096, 21.86946 ], [ -102.28103, 21.86951 ], [ -102.28109, 21.86955 ], [ -102.28111, 21.86955 ], [ -102.28113, 21.86956 ], [ -102.28118, 21.86958 ], [ -102.28139, 21.86964 ], [ -102.28172, 21.86974 ], [ -102.28182, 21.86976 ], [ -102.28178, 21.87048 ], [ -102.28177, 21.87057 ], [ -102.28176, 21.87076 ], [ -102.28175, 21.87085 ], [ -102.28174, 21.87107 ], [ -102.28173, 21.87121 ], [ -102.28164, 21.8726 ], [ -102.28163, 21.8727 ], [ -102.28157, 21.87348 ], [ -102.28156, 21.87359 ], [ -102.28168, 21.87358 ], [ -102.28205, 21.87359 ], [ -102.28227, 21.8736 ], [ -102.28242, 21.8736 ], [ -102.28265, 21.8736 ], [ -102.28269, 21.8736 ], [ -102.28373, 21.87362 ], [ -102.28386, 21.87362 ], [ -102.28458, 21.87363 ], [ -102.28509, 21.87363 ], [ -102.28574, 21.87364 ], [ -102.2871, 21.87365 ], [ -102.28717, 21.87365 ], [ -102.2872, 21.87365 ], [ -102.2877, 21.87359 ], [ -102.288, 21.87353 ], [ -102.28837, 21.87342 ], [ -102.28876, 21.87328 ], [ -102.28913, 21.87314 ], [ -102.28961, 21.87299 ], [ -102.28996, 21.8729 ], [ -102.29021, 21.87284 ], [ -102.29064, 21.87274 ], [ -102.29073, 21.87272 ], [ -102.29119, 21.87262 ], [ -102.29179, 21.87249 ], [ -102.29295, 21.87225 ], [ -102.29304, 21.87223 ], [ -102.29314, 21.87221 ], [ -102.29342, 21.87213 ], [ -102.29357, 21.87206 ], [ -102.29362, 21.87204 ], [ -102.29381, 21.87195 ], [ -102.29394, 21.87188 ], [ -102.29412, 21.87178 ], [ -102.29423, 21.87171 ], [ -102.29454, 21.87149 ], [ -102.29467, 21.87137 ], [ -102.29475, 21.87129 ], [ -102.29485, 21.8713 ], [ -102.29493, 21.87132 ], [ -102.29501, 21.87134 ], [ -102.2950733, 21.871349460000044 ], [ -102.29509, 21.8714 ], [ -102.29507, 21.87211 ], [ -102.29506, 21.87222 ], [ -102.29502, 21.87286 ], [ -102.29501, 21.87301 ], [ -102.295, 21.87315 ], [ -102.295, 21.8732 ], [ -102.295, 21.87329 ], [ -102.29499, 21.87339 ], [ -102.29496, 21.87411 ], [ -102.29491, 21.87479 ], [ -102.2949, 21.875 ], [ -102.29491, 21.87522 ], [ -102.29492, 21.87533 ], [ -102.29492, 21.87534 ], [ -102.29494, 21.87544 ], [ -102.29496, 21.87553 ], [ -102.29497, 21.87558 ], [ -102.2950639, 21.875913629999957 ], [ -102.295247500000016, 21.876520819999982 ], [ -102.29571, 21.87785 ], [ -102.29583, 21.87818 ], [ -102.2959, 21.87836 ], [ -102.29592, 21.87847 ], [ -102.29597, 21.87862 ], [ -102.2960254, 21.87875593999998 ], [ -102.2961028, 21.87904588000001 ], [ -102.296142, 21.8791494 ], [ -102.2964, 21.88008 ], [ -102.29647, 21.88037 ], [ -102.29651, 21.88062 ], [ -102.29658, 21.88109 ], [ -102.29659, 21.88114 ], [ -102.29659, 21.88116 ], [ -102.2966, 21.88119 ], [ -102.29664, 21.88126 ], [ -102.29682, 21.88158 ], [ -102.297, 21.88193 ], [ -102.2971, 21.88213 ], [ -102.29746, 21.88287 ], [ -102.29776, 21.88361 ], [ -102.2978, 21.88378 ], [ -102.29781, 21.88383 ], [ -102.29781, 21.88391 ], [ -102.29782, 21.88417 ], [ -102.29779, 21.88449 ], [ -102.29778, 21.88456 ], [ -102.29756, 21.88524 ], [ -102.29741, 21.88563 ], [ -102.29716, 21.88629 ], [ -102.2970391, 21.886640710000023 ], [ -102.29693, 21.88688 ], [ -102.2969, 21.88695 ], [ -102.2967112, 21.886902160000016 ], [ -102.2964779, 21.88686169 ], [ -102.2963907, 21.88677175 ], [ -102.2963406, 21.8866276 ], [ -102.2962517, 21.88634481 ], [ -102.2957251, 21.884959269999982 ], [ -102.295668, 21.884803990000012 ], [ -102.2956159, 21.88464839 ], [ -102.2955234, 21.88442304 ] ] } },
{ "type": "Feature", "properties": { "route_id": "R_30", "route_short_name": "R30", "route_long_name": "R-30", "route_km": 24.625808316809266, "n_stops": 122, "straight_line_km": 12.159303352871603, "connects_to_existing": true, "total_score": 0.13129037965398965, "pareto_rank": 3, "feasible": false, "flag": "Indirect", "detour_ratio": 2.025, "n_served_agebs": 45, "f1_demand_gain": 0.02457143916329196, "f3_equity": 0.24773603918976628 }, "geometry": { "type": "LineString", "coordinates": [ [ -102.258055, 21.943057 ], [ -102.257732, 21.943266 ], [ -102.256969, 21.942285 ], [ -102.257353, 21.942019 ], [ -102.25712, 21.94171 ], [ -102.25688, 21.94141 ], [ -102.25786, 21.94074 ], [ -102.2582, 21.94052 ], [ -102.25855, 21.94027 ], [ -102.25884, 21.94007 ], [ -102.25892, 21.94002 ], [ -102.25926, 21.93978 ], [ -102.2596, 21.93955 ], [ -102.25991, 21.93935 ], [ -102.26023, 21.9391 ], [ -102.26055, 21.93888 ], [ -102.26085, 21.93866 ], [ -102.26094, 21.93861 ], [ -102.26132, 21.93831 ], [ -102.26157, 21.93793 ], [ -102.26179, 21.93762 ], [ -102.262, 21.9373 ], [ -102.2622, 21.93697 ], [ -102.26241, 21.93665 ], [ -102.26261, 21.9363 ], [ -102.2627, 21.93614 ], [ -102.26281, 21.93597 ], [ -102.26314, 21.93544 ], [ -102.26317, 21.93539 ], [ -102.26369, 21.93468 ], [ -102.26432, 21.93373 ], [ -102.26438, 21.93363 ], [ -102.26428, 21.93357 ], [ -102.2638, 21.9333 ], [ -102.26324, 21.933 ], [ -102.26288, 21.93281 ], [ -102.2627, 21.93271 ], [ -102.2622, 21.93243 ], [ -102.26182, 21.93224 ], [ -102.26173, 21.93219 ], [ -102.26164, 21.93215 ], [ -102.26067, 21.93161 ], [ -102.26028, 21.93137 ], [ -102.26065, 21.93079 ], [ -102.26091, 21.93041 ], [ -102.26112, 21.93008 ], [ -102.26131, 21.92976 ], [ -102.26132, 21.92975 ], [ -102.26152, 21.92942 ], [ -102.26173, 21.92909 ], [ -102.26214, 21.92843 ], [ -102.26236, 21.92809 ], [ -102.26256, 21.92776 ], [ -102.26275, 21.92744 ], [ -102.26277, 21.92742 ], [ -102.26333, 21.92654 ], [ -102.26354, 21.9262 ], [ -102.26375, 21.92587 ], [ -102.26383, 21.92576 ], [ -102.26386, 21.92571 ], [ -102.26392, 21.92564 ], [ -102.26398, 21.92558 ], [ -102.26505, 21.92649 ], [ -102.26515, 21.92657 ], [ -102.26519, 21.92661 ], [ -102.26538, 21.92675 ], [ -102.26543, 21.92676 ], [ -102.26545, 21.92677 ], [ -102.2655, 21.92678 ], [ -102.26553, 21.92679 ], [ -102.26567, 21.92684 ], [ -102.26574, 21.9269 ], [ -102.26589, 21.92704 ], [ -102.26632, 21.92741 ], [ -102.26646, 21.92753 ], [ -102.26678, 21.92779 ], [ -102.26718, 21.92813 ], [ -102.26746, 21.92841 ], [ -102.26757, 21.92852 ], [ -102.26759, 21.92854 ], [ -102.26801, 21.92903 ], [ -102.26819, 21.92925 ], [ -102.26832, 21.92941 ], [ -102.26888, 21.93014 ], [ -102.26918, 21.93053 ], [ -102.26942, 21.93083 ], [ -102.26953, 21.93098 ], [ -102.26976, 21.93127 ], [ -102.26982, 21.93134 ], [ -102.26985, 21.93138 ], [ -102.2702, 21.93182 ], [ -102.27043, 21.9321 ], [ -102.27055, 21.93225 ], [ -102.27078, 21.93254 ], [ -102.27122, 21.93309 ], [ -102.27163, 21.93366 ], [ -102.27209, 21.93426 ], [ -102.27217, 21.93435 ], [ -102.27242, 21.93468 ], [ -102.27257, 21.93485 ], [ -102.27273, 21.93502 ], [ -102.27305, 21.93541 ], [ -102.27338, 21.93583 ], [ -102.27373, 21.93626 ], [ -102.27393, 21.9365 ], [ -102.27414, 21.93675 ], [ -102.27415, 21.93676 ], [ -102.27443, 21.93711 ], [ -102.27471, 21.93743 ], [ -102.27501, 21.93775 ], [ -102.27523, 21.93799 ], [ -102.27547, 21.93824 ], [ -102.27626, 21.93906 ], [ -102.2764, 21.93921 ], [ -102.27649, 21.93931 ], [ -102.27685, 21.9397 ], [ -102.27752, 21.9404 ], [ -102.27793, 21.94082 ], [ -102.27819, 21.94109 ], [ -102.27831, 21.9412 ], [ -102.27844, 21.94132 ], [ -102.27861, 21.94146 ], [ -102.27872, 21.94154 ], [ -102.27882, 21.94161 ], [ -102.27892, 21.94147 ], [ -102.27909, 21.94118 ], [ -102.27967, 21.94021 ], [ -102.28003, 21.9396 ], [ -102.2802, 21.93936 ], [ -102.28055, 21.93879 ], [ -102.28073, 21.93846 ], [ -102.28114, 21.93773 ], [ -102.28127, 21.93732 ], [ -102.28136, 21.93695 ], [ -102.28137, 21.93689 ], [ -102.28139, 21.9368 ], [ -102.28151, 21.93615 ], [ -102.28159, 21.93572 ], [ -102.28164, 21.93549 ], [ -102.2817, 21.93532 ], [ -102.28184, 21.93495 ], [ -102.28202, 21.93452 ], [ -102.28231, 21.93384 ], [ -102.28247, 21.93351 ], [ -102.28273, 21.93287 ], [ -102.28285, 21.93255 ], [ -102.28295, 21.93227 ], [ -102.28298, 21.93211 ], [ -102.283, 21.93202 ], [ -102.28304, 21.93187 ], [ -102.28311, 21.9315 ], [ -102.28318, 21.9312 ], [ -102.28325, 21.93088 ], [ -102.2833, 21.93067 ], [ -102.28351, 21.9297 ], [ -102.2836, 21.92932 ], [ -102.28362, 21.9292 ], [ -102.28364, 21.92912 ], [ -102.28368, 21.92895 ], [ -102.28373, 21.92872 ], [ -102.28387, 21.92818 ], [ -102.28398, 21.92766 ], [ -102.28405, 21.92731 ], [ -102.28413, 21.92701 ], [ -102.28442, 21.9258 ], [ -102.2845, 21.92553 ], [ -102.28457, 21.92525 ], [ -102.28477, 21.9244 ], [ -102.28484, 21.92408 ], [ -102.28495, 21.92352 ], [ -102.28504, 21.92313 ], [ -102.2851, 21.92286 ], [ -102.28524, 21.9223 ], [ -102.28529, 21.92208 ], [ -102.28533, 21.92194 ], [ -102.28537, 21.92177 ], [ -102.28547, 21.9213 ], [ -102.28556, 21.92079 ], [ -102.2857, 21.92004 ], [ -102.28578, 21.91965 ], [ -102.28582, 21.91939 ], [ -102.28586, 21.91913 ], [ -102.28602, 21.91833 ], [ -102.28614, 21.91772 ], [ -102.2862, 21.91745 ], [ -102.28627, 21.91707 ], [ -102.28653, 21.91572 ], [ -102.2866, 21.91537 ], [ -102.2868, 21.91538 ], [ -102.2869, 21.91539 ], [ -102.28709, 21.9154 ], [ -102.2872, 21.9154 ], [ -102.2874, 21.91541 ], [ -102.28776, 21.91542 ], [ -102.28815, 21.91543 ], [ -102.2882, 21.91543 ], [ -102.28882, 21.91547 ], [ -102.29001, 21.91553 ], [ -102.29023, 21.91553 ], [ -102.29034, 21.91553 ], [ -102.29047, 21.91553 ], [ -102.29061, 21.9155 ], [ -102.29093, 21.91552 ], [ -102.29098, 21.91552 ], [ -102.29134, 21.91554 ], [ -102.2918, 21.91555 ], [ -102.2919, 21.91555 ], [ -102.29193, 21.91555 ], [ -102.29202, 21.91556 ], [ -102.29213, 21.91556 ], [ -102.29245, 21.91558 ], [ -102.29273, 21.91559 ], [ -102.29333, 21.91561 ], [ -102.29376, 21.91563 ], [ -102.29518, 21.91569 ], [ -102.29547, 21.91569 ], [ -102.2962, 21.9157 ], [ -102.29636, 21.91572 ], [ -102.2974, 21.91578 ], [ -102.29751, 21.91578 ], [ -102.29783, 21.91579 ], [ -102.2984, 21.91581 ], [ -102.2988, 21.91582 ], [ -102.30001, 21.91588 ], [ -102.30116, 21.91593 ], [ -102.3015, 21.91594 ], [ -102.30243, 21.91598 ], [ -102.30281, 21.91598 ], [ -102.30302, 21.91599 ], [ -102.3036, 21.91602 ], [ -102.30384, 21.91603 ], [ -102.30393, 21.91604 ], [ -102.30448, 21.91606 ], [ -102.3051, 21.91609 ], [ -102.30597, 21.91613 ], [ -102.30605, 21.91614 ], [ -102.30623, 21.91614 ], [ -102.30682, 21.91613 ], [ -102.30721, 21.91614 ], [ -102.30795, 21.91619 ], [ -102.3086, 21.91623 ], [ -102.3094, 21.91628 ], [ -102.3095, 21.91637 ], [ -102.30973, 21.91639 ], [ -102.30992, 21.91639 ], [ -102.31121, 21.91646 ], [ -102.31238, 21.91655 ], [ -102.31251, 21.91651 ], [ -102.31276, 21.91651 ], [ -102.313582, 21.916534 ], [ -102.313729, 21.916351 ], [ -102.313728, 21.916118 ], [ -102.31327, 21.91513 ], [ -102.3132, 21.91496 ], [ -102.31309, 21.91467 ], [ -102.31303, 21.91455 ], [ -102.31289, 21.91417 ], [ -102.31274, 21.91375 ], [ -102.3127, 21.91365 ], [ -102.31219, 21.91232 ], [ -102.31214, 21.91219 ], [ -102.31202, 21.91193 ], [ -102.31185, 21.91154 ], [ -102.31177, 21.91136 ], [ -102.31168, 21.91113 ], [ -102.311049, 21.909677 ], [ -102.311061, 21.909529 ], [ -102.311191, 21.90943 ], [ -102.31262, 21.90943 ], [ -102.31333, 21.90946 ], [ -102.31399, 21.90947 ], [ -102.31481, 21.90949 ], [ -102.3149, 21.9095 ], [ -102.31603, 21.90953 ], [ -102.31607, 21.90953 ], [ -102.31701, 21.909564 ], [ -102.317286, 21.909538 ], [ -102.317432, 21.909494 ], [ -102.317493, 21.909356 ], [ -102.317474, 21.909151 ], [ -102.317272, 21.90821 ], [ -102.317107, 21.907403 ], [ -102.31688, 21.9064 ], [ -102.31649, 21.90461 ], [ -102.31648, 21.90451 ], [ -102.31644, 21.90437 ], [ -102.31639, 21.90417 ], [ -102.31637, 21.90397 ], [ -102.31634, 21.90362 ], [ -102.31633, 21.9035 ], [ -102.31633, 21.90322 ], [ -102.31633, 21.90321 ], [ -102.31636, 21.90279 ], [ -102.31639, 21.90262 ], [ -102.31643, 21.90249 ], [ -102.31646, 21.90238 ], [ -102.31655, 21.90198 ], [ -102.31659, 21.90181 ], [ -102.31672, 21.90128 ], [ -102.31676, 21.9011 ], [ -102.31681, 21.90088 ], [ -102.31691, 21.90053 ], [ -102.31698, 21.90025 ], [ -102.31703, 21.9 ], [ -102.31706, 21.89989 ], [ -102.3171, 21.89967 ], [ -102.31714, 21.89932 ], [ -102.31717, 21.89885 ], [ -102.31719, 21.89856 ], [ -102.31772, 21.89824 ], [ -102.31803, 21.89804 ], [ -102.31816, 21.89798 ], [ -102.31833, 21.89789 ], [ -102.31846, 21.89784 ], [ -102.3186, 21.89781 ], [ -102.31877, 21.8978 ], [ -102.31895, 21.8978 ], [ -102.31909, 21.89783 ], [ -102.31917, 21.89785 ], [ -102.31924, 21.89787 ], [ -102.31928, 21.89778 ], [ -102.31934, 21.89771 ], [ -102.31928, 21.89728 ], [ -102.31926, 21.89683 ], [ -102.31924, 21.89636 ], [ -102.31925, 21.89588 ], [ -102.31924, 21.8954 ], [ -102.31923, 21.89492 ], [ -102.31921, 21.89446 ], [ -102.31919, 21.89399 ], [ -102.31918, 21.89351 ], [ -102.31918, 21.89303 ], [ -102.31917, 21.89254 ], [ -102.31917, 21.89211 ], [ -102.31917, 21.89163 ], [ -102.31916, 21.89125 ], [ -102.31883, 21.89127 ], [ -102.31742, 21.89136 ], [ -102.31709, 21.89138 ], [ -102.31704, 21.8897 ], [ -102.317, 21.88823 ], [ -102.31701, 21.88804 ], [ -102.31702, 21.88796 ], [ -102.31707, 21.88772 ], [ -102.31708, 21.88764 ], [ -102.31718, 21.88714 ], [ -102.31724, 21.88686 ], [ -102.31728, 21.88667 ], [ -102.31738, 21.88612 ], [ -102.31761, 21.88501 ], [ -102.31776, 21.88364 ], [ -102.31779, 21.88324 ], [ -102.31786, 21.88239 ], [ -102.31793, 21.88143 ], [ -102.31793, 21.88139 ], [ -102.31798, 21.88064 ], [ -102.318, 21.88043 ], [ -102.31804, 21.88007 ], [ -102.31808, 21.87954 ], [ -102.31813, 21.87901 ], [ -102.31817, 21.87847 ], [ -102.31822, 21.87798 ], [ -102.31826, 21.87748 ], [ -102.31827, 21.87728 ], [ -102.31829, 21.87674 ], [ -102.31833, 21.87624 ], [ -102.3184, 21.87571 ], [ -102.31847, 21.8752 ], [ -102.3185, 21.87471 ], [ -102.31854, 21.8742 ], [ -102.31853, 21.87413 ], [ -102.31857, 21.87369 ], [ -102.31857, 21.8736 ], [ -102.3186, 21.87319 ], [ -102.318688, 21.872615 ], [ -102.318744, 21.872185 ], [ -102.318724, 21.87195 ], [ -102.318665, 21.871702 ], [ -102.318513, 21.87155 ], [ -102.318362, 21.871568 ], [ -102.318218, 21.871625 ], [ -102.31811, 21.87167 ], [ -102.31717, 21.87203 ], [ -102.31602, 21.87249 ], [ -102.31585, 21.87256 ], [ -102.31576, 21.87261 ], [ -102.31513, 21.87288 ], [ -102.31503, 21.87292 ], [ -102.31477, 21.87301 ], [ -102.3145, 21.87311 ], [ -102.3143, 21.87319 ], [ -102.31389, 21.87335 ], [ -102.31358, 21.87345 ], [ -102.31326, 21.87358 ], [ -102.31295, 21.8737 ], [ -102.31252, 21.87389 ], [ -102.31225, 21.87399 ], [ -102.31218, 21.87398 ], [ -102.31209, 21.87396 ], [ -102.311994, 21.873837 ], [ -102.31136, 21.87186 ], [ -102.31135, 21.87181 ], [ -102.31127, 21.87153 ], [ -102.31124, 21.87146 ], [ -102.31118, 21.8713 ], [ -102.31114, 21.8712 ], [ -102.31109, 21.87104 ], [ -102.31095, 21.87058 ], [ -102.31092, 21.87048 ], [ -102.31087, 21.87039 ], [ -102.31087, 21.87038 ], [ -102.31086, 21.87037 ], [ -102.31079, 21.87032 ], [ -102.31076, 21.87019 ], [ -102.31066, 21.86988 ], [ -102.3105, 21.86935 ], [ -102.31039, 21.86899 ], [ -102.31022, 21.86869 ], [ -102.31019, 21.86864 ], [ -102.31003, 21.86843 ], [ -102.30976, 21.86821 ], [ -102.30965, 21.86814 ], [ -102.30957, 21.8681 ], [ -102.30953, 21.86808 ], [ -102.30933, 21.86799 ], [ -102.30895, 21.86789 ], [ -102.30931, 21.86728 ], [ -102.30948, 21.86698 ], [ -102.30969, 21.86654 ], [ -102.3099, 21.86616 ], [ -102.3102, 21.86574 ], [ -102.31042, 21.86534 ], [ -102.31065, 21.86494 ], [ -102.31091, 21.86459 ], [ -102.31115, 21.86419 ], [ -102.31138, 21.86379 ], [ -102.31161, 21.86339 ], [ -102.31183, 21.863 ], [ -102.31193, 21.86282 ], [ -102.31205, 21.86261 ], [ -102.31214, 21.86246 ], [ -102.31229, 21.86221 ], [ -102.31253, 21.86182 ], [ -102.31275, 21.86141 ], [ -102.31279, 21.86135 ], [ -102.31299, 21.86102 ], [ -102.31322, 21.86063 ], [ -102.31344, 21.86024 ], [ -102.31369, 21.85985 ], [ -102.31374, 21.85976 ], [ -102.31382, 21.85961 ], [ -102.31399, 21.85931 ], [ -102.31411, 21.85907 ], [ -102.31424, 21.85883 ], [ -102.31438, 21.8586 ], [ -102.31465, 21.85813 ], [ -102.31466, 21.85812 ], [ -102.31467, 21.8581 ], [ -102.31469, 21.85808 ], [ -102.31488, 21.85777 ], [ -102.31492, 21.85772 ], [ -102.31508, 21.85748 ], [ -102.31516, 21.85735 ], [ -102.31526, 21.85719 ], [ -102.31533, 21.85709 ], [ -102.31544, 21.85691 ], [ -102.31552, 21.85679 ], [ -102.31564, 21.8566 ], [ -102.31587, 21.85625 ], [ -102.31596, 21.85614 ], [ -102.31614, 21.85591 ], [ -102.31643, 21.85551 ], [ -102.3165, 21.85539 ], [ -102.31663, 21.8552 ], [ -102.31687, 21.85479 ], [ -102.31691, 21.8547 ], [ -102.31714, 21.85429 ], [ -102.31717, 21.85423 ], [ -102.3174, 21.85382 ], [ -102.3176, 21.85346 ], [ -102.31809, 21.85364 ], [ -102.31858, 21.85381 ], [ -102.31902, 21.85398 ], [ -102.31949, 21.85416 ], [ -102.31995, 21.85433 ], [ -102.32043, 21.8545 ], [ -102.32089, 21.85468 ], [ -102.32136, 21.85486 ], [ -102.32164, 21.85416 ], [ -102.32181, 21.85376 ], [ -102.322095, 21.853054 ], [ -102.318317, 21.851646 ], [ -102.31893, 21.85 ], [ -102.3191, 21.84955 ], [ -102.31929, 21.84911 ], [ -102.31931, 21.84904 ], [ -102.31922, 21.84901 ], [ -102.31904, 21.84896 ], [ -102.31882, 21.8489 ], [ -102.31699, 21.84859 ], [ -102.31695, 21.84868 ], [ -102.31683, 21.84891 ], [ -102.31661, 21.84933 ], [ -102.31636, 21.84978 ], [ -102.31615, 21.85019 ], [ -102.31575, 21.85098 ], [ -102.31542, 21.85163 ], [ -102.314683, 21.853006 ], [ -102.31092, 21.851811 ], [ -102.310284, 21.851589 ], [ -102.309521, 21.851366 ], [ -102.309263, 21.851301 ], [ -102.309068, 21.851274 ], [ -102.308734, 21.851216 ], [ -102.30827, 21.85115 ], [ -102.30746, 21.85101 ], [ -102.30735, 21.85099 ], [ -102.30688, 21.85087 ], [ -102.30642, 21.85077 ], [ -102.30593, 21.85066 ], [ -102.30551, 21.85057 ], [ -102.30505, 21.85046 ], [ -102.30461, 21.85036 ], [ -102.30452, 21.85034 ], [ -102.30406, 21.85025 ], [ -102.3036, 21.85014 ], [ -102.30314, 21.85004 ], [ -102.30269, 21.84994 ], [ -102.30224, 21.84984 ], [ -102.30177, 21.84974 ], [ -102.30152, 21.84968 ], [ -102.30118, 21.8496 ], [ -102.30103, 21.84958 ], [ -102.30058, 21.8496 ], [ -102.30018, 21.84964 ], [ -102.29967, 21.84969 ], [ -102.29922, 21.84972 ], [ -102.29899, 21.84975 ], [ -102.29886, 21.84977 ], [ -102.29877, 21.84978 ], [ -102.29871, 21.8498 ], [ -102.29861, 21.84983 ], [ -102.2984, 21.84989 ], [ -102.29792, 21.85003 ], [ -102.297458, 21.8502 ], [ -102.297493, 21.850304 ], [ -102.29786, 21.851193 ], [ -102.29785, 21.851286 ], [ -102.297823, 21.851395 ], [ -102.297634, 21.851748 ], [ -102.297401, 21.852205 ], [ -102.297304, 21.852373 ], [ -102.29685, 21.85333 ] ] } },
{ "type": "Feature", "properties": { "route_id": "R_33", "route_short_name": "R33", "route_long_name": "R-33", "route_km": 22.786374191988241, "n_stops": 100, "straight_line_km": 16.625879690397124, "connects_to_existing": true, "total_score": 0.12268795586152689, "pareto_rank": 5, "feasible": false, "flag": "Low demand", "detour_ratio": 1.371, "n_served_agebs": 33, "f1_demand_gain": 0.0085667395913226752, "f3_equity": 0.2160306714804249 }, "geometry": { "type": "LineString", "coordinates": [ [ -102.291352, 21.834881 ], [ -102.292036, 21.834751 ], [ -102.292147, 21.834702 ], [ -102.292154, 21.83464 ], [ -102.292155, 21.834625 ], [ -102.292112, 21.834542 ], [ -102.292025, 21.834509 ], [ -102.291696, 21.834575 ], [ -102.290529, 21.834762 ], [ -102.290468, 21.834771 ], [ -102.29047, 21.834694 ], [ -102.290516, 21.834618 ], [ -102.290618, 21.834528 ], [ -102.290691, 21.834483 ], [ -102.292482, 21.834107 ], [ -102.292625, 21.834171 ], [ -102.292804, 21.834309 ], [ -102.292907, 21.834429 ], [ -102.29335, 21.834432 ], [ -102.293566, 21.834437 ], [ -102.293597, 21.834268 ], [ -102.293557, 21.833624 ], [ -102.293623, 21.831945 ], [ -102.293477, 21.831798 ], [ -102.293361, 21.83177 ], [ -102.29258, 21.8319 ], [ -102.29193, 21.83199 ], [ -102.29119, 21.83209 ], [ -102.29049, 21.83219 ], [ -102.28981, 21.83228 ], [ -102.28941, 21.83234 ], [ -102.28917, 21.83237 ], [ -102.28901, 21.83241 ], [ -102.2888, 21.83244 ], [ -102.28855, 21.83247 ], [ -102.28855, 21.83249 ], [ -102.28857, 21.83262 ], [ -102.28858, 21.83264 ], [ -102.28867, 21.83315 ], [ -102.28858, 21.83334 ], [ -102.28863, 21.83375 ], [ -102.2888, 21.83476 ], [ -102.28852, 21.83481 ], [ -102.28847, 21.83482 ], [ -102.28758, 21.83498 ], [ -102.28571, 21.83536 ], [ -102.28525, 21.83546 ], [ -102.28467, 21.83558 ], [ -102.28319, 21.83586 ], [ -102.28261, 21.83598 ], [ -102.28193, 21.83612 ], [ -102.28121, 21.83627 ], [ -102.28073, 21.83637 ], [ -102.28024, 21.83647 ], [ -102.28003, 21.83652 ], [ -102.28006, 21.83673 ], [ -102.28012, 21.83791 ], [ -102.28013, 21.8385 ], [ -102.28013, 21.83864 ], [ -102.2801, 21.84188 ], [ -102.28009, 21.84257 ], [ -102.2801, 21.84265 ], [ -102.28029, 21.84262 ], [ -102.28071, 21.84256 ], [ -102.28345, 21.84213 ], [ -102.2846, 21.84196 ], [ -102.28479, 21.84193 ], [ -102.28498, 21.84191 ], [ -102.28517, 21.84188 ], [ -102.28536, 21.84185 ], [ -102.28575, 21.84179 ], [ -102.28666, 21.84165 ], [ -102.28694, 21.84161 ], [ -102.28741, 21.84154 ], [ -102.28743, 21.84154 ], [ -102.2881, 21.84144 ], [ -102.28839, 21.8414 ], [ -102.28934, 21.84125 ], [ -102.28954, 21.84123 ], [ -102.28987, 21.84118 ], [ -102.29012, 21.84264 ], [ -102.29014, 21.84272 ], [ -102.29018, 21.84298 ], [ -102.2904, 21.8444 ], [ -102.29045, 21.84476 ], [ -102.29048, 21.84492 ], [ -102.29055, 21.8452 ], [ -102.29063, 21.84563 ], [ -102.29132, 21.84973 ], [ -102.29148, 21.85064 ], [ -102.29159, 21.8513 ], [ -102.29164, 21.85156 ], [ -102.29167, 21.85174 ], [ -102.29172, 21.85203 ], [ -102.29177, 21.85236 ], [ -102.29189, 21.85234 ], [ -102.29208, 21.85348 ], [ -102.29252, 21.8561 ], [ -102.29255, 21.85626 ], [ -102.29258, 21.85644 ], [ -102.29267, 21.85703 ], [ -102.29273, 21.85735 ], [ -102.29277, 21.85753 ], [ -102.29283, 21.85777 ], [ -102.29289, 21.85804 ], [ -102.29292, 21.85817 ], [ -102.29296, 21.8584 ], [ -102.29299, 21.85854 ], [ -102.29305, 21.85881 ], [ -102.29318, 21.85955 ], [ -102.29328, 21.86014 ], [ -102.29339, 21.8608 ], [ -102.29387, 21.86374 ], [ -102.29393, 21.86409 ], [ -102.29396, 21.86426 ], [ -102.29405, 21.86481 ], [ -102.2941, 21.86505 ], [ -102.2941, 21.86509 ], [ -102.29412, 21.86519 ], [ -102.29413, 21.86529 ], [ -102.29414, 21.86536 ], [ -102.29414, 21.86544 ], [ -102.29415, 21.8655 ], [ -102.29428, 21.8655 ], [ -102.29431, 21.8655 ], [ -102.29449, 21.86552 ], [ -102.29451, 21.86553 ], [ -102.29482, 21.86559 ], [ -102.29555, 21.86572 ], [ -102.29564, 21.86573 ], [ -102.29704, 21.86598 ], [ -102.29724, 21.86601 ], [ -102.29731, 21.86602 ], [ -102.29733, 21.86602 ], [ -102.29745, 21.86599 ], [ -102.29756, 21.86601 ], [ -102.29826, 21.86614 ], [ -102.29924, 21.86631 ], [ -102.29945, 21.86632 ], [ -102.3006, 21.86649 ], [ -102.30099, 21.86658 ], [ -102.30173, 21.86673 ], [ -102.30197, 21.86678 ], [ -102.30214, 21.86682 ], [ -102.30287, 21.86696 ], [ -102.30301, 21.86699 ], [ -102.30372, 21.86711 ], [ -102.30413, 21.86718 ], [ -102.30523, 21.86737 ], [ -102.30642, 21.86757 ], [ -102.30754, 21.86776 ], [ -102.30823, 21.86787 ], [ -102.30845, 21.86791 ], [ -102.30874, 21.86795 ], [ -102.30889, 21.86798 ], [ -102.30921, 21.86807 ], [ -102.30944, 21.86818 ], [ -102.30963, 21.86828 ], [ -102.30977, 21.86839 ], [ -102.30991, 21.86851 ], [ -102.31004, 21.86867 ], [ -102.31011, 21.86876 ], [ -102.31019, 21.86891 ], [ -102.31026, 21.86906 ], [ -102.31037, 21.86939 ], [ -102.31065, 21.87021 ], [ -102.3108, 21.87066 ], [ -102.3108, 21.87068 ], [ -102.31083, 21.87076 ], [ -102.31094, 21.87121 ], [ -102.31096, 21.87128 ], [ -102.31098, 21.87136 ], [ -102.31104, 21.87155 ], [ -102.31104, 21.87156 ], [ -102.31112, 21.87182 ], [ -102.31113, 21.87184 ], [ -102.31121, 21.87211 ], [ -102.31151, 21.87297 ], [ -102.3116, 21.87321 ], [ -102.31167, 21.87342 ], [ -102.31191, 21.87447 ], [ -102.31193, 21.87455 ], [ -102.31198, 21.87507 ], [ -102.31205, 21.87622 ], [ -102.31206, 21.87644 ], [ -102.31207, 21.87662 ], [ -102.31213, 21.87728 ], [ -102.31216, 21.87764 ], [ -102.31225, 21.87857 ], [ -102.31228, 21.87894 ], [ -102.31232, 21.87956 ], [ -102.31234, 21.88002 ], [ -102.31235, 21.88063 ], [ -102.31235, 21.88093 ], [ -102.31234, 21.88178 ], [ -102.31234, 21.88223 ], [ -102.31234, 21.88255 ], [ -102.31234, 21.88264 ], [ -102.31234, 21.88278 ], [ -102.31234, 21.88311 ], [ -102.31235, 21.8835 ], [ -102.31235, 21.88374 ], [ -102.31236, 21.88412 ], [ -102.31236, 21.88459 ], [ -102.31237, 21.8848 ], [ -102.31238, 21.88547 ], [ -102.31239, 21.88573 ], [ -102.31239, 21.88593 ], [ -102.31239, 21.88621 ], [ -102.3124, 21.88714 ], [ -102.31241, 21.88746 ], [ -102.31244, 21.88843 ], [ -102.31245, 21.88876 ], [ -102.31246, 21.88925 ], [ -102.31246, 21.88975 ], [ -102.31248, 21.89036 ], [ -102.31248, 21.89067 ], [ -102.31248, 21.89123 ], [ -102.31249, 21.89166 ], [ -102.31248, 21.89201 ], [ -102.31248, 21.89212 ], [ -102.31244, 21.89236 ], [ -102.31238, 21.8927 ], [ -102.3123, 21.893 ], [ -102.31214, 21.89341 ], [ -102.31205, 21.89361 ], [ -102.31185, 21.89398 ], [ -102.31154, 21.8944 ], [ -102.31152, 21.89445 ], [ -102.31134, 21.89463 ], [ -102.31118, 21.89481 ], [ -102.31105, 21.89494 ], [ -102.31092, 21.89503 ], [ -102.31079, 21.89514 ], [ -102.31022, 21.89553 ], [ -102.31012, 21.89561 ], [ -102.31001, 21.89567 ], [ -102.30985, 21.89574 ], [ -102.30944, 21.89589 ], [ -102.30929, 21.89595 ], [ -102.30903, 21.89603 ], [ -102.30875, 21.89609 ], [ -102.30866, 21.89612 ], [ -102.30836, 21.8962 ], [ -102.30731, 21.89648 ], [ -102.30676, 21.89664 ], [ -102.30584, 21.8969 ], [ -102.30566, 21.89695 ], [ -102.30504, 21.89713 ], [ -102.30474, 21.89722 ], [ -102.30459, 21.89726 ], [ -102.30465, 21.89736 ], [ -102.30478, 21.89761 ], [ -102.30489, 21.89782 ], [ -102.30506, 21.89818 ], [ -102.30511, 21.89826 ], [ -102.30524, 21.89851 ], [ -102.30539, 21.8988 ], [ -102.30551, 21.89901 ], [ -102.30561, 21.89918 ], [ -102.30579, 21.89952 ], [ -102.30589, 21.8997 ], [ -102.30603, 21.89995 ], [ -102.3061, 21.90009 ], [ -102.30621, 21.90032 ], [ -102.30669, 21.90118 ], [ -102.30696, 21.90169 ], [ -102.30712, 21.90195 ], [ -102.30724, 21.90214 ], [ -102.30737, 21.90239 ], [ -102.30749, 21.90268 ], [ -102.30761, 21.90292 ], [ -102.3077, 21.90307 ], [ -102.30802, 21.90367 ], [ -102.30854, 21.90479 ], [ -102.30879, 21.90533 ], [ -102.30921, 21.90625 ], [ -102.30968, 21.90724 ], [ -102.30984, 21.90755 ], [ -102.30997, 21.90784 ], [ -102.31, 21.90793 ], [ -102.31016, 21.90827 ], [ -102.31042, 21.90884 ], [ -102.31051, 21.90906 ], [ -102.31066, 21.90937 ], [ -102.31069, 21.90945 ], [ -102.31076, 21.90962 ], [ -102.31135, 21.91085 ], [ -102.31168, 21.91157 ], [ -102.31191, 21.91212 ], [ -102.31197, 21.91231 ], [ -102.31212, 21.91267 ], [ -102.31225, 21.913 ], [ -102.31233, 21.91318 ], [ -102.31244, 21.91347 ], [ -102.31253, 21.91369 ], [ -102.31273, 21.91424 ], [ -102.31276, 21.91431 ], [ -102.31297, 21.91487 ], [ -102.313, 21.91495 ], [ -102.31309, 21.91517 ], [ -102.31311, 21.91522 ], [ -102.31327, 21.91558 ], [ -102.31345, 21.91599 ], [ -102.31357, 21.9163 ], [ -102.31359, 21.91637 ], [ -102.31362, 21.91646 ], [ -102.31364, 21.91654 ], [ -102.31372, 21.91676 ], [ -102.31373, 21.91679 ], [ -102.31394, 21.91731 ], [ -102.31406, 21.9176 ], [ -102.31412, 21.91778 ], [ -102.31414, 21.91782 ], [ -102.31431, 21.91822 ], [ -102.31434, 21.91829 ], [ -102.31455, 21.91892 ], [ -102.31486, 21.91955 ], [ -102.31491, 21.91964 ], [ -102.31524, 21.92028 ], [ -102.31557, 21.92088 ], [ -102.31582, 21.92135 ], [ -102.31602, 21.92173 ], [ -102.31638, 21.92247 ], [ -102.3164, 21.92251 ], [ -102.31648, 21.92266 ], [ -102.31664, 21.92294 ], [ -102.31689, 21.92339 ], [ -102.31735, 21.92426 ], [ -102.3174, 21.92437 ], [ -102.31752, 21.92461 ], [ -102.31769, 21.92495 ], [ -102.31781, 21.92516 ], [ -102.31797, 21.9255 ], [ -102.31835, 21.92631 ], [ -102.31848, 21.92655 ], [ -102.31877, 21.9271 ], [ -102.31901, 21.92758 ], [ -102.31905, 21.92768 ], [ -102.31949, 21.92849 ], [ -102.31965, 21.92878 ], [ -102.3199, 21.92927 ], [ -102.31994, 21.92937 ], [ -102.3202, 21.92992 ], [ -102.3206, 21.93073 ], [ -102.32076, 21.93103 ], [ -102.32078, 21.93107 ], [ -102.32086, 21.9312 ], [ -102.32102, 21.93145 ], [ -102.32107, 21.93152 ], [ -102.32116, 21.93164 ], [ -102.32131, 21.93181 ], [ -102.32145, 21.93197 ], [ -102.32231, 21.93299 ], [ -102.32243, 21.93313 ], [ -102.32286, 21.93364 ], [ -102.32302, 21.93385 ], [ -102.32309, 21.93396 ], [ -102.32332, 21.93433 ], [ -102.32366, 21.93491 ], [ -102.32372, 21.93504 ], [ -102.32396, 21.93552 ], [ -102.32401, 21.93565 ], [ -102.32406, 21.93574 ], [ -102.32412, 21.93585 ], [ -102.32416, 21.93592 ], [ -102.32426, 21.93607 ], [ -102.32434, 21.93623 ], [ -102.32457, 21.93669 ], [ -102.32475, 21.93715 ], [ -102.3248, 21.93727 ], [ -102.32497, 21.93761 ], [ -102.32497, 21.93763 ], [ -102.32509, 21.93791 ], [ -102.32557, 21.93907 ], [ -102.32568, 21.93933 ], [ -102.32583, 21.9397 ], [ -102.32604, 21.94022 ], [ -102.32678, 21.94195 ], [ -102.3269, 21.94216 ], [ -102.32693, 21.94221 ], [ -102.32709, 21.94247 ], [ -102.32711, 21.94249 ], [ -102.32726, 21.9427 ], [ -102.32739, 21.94288 ], [ -102.32757, 21.9431 ], [ -102.32761, 21.94316 ], [ -102.32801, 21.94365 ], [ -102.33013, 21.94623 ], [ -102.33052, 21.94675 ], [ -102.33125, 21.94764 ], [ -102.33131, 21.94772 ], [ -102.33154, 21.94802 ], [ -102.33163, 21.94813 ], [ -102.3317, 21.94822 ], [ -102.33175, 21.94828 ], [ -102.33179, 21.94834 ], [ -102.33264, 21.94942 ], [ -102.33311, 21.95 ], [ -102.33335, 21.95028 ], [ -102.33438, 21.95157 ], [ -102.33477, 21.95206 ], [ -102.33499, 21.95232 ], [ -102.33535, 21.95267 ], [ -102.33536, 21.95268 ], [ -102.33548, 21.95281 ], [ -102.33549, 21.95281 ], [ -102.33549, 21.95282 ], [ -102.3355, 21.95283 ], [ -102.3356, 21.95291 ], [ -102.33578, 21.95306 ], [ -102.336, 21.95323 ], [ -102.33624, 21.95344 ], [ -102.33661, 21.95374 ], [ -102.33692, 21.95399 ], [ -102.33736, 21.95437 ], [ -102.33757, 21.95454 ], [ -102.33785, 21.95479 ], [ -102.33793, 21.95486 ], [ -102.33798, 21.95491 ], [ -102.338, 21.95492 ], [ -102.338, 21.95493 ], [ -102.33813, 21.95507 ], [ -102.33814, 21.95508 ], [ -102.3383, 21.95522 ], [ -102.33863, 21.9555 ], [ -102.33898, 21.95579 ], [ -102.33918, 21.95597 ], [ -102.33936, 21.95612 ], [ -102.33959, 21.95632 ], [ -102.33981, 21.95651 ], [ -102.34002, 21.95669 ], [ -102.34038, 21.95699 ], [ -102.34071, 21.95727 ], [ -102.34073, 21.95728 ], [ -102.34099, 21.95751 ], [ -102.34109, 21.95758 ], [ -102.3413, 21.95776 ], [ -102.34169, 21.95807 ], [ -102.34211, 21.95842 ], [ -102.34231, 21.95859 ], [ -102.34261, 21.95889 ], [ -102.34267, 21.95897 ], [ -102.34275, 21.95907 ], [ -102.34286, 21.95924 ], [ -102.34295, 21.95942 ], [ -102.34307, 21.9597 ], [ -102.34312, 21.95987 ], [ -102.34313, 21.95997 ], [ -102.34313, 21.96008 ], [ -102.3431, 21.96024 ], [ -102.343, 21.96058 ], [ -102.34275, 21.96149 ], [ -102.34247, 21.96231 ], [ -102.34213, 21.96313 ], [ -102.34192, 21.96368 ], [ -102.34163, 21.96432 ], [ -102.34122, 21.96521 ], [ -102.34236, 21.96544 ], [ -102.34309, 21.96551 ], [ -102.34365, 21.96557 ], [ -102.34458, 21.96567 ], [ -102.34508, 21.96575 ], [ -102.34552, 21.96586 ], [ -102.34639, 21.96604 ], [ -102.3466, 21.96608 ], [ -102.3473, 21.96624 ], [ -102.34735, 21.96625 ], [ -102.34812, 21.96642 ], [ -102.34935, 21.9667 ], [ -102.34977, 21.96681 ], [ -102.35038, 21.96692 ], [ -102.35097, 21.96704 ], [ -102.35093, 21.96784 ], [ -102.35088, 21.96844 ], [ -102.35083, 21.96916 ], [ -102.35082, 21.96979 ], [ -102.35081, 21.96985 ], [ -102.350773, 21.970079 ], [ -102.350638, 21.971322 ], [ -102.350609, 21.971534 ], [ -102.350555, 21.971766 ], [ -102.35053, 21.971856 ], [ -102.349198, 21.971645 ] ] } },
{ "type": "Feature", "properties": { "route_id": "R_34", "route_short_name": "R34", "route_long_name": "R-34", "route_km": 23.538149389831766, "n_stops": 117, "straight_line_km": 15.879114157678824, "connects_to_existing": true, "total_score": 0.12289828880627857, "pareto_rank": 4, "feasible": false, "flag": "Low demand", "detour_ratio": 1.482, "n_served_agebs": 40, "f1_demand_gain": 0.012461362247101208, "f3_equity": 0.22635268589776839 }, "geometry": { "type": "LineString", "coordinates": [ [ -102.258658, 21.942817 ], [ -102.260085, 21.941851 ], [ -102.260171, 21.941762 ], [ -102.260205, 21.941672 ], [ -102.259852, 21.941188 ], [ -102.259477, 21.940708 ], [ -102.2594, 21.94062 ], [ -102.25916, 21.94032 ], [ -102.25892, 21.94002 ], [ -102.25926, 21.93978 ], [ -102.2596, 21.93955 ], [ -102.25991, 21.93935 ], [ -102.26023, 21.9391 ], [ -102.26055, 21.93888 ], [ -102.26085, 21.93866 ], [ -102.26094, 21.93861 ], [ -102.26132, 21.93831 ], [ -102.26157, 21.93793 ], [ -102.26179, 21.93762 ], [ -102.262, 21.9373 ], [ -102.2622, 21.93697 ], [ -102.26241, 21.93665 ], [ -102.26261, 21.9363 ], [ -102.2627, 21.93614 ], [ -102.26281, 21.93597 ], [ -102.26314, 21.93544 ], [ -102.26317, 21.93539 ], [ -102.26369, 21.93468 ], [ -102.26432, 21.93373 ], [ -102.26438, 21.93363 ], [ -102.26466, 21.93317 ], [ -102.26499, 21.93265 ], [ -102.26521, 21.93232 ], [ -102.26542, 21.93201 ], [ -102.26562, 21.93168 ], [ -102.26584, 21.93133 ], [ -102.26606, 21.93098 ], [ -102.26625, 21.93067 ], [ -102.26617, 21.93062 ], [ -102.26557, 21.93032 ], [ -102.26503, 21.93002 ], [ -102.26425, 21.92957 ], [ -102.26363, 21.92923 ], [ -102.26281, 21.92878 ], [ -102.26264, 21.92869 ], [ -102.26214, 21.92843 ], [ -102.26236, 21.92809 ], [ -102.26256, 21.92776 ], [ -102.26275, 21.92744 ], [ -102.26277, 21.92742 ], [ -102.26333, 21.92654 ], [ -102.26354, 21.9262 ], [ -102.26375, 21.92587 ], [ -102.26383, 21.92576 ], [ -102.26386, 21.92571 ], [ -102.26392, 21.92564 ], [ -102.26398, 21.92558 ], [ -102.26505, 21.92649 ], [ -102.26515, 21.92657 ], [ -102.26519, 21.92661 ], [ -102.26538, 21.92675 ], [ -102.26543, 21.92676 ], [ -102.26545, 21.92677 ], [ -102.2655, 21.92678 ], [ -102.26553, 21.92679 ], [ -102.26567, 21.92684 ], [ -102.26574, 21.9269 ], [ -102.26589, 21.92704 ], [ -102.26632, 21.92741 ], [ -102.26646, 21.92753 ], [ -102.26678, 21.92779 ], [ -102.2669, 21.92773 ], [ -102.26672, 21.92759 ], [ -102.26643, 21.92734 ], [ -102.26651, 21.92728 ], [ -102.26618, 21.92699 ], [ -102.26576, 21.92662 ], [ -102.26555, 21.92642 ], [ -102.26551, 21.92639 ], [ -102.26547, 21.92636 ], [ -102.26444, 21.92552 ], [ -102.26432, 21.925343 ], [ -102.264332, 21.925255 ], [ -102.264876, 21.924806 ], [ -102.266708, 21.923407 ], [ -102.266967, 21.923235 ], [ -102.267229, 21.923134 ], [ -102.267577, 21.923114 ], [ -102.268044, 21.923194 ], [ -102.269092, 21.923355 ], [ -102.270327, 21.923538 ], [ -102.270834, 21.923505 ], [ -102.272066, 21.922787 ], [ -102.273162, 21.922318 ], [ -102.27367, 21.92228 ], [ -102.27427, 21.92226 ], [ -102.27455, 21.92224 ], [ -102.27554, 21.92223 ], [ -102.27605, 21.92221 ], [ -102.27657, 21.92221 ], [ -102.277171, 21.922229 ], [ -102.27892, 21.92424 ], [ -102.27895, 21.92445 ], [ -102.27895, 21.92462 ], [ -102.27892, 21.92518 ], [ -102.27894, 21.9253 ], [ -102.27893, 21.92548 ], [ -102.27892, 21.92564 ], [ -102.2797, 21.92569 ], [ -102.27973, 21.92569 ], [ -102.27983, 21.92571 ], [ -102.27992, 21.92572 ], [ -102.28001, 21.92575 ], [ -102.28069, 21.92602 ], [ -102.28094, 21.92635 ], [ -102.281, 21.92644 ], [ -102.28168, 21.92719 ], [ -102.28248, 21.92804 ], [ -102.2829, 21.92846 ], [ -102.28325, 21.92886 ], [ -102.28331, 21.92891 ], [ -102.28339, 21.92899 ], [ -102.28345, 21.92903 ], [ -102.28351, 21.92906 ], [ -102.28364, 21.92912 ], [ -102.28368, 21.92895 ], [ -102.28373, 21.92872 ], [ -102.28387, 21.92818 ], [ -102.28398, 21.92766 ], [ -102.28405, 21.92731 ], [ -102.28413, 21.92701 ], [ -102.28442, 21.9258 ], [ -102.2845, 21.92553 ], [ -102.28457, 21.92525 ], [ -102.28477, 21.9244 ], [ -102.28484, 21.92408 ], [ -102.28495, 21.92352 ], [ -102.28504, 21.92313 ], [ -102.2851, 21.92286 ], [ -102.28524, 21.9223 ], [ -102.28529, 21.92208 ], [ -102.28533, 21.92194 ], [ -102.28537, 21.92177 ], [ -102.28547, 21.9213 ], [ -102.28556, 21.92079 ], [ -102.2857, 21.92004 ], [ -102.28578, 21.91965 ], [ -102.28582, 21.91939 ], [ -102.28586, 21.91913 ], [ -102.28602, 21.91833 ], [ -102.28614, 21.91772 ], [ -102.2862, 21.91745 ], [ -102.28627, 21.91707 ], [ -102.28653, 21.91572 ], [ -102.2866, 21.91537 ], [ -102.2868, 21.91538 ], [ -102.2869, 21.91539 ], [ -102.28709, 21.9154 ], [ -102.2872, 21.9154 ], [ -102.2874, 21.91541 ], [ -102.28776, 21.91542 ], [ -102.28815, 21.91543 ], [ -102.2882, 21.91543 ], [ -102.28882, 21.91547 ], [ -102.29001, 21.91553 ], [ -102.29023, 21.91553 ], [ -102.29034, 21.91553 ], [ -102.29047, 21.91553 ], [ -102.29061, 21.9155 ], [ -102.29093, 21.91552 ], [ -102.29098, 21.91552 ], [ -102.29134, 21.91554 ], [ -102.2918, 21.91555 ], [ -102.2919, 21.91555 ], [ -102.29193, 21.91555 ], [ -102.29202, 21.91556 ], [ -102.29213, 21.91556 ], [ -102.29214, 21.91549 ], [ -102.29214, 21.91542 ], [ -102.29215, 21.91536 ], [ -102.29216, 21.91516 ], [ -102.29217, 21.91501 ], [ -102.29218, 21.91486 ], [ -102.29218, 21.9142 ], [ -102.29221, 21.9132 ], [ -102.29222, 21.91263 ], [ -102.29222, 21.91258 ], [ -102.29221, 21.91257 ], [ -102.29221, 21.91256 ], [ -102.29217, 21.91252 ], [ -102.29221, 21.91183 ], [ -102.29223, 21.91153 ], [ -102.29223, 21.9115 ], [ -102.29226, 21.91102 ], [ -102.29229, 21.91032 ], [ -102.29234, 21.90929 ], [ -102.29236, 21.90892 ], [ -102.29241, 21.90798 ], [ -102.29242, 21.90762 ], [ -102.29244, 21.90727 ], [ -102.29244, 21.90724 ], [ -102.29247, 21.9067 ], [ -102.29248, 21.90649 ], [ -102.29249, 21.90636 ], [ -102.29252, 21.90574 ], [ -102.29252, 21.9056 ], [ -102.29252, 21.90549 ], [ -102.29253, 21.90541 ], [ -102.29258, 21.90407 ], [ -102.29259, 21.90391 ], [ -102.29268, 21.90191 ], [ -102.29269, 21.9015 ], [ -102.29272, 21.9009 ], [ -102.29273, 21.90067 ], [ -102.29271, 21.90048 ], [ -102.29267, 21.90016 ], [ -102.29267, 21.90006 ], [ -102.29264, 21.89951 ], [ -102.29266, 21.89891 ], [ -102.29268, 21.89857 ], [ -102.29269, 21.8983 ], [ -102.29271, 21.89773 ], [ -102.29272, 21.89749 ], [ -102.29273, 21.8972 ], [ -102.29275, 21.89677 ], [ -102.29278, 21.89612 ], [ -102.29279, 21.89606 ], [ -102.2928, 21.89558 ], [ -102.29283, 21.89506 ], [ -102.29283, 21.895 ], [ -102.29283, 21.89466 ], [ -102.29284, 21.89441 ], [ -102.29284, 21.89435 ], [ -102.29285, 21.89431 ], [ -102.29286, 21.89426 ], [ -102.29287, 21.8942 ], [ -102.29288, 21.89416 ], [ -102.29289, 21.89412 ], [ -102.2929, 21.89408 ], [ -102.29297, 21.8939 ], [ -102.29308, 21.89361 ], [ -102.29313, 21.89351 ], [ -102.29318, 21.89342 ], [ -102.29319, 21.8934 ], [ -102.29328, 21.89327 ], [ -102.29347, 21.89304 ], [ -102.29377, 21.89263 ], [ -102.29382, 21.89255 ], [ -102.29403, 21.8923 ], [ -102.29408, 21.89225 ], [ -102.29441, 21.89189 ], [ -102.29466, 21.89164 ], [ -102.29474, 21.89157 ], [ -102.29491, 21.89143 ], [ -102.295, 21.89136 ], [ -102.295052, 21.891257 ], [ -102.295082, 21.891092 ], [ -102.295095, 21.890943 ], [ -102.295101, 21.890814 ], [ -102.295126, 21.890354 ], [ -102.295135, 21.89005 ], [ -102.295171, 21.889892 ], [ -102.295221, 21.889799 ], [ -102.295482, 21.889363 ], [ -102.29587, 21.888748 ], [ -102.296205, 21.888229 ], [ -102.296515, 21.887742 ], [ -102.296751, 21.887331 ], [ -102.296832, 21.887165 ], [ -102.29687, 21.887058 ], [ -102.296875, 21.887008 ], [ -102.296841, 21.88695 ], [ -102.29676, 21.886917 ], [ -102.296675, 21.88689 ], [ -102.296578, 21.886856 ], [ -102.296445, 21.886813 ], [ -102.296399, 21.886763 ], [ -102.296374, 21.886714 ], [ -102.29635, 21.88667 ], [ -102.29627, 21.88641 ], [ -102.29572, 21.88495 ], [ -102.29571, 21.88491 ], [ -102.2957, 21.88488 ], [ -102.29569, 21.88485 ], [ -102.29531, 21.88407 ], [ -102.29531, 21.88373 ], [ -102.29509, 21.88303 ], [ -102.29507, 21.88299 ], [ -102.29484, 21.88225 ], [ -102.29456, 21.88148 ], [ -102.2944, 21.88086 ], [ -102.2944, 21.88083 ], [ -102.29438, 21.88078 ], [ -102.29417, 21.88018 ], [ -102.29397, 21.8795 ], [ -102.29384, 21.87916 ], [ -102.29381, 21.87909 ], [ -102.29378, 21.87901 ], [ -102.29371, 21.87888 ], [ -102.29369, 21.8788 ], [ -102.29367, 21.87874 ], [ -102.29361, 21.87857 ], [ -102.29359, 21.87852 ], [ -102.29334, 21.87765 ], [ -102.29315, 21.87715 ], [ -102.29285, 21.8762 ], [ -102.29264, 21.87552 ], [ -102.29259, 21.87536 ], [ -102.29238, 21.87471 ], [ -102.29237, 21.87467 ], [ -102.29236, 21.87462 ], [ -102.29215, 21.87386 ], [ -102.29208, 21.87358 ], [ -102.29207, 21.87343 ], [ -102.29206, 21.87337 ], [ -102.29204, 21.87327 ], [ -102.29191, 21.87277 ], [ -102.29188, 21.87267 ], [ -102.29186, 21.87263 ], [ -102.29184, 21.87258 ], [ -102.29179, 21.87249 ], [ -102.29295, 21.87225 ], [ -102.29304, 21.87223 ], [ -102.29314, 21.87221 ], [ -102.29342, 21.87213 ], [ -102.29357, 21.87206 ], [ -102.29362, 21.87204 ], [ -102.29381, 21.87195 ], [ -102.29394, 21.87188 ], [ -102.29412, 21.87178 ], [ -102.29423, 21.87171 ], [ -102.29454, 21.87149 ], [ -102.29467, 21.87137 ], [ -102.29475, 21.87129 ], [ -102.29505, 21.87095 ], [ -102.29515, 21.8708 ], [ -102.29514, 21.87073 ], [ -102.29504, 21.87002 ], [ -102.29495, 21.86949 ], [ -102.29485, 21.86888 ], [ -102.29476, 21.86825 ], [ -102.29467, 21.86778 ], [ -102.29459, 21.86733 ], [ -102.29454, 21.86706 ], [ -102.29452, 21.86691 ], [ -102.29449, 21.86672 ], [ -102.29448, 21.86667 ], [ -102.29442, 21.8663 ], [ -102.29438, 21.86612 ], [ -102.29431, 21.86571 ], [ -102.29437, 21.86563 ], [ -102.29438, 21.86561 ], [ -102.29442, 21.86557 ], [ -102.29449, 21.86552 ], [ -102.29451, 21.86553 ], [ -102.29482, 21.86559 ], [ -102.29555, 21.86572 ], [ -102.29564, 21.86573 ], [ -102.29704, 21.86598 ], [ -102.29724, 21.86601 ], [ -102.29731, 21.86602 ], [ -102.29733, 21.86602 ], [ -102.29745, 21.86599 ], [ -102.29756, 21.86601 ], [ -102.298206, 21.8661 ], [ -102.298352, 21.866008 ], [ -102.298438, 21.865681 ], [ -102.298772, 21.863913 ], [ -102.29904, 21.86328 ], [ -102.2994, 21.86272 ], [ -102.29979, 21.8621 ], [ -102.30013, 21.86158 ], [ -102.30037, 21.86121 ], [ -102.30042, 21.86113 ], [ -102.300687, 21.860859 ], [ -102.300864, 21.860768 ], [ -102.301012, 21.860703 ], [ -102.301138, 21.860571 ], [ -102.301167, 21.860413 ], [ -102.301119, 21.860212 ], [ -102.300983, 21.860104 ], [ -102.300563, 21.860089 ], [ -102.300563, 21.860085 ], [ -102.300011, 21.859995 ], [ -102.29942, 21.8598 ], [ -102.29927, 21.85972 ], [ -102.29916, 21.85965 ], [ -102.29912, 21.859506 ], [ -102.29911, 21.85936 ], [ -102.29914, 21.85931 ], [ -102.2992, 21.85922 ], [ -102.29927, 21.8591 ], [ -102.29953, 21.85867 ], [ -102.29983, 21.85819 ], [ -102.30045, 21.85721 ], [ -102.30071, 21.85676 ], [ -102.30089, 21.85642 ], [ -102.30092, 21.85635 ], [ -102.30097, 21.85616 ], [ -102.30098, 21.85613 ], [ -102.30104, 21.85583 ], [ -102.30108, 21.85534 ], [ -102.3011, 21.85468 ], [ -102.30112, 21.85452 ], [ -102.30112, 21.8544 ], [ -102.30113, 21.85423 ], [ -102.30114, 21.85411 ], [ -102.30116, 21.8541 ], [ -102.30117, 21.8541 ], [ -102.30118, 21.85409 ], [ -102.30119, 21.85408 ], [ -102.3012, 21.85407 ], [ -102.30121, 21.85406 ], [ -102.30121, 21.85405 ], [ -102.30122, 21.85404 ], [ -102.30123, 21.85403 ], [ -102.30123, 21.85402 ], [ -102.30124, 21.854 ], [ -102.30124, 21.85399 ], [ -102.30124, 21.85398 ], [ -102.30124, 21.85396 ], [ -102.30124, 21.85395 ], [ -102.30124, 21.85394 ], [ -102.30124, 21.85393 ], [ -102.30124, 21.85391 ], [ -102.30123, 21.8539 ], [ -102.30123, 21.85389 ], [ -102.30122, 21.85389 ], [ -102.30122, 21.85388 ], [ -102.30121, 21.85387 ], [ -102.30121, 21.85386 ], [ -102.3012, 21.85385 ], [ -102.30119, 21.85384 ], [ -102.30118, 21.85383 ], [ -102.30117, 21.85382 ], [ -102.30116, 21.85382 ], [ -102.30115, 21.85381 ], [ -102.30114, 21.85381 ], [ -102.30113, 21.8538 ], [ -102.30112, 21.85379 ], [ -102.30112, 21.85378 ], [ -102.30111, 21.85378 ], [ -102.30111, 21.85377 ], [ -102.30112, 21.85374 ], [ -102.30117, 21.85335 ], [ -102.30117, 21.85331 ], [ -102.30116, 21.85327 ], [ -102.30116, 21.85317 ], [ -102.30101, 21.85298 ], [ -102.30097, 21.85292 ], [ -102.30095, 21.85287 ], [ -102.30094, 21.85269 ], [ -102.301005, 21.852205 ], [ -102.300859, 21.852196 ], [ -102.300138, 21.852144 ], [ -102.299711, 21.852101 ], [ -102.299782, 21.85168 ], [ -102.299766, 21.850724 ], [ -102.29974, 21.850356 ], [ -102.299739, 21.849735 ], [ -102.299733, 21.849163 ], [ -102.299818, 21.848255 ], [ -102.299736, 21.847762 ], [ -102.29958, 21.847328 ], [ -102.299245, 21.846381 ], [ -102.299212, 21.845164 ], [ -102.299178, 21.844908 ], [ -102.299169, 21.844763 ], [ -102.299077, 21.842158 ], [ -102.299065, 21.841725 ], [ -102.297364, 21.841589 ], [ -102.296479, 21.841522 ], [ -102.293691, 21.841323 ], [ -102.29364, 21.84048 ], [ -102.29364, 21.84001 ], [ -102.29363, 21.83954 ], [ -102.29364, 21.83933 ], [ -102.29363, 21.83819 ], [ -102.29362, 21.83716 ], [ -102.29362, 21.83654 ], [ -102.29362, 21.83616 ], [ -102.29362, 21.83582 ], [ -102.29363, 21.83541 ], [ -102.293623, 21.834961 ], [ -102.29362, 21.83422 ], [ -102.29361, 21.83373 ], [ -102.29364, 21.83263 ], [ -102.29364, 21.83223 ], [ -102.29367, 21.83188 ], [ -102.29368, 21.83184 ], [ -102.2937, 21.83177 ], [ -102.29372, 21.83142 ], [ -102.2938, 21.82947 ], [ -102.29381, 21.8293 ], [ -102.29381, 21.82927 ], [ -102.29382, 21.82918 ], [ -102.29383, 21.82906 ], [ -102.29383, 21.82903 ], [ -102.29387, 21.82848 ], [ -102.2939, 21.82803 ], [ -102.29391, 21.82791 ], [ -102.29395, 21.82701 ], [ -102.29397, 21.82629 ], [ -102.29398, 21.82587 ], [ -102.29405, 21.82435 ], [ -102.29412, 21.8228 ], [ -102.29417, 21.8216 ], [ -102.29416, 21.82154 ], [ -102.29414, 21.82147 ], [ -102.293729, 21.81863 ], [ -102.293507, 21.816878 ], [ -102.293326, 21.816023 ], [ -102.293141, 21.815122 ], [ -102.292558, 21.812668 ], [ -102.292339, 21.811718 ], [ -102.29179, 21.80926 ], [ -102.291806, 21.809078 ], [ -102.291839, 21.808953 ], [ -102.291933, 21.808818 ], [ -102.292048, 21.808756 ], [ -102.292544, 21.808681 ], [ -102.29334, 21.808602 ], [ -102.293966, 21.808571 ], [ -102.294414, 21.808548 ], [ -102.294905, 21.808558 ], [ -102.295329, 21.808555 ], [ -102.295764, 21.808616 ], [ -102.296465, 21.808734 ], [ -102.297032, 21.808903 ], [ -102.297523, 21.808965 ], [ -102.297546, 21.808965 ], [ -102.298159, 21.809072 ], [ -102.298595, 21.809164 ], [ -102.299065, 21.809163 ], [ -102.299311, 21.809104 ], [ -102.299424, 21.808959 ], [ -102.299515, 21.808624 ], [ -102.29965, 21.808438 ], [ -102.300196, 21.807632 ], [ -102.30058, 21.807033 ], [ -102.300839, 21.806642 ], [ -102.301198, 21.80613 ], [ -102.301912, 21.804888 ], [ -102.301879, 21.804693 ], [ -102.301572, 21.804534 ], [ -102.301089, 21.80429 ], [ -102.300804, 21.804162 ], [ -102.300398, 21.804052 ], [ -102.300004, 21.803953 ], [ -102.299554, 21.803914 ], [ -102.299115, 21.803876 ], [ -102.298588, 21.803866 ], [ -102.298035, 21.804038 ], [ -102.297038, 21.804366 ] ] } },
{ "type": "Feature", "properties": { "route_id": "R_35", "route_short_name": "R35", "route_long_name": "R-35", "route_km": 21.209597178075331, "n_stops": 88, "straight_line_km": 12.238160122489111, "connects_to_existing": true, "total_score": 0.13604679748650142, "pareto_rank": 5, "feasible": false, "flag": "Indirect", "detour_ratio": 1.733, "n_served_agebs": 35, "f1_demand_gain": 0.0030262714795558196, "f3_equity": 0.23906867663029349 }, "geometry": { "type": "LineString", "coordinates": [ [ -102.251295, 21.831935 ], [ -102.250871, 21.832341 ], [ -102.250769, 21.832421 ], [ -102.250614, 21.832636 ], [ -102.250446, 21.83291 ], [ -102.25031, 21.833148 ], [ -102.250166, 21.833458 ], [ -102.25001, 21.833768 ], [ -102.250001, 21.833783 ], [ -102.249812, 21.834058 ], [ -102.249693, 21.834264 ], [ -102.249557, 21.834555 ], [ -102.249401, 21.835021 ], [ -102.249257, 21.835594 ], [ -102.249165, 21.835792 ], [ -102.248985, 21.836059 ], [ -102.248958, 21.836307 ], [ -102.249053, 21.836569 ], [ -102.249075, 21.836614 ], [ -102.249158, 21.836918 ], [ -102.249048, 21.8384 ], [ -102.249013, 21.839352 ], [ -102.249019, 21.840045 ], [ -102.249149, 21.84046 ], [ -102.249333, 21.840717 ], [ -102.249528, 21.840877 ], [ -102.249882, 21.841095 ], [ -102.250624, 21.841487 ], [ -102.250901, 21.841675 ], [ -102.250888, 21.841809 ], [ -102.249469, 21.843912 ], [ -102.24825, 21.845338 ], [ -102.247977, 21.845733 ], [ -102.247498, 21.846526 ], [ -102.245114, 21.850472 ], [ -102.246441, 21.849994 ], [ -102.247961, 21.849566 ], [ -102.24833, 21.849513 ], [ -102.248688, 21.849542 ], [ -102.249266, 21.849698 ], [ -102.249671, 21.849808 ], [ -102.25009, 21.849877 ], [ -102.250556, 21.849893 ], [ -102.252974, 21.85005 ], [ -102.253065, 21.8501 ], [ -102.253106, 21.850156 ], [ -102.253136, 21.850213 ], [ -102.253153, 21.850291 ], [ -102.25314, 21.850351 ], [ -102.252395, 21.852184 ], [ -102.252196, 21.852678 ], [ -102.251548, 21.853621 ], [ -102.251168, 21.853892 ], [ -102.250618, 21.854331 ], [ -102.250179, 21.854643 ], [ -102.249789, 21.854972 ], [ -102.249108, 21.855525 ], [ -102.248821, 21.855738 ], [ -102.248625, 21.855889 ], [ -102.248202, 21.856481 ], [ -102.24755, 21.85734 ], [ -102.246594, 21.858602 ], [ -102.245755, 21.859676 ], [ -102.245699, 21.859743 ], [ -102.244477, 21.861313 ], [ -102.24417, 21.861828 ], [ -102.2438, 21.862225 ], [ -102.243141, 21.86335 ], [ -102.242889, 21.8637 ], [ -102.242285, 21.865262 ], [ -102.243068, 21.865788 ], [ -102.243482, 21.866097 ], [ -102.24394, 21.866409 ], [ -102.244377, 21.86671 ], [ -102.244656, 21.866936 ], [ -102.24433, 21.86778 ], [ -102.246126, 21.868481 ], [ -102.246643, 21.868805 ], [ -102.25106, 21.871429 ], [ -102.251094, 21.871511 ], [ -102.251104, 21.871592 ], [ -102.251094, 21.871658 ], [ -102.251048, 21.871711 ], [ -102.249361, 21.872285 ], [ -102.248454, 21.872603 ], [ -102.248305, 21.872669 ], [ -102.248109, 21.872779 ], [ -102.247991, 21.872865 ], [ -102.247874, 21.873026 ], [ -102.247772, 21.873187 ], [ -102.247731, 21.87334 ], [ -102.247696, 21.873564 ], [ -102.247701, 21.873829 ], [ -102.248146, 21.875024 ], [ -102.248355, 21.875528 ], [ -102.248448, 21.875683 ], [ -102.248776, 21.875932 ], [ -102.250404, 21.877113 ], [ -102.250629, 21.877346 ], [ -102.250971, 21.877911 ], [ -102.251393, 21.879183 ], [ -102.251459, 21.879559 ], [ -102.251581, 21.879856 ], [ -102.251703, 21.879986 ], [ -102.251894, 21.880149 ], [ -102.255168, 21.882531 ], [ -102.256293, 21.883398 ], [ -102.256467, 21.883594 ], [ -102.256646, 21.884044 ], [ -102.256643, 21.884302 ], [ -102.256619, 21.884562 ], [ -102.25656, 21.884738 ], [ -102.256318, 21.885119 ], [ -102.255906, 21.88564 ], [ -102.255777, 21.885856 ], [ -102.25575, 21.886127 ], [ -102.255762, 21.886386 ], [ -102.255783, 21.886515 ], [ -102.255949, 21.886956 ], [ -102.257349, 21.890563 ], [ -102.259207, 21.889957 ], [ -102.259347, 21.889859 ], [ -102.259675, 21.889513 ], [ -102.259906, 21.889267 ], [ -102.260339, 21.888911 ], [ -102.261043, 21.888431 ], [ -102.261541, 21.888146 ], [ -102.261954, 21.887886 ], [ -102.262861, 21.88726 ], [ -102.263566, 21.886753 ], [ -102.264495, 21.88611 ], [ -102.265033, 21.885724 ], [ -102.265481, 21.885538 ], [ -102.267314, 21.885127 ], [ -102.268901, 21.884799 ], [ -102.269493, 21.884664 ], [ -102.269771, 21.884767 ], [ -102.269875, 21.884824 ], [ -102.271254, 21.885701 ], [ -102.271275, 21.885672 ], [ -102.2721, 21.886173 ], [ -102.272088, 21.886195 ], [ -102.272454, 21.886435 ], [ -102.272838, 21.886675 ], [ -102.272923, 21.886757 ], [ -102.273293, 21.889091 ], [ -102.273423, 21.889687 ], [ -102.273563, 21.889967 ], [ -102.274016, 21.890653 ], [ -102.275401, 21.892446 ], [ -102.282562, 21.901375 ], [ -102.283116, 21.902032 ], [ -102.283358, 21.902269 ], [ -102.283519, 21.902385 ], [ -102.283731, 21.902503 ], [ -102.284111, 21.902638 ], [ -102.284514, 21.902722 ], [ -102.284765, 21.902733 ], [ -102.285057, 21.902677 ], [ -102.285138, 21.902662 ], [ -102.285603, 21.902542 ], [ -102.285677, 21.902525 ], [ -102.285858, 21.902486 ], [ -102.28618, 21.902438 ], [ -102.288295, 21.901915 ], [ -102.288421, 21.901984 ], [ -102.289849, 21.906374 ], [ -102.291093, 21.910181 ], [ -102.291492, 21.911164 ], [ -102.291934, 21.912648 ], [ -102.291862, 21.9149 ], [ -102.291792, 21.9156 ], [ -102.291694, 21.918217 ], [ -102.291594, 21.920797 ], [ -102.291538, 21.920922 ], [ -102.291478, 21.921725 ], [ -102.291452, 21.922891 ], [ -102.291377, 21.924648 ], [ -102.291377, 21.925312 ], [ -102.291403, 21.925415 ], [ -102.291613, 21.925491 ], [ -102.291921, 21.925549 ], [ -102.293106, 21.925502 ], [ -102.294069, 21.925445 ], [ -102.294234, 21.925468 ], [ -102.294451, 21.925468 ], [ -102.298017, 21.92529 ], [ -102.300246, 21.925115 ], [ -102.303454, 21.924942 ], [ -102.30503, 21.924854 ], [ -102.307764, 21.92468 ], [ -102.31042, 21.924529 ], [ -102.312624, 21.924417 ], [ -102.314906, 21.924249 ], [ -102.315554, 21.924156 ], [ -102.316119, 21.92413 ], [ -102.316528, 21.924176 ], [ -102.316726, 21.924218 ], [ -102.316937, 21.924265 ], [ -102.317241, 21.924296 ], [ -102.317381, 21.924312 ], [ -102.317516, 21.924234 ], [ -102.317542, 21.92413 ], [ -102.317489, 21.923996 ], [ -102.316727, 21.922542 ], [ -102.316171, 21.921481 ], [ -102.315548, 21.920339 ], [ -102.31508, 21.919463 ], [ -102.314832, 21.918902 ], [ -102.314644, 21.918448 ], [ -102.312889, 21.914187 ], [ -102.310903, 21.909443 ], [ -102.31481, 21.909542 ] ] } },
{ "type": "Feature", "properties": { "route_id": "R_36", "route_short_name": "R36", "route_long_name": "R-36", "route_km": 14.120578033854121, "n_stops": 88, "straight_line_km": 7.4929956163718368, "connects_to_existing": true, "total_score": 0.19421200961506502, "pareto_rank": 2, "feasible": false, "flag": "Indirect", "detour_ratio": 1.885, "n_served_agebs": 27, "f1_demand_gain": 0.0041264548560439188, "f3_equity": 0.23102815349788844 }, "geometry": { "type": "LineString", "coordinates": [ [ -102.2513553, 21.83202095999998 ], [ -102.2506623, 21.83259295 ], [ -102.2504868, 21.832928859999985 ], [ -102.2502873, 21.83312781 ], [ -102.2501791, 21.833372870000034 ], [ -102.2500768, 21.83364067 ], [ -102.250067, 21.833657279999979 ], [ -102.2499262, 21.83393633 ], [ -102.2497641, 21.834083229999962 ], [ -102.2494853, 21.83456349 ], [ -102.249384, 21.834933389999986 ], [ -102.2492552, 21.83538971 ], [ -102.2491574, 21.835782250000051 ], [ -102.2490461, 21.83596648 ], [ -102.248981500000014, 21.836157510000028 ], [ -102.2489656, 21.83634498 ], [ -102.2490099, 21.836518950000023 ], [ -102.2490994, 21.83675299 ], [ -102.2491374, 21.83702957 ], [ -102.2490148, 21.83857605 ], [ -102.2489654, 21.83923649 ], [ -102.2489911, 21.83968422 ], [ -102.24901850000002, 21.83999082 ], [ -102.2491034, 21.840353410000017 ], [ -102.2492364, 21.840636979999982 ], [ -102.2494367, 21.84086192 ], [ -102.2499655, 21.841143169999985 ], [ -102.250287, 21.841361230000011 ], [ -102.250582, 21.841543110000011 ], [ -102.2509013, 21.841656420000014 ], [ -102.251098, 21.841686560000014 ], [ -102.2512742, 21.841666740000012 ], [ -102.251459, 21.84143367 ], [ -102.251631, 21.841203139999976 ], [ -102.2518208, 21.840989369999971 ], [ -102.2521265, 21.840710470000037 ], [ -102.2525055, 21.840433 ], [ -102.2528137, 21.84026375 ], [ -102.2531859, 21.840090160000013 ], [ -102.2540325, 21.83982835 ], [ -102.254182, 21.83988696 ], [ -102.2543406, 21.84048127 ], [ -102.2543693, 21.840803180000034 ], [ -102.2543337, 21.841012730000031 ], [ -102.2543043, 21.841169879999981 ], [ -102.2542536, 21.841282519999989 ], [ -102.2542049, 21.841394670000021 ], [ -102.254151, 21.84151449 ], [ -102.2540608, 21.84162524 ], [ -102.2539278, 21.84182023000001 ], [ -102.2538342, 21.84194956 ], [ -102.25363, 21.84224 ], [ -102.2534, 21.84256 ], [ -102.25312, 21.84296 ], [ -102.25292, 21.84331 ], [ -102.25286, 21.84347 ], [ -102.25282, 21.84359 ], [ -102.2528, 21.84369 ], [ -102.25271, 21.8441 ], [ -102.25261, 21.84449 ], [ -102.25255, 21.84473 ], [ -102.25251, 21.84488 ], [ -102.2524, 21.84543 ], [ -102.2522643, 21.846381550000014 ], [ -102.2521732, 21.84645294 ], [ -102.25175, 21.84638 ], [ -102.25133, 21.84629 ], [ -102.25127, 21.84627 ], [ -102.25092, 21.8462 ], [ -102.25047, 21.84612 ], [ -102.25001, 21.84602 ], [ -102.24982, 21.84599 ], [ -102.2497, 21.84598 ], [ -102.24962, 21.84598 ], [ -102.24953, 21.84598 ], [ -102.24943, 21.846 ], [ -102.24931, 21.84602 ], [ -102.24918, 21.84606 ], [ -102.24901, 21.84611 ], [ -102.24885, 21.84615 ], [ -102.2486, 21.84622 ], [ -102.2484148, 21.845659209999983 ], [ -102.248331, 21.84554525 ], [ -102.2482513, 21.84554524 ], [ -102.2479459, 21.84579301 ], [ -102.247162, 21.847104720000015 ], [ -102.2459342, 21.84903216999998 ], [ -102.2457646, 21.849276320000012 ], [ -102.24586, 21.84959 ], [ -102.2459, 21.84969 ], [ -102.2459611, 21.84982999 ], [ -102.2460567, 21.85003568 ], [ -102.2461668, 21.850088840000016 ], [ -102.2465438, 21.849932700000029 ], [ -102.24749, 21.84966 ], [ -102.24833, 21.8495 ], [ -102.24854, 21.84952 ], [ -102.24868, 21.84953 ], [ -102.24873, 21.84954 ], [ -102.24913, 21.84963 ], [ -102.24925, 21.84966 ], [ -102.2497404, 21.849787680000013 ], [ -102.2500281, 21.849829289999988 ], [ -102.2521306, 21.84997086 ], [ -102.2532365, 21.85007317 ], [ -102.25357, 21.85022 ], [ -102.25375, 21.85032 ], [ -102.25404, 21.85051 ], [ -102.25415, 21.85058 ], [ -102.25453, 21.85082 ], [ -102.25495, 21.8511 ], [ -102.25537, 21.85139 ], [ -102.2555285, 21.851441630000011 ], [ -102.2557326, 21.85151081 ], [ -102.25587, 21.85161 ], [ -102.255976, 21.85183638 ], [ -102.25604, 21.85215 ], [ -102.2561392, 21.85251673 ], [ -102.2563316, 21.85322986 ], [ -102.2566, 21.8542 ], [ -102.25669, 21.85448 ], [ -102.25673, 21.85461 ], [ -102.25685, 21.85501 ], [ -102.2569071, 21.85516320000001 ], [ -102.2569931, 21.855256050000051 ], [ -102.2571137, 21.85527236 ], [ -102.2582841, 21.85498309 ], [ -102.2596863, 21.854663340000027 ], [ -102.2604179, 21.85446351 ], [ -102.2616453, 21.854170790000016 ], [ -102.26323, 21.85377803 ], [ -102.2647887, 21.85341182 ], [ -102.2663569, 21.85301084 ], [ -102.2678456, 21.852653379999975 ], [ -102.268987, 21.852361890000015 ], [ -102.26973, 21.85222 ], [ -102.2705345, 21.85201361 ], [ -102.2710924, 21.85228138 ], [ -102.2714891, 21.85250647 ], [ -102.2715057, 21.85286568 ], [ -102.2714601, 21.85311981000001 ], [ -102.2713807, 21.85351563 ], [ -102.271251, 21.854472590000011 ], [ -102.27115910000002, 21.85535304 ], [ -102.27115, 21.85554 ], [ -102.27111, 21.85581 ], [ -102.27109, 21.85603 ], [ -102.27108, 21.85613 ], [ -102.27238, 21.85613 ], [ -102.27291, 21.85614 ], [ -102.2729, 21.85682 ], [ -102.27289, 21.85766 ], [ -102.27285, 21.85917 ], [ -102.27285, 21.85952 ], [ -102.27286, 21.85984 ], [ -102.27226, 21.85982 ], [ -102.27204, 21.85982 ], [ -102.2716, 21.85981 ], [ -102.27058, 21.85979 ], [ -102.27018, 21.85979 ], [ -102.26976, 21.85979 ], [ -102.26951, 21.85979 ], [ -102.26937, 21.85979 ], [ -102.26938, 21.8601 ], [ -102.26938, 21.86016 ], [ -102.26935, 21.86063 ], [ -102.26935, 21.86111 ], [ -102.26935, 21.86132 ], [ -102.26934, 21.86158 ], [ -102.26934, 21.86206 ], [ -102.26934, 21.86253 ], [ -102.26933, 21.86299 ], [ -102.26933, 21.86346 ], [ -102.26932, 21.86393 ], [ -102.26932, 21.86443 ], [ -102.26931, 21.86493 ], [ -102.26932, 21.86516 ], [ -102.26935, 21.86539 ], [ -102.26938, 21.86572 ], [ -102.2694, 21.86586 ], [ -102.26949, 21.86637 ], [ -102.26957, 21.8669 ], [ -102.2696, 21.867 ], [ -102.26961, 21.86711 ], [ -102.26964, 21.86721 ], [ -102.26972, 21.86768 ], [ -102.26977, 21.86803 ], [ -102.26983, 21.8683 ], [ -102.26998, 21.86927 ], [ -102.27005, 21.86963 ], [ -102.27006, 21.86967 ], [ -102.27008, 21.8698 ], [ -102.27037, 21.87156 ], [ -102.27047, 21.87222 ], [ -102.27049, 21.87236 ], [ -102.27051, 21.8724 ], [ -102.27053, 21.87243 ], [ -102.27055, 21.87246 ], [ -102.27064, 21.87252 ], [ -102.27063, 21.87279 ], [ -102.27063, 21.8729 ], [ -102.27065, 21.87314 ], [ -102.27068, 21.87325 ], [ -102.27068, 21.87326 ], [ -102.2707, 21.87341 ], [ -102.27072, 21.87357 ], [ -102.27074, 21.87368 ], [ -102.27078, 21.87389 ], [ -102.2708, 21.87398 ], [ -102.2708, 21.87402 ], [ -102.27086, 21.87434 ], [ -102.27087, 21.87442 ], [ -102.27092, 21.87469 ], [ -102.27092, 21.8747 ], [ -102.27097, 21.875 ], [ -102.27101, 21.87529 ], [ -102.27103, 21.87542 ], [ -102.27107, 21.87559 ], [ -102.27107, 21.87563 ], [ -102.27114, 21.87594 ], [ -102.27115, 21.876 ], [ -102.27116, 21.8761 ], [ -102.2712, 21.87633 ], [ -102.27125, 21.87666 ], [ -102.27136, 21.87727 ], [ -102.27147, 21.87791 ], [ -102.27148, 21.87804 ], [ -102.2715, 21.87816 ], [ -102.27151, 21.87825 ], [ -102.27167, 21.87919 ], [ -102.27175, 21.87963 ], [ -102.27176, 21.87974 ], [ -102.27202, 21.8811 ], [ -102.27207, 21.88146 ], [ -102.27216, 21.88193 ], [ -102.27214, 21.88199 ], [ -102.27214, 21.882 ], [ -102.27214, 21.88202 ], [ -102.27214, 21.88206 ], [ -102.27216, 21.88221 ], [ -102.27224, 21.88259 ], [ -102.27238, 21.88352 ], [ -102.27239, 21.88362 ], [ -102.27241, 21.88371 ], [ -102.27243, 21.88383 ], [ -102.27245, 21.88392 ], [ -102.27247, 21.88402 ], [ -102.2725, 21.8842 ], [ -102.27263, 21.88418 ], [ -102.2727, 21.88417 ], [ -102.273, 21.88413 ], [ -102.27444, 21.88394 ], [ -102.27452, 21.88392 ], [ -102.27536, 21.8838 ], [ -102.27618, 21.88371 ], [ -102.27647, 21.88367 ], [ -102.27657, 21.88362 ], [ -102.27667, 21.88359 ], [ -102.27682, 21.88354 ], [ -102.27717, 21.8835 ], [ -102.27741, 21.88345 ], [ -102.27755, 21.88342 ], [ -102.2777, 21.88338 ], [ -102.27783, 21.88334 ], [ -102.27796, 21.88328 ], [ -102.27807, 21.88324 ], [ -102.27819, 21.88321 ], [ -102.2783, 21.88319 ], [ -102.27839, 21.88318 ], [ -102.2785, 21.88317 ], [ -102.27859, 21.88315 ], [ -102.2788, 21.88311 ], [ -102.27881, 21.88311 ], [ -102.27882, 21.88311 ], [ -102.27897, 21.88308 ], [ -102.27918, 21.88304 ], [ -102.27932, 21.88301 ], [ -102.27939, 21.883 ], [ -102.27947, 21.88299 ], [ -102.28045, 21.88289 ], [ -102.28075, 21.88284 ], [ -102.28078, 21.8829 ], [ -102.28108, 21.88337 ], [ -102.28112, 21.88344 ], [ -102.28116, 21.88351 ], [ -102.28142, 21.88424 ], [ -102.28176, 21.88513 ], [ -102.282, 21.88609 ], [ -102.28224, 21.88709 ], [ -102.28225, 21.88713 ], [ -102.28274, 21.8891 ], [ -102.28275, 21.88911 ], [ -102.28275, 21.88912 ], [ -102.28276, 21.88913 ], [ -102.28277, 21.88914 ], [ -102.28279, 21.88914 ], [ -102.2828, 21.88915 ], [ -102.28281, 21.88915 ], [ -102.28283, 21.88914 ], [ -102.28403, 21.88881 ], [ -102.28413, 21.88878 ], [ -102.28421, 21.88876 ], [ -102.28469, 21.88861 ], [ -102.28519, 21.88845 ], [ -102.28568, 21.88832 ], [ -102.28628, 21.88815 ], [ -102.28659, 21.88914 ], [ -102.28691, 21.89012 ], [ -102.28726, 21.89116 ], [ -102.28745, 21.8911 ], [ -102.28749, 21.89103 ], [ -102.28751, 21.89099 ], [ -102.28757, 21.89093 ], [ -102.28765, 21.89085 ], [ -102.28771, 21.8908 ], [ -102.28776, 21.89076 ], [ -102.2878, 21.89073 ], [ -102.2882, 21.89042 ], [ -102.28826, 21.89037 ], [ -102.28846, 21.89022 ], [ -102.28914, 21.88968 ], [ -102.28932, 21.88956 ], [ -102.28947, 21.88945 ], [ -102.2896, 21.88935 ], [ -102.28969, 21.88926 ], [ -102.29007, 21.88895 ], [ -102.29073, 21.88843 ], [ -102.29133, 21.88798 ], [ -102.2918, 21.88762 ], [ -102.29234, 21.8872 ], [ -102.29249, 21.88709 ], [ -102.29266, 21.88696 ], [ -102.29407, 21.88587 ], [ -102.29426, 21.88572 ], [ -102.29434, 21.88565 ], [ -102.29441, 21.88558 ], [ -102.29457, 21.88547 ], [ -102.29466, 21.88541 ], [ -102.29506, 21.88518 ], [ -102.29551, 21.88495 ], [ -102.29569, 21.88485 ], [ -102.29575, 21.88482 ], [ -102.29591, 21.88475 ], [ -102.2965, 21.8845 ] ] } },
{ "type": "Feature", "properties": { "route_id": "R_37", "route_short_name": "R37", "route_long_name": "R-37", "route_km": 27.408417256429644, "n_stops": 114, "straight_line_km": 15.308627992587649, "connects_to_existing": true, "total_score": 0.10592934270274831, "pareto_rank": 3, "feasible": false, "flag": "Indirect", "detour_ratio": 1.79, "n_served_agebs": 42, "f1_demand_gain": 0.015857960766917423, "f3_equity": 0.27389943629097835 }, "geometry": { "type": "LineString", "coordinates": [ [ -102.273859, 21.80754 ], [ -102.27392, 21.807794 ], [ -102.273992, 21.808279 ], [ -102.274061, 21.808554 ], [ -102.274108, 21.808682 ], [ -102.274162, 21.808729 ], [ -102.274356, 21.808794 ], [ -102.275518, 21.80897 ], [ -102.276441, 21.809108 ], [ -102.276516, 21.809032 ], [ -102.276532, 21.80882 ], [ -102.276513, 21.808441 ], [ -102.276478, 21.806731 ], [ -102.276458, 21.805907 ], [ -102.276448, 21.80549 ], [ -102.276418, 21.80539 ], [ -102.276325, 21.805328 ], [ -102.276074, 21.80531 ], [ -102.274465, 21.80504 ], [ -102.272564, 21.804691 ], [ -102.271356, 21.804471 ], [ -102.271201, 21.804469 ], [ -102.271023, 21.804503 ], [ -102.270738, 21.804708 ], [ -102.269267, 21.806135 ], [ -102.268874, 21.806438 ], [ -102.268551, 21.806522 ], [ -102.26828, 21.806522 ], [ -102.268129, 21.806495 ], [ -102.267942, 21.80645 ], [ -102.267672, 21.806394 ], [ -102.267387, 21.806307 ], [ -102.267284, 21.806323 ], [ -102.267212, 21.806429 ], [ -102.267137, 21.806645 ], [ -102.26706, 21.806865 ], [ -102.266495, 21.808989 ], [ -102.266382, 21.809447 ], [ -102.266322, 21.80954 ], [ -102.266201, 21.809583 ], [ -102.266095, 21.809587 ], [ -102.26591, 21.80953 ], [ -102.26577, 21.8095 ], [ -102.26552, 21.80945 ], [ -102.26512, 21.80937 ], [ -102.26492, 21.80933 ], [ -102.26471, 21.8093 ], [ -102.2643, 21.80929 ], [ -102.26363, 21.80919 ], [ -102.263391, 21.809043 ], [ -102.263172, 21.808863 ], [ -102.263147, 21.808696 ], [ -102.263191, 21.808425 ], [ -102.262986, 21.808173 ], [ -102.262801, 21.808233 ], [ -102.262689, 21.809055 ], [ -102.262641, 21.809556 ], [ -102.262603, 21.809933 ], [ -102.262434, 21.811356 ], [ -102.262268, 21.813341 ], [ -102.262134, 21.81475 ], [ -102.262062, 21.815769 ], [ -102.261979, 21.816632 ], [ -102.261923, 21.817254 ], [ -102.26193, 21.817373 ], [ -102.261974, 21.817485 ], [ -102.26204, 21.817582 ], [ -102.2621, 21.817644 ], [ -102.262409, 21.817968 ], [ -102.26273, 21.818295 ], [ -102.262992, 21.818576 ], [ -102.263361, 21.818988 ], [ -102.263842, 21.819547 ], [ -102.264186, 21.819989 ], [ -102.26518, 21.8212 ], [ -102.265422, 21.821441 ], [ -102.265713, 21.821805 ], [ -102.266045, 21.822192 ], [ -102.266514, 21.822711 ], [ -102.267094, 21.823255 ], [ -102.267424, 21.823486 ], [ -102.267553, 21.823496 ], [ -102.267613, 21.823502 ], [ -102.267826, 21.823297 ], [ -102.270007, 21.820612 ], [ -102.270042, 21.820532 ], [ -102.27, 21.820447 ], [ -102.269865, 21.820433 ], [ -102.269763, 21.820545 ], [ -102.267562, 21.823308 ], [ -102.267511, 21.823442 ], [ -102.267526, 21.823537 ], [ -102.267591, 21.823609 ], [ -102.26838, 21.8242 ], [ -102.26844, 21.82425 ], [ -102.26852, 21.82433 ], [ -102.26861, 21.82443 ], [ -102.26874, 21.82461 ], [ -102.26878, 21.82471 ], [ -102.26883, 21.82485 ], [ -102.26886, 21.82497 ], [ -102.26887, 21.8251 ], [ -102.26889, 21.82546 ], [ -102.26889, 21.82559 ], [ -102.2689, 21.82637 ], [ -102.26892, 21.82751 ], [ -102.26894, 21.8286 ], [ -102.26895, 21.8291 ], [ -102.26898, 21.83036 ], [ -102.26901, 21.8312 ], [ -102.26903, 21.83225 ], [ -102.26905, 21.83381 ], [ -102.26907, 21.83481 ], [ -102.26909, 21.83542 ], [ -102.2691, 21.83575 ], [ -102.26911, 21.83617 ], [ -102.26913, 21.83717 ], [ -102.26913, 21.83741 ], [ -102.26914, 21.83837 ], [ -102.26915, 21.83937 ], [ -102.26915, 21.83939 ], [ -102.26916, 21.83957 ], [ -102.26917, 21.84054 ], [ -102.26918, 21.84066 ], [ -102.26918, 21.84078 ], [ -102.26921, 21.8429 ], [ -102.26921, 21.84293 ], [ -102.26925, 21.84505 ], [ -102.26928, 21.84631 ], [ -102.26928, 21.8464 ], [ -102.26928, 21.84704 ], [ -102.26929, 21.84742 ], [ -102.2693, 21.84806 ], [ -102.2693, 21.84827 ], [ -102.26932, 21.85005 ], [ -102.26934, 21.85128 ], [ -102.26927, 21.85136 ], [ -102.269305, 21.851867 ], [ -102.269302, 21.852054 ], [ -102.269346, 21.852154 ], [ -102.269404, 21.852206 ], [ -102.26973, 21.85222 ], [ -102.27055, 21.85203 ], [ -102.27067, 21.852 ], [ -102.27091, 21.85191 ], [ -102.2711, 21.85185 ], [ -102.27116, 21.85183 ], [ -102.27136, 21.85173 ], [ -102.27149, 21.85167 ], [ -102.27161, 21.8516 ], [ -102.27178, 21.85149 ], [ -102.27183, 21.85146 ], [ -102.27203, 21.85134 ], [ -102.2721, 21.85128 ], [ -102.272225, 21.851135 ], [ -102.272791, 21.850629 ], [ -102.273989, 21.849453 ], [ -102.274897, 21.84871 ], [ -102.275594, 21.84823 ], [ -102.276244, 21.847866 ], [ -102.277118, 21.84748 ], [ -102.277787, 21.847241 ], [ -102.278768, 21.84696 ], [ -102.279627, 21.846798 ], [ -102.28034, 21.846711 ], [ -102.280571, 21.846687 ], [ -102.280704, 21.846739 ], [ -102.280771, 21.846825 ], [ -102.280865, 21.847382 ], [ -102.28109, 21.84851 ], [ -102.281352, 21.849864 ], [ -102.281464, 21.850513 ], [ -102.281627, 21.851547 ], [ -102.281826, 21.852949 ], [ -102.281958, 21.853825 ], [ -102.282134, 21.854722 ], [ -102.28238, 21.8559 ], [ -102.282716, 21.857802 ], [ -102.282731, 21.859143 ], [ -102.28272, 21.85962 ], [ -102.2827, 21.86019 ], [ -102.28267, 21.8615 ], [ -102.28266, 21.86173 ], [ -102.28264, 21.86253 ], [ -102.282346, 21.864826 ], [ -102.28233, 21.86513 ], [ -102.282249, 21.865571 ], [ -102.282108, 21.86619 ], [ -102.282034, 21.866375 ], [ -102.282072, 21.866533 ], [ -102.282184, 21.866599 ], [ -102.283556, 21.86648 ], [ -102.284186, 21.8664 ], [ -102.285377, 21.866288 ], [ -102.28623, 21.866213 ], [ -102.287388, 21.866099 ], [ -102.288524, 21.865988 ], [ -102.28961, 21.865906 ], [ -102.291776, 21.865703 ], [ -102.293412, 21.86555 ], [ -102.2937, 21.86552 ], [ -102.29389, 21.8655 ], [ -102.29396, 21.86554 ], [ -102.29403, 21.86558 ], [ -102.29408, 21.86562 ], [ -102.294146, 21.865746 ], [ -102.294189, 21.866057 ], [ -102.294236, 21.8664 ], [ -102.294309, 21.866613 ], [ -102.294568, 21.868219 ], [ -102.295, 21.8708 ], [ -102.29502, 21.87086 ], [ -102.29505, 21.87095 ], [ -102.2951, 21.87136 ], [ -102.29509, 21.8714 ], [ -102.29507, 21.87211 ], [ -102.29506, 21.87222 ], [ -102.29502, 21.87286 ], [ -102.29501, 21.87301 ], [ -102.295, 21.87315 ], [ -102.295, 21.8732 ], [ -102.295, 21.87329 ], [ -102.29499, 21.87339 ], [ -102.29496, 21.87411 ], [ -102.29491, 21.87479 ], [ -102.2949, 21.875 ], [ -102.29491, 21.87522 ], [ -102.29492, 21.87533 ], [ -102.29492, 21.87534 ], [ -102.29494, 21.87544 ], [ -102.29496, 21.87553 ], [ -102.29497, 21.87558 ], [ -102.29507, 21.87591 ], [ -102.29519, 21.8764 ], [ -102.2952, 21.87643 ], [ -102.29571, 21.87785 ], [ -102.29583, 21.87818 ], [ -102.2959, 21.87836 ], [ -102.29592, 21.87847 ], [ -102.29597, 21.87862 ], [ -102.29599, 21.87875 ], [ -102.29607, 21.8791 ], [ -102.29607, 21.87911 ], [ -102.2964, 21.88008 ], [ -102.29647, 21.88037 ], [ -102.29651, 21.88062 ], [ -102.29658, 21.88109 ], [ -102.29659, 21.88114 ], [ -102.29659, 21.88116 ], [ -102.2966, 21.88119 ], [ -102.29664, 21.88126 ], [ -102.29682, 21.88158 ], [ -102.297, 21.88193 ], [ -102.2971, 21.88213 ], [ -102.29746, 21.88287 ], [ -102.29776, 21.88361 ], [ -102.2978, 21.88378 ], [ -102.29781, 21.88383 ], [ -102.29781, 21.88391 ], [ -102.29782, 21.88417 ], [ -102.29779, 21.88449 ], [ -102.29778, 21.88456 ], [ -102.29756, 21.88524 ], [ -102.29741, 21.88563 ], [ -102.29716, 21.88629 ], [ -102.297, 21.88662 ], [ -102.29693, 21.88688 ], [ -102.2969, 21.88695 ], [ -102.2968, 21.88717 ], [ -102.29657, 21.88758 ], [ -102.29645, 21.88778 ], [ -102.29617, 21.88821 ], [ -102.29605, 21.88842 ], [ -102.29578, 21.88884 ], [ -102.2952, 21.88978 ], [ -102.29505, 21.89003 ], [ -102.29499, 21.89025 ], [ -102.29496, 21.89093 ], [ -102.29494, 21.89107 ], [ -102.29491, 21.89132 ], [ -102.29491, 21.89143 ], [ -102.29474, 21.89157 ], [ -102.29466, 21.89164 ], [ -102.29441, 21.89189 ], [ -102.29408, 21.89225 ], [ -102.29403, 21.8923 ], [ -102.29382, 21.89255 ], [ -102.29377, 21.89263 ], [ -102.29372, 21.89263 ], [ -102.29369, 21.89263 ], [ -102.29364, 21.89264 ], [ -102.29345, 21.89269 ], [ -102.29322, 21.89274 ], [ -102.29256, 21.89292 ], [ -102.29242, 21.89296 ], [ -102.29155, 21.89322 ], [ -102.29149, 21.89324 ], [ -102.29042, 21.89354 ], [ -102.28998, 21.89366 ], [ -102.28934, 21.89386 ], [ -102.28826, 21.89417 ], [ -102.28761, 21.89436 ], [ -102.28719, 21.89446 ], [ -102.28691, 21.89454 ], [ -102.28637, 21.89472 ], [ -102.28552, 21.895 ], [ -102.28517, 21.89511 ], [ -102.28506, 21.89513 ], [ -102.28506, 21.89514 ], [ -102.28474, 21.89522 ], [ -102.28471, 21.89523 ], [ -102.28466, 21.89524 ], [ -102.28461, 21.89526 ], [ -102.28444, 21.89531 ], [ -102.28432, 21.89534 ], [ -102.28429, 21.89535 ], [ -102.28427, 21.89536 ], [ -102.28424, 21.89537 ], [ -102.28415, 21.89539 ], [ -102.28413, 21.8954 ], [ -102.28396, 21.89546 ], [ -102.28382, 21.89553 ], [ -102.28378, 21.89555 ], [ -102.28371, 21.8956 ], [ -102.28359, 21.89569 ], [ -102.28349, 21.89575 ], [ -102.28342, 21.89581 ], [ -102.28328, 21.89589 ], [ -102.28314, 21.896 ], [ -102.28304, 21.89606 ], [ -102.28294, 21.89611 ], [ -102.28283, 21.89615 ], [ -102.28273, 21.89618 ], [ -102.28263, 21.89621 ], [ -102.28252, 21.89624 ], [ -102.28236, 21.89625 ], [ -102.28223, 21.89628 ], [ -102.28179, 21.89631 ], [ -102.28129, 21.89635 ], [ -102.28116, 21.89638 ], [ -102.2811, 21.89639 ], [ -102.28104, 21.89641 ], [ -102.28099, 21.89643 ], [ -102.28092, 21.89646 ], [ -102.28091, 21.89646 ], [ -102.28078, 21.89654 ], [ -102.28069, 21.8966 ], [ -102.28037, 21.89682 ], [ -102.28031, 21.89687 ], [ -102.27991, 21.89715 ], [ -102.27981, 21.89727 ], [ -102.2797, 21.89743 ], [ -102.2797, 21.89744 ], [ -102.27969, 21.89746 ], [ -102.27965, 21.89766 ], [ -102.27963, 21.89768 ], [ -102.27958, 21.89778 ], [ -102.27951, 21.89789 ], [ -102.27945, 21.89795 ], [ -102.27936, 21.89805 ], [ -102.27891, 21.89857 ], [ -102.27877, 21.89871 ], [ -102.27842, 21.89909 ], [ -102.27806, 21.8995 ], [ -102.27786, 21.89973 ], [ -102.27765, 21.89996 ], [ -102.2775, 21.90013 ], [ -102.27729, 21.90036 ], [ -102.27716, 21.90049 ], [ -102.27706, 21.90058 ], [ -102.27691, 21.90069 ], [ -102.27674, 21.90081 ], [ -102.276549, 21.900929 ], [ -102.274881, 21.902083 ], [ -102.274303, 21.90249 ], [ -102.273848, 21.902784 ], [ -102.273572, 21.902904 ], [ -102.273258, 21.902993 ], [ -102.272868, 21.903032 ], [ -102.272179, 21.902971 ], [ -102.270723, 21.90277 ], [ -102.270441, 21.902737 ], [ -102.27022, 21.90275 ], [ -102.27011, 21.90274 ], [ -102.269889, 21.902784 ], [ -102.268132, 21.903348 ], [ -102.26756, 21.90355 ], [ -102.26703, 21.90373 ], [ -102.26685, 21.90378 ], [ -102.26626, 21.90398 ], [ -102.26592, 21.90407 ], [ -102.262753, 21.905063 ], [ -102.261888, 21.905368 ], [ -102.261257, 21.905556 ], [ -102.26031, 21.905857 ], [ -102.258574, 21.906392 ], [ -102.257659, 21.906685 ], [ -102.257198, 21.906915 ], [ -102.256947, 21.907061 ], [ -102.256927, 21.907147 ], [ -102.257409, 21.907781 ], [ -102.257817, 21.908237 ], [ -102.258065, 21.908377 ], [ -102.258516, 21.908893 ], [ -102.25861, 21.909068 ], [ -102.259242, 21.909864 ], [ -102.259675, 21.910772 ], [ -102.26012, 21.912044 ], [ -102.260468, 21.913146 ], [ -102.260824, 21.914132 ], [ -102.261176, 21.915244 ], [ -102.261511, 21.916274 ], [ -102.261795, 21.917135 ], [ -102.261825, 21.917381 ], [ -102.261822, 21.917859 ], [ -102.261777, 21.9182 ], [ -102.261643, 21.918775 ], [ -102.261531, 21.919357 ], [ -102.261482, 21.919762 ], [ -102.261467, 21.92013 ], [ -102.261498, 21.92051 ], [ -102.261557, 21.920585 ], [ -102.261589, 21.920968 ], [ -102.261637, 21.921283 ], [ -102.261793, 21.921899 ], [ -102.261967, 21.922407 ], [ -102.26208, 21.92262 ], [ -102.26211, 21.92269 ], [ -102.26217, 21.92282 ], [ -102.2625, 21.92344 ], [ -102.262726, 21.923845 ], [ -102.262909, 21.924239 ], [ -102.262941, 21.924357 ], [ -102.263052, 21.924555 ], [ -102.263306, 21.924907 ], [ -102.26363, 21.92528 ], [ -102.26391, 21.92552 ], [ -102.26385, 21.92558 ], [ -102.26379, 21.92565 ], [ -102.26367, 21.92581 ], [ -102.26344, 21.92615 ], [ -102.26325, 21.92649 ], [ -102.26276, 21.92727 ], [ -102.26269, 21.92738 ], [ -102.26249, 21.92771 ], [ -102.26227, 21.92804 ], [ -102.26207, 21.92838 ], [ -102.26164, 21.92904 ], [ -102.26145, 21.92937 ], [ -102.26124, 21.92971 ], [ -102.26123, 21.92972 ], [ -102.26104, 21.93004 ], [ -102.26083, 21.93036 ], [ -102.26058, 21.93076 ], [ -102.260281, 21.931152 ], [ -102.260191, 21.931225 ], [ -102.260089, 21.931228 ], [ -102.259069, 21.930701 ], [ -102.258631, 21.930465 ], [ -102.258005, 21.930115 ], [ -102.257663, 21.929951 ], [ -102.257311, 21.929856 ], [ -102.256995, 21.92981 ], [ -102.256757, 21.929805 ], [ -102.256431, 21.929804 ], [ -102.256034, 21.929833 ], [ -102.255594, 21.929828 ], [ -102.255201, 21.929799 ], [ -102.25445, 21.92968 ], [ -102.253864, 21.929495 ], [ -102.25327, 21.92929 ], [ -102.25299, 21.92919 ], [ -102.251916, 21.928861 ], [ -102.251505, 21.928765 ], [ -102.251278, 21.928717 ], [ -102.251057, 21.928692 ], [ -102.250731, 21.928667 ], [ -102.25053, 21.92867 ], [ -102.250155, 21.928673 ], [ -102.249456, 21.928676 ], [ -102.248926, 21.928672 ], [ -102.248508, 21.928691 ], [ -102.248076, 21.928709 ], [ -102.247596, 21.928747 ], [ -102.246834, 21.92884 ], [ -102.246779, 21.928893 ], [ -102.24671, 21.929039 ], [ -102.246775, 21.930067 ], [ -102.246803, 21.930692 ], [ -102.246735, 21.931758 ], [ -102.246737, 21.931821 ], [ -102.246779, 21.931877 ], [ -102.246803, 21.931929 ], [ -102.246819, 21.931993 ], [ -102.246828, 21.932033 ], [ -102.246802, 21.932081 ], [ -102.246753, 21.93207 ], [ -102.246727, 21.932114 ], [ -102.24671, 21.932147 ], [ -102.246605, 21.933259 ], [ -102.246631, 21.933728 ], [ -102.246676, 21.934182 ], [ -102.246838, 21.934433 ], [ -102.247041, 21.934626 ], [ -102.24733, 21.934813 ], [ -102.247677, 21.935012 ], [ -102.248168, 21.935249 ], [ -102.248633, 21.93548 ], [ -102.248842, 21.935593 ], [ -102.249057, 21.935741 ], [ -102.249252, 21.935937 ], [ -102.249368, 21.936052 ], [ -102.249283, 21.936086 ], [ -102.24875, 21.93609 ], [ -102.24849, 21.93612 ], [ -102.248237, 21.936143 ], [ -102.247424, 21.936271 ], [ -102.246556, 21.936357 ], [ -102.246138, 21.936429 ], [ -102.245713, 21.936622 ], [ -102.245341, 21.936906 ], [ -102.244927, 21.937286 ], [ -102.24468, 21.93752 ], [ -102.244377, 21.937803 ], [ -102.244304, 21.938133 ], [ -102.244258, 21.939543 ], [ -102.244176, 21.940473 ], [ -102.244163, 21.940899 ], [ -102.244169, 21.941 ], [ -102.244272, 21.940964 ], [ -102.244538, 21.940785 ], [ -102.244693, 21.940663 ], [ -102.244825, 21.940585 ], [ -102.245013, 21.94052 ], [ -102.245373, 21.940512 ], [ -102.245835, 21.940527 ], [ -102.246291, 21.940547 ], [ -102.246312, 21.940545 ], [ -102.246547, 21.940554 ], [ -102.246623, 21.940574 ], [ -102.246658, 21.94075 ] ] } },
{ "type": "Feature", "properties": { "route_id": "R_38", "route_short_name": "R38", "route_long_name": "R-38", "route_km": 18.605892972141898, "n_stops": 95, "straight_line_km": 14.242835011489422, "connects_to_existing": true, "total_score": 0.14698391338861846, "pareto_rank": 5, "feasible": false, "flag": "Low demand", "detour_ratio": 1.306, "n_served_agebs": 29, "f1_demand_gain": 0.004012454247544356, "f3_equity": 0.19208226896902644 }, "geometry": { "type": "LineString", "coordinates": [ [ -102.316878, 21.848806 ], [ -102.316924, 21.848549 ], [ -102.316716, 21.848517 ], [ -102.316475, 21.848448 ], [ -102.316197, 21.84836 ], [ -102.315675, 21.848193 ], [ -102.314891, 21.847962 ], [ -102.314428, 21.847891 ], [ -102.314192, 21.847822 ], [ -102.31342, 21.84763 ], [ -102.312797, 21.84747 ], [ -102.3122, 21.84736 ], [ -102.311731, 21.84726 ], [ -102.311392, 21.847187 ], [ -102.310933, 21.847066 ], [ -102.310122, 21.846822 ], [ -102.309708, 21.846695 ], [ -102.309491, 21.84664 ], [ -102.308655, 21.846634 ], [ -102.30853, 21.84667 ], [ -102.308425, 21.846696 ], [ -102.308363, 21.846782 ], [ -102.30816, 21.84747 ], [ -102.30807, 21.84782 ], [ -102.30776, 21.84903 ], [ -102.30771, 21.84935 ], [ -102.30773, 21.84945 ], [ -102.30744, 21.85062 ], [ -102.30735, 21.85099 ], [ -102.30733, 21.85107 ], [ -102.30706, 21.8521 ], [ -102.30695, 21.85255 ], [ -102.30693, 21.85263 ], [ -102.3067, 21.85358 ], [ -102.3066, 21.85397 ], [ -102.30658, 21.85439 ], [ -102.30657, 21.85468 ], [ -102.30655, 21.85511 ], [ -102.30653, 21.85556 ], [ -102.30651, 21.85603 ], [ -102.30648, 21.85656 ], [ -102.30645, 21.85721 ], [ -102.3064, 21.85779 ], [ -102.30641, 21.85801 ], [ -102.30641, 21.85841 ], [ -102.30609, 21.85846 ], [ -102.3059, 21.85851 ], [ -102.30549, 21.85862 ], [ -102.30537, 21.85864 ], [ -102.30476, 21.85881 ], [ -102.30428, 21.85896 ], [ -102.3038, 21.8591 ], [ -102.30333, 21.85924 ], [ -102.30272, 21.85941 ], [ -102.30207, 21.8596 ], [ -102.30148, 21.8598 ], [ -102.30132, 21.85991 ], [ -102.30119, 21.86 ], [ -102.30115, 21.86004 ], [ -102.30093, 21.86024 ], [ -102.30069, 21.86053 ], [ -102.30059, 21.86066 ], [ -102.30068, 21.86071 ], [ -102.30102, 21.8609 ], [ -102.30157, 21.8612 ], [ -102.30222, 21.86161 ], [ -102.30273, 21.86193 ], [ -102.30298, 21.86221 ], [ -102.30316, 21.86244 ], [ -102.30328, 21.86264 ], [ -102.3034, 21.86295 ], [ -102.30347, 21.86319 ], [ -102.30348, 21.86342 ], [ -102.30348, 21.86369 ], [ -102.30344, 21.86396 ], [ -102.3034, 21.86425 ], [ -102.3033, 21.86479 ], [ -102.30324, 21.86522 ], [ -102.3032, 21.86542 ], [ -102.30305, 21.8661 ], [ -102.30299, 21.86639 ], [ -102.3029, 21.86683 ], [ -102.30176, 21.86663 ], [ -102.30062, 21.86642 ], [ -102.30029, 21.86636 ], [ -102.29948, 21.86621 ], [ -102.29935, 21.86619 ], [ -102.29885, 21.8661 ], [ -102.29852, 21.86604 ], [ -102.29829, 21.866 ], [ -102.29766, 21.8659 ], [ -102.29757, 21.86585 ], [ -102.29709, 21.86575 ], [ -102.29599, 21.86556 ], [ -102.2957, 21.86551 ], [ -102.29558, 21.86549 ], [ -102.29513, 21.86541 ], [ -102.29454, 21.86532 ], [ -102.29448, 21.86532 ], [ -102.29425, 21.86529 ], [ -102.29422, 21.86529 ], [ -102.29413, 21.86529 ], [ -102.29414, 21.86536 ], [ -102.29414, 21.86544 ], [ -102.29415, 21.8655 ], [ -102.29419, 21.86576 ], [ -102.29422, 21.866 ], [ -102.29427, 21.86625 ], [ -102.2943, 21.8664 ], [ -102.29436, 21.86681 ], [ -102.29459, 21.86816 ], [ -102.29464, 21.86845 ], [ -102.29471, 21.86887 ], [ -102.29481, 21.86951 ], [ -102.29492, 21.8702 ], [ -102.295, 21.8708 ], [ -102.29502, 21.87086 ], [ -102.29505, 21.87095 ], [ -102.2951, 21.87136 ], [ -102.29509, 21.8714 ], [ -102.29507, 21.87211 ], [ -102.29506, 21.87222 ], [ -102.29502, 21.87286 ], [ -102.29501, 21.87301 ], [ -102.295, 21.87315 ], [ -102.295, 21.8732 ], [ -102.295, 21.87329 ], [ -102.29499, 21.87339 ], [ -102.29496, 21.87411 ], [ -102.29491, 21.87479 ], [ -102.2949, 21.875 ], [ -102.29491, 21.87522 ], [ -102.29492, 21.87533 ], [ -102.29492, 21.87534 ], [ -102.29494, 21.87544 ], [ -102.29496, 21.87553 ], [ -102.29497, 21.87558 ], [ -102.29507, 21.87591 ], [ -102.29519, 21.8764 ], [ -102.2952, 21.87643 ], [ -102.29571, 21.87785 ], [ -102.29583, 21.87818 ], [ -102.2959, 21.87836 ], [ -102.29592, 21.87847 ], [ -102.29597, 21.87862 ], [ -102.29599, 21.87875 ], [ -102.29607, 21.8791 ], [ -102.29607, 21.87911 ], [ -102.2964, 21.88008 ], [ -102.29647, 21.88037 ], [ -102.29651, 21.88062 ], [ -102.29658, 21.88109 ], [ -102.29659, 21.88114 ], [ -102.29659, 21.88116 ], [ -102.2966, 21.88119 ], [ -102.29664, 21.88126 ], [ -102.29682, 21.88158 ], [ -102.297, 21.88193 ], [ -102.2971, 21.88213 ], [ -102.29746, 21.88287 ], [ -102.29776, 21.88361 ], [ -102.2978, 21.88378 ], [ -102.29781, 21.88383 ], [ -102.29781, 21.88391 ], [ -102.29782, 21.88417 ], [ -102.29779, 21.88449 ], [ -102.29778, 21.88456 ], [ -102.29756, 21.88524 ], [ -102.29741, 21.88563 ], [ -102.29716, 21.88629 ], [ -102.297, 21.88662 ], [ -102.29693, 21.88688 ], [ -102.2969, 21.88695 ], [ -102.2968, 21.88717 ], [ -102.29657, 21.88758 ], [ -102.29645, 21.88778 ], [ -102.29617, 21.88821 ], [ -102.29605, 21.88842 ], [ -102.29578, 21.88884 ], [ -102.2952, 21.88978 ], [ -102.29505, 21.89003 ], [ -102.29514, 21.8901 ], [ -102.29526, 21.89028 ], [ -102.29536, 21.89044 ], [ -102.29547, 21.89064 ], [ -102.29558, 21.89084 ], [ -102.29602, 21.89143 ], [ -102.29625, 21.89179 ], [ -102.2963, 21.89189 ], [ -102.29639, 21.89207 ], [ -102.29657, 21.89256 ], [ -102.29658, 21.89258 ], [ -102.29667, 21.89284 ], [ -102.29689, 21.89363 ], [ -102.29693, 21.89384 ], [ -102.29727, 21.89485 ], [ -102.29741, 21.89529 ], [ -102.29756, 21.89579 ], [ -102.29775, 21.89634 ], [ -102.29826, 21.89791 ], [ -102.29875, 21.89777 ], [ -102.29918, 21.89766 ], [ -102.29962, 21.89754 ], [ -102.30034, 21.89734 ], [ -102.30097, 21.89717 ], [ -102.30143, 21.89705 ], [ -102.30191, 21.89693 ], [ -102.30235, 21.89681 ], [ -102.3028, 21.89669 ], [ -102.30323, 21.89657 ], [ -102.30365, 21.89644 ], [ -102.30421, 21.8963 ], [ -102.30457, 21.89701 ], [ -102.30461, 21.89712 ], [ -102.30459, 21.89717 ], [ -102.30459, 21.8972 ], [ -102.30459, 21.89722 ], [ -102.30459, 21.89726 ], [ -102.30465, 21.89736 ], [ -102.30478, 21.89761 ], [ -102.30489, 21.89782 ], [ -102.30506, 21.89818 ], [ -102.30511, 21.89826 ], [ -102.30524, 21.89851 ], [ -102.30539, 21.8988 ], [ -102.30551, 21.89901 ], [ -102.30561, 21.89918 ], [ -102.30579, 21.89952 ], [ -102.30589, 21.8997 ], [ -102.30603, 21.89995 ], [ -102.3061, 21.90009 ], [ -102.30621, 21.90032 ], [ -102.30669, 21.90118 ], [ -102.30696, 21.90169 ], [ -102.30712, 21.90195 ], [ -102.30724, 21.90214 ], [ -102.30737, 21.90239 ], [ -102.30749, 21.90268 ], [ -102.30761, 21.90292 ], [ -102.3077, 21.90307 ], [ -102.30802, 21.90367 ], [ -102.30854, 21.90479 ], [ -102.30879, 21.90533 ], [ -102.30921, 21.90625 ], [ -102.30968, 21.90724 ], [ -102.30984, 21.90755 ], [ -102.30997, 21.90784 ], [ -102.31, 21.90793 ], [ -102.31016, 21.90827 ], [ -102.31042, 21.90884 ], [ -102.31051, 21.90906 ], [ -102.31066, 21.90937 ], [ -102.31069, 21.90945 ], [ -102.31076, 21.90962 ], [ -102.31135, 21.91085 ], [ -102.31168, 21.91157 ], [ -102.31191, 21.91212 ], [ -102.31197, 21.91231 ], [ -102.31212, 21.91267 ], [ -102.31225, 21.913 ], [ -102.31233, 21.91318 ], [ -102.31244, 21.91347 ], [ -102.31253, 21.91369 ], [ -102.31273, 21.91424 ], [ -102.31276, 21.91431 ], [ -102.31297, 21.91487 ], [ -102.313, 21.91495 ], [ -102.31309, 21.91517 ], [ -102.31311, 21.91522 ], [ -102.31327, 21.91558 ], [ -102.31345, 21.91599 ], [ -102.31357, 21.9163 ], [ -102.31359, 21.91637 ], [ -102.31362, 21.91646 ], [ -102.31364, 21.91654 ], [ -102.31372, 21.91676 ], [ -102.31373, 21.91679 ], [ -102.31394, 21.91731 ], [ -102.31406, 21.9176 ], [ -102.31412, 21.91778 ], [ -102.31414, 21.91782 ], [ -102.31431, 21.91822 ], [ -102.31434, 21.91829 ], [ -102.31455, 21.91892 ], [ -102.31486, 21.91955 ], [ -102.31491, 21.91964 ], [ -102.31524, 21.92028 ], [ -102.31557, 21.92088 ], [ -102.31582, 21.92135 ], [ -102.31602, 21.92173 ], [ -102.31638, 21.92247 ], [ -102.3164, 21.92251 ], [ -102.31648, 21.92266 ], [ -102.31664, 21.92294 ], [ -102.31689, 21.92339 ], [ -102.31735, 21.92426 ], [ -102.3174, 21.92437 ], [ -102.31752, 21.92461 ], [ -102.31769, 21.92495 ], [ -102.31781, 21.92516 ], [ -102.31797, 21.9255 ], [ -102.31835, 21.92631 ], [ -102.31848, 21.92655 ], [ -102.31877, 21.9271 ], [ -102.31901, 21.92758 ], [ -102.31905, 21.92768 ], [ -102.31949, 21.92849 ], [ -102.31965, 21.92878 ], [ -102.3199, 21.92927 ], [ -102.31994, 21.92937 ], [ -102.3202, 21.92992 ], [ -102.3206, 21.93073 ], [ -102.32076, 21.93103 ], [ -102.32078, 21.93107 ], [ -102.32086, 21.9312 ], [ -102.32102, 21.93145 ], [ -102.32107, 21.93152 ], [ -102.32116, 21.93164 ], [ -102.32131, 21.93181 ], [ -102.32145, 21.93197 ], [ -102.32231, 21.93299 ], [ -102.32243, 21.93313 ], [ -102.32286, 21.93364 ], [ -102.32302, 21.93385 ], [ -102.32309, 21.93396 ], [ -102.32332, 21.93433 ], [ -102.32366, 21.93491 ], [ -102.32372, 21.93504 ], [ -102.32396, 21.93552 ], [ -102.32401, 21.93565 ], [ -102.32406, 21.93574 ], [ -102.32412, 21.93585 ], [ -102.32416, 21.93592 ], [ -102.32426, 21.93607 ], [ -102.32434, 21.93623 ], [ -102.32457, 21.93669 ], [ -102.32454, 21.93697 ], [ -102.3245, 21.93722 ], [ -102.32449, 21.93733 ], [ -102.32445, 21.93754 ], [ -102.32444, 21.93756 ], [ -102.32444, 21.9376 ], [ -102.32443, 21.9377 ], [ -102.32442, 21.93779 ], [ -102.32442, 21.93798 ], [ -102.32444, 21.93821 ], [ -102.32445, 21.93843 ], [ -102.32447, 21.93878 ], [ -102.32447, 21.93882 ], [ -102.32449, 21.93916 ], [ -102.32449, 21.93918 ], [ -102.32452, 21.93997 ], [ -102.32463, 21.94165 ], [ -102.32464, 21.94169 ], [ -102.32472, 21.94262 ], [ -102.32476, 21.94306 ], [ -102.32484, 21.94403 ], [ -102.32491, 21.94455 ], [ -102.32492, 21.94463 ], [ -102.32497, 21.94516 ], [ -102.32501, 21.94549 ], [ -102.32503, 21.94572 ], [ -102.32503, 21.94573 ], [ -102.32504, 21.94596 ], [ -102.32504, 21.94617 ], [ -102.32503, 21.94631 ], [ -102.32503, 21.94639 ], [ -102.32501, 21.94667 ], [ -102.325, 21.94694 ], [ -102.32492, 21.94743 ], [ -102.32489, 21.94757 ], [ -102.32445, 21.94943 ], [ -102.3244, 21.94964 ], [ -102.32427, 21.9501 ], [ -102.32424, 21.9502 ], [ -102.32422, 21.95031 ], [ -102.32415, 21.95057 ], [ -102.32407, 21.95067 ], [ -102.32399, 21.9508 ], [ -102.32391, 21.95092 ], [ -102.32359, 21.95146 ], [ -102.32348, 21.95162 ], [ -102.32339, 21.95178 ], [ -102.32338, 21.9518 ], [ -102.32321, 21.95213 ], [ -102.32307, 21.95247 ], [ -102.32297, 21.95273 ], [ -102.32294, 21.9528 ], [ -102.32291, 21.95287 ], [ -102.32286, 21.95301 ], [ -102.3227, 21.95342 ], [ -102.32254, 21.9538 ], [ -102.32229, 21.95439 ], [ -102.32213, 21.95476 ], [ -102.32207, 21.95492 ], [ -102.32195, 21.9552 ], [ -102.32192, 21.95526 ], [ -102.32182, 21.95556 ], [ -102.32173, 21.95576 ], [ -102.32158, 21.95616 ], [ -102.32148, 21.95652 ], [ -102.32147, 21.95654 ], [ -102.32128, 21.95703 ], [ -102.32124, 21.95712 ], [ -102.32096, 21.95784 ], [ -102.32084, 21.95815 ], [ -102.32069, 21.95854 ], [ -102.32057, 21.95886 ], [ -102.32052, 21.95899 ], [ -102.32052, 21.959 ], [ -102.32041, 21.95936 ], [ -102.32037, 21.95955 ], [ -102.32031, 21.95983 ], [ -102.32029, 21.96003 ], [ -102.32025, 21.96033 ], [ -102.32022, 21.96069 ], [ -102.32021, 21.96081 ], [ -102.32019, 21.96111 ], [ -102.32016, 21.96141 ], [ -102.32014, 21.96163 ], [ -102.32012, 21.96183 ], [ -102.32009, 21.96222 ], [ -102.32008, 21.96229 ], [ -102.32005, 21.96263 ], [ -102.32003, 21.96291 ], [ -102.31998, 21.96344 ], [ -102.31996, 21.9637 ], [ -102.31993, 21.96405 ], [ -102.31991, 21.9642 ], [ -102.3199, 21.96431 ], [ -102.31989, 21.96439 ], [ -102.31985, 21.96456 ], [ -102.31984, 21.96463 ], [ -102.3198, 21.96474 ], [ -102.31976, 21.96487 ], [ -102.3197, 21.96498 ], [ -102.31965, 21.96506 ], [ -102.31939, 21.96554 ], [ -102.3193, 21.96571 ], [ -102.31918, 21.96585 ], [ -102.31895, 21.96611 ], [ -102.31894, 21.96612 ], [ -102.3187, 21.96633 ], [ -102.3186, 21.9664 ], [ -102.31848, 21.96649 ], [ -102.31836, 21.96662 ], [ -102.31826, 21.96671 ], [ -102.3181, 21.96686 ], [ -102.31787, 21.96707 ], [ -102.31781, 21.96713 ], [ -102.31759, 21.96733 ], [ -102.31737, 21.96754 ], [ -102.31726, 21.96764 ], [ -102.31719, 21.9677 ], [ -102.31658, 21.96825 ], [ -102.31649, 21.96833 ], [ -102.31629, 21.96852 ], [ -102.31614, 21.96866 ], [ -102.31599, 21.96881 ], [ -102.31582, 21.96902 ], [ -102.31574, 21.96911 ], [ -102.31571, 21.96916 ], [ -102.31562, 21.9693 ], [ -102.31557, 21.96939 ], [ -102.31554, 21.96945 ], [ -102.31551, 21.9695 ], [ -102.31549, 21.96956 ], [ -102.31545, 21.96965 ], [ -102.31542, 21.96971 ], [ -102.31541, 21.96975 ], [ -102.31536, 21.96992 ], [ -102.31532, 21.97004 ], [ -102.31529, 21.97018 ], [ -102.31527, 21.97032 ], [ -102.31526, 21.97048 ], [ -102.31526, 21.97064 ], [ -102.31527, 21.97082 ], [ -102.31528, 21.97099 ], [ -102.3153, 21.97108 ], [ -102.3153, 21.97112 ], [ -102.31533, 21.97125 ], [ -102.31539, 21.97145 ], [ -102.31549, 21.97178 ], [ -102.31553, 21.97191 ], [ -102.3156, 21.97217 ], [ -102.31565, 21.97232 ], [ -102.31573, 21.97261 ], [ -102.31573, 21.97263 ], [ -102.31575, 21.97271 ], [ -102.31578, 21.97279 ], [ -102.31592, 21.9733 ], [ -102.31606, 21.97376 ], [ -102.3161, 21.97392 ], [ -102.31612, 21.974 ], [ -102.31615, 21.97409 ], [ -102.31621, 21.97431 ], [ -102.31625, 21.97446 ], [ -102.31629, 21.97462 ], [ -102.31631, 21.97472 ], [ -102.31632, 21.9748 ], [ -102.31634, 21.9749 ], [ -102.31635, 21.97498 ], [ -102.31635, 21.97506 ], [ -102.31635, 21.97512 ], [ -102.31635, 21.97523 ], [ -102.31632, 21.97569 ], [ -102.31644, 21.97571 ] ] } },
{ "type": "Feature", "properties": { "route_id": "R_39", "route_short_name": "R39", "route_long_name": "R-39", "route_km": 16.852789185556347, "n_stops": 57, "straight_line_km": 10.254860354107182, "connects_to_existing": true, "total_score": 0.18520197775145461, "pareto_rank": 3, "feasible": true, "flag": "Indirect", "detour_ratio": 1.643, "n_served_agebs": 25, "f1_demand_gain": 0.0041023196367514347, "f3_equity": 0.2861582719773576 }, "geometry": { "type": "LineString", "coordinates": [ [ -102.20618, 21.91798 ], [ -102.206349500000016, 21.9177844 ], [ -102.206547, 21.91748306 ], [ -102.20659, 21.91738 ], [ -102.2066, 21.91733 ], [ -102.2066, 21.91729 ], [ -102.20659, 21.91723 ], [ -102.20656, 21.91715 ], [ -102.20653, 21.91705 ], [ -102.2064977, 21.91697214 ], [ -102.206445, 21.916844670000021 ], [ -102.206392100000016, 21.916698610000019 ], [ -102.206386, 21.916621030000016 ], [ -102.2064011, 21.916500159999984 ], [ -102.2064424, 21.916403579999965 ], [ -102.2066451, 21.91614409 ], [ -102.2069324, 21.915818299999948 ], [ -102.2072543, 21.91540933 ], [ -102.2076433, 21.91493924 ], [ -102.2079442, 21.914582829999986 ], [ -102.2082754, 21.91416296 ], [ -102.2088856, 21.91343237 ], [ -102.209123100000014, 21.91314534 ], [ -102.2093016, 21.912950169999984 ], [ -102.209491, 21.91279161 ], [ -102.2102844, 21.912163580000026 ], [ -102.2107317, 21.91181923 ], [ -102.2109896, 21.91162681 ], [ -102.211177, 21.911440339999956 ], [ -102.2113572, 21.91121889 ], [ -102.2116112, 21.910716960000016 ], [ -102.212144, 21.90950366000002 ], [ -102.2124206, 21.908893229999961 ], [ -102.2124678, 21.90871192 ], [ -102.2124789, 21.90854802 ], [ -102.212454100000016, 21.90823252 ], [ -102.212238700000015, 21.90760516 ], [ -102.2120949, 21.90721363 ], [ -102.2119415, 21.906785500000023 ], [ -102.211854100000011, 21.906536360000022 ], [ -102.2118065, 21.90637835 ], [ -102.2117904, 21.90621941 ], [ -102.211834, 21.906064310000012 ], [ -102.2118936, 21.905901929999963 ], [ -102.2120238, 21.905618450000024 ], [ -102.2122776, 21.90513098000001 ], [ -102.2125521, 21.90452281000001 ], [ -102.2126895, 21.9042887 ], [ -102.2128139, 21.90394473 ], [ -102.2130796, 21.903210790000017 ], [ -102.2133385, 21.902397299999976 ], [ -102.213472400000015, 21.901988010000029 ], [ -102.2136615, 21.901423549999954 ], [ -102.213887900000017, 21.900756089999973 ], [ -102.213969500000019, 21.90048459 ], [ -102.2140278, 21.900124210000023 ], [ -102.2140814, 21.899447980000016 ], [ -102.2141107, 21.89900804 ], [ -102.2141406, 21.898622499999977 ], [ -102.214168, 21.89822043000002 ], [ -102.2142084, 21.8979056 ], [ -102.2142509, 21.897690210000011 ], [ -102.2143445, 21.89737162000003 ], [ -102.2144269, 21.897077179999986 ], [ -102.2145643, 21.896802500000021 ], [ -102.2147208, 21.89657475 ], [ -102.2149325, 21.89628924 ], [ -102.2151672, 21.895972210000028 ], [ -102.2152636, 21.895808549999987 ], [ -102.215341, 21.895600959999978 ], [ -102.2153999, 21.89535932 ], [ -102.2154416, 21.89503288 ], [ -102.2154908, 21.894609869999968 ], [ -102.2155164, 21.89428414 ], [ -102.2155731, 21.89372252 ], [ -102.215609, 21.893338639999989 ], [ -102.2156598, 21.892924550000028 ], [ -102.2156847, 21.892556009999986 ], [ -102.2157162, 21.89226244 ], [ -102.21577, 21.89189842 ], [ -102.2158032, 21.891554560000031 ], [ -102.215838, 21.891202289999988 ], [ -102.215903, 21.8910389 ], [ -102.2159939, 21.8908953 ], [ -102.2163566, 21.890367210000012 ], [ -102.2167686, 21.889852090000019 ], [ -102.2170602, 21.88945614 ], [ -102.2172818, 21.889164130000044 ], [ -102.2175846, 21.888753589999986 ], [ -102.2179043, 21.888365549999978 ], [ -102.218109400000017, 21.8881073 ], [ -102.2183347, 21.887861679999968 ], [ -102.2185394, 21.88768484999996 ], [ -102.2188331, 21.88751504 ], [ -102.21906, 21.88735 ], [ -102.21914, 21.8873 ], [ -102.21922, 21.88725 ], [ -102.21931, 21.88719 ], [ -102.2196727, 21.88696786 ], [ -102.2205287, 21.88638288 ], [ -102.2208546, 21.88615027 ], [ -102.2212225, 21.885907259999982 ], [ -102.2215478, 21.88570894 ], [ -102.2220197, 21.885489320000016 ], [ -102.2227266, 21.885161849999982 ], [ -102.2234575, 21.884835350000035 ], [ -102.2241736, 21.884522220000015 ], [ -102.225626100000014, 21.88413813 ], [ -102.2261857, 21.88401004 ], [ -102.2266891, 21.883842859999948 ], [ -102.2274966, 21.88350526 ], [ -102.2278128, 21.883371720000014 ], [ -102.22798, 21.88329 ], [ -102.2283542, 21.883100230000014 ], [ -102.2287532, 21.88277197000005 ], [ -102.2291511, 21.882252780000034 ], [ -102.22934650000002, 21.882016310000022 ], [ -102.2297724, 21.88168343 ], [ -102.23025, 21.8814 ], [ -102.2307338, 21.88116566 ], [ -102.2315478, 21.880738769999983 ], [ -102.2322666, 21.88037785 ], [ -102.2329531, 21.88002001 ], [ -102.233534600000013, 21.879691720000011 ], [ -102.2339183, 21.87945412 ], [ -102.2343763, 21.879117189999985 ], [ -102.2348054, 21.878753809999964 ], [ -102.235223600000012, 21.878314790000012 ], [ -102.2354, 21.8783 ], [ -102.23544, 21.87838 ], [ -102.23546, 21.87843 ], [ -102.23547, 21.87848 ], [ -102.23548, 21.87854 ], [ -102.23548, 21.87867 ], [ -102.23546, 21.87895 ], [ -102.23542, 21.87925 ], [ -102.23532, 21.87999 ], [ -102.23532, 21.88019 ], [ -102.23532, 21.88026 ], [ -102.23534, 21.88034 ], [ -102.23534, 21.88035 ], [ -102.23539, 21.88052 ], [ -102.23542, 21.88062 ], [ -102.23546, 21.88073 ], [ -102.23554, 21.88091 ], [ -102.23558, 21.88099 ], [ -102.23587, 21.88166 ], [ -102.23587, 21.88167 ], [ -102.23618, 21.88235 ], [ -102.23619, 21.88237 ], [ -102.23633, 21.8827 ], [ -102.23649, 21.88305 ], [ -102.2367849, 21.883677109999976 ], [ -102.2370185, 21.883797920000024 ], [ -102.2372604, 21.88374437 ], [ -102.2382078, 21.88324858 ], [ -102.238499100000013, 21.88310074 ], [ -102.2387488, 21.88299205 ], [ -102.2392284, 21.882834070000019 ], [ -102.23964, 21.88272 ], [ -102.23996, 21.88264 ], [ -102.24014, 21.8826 ], [ -102.24038, 21.88255 ], [ -102.24039, 21.88254 ], [ -102.24056, 21.88249 ], [ -102.2410865, 21.88231247 ], [ -102.2416288, 21.882116819999982 ], [ -102.2419846, 21.882020249999986 ], [ -102.24228, 21.88184 ], [ -102.2427715, 21.881545660000018 ], [ -102.2431741, 21.881395120000022 ], [ -102.243712, 21.881217080000017 ], [ -102.24409, 21.88109 ], [ -102.24471, 21.88087 ], [ -102.24509, 21.88075 ], [ -102.24547, 21.88061 ], [ -102.24584, 21.88049 ], [ -102.2462439, 21.88035325 ], [ -102.2466, 21.88023 ], [ -102.24698, 21.8801 ], [ -102.24739, 21.87997 ], [ -102.24776, 21.87985 ], [ -102.24813, 21.87971 ], [ -102.2482877, 21.87960122 ], [ -102.2483718, 21.879479870000015 ], [ -102.2483689, 21.879338539999978 ], [ -102.2480295, 21.87849065 ], [ -102.2476219, 21.87744717 ], [ -102.2473445, 21.876734559999985 ], [ -102.2470729, 21.87602708999998 ], [ -102.2467963, 21.875280849999985 ], [ -102.2465401, 21.87462594 ], [ -102.2463335, 21.87405872 ], [ -102.2460645, 21.87335805 ], [ -102.2457776, 21.87268184000002 ], [ -102.2456941, 21.87265172 ], [ -102.2455137, 21.872229940000011 ], [ -102.2453002, 21.871778190000025 ], [ -102.244991, 21.8710314 ], [ -102.244972, 21.87085235 ], [ -102.2445753, 21.869894639999977 ], [ -102.2443607, 21.869390320000026 ], [ -102.2443012, 21.869045069999981 ], [ -102.2443189, 21.868812049999988 ], [ -102.2444499, 21.86842839000002 ], [ -102.2445663, 21.86812662 ], [ -102.2446614, 21.867918459999981 ], [ -102.24484360000001, 21.867977609999986 ], [ -102.2452158, 21.868123 ], [ -102.2456931, 21.86828739 ], [ -102.2466688, 21.86876331 ], [ -102.2474108, 21.86921131 ], [ -102.2480169, 21.869581010000012 ], [ -102.2486644, 21.869972039999976 ], [ -102.2495042, 21.87047419 ], [ -102.2503262, 21.87098518 ], [ -102.251121800000021, 21.87137263 ], [ -102.2515251, 21.87156283 ], [ -102.2517177, 21.871553650000028 ], [ -102.25187, 21.87148 ], [ -102.25204, 21.87129 ], [ -102.25222, 21.8711 ], [ -102.25239, 21.87093 ], [ -102.25241, 21.87091 ], [ -102.25252, 21.87085 ], [ -102.2527, 21.87077 ], [ -102.25321, 21.87063 ], [ -102.25328, 21.87061 ], [ -102.25358, 21.87053 ], [ -102.25389, 21.87045 ], [ -102.25413, 21.87038 ], [ -102.25438, 21.87034 ], [ -102.25457, 21.8703 ], [ -102.2548, 21.87025 ], [ -102.25487, 21.87024 ], [ -102.25528, 21.87017 ], [ -102.25646, 21.86991 ], [ -102.25698, 21.86981 ], [ -102.25721, 21.86976 ], [ -102.2573, 21.86974 ], [ -102.25736, 21.86978 ], [ -102.25743, 21.86982 ], [ -102.25753, 21.86988 ], [ -102.25768, 21.87039 ], [ -102.25794, 21.8713 ], [ -102.25797, 21.87141 ], [ -102.25798, 21.87142 ], [ -102.25823, 21.87229 ], [ -102.25845, 21.87306 ], [ -102.2585, 21.87318 ], [ -102.25854, 21.87329 ], [ -102.2586, 21.87339 ], [ -102.25865, 21.87349 ], [ -102.25893, 21.87376 ], [ -102.259, 21.87382 ], [ -102.25908, 21.87389 ], [ -102.25915, 21.87395 ], [ -102.25938, 21.87416 ], [ -102.25974, 21.87446 ], [ -102.26017, 21.87482 ], [ -102.26024, 21.87488 ], [ -102.26033, 21.87494 ], [ -102.26037, 21.87496 ], [ -102.26043, 21.87499 ], [ -102.26051, 21.87502 ], [ -102.26076, 21.8751 ], [ -102.2619, 21.87542 ], [ -102.26198, 21.87544 ], [ -102.2625129, 21.87559972 ], [ -102.2627222, 21.875661010000041 ], [ -102.2629241, 21.875726899999989 ], [ -102.2633585, 21.87585906 ], [ -102.263708, 21.875953079999977 ], [ -102.2638962, 21.87597408 ], [ -102.264272, 21.87589401 ], [ -102.265571, 21.87561627 ], [ -102.2659736, 21.875406290000011 ], [ -102.26616, 21.87523 ], [ -102.2665483, 21.87486304 ], [ -102.2668413, 21.874570210000048 ], [ -102.26721, 21.87422 ], [ -102.26758, 21.87402 ], [ -102.2678906, 21.87392211 ], [ -102.2687931, 21.87376488 ], [ -102.2691, 21.87372 ], [ -102.26988, 21.87371 ], [ -102.27031, 21.87369 ], [ -102.27052, 21.87368 ], [ -102.27074, 21.87368 ], [ -102.27123, 21.87367 ], [ -102.27163, 21.87367 ], [ -102.2727466, 21.873679640000013 ], [ -102.2735753, 21.873665699999986 ], [ -102.2741998, 21.87366435 ], [ -102.2747589, 21.873673290000013 ], [ -102.2750747, 21.87366187 ], [ -102.27533, 21.87365 ], [ -102.27561, 21.87366 ], [ -102.27602, 21.87365 ], [ -102.27642, 21.87365 ], [ -102.27804, 21.87363 ], [ -102.27819, 21.87363 ], [ -102.27883, 21.87362 ], [ -102.27935, 21.87362 ], [ -102.2797003, 21.87362312 ], [ -102.28108, 21.87361 ], [ -102.2815144, 21.873608340000018 ], [ -102.2825336, 21.87361807000001 ], [ -102.2841945, 21.873637890000015 ], [ -102.2850329, 21.8736579 ], [ -102.2857719, 21.87365692 ], [ -102.2872462, 21.873678960000021 ], [ -102.2879413, 21.873590539999974 ], [ -102.2887177, 21.873334840000012 ], [ -102.2892618, 21.873140189999965 ], [ -102.29021, 21.87284 ], [ -102.29064, 21.87274 ], [ -102.29073, 21.87272 ], [ -102.29119, 21.87262 ], [ -102.29179, 21.87249 ], [ -102.29295, 21.87225 ], [ -102.29304, 21.87223 ], [ -102.29307, 21.87231 ], [ -102.2931, 21.87239 ], [ -102.29332, 21.87333 ], [ -102.29362, 21.87434 ], [ -102.29385, 21.87505 ], [ -102.29395, 21.87533 ], [ -102.29401, 21.8755 ], [ -102.29419, 21.87601 ], [ -102.29454, 21.87731 ], [ -102.2948, 21.87816 ], [ -102.2955, 21.87795 ], [ -102.29562, 21.8779 ], [ -102.29571, 21.87785 ], [ -102.29583, 21.87818 ], [ -102.2959, 21.87836 ], [ -102.29592, 21.87847 ], [ -102.29597, 21.87862 ], [ -102.29599, 21.87875 ], [ -102.29607, 21.8791 ], [ -102.29607, 21.87911 ], [ -102.2964, 21.88008 ], [ -102.29647, 21.88037 ], [ -102.29651, 21.88062 ], [ -102.29658, 21.88109 ], [ -102.29659, 21.88114 ], [ -102.29659, 21.88116 ], [ -102.2966, 21.88119 ], [ -102.29664, 21.88126 ], [ -102.29682, 21.88158 ], [ -102.297, 21.88193 ], [ -102.2971, 21.88213 ], [ -102.29746, 21.88287 ], [ -102.29776, 21.88361 ], [ -102.2978, 21.88378 ], [ -102.29781, 21.88383 ], [ -102.29781, 21.88391 ], [ -102.29782, 21.88417 ], [ -102.29779, 21.88449 ], [ -102.29778, 21.88456 ], [ -102.29756, 21.88524 ], [ -102.29741, 21.88563 ], [ -102.29716, 21.88629 ], [ -102.2970207, 21.88662514 ], [ -102.29693, 21.88688 ], [ -102.2969, 21.88695 ], [ -102.29657, 21.88687 ], [ -102.2964326, 21.886817300000022 ], [ -102.2963077, 21.88657068 ], [ -102.2956828, 21.884870519999989 ], [ -102.295531200000013, 21.88444695 ] ] } },
{ "type": "Feature", "properties": { "route_id": "R_40N", "route_short_name": "R40N", "route_long_name": "R-40N", "route_km": 32.517851513238185, "n_stops": 76, "straight_line_km": 8.9982332249647126, "connects_to_existing": true, "total_score": 0.055319239140974863, "pareto_rank": 6, "feasible": false, "flag": "Redundant", "detour_ratio": 3.614, "n_served_agebs": 49, "f1_demand_gain": 0.0061505793159702653, "f3_equity": 0.19667463930001838 }, "geometry": { "type": "LineString", "coordinates": [ [ -102.2652658, 21.895118310000026 ], [ -102.2651311, 21.89487915 ], [ -102.2650064, 21.89464325 ], [ -102.2649345, 21.89458611 ], [ -102.2648743, 21.894574070000015 ], [ -102.2647981, 21.894610359999966 ], [ -102.26479, 21.894668130000014 ], [ -102.264818600000012, 21.89475978 ], [ -102.2652875, 21.89565094 ], [ -102.265508600000018, 21.89583207 ], [ -102.2656182, 21.89601712 ], [ -102.2657458, 21.896061640000013 ], [ -102.2659462, 21.896017620000016 ], [ -102.2664191, 21.895721849999987 ], [ -102.2666839, 21.89555902 ], [ -102.2672372, 21.895214630000034 ], [ -102.2673606, 21.8951468 ], [ -102.2674337, 21.89506936 ], [ -102.2674773, 21.8949493 ], [ -102.26752, 21.894856279999985 ], [ -102.2675262, 21.894795430000041 ], [ -102.2675155, 21.89467482 ], [ -102.2674176, 21.894564649999982 ], [ -102.2672592, 21.894489970000031 ], [ -102.2669289, 21.89440618 ], [ -102.2661537, 21.894217850000018 ], [ -102.2659069, 21.89413307 ], [ -102.2657039, 21.89403844 ], [ -102.2655396, 21.89395974 ], [ -102.2652412, 21.893791679999989 ], [ -102.2650285, 21.8936266 ], [ -102.2648433, 21.89345612000001 ], [ -102.2647263, 21.893347269999985 ], [ -102.2645773, 21.89316815 ], [ -102.2644578, 21.89300348 ], [ -102.2641544, 21.892450180000022 ], [ -102.26388510000001, 21.891894660000013 ], [ -102.2634689, 21.89108955 ], [ -102.2631045, 21.89040187 ], [ -102.2625209, 21.8892993 ], [ -102.2620365, 21.88839321 ], [ -102.261684, 21.88770128 ], [ -102.2615237, 21.887399799999987 ], [ -102.261167, 21.886737290000035 ], [ -102.2606692, 21.885862719999974 ], [ -102.260329900000016, 21.88522472 ], [ -102.2599486, 21.884508530000012 ], [ -102.2597075, 21.88403082 ], [ -102.2594362, 21.883563389999974 ], [ -102.2592442, 21.883274379999971 ], [ -102.2591181, 21.88313401000002 ], [ -102.2590297, 21.883056850000013 ], [ -102.2588964, 21.883039969999984 ], [ -102.2586056, 21.883129160000017 ], [ -102.258424, 21.883186850000026 ], [ -102.2571542, 21.88361282 ], [ -102.2567203, 21.883760439999961 ], [ -102.2566564, 21.8838491 ], [ -102.2566494, 21.883940090000046 ], [ -102.2566517, 21.88404211 ], [ -102.2566798, 21.884318630000024 ], [ -102.256652100000011, 21.884517809999963 ], [ -102.2565904, 21.88470045 ], [ -102.2565223, 21.884840899999979 ], [ -102.2564324, 21.885000570000024 ], [ -102.2563361, 21.8851113 ], [ -102.2558334, 21.88582589 ], [ -102.2557637, 21.885990789999976 ], [ -102.2557533, 21.886089830000014 ], [ -102.2557482, 21.886228340000017 ], [ -102.2557613, 21.886343919999952 ], [ -102.256083500000017, 21.88728477 ], [ -102.2564373, 21.88816789 ], [ -102.2569736, 21.889517159999954 ], [ -102.25757280000002, 21.891024919999968 ], [ -102.2580971, 21.89242199 ], [ -102.2582064, 21.892626429999986 ], [ -102.2583442, 21.89281901 ], [ -102.258448800000011, 21.89291413000003 ], [ -102.2586117, 21.89300118 ], [ -102.2586253, 21.893010959999973 ], [ -102.2587806, 21.89311242 ], [ -102.2588797, 21.89325452 ], [ -102.2589613, 21.89339526 ], [ -102.2589958, 21.89351286 ], [ -102.2590039, 21.89368903 ], [ -102.2590097, 21.893837210000012 ], [ -102.2589323, 21.894005569999987 ], [ -102.2588569, 21.894164730000011 ], [ -102.2588304, 21.89429683 ], [ -102.2588246, 21.894462799999975 ], [ -102.2588295, 21.895429480000061 ], [ -102.2588363, 21.89618253 ], [ -102.2588489, 21.896946339999985 ], [ -102.2588691, 21.898078869999985 ], [ -102.2589434, 21.898635889999987 ], [ -102.259012200000015, 21.898844619999966 ], [ -102.2590575, 21.898967640000034 ], [ -102.2591901, 21.899455430000028 ], [ -102.2592288, 21.90014043 ], [ -102.2592219, 21.900591400000021 ], [ -102.2592438, 21.901391940000011 ], [ -102.2592667, 21.902626189999985 ], [ -102.2593094, 21.902913649999981 ], [ -102.2594331, 21.90318075 ], [ -102.2595236, 21.90331606 ], [ -102.2596115, 21.90342155 ], [ -102.25968730000001, 21.90348882000001 ], [ -102.2599517, 21.903682469999971 ], [ -102.2602393, 21.90384966 ], [ -102.2605513, 21.904053810000018 ], [ -102.2608643, 21.90425829000003 ], [ -102.2610924, 21.904460130000022 ], [ -102.26130520000001, 21.90463319 ], [ -102.2614779, 21.90474707 ], [ -102.261673300000012, 21.90481044 ], [ -102.2619277, 21.904856660000021 ], [ -102.2622838, 21.904915670000012 ], [ -102.2625022, 21.90493253 ], [ -102.2626497, 21.904942110000018 ], [ -102.2628062, 21.9049504 ], [ -102.2629504, 21.904974960000011 ], [ -102.2632854, 21.905012950000014 ], [ -102.2634775, 21.90502754000001 ], [ -102.2636281, 21.90499496 ], [ -102.2654897, 21.904396310000021 ], [ -102.2665495, 21.904047979999987 ], [ -102.2679361, 21.90361230000002 ], [ -102.2692735, 21.903198820000011 ], [ -102.2698053, 21.903044929999986 ], [ -102.2698822, 21.90305239 ], [ -102.2699541, 21.903104899999978 ], [ -102.2700163, 21.90320331 ], [ -102.2700539, 21.903289279999981 ], [ -102.2700728, 21.903410230000027 ], [ -102.2700792, 21.90356406 ], [ -102.2702084, 21.90437527000002 ], [ -102.270321200000012, 21.90462155 ], [ -102.2703934, 21.90479711 ], [ -102.2707321, 21.905441720000017 ], [ -102.2712278, 21.90636641 ], [ -102.2718267, 21.90750555000001 ], [ -102.2724334, 21.90862664 ], [ -102.2727047, 21.90916271 ], [ -102.2732981, 21.9102889 ], [ -102.2738617, 21.91135548 ], [ -102.2742985, 21.912201549999985 ], [ -102.2745777, 21.912743430000024 ], [ -102.275081200000017, 21.913683090000017 ], [ -102.2754357, 21.91415181 ], [ -102.2757156, 21.914406810000013 ], [ -102.2759417, 21.914554470000013 ], [ -102.2765247, 21.91482456 ], [ -102.2767551, 21.914907610000025 ], [ -102.2769155, 21.91494413 ], [ -102.2773889, 21.914984350000012 ], [ -102.27849860000002, 21.91503935 ], [ -102.2799716, 21.915101520000011 ], [ -102.2807249, 21.91513648 ], [ -102.2811257, 21.91512670000002 ], [ -102.2813502, 21.915109760000018 ], [ -102.281434100000013, 21.91510771 ], [ -102.2831564, 21.91517329 ], [ -102.2860215, 21.91533627 ], [ -102.2904364, 21.91556939 ], [ -102.291184, 21.915500470000019 ], [ -102.2934411, 21.91560976000002 ], [ -102.2962648, 21.915756239999979 ], [ -102.2978401, 21.91581417999998 ], [ -102.2990361, 21.915870859999977 ], [ -102.3029147, 21.915996569999979 ], [ -102.3039389, 21.916067840000029 ], [ -102.3079083, 21.91623591 ], [ -102.3105313, 21.91634680000001 ], [ -102.3124716, 21.916478749999978 ], [ -102.3131735, 21.91653937 ], [ -102.3136501, 21.91656279 ], [ -102.3138248, 21.916552680000017 ], [ -102.3140371, 21.916556859999965 ], [ -102.3142412, 21.916548519999989 ], [ -102.3144672, 21.91651972 ], [ -102.3145724, 21.916517139999986 ], [ -102.315308, 21.91646951 ], [ -102.3160208, 21.916422560000015 ], [ -102.3171419, 21.916366780000018 ], [ -102.3173704, 21.916353550000014 ], [ -102.3177833, 21.916263969999974 ], [ -102.318103, 21.91612554 ], [ -102.3182764, 21.916025140000016 ], [ -102.3185189, 21.91583044 ], [ -102.3186651, 21.91568134 ], [ -102.3188139, 21.915485220000011 ], [ -102.3189388, 21.915268370000025 ], [ -102.31901520000001, 21.91507006 ], [ -102.3190888, 21.91481803 ], [ -102.319104, 21.91458648 ], [ -102.319088, 21.91427451 ], [ -102.3190443, 21.914080470000012 ], [ -102.3189322, 21.913722680000046 ], [ -102.3188098, 21.913399439999974 ], [ -102.3185539, 21.912735969999982 ], [ -102.3181708, 21.91172262 ], [ -102.3179149, 21.910955400000013 ], [ -102.31782410000001, 21.91063132 ], [ -102.3176593, 21.90993583 ], [ -102.317517100000018, 21.909323269999955 ], [ -102.3173209, 21.908340949999989 ], [ -102.3170826, 21.90721765 ], [ -102.3169595, 21.90666111 ], [ -102.3166978, 21.90537354 ], [ -102.31651770000002, 21.904421579999987 ], [ -102.3164569, 21.904174050000012 ], [ -102.3163736, 21.903349119999966 ], [ -102.3163896, 21.903116300000026 ], [ -102.3164718, 21.90256396 ], [ -102.3166588, 21.90179659999998 ], [ -102.3167969, 21.90118348 ], [ -102.317024800000013, 21.90021428 ], [ -102.3171626, 21.89962142 ], [ -102.317234200000016, 21.898985949999986 ], [ -102.3172558, 21.89873026 ], [ -102.3172377, 21.897757980000012 ], [ -102.3172033, 21.896946630000024 ], [ -102.317190400000015, 21.89610482 ], [ -102.3171825, 21.89494226 ], [ -102.3171648, 21.89404193 ], [ -102.3171353, 21.89282077 ], [ -102.3171315, 21.89175027 ], [ -102.3171261, 21.890787050000011 ], [ -102.3170999, 21.88960909 ], [ -102.3170617, 21.888274319999983 ], [ -102.3170657, 21.88800519 ], [ -102.3170794, 21.88778688 ], [ -102.3171228, 21.88758787 ], [ -102.3173299, 21.88658293 ], [ -102.317523900000012, 21.885716480000035 ], [ -102.3175883, 21.885389120000017 ], [ -102.3176431, 21.885026579999987 ], [ -102.3176981, 21.884688809999972 ], [ -102.3177637, 21.88414263 ], [ -102.3177938, 21.8837299 ], [ -102.3178693, 21.88298078 ], [ -102.3179638, 21.881720660000013 ], [ -102.3180055, 21.88097962 ], [ -102.3180613, 21.880411720000012 ], [ -102.3181341, 21.87950492 ], [ -102.3182392, 21.87839351 ], [ -102.3183165, 21.87729261 ], [ -102.3183896, 21.87646261 ], [ -102.3184548, 21.875701479999986 ], [ -102.3185407, 21.874722570000014 ], [ -102.3186114, 21.87390567 ], [ -102.3186972, 21.873018060000053 ], [ -102.3187772, 21.872208640000011 ], [ -102.3187758, 21.871737610000029 ], [ -102.31877, 21.87151663000002 ], [ -102.318666400000012, 21.8707139 ], [ -102.3185563, 21.86988747 ], [ -102.3184283, 21.868928540000013 ], [ -102.3182956, 21.86802211 ], [ -102.3181275, 21.86690547 ], [ -102.3178697, 21.86543513 ], [ -102.3175895, 21.863986289999978 ], [ -102.3173602, 21.8624737 ], [ -102.3172936, 21.862163100000011 ], [ -102.3172083, 21.861625160000031 ], [ -102.3171252, 21.861301130000012 ], [ -102.3169772, 21.860905600000031 ], [ -102.3167999, 21.860582389999983 ], [ -102.31656790000001, 21.86025954 ], [ -102.3162844, 21.859952439999976 ], [ -102.3158984, 21.859632410000035 ], [ -102.315484500000011, 21.859403089999983 ], [ -102.3149843, 21.859213669999985 ], [ -102.314654, 21.859133870000015 ], [ -102.3143626, 21.859081310000018 ], [ -102.3138803, 21.85903834 ], [ -102.3134758, 21.8590119 ], [ -102.311362700000018, 21.858819589999982 ], [ -102.306583800000013, 21.858419209999983 ], [ -102.3061836, 21.85842436 ], [ -102.3056944, 21.85852092 ], [ -102.3043899, 21.85891913 ], [ -102.3023786, 21.859497219999987 ], [ -102.3016276, 21.859724259999989 ], [ -102.3013906, 21.859842480000022 ], [ -102.3011398, 21.85998706 ], [ -102.3009847, 21.860040740000017 ], [ -102.3008789, 21.860033339999983 ], [ -102.3006552, 21.860058830000018 ], [ -102.300537100000014, 21.860086770000027 ], [ -102.3003357, 21.8600665 ], [ -102.3001351, 21.860025270000015 ], [ -102.2997408, 21.859892580000032 ], [ -102.2994364, 21.85974455 ], [ -102.298624, 21.85931171 ], [ -102.2973823, 21.858639749999984 ], [ -102.2967756, 21.858304220000015 ], [ -102.2961434, 21.857995540000015 ], [ -102.2956843, 21.857866249999965 ], [ -102.2953045, 21.857784179999982 ], [ -102.2949586, 21.85773465 ], [ -102.294727100000017, 21.857716249999971 ], [ -102.2943635, 21.85773478 ], [ -102.2940989, 21.857755710000013 ], [ -102.2937366, 21.85781289 ], [ -102.2931327, 21.85791031 ], [ -102.2925134, 21.85804322 ], [ -102.2908305, 21.8583238 ], [ -102.289424200000013, 21.858628750000012 ], [ -102.287709, 21.85898825 ], [ -102.286365700000019, 21.85925054 ], [ -102.2848956, 21.859548620000023 ], [ -102.2830913, 21.8599119 ], [ -102.2828909, 21.859974300000012 ], [ -102.2826734, 21.8600111 ], [ -102.2824176, 21.860022600000036 ], [ -102.2808854, 21.86000233 ], [ -102.2805981, 21.859993659999983 ], [ -102.2787362, 21.85995583 ], [ -102.2776363, 21.859936099999985 ], [ -102.2755043, 21.859869980000017 ], [ -102.2742969, 21.859858619999979 ], [ -102.273629700000015, 21.85982918 ], [ -102.2722197, 21.85982246 ], [ -102.2699054, 21.85978682999998 ], [ -102.2688115, 21.859782970000033 ], [ -102.2663865, 21.859751 ], [ -102.2636526, 21.859712290000012 ], [ -102.2612989, 21.859685080000027 ], [ -102.260114, 21.859679300000021 ], [ -102.2583454, 21.85964852999998 ], [ -102.2570559, 21.859611489999974 ], [ -102.2567102, 21.859639360000035 ], [ -102.2562949, 21.85969830000003 ], [ -102.2555911, 21.859853360000027 ], [ -102.255274, 21.85997072000001 ], [ -102.2545064, 21.86034691 ], [ -102.2541701, 21.860566559999963 ], [ -102.2537946, 21.860880900000016 ], [ -102.2536684, 21.86099101 ], [ -102.2533827, 21.86130546 ], [ -102.2530929, 21.861663220000011 ], [ -102.2529656, 21.86183358 ], [ -102.2527747, 21.862176459999947 ], [ -102.2526734, 21.862393969999982 ], [ -102.2525288, 21.862772650000046 ], [ -102.2523676, 21.86325467 ], [ -102.2523106, 21.863729029999977 ], [ -102.2522648, 21.86411775 ], [ -102.252340600000011, 21.864928249999974 ], [ -102.2523801, 21.865090609999978 ], [ -102.2525766, 21.86577563 ], [ -102.25274970000001, 21.86637183 ], [ -102.252889, 21.866675770000011 ], [ -102.2529592, 21.8668821 ], [ -102.253097700000012, 21.867082759999974 ], [ -102.2534771, 21.86827003 ], [ -102.2538721, 21.869622309999986 ], [ -102.2542062, 21.87068278 ], [ -102.254522300000019, 21.87179371 ], [ -102.2549756, 21.873368180000021 ], [ -102.2551444, 21.873948229999982 ], [ -102.2552532, 21.874255510000012 ], [ -102.2553815, 21.87459264 ], [ -102.2557254, 21.87566895 ], [ -102.2560266, 21.876594349999976 ], [ -102.2564292, 21.87787470000001 ], [ -102.256714800000012, 21.87871225000001 ], [ -102.2568765, 21.87914306 ], [ -102.2570451, 21.87950646 ], [ -102.2576053, 21.88058088 ], [ -102.2581399, 21.88160124 ], [ -102.2589059, 21.88306569 ], [ -102.2596389, 21.884453270000012 ], [ -102.260384, 21.885846909999987 ], [ -102.2611907, 21.887399340000023 ], [ -102.2617378, 21.88850279999998 ], [ -102.2625633, 21.890007679999986 ], [ -102.2631592, 21.89115 ], [ -102.2635206, 21.891812109999968 ], [ -102.2639999, 21.892753390000049 ], [ -102.2642645, 21.89320326 ], [ -102.2643775, 21.89335397 ], [ -102.2646289, 21.893619180000023 ], [ -102.2648719, 21.89381921 ], [ -102.2650125, 21.893931389999988 ], [ -102.2651774, 21.89404606 ], [ -102.2653282, 21.89412283 ], [ -102.2655627, 21.89424161 ], [ -102.2658239, 21.89436354 ], [ -102.2662556, 21.89449205 ], [ -102.2664954, 21.89456086 ], [ -102.267179, 21.894725889999943 ], [ -102.2671966, 21.894736170000023 ], [ -102.2684887, 21.89499577 ], [ -102.26923, 21.895169629999987 ], [ -102.2697985, 21.895307 ], [ -102.2700515, 21.89541447 ], [ -102.2702405, 21.89552817 ], [ -102.2705024, 21.89573633 ], [ -102.270672, 21.895919340000013 ], [ -102.2709049, 21.89634494 ], [ -102.2709659, 21.896718860000014 ], [ -102.2709264, 21.89722614 ], [ -102.2706232, 21.89921033 ], [ -102.2703766, 21.90084473 ], [ -102.270122, 21.902578820000013 ], [ -102.2700156, 21.90275569 ], [ -102.2697935, 21.902832990000022 ], [ -102.2675906, 21.903545159999965 ], [ -102.2659352, 21.90407091 ], [ -102.2642957, 21.90458312 ], [ -102.2639188, 21.90471092000001 ], [ -102.2634682, 21.904826730000011 ], [ -102.2632705, 21.904844170000018 ], [ -102.263015100000018, 21.904804289999984 ], [ -102.2616766, 21.904600320000021 ], [ -102.2613788, 21.90447247 ], [ -102.2611013, 21.90423877000001 ], [ -102.2606397, 21.903671130000038 ], [ -102.2602715, 21.90318426 ], [ -102.2601857, 21.903000730000013 ], [ -102.2601536, 21.902828400000033 ], [ -102.2601073, 21.90153272 ], [ -102.2600976, 21.90117509 ], [ -102.2600793, 21.90081247 ], [ -102.2600373, 21.900430439999983 ], [ -102.2599898, 21.9001667 ], [ -102.2599067, 21.899891320000016 ], [ -102.2596231, 21.8993457 ], [ -102.2594687, 21.89909343 ], [ -102.259338500000013, 21.898882870000019 ], [ -102.2591556, 21.89854824 ], [ -102.2590342, 21.89827498 ], [ -102.2589984, 21.89777654 ], [ -102.2589824, 21.89737745 ], [ -102.2589863, 21.89728278 ], [ -102.2590612, 21.897263080000013 ], [ -102.260111, 21.897094700000011 ], [ -102.261979, 21.89678885 ], [ -102.2641862, 21.89651454 ], [ -102.2650028, 21.89640087999997 ], [ -102.2653089, 21.896336849999976 ], [ -102.265526300000019, 21.89625822 ], [ -102.2656973, 21.89616132000004 ], [ -102.2657755, 21.896121209999965 ], [ -102.2657893, 21.8960241 ], [ -102.2657267, 21.895909659999987 ], [ -102.265727, 21.89591 ], [ -102.265643, 21.895781 ], [ -102.265615, 21.895725 ], [ -102.265553, 21.895627 ], [ -102.265526, 21.895577 ], [ -102.265459, 21.89547 ], [ -102.265395, 21.895356 ], [ -102.265306, 21.895174 ], [ -102.265285, 21.895141 ] ] } },
{ "type": "Feature", "properties": { "route_id": "R_40S", "route_short_name": "R40S", "route_long_name": "R-40S", "route_km": 26.023377121262421, "n_stops": 61, "straight_line_km": 8.9330708788994695, "connects_to_existing": true, "total_score": 0.088948357215744511, "pareto_rank": 5, "feasible": false, "flag": "Indirect", "detour_ratio": 2.913, "n_served_agebs": 45, "f1_demand_gain": 0.0095470228449441186, "f3_equity": 0.18505124152528224 }, "geometry": { "type": "LineString", "coordinates": [ [ -102.2654499, 21.89548289 ], [ -102.2653485, 21.89528532 ], [ -102.2652658, 21.895118310000026 ], [ -102.2651311, 21.89487915 ], [ -102.2650064, 21.89464325 ], [ -102.2649345, 21.89458611 ], [ -102.2648743, 21.894574070000015 ], [ -102.2647981, 21.894610359999966 ], [ -102.26479, 21.894668130000014 ], [ -102.2648249, 21.89472914 ], [ -102.2652571, 21.89554644 ], [ -102.2654223, 21.89574029000002 ], [ -102.2656492, 21.895974739999986 ], [ -102.2657932, 21.89607332 ], [ -102.2658962, 21.89601996 ], [ -102.2664191, 21.895721849999987 ], [ -102.2666839, 21.89555902 ], [ -102.2672372, 21.895214630000034 ], [ -102.267387, 21.895055070000019 ], [ -102.267444, 21.894915969999975 ], [ -102.2675025, 21.894774829999974 ], [ -102.2674901, 21.894678219999967 ], [ -102.2674245, 21.89458795 ], [ -102.2673159, 21.89450557 ], [ -102.2670721, 21.894443150000011 ], [ -102.2662043, 21.894230569999966 ], [ -102.2658756, 21.89413162 ], [ -102.2657175, 21.89406263 ], [ -102.2656004, 21.89400339 ], [ -102.265418600000018, 21.893906120000029 ], [ -102.2651777, 21.89374661 ], [ -102.264867, 21.8935036 ], [ -102.2646246, 21.893227289999988 ], [ -102.2644263, 21.892950209999984 ], [ -102.26429, 21.89265552 ], [ -102.2640282, 21.892191420000032 ], [ -102.263592, 21.89131389 ], [ -102.2632453, 21.89067288 ], [ -102.2627195, 21.889673880000021 ], [ -102.2624882, 21.88925413 ], [ -102.2620489, 21.888452470000015 ], [ -102.26134380000002, 21.887115199999982 ], [ -102.2609284, 21.886309799999985 ], [ -102.2601011, 21.884794680000027 ], [ -102.259613, 21.88390015000002 ], [ -102.2591739, 21.883016710000017 ], [ -102.2587728, 21.882313219999983 ], [ -102.2580525, 21.880905070000011 ], [ -102.2576797, 21.880213790000017 ], [ -102.2574779, 21.87983334 ], [ -102.2572962, 21.879438130000015 ], [ -102.2571553, 21.87918167 ], [ -102.256969, 21.87866704 ], [ -102.2567815, 21.87811257000001 ], [ -102.2564441, 21.876928240000016 ], [ -102.2563994, 21.87664027000001 ], [ -102.2563079, 21.876296580000016 ], [ -102.256124, 21.87568886 ], [ -102.2559037, 21.87500619 ], [ -102.255801800000015, 21.87474116 ], [ -102.2557258, 21.87461323 ], [ -102.255601, 21.874314569999989 ], [ -102.2554856, 21.873910619999986 ], [ -102.255364, 21.873504690000036 ], [ -102.2552087, 21.87288041 ], [ -102.254968, 21.87209223000001 ], [ -102.254746, 21.87143211 ], [ -102.2543993, 21.87035124 ], [ -102.2543243, 21.87009829 ], [ -102.2542566, 21.869807730000016 ], [ -102.2541251, 21.869335340000021 ], [ -102.2540406, 21.869045240000027 ], [ -102.2538444, 21.868450930000012 ], [ -102.253697, 21.867984889999974 ], [ -102.2535497, 21.86752696000001 ], [ -102.2534005, 21.86698372 ], [ -102.2532982, 21.866654639999972 ], [ -102.2530994, 21.86603312 ], [ -102.2530222, 21.86577508 ], [ -102.2528807, 21.86533097 ], [ -102.2528178, 21.8651298 ], [ -102.2527569, 21.86487015 ], [ -102.2527159, 21.864610949999982 ], [ -102.2526956, 21.86430826 ], [ -102.2526943, 21.863934600000011 ], [ -102.252704, 21.863765539999989 ], [ -102.2527564, 21.863391159999988 ], [ -102.2528134, 21.86317158 ], [ -102.2529338, 21.86281911 ], [ -102.2530853, 21.862456159999986 ], [ -102.2533038, 21.862028320000011 ], [ -102.2535388, 21.861727279999986 ], [ -102.253787300000013, 21.861423190000039 ], [ -102.2539716, 21.86123494 ], [ -102.2544497, 21.86085089 ], [ -102.2548528, 21.860601590000027 ], [ -102.2553674, 21.86033756 ], [ -102.2556693, 21.860239590000035 ], [ -102.2559713, 21.860156699999983 ], [ -102.2562148, 21.86009924 ], [ -102.2567071, 21.8600329 ], [ -102.2574757, 21.860021709999987 ], [ -102.258093, 21.86003031000002 ], [ -102.2589916, 21.86005729999998 ], [ -102.2604493, 21.86008145000002 ], [ -102.2617441, 21.860088949999977 ], [ -102.2632206, 21.860101770000014 ], [ -102.2644339, 21.86010707 ], [ -102.2660444, 21.86011578 ], [ -102.2673119, 21.860128620000015 ], [ -102.2684263, 21.86013845 ], [ -102.2693296, 21.86015029 ], [ -102.2702098, 21.860160159999982 ], [ -102.2714026, 21.86018912 ], [ -102.2733632, 21.86020574 ], [ -102.2750627, 21.860226549999979 ], [ -102.2752141, 21.8601993 ], [ -102.27533560000002, 21.86018864 ], [ -102.275488300000021, 21.860176830000025 ], [ -102.2760446, 21.86018421 ], [ -102.2775942, 21.86019868 ], [ -102.2784452, 21.86021936 ], [ -102.2797024, 21.860235650000011 ], [ -102.2805909, 21.86024716 ], [ -102.281615, 21.86024607 ], [ -102.2823013, 21.86024062 ], [ -102.282664600000018, 21.86024532 ], [ -102.283002, 21.86022582 ], [ -102.2835188, 21.86014682 ], [ -102.2839058, 21.86007123 ], [ -102.2849003, 21.8598349 ], [ -102.2860474, 21.859640590000058 ], [ -102.2869273, 21.85944026 ], [ -102.2876546, 21.859289440000026 ], [ -102.2884815, 21.859127220000016 ], [ -102.2901799, 21.858772250000019 ], [ -102.2912516, 21.85855631 ], [ -102.2923135, 21.858356669999981 ], [ -102.2930793, 21.858212530000017 ], [ -102.293476500000011, 21.85813522 ], [ -102.2939477, 21.8580277 ], [ -102.2944404, 21.857946250000015 ], [ -102.2947062, 21.857939109999986 ], [ -102.2950217, 21.857948449999977 ], [ -102.29516550000001, 21.85796615 ], [ -102.2957976, 21.85809182 ], [ -102.2960944, 21.85820448 ], [ -102.2971069, 21.858748310000045 ], [ -102.2974553, 21.85894166 ], [ -102.2987844, 21.859681669999986 ], [ -102.2996102, 21.860136379999968 ], [ -102.3002401, 21.860486879999989 ], [ -102.3003584, 21.86056544 ], [ -102.3004354, 21.860653130000017 ], [ -102.300535100000019, 21.860748220000026 ], [ -102.3006787, 21.860800449999989 ], [ -102.3008589, 21.8608117 ], [ -102.3008651, 21.860811779999988 ], [ -102.3009843, 21.860777650000038 ], [ -102.3010879, 21.86069945 ], [ -102.301146, 21.86060143 ], [ -102.3011934, 21.86049344 ], [ -102.3011897, 21.86039779 ], [ -102.3012167, 21.860342580000029 ], [ -102.3012916, 21.86026930000002 ], [ -102.3013863, 21.860218810000038 ], [ -102.3017689, 21.860056560000015 ], [ -102.3018771, 21.859983780000018 ], [ -102.302176700000018, 21.85985851 ], [ -102.3026834, 21.859684940000015 ], [ -102.3029794, 21.859585869999975 ], [ -102.3033933, 21.859457510000016 ], [ -102.3038613, 21.859316160000013 ], [ -102.3048256, 21.859015930000034 ], [ -102.3054744, 21.858809180000037 ], [ -102.3058365, 21.858710580000011 ], [ -102.3060683, 21.85864749 ], [ -102.3063422, 21.85858834 ], [ -102.306468900000013, 21.858579129999985 ], [ -102.3068654, 21.858600460000019 ], [ -102.3082591, 21.858738799999987 ], [ -102.3086323, 21.858785200000035 ], [ -102.3095675, 21.858878419999986 ], [ -102.3112528, 21.859039689999982 ], [ -102.312423600000017, 21.85916223 ], [ -102.3135259, 21.85925893 ], [ -102.3138307, 21.85928662000001 ], [ -102.314278, 21.859310239999981 ], [ -102.3147368, 21.85938522 ], [ -102.3150632, 21.85947454 ], [ -102.3152242, 21.85953502 ], [ -102.3154235, 21.859621489999977 ], [ -102.3157521, 21.859838360000026 ], [ -102.3161349, 21.8601482 ], [ -102.3163721, 21.86039967 ], [ -102.3166268, 21.86074868 ], [ -102.3167284, 21.86095413 ], [ -102.3168769, 21.861350150000021 ], [ -102.3170837, 21.86237488 ], [ -102.3173486, 21.86394212 ], [ -102.3176095, 21.86534613000001 ], [ -102.3178156, 21.86673319 ], [ -102.3180277, 21.867935930000016 ], [ -102.3181684, 21.868862680000017 ], [ -102.3182792, 21.86974203 ], [ -102.3184119, 21.870945090000049 ], [ -102.318491600000016, 21.871413909999976 ], [ -102.3185193, 21.87185892 ], [ -102.3184877, 21.87209867 ], [ -102.3184293, 21.872926149999952 ], [ -102.3183696, 21.873788259999973 ], [ -102.3182778, 21.87484611 ], [ -102.3181553, 21.87634416 ], [ -102.3180321, 21.87797355 ], [ -102.3179019, 21.87948079 ], [ -102.317755, 21.8813394 ], [ -102.3175801, 21.88330496999998 ], [ -102.3175175, 21.88407532 ], [ -102.3174227, 21.884961900000015 ], [ -102.3172317, 21.88585629 ], [ -102.3171033, 21.88640137 ], [ -102.3168423, 21.887743309999973 ], [ -102.3168282, 21.88785221 ], [ -102.3167828, 21.88793219 ], [ -102.3167743, 21.888088110000012 ], [ -102.3167741, 21.888096430000012 ], [ -102.3167928, 21.88824838 ], [ -102.3167966, 21.88840096 ], [ -102.316805800000012, 21.88934903 ], [ -102.3168571, 21.891163779999989 ], [ -102.3168635, 21.89231432 ], [ -102.3168954, 21.89388153 ], [ -102.3169163, 21.89567831999998 ], [ -102.3169633, 21.89713928000003 ], [ -102.3169973, 21.898508860000014 ], [ -102.3169609, 21.899261 ], [ -102.3168968, 21.899732929999974 ], [ -102.3166113, 21.90098637 ], [ -102.3164363, 21.90174107 ], [ -102.3162755, 21.90239602 ], [ -102.316239600000017, 21.90255939 ], [ -102.3161986, 21.90276841 ], [ -102.3161364, 21.903045209999988 ], [ -102.3161263, 21.903505710000022 ], [ -102.3161499, 21.903971880000014 ], [ -102.3162228, 21.90429502 ], [ -102.3165115, 21.90565137 ], [ -102.3167379, 21.90680432 ], [ -102.3170457, 21.908320100000036 ], [ -102.3172877, 21.90946361 ], [ -102.3174248, 21.91021922 ], [ -102.3176502, 21.91106007 ], [ -102.3179908, 21.911947050000013 ], [ -102.3183692, 21.91297807 ], [ -102.3187928, 21.914031870000024 ], [ -102.3188445, 21.914293079999979 ], [ -102.3188551, 21.914486739999987 ], [ -102.3188478, 21.914712479999984 ], [ -102.3187915, 21.91497291000001 ], [ -102.3186939, 21.915242670000019 ], [ -102.3185332, 21.915455649999988 ], [ -102.3184059, 21.915621569999967 ], [ -102.318177, 21.91579237 ], [ -102.3178629, 21.915975539999984 ], [ -102.3176375, 21.916066630000017 ], [ -102.3172919, 21.91611792 ], [ -102.3165093, 21.9161539 ], [ -102.3154088, 21.91621585 ], [ -102.3143223, 21.916282190000022 ], [ -102.3140589, 21.91629558 ], [ -102.313158, 21.916275720000026 ], [ -102.3118926, 21.91615364 ], [ -102.3100143, 21.916031110000041 ], [ -102.3084297, 21.915961400000022 ], [ -102.3048311, 21.915814190000013 ], [ -102.3037051, 21.91582852 ], [ -102.3033213, 21.915811420000033 ], [ -102.3030829, 21.915735219999977 ], [ -102.3028682, 21.915677089999985 ], [ -102.302355500000019, 21.915641799999975 ], [ -102.3003293, 21.915556829999986 ], [ -102.2987546, 21.915506520000012 ], [ -102.2983317, 21.91556547 ], [ -102.2981135, 21.91558869 ], [ -102.2969856, 21.915542709999954 ], [ -102.2960387, 21.915502859999989 ], [ -102.2951123, 21.9154662 ], [ -102.2935172, 21.915393409999989 ], [ -102.2923342, 21.91532936 ], [ -102.2915637, 21.91529517 ], [ -102.2906718, 21.91523871 ], [ -102.2903285, 21.915187219999982 ], [ -102.287701, 21.91508124 ], [ -102.2865643, 21.915049730000025 ], [ -102.2852255, 21.91500305 ], [ -102.2839643, 21.91495751 ], [ -102.282714, 21.91492469 ], [ -102.2821585, 21.91488846 ], [ -102.2817525, 21.91482141 ], [ -102.2811945, 21.914793719999988 ], [ -102.2802121, 21.91475246 ], [ -102.2786885, 21.914696210000027 ], [ -102.2776248, 21.914646110000014 ], [ -102.277604, 21.91464584 ], [ -102.2773938, 21.91467538 ], [ -102.2772543, 21.914697879999981 ], [ -102.2765849, 21.914588530000021 ], [ -102.2762024, 21.914420230000037 ], [ -102.2759215, 21.914236309999986 ], [ -102.2756166, 21.913970960000025 ], [ -102.2754874, 21.913828719999984 ], [ -102.2753018, 21.91354655 ], [ -102.274864600000015, 21.91274605 ], [ -102.2742383, 21.91156634 ], [ -102.2737823, 21.91066062 ], [ -102.2728236, 21.908957430000015 ], [ -102.272446, 21.908127209999982 ], [ -102.2718762, 21.907081720000011 ], [ -102.2713193, 21.90604646 ], [ -102.270943700000018, 21.905333780000014 ], [ -102.270793400000017, 21.905036040000017 ], [ -102.2705284, 21.90447376000002 ], [ -102.270391, 21.903985830000039 ], [ -102.2703133, 21.903636179999971 ], [ -102.2702834, 21.90329985 ], [ -102.270301, 21.90304436 ], [ -102.2702737, 21.90291992 ], [ -102.2702143, 21.902821689999989 ], [ -102.270149, 21.902790769999985 ], [ -102.2699669, 21.902759360000012 ], [ -102.2696378, 21.9028663 ], [ -102.2682467, 21.9033132 ], [ -102.2671887, 21.90366504 ], [ -102.265922, 21.90404278 ], [ -102.2647086, 21.90443047 ], [ -102.2636348, 21.90477814 ], [ -102.2635104, 21.90481 ], [ -102.2633764, 21.9048495 ], [ -102.2632869, 21.90484794 ], [ -102.2631953, 21.90483425 ], [ -102.26299, 21.90480155 ], [ -102.2617939, 21.904624439999985 ], [ -102.2615889, 21.90456483 ], [ -102.261401, 21.90447577 ], [ -102.2612827, 21.90439577 ], [ -102.261158, 21.904293690000014 ], [ -102.2610623, 21.90418746 ], [ -102.260913, 21.90401816 ], [ -102.2602458, 21.90314506 ], [ -102.2601984, 21.903077830000015 ], [ -102.2601663, 21.90294525 ], [ -102.260151500000021, 21.902789560000013 ], [ -102.2601107, 21.90171224000002 ], [ -102.2600959, 21.900851210000027 ], [ -102.2600371, 21.900351470000022 ], [ -102.2599947, 21.900140889999989 ], [ -102.2598939, 21.89987513000003 ], [ -102.2597875, 21.899641510000027 ], [ -102.2596933, 21.89944164 ], [ -102.2595342, 21.899185159999973 ], [ -102.259349400000019, 21.898896550000018 ], [ -102.2592203, 21.89867552 ], [ -102.2591308, 21.89849996 ], [ -102.2590333, 21.89820703 ], [ -102.2590177, 21.898015699999977 ], [ -102.2590061, 21.897826760000029 ], [ -102.2589846, 21.89739808000002 ], [ -102.2589826, 21.89730851000003 ], [ -102.259027500000016, 21.897288169999985 ], [ -102.2591598, 21.89726951 ], [ -102.260129, 21.897092869999984 ], [ -102.2615301, 21.89685217 ], [ -102.2633748, 21.89661486 ], [ -102.2649871, 21.896406 ], [ -102.2652479, 21.89635826 ], [ -102.2653755, 21.89632616 ], [ -102.2654847, 21.896286580000037 ], [ -102.2656307, 21.896191050000017 ], [ -102.2657518, 21.896110409999984 ], [ -102.2657657, 21.8960037 ], [ -102.2657072, 21.895890880000014 ], [ -102.265727, 21.89591 ], [ -102.265643, 21.895781 ], [ -102.265615, 21.895725 ], [ -102.265553, 21.895627 ], [ -102.265526, 21.895577 ], [ -102.265459, 21.89547 ], [ -102.265395, 21.895356 ], [ -102.265306, 21.895174 ], [ -102.265285, 21.895141 ] ] } },
{ "type": "Feature", "properties": { "route_id": "R_41ALAMEDA", "route_short_name": "R41ALAMEDA", "route_long_name": "R-41ALAMEDA", "route_km": 19.169175324576273, "n_stops": 62, "straight_line_km": 12.147531006212967, "connects_to_existing": true, "total_score": 0.14859402685034512, "pareto_rank": 5, "feasible": true, "flag": "Redundant", "detour_ratio": 1.578, "n_served_agebs": 26, "f1_demand_gain": 0.0037789989476751519, "f3_equity": 0.21823262242988894 }, "geometry": { "type": "LineString", "coordinates": [ [ -102.2654357, 21.89543292 ], [ -102.2651833, 21.894972740000025 ], [ -102.2649898, 21.894631390000011 ], [ -102.2649308, 21.894545880000017 ], [ -102.2648361, 21.8945536 ], [ -102.2647945, 21.89466304 ], [ -102.2648217, 21.894731079999964 ], [ -102.2652731, 21.89561077 ], [ -102.2653075, 21.895668230000027 ], [ -102.2655184, 21.89584049 ], [ -102.2656158, 21.895980180000016 ], [ -102.2656018, 21.89605794 ], [ -102.2655504, 21.89611565 ], [ -102.2655063, 21.89616567 ], [ -102.2653749, 21.89623387 ], [ -102.2651472, 21.896277230000024 ], [ -102.2623544, 21.89665252 ], [ -102.2602501, 21.89696391 ], [ -102.2589906, 21.89717232 ], [ -102.2589488, 21.8971561 ], [ -102.2589512, 21.89701968 ], [ -102.2589294, 21.89586749 ], [ -102.258908, 21.89492856 ], [ -102.2589159, 21.894476430000033 ], [ -102.2589446, 21.894278030000017 ], [ -102.2590276, 21.89409604 ], [ -102.2590935, 21.89393329000001 ], [ -102.2591081, 21.89382044 ], [ -102.2591269, 21.89370377000002 ], [ -102.2590939, 21.893526450000017 ], [ -102.2590547, 21.893362120000038 ], [ -102.2589816, 21.893220660000011 ], [ -102.258842, 21.893035320000013 ], [ -102.258709200000013, 21.89293975 ], [ -102.2585721, 21.89285191 ], [ -102.2584226, 21.892748289999982 ], [ -102.2583111, 21.89263745 ], [ -102.25823, 21.89247248000002 ], [ -102.2580254, 21.89194444000001 ], [ -102.257791400000016, 21.8913873 ], [ -102.2575205, 21.89068355 ], [ -102.257493, 21.89057397 ], [ -102.2575021, 21.890531220000014 ], [ -102.2576127, 21.89045881000002 ], [ -102.2580396, 21.89031321 ], [ -102.258614, 21.890119139999982 ], [ -102.2590238, 21.889992760000016 ], [ -102.259176, 21.88994047 ], [ -102.2592693, 21.8898912 ], [ -102.2595118, 21.88965798 ], [ -102.2598752, 21.889300879999979 ], [ -102.2601104, 21.889066610000025 ], [ -102.2603188, 21.888917700000025 ], [ -102.2608274, 21.88857002 ], [ -102.2612138, 21.88834192 ], [ -102.2615741, 21.88815631 ], [ -102.261718300000013, 21.88808051000003 ], [ -102.2620146, 21.88786141 ], [ -102.2621946, 21.887741290000033 ], [ -102.2633885, 21.886929660000011 ], [ -102.2644778, 21.886156799999959 ], [ -102.2648818, 21.88587362 ], [ -102.2653199, 21.88562368 ], [ -102.2658039, 21.88545521 ], [ -102.2667816, 21.88526047 ], [ -102.2682566, 21.88497349 ], [ -102.2689621, 21.884798670000013 ], [ -102.26975, 21.884611029999981 ], [ -102.2698942, 21.88457697 ], [ -102.2713012, 21.884371140000017 ], [ -102.272700200000017, 21.884193519999968 ], [ -102.2744719, 21.883934220000011 ], [ -102.2755361, 21.883779600000015 ], [ -102.2765577, 21.8836277 ], [ -102.2767422, 21.88358003 ], [ -102.2769452, 21.88355282 ], [ -102.277498, 21.88346219 ], [ -102.2778454, 21.88336976 ], [ -102.2780824, 21.88325233 ], [ -102.2783204, 21.883200859999985 ], [ -102.2784254, 21.88317586999996 ], [ -102.2786489, 21.883148400000014 ], [ -102.2797488, 21.88297761000003 ], [ -102.2812383, 21.882776 ], [ -102.2818371, 21.88270161 ], [ -102.2821372, 21.882647939999984 ], [ -102.2822979, 21.88256392000001 ], [ -102.2823339, 21.88238192 ], [ -102.2822936, 21.881936739999983 ], [ -102.2822317, 21.881282019999968 ], [ -102.2820559, 21.880510229999985 ], [ -102.2816745, 21.879006890000017 ], [ -102.2817455, 21.87880756000002 ], [ -102.2818582, 21.87873076 ], [ -102.2823023, 21.878794180000025 ], [ -102.2825558, 21.87881512 ], [ -102.2827347, 21.87881621 ], [ -102.2832523, 21.878879280000049 ], [ -102.2844503, 21.879017859999973 ], [ -102.285936100000015, 21.87918111 ], [ -102.28712, 21.87928 ], [ -102.2877498, 21.879353349999985 ], [ -102.2886734, 21.87941279 ], [ -102.28937, 21.87938 ], [ -102.29038, 21.87931 ], [ -102.29171, 21.87922 ], [ -102.2925306, 21.879182120000014 ], [ -102.2930085, 21.879147439999979 ], [ -102.2934181, 21.87910633000001 ], [ -102.29378, 21.87901 ], [ -102.2946514, 21.87883634 ], [ -102.295723, 21.878583649999978 ], [ -102.2969077, 21.87829347 ], [ -102.298268, 21.87797503 ], [ -102.2993709, 21.87771462 ], [ -102.3003931, 21.877432699999989 ], [ -102.30156, 21.8771 ], [ -102.3016, 21.87709 ], [ -102.30164, 21.87708 ], [ -102.30166, 21.87707 ], [ -102.30167, 21.87707 ], [ -102.30239, 21.87686 ], [ -102.30311, 21.87665 ], [ -102.30314, 21.87664 ], [ -102.30404, 21.87639 ], [ -102.308292100000017, 21.87523099 ], [ -102.3092525, 21.874964520000017 ], [ -102.3110076, 21.87453854000001 ], [ -102.3121895, 21.874230850000021 ], [ -102.3126697, 21.8740832 ], [ -102.3134833, 21.873741060000018 ], [ -102.3139758, 21.87355876 ], [ -102.315187, 21.873067270000018 ], [ -102.3156457, 21.872877299999971 ], [ -102.3164412, 21.872585660000013 ], [ -102.3173683, 21.87222871 ], [ -102.3182263, 21.871861009999989 ], [ -102.3191742, 21.871516430000025 ], [ -102.3196701, 21.871331930000011 ], [ -102.320018, 21.871253789999965 ], [ -102.3204332, 21.8712231 ], [ -102.3211024, 21.87130696 ], [ -102.3220743, 21.871410199999989 ], [ -102.3236083, 21.871608379999984 ], [ -102.3243875, 21.871716660000029 ], [ -102.3249163, 21.871791100000021 ], [ -102.3255234, 21.87187749 ], [ -102.3263696, 21.871996479999989 ], [ -102.3273062, 21.872135549999982 ], [ -102.3280038, 21.87228844999996 ], [ -102.3283845, 21.872380209999985 ], [ -102.3290848, 21.872559 ], [ -102.3299928, 21.87280245 ], [ -102.330439, 21.872911239999979 ], [ -102.3311982, 21.873110189999974 ], [ -102.3323248, 21.873417630000013 ], [ -102.3333343, 21.873697629999981 ], [ -102.3339758, 21.87387866 ], [ -102.3347953, 21.87408042 ], [ -102.3366014, 21.874580340000026 ], [ -102.3367164, 21.87465727 ], [ -102.3368515, 21.87470811 ], [ -102.337038400000012, 21.87477494 ], [ -102.3372724, 21.874845580000027 ], [ -102.3373406, 21.874936960000021 ], [ -102.3374069, 21.875126160000018 ], [ -102.3376154, 21.87600599 ], [ -102.3376492, 21.87614582 ], [ -102.3376326, 21.87621845 ], [ -102.3376472, 21.87627298 ], [ -102.3377107, 21.876328160000011 ], [ -102.3377803, 21.87631574 ], [ -102.337844, 21.87628216 ], [ -102.3378442, 21.87621144 ], [ -102.337813200000014, 21.876173150000017 ], [ -102.3377644, 21.876099319999987 ], [ -102.337727200000018, 21.875994560000017 ], [ -102.3376552, 21.87566722 ], [ -102.3375214, 21.875098320000024 ], [ -102.3374697, 21.874928359999988 ], [ -102.337473, 21.87488822000001 ], [ -102.3375608, 21.874851100000015 ], [ -102.3376647, 21.874832569999988 ], [ -102.33779, 21.87486 ], [ -102.3387817, 21.875152079999982 ], [ -102.3402615, 21.87553482 ], [ -102.3427712, 21.87620968 ], [ -102.3439793, 21.87652097 ], [ -102.3469777, 21.87733161000002 ], [ -102.3482952, 21.87767879 ], [ -102.352296, 21.87875734 ], [ -102.3533574, 21.87903073 ], [ -102.3545339, 21.87935052 ], [ -102.355882600000015, 21.879703610000021 ], [ -102.3566812, 21.879904060000026 ], [ -102.35772870000001, 21.880195079999975 ], [ -102.3584483, 21.880384020000015 ], [ -102.3591728, 21.88056975 ], [ -102.359978700000013, 21.880780800000021 ], [ -102.3610458, 21.881072630000027 ], [ -102.3619077, 21.88129226 ], [ -102.362925, 21.88155723 ], [ -102.3640691, 21.881874079999971 ], [ -102.364975, 21.8821073 ], [ -102.3660072, 21.88239229 ], [ -102.3667452, 21.88257827 ], [ -102.3675857, 21.882795659999982 ], [ -102.36818, 21.88293 ], [ -102.3684545, 21.882922239999989 ], [ -102.3686538, 21.88287786 ], [ -102.3688162, 21.88266449 ], [ -102.3688896, 21.88246295 ], [ -102.36916, 21.8809 ], [ -102.3691791, 21.88053071 ], [ -102.36926, 21.87982 ], [ -102.36934, 21.87939 ], [ -102.3695438, 21.87824169 ], [ -102.3696695, 21.87752757 ], [ -102.3698, 21.87669 ], [ -102.3699004, 21.87614665 ], [ -102.370057, 21.875309450000017 ], [ -102.37024, 21.87423 ], [ -102.370399, 21.87336695 ], [ -102.37045, 21.87304 ], [ -102.370605, 21.87224863 ], [ -102.3707112, 21.871604120000018 ], [ -102.3710584, 21.869589789999988 ], [ -102.3711253, 21.869199610000027 ], [ -102.3712412, 21.868581440000032 ], [ -102.3713798, 21.86783032 ], [ -102.3714279, 21.86748863 ], [ -102.37153, 21.86687 ], [ -102.3716179, 21.866505940000014 ], [ -102.3716695, 21.866282 ], [ -102.3717469, 21.8654429 ], [ -102.371753100000021, 21.86465926 ], [ -102.3715823, 21.86390280000002 ], [ -102.3712684, 21.863234020000018 ], [ -102.3707745, 21.862555919999981 ], [ -102.3705469, 21.862347880000026 ], [ -102.370191, 21.862020810000029 ], [ -102.3696963, 21.86170677 ], [ -102.3692747, 21.8615068 ], [ -102.3676149, 21.86086927 ], [ -102.362839, 21.85895284 ], [ -102.3627808, 21.859011 ], [ -102.3627106, 21.859138560000019 ], [ -102.3683635, 21.86136106 ], [ -102.3690371, 21.861592960000014 ], [ -102.3694592, 21.86178571 ], [ -102.3699052, 21.862027379999976 ], [ -102.3705372, 21.86252434 ], [ -102.3707824, 21.862800400000012 ], [ -102.3710914, 21.863224540000022 ], [ -102.3714107, 21.863923279999987 ], [ -102.3714915, 21.864158690000021 ], [ -102.3715666, 21.864432619999974 ], [ -102.3716194, 21.86475313 ], [ -102.3716235, 21.86524501000001 ], [ -102.371394, 21.86662606 ] ] } },
{ "type": "Feature", "properties": { "route_id": "R_41PENAL", "route_short_name": "R41PENAL", "route_long_name": "R-41PENAL", "route_km": 20.744453240450959, "n_stops": 84, "straight_line_km": 13.094893036434094, "connects_to_existing": true, "total_score": 0.13922869086166853, "pareto_rank": 4, "feasible": false, "flag": "Redundant", "detour_ratio": 1.584, "n_served_agebs": 32, "f1_demand_gain": 0.0036050490423638268, "f3_equity": 0.23397634195891739 }, "geometry": { "type": "LineString", "coordinates": [ [ -102.2654357, 21.89543292 ], [ -102.2651833, 21.894972740000025 ], [ -102.2649898, 21.894631390000011 ], [ -102.2649308, 21.894545880000017 ], [ -102.2648361, 21.8945536 ], [ -102.2647945, 21.89466304 ], [ -102.2648217, 21.894731079999964 ], [ -102.2652845, 21.895605460000034 ], [ -102.2652851, 21.895615530000015 ], [ -102.2654167, 21.895753890000027 ], [ -102.2655407, 21.895886060000013 ], [ -102.265615100000019, 21.89605559 ], [ -102.2655394, 21.896151989999986 ], [ -102.2654094, 21.8962268 ], [ -102.2647998, 21.896309059999989 ], [ -102.2638718, 21.89641884 ], [ -102.2627825, 21.896586659999961 ], [ -102.2615116, 21.89676248000001 ], [ -102.2601414, 21.896959370000037 ], [ -102.2591733, 21.897128489999989 ], [ -102.2590325, 21.897157629999974 ], [ -102.2589951, 21.897091629999988 ], [ -102.2590008, 21.89689981 ], [ -102.2589788, 21.896245770000018 ], [ -102.2589855, 21.8958037 ], [ -102.2589732, 21.895052659999987 ], [ -102.2589695, 21.894413430000025 ], [ -102.2590205, 21.89419213 ], [ -102.2591437, 21.89389294 ], [ -102.2591649, 21.89357653 ], [ -102.2590927, 21.893311499999985 ], [ -102.2589041, 21.893032730000016 ], [ -102.2587, 21.89288059 ], [ -102.2584658, 21.892716379999982 ], [ -102.2583474, 21.892597899999981 ], [ -102.2582431, 21.892362959999964 ], [ -102.2579615, 21.89163928 ], [ -102.2576136, 21.89076395 ], [ -102.2574198, 21.89025575 ], [ -102.2570257, 21.88923929 ], [ -102.256627, 21.88826133 ], [ -102.2563761, 21.88762082 ], [ -102.2561911, 21.887152839999978 ], [ -102.2560402, 21.886774100000022 ], [ -102.2559423, 21.88644156 ], [ -102.2559192, 21.886156960000015 ], [ -102.2559368, 21.88599225 ], [ -102.2559759, 21.88582909 ], [ -102.2560655, 21.885699469999985 ], [ -102.2561386, 21.8855949 ], [ -102.256279600000013, 21.88543083 ], [ -102.2564539, 21.88518812 ], [ -102.2566231, 21.88494049 ], [ -102.256742, 21.88472305 ], [ -102.2568015, 21.884613240000011 ], [ -102.2568347, 21.88443865 ], [ -102.2568321, 21.884240079999987 ], [ -102.2568119, 21.883996790000012 ], [ -102.2567461, 21.883792020000012 ], [ -102.2565439, 21.883423109999985 ], [ -102.2562438, 21.88315205 ], [ -102.2557072, 21.882715899999951 ], [ -102.2547447, 21.88203086 ], [ -102.2522978, 21.88026688 ], [ -102.2519132, 21.87997824 ], [ -102.2517398, 21.87979234 ], [ -102.2516027, 21.879546700000013 ], [ -102.2514992, 21.879299199999984 ], [ -102.2514889, 21.87918591 ], [ -102.251409900000013, 21.87914436 ], [ -102.2497621, 21.87922185 ], [ -102.2497478, 21.879173270000013 ], [ -102.2498269, 21.878736339999975 ], [ -102.2498575, 21.8786158 ], [ -102.2498601, 21.87856105 ], [ -102.2498805, 21.878386900000013 ], [ -102.2498499, 21.878178040000019 ], [ -102.2497592, 21.87814006 ], [ -102.2496365, 21.878174010000038 ], [ -102.249329, 21.878273970000031 ], [ -102.2492156, 21.87831455 ], [ -102.24887, 21.87842777 ], [ -102.2486781, 21.878498090000026 ], [ -102.2484551, 21.87858315 ], [ -102.2481609, 21.87868834 ], [ -102.2481045, 21.878661730000019 ], [ -102.24769, 21.87763 ], [ -102.24749, 21.87712 ], [ -102.24728, 21.87659 ], [ -102.24725, 21.87652 ], [ -102.24722, 21.87645 ], [ -102.2472, 21.87638 ], [ -102.2468332, 21.87543931 ], [ -102.2464441, 21.87442007 ], [ -102.2460308, 21.87339782 ], [ -102.245957, 21.87334271 ], [ -102.245904100000018, 21.873263299999987 ], [ -102.245875600000019, 21.87321225 ], [ -102.2458, 21.87304 ], [ -102.24553, 21.8724 ], [ -102.24524, 21.87173 ], [ -102.24495, 21.87106 ], [ -102.24496, 21.87087 ], [ -102.24486, 21.87064 ], [ -102.24467, 21.87017 ], [ -102.24446, 21.86975 ], [ -102.24439, 21.86957 ], [ -102.24434, 21.86945 ], [ -102.24432, 21.8694 ], [ -102.24427, 21.86926 ], [ -102.24426, 21.8692 ], [ -102.24425, 21.86915 ], [ -102.24425, 21.86914 ], [ -102.24424, 21.86909 ], [ -102.24424, 21.86899 ], [ -102.24425, 21.86888 ], [ -102.24429, 21.86873 ], [ -102.24436, 21.86854 ], [ -102.24442, 21.86835 ], [ -102.24447, 21.86821 ], [ -102.2445589, 21.868091530000036 ], [ -102.2445949, 21.868002799999946 ], [ -102.2446327, 21.86794206 ], [ -102.2446959, 21.86792393 ], [ -102.2452083, 21.86811976 ], [ -102.2460035, 21.868416129999986 ], [ -102.2474652, 21.86925219 ], [ -102.2480617, 21.869617419999987 ], [ -102.2486641, 21.86998602 ], [ -102.25042, 21.87103 ], [ -102.25052, 21.87109 ], [ -102.25076, 21.87122 ], [ -102.25109, 21.87141 ], [ -102.25112, 21.87143 ], [ -102.25141, 21.8716 ], [ -102.25152, 21.87168 ], [ -102.25178, 21.87183 ], [ -102.25213, 21.87202 ], [ -102.25224, 21.8721 ], [ -102.25256, 21.8723 ], [ -102.25258, 21.87232 ], [ -102.25317, 21.87268 ], [ -102.25407, 21.87335 ], [ -102.25436, 21.87355 ], [ -102.25467, 21.87379 ], [ -102.25501, 21.87404 ], [ -102.25513, 21.87412 ], [ -102.25514, 21.87413 ], [ -102.25526, 21.87423 ], [ -102.2557, 21.87455 ], [ -102.2561, 21.87485 ], [ -102.25688, 21.87539 ], [ -102.25704, 21.8755 ], [ -102.25721, 21.87561 ], [ -102.25739, 21.87574 ], [ -102.25753, 21.87584 ], [ -102.25965, 21.87739 ], [ -102.25969, 21.87742 ], [ -102.26003, 21.8777 ], [ -102.26039, 21.87798 ], [ -102.26079, 21.87826 ], [ -102.26151, 21.87873 ], [ -102.26172, 21.87888 ], [ -102.2619336, 21.878976219999988 ], [ -102.2620533, 21.87899769 ], [ -102.2621834, 21.878979029999972 ], [ -102.26232, 21.87886 ], [ -102.26262, 21.87865 ], [ -102.26277, 21.87854 ], [ -102.26313, 21.8783 ], [ -102.26342, 21.87811 ], [ -102.26364, 21.87798 ], [ -102.26383, 21.8779 ], [ -102.2641, 21.87784 ], [ -102.26417, 21.87782 ], [ -102.26431, 21.87779 ], [ -102.2644, 21.87777 ], [ -102.26451, 21.87775 ], [ -102.26457, 21.87774 ], [ -102.26463, 21.87774 ], [ -102.26476, 21.87773 ], [ -102.26487, 21.87774 ], [ -102.26523, 21.87775 ], [ -102.26575, 21.87779 ], [ -102.26637, 21.87783 ], [ -102.26733, 21.87787 ], [ -102.26751, 21.87788 ], [ -102.26846, 21.87794 ], [ -102.2687, 21.87795 ], [ -102.26977, 21.87802 ], [ -102.27062, 21.87807 ], [ -102.27095, 21.87808 ], [ -102.27143, 21.87811 ], [ -102.27156, 21.87811 ], [ -102.27169, 21.87812 ], [ -102.27206, 21.87812 ], [ -102.27222, 21.87813 ], [ -102.273, 21.87817 ], [ -102.27319, 21.87818 ], [ -102.27396, 21.87822 ], [ -102.27416, 21.87823 ], [ -102.27493, 21.87827 ], [ -102.27551, 21.8783 ], [ -102.27572, 21.87832 ], [ -102.27607, 21.87835 ], [ -102.27638, 21.87837 ], [ -102.27653, 21.87838 ], [ -102.27654, 21.87838 ], [ -102.27657, 21.87838 ], [ -102.27659, 21.87839 ], [ -102.2767, 21.87839 ], [ -102.2767, 21.8784 ], [ -102.27676, 21.8784 ], [ -102.27682, 21.8784 ], [ -102.27687, 21.87841 ], [ -102.27718, 21.87843 ], [ -102.27815, 21.87849 ], [ -102.27843, 21.87851 ], [ -102.27921, 21.87856 ], [ -102.28064, 21.87864 ], [ -102.28105, 21.87867 ], [ -102.2811491, 21.87868655 ], [ -102.2811566, 21.8787067 ], [ -102.2811723, 21.87873309 ], [ -102.281185800000017, 21.878747680000028 ], [ -102.2812075, 21.878762259999988 ], [ -102.281234400000017, 21.878779629999968 ], [ -102.2812606, 21.87878935 ], [ -102.2812876, 21.87879838 ], [ -102.28131, 21.87880116 ], [ -102.281343, 21.87880116 ], [ -102.2813744, 21.8787963 ], [ -102.2814051, 21.878782410000031 ], [ -102.2814388, 21.87876019 ], [ -102.2814635, 21.87873449 ], [ -102.2814844, 21.87870462999998 ], [ -102.28151, 21.87866 ], [ -102.28152, 21.87866 ], [ -102.28186, 21.8787 ], [ -102.28224, 21.87874 ], [ -102.28332, 21.87886 ], [ -102.28431, 21.87897 ], [ -102.28452, 21.87898 ], [ -102.28599, 21.87915 ], [ -102.28712, 21.87928 ], [ -102.28804, 21.87936 ], [ -102.28846, 21.87939 ], [ -102.28884, 21.8794 ], [ -102.28905, 21.87939 ], [ -102.28937, 21.87938 ], [ -102.29038, 21.87931 ], [ -102.29171, 21.87922 ], [ -102.29186, 21.87921 ], [ -102.29215, 21.87919 ], [ -102.29226, 21.87918 ], [ -102.29295, 21.87913 ], [ -102.29309, 21.87912 ], [ -102.29368, 21.87903 ], [ -102.29378, 21.87901 ], [ -102.29406, 21.87894 ], [ -102.29496, 21.87871 ], [ -102.29497, 21.87871 ], [ -102.29582, 21.87849 ], [ -102.29592, 21.87847 ], [ -102.29693, 21.87824 ], [ -102.29764, 21.87807 ], [ -102.29891, 21.87776 ], [ -102.29899, 21.87775 ], [ -102.29945, 21.87765 ], [ -102.30037, 21.87739 ], [ -102.30064, 21.87732 ], [ -102.30079, 21.87729 ], [ -102.30083, 21.87728 ], [ -102.30095, 21.87725 ], [ -102.30102, 21.87724 ], [ -102.30108, 21.87722 ], [ -102.30128, 21.87718 ], [ -102.30149, 21.87712 ], [ -102.30156, 21.8771 ], [ -102.3016, 21.87709 ], [ -102.30164, 21.87708 ], [ -102.30166, 21.87707 ], [ -102.30167, 21.87707 ], [ -102.30239, 21.87686 ], [ -102.30311, 21.87665 ], [ -102.30314, 21.87664 ], [ -102.30404, 21.87639 ], [ -102.30733, 21.87546 ], [ -102.30747, 21.87542 ], [ -102.30761, 21.87538 ], [ -102.30836, 21.87519 ], [ -102.30929, 21.87494 ], [ -102.31001, 21.87475 ], [ -102.31078, 21.87455 ], [ -102.31099, 21.8745 ], [ -102.31126, 21.87443 ], [ -102.31138, 21.8744 ], [ -102.3116, 21.87434 ], [ -102.31166, 21.87432 ], [ -102.31179, 21.8743 ], [ -102.31185, 21.87428 ], [ -102.31189, 21.87427 ], [ -102.31191, 21.87427 ], [ -102.31194, 21.87426 ], [ -102.312, 21.87425 ], [ -102.31225, 21.87418 ], [ -102.31241, 21.87412 ], [ -102.31288, 21.87394 ], [ -102.31356, 21.87369 ], [ -102.3137, 21.87364 ], [ -102.31438, 21.87336 ], [ -102.31466, 21.87324 ], [ -102.31508, 21.87308 ], [ -102.31519, 21.87304 ], [ -102.3158191, 21.87281606 ], [ -102.3160202, 21.872748380000012 ], [ -102.3164458, 21.872608410000023 ], [ -102.3166553, 21.872522900000018 ], [ -102.3170475, 21.87237307 ], [ -102.3174571, 21.872204480000018 ], [ -102.3179963, 21.87198974 ], [ -102.3184383, 21.871815969999986 ], [ -102.3188172, 21.87167497 ], [ -102.319214100000011, 21.871500469999987 ], [ -102.3194323, 21.87140899000002 ], [ -102.3197445, 21.871312329999977 ], [ -102.3198825, 21.871273689999981 ], [ -102.3200917, 21.871246780000028 ], [ -102.3203346, 21.87122918 ], [ -102.3206967, 21.87125604 ], [ -102.3212332, 21.8713186 ], [ -102.3221, 21.87139 ], [ -102.32228, 21.8714 ], [ -102.32238, 21.87142 ], [ -102.32396, 21.87162 ], [ -102.32476, 21.87174 ], [ -102.32521, 21.8718 ], [ -102.32561, 21.87185 ], [ -102.32643, 21.87195 ], [ -102.32739, 21.87212 ], [ -102.32757, 21.87214 ], [ -102.32784, 21.8722 ], [ -102.32821, 21.8723 ], [ -102.32847, 21.87237 ], [ -102.32959, 21.87266 ], [ -102.32988, 21.87272 ], [ -102.32989, 21.87273 ], [ -102.33015, 21.8728 ], [ -102.33072, 21.87295 ], [ -102.33133, 21.87313 ], [ -102.33261, 21.87346 ], [ -102.33343, 21.87366 ], [ -102.33367, 21.87372 ], [ -102.33381, 21.87377 ], [ -102.33415, 21.87387 ], [ -102.33471, 21.87402 ], [ -102.3348286, 21.874057969999978 ], [ -102.3366014, 21.874580340000026 ], [ -102.3367164, 21.87465727 ], [ -102.3368515, 21.87470811 ], [ -102.337038400000012, 21.87477494 ], [ -102.3372724, 21.874845580000027 ], [ -102.3373406, 21.874936960000021 ], [ -102.3374069, 21.875126160000018 ], [ -102.3376154, 21.87600599 ], [ -102.3376492, 21.87614582 ], [ -102.3376326, 21.87621845 ], [ -102.3376472, 21.87627298 ], [ -102.3377107, 21.876328160000011 ], [ -102.3377803, 21.87631574 ], [ -102.337844, 21.87628216 ], [ -102.3378442, 21.87621144 ], [ -102.337813200000014, 21.876173150000017 ], [ -102.3377644, 21.876099319999987 ], [ -102.337727200000018, 21.875994560000017 ], [ -102.3376552, 21.87566722 ], [ -102.3375214, 21.875098320000024 ], [ -102.3374697, 21.874928359999988 ], [ -102.337473, 21.87488822000001 ], [ -102.3375608, 21.874851100000015 ], [ -102.3376647, 21.874832569999988 ], [ -102.33779, 21.87486 ], [ -102.33878, 21.87511 ], [ -102.33997, 21.87543 ], [ -102.34276, 21.87618 ], [ -102.34286, 21.87621 ], [ -102.34327, 21.87631 ], [ -102.34337, 21.87634 ], [ -102.34378, 21.87644 ], [ -102.34746, 21.87743 ], [ -102.34832, 21.87765 ], [ -102.35267, 21.87881 ], [ -102.35391, 21.87914 ], [ -102.35486, 21.8794 ], [ -102.356, 21.87971 ], [ -102.35675, 21.87991 ], [ -102.35783, 21.88018 ], [ -102.35876, 21.88042 ], [ -102.35946, 21.88062 ], [ -102.36043, 21.8809 ], [ -102.36177, 21.88123 ], [ -102.36371, 21.88172 ], [ -102.36445, 21.88193 ], [ -102.3647, 21.882 ], [ -102.3652, 21.88214 ], [ -102.36538, 21.88218 ], [ -102.36556, 21.88223 ], [ -102.36612, 21.88237 ], [ -102.36696, 21.88262 ], [ -102.36804, 21.88289 ], [ -102.36818, 21.88293 ], [ -102.3684143, 21.882942899999989 ], [ -102.3685971, 21.882853139999973 ], [ -102.3687005, 21.882764360000028 ], [ -102.36885, 21.88254 ], [ -102.36885, 21.88249 ], [ -102.36916, 21.8809 ], [ -102.36916, 21.8808 ], [ -102.36916, 21.88076 ], [ -102.36916, 21.88072 ], [ -102.36916, 21.8807 ], [ -102.36916, 21.88069 ], [ -102.36914, 21.88066 ], [ -102.36912, 21.88064 ], [ -102.3691, 21.88063 ], [ -102.36926, 21.87982 ], [ -102.36934, 21.87939 ], [ -102.36954, 21.87804 ], [ -102.36967, 21.8774 ], [ -102.3698, 21.87669 ], [ -102.36989, 21.87615 ], [ -102.37002, 21.87545 ], [ -102.37005, 21.87527 ], [ -102.37005, 21.87525 ], [ -102.37024, 21.87423 ], [ -102.37042, 21.87315 ], [ -102.37045, 21.87304 ], [ -102.37058, 21.87219 ], [ -102.37071, 21.87152 ], [ -102.37105, 21.86954 ], [ -102.3711, 21.86927 ], [ -102.3712, 21.86853 ], [ -102.37133, 21.86778 ], [ -102.37139, 21.8675 ], [ -102.37153, 21.86687 ], [ -102.37155, 21.86673 ] ] } },
{ "type": "Feature", "properties": { "route_id": "R_42", "route_short_name": "R42", "route_long_name": "R-42", "route_km": 18.613021241272801, "n_stops": 112, "straight_line_km": 10.74271089650788, "connects_to_existing": true, "total_score": 0.17491271111378159, "pareto_rank": 3, "feasible": false, "flag": "Indirect", "detour_ratio": 1.733, "n_served_agebs": 34, "f1_demand_gain": 0.0034730499746767683, "f3_equity": 0.30619268593217924 }, "geometry": { "type": "LineString", "coordinates": [ [ -102.23997, 21.91551 ], [ -102.24005, 21.91535 ], [ -102.24011, 21.91523 ], [ -102.24016, 21.91514 ], [ -102.240209, 21.914999 ], [ -102.240213, 21.914903 ], [ -102.24022, 21.914794 ], [ -102.240246, 21.914605 ], [ -102.240289, 21.914443 ], [ -102.240345, 21.914318 ], [ -102.24046, 21.91422 ], [ -102.24055, 21.91412 ], [ -102.24103, 21.91363 ], [ -102.24182, 21.91278 ], [ -102.24192, 21.91269 ], [ -102.24198, 21.91262 ], [ -102.24237, 21.91222 ], [ -102.24252, 21.91207 ], [ -102.24273, 21.9118 ], [ -102.24277, 21.91173 ], [ -102.24289, 21.91175 ], [ -102.24308, 21.91179 ], [ -102.24326, 21.91183 ], [ -102.24335, 21.91185 ], [ -102.24365, 21.91191 ], [ -102.24378, 21.91193 ], [ -102.24415, 21.912 ], [ -102.24453, 21.91208 ], [ -102.24491, 21.91216 ], [ -102.24508, 21.91225 ], [ -102.2453, 21.9124 ], [ -102.24535, 21.91243 ], [ -102.2456, 21.91257 ], [ -102.245718, 21.912691 ], [ -102.245736, 21.912825 ], [ -102.245643, 21.914353 ], [ -102.245564, 21.915672 ], [ -102.245551, 21.916162 ], [ -102.245526, 21.916699 ], [ -102.245532, 21.917139 ], [ -102.245625, 21.917316 ], [ -102.24593, 21.91739 ], [ -102.248277, 21.917627 ], [ -102.248434, 21.917228 ], [ -102.248635, 21.916734 ], [ -102.248837, 21.916262 ], [ -102.249219, 21.915844 ], [ -102.24971, 21.9155 ], [ -102.25022, 21.91514 ], [ -102.25073, 21.91477 ], [ -102.25127, 21.914379 ], [ -102.251787, 21.914006 ], [ -102.25221, 21.9137 ], [ -102.252451, 21.913515 ], [ -102.25226, 21.91313 ], [ -102.25211, 21.91272 ], [ -102.25201, 21.91248 ], [ -102.25197, 21.91239 ], [ -102.252, 21.91237 ], [ -102.25204, 21.91236 ], [ -102.25217, 21.91229 ], [ -102.25256, 21.91211 ], [ -102.25259, 21.9121 ], [ -102.25308, 21.91186 ], [ -102.25327, 21.91174 ], [ -102.25338, 21.91167 ], [ -102.25349, 21.91157 ], [ -102.25357, 21.91151 ], [ -102.25359, 21.91147 ], [ -102.25363, 21.91143 ], [ -102.25368, 21.91134 ], [ -102.25369, 21.91131 ], [ -102.25371, 21.91126 ], [ -102.25374, 21.91114 ], [ -102.25374, 21.91102 ], [ -102.25373, 21.91097 ], [ -102.25372, 21.91092 ], [ -102.25368, 21.91077 ], [ -102.25363, 21.91058 ], [ -102.2536, 21.91048 ], [ -102.25357, 21.9104 ], [ -102.253503, 21.910204 ], [ -102.253459, 21.910048 ], [ -102.253422, 21.909888 ], [ -102.253442, 21.909765 ], [ -102.253545, 21.909656 ], [ -102.25379, 21.909566 ], [ -102.253903, 21.909529 ], [ -102.25405, 21.9095 ], [ -102.25506, 21.90893 ], [ -102.25512, 21.90889 ], [ -102.25531, 21.9088 ], [ -102.25542, 21.90873 ], [ -102.2555, 21.90868 ], [ -102.25563, 21.9086 ], [ -102.25574, 21.90852 ], [ -102.2558, 21.90846 ], [ -102.25586, 21.90839 ], [ -102.2559, 21.90834 ], [ -102.25596, 21.90826 ], [ -102.25603, 21.90813 ], [ -102.25606, 21.90801 ], [ -102.25607, 21.90797 ], [ -102.25608, 21.90796 ], [ -102.25614, 21.90778 ], [ -102.25618, 21.90767 ], [ -102.25621, 21.90758 ], [ -102.25623, 21.90753 ], [ -102.25628, 21.90747 ], [ -102.25643, 21.90728 ], [ -102.25656, 21.90714 ], [ -102.2566, 21.90709 ], [ -102.25664, 21.90707 ], [ -102.25678, 21.90701 ], [ -102.2566, 21.90662 ], [ -102.25653, 21.90647 ], [ -102.25658, 21.90635 ], [ -102.25644, 21.90607 ], [ -102.25582, 21.90475 ], [ -102.25574, 21.90458 ], [ -102.25567, 21.90442 ], [ -102.25559, 21.90425 ], [ -102.2554, 21.90387 ], [ -102.25507, 21.9032 ], [ -102.25477, 21.90255 ], [ -102.25467, 21.90235 ], [ -102.25446, 21.90189 ], [ -102.25441, 21.90178 ], [ -102.25422, 21.90137 ], [ -102.25415, 21.90122 ], [ -102.25407, 21.90106 ], [ -102.25367, 21.90024 ], [ -102.25354, 21.89992 ], [ -102.2535, 21.89981 ], [ -102.25346, 21.89963 ], [ -102.25343, 21.89942 ], [ -102.2534, 21.89902 ], [ -102.25337, 21.89859 ], [ -102.25331, 21.89782 ], [ -102.25331, 21.89772 ], [ -102.25327, 21.89727 ], [ -102.25324, 21.89693 ], [ -102.25322, 21.89675 ], [ -102.2532, 21.89639 ], [ -102.2532, 21.89633 ], [ -102.25331, 21.8952 ], [ -102.25335, 21.89482 ], [ -102.25339, 21.89445 ], [ -102.25348, 21.89369 ], [ -102.25352, 21.89292 ], [ -102.25351, 21.89282 ], [ -102.2535, 21.8927 ], [ -102.25349, 21.89263 ], [ -102.25345, 21.89247 ], [ -102.25341, 21.8923 ], [ -102.25339, 21.89224 ], [ -102.25323, 21.89188 ], [ -102.25315, 21.89172 ], [ -102.25293, 21.89122 ], [ -102.25274, 21.89079 ], [ -102.25251, 21.89025 ], [ -102.25229, 21.88972 ], [ -102.25181, 21.88862 ], [ -102.25143, 21.88775 ], [ -102.25118, 21.88717 ], [ -102.25114, 21.88706 ], [ -102.25103, 21.88683 ], [ -102.2505, 21.88558 ], [ -102.25044, 21.88544 ], [ -102.25041, 21.88538 ], [ -102.25016, 21.8847 ], [ -102.2501, 21.88456 ], [ -102.24999, 21.88428 ], [ -102.24995, 21.88414 ], [ -102.2497, 21.88353 ], [ -102.24958, 21.8832 ], [ -102.24921, 21.88227 ], [ -102.24917, 21.88218 ], [ -102.24914, 21.8821 ], [ -102.24904, 21.88183 ], [ -102.24864, 21.88077 ], [ -102.24848, 21.88035 ], [ -102.24822, 21.87967 ], [ -102.2482, 21.87961 ], [ -102.248, 21.87911 ], [ -102.24788, 21.87879 ], [ -102.24758, 21.87801 ], [ -102.24746, 21.87771 ], [ -102.24731, 21.8773 ], [ -102.24703, 21.87661 ], [ -102.247, 21.87653 ], [ -102.24675, 21.87589 ], [ -102.2466, 21.87549 ], [ -102.24651, 21.87525 ], [ -102.24622, 21.87453 ], [ -102.2458, 21.87342 ], [ -102.24574, 21.87327 ], [ -102.24551, 21.87273 ], [ -102.24539, 21.87245 ], [ -102.24509, 21.87177 ], [ -102.24482, 21.87114 ], [ -102.24464, 21.87072 ], [ -102.24453, 21.8705 ], [ -102.24435, 21.87006 ], [ -102.2442, 21.86973 ], [ -102.24412, 21.86951 ], [ -102.24408, 21.86938 ], [ -102.24405, 21.86927 ], [ -102.24404, 21.86916 ], [ -102.24403, 21.86908 ], [ -102.24403, 21.86892 ], [ -102.24407, 21.86871 ], [ -102.24414, 21.86852 ], [ -102.24421, 21.86832 ], [ -102.24427, 21.86818 ], [ -102.24436, 21.86795 ], [ -102.24443, 21.86779 ], [ -102.24447, 21.86766 ], [ -102.2446, 21.86731 ], [ -102.24465, 21.8672 ], [ -102.24474, 21.86699 ], [ -102.24492, 21.86664 ], [ -102.24501, 21.86653 ], [ -102.24513, 21.8664 ], [ -102.24519, 21.86633 ], [ -102.2452, 21.86632 ], [ -102.24532, 21.86623 ], [ -102.24548, 21.86612 ], [ -102.2458, 21.86592 ], [ -102.24614, 21.86569 ], [ -102.2464, 21.86547 ], [ -102.24649, 21.86539 ], [ -102.24668, 21.86519 ], [ -102.24674, 21.86512 ], [ -102.24689, 21.86489 ], [ -102.24695, 21.86479 ], [ -102.247, 21.8647 ], [ -102.24723, 21.86424 ], [ -102.24743, 21.86388 ], [ -102.24765, 21.8635 ], [ -102.2479, 21.86302 ], [ -102.24804, 21.86271 ], [ -102.24811, 21.86258 ], [ -102.24824, 21.86236 ], [ -102.24842, 21.86202 ], [ -102.24849, 21.8619 ], [ -102.24858, 21.86172 ], [ -102.24874, 21.86141 ], [ -102.24882, 21.86128 ], [ -102.24928, 21.86044 ], [ -102.24946, 21.86011 ], [ -102.24961, 21.8598 ], [ -102.24966, 21.85969 ], [ -102.24974, 21.85956 ], [ -102.24982, 21.8594 ], [ -102.24994, 21.85919 ], [ -102.25009, 21.8589 ], [ -102.25012, 21.85884 ], [ -102.25044, 21.85822 ], [ -102.25046, 21.85819 ], [ -102.2505, 21.85813 ], [ -102.2508, 21.85774 ], [ -102.25094, 21.85759 ], [ -102.25118, 21.85734 ], [ -102.2512, 21.85731 ], [ -102.25176, 21.85679 ], [ -102.2518, 21.85676 ], [ -102.25218, 21.85647 ], [ -102.25221, 21.85646 ], [ -102.25238, 21.85635 ], [ -102.25273, 21.85617 ], [ -102.25299, 21.85607 ], [ -102.25306, 21.85603 ], [ -102.25345, 21.85593 ], [ -102.2536, 21.85589 ], [ -102.25467, 21.85563 ], [ -102.25522, 21.85551 ], [ -102.25584, 21.85535 ], [ -102.25631, 21.85523 ], [ -102.25687, 21.85509 ], [ -102.25699, 21.85506 ], [ -102.25817, 21.85477 ], [ -102.25851, 21.85469 ], [ -102.25867, 21.85465 ], [ -102.25898, 21.85458 ], [ -102.25935, 21.85449 ], [ -102.26033, 21.85426 ], [ -102.26197, 21.85384 ], [ -102.26364, 21.85346 ], [ -102.26427, 21.85331 ], [ -102.2646, 21.85323 ], [ -102.26472, 21.8532 ], [ -102.26526, 21.85306 ], [ -102.26601, 21.85286 ], [ -102.26692, 21.85263 ], [ -102.268994, 21.852064 ], [ -102.269203, 21.852082 ], [ -102.269331, 21.852184 ], [ -102.26942, 21.852333 ], [ -102.269454, 21.853628 ], [ -102.269508, 21.856675 ], [ -102.269547, 21.859272 ], [ -102.269569, 21.859749 ], [ -102.269681, 21.859799 ], [ -102.271502, 21.859833 ], [ -102.272839, 21.859857 ], [ -102.278115, 21.859971 ], [ -102.28261, 21.86004 ], [ -102.28262, 21.86004 ], [ -102.28271, 21.86004 ], [ -102.28272, 21.85978 ], [ -102.28272, 21.85962 ], [ -102.28273, 21.85914 ], [ -102.28273, 21.85896 ], [ -102.28274, 21.85831 ], [ -102.28274, 21.85785 ], [ -102.28238, 21.8559 ], [ -102.28236, 21.85578 ], [ -102.28221, 21.85492 ], [ -102.28207, 21.85421 ], [ -102.28199, 21.85372 ], [ -102.28186, 21.85294 ], [ -102.28166, 21.85159 ], [ -102.28158, 21.85097 ], [ -102.28156, 21.85085 ], [ -102.28141, 21.85007 ], [ -102.28138, 21.84991 ], [ -102.28114, 21.84855 ], [ -102.28106, 21.84813 ], [ -102.28096, 21.8476 ], [ -102.28081, 21.84685 ], [ -102.28076, 21.8466 ], [ -102.28074, 21.84645 ], [ -102.28059, 21.84559 ], [ -102.28052, 21.84515 ], [ -102.28032, 21.84395 ], [ -102.2802, 21.84329 ], [ -102.2801, 21.84265 ], [ -102.28009, 21.84257 ], [ -102.2801, 21.84188 ], [ -102.28013, 21.83864 ], [ -102.28013, 21.8385 ], [ -102.28012, 21.83791 ], [ -102.28006, 21.83673 ], [ -102.28003, 21.83652 ], [ -102.28024, 21.83647 ], [ -102.28073, 21.83637 ], [ -102.28121, 21.83627 ], [ -102.28193, 21.83612 ], [ -102.28261, 21.83598 ], [ -102.28319, 21.83586 ], [ -102.28467, 21.83558 ], [ -102.28525, 21.83546 ], [ -102.28571, 21.83536 ], [ -102.28758, 21.83498 ], [ -102.288732, 21.834783 ], [ -102.288781, 21.834732 ], [ -102.288573, 21.83336 ], [ -102.288633, 21.833191 ], [ -102.288582, 21.832642 ], [ -102.288582, 21.83262 ], [ -102.288825, 21.832462 ], [ -102.289074, 21.832393 ], [ -102.293088, 21.831807 ], [ -102.293407, 21.831783 ], [ -102.293573, 21.831816 ], [ -102.293601, 21.832024 ], [ -102.293616, 21.832409 ], [ -102.293627, 21.833992 ], [ -102.293589, 21.834258 ], [ -102.293514, 21.834426 ], [ -102.293369, 21.834453 ], [ -102.292923, 21.834444 ], [ -102.292831, 21.834324 ], [ -102.292501, 21.834103 ], [ -102.290707, 21.834482 ], [ -102.290627, 21.834502 ], [ -102.290529, 21.834611 ], [ -102.290462, 21.834736 ], [ -102.290485, 21.834795 ], [ -102.290621, 21.834768 ], [ -102.291998, 21.834507 ], [ -102.292108, 21.834546 ], [ -102.292154, 21.834651 ], [ -102.292112, 21.834724 ], [ -102.291312, 21.834886 ] ] } },
{ "type": "Feature", "properties": { "route_id": "R_43N", "route_short_name": "R43N", "route_long_name": "R-43N", "route_km": 15.532507652157403, "n_stops": 61, "straight_line_km": 8.1055349234685288, "connects_to_existing": true, "total_score": 0.1937454329184764, "pareto_rank": 2, "feasible": false, "flag": "Indirect", "detour_ratio": 1.916, "n_served_agebs": 28, "f1_demand_gain": 0.0085275594893472577, "f3_equity": 0.25862174878842997 }, "geometry": { "type": "LineString", "coordinates": [ [ -102.2467185, 21.940840869999985 ], [ -102.2466888, 21.94053391 ], [ -102.2463882, 21.94052339 ], [ -102.2457967, 21.94049308000001 ], [ -102.245399, 21.94046694 ], [ -102.2450991, 21.94047448 ], [ -102.2447822, 21.940563790000017 ], [ -102.2446204, 21.940667329999986 ], [ -102.2446858, 21.939162640000013 ], [ -102.24472, 21.93845 ], [ -102.24475, 21.93807 ], [ -102.24477, 21.93759 ], [ -102.24522, 21.9372 ], [ -102.24541, 21.93703 ], [ -102.24549, 21.93696 ], [ -102.2455776, 21.93687737 ], [ -102.2456477, 21.93681442 ], [ -102.2458174, 21.936696909999988 ], [ -102.246, 21.9366 ], [ -102.2460845, 21.936568919999988 ], [ -102.2462, 21.93653 ], [ -102.24634, 21.93649 ], [ -102.2465, 21.93645 ], [ -102.2469, 21.93641 ], [ -102.24731, 21.93639 ], [ -102.24771, 21.93636 ], [ -102.24847, 21.93622 ], [ -102.249413500000017, 21.93617346 ], [ -102.2497506, 21.93614412 ], [ -102.2501851, 21.93606022 ], [ -102.25062, 21.93595 ], [ -102.25096, 21.93584 ], [ -102.25114, 21.93577 ], [ -102.25133, 21.93568 ], [ -102.25157, 21.93556 ], [ -102.25159, 21.93555 ], [ -102.2517713, 21.93545041 ], [ -102.25186, 21.9354 ], [ -102.2522, 21.93512 ], [ -102.2524, 21.93495 ], [ -102.2527, 21.93462 ], [ -102.25313, 21.93426 ], [ -102.25343, 21.93407 ], [ -102.25345, 21.93406 ], [ -102.25375, 21.93384 ], [ -102.2539, 21.9337 ], [ -102.25394, 21.93365 ], [ -102.25401, 21.93354 ], [ -102.25425, 21.93318 ], [ -102.2543, 21.93308 ], [ -102.2545, 21.93276 ], [ -102.25471, 21.93243 ], [ -102.25493, 21.93211 ], [ -102.25536, 21.93145 ], [ -102.25556, 21.93112 ], [ -102.25576, 21.9308 ], [ -102.25626, 21.92995 ], [ -102.2567659, 21.92992833000001 ], [ -102.25694, 21.92994 ], [ -102.25711, 21.92996 ], [ -102.25722, 21.92997 ], [ -102.2573, 21.92999 ], [ -102.25741, 21.93002 ], [ -102.2575, 21.93004 ], [ -102.25761, 21.93008 ], [ -102.2577, 21.93012 ], [ -102.2578, 21.93017 ], [ -102.25798, 21.93026 ], [ -102.25827, 21.93041 ], [ -102.25859, 21.93059 ], [ -102.25903, 21.93082 ], [ -102.26014, 21.93143 ], [ -102.2602313, 21.931417130000018 ], [ -102.26028, 21.93137 ], [ -102.26065, 21.93079 ], [ -102.26091, 21.93041 ], [ -102.26112, 21.93008 ], [ -102.26131, 21.92976 ], [ -102.26132, 21.92975 ], [ -102.26152, 21.92942 ], [ -102.26173, 21.92909 ], [ -102.26214, 21.92843 ], [ -102.26236, 21.92809 ], [ -102.26256, 21.92776 ], [ -102.26275, 21.92744 ], [ -102.26277, 21.92742 ], [ -102.26333, 21.92654 ], [ -102.26354, 21.9262 ], [ -102.26375, 21.92587 ], [ -102.26383, 21.92576 ], [ -102.26386, 21.92571 ], [ -102.26392, 21.92564 ], [ -102.26398, 21.92558 ], [ -102.26505, 21.92649 ], [ -102.26515, 21.92657 ], [ -102.26519, 21.92661 ], [ -102.26538, 21.92675 ], [ -102.26543, 21.92676 ], [ -102.26545, 21.92677 ], [ -102.2655, 21.92678 ], [ -102.26553, 21.92679 ], [ -102.26567, 21.92684 ], [ -102.26574, 21.9269 ], [ -102.26589, 21.92704 ], [ -102.26632, 21.92741 ], [ -102.26646, 21.92753 ], [ -102.26678, 21.92779 ], [ -102.26718, 21.92813 ], [ -102.26746, 21.92841 ], [ -102.26757, 21.92852 ], [ -102.26759, 21.92854 ], [ -102.26801, 21.92903 ], [ -102.26819, 21.92925 ], [ -102.26832, 21.92941 ], [ -102.26888, 21.93014 ], [ -102.26918, 21.93053 ], [ -102.26942, 21.93083 ], [ -102.26953, 21.93098 ], [ -102.26976, 21.93127 ], [ -102.26982, 21.93134 ], [ -102.26985, 21.93138 ], [ -102.2702, 21.93182 ], [ -102.27043, 21.9321 ], [ -102.27055, 21.93225 ], [ -102.27078, 21.93254 ], [ -102.27122, 21.93309 ], [ -102.27163, 21.93366 ], [ -102.27209, 21.93426 ], [ -102.27217, 21.93435 ], [ -102.27242, 21.93468 ], [ -102.27257, 21.93485 ], [ -102.27273, 21.93502 ], [ -102.27305, 21.93541 ], [ -102.27338, 21.93583 ], [ -102.27373, 21.93626 ], [ -102.27393, 21.9365 ], [ -102.27414, 21.93675 ], [ -102.27415, 21.93676 ], [ -102.27443, 21.93711 ], [ -102.27471, 21.93743 ], [ -102.27501, 21.93775 ], [ -102.27523, 21.93799 ], [ -102.27547, 21.93824 ], [ -102.27626, 21.93906 ], [ -102.2764, 21.93921 ], [ -102.27649, 21.93931 ], [ -102.27685, 21.9397 ], [ -102.27752, 21.9404 ], [ -102.27793, 21.94082 ], [ -102.2786017, 21.94139255 ], [ -102.2787337, 21.941474399999979 ], [ -102.278861, 21.94148183 ], [ -102.2789482, 21.941410759999986 ], [ -102.27909, 21.94118 ], [ -102.27967, 21.94021 ], [ -102.28003, 21.9396 ], [ -102.2802, 21.93936 ], [ -102.28055, 21.93879 ], [ -102.28073, 21.93846 ], [ -102.28114, 21.93773 ], [ -102.28127, 21.93732 ], [ -102.28136, 21.93695 ], [ -102.28137, 21.93689 ], [ -102.28139, 21.9368 ], [ -102.28151, 21.93615 ], [ -102.28159, 21.93572 ], [ -102.28164, 21.93549 ], [ -102.2817, 21.93532 ], [ -102.28184, 21.93495 ], [ -102.28202, 21.93452 ], [ -102.28231, 21.93384 ], [ -102.28247, 21.93351 ], [ -102.28273, 21.93287 ], [ -102.28285, 21.93255 ], [ -102.28295, 21.93227 ], [ -102.28298, 21.93211 ], [ -102.283, 21.93202 ], [ -102.28304, 21.93187 ], [ -102.28311, 21.9315 ], [ -102.28318, 21.9312 ], [ -102.28325, 21.93088 ], [ -102.2833, 21.93067 ], [ -102.28351, 21.9297 ], [ -102.2836, 21.92932 ], [ -102.28362, 21.9292 ], [ -102.28364, 21.92912 ], [ -102.28368, 21.92895 ], [ -102.28373, 21.92872 ], [ -102.28387, 21.92818 ], [ -102.28398, 21.92766 ], [ -102.28405, 21.92731 ], [ -102.28413, 21.92701 ], [ -102.28442, 21.9258 ], [ -102.2845, 21.92553 ], [ -102.28457, 21.92525 ], [ -102.28477, 21.9244 ], [ -102.28484, 21.92408 ], [ -102.28495, 21.92352 ], [ -102.28504, 21.92313 ], [ -102.2851, 21.92286 ], [ -102.28524, 21.9223 ], [ -102.28529, 21.92208 ], [ -102.28533, 21.92194 ], [ -102.28537, 21.92177 ], [ -102.28547, 21.9213 ], [ -102.28556, 21.92079 ], [ -102.2857, 21.92004 ], [ -102.28578, 21.91965 ], [ -102.28582, 21.91939 ], [ -102.28586, 21.91913 ], [ -102.28602, 21.91833 ], [ -102.28614, 21.91772 ], [ -102.2862, 21.91745 ], [ -102.28627, 21.91707 ], [ -102.28653, 21.91572 ], [ -102.2866, 21.91537 ], [ -102.28659, 21.91529 ], [ -102.28659, 21.91524 ], [ -102.28659, 21.91523 ], [ -102.28659, 21.91522 ], [ -102.28659, 21.91515 ], [ -102.28659, 21.91514 ], [ -102.28658, 21.91505 ], [ -102.28659, 21.91479 ], [ -102.28653, 21.91328 ], [ -102.28652, 21.91295 ], [ -102.28646, 21.91139 ], [ -102.28641, 21.90972 ], [ -102.28638, 21.90914 ], [ -102.28636, 21.90854 ], [ -102.28636, 21.90836 ], [ -102.28636, 21.9083 ], [ -102.28636, 21.90828 ], [ -102.28637, 21.90814 ], [ -102.2864, 21.90784 ], [ -102.28643, 21.90764 ], [ -102.28644, 21.90744 ], [ -102.28645, 21.90729 ], [ -102.28646, 21.90716 ], [ -102.28645, 21.90699 ], [ -102.28619, 21.90549 ], [ -102.2861, 21.90497 ], [ -102.28599, 21.90437 ], [ -102.28597, 21.90425 ], [ -102.28576, 21.9031 ], [ -102.28569, 21.90267 ], [ -102.28567, 21.90257 ], [ -102.28567, 21.90256 ], [ -102.28566, 21.90248 ], [ -102.28565, 21.90247 ], [ -102.28565, 21.90246 ], [ -102.28565, 21.90243 ], [ -102.2856, 21.90219 ], [ -102.28555, 21.90184 ], [ -102.28546, 21.90136 ], [ -102.28544, 21.90126 ], [ -102.28544, 21.90125 ], [ -102.28532, 21.90126 ], [ -102.2852, 21.90124 ], [ -102.28514, 21.90123 ], [ -102.28507, 21.90121 ], [ -102.28497, 21.90117 ], [ -102.28494, 21.90116 ], [ -102.28492, 21.90115 ], [ -102.2849, 21.90113 ], [ -102.28484, 21.90108 ], [ -102.2843, 21.90039 ], [ -102.28386, 21.89984 ], [ -102.28361, 21.89953 ], [ -102.28313, 21.89894 ], [ -102.28254, 21.8982 ], [ -102.28204, 21.89757 ], [ -102.28148, 21.89688 ], [ -102.28142, 21.89682 ], [ -102.28118, 21.89652 ], [ -102.28103, 21.89632 ], [ -102.28091, 21.89615 ], [ -102.28067, 21.89584 ], [ -102.27985, 21.89483 ], [ -102.27951, 21.89439 ], [ -102.27893, 21.89366 ], [ -102.2789, 21.89361 ], [ -102.27799, 21.89238 ], [ -102.27776, 21.89206 ], [ -102.2777, 21.89199 ], [ -102.27755, 21.89178 ], [ -102.27743, 21.89163 ], [ -102.27729, 21.89144 ], [ -102.27713, 21.89119 ], [ -102.27706, 21.89106 ], [ -102.27704, 21.89102 ], [ -102.277, 21.89091 ], [ -102.27694, 21.89074 ], [ -102.2768, 21.89037 ], [ -102.27674, 21.89021 ], [ -102.27665, 21.89002 ], [ -102.27661, 21.88994 ], [ -102.27656, 21.88981 ], [ -102.27635, 21.88916 ], [ -102.27603, 21.88826 ], [ -102.27576, 21.88748 ], [ -102.27516, 21.88575 ], [ -102.27487, 21.88493 ], [ -102.27481, 21.88474 ], [ -102.27463, 21.88422 ], [ -102.27452, 21.88392 ], [ -102.27536, 21.8838 ], [ -102.27618, 21.88371 ], [ -102.27647, 21.88367 ], [ -102.27657, 21.88362 ], [ -102.27667, 21.88359 ], [ -102.27682, 21.88354 ], [ -102.27717, 21.8835 ], [ -102.27741, 21.88345 ], [ -102.27755, 21.88342 ], [ -102.2777, 21.88338 ], [ -102.27783, 21.88334 ], [ -102.27796, 21.88328 ], [ -102.27807, 21.88324 ], [ -102.27819, 21.88321 ], [ -102.2783, 21.88319 ], [ -102.27839, 21.88318 ], [ -102.2785, 21.88317 ], [ -102.27859, 21.88315 ], [ -102.2788, 21.88311 ], [ -102.27881, 21.88311 ], [ -102.27882, 21.88311 ], [ -102.27897, 21.88308 ], [ -102.27918, 21.88304 ], [ -102.27932, 21.88301 ], [ -102.27939, 21.883 ], [ -102.27947, 21.88299 ], [ -102.28045, 21.88289 ], [ -102.28075, 21.88284 ], [ -102.28085, 21.88283 ], [ -102.28093, 21.88281 ], [ -102.28129, 21.88275 ], [ -102.28195, 21.88272 ], [ -102.28226, 21.88267 ], [ -102.28237, 21.88265 ], [ -102.28258, 21.88263 ], [ -102.2829, 21.88257 ], [ -102.2837, 21.88247 ], [ -102.28404, 21.88243 ], [ -102.28405, 21.88244 ], [ -102.28405, 21.88245 ], [ -102.28405, 21.88246 ], [ -102.28406, 21.88246 ], [ -102.28406, 21.88247 ], [ -102.28406, 21.88248 ], [ -102.28407, 21.88248 ], [ -102.28407, 21.88249 ], [ -102.28408, 21.8825 ], [ -102.28409, 21.88251 ], [ -102.2841, 21.88252 ], [ -102.28411, 21.88253 ], [ -102.28412, 21.88253 ], [ -102.28413, 21.88254 ], [ -102.28414, 21.88254 ], [ -102.2842, 21.88257 ], [ -102.28422, 21.88258 ], [ -102.28424, 21.88259 ], [ -102.28425, 21.88259 ], [ -102.28426, 21.88259 ], [ -102.28427, 21.88259 ], [ -102.28428, 21.8826 ], [ -102.2843, 21.8826 ], [ -102.28483, 21.88333 ], [ -102.28515, 21.88376 ], [ -102.28539, 21.88408 ], [ -102.28569, 21.88399 ], [ -102.28632, 21.8838 ], [ -102.2871, 21.88358 ], [ -102.28723, 21.88397 ], [ -102.28748, 21.88468 ], [ -102.28753, 21.88482 ], [ -102.28764, 21.88516 ], [ -102.28809, 21.88652 ], [ -102.28831, 21.88718 ], [ -102.2887, 21.88837 ], [ -102.28877, 21.88857 ], [ -102.2889, 21.88894 ], [ -102.2889, 21.88897 ], [ -102.28908, 21.88951 ], [ -102.28911, 21.88958 ], [ -102.28914, 21.88968 ], [ -102.28932, 21.88956 ], [ -102.28947, 21.88945 ], [ -102.2896, 21.88935 ], [ -102.28969, 21.88926 ], [ -102.29007, 21.88895 ], [ -102.29073, 21.88843 ], [ -102.29133, 21.88798 ], [ -102.2918, 21.88762 ], [ -102.29234, 21.8872 ], [ -102.29249, 21.88709 ], [ -102.29266, 21.88696 ], [ -102.29407, 21.88587 ], [ -102.29426, 21.88572 ], [ -102.29434, 21.88565 ], [ -102.29441, 21.88558 ], [ -102.29457, 21.88547 ], [ -102.29466, 21.88541 ], [ -102.29506, 21.88518 ], [ -102.29551, 21.88495 ], [ -102.295659, 21.884855369999979 ], [ -102.2956802, 21.88479257 ], [ -102.2956601, 21.88472888 ], [ -102.2955972, 21.88454044 ] ] } },
{ "type": "Feature", "properties": { "route_id": "R_43S", "route_short_name": "R43S", "route_long_name": "R-43S", "route_km": 16.973909670828128, "n_stops": 46, "straight_line_km": 10.029900755688161, "connects_to_existing": true, "total_score": 0.17767181401844398, "pareto_rank": 4, "feasible": true, "flag": "Indirect", "detour_ratio": 1.692, "n_served_agebs": 11, "f1_demand_gain": 0.010996109479059763, "f3_equity": 0.23249980718514107 }, "geometry": { "type": "LineString", "coordinates": [ [ -102.2661316, 21.809564980000019 ], [ -102.2659206, 21.809520450000029 ], [ -102.2654671, 21.809439390000016 ], [ -102.2649362, 21.809336879999979 ], [ -102.2645442, 21.80930975 ], [ -102.2638738, 21.809264460000044 ], [ -102.2636919, 21.809230360000033 ], [ -102.2634434, 21.80911353 ], [ -102.2631641, 21.80891483 ], [ -102.263017500000018, 21.808889400000034 ], [ -102.2628967, 21.808872310000016 ], [ -102.2628241, 21.80874931 ], [ -102.2628241, 21.80855395 ], [ -102.2629374, 21.807533869999983 ], [ -102.2629522, 21.807097600000031 ], [ -102.2629475, 21.80673041 ], [ -102.262893, 21.80486112 ], [ -102.262815, 21.80268064 ], [ -102.2627228, 21.80098998 ], [ -102.262606800000015, 21.80020604000001 ], [ -102.2624656, 21.799653210000027 ], [ -102.2620391, 21.79824024 ], [ -102.2620526, 21.79808124 ], [ -102.26216, 21.798006199999975 ], [ -102.2622708, 21.79798915000001 ], [ -102.2624506, 21.7979947 ], [ -102.2657918, 21.79872454 ], [ -102.2668769, 21.798966600000025 ], [ -102.2675336, 21.799106200000018 ], [ -102.2683514, 21.79927862 ], [ -102.26891, 21.79939192 ], [ -102.2693733, 21.79947976 ], [ -102.2706992, 21.799729 ], [ -102.2722251, 21.800002159999963 ], [ -102.2733002, 21.800206459999981 ], [ -102.2739436, 21.800315309999984 ], [ -102.2742538, 21.80038985000002 ], [ -102.274726, 21.80049606 ], [ -102.2752388, 21.80060378 ], [ -102.2754311, 21.800653170000054 ], [ -102.2755724, 21.800687889999953 ], [ -102.2757296, 21.80072717 ], [ -102.275845, 21.800755599999984 ], [ -102.276329, 21.80085646 ], [ -102.2763457, 21.79914555 ], [ -102.276339400000012, 21.7984797 ], [ -102.2762581, 21.798334749999988 ], [ -102.2762509, 21.79820040000001 ], [ -102.2762458, 21.798075640000022 ], [ -102.2762249, 21.79718277 ], [ -102.2761521, 21.79594907 ], [ -102.2761211, 21.795877829999966 ], [ -102.2760427, 21.79581417 ], [ -102.2759921, 21.79582023 ], [ -102.2759742, 21.795786889999988 ], [ -102.275995400000014, 21.79574596 ], [ -102.2760509, 21.795752020000027 ], [ -102.2760868, 21.79578234 ], [ -102.2761505, 21.79581568 ], [ -102.2762125, 21.79591875 ], [ -102.2762452, 21.79616758000002 ], [ -102.2762909, 21.79724249 ], [ -102.2763448, 21.79827342 ], [ -102.2763579, 21.79846138 ], [ -102.2763693, 21.79878007 ], [ -102.276371, 21.7991337 ], [ -102.276389, 21.80075672 ], [ -102.2764119, 21.80084767 ], [ -102.2764972, 21.80089345 ], [ -102.2766638, 21.800910209999987 ], [ -102.2767648, 21.800873730000021 ], [ -102.2768426, 21.800794390000014 ], [ -102.2768658, 21.80067644 ], [ -102.2768481, 21.80050856 ], [ -102.2768071, 21.79889552 ], [ -102.2767999, 21.79870005 ], [ -102.2768371, 21.79856849 ], [ -102.276912, 21.79851428000001 ], [ -102.2770644, 21.79848819 ], [ -102.2773529, 21.79844933 ], [ -102.2811033, 21.79788651 ], [ -102.2823709, 21.7977195 ], [ -102.2825526, 21.79781849 ], [ -102.28263, 21.798 ], [ -102.28269, 21.79835 ], [ -102.28285, 21.79907 ], [ -102.2829, 21.79935 ], [ -102.28292, 21.79952 ], [ -102.28311, 21.8005 ], [ -102.28313, 21.80065 ], [ -102.28327, 21.8015 ], [ -102.28331, 21.80172 ], [ -102.28335, 21.80193 ], [ -102.28348, 21.80272 ], [ -102.28361, 21.80343 ], [ -102.28364, 21.80361 ], [ -102.28365, 21.80379 ], [ -102.28367, 21.80392 ], [ -102.28368, 21.80404 ], [ -102.28386, 21.80422 ], [ -102.28403, 21.80524 ], [ -102.28418, 21.80613 ], [ -102.28464, 21.80888 ], [ -102.28482, 21.81001 ], [ -102.28485, 21.81014 ], [ -102.2851, 21.81158 ], [ -102.28515, 21.81189 ], [ -102.28521, 21.81224 ], [ -102.28542, 21.81356 ], [ -102.2855, 21.81398 ], [ -102.28557, 21.81441 ], [ -102.28577, 21.81558 ], [ -102.28584, 21.81599 ], [ -102.286, 21.81697 ], [ -102.28608, 21.81745 ], [ -102.28609, 21.81754 ], [ -102.28617, 21.81799 ], [ -102.28634, 21.81902 ], [ -102.28668, 21.82108 ], [ -102.28688, 21.82224 ], [ -102.28692, 21.82243 ], [ -102.28713, 21.82363 ], [ -102.2872, 21.82398 ], [ -102.28725, 21.82437 ], [ -102.28734, 21.82485 ], [ -102.28735, 21.8249 ], [ -102.28736, 21.82496 ], [ -102.28738, 21.8251 ], [ -102.28748, 21.82569 ], [ -102.28753, 21.82602 ], [ -102.28753, 21.82603 ], [ -102.28754, 21.82608 ], [ -102.28754, 21.8261 ], [ -102.28758, 21.82629 ], [ -102.28762, 21.82654 ], [ -102.28783, 21.82781 ], [ -102.28785, 21.82791 ], [ -102.28789, 21.82812 ], [ -102.28794, 21.82845 ], [ -102.28805, 21.82909 ], [ -102.28811, 21.8295 ], [ -102.2882, 21.83001 ], [ -102.28822, 21.83016 ], [ -102.28829, 21.83066 ], [ -102.28832, 21.83082 ], [ -102.28841, 21.83138 ], [ -102.28844, 21.83159 ], [ -102.2885, 21.83203 ], [ -102.2885068, 21.83206983 ], [ -102.2886022, 21.83242678 ], [ -102.2887519, 21.83250371 ], [ -102.2888887, 21.83254562 ], [ -102.2891018, 21.83253282999998 ], [ -102.2913087, 21.83220666 ], [ -102.2928754, 21.831993530000023 ], [ -102.2933233, 21.831921019999978 ], [ -102.293472100000017, 21.83203492 ], [ -102.2935134, 21.83231682 ], [ -102.293404600000017, 21.833934630000023 ], [ -102.2933782, 21.83439273 ], [ -102.2930279, 21.83437841000001 ], [ -102.2929497, 21.83431029 ], [ -102.2928425, 21.834123239999979 ], [ -102.2928052, 21.83401155000001 ], [ -102.2926705, 21.8339793 ], [ -102.2925186, 21.833998489999981 ], [ -102.2905412, 21.834395799999978 ], [ -102.2904133, 21.834415459999985 ], [ -102.290356, 21.834480910000018 ], [ -102.2904009, 21.83460754 ], [ -102.2905449, 21.834580809999967 ], [ -102.2906266, 21.834493660000014 ], [ -102.2925003, 21.83410168 ], [ -102.2926111, 21.834133460000015 ], [ -102.292845, 21.83436 ], [ -102.2929387, 21.834443220000018 ], [ -102.2932895, 21.834435359999986 ], [ -102.2935527, 21.83442577 ], [ -102.2936271, 21.83430889 ], [ -102.2936026, 21.833990330000034 ], [ -102.2936438, 21.832888980000032 ], [ -102.2936261, 21.83226727 ], [ -102.2936089, 21.83197844 ], [ -102.2935253, 21.83179926 ], [ -102.2932864, 21.83179454 ], [ -102.2908325, 21.832123260000021 ], [ -102.2890478, 21.832393640000014 ], [ -102.2888603, 21.83242578 ], [ -102.2886992, 21.83250292 ], [ -102.288620900000012, 21.832629770000011 ], [ -102.2886237, 21.83288463000002 ], [ -102.28876, 21.83368 ], [ -102.2888, 21.83392 ], [ -102.28887, 21.83434 ], [ -102.28894, 21.83473 ], [ -102.28898, 21.83496 ], [ -102.28898, 21.83497 ], [ -102.28932, 21.83702 ], [ -102.28935, 21.83719 ], [ -102.28937, 21.83733 ], [ -102.28945, 21.83781 ], [ -102.28953, 21.83827 ], [ -102.28959, 21.83864 ], [ -102.2896, 21.83874 ], [ -102.28974, 21.83955 ], [ -102.28988, 21.84038 ], [ -102.29, 21.84106 ], [ -102.29001, 21.84115 ], [ -102.29021, 21.84232 ], [ -102.29025, 21.84264 ], [ -102.29079, 21.8458 ], [ -102.29096, 21.84678 ], [ -102.29104, 21.84726 ], [ -102.2911, 21.8476 ], [ -102.29132, 21.8489 ], [ -102.29143, 21.8496 ], [ -102.29169, 21.85114 ], [ -102.29175, 21.85153 ], [ -102.29177, 21.85165 ], [ -102.29189, 21.85234 ], [ -102.29208, 21.85348 ], [ -102.29252, 21.8561 ], [ -102.29255, 21.85626 ], [ -102.29258, 21.85644 ], [ -102.29267, 21.85703 ], [ -102.29273, 21.85735 ], [ -102.29277, 21.85753 ], [ -102.29283, 21.85777 ], [ -102.29289, 21.85804 ], [ -102.29292, 21.85817 ], [ -102.29296, 21.8584 ], [ -102.29299, 21.85854 ], [ -102.29305, 21.85881 ], [ -102.29318, 21.85955 ], [ -102.29328, 21.86014 ], [ -102.29339, 21.8608 ], [ -102.29387, 21.86374 ], [ -102.29393, 21.86409 ], [ -102.29396, 21.86426 ], [ -102.29405, 21.86481 ], [ -102.2941, 21.86505 ], [ -102.2941, 21.86509 ], [ -102.29412, 21.86519 ], [ -102.29413, 21.86529 ], [ -102.29414, 21.86536 ], [ -102.29414, 21.86544 ], [ -102.29415, 21.8655 ], [ -102.2941523, 21.86576144 ], [ -102.2941849, 21.86599034 ], [ -102.2942155, 21.86623816 ], [ -102.2942461, 21.8664141 ], [ -102.29436, 21.86681 ], [ -102.29459, 21.86816 ], [ -102.29464, 21.86845 ], [ -102.29471, 21.86887 ], [ -102.29481, 21.86951 ], [ -102.29492, 21.8702 ], [ -102.295, 21.8708 ], [ -102.29502, 21.87086 ], [ -102.29505, 21.87095 ], [ -102.2950863, 21.8713273 ], [ -102.29509, 21.8714 ], [ -102.29507, 21.87211 ], [ -102.29506, 21.87222 ], [ -102.29502, 21.87286 ], [ -102.29501, 21.87301 ], [ -102.295, 21.87315 ], [ -102.295, 21.8732 ], [ -102.295, 21.87329 ], [ -102.29499, 21.87339 ], [ -102.29496, 21.87411 ], [ -102.29491, 21.87479 ], [ -102.2949, 21.875 ], [ -102.29491, 21.87522 ], [ -102.29492, 21.87533 ], [ -102.29492, 21.87534 ], [ -102.29494, 21.87544 ], [ -102.29496, 21.87553 ], [ -102.29497, 21.87558 ], [ -102.29507, 21.87591 ], [ -102.29519, 21.8764 ], [ -102.2952, 21.87643 ], [ -102.29571, 21.87785 ], [ -102.29583, 21.87818 ], [ -102.2959, 21.87836 ], [ -102.29592, 21.87847 ], [ -102.29597, 21.87862 ], [ -102.29599, 21.87875 ], [ -102.29607, 21.8791 ], [ -102.29607, 21.87911 ], [ -102.2964, 21.88008 ], [ -102.29647, 21.88037 ], [ -102.29651, 21.88062 ], [ -102.29658, 21.88109 ], [ -102.29659, 21.88114 ], [ -102.29659, 21.88116 ], [ -102.2966, 21.88119 ], [ -102.29664, 21.88126 ], [ -102.29682, 21.88158 ], [ -102.297, 21.88193 ], [ -102.2971, 21.88213 ], [ -102.2974328, 21.882784550000011 ], [ -102.2974241, 21.882849310000015 ], [ -102.2967384, 21.883127660000024 ] ] } },
{ "type": "Feature", "properties": { "route_id": "R_45", "route_short_name": "R45", "route_long_name": "R-45", "route_km": 22.394773963829998, "n_stops": 104, "straight_line_km": 11.507103697281901, "connects_to_existing": true, "total_score": 0.14526126188669991, "pareto_rank": 2, "feasible": false, "flag": "Indirect", "detour_ratio": 1.946, "n_served_agebs": 44, "f1_demand_gain": 0.0030940517766536928, "f3_equity": 0.31516130590118485 }, "geometry": { "type": "LineString", "coordinates": [ [ -102.228136, 21.862829 ], [ -102.227454, 21.862584 ], [ -102.227398, 21.862551 ], [ -102.227349, 21.862502 ], [ -102.227275, 21.862498 ], [ -102.227202, 21.862566 ], [ -102.227214, 21.862634 ], [ -102.227236, 21.862665 ], [ -102.227287, 21.862701 ], [ -102.227362, 21.8627 ], [ -102.227403, 21.862681 ], [ -102.227487, 21.862687 ], [ -102.228704, 21.863105 ], [ -102.228805, 21.863171 ], [ -102.228877, 21.863222 ], [ -102.229, 21.863281 ], [ -102.229091, 21.863323 ], [ -102.229101, 21.863363 ], [ -102.229112, 21.863418 ], [ -102.22885, 21.86417 ], [ -102.2287, 21.86455 ], [ -102.22863, 21.86477 ], [ -102.22846, 21.86526 ], [ -102.22842, 21.86541 ], [ -102.22851, 21.86544 ], [ -102.22879, 21.86554 ], [ -102.22891, 21.86557 ], [ -102.22931, 21.86569 ], [ -102.22983, 21.86587 ], [ -102.23011, 21.86597 ], [ -102.23041, 21.86608 ], [ -102.23057, 21.86616 ], [ -102.23065, 21.86621 ], [ -102.23079, 21.86631 ], [ -102.23096, 21.86643 ], [ -102.23102, 21.86652 ], [ -102.23156, 21.86706 ], [ -102.23213, 21.8676 ], [ -102.23231, 21.86777 ], [ -102.23256, 21.86803 ], [ -102.23282, 21.86829 ], [ -102.23287, 21.86837 ], [ -102.23297, 21.86849 ], [ -102.23299, 21.86854 ], [ -102.23302, 21.86863 ], [ -102.23339, 21.86997 ], [ -102.23345, 21.87016 ], [ -102.23357, 21.8707 ], [ -102.2337, 21.87116 ], [ -102.23381, 21.87148 ], [ -102.23407, 21.87189 ], [ -102.23474, 21.87284 ], [ -102.23514, 21.87262 ], [ -102.2352, 21.87259 ], [ -102.23525, 21.87256 ], [ -102.23536, 21.87251 ], [ -102.23546, 21.87247 ], [ -102.23559, 21.87242 ], [ -102.23561, 21.87241 ], [ -102.2357, 21.87238 ], [ -102.23579, 21.87236 ], [ -102.23587, 21.87233 ], [ -102.23609, 21.87229 ], [ -102.23725, 21.87201 ], [ -102.2377, 21.87191 ], [ -102.23845, 21.87174 ], [ -102.23965, 21.87145 ], [ -102.24005, 21.87134 ], [ -102.2408, 21.87116 ], [ -102.24118, 21.87107 ], [ -102.24156, 21.87098 ], [ -102.24212, 21.87085 ], [ -102.24252, 21.87075 ], [ -102.24258, 21.87089 ], [ -102.24261, 21.87099 ], [ -102.24264, 21.87111 ], [ -102.24265, 21.87122 ], [ -102.24266, 21.87127 ], [ -102.24266, 21.87158 ], [ -102.24266, 21.8723 ], [ -102.2428, 21.8723 ], [ -102.24288, 21.87231 ], [ -102.24295, 21.87231 ], [ -102.24313, 21.87234 ], [ -102.24338, 21.87235 ], [ -102.24346, 21.87235 ], [ -102.24352, 21.87234 ], [ -102.24361, 21.87232 ], [ -102.24407, 21.87214 ], [ -102.24455, 21.87197 ], [ -102.24494, 21.87182 ], [ -102.245, 21.8718 ], [ -102.24509, 21.87177 ], [ -102.24539, 21.87245 ], [ -102.24551, 21.87273 ], [ -102.24574, 21.87327 ], [ -102.2458, 21.87342 ], [ -102.24622, 21.87453 ], [ -102.24651, 21.87525 ], [ -102.2466, 21.87549 ], [ -102.24675, 21.87589 ], [ -102.247, 21.87653 ], [ -102.24703, 21.87661 ], [ -102.24731, 21.8773 ], [ -102.24746, 21.87771 ], [ -102.24758, 21.87801 ], [ -102.24788, 21.87879 ], [ -102.248, 21.87911 ], [ -102.2482, 21.87961 ], [ -102.24822, 21.87967 ], [ -102.24848, 21.88035 ], [ -102.24864, 21.88077 ], [ -102.24904, 21.88183 ], [ -102.24914, 21.8821 ], [ -102.24917, 21.88218 ], [ -102.24921, 21.88227 ], [ -102.24958, 21.8832 ], [ -102.2497, 21.88353 ], [ -102.24995, 21.88414 ], [ -102.24999, 21.88428 ], [ -102.2501, 21.88456 ], [ -102.25016, 21.8847 ], [ -102.25041, 21.88538 ], [ -102.25044, 21.88544 ], [ -102.2505, 21.88558 ], [ -102.25103, 21.88683 ], [ -102.25114, 21.88706 ], [ -102.25118, 21.88717 ], [ -102.25143, 21.88775 ], [ -102.25181, 21.88862 ], [ -102.25229, 21.88972 ], [ -102.25251, 21.89025 ], [ -102.25274, 21.89079 ], [ -102.25293, 21.89122 ], [ -102.25315, 21.89172 ], [ -102.25323, 21.89188 ], [ -102.25339, 21.89224 ], [ -102.25341, 21.8923 ], [ -102.25345, 21.89247 ], [ -102.25349, 21.89263 ], [ -102.253518, 21.892989 ], [ -102.25348, 21.89369 ], [ -102.25339, 21.89445 ], [ -102.25335, 21.89482 ], [ -102.25331, 21.8952 ], [ -102.2532, 21.89633 ], [ -102.2532, 21.89639 ], [ -102.25322, 21.89675 ], [ -102.25324, 21.89693 ], [ -102.25327, 21.89727 ], [ -102.25331, 21.89772 ], [ -102.25319, 21.89769 ], [ -102.25321, 21.89779 ], [ -102.25325, 21.89818 ], [ -102.25328, 21.89859 ], [ -102.25331, 21.89902 ], [ -102.25333, 21.89926 ], [ -102.25333, 21.89944 ], [ -102.25336, 21.89961 ], [ -102.25338, 21.89977 ], [ -102.25341, 21.89989 ], [ -102.25347, 21.90004 ], [ -102.25359, 21.90028 ], [ -102.25412, 21.9014 ], [ -102.2543, 21.90181 ], [ -102.25385, 21.90193 ], [ -102.25344, 21.90203 ], [ -102.25302, 21.90214 ], [ -102.25264, 21.90224 ], [ -102.25217, 21.90236 ], [ -102.25135, 21.90264 ], [ -102.25079, 21.90282 ], [ -102.24988, 21.90312 ], [ -102.24962, 21.9032 ], [ -102.24903, 21.90339 ], [ -102.24848, 21.90357 ], [ -102.24808, 21.90369 ], [ -102.24752, 21.90389 ], [ -102.24717, 21.90401 ], [ -102.24709, 21.90404 ], [ -102.24673, 21.90415 ], [ -102.24644, 21.90423 ], [ -102.24615, 21.90429 ], [ -102.24591, 21.90434 ], [ -102.24577, 21.90437 ], [ -102.24558, 21.9044 ], [ -102.24541, 21.90444 ], [ -102.24514, 21.90449 ], [ -102.24498, 21.90453 ], [ -102.24468, 21.90459 ], [ -102.24429, 21.90469 ], [ -102.24413, 21.90474 ], [ -102.24403, 21.90478 ], [ -102.24372, 21.90494 ], [ -102.24347, 21.90509 ], [ -102.24327, 21.90521 ], [ -102.24322, 21.90524 ], [ -102.24307, 21.90532 ], [ -102.24303, 21.90534 ], [ -102.24295, 21.90538 ], [ -102.24288, 21.90542 ], [ -102.24287, 21.90542 ], [ -102.24293, 21.90552 ], [ -102.24298, 21.9056 ], [ -102.24308, 21.90574 ], [ -102.24314, 21.90585 ], [ -102.24328, 21.90617 ], [ -102.24337, 21.90649 ], [ -102.24338, 21.90653 ], [ -102.24347, 21.90683 ], [ -102.2435, 21.90717 ], [ -102.24351, 21.90732 ], [ -102.24352, 21.90771 ], [ -102.24351, 21.90781 ], [ -102.24349, 21.90805 ], [ -102.24341, 21.9084 ], [ -102.24331, 21.90873 ], [ -102.2432, 21.90907 ], [ -102.24306, 21.90943 ], [ -102.24301, 21.90963 ], [ -102.24297, 21.90979 ], [ -102.24294, 21.90998 ], [ -102.24293, 21.91015 ], [ -102.24292, 21.91026 ], [ -102.24292, 21.9104 ], [ -102.24292, 21.91048 ], [ -102.24292, 21.91083 ], [ -102.24291, 21.91101 ], [ -102.24291, 21.91112 ], [ -102.24291, 21.91119 ], [ -102.24291, 21.91127 ], [ -102.24289, 21.91137 ], [ -102.24288, 21.91138 ], [ -102.24286, 21.91149 ], [ -102.24277, 21.91173 ], [ -102.24273, 21.9118 ], [ -102.24252, 21.91207 ], [ -102.24237, 21.91222 ], [ -102.24198, 21.91262 ], [ -102.24192, 21.91269 ], [ -102.24182, 21.91278 ], [ -102.24188, 21.91283 ], [ -102.24192, 21.91287 ], [ -102.24207, 21.91301 ], [ -102.24222, 21.91313 ], [ -102.24237, 21.91326 ], [ -102.24251, 21.91337 ], [ -102.2427, 21.91353 ], [ -102.24279, 21.9136 ], [ -102.24303, 21.9138 ], [ -102.24331, 21.91404 ], [ -102.24337, 21.91409 ], [ -102.24346, 21.9141 ], [ -102.24355, 21.91411 ], [ -102.2437, 21.91413 ], [ -102.24383, 21.91415 ], [ -102.24489, 21.91421 ], [ -102.24516, 21.91423 ], [ -102.24536, 21.91425 ], [ -102.24536, 21.91549 ], [ -102.24538, 21.91554 ], [ -102.2454, 21.91555 ], [ -102.24553, 21.91555 ], [ -102.24552, 21.91592 ], [ -102.24548, 21.91652 ], [ -102.24546, 21.91686 ], [ -102.24546, 21.91701 ], [ -102.24545, 21.91708 ], [ -102.24546, 21.91714 ], [ -102.24547, 21.91719 ], [ -102.24548, 21.91721 ], [ -102.2455, 21.91728 ], [ -102.24553, 21.91736 ], [ -102.24564, 21.91739 ], [ -102.24573, 21.91727 ], [ -102.2458, 21.9172 ], [ -102.2459, 21.91706 ], [ -102.24616, 21.91671 ], [ -102.24649, 21.91623 ], [ -102.24764, 21.91639 ], [ -102.24766, 21.91639 ], [ -102.2477, 21.91641 ], [ -102.24866, 21.91676 ], [ -102.24884, 21.91631 ], [ -102.2492, 21.91587 ], [ -102.24971, 21.9155 ], [ -102.25022, 21.91514 ], [ -102.25073, 21.91477 ], [ -102.25124, 21.91444 ], [ -102.25174, 21.91405 ], [ -102.25221, 21.9137 ], [ -102.25257, 21.91381 ], [ -102.25279, 21.91375 ], [ -102.25229, 21.9126 ], [ -102.25217, 21.91229 ], [ -102.25256, 21.91211 ], [ -102.25259, 21.9121 ], [ -102.25308, 21.91186 ], [ -102.25327, 21.91174 ], [ -102.25338, 21.91167 ], [ -102.25349, 21.91157 ], [ -102.25357, 21.91151 ], [ -102.25359, 21.91147 ], [ -102.25363, 21.91143 ], [ -102.25368, 21.91134 ], [ -102.25369, 21.91131 ], [ -102.25371, 21.91126 ], [ -102.25374, 21.91114 ], [ -102.25374, 21.91102 ], [ -102.25373, 21.91097 ], [ -102.25372, 21.91092 ], [ -102.25368, 21.91077 ], [ -102.25363, 21.91058 ], [ -102.2536, 21.91048 ], [ -102.25357, 21.9104 ], [ -102.25351, 21.91019 ], [ -102.25346, 21.91002 ], [ -102.25345, 21.90996 ], [ -102.25344, 21.90991 ], [ -102.25345, 21.90986 ], [ -102.25346, 21.90981 ], [ -102.25348, 21.90976 ], [ -102.25351, 21.90973 ], [ -102.25356, 21.90969 ], [ -102.25363, 21.90964 ], [ -102.25368, 21.90962 ], [ -102.25375, 21.9096 ], [ -102.25381, 21.90958 ], [ -102.25392, 21.90955 ], [ -102.25405, 21.9095 ], [ -102.25416, 21.90947 ], [ -102.25429, 21.90941 ], [ -102.25441, 21.90935 ], [ -102.25456, 21.90926 ], [ -102.25481, 21.90912 ], [ -102.25484, 21.90911 ], [ -102.25488, 21.90908 ], [ -102.2549, 21.90908 ], [ -102.25491, 21.90908 ], [ -102.25492, 21.90908 ], [ -102.25493, 21.90908 ], [ -102.25494, 21.90908 ], [ -102.25511, 21.90901 ], [ -102.25512, 21.909 ], [ -102.25536, 21.90887 ], [ -102.25548, 21.9088 ], [ -102.25556, 21.90875 ], [ -102.25569, 21.90868 ], [ -102.25581, 21.90859 ], [ -102.25587, 21.90854 ], [ -102.25593, 21.90847 ], [ -102.25598, 21.90841 ], [ -102.25604, 21.90834 ], [ -102.25611, 21.90821 ], [ -102.25616, 21.90811 ], [ -102.25618, 21.90806 ], [ -102.2562, 21.90801 ], [ -102.25621, 21.90796 ], [ -102.25628, 21.90773 ], [ -102.25632, 21.90763 ], [ -102.25636, 21.90756 ], [ -102.25643, 21.90744 ], [ -102.25649, 21.90738 ], [ -102.25649, 21.90737 ], [ -102.25661, 21.90725 ], [ -102.25667, 21.90721 ], [ -102.25673, 21.90718 ], [ -102.25688, 21.90713 ], [ -102.25695, 21.90711 ], [ -102.25707, 21.90726 ], [ -102.25712, 21.90732 ], [ -102.25763, 21.90792 ], [ -102.25778, 21.90808 ], [ -102.25786, 21.90816 ], [ -102.2581, 21.90843 ], [ -102.25821, 21.90855 ], [ -102.25846, 21.90881 ], [ -102.2586, 21.90896 ], [ -102.25864, 21.909 ], [ -102.25906, 21.90951 ], [ -102.25914, 21.9096 ], [ -102.2594, 21.91003 ], [ -102.25951, 21.91023 ], [ -102.25962, 21.91046 ], [ -102.25992, 21.91121 ], [ -102.26, 21.91145 ], [ -102.26014, 21.91186 ], [ -102.26017, 21.91196 ], [ -102.26023, 21.91215 ], [ -102.26028, 21.9123 ], [ -102.26034, 21.9125 ], [ -102.2605, 21.91245 ], [ -102.26058, 21.91242 ], [ -102.26096, 21.91231 ], [ -102.26135, 21.9122 ], [ -102.26174, 21.91209 ], [ -102.26212, 21.91198 ], [ -102.2625, 21.91187 ], [ -102.26268, 21.91181 ], [ -102.26288, 21.91176 ], [ -102.26327, 21.91165 ], [ -102.26366, 21.91153 ], [ -102.26405, 21.91141 ], [ -102.26446, 21.9113 ], [ -102.26483, 21.91119 ], [ -102.26523, 21.91106 ], [ -102.26562, 21.91095 ], [ -102.26587, 21.91089 ], [ -102.26595, 21.91121 ], [ -102.26601, 21.91138 ], [ -102.2661, 21.91157 ], [ -102.26619, 21.91177 ], [ -102.26625, 21.91192 ], [ -102.26634, 21.91214 ], [ -102.26638, 21.91227 ], [ -102.2664, 21.91231 ], [ -102.26641, 21.91243 ], [ -102.26708, 21.91212 ], [ -102.26726, 21.91204 ], [ -102.26743, 21.91196 ], [ -102.26761, 21.91188 ], [ -102.26775, 21.91182 ], [ -102.26827, 21.91158 ], [ -102.26858, 21.91144 ], [ -102.26865, 21.91141 ], [ -102.26876, 21.91136 ], [ -102.26891, 21.91127 ], [ -102.2691, 21.91116 ], [ -102.2693, 21.91102 ], [ -102.2694, 21.91094 ], [ -102.26973, 21.91065 ], [ -102.26999, 21.91041 ], [ -102.27056, 21.90992 ], [ -102.27061, 21.90989 ], [ -102.27064, 21.90989 ], [ -102.27066, 21.90988 ], [ -102.27068, 21.90988 ], [ -102.2707, 21.90987 ], [ -102.27071, 21.90985 ], [ -102.27072, 21.90984 ], [ -102.27073, 21.90981 ], [ -102.27073, 21.90979 ], [ -102.27073, 21.90977 ], [ -102.27099, 21.90961 ], [ -102.27137, 21.90941 ], [ -102.27139, 21.90939 ], [ -102.27216, 21.90903 ], [ -102.27226, 21.90899 ], [ -102.27235, 21.90894 ], [ -102.27255, 21.90883 ], [ -102.2727, 21.90875 ], [ -102.2728, 21.90861 ], [ -102.27286, 21.90858 ], [ -102.27289, 21.90857 ], [ -102.27292, 21.90856 ], [ -102.27301, 21.90855 ], [ -102.27316, 21.90853 ], [ -102.27369, 21.90846 ], [ -102.27407, 21.90841 ], [ -102.27414, 21.9084 ], [ -102.27419, 21.90839 ], [ -102.27424, 21.90837 ], [ -102.27428, 21.90835 ], [ -102.27433, 21.90833 ], [ -102.2744, 21.90828 ], [ -102.27449, 21.90822 ], [ -102.2746, 21.90816 ], [ -102.27471, 21.9081 ], [ -102.27495, 21.90802 ], [ -102.27502, 21.90799 ], [ -102.27522, 21.90792 ], [ -102.27552, 21.90782 ], [ -102.27595, 21.90768 ], [ -102.2766, 21.90746 ], [ -102.2774, 21.9072 ], [ -102.27855, 21.90683 ], [ -102.27892, 21.90671 ], [ -102.27978, 21.90641 ], [ -102.28025, 21.90625 ], [ -102.28071, 21.90611 ], [ -102.28129, 21.90592 ], [ -102.2818, 21.90575 ], [ -102.28201, 21.90568 ], [ -102.28279, 21.90542 ], [ -102.28336, 21.90523 ], [ -102.28399, 21.90501 ], [ -102.28439, 21.90489 ], [ -102.28456, 21.90515 ], [ -102.28459, 21.90521 ], [ -102.28519, 21.9062 ], [ -102.28529, 21.90638 ], [ -102.28532, 21.90642 ], [ -102.28536, 21.90648 ], [ -102.28547, 21.90661 ], [ -102.28565, 21.90684 ], [ -102.28604, 21.90723 ], [ -102.28632, 21.9075 ], [ -102.28643, 21.90764 ], [ -102.28652, 21.90773 ], [ -102.2866, 21.90778 ], [ -102.28669, 21.90784 ], [ -102.28679, 21.90788 ], [ -102.28682, 21.90789 ], [ -102.28683, 21.90789 ], [ -102.28697, 21.9079 ], [ -102.28706, 21.90791 ], [ -102.28733, 21.90792 ], [ -102.28741, 21.90795 ], [ -102.28744, 21.90796 ], [ -102.28745, 21.90796 ], [ -102.28747, 21.90797 ], [ -102.28751, 21.90797 ], [ -102.28766, 21.90797 ], [ -102.28852, 21.90798 ], [ -102.28923, 21.90798 ], [ -102.28999, 21.90797 ], [ -102.29039, 21.90797 ], [ -102.29058, 21.90854 ], [ -102.29076, 21.90905 ], [ -102.29088, 21.9094 ], [ -102.29106, 21.90999 ], [ -102.29111, 21.91013 ], [ -102.29134, 21.91066 ], [ -102.29143, 21.91091 ], [ -102.29164, 21.91153 ], [ -102.29193, 21.91235 ], [ -102.29194, 21.91237 ], [ -102.29195, 21.91239 ], [ -102.29196, 21.91241 ], [ -102.29198, 21.91244 ], [ -102.29205, 21.91252 ], [ -102.29204, 21.91285 ], [ -102.29204, 21.91296 ], [ -102.29198, 21.91306 ], [ -102.29196, 21.91314 ], [ -102.29195, 21.91326 ], [ -102.29194, 21.91336 ], [ -102.2919, 21.91405 ], [ -102.29183, 21.91494 ], [ -102.29182, 21.91511 ], [ -102.29181, 21.91535 ], [ -102.29181, 21.91541 ], [ -102.2918, 21.91548 ], [ -102.291701, 21.917872 ], [ -102.291612, 21.920591 ], [ -102.29156, 21.921045 ], [ -102.291506, 21.921445 ], [ -102.291432, 21.922985 ], [ -102.291376, 21.924441 ], [ -102.291366, 21.925321 ], [ -102.291443, 21.925445 ], [ -102.291671, 21.925519 ], [ -102.291978, 21.925541 ], [ -102.293074, 21.92548 ], [ -102.294032, 21.925445 ], [ -102.294263, 21.925464 ], [ -102.294515, 21.925454 ], [ -102.297989, 21.925274 ], [ -102.300967, 21.925089 ], [ -102.303656, 21.924927 ], [ -102.305579, 21.924806 ], [ -102.308491, 21.924646 ], [ -102.310804, 21.924504 ], [ -102.313001, 21.924399 ], [ -102.31492, 21.924248 ], [ -102.315274, 21.92419 ], [ -102.315707, 21.924166 ], [ -102.316736, 21.924232 ], [ -102.316979, 21.924272 ], [ -102.317246, 21.924313 ], [ -102.317426, 21.924319 ], [ -102.317528, 21.924236 ], [ -102.317541, 21.924108 ], [ -102.317492, 21.923984 ], [ -102.316601, 21.922298 ], [ -102.316012, 21.921192 ], [ -102.315441, 21.920143 ], [ -102.315112, 21.919526 ], [ -102.314762, 21.918726 ], [ -102.31384, 21.91654 ], [ -102.3138, 21.91646 ], [ -102.31376, 21.91638 ], [ -102.31373, 21.91629 ], [ -102.31367, 21.91611 ], [ -102.31327, 21.91513 ], [ -102.3132, 21.91496 ], [ -102.31309, 21.91467 ], [ -102.31303, 21.91455 ], [ -102.31289, 21.91417 ], [ -102.31274, 21.91375 ], [ -102.3127, 21.91365 ], [ -102.31219, 21.91232 ], [ -102.31214, 21.91219 ], [ -102.31202, 21.91193 ], [ -102.31185, 21.91154 ], [ -102.31177, 21.91136 ], [ -102.31168, 21.91113 ], [ -102.31087, 21.90939 ], [ -102.31118, 21.9094 ], [ -102.31213, 21.90942 ], [ -102.31262, 21.90943 ], [ -102.31333, 21.90946 ], [ -102.31378, 21.90947 ] ] } },
{ "type": "Feature", "properties": { "route_id": "R_46", "route_short_name": "R46", "route_long_name": "R-46", "route_km": 23.984481753885806, "n_stops": 80, "straight_line_km": 13.835149957558473, "connects_to_existing": true, "total_score": 0.12585369147147246, "pareto_rank": 3, "feasible": true, "flag": "Indirect", "detour_ratio": 1.734, "n_served_agebs": 37, "f1_demand_gain": 0.0037773337746083427, "f3_equity": 0.28778815591698331 }, "geometry": { "type": "LineString", "coordinates": [ [ -102.186115, 21.819567 ], [ -102.186193, 21.819543 ], [ -102.18622, 21.819942 ], [ -102.186324, 21.820367 ], [ -102.186444, 21.820896 ], [ -102.186478, 21.82119 ], [ -102.186421, 21.821444 ], [ -102.18629, 21.821952 ], [ -102.186246, 21.822181 ], [ -102.186269, 21.82238 ], [ -102.186339, 21.822614 ], [ -102.186481, 21.822979 ], [ -102.186602, 21.823297 ], [ -102.186719, 21.823585 ], [ -102.187, 21.823949 ], [ -102.187257, 21.824271 ], [ -102.18741, 21.82445 ], [ -102.18746, 21.82449 ], [ -102.18752, 21.82452 ], [ -102.18757, 21.82454 ], [ -102.18762, 21.82456 ], [ -102.1878, 21.82459 ], [ -102.187854, 21.824609 ], [ -102.188101, 21.824792 ], [ -102.18855, 21.825127 ], [ -102.188772, 21.825283 ], [ -102.188886, 21.82537 ], [ -102.18905, 21.82547 ], [ -102.18907, 21.82548 ], [ -102.18907, 21.8255 ], [ -102.18907, 21.82551 ], [ -102.18907, 21.82552 ], [ -102.18907, 21.82554 ], [ -102.18905, 21.82557 ], [ -102.18898, 21.82572 ], [ -102.18889, 21.82596 ], [ -102.18879, 21.82621 ], [ -102.18875, 21.82631 ], [ -102.18871, 21.82642 ], [ -102.18869, 21.82656 ], [ -102.18868, 21.82668 ], [ -102.18868, 21.82677 ], [ -102.18866, 21.82694 ], [ -102.18866, 21.82714 ], [ -102.18867, 21.82719 ], [ -102.18868, 21.82737 ], [ -102.1887, 21.82755 ], [ -102.18874, 21.82775 ], [ -102.18877, 21.82789 ], [ -102.18877, 21.82793 ], [ -102.18878, 21.82802 ], [ -102.18878, 21.82811 ], [ -102.18875, 21.82821 ], [ -102.18861, 21.82865 ], [ -102.1885, 21.82902 ], [ -102.1884, 21.82937 ], [ -102.18837, 21.82947 ], [ -102.18836, 21.82953 ], [ -102.18836, 21.82958 ], [ -102.18835, 21.82968 ], [ -102.18836, 21.82978 ], [ -102.18838, 21.82987 ], [ -102.18838, 21.82989 ], [ -102.18841, 21.82998 ], [ -102.18842, 21.83002 ], [ -102.18853, 21.83032 ], [ -102.18871, 21.83076 ], [ -102.18878, 21.83093 ], [ -102.18885, 21.8311 ], [ -102.1889, 21.83123 ], [ -102.18897, 21.8314 ], [ -102.18904, 21.83159 ], [ -102.18907, 21.83166 ], [ -102.18919, 21.832 ], [ -102.18926, 21.83217 ], [ -102.18965, 21.83322 ], [ -102.18984, 21.8337 ], [ -102.19001, 21.83415 ], [ -102.19009, 21.83434 ], [ -102.1902, 21.83464 ], [ -102.19073, 21.83599 ], [ -102.19076, 21.83605 ], [ -102.1908, 21.83616 ], [ -102.19098, 21.8366 ], [ -102.19112, 21.83696 ], [ -102.19134, 21.83748 ], [ -102.1914, 21.83768 ], [ -102.19145, 21.83785 ], [ -102.19147, 21.83797 ], [ -102.19148, 21.83803 ], [ -102.19148, 21.83806 ], [ -102.19147, 21.83816 ], [ -102.19146, 21.83821 ], [ -102.19141, 21.83842 ], [ -102.19115, 21.83916 ], [ -102.19114, 21.8392 ], [ -102.19108, 21.83937 ], [ -102.19102, 21.83956 ], [ -102.190864, 21.840014 ], [ -102.19079, 21.84024 ], [ -102.1905, 21.8411 ], [ -102.19028, 21.84176 ], [ -102.19012, 21.84218 ], [ -102.189984, 21.842584 ], [ -102.189645, 21.84357 ], [ -102.189526, 21.843898 ], [ -102.1894, 21.844299 ], [ -102.18881, 21.84611 ], [ -102.18858, 21.84673 ], [ -102.1885, 21.84698 ], [ -102.18847, 21.84708 ], [ -102.18841, 21.84725 ], [ -102.18835, 21.84743 ], [ -102.18829, 21.84763 ], [ -102.18812, 21.84814 ], [ -102.18778, 21.84913 ], [ -102.18765, 21.84951 ], [ -102.187685, 21.849628 ], [ -102.18783, 21.84974 ], [ -102.18942, 21.85025 ], [ -102.18994, 21.8504 ], [ -102.19053, 21.85058 ], [ -102.19072, 21.85064 ], [ -102.19091, 21.8507 ], [ -102.19116, 21.85078 ], [ -102.19261, 21.85125 ], [ -102.19262, 21.85125 ], [ -102.1984, 21.85313 ], [ -102.2006, 21.85384 ], [ -102.2023, 21.8544 ], [ -102.2025, 21.85446 ], [ -102.20285, 21.85457 ], [ -102.20339, 21.85472 ], [ -102.20503, 21.85522 ], [ -102.20697, 21.85589 ], [ -102.20777, 21.85617 ], [ -102.20791, 21.85621 ], [ -102.2089, 21.85655 ], [ -102.20905, 21.85659 ], [ -102.21041, 21.85703 ], [ -102.21172, 21.85748 ], [ -102.21191, 21.85754 ], [ -102.21196, 21.85756 ], [ -102.21256, 21.85775 ], [ -102.21298, 21.85788 ], [ -102.21667, 21.85909 ], [ -102.21688, 21.85917 ], [ -102.21705, 21.85923 ], [ -102.2181, 21.85956 ], [ -102.21907, 21.85988 ], [ -102.21984, 21.86011 ], [ -102.22052, 21.8603 ], [ -102.22064, 21.86032 ], [ -102.22079, 21.86036 ], [ -102.22135, 21.86048 ], [ -102.22171, 21.86056 ], [ -102.22222, 21.86068 ], [ -102.22243, 21.86072 ], [ -102.22254, 21.86074 ], [ -102.22316, 21.8609 ], [ -102.22321, 21.86092 ], [ -102.22417, 21.86114 ], [ -102.22522, 21.8614 ], [ -102.22526, 21.86141 ], [ -102.22654, 21.86171 ], [ -102.22661, 21.86173 ], [ -102.2268, 21.86178 ], [ -102.22717, 21.86188 ], [ -102.227477, 21.861978 ], [ -102.227678, 21.862049 ], [ -102.227704, 21.862103 ], [ -102.227704, 21.862113 ], [ -102.227748, 21.862183 ], [ -102.227923, 21.862235 ], [ -102.228093, 21.862323 ], [ -102.228309, 21.862422 ], [ -102.228853, 21.862618 ], [ -102.229076, 21.862691 ], [ -102.22923, 21.862746 ], [ -102.229304, 21.862855 ], [ -102.229218, 21.863032 ], [ -102.229185, 21.863093 ], [ -102.229021, 21.863083 ], [ -102.228865, 21.863052 ], [ -102.22869, 21.863004 ], [ -102.227847, 21.86273 ], [ -102.227572, 21.862625 ], [ -102.227422, 21.862567 ], [ -102.227366, 21.862519 ], [ -102.227287, 21.862489 ], [ -102.227197, 21.862557 ], [ -102.227196, 21.862659 ], [ -102.227252, 21.862707 ], [ -102.227365, 21.86269 ], [ -102.227463, 21.862692 ], [ -102.227593, 21.86273 ], [ -102.228594, 21.863066 ], [ -102.228721, 21.863107 ], [ -102.228817, 21.863178 ], [ -102.228922, 21.863251 ], [ -102.229131, 21.863349 ], [ -102.229252, 21.863339 ], [ -102.229324, 21.863226 ], [ -102.229417, 21.862958 ], [ -102.229466, 21.862865 ], [ -102.229594, 21.862869 ], [ -102.229723, 21.862897 ], [ -102.229974, 21.862913 ], [ -102.230104, 21.862951 ], [ -102.2302, 21.86291 ], [ -102.23088, 21.86312 ], [ -102.23174, 21.86343 ], [ -102.23246, 21.86368 ], [ -102.23278, 21.86379 ], [ -102.23367, 21.86409 ], [ -102.23463, 21.86442 ], [ -102.23504, 21.86457 ], [ -102.23551, 21.86473 ], [ -102.2368, 21.86517 ], [ -102.23733, 21.86535 ], [ -102.23777, 21.8655 ], [ -102.23839, 21.86572 ], [ -102.23939, 21.86606 ], [ -102.23976, 21.86618 ], [ -102.24091, 21.86658 ], [ -102.24131, 21.86672 ], [ -102.24166, 21.86685 ], [ -102.24324, 21.86736 ], [ -102.24355, 21.86748 ], [ -102.24396, 21.86764 ], [ -102.24433, 21.86776 ], [ -102.24443, 21.86779 ], [ -102.24455, 21.86783 ], [ -102.24462, 21.86785 ], [ -102.245, 21.86798 ], [ -102.24522, 21.86805 ], [ -102.24561, 21.8682 ], [ -102.24608, 21.86841 ], [ -102.2464, 21.86858 ], [ -102.24664, 21.86874 ], [ -102.24746, 21.86921 ], [ -102.24812, 21.86961 ], [ -102.24816, 21.86963 ], [ -102.2484, 21.8698 ], [ -102.24911, 21.87023 ], [ -102.24927, 21.87032 ], [ -102.24971, 21.87059 ], [ -102.24992, 21.87072 ], [ -102.24998, 21.87076 ], [ -102.25016, 21.87088 ], [ -102.25036, 21.87099 ], [ -102.25042, 21.87103 ], [ -102.25052, 21.87109 ], [ -102.25076, 21.87122 ], [ -102.25109, 21.87141 ], [ -102.25112, 21.87143 ], [ -102.25141, 21.8716 ], [ -102.25152, 21.87168 ], [ -102.25178, 21.87183 ], [ -102.25213, 21.87202 ], [ -102.25224, 21.8721 ], [ -102.25256, 21.8723 ], [ -102.25258, 21.87232 ], [ -102.25317, 21.87268 ], [ -102.25407, 21.87335 ], [ -102.25436, 21.87355 ], [ -102.25467, 21.87379 ], [ -102.25501, 21.87404 ], [ -102.25513, 21.87412 ], [ -102.25514, 21.87413 ], [ -102.25526, 21.87423 ], [ -102.2557, 21.87455 ], [ -102.2561, 21.87485 ], [ -102.25688, 21.87539 ], [ -102.25704, 21.8755 ], [ -102.25721, 21.87561 ], [ -102.25739, 21.87574 ], [ -102.25753, 21.87584 ], [ -102.25965, 21.87739 ], [ -102.25969, 21.87742 ], [ -102.26003, 21.8777 ], [ -102.26039, 21.87798 ], [ -102.26079, 21.87826 ], [ -102.26151, 21.87873 ], [ -102.26172, 21.87888 ], [ -102.26194, 21.87904 ], [ -102.26202, 21.8791 ], [ -102.26223, 21.87925 ], [ -102.26236, 21.87935 ], [ -102.26249, 21.87945 ], [ -102.2626, 21.87953 ], [ -102.26277, 21.87965 ], [ -102.26338, 21.88008 ], [ -102.26368, 21.88029 ], [ -102.26419, 21.88065 ], [ -102.2644, 21.88081 ], [ -102.26453, 21.8809 ], [ -102.26489, 21.88114 ], [ -102.26516, 21.88129 ], [ -102.26531, 21.88138 ], [ -102.26546, 21.88147 ], [ -102.26568, 21.8816 ], [ -102.26592, 21.88174 ], [ -102.26714, 21.88243 ], [ -102.26765, 21.88274 ], [ -102.26777, 21.88282 ], [ -102.26778, 21.88283 ], [ -102.26802, 21.88298 ], [ -102.26808, 21.88301 ], [ -102.26817, 21.88307 ], [ -102.26833, 21.88317 ], [ -102.26975, 21.88396 ], [ -102.26979, 21.88399 ], [ -102.26986, 21.88404 ], [ -102.26987, 21.88406 ], [ -102.2699, 21.88411 ], [ -102.26992, 21.88416 ], [ -102.26996, 21.88426 ], [ -102.26999, 21.88434 ], [ -102.27002, 21.8844 ], [ -102.27006, 21.88446 ], [ -102.27012, 21.88453 ], [ -102.27035, 21.8845 ], [ -102.27058, 21.88447 ], [ -102.2716, 21.88434 ], [ -102.27161, 21.88433 ], [ -102.27221, 21.88424 ], [ -102.27242, 21.88421 ], [ -102.27249, 21.8842 ], [ -102.2725, 21.8842 ], [ -102.27263, 21.88418 ], [ -102.2727, 21.88417 ], [ -102.273, 21.88413 ], [ -102.27444, 21.88394 ], [ -102.27452, 21.88392 ], [ -102.27536, 21.8838 ], [ -102.27618, 21.88371 ], [ -102.27647, 21.88367 ], [ -102.27657, 21.88362 ], [ -102.27667, 21.88359 ], [ -102.27682, 21.88354 ], [ -102.27717, 21.8835 ], [ -102.27741, 21.88345 ], [ -102.27755, 21.88342 ], [ -102.2777, 21.88338 ], [ -102.27783, 21.88334 ], [ -102.27796, 21.88328 ], [ -102.27807, 21.88324 ], [ -102.27819, 21.88321 ], [ -102.2783, 21.88319 ], [ -102.27839, 21.88318 ], [ -102.2785, 21.88317 ], [ -102.27859, 21.88315 ], [ -102.2788, 21.88311 ], [ -102.27881, 21.88311 ], [ -102.27882, 21.88311 ], [ -102.27897, 21.88308 ], [ -102.27918, 21.88304 ], [ -102.27932, 21.88301 ], [ -102.27939, 21.883 ], [ -102.27947, 21.88299 ], [ -102.28045, 21.88289 ], [ -102.28075, 21.88284 ], [ -102.28085, 21.88283 ], [ -102.28093, 21.88281 ], [ -102.28129, 21.88275 ], [ -102.28195, 21.88272 ], [ -102.28226, 21.88267 ], [ -102.28237, 21.88265 ], [ -102.28258, 21.88263 ], [ -102.2829, 21.88257 ], [ -102.2837, 21.88247 ], [ -102.28404, 21.88243 ], [ -102.28405, 21.88244 ], [ -102.28405, 21.88245 ], [ -102.28405, 21.88246 ], [ -102.28406, 21.88246 ], [ -102.28406, 21.88247 ], [ -102.28406, 21.88248 ], [ -102.28407, 21.88248 ], [ -102.28407, 21.88249 ], [ -102.28408, 21.8825 ], [ -102.28409, 21.88251 ], [ -102.2841, 21.88252 ], [ -102.28411, 21.88253 ], [ -102.28412, 21.88253 ], [ -102.28413, 21.88254 ], [ -102.28414, 21.88254 ], [ -102.2842, 21.88257 ], [ -102.28422, 21.88258 ], [ -102.28424, 21.88259 ], [ -102.28425, 21.88259 ], [ -102.28426, 21.88259 ], [ -102.28427, 21.88259 ], [ -102.28428, 21.8826 ], [ -102.2843, 21.8826 ], [ -102.28483, 21.88333 ], [ -102.28515, 21.88376 ], [ -102.28539, 21.88408 ], [ -102.28569, 21.88399 ], [ -102.28632, 21.8838 ], [ -102.2871, 21.88358 ], [ -102.28723, 21.88397 ], [ -102.28748, 21.88468 ], [ -102.28753, 21.88482 ], [ -102.28764, 21.88516 ], [ -102.28809, 21.88652 ], [ -102.28831, 21.88718 ], [ -102.2887, 21.88837 ], [ -102.28877, 21.88857 ], [ -102.2889, 21.88894 ], [ -102.2889, 21.88897 ], [ -102.28908, 21.88951 ], [ -102.28911, 21.88958 ], [ -102.28914, 21.88968 ], [ -102.28932, 21.88956 ], [ -102.28947, 21.88945 ], [ -102.2896, 21.88935 ], [ -102.28969, 21.88926 ], [ -102.29007, 21.88895 ], [ -102.29073, 21.88843 ], [ -102.29133, 21.88798 ], [ -102.2918, 21.88762 ], [ -102.29234, 21.8872 ], [ -102.29249, 21.88709 ], [ -102.29266, 21.88696 ], [ -102.29407, 21.88587 ], [ -102.29426, 21.88572 ], [ -102.29434, 21.88565 ], [ -102.29441, 21.88558 ], [ -102.29457, 21.88547 ], [ -102.29466, 21.88541 ], [ -102.29506, 21.88518 ], [ -102.29551, 21.88495 ], [ -102.29569, 21.88485 ], [ -102.29531, 21.88407 ], [ -102.295267, 21.883749 ], [ -102.295059, 21.883038 ], [ -102.294994, 21.882862 ], [ -102.294819, 21.882245 ], [ -102.29456, 21.88148 ], [ -102.2944, 21.88086 ], [ -102.2944, 21.88083 ], [ -102.29438, 21.88078 ], [ -102.29417, 21.88018 ], [ -102.29397, 21.8795 ], [ -102.29384, 21.87916 ], [ -102.29381, 21.87909 ], [ -102.29378, 21.87901 ], [ -102.29371, 21.87888 ], [ -102.29369, 21.8788 ], [ -102.29367, 21.87874 ], [ -102.29361, 21.87857 ], [ -102.29359, 21.87852 ], [ -102.29334, 21.87765 ], [ -102.29315, 21.87715 ], [ -102.29285, 21.8762 ], [ -102.29264, 21.87552 ], [ -102.29259, 21.87536 ], [ -102.29238, 21.87471 ], [ -102.29237, 21.87467 ], [ -102.29236, 21.87462 ], [ -102.29215, 21.87386 ], [ -102.29208, 21.87358 ], [ -102.29207, 21.87343 ], [ -102.29206, 21.87337 ], [ -102.29204, 21.87327 ], [ -102.29191, 21.87277 ], [ -102.29188, 21.87267 ], [ -102.29186, 21.87263 ], [ -102.29184, 21.87258 ], [ -102.29179, 21.87249 ], [ -102.29295, 21.87225 ], [ -102.29304, 21.87223 ], [ -102.29314, 21.87221 ], [ -102.29342, 21.87213 ], [ -102.29357, 21.87206 ], [ -102.29362, 21.87204 ], [ -102.29381, 21.87195 ], [ -102.29394, 21.87188 ], [ -102.29412, 21.87178 ], [ -102.29423, 21.87171 ], [ -102.29454, 21.87149 ], [ -102.29467, 21.87137 ], [ -102.29475, 21.87129 ], [ -102.29505, 21.87095 ], [ -102.29515, 21.8708 ], [ -102.29514, 21.87073 ], [ -102.29504, 21.87002 ], [ -102.29495, 21.86949 ], [ -102.29485, 21.86888 ], [ -102.29476, 21.86825 ], [ -102.29467, 21.86778 ], [ -102.29459, 21.86733 ], [ -102.29454, 21.86706 ], [ -102.29452, 21.86691 ], [ -102.29449, 21.86672 ], [ -102.29448, 21.86667 ], [ -102.29442, 21.8663 ], [ -102.29438, 21.86612 ], [ -102.29431, 21.86571 ], [ -102.29437, 21.86563 ], [ -102.29438, 21.86561 ], [ -102.29442, 21.86557 ], [ -102.29449, 21.86552 ], [ -102.29451, 21.86553 ], [ -102.29482, 21.86559 ], [ -102.29555, 21.86572 ], [ -102.29564, 21.86573 ], [ -102.29704, 21.86598 ], [ -102.29724, 21.86601 ], [ -102.29731, 21.86602 ], [ -102.29733, 21.86602 ], [ -102.29745, 21.86599 ], [ -102.29756, 21.86601 ], [ -102.29826, 21.86614 ], [ -102.29924, 21.86631 ], [ -102.29945, 21.86632 ], [ -102.3006, 21.86649 ], [ -102.30099, 21.86658 ], [ -102.30173, 21.86673 ], [ -102.30197, 21.86678 ], [ -102.30214, 21.86682 ], [ -102.302744, 21.866877 ], [ -102.302975, 21.866866 ], [ -102.30305, 21.866767 ], [ -102.30309, 21.86654 ], [ -102.30318, 21.86612 ], [ -102.30326, 21.86569 ], [ -102.30331, 21.86546 ], [ -102.30335, 21.86524 ], [ -102.30344, 21.86482 ], [ -102.30358, 21.86424 ], [ -102.30365, 21.86397 ], [ -102.30367, 21.86371 ], [ -102.30367, 21.86357 ], [ -102.30366, 21.86334 ], [ -102.3036, 21.86296 ], [ -102.30349, 21.86266 ], [ -102.30346, 21.8626 ], [ -102.30337, 21.86243 ], [ -102.30326, 21.86227 ], [ -102.30316, 21.86213 ], [ -102.30286, 21.86181 ], [ -102.30275, 21.86173 ], [ -102.30224, 21.86141 ], [ -102.30161, 21.86103 ], [ -102.30112, 21.86078 ], [ -102.30107, 21.86068 ], [ -102.30105, 21.86063 ], [ -102.30103, 21.86059 ], [ -102.30103, 21.86058 ], [ -102.30102, 21.86054 ], [ -102.30101, 21.8605 ], [ -102.30102, 21.86046 ], [ -102.30103, 21.86042 ], [ -102.30105, 21.86037 ], [ -102.3011, 21.86028 ], [ -102.30119, 21.86019 ], [ -102.30159, 21.85996 ], [ -102.30233, 21.85973 ], [ -102.3034, 21.85941 ], [ -102.30386, 21.85928 ], [ -102.30435, 21.85913 ], [ -102.30481, 21.85897 ], [ -102.30485, 21.85895 ], [ -102.30543, 21.85879 ], [ -102.30552, 21.85876 ], [ -102.30604, 21.85862 ], [ -102.30605, 21.85862 ], [ -102.30643, 21.85857 ], [ -102.30652, 21.85857 ], [ -102.30652, 21.85842 ], [ -102.30654, 21.85806 ], [ -102.30656, 21.85779 ], [ -102.30659, 21.85719 ], [ -102.30662, 21.85657 ], [ -102.30664, 21.85602 ], [ -102.30666, 21.85555 ], [ -102.30668, 21.85507 ], [ -102.30668, 21.85481 ], [ -102.30669, 21.8546 ], [ -102.3067, 21.85446 ], [ -102.3067, 21.85434 ], [ -102.30671, 21.85414 ], [ -102.30672, 21.85401 ], [ -102.30674, 21.85391 ], [ -102.30678, 21.85373 ], [ -102.30686, 21.85343 ], [ -102.30695, 21.85309 ], [ -102.30707, 21.85266 ], [ -102.30709, 21.85258 ], [ -102.30733, 21.85154 ], [ -102.30744, 21.85108 ], [ -102.30746, 21.85101 ], [ -102.30775, 21.84984 ], [ -102.30783, 21.84948 ], [ -102.30786, 21.84939 ], [ -102.30808, 21.84828 ], [ -102.3082, 21.84784 ], [ -102.30839, 21.84712 ], [ -102.30851, 21.84674 ], [ -102.3089, 21.84675 ], [ -102.30932, 21.84676 ], [ -102.30947, 21.84677 ], [ -102.30956, 21.84678 ], [ -102.30976, 21.84682 ], [ -102.31004, 21.84689 ], [ -102.3106, 21.84706 ], [ -102.31098, 21.84718 ], [ -102.31192, 21.84739 ], [ -102.31217, 21.84744 ], [ -102.31297, 21.84761 ], [ -102.3134, 21.8477 ], [ -102.31446, 21.84799 ], [ -102.31469, 21.84805 ], [ -102.31499, 21.84812 ], [ -102.31535, 21.84822 ], [ -102.316, 21.84841 ], [ -102.31631, 21.84851 ], [ -102.31665, 21.84861 ], [ -102.31695, 21.84868 ], [ -102.316881, 21.848821 ] ] } },
{ "type": "Feature", "properties": { "route_id": "R_47", "route_short_name": "R47", "route_long_name": "R-47", "route_km": 22.962037442372601, "n_stops": 86, "straight_line_km": 10.805530075801549, "connects_to_existing": true, "total_score": 0.12564612323218421, "pareto_rank": 4, "feasible": false, "flag": "Indirect", "detour_ratio": 2.125, "n_served_agebs": 34, "f1_demand_gain": 0.0039284237480776314, "f3_equity": 0.25227204601551312 }, "geometry": { "type": "LineString", "coordinates": [ [ -102.273874, 21.807497 ], [ -102.27396, 21.808054 ], [ -102.274017, 21.80842 ], [ -102.274049, 21.808591 ], [ -102.274088, 21.808671 ], [ -102.274148, 21.808732 ], [ -102.274276, 21.808773 ], [ -102.276041, 21.809059 ], [ -102.276438, 21.809099 ], [ -102.276537, 21.809005 ], [ -102.276538, 21.808832 ], [ -102.27652, 21.80827 ], [ -102.276464, 21.80609 ], [ -102.276453, 21.805485 ], [ -102.276403, 21.80538 ], [ -102.276348, 21.805341 ], [ -102.276024, 21.805297 ], [ -102.273746, 21.804896 ], [ -102.272505, 21.804657 ], [ -102.271486, 21.804506 ], [ -102.27128, 21.804468 ], [ -102.271167, 21.804477 ], [ -102.270983, 21.804514 ], [ -102.270842, 21.804602 ], [ -102.2706, 21.804839 ], [ -102.269026, 21.806358 ], [ -102.268802, 21.806469 ], [ -102.268449, 21.806543 ], [ -102.268131, 21.806495 ], [ -102.267756, 21.806421 ], [ -102.267631, 21.806385 ], [ -102.267576, 21.806301 ], [ -102.267465, 21.806228 ], [ -102.267307, 21.806223 ], [ -102.267175, 21.806275 ], [ -102.267077, 21.806403 ], [ -102.267074, 21.806518 ], [ -102.26705, 21.806745 ], [ -102.266372, 21.809461 ], [ -102.266296, 21.809538 ], [ -102.266175, 21.809552 ], [ -102.266006, 21.809519 ], [ -102.265738, 21.809474 ], [ -102.265454, 21.809415 ], [ -102.265055, 21.809346 ], [ -102.264818, 21.809311 ], [ -102.264494, 21.809276 ], [ -102.264192, 21.809238 ], [ -102.263621, 21.809176 ], [ -102.263261, 21.808913 ], [ -102.263174, 21.808806 ], [ -102.263172, 21.808414 ], [ -102.263067, 21.808234 ], [ -102.262896, 21.808218 ], [ -102.2628, 21.808328 ], [ -102.262717, 21.808828 ], [ -102.262686, 21.809057 ], [ -102.262427, 21.811624 ], [ -102.262079, 21.815245 ], [ -102.262, 21.816386 ], [ -102.26197, 21.816721 ], [ -102.261933, 21.81718 ], [ -102.26193, 21.817262 ], [ -102.261927, 21.817343 ], [ -102.261943, 21.81743 ], [ -102.261986, 21.817492 ], [ -102.262072, 21.817597 ], [ -102.262265, 21.817809 ], [ -102.262582, 21.818151 ], [ -102.262811, 21.818392 ], [ -102.263073, 21.818681 ], [ -102.263538, 21.819206 ], [ -102.264498, 21.820379 ], [ -102.26518, 21.8212 ], [ -102.265348, 21.821394 ], [ -102.265552, 21.821632 ], [ -102.265687, 21.821788 ], [ -102.265815, 21.821952 ], [ -102.26594, 21.82212 ], [ -102.26624, 21.82246 ], [ -102.26662, 21.82283 ], [ -102.26687, 21.82308 ], [ -102.267083, 21.823252 ], [ -102.267262, 21.823385 ], [ -102.267385, 21.823456 ], [ -102.267471, 21.823489 ], [ -102.267599, 21.823478 ], [ -102.267783, 21.823363 ], [ -102.267867, 21.823239 ], [ -102.269471, 21.821256 ], [ -102.270054, 21.820508 ], [ -102.269902, 21.820413 ], [ -102.267826, 21.822961 ], [ -102.267696, 21.823114 ], [ -102.267527, 21.823337 ], [ -102.267507, 21.823426 ], [ -102.26753, 21.823537 ], [ -102.267572, 21.823609 ], [ -102.267676, 21.823698 ], [ -102.26777, 21.82377 ], [ -102.26794, 21.82387 ], [ -102.26818, 21.82403 ], [ -102.26838, 21.8242 ], [ -102.26844, 21.82425 ], [ -102.26852, 21.82433 ], [ -102.26861, 21.82443 ], [ -102.26874, 21.82461 ], [ -102.26878, 21.82471 ], [ -102.268838, 21.824803 ], [ -102.268866, 21.824913 ], [ -102.26889, 21.825014 ], [ -102.268905, 21.8251 ], [ -102.268932, 21.825714 ], [ -102.268951, 21.826747 ], [ -102.268828, 21.826943 ], [ -102.268845, 21.827446 ], [ -102.268961, 21.827597 ], [ -102.268994, 21.828408 ], [ -102.269, 21.829071 ], [ -102.269021, 21.830287 ], [ -102.269048, 21.831148 ], [ -102.269064, 21.832216 ], [ -102.269088, 21.833816 ], [ -102.269104, 21.83474 ], [ -102.269124, 21.835309 ], [ -102.26912, 21.835689 ], [ -102.269139, 21.836348 ], [ -102.269195, 21.839024 ], [ -102.26923, 21.840766 ], [ -102.269281, 21.84279 ], [ -102.269229, 21.842886 ], [ -102.268901, 21.842925 ], [ -102.268734, 21.842944 ], [ -102.26845, 21.84298 ], [ -102.26705, 21.84313 ], [ -102.2655, 21.84333 ], [ -102.26522, 21.84326 ], [ -102.26521, 21.84326 ], [ -102.26519, 21.84327 ], [ -102.26517, 21.84327 ], [ -102.26512, 21.84328 ], [ -102.26468, 21.84341 ], [ -102.263252, 21.843813 ], [ -102.262469, 21.84403 ], [ -102.261612, 21.844302 ], [ -102.26068, 21.84458 ], [ -102.26033, 21.84468 ], [ -102.25995, 21.84481 ], [ -102.25968, 21.84488 ], [ -102.25956, 21.84492 ], [ -102.25914, 21.84504 ], [ -102.25864, 21.84519 ], [ -102.25797, 21.84537 ], [ -102.256999, 21.845634 ], [ -102.255938, 21.845936 ], [ -102.255455, 21.846117 ], [ -102.255101, 21.846278 ], [ -102.25485, 21.84634 ], [ -102.254748, 21.846433 ], [ -102.254672, 21.846526 ], [ -102.25454, 21.84691 ], [ -102.25429, 21.8475 ], [ -102.25378, 21.84879 ], [ -102.25358, 21.8493 ], [ -102.25341, 21.84973 ], [ -102.253335, 21.849899 ], [ -102.253327, 21.850033 ], [ -102.253383, 21.850118 ], [ -102.25357, 21.85022 ], [ -102.25375, 21.85032 ], [ -102.25404, 21.85051 ], [ -102.254838, 21.851042 ], [ -102.255291, 21.851347 ], [ -102.255444, 21.85143 ], [ -102.255707, 21.851509 ], [ -102.255821, 21.851562 ], [ -102.25589, 21.851639 ], [ -102.255931, 21.851734 ], [ -102.255979, 21.851874 ], [ -102.25604, 21.85215 ], [ -102.256103, 21.852375 ], [ -102.256158, 21.852619 ], [ -102.256407, 21.853481 ], [ -102.256602, 21.854196 ], [ -102.256799, 21.854834 ], [ -102.256939, 21.855362 ], [ -102.25705, 21.85575 ], [ -102.257374, 21.856965 ], [ -102.25761, 21.8578 ], [ -102.257803, 21.858497 ], [ -102.258082, 21.859545 ], [ -102.258206, 21.86004 ], [ -102.258469, 21.861021 ], [ -102.258735, 21.862393 ], [ -102.258665, 21.862496 ], [ -102.258454, 21.862577 ], [ -102.257818, 21.862738 ], [ -102.257138, 21.86293 ], [ -102.257002, 21.862976 ], [ -102.256984, 21.86308 ], [ -102.257037, 21.863266 ], [ -102.257095, 21.863455 ], [ -102.257102, 21.863521 ], [ -102.25646, 21.864611 ], [ -102.25627, 21.864891 ], [ -102.256154, 21.865079 ], [ -102.256015, 21.865188 ], [ -102.255818, 21.865249 ], [ -102.255205, 21.865426 ], [ -102.25514, 21.865518 ], [ -102.255206, 21.86576 ], [ -102.255355, 21.866226 ], [ -102.255583, 21.866929 ], [ -102.255646, 21.867023 ], [ -102.255755, 21.867049 ], [ -102.256034, 21.867035 ], [ -102.256493, 21.866951 ], [ -102.25687, 21.866794 ], [ -102.257094, 21.86667 ], [ -102.257322, 21.866487 ], [ -102.257621, 21.866214 ], [ -102.257894, 21.865946 ], [ -102.258252, 21.865566 ], [ -102.258444, 21.865373 ], [ -102.258616, 21.86516 ], [ -102.258794, 21.864847 ], [ -102.25893, 21.864543 ], [ -102.259013, 21.864107 ], [ -102.259031, 21.863655 ], [ -102.258862, 21.862773 ], [ -102.258749, 21.86232 ], [ -102.258605, 21.861534 ], [ -102.258523, 21.861127 ], [ -102.258355, 21.860445 ], [ -102.25826, 21.860086 ], [ -102.258198, 21.859813 ], [ -102.258041, 21.859692 ], [ -102.257782, 21.859664 ], [ -102.257095, 21.859652 ], [ -102.256953, 21.859646 ], [ -102.256534, 21.859678 ], [ -102.256106, 21.859781 ], [ -102.255945, 21.859811 ], [ -102.255591, 21.859912 ], [ -102.255383, 21.859963 ], [ -102.255156, 21.860043 ], [ -102.254922, 21.860148 ], [ -102.254808, 21.860194 ], [ -102.254628, 21.860306 ], [ -102.254332, 21.860462 ], [ -102.254089, 21.860666 ], [ -102.253832, 21.860861 ], [ -102.253501, 21.861196 ], [ -102.253278, 21.861397 ], [ -102.252804, 21.862148 ], [ -102.252727, 21.86226 ], [ -102.252383, 21.863137 ], [ -102.252354, 21.863404 ], [ -102.252267, 21.864116 ], [ -102.25227, 21.864351 ], [ -102.252349, 21.865042 ], [ -102.252441, 21.865337 ], [ -102.252626, 21.865961 ], [ -102.25275, 21.866355 ], [ -102.252851, 21.86669 ], [ -102.252987, 21.86687 ], [ -102.252989, 21.866885 ], [ -102.253065, 21.867057 ], [ -102.253399, 21.868032 ], [ -102.25358, 21.86863 ], [ -102.25401, 21.86999 ], [ -102.2541, 21.87027 ], [ -102.25413, 21.87038 ], [ -102.25438, 21.87034 ], [ -102.25457, 21.8703 ], [ -102.2548, 21.87025 ], [ -102.25487, 21.87024 ], [ -102.25528, 21.87017 ], [ -102.25646, 21.86991 ], [ -102.25698, 21.86981 ], [ -102.25721, 21.86976 ], [ -102.2573, 21.86974 ], [ -102.25749, 21.86971 ], [ -102.25759, 21.86968 ], [ -102.25781, 21.86964 ], [ -102.25803, 21.86958 ], [ -102.25842, 21.86949 ], [ -102.25882, 21.86942 ], [ -102.26052, 21.86906 ], [ -102.26056, 21.86905 ], [ -102.26071, 21.86903 ], [ -102.26087, 21.86902 ], [ -102.26104, 21.86903 ], [ -102.26149, 21.86913 ], [ -102.26181, 21.8692 ], [ -102.26201, 21.86925 ], [ -102.26242, 21.86935 ], [ -102.26258, 21.8694 ], [ -102.26339, 21.86964 ], [ -102.26468, 21.86991 ], [ -102.2651, 21.86998 ], [ -102.26525, 21.87003 ], [ -102.26546, 21.8701 ], [ -102.26579, 21.87021 ], [ -102.26621, 21.87041 ], [ -102.26638, 21.87052 ], [ -102.2665, 21.8706 ], [ -102.26665, 21.8707 ], [ -102.26688, 21.87086 ], [ -102.26718, 21.87116 ], [ -102.26728, 21.87129 ], [ -102.26755, 21.87169 ], [ -102.26764, 21.87186 ], [ -102.26771, 21.87203 ], [ -102.26778, 21.87218 ], [ -102.26785, 21.87238 ], [ -102.26785, 21.87239 ], [ -102.26789, 21.87253 ], [ -102.26794, 21.87269 ], [ -102.26798, 21.87291 ], [ -102.268, 21.87306 ], [ -102.26802, 21.87323 ], [ -102.26805, 21.8735 ], [ -102.26807, 21.87371 ], [ -102.268125, 21.873792 ], [ -102.268225, 21.873829 ], [ -102.268292, 21.87382 ], [ -102.2687, 21.87376 ], [ -102.26893, 21.87374 ], [ -102.26895, 21.87374 ], [ -102.2691, 21.87372 ], [ -102.26988, 21.87371 ], [ -102.27031, 21.87369 ], [ -102.27052, 21.87368 ], [ -102.270629, 21.873744 ], [ -102.27078, 21.87389 ], [ -102.2708, 21.87398 ], [ -102.2708, 21.87402 ], [ -102.27086, 21.87434 ], [ -102.27087, 21.87442 ], [ -102.27092, 21.87469 ], [ -102.27092, 21.8747 ], [ -102.27097, 21.875 ], [ -102.27101, 21.87529 ], [ -102.27103, 21.87542 ], [ -102.271214, 21.876587 ], [ -102.271292, 21.877165 ], [ -102.271394, 21.877797 ], [ -102.271742, 21.879646 ], [ -102.27176, 21.87974 ], [ -102.27202, 21.8811 ], [ -102.27207, 21.88146 ], [ -102.27216, 21.88193 ], [ -102.27214, 21.88199 ], [ -102.27214, 21.882 ], [ -102.27214, 21.88202 ], [ -102.27214, 21.88206 ], [ -102.27216, 21.88221 ], [ -102.27224, 21.88259 ], [ -102.27238, 21.88352 ], [ -102.27239, 21.88362 ], [ -102.27241, 21.88371 ], [ -102.27243, 21.88383 ], [ -102.27245, 21.88392 ], [ -102.27247, 21.88402 ], [ -102.272519, 21.884113 ], [ -102.27263, 21.88418 ], [ -102.272728, 21.884194 ], [ -102.273, 21.88413 ], [ -102.27444, 21.88394 ], [ -102.27452, 21.88392 ], [ -102.27536, 21.8838 ], [ -102.27618, 21.88371 ], [ -102.27647, 21.88367 ], [ -102.27657, 21.88362 ], [ -102.27667, 21.88359 ], [ -102.27682, 21.88354 ], [ -102.27717, 21.8835 ], [ -102.27741, 21.88345 ], [ -102.27755, 21.88342 ], [ -102.2777, 21.88338 ], [ -102.27783, 21.88334 ], [ -102.27796, 21.88328 ], [ -102.27807, 21.88324 ], [ -102.27819, 21.88321 ], [ -102.2783, 21.88319 ], [ -102.27839, 21.88318 ], [ -102.2785, 21.88317 ], [ -102.27859, 21.88315 ], [ -102.2788, 21.88311 ], [ -102.27881, 21.88311 ], [ -102.27882, 21.88311 ], [ -102.27897, 21.88308 ], [ -102.27918, 21.88304 ], [ -102.27932, 21.88301 ], [ -102.279447, 21.883013 ], [ -102.279559, 21.883013 ], [ -102.28195, 21.88272 ], [ -102.28226, 21.88267 ], [ -102.28237, 21.88265 ], [ -102.28258, 21.88263 ], [ -102.2829, 21.88257 ], [ -102.2837, 21.88247 ], [ -102.28404, 21.88243 ], [ -102.28405, 21.88244 ], [ -102.28405, 21.88245 ], [ -102.28405, 21.88246 ], [ -102.28406, 21.88246 ], [ -102.28406, 21.88247 ], [ -102.28406, 21.88248 ], [ -102.28407, 21.88248 ], [ -102.28407, 21.88249 ], [ -102.28408, 21.8825 ], [ -102.28409, 21.88251 ], [ -102.2841, 21.88252 ], [ -102.28411, 21.88253 ], [ -102.28412, 21.88253 ], [ -102.28413, 21.88254 ], [ -102.28414, 21.88254 ], [ -102.2842, 21.88257 ], [ -102.28422, 21.88258 ], [ -102.28424, 21.88259 ], [ -102.28425, 21.88259 ], [ -102.28483, 21.88333 ], [ -102.28515, 21.88376 ], [ -102.285389, 21.884083 ], [ -102.28569, 21.88399 ], [ -102.28632, 21.8838 ], [ -102.2871, 21.88358 ], [ -102.28723, 21.88397 ], [ -102.28748, 21.88468 ], [ -102.28753, 21.88482 ], [ -102.28764, 21.88516 ], [ -102.28809, 21.88652 ], [ -102.28831, 21.88718 ], [ -102.2887, 21.88837 ], [ -102.28877, 21.88857 ], [ -102.2889, 21.88894 ], [ -102.289087, 21.889501 ], [ -102.289172, 21.889587 ], [ -102.289238, 21.8896 ], [ -102.28932, 21.88956 ], [ -102.28947, 21.88945 ], [ -102.2896, 21.88935 ], [ -102.28969, 21.88926 ], [ -102.29007, 21.88895 ], [ -102.29073, 21.88843 ], [ -102.29133, 21.88798 ], [ -102.2918, 21.88762 ], [ -102.29234, 21.8872 ], [ -102.29249, 21.88709 ], [ -102.29266, 21.88696 ], [ -102.29407, 21.88587 ], [ -102.29426, 21.88572 ], [ -102.29434, 21.88565 ], [ -102.29441, 21.88558 ], [ -102.29457, 21.88547 ], [ -102.29466, 21.88541 ], [ -102.29506, 21.88518 ], [ -102.29551, 21.88495 ], [ -102.29569, 21.88485 ], [ -102.29575, 21.88482 ], [ -102.29591, 21.88475 ], [ -102.2965, 21.8845 ], [ -102.29657, 21.88477 ], [ -102.29676, 21.88544 ], [ -102.29683, 21.88579 ], [ -102.29692, 21.88629 ], [ -102.29693, 21.88643 ], [ -102.29695, 21.8865 ], [ -102.297, 21.88662 ], [ -102.29693, 21.88688 ], [ -102.2969, 21.88695 ], [ -102.2968, 21.88717 ], [ -102.29657, 21.88758 ], [ -102.29645, 21.88778 ], [ -102.29617, 21.88821 ], [ -102.29605, 21.88842 ], [ -102.29578, 21.88884 ], [ -102.2952, 21.88978 ], [ -102.29505, 21.89003 ], [ -102.29499, 21.89025 ], [ -102.29496, 21.89093 ], [ -102.29494, 21.89107 ], [ -102.29491, 21.89132 ], [ -102.29491, 21.89143 ], [ -102.29494, 21.89158 ], [ -102.29511, 21.89283 ], [ -102.29513, 21.893 ], [ -102.29516, 21.89327 ], [ -102.29523, 21.89378 ], [ -102.29528, 21.89431 ], [ -102.29534, 21.89485 ], [ -102.2954, 21.89536 ], [ -102.29546, 21.89589 ], [ -102.29552, 21.89632 ], [ -102.29553, 21.8964 ], [ -102.29559, 21.89694 ], [ -102.29565, 21.89748 ], [ -102.29572, 21.89801 ], [ -102.29579, 21.89862 ], [ -102.29584, 21.89891 ], [ -102.29589, 21.89926 ], [ -102.2959, 21.89934 ], [ -102.29591, 21.89948 ], [ -102.29592, 21.89964 ], [ -102.2951, 21.89986 ], [ -102.29506, 21.89985 ], [ -102.29504, 21.89985 ], [ -102.29503, 21.89985 ], [ -102.295, 21.89986 ], [ -102.29498, 21.89986 ], [ -102.29497, 21.89986 ], [ -102.29488, 21.89985 ], [ -102.29448, 21.89997 ], [ -102.29374, 21.9002 ], [ -102.29363, 21.90023 ], [ -102.29302, 21.90041 ], [ -102.29295, 21.90038 ] ] } },
{ "type": "Feature", "properties": { "route_id": "R_48", "route_short_name": "R48", "route_long_name": "R-48", "route_km": 18.099750213891252, "n_stops": 74, "straight_line_km": 8.6179273258184548, "connects_to_existing": true, "total_score": 0.18015931736413393, "pareto_rank": 3, "feasible": false, "flag": "Indirect", "detour_ratio": 2.1, "n_served_agebs": 42, "f1_demand_gain": 0.012298637637043317, "f3_equity": 0.27476772603807087 }, "geometry": { "type": "LineString", "coordinates": [ [ -102.2319172, 21.91862621 ], [ -102.2316108, 21.918504310000028 ], [ -102.2315928, 21.918475640000015 ], [ -102.231616, 21.91843265 ], [ -102.2318144, 21.91801839999998 ], [ -102.2321879, 21.917272809999979 ], [ -102.2322248, 21.91721048 ], [ -102.2322335, 21.917146120000012 ], [ -102.2322357, 21.91709786 ], [ -102.2322552, 21.917055630000018 ], [ -102.2328755, 21.91592395 ], [ -102.232970800000018, 21.91576912 ], [ -102.233040300000013, 21.91568065 ], [ -102.2330772, 21.91566054 ], [ -102.2331335, 21.91564447 ], [ -102.2332311, 21.91568874 ], [ -102.2334217, 21.9157833 ], [ -102.2337338, 21.91585779 ], [ -102.2349975, 21.916171819999978 ], [ -102.2355856, 21.916369260000028 ], [ -102.2356398, 21.9163934 ], [ -102.2357373, 21.91647588 ], [ -102.2358804, 21.916606629999968 ], [ -102.2359259, 21.916606640000012 ], [ -102.235960600000013, 21.91660866000003 ], [ -102.2359931, 21.91660666 ], [ -102.236056, 21.91656042 ], [ -102.236559, 21.916126810000033 ], [ -102.2366219, 21.91605643 ], [ -102.237306, 21.91515707 ], [ -102.2377679, 21.91464302 ], [ -102.2378958, 21.91453646 ], [ -102.2379826, 21.91447615 ], [ -102.2380194, 21.91445806 ], [ -102.238287, 21.914379680000014 ], [ -102.2383673, 21.91434953 ], [ -102.2384713, 21.91430531000001 ], [ -102.2384995, 21.914265090000029 ], [ -102.2385082, 21.91420879 ], [ -102.2388272, 21.912442279999979 ], [ -102.2388858, 21.912209 ], [ -102.2389487, 21.912064219999976 ], [ -102.2389985, 21.91199183 ], [ -102.2390549, 21.91191944 ], [ -102.2391503, 21.911873210000039 ], [ -102.2392392, 21.911837029999987 ], [ -102.2393367, 21.911808889999968 ], [ -102.2394104, 21.91180086 ], [ -102.2398226, 21.911774799999986 ], [ -102.2399353, 21.91174466 ], [ -102.2401326, 21.91169241 ], [ -102.2402172, 21.91165623000002 ], [ -102.2403283, 21.91161401999998 ], [ -102.2404172, 21.911636159999986 ], [ -102.2404605, 21.911662309999979 ], [ -102.241282, 21.91235317 ], [ -102.2417749, 21.91275626 ], [ -102.2418962, 21.91278041 ], [ -102.2419353, 21.91278645 ], [ -102.242035, 21.912760330000015 ], [ -102.2421, 21.912716100000029 ], [ -102.2428512, 21.91191382 ], [ -102.2428327, 21.911803750000033 ], [ -102.2427889, 21.911752689999989 ], [ -102.2427252, 21.91169788 ], [ -102.2419633, 21.91155267 ], [ -102.2415406, 21.911447320000018 ], [ -102.2410922, 21.91128476 ], [ -102.2407677, 21.911174039999988 ], [ -102.2402432, 21.911049760000029 ], [ -102.2402352, 21.91104889 ], [ -102.2399491, 21.910972759999986 ], [ -102.2397613, 21.910813419999975 ], [ -102.2387528, 21.90997668 ], [ -102.2378748, 21.90918757 ], [ -102.2376643, 21.90897628 ], [ -102.2375686, 21.908815510000014 ], [ -102.2375012, 21.90864495 ], [ -102.237452, 21.90850212 ], [ -102.2374162, 21.908359189999977 ], [ -102.2374553, 21.9082892 ], [ -102.2375429, 21.908272859999979 ], [ -102.2380841, 21.908092149999984 ], [ -102.2383972, 21.90793119 ], [ -102.2387184, 21.90773314 ], [ -102.2389438, 21.907516350000019 ], [ -102.2391427, 21.907336669999978 ], [ -102.2394415, 21.90703858 ], [ -102.239637, 21.906856769999969 ], [ -102.2397915, 21.90672962 ], [ -102.2401076, 21.906568850000042 ], [ -102.2413384, 21.90620949 ], [ -102.2414663, 21.90616028 ], [ -102.2417612, 21.90603782 ], [ -102.2420822, 21.905913849999976 ], [ -102.242503, 21.90572866000004 ], [ -102.2430643, 21.905451729999989 ], [ -102.243734, 21.90503812 ], [ -102.2439217, 21.904907909999984 ], [ -102.2440496, 21.90487193 ], [ -102.2446895, 21.90471902000003 ], [ -102.2452634, 21.90461421 ], [ -102.2461731, 21.904436869999984 ], [ -102.2465238, 21.904358719999987 ], [ -102.2474548, 21.904054190000021 ], [ -102.2478807, 21.903905620000021 ], [ -102.248177, 21.903812070000011 ], [ -102.248423, 21.9036994 ], [ -102.24850330000001, 21.903535 ], [ -102.2483329, 21.90282054 ], [ -102.2481689, 21.90201649 ], [ -102.247931500000021, 21.900977349999984 ], [ -102.2476838, 21.89997054 ], [ -102.2474651, 21.899115090000016 ], [ -102.2472118, 21.89828397 ], [ -102.246963800000017, 21.89754717 ], [ -102.2468591, 21.897248489999974 ], [ -102.2467831, 21.897032670000037 ], [ -102.2466382, 21.896749650000011 ], [ -102.2464728, 21.896229819999981 ], [ -102.2462752, 21.895490610000017 ], [ -102.246046, 21.89484582 ], [ -102.2459695, 21.894793560000025 ], [ -102.2458308, 21.89476771 ], [ -102.243222, 21.895987690000037 ], [ -102.2431127, 21.895942890000015 ], [ -102.2428049, 21.895827920000013 ], [ -102.2422211, 21.895641569999984 ], [ -102.2414524, 21.89540699 ], [ -102.239470400000016, 21.894785179999975 ], [ -102.239243, 21.894691879999982 ], [ -102.2391872, 21.89464526 ], [ -102.2394326, 21.89396882 ], [ -102.2394924, 21.893798939999986 ], [ -102.2395055, 21.893673549999988 ], [ -102.2393293, 21.89305303 ], [ -102.2390916, 21.89225305 ], [ -102.2389016, 21.8915517 ], [ -102.2389093, 21.89145699000003 ], [ -102.238991, 21.891396359999977 ], [ -102.2390641, 21.891325610000017 ], [ -102.2390872, 21.89123813 ], [ -102.239157, 21.89115623 ], [ -102.2397106, 21.8910216 ], [ -102.2398557, 21.8910081 ], [ -102.2400596, 21.891045500000033 ], [ -102.2406527, 21.89143104 ], [ -102.2409694, 21.89164335 ], [ -102.2411153, 21.89172303 ], [ -102.2412778, 21.89175246 ], [ -102.241488, 21.89171946 ], [ -102.2420548, 21.891576209999982 ], [ -102.2426035, 21.891430620000012 ], [ -102.2427715, 21.89138626 ], [ -102.2429249, 21.89134575 ], [ -102.2430741, 21.89124537000005 ], [ -102.2431943, 21.891104920000018 ], [ -102.243336, 21.89087189 ], [ -102.2437131, 21.890162180000022 ], [ -102.2437956, 21.89002002 ], [ -102.243887200000017, 21.8899797 ], [ -102.243986, 21.88996829 ], [ -102.244087, 21.88997195 ], [ -102.2441736, 21.88997897 ], [ -102.2442388, 21.889933719999988 ], [ -102.2442677, 21.889865179999966 ], [ -102.2443323, 21.88978134000002 ], [ -102.244469100000018, 21.889732009999982 ], [ -102.2448557, 21.889587600000016 ], [ -102.2476932, 21.888520129999979 ], [ -102.2493358, 21.88790984 ], [ -102.2509713, 21.88731718 ], [ -102.2510914, 21.887335630000013 ], [ -102.251206, 21.887467510000011 ], [ -102.2513189, 21.88778922000002 ], [ -102.2528165, 21.891145720000029 ], [ -102.2533018, 21.892230369999989 ], [ -102.253404, 21.89258406 ], [ -102.25344650000001, 21.893076389999973 ], [ -102.2534016, 21.89372934 ], [ -102.253203, 21.895817709999989 ], [ -102.2532257, 21.896748479999964 ], [ -102.2533296, 21.897609070000019 ], [ -102.2534355, 21.897872049999979 ], [ -102.2540824, 21.89805843 ], [ -102.2543984, 21.898065209999984 ], [ -102.255526, 21.89787517 ], [ -102.2574738, 21.897554839999966 ], [ -102.2584247, 21.897394310000013 ], [ -102.2587766, 21.897334990000012 ], [ -102.2590344, 21.897291350000014 ], [ -102.2596258, 21.89720336000001 ], [ -102.2602438, 21.89708679 ], [ -102.2610535, 21.8969567 ], [ -102.261956, 21.89681597 ], [ -102.2627398, 21.89671546 ], [ -102.263509400000018, 21.89661989 ], [ -102.2646561, 21.896474720000015 ], [ -102.2652926, 21.89638321 ], [ -102.2654782, 21.896337980000016 ], [ -102.265649, 21.89623526 ], [ -102.2657257, 21.896152570000012 ], [ -102.2657418, 21.89603185 ], [ -102.2656995, 21.895881620000022 ], [ -102.2655933, 21.8957068 ], [ -102.2653458, 21.89524998 ], [ -102.2651452, 21.894904059999984 ], [ -102.2650516, 21.89471717 ], [ -102.2649698, 21.89458022 ], [ -102.2649152, 21.894557880000022 ], [ -102.2648693, 21.894567720000019 ], [ -102.2648134, 21.89459274 ], [ -102.2647935, 21.89465537 ], [ -102.2648164, 21.894719300000016 ], [ -102.2648863, 21.894851609999968 ], [ -102.2652023, 21.895435360000015 ], [ -102.2652829, 21.895615620000022 ], [ -102.2653626, 21.895700980000047 ], [ -102.2654785, 21.895807290000025 ], [ -102.2655387, 21.89588729 ], [ -102.2656, 21.895989700000044 ], [ -102.2656297, 21.89608819 ], [ -102.2655336, 21.89613918 ], [ -102.2654169, 21.896204320000027 ], [ -102.2651692, 21.896267620000032 ], [ -102.2639096, 21.896414299999975 ], [ -102.2623999, 21.896619759999982 ], [ -102.2609778, 21.896833429999987 ], [ -102.25968730000001, 21.89702818 ], [ -102.2590064, 21.897145260000016 ], [ -102.2589975, 21.8966595 ], [ -102.2589761, 21.895636 ], [ -102.2589713, 21.89532747 ], [ -102.2589639, 21.89445225 ], [ -102.2590149, 21.89420591 ], [ -102.259123100000011, 21.893920620000053 ], [ -102.2591649, 21.893735900000017 ], [ -102.259158, 21.89352272 ], [ -102.2591108, 21.89336241 ], [ -102.2589864, 21.893140390000021 ], [ -102.2588075, 21.89296329 ], [ -102.2585986, 21.89282601 ], [ -102.2584091, 21.892659950000024 ], [ -102.258293, 21.89247504 ], [ -102.2580167, 21.891760490000014 ], [ -102.2576713, 21.890915440000047 ], [ -102.2575408, 21.89057143 ], [ -102.257557500000019, 21.890532579999984 ], [ -102.2587895, 21.89009319000002 ], [ -102.2592544, 21.88991245000004 ], [ -102.2596962, 21.88952404 ], [ -102.260162, 21.889066490000012 ], [ -102.2607794, 21.8886246 ], [ -102.2612092, 21.888374919999986 ], [ -102.261573, 21.888213130000022 ], [ -102.2622871, 21.887679179999978 ], [ -102.2641421, 21.88639438 ], [ -102.2652038, 21.88566738 ], [ -102.2656077, 21.885499969999977 ], [ -102.2682088, 21.8849793 ], [ -102.2692673, 21.88472133 ], [ -102.2698558, 21.88457478 ], [ -102.2724952, 21.884190690000011 ], [ -102.2742063, 21.884022470000012 ], [ -102.2764666, 21.88366692000001 ], [ -102.2766639, 21.883604670000032 ], [ -102.2768553, 21.883549309999964 ], [ -102.2774062, 21.883474760000013 ], [ -102.2777313, 21.883397650000017 ], [ -102.2779491, 21.88331427 ], [ -102.2782196, 21.883236610000029 ], [ -102.2786429, 21.883156840000012 ], [ -102.2796395, 21.883062779999982 ], [ -102.2810118, 21.88286572 ], [ -102.281882600000017, 21.88274258 ], [ -102.2828055, 21.88262663 ], [ -102.2839939, 21.88246 ], [ -102.284102, 21.882499109999983 ], [ -102.2841751, 21.88257504000002 ], [ -102.2842673, 21.882619180000017 ], [ -102.2843475, 21.88270156 ], [ -102.2853868, 21.884101550000015 ], [ -102.2870962, 21.88359663000001 ], [ -102.2903042, 21.88265454 ], [ -102.2915485, 21.88524049 ], [ -102.291437500000015, 21.88532864 ], [ -102.2924878, 21.88709962 ], [ -102.2943892, 21.885589280000012 ], [ -102.2956722, 21.884821970000029 ], [ -102.2965033, 21.88451336 ], [ -102.2967633, 21.885440410000019 ], [ -102.2984663, 21.88599651 ], [ -102.2988495, 21.884693260000017 ], [ -102.2986309, 21.8841753 ], [ -102.2984027, 21.883617750000013 ], [ -102.2982687, 21.88323079 ], [ -102.2983367, 21.883147940000011 ], [ -102.2989449, 21.883273300000017 ], [ -102.2991771, 21.8833341 ], [ -102.300445900000014, 21.883785190000015 ], [ -102.3014234, 21.884101250000011 ], [ -102.3015262, 21.884160569999988 ], [ -102.3036277, 21.88445006 ], [ -102.30553740000002, 21.8847281 ], [ -102.3072842, 21.884867740000015 ] ] } },
{ "type": "Feature", "properties": { "route_id": "R_50", "route_short_name": "R50", "route_long_name": "R-50", "route_km": 31.327538833537073, "n_stops": 128, "straight_line_km": 14.923129745038102, "connects_to_existing": true, "total_score": 0.094743090580916289, "pareto_rank": 2, "feasible": false, "flag": "Indirect", "detour_ratio": 2.099, "n_served_agebs": 45, "f1_demand_gain": 0.027254616211451525, "f3_equity": 0.26995389747785903 }, "geometry": { "type": "LineString", "coordinates": [ [ -102.3522118, 21.953178410000028 ], [ -102.3521065, 21.95344404 ], [ -102.3523088, 21.95346483 ], [ -102.3526941, 21.953476630000015 ], [ -102.3528579, 21.953503390000037 ], [ -102.3530891, 21.953449710000015 ], [ -102.3532496, 21.953363299999978 ], [ -102.353728, 21.953145759999984 ], [ -102.3541635, 21.952877210000018 ], [ -102.3544176, 21.95272525 ], [ -102.3546193, 21.952531610000019 ], [ -102.354783500000011, 21.952340959999987 ], [ -102.3547674, 21.95222482 ], [ -102.354687100000021, 21.952135500000026 ], [ -102.3545169, 21.95204025 ], [ -102.354276, 21.95191524 ], [ -102.3539709, 21.951802159999989 ], [ -102.353714, 21.95173672000001 ], [ -102.3533448, 21.95169215 ], [ -102.3524877, 21.95170134 ], [ -102.34776, 21.95178 ], [ -102.3475, 21.9518 ], [ -102.34664, 21.95197 ], [ -102.34644, 21.95201 ], [ -102.34599, 21.95209 ], [ -102.34552, 21.9522 ], [ -102.34505, 21.9523 ], [ -102.34446, 21.95243 ], [ -102.34356, 21.95269 ], [ -102.34344, 21.95274 ], [ -102.34339, 21.95277 ], [ -102.34329, 21.95282 ], [ -102.34309, 21.95289 ], [ -102.343, 21.95292 ], [ -102.34294, 21.95293 ], [ -102.34284, 21.95293 ], [ -102.34113, 21.95306 ], [ -102.34092, 21.95308 ], [ -102.34034, 21.95312 ], [ -102.33966, 21.95319 ], [ -102.33959, 21.9532 ], [ -102.33946, 21.9532 ], [ -102.33933, 21.95323 ], [ -102.33927, 21.95324 ], [ -102.33903, 21.95327 ], [ -102.33864, 21.95351 ], [ -102.33858, 21.95356 ], [ -102.33844, 21.95371 ], [ -102.33826, 21.95388 ], [ -102.33826, 21.95389 ], [ -102.3381637, 21.95414467 ], [ -102.33800770000002, 21.95450899 ], [ -102.3378535, 21.95456359 ], [ -102.3375734, 21.95437256 ], [ -102.335399, 21.95250229 ], [ -102.3352125, 21.952382229999987 ], [ -102.335021, 21.952364110000023 ], [ -102.3348804, 21.95240053 ], [ -102.3347444, 21.95248836 ], [ -102.3345826, 21.95253068 ], [ -102.3344374, 21.952507159999989 ], [ -102.334094, 21.95243741 ], [ -102.3338492, 21.95239616 ], [ -102.3335919, 21.952337309999983 ], [ -102.33296, 21.95223 ], [ -102.33282, 21.95221 ], [ -102.33192, 21.95203 ], [ -102.33098, 21.95184 ], [ -102.33042, 21.95173 ], [ -102.32968, 21.9516 ], [ -102.32932, 21.95153 ], [ -102.32766, 21.95119 ], [ -102.32708, 21.95109 ], [ -102.32612, 21.95092 ], [ -102.32562, 21.95082 ], [ -102.32454, 21.95064 ], [ -102.32427, 21.95059 ], [ -102.32415, 21.95057 ], [ -102.32381, 21.95051 ], [ -102.32346, 21.95044 ], [ -102.32316, 21.95039 ], [ -102.32194, 21.95017 ], [ -102.32021, 21.94989 ], [ -102.31944, 21.94976 ], [ -102.31845, 21.94956 ], [ -102.31816, 21.94951 ], [ -102.31795, 21.94948 ], [ -102.31573, 21.94907 ], [ -102.31497, 21.94893 ], [ -102.3147, 21.94888 ], [ -102.31458, 21.94886 ], [ -102.3141, 21.94878 ], [ -102.31349, 21.94866 ], [ -102.31241, 21.94848 ], [ -102.31232, 21.94846 ], [ -102.31173, 21.94835 ], [ -102.30925, 21.94789 ], [ -102.30849, 21.94775 ], [ -102.30682, 21.94746 ], [ -102.30585, 21.94729 ], [ -102.30532, 21.9472 ], [ -102.3045, 21.94706 ], [ -102.30282, 21.94677 ], [ -102.3023, 21.94666 ], [ -102.30209, 21.94662 ], [ -102.30148, 21.94651 ], [ -102.30131, 21.94648 ], [ -102.30059, 21.94636 ], [ -102.30001, 21.94625 ], [ -102.29886, 21.94605 ], [ -102.29867, 21.94601 ], [ -102.29826, 21.94594 ], [ -102.29777, 21.94584 ], [ -102.29744, 21.94579 ], [ -102.2973, 21.94577 ], [ -102.29703, 21.94573 ], [ -102.29594, 21.94554 ], [ -102.29451, 21.94528 ], [ -102.2938, 21.94513 ], [ -102.2933, 21.94505 ], [ -102.2917, 21.94478 ], [ -102.29105, 21.94465 ], [ -102.29094, 21.94462 ], [ -102.29083, 21.9446 ], [ -102.29069, 21.94457 ], [ -102.29064, 21.94457 ], [ -102.29054, 21.94455 ], [ -102.2905, 21.94454 ], [ -102.29031, 21.94449 ], [ -102.29005, 21.94443 ], [ -102.28923, 21.94424 ], [ -102.28914, 21.94422 ], [ -102.2876, 21.94385 ], [ -102.28752, 21.94383 ], [ -102.28737, 21.94379 ], [ -102.2865, 21.94358 ], [ -102.28642, 21.94356 ], [ -102.285, 21.94321 ], [ -102.28433, 21.94305 ], [ -102.28405, 21.94297 ], [ -102.284, 21.94296 ], [ -102.28396, 21.94294 ], [ -102.28385, 21.94291 ], [ -102.28257, 21.94261 ], [ -102.28204, 21.94249 ], [ -102.28055, 21.94213 ], [ -102.28021, 21.94205 ], [ -102.27992, 21.94196 ], [ -102.27973, 21.94188 ], [ -102.27966, 21.94184 ], [ -102.27916, 21.9416 ], [ -102.27892, 21.94147 ], [ -102.27883, 21.94141 ], [ -102.27863, 21.94127 ], [ -102.27857, 21.94122 ], [ -102.27852, 21.94116 ], [ -102.27834, 21.94098 ], [ -102.27766, 21.94032 ], [ -102.27747, 21.94012 ], [ -102.27733, 21.93997 ], [ -102.27705, 21.93968 ], [ -102.27698, 21.9396 ], [ -102.27659, 21.93919 ], [ -102.27604, 21.93862 ], [ -102.27582, 21.93839 ], [ -102.27581, 21.93838 ], [ -102.27562, 21.93818 ], [ -102.27533, 21.93786 ], [ -102.27522, 21.93775 ], [ -102.27487, 21.93738 ], [ -102.27455, 21.93703 ], [ -102.27441, 21.93686 ], [ -102.2741, 21.93647 ], [ -102.27409, 21.93645 ], [ -102.27337, 21.93553 ], [ -102.27279, 21.93479 ], [ -102.27275, 21.93473 ], [ -102.2722, 21.93405 ], [ -102.27179, 21.93355 ], [ -102.27098, 21.93254 ], [ -102.27087, 21.93239 ], [ -102.27064, 21.9321 ], [ -102.27029, 21.93167 ], [ -102.27006, 21.93138 ], [ -102.26994, 21.93124 ], [ -102.26983, 21.93109 ], [ -102.26971, 21.93095 ], [ -102.26938, 21.93053 ], [ -102.26902, 21.93007 ], [ -102.26841, 21.9293 ], [ -102.26783, 21.92858 ], [ -102.26779, 21.92853 ], [ -102.26766, 21.92839 ], [ -102.26763, 21.92837 ], [ -102.26756, 21.9283 ], [ -102.26737, 21.92813 ], [ -102.26716, 21.92795 ], [ -102.26706, 21.92787 ], [ -102.26693, 21.92776 ], [ -102.2669, 21.92773 ], [ -102.26672, 21.92759 ], [ -102.26643, 21.92734 ], [ -102.26614, 21.92709 ], [ -102.266, 21.92697 ], [ -102.26572, 21.92672 ], [ -102.26557, 21.9266 ], [ -102.26556, 21.92659 ], [ -102.2653, 21.92637 ], [ -102.26529, 21.92636 ], [ -102.26432, 21.92555 ], [ -102.26412, 21.92538 ], [ -102.26376, 21.92506 ], [ -102.26352, 21.9248 ], [ -102.26338, 21.92461 ], [ -102.26325, 21.92442 ], [ -102.26318, 21.9243 ], [ -102.26313, 21.92422 ], [ -102.26308, 21.92414 ], [ -102.26282, 21.92367 ], [ -102.26273, 21.92351 ], [ -102.2627, 21.92345 ], [ -102.26228, 21.92273 ], [ -102.26213, 21.92237 ], [ -102.26199, 21.92193 ], [ -102.26189, 21.92158 ], [ -102.26185, 21.92139 ], [ -102.26173, 21.92067 ], [ -102.26171, 21.92043 ], [ -102.26171, 21.92003 ], [ -102.26172, 21.91978 ], [ -102.26176, 21.91936 ], [ -102.26179, 21.9192 ], [ -102.26184, 21.91896 ], [ -102.26191, 21.91868 ], [ -102.26193, 21.91861 ], [ -102.26209, 21.91805 ], [ -102.26212, 21.9178 ], [ -102.26213, 21.91771 ], [ -102.26212, 21.91758 ], [ -102.26209, 21.91744 ], [ -102.26206, 21.91732 ], [ -102.26197, 21.91702 ], [ -102.26186, 21.91665 ], [ -102.26174, 21.91631 ], [ -102.2615, 21.91558 ], [ -102.26133, 21.91505 ], [ -102.26131, 21.91499 ], [ -102.26118, 21.91457 ], [ -102.2609, 21.91372 ], [ -102.26068, 21.91304 ], [ -102.26056, 21.91267 ], [ -102.2605, 21.91245 ], [ -102.26027, 21.91172 ], [ -102.26019, 21.91148 ], [ -102.26013, 21.91131 ], [ -102.26007, 21.91114 ], [ -102.25976, 21.91031 ], [ -102.25968, 21.91011 ], [ -102.25955, 21.9099 ], [ -102.25931, 21.90957 ], [ -102.25926, 21.90951 ], [ -102.25879, 21.90895 ], [ -102.25876, 21.90891 ], [ -102.25863, 21.90877 ], [ -102.2584, 21.90852 ], [ -102.25817, 21.90827 ], [ -102.25774, 21.90784 ], [ -102.25752, 21.9076 ], [ -102.25746, 21.90753 ], [ -102.25737, 21.90742 ], [ -102.25736, 21.90741 ], [ -102.25724, 21.90728 ], [ -102.25722, 21.90725 ], [ -102.2571, 21.90707 ], [ -102.25703, 21.90692 ], [ -102.25682, 21.90651 ], [ -102.2567, 21.90626 ], [ -102.25659, 21.90603 ], [ -102.25615, 21.90507 ], [ -102.2561, 21.90497 ], [ -102.25591, 21.9046 ], [ -102.25589, 21.90454 ], [ -102.25581, 21.90438 ], [ -102.25573, 21.90422 ], [ -102.25524, 21.90317 ], [ -102.25497, 21.90261 ], [ -102.25457, 21.90185 ], [ -102.25453, 21.90174 ], [ -102.25434, 21.90132 ], [ -102.2543, 21.90123 ], [ -102.25422, 21.90107 ], [ -102.25414, 21.9009 ], [ -102.25385, 21.90029 ], [ -102.2537, 21.89997 ], [ -102.25366, 21.89986 ], [ -102.25359, 21.89956 ], [ -102.25355, 21.89907 ], [ -102.25352, 21.89871 ], [ -102.25348, 21.89826 ], [ -102.25345, 21.89786 ], [ -102.25345, 21.89776 ], [ -102.25341, 21.89691 ], [ -102.2534, 21.8968 ], [ -102.25337, 21.89637 ], [ -102.25337, 21.89636 ], [ -102.25337, 21.89633 ], [ -102.25337, 21.8963 ], [ -102.25345, 21.8955 ], [ -102.25348, 21.89521 ], [ -102.25352, 21.89484 ], [ -102.25354, 21.89458 ], [ -102.25356, 21.89443 ], [ -102.25358, 21.89416 ], [ -102.25363, 21.8937 ], [ -102.25364, 21.8936 ], [ -102.25367, 21.8933 ], [ -102.25368, 21.89314 ], [ -102.25368, 21.89297 ], [ -102.25367, 21.89278 ], [ -102.25366, 21.89266 ], [ -102.25364, 21.89253 ], [ -102.25359, 21.89238 ], [ -102.25354, 21.89223 ], [ -102.25308, 21.89121 ], [ -102.25305, 21.89115 ], [ -102.25286, 21.89073 ], [ -102.25261, 21.89018 ], [ -102.25253, 21.89 ], [ -102.2525, 21.88993 ], [ -102.25196, 21.88862 ], [ -102.25186, 21.88839 ], [ -102.25164, 21.88788 ], [ -102.25155, 21.88768 ], [ -102.25138, 21.8873 ], [ -102.25131, 21.88712 ], [ -102.25126, 21.88701 ], [ -102.25119, 21.88683 ], [ -102.2506, 21.88543 ], [ -102.25057, 21.88536 ], [ -102.25029, 21.88467 ], [ -102.25013, 21.88422 ], [ -102.24929, 21.88203 ], [ -102.24912, 21.88158 ], [ -102.24879, 21.88072 ], [ -102.24861, 21.88028 ], [ -102.24854, 21.88013 ], [ -102.24835, 21.87961 ], [ -102.24833, 21.87954 ], [ -102.24802, 21.87876 ], [ -102.24759, 21.87766 ], [ -102.24735, 21.87703 ], [ -102.24717, 21.87655 ], [ -102.24714, 21.87648 ], [ -102.24674, 21.87547 ], [ -102.24666, 21.87528 ], [ -102.24634, 21.87443 ], [ -102.2461, 21.87378 ], [ -102.24595, 21.87338 ], [ -102.24589, 21.87322 ], [ -102.2458, 21.87304 ], [ -102.24553, 21.8724 ], [ -102.24524, 21.87173 ], [ -102.24495, 21.87106 ], [ -102.24477, 21.87067 ], [ -102.24454, 21.87011 ], [ -102.24429, 21.8696 ], [ -102.24423, 21.86944 ], [ -102.24418, 21.8693 ], [ -102.24417, 21.86922 ], [ -102.24415, 21.86904 ], [ -102.24415, 21.86887 ], [ -102.24415, 21.86885 ], [ -102.24415, 21.86878 ], [ -102.24417, 21.8687 ], [ -102.24419, 21.86864 ], [ -102.24422, 21.86855 ], [ -102.24448, 21.868 ], [ -102.24448, 21.86798 ], [ -102.24455, 21.86783 ], [ -102.24459, 21.8677 ], [ -102.24463, 21.8676 ], [ -102.24471, 21.86739 ], [ -102.24485, 21.86702 ], [ -102.24495, 21.86682 ], [ -102.24507, 21.86665 ], [ -102.24515, 21.86654 ], [ -102.24529, 21.8664 ], [ -102.2454, 21.86633 ], [ -102.24544, 21.8663 ], [ -102.24557, 21.86622 ], [ -102.24588, 21.86605 ], [ -102.24613, 21.86588 ], [ -102.24624, 21.8658 ], [ -102.24634, 21.86571 ], [ -102.24644, 21.86562 ], [ -102.24657, 21.86551 ], [ -102.24658, 21.86549 ], [ -102.24668, 21.86538 ], [ -102.24671, 21.86535 ], [ -102.24682, 21.8652 ], [ -102.24685, 21.86516 ], [ -102.24692, 21.86505 ], [ -102.24702, 21.8649 ], [ -102.24713, 21.86475 ], [ -102.24738, 21.86428 ], [ -102.24747, 21.8641 ], [ -102.24756, 21.86391 ], [ -102.24777, 21.86351 ], [ -102.24802, 21.86306 ], [ -102.24811, 21.8629 ], [ -102.24822, 21.8627 ], [ -102.24827, 21.8626 ], [ -102.24858, 21.86202 ], [ -102.24887, 21.86148 ], [ -102.24897, 21.86132 ], [ -102.24926, 21.86073 ], [ -102.24954, 21.86019 ], [ -102.24982, 21.8597 ], [ -102.25009, 21.8592 ], [ -102.25017, 21.85904 ], [ -102.25022, 21.85896 ], [ -102.25049, 21.85841 ], [ -102.25058, 21.85827 ], [ -102.25083, 21.85795 ], [ -102.25095, 21.85779 ], [ -102.25105, 21.85768 ], [ -102.25127, 21.85743 ], [ -102.25155, 21.85718 ], [ -102.25188, 21.85685 ], [ -102.25205, 21.85673 ], [ -102.25227, 21.85657 ], [ -102.25247, 21.85645 ], [ -102.25253, 21.85642 ], [ -102.25274, 21.8563 ], [ -102.25298, 21.85621 ], [ -102.25319, 21.85615 ], [ -102.25436, 21.85586 ], [ -102.25517, 21.85565 ], [ -102.2554, 21.8556 ], [ -102.25616, 21.8554 ], [ -102.25691, 21.85521 ], [ -102.25702, 21.85518 ], [ -102.25808, 21.85494 ], [ -102.25867, 21.85481 ], [ -102.25894, 21.85474 ], [ -102.25969, 21.85456 ], [ -102.26036, 21.8544 ], [ -102.26201, 21.854 ], [ -102.26276, 21.85379 ], [ -102.263, 21.85373 ], [ -102.26366, 21.85356 ], [ -102.26464, 21.85334 ], [ -102.26532, 21.85318 ], [ -102.26599, 21.85301 ], [ -102.26687, 21.85278 ], [ -102.26792, 21.85251 ], [ -102.26927, 21.85217 ], [ -102.2694, 21.85215 ], [ -102.27043, 21.85194 ], [ -102.27057, 21.85191 ], [ -102.27077, 21.85185 ], [ -102.27093, 21.85181 ], [ -102.27112, 21.85173 ], [ -102.27135, 21.85163 ], [ -102.27154, 21.85153 ], [ -102.27173, 21.85142 ], [ -102.27196, 21.85126 ], [ -102.27204, 21.85121 ], [ -102.27265, 21.8507 ], [ -102.27292, 21.85043 ], [ -102.27295, 21.85041 ], [ -102.27337, 21.84999 ], [ -102.27418, 21.84923 ], [ -102.27449, 21.84899 ], [ -102.27532, 21.84836 ], [ -102.27537, 21.84833 ], [ -102.27567, 21.84814 ], [ -102.27595, 21.84797 ], [ -102.27602, 21.84794 ], [ -102.27632, 21.84779 ], [ -102.2767, 21.84761 ], [ -102.27675, 21.84758 ], [ -102.2771, 21.84743 ], [ -102.27745, 21.8473 ], [ -102.27775, 21.84721 ], [ -102.27785, 21.84717 ], [ -102.27823, 21.84706 ], [ -102.2783, 21.84704 ], [ -102.2785, 21.84699 ], [ -102.2788, 21.84692 ], [ -102.27925, 21.84683 ], [ -102.28003, 21.8467 ], [ -102.28043, 21.84664 ], [ -102.28045, 21.84664 ], [ -102.28076, 21.8466 ], [ -102.28099, 21.84658 ], [ -102.28123, 21.84654 ], [ -102.28169, 21.84648 ], [ -102.28405, 21.84611 ], [ -102.28551, 21.84588 ], [ -102.28644, 21.84574 ], [ -102.28759, 21.84555 ], [ -102.28872, 21.84539 ], [ -102.28919, 21.84531 ], [ -102.28937, 21.84527 ], [ -102.28965, 21.8452 ], [ -102.29017, 21.84503 ], [ -102.29023, 21.84501 ], [ -102.29048, 21.84492 ], [ -102.29063, 21.84488 ], [ -102.29088, 21.84484 ], [ -102.29121, 21.8448 ], [ -102.29139, 21.84478 ], [ -102.29264, 21.84476 ], [ -102.2931666, 21.84474414 ], [ -102.2940745, 21.84474860000002 ], [ -102.2956081, 21.84481578 ], [ -102.2974851, 21.844900870000021 ], [ -102.297939, 21.8449367 ], [ -102.2995611, 21.845106930000025 ], [ -102.301575, 21.84536811000001 ], [ -102.3018, 21.84539 ], [ -102.30263, 21.8455 ], [ -102.30275, 21.84551 ], [ -102.30278, 21.84551 ], [ -102.30335, 21.84559 ], [ -102.30392, 21.84565 ], [ -102.30433, 21.8457 ], [ -102.30481, 21.84576 ], [ -102.30512, 21.84578 ], [ -102.30537, 21.84578 ], [ -102.30569, 21.84578 ], [ -102.30611, 21.84574 ], [ -102.30645, 21.8457 ], [ -102.30673, 21.84565 ], [ -102.30744, 21.84545 ], [ -102.3078, 21.84535 ], [ -102.3082, 21.84524 ], [ -102.30833, 21.8452 ], [ -102.30858, 21.84512 ], [ -102.30894, 21.845 ], [ -102.30907, 21.84497 ], [ -102.30992, 21.84473 ], [ -102.30999, 21.84471 ], [ -102.31017, 21.84466 ], [ -102.31044, 21.84459 ], [ -102.3109, 21.84448 ], [ -102.31114, 21.84444 ], [ -102.31157, 21.84433 ], [ -102.31202, 21.8442 ], [ -102.31267, 21.84402 ], [ -102.31275, 21.84399 ], [ -102.313, 21.84392 ], [ -102.3136, 21.84376 ], [ -102.31378, 21.84371 ], [ -102.31427, 21.84359 ], [ -102.31454, 21.84351 ], [ -102.31457, 21.8435 ], [ -102.31478, 21.84345 ], [ -102.31492, 21.84342 ], [ -102.31506, 21.84339 ], [ -102.3161, 21.84312 ], [ -102.31664, 21.84296 ], [ -102.31671, 21.84294 ], [ -102.31674, 21.84293 ], [ -102.31736, 21.84275 ], [ -102.31783, 21.84267 ], [ -102.31796, 21.84264 ], [ -102.31832, 21.84261 ], [ -102.31855, 21.84259 ], [ -102.31912, 21.84264 ], [ -102.31932, 21.84268 ], [ -102.31996, 21.84279 ], [ -102.32027, 21.84284 ], [ -102.32046, 21.84287 ], [ -102.32089, 21.84297 ], [ -102.32212, 21.8432 ], [ -102.32247, 21.84326 ], [ -102.32294, 21.84333 ], [ -102.32307, 21.84336 ], [ -102.3233, 21.84341 ], [ -102.32399, 21.84349 ], [ -102.32553, 21.84365 ], [ -102.32568, 21.84367 ], [ -102.32646, 21.84377 ], [ -102.32677, 21.84383 ], [ -102.327, 21.84389 ], [ -102.32769, 21.8441 ], [ -102.32833, 21.8443 ], [ -102.32851, 21.84436 ], [ -102.32912, 21.84452 ], [ -102.32994, 21.84478 ], [ -102.3307, 21.84502 ], [ -102.33104, 21.84513 ], [ -102.33275, 21.84566 ], [ -102.33288, 21.8457 ], [ -102.33367, 21.84594 ], [ -102.33454, 21.8462 ], [ -102.33463, 21.84623 ], [ -102.33472, 21.84626 ], [ -102.33548, 21.84649 ], [ -102.33626, 21.84673 ], [ -102.3363, 21.84675 ], [ -102.33762, 21.84715 ], [ -102.33786, 21.84723 ], [ -102.33832, 21.84737 ], [ -102.33914, 21.84764 ], [ -102.34066, 21.84811 ], [ -102.34147, 21.84833 ], [ -102.34223, 21.84857 ], [ -102.34292, 21.84878 ], [ -102.34311, 21.84884 ], [ -102.34423, 21.84917 ], [ -102.34586, 21.84968 ], [ -102.34636, 21.84984 ], [ -102.34675, 21.84995 ], [ -102.34695, 21.85001 ], [ -102.34777, 21.85025 ], [ -102.34803, 21.85033 ], [ -102.34929, 21.85071 ], [ -102.35008, 21.85094 ], [ -102.35078, 21.85116 ], [ -102.35094, 21.85126 ], [ -102.35144, 21.85146 ], [ -102.35168, 21.85157 ], [ -102.35185, 21.85166 ], [ -102.35238, 21.85198 ], [ -102.35258, 21.8521 ], [ -102.35265, 21.85215 ], [ -102.35281, 21.85225 ], [ -102.35291, 21.85232 ], [ -102.35299, 21.85224 ], [ -102.35312, 21.85213 ], [ -102.35325, 21.852 ], [ -102.3533, 21.85194 ], [ -102.35334, 21.85188 ], [ -102.35336, 21.85185 ], [ -102.35346, 21.85169 ], [ -102.35357, 21.85143 ], [ -102.35362, 21.85117 ], [ -102.35365, 21.85101 ], [ -102.35366, 21.85091 ], [ -102.35365, 21.85082 ], [ -102.35362, 21.85062 ], [ -102.35358, 21.85047 ], [ -102.35335, 21.84979 ], [ -102.35305, 21.84905 ], [ -102.3528, 21.84842 ], [ -102.35278, 21.84833 ], [ -102.35275, 21.84817 ], [ -102.35274, 21.84799 ], [ -102.35275, 21.84791 ], [ -102.35276, 21.84774 ], [ -102.35277, 21.84769 ], [ -102.35282, 21.84748 ], [ -102.35294, 21.84722 ], [ -102.35323, 21.84665 ], [ -102.35362, 21.84589 ], [ -102.35379, 21.84557 ], [ -102.35397, 21.84527 ], [ -102.35414, 21.84503 ], [ -102.35425, 21.84486 ], [ -102.35453, 21.84433 ], [ -102.35459, 21.84412 ], [ -102.35462, 21.84396 ], [ -102.35465, 21.84377 ], [ -102.35467, 21.84347 ], [ -102.35467, 21.8429 ], [ -102.35467, 21.84282 ], [ -102.35467, 21.84226 ], [ -102.35464, 21.84152 ], [ -102.35463, 21.84108 ] ] } },
{ "type": "Feature", "properties": { "route_id": "R_50B", "route_short_name": "R50B", "route_long_name": "R-50B", "route_km": 15.686019863841189, "n_stops": 9, "straight_line_km": 12.611457453136222, "connects_to_existing": true, "total_score": 0.3291752413485306, "pareto_rank": 1, "feasible": false, "flag": null, "detour_ratio": 1.244, "n_served_agebs": 8, "f1_demand_gain": 0.11158114955670638, "f3_equity": 0.39324369596200326 }, "geometry": { "type": "LineString", "coordinates": [ [ -102.338356, 21.95418 ], [ -102.338502, 21.954079 ], [ -102.338788, 21.953799 ], [ -102.339072, 21.953601 ], [ -102.339473, 21.953457 ], [ -102.339637, 21.953421 ], [ -102.34004, 21.95336 ], [ -102.340895, 21.953261 ], [ -102.342184, 21.953115 ], [ -102.343027, 21.953085 ], [ -102.343297, 21.95307 ], [ -102.344444, 21.952791 ], [ -102.345432, 21.952563 ], [ -102.346389, 21.952337 ], [ -102.347233, 21.95213 ], [ -102.347446, 21.952083 ], [ -102.347978, 21.951966 ], [ -102.348084, 21.951944 ], [ -102.348193, 21.951938 ], [ -102.349394, 21.951913 ], [ -102.350348, 21.951895 ], [ -102.351463, 21.95189 ], [ -102.351726, 21.951889 ], [ -102.352495, 21.951881 ], [ -102.353584, 21.951881 ], [ -102.354258, 21.95205 ], [ -102.35445, 21.952171 ], [ -102.35457, 21.952217 ], [ -102.354683, 21.952283 ], [ -102.354794, 21.952289 ], [ -102.354956, 21.952287 ], [ -102.355055, 21.952187 ], [ -102.355173, 21.952078 ], [ -102.35565, 21.951576 ], [ -102.356159, 21.951046 ], [ -102.356398, 21.950769 ], [ -102.356544, 21.95063 ], [ -102.356699, 21.950394 ], [ -102.356847, 21.950193 ], [ -102.356948, 21.950017 ], [ -102.357039, 21.9498 ], [ -102.357125, 21.949605 ], [ -102.357217, 21.949411 ], [ -102.357297, 21.949067 ], [ -102.35746, 21.948414 ], [ -102.357644, 21.947602 ], [ -102.357798, 21.946982 ], [ -102.357988, 21.946165 ], [ -102.358268, 21.944948 ], [ -102.358477, 21.944005 ], [ -102.358715, 21.94297 ], [ -102.358778, 21.942725 ], [ -102.358945, 21.942275 ], [ -102.359043, 21.941999 ], [ -102.359214, 21.941622 ], [ -102.359598, 21.940903 ], [ -102.360024, 21.940114 ], [ -102.360302, 21.939634 ], [ -102.360576, 21.939165 ], [ -102.361412, 21.937707 ], [ -102.361841, 21.936926 ], [ -102.362531, 21.935667 ], [ -102.362638, 21.935435 ], [ -102.362765, 21.935188 ], [ -102.362852, 21.934964 ], [ -102.362944, 21.934713 ], [ -102.363121, 21.93419 ], [ -102.36323, 21.933773 ], [ -102.363351, 21.933361 ], [ -102.36346, 21.93277 ], [ -102.36361, 21.932014 ], [ -102.363702, 21.931391 ], [ -102.363836, 21.930496 ], [ -102.363964, 21.92948 ], [ -102.364096, 21.928282 ], [ -102.364244, 21.926768 ], [ -102.364352, 21.925655 ], [ -102.364499, 21.924434 ], [ -102.364522, 21.924163 ], [ -102.364545, 21.923888 ], [ -102.364586, 21.923699 ], [ -102.364665, 21.92326 ], [ -102.364834, 21.922397 ], [ -102.365131, 21.921079 ], [ -102.365468, 21.919551 ], [ -102.365597, 21.918984 ], [ -102.365654, 21.918692 ], [ -102.365737, 21.918381 ], [ -102.365813, 21.918107 ], [ -102.365908, 21.917854 ], [ -102.366076, 21.917426 ], [ -102.3662, 21.91718 ], [ -102.366431, 21.916805 ], [ -102.366739, 21.916402 ], [ -102.367005, 21.916066 ], [ -102.367914, 21.914921 ], [ -102.368676, 21.913965 ], [ -102.369386, 21.913088 ], [ -102.369724, 21.912647 ], [ -102.369897, 21.912413 ], [ -102.370059, 21.912167 ], [ -102.370216, 21.911898 ], [ -102.370374, 21.911617 ], [ -102.370455, 21.911424 ], [ -102.370566, 21.911127 ], [ -102.370654, 21.910807 ], [ -102.370743, 21.910371 ], [ -102.370802, 21.909555 ], [ -102.370785, 21.909237 ], [ -102.3707, 21.908662 ], [ -102.370616, 21.908302 ], [ -102.370505, 21.907951 ], [ -102.370413, 21.907638 ], [ -102.370208, 21.906952 ], [ -102.370139, 21.906677 ], [ -102.370085, 21.906311 ], [ -102.370059, 21.905983 ], [ -102.370076, 21.905768 ], [ -102.370189, 21.905006 ], [ -102.370216, 21.90456 ], [ -102.370263, 21.904082 ], [ -102.370231, 21.903574 ], [ -102.370182, 21.903215 ], [ -102.370067, 21.902788 ], [ -102.369865, 21.902257 ], [ -102.369771, 21.902064 ], [ -102.369521, 21.901677 ], [ -102.36929, 21.90137 ], [ -102.369064, 21.901035 ], [ -102.368901, 21.900786 ], [ -102.368609, 21.900274 ], [ -102.368456, 21.89999 ], [ -102.368304, 21.899596 ], [ -102.368203, 21.899232 ], [ -102.368097, 21.898756 ], [ -102.367979, 21.898188 ], [ -102.367926, 21.897826 ], [ -102.367769, 21.897071 ], [ -102.367615, 21.896276 ], [ -102.367435, 21.895417 ], [ -102.367286, 21.894855 ], [ -102.367223, 21.894493 ], [ -102.367173, 21.894074 ], [ -102.367187, 21.893339 ], [ -102.36725, 21.892916 ], [ -102.367412, 21.89238 ], [ -102.367966, 21.891081 ], [ -102.368407, 21.890138 ], [ -102.368674, 21.889441 ], [ -102.3689, 21.888856 ], [ -102.36911, 21.888316 ], [ -102.369238, 21.887806 ], [ -102.369295, 21.887038 ], [ -102.36927, 21.886533 ], [ -102.369137, 21.885762 ], [ -102.369008, 21.885254 ], [ -102.368909, 21.884899 ], [ -102.368769, 21.884386 ], [ -102.368721, 21.884014 ], [ -102.368692, 21.883611 ], [ -102.368718, 21.883137 ], [ -102.368793, 21.882681 ], [ -102.368886, 21.882261 ], [ -102.369077, 21.881066 ], [ -102.369232, 21.879887 ], [ -102.369441, 21.878619 ], [ -102.369709, 21.877153 ], [ -102.369979, 21.875572 ], [ -102.370124, 21.874789 ], [ -102.37034, 21.873447 ], [ -102.370635, 21.871887 ], [ -102.370966, 21.869884 ], [ -102.371182, 21.868529 ], [ -102.371418, 21.867339 ], [ -102.371541, 21.86675 ], [ -102.371635, 21.866213 ], [ -102.371725, 21.865684 ], [ -102.371743, 21.864919 ], [ -102.37166, 21.864272 ], [ -102.371475, 21.863668 ], [ -102.371316, 21.863341 ], [ -102.371078, 21.862909 ], [ -102.370757, 21.862525 ], [ -102.370457, 21.862266 ], [ -102.37014, 21.862006 ], [ -102.369857, 21.861804 ], [ -102.369592, 21.861656 ], [ -102.368037, 21.861033 ], [ -102.366867, 21.860564 ], [ -102.364228, 21.85947 ], [ -102.361182, 21.858289 ], [ -102.360539, 21.857995 ], [ -102.360065, 21.857747 ], [ -102.359738, 21.857521 ], [ -102.358231, 21.856622 ], [ -102.357394, 21.85613 ], [ -102.356017, 21.855272 ], [ -102.35561, 21.854927 ], [ -102.355166, 21.854432 ], [ -102.355021, 21.854264 ], [ -102.354892, 21.854016 ], [ -102.354442, 21.853479 ], [ -102.353872, 21.852845 ], [ -102.353456, 21.852372 ], [ -102.353349, 21.852282 ], [ -102.353307, 21.852101 ], [ -102.353326, 21.851937 ], [ -102.353429, 21.85178 ], [ -102.353616, 21.851352 ], [ -102.353675, 21.850864 ], [ -102.353628, 21.850477 ], [ -102.353382, 21.849765 ], [ -102.353112, 21.849137 ], [ -102.352897, 21.848629 ], [ -102.35278, 21.84832 ], [ -102.352739, 21.848023 ], [ -102.352742, 21.847706 ], [ -102.352875, 21.847366 ], [ -102.353009, 21.847084 ], [ -102.353472, 21.846179 ], [ -102.353983, 21.845272 ], [ -102.354259, 21.84486 ], [ -102.354389, 21.844615 ], [ -102.354519, 21.844332 ], [ -102.354647, 21.843844 ], [ -102.354679, 21.843522 ], [ -102.354681, 21.84234 ], [ -102.354674, 21.841572 ], [ -102.354632, 21.841203 ], [ -102.354611, 21.840888 ], [ -102.3546, 21.840768 ], [ -102.354555, 21.840712 ], [ -102.354525, 21.840707 ] ] } },
{ "type": "Feature", "properties": { "route_id": "R_51", "route_short_name": "R51", "route_long_name": "R-51", "route_km": 11.840059285558159, "n_stops": 26, "straight_line_km": 10.997736452050553, "connects_to_existing": true, "total_score": 0.21750183829184286, "pareto_rank": 1, "feasible": true, "flag": "Low demand", "detour_ratio": 1.077, "n_served_agebs": 21, "f1_demand_gain": 0.009933453740099395, "f3_equity": 0.22494218105891242 }, "geometry": { "type": "LineString", "coordinates": [ [ -102.2728887, 21.860209550000011 ], [ -102.2728205, 21.86024141 ], [ -102.2728218, 21.860359950000017 ], [ -102.2728017, 21.86107546 ], [ -102.2728446, 21.86131366 ], [ -102.2729547, 21.861630729999984 ], [ -102.2732429, 21.862124300000012 ], [ -102.2737903, 21.86279962 ], [ -102.2740938, 21.86316701 ], [ -102.274623, 21.8637075 ], [ -102.2753271, 21.86427564000001 ], [ -102.2757232, 21.86456618 ], [ -102.2761837, 21.864969269999982 ], [ -102.276307, 21.865049860000017 ], [ -102.2765309, 21.8653048 ], [ -102.2769097, 21.865799310000011 ], [ -102.2769638, 21.86587299 ], [ -102.2769897, 21.86593611 ], [ -102.2769535, 21.8669173 ], [ -102.2769282, 21.868200989999984 ], [ -102.2769378, 21.8685383 ], [ -102.2768901, 21.87035511 ], [ -102.2768202, 21.87191682 ], [ -102.2767524, 21.873621220000011 ], [ -102.2767016, 21.87503055 ], [ -102.276638800000015, 21.876654919999986 ], [ -102.2765731, 21.8781631 ], [ -102.2766553, 21.878501549999989 ], [ -102.2768137, 21.87873246 ], [ -102.27703, 21.878911409999983 ], [ -102.277422800000011, 21.87916743 ], [ -102.2777866, 21.87951783 ], [ -102.2778727, 21.87976872 ], [ -102.277931, 21.880344180000019 ], [ -102.2781275, 21.881288940000037 ], [ -102.27824, 21.88163975 ], [ -102.2785746, 21.882540589999959 ], [ -102.2792125, 21.883865909999983 ], [ -102.2800081, 21.8853527 ], [ -102.2806901, 21.88661098 ], [ -102.2808828, 21.887067620000018 ], [ -102.2810845, 21.887277959999981 ], [ -102.2812472, 21.887499110000043 ], [ -102.281705, 21.888433790000011 ], [ -102.2820319, 21.889157980000018 ], [ -102.282295, 21.8895994 ], [ -102.2824601, 21.88991135 ], [ -102.2827143, 21.89023904 ], [ -102.2828698, 21.89048611 ], [ -102.2829992, 21.890808460000013 ], [ -102.283357, 21.891579860000014 ], [ -102.2834904, 21.89198871 ], [ -102.2835852, 21.892224420000016 ], [ -102.2837458, 21.89265368 ], [ -102.2838147, 21.89302602 ], [ -102.2838741, 21.893600480000014 ], [ -102.2838897, 21.89381866 ], [ -102.2839699, 21.894178909999983 ], [ -102.2841236, 21.895050949999966 ], [ -102.2842372, 21.895477809999985 ], [ -102.2841728, 21.895607 ], [ -102.2841923, 21.89581467 ], [ -102.2842564, 21.89613637 ], [ -102.2844566, 21.89633526 ], [ -102.284523, 21.896676480000011 ], [ -102.2846133, 21.897093800000022 ], [ -102.2847629, 21.89792654 ], [ -102.2849846, 21.89934148 ], [ -102.2852966, 21.90111411 ], [ -102.2854875, 21.902116070000019 ], [ -102.2855911, 21.90284677 ], [ -102.2856561, 21.90328154 ], [ -102.2859692, 21.904995519999979 ], [ -102.2861443, 21.90605493 ], [ -102.2863245, 21.907179450000012 ], [ -102.286323100000018, 21.90738535 ], [ -102.2862838, 21.90767090000001 ], [ -102.2862553, 21.908209349999989 ], [ -102.286258, 21.908458369999984 ], [ -102.2863176, 21.909885949999964 ], [ -102.2863438, 21.91117002999998 ], [ -102.2864171, 21.913312 ], [ -102.2864499, 21.91500219000001 ], [ -102.2864301, 21.91542143 ], [ -102.2863805, 21.91568091 ], [ -102.286027, 21.91766387 ], [ -102.2857232, 21.91932375 ], [ -102.285479, 21.920634739999986 ], [ -102.2852161, 21.92180475 ], [ -102.284998200000018, 21.922679230000011 ], [ -102.2846874, 21.924086249999984 ], [ -102.284437, 21.925165520000043 ], [ -102.2840177, 21.926930349999978 ], [ -102.2836874, 21.92836789 ], [ -102.2834609, 21.929265039999979 ], [ -102.2832201, 21.930457980000011 ], [ -102.2829599, 21.93167016 ], [ -102.2827452, 21.932414860000012 ], [ -102.2822098, 21.93370828000004 ], [ -102.2817815, 21.93472574 ], [ -102.2815818, 21.935233209999986 ], [ -102.2815247, 21.93542995000001 ], [ -102.2814021, 21.93611156 ], [ -102.281147600000011, 21.93721906 ], [ -102.2810248, 21.93766587 ], [ -102.2809027, 21.9379248 ], [ -102.280266, 21.93901883999996 ], [ -102.279655100000014, 21.940010130000022 ], [ -102.2790287, 21.94106442 ], [ -102.278599, 21.941720400000023 ], [ -102.277958100000021, 21.94277683 ], [ -102.2771743, 21.944013219999977 ], [ -102.2766237, 21.944882380000013 ], [ -102.2764626, 21.945124289999978 ], [ -102.2763522, 21.945344990000013 ], [ -102.2762348, 21.945614310000014 ], [ -102.2762213, 21.945632049999979 ], [ -102.2761118, 21.946078410000016 ], [ -102.2757609, 21.947630929999981 ], [ -102.2753668, 21.94943087 ], [ -102.275104900000017, 21.950528250000016 ], [ -102.2750532, 21.950739849999987 ], [ -102.2749934, 21.95089899 ], [ -102.2744877, 21.952031780000013 ], [ -102.273346, 21.95446867 ], [ -102.2723926, 21.95650987999997 ], [ -102.2720712, 21.957179480000015 ], [ -102.271939900000021, 21.957598749999967 ], [ -102.2713919, 21.95931978 ], [ -102.271287700000016, 21.95955626 ], [ -102.2713107, 21.959633969999981 ], [ -102.2713791, 21.959712820000046 ], [ -102.2716347, 21.959778780000022 ], [ -102.2733196, 21.96003366 ] ] } },
{ "type": "Feature", "properties": { "route_id": "R_52", "route_short_name": "R52", "route_long_name": "R-52", "route_km": 8.1102037938990534, "n_stops": 21, "straight_line_km": 7.4912472656135076, "connects_to_existing": true, "total_score": 0.2753292352523784, "pareto_rank": 1, "feasible": true, "flag": "Low demand", "detour_ratio": 1.083, "n_served_agebs": 25, "f1_demand_gain": 0.0072407813562159716, "f3_equity": 0.34269394204795151 }, "geometry": { "type": "LineString", "coordinates": [ [ -102.2558866, 21.84383255000002 ], [ -102.2558082, 21.84383001 ], [ -102.2557447, 21.84390403 ], [ -102.2556883, 21.844041820000015 ], [ -102.2553257, 21.84494398 ], [ -102.2548879, 21.84602571 ], [ -102.2546197, 21.846713950000019 ], [ -102.2541975, 21.847743880000021 ], [ -102.2537822, 21.84878436 ], [ -102.2533668, 21.84983451 ], [ -102.253186, 21.85026382 ], [ -102.2526318, 21.85164789 ], [ -102.2522877, 21.85243904 ], [ -102.2520573, 21.85288322 ], [ -102.2519359, 21.85305639000001 ], [ -102.2517049, 21.85337378 ], [ -102.2515922, 21.853533820000017 ], [ -102.2507938, 21.85416491 ], [ -102.2495428, 21.85515113 ], [ -102.2486878, 21.85584641 ], [ -102.2485898, 21.85596169 ], [ -102.247720900000019, 21.85711210000002 ], [ -102.2470745, 21.85795916 ], [ -102.2463203, 21.858951090000012 ], [ -102.2457168, 21.8597458 ], [ -102.244501, 21.86129742 ], [ -102.2438356, 21.862197140000035 ], [ -102.2431989, 21.863210920000018 ], [ -102.2430673, 21.863430220000023 ], [ -102.2429305, 21.863663850000016 ], [ -102.2423763, 21.865087509999988 ], [ -102.242264500000019, 21.86539328 ], [ -102.2415994, 21.867170469999984 ], [ -102.241454, 21.867500279999987 ], [ -102.2413966, 21.86777035 ], [ -102.2414178, 21.86800294 ], [ -102.2414944, 21.868219109999966 ], [ -102.2418599, 21.869190289999988 ], [ -102.2425909, 21.870925660000019 ], [ -102.242649900000018, 21.87115867 ], [ -102.2426566, 21.87129995 ], [ -102.2427093, 21.873863279999977 ], [ -102.2426713, 21.87563561 ], [ -102.242527700000011, 21.87762805 ], [ -102.2425063, 21.877819530000021 ], [ -102.2425194, 21.87812786 ], [ -102.242627, 21.879096470000015 ], [ -102.2428327, 21.881485459999976 ], [ -102.243043300000011, 21.88370213 ], [ -102.2431031, 21.88520924 ], [ -102.2431513, 21.88559317 ], [ -102.2433615, 21.88677958 ], [ -102.243714800000021, 21.888411229999971 ], [ -102.243974, 21.88930275 ], [ -102.2439803, 21.88935938 ], [ -102.2439597, 21.889452020000022 ], [ -102.2438902, 21.88958607 ], [ -102.2438474, 21.88968456000001 ], [ -102.2438376, 21.889794210000023 ], [ -102.2438882, 21.889873350000016 ], [ -102.2439551, 21.889921299999987 ], [ -102.2440386, 21.88996421 ], [ -102.2441056, 21.890001760000022 ], [ -102.2441676, 21.89007106 ], [ -102.2442422, 21.890204409999974 ], [ -102.2448733, 21.892467630000013 ], [ -102.2453146, 21.894014330000026 ], [ -102.2453658, 21.894105180000011 ], [ -102.245377, 21.894115939999974 ], [ -102.2454519, 21.89421513 ], [ -102.245531600000021, 21.89438513 ], [ -102.2457417, 21.894827450000015 ], [ -102.2461343, 21.896223720000034 ], [ -102.2464025, 21.897000190000014 ], [ -102.2464533, 21.89714959 ], [ -102.2464709, 21.89717807 ], [ -102.2464785, 21.897212850000017 ], [ -102.246532, 21.897312790000012 ], [ -102.2467772, 21.89808967 ], [ -102.2470692, 21.89915402 ], [ -102.2480959, 21.90371583000001 ], [ -102.2481169, 21.903798199999976 ], [ -102.248166, 21.90388706 ], [ -102.2486634, 21.905045969999978 ], [ -102.2491689, 21.90611112 ], [ -102.2497295, 21.90735286 ], [ -102.249980900000011, 21.907878629999963 ], [ -102.2507055, 21.90952693 ], [ -102.2513351, 21.910921160000012 ], [ -102.2516327, 21.91159423 ], [ -102.2516965, 21.91171617 ] ] } }
]
}
