cve_ageb,n_intersections,n_intersection_density,n_street_density,p_poi_density,p_employment_proxy,p_retail_density,p_service_density,p_land_use_mix,pe_population,pe_pop_density,pe_marginacion,pe_rezago,pe_dep_ratio,pe_youth_share,n_intersections_n,n_intersection_density_n,n_street_density_n,p_poi_density_n,p_employment_proxy_n,p_retail_density_n,p_service_density_n,p_land_use_mix_n,pe_population_n,pe_pop_density_n,pe_marginacion_n,pe_rezago_n,pe_dep_ratio_n,pe_youth_share_n
0100100012649,284.4825165483635,71.12062913709087,54175.59432755006,443.657257950424,255.0,182.88161778109082,27.093573004606046,1.2129927719630282,3435,11633.302908852722,124.983716385552,1.0,0.3544952681388013,0.21426491994177585,0.8836597482822883,0.7645650289617276,0.9796985344767547,0.7255880967481402,0.5593289641318496,0.6767711570543511,0.5196842640175331,0.8160332959464898,0.8896824134699808,0.9103737447478056,0.09758710187809327,0.3333333333333333,0.2255878979065099,0.6070839398350315
0100100012032,182.31586766449848,20.836099161656968,28878.124303894845,187.5248924549127,160.0,80.73988425142075,13.022561976035606,1.24910392195146,2435,6341.98768232934,122.796065081728,1.0,0.40103567318757194,0.14825462012320328,0.8144304759173161,0.5510514670041915,0.9231519763834356,0.6234760643571636,0.5125492679465677,0.5715426293619946,0.411421556103964,0.8403268461032553,0.8520989610244077,0.8513845437613919,0.2073521606483697,0.3333333333333333,0.25520451930118215,0.42005475701574263
0100100013990,163.59041790310283,33.55700880063648,34760.28799808186,293.6238270055692,0.0,125.83878300238679,4.19462610007956,0.963075687063864,3412,14312.064253471457,122.513438090277,2.0,0.6041372825575928,0.2063305978898007,0.797590740517584,0.6330857149710316,0.9398145173581571,0.676606569330089,0.0,0.6285697726962983,0.25670337924581377,0.6479031411611818,0.8889485203263534,0.9305242162336317,0.2215329253216327,0.6666666666666666,0.3844509979911954,0.5846033606877686
0100100014471,263.31737324119274,27.239728266330285,50405.20783215979,172.5182790200918,75.0,63.55936595477066,9.079909422110095,1.1137712633489112,1940,17615.024278893583,125.341875414794,0.0,0.5288082083662194,0.13505154639175257,0.8716211308178715,0.597008441629333,0.9732150325508458,0.6136052371213564,0.43683085300816044,0.5409174186079492,0.3599876489545811,0.7492826469940417,0.8272778619312179,0.9507156695197513,0.07961652913410333,0.0,0.3365143144148669,0.3826460481099656
0100100010799,114.20602401298021,39.622498126952316,21755.09218459424,592.0067367203463,415.0,172.4744036114395,69.92205551815114,1.2259589667755688,3683,8584.097682445023,122.824521434866,1.0,0.5377870563674322,0.14553353244637524,0.7418381827945428,0.6619845589715887,0.8976955379873446,0.7598488549252294,0.6083009918799324,0.6692092264324372,0.6639633387114269,0.8247562223590177,0.8972975543238654,0.8808182674767371,0.20592436762252497,0.3333333333333333,0.34222812677927505,0.41234500859806317
0100100011693,178.8585598614568,33.43150651616015,32450.308481154694,334.31506516160147,1035.0,113.6671221549445,21.730479235504095,1.0815900048433937,5784,9668.391684473514,124.328389874206,1.0,0.35959548447789275,0.18966113416320884,0.8114548297835207,0.6324355187673165,0.9336340072213685,0.6920019323154957,0.7003363754323808,0.6154759432334989,0.486680064964036,0.7276329067375813,0.9466076977865405,0.8923842704487537,0.1304680061181236,0.3333333333333333,0.2288334901222954,0.5373732134624251
0100100012278,147.31038069524746,37.921484139370634,26906.627757406484,565.9052248490694,1990.0,135.64223172928726,61.257782071291025,1.2177537907133935,3994,5825.3233712556275,123.259183955549,0.0,0.4062720225510923,0.19178768152228343,0.7813132876495048,0.654340291276586,0.9167965948811173,0.7544921679115139,0.7662301668635161,0.6382326521377744,0.643662648661144,0.8192362415144473,0.9061532741823615,0.843122299896721,0.18411524427429826,0.0,0.2585367416234224,0.543398430979803
0100100012507,180.74867156208006,31.434551576013924,40922.09542717729,605.115117838268,240.0,227.90049892610094,62.86910315202785,1.1946967918749247,3631,14267.357096563319,122.9273381043,1.0,0.4437375745526839,0.17075185899201323,0.8130886328117508,0.6217582338849713,0.9544821473636088,0.7624507234906417,0.5532385244654329,0.7051948923582716,0.6476437327237725,0.8037247898457448,0.8957442108811866,0.930219996085402,0.20076555746696667,0.3333333333333333,0.2823784565335261,0.4837969338107041
0100100012263,105.09222014685554,40.98596585727366,17372.246361578167,363.6190817081202,3415.0,67.25902089398754,62.004409886644765,1.1076194446613248,2472,2597.879682030269,125.355009311622,0.0,0.4927536231884058,0.15655339805825244,0.7289582736501924,0.6678842446808012,0.877475793990223,0.7019721863257802,0.8206818730572013,0.5481499754376182,0.6455199937527769,0.7451440494724982,0.8537461652362918,0.764616378838068,0.07895753793441462,0.0,0.313570487483531,0.44356796116504854
0100100013825,173.157092851,43.83723869645569,29330.49616047389,412.0700437466835,195.0,188.5001263947595,30.686067087518985,1.1541411132193145,7386,16189.092250601088,125.164871101511,1.0,0.468097793679189,0.1960465746005957,0.8064204371702822,0.6796258716990823,0.9245489811228129,0.7168192829214285,0.5323909711591948,0.6806775617064172,0.5384329010815361,0.7764412108437645,0.9733190887549491,0.9425073229816343,0.08849769260660922,0.3333333333333333,0.2978804141594839,0.5554652947016878
0100100012634,313.83294987266373,136.44910864028859,42261.5170013811,782.3082228709878,60.0,295.6397353872919,40.934732592086576,1.1718612214620092,3325,15123.109540965317,122.450231854772,1.0,0.4320827943078913,0.20270676691729322,0.8989539483500134,0.8798149570235143,0.9573768395864811,0.7929694031512448,0.4146541464446416,0.7388408882312377,0.5820944706286045,0.7883623027645459,0.8861270307291207,0.9358840745502128,0.2247042882087289,0.3333333333333333,0.2749617781959308,0.5743358395989975
0100100012013,81.64581125256221,36.657303011354465,28612.587143895864,134.96552472362325,350.0,43.322267195237096,23.327374643589206,1.3806605003613515,3538,5895.160820644186,125.0377111647,0.0,0.5369244135534318,0.1520633126059921,0.6899271148742661,0.6484395116821466,0.9223217215940003,0.5845829701025048,0.5911636769410976,0.4921030685737044,0.4972583300397524,0.9288307108950719,0.8929098306900004,0.84428099251838,0.09487792235935177,0.0,0.34167917226127476,0.43084605238364426
0100100012988,252.52269537042102,32.937742874402744,29167.54899249081,592.8793717392493,80.0,241.54344774562009,10.979247624800914,0.9790635502591003,1138,12494.38379702344,124.089694702319,1.0,0.4094292803970223,0.20826010544815465,0.8651045118101975,0.6298542396720221,0.9240482696698493,0.7600238420039619,0.4432577168580952,0.7127089744913938,0.38688400084644736,0.6586588760673646,0.7690312572647154,0.9173171275603481,0.14244449868097397,0.3333333333333333,0.26054590570719605,0.5900702987697715
0100100012884,172.20796722430012,56.461628598131185,31295.441872062653,465.8084359345823,320.0,146.80023435514107,87.51552432710334,1.3399834728877746,2516,7102.8728776449025,124.715223044234,0.0,0.4837758112094395,0.14308426073131955,0.8055663857373218,0.7239589656923233,0.9303770634106548,0.7313733761162954,0.5821516474936257,0.6484207102348827,0.6984885368056275,0.9014654952352538,0.8556732193700263,0.8624013770328911,0.1110587128874363,0.0,0.307857334406007,0.4054054054054054
0100100010873,109.55022278187259,31.952148311379506,21227.04053407562,670.9951145389697,755.0,141.5023710932521,45.64592615911358,1.204746695519383,912,4162.908465711159,123.619426536882,1.0,0.4483306836248013,0.14364035087719298,0.7353911242479535,0.6245875423507555,0.8954870966311907,0.7747294304391195,0.6685548937396499,0.6436829344248268,0.5986829027480074,0.8104857996262564,0.7448640251691803,0.8104548103275702,0.166040129633106,0.3333333333333333,0.28530134412487357,0.40698099415204675
0100100012719,168.66609191721207,48.78771253803655,34651.349777600924,542.2405764941777,3355.0,174.24183049298767,82.24214399269019,1.3974761545215577,6878,9587.482481046154,123.908017394442,1.0,0.35901995653033,0.20412910729863332,0.8023374495307465,0.698341608024288,0.9395323988265601,0.7494179613639445,0.8188944493152909,0.670524904042562,0.6889185183044784,0.9401433369922928,0.9655337827944892,0.8915671491598004,0.15156012891943382,0.3333333333333333,0.22846724506475544,0.5783658040127944
0100100012812,261.9473279323925,88.59983150654453,47658.29119124649,643.3118200692581,75.0,265.7994945196336,26.965166110687466,1.1129560429490626,5209,20065.935752938716,121.452746252519,1.0,0.40555855369670807,0.21366865041274716,0.870808950262714,0.8033466098573183,0.9681784187862176,0.769723244710759,0.43683085300816044,0.7250802601672259,0.5189705091615205,0.7487342125720173,0.9351683956777245,0.9633831580722461,0.274752970812953,0.3333333333333333,0.2580827159888142,0.6053945095027836
0100100013261,191.52643919597082,38.305287839194165,38335.363774041856,982.4179704640386,730.0,403.33214842445625,74.35732345255339,1.1136128137590122,6850,15434.777746969414,125.171391272277,0.0,0.3484251968503937,0.24204379562043796,0.8220919662187295,0.6560938743716996,0.9486133336682535,0.8200431850155501,0.6651629251595835,0.7790397119751237,0.6734142392804611,0.7491760510240778,0.9650881074343047,0.9378676567407199,0.08817054406786717,0.0,0.22172512526843235,0.6857907542579075
0100100011689,205.6390001985645,53.644956573538565,39209.784185604796,558.80163097436,60.0,236.93189153312866,22.3520652389744,1.0497709839481986,5188,23192.50289195984,122.736363176086,1.0,0.4645580344535442,0.17521202775636083,0.8331474901825353,0.7149771180483963,0.9506404032235908,0.752991601386399,0.4146541464446416,0.7102174439450086,0.49088340396463137,0.7062268595664382,0.9347270703677997,0.9774640158544978,0.2103476943378736,0.3333333333333333,0.2956278401068009,0.4964340786430223
0100100011744,417.65921441698896,61.69965667523701,60693.35426453119,635.9810764985968,100.0,313.2444108127417,37.96901949245354,1.1074987825802411,5416,25705.02619639105,121.545942349454,2.0,0.5599078341013825,0.16783604135893648,0.9434973334002307,0.7395490221652771,0.9899091200255739,0.7683615283332151,0.4655163164522935,0.7463237188265699,0.5706667815634168,0.7450628748126005,0.939425802271495,0.9874659141581105,0.27007687136358105,0.6666666666666666,0.35630498533724336,0.47553545051698665
0100100010869,142.88854523402736,53.3869289885377,28120.399917715116,862.0418827855058,4320.0,153.879971790491,339.1640194565924,1.2909332331951997,1449,2275.2252971879743,124.48668539181,0.0,0.3959537572254335,0.16908212560386474,0.7765828372163665,0.7141312891022623,0.9207622191495574,0.8045050435728545,0.8443874410275344,0.6544935080888533,0.908237106622708,0.868467253458,0.7954104168347974,0.7517254766253819,0.12252555351495842,0.0,0.2519705727798213,0.4790660225442834
0100100012460,120.95292858409398,16.127057144545866,26856.797220833258,217.71527145136918,715.0,60.47646429204699,32.25411428909173,1.4242917487605782,1752,7063.651029311089,125.01290529327,0.0,0.38717339667458434,0.15753424657534246,0.7507328074600544,0.507642883156611,0.9166299897427392,0.6411526256144185,0.6630716068393137,0.5345666138982975,0.5459583664073323,0.9581833601939304,0.8161460241823405,0.8618629845997255,0.09612255304185724,0.0,0.24638307061109913,0.44634703196347025
0100100010642,158.2628361524005,52.75427871746683,26368.674680181408,1270.1607106590093,950.0,288.11952222616503,251.59732926791875,1.336751072266199,1347,5466.154879417525,124.309438145307,0.0,0.5117845117845118,0.12100965107646622,0.7924483338708205,0.7120403251025529,0.9149814440644061,0.8505850876043325,0.6917012621375351,0.7355080723094461,0.8618655292130997,0.8992909179467387,0.7874401018666569,0.836934854403888,0.13141890612342177,0.0,0.32568105295378025,0.3428606780499876
0100100010835,199.11897286071564,104.30041435561296,28415.5154123114,967.1492967520475,1275.0,139.0672191408173,363.471140936227,1.3209647903738546,1432,4526.005859310235,123.84564000292,0.0,0.6099210822998873,0.1319832402234637,0.8281368188178476,0.8322011794043161,0.9217005412638593,0.8181810594485466,0.721353463722248,0.6414458216842486,0.9189904837722317,0.8886707956005002,0.7941217524066642,0.818585079569277,0.1546899046905449,0.0,0.388131597827201,0.37395251396648044
0100100014081,393.2033201107337,112.34380574592393,54861.276364176694,505.54712585665766,60.0,224.68761149184786,14.042975718240491,1.0274446057428508,468,6572.11263613655,126.928657271584,0.0,0.49044585987261147,0.1388888888888889,0.9340905117818601,0.8453554371620492,0.9808289625607209,0.7410956043424439,0.4146541464446416,0.7033602089062587,0.42236564872383286,0.6912069283561529,0.6720757288489422,0.8548500976391176,0.0,0.0,0.31210191082802546,0.3935185185185185
0100100010290,188.31407060117888,84.06878151838343,34141.52547559217,1382.0907681622236,2080.0,245.48084203367964,612.0207294538314,1.2234242633280126,1668,5609.069102906543,125.053211354801,0.0,0.4708994708994709,0.14808153477218225,0.8194623098884402,0.7940729632044443,0.9382002026494538,0.8606276515926625,0.7706896787970495,0.7147990613563039,1.0,0.8230510164778574,0.8107804394103755,0.8394442145964609,0.09410020276829445,0.0,0.29966329966329963,0.419564348521183
0100100013045,241.15610185114946,87.69312794587253,33275.07627512416,1045.0097746883143,195.0,573.6592119792494,32.884922979702196,0.988753924282752,4365,15949.187645155565,123.023369218427,1.0,0.5224973840251134,0.20962199312714777,0.8579356285775691,0.801528986105351,0.935889824529165,0.8273860230925043,0.5323909711591948,0.8246667047841295,0.5488861477522741,0.6651780145455581,0.915856842999025,0.9410555744816503,0.19594721147759442,0.3333333333333333,0.33249833528870854,0.5939289805269187
0100100012259,173.53380863959057,83.70454299086133,31789.941397504655,1380.1041722395673,3020.0,271.529371165477,234.7810352182696,1.071651250537571,1552,3168.5231883369947,124.707092114466,0.0,0.3919282511210762,0.18814432989690721,0.8067581276008348,0.7933061559503135,0.9317861187373316,0.8604566015215208,0.8082870179997802,0.7278381976869632,0.8511318428077908,0.72094667197902,0.8029090621521691,0.7839194513058051,0.1114666810047873,0.0,0.2494088870770485,0.5330756013745704
0100100014058,281.54443958045533,125.13086203575791,36546.26880486716,218.97900856257635,20.0,83.42057469050528,10.42757183631316,0.9963138503795772,1642,17122.07295522621,125.993993275321,0.0,0.5203703703703704,0.15286236297198538,0.8820429960338186,0.864458076418853,0.9443177228120648,0.6418382374104339,0.30709379427763994,0.5757308846047398,0.37953843500307227,0.6702639075141703,0.809064814002443,0.9479556697200151,0.046896618442316074,0.0,0.33114478114478113,0.43311002842062524
0100100012494,430.1289682718933,51.912116860400914,55645.65641670886,1364.5470717591097,40.0,741.6016694342989,29.664066777371954,0.9756150452694193,3943,29241.353825794402,122.413350064235,2.0,0.488486221215553,0.17955871164088258,0.9480842806488989,0.7092183960557767,0.9821049083875555,0.8591085326049726,0.3745792516281934,0.8579430044100912,0.5333248428740383,0.6563389159176738,0.9047493589816508,1.0,0.22655482622581136,0.6666666666666666,0.310854868046261,0.5087496829825006
0100100013153,124.19762336191422,17.431245384128314,24411.41430088997,252.75305806986054,160.0,82.79841557460949,8.715622692064157,1.040499853170447,2042,4449.3253842987515,122.784236919993,1.0,0.4861717612809316,0.19637610186092067,0.7548365735241455,0.5207577303095552,0.9080495962779849,0.6588351522146009,0.5125492679465677,0.5747708101764931,0.3542527139016794,0.6999897643581329,0.8328742302309337,0.816923800871959,0.20794563679592437,0.3333333333333333,0.3093820299060474,0.5563989552726085
0100100013238,293.6384363282803,68.51563514326541,55475.06142182461,587.2768726565606,80.0,225.1228011850149,19.57589575521869,1.1646918600343699,1642,8035.905207517271,117.455749200235,2.0,0.550519357884797,0.20828258221680876,0.8885933588914123,0.7579907162529025,0.9818289398589045,0.7588958851766843,0.4432577168580952,0.7036102428522398,0.47116428858237386,0.7835391597328194,0.809064814002443,0.8744017166749709,0.47530166684219566,0.6666666666666666,0.35033050047214354,0.5901339829476248
0100100012564,207.4433305086184,56.57545377507775,43835.00718491919,483.24866766212244,950.0,181.5129141950411,28.287726887538874,1.0624866988747481,5349,12609.254260120453,124.835350350694,1.0,0.34838546922300706,0.2065806692839783,0.8345062100046396,0.7243126124944785,0.9606624228265801,0.7357382998227807,0.6917012621375351,0.675801453658078,0.5261699500645654,0.7147812772032685,0.9380658733081835,0.9182070138764866,0.10503134425220229,0.3333333333333333,0.22169984405100449,0.5853118963046051
0100100012314,236.52539740577353,38.98770286908355,47057.692537713614,686.1835704958704,260.0,233.9262172145013,49.38442363417249,1.1363254072061266,4871,12660.606711687064,124.364923867999,1.0,0.4406980183377699,0.15356189694107986,0.8549180890757736,0.659169926036186,0.9670385535284676,0.7773891598868424,0.5612800431511622,0.7085674080045588,0.6106946956753541,0.7644558061211727,0.9278390818080645,0.9186022157048155,0.128634918747759,0.3333333333333333,0.28044419348767174,0.43509204133305956
0100100011975,101.27349770701113,35.17921499296176,17034.970935825615,1176.9046470372664,4230.0,652.4145325967454,20.25469954140223,0.9188731685416367,933,994.6123511646463,123.853582613394,0.0,0.47393364928909953,0.13933547695605572,0.7232291811394601,0.6412837440559921,0.8757137384186742,0.841517974132921,0.8422643299913279,0.8413364264434007,0.4762212732526233,0.6181661734623105,0.7473488835516179,0.6713125839524163,0.15429138546403798,0.0,0.3015941404566997,0.39478385137549116
0100100010623,134.94802727893205,46.38838437713289,21243.987392587296,2150.7341847579796,1285.0,868.727925608125,240.3761735905977,1.185283285720872,999,4212.90872661416,123.696684846365,0.0,0.5045180722891566,0.12912912912912913,0.7677111476182642,0.6895151269826723,0.895558821834837,0.9132207585996603,0.7221408809946185,0.878452751548007,0.8547858765136344,0.7973919124940746,0.7548097054241745,0.8116155663263506,0.16216370615278708,0.0,0.3210569550930996,0.36586586586586584
0100100011354,76.28745741623494,17.824172293512838,16504.253219966165,197.49182901212222,2595.0,81.27822565841853,14.972304726550783,1.0577464636759581,4573,3260.397595929368,124.445562802415,0.0,0.40190067443286326,0.1856549311174284,0.6794509932861775,0.5245274369726873,0.8728691678637588,0.6296067679094063,0.7929938593947563,0.5723946380374663,0.43170522352699403,0.7115923136395613,0.9209423554997288,0.7866981747823049,0.1245888729451794,0.0,0.2557549746390948,0.5260223048327137
0100100010286,145.7191622073177,62.74019483926179,29807.833198319848,1024.0818899569829,1450.0,414.8948368402796,135.59977594292064,1.2681745246982363,3262,6601.887598892644,124.811750643578,0.0,0.5645083932853717,0.1640098099325567,0.7796274571813945,0.7424904145164436,0.9259999116307781,0.8249809786384704,0.7343172541774622,0.7826992816073854,0.7660875394413085,0.8531564747497254,0.8840374228130585,0.8552896015679646,0.10621545583068903,0.0,0.3592326139088729,0.4646944614755773
0100100010746,262.0809851477684,108.44730419907658,33048.46312470047,316.3046372473067,235.0,72.29820279938438,54.22365209953829,1.3474392491330314,390,3524.537386469989,124.181797408292,1.0,0.5476190476190477,0.12564102564102564,0.8708883700419557,0.8391038484181931,0.9352756358680929,0.6854320672133178,0.5511238214275854,0.5573945733371188,0.6249831923378686,0.9064813220430344,0.652200058219122,0.7942712792179569,0.1378232599504886,0.3333333333333333,0.3484848484848485,0.35598290598290594
0100100013098,141.61913662674672,26.641223721863245,26259.192555850565,172.4668693573252,705.0,43.46725975672424,26.641223721863245,1.229362519449335,2985,4185.476463671673,125.813559344576,0.0,0.4019746121297602,0.2,0.7751979532488236,0.5931802877989034,0.9146074993885733,0.6135699743708874,0.661652910592285,0.49252696606003704,0.517155197094984,0.8270459411195062,0.8743438369395361,0.8109804425553627,0.055949862429489516,0.0,0.2558020259007565,0.5666666666666667
0100100010337,309.91378016442735,129.13074173517805,40394.01635087917,819.9802100183806,470.0,271.1745576438739,64.56537086758902,1.2178263595505698,1241,8012.562524667798,121.046891007365,1.0,0.5245700245700246,0.17405318291700242,0.896996246561381,0.8700372231082165,0.9533147638220094,0.7985592284224686,0.6208260126160551,0.7276691083618306,0.6517276092115756,0.8192850617454931,0.7784910034343303,0.8741188656399901,0.295116693659772,0.3333333333333333,0.3338172883627429,0.4931506849315068
0100100012969,282.60343587326,87.5672618198834,44964.76441651456,692.5774343936232,180.0,310.46574645231385,31.84264066177578,1.0896898191399857,4449,17708.488538030055,123.143029188724,1.0,0.39328311362209667,0.2580355135985615,0.8826276655382278,0.8012752008676236,0.9629495100041114,0.7784912834578882,0.5243601288963453,0.7451709500210212,0.5440185046638244,0.7330820061137513,0.917939181723285,0.951230249037297,0.18994329136055377,0.3333333333333333,0.2502710723049706,0.7311006218625908
0100100010638,50.497105901165654,25.248552950582827,14176.39702254219,4460.577687936299,3080.0,2217.6645674928586,382.9363864171729,1.0743775161527929,472,1986.2194987791825,123.68068223199,0.0,0.5442622950819672,0.11864406779661017,0.6159986138086535,0.5839416507569121,0.859204646350778,1.0,0.8102707130110745,1.0,0.9270967898116046,0.722780750109605,0.6730037165636262,0.7385214365440037,0.16296663480246687,0.0,0.34634873323397913,0.3361581920903955
0100100011462,46.92155305206252,7.038232957809378,14160.184678170532,487.98415174145026,1505.0,227.56953230250323,7.038232957809378,0.9911324847364752,334,783.5899359694441,122.19158767006,1.0,0.4649122807017544,0.17664670658682635,0.6047523561248617,0.37246069302279994,0.859101806001404,0.7368963659921376,0.738069949551406,0.7050070912713255,0.32472418094857763,0.6667781762048222,0.6353094423274409,0.6481492930833233,0.23768171934040738,0.3333333333333333,0.2958532695374801,0.5004990019960079
0100100010445,207.12463419785726,164.27126160519714,46409.46246707092,678.5117327171187,20.0,228.55132049418734,21.42668629633006,1.1411357515278178,1858,13270.261046193753,120.649078716754,2.0,0.5600335852225021,0.16576964477933262,0.8342670785915333,0.9127566201462117,0.9657918488002118,0.7760531348920477,0.30709379427763994,0.705563398731379,0.48458372914629727,0.7676919351585407,0.822561271047684,0.9231752824104421,0.3150768625322642,0.6666666666666666,0.3563850087779559,0.46968066020810906
0100100013581,251.73941813141934,16.782627875427956,37686.221973248816,268.5220460068473,0.0,125.86970906570967,0.0,0.7616850993243827,3371,14143.55964201691,125.115759316499,0.0,0.44989247311827957,0.17858202313853455,0.8646209123547216,0.5143555300507917,0.9470783718826093,0.6660095851020713,0.0,0.6286014148556955,0.0,0.5124188836419138,0.8876279248087896,0.929372587159711,0.09096186866553269,0.0,0.2862952101661779,0.5059823988925145
0100100013079,161.37352772084643,39.819441905143925,30890.27611203729,289.2148938373611,365.0,108.97952521407811,16.766080802165863,1.0022716642564036,3852,8072.867906242863,125.272774609532,0.0,0.3158974358974359,0.23286604361370716,0.7954714214403144,0.6628488581878501,0.9292058661501399,0.6748122987469451,0.5953846961756466,0.6100585564989018,0.4482879886016263,0.6742719895134343,0.9021986312344666,0.8748479299045442,0.08308365112808824,0.0,0.20102564102564105,0.6597871235721703
0100100012047,209.98303722784385,55.583745148546896,42779.01847819154,605.245224950844,280.0,216.15900891101572,24.70388673268751,1.1163193608900142,1046,6460.066380597784,121.590637415143,1.0,0.5203488372093024,0.1701720841300191,0.8363988958066596,0.72120767242938,0.9584707368625299,0.7624762652983483,0.5687275309370029,0.6983603848844944,0.5058336729715084,0.7509968636678099,0.7598283550649068,0.853178165086983,0.2678343034993521,0.3333333333333333,0.3311310782241015,0.48215423836838744
0100100012456,25.703787345679814,9.179924052028504,2474.5035470001335,7.343939241622803,20.0,1.8359848104057008,0.0,0.5623351446188083,938,1722.1537521605474,125.165770442579,0.0,0.35942028985507246,0.2260127931769723,0.5133635488895213,0.41467252749233224,0.7023446261707912,0.2524658299946808,0.30709379427763994,0.1352933356573366,0.0,0.3783074492251128,0.7479322800076541,0.7246563136424529,0.08845256831051529,0.0,0.2287220026350461,0.6403695806680881
0100100012297,202.33599015927143,79.29383398133609,35623.332709266804,486.70008443716637,2785.0,150.38485755080984,73.8252937067612,1.3409374648129904,2002,5474.008814849478,123.621966371392,1.0,0.5098039215686274,0.14685314685314685,0.8306291911189758,0.7837496016444897,0.9420187980869305,0.736583458348472,0.8001186528886546,0.6515309997690935,0.6723103605542071,0.9021072873324814,0.8307136082469644,0.8370744522067852,0.16591269383757046,0.3333333333333333,0.3244206773618538,0.41608391608391604
0100100012526,68.06977796691405,17.91309946497738,13448.695951351096,164.80051507779189,700.0,46.574058608941186,21.495719357972856,1.2077796826271194,3113,3717.5652422983053,124.95140004165,0.0,0.28742762613730355,0.22293607452618053,0.6618823838383417,0.5253696731676172,0.8544686203290834,0.6081909560655875,0.6609360089223993,0.5012923673022868,0.48506257725063795,0.8125262227213453,0.8789302632108199,0.7994548925613035,0.0992085693310839,0.0,0.18290848936010226,0.6316522111575115
0100100010888,173.75344118029366,78.46929601690681,27465.28916871395,592.2563532704633,2205.0,132.65047660000914,61.65444687042678,1.173752225304074,2001,3738.5014602340602,122.838652505234,0.0,0.5353846153846153,0.13043478260869565,0.8069546714186477,0.7819049809770617,0.9186436043591792,0.7598989361195898,0.776573527659765,0.6353593193673988,0.6446521661280193,0.7896344637646402,0.8306590415059297,0.8000008609493091,0.20521534339790637,0.0,0.34069930069930066,0.3695652173913043
0100100011316,92.96669497864417,24.46491973122215,20593.890850455864,180.06180922179502,1580.0,62.6301945119287,5.871580735493316,1.075464918224028,1981,1938.6002395020432,121.861094330264,1.0,0.44072727272727275,0.19636547198384655,0.7099903115026617,0.5785252411690248,0.8927655179621435,0.6186694054906092,0.7429721601293364,0.5390358187291602,0.30029205831743383,0.7235122930476333,0.8295619449740436,0.7361628199501752,0.25426417048446426,0.3333333333333333,0.2804628099173554,0.5563688372875651
0100100012846,184.52154932599151,71.29241678504218,44718.108243672876,675.1811236701053,80.0,230.65193665748941,8.387343151181433,1.1110513547575493,2079,8718.6432056531,122.267697774387,1.0,0.5153061224489796,0.18566618566618567,0.8162996872926898,0.7649901913404089,0.9624551200079409,0.7754684181408656,0.4432577168580952,0.7067457154079175,0.3488973489021283,0.7474528455114737,0.8348354694806653,0.8823304607157905,0.23386290687250544,0.3333333333333333,0.3279220779220779,0.5260541927208594
0100100012579,214.7882706335961,31.586510387293544,39218.07681986038,518.0187703516141,200.0,183.20176024630257,34.7451614260229,1.1639742035578886,4035,12745.156941272946,123.674089617274,1.0,0.36826042726347913,0.18934324659231722,0.8399184123050293,0.6225935324546824,0.9506594099294683,0.743990039829886,0.5349318521182933,0.6769969309171672,0.5572129519484454,0.7830563608296465,0.9072689770051675,0.9192494243992676,0.1632974182049618,0.3333333333333333,0.234347544622214,0.5364725320115654
0100100014429,132.05214438847037,29.344920975215636,47699.00110639086,14.672460487607818,0.0,0.0,0.0,0.0,186,2729.077650695054,125.649117454066,0.0,0.4198473282442748,0.0967741935483871,0.7643461048080203,0.6098572891635785,0.968255160764565,0.32748074060904003,0.0,0.0,0.0,0.0,0.5716026979333994,0.7694056235404325,0.06420070832278835,0.0,0.26717557251908397,0.27419354838709675
0100100010229,92.30431517663536,12.70242869403239,18031.915593167134,250.66125956223914,5050.0,93.99797233583968,18.630228751247504,0.9688297989949293,300,254.04857388064778,123.608219064388,0.0,0.2765957446808511,0.14333333333333334,0.7088847479398526,0.46777600459668167,0.8808253976561131,0.6578501048799847,0.8601328178070974,0.5910520523443629,0.4638338589585371,0.6517741839512828,0.6236153488044724,0.5388751133935398,0.166602462795992,0.0,0.17601547388781433,0.4061111111111111
0100100012210,160.45841525445712,72.58833071034965,36439.9176783604,343.83946125955094,295.0,133.71534604538093,42.02482304283401,1.379391415047103,3798,14510.02526515305,118.619312799393,2.0,0.5971404541631623,0.1848341232227488,0.7945881354952712,0.7681653009248434,0.944055792587432,0.6953349725613792,0.5739731308857459,0.6363893447196197,0.5860927896015647,0.9279769416923522,0.9006563749946671,0.9318599665464428,0.4169200469646217,0.6666666666666666,0.3799984708311033,0.5236966824644549
0100100013295,130.326861175652,25.062857918394617,24152.489548420806,428.57487040454794,1745.0,122.80800380013363,42.60685846127085,1.2252939062506665,1470,3684.240114004009,124.367829252108,0.0,0.5995647442872688,0.12040816326530612,0.7623063170791861,0.5826729044411216,0.9070912068917512,0.7214816259561546,0.752985280618156,0.6254307836534312,0.5881863355876953,0.824308807053103,0.7969815961331164,0.7985794772070354,0.12848914155880886,0.0,0.38154120091008015,0.341156462585034
0100100012117,192.94142067129684,67.88679616212296,35669.64962021362,357.29892716906824,585.0,96.47071033564842,53.594839075360234,1.2058355702696983,1626,5809.6805557690495,124.054870778466,1.0,0.505097312326228,0.14452644526445266,0.8232363842462372,0.7563667842431537,0.9421355802375686,0.699891378218392,0.6428617283535274,0.5943872256064672,0.6231989489206772,0.8112183332999193,0.8079954976117103,0.842860862089189,0.14419178356209483,0.3333333333333333,0.32142556238941783,0.40949159491594916
0100100013064,221.16080193398173,88.46432077359269,34995.479063780294,239.59086876181354,120.0,110.58040096699087,18.430066827831812,1.1341535689111724,2342,8632.64330215642,122.498243037133,1.0,0.4729559748427673,0.22929120409906062,0.844466872491307,0.8030761304263723,0.9404205913974224,0.652496690077154,0.4837400759343419,0.611934200654118,0.46223704969752455,0.7629947155004708,0.8478456095008066,0.8813666002405013,0.22229533471405027,0.3333333333333333,0.3009719839908519,0.6496584116140051
0100100012780,177.65825204617101,66.24544991552139,40391.463314389344,373.3834449783933,95.0,132.49089983104278,33.122724957760695,1.2200420835266685,4663,14041.024225276193,123.292853482228,1.0,0.4338868388683887,0.22324683680034313,0.8104083517694609,0.7520572596831429,0.9533090830318256,0.7051170772882013,0.46039503179692975,0.6352042574910682,0.5499757369246185,0.8207756761835308,0.9230715180571547,0.9286650850125737,0.18242588108912028,0.3333333333333333,0.27610980655261097,0.6325327042676389
0100100012865,257.3636747151065,26.623828418804123,43637.716975335075,230.7398462963024,60.0,124.24453262108591,4.437304736467354,0.9008015678464758,4328,19204.65489943071,122.856414807817,1.0,0.4560753954897341,0.18345656192236598,0.8680606041054268,0.5930677883104924,0.9602569894713612,0.6480362222686644,0.4146541464446416,0.6269280693160015,0.26381712179685013,0.6060086171939121,0.9149268808185845,0.9591171735808148,0.20432412267021938,0.3333333333333333,0.29022979712983077,0.5197935921133703
0100100014414,135.35653978566742,13.270248998594845,21706.65697287565,138.01058958538638,410.0,15.924298798313814,10.616199198875876,0.9934815593283322,1729,4588.852103714097,124.968640784455,0.0,0.3843074459567654,0.1717755928282244,0.7681800647883945,0.4750321446464921,0.8974952153712412,0.5872187044928827,0.607081295756642,0.36714794857786537,0.3820891629589685,0.66835850143505,0.8147028750841807,0.8199257913020306,0.09834351778291162,0.0,0.2445592837906689,0.48669751301330244
0100100010464,152.81201801594196,76.40600900797098,25179.30408918459,1866.489648623291,115.0,731.3146576477222,109.15144143995853,1.2888707783300715,304,3318.2038197747397,124.514954603793,0.0,0.6612021857923497,0.125,0.7870057795634333,0.7772038838667139,0.9108332260675035,0.8963607473845313,0.479483425755077,0.856132475884764,0.7325590604703826,0.8670797498551486,0.6250578766408905,0.7884066731737847,0.12110715026701868,0.0,0.42076502732240434,0.35416666666666663
0100100010426,267.2524793355091,112.8399357194372,34568.1891380296,742.367998154192,235.0,225.6798714388744,35.633663911401214,1.1634609717178461,2027,12038.239458068378,120.331470521404,2.0,0.53444360333081,0.1637888505180069,0.8739307115561825,0.8461359643336115,0.9393164392008702,0.7867414550413542,0.5511238214275854,0.7039296007652182,0.5610383112578264,0.7827110873212672,0.8320689952187943,0.9137008035753249,0.33101280358812424,0.6666666666666666,0.3401004748468791,0.46406840980101954
0100100012475,171.30924485366685,39.671614597691274,35555.788900275,403.9291668128566,330.0,119.01484379307381,43.27812501566321,1.1552906406142696,4273,7705.309507997036,125.450534239965,0.0,0.3501896333754741,0.1787970980575708,0.8047533638777619,0.6622005010258032,0.9418482225927798,0.7144505562166102,0.585245989540125,0.6213921144863905,0.5905664184671554,0.7772145482045205,0.9135297109485718,0.8703169992356549,0.07416458973683515,0.0,0.22284794851166534,0.5065917778297839
0100100012028,156.3021365732173,60.78416422291784,26611.621861997595,662.836838430866,300.0,234.45320485982595,89.7290043290692,1.2793541827727577,2916,8440.315374953734,124.983666188963,0.0,0.5908346972176759,0.12928669410150892,0.790512361622347,0.736920456650593,0.9158057338477558,0.7732758660192156,0.5756627456072023,0.7088582310221281,0.7023367141037076,0.8606775197526091,0.8717892151262887,0.879175836991903,0.09758962048402109,0.0,0.3759857164112483,0.3663122999542752
0100100011392,67.06509641573852,34.490621013808386,16212.615984217779,291.25413300549303,60.0,145.62706650274652,5.748436835634731,1.0570907507620795,6245,11966.329346179631,120.601481817506,2.0,0.5635953930896345,0.15148118494795837,0.6595923934344945,0.6378496728812182,0.8712668378194137,0.6756455565981846,0.4146541464446416,0.6473863761184903,0.2974746462479478,0.7111511868804619,0.9549857374504465,0.913118223589099,0.31746502943715804,0.6666666666666666,0.3586516137843129,0.429196690685882
0100100011439,90.1189343963785,46.10736178419366,21725.846125800093,699.99358345094,215.0,352.0925808974788,44.01157261218485,1.1337419946946865,5647,11834.921454333708,122.809643391149,1.0,0.5046629363176126,0.14308482380024792,0.7051806952505162,0.688452209926217,0.8975746329717422,0.7797569643422516,0.542191649193015,0.7614521240454147,0.5931260697725443,0.7627178315221252,0.9439888414216087,0.9120445210578026,0.20667087111699378,0.3333333333333333,0.3211491412930262,0.4054070007673691
0100100010680,183.27051133106966,79.05786763301043,33187.991300605965,445.5988902951497,295.0,89.83848594660276,75.46432819514632,1.224363952000488,1202,4319.434404312661,124.51920359952,0.0,0.7598828696925329,0.11148086522462562,0.815242237024522,0.7832236498633944,0.9356542947561435,0.7261065951935903,0.5739731308857459,0.5852409596614128,0.6756863357525347,0.8236831861513195,0.7750047969335326,0.8140433006086344,0.12089395757727273,0.0,0.4835618261679755,0.3158624514697726
0100100013685,326.14202515302884,46.591717879004115,41703.36968148411,172.38935615231523,40.0,83.8650921822074,4.659171787900411,0.9683664110472688,1987,9257.774342558117,123.234764681708,1.0,0.5883293365307753,0.15500754906894817,0.9049477992483678,0.6902802761127115,0.9561819081791862,0.6135167870003682,0.3745792516281934,0.5764125105918381,0.27004828171596196,0.6514624426095605,0.8298922320667792,0.8881644761487784,0.185340477483814,0.3333333333333333,0.3743913959741298,0.43918805569535313
0100100012973,217.66368905173417,78.80926672562788,39652.32751959147,791.8454894813087,120.0,326.49553357760124,33.77540002526909,1.0797981427236505,4493,16861.43025705934,123.493814990374,1.0,0.42435775451950525,0.24860894725127977,0.8419871765852224,0.7826678569728502,0.9516491373937263,0.794409570521567,0.4837400759343419,0.751684546108974,0.5529276659556221,0.7264274427107105,0.919014296714137,0.9464640615195609,0.17234266914686436,0.3333333333333333,0.2700458437851397,0.7043920172119593
0100100013115,232.46488160389816,90.96451888848189,49041.68848607681,540.7335289481979,160.0,181.92903777696378,35.37509067885407,1.2034670891001338,2330,11774.851611675713,123.305091884087,1.0,0.3918757467144564,0.25407725321888414,0.8522232961462721,0.8080017936163347,0.9707502174904694,0.7490873710137576,0.5125492679465677,0.6760970374314574,0.5599347060494574,0.8096249524159929,0.8472845304931738,0.9115497284299588,0.18181182120811457,0.3333333333333333,0.24937547518192682,0.7198855507868384
0100100011477,41.825898430700775,14.14699505744291,12665.211712979082,134.70399641652162,20210.0,33.82977078953739,10.76401797848917,1.3017669734666995,1920,590.4832719628345,126.267755390171,0.0,0.3296398891966759,0.26197916666666665,0.5871825082767799,0.4856875406814237,0.8490741194564061,0.5843538515632474,1.0,0.4608213936721529,0.38405927152403974,0.8757555844237921,0.8261461076744904,0.6206750593726739,0.03316064755286985,0.0,0.20977083857970286,0.7422743055555555
0100100010356,180.35286152620787,135.2646461446559,27176.8668508611,734.2937933567035,60.0,302.7351604189918,70.85290988529596,1.2993293977604659,1237,7967.731775282827,123.676878670031,1.0,0.5006119951040392,0.16491511721907842,0.8127479076009546,0.8782682910883879,0.9176947818923114,0.7854418315921917,0.4146541464446416,0.7419088686788878,0.6659949430497064,0.8741157206227426,0.7781385195910893,0.8735733183491279,0.16315747792323143,0.3333333333333333,0.3185712696116613,0.4672594987873888
0100100011994,134.65936782200745,15.389642036800852,36159.64875198479,277.01355666241534,240.0,103.88008374840575,26.931873564401492,1.2419987066850273,1513,5821.132100419923,125.314418701127,0.0,0.3133680555555556,0.19299405155320556,0.7673789551809019,0.49977804124857644,0.9433618446283942,0.6697009733855656,0.5532385244654329,0.6038964972424401,0.5187849161767177,0.8355468570000284,0.8001299583481248,0.8430523202429044,0.08099416540731996,0.0,0.1994160353535354,0.5468164794007491
0100100014039,119.38476755893595,0.0,5476.1863011185205,47.75390702357438,20.0,0.0,0.0,0.0,381,9097.11928799092,126.692714774026,0.0,0.4007352941176471,0.1679790026246719,0.7487101556816632,0.0,0.7737230689254907,0.46253315867424855,0.30709379427763994,0.0,0.0,0.0,0.6496554954486468,0.886462314973688,0.01183837756300088,0.0,0.2550133689839572,0.4759405074365704
0100100012386,143.09685914938868,57.00606584000036,30656.90356754565,585.1847166840854,2855.0,124.48263356898039,87.25418240816383,1.0081866378487652,2728,3173.7254614596122,125.309106625854,0.0,0.3204259438528558,0.16642228739002932,0.7768089334135584,0.7256441975761851,0.9285242727757052,0.7584719123599701,0.802621700442581,0.6271745803355211,0.6980278509784268,0.6782512509794362,0.8645096055318056,0.7840789317512572,0.08126069794544133,0.0,0.20390741881545368,0.4715298142717497
0100100013859,273.6853968679289,79.45705070359226,50127.515690629596,138.3141252988458,100.0,47.08565967620282,14.714268648813382,1.076137120390461,1518,4467.2519617797425,126.090699683813,0.0,0.375,0.16534914361001318,0.8776343070394098,0.7841124962792884,0.9727185038090851,0.5874782661321812,0.4655163164522935,0.5026806661398482,0.4291676533799374,0.7239645128481924,0.8004902286931207,0.8173147288684731,0.04204438966479962,0.0,0.23863636363636365,0.46848924022837063
0100100013702,315.93771168180234,134.66197547093213,37117.75620519863,476.4962208971445,80.0,258.96533744410027,31.07584049329203,1.0303406588815953,3900,20199.29632063982,120.230484726122,2.0,0.6122364613476643,0.1817948717948718,0.8999952833974709,0.877476157988767,0.945712304386948,0.7340672448744168,0.4432577168580952,0.7217122838629979,0.5403377459532531,0.6931552299805899,0.9035514870604077,0.9640272852668841,0.3360797499221747,0.6666666666666666,0.38960502085760457,0.5150854700854701
0100100010977,149.41759365259784,58.78724996167784,35742.63975887471,467.84853094501943,625.0,149.41759365259784,34.292562477645404,1.1681867697998238,3386,8293.901182093381,122.927106442798,1.0,0.47089487402258906,0.17306556408741877,0.7835181684479483,0.7310491315118239,0.9423193080937246,0.731892315627608,0.6495220773025226,0.6506990441143264,0.5552276174919014,0.7858903384049919,0.8881129229270359,0.8774743393164423,0.20077718104625342,0.3333333333333333,0.29966037437801124,0.4903524315810198
0100100012051,174.88390423907651,66.33527402171867,30376.558126456,786.9775690758443,655.0,256.2953769020949,57.289554836938855,1.2884401907160583,2894,8726.103773584266,120.342007053981,1.0,0.5183630640083945,0.15929509329647545,0.8079624035075053,0.7522958095764488,0.9276985959322696,0.7936766719226088,0.6542437336941181,0.7203723737033096,0.6334014249068034,0.8667900747326098,0.8709619786473306,0.8824136278702086,0.3304841347296419,0.3333333333333333,0.3298674043689783,0.4513360976733471
0100100012070,132.46374528775206,48.400214624370946,30687.594755464284,738.740117950925,885.0,219.07465566820534,91.70566981459758,1.1868314436318599,1892,4819.642424700517,123.849472954087,0.0,0.4387832699619772,0.1474630021141649,0.7648288288521706,0.6969452979177491,0.9286142059128181,0.7861592669674206,0.6845601245127109,0.7000914134151219,0.7056946458030603,0.7984334260397032,0.8245416965188886,0.8246965409591497,0.15449758697090932,0.0,0.27922571724853096,0.4178118393234672
0100100013280,75.99112991508628,16.623059668925123,21764.345307392472,363.33258990650626,260.0,113.9866948726294,21.372505288618015,1.1753570480778939,2737,6499.616330549723,121.95051124926,0.0,0.3950050968399592,0.20496894409937888,0.6788506326390358,0.5127447160724482,0.8977337571253178,0.7018786466636346,0.5612800431511622,0.615837164061043,0.48420686882522207,0.7907140982421077,0.864869375042784,0.8537716098331816,0.24977769069150202,0.0,0.25136687980724676,0.5807453416149068
0100100012422,204.012031785792,81.60481271431681,30409.760785255843,657.9388025091793,395.0,188.71112940185762,61.2036095357376,1.2523603876259308,2908,7415.83735541354,124.085239388025,0.0,0.45072536268134067,0.14614855570839064,0.8319121187565529,0.7888204045237948,0.9277967817042366,0.7723945735189387,0.6033311374291809,0.6808220005307901,0.6435270211353638,0.8425176130054971,0.8714891259664422,0.8665938361721175,0.14266804337224415,0.0,0.2868252307972168,0.41408757450710676
0100100013223,183.14734938502414,32.32012047971014,30655.855621100243,474.0284337024154,465.0,129.28048191884056,59.25355421280192,1.2974675620844205,1645,8861.099698187198,122.289534103758,1.0,0.5175276752767528,0.17203647416413373,0.8151377454532119,0.6265720679903228,0.9285212004316483,0.7334506289096547,0.6197495067701715,0.6320446595862956,0.6385644956364444,0.8728631823237919,0.8092641510537435,0.8839063446055687,0.23276727249396212,0.3333333333333333,0.3293357933579336,0.4874366767983789
0100100010430,207.57694618246478,134.31449458865367,41873.81403834499,1117.2523868056192,60.0,622.7308385473943,67.15724729432684,1.0219590765545772,1816,11087.051007863412,121.075835468392,2.0,0.5468483816013628,0.17070484581497797,0.8346063587762597,0.8770178381141377,0.9565484984125371,0.8353334631814459,0.4146541464446416,0.8353020512628471,0.6577680289190836,0.6875165729253672,0.8200642441847363,0.9056972794447011,0.29366440989766207,0.6666666666666666,0.34799442465541275,0.4836637298091042
0100100010712,154.2814868968009,31.427710293792778,24747.452601084737,1254.251347179548,2385.0,448.5591378295878,174.28093890194177,1.312286594368773,2487,7105.51959096933,123.402509126097,1.0,0.4883303411131059,0.14997989545637314,0.7884917807765793,0.6217205362125011,0.9092783696664447,0.849086311805377,0.7844853233996534,0.7928016052711736,0.8049344161478265,0.8828325935496868,0.854406940662436,0.8624376009345041,0.17692392647106292,0.3333333333333333,0.31075567161743106,0.42494303712639053
0100100012850,236.65418126132738,18.561112255790384,37476.3183443121,352.6611328600173,80.0,185.61112255790383,18.561112255790384,1.0452344092343961,4955,22992.57780686034,122.624598369897,2.0,0.4320023148148148,0.1729566094853683,0.8550028018770606,0.5313900550131021,0.946576371721277,0.6983409762622724,0.4432577168580952,0.6786836000045742,0.4632843239857966,0.703174907319418,0.929706988774541,0.9766221480942144,0.21595547584233,0.6666666666666666,0.27491056397306396,0.4900437268752102
0100100014217,585.291559858364,62.709809984824716,65859.18085058827,202.0649432844352,0.0,125.41961996964943,0.0,0.6637254974722313,2702,18826.878508777376,119.454118635978,2.0,0.5791934541203975,0.15840118430792005,0.9961276301243519,0.7424052053277991,0.9972508646966389,0.6323173726142681,0.0,0.6281401413289711,0.0,0.44651717456606327,0.863463567604991,0.9571853084176587,0.3750337959179626,0.6666666666666666,0.3685776526220711,0.4488033555391068
0100100013276,208.24755141466454,66.26058454102963,42418.863471833894,514.3083466756109,275.0,239.80021071991675,31.552659305252206,1.1124802453118001,5734,18092.294845631615,123.708175936039,1.0,0.4056441717791411,0.20980118590861527,0.8351080295360558,0.752097475697758,0.9577108501744643,0.7431362523793966,0.5669165731309377,0.7117727526368857,0.542636753979404,0.74841412268928,0.9456591684219469,0.9533152504007962,0.16158714254267437,0.3333333333333333,0.2581372002230898,0.5944366934077432
0100100011636,209.0004672832137,74.0761149864555,36142.55694245997,701.0775168360966,625.0,145.50665443768042,79.36726605691659,1.2032306608471786,3120,8254.195669919327,125.30382409246,0.0,0.3480902777777778,0.20416666666666666,0.8356693634430802,0.7717422805451337,0.9433193513460004,0.7799408319866178,0.6495220773025226,0.6472797457958506,0.6834425725698845,0.8094658967884794,0.8791756167306027,0.8770077385095063,0.08152574822444802,0.0,0.22151199494949497,0.5784722222222222
0100100011782,24.656711789961545,4.109451964993591,5594.974710018464,10.273629912483978,120.0,0.0,6.164177947490386,0.9433483923290391,0,0.0,123.143029188724,1.0,0.0,0.0,0.5071121455272967,0.29148594597529126,0.7756515478521339,0.28827705182957486,0.4837400759343419,0.0,0.30678887354469747,0.6346317270895918,0.0,0.0,0.18994329136055377,0.3333333333333333,0.0,0.0
0100100012225,142.786748793686,37.57546020886473,31215.02499867262,293.0885896291449,60.0,103.33251557437802,16.90895709398913,1.1654205741814927,4683,8798.294007905677,120.446213311795,2.0,0.5453945196434467,0.1923980354473628,0.7764722320478031,0.652744435793669,0.9301458161629652,0.6763901850686252,0.4146541464446416,0.6032170936649262,0.44953595056848406,0.784029397614713,0.9235390835829433,0.8832147203091508,0.3252556021965136,0.6666666666666666,0.34706923977310244,0.5451277671008613
0100100013454,214.23967051443097,75.61400135803446,42995.12797783013,315.0583389918103,0.0,176.43266983541375,0.0,0.8199696830860377,716,9023.270828725446,125.232447565045,0.0,0.4732510288065844,0.15502793296089384,0.8395205836276323,0.7753659699171284,0.9589236386470642,0.6849637369881815,0.0,0.6721374738835869,0.0,0.55162947259944,0.7184578575742332,0.8856697721149871,0.08510705421815479,0.0,0.30115974560419007,0.4392458100558659
0100100012920,205.49697491191466,79.91549024352237,49654.25716731423,525.1589358860042,40.0,205.49697491191466,11.416498606217482,0.7631134177010982,1179,13460.05185673041,125.29278456298,0.0,0.3474285714285714,0.23324851569126379,0.8330400373037523,0.7851278625133017,0.9718659190466667,0.74561598992349,0.3745792516281934,0.6918261475113774,0.3924695579724194,0.5133797758908641,0.7728954510108528,0.9245561127829472,0.08207965487312197,0.0,0.2210909090909091,0.6608707944585807
0100100010483,131.63531608962563,34.77159292933507,21236.049088641612,360.13435533954186,375.0,126.6679456711492,29.804222510858636,1.3035596685284307,2900,7202.687106790837,122.12465751623,1.0,0.5284810126582279,0.1482758620689655,0.7638557257982338,0.6392588804592598,0.8955252312018797,0.7008293994865971,0.5981036651228402,0.6294154768888294,0.534035342405067,0.8769616088071724,0.8711882103982278,0.863758216029042,0.2410399292415063,0.3333333333333333,0.33630609896432684,0.4201149425287356
0100100013242,163.00427377187083,70.3882091287624,39240.13215140778,248.21105324353059,40.0,74.09285171448674,14.818570342897347,1.2709687794650326,1798,6660.947369132358,116.14825349803,2.0,0.6140035906642729,0.18798665183537264,0.7970331829482634,0.7627409046155738,0.9507099411662783,0.6566858142383509,0.3745792516281934,0.5605341379855481,0.43019835551075986,0.855036292156529,0.8189763711837879,0.856155540291566,0.5409050572653169,0.6666666666666666,0.39072955769544643,0.532628846866889
0100100010498,148.06228802560491,82.7406903672498,23616.345490906577,644.5064302291037,155.0,182.9004734433943,60.96682448113143,1.2255998253445444,2455,10690.96815008412,119.719831324273,1.0,0.4798071127185051,0.1629327902240326,0.7821036196589175,0.7912610031282044,0.9050736179624573,0.7699436794930901,0.5093670595450125,0.676784465510843,0.6429328111913866,0.824514612208946,0.8529924238653351,0.9021599943688169,0.3617017037350235,0.3333333333333333,0.3053317990026851,0.46164290563475896
0100100012136,202.69141237630737,109.14152974108858,55431.085848022725,623.6658842347919,40.0,317.03015781935255,20.788862807826394,1.0668645507379066,3630,18865.892998102452,123.869755957616,1.0,0.35853293413173654,0.19972451790633608,0.8309021306313341,0.8402338027736826,0.9817576637678725,0.7660382595513011,0.3745792516281934,0.7478779926709576,0.48008842673239627,0.7177264496458686,0.8957141214147563,0.9573866063694924,0.15347989047124078,0.3333333333333333,0.22815732172019598,0.5658861340679522
0100100013717,238.26345480619744,95.30538192247897,32800.764513812144,565.8757051647189,120.0,315.6990776182116,5.956586370154936,0.8202908918275034,3499,20842.09570917212,121.574033365856,2.0,0.5669502910882221,0.18290940268648184,0.8560575129740041,0.8162439582030045,0.9345994633274157,0.7544859711486961,0.4837400759343419,0.7473336243634532,0.30220760114627493,0.5518455637700088,0.8916989855197539,0.9670735111957673,0.26866740905078346,0.6666666666666666,0.3607865488743232,0.5182433076116986
0100100014378,298.46751807772597,91.83615940853107,59989.36159958051,298.46751807772597,0.0,137.7542391127966,0.0,0.6901856760188042,924,21214.152823370678,123.626096875148,2.0,0.8098039215686275,0.12012987012987013,0.8911340718050194,0.8096875941565712,0.9888605037972968,0.6785470760292222,0.0,0.6402234265542148,0.0,0.4643180940849395,0.7462908558450332,0.9687940487193609,0.16570544646376162,0.6666666666666666,0.5153297682709448,0.3403679653679653
0100100013774,190.63440391798298,11.213788465763704,42472.21211820301,627.9721540827674,0.0,235.48955778103777,0.0,0.9479033500714357,1637,18356.971718455185,121.781785835944,2.0,0.5710172744721689,0.23152107513744655,0.8213661693460402,0.4472234608503248,0.9578238159739433,0.7668558072496915,0.0,0.7094282581423139,0.0,0.6376960464040503,0.8087317753519138,0.9547274802730497,0.258243461665284,0.6666666666666666,0.36337462920956204,0.6559763795560986
0100100011528,63.63323253458777,8.628234919944104,13986.636738859457,77.65411427949694,2990.0,6.471176189958078,25.884704759832314,1.3524981880551856,158,170.40763966889605,124.227024883702,1.0,0.44954128440366975,0.18354430379746836,0.6515068943545678,0.4047154527443584,0.857993497830802,0.5194485380159598,0.8072803465669328,0.2610176499336634,0.5128315730931279,0.9098846915420601,0.5538786383099816,0.5002292897310189,0.13555397851256823,0.3333333333333333,0.28607172643869894,0.520042194092827
0100100010534,172.66954632156188,57.55651544052063,28468.675468439764,524.7799937223939,410.0,145.58412729072865,33.856773788541545,1.227631460264054,2395,8108.6973223557,123.431019752787,1.0,0.5062893081761006,0.15991649269311065,0.8059823113069924,0.7273320355390287,0.9218685278056027,0.7455302536241564,0.607081295756642,0.6473483615554865,0.553291813970169,0.8258813818862659,0.8502898154489391,0.8752785166204666,0.17549341027831578,0.3333333333333333,0.32218410520297314,0.4530967292971468
0100100011547,232.94674358592945,111.99362672400454,37538.18930174627,667.482015275067,260.0,138.87209713776562,67.19617603440273,1.096453814060837,1680,7525.971715853105,123.287516479058,1.0,0.5040286481647269,0.16488095238095238,0.8525455281594502,0.8448024650810799,0.9467246323644317,0.7741056750383868,0.5612800431511622,0.6412648882220845,0.6578569915493666,0.7376324413649812,0.8115632718689917,0.8680272242124224,0.1826936643805379,0.3333333333333333,0.3207455033775535,0.46716269841269836
0100100010676,145.6865388273732,59.062110335421565,26285.949333145923,196.87370111807186,350.0,66.93705838014444,19.687370111807187,1.2014575321028362,1448,5701.4623843793615,125.17543761074,0.0,0.4963805584281282,0.1595303867403315,0.7795927031022711,0.7318688151981734,0.9146990329855064,0.6292356045237724,0.5911636769410976,0.5475363293238584,0.4720061017868227,0.8082730355226686,0.7953350322877227,0.8410327051526344,0.08796751967434557,0.0,0.31587853718153613,0.4520027624309392
0100100011509,175.31228518659913,72.90213839442735,30234.69012884062,390.54716997014657,435.0,109.35320759164104,24.300712798142452,1.1510302867960696,2670,4634.493083645739,122.856321154387,1.0,0.46373626373626375,0.16666666666666666,0.8083425851006447,0.7689257486937648,0.9272778562640249,0.7104513736679648,0.6130374319618249,0.6104988076375701,0.5033704969308009,0.7743484218363166,0.8621622360007077,0.8208880021921339,0.20432882171628308,0.3333333333333333,0.2951048951048951,0.47222222222222215
0100100012189,237.89889443838754,49.79279185919739,35294.59731562427,680.5014887423644,255.0,309.8218160127838,44.26025943039768,1.1586225843548128,2745,7593.400758527602,122.490956720947,1.0,0.5735632183908046,0.15628415300546447,0.8558192044706681,0.7019132679636152,0.941185544745355,0.7764010875080962,0.5593289641318496,0.744902338606121,0.5939844998165644,0.7794560925033406,0.8651881787602522,0.8688944916698582,0.2226609244782768,0.3333333333333333,0.36499477533960295,0.4428051001821493
0100100014359,146.71324168193632,23.12328265639214,28501.576467950697,329.3074392099984,1950.0,70.16720254353477,94.88519434864361,1.3280379563397897,5153,4108.768121668575,123.486686597324,0.0,0.4282150776053215,0.18785173685231904,0.7806827731991257,0.5688528955656704,0.9219723383671927,0.6902113495887003,0.7641830617902787,0.5535652007956929,0.7109485963864968,0.8934292237373948,0.9339875439285109,0.8091821190754694,0.17270033514267646,0.0,0.27250050393065917,0.5322465877482373
0100100011956,63.92081346479203,13.224995889267317,27781.97935728615,2.204165981544553,0.0,0.0,0.0,0.0,1344,1481.1995395979395,126.389512682297,0.0,0.4291799787007455,0.15104166666666666,0.6522007277424015,0.4744645405591804,0.9196740109291865,0.13857147674938047,0.0,0.0,0.0,0.0,0.7871966485985127,0.7100084911059263,0.02705149464419665,0.0,0.2731145319004744,0.42795138888888884
0100100010962,143.06619209357848,66.54241492724582,30680.605939676232,1071.3328803286574,160.0,346.0205576216782,53.23393194179665,1.1694021673403279,4088,13601.269611129044,121.336612613922,1.0,0.5407042786823173,0.16169275929549903,0.776775669053803,0.7528447120827935,0.9285937347817756,0.8303436649418378,0.5125492679465677,0.7592007245499983,0.6221655770523634,0.7867079894939244,0.9086945491074756,0.9255709737191397,0.2805799577937046,0.3333333333333333,0.34408454097965646,0.45812948467058057
0100100010591,153.1045363871628,105.99544826803579,28427.04307022443,1048.1772106505762,990.0,306.2090727743256,113.84696295455696,1.2660381883286618,2010,7890.772259953775,122.682398574277,1.0,0.5777080062794349,0.1582089552238806,0.7873027174524004,0.8350549246954302,0.9217369954976983,0.8277458285104929,0.695857056507644,0.7433849097541229,0.7390629140793458,0.8517192678271376,0.831149163967263,0.8726295983967965,0.2130553597133954,0.3333333333333333,0.3676323676323676,0.44825870646766164
0100100012193,255.97118196437398,122.86616734289952,36550.67190183969,901.0185605145965,75.0,460.7481275358732,34.1294909285832,1.0885419015112083,5669,19348.008407413814,119.600866877628,2.0,0.600284090909091,0.17357558652319632,0.8672160064741841,0.8612202332248395,0.9443285506800934,0.8097615615620974,0.43683085300816044,0.7962738094293336,0.5545060555983897,0.7323097517131169,0.9444136409893756,0.9598403225990656,0.3676707260626392,0.6666666666666666,0.3819989669421488,0.49179749514905624
0100100013172,122.59375851969027,27.521047830950877,25313.21744177168,177.63585418159204,80.0,50.038268783547046,5.003826878354705,0.9699601358808757,2421,6057.13243624837,125.06609003019,0.0,0.3555431131019037,0.22139611730689798,0.7528215327924879,0.5987798728130066,0.9113099603969009,0.6170641874624306,0.4432577168580952,0.5104151692626385,0.27925922777512757,0.6525346110172051,0.8514691616056821,0.8469163284068189,0.09345401726401126,0.0,0.22625470833757508,0.6272889990362109
0100100012691,189.10795066265925,69.78983893502901,34313.0546936039,709.1548149849722,370.0,297.16963675560737,38.27184715791913,1.1506361143048685,4965,11177.630655239323,124.664807127052,1.0,0.34592391304347825,0.18066465256797584,0.8201163108290302,0.7612366924853806,0.9386506246586657,0.7813021105696493,0.5967533418731745,0.7395085600763505,0.5718728372640033,0.7740832447597494,0.9299272466532936,0.9064884532691755,0.11358832357208504,0.3333333333333333,0.22013339920948616,0.5118831822759315
0100100010360,240.6616673173663,169.113604060852,39855.585653221184,741.4981101129664,100.0,273.1835142521455,52.034955095646765,1.175485338188932,1629,10595.617731351073,122.160877306326,1.0,0.5382436260623229,0.16267648864333947,0.8576162009243641,0.9179173525123592,0.9521086774646015,0.7866021181729536,0.4655163164522935,0.7286235988944783,0.6186825374743182,0.7908004046114181,0.8081967931491121,0.9012888841983507,0.23922260699203035,0.3333333333333333,0.3425186711305691,0.46091671782279514
0100100011299,145.4290706977398,23.330866956856653,30494.003496153942,40.440169391884865,415.0,10.110042347971216,3.888477826142776,0.8976710853424076,3483,2708.7136536910575,126.202884599489,0.0,0.3273628048780488,0.20700545506747056,0.7793181476827935,0.5703841074945183,0.9280454211333788,0.44319129649932276,0.6083009918799324,0.31251855132812073,0.24723938686331828,0.6039026046811059,0.8911983207416665,0.7686775467209859,0.03641552923316249,0.0,0.2083217849223947,0.5865154560244998
0100100010905,213.94025160368824,37.584098254701985,37697.87222285937,543.5238824526133,530.0,242.85109641499744,37.584098254701985,1.106202376650418,4465,12908.692208249568,122.76488635596,1.0,0.6277798031352534,0.16371780515117582,0.8393030258882622,0.6527844482202433,0.9471061523646721,0.7496987489218675,0.6329204388236706,0.7134068531261148,0.5691201763169994,0.7441907258367364,0.918331357636954,0.9204891492368711,0.20891654829110096,0.3333333333333333,0.3994962383587976,0.46386711459499813
0100100010816,202.3421552453149,37.47076948987313,32973.36363744565,914.2867755529043,1270.0,138.64184711253057,74.94153897974626,1.0730693621068181,1954,7321.788358321209,122.796690578182,1.0,0.4410029498525074,0.1750255885363357,0.8306339295404269,0.6522587826810978,0.9350711646175422,0.8114992608731352,0.7209574379275087,0.6410510561811364,0.6746174533235493,0.7219006976621243,0.8280631725768568,0.8653528469875127,0.20732077646254776,0.3333333333333333,0.280638240815232,0.4959058341862845
0100100013168,199.6137536284281,66.5379178761427,34761.474241240656,547.8288571802416,410.0,210.70340660778524,24.397236554585657,1.1398280006388342,4378,9710.100148725092,122.076101955482,1.0,0.5096551724137931,0.1786203746002741,0.8285227444261409,0.7528328132374745,0.9398175845168151,0.7506358681854316,0.607081295756642,0.6950580233260122,0.5039637604554199,0.7668121539324027,0.9161817165731458,0.8928028273090927,0.24347619683580324,0.3333333333333333,0.3243260188087774,0.5060910613674433
0100100010695,173.84037671863277,44.701811156219854,33186.27083641404,1763.2381067175609,730.0,869.2018835931638,139.0723013749062,1.1527733795608235,846,4201.970248684666,123.742972348161,0.0,0.5161290322580645,0.1536643026004728,0.807032399686629,0.6830389620403369,0.9356496353707648,0.8895924002312284,0.6651629251595835,0.8785234621609069,0.7699987051028363,0.7755210765848364,0.7366649381560161,0.8113628109243989,0.1598412380583123,0.0,0.3284457478005865,0.4353821907013396
0100100010568,169.62312040379857,67.84924816151943,24327.378980705613,963.4593238935759,410.0,298.5366919106855,122.12864669073497,1.2905642630251617,1419,9627.808314119606,121.929003813534,1.0,0.5015873015873016,0.1719520789288231,0.8032165190190217,0.7562693507352855,0.9077396649459802,0.817726634570503,0.607081295756642,0.7401022715132801,0.7499112945456174,0.8682190310852691,0.7931259455452779,0.8919752675951851,0.25085682288333555,0.3333333333333333,0.3191919191919192,0.4871975569649988
0100100012206,183.58365589936446,70.81083870404058,36197.30017100375,466.82701071552674,240.0,201.9420214893009,62.942967736924956,1.2639729299045965,4385,11500.20473026733,120.481020575189,2.0,0.5610278372591007,0.1895096921322691,0.8155075971541885,0.7637957532232206,0.9434553819488743,0.7316327541272553,0.5532385244654329,0.689572260714198,0.6478238136597255,0.8503298781475571,0.9163562492460894,0.909254842207547,0.3235091532512926,0.6666666666666666,0.3570177146194277,0.5369441277080957
0100100010322,199.38285329910715,75.32241124632937,33001.78890028194,992.4835364222223,240.0,279.13599461875003,53.168760879761905,1.156737814508777,2218,9827.359302609326,122.096067045609,1.0,0.5099519560741249,0.16411181244364292,0.8283427623404236,0.7746845237744311,0.9351486119982461,0.8212550081295766,0.5532385244654329,0.7314112022406407,0.6219782424162764,0.77818812538506,0.8419040025335641,0.8939699964970049,0.24247445159088532,0.3333333333333333,0.32451488113807947,0.4649834685903216
0100100013401,126.5549003999826,50.62196015999304,32813.633584432704,210.92483399997099,0.0,92.80692695998724,0.0,0.6859298002523728,1856,15659.059676157847,124.703907890188,1.0,0.38922155688622756,0.22844827586206898,0.7577518053415001,0.7048070031162543,0.9346347191286819,0.6373994266299322,0.0,0.5894144921091196,0.0,0.46145498029803755,0.8224436500496196,0.9392704508922022,0.11162644895519147,0.3333333333333333,0.24768644529123574,0.6472701149425287
0100104793416,0.0,0.0,0.0,396.0849654732529,20.0,99.02124136831323,0.0,0.5623351446188083,19,1881.4035859979513,123.143029188724,2.0,0.2857142857142857,0.15789473684210525,0.0,0.0,0.0,0.7121226639775121,0.30709379427763994,0.5977398263116444,0.0,0.3783074492251128,0.3273433559250482,0.7332520605047692,0.18994329136055377,0.6666666666666666,0.18181818181818182,0.4473684210526315
0100100012155,290.453843161333,96.81794772044434,41437.32217071769,857.5303940953642,330.0,313.5057354757245,50.71416309166132,1.143808127377064,2664,12282.048225107796,119.418684326664,2.0,0.5205479452054794,0.21058558558558557,0.8868949681631249,0.8190288892779607,0.9556066902854694,0.8038813404493718,0.585245989540125,0.7464316082320543,0.6147532810308166,0.7694897592863292,0.8619165014968776,0.9156504409135993,0.37681170679321796,0.6666666666666666,0.3312577833125778,0.5966591591591591
0100100012329,124.20021139903133,29.356413603407404,30071.301360423906,343.2442205936866,810.0,119.68384007543018,27.098227941606837,1.1598511729080196,3566,8052.690069980831,122.152079076116,1.0,0.4778284293410692,0.159562535053281,0.7548398041399196,0.6099249582386146,0.9267908391941261,0.695129382058601,0.6756384930324735,0.6221135999446679,0.5197100773549423,0.7802826177635143,0.8937709545123539,0.8746045971357819,0.23966405680370173,0.3333333333333333,0.3040726368534077,0.45209384931762947
0100100010892,117.46080133499673,33.933120385665724,25048.423893346404,592.5244867343168,740.0,177.4963220173284,88.7481610086642,1.3037901045844953,3015,7869.873689444781,121.923718745761,1.0,0.47888015717092336,0.17180762852404644,0.7461922756916667,0.6350202070265228,0.9103648336247706,0.7599527089395096,0.6665334304872481,0.6729132100484242,0.7006432150647125,0.8771166332217294,0.8754361808912884,0.8723717395097426,0.2511220003244088,0.3333333333333333,0.3047419181996785,0.4867882808181315
0100100012583,338.4484714064744,87.17612142287979,45596.53144522558,707.664985668083,195.0,297.42441426629574,66.66409285279042,1.1942222483588993,3611,18517.23379164817,123.275601334555,1.0,0.41997640581989776,0.17225145389088894,0.9107190277255764,0.8004842321002379,0.964203538972662,0.7810521959012124,0.5323909711591948,0.7396194159408314,0.6566366185698135,0.8034055436652209,0.8951408416139728,0.9555727234109456,0.18329150487474333,0.3333333333333333,0.2672577127944804,0.4880457860241853
0100100013191,225.80211224988042,47.26090721509125,53411.95901412458,409.5945291974575,100.0,204.79726459872876,36.75848338951542,1.187721835491297,3757,19728.803156344202,123.523498512223,1.0,0.4849802371541502,0.21027415491083312,0.8476982744767716,0.6927755669637101,0.9784226275986172,0.7161039656415984,0.4655163164522935,0.6913856049219352,0.5657501686069732,0.7990324315907129,0.8994706902729881,0.9617355343421187,0.17085330312469782,0.3333333333333333,0.30862378727991374,0.5957767722473605
0100100011373,96.20716745444979,39.73774307901187,20735.34557670532,612.797827481604,960.0,240.51791863612448,29.28044226874559,1.1118754869017098,3785,7916.176713371575,123.009358370754,1.0,0.5121853775469437,0.15561426684280052,0.7152889805992322,0.6624908253569906,0.8933807466063104,0.7639496268538748,0.6927563725986305,0.7121590226066671,0.5313633768069663,0.7480072752537106,0.9002818173025454,0.8729421355276903,0.19665020354747342,0.3333333333333333,0.3259361493480551,0.44090708938793477
0100100010233,111.3467741248542,26.34009710480422,21335.910853043646,213.1153311206887,3860.0,55.07474849186337,31.12920566931408,1.369295265414452,1400,1676.1879975784504,120.645724609767,1.0,0.41414141414141414,0.21,0.7379104840667204,0.5912227622601492,0.89594688087789,0.6386231359889687,0.8330337149082686,0.5226298375815582,0.5405967414331436,0.9211848202127098,0.7916540140101481,0.72202705886686,0.31524515432077116,0.3333333333333333,0.263544536271809,0.595
0100100012348,143.7814167348681,37.27666359792876,27669.933040695305,292.8880711265831,215.0,110.05491157483729,8.875396094744943,1.1589099810019095,3129,5554.222876091385,120.336445865116,2.0,0.5130560928433269,0.19622882710131032,0.7775496316224739,0.6513548316524682,0.9193107976068409,0.676309018591924,0.542191649193015,0.6113215016343809,0.3567940399796914,0.7796494367990323,0.8794902639068586,0.8384888380989298,0.3307631665029106,0.6666666666666666,0.32649024090029893,0.5559816767870459
0100100010820,457.2861907185418,157.08304261323954,47528.080461886675,404.9251765141286,295.0,101.23129412853216,38.39807708323634,1.0348411322128122,1940,6772.024503770772,123.951700116089,1.0,0.5512820512820513,0.17061855670103093,0.95763115531136,0.9048099840355498,0.9679325185582138,0.7147429063201036,0.5739731308857459,0.6005764545915548,0.5723728225997756,0.6961828952484124,0.8272778619312179,0.8577635630528064,0.14936835525767722,0.3333333333333333,0.35081585081585087,0.4834192439862543
0100100010553,158.22966408774394,37.23050919711622,28492.496072036847,1051.7618848185332,60.0,307.1517008762088,83.76864569351149,1.1520797923131183,1441,13412.290938261118,122.812048250787,1.0,0.547798066595059,0.1568355308813324,0.7924157787979039,0.6511392160748422,0.9219436995126087,0.8281517221927317,0.4146541464446416,0.7437825473039865,0.6917497497368895,0.7750544701046879,0.7948058792117342,0.9242104682722473,0.20655020766435006,0.3333333333333333,0.3485987696514012,0.44436733749710844
0100100010619,164.98339644706596,29.99698117219381,25586.286516086202,659.9335857882638,1065.0,164.98339644706596,107.48918253369449,1.3210394232646254,2543,6356.860260074071,123.247738074048,1.0,0.5328511151295962,0.11993708218639403,0.7989078562170584,0.6136566971249243,0.9122743263219865,0.7727542784724991,0.7032157614422009,0.6634799284943461,0.7301899818191736,0.8887210044106839,0.8568391214446085,0.8516122883775827,0.18468953957146894,0.3333333333333333,0.33908707326428844,0.33982173286144973
0100100013539,216.83143870028354,81.31178951260634,31328.527513637648,524.0093101923519,120.0,198.7621521419266,54.207859675070885,1.1464916618862577,1446,13064.094181692084,123.188690609893,1.0,0.5205047318611987,0.18810511756569848,0.8413912119477774,0.7881853555686734,0.9304720322053677,0.7453556943912663,0.4837400759343419,0.6875224741257234,0.6249386309103718,0.7712950903327621,0.7951841069921114,0.9216527503179761,0.1876522367626895,0.3333333333333333,0.3312302839116719,0.532964499769479
0100100012600,234.15885233891493,75.26534539465123,34266.296440508704,526.8574177625586,655.0,228.58364156894078,30.663659234857906,1.0700128765824872,4773,13305.240502543345,124.134645176363,1.0,0.35944175448590143,0.1969411271736853,0.853353167225825,0.7745508562966207,0.9385280648443576,0.745999517199688,0.6542437336941181,0.7055816722384214,0.5383226814851834,0.7198444661543337,0.9256187172359311,0.9234312550479952,0.1401891157428582,0.3333333333333333,0.22873566194557365,0.5579998603254417
0100100010939,132.8488702894646,56.46076987302246,26814.14372743687,910.0147614828325,2725.0,172.70353137630397,219.2006359776166,1.2425707421425018,623,2069.121154758411,122.800348984199,0.0,0.3968609865470852,0.16051364365971107,0.7652791557999916,0.723956295032345,0.9164871348590812,0.810942532578327,0.7979226088119924,0.6693805440953075,0.8404805187559101,0.8359316902740187,0.7032774855814609,0.7424958822734413,0.20713721651825467,0.0,0.2525479005299633,0.45478865703584803
0100100010341,248.62235638450784,127.07364881874845,38081.586102738125,878.4656592252611,160.0,320.44659267336567,99.44894255380314,1.240371603092932,1763,9740.471429019719,122.487689791548,1.0,0.5198618307426598,0.17923993193420307,0.8626814570710717,0.8671896912445509,0.9480163674912121,0.8067483754708528,0.5125492679465677,0.7492648410764733,0.7181930793638389,0.8344522332415082,0.8168295458101597,0.8931064825772705,0.22282484214507003,0.3333333333333333,0.33082116501805625,0.5078464738135753
0100100010708,117.73403131833844,65.06354362329229,20037.316266150377,1226.912536896369,2845.0,359.3986219191384,223.07500670843072,1.3550960360790354,1245,3857.3386576666144,123.267235307564,1.0,0.46298472385428907,0.16305220883534136,0.746552330572039,0.7488883920940922,0.8903030804490499,0.8464658725985419,0.8022679026742163,0.7641103086515325,0.8431979776409346,0.911632377541738,0.7788423538870516,0.8030430910494507,0.1837112689581405,0.3333333333333333,0.2946266424527294,0.4619812583668005
0100100010801,129.40490755995282,59.31058263164504,24542.080487145227,738.6863473213974,140.0,140.18864985661557,64.70245377997641,1.0697944922513098,1277,6885.419456419157,123.804131814247,1.0,0.6631853785900783,0.15113547376664058,0.7612052854226198,0.7326065830578156,0.9085293944501485,0.7861506166100435,0.49916973278792043,0.6424808438009852,0.6520530174120469,0.7196975494622703,0.7816132128882602,0.8593781635044903,0.15677257150365909,0.3333333333333333,0.4220270591027771,0.4282171756721483
0100100012704,177.19018568058053,75.93865100596308,34709.76736921877,529.7624939225519,195.0,195.2708168724765,27.12094678784396,1.1605762075860622,8289,14987.035194962571,123.656460502649,1.0,0.4333910034602076,0.18639160332971408,0.8099983655477799,0.7761216315609363,0.9396837936185825,0.746652649055426,0.5323909711591948,0.685233989810036,0.5198360003749192,0.7807703803056117,0.9859209969644055,0.9350051898340753,0.16418195624788468,0.3333333333333333,0.27579427492922304,0.5281095427675232
0100100010375,179.57780554051394,77.54496148340374,30323.714850241628,502.00159276098213,1130.0,151.00860920452308,16.32525504913763,1.0085615006330917,859,3505.848521802306,122.714015972628,1.0,0.4412751677852349,0.17345750873108265,0.8120785568837876,0.7798142075312701,0.9275421080626048,0.7402597350714097,0.7091860032341648,0.6520646817904007,0.44437333620539243,0.6785034375715513,0.7383293038502845,0.7937544159894582,0.21146896174307228,0.3333333333333333,0.28081147040878585,0.4914629414047341
0100100013399,348.64376994460923,117.19118317465856,42921.98583281323,436.5371573256031,60.0,181.64633392072076,14.64889789683232,1.1196532047570709,5055,14810.035773697475,122.521553230734,2.0,0.4707593831830084,0.2308605341246291,0.9153438990806101,0.8528392477690111,0.9587706096277359,0.7236671577670596,0.4146541464446416,0.6758962986128163,0.42851817080112614,0.7532396862648503,0.931889839962564,0.9338499594077311,0.2211257494304686,0.6666666666666666,0.29957415293464174,0.6541048466864491
0100100014132,214.41272785324537,71.47090928441511,38006.080336167404,520.716624786453,0.0,265.4633773421133,0.0,0.829606587311603,1840,18786.639011903404,122.819259550953,2.0,0.644325290437891,0.13043478260869565,0.8396461890973762,0.7654308788647154,0.9478379857618542,0.7446070061734369,0.0,0.7249166441211462,0.0,0.5581126396056061,0.8214980960982667,0.956977252508148,0.20618838181708266,0.6666666666666666,0.4100251848241125,0.3695652173913043
0100100012511,131.48181485622626,26.80697196097817,24395.469072592008,100.84527547225122,180.0,35.742629281304225,10.21217979465835,1.103184178164979,4300,5489.046639628863,125.774199707147,0.0,0.3272558714462299,0.18790697674418605,0.763674750415183,0.5942486829692866,0.9079908706497416,0.5501979001777683,0.5243601288963453,0.4677607178031202,0.3765737783777137,0.7421602516947449,0.9142178268575119,0.8373411803547385,0.057924726023161455,0.0,0.2082537363748736,0.5324031007751938
0100100012174,115.68304149038626,42.36280392605694,19675.32293494441,133.6057662283334,980.0,40.733465313516284,24.440079188109774,1.3675760203453595,3237,5274.169088794089,121.346635556193,1.0,0.5555555555555556,0.1603336422613531,0.7438291156563152,0.6736504804444969,0.888664537752395,0.5833868741093204,0.6948340493579102,0.4842917105176673,0.5042263618035635,0.9200282088521979,0.8831970102973216,0.8334586006143279,0.28007705824773776,0.3333333333333333,0.35353535353535354,0.45427865307383375
0100100012367,266.88057361326736,93.69211626848748,51115.84847349698,655.8448138794124,140.0,247.00648834419428,22.713240307512116,1.1547926581225714,3367,9559.435014424162,119.914199561117,2.0,0.5092300765420982,0.21057321057321057,0.8737138883682842,0.8132249961404016,0.9744733442582013,0.7720158061792335,0.49916973278792043,0.7155999581362054,0.4932746744724293,0.7768795335998032,0.8874982275868555,0.8912822808676444,0.35194930813936187,0.6666666666666666,0.32405550325406246,0.5966240966240965
0100100011960,46.34325782220223,7.633007170715661,15736.302519874633,29.986813884954383,1160.0,3.2712887874495693,1.6356443937247847,0.6721211267569689,1053,574.1111821973994,125.33218612178,0.0,0.5553914327917282,0.13295346628679963,0.6028549171686606,0.38521737426423375,0.8685868212893163,0.40859888725966226,0.7118266681876575,0.18844640315860944,0.15099213079073193,0.45216528162418024,0.7605564770133145,0.6179454084358738,0.08010268788127917,0.0,0.35343091177655434,0.37670148781259893
0100100012102,186.97445697344133,119.5410462617084,37626.34376039236,327.9715884616102,840.0,24.52124025881198,137.9319764558174,1.401102807583251,1186,3635.273868368876,125.678396805267,0.0,0.6518105849582173,0.13406408094435077,0.8183524883212486,0.8563574001790027,0.9469354542770002,0.6897291003129029,0.6793023694442293,0.4204612198856359,0.7687251331920314,0.9425831451425084,0.7735417471717522,0.7972787183986095,0.0627316214990723,0.0,0.41478855406432014,0.37984822934232715
0100100011710,245.38250315028938,60.040399706985696,42761.19656992877,548.1949538463912,160.0,182.73165128213037,20.88361728938633,1.1446273317818005,3247,8476.138167329676,120.473873290541,2.0,0.5053314789058878,0.1857098860486603,0.8606397616254249,0.7347561208146398,0.9584332853376725,0.750715221732511,0.5125492679465677,0.6766652610501642,0.48076450330429593,0.7700408739227085,0.8835339513495342,0.8795876440740855,0.32386776713005183,0.6666666666666666,0.32157457748556495,0.5261780104712042
0100100013083,109.72441124719333,18.28740187453222,18580.315736113294,149.52640356235167,395.0,44.10491040328359,9.681565698281764,1.0616742285055718,3852,4143.710118864595,125.667759582112,0.0,0.3553835327234342,0.1835410176531672,0.7356371798341272,0.5288718379568735,0.8835180228415742,0.5966898401012448,0.6033311374291809,0.49437493011554245,0.3690202985749977,0.714234692847168,0.9021986312344666,0.8100054133231037,0.06326534249140792,0.0,0.22615315718763995,0.5200328833506404
0100100012009,261.1227771260821,106.82295427885177,37972.42269295261,979.2104142228079,735.0,267.0573856971294,178.0382571314196,1.4551114002605396,3098,9192.7086765523,123.436659327255,1.0,0.48553519768563164,0.1526791478373144,0.8703181035767422,0.836431724958793,0.9477583556450224,0.8196544105998771,0.6658505054658576,0.7256907560791425,0.8082388942520339,0.9789170878588815,0.8784026431772318,0.887478682822394,0.17521044551979237,0.3333333333333333,0.3089769439817656,0.43259091887239076
0100100012121,211.88330641101552,70.62776880367184,40423.52386524369,523.8226186272328,80.0,182.4550694094856,41.199531802141905,1.1626498281802229,3007,17698.1417327201,120.631429120323,2.0,0.5420512820512821,0.17392750249418024,0.8378002066394197,0.7633395900317917,0.9533803952808382,0.7453133703395353,0.4432577168580952,0.6764697310937655,0.583075198501034,0.7821653955827902,0.8751459552315576,0.9511734172188973,0.3159624282465687,0.6666666666666666,0.3449417249417249,0.4927945904001773
0100100010731,173.99665069776776,41.607894732074904,26538.954276245047,166.43157892829961,220.0,49.172966501543065,37.825358847340816,1.4864500970589913,837,3165.9825355224266,122.516912877617,1.0,0.4814159292035398,0.1875746714456392,0.8071720256887355,0.6705119630569213,0.9155599731277593,0.609355913134197,0.5444999339130236,0.508195817306311,0.5700913503812797,1.0,0.7354976521950997,0.7838414701077628,0.22135857841546802,0.3333333333333333,0.30635559131134354,0.5314615690959776
0100100010854,127.40294744141603,38.22088423242481,26713.30523828715,862.0932776869151,1130.0,169.87059658855472,284.53324928582913,1.3058552869244575,1201,5100.364662571355,122.396695679456,1.0,0.4539951573849879,0.1906744379683597,0.7587874206474189,0.6557097110806366,0.9161485014072236,0.8045121300036574,0.7091860032341648,0.6672463192453248,0.88096092200646,0.8785059717162057,0.7749139279913722,0.830200657192028,0.22739045735260677,0.3333333333333333,0.2889060092449923,0.5402442409103525
0100100013204,214.68416847884097,60.379922384674025,32536.07552949626,657.4702659664505,80.0,281.7729711284788,53.67104211971024,1.166632775378189,2498,16758.782901879524,123.930072731549,1.0,0.5030084235860409,0.20136108887109688,0.8398429982931073,0.7357473760656648,0.9338712433153293,0.7723099277702583,0.4432577168580952,0.732627241922629,0.6234162646295099,0.7848448983833529,0.8548889822956686,0.9458702929495465,0.15045350586231454,0.3333333333333333,0.32009626955475334,0.5705230851347745
0100100010572,114.95607838914124,31.932243996983676,19092.437603507038,2222.4841821900636,515.0,1321.9949014751242,188.40023958220368,1.0523776279586456,2220,7088.958167330376,122.825686582029,1.0,0.4396887159533074,0.14504504504504503,0.742852381415061,0.6244795647161426,0.8859617090658346,0.9171241617225518,0.6300300507915724,0.9328967939959986,0.8170047777511998,0.7079804630110506,0.8420024438885565,0.8622107128719557,0.20586590654758208,0.3333333333333333,0.2798019101521047,0.4109609609609609
0100100012371,161.23853131940808,54.536562063917444,40674.92118041847,403.09632829852023,935.0,30.825013340475078,234.74433236207943,1.00661169552026,1288,3054.0474755793766,125.100691334346,0.0,0.2727272727272727,0.18400621118012422,0.7953414335350596,0.7178694129893173,0.9539376253907139,0.7142055477690136,0.6900976092760175,0.44911160620055585,0.8511075879852452,0.6771917183845504,0.7825496961140671,0.7803422175964162,0.09171790229103882,0.0,0.17355371900826444,0.5213509316770186
0100100010500,108.65743778085582,58.209341668315616,23510.60756419675,1265.0830255913927,280.0,535.5259433485037,85.37370111352958,1.1779200697726313,2646,10268.127870290875,119.820158131662,1.0,0.4991501416430595,0.1708238851095994,0.7341238744820426,0.7293133424913397,0.9046703074765649,0.850108781152551,0.5687275309370029,0.8157549207402038,0.6946722097920311,0.7924383550468322,0.8611759647243676,0.8982361147625525,0.3566678220144597,0.3333333333333333,0.3176409992274015,0.48400100781053157
0100100012808,247.5823565683132,68.21146558514752,40729.68011325477,823.5902881762256,140.0,338.5309773485099,30.316206926732228,1.0887062483505026,5945,15019.154181618593,123.02013399142,1.0,0.4171837708830549,0.21194280908326324,0.8620289707076808,0.7572070624406175,0.9540585434601007,0.7990813638008563,0.49916973278792043,0.7563688237167483,0.5366035813490776,0.732420315020704,0.9496071962162306,0.9352133590940527,0.19610953848187473,0.3333333333333333,0.2654805814710349,0.6005046257359125
0100100013505,247.63501887138483,139.29469811515398,33889.25962188649,585.0377320836467,40.0,238.3487056637079,15.477188679461552,0.9652550424903309,5720,17705.903849304013,123.030666053751,1.0,0.543859649122807,0.19737762237762238,0.8620620761146223,0.883476905052231,0.9375336445717306,0.7584420692474356,0.3745792516281934,0.710988022380114,0.43655388648453775,0.6493692888850635,0.9453920980108677,0.9512160552491733,0.1955810939172795,0.3333333333333333,0.34609250398724084,0.5592365967365968
0100100010604,155.2094500771179,51.7364833590393,30651.14123080904,841.8936837516395,375.0,305.71558348523223,51.7364833590393,1.1441736135104779,1800,8465.97000420643,122.760578755783,1.0,0.5693112467306015,0.13277777777777777,0.7894229572442796,0.7086242227588668,0.9285073775970631,0.8016939447352505,0.5981036651228402,0.7431762497441156,0.6178032330558156,0.7697356377952257,0.8190977821925575,0.879470931343177,0.20913268144987296,0.3333333333333333,0.362288975192201,0.37620370370370365
0100100013613,170.08201012846496,89.5168474360342,35288.00444211791,644.5213015394462,80.0,223.79211859008547,8.951684743603419,1.0892510346334083,3275,14658.3837676506,121.465978133665,2.0,0.4870395634379263,0.2317557251908397,0.8036362803927859,0.8051662931996827,0.9411687543639184,0.7699464210418722,0.4432577168580952,0.7028441919880176,0.3579930052134051,0.7327868165830395,0.8844718961355705,0.9328491299861907,0.2740890632655788,0.6666666666666666,0.30993426764231674,0.6566412213740458
0100100010657,233.7177483893111,35.05766225839667,33220.753023121695,985.5098390415952,630.0,175.28831129198335,229.8224525828226,1.3220691608439046,1899,7397.166736521697,122.711159266669,1.0,0.5131683958499601,0.1474460242232754,0.8530597384960756,0.6406823276127687,0.9357429744533661,0.8204167390087979,0.6503245289519912,0.6712976672793907,0.8478203087585173,0.8894137539226363,0.8249450132312187,0.8663487315180665,0.21161229651353208,0.3333333333333333,0.3265617064499746,0.4177637352992803
0100100012672,197.60378976007496,41.7472795267764,35406.070302718006,729.1858157343612,260.0,214.30270157078553,111.32607873807041,1.2042642624939084,4351,12109.494214733608,125.279187512851,0.0,0.30101735487731895,0.20569983911744427,0.8269490236437946,0.671095616497985,0.9414689644135354,0.7846122611358193,0.5612800431511622,0.697246138168859,0.7356049758256892,0.8101612458276263,0.9155058955642632,0.9142746519624986,0.08276188471656376,0.0,0.19155649855829388,0.5828162108327587
0100100013740,177.60818494468413,27.6279398802842,35316.51853006571,288.11994446582094,80.0,110.5117595211368,23.681091325957883,1.1895210242406191,2595,10242.071998476786,124.731704863321,0.0,0.44006659267480575,0.18535645472061657,0.8103645485923633,0.5994483806235053,0.9412413499924721,0.6743624699831173,0.4432577168580952,0.6118543315887541,0.49950736018383673,0.8002428245617799,0.8590501052915079,0.8979890629796472,0.11023174021699111,0.0,0.28004237715669456,0.5251766217084136
0100100010515,145.95288120496286,50.246073857446234,24822.61573541289,2605.6178300361403,1570.0,1545.6649386623938,150.73822157233872,1.0067380435001068,2585,6185.052424833263,121.471274279143,1.0,0.49077277970011535,0.1357833655705996,0.7798762150800073,0.703500991285364,0.9095509308219375,0.9360427905011363,0.7423321348833273,0.9531706170850968,0.7824625742098185,0.6772767181972563,0.8586283761047454,0.8489483051132491,0.27382333000240644,0.3333333333333333,0.31230995071825524,0.38471953578336554
0100100012140,306.2000363170742,53.79189827191844,51499.39126692917,794.4649590929494,240.0,227.5811080735011,74.481089914964,1.2228849338215828,1989,8230.160435603522,120.740892657219,2.0,0.56,0.16993464052287582,0.895118253005837,0.7154570181378626,0.9751452236297734,0.7948020895161476,0.5532385244654329,0.7050136643233448,0.6736699179046242,0.8226881859277455,0.8300021062808142,0.8767241958679128,0.3104701125655508,0.6666666666666666,0.3563636363636364,0.48148148148148145
0100100012795,281.4591964797212,85.66149458078472,44485.19657880577,995.3049846529271,80.0,493.5733735369024,36.71206910605059,1.1061656649287699,4652,18976.060609038595,120.203274264595,2.0,0.48389154704944176,0.206792777300086,0.8819958382510821,0.7973878770394838,0.9619857694573853,0.8215924879180858,0.4432577168580952,0.8051873693674033,0.5655585324395863,0.7441660282557542,0.9228135016523812,0.95795278444305,0.33744503053314656,0.6666666666666666,0.3079309844860084,0.5859128690169103
0100100010587,104.52435467143185,40.20167487362763,26216.65642840578,675.3881378769443,200.0,233.1697142670403,36.18150738626487,1.2567136216445094,3127,12571.06373298336,121.748453690331,1.0,0.5595,0.16501439078989447,0.7281195049705034,0.6645144735848506,0.9144617932648038,0.7755048451029095,0.5349318521182933,0.7081487823787863,0.5633510263615671,0.8454462239472244,0.8794204205700921,0.9179120596174933,0.2599158968087436,0.3333333333333333,0.35604545454545455,0.46754077390470095
0100100013149,257.2279660147606,93.9086225133253,53945.993968837225,494.0410140918418,20.0,155.15337632636354,16.33193435014353,1.1241971061289768,2381,9721.583921922936,118.109727915651,2.0,0.5883922615076718,0.22133557328853423,0.867978492280415,0.8136331272584659,0.9793168112806869,0.738361337895723,0.30709379427763994,0.6555562757693629,0.4444333900729935,0.7562965674752564,0.8496494709821797,0.8929177547955387,0.44248838805015533,0.6666666666666666,0.37443143914124566,0.6271174576508469
0100100013011,231.69274173395834,87.98458546859177,36021.69239765922,354.8711613899868,140.0,181.834809968423,14.664097578098628,1.0759999842557177,6159,18063.23539670189,123.164802986474,1.0,0.4274455261937877,0.2437083942198409,0.851705559433181,0.8021152752054505,0.9430182858545882,0.699082302599862,0.49916973278792043,0.6760301638168364,0.4286694270064711,0.7238722553717964,0.9534707670099878,0.9531589417195245,0.1888507944962211,0.3333333333333333,0.2720107893960467,0.6905071169562158
0100100012282,374.9608424084036,77.31151389863992,61191.863904773294,691.9380493928273,160.0,212.6066632212598,42.521332644251956,1.0857318693433358,3382,13073.37700026001,122.771258602921,1.0,0.5450388660265203,0.16942637492607923,0.9266854764367983,0.7792822752199484,0.990644333747479,0.7783815295321618,0.5125492679465677,0.6962196619836288,0.5878804620018662,0.7304193201584804,0.8879838004344321,0.9217218184121807,0.20859682180592043,0.3333333333333333,0.3468429147441493,0.48004139562389114
0100100013524,264.6133471409881,56.702860101640304,28522.832822832963,37.801906734426865,40.0,0.0,0.0,0.0,282,5330.068849554188,125.311527919704,0.0,0.36231884057971014,0.13829787234042554,0.8723855356121231,0.7247076266628639,0.9220393435771037,0.4353632255674764,0.3745792516281934,0.0,0.0,0.0,0.6168773990536921,0.8344836552031019,0.08113920990880519,0.0,0.230566534914361,0.39184397163120566
0100100011405,119.53591373858532,69.40794991272696,32002.685602636757,736.4954685183806,315.0,375.9597286939377,17.35198747818174,1.0370032484885066,7268,14012.693887936099,119.521067647164,2.0,0.5722956861044873,0.16579526692350027,0.7489062515876008,0.7602700197814417,0.9323855936779373,0.785797622847463,0.5805681355319868,0.7699415400061631,0.4533432699663392,0.6976374454415014,0.9715595191009971,0.9284686925148496,0.3716746398520039,0.6666666666666666,0.3641881638846738,0.46975325628325076
0100100012761,202.71126758626022,64.01408450092428,41829.52750695701,482.77288727780393,80.0,194.70950702364468,42.67605633394952,1.1901507940225329,5842,15582.095068933319,124.826876663023,0.0,0.3431530494821634,0.21157137966449846,0.8309173640009712,0.7460267497681173,0.9564533910099595,0.7356213219142668,0.4432577168580952,0.6848622704618089,0.588433375369033,0.8006664982412124,0.9476977745953258,0.9387913450734169,0.10545651019321967,0.0,0.21837012239774037,0.5994522423827456
0100100013793,42.48090672780307,25.48854403668184,19739.608314658482,535.2594247703187,0.0,254.88544036681841,8.496181345560613,0.8818944524097991,2472,21002.56028622584,122.613075302475,2.0,0.5287569573283859,0.23907766990291263,0.5895547310833021,0.5855681392961402,0.8889577118352796,0.7478787693675351,0.0,0.7196591812841563,0.35069334910878214,0.5932889736121428,0.8537461652362918,0.9678192984124626,0.21653364393090024,0.6666666666666666,0.3364817001180638,0.6773867313915858
0100100013219,169.83792584736227,27.174068135577965,31879.467607085746,448.3721242370364,275.0,163.04440881346778,20.380551101683473,1.064569112860369,1553,10550.331953638144,124.988142418351,0.0,0.3228279386712095,0.24790727623953637,0.8034131489158693,0.5965924489093503,0.9320388749327682,0.7268432707267302,0.5669165731309377,0.661954801597881,0.47714107524522614,0.7161822081795192,0.8029794000346435,0.9008724095067556,0.09736502638121103,0.0,0.20543596097258787,0.702403949345353
0100100011551,70.0435496555167,7.004354965551669,14426.497783023002,93.39139954068892,485.0,9.339139954068893,23.34784988517223,1.2905273410328144,177,413.25694296754847,126.2886575161,0.0,0.3308270676691729,0.1977401129943503,0.6662858186916923,0.3717059258558182,0.8607763892638018,0.5411532183965461,0.6239882665891001,0.3031848858149995,0.49738940640734625,0.86819419204599,0.5662129530078154,0.5860417759561437,0.032111886684531465,0.0,0.21052631578947367,0.5602636534839924
0100100013670,223.93545461201853,97.9717613927581,48351.78927844645,38.48890626144068,20.0,10.496974434938368,6.997982956625579,1.3667110520552042,2510,8782.468610565102,125.514682943329,0.0,0.447459584295612,0.16135458167330677,0.8464066796021035,0.8211244844617238,0.96947686129926,0.4374517477613568,0.30709379427763994,0.31696189983085976,0.32394207027039285,0.9194463068483117,0.8554124319033963,0.8830396703487379,0.07094593867371579,0.0,0.2847470081881167,0.45717131474103584
0100100010549,134.40762443231355,35.65916566571584,25192.077799425053,729.6413897754164,685.0,164.5807646109962,98.74845876659772,1.2679469066435691,2501,6860.274871535024,123.879629867864,1.0,0.49252839210998206,0.1531387445021991,0.767088668612528,0.6436388569284549,0.9108788099956627,0.7846864848098334,0.6587542157058296,0.6631647059872786,0.7171027825940464,0.8530033461279725,0.8550200799678439,0.8590224425273654,0.15298446858349746,0.3333333333333333,0.3134271586154431,0.43389310942289744
0100100014151,86.10380152933982,0.0,16737.13194285236,163.59722290574564,60.0,43.05190076466991,0.0,0.7659373365785205,1515,13044.725931694982,125.308212025338,0.0,0.4666021297192643,0.1405940594059406,0.6981377277639343,0.0,0.8741284628092332,0.6073241573511414,0.4146541464446416,0.4913089136012535,0.0,0.5152795496424415,0.8002742090577224,0.9215084842023745,0.08130558438508717,0.0,0.2969286280031682,0.39834983498349835
0100100012066,128.12104445193214,46.5894707097935,29712.66420445435,829.2925786343244,180.0,354.0799773944306,44.25999717430383,1.1910990162089354,5703,13284.987572897619,120.3721508529,1.0,0.5304861670695675,0.16745572505698755,0.759659010020449,0.6902718378358621,0.9257124959293278,0.7999014624691372,0.5243601288963453,0.7621806131174692,0.5939835970341039,0.8013044087827628,0.9450669182097311,0.9232831303081803,0.3289716743781591,0.3333333333333333,0.33758210631699753,0.4744578876614647
0100100013257,172.86556494674414,36.246005553349576,45763.630384130374,468.4099179202099,175.0,186.80633631341706,25.093388460011248,1.2018903363996782,3824,10661.901941231445,123.003072066009,1.0,0.427235316124205,0.21234309623430964,0.8061586079631473,0.6464769265393661,0.9645323176133257,0.7320347196355277,0.5215345200330956,0.6795122429579289,0.5081768978023136,0.8085642019047075,0.9014016604948529,0.9018952747592462,0.19696561789553568,0.3333333333333333,0.27187701935176684,0.6016387726638772
0100110253952,229.4283386041749,83.1262096391938,19945.043765924467,152.95222573611662,640.0,43.22562901238078,19.950290313406516,1.118934323281113,1833,6094.81369074569,125.826085840947,0.0,0.4376470588235294,0.16039279869067102,0.8501772614658072,0.7920818287496311,0.8898882422915665,0.5993678281835846,0.6519105308148254,0.4918197681948865,0.47397374662600705,0.7527560632509461,0.8210818293218888,0.8475193096835265,0.055321347451830816,0.0,0.27850267379679144,0.4544462629569012
0100100010411,127.89450452881529,15.986813066101911,31569.969731377543,375.6901070533949,115.0,87.92747186356051,15.986813066101911,1.0750597059429072,742,5931.10764752381,120.698558133731,2.0,0.5294117647058824,0.16981132075471697,0.7593845719487067,0.5061735336727939,0.9311620448549729,0.7058480231029391,0.479483425755077,0.5824813397482701,0.4412996840170828,0.7232396890214892,0.7223500735969066,0.8448720573415225,0.31259424059754126,0.6666666666666666,0.33689839572192515,0.48113207547169806
0100100012333,167.66440567801834,60.18722255108351,31164.86287750255,303.0856564179562,1550.0,96.72946481424135,38.69178592569654,1.2767802539421098,3012,6474.425511566555,125.44808852979,0.0,0.36906934306569344,0.17397078353253653,0.8014120330983195,0.7351854531471758,0.9300012677727902,0.6803682112258123,0.7410397707550913,0.5947313253919385,0.5735300041366597,0.858945925240462,0.8753274365831084,0.8533940420023287,0.07428730285872265,0.0,0.2348623092236231,0.49291722000885346
0100100012085,140.07175163065222,70.03587581532611,45388.92598741844,581.2977692672067,1290.0,156.41345598756163,67.7013466214819,1.1630643362796462,2973,6940.555293298818,124.847805540365,0.0,0.39381153305203936,0.15136226034308778,0.773493038455156,0.761856725456362,0.9637933785257276,0.7576801946269841,0.7225322964657896,0.6565994256095229,0.6590068588913877,0.7824442533125205,0.8739038233383013,0.8601536461514732,0.10440640707695736,0.0,0.25060733921493417,0.4288597376387487
0100100013736,241.2479630229081,80.4159876743027,48514.158821588906,363.9881547363175,40.0,122.74019171340939,33.85936323128535,1.2607811440725363,3917,16578.39072211809,124.075672007783,1.0,0.533672670321065,0.1863671176921113,0.8579949033076504,0.7862298320879987,0.9697781762364283,0.7020925805145452,0.3745792516281934,0.6253596747748317,0.553303387778847,0.8481826242045049,0.9040266350767985,0.9448179398044672,0.14314808516533317,0.3333333333333333,0.339609881113405,0.5280401667943153
0100100010303,148.2500633050972,59.30002532203888,29034.988268917397,956.2129083178769,600.0,244.61260445341037,88.95003798305832,1.2277655714190252,2202,8161.1659849456,123.791509545569,1.0,0.4781439139206456,0.1784741144414169,0.7823003686966448,0.7325752980065936,0.9236388633309686,0.8168291473094261,0.6454111725848971,0.714341058776701,0.7009932783355722,0.8259716043264519,0.8411132626077052,0.8759056481006475,0.15740589184170073,0.3333333333333333,0.3042733997676836,0.5056766575840145
0100100010727,223.43389371555887,63.01981617618328,46395.474203279686,865.0902038730613,255.0,120.3105581545317,40.1035193848439,0.8811282282222919,1354,7757.166463868378,121.398843417098,1.0,0.5368898978433598,0.14401772525849335,0.8460578078692439,0.7432726638081455,0.9657647544234501,0.804924624079264,0.5593289641318496,0.6227858709119842,0.5789752072688772,0.5927735010853333,0.7880060589413924,0.8709691797638855,0.277457537069709,0.3333333333333333,0.3416572077185017,0.4080502215657311
0100100013492,268.1914928944174,135.79316095919867,33758.78527000898,434.5381150694358,230.0,207.08457046277798,20.368974143879804,1.040803663649301,4850,16464.92076630284,122.986854219139,1.0,0.5645161290322581,0.1797938144329897,0.8744768270356779,0.8789600778189742,0.9371869449369676,0.7231222119070926,0.5489638322448108,0.6928201981417502,0.47705669000989787,0.7001941509564149,0.9273670728812361,0.9441501079472112,0.19777934580166978,0.3333333333333333,0.3592375366568915,0.5094158075601375
0100100012403,187.14348938015468,74.21207337488892,27707.249095976316,567.8836919121935,2555.0,120.99794571992759,93.57174469007734,1.0606143185518253,2345,3783.2024361764024,124.694417843039,0.0,0.3531448355452972,0.17867803837953092,0.8184929608258749,0.7720656138156202,0.9194319257451864,0.7549067532598084,0.7914275602151825,0.6235192390100099,0.7087996438783207,0.7135216450591235,0.8479854302449656,0.8011564004865576,0.11210261057254878,0.0,0.22472853171064366,0.5062544420753375
0100100010407,144.73864399084061,81.41548724484785,35332.68526489483,588.0007412127901,430.0,171.87713973912324,27.13849574828262,0.9715926545749594,509,4604.498111958617,125.509994907379,0.0,0.4083333333333333,0.12966601178781925,0.7785795098556982,0.7884103505937298,0.9412824837651,0.7590422252246507,0.6118740091405684,0.6687615893834513,0.519933198812842,0.653632877751698,0.6812334156785879,0.8202567166916103,0.07118116013733322,0.0,0.25984848484848483,0.3673870333988212
0100100012954,208.69591213134757,71.73921979515073,30864.40076706108,701.0878298162457,250.0,280.4351319264983,29.34786264347075,1.2019343003873997,5451,17775.02214106212,123.568974517754,1.0,0.41959864477456343,0.24325811777655476,0.8354425461402578,0.7660912839162981,0.9291305482779918,0.7799425800140475,0.557339399820401,0.7320117223213999,0.5317098895543151,0.808593778402303,0.9401295394326019,0.9515949063115666,0.16857155172719573,0.3333333333333333,0.2670173194019949,0.6892313337002385
0100100012598,264.18867589593066,103.94308559839895,45114.23124410813,450.42003759306215,330.0,181.90039979719816,21.65480949966645,1.131435299047661,3823,16557.267343444968,124.683816376163,1.0,0.3376487053883835,0.20245880198796756,0.8721354632153784,0.8315937232627826,0.9632477788021871,0.7273843613903636,0.585245989540125,0.6760767166593907,0.48616053473943566,0.7611660164618085,0.9013730894666732,0.9446939642610694,0.11263453749923158,0.3333333333333333,0.21486735797442585,0.5736332722992414
0100100013810,251.10557495106468,46.501032398345316,54259.445426290105,158.10351015437408,20.0,74.4016518373525,0.0,0.8760918930634294,1667,15503.444201608327,123.983976864234,1.0,0.5906488549618321,0.17036592681463708,0.8642284758719954,0.6899394290148938,0.9798375383743164,0.6032844837183325,0.30709379427763994,0.5610667781481424,0.0,0.5893853381265989,0.8107149495093137,0.9382992913921085,0.14774887451554264,0.3333333333333333,0.3758674531575295,0.48270345930813835
0100100010784,109.91429095805422,28.18315152770621,18655.03100793824,383.29086077680444,1905.0,132.4608121802192,67.63956366649491,1.3953975983257503,699,1970.002291786664,123.020913316133,1.0,0.4840764331210191,0.13590844062947066,0.7359049600252979,0.6028810333623988,0.8838787069611698,0.708225299183889,0.7618292895394068,0.6351750003391475,0.6588666834007746,0.9387450013199955,0.7158358711620191,0.7377245935581515,0.1960704359874439,0.3333333333333333,0.30804863925883036,0.38507391511683353
0100100013187,201.24405184083048,126.20389691713098,36332.026637641524,845.907200958067,60.0,361.55711008691577,64.8074065250132,1.2272899459173823,3903,13312.80566669087,122.113435070118,1.0,0.5976258698321736,0.16346400204970535,0.8297876643066031,0.8659719540552396,0.9437892874576084,0.80225923658637,0.4146541464446416,0.7648853336884051,0.6523016962783008,0.8256516302468754,0.903635486985096,0.9234865268918089,0.24160301370331094,0.3333333333333333,0.3803073717113832,0.46314800580749843
0100100012390,112.7429417265658,50.10797410069591,24834.015790882022,606.3064866184205,780.0,92.69975208628743,177.8833080574705,1.1287002716972698,1147,2873.6923146749104,125.9433230416,0.0,0.55420054200542,0.13164777680906714,0.7398407077778615,0.703018757901826,0.9095921983078236,0.762684401015538,0.6718364987203435,0.5892661198324375,0.8081039965824327,0.7593260439287227,0.7698912783810454,0.7744249487372399,0.04943898941915692,0.0,0.3526730721852673,0.3730020342923569
0100100013897,230.41552512432753,63.44775329510468,52833.55763900294,440.7949176291483,60.0,213.71874794140524,6.678710873168914,0.9133622086103613,4749,15858.598968339586,121.732977168372,2.0,0.5826666666666667,0.17708991366603496,0.8508453747053762,0.7444632399491212,0.9774440154435298,0.7248195862935478,0.4146541464446416,0.6968936334092921,0.31759505086116774,0.614458709658326,0.9250680068052967,0.9405017033575982,0.2606924288545134,0.6666666666666666,0.3707878787878788,0.501754755387099
0100103574293,400.0,0.0,67904.7395863181,0.0,0.0,0.0,0.0,0.0,35,3500.0,123.143029188724,3.0,0.8333333333333334,0.0,0.9367621311602794,0.0,1.0,0.0,0.0,0.0,0.0,0.0,0.3915707440516874,0.7935921020203817,0.18994329136055377,1.0,0.5303030303030304,0.0
0100100012352,248.53299896388836,63.726409990740606,42099.92016686771,828.4433298796279,275.0,328.1910114523141,22.304243496759213,1.0989030361129273,3682,11732.032079295344,120.156025419767,2.0,0.48912597455888385,0.19636067354698533,0.8626255018943763,0.7452342563516634,0.9570325095557594,0.7997796818216423,0.5669165731309377,0.7523547569505152,0.4905640160557775,0.7392801401723184,0.8972678896306873,0.9111954825706838,0.339815733862469,0.6666666666666666,0.3112619838101988,0.5563552417164584
0100100013844,132.65601052785357,64.62728718023635,17406.91893166396,44.21867017595119,0.0,13.605744669523443,13.605744669523443,1.3061066090853948,3062,10415.197544520195,126.02261713258,0.0,0.41497227356746763,0.16231221423905945,0.7650538069385303,0.7477043775882584,0.8776549939206878,0.45357528992463736,0.0,0.34802504739019874,0.4177700740551227,0.8786750471271021,0.8771258625749798,0.8996189246634415,0.045460420923646994,0.0,0.2640732649974794,0.4598846070106684
0100100013878,190.72746792152097,46.31952792379795,37278.95465158084,212.52489282683766,135.0,70.84163094227921,8.174034339493756,0.9282512887528538,3838,10457.314598325678,125.922976042857,0.0,0.5658914728682171,0.14929650859822824,0.8214420477524002,0.6892552740752769,0.9461017904371134,0.6382945276678508,0.495527906164941,0.5547894016545115,0.3453162112575838,0.6244752451423973,0.9018008724611097,0.9000113315567604,0.05045989686858432,0.0,0.36011275546159266,0.42300677436164663
0100100013863,138.34320245639358,32.02388945749851,22883.785773216714,231.85295967228922,120.0,94.7907127941956,11.528600204699464,1.1533036931326257,4498,5761.7381911931325,123.659524051933,1.0,0.4608639168561221,0.21609604268563806,0.771566261481688,0.6249761858157304,0.9022415616012407,0.6486064522716519,0.4837400759343419,0.5921306448115671,0.3938698957376462,0.7758778417213529,0.919135802227214,0.8420551967932322,0.16402824314625053,0.3333333333333333,0.29327703799935045,0.6122721209426412
0100100014344,111.4752742337596,25.335289598581728,23450.37606594226,86.13998463517787,20.0,40.53646335773076,0.0,0.9718487712358765,1167,5913.256592308975,125.296215336222,0.0,0.43896424167694204,0.11225364181662383,0.7380891369462126,0.5845311996487889,0.904439758069014,0.5316409410514288,0.30709379427763994,0.4836775814828557,0.0,0.65380517863245,0.7717785428538441,0.8445789858802831,0.08190751636737503,0.0,0.27934088106714494,0.3180519851471008
0100100011458,85.89935712469752,22.112705794476586,16768.36411307462,364.8596456088637,3840.0,154.78894056133612,18.710751056864805,1.1234000799263641,2088,1775.8203730333505,123.20450194289,1.0,0.5319148936170213,0.18773946360153257,0.697770476182472,0.5612051798745343,0.8742960173107961,0.7023763844522531,0.8325098620541269,0.6552530100156126,0.4644716448926991,0.755760373085556,0.83530725196931,0.727638727071573,0.18685890562594998,0.3333333333333333,0.33849129593810445,0.5319284802043422
0100100013882,129.9239503576828,53.593629522544155,27050.977847516046,612.2666160605802,180.0,266.3440982332497,32.4809875894207,1.1646458798094073,8386,13619.2780962441,120.205996062104,2.0,0.5515196441808747,0.1834009062723587,0.7618260997733832,0.714809183754704,0.9172774841824944,0.7638465924242227,0.5243601288963453,0.7253449268052884,0.5470177031479024,0.7835082268242384,0.9871921248054475,0.9256996335175042,0.33730846477286514,0.6666666666666666,0.35096704629692027,0.5196359011050162
0100100013562,145.32592968730341,0.0,12707.703123084772,87.19555781238205,0.0,58.13037187492136,0.0,0.6365141682948128,80,2325.2148749968546,123.143029188724,3.0,0.717391304347826,0.2125,0.7792080260972619,0.0,0.8493751376483579,0.5330738082601704,0.0,0.529516461856328,0.0,0.4282109231612853,0.48018100496874794,0.7538380061424417,0.18994329136055377,1.0,0.45652173913043476,0.6020833333333333
0100100013346,174.60482771760377,53.72456237464731,39221.436656448364,461.1358270490561,260.0,152.21959339483405,31.3393280518776,1.2336128479933322,3583,16041.258915696777,125.033537031765,1.0,0.45787545787545786,0.20011163829193412,0.8077142288888426,0.7152372643223165,0.950667109526165,0.730176206327608,0.5612800431511622,0.6530945758850231,0.5416123570322348,0.8299053230472324,0.8942904879321465,0.9416152963453072,0.09508735882032937,0.3333333333333333,0.2913752913752914,0.56698297516048
0100100013312,213.9391980934638,78.53464233810696,38508.931170457916,706.8117810429627,240.0,327.67902492796355,32.497093381285644,1.1208108363183988,5931,16061.688403700427,122.836040366753,1.0,0.48534936138241924,0.24801888383071993,0.8393022598729547,0.7820518676534092,0.9490193483522797,0.7809088365224559,0.5532385244654329,0.7521527366620855,0.5470926326232256,0.7540184756528145,0.9493496142560504,0.9417390562508041,0.20534640703377083,0.3333333333333333,0.308858684516085,0.7027201708537064
0100100014522,145.31711325482735,24.976378840673448,20181.643352647516,63.57623704898696,0.0,15.89405926224674,4.541159789213355,1.026540702511538,3134,7115.997389697326,125.993357804324,0.0,0.39723584485064645,0.10912571793235482,0.7791986093685362,0.5820789547665797,0.890948129985146,0.49597984881485147,0.0,0.36691583572109737,0.2667649507770763,0.6905988331142735,0.8796646771867475,0.8625808716811106,0.046928503099258556,0.0,0.25278644672313866,0.30918953414167194
0100100013986,190.96246216940466,21.218051352156074,29994.755722947826,60.11781216444221,0.0,28.2907351362081,3.5363418920260123,1.053395498360576,2139,7564.23530704364,125.152325637302,1.0,0.67109375,0.12482468443197756,0.8216334831579457,0.5541503285585118,0.926561766733412,0.4894296335405766,0.0,0.4383413325597858,0.2355916163966477,0.708665228953711,0.8379428797341053,0.8685203165955343,0.089127159292545,0.3333333333333333,0.42705965909090915,0.3536699392239364
0100100014096,161.78287436895008,34.667758793346444,35979.319046174656,98.22531658114826,0.0,23.111839195564297,17.333879396673222,1.430349831409688,1693,9782.085939522589,125.329346944336,1.0,0.5489478499542544,0.11754282339043119,0.7958649212588617,0.6387393965832338,0.9429124974685061,0.5470965356671978,0.0,0.4130880095860705,0.4531894626512223,0.9622588973822261,0.8124050589396727,0.8935210151298045,0.08024514316126619,0.3333333333333333,0.34933044997088913,0.3330379996062217
0100110254541,67.26486492307522,11.698237377926125,7960.040960697555,26.32103410033378,40.0,5.849118688963062,2.924559344481531,0.8486855577264172,836,2444.9316119865603,123.795935351523,0.0,0.5227686703096539,0.09688995215311005,0.6600504102276549,0.45417470929126286,0.8073355458435596,0.393616022971991,0.3745792516281934,0.24973455009399995,0.2130210553892055,0.5709478975483805,0.7353671806612093,0.7587180825820301,0.15718382772673078,0.0,0.3326709720152343,0.27452153110047844
0100100013327,244.45434750645165,79.65366379423705,38133.021685624546,628.9892761682856,335.0,236.21431332084092,24.720102556832188,1.0942682290989372,5011,13763.603768031788,121.785391044649,2.0,0.42519908987485777,0.20155657553382558,0.8600499061186895,0.7845486678346192,0.9481376812063286,0.7670480912134634,0.5867582763435647,0.709825414412827,0.5059319329300647,0.7361621027601238,0.9309347533391802,0.9267246506545583,0.2580625708877221,0.6666666666666666,0.2705812390112731,0.5710769640125057
0100100013308,205.24488779237194,52.1256857885389,32586.93992143428,775.3695761045162,60.0,397.45835413760915,9.773566085351044,1.0022541206494209,6805,22169.705736937954,121.928152907509,2.0,0.49396267837541163,0.2458486407053637,0.8328491321874052,0.709938254417332,0.9340116416293552,0.7919105760077833,0.4146541464446416,0.7771403806466581,0.3703564769257511,0.6742601871616315,0.9643680132489428,0.97307826287265,0.25089951695879364,0.6666666666666666,0.3143398862388983,0.6965711486651971
0100100014005,302.5349663440037,41.058316860971935,36761.912343249875,105.8872382204013,195.0,19.44867640782881,6.482892135942937,1.0323906244594507,3505,7574.178978826664,126.237701583717,0.0,0.4471511147811726,0.12924393723252497,0.8932424809975374,0.6681919291749823,0.944846495720239,0.5559480125116832,0.5323909711591948,0.39170032995486065,0.3135703224879071,0.6945343314935915,0.8918861449659973,0.8686480497018503,0.03466859254663013,0.0,0.28455070940620075,0.3661911554921541
0100100014062,321.73895639788765,95.90295815706267,47590.95504739768,275.3342992251154,75.0,145.40125914135308,3.0936438115181506,0.9871138150580951,4494,13902.83528896257,122.050195919324,2.0,0.610752688172043,0.1584334668446818,0.9028300542607237,0.81734940526753,0.9680513398899048,0.6689800011357835,0.43683085300816044,0.6471863415501117,0.21959300682373045,0.6640746413291266,0.9190386086280544,0.9277033537544757,0.24477602810983579,0.6666666666666666,0.3886608015640274,0.44889482272659836
0100100012723,203.63386812768906,73.8671874580833,38729.08468388745,656.8190452353892,395.0,335.3969592691349,45.917440852322045,1.0941498109017234,6352,12681.199317128245,122.510877643363,1.0,0.4229390681003584,0.19159319899244331,0.8316235716796216,0.7712442706250918,0.949531714265426,0.7721921782325966,0.6033311374291809,0.7551652278484225,0.5995871600295664,0.7360824376590565,0.9568417831766577,0.9187602436697672,0.2216613953412846,0.3333333333333333,0.2691430433365917,0.542847397145256
0100100011320,62.27899709928556,20.538818192317578,15268.782479219597,382.2870353860401,4140.0,176.23631094053147,16.56356305832063,1.0789999881816335,5076,3363.0658433614203,121.312818834317,1.0,0.5326283987915408,0.1595744680851064,0.6481975366697345,0.5486018151515983,0.8658762053169151,0.7079140427936254,0.8400955680804869,0.6719937582904035,0.44650178122463124,0.7258904892377374,0.9323427504757136,0.7897122149908993,0.28177380692868537,0.3333333333333333,0.33894534468552595,0.4521276595744681
0100100011674,71.81023316286439,10.424066104286766,17475.84692992868,185.31673074287585,975.0,70.65200359572141,4.632918268571896,1.0316967732109676,1697,1965.5155754416269,122.035099935158,1.0,0.44302721088435376,0.19033588685916322,0.6701246999720692,0.43527815818271703,0.8780101802203053,0.6220739920821492,0.6943186285105664,0.5544463614204564,0.26932381693109225,0.6940675474085718,0.8126627710795358,0.7375029777919574,0.2455334667319229,0.3333333333333333,0.28192640692640697,0.5392850127676291
0100100014109,333.6313209604574,71.85905374532929,40066.29826825118,215.57716123598786,0.0,107.78858061799393,5.1327895532378065,0.9436706374394936,3143,16132.357565826425,123.961252399931,1.0,0.6577004219409283,0.13426662424435254,0.9084852926024787,0.766385450181209,0.9525826036983327,0.639983571065159,0.0,0.6086454063229078,0.2825704326517984,0.6348485154709119,0.8799779212521529,0.9421659526487175,0.1488890709240751,0.3333333333333333,0.4185366321442271,0.3804221020256655
0100100012992,14.780906079716816,1.847613259964602,7158.775085345719,66.51407735872567,350.0,22.171359119575225,7.390453039858408,1.2342083723888784,471,870.2258454433276,122.184575281356,2.0,0.5193548387096775,0.18895966029723993,0.4311572714784019,0.187012462581605,0.7978009079443926,0.5012741805466768,0.5911636769410976,0.4079241251807224,0.3314057912085222,0.8303059583573074,0.6727724574367747,0.6583346696854457,0.23803356483647387,0.6666666666666666,0.33049853372434024,0.5353857041755131
0100100014325,211.89997794474542,55.15204905411182,53183.420243470144,211.89997794474542,0.0,98.69314041262115,2.902739423900622,0.8982775664212227,3080,8940.437425613916,118.266920722111,2.0,0.5942028985507246,0.2038961038961039,0.837812445255906,0.7198390377774668,0.978037229283751,0.6379457401261557,0.0,0.5973133695341101,0.21215240367652394,0.6043106110312788,0.8777661177074576,0.8847730484561432,0.43460126380453856,0.6666666666666666,0.37812911725955206,0.5777056277056277
0100100013806,139.448374387845,44.82269176752161,23449.350653140864,199.21196341120717,175.0,109.56657987616394,4.980299085280179,1.0165681274798741,2538,12639.999078441095,122.544218497266,2.0,0.5428571428571428,0.2186761229314421,0.7728009085998214,0.6835110127328857,0.9044358279501122,0.6306335942980048,0.5215345200330956,0.6107495224542255,0.27864747114392385,0.6838898456740661,0.8566241501050562,0.9184438149113462,0.21998852326074925,0.6666666666666666,0.34545454545454546,0.6195823483057525
0100100013609,247.95847539504763,66.52544461818351,45731.689224200636,387.0571323239768,40.0,151.19419231405345,18.14330307768641,1.117560141983767,2385,14423.925946760699,125.184040106257,1.0,0.5670170827858082,0.1421383647798742,0.8622652587832295,0.7527998058261194,0.9644695640898091,0.7093859039819618,0.3745792516281934,0.6522230440780844,0.4599204661311067,0.7518315913833302,0.8498328097779608,0.9312812610316613,0.08753589081999225,0.3333333333333333,0.3608290526818779,0.4027253668763102
0100100012668,206.4614833373978,57.90992825317255,32574.08897229088,704.9904309081876,400.0,284.5139953308043,30.213875610350897,1.0546481325514039,2764,6959.262682250824,121.154092631958,2.0,0.44004171011470283,0.18596237337192476,0.8337683123487059,0.7284073584474904,0.9339761905278109,0.7806022258003412,0.6045967455052831,0.7338793015659605,0.5360936364551048,0.709507930766107,0.8659416304975946,0.8604153657405486,0.28973786907143384,0.6666666666666666,0.28002654280026545,0.5268933912204534
0100100013331,250.20144262998096,31.27518032874762,42004.361953412845,403.10232423719157,60.0,170.27598178984815,10.42506010958254,1.0529127373381297,4775,16593.220674418877,123.073632207312,1.0,0.4810794044665012,0.20670157068062828,0.8636669822157956,0.6208779751021133,0.9568282720211061,0.7142073134871276,0.4146541464446416,0.6675538810267366,0.379504186667902,0.7083404544971709,0.9256644847325798,0.9449048841653932,0.19342527394610232,0.3333333333333333,0.3061414392059553,0.5856544502617801
0100100013577,153.5148219832133,68.22880977031701,29504.439548082133,255.85803663868882,80.0,119.40041709805477,11.371468295052836,0.9928357034256201,2226,12656.444212393806,125.621148274903,0.0,0.46158896913985553,0.17699910152740342,0.7877182535338707,0.7572518400153322,0.925080421967332,0.6602824437606478,0.4432577168580952,0.6218084292127175,0.39190349099649413,0.6679240059185239,0.8422972369540053,0.9185702413975694,0.06560405747135512,0.0,0.2937384349071808,0.501497454327643
0100100013596,185.73019543796744,73.31455083077662,30548.63952275933,224.83128921438163,210.0,83.08982427488017,9.775273444103549,0.8470713479875176,1929,9428.251236837874,125.64299704459,0.0,0.4781609195402299,0.17522032141005703,0.8173145547373715,0.7699202489141002,0.9282063105407554,0.6449627502222613,0.5398293013973569,0.575221376936604,0.3703811659655649,0.5698619480489029,0.8266568481888004,0.8899387005240916,0.06450779890192071,0.0,0.30428422152560086,0.4964575773284949
0100100012935,167.9514207726452,8.839548461718168,38357.669519374096,194.4700661577997,20.0,79.55593615546351,0.0,0.9302168370888639,984,8698.115686330677,118.705657627151,2.0,0.5948136142625607,0.2032520325203252,0.8016777550436202,0.4085951425086413,0.9486656148382427,0.6277812042177038,0.30709379427763994,0.5696489366532382,0.0,0.6257975554842641,0.7531582397826512,0.8821012611173951,0.4125877088644869,0.6666666666666666,0.3785177545307205,0.575880758807588
0100103574289,166.85119839515332,41.71279959878833,48429.0186448845,83.42559919757666,0.0,0.0,0.0,0.0,36,1501.6607855563798,123.143029188724,3.0,0.8947368421052632,0.0,0.8006566934607642,0.6709514141934593,0.9696203045546559,0.5278751181095206,0.0,0.0,0.0,0.0,0.3945646271295637,0.7113417339297884,0.18994329136055377,1.0,0.569377990430622,0.0
0100103574382,214.7130627169376,9.335350552910331,55978.03272344064,46.67675276455166,0.0,28.006051658730993,9.335350552910331,0.9502705392332347,220,2053.777121640273,106.998350411343,3.0,0.7322834645669292,0.12272727272727273,0.8398639335971371,0.4173803809803617,0.9826401661505951,0.45987449659679613,0.0,0.43707368778216393,0.36388672656407434,0.6392885580978385,0.5898566804996563,0.7417724086921081,1.0,1.0,0.46599856836077314,0.3477272727272727
0100102394185,215.43065774744247,83.93402249900356,47876.32211113473,92.32742474890391,60.0,33.57360899960142,11.19120299986714,1.27355737528229,954,2669.101915468313,123.467290174302,1.0,0.4217585692995529,0.22117400419287211,0.8403829690134085,0.7937896472927554,0.9685886651929516,0.5398042229739196,0.4146541464446416,0.45986329072451543,0.38961658861937554,0.8567777537921258,0.7497784890227248,0.7672454948441467,0.17367354760538556,0.3333333333333333,0.2683918168269882,0.626659678546471
0100103574170,185.71746663381265,39.098414028171085,46968.63705854181,244.36508767606927,80.0,105.0769877007098,9.774603507042771,1.1439120909337057,1931,4718.6898430248975,115.62758018672,3.0,0.59983429991715,0.21853961677887104,0.8173039009693147,0.6596640131820297,0.9668682993261631,0.6548349980188788,0.4432577168580952,0.6053693059679462,0.3703714788939615,0.7695597001184147,0.8267700226128492,0.8226384501699086,0.5670297584533703,1.0,0.3817127363109136,0.6191955808734679
0100110253967,43.94369730523807,14.647899101746024,5370.196459596079,64.28800161321865,900.0,14.647899101746024,6.510177378553788,1.083193547122641,1119,910.6110608252111,126.012892756112,0.0,0.4218551461245235,0.20107238605898123,0.5947259631749324,0.4915016507076826,0.7719667278892915,0.4972843168746077,0.6862535214255558,0.3569705085456634,0.31413739819832465,0.728711679770339,0.7671931191552545,0.6627410246082562,0.04594833997758785,0.0,0.268453274806515,0.5697050938337801
0100110253948,103.61611531777253,20.43134668237768,22240.652351857712,398.41126030636474,1395.0,144.47880868252787,29.1876381176824,1.1640449742493686,4706,6867.851249090669,120.963952301644,1.0,0.49444268021594157,0.1925201869953251,0.7267685567655242,0.547707899885766,0.8996794666758827,0.7128177916552294,0.7304195298893833,0.6463659587741756,0.5308851379469078,0.7831039713694286,0.9240743221407166,0.8591297627378595,0.2992781301244789,0.3333333333333333,0.3146453419555992,0.5454738631534211
0100102933666,90.67433862979038,8.395772095350962,27125.028416028188,105.78672840142211,60.0,60.449559086526925,3.3583088381403847,1.0708141297249323,2125,3568.2031405241587,117.711534731342,3.0,0.5659543109801032,0.22447058823529412,0.7061304154843604,0.4003478588732263,0.9175231820771216,0.555836058612792,0.4146541464446416,0.5345097981196063,0.229353793350749,0.7203835041913526,0.8372256814007549,0.7954683072495391,0.46246766820380736,1.0,0.36015274335097475,0.636
0100103574166,167.3587347495289,62.40495194050231,42709.124055242166,130.48308133014118,60.0,59.56836321593402,17.01953234740972,1.3194585357237563,1140,3233.7111460078468,114.918486382091,3.0,0.5833333333333334,0.20877192982456141,0.8011285416831244,0.7415480261330084,0.9583237690040839,0.580593663125628,0.4146541464446416,0.5326350934844333,0.45049496171985903,0.8876574722113878,0.7692229588869567,0.7858991976488113,0.6026084281447821,1.0,0.3712121212121212,0.5915204678362573
0100104792899,102.4976039309834,51.2488019654917,39039.38567522467,197.67395043832514,0.0,80.5338316600584,7.321257423641672,1.1366193309656731,437,3199.3894941314106,123.355931388707,2.0,0.47635135135135137,0.19908466819221968,0.7250886342204725,0.7069639478863058,0.9502489576126898,0.6297159047968273,0.0,0.571215033422998,0.33011557212461373,0.7646535414909157,0.6646034317450609,0.7848618810052422,0.17926095709064227,0.6666666666666666,0.30313267813267813,0.5640732265446223
0100104792757,37.815912691953535,3.9119909681331246,16997.629770748557,49.55188559635291,100.0,12.387971399088228,3.9119909681331246,1.2458856017815356,1423,927.7938579422394,122.490316421414,2.0,0.5585980284775466,0.20098383696416022,0.5718177695124003,0.2844426425447267,0.8755165128735118,0.4668427858763573,0.4655163164522935,0.33672561738879553,0.24798698455284068,0.8381617413504675,0.7934333153587856,0.6645569060318364,0.22269305140625106,0.6666666666666666,0.35547147266752965,0.5694542047317873
0100104793933,50.76267721558752,6.922183256671026,17932.80227332779,50.76267721558752,80.0,19.612852560567905,2.307394418890342,1.2188584560666418,1432,1652.0944039254848,120.215344866741,2.0,0.6089887640449438,0.17318435754189945,0.616802503186013,0.3698618707192355,0.8803300294821236,0.46965944661573733,0.4432577168580952,0.3927382257367266,0.1863643474070797,0.8199793982174096,0.7941217524066642,0.7206199668928204,0.3368393899762472,0.6666666666666666,0.387538304392237,0.49068901303538176
0100104792742,66.20316212650296,8.130212892728434,22062.856364716557,148.66675003846277,40.0,66.20316212650296,15.098966800781376,1.2534749101645273,1855,2154.5064165730346,122.009271318908,2.0,0.5707027942421676,0.17358490566037735,0.6576006677912315,0.3952242152536904,0.8989580895867232,0.5960082768530408,0.3745792516281934,0.54612661604046,0.43293587755082,0.8432674010682121,0.8223847920376115,0.746426358780515,0.24682941347429455,0.6666666666666666,0.36317450542683394,0.49182389937106913
0100100014452,222.6473388299171,50.601667915890246,61459.31108560013,313.73034107851953,0.0,182.16600449720488,0.0,0.9066201258375415,1849,18712.496795296214,122.402499046623,2.0,0.7410546139359698,0.12385073012439156,0.8455091291672097,0.7047367411851423,0.9910363063427458,0.6844626692333393,0.0,0.6762650609387314,0.0,0.6099230156675494,0.82203097662869,0.9565927350173518,0.22709927432127164,0.6666666666666666,0.47158020886834445,0.3509104020191094
0100100013914,134.54562095262264,56.92314732610958,40281.7127696896,103.49663150201741,0.0,41.39865260080696,10.34966315020174,0.9433483923290391,1800,9314.696835181567,126.000734637983,0.0,0.3888888888888889,0.18,0.7672478598627793,0.7253885581620692,0.9530645357629984,0.5532562476446026,0.0,0.48634413716053043,0.37847260026069446,0.6346317270895918,0.8190977821925575,0.8887604993975949,0.04655837163511589,0.0,0.2474747474747475,0.5099999999999999
0100100014024,126.07355267130745,18.677563358712213,35120.353771972004,42.024517557102484,140.0,18.677563358712213,14.008172519034161,1.4270610433807247,489,2283.3321206025685,125.132429358729,0.0,0.7340425531914894,0.12883435582822086,0.7571609272461672,0.5324507723285031,0.940740733097886,0.44765616531549435,0.49916973278792043,0.3867112606844111,0.42200476973964307,0.9600463858182857,0.6768620368998637,0.7520711991152891,0.09012545192860522,0.0,0.4671179883945841,0.36503067484662577
0100100013350,236.00804918768438,28.180065574648882,32765.885971641525,59.882639346128876,155.0,17.61254098415555,7.0450163936622205,1.1966127112211293,1333,4695.50342637587,125.697744963345,0.0,0.31719367588932806,0.2145536384096024,0.8545773188208299,0.6028621352159317,0.934503841309015,0.4889708492527234,0.5093670595450125,0.37948920734161573,0.32485560633237437,0.805013712595318,0.7862993170434405,0.8221595405741461,0.06176083072230798,0.0,0.2018505210204815,0.6079019754938734
0100100014363,143.1710998599089,52.06221813087596,28950.449498746704,82.43184537388694,40.0,32.53888633179748,10.846295443932492,1.2415177870786553,3193,6926.444270495289,123.106172684306,2.0,0.7120643431635388,0.1528343250861259,0.7768894325337516,0.7097246321147322,0.9233767928531945,0.5264660707457476,0.3745792516281934,0.455919561768713,0.385145157467807,0.835223321344628,0.8817020008284229,0.8599557634191047,0.1917925606506078,0.6666666666666666,0.4531318547404338,0.43303058774402337
0100100013365,119.24118276969504,21.54961134392079,23097.92633732797,33.04273739401188,120.0,5.746563025045544,12.21144642822178,1.3678283578402655,2849,2046.4947572943445,125.775899350863,0.0,0.4528301886792453,0.13864513864513864,0.7485236416961735,0.5567974554401474,0.9030786934036474,0.4197915657535361,0.4837400759343419,0.24777641173948495,0.4021382446478581,0.9201979673226673,0.869250143689749,0.7414271514404293,0.05783944666806107,0.0,0.2881646655231561,0.39282789282789277
0100100012687,132.6630297666018,36.267590871445094,26666.312667998307,322.5906766986432,255.0,124.07333719178585,22.90584686617585,1.0969066352045502,8357,7976.006760859649,125.609597560711,0.0,0.35204659440220026,0.17913126720114875,0.7650620143366249,0.6465804627003734,0.9159902551795093,0.6877665261851355,0.5593289641318496,0.626750537230908,0.49453503755859995,0.7379370739554793,0.9868136440445024,0.8736742475966192,0.06618361273224549,0.0,0.22402965098321836,0.5075385904032548
0100100010106,248.65818028900458,56.711514802755424,35510.16427299205,165.77212019266972,80.0,52.349090587158855,0.0,0.9586114083627439,2962,12921.500526597045,125.749891104166,0.0,0.4598324297683588,0.099932478055368,0.8627038841990128,0.7247344282979202,0.9417328184582511,0.6088862794390595,0.4432577168580952,0.5161624971781833,0.0,0.6448998256042365,0.8734989150551467,0.9205855821454558,0.059144406339750155,0.0,0.29262063712531927,0.283142021156876
0100100010182,36.20895798872606,5.172708284103723,5413.297800937609,39.65743017812854,155.0,1.724236094701241,3.448472189402482,0.5305096302300271,2218,3824.3556580473523,126.020458037386,0.0,0.39059561128526643,0.17357980162308387,0.5652099524098425,0.32526951636773244,0.7726850989560795,0.4409220477495849,0.5093670595450125,0.13007555938079093,0.23254409187226138,0.3568970335967984,0.8419040025335641,0.8022082243704818,0.04556875318411491,0.0,0.24856084354516955,0.49180943793207094
0100100010996,186.5590421331034,79.95387519990145,32246.466170006694,26.651291733300482,0.0,17.76752782220032,0.0,0.6365141682948128,795,7062.592309324628,126.118614747583,0.0,0.3613013698630137,0.17735849056603772,0.8180067250341322,0.7852126175494073,0.9330676434008004,0.395045892099008,0.0,0.38056550819708784,0.0,0.4282109231612853,0.7298791127067361,0.8618484103121181,0.04064375574753243,0.0,0.22991905354919054,0.5025157232704401
0100100011000,311.23869649288093,44.46267092755442,31494.06436778038,216.7555207718278,80.0,88.92534185510884,5.5578338659443025,0.9542703797697436,2446,13594.461636099764,125.263864487224,1.0,0.5422446406052963,0.13654946852003272,0.8976608156841769,0.6821014063259881,0.9309456868640726,0.6406292828143894,0.4432577168580952,0.5839296418704928,0.293010829928167,0.6419794257861805,0.852591269398925,0.9255222904566462,0.08353071510811005,0.3333333333333333,0.3450647712942795,0.38689016080675936
0100100014147,175.42510976832807,46.292737299975464,26208.968636472942,187.6074090577953,955.0,80.4031753104837,7.309379573680337,0.8861980899191951,1992,4853.428036923743,126.113186213859,0.0,0.46255506607929514,0.12248995983935743,0.808442561529911,0.6891540684819648,0.914435433761315,0.6235281394350293,0.6922301969644106,0.5710068781801647,0.32989301970227175,0.5961842188127123,0.8301667107256763,0.8253757036358047,0.0409161315700457,0.0,0.2943532238686424,0.3470548862115127
0100100014518,257.8145127120159,58.2884985261949,38354.11994107196,118.81886238032038,80.0,62.77222918205605,13.451191967583439,1.1399041936622938,3854,8640.148973844429,125.687248955308,0.0,0.5133647798742138,0.12791904514789829,0.8683330785648288,0.7295520946430999,0.9486572972175472,0.5695387764259079,0.4432577168580952,0.5393252152674862,0.4161126479603474,0.7668634123120889,0.9022553359044735,0.8814511030496561,0.06228746626839421,0.0,0.32668667810177243,0.3624372945857118
0100100011161,220.29384642787952,38.46400493185198,32285.624588315335,195.81675238033736,100.0,111.89528707447849,6.9934554421549056,0.9255162785403126,5374,18791.41477307023,122.934408357513,2.0,0.5685931115002919,0.17473018235950874,0.8438557988811362,0.6568140467479103,0.9331767200494182,0.628598250616214,0.4655163164522935,0.6134547491210169,0.323853848528154,0.6226352841386928,0.9385752909984407,0.9570019685882631,0.20041080862829697,0.6666666666666666,0.3618319800456403,0.49506885001860806
0100100011091,131.6935063786641,14.965171179393646,20946.240148603392,149.65171179393647,100.0,83.80495860460442,17.958205415272378,0.9437489523059353,3926,11750.65241005989,124.090409120248,1.0,0.553006329113924,0.12582781456953643,0.7639242764312484,0.49508879523952626,0.8942902405743716,0.5967888636592944,0.4655163164522935,0.5763205104819518,0.4584066766566415,0.634901201307185,0.9042773500548226,0.9113496871041938,0.1424086528741827,0.3333333333333333,0.35191311852704255,0.3565121412803532
0100100011208,73.54707422036438,0.0,15099.378077887577,45.2597379817627,0.0,28.287336238601686,0.0,0.6615632381579821,1634,9244.30148277503,125.803113138893,0.0,0.439647577092511,0.13525091799265607,0.6738089906738917,0.0,0.8648734894376775,0.4562839934960632,0.0,0.4383262706692102,0.0,0.44506252814468167,0.8085314638445783,0.888022868452785,0.056473999150326915,0.0,0.2797757308770525,0.3832109343125255
0100100011227,53.17614864352365,7.820021859341713,9761.988681406347,10.948030603078399,575.0,3.1280087437366855,1.5640043718683427,0.9556998911125343,2264,3540.9058979099277,126.417075165192,0.0,0.39666872301048733,0.11219081272084806,0.6239245944629127,0.3890473026006834,0.8256746688554515,0.2951910488924865,0.6411255815279348,0.1840178552644624,0.14669862072605477,0.6429411205955919,0.8441460148373965,0.7947217244769129,0.025668551416664576,0.0,0.25242555100667374,0.31787396937573614
0100100014556,29.08876880324368,3.166124495591149,9575.784391495908,19.392512535495786,9015.0,3.5618900575400425,0.5936483429233405,1.0769924404981228,343,67.87379387423525,124.706199032484,0.0,0.3557312252964427,0.1457725947521866,0.5320155452083866,0.2550109935733343,0.8239438663500915,0.35880939272367207,0.9185769945591274,0.19698946827842806,0.07260782028066717,0.7245399240976882,0.6382063102762064,0.41156492003470263,0.11151149125222914,0.0,0.22637441609773626,0.413022351797862
0100100011265,274.4120618084931,19.600861557749507,37294.07751555996,68.60301545212327,20.0,39.201723115499014,0.0,0.6829081047004717,1052,10310.05317937624,122.368768463817,2.0,0.5608308605341247,0.14068441064638784,0.8780472025863667,0.5406451261536883,0.946138243698453,0.504900364970246,0.30709379427763994,0.4794383528675516,0.0,0.4594221535264697,0.7604527561733948,0.8986323216968769,0.22879170098798252,0.6666666666666666,0.356892365794443,0.39860583016476553
0100100011195,131.50932113456705,9.175068916365142,16453.54825876288,73.40055133092113,80.0,24.46685044364038,15.291781527275237,1.0505717513316428,1821,5569.266832233641,126.269926671539,0.0,0.3932670237184392,0.1872597473915431,0.7637071952722909,0.41458727648114213,0.8725926252923917,0.512832462556455,0.4432577168580952,0.4201843182806042,0.4347908080831666,0.7067655708121292,0.8203645188904634,0.8387518270945427,0.033051703853045344,0.0,0.2502608332753704,0.5305692842760388
0100100014537,57.81390993271728,3.7299296730785345,10362.005174432976,54.08398025963875,60.0,18.64964836539267,0.0,0.7792771206047009,2660,4960.8064651944505,126.43109932613,0.0,0.4278046162104133,0.10902255639097744,0.6367614190451019,0.27769309260055597,0.8310354781499901,0.47706009575007036,0.4146541464446416,0.38652700498940223,0.0,0.5242538058603756,0.8617523709415709,0.8275032735025527,0.0249648913558167,0.0,0.2722393012248085,0.3088972431077694
0100100012831,176.25971256378548,79.01297459755901,38333.22433310518,446.72720253235286,215.0,136.75322526500597,18.233763368667464,1.1644153327462838,2611,7934.726025931791,122.062017752096,1.0,0.464385866517106,0.19724243584833398,0.8091801423172231,0.7831234110607086,0.9486083175554598,0.7264068679558738,0.542191649193015,0.6392836781473373,0.46065496361361247,0.7833531277303774,0.8597215046182682,0.8731697047952521,0.2441828695170003,0.3333333333333333,0.2955182786927038,0.5588535682369462
0100100014490,86.6593051823327,8.66593051823327,8285.2823861292,69.32744414586617,175.0,25.99779155469981,0.0,0.6615632381579821,1128,9775.169624567128,126.484806522654,0.0,0.46293888166449937,0.0726950354609929,0.6991312646679718,0.40541374031704214,0.8109345126392306,0.5061325319768355,0.5215345200330956,0.42776121834781056,0.0,0.44506252814468167,0.7680676716848489,0.8934522423073566,0.022270141249829067,0.0,0.294597470150136,0.20596926713947988
0100100014113,177.90947984606078,36.308057111440974,34967.158238239,163.38625700148438,0.0,68.98530851173786,0.0,0.9638513484697697,1237,4491.3066646852485,122.880380441604,1.0,0.47437425506555425,0.1544058205335489,0.8106279631411852,0.646774401622607,0.9403478262971869,0.6071715341518005,0.0,0.5513916161579897,0.0,0.648424962517607,0.7781385195910893,0.8178368368645083,0.20312165077879007,0.3333333333333333,0.30187452595080727,0.4374831581783885
0100100013789,110.45507933448542,38.659277767069895,33638.69350417464,436.2975633712174,155.0,165.68261900172814,27.613769833621355,1.1505198225911908,2500,13806.884916810677,122.979390984344,2.0,0.5605493133583022,0.2284,0.7366651088286719,0.6576961258527799,0.9368666478868205,0.7236019750938366,0.5093670595450125,0.6640255407375023,0.5225428014660694,0.7740050102371726,0.8549763982176516,0.9270299441549311,0.19815381242917063,0.6666666666666666,0.35671319940982865,0.6471333333333332
0100100014486,338.03259968080624,56.338766613467705,59981.14880383656,309.8632163740724,0.0,105.63518740025195,7.042345826683463,0.8385453521307603,1991,14021.310540926776,123.098748499833,2.0,0.722318339100346,0.16122551481667505,0.9105274402606542,0.7235764551343232,0.9888481981330163,0.6829914284554306,0.0,0.6060505060974695,0.3248038787787988,0.5641261376953456,0.8301118701239475,0.928528467143481,0.19216506793436772,0.6666666666666666,0.4596571248820384,0.4568056253139126
0100102933929,133.2459892249937,38.68431945241753,36434.71466549112,310.907308191652,320.0,120.35121607418787,12.894773150805843,1.1944075777910748,2351,3368.4012975049486,119.080882382409,2.0,0.5285996055226825,0.2075712462781795,0.7657421524026454,0.6578089288918447,0.9440429585768841,0.6833904472589462,0.5821516474936257,0.6228293640020135,0.4099952089107585,0.8035302228808515,0.8482645361352862,0.7898663236802265,0.39376086601208016,0.6666666666666666,0.3363815671507979,0.5881185311215086
0100100010163,292.1282594886637,70.62441438187473,51026.269418572934,279.28745687377733,20.0,102.72642091909051,6.420401307443157,0.9716858503045581,2698,8661.12136374082,125.074121702234,1.0,0.6371359223300971,0.10303928836174944,0.8877902597442836,0.7633312208010811,0.9743156960598369,0.6706703391992078,0.30709379427763994,0.6024609021783537,0.3122637308451035,0.6536955745955296,0.8633017461808941,0.8816868327651944,0.0930510293872906,0.3333333333333333,0.40545013239188,0.2919446503582901
0100100013755,293.3479958192028,61.24848264356982,47663.286055924116,348.1492697634495,95.0,132.16777833612434,12.89441739864628,1.0951514774214672,3945,12717.119159414893,124.968742554606,1.0,0.586317907444668,0.12344740177439797,0.8884392252950608,0.7382584410462768,0.9681878380982016,0.6968130372808853,0.46039503179692975,0.6348897095729445,0.4099912198105209,0.7367563025413862,0.9048047556351316,0.9190352799198596,0.09833841148165368,0.3333333333333333,0.37311139564660695,0.3497676383607942
0100100014306,600.0,0.0,34471.358835360355,0.0,0.0,0.0,0.0,0.0,196,19600.0,120.667545670991,2.0,0.6065573770491803,0.18877551020408162,1.0,0.0,0.9390643252718734,0.0,0.0,0.0,0.0,0.0,0.5772951254249165,0.9610986073815377,0.3141502860190927,0.6666666666666666,0.3859910581222057,0.5348639455782312
0100100014560,230.89456990925513,32.98493855846502,32232.564081456112,211.10360677417611,0.0,92.35782796370205,13.193975423386007,1.1228210437766697,549,3621.746253719459,126.14873603614,1.0,0.4562334217506631,0.13114754098360656,0.851168558730846,0.6301025853752711,0.9330288869609659,0.6374997700110545,0.0,0.5887916251078571,0.4133145526199223,0.7553708301396878,0.6894841181375162,0.7969162767349073,0.039132424849908976,0.3333333333333333,0.29033035929587653,0.3715846994535519
0100100011034,462.794950141991,11.287681710780268,43088.184257122666,290.6578040525919,20.0,155.2056235232287,5.643840855390134,0.9034967458870453,5369,15150.890776294815,119.973980252164,2.0,0.5983923786841322,0.17098156081206928,0.9594985460976586,0.44830137216134397,0.9591179564451863,0.6754024923941228,0.30709379427763994,0.6555996953325941,0.2950409146535418,0.6078217813532082,0.9384735972762092,0.9360625372930657,0.3489498214046015,0.6666666666666666,0.3807951500717205,0.48444775563419623
0100100014043,209.87144473076853,37.89345529861099,38052.92571374017,34.97857412179476,0.0,23.319049414529836,0.0,0.6365141682948128,1722,5019.425386477547,126.249420921173,0.0,0.45932203389830506,0.10859465737514518,0.8363162125229283,0.6542115519333939,0.9479486992463863,0.42637316569440514,0.0,0.414198635639742,0.0,0.4282109231612853,0.8142598456463798,0.8286453877547904,0.03408057664009245,0.0,0.29229583975346685,0.30768486256291133
0100100014467,282.18115849886146,63.71832611264613,40347.96924008076,755.5172953356613,0.0,364.1047206436922,0.0,0.9226571018644942,2507,22820.263366343406,119.679828733212,2.0,0.6342894393741851,0.19904268049461507,0.8823947892697898,0.7452119358228455,0.9532122486754959,0.7888280489390238,0.0,0.7657941616799473,0.0,0.6207117909239018,0.8552818043963262,0.9758906521437601,0.3637088274256677,0.6666666666666666,0.40363873414720874,0.5639542614014094
0100100013488,35.24600554615347,0.0,14532.778433392772,23.497337030768982,75.0,0.0,0.0,0.0,54,317.2140499153813,123.143029188724,0.0,1.5714285714285714,0.2777777777777778,0.5611121222912151,0.0,0.861436070670881,0.38063385939341815,0.43683085300816044,0.0,0.0,0.0,0.43788088299612477,0.560392396450196,0.18994329136055377,0.0,1.0,0.787037037037037
0100100011424,338.1311840318199,0.0,38955.80089654131,645.5231695152925,0.0,399.6095811285144,0.0,0.7535919276859473,26,399.6095811285144,123.143029188724,2.0,0.5294117647058824,0.0,0.910572878214851,0.0,0.9500563186140328,0.7701309716294396,0.0,0.7778392243536538,0.0,0.5069742530724463,0.3601357537265609,0.5827841799058603,0.18994329136055377,0.6666666666666666,0.33689839572192515,0.0
0100100010017,301.4033828708224,146.13497351312603,37728.77322213739,278.5697932593965,20.0,159.83512727998158,4.566717922285188,0.9319012282913289,2237,10215.747992151966,119.325886119644,2.0,0.5567153792623522,0.22708985248100133,0.8926587617160743,0.89198423181075,0.9471797954586131,0.6703652504646826,0.30709379427763994,0.659390458904248,0.26748192262690407,0.6269307191241318,0.8428356339505981,0.8977388298502748,0.38146784217892715,0.6666666666666666,0.3542734231669514,0.6434212486961703
0100100014433,236.57862255129817,98.37922917974775,35701.543363725476,224.86680955370915,80.0,126.48758037396139,7.027087798553411,0.9080617953126336,9429,22086.136950853368,120.866944391666,2.0,0.5965778796965955,0.17488599003075617,0.8549531056400445,0.8218587085619162,0.9422159080956566,0.6449814661412447,0.4432577168580952,0.6292319817553943,0.3245080085465959,0.6108928897843762,1.0,0.972711023904491,0.304145486691453,0.6666666666666666,0.3796404688978335,0.49551030508714244
0100100014202,320.25961437143627,101.90078639091153,49539.983508737416,262.03059357662966,0.0,116.45804158961319,0.0,0.6869615765973234,1644,23932.12754666551,123.057678703753,1.0,0.576222435282838,0.15206812652068127,0.9021120453509941,0.8280816364668216,0.9716588348788985,0.6631083484186744,0.0,0.6185971495741335,0.0,0.4621491013768359,0.8091977457665883,0.9805166519958746,0.19422573846834357,0.3333333333333333,0.3666870042708969,0.4308596918085969
0100100013971,209.57415741183945,41.91483148236789,40623.632868651475,370.2476780942497,100.0,164.1664233059409,6.9858052470613154,1.0188540011705025,4162,14537.460719134597,123.115183068378,2.0,0.5819080197643481,0.18885151369533879,0.8360957268837625,0.6717947021682255,0.9538242233832009,0.7041161451944927,0.4655163164522935,0.662839514797135,0.3237046655878068,0.6854276528935288,0.9106543622706056,0.9320436492307013,0.19134046605240707,0.6666666666666666,0.3703051034864034,0.5350792888034599
0100100014128,103.40496968132568,11.178915641224398,23277.846491532415,53.099849295815886,80.0,11.178915641224398,8.384186730918298,1.2648667490341143,390,1089.9442750193787,119.846663302712,2.0,0.5843621399176955,0.20256410256410257,0.726452810997448,0.4467124894524245,0.9037760708389535,0.474914792714117,0.4432577168580952,0.3244407914071706,0.348844952862897,0.8509311893730643,0.652200058219122,0.6802046982162157,0.35533792924181606,0.6666666666666666,0.3718668163112608,0.5739316239316239
0100100014448,238.698787273569,49.21624479867402,37687.43389428029,204.24741591449717,40.0,113.19736303695025,4.921624479867402,0.9308577236624129,2761,6794.302594456948,124.904769564854,2.0,0.5554929577464789,0.1629844259326331,0.8563416090777399,0.6998731824713195,0.9470812621565335,0.633589535521357,0.3745792516281934,0.6149431313547212,0.27711129916124577,0.626228707915696,0.8658230092845872,0.8580828979949846,0.10154824614203262,0.6666666666666666,0.35349551856594114,0.4617892068091271
0100100014077,357.5702933227674,185.93655252783904,52707.762850364124,328.964669856946,0.0,143.02811732910695,0.0,0.6846162778013047,1450,20739.07701272051,121.543062527891,2.0,0.5812431842966194,0.19448275862068964,0.9192838079631708,0.9347698273257873,0.9772297619615737,0.6900877942875072,0.0,0.6450652017657131,0.0,0.4605713162896279,0.7954857494104465,0.9665916813408894,0.2702213659558216,0.6666666666666666,0.369882026370576,0.5510344827586207
0100100013721,263.55613847923473,49.235762133483405,38847.45912854705,315.6881219146877,305.0,136.12240119257177,26.065991717726508,1.1237500010594679,5275,15277.567367889704,122.70202100466,2.0,0.5946191051995163,0.18180094786729858,0.8717622430588886,0.6999426258779727,0.949806005831923,0.6852006252881119,0.5773245235610261,0.6386879484324687,0.513878640018145,0.7559957803379057,0.9365439265598685,0.9368721639087989,0.21207080736703188,0.6666666666666666,0.37839397603605585,0.5151026856240126
0100100014255,294.7775208376559,17.788298671237854,44735.58385963407,144.8475748943654,40.0,71.15319468495142,0.0,0.862207879422821,4995,12693.221694690441,124.906247480929,1.0,0.517314702308627,0.15775775775775774,0.889196395636291,0.5241865482649251,0.9624902372421599,0.5929321975285223,0.3745792516281934,0.5553510664178094,0.0,0.5800449548415639,0.9305853688795617,0.9188523849864253,0.10147409193631196,0.3333333333333333,0.3292002651054899,0.44698031364698027
0100100011481,124.76043639663277,19.69901627315254,38716.62355513605,32.83169378858757,20.0,13.132677515435027,0.0,0.6730116670092565,17,111.62775888119774,123.143029188724,2.0,0.5454545454545454,0.35294117647058826,0.7555375591377468,0.5414945654275994,0.9495027911811817,0.4190515351050081,0.30709379427763994,0.34375162736105075,0.0,0.4527643870055513,0.31583062326803063,0.45939090443097635,0.18994329136055377,0.6666666666666666,0.3471074380165289,1.0
0100100014503,221.23183458780014,21.923875499691906,36191.69206182926,13.951557136167576,0.0,3.9861591817621647,0.0,0.5982695885852573,1911,3808.7750981737486,125.496744920825,0.0,0.43360840210052515,0.12558869701726844,0.8445168341177374,0.5597391589824835,0.9434414559063293,0.321877007640051,0.0,0.20853168789007137,0.0,0.4024821215114861,0.8256329686830164,0.8018113422148602,0.07184597612069532,0.0,0.275932619518516,0.3558346415489272
0100123714575,159.43375241487936,94.21085369970145,43765.52519577078,246.39761736844994,60.0,101.45784244583233,10.87048311919632,1.1641434680149703,3903,14142.498538074413,123.695704642142,1.0,0.5063681976071015,0.1719190366384832,0.7935931484607087,0.8142013022975858,0.9605198451740736,0.655816709439648,0.4146541464446416,0.6008637592707176,0.3854629486788728,0.7831702324338239,0.903635486985096,0.929365291758495,0.1622128877449157,0.3333333333333333,0.3222343075681555,0.48710393714236905
0100102374594,174.7012721715189,62.7832696866396,44764.79066421929,81.89122133039947,20.0,35.48619590983977,8.189122133039948,1.2033370427722965,807,2202.8738537877457,121.750438868639,2.0,0.6107784431137725,0.19083023543990088,0.8078000387020088,0.7426111410633118,0.9625488976785503,0.5256924524818386,0.30709379427763994,0.46685170348119714,0.3455722359166961,0.8095374645628219,0.7315141042577211,0.7485843045833744,0.2598162908005718,0.6666666666666666,0.3886771910724007,0.5406856670797191
0100103674607,0.0,0.0,0.0,148.83469080038583,0.0,89.3008144802315,9.922312720025722,1.0465412076951452,1501,4964.463797586203,120.923975542844,2.0,0.6332970620239391,0.1872085276482345,0.0,0.0,0.0,0.5961417333008059,0.0,0.5844704429648979,0.3724928643274862,0.704054047805422,0.7992604320356927,0.8275749256145543,0.30128395768550575,0.6666666666666666,0.40300722128796124,0.5304241616699977
0100103674611,0.0,0.0,0.0,152.89019742324263,0.0,66.25241888340514,0.0,0.993402023712838,1115,5682.419004230517,121.980557922912,2.0,0.5638148667601683,0.19820627802690582,0.0,0.0,0.0,0.5993198720878934,0.0,0.54622171230876,0.0,0.6683049943474919,0.7668021709863359,0.8407074140563672,0.2482701035849565,0.6666666666666666,0.3587912788473799,0.5615844544095665
0100504270459,166.9645652417497,32.52556465748371,26051.694714205445,537.756002337064,1285.0,140.94411351576275,49.87253247480836,1.2307458013247197,2163,4690.1864236091515,125.253834636926,0.0,0.4507042253521127,0.1659731853906611,0.8007622123916155,0.6276705449303496,0.9138944773436939,0.7484314999061197,0.7221408809946185,0.6431734732549471,0.6121967943767942,0.8279765353440427,0.8391615157477298,0.822049385986467,0.08403396126324103,0.0,0.28681177976952626,0.4702573586068731
0100500410317,167.67467421079186,0.0,50360.95073714047,125.7560056580939,0.0,41.918668552697966,20.959334276348983,1.329661348854758,293,6141.084942970252,124.599902626125,1.0,0.4362745098039216,0.23890784982935154,0.8014215476234043,0.0,0.9731360819578903,0.5762365242410009,0.0,0.48792633689975906,0.4813026457802154,0.894521350892003,0.621044173784316,0.8482546711354987,0.11684489665859765,0.3333333333333333,0.27762923351158647,0.676905574516496
0100500410478,185.2867256556104,51.88028318357092,43044.539237285004,281.6358229965278,100.0,125.99497344581508,22.23440707867325,1.2308603636982811,2524,9353.273911095213,123.445564670747,1.0,0.46064814814814814,0.18502377179080823,0.8169429501367762,0.7091108482722713,0.9590268703142258,0.6716632298674519,0.4655163164522935,0.6287295009012032,0.49009641896898604,0.8280536064638793,0.8560199706222206,0.8891623648531104,0.17476362131610845,0.3333333333333333,0.29313973063973064,0.5242340200739566
0100502450603,76.94707371354562,8.331848746052712,20576.759550707702,59.303158721904595,835.0,17.15380624187323,6.861522496749291,1.2583614724037384,2707,1326.7243856214523,124.246879638284,0.0,0.42249080399369415,0.1813816032508312,0.6807791552377861,0.3991278928978975,0.8926907221467556,0.4878327691922223,0.6787008909753314,0.3762502132089003,0.32126085793480025,0.8465548052325896,0.8636655079630601,0.6993057122657093,0.13455776933620034,0.0,0.26885778435962354,0.5139145425440217
0100504270444,234.94724241827726,82.38409799082449,37982.31237993203,408.8692270655734,155.0,128.15304131906032,30.512628885490553,1.115168962061721,3028,9239.22402652654,125.700937693931,0.0,0.4361651637399146,0.20079260237780713,0.8538762473415689,0.7904983958236078,0.9477817608282935,0.7158935674617457,0.5093670595450125,0.6309165617001651,0.5375777535692151,0.7502229400557294,0.8759061596659219,0.8879694478494156,0.06160063596924259,0.0,0.27755964965267294,0.5689123734037869
0100502450590,139.1971209169829,47.784086284934425,27463.29909424402,93.49060360095866,195.0,20.775689689101924,4.155137937820385,0.8985347424347669,1839,3820.6493338258438,125.246646377428,0.0,0.4254658385093168,0.1756389342033714,0.7725210752392299,0.6947024286951741,0.9186370918122614,0.5412782216221784,0.5323909711591948,0.39986110960148263,0.25551448867584253,0.6044836245848808,0.8214387264164742,0.8021139602417937,0.08439463104862943,0.0,0.27075098814229254,0.49764364690955226
0100504680618,158.63891672255113,34.13748840865024,46637.14035708166,140.566128741501,510.0,42.1698386224503,12.048525320700085,1.1787643205149996,4575,9187.000557033814,125.639406432173,0.0,0.46144,0.15366120218579235,0.7928169459556526,0.6360626382286273,0.9662317018979689,0.589386534535052,0.6290478848976465,0.48868369350352625,0.40020497704847485,0.7930063194501034,0.9209901237613205,0.8874182877412244,0.06468795731303689,0.0,0.2936436363636364,0.4353734061930783
0100500410302,318.76457164647456,18.750857155674975,57853.74944760695,431.2697145805244,0.0,168.75771440107476,18.750857155674975,1.0686175394975002,843,15806.972582234004,122.305982110583,1.0,0.41442953020134227,0.232502965599051,0.9013830490018184,0.5331151690169371,0.9856024807697903,0.7222258238360304,0.0,0.6663982204027571,0.4647883383487403,0.7189057618629836,0.7362772267025897,0.9401846358499527,0.2319419963484245,0.3333333333333333,0.2637278828553996,0.6587584025306444
0100500410389,178.27893957224865,64.54927122443486,42060.48761514983,839.1405259176531,410.0,319.6725813019631,92.21324460633551,1.3458992140018236,2548,7831.978241898096,122.808484842861,1.0,0.5032448377581121,0.2044740973312402,0.8109503676414729,0.7474918103303453,0.9569482861986314,0.8013046120496187,0.607081295756642,0.748951939041035,0.7065453544558277,0.9054452730466673,0.8570536706921171,0.871902411924427,0.20672900109442538,0.3333333333333333,0.3202467149369804,0.5793432757718472
0100500410393,158.5312692159983,12.784779775483733,36144.2822273084,296.6068907912226,690.0,102.27823820386986,23.01260359587072,1.2616738699904275,3074,7860.082605967399,121.565682503642,2.0,0.5232903865213082,0.2033181522446324,0.7927115249748743,0.4688468063850025,0.9433236416231096,0.6778053993109009,0.6594867362843041,0.6018988817046462,0.4952292565896846,0.8487831999787321,0.8775531158921525,0.8722506957325159,0.2690864122438883,0.6666666666666666,0.3330029732408325,0.5760680980264584
0100500410406,61.920669371879676,26.197206272718326,19669.393478637117,121.45977453714859,2840.0,38.105027305772104,0.0,1.0747923939651214,1185,2822.1535848337467,122.861551101364,1.0,0.6435506241331485,0.17046413502109706,0.647310035870239,0.5902863204050308,0.8886374481788737,0.572133184861829,0.8020905373386489,0.47584847073511694,0.0,0.7230598565613785,0.7734496528581246,0.7726656919062573,0.20406640995244663,0.3333333333333333,0.4095322153574581,0.4829817158931083
0100500010586,151.99383770832185,12.159507016665748,20245.28964616432,60.79753508332874,0.0,18.23926052499862,6.079753508332874,0.8979457248567797,910,5532.5756925829155,126.52768762287,0.0,0.42857142857142855,0.13516483516483516,0.7861722293146736,0.4605511661117343,0.8912311238257016,0.4907458052170253,0.0,0.38378756795147567,0.3049419594496174,0.6040873666955964,0.7446243981068066,0.8381091632354588,0.020118588816807947,0.0,0.2727272727272727,0.38296703296703294
0100500010355,80.42217174429054,26.807390581430177,33797.764081529356,26.807390581430177,20.0,0.0,0.0,0.0,153,4101.530758958817,123.155620265857,1.0,0.45714285714285713,0.16339869281045752,0.6875958958308922,0.5942513732809628,0.9372906605437022,0.3957157977031638,0.30709379427763994,0.0,0.0,0.0,0.5503872903012829,0.8090107193612609,0.18931153605335815,0.3333333333333333,0.2909090909090909,0.46296296296296297
0100500010622,401.1899323128249,80.23798646256499,48034.534420274045,160.47597292512998,0.0,53.49199097504332,26.74599548752166,1.0114042647073516,355,9494.828398070189,126.719680785486,0.0,0.4087301587301587,0.12112676056338029,0.937225204413792,0.7858386962851976,0.9688851890387277,0.6050458672145939,0.0,0.5189136637174341,0.5177446356241389,0.6804158893113604,0.6419530737914722,0.890622901578009,0.010485362195545633,0.0,0.2601010101010101,0.34319248826291077
0100500010228,300.5757445399547,57.463009985579575,53353.99551869162,221.01157686761377,120.0,83.98439920969322,30.941620761465927,1.228531340435164,1929,8526.626635552539,124.950635452715,0.0,0.36721546170365066,0.17573872472783825,0.8922304456988649,0.7270464423635171,0.978325036664726,0.6429327417909373,0.4837400759343419,0.5765948490681062,0.5396844321159282,0.826486770639572,0.8266568481888004,0.8801650978571701,0.09924693246017968,0.0,0.2336825665386868,0.497926386728875
0100500010637,224.56437615946112,49.903194702102475,55155.43186159897,257.83317262752945,0.0,133.07518587227327,0.0,0.9347570038626678,2096,17432.8493492678,120.179237023209,2.0,0.7554438860971524,0.18416030534351144,0.846843042183336,0.7023012804766835,0.9813095885480309,0.6611940172995049,0.0,0.6357711120073601,0.0,0.6288519242671696,0.8357249109456488,0.9497047875411792,0.33865109532454973,0.6666666666666666,0.4807370184254606,0.5217875318066157
0100500010251,198.29390264789797,28.327700378271135,39985.71527026549,309.581296991106,315.0,137.59168755160266,20.2340716987651,1.1983308237985493,3296,6669.150031912976,121.035395899296,2.0,0.48736462093862815,0.22936893203883496,0.8274911425216531,0.6037640079866146,0.9524016546748778,0.6828834580032419,0.5805681355319868,0.6400712856903383,0.4760699927450137,0.8061695620791448,0.8851701087134433,0.8562752007945499,0.29569345889221954,0.6666666666666666,0.31014112241549063,0.649878640776699
0100500010571,192.1272183190013,96.06360915950064,54195.93524896725,34.93222151254569,0.0,17.466110756272844,0.0,1.0397207708399179,176,1537.0177465520103,108.272849913812,3.0,0.6448598130841121,0.2215909090909091,0.8225788923783156,0.8176454284865932,0.9797322743305016,0.42621975258770484,0.0,0.37846406177652464,0.0,0.6994656415960767,0.5655973463279915,0.7136033474187456,0.9360521886890011,1.0,0.4103653355989804,0.6278409090909091
0100500010694,260.31514750444614,21.395765548310642,43539.35629978574,174.73208531120358,230.0,21.395765548310642,28.527687397747524,0.9498379912061213,866,3088.1221608061696,126.390627982521,0.0,0.45791245791245794,0.13394919168591224,0.8698358307680941,0.555574047148657,0.9600541720645485,0.6151138953936403,0.5489638322448108,0.403505359259475,0.5274412684475674,0.6389975641196558,0.7392151098322057,0.7814208351823558,0.02699553463154747,0.0,0.2913988368533823,0.37952270977675134
0100500010482,78.25029460035384,15.650058920070768,23781.56742078252,101.72538298045998,155.0,33.25637520515038,1.956257365008846,1.0517515402264321,1341,2623.3411264768624,118.538305304618,2.0,0.6002386634844868,0.203579418344519,0.6833705172528989,0.5025951988308848,0.9057002140695655,0.5512218469344639,0.5093670595450125,0.45866687716558985,0.16887764480070186,0.7075592664075101,0.7869526517052025,0.7655644533726486,0.42098458522502324,0.6666666666666666,0.3819700585810371,0.5768083519761371
0100500010158,146.10752119100152,39.570786989229575,32553.033738029797,302.86871580218025,335.0,106.53673420177194,12.175626765916792,1.2080406244915531,2844,4328.43531528342,121.04656908005,1.0,0.5566502463054187,0.17756680731364274,0.780040588152239,0.6617569270544356,0.9339180765435823,0.680283282968402,0.5867582763435647,0.6071432157611923,0.4017152510121434,0.812701769727565,0.869058273760466,0.8142456824047352,0.29513284631197434,0.3333333333333333,0.3542319749216301,0.5031059540553211
0100500010514,134.02960812545655,40.6875596095136,35286.36161306501,306.3533900010436,80.0,122.0626788285408,23.93385859383153,1.2603928523349064,3521,8427.111610888081,118.677812863363,2.0,0.5700892857142857,0.21840386253905142,0.7666517608987536,0.6666095951128614,0.9411645700055907,0.6816401901613962,0.4432577168580952,0.6246470762509732,0.501094866036996,0.8479214033680986,0.8923836752354629,0.8790236099168848,0.41398481549125665,0.6666666666666666,0.3627840909090909,0.6188109438606456
0100500010552,182.01594956761127,45.50398739190282,41591.58715831193,120.45173133150746,295.0,49.519045102953065,13.383525703500828,1.40407688386539,3080,4122.125916678255,118.871862372166,2.0,0.5539858728557013,0.2288961038961039,0.8141745740198407,0.6861484697193304,0.9559406729003521,0.5711495551374864,0.5739731308857459,0.5090880084645776,0.41538140685910463,0.9445839363483642,0.8777661177074576,0.8094976754945887,0.4042484120247293,0.6666666666666666,0.35253646454453724,0.648538961038961
0100500010020,182.20370009110638,66.93197146203909,29616.539041841464,1076.4892076811286,635.0,507.5674502537964,68.79119289154016,1.1728210957991858,5053,9394.645883268986,118.063819977051,2.0,0.5689332501559575,0.19275677815159312,0.8143348191829907,0.7538724529264925,0.9254212565491728,0.8309145137589055,0.6511206470575446,0.8088088569108619,0.6614590320211352,0.7890080522176057,0.9318466075597643,0.8895915077256056,0.44479181162119885,0.6666666666666666,0.3620484319174275,0.5461442047628471
0100500010247,245.6891804669107,56.6975031846717,54721.042453808914,352.78446426017945,135.0,166.9426482659778,12.599445152149267,1.1109294614810925,4937,15550.865179040233,122.106848587764,1.0,0.49742189869578407,0.21652825602592668,0.8608341709207313,0.7246910354988307,0.9805989239926324,0.6983824681248343,0.495527906164941,0.6650030039657149,0.40664799667607876,0.747370842572594,0.9293094022959304,0.9385962633100574,0.24193348941551063,0.3333333333333333,0.3165412082609535,0.6134967254067922
0100500010374,223.29618100745606,54.965213786450725,45712.97113230298,508.4282275246692,235.0,185.50759652927118,27.482606893225363,1.2337376370147393,2854,9804.420009158148,120.501505226502,2.0,0.5205114544485882,0.19761737911702873,0.8459618823337182,0.7192434361280299,0.9644327690295786,0.7417705345838103,0.5511238214275854,0.6786115757117622,0.5218269767994302,0.8299892740804047,0.8694416772999652,0.8937427638544313,0.3224813391058986,0.6666666666666666,0.3312345619218288,0.559915907498248
0100500010177,134.61139393319127,23.20886102296401,30882.849482056776,162.46202716074808,0.0,62.66392476200283,18.567088818371207,1.2763874722365303,2113,4904.032334152295,123.255164110032,1.0,0.44528043775649795,0.1869380028395646,0.7673236778175477,0.5694857407894813,0.9291842551961814,0.6065005835693434,0.0,0.5391046027731746,0.4633319193762658,0.8586816838062176,0.8366071709003676,0.826384166417088,0.18431693938843752,0.3333333333333333,0.2833602785723169,0.5296576747120997
0100500010533,97.67206819100392,27.257321355629,22058.418046744962,546.2821488357313,1120.0,265.7588832173828,57.921807880711626,1.2481084795915343,3644,4138.569959163004,120.273115170787,2.0,0.5421074904782057,0.19127332601536773,0.7176265971382557,0.5971197391449796,0.8989400075866468,0.7503000250385776,0.708290192369821,0.7250605022369555,0.6350822740100686,0.8396571684854899,0.8961346218108566,0.809884738607392,0.33394077409185086,0.6666666666666666,0.3449774939406764,0.5419410903768752
0100500010497,252.06630839998104,87.02289218570773,48558.283396793275,543.1428788142448,80.0,195.0513100714139,12.00315754285624,1.1413116405036245,5218,15658.119014655964,116.986709980195,2.0,0.5613405146618791,0.24894595630509775,0.8648229180845556,0.8001734132181813,0.9698598855289262,0.74961545439041,0.4432577168580952,0.6850887513290462,0.39966233247435207,0.7678102633662315,0.9353569908093744,0.9392646094861665,0.49883563565306677,0.6666666666666666,0.3572166911484685,0.7053468761977769
0100500010548,145.97793436711282,30.912974336565068,35200.59023979286,453.390290269621,1060.0,161.43442153539536,48.08684896799011,1.3845329341047108,3136,5385.727084414892,119.046302122475,2.0,0.564870259481038,0.1989795918367347,0.7799028568336734,0.6188611210687123,0.9409458354935384,0.7281648022465517,0.7027415356493301,0.6606746912330059,0.6066296762975346,0.9314358664606849,0.8797343646231981,0.8354936572145251,0.39549592509453646,0.6666666666666666,0.35946289239702417,0.5637755102040816
0100500410463,46.91086166905808,2.843082525397459,10526.888959047223,45.48932040635935,635.0,15.636953889686026,5.686165050794918,1.2528751360265649,2179,3097.5384114205317,125.58505585585,0.0,0.4565508021390374,0.14502065167508033,0.6047174849294089,0.24058737527133636,0.8324542929949005,0.4568731251096306,0.6511206470575446,0.36492539401743007,0.296030294658824,0.8428639067705233,0.8399664541697047,0.7817168042001575,0.067414988898859,0.0,0.2905323286339329,0.4108918464127276
0100500010124,290.1003496982082,29.010034969820822,44582.32615371295,116.04013987928329,0.0,58.020069939641644,5.802006993964164,1.0126631103850336,2579,14963.37603743358,121.659061071155,2.0,0.5749235474006116,0.14773167894532765,0.8867053017260934,0.6078741297001944,0.9621817975533222,0.5667465057228835,0.0,0.5292741222580674,0.2987065448806586,0.6812627698626637,0.8583745550924715,0.9348515648093054,0.26440115736207415,0.6666666666666666,0.36586043925493467,0.418573090345095
0100500010675,326.95639659620895,46.70805665660128,40293.68611209199,98.60589738615826,20.0,25.948920364778488,0.0,0.5763341277567499,1624,8428.209334480052,126.435919804064,0.0,0.3987941429801895,0.125,0.9053363623745818,0.6907165929340618,0.9530912472427882,0.5475520952210686,0.30709379427763994,0.427526057764948,0.0,0.3877251775199537,0.8078610942778512,0.8790362747313725,0.024723024636563173,0.0,0.25377809098739335,0.35416666666666663
0100500010660,129.017442602659,17.040039589030435,24863.328025560135,58.42299287667578,500.0,14.605748219168945,12.171456849307454,1.2925718370167558,2279,5547.750031914337,125.966735068868,0.0,0.46748229233741145,0.12768758227292673,0.7607402351802831,0.5169238372967722,0.9096982198485534,0.4860830610010188,0.6270543883851991,0.35662041612882445,0.40166593384469,0.8695696139239169,0.8448672708993276,0.8383754646920673,0.04826429464741144,0.0,0.29748873148744365,0.3617814831066257
0100500010656,218.92914413932562,26.536865956281893,41683.38257913032,119.41589680326852,20.0,39.80529893442284,0.0,1.0114042647073516,1638,10866.846609097436,122.765757926555,1.0,0.6266137040714995,0.14041514041514042,0.842889021349466,0.5925043172934873,0.9561388219828807,0.5701302655087013,0.30709379427763994,0.4813725185670805,0.0,0.6804158893113604,0.8087984643357665,0.9037466097137847,0.20887281737410568,0.3333333333333333,0.398754175318227,0.39784289784289784
0100500010641,196.68120142175823,33.91055196926866,41770.58934292554,124.33869055398509,80.0,56.51758661544777,9.042813858471643,1.2756589059368342,2584,5841.657752572682,119.568557469239,2.0,0.7483085250338295,0.16176470588235295,0.8262213334895162,0.6349047173532253,0.956326662249364,0.5748984210855669,0.4432577168580952,0.5259272131398917,0.35941321644284246,0.858191545387755,0.8585861135257421,0.8433945477259039,0.36929184552736005,0.6666666666666666,0.47619633411243695,0.4583333333333333
0100500010707,23.97874300034677,0.0,13601.43602004656,5.994685750086693,0.0,0.0,0.0,0.0,45,269.7608587539012,123.143029188724,0.0,0.2571428571428571,0.06666666666666667,0.5029268481772958,0.0,0.8554835872441169,0.23147578546635367,0.0,0.0,0.0,0.0,0.4183552497077693,0.5446885732441868,0.18994329136055377,0.0,0.16363636363636364,0.18888888888888888
0100504820711,239.04320591286688,91.93969458187188,58604.12807881445,147.103511330995,100.0,76.6164121515599,18.387938916374374,1.0465370110556025,2826,8660.71922961233,119.765901566219,2.0,0.6983173076923077,0.15392781316348195,0.8565660098586272,0.8098867842848994,0.9867607404154671,0.5947587940588529,0.4655163164522935,0.5648242075979558,0.46189887572400806,0.7040512245424339,0.8683647389429416,0.8816823181457973,0.3593901366192205,0.6666666666666666,0.4443837412587413,0.4361288039631988
0101100010028,111.36953766938798,58.21589469081644,30325.5235873129,354.35761985714356,275.0,113.90066352551042,40.498013697959266,1.3054026024715748,1812,4586.4000512938865,119.797974374949,2.0,0.5950704225352113,0.19039735099337748,0.7379421469651956,0.7293331197692968,0.9275474688866562,0.6989104529554048,0.5669165731309377,0.6157400195808415,0.580463400215922,0.8782014310836084,0.8198234288880359,0.8198738262357548,0.35778088850503365,0.6666666666666666,0.3786811779769526,0.5394591611479028
0101101280136,161.8743162936442,71.41513954131362,35036.29024652893,718.9124047158905,20.0,328.50964189004264,38.088074422033934,1.1275357900086858,3744,17825.21882951188,123.34537553037,1.0,0.44947735191637633,0.2206196581196581,0.7959526880207972,0.765293303328464,0.94052534464977,0.7829260699196268,0.30709379427763994,0.752480323995782,0.5711420496375977,0.7585426461605178,0.8990920390460281,0.9518691220700045,0.17979059561608102,0.3333333333333333,0.28603104212860314,0.6250890313390313
0101100010066,42.90938619460289,5.201137720557926,17946.15755409356,41.60910176446341,785.0,7.801706580836889,5.201137720557926,1.1755305543141217,1050,1365.2986516464557,120.815782860858,2.0,0.6881028938906752,0.18761904761904763,0.5910872847016948,0.3260906870320705,0.8803969385187953,0.446501584274028,0.6724801999498883,0.2822896041171907,0.28429719765077627,0.7908308234766589,0.760245018664721,0.7020906817291169,0.306712508422065,0.6666666666666666,0.43788365974861154,0.5315873015873016
0101100010117,231.67926399527332,112.10286967513225,40103.343597418236,993.9787777861726,920.0,448.411478700529,127.04991896514989,1.2367809084210062,2038,7615.521613263984,122.422019642195,1.0,0.4781659388646288,0.1943081452404318,0.8516965070661395,0.8449751556987782,0.9526656668676432,0.8214339765200489,0.6884680481420233,0.7927589678151268,0.7560172509495513,0.8320366158729668,0.8326600804384288,0.8691773318137331,0.2261198315204721,0.3333333333333333,0.30428741564112743,0.55053974484789
0101100010051,149.74359255730528,42.11538540674211,44551.611579159406,430.5128286022527,150.0,182.5000034292158,9.35897453483158,1.0916071836189487,1884,8816.154011811348,121.083425514649,2.0,0.4916864608076009,0.22558386411889597,0.7838565157277786,0.6726279036839983,0.9621198552329557,0.7220172746686,0.5060811781017209,0.6765015173114359,0.3642424441399432,0.7343719010673435,0.8240789328980529,0.8834118979840057,0.29328358052507797,0.6666666666666666,0.3128913841502915,0.6391542816702052
0101100010070,222.22569052229437,115.78145220489287,45016.99049590026,351.0792421696751,180.0,171.80473552984103,28.01164166247408,1.2101685391544739,5292,9882.507178520855,121.709537217933,2.0,0.5559811431938715,0.21296296296296297,0.8452142040747482,0.8506949095727497,0.9630538423921855,0.6978075006802645,0.5243601288963453,0.6687072188383439,0.5246942915696917,0.814133310999708,0.9368954432303298,0.8945141188449897,0.26186852466695465,0.6666666666666666,0.35380618203246367,0.6033950617283951
0101100010140,335.36058287043954,268.2884662963516,59412.386769707526,184.44832057874174,0.0,134.1442331481758,0.0,0.5859526183035508,1126,18880.800815605744,120.940153140154,2.0,0.6957831325301205,0.17850799289520428,0.9092908376552241,1.0,0.9879918672980804,0.6215180373391209,0.0,0.6368018998465307,0.0,0.3941959568389713,0.7678739306825849,0.9574634143861606,0.30047224929468996,0.6666666666666666,0.4427710843373494,0.5057726465364121
0101100010121,164.87317556193494,86.55841717001584,42232.41640942133,420.4265976829341,60.0,164.87317556193494,16.487317556193496,1.0652895031332146,2545,10490.05579512811,123.572779104957,1.0,0.4762180974477958,0.21453831041257368,0.7988040415141741,0.7992279291707465,0.957314929441751,0.7192026967628472,0.4146541464446416,0.6633937120788854,0.44582395357373267,0.7166668462270869,0.8569249917017986,0.900315292874082,0.16838065716497586,0.3333333333333333,0.3030478801940519,0.6078585461689587
0101100010013,116.76332080396136,55.13823482409287,33849.60223131477,525.4349436178262,315.0,194.60553467326895,32.43425577887816,1.1999974831742994,1431,4641.342001957464,120.932230981107,1.0,0.5571273122959739,0.16701607267645002,0.745269376032358,0.7197950680652233,0.9374284073793736,0.7456783982777264,0.5805681355319868,0.6847932992581888,0.5468000871009087,0.8072907967435629,0.7940454732436008,0.8210315742105649,0.3008697423740767,0.3333333333333333,0.3545355623701652,0.47321220591660834
0101100010032,77.70665443519535,31.08266177407814,21725.765828448028,262.4758105366598,410.0,84.61391260721271,27.629032688069458,1.2238756025108992,1621,2799.166374210037,120.73995846672,2.0,0.607,0.1634793337446021,0.6822947461067416,0.6198088179834284,0.8975743007935411,0.6633096051698292,0.607081295756642,0.577552723750106,0.5226258856169742,0.8233546520884841,0.8076591787969578,0.7718706495093958,0.3105169854263432,0.6666666666666666,0.38627272727272727,0.46319144560970593
0101100190155,239.78146580904402,20.320463204156272,45180.60406432155,337.3196891889941,135.0,125.9868718657689,24.384555844987528,1.064472933272905,3346,13598.453976221379,120.49777080817,2.0,0.5768143261074458,0.15511057979677226,0.8570459291996402,0.5467808941377019,0.9633799125053449,0.6930635077079098,0.495527906164941,0.6287212206496976,0.5038859498416403,0.7161175039639829,0.8868147799888026,0.9255508423038179,0.3226687129560951,0.6666666666666666,0.3670636620683746,0.4394799760908547
0101100110193,153.55779873192236,52.20965156885361,38722.27589836941,187.34051445294529,20.0,85.99236728987653,12.28462389855379,1.2420033265696542,1354,4158.345189660458,120.312856826352,2.0,0.5527522935779816,0.19054652880354506,0.787761716404079,0.7102204784045689,0.9495159117881095,0.6233596235582136,0.30709379427763994,0.5796258302280587,0.40299884264225366,0.835549964998498,0.7880060589413924,0.8103481806626308,0.3319467427985199,0.6666666666666666,0.35175145954962467,0.5398818316100443
0101100110206,216.6022247003306,86.04745912752858,47824.345648998846,106.81753546865617,60.0,50.44161397130986,8.901461289054682,1.2688709119176556,1248,3703.0078962467474,119.917932256673,2.0,0.5877862595419847,0.19230769230769232,0.8412266745757343,0.7981820133282984,0.9684910362695115,0.5569792651341697,0.4146541464446416,0.5114368541692655,0.35720472346352516,0.8536249648933213,0.7791051273122482,0.799073455694254,0.3517620207291794,0.6666666666666666,0.37404580152671757,0.5448717948717948
0101101380210,238.00005060269697,73.71682983269375,45801.681044520585,136.90268397500267,80.0,67.39824441846285,14.74336596653875,1.2300313912255876,1924,4052.3194456600795,122.148863230457,2.0,0.574468085106383,0.1865904365904366,0.8558853654104709,0.7708850100756478,0.9646070170879606,0.5862664706389189,0.4432577168580952,0.548414433324526,0.4294558774969395,0.8274959204209144,0.8263733982330956,0.8078371861775102,0.2398254113519056,0.6666666666666666,0.36557059961315286,0.5286729036729036
0101101380225,309.9003514060064,54.87818722814696,55184.82457999289,397.0598252389457,120.0,216.28462025210862,19.3687719628754,1.0786322708253273,4396,14190.85359146671,121.545301647289,2.0,0.639075316927666,0.14467697907188354,0.8969894962990449,0.718965329942024,0.9813574729083174,0.7124144593890995,0.4837400759343419,0.6984354385498701,0.46958798579433786,0.725643109687604,0.9166299528761958,0.929697192378813,0.2701090184935522,0.6666666666666666,0.4066842925903329,0.4099181073703367
0101100520189,305.36034093972137,64.51274808585663,56765.19069826583,124.72464629932283,20.0,77.41529770302796,12.902549617171326,1.106956616892023,1222,5255.63854406112,122.024948362348,2.0,0.6855172413793104,0.19639934533551553,0.8946904832208218,0.7473922100948514,0.9838952322280026,0.5752642995670513,0.30709379427763994,0.5661532901877439,0.4100823820408473,0.7446981362389405,0.7768064848514538,0.8331164005350126,0.24604282029487556,0.6666666666666666,0.4362382445141066,0.5564648117839607
0101100520174,212.5816495354798,118.55515070247912,56998.6378793452,437.4276250056988,60.0,196.2292149558275,16.352434579652293,1.0746418174141732,3388,13850.512088965492,120.98239003628,2.0,0.655105031753786,0.16558441558441558,0.8383120431690132,0.8548897681258334,0.9842641021093503,0.7239091012771883,0.4146541464446416,0.6858662247578965,0.4446175640548265,0.7229585571290961,0.8881774270001317,0.9273367114841169,0.29835301970017447,0.6666666666666666,0.4168850202069547,0.4691558441558441
