cve_ageb,vehicle_rate,total_demand,transit_propensity,transit_demand
1900600010013,0.0,0.0,1.0,0.0
1900600010032,0.7659574468085106,1112.1320606531149,0.23404255319148937,260.28622696136733
1900600010051,0.554140127388535,23767.574330800056,0.445859872611465,10597.007663414039
1900600010066,0.6521739130434783,35280.85530492071,0.34782608695652173,12271.601845189813
1900600010070,0.603448275862069,43556.52934403515,0.39655172413793105,17272.416808841528
1900600010085,0.6901408450704225,69127.8428368764,0.3098591549295775,21419.89496353917
190060001009A,0.6666666666666666,70053.37379358974,0.33333333333333337,23351.124597863247
1900600010102,0.6598240469208211,41783.24243572412,0.3401759530791789,14213.654318310844
1900600010117,0.41056338028169015,46658.98264112043,0.5894366197183099,27502.513007477322
1900600010136,0.0,57477.49441825283,1.0,57477.49441825283
1900600010140,0.0,24936.292037764033,1.0,24936.292037764033
1900600010174,0.8390119250425895,66635.99629561664,0.16098807495741052,10727.600766500462
1900600010189,0.0,191667.36401407592,1.0,191667.36401407592
1900600010206,0.8164426059979317,110152.41789283135,0.18355739400206827,20219.29077143492
1900600010210,0.0,77672.45346456501,1.0,77672.45346456501
1900600010225,0.0,52478.68016464405,1.0,52478.68016464405
1900600010244,0.42105263157894735,65779.21794500334,0.5789473684210527,38082.70512605457
1900600010259,0.9260416666666667,133267.68363388375,0.07395833333333335,9856.255768755987
1900600010278,0.8759124087591241,25442.369818821182,0.12408759124087587,3157.08238627708
1900600010297,0.5859959211420802,55254.734634349676,0.4140040788579198,22875.685514832734
190060001030A,0.6602739726027397,33624.78051540104,0.3397260273972603,11423.213106602
1900600010348,0.8030797946803546,79693.14088726851,0.19692020531964538,15693.189666088341
1900600010352,0.7171428571428572,30131.194701707795,0.2828571428571428,8522.823644197346
1900600010367,0.47540983606557374,13860.942131612279,0.5245901639344263,7271.313905108081
1900600010386,0.4662379421221865,55248.50489524644,0.5337620578778135,29489.555667559194
1900600010403,0.5594353640416048,46361.0452208574,0.44056463595839523,20425.03701037774
1900600010422,0.37894736842105264,51576.66944851891,0.6210526315789473,32031.82628908016
1900600010437,0.40495137046861185,36101.654981337204,0.5950486295313882,21482.240320459714
1900600010460,0.5022522522522522,41674.72756546145,0.49774774774774777,20743.501783709416
1900600010475,0.41886490807354115,48613.04468191378,0.5811350919264588,28250.746190049016
1900600010507,1.0,15566.288585129332,0.0,0.0
1900600010511,0.8456140350877193,15405.467928310833,0.15438596491228074,2378.3880310374625
1900600010526,0.5454545454545454,42589.59669830012,0.4545454545454546,19358.90759013642
1900600010530,0.0,179614.89857844354,1.0,179614.89857844354
190060001055A,0.5746753246753247,39300.39515146317,0.4253246753246753,16715.427807927517
1900600010564,0.38155275381552756,119449.7138948353,0.6184472461844724,73873.346615784
1900600010583,0.7815003641660597,75916.40728412961,0.21849963583394028,16587.70734540341
1900600010598,0.6179378531073446,74168.6227345379,0.3820621468926554,28337.02323402896
1900600010668,0.6124213836477987,42069.7744998226,0.38757861635220126,16305.344990890362
1900600010672,0.6534903280067283,39969.58978679768,0.34650967199327165,13849.849446728886
1900600010687,0.9796747967479674,32716.19258266143,0.020325203252032575,664.9632638752341
1900600010719,0.45051194539249145,89382.38994978316,0.5494880546075085,49114.555569676064
1900600010723,0.5215901302261823,43265.47896800421,0.4784098697738177,20698.63215878474
1900600010757,0.6815589353612167,31745.54520354077,0.3184410646387833,10109.085212154143
1900600010761,0.38879159369527144,56193.48331005902,0.6112084063047285,34345.92937865253
1900600010776,0.4264705882352941,55739.71911822402,0.5735294117647058,31968.36831780495
1900600010780,0.5802469135802469,30104.21154088925,0.41975308641975306,12636.335708521412
1900600010795,0.6232091690544412,45401.958773251245,0.37679083094555876,17107.04177272934
1900600010808,0.5450399087799316,27639.5373346041,0.4549600912200684,12574.886427031968
1900600010827,0.75,79173.30911235408,0.25,19793.32727808852
1900600010831,0.580952380952381,15693.94564050757,0.419047619047619,6576.510554117457
1900600010850,0.8880407124681934,61209.62049659979,0.11195928753180662,6852.985500891579
1900600010865,0.7287376902417189,33790.58304003072,0.27126230975828114,9166.111603517733
190060001087A,0.5671867136386513,63794.31110573704,0.43281328636134875,27611.025440832338
1900600010884,0.5578231292517006,54834.19819017826,0.44217687074829937,24246.41416572508
1900600010901,0.5811293781272338,46262.60970991696,0.41887062187276625,19378.04809864999
1900600010920,0.8100591715976332,55878.172212539066,0.1899408284023668,10613.546319659785
1900600010935,0.8174474959612278,17403.56805045684,0.1825525040387722,3177.0649268200696
190060001094A,0.0,58900.766254375114,1.0,58900.766254375114
1900600010954,0.0,16999.74581987843,1.0,16999.74581987843
1900600010969,0.0,50039.15917264078,1.0,50039.15917264078
1900600010973,0.0,134364.01628825907,1.0,134364.01628825907
1900600010988,0.0,118136.57319135714,1.0,118136.57319135714
1900600010992,0.0,18429.26301691798,1.0,18429.26301691798
1900600011007,1.0,144819.71802650217,0.0,0.0
1900600011011,0.0,106014.44907875039,1.0,106014.44907875039
1900600011026,0.0,184398.63250370577,1.0,184398.63250370577
1900600011030,1.0,228672.9237019977,0.0,0.0
1900600011045,0.6089385474860335,42546.74810095055,0.3910614525139665,16638.393112103568
190060001105A,0.5378973105134475,53733.66629999796,0.46210268948655253,24830.47171320199
1900600011064,0.6365914786967418,42748.97892122838,0.3634085213032582,15535.343216987758
1900600011083,0.5068897637795275,34563.23502622703,0.49311023622047245,17043.484988326516
1900600011098,0.6337760910815939,47651.845607793795,0.36622390891840606,17451.24516566262
1900600011115,0.5833333333333334,13423.595551467772,0.41666666666666663,5593.164813111571
190060001112A,0.6111111111111112,16529.66203588748,0.38888888888888884,6428.20190284513
1900600011149,0.726962457337884,12249.79639253298,0.273037542662116,3344.6543051284584
1900600011172,0.6640159045725647,17141.345035613285,0.33598409542743535,5759.219306200089
1900600011187,0.644674835061263,32840.53168462605,0.355325164938737,11669.06733751557
1900600011204,0.547077922077922,95494.24808135198,0.45292207792207795,43251.45327061234
1900600011219,0.6222222222222222,31999.42488205158,0.37777777777777777,12088.671622108373
1900600011223,0.8399629972247918,54602.36157897424,0.16003700277520816,8738.39829154722
1900600011238,0.8650793650793651,18577.96587318659,0.13492063492063489,2506.550951144222
1900600011242,0.6832684824902724,42790.82797484468,0.3167315175097276,13553.20387997026
1900600011257,0.619887730553328,37346.501555388895,0.380112269446672,14195.863462112538
1900600011261,0.8498074454428755,28175.12322293875,0.15019255455712455,4231.693731814935
1900600011276,0.7804203539823009,76943.09094026849,0.21957964601769908,16895.136672171786
1900600011280,0.7595693779904307,27884.251351150077,0.24043062200956933,6704.2278966281865
1900600011295,0.6711509715994021,23599.85358021772,0.32884902840059793,7760.7889202509705
1900600011308,0.6542617046818727,35845.25380104358,0.3457382953181273,12393.07694441843
1900600011312,0.6515679442508711,27497.413837004,0.34843205574912894,9580.980431011847
1900600011327,0.8042168674698795,50151.329197201354,0.19578313253012047,9818.784330777373
1900600011331,0.5470085470085471,31657.00926153925,0.45299145299145294,14340.354622748548
1900600011346,0.8543273350471294,32415.817979307263,0.14567266495287057,4722.098591672865
1900600011350,0.6702127659574468,27790.864844252505,0.32978723404255317,9165.072448636463
1900600011365,0.8686868686868687,29443.560245659668,0.13131313131313127,3866.3260928643995
190060001137A,0.42679558011049723,22583.74738834148,0.5732044198895028,12945.10382066535
1900600011384,0.6484295845997974,28006.46276175556,0.3515704154002026,9846.243747040708
1900600011399,0.7496339677891655,28134.61743046546,0.25036603221083453,7043.952533835422
1900600011401,0.594704684317719,36339.310953130764,0.40529531568228105,14728.152504425707
1900600011416,0.5544554455445545,27096.221346968334,0.4455445544554455,12072.573867461137
1900600011420,0.6561904761904762,35558.500250123965,0.3438095238095238,12225.351038375953
1900600011435,0.7513899920571883,55660.045289531336,0.24861000794281174,13837.644301527647
190060001144A,0.7157956547269524,74393.66093727143,0.2842043452730476,21143.001699142325
1900600011454,0.6487603305785123,13832.22970189344,0.35123966942148765,4858.427787855135
1900600011469,0.591182364729459,17718.262507189498,0.40881763527054105,7243.538179291899
1900600011473,0.6284584980237155,22838.313575855755,0.37154150197628455,8485.381328578816
1900600011488,0.651872399445215,25161.721732683953,0.348127600554785,8759.48981262645
1900600011492,0.7316561844863732,14926.308010970812,0.26834381551362685,4005.3824431955222
1900600011505,0.589041095890411,17030.668322196,0.410958904109589,6998.904789943562
190060001151A,0.5909465020576131,42462.16253068683,0.4090534979423869,17369.296113375603
1900600011524,0.5116514690982776,42562.33497395188,0.48834853090172237,20785.253756276397
1900600011539,0.6384615384615384,32397.512471977512,0.3615384615384616,11712.946816791871
1900600011543,0.7774621212121212,37094.9774692828,0.22253787878787878,8255.03759969835
1900600011558,0.7369007803790413,24328.8476725039,0.2630992196209587,6400.900836912954
1900600011562,0.8157894736842105,32753.075111796155,0.1842105263157895,6033.461204804556
1900600011577,0.6477561388653683,38763.8378951529,0.3522438611346317,13654.323932585612
1900600011581,0.9032679738562092,20795.505492824268,0.09673202614379084,2011.5913810052232
1900600011596,0.0,67334.19721012782,1.0,67334.19721012782
1900600011609,0.5172413793103449,27026.331799400054,0.48275862068965514,13047.194661779335
1900600011613,0.4859359844810863,35764.30646064198,0.5140640155189137,18385.142991406643
1900600011628,0.5553191489361702,33401.51505973457,0.4446808510638298,14853.014143584098
1900600011632,0.6579301075268817,54908.71790531898,0.34206989247311825,18782.619229709246
1900600011647,0.8668596237337193,18027.53440376481,0.13314037626628072,2400.1927136705676
1900600011651,0.0,8048.229659353453,1.0,8048.229659353453
1900600011666,0.6146341463414634,38244.42863496955,0.3853658536585366,14738.09688859802
1900600011670,0.8260869565217391,9224.916511705647,0.17391304347826086,1604.3333063835908
1900600011685,0.804945054945055,12608.502401326763,0.19505494505494503,2459.350743115934
190060001169A,0.7279635258358662,22724.27634417231,0.2720364741641338,6181.832014600068
1900600011702,0.6507177033492823,8677.157982509143,0.34928229665071775,3030.7776685319022
1900600011717,0.5963302752293578,12794.6916195288,0.4036697247706422,5164.8296445804335
1900600011721,0.742014742014742,13691.872635457783,0.25798525798525795,3532.30129415987
1900600011736,0.7272727272727273,674.2018446178564,0.2727272727272727,183.87323035032446
1900600011740,0.605,5462.332891842881,0.395,2157.621492277938
1900600011755,0.6699029126213593,2741.3246210356588,0.33009708737864074,904.9032729632271
190060001176A,0.6183368869936035,14454.65898740694,0.38166311300639655,5516.81014657962
1900600011774,0.7610008628127696,40403.1281072754,0.23899913718723043,9656.312757303958
1900600011789,0.9211136890951276,17549.445282837092,0.07888631090487241,1384.4109967899335
1900600011793,0.8214285714285714,6442.493254716488,0.1785714285714286,1150.4452240565158
1900600011806,1.0,20316.052659800793,0.0,0.0
1900600011810,0.869215291750503,13030.295547573778,0.13078470824949695,1704.1634015941556
1900600011825,0.8341013824884793,17619.683794680375,0.16589861751152069,2923.081182527619
190060001183A,0.6826086956521739,9261.262544896157,0.31739130434782614,2939.444199032259
1900600011844,0.6873706004140787,15845.435278972456,0.3126293995859213,4953.748917442734
1900600011859,0.6784810126582278,13051.353763165827,0.3215189873417722,4196.258045372305
1900600011863,0.8489208633093526,8193.066564876908,0.15107913669064743,1237.8014234706116
1900600011878,0.532561505065123,43968.57596135222,0.467438494934877,20552.604971804292
1900600011882,0.5714285714285714,52249.635181256,0.4285714285714286,22392.70079196686
1900600011897,0.5521191294387171,32415.847400285533,0.4478808705612829,14518.437953621584
190060001190A,0.7426966292134831,26928.982428201478,0.2573033707865169,6928.917950627123
1900600011914,0.5739528795811518,65698.83311378935,0.4260471204188482,27990.798663008423
1900600011929,0.6545801526717557,49817.47198163925,0.34541984732824427,17207.943566176917
1900600012039,0.5679542203147353,21532.22641989807,0.4320457796852647,9302.907551944518
1900600012043,0.9669762641898865,28533.28806237246,0.03302373581011353,942.2757667656543
1900600012058,0.631336405529954,12312.121311991626,0.36866359447004604,4539.030898430092
1900600012062,0.559322033898305,1683.999696712904,0.44067796610169496,742.1015612633138
1900600012077,0.7232704402515723,13679.496902493413,0.2767295597484277,3785.521155406983
1900600012081,0.8358974358974359,6304.943421429737,0.16410256410256407,1034.6573819782132
1900600012096,0.6426332288401254,8944.893897139133,0.3573667711598746,3196.607850388279
1900600012109,0.7872340425531915,11510.51024794568,0.21276595744680848,2449.0447336054635
1900600012113,0.7609841827768014,15719.65346696797,0.23901581722319865,3757.2458198728373
1900600012128,0.8657718120805369,13792.891795571593,0.13422818791946312,1851.3948718888048
1900600012147,0.8873239436619719,11293.802630957602,0.11267605633802813,1272.541141516349
1900600012185,0.7281553398058253,11073.116191969042,0.27184466019417475,3010.1675084964386
190060001219A,0.7906976744186046,9622.16187803607,0.2093023255813954,2013.9408581935963
1900600012202,0.7956989247311828,2857.1748503805816,0.20430107526881724,583.7238941637748
1900600012217,0.8646408839779005,9813.135712721725,0.1353591160220995,1328.297375478908
1900600012221,0.9639519359145527,20545.48285641367,0.03604806408544725,740.6248826744578
1900600012236,1.0,4781.74189082957,0.0,0.0
1900600012240,0.0,24015.58604645039,1.0,24015.58604645039
1900600012255,0.0,24044.358108678898,1.0,24044.358108678898
190060001226A,0.69296875,41571.54436273763,0.30703125,12763.763230121787
1900600012274,0.9320987654320988,65492.05719824271,0.0679012345679012,4446.991538152281
1900600012289,0.9014598540145985,7339.008708182653,0.0985401459854015,723.1869894924515
1900600012293,1.0,3005.3149189773635,0.0,0.0
1900600012306,1.0,8700.62688884197,0.0,0.0
1900600012310,0.9107142857142857,5956.452904012217,0.0892857142857143,531.8261521439481
1900600012325,0.5161290322580645,2056.803600915505,0.4838709677419355,995.227548830083
190060001233A,0.751219512195122,19011.993213776386,0.24878048780487805,4729.812945866321
1900600012344,0.6078947368421053,21632.44384457465,0.39210526315789473,8482.195086425323
1900600012359,0.4651702786377709,190733.78891169588,0.5348297213622291,102010.09917800453
1900600012363,0.44592696629213485,42096.11276623468,0.5540730337078652,23324.32090769604
1900600012378,0.38528389339513325,50198.601720310035,0.6147161066048668,30857.88900651735
1900600012414,0.9629101283880172,29789.560681105315,0.03708987161198285,1104.8909810395685
1900600012429,0.9563218390804598,25199.676364832216,0.04367816091954024,1100.6755193834765
1900600012433,0.9367755532139094,27859.453457966403,0.06322444678609063,1761.3985326427653
1900600012448,0.9824561403508771,7189.777629784727,0.01754385964912286,126.13644964534647
1900600012452,0.5278592375366569,9070.027529763427,0.47214076246334313,4282.329713466017
1900600012467,1.0,13724.823265434925,0.0,0.0
1900600012471,0.3383838383838384,15089.949937666574,0.6616161616161615,9983.754756738994
1900600012490,0.9732510288065843,11974.193411095028,0.026748971193415683,320.29735461776875
1900600012645,0.7,22882.293470542052,0.30000000000000004,6864.688041162617
190060001265A,1.0,1865.3419339371274,0.0,0.0
1900600012664,0.8356164383561644,2028.258309314538,0.1643835616438356,333.41232481882815
1900600012715,0.5095628415300546,21050.729501515525,0.4904371584699454,10324.059960442724
190060001272A,0.9644970414201184,4875.924054825567,0.035502958579881616,173.1097297571205
1900600012734,1.0,7305.6090506637975,0.0,0.0
1900600012768,1.0,22895.490460101082,0.0,0.0
1900600012772,0.9448979591836735,10588.185659531764,0.055102040816326525,583.4306383823624
1900600012787,0.8532494758909853,12080.703811763033,0.14675052410901468,1772.8496159819965
1900600012791,0.7333333333333333,6365.90676686744,0.2666666666666667,1697.5751378313175
1900600012804,1.0,5345.457482327283,0.0,0.0
1900600012819,1.0,5867.662928939775,0.0,0.0
1900600012861,1.0,2991.018228075868,0.0,0.0
1900600012876,1.0,376.22870793407185,0.0,0.0
1900600012880,1.0,8008.40427708465,0.0,0.0
1900600012895,1.0,50867.05621460861,0.0,0.0
1900600012912,0.7398373983739838,15084.182075013941,0.26016260162601623,3924.340052036147
1900600012946,0.8018018018018018,3323.274663827574,0.19819819819819817,658.6670504883479
1900600012950,0.8876811594202898,6973.022872850074,0.1123188405797102,783.2018444143204
1900600012965,1.0,6045.289900249284,0.0,0.0
190060001297A,1.0,10285.340417501646,0.0,0.0
1900600012984,1.0,4337.917002479847,0.0,0.0
1900600013003,0.0,22699.64277926041,1.0,22699.64277926041
1900600013018,1.0,3898.4818716128493,0.0,0.0
1900600013037,0.0,520962.10190075386,1.0,520962.10190075386
1900600013041,0.8015873015873016,6440.283022415438,0.19841269841269837,1277.8339330189358
1900600013056,1.0,975.1848109651139,0.0,0.0
1900600013060,1.0,4068.5372475990475,0.0,0.0
1900600013075,0.0,215885.868815191,1.0,215885.868815191
1900600781948,0.4768211920529801,10571.244478667631,0.5231788079470199,5530.651084865847
1900600781952,0.5182072829131653,15671.473820428564,0.4817927170868347,7550.401952699475
1900600781967,0.5087108013937283,11900.459969280006,0.49128919860627174,5846.567441353591
1900600781971,0.5642857142857143,9756.48427770082,0.4357142857142857,4251.039578141072
1900600782132,0.6153846153846154,7100.771238573099,0.3846153846153846,2731.065860989653
1900600782753,0.6450617283950617,17961.994899593155,0.3549382716049383,6375.399424238311
1900601332503,0.9204545454545454,13418.459533689904,0.07954545454545459,1067.377462907152
1900601332518,0.8796296296296297,5722.775180769633,0.12037037037037035,688.8525680556039
1900601332522,0.8770491803278688,37576.477279352024,0.12295081967213117,4620.0586818875445
1900601332537,0.6501901140684411,25790.071527571985,0.34980988593155893,9021.621979226702
1900601332541,0.6319580877537656,50612.42496755679,0.3680419122462344,18627.49366847866
1900601332556,0.6050955414012739,25810.75571192188,0.39490445859872614,10192.782510440487
1900601332679,0.9459459459459459,2975.9690797585054,0.05405405405405406,160.86319350045977
1900601332838,0.7647058823529411,9185.294577885115,0.23529411764705888,2161.245783031792
1900601332857,1.0,4622.345905678003,0.0,0.0
1900601332927,1.0,20999.581562048137,0.0,0.0
1900601333022,0.0,40929.015679643286,1.0,40929.015679643286
190060133308A,1.0,90.29488990417715,0.0,0.0
1900601740047,0.9198473282442748,13085.23446194701,0.08015267175572516,1048.8165026751415
1900601740121,0.8884120171673819,20543.592368032034,0.11158798283261806,2292.418032484262
1900601740155,0.693359375,13876.067206024432,0.306640625,4254.965920597336
190060174016A,0.9655172413793104,799.1097756519678,0.03448275862068961,27.555509505240234
1900602431100,0.5455764075067024,99320.30088570097,0.45442359249329756,45133.48793599548
1900603791986,0.7711386696730552,41878.02013426447,0.22886133032694478,9584.259399386347
1900603791990,0.642570281124498,27904.238315662333,0.357429718875502,9973.8040566022
1900603792005,0.5342857142857143,34575.22019680029,0.46571428571428575,16102.173977366994
1900603792024,0.9366391184573003,10130.334189832814,0.0633608815426997,641.8669045899577
1900603792823,0.9044585987261147,3897.7294141969837,0.09554140127388533,372.39453001882003
1900603792999,1.0,7852.929877522662,0.0,0.0
1900603852611,0.6547263681592039,30842.766293383247,0.34527363184079607,10649.193934133322
1900603881933,0.7716849451645065,65435.94831704464,0.22831505483549352,14940.012128218566
190060388201A,0.8603491271820449,13586.415984005007,0.13965087281795507,1897.354850634115
1900603882170,0.8744769874476988,7784.557421923903,0.12552301255230125,977.141098986264
1900603882382,0.8569711538461539,27986.56722637007,0.14302884615384615,4002.8864181947574
1900603882397,0.8471121177802945,23760.68625447171,0.1528878822197055,3632.7210015330465
190060388240A,1.0,12373.057157422158,0.0,0.0
1900603882486,1.0,1554.6240423482052,0.0,0.0
1900603882683,1.0,36867.18323239275,0.0,0.0
1900603882842,0.9102167182662538,13776.4363089254,0.08978328173374617,1236.8936624112594
1900603882908,0.9375,5844.581259103901,0.0625,365.2863286939938
1900603892626,0.6411764705882353,27215.423718463455,0.35882352941176465,9765.53439309571
1900603892630,0.8453427065026362,16474.67823842442,0.1546572934973638,2547.929147594638
1900603892700,0.6165413533834586,7450.833331926354,0.3834586466165414,2857.0864656258955
1900603892749,0.717948717948718,10959.297633281543,0.28205128205128205,3091.0839478486405
1900603922560,0.5974643423137876,20960.695910840357,0.40253565768621236,8437.427514030825
1900603922575,0.568561872909699,30718.12120574326,0.43143812709030105,13252.968680738732
190060392258A,0.6626984126984127,33146.98862722674,0.3373015873015873,11180.531878231242
1900604030193,0.8717948717948718,19604.525513028606,0.1282051282051282,2513.400706798539
190060403023A,0.8767123287671232,19769.31368710373,0.12328767123287676,2437.3126463552553
1900604030282,0.8245614035087719,17823.45880966871,0.17543859649122806,3126.922598187493
1900604060371,0.4083629893238434,31840.98800987636,0.5916370106761566,18838.306963138595
1901000010020,0.7575757575757576,11512.744060450103,0.24242424242424243,2790.9682570788127
190100001004A,0.5615835777126099,24805.607847501153,0.4384164222873901,10875.185845165463
1901000010054,0.6804123711340206,4765.705773182892,0.31958762886597936,1523.0606079244292
1901000010069,0.6645962732919255,6482.549921326323,0.3354037267080745,2174.271402183984
1901000010073,0.6778523489932886,55562.95167573118,0.3221476510067114,17899.474365336217
1901000010088,0.5994623655913979,12656.397545239777,0.40053763440860213,5069.363532905179
1901000010092,0.75,652.3423687163178,0.25,163.08559217907944
1901000010105,0.0,1100.6094996823226,1.0,1100.6094996823226
190100001011A,1.0,135.4423348562657,0.0,0.0
1901000010124,0.7647058823529411,490.60223514602944,0.23529411764705888,115.43582003435989
1901000010139,0.4772563176895307,37855.31359258833,0.5227436823104693,19788.626022407185
1901000010143,0.0,30.098296634725752,1.0,30.098296634725752
1901000010196,0.23529411764705882,390.5253988355662,0.7647058823529411,298.6370696977859
1901001290035,0.33198924731182794,21466.857617302245,0.668010752688172,14340.091714783892
1901001290209,0.3327740492170022,54116.73734923684,0.6672259507829978,36108.09153111832
1901001290213,0.4136607828089025,38377.585581522915,0.5863392171910975,22502.283487554498
1901001290228,0.44175136825645034,40437.81398616992,0.5582486317435497,22574.35432847953
1901001290232,0.44749596122778673,36022.3938698556,0.5525040387722133,19902.51809933864
1901001290247,0.5130315500685871,23088.403348498097,0.48696844993141286,11243.323990009361
1901001290251,0.4831223628691983,14953.58622554761,0.5168776371308017,7729.174314892752
1901001300266,0.329626687847498,44084.22262346689,0.670373312152502,29552.88633376176
1901001300270,0.39198855507868385,30846.239306098643,0.6080114449213161,18754.866530889733
1901001300285,0.3234011627906977,42555.22915442283,0.6765988372093024,28792.81856305789
190100130029A,0.4743975903614458,49485.361954568434,0.5256024096385542,26009.625485157205
1901001300302,0.4232059020791415,55010.65675928822,0.5767940979208586,31729.82214150763
1901001300317,0.47761194029850745,14087.507739883378,0.5223880597014925,7359.145834267436
1901001310158,0.39295392953929537,27406.86574550248,0.6070460704607046,16637.23015445137
1901001310162,0.3353658536585366,8479.18632949049,0.6646341463414633,5635.556767771118
1901001310177,0.40341655716162944,25640.070489893613,0.5965834428383705,15296.441527479237
1901001310181,0.23725834797891038,18571.4106477107,0.7627416520210897,14165.188437796916
1901001320321,0.41366223908918404,20645.926576590115,0.586337760910816,12105.486360846957
1901001320336,0.3269230769230769,29967.369044364677,0.6730769230769231,20170.344549091613
1901001320340,0.35033259423503327,64860.32433300215,0.6496674057649667,42137.638646495856
1901001320355,0.32086614173228345,47450.717102061,0.6791338582677166,32225.38858309261
1901800010029,0.3055555555555556,3762.578610561366,0.6944444444444444,2612.9018128898374
1901800010067,0.65,1037.6387764821695,0.35,363.1735717687593
1901800010118,0.45714285714285713,36527.38638356481,0.5428571428571429,19829.1526082209
1901800010122,0.6352941176470588,8204.961494142799,0.3647058823529412,2992.3977213932562
1901800010137,0.4905008635578584,22924.737862059173,0.5094991364421416,11680.134143881616
1901800010141,0.5945945945945946,11141.830407065248,0.4054054054054054,4516.95827313456
1901800010156,0.5543766578249337,17681.444124277972,0.4456233421750663,7879.264225142438
1901800010211,0.3905191873589165,13798.178043512384,0.6094808126410836,8409.724766926283
1901800010226,0.4847457627118644,9117.11248426176,0.5152542372881356,4697.630839348431
1901800010230,0.49444444444444446,70801.44174694025,0.5055555555555555,35794.06221650868
1901800010245,0.0,399.67714285399836,1.0,399.67714285399836
190180001025A,0.3506787330316742,14112.262531706232,0.6493212669683258,9163.392186877123
1901800010264,0.0,3899.042562130304,1.0,3899.042562130304
1901800010279,0.5287713841368584,26525.42515863185,0.4712286158631416,12499.539382683439
1901800010283,0.48299319727891155,9027.12793404408,0.5170068027210885,4667.086550934354
1901800010315,0.37389597644749756,36141.774389247235,0.6261040235525024,22628.510363434478
190180001032A,0.5939849624060151,6602.7080020421345,0.40601503759398494,2680.7987376712426
1901800010334,0.3905325443786982,4206.095772427123,0.6094674556213018,2563.4784885206727
1901800010349,0.3898809523809524,24267.490913908674,0.6101190476190477,14806.058444497852
1901800010372,0.3953488372093023,40114.815870249426,0.6046511627906976,24255.470061081047
1901800010387,0.3854166666666667,3863.577180480333,0.6145833333333333,2374.4901421702043
1901800010391,0.4472049689440994,5140.036489013357,0.5527950310559007,2841.3866305726015
1901800010404,0.216,3120.4409036051898,0.784,2446.4256684264687
1901800010423,0.48520710059171596,24335.159260317676,0.514792899408284,12527.567193181289
1901800010438,0.42266890005583474,60683.42549669248,0.5773310999441652,35034.42879038527
1901800010442,0.5317195325542571,38093.71784396991,0.4682804674457429,17838.54399872047
1901800010457,0.4083333333333333,3958.066714614495,0.5916666666666667,2341.856139480243
1901800010461,0.40516129032258064,22760.27513343624,0.5948387096774194,13538.692692276267
1901800010476,0.400796812749004,38297.936045725015,0.599203187250996,22948.245343733233
1901800010480,0.37777777777777777,4196.944028408694,0.6222222222222222,2611.431839898743
1901800010512,1.0,188.11435396703587,0.0,0.0
1901800010527,0.2686804451510334,20903.246778967954,0.7313195548489666,15286.953129292939
1901800010531,0.39898477157360407,29481.062999499853,0.6010152284263959,17718.56781289737
1901800010546,0.4304174950298211,51069.07475565465,0.5695825049701789,29088.051525835104
1901800010550,0.45248868778280543,32907.05328806772,0.5475113122171946,18016.983926951107
1901800010565,0.4585152838427948,27742.323896597998,0.5414847161572052,15022.044380690617
190180001057A,0.40298507462686567,5813.222557693461,0.5970149253731343,3470.580631458782
1901800010584,0.42661179698216734,24891.775704534833,0.5733882030178327,14272.650541146173
1901800010599,0.5010295126973233,45556.797506456416,0.4989704873026767,22731.497451745923
1901800010654,0.3423952975753123,45168.28295051959,0.6576047024246877,29702.87526871053
1901800010669,0.1769436997319035,19513.55209297069,0.8230563002680965,16060.751990729228
1901800010673,0.3384853168469861,18779.587200053338,0.6615146831530139,12422.972676387679
1901800010688,0.3365695792880259,8698.558076380586,0.6634304207119741,5770.888044200713
1901800010692,0.3089005235602094,10671.839973172133,0.6910994764397906,7375.3030181084905
1901800010705,0.42,41517.176395048504,0.5800000000000001,24079.962309128136
190180001071A,0.44680851063829785,9177.506566422619,0.5531914893617021,5076.918526106129
1901800010762,0.3391304347826087,10159.388260267151,0.6608695652173913,6714.030502437421
1901800010777,0.3064516129032258,5218.658944129612,0.6935483870967742,3619.3924935092473
1901800010781,0.31955922865013775,9634.925441407055,0.6804407713498623,6555.996099249428
1901800010796,0.42696629213483145,17539.8009347884,0.5730337078651686,10050.897164878746
1901800010809,0.4306326304106548,25657.394868668984,0.5693673695893452,14608.483426889223
1901800010813,0.42028985507246375,9400.11170649157,0.5797101449275363,5449.340119705259
1901800010847,0.29508196721311475,5047.992174221412,0.7049180327868853,3558.420712975749
1901800010851,0.3111413043478261,23016.98322920049,0.6888586956521738,15855.44904511501
1901800010866,0.29896907216494845,65989.56487233966,0.7010309278350515,46260.725889887595
190180001089A,0.3716216216216216,8358.955271768024,0.6283783783783784,5252.586758610988
1901800010917,0.15789473684210525,1434.3248981385436,0.8421052631578947,1207.8525458008787
1901800010921,0.38716356107660455,14840.227642799862,0.6128364389233955,9094.632261426003
1901800010936,0.24932371505861137,78551.93321573074,0.7506762849413886,58967.07340134881
1901800010955,0.39285714285714285,669.0568977347938,0.6071428571428572,406.2131164818391
190180001107A,0.3112994350282486,51628.38568054747,0.6887005649717515,35556.498386772524
1901800011084,0.2150442477876106,35562.69335018878,0.7849557522123893,27915.14070939597
1901800011099,0.3489736070381232,21757.42499017931,0.6510263929618768,14164.657911495033
1901800011101,0.32662192393736017,12778.429206382285,0.6733780760626398,8604.714074096348
1901800011135,0.2936465563267485,57794.01818271301,0.7063534436732515,40823.003767073846
190180001114A,0.28404255319148936,54049.31414771396,0.7159574468085106,38697.0089589484
1901800011169,0.2446043165467626,4028.515822282243,0.7553956834532374,3043.1234628750753
1901800011173,0.30392156862745096,18702.00505133366,0.696078431372549,13018.062339653823
1901800011188,0.3641025641025641,10571.518745587571,0.6358974358974359,6722.401663860814
1901800011192,0.6557377049180327,5935.459211449369,0.34426229508196726,2043.3548104989634
1901800011205,0.0,37.85797661651172,1.0,37.85797661651172
190180001121A,0.237125748502994,23971.31707404371,0.7628742514970059,18287.10057025849
1901800011224,0.3542654028436019,26966.499951921793,0.6457345971563981,17413.20198317225
1901800011239,0.266065388951522,24134.63866291037,0.733934611048478,17713.24663985868
1901800011313,0.43848167539267013,22448.041853745264,0.5615183246073299,12604.98685243026
1901800011328,0.3288135593220339,34105.83626630969,0.6711864406779662,22891.374849929896
1901800011332,0.24183006535947713,18811.90287636532,0.7581699346405228,14262.619174237758
1901800011347,0.32186732186732187,45161.65569829248,0.6781326781326782,30625.594527589008
1901800011366,0.24277456647398843,15393.679533937353,0.7572254335260116,11656.485658646205
1901800011370,0.2981620149761743,39079.55978891294,0.7018379850238257,27427.51949786878
1901800011417,0.17475728155339806,5639.66833193173,0.8252427184466019,4654.0952253805535
1901800011421,0.0,552.7264586010768,1.0,552.7264586010768
1901800011436,0.3019867549668874,21277.661301421205,0.6980132450331126,14852.089411720497
1901800011440,0.2412109375,29862.436773098918,0.7587890625,22659.290403025254
1901800011455,0.40540540540540543,7885.73479105036,0.5945945945945945,4688.815281165079
190180001146A,0.3276047261009667,24971.35250088991,0.6723952738990333,16790.619404465182
1901800011474,0.2719465648854962,29223.94992781021,0.7280534351145038,21276.59713255648
1901800011510,0.21379310344827587,29290.213557917003,0.7862068965517242,23028.16790070716
1901800011525,0.2784090909090909,38675.62347879977,0.7215909090909092,27907.978305724835
190180001153A,0.37732919254658387,17860.31017701653,0.6226708074534162,11121.093759291349
1901800011559,0.2893013100436681,25522.395839361423,0.7106986899563319,18138.7332875811
1901800011563,0.434052757793765,10917.291558471929,0.565947242206235,6178.611049878597
1901800011578,0.20567375886524822,11302.230011476999,0.7943262411347518,8977.657881456907
1901800011652,0.1625,8175.430896159595,0.8375,6846.923375533661
1901800011667,0.26426426426426425,9649.927687341733,0.7357357357357357,7099.796646843017
1901800011671,0.2026726057906459,11832.56214071918,0.7973273942093542,9434.42593847988
1901800011686,0.17584745762711865,15651.554229711941,0.8241525423728814,12899.26821050412
1901800011690,0.2672322375397667,24348.242645469625,0.7327677624602333,17841.60728315961
1901800011703,0.423943661971831,19220.461653685485,0.576056338028169,11072.068755432907
1901800011741,0.21621621621621623,6806.466346639412,0.7837837837837838,5334.797947366026
1901800011775,0.0,0.0,1.0,0.0
190180001178A,0.0,0.0,1.0,0.0
190180025096A,0.44136460554371004,15742.487894763373,0.55863539445629,8794.310934814506
1901800250974,0.4504201680672269,31848.973035102506,0.5495798319327732,17503.55324786306
1901800250989,0.4535283993115318,36855.002354657074,0.5464716006884682,20140.212130126718
1901800250993,0.4602649006622517,28558.755319040847,0.5397350993377483,15414.16263908496
1901800251008,0.4251207729468599,29311.360470651318,0.5748792270531401,16850.492251243995
1901800251046,0.3377693282636248,49564.77937455172,0.6622306717363752,32823.31713967462
1901800251050,0.4397031539888683,31464.607290050357,0.5602968460111317,17629.52022559408
1901800251243,0.7816593886462883,6725.520214517342,0.21834061135371174,1468.4541953094629
1901800251385,0.8434782608695652,6362.290769687024,0.15652173913043477,995.8368161249255
1901800251402,0.37139349294045426,44112.053549711425,0.6286065070595457,27729.12390110773
1901800251489,0.0,14467.804343766125,1.0,14467.804343766125
1901800251544,0.35837245696400627,16730.645894208268,0.6416275430359937,10734.843218506086
1901800251648,0.2765657987332864,35315.69493651578,0.7234342012667137,25548.581558577214
1901801050160,0.9047297297297298,203443.9129584133,0.09527027027027024,19382.15657238937
1901801050300,0.0,47978.17092563763,1.0,47978.17092563763
1901801050353,0.43782837127845886,22567.218449560896,0.5621716287215411,12686.649951504462
1901801050368,0.3549257759784076,23775.330308081724,0.6450742240215924,15336.852749342866
1901801050616,0.5681233933161953,62745.81841907717,0.4318766066838047,27098.451142429218
1901801050620,0.4005270092226614,43860.02567361315,0.5994729907773386,26292.90076613173
1901801050724,0.43649946638207043,33179.583817323946,0.5635005336179295,18696.71318628286
1901801050832,0.3763250883392226,15267.238594154678,0.6236749116607774,9521.793681513429
1901801050902,0.4271523178807947,8229.165831154667,0.5728476821192052,4714.058572151514
1901801051012,0.26666666666666666,4598.8122387520925,0.7333333333333334,3372.4623084182012
1901801051027,0.43072702331961593,20278.858304215806,0.5692729766803841,11544.206030520658
1901801051116,0.3828125,3637.5484244992385,0.6171875,2245.0494182456237
1901801051154,0.3270735524256651,16603.85640389771,0.6729264475743348,11173.174105909256
1901801051262,0.4098746081504702,32390.00884435947,0.5901253918495297,19114.166661287363
1901801051351,0.27309236947791166,5613.238161265175,0.7269076305220883,4080.3056513614324
190180105139A,0.9084158415841584,10608.897106324948,0.09158415841584155,971.6069132030271
1901802120071,1.0,1236.2875342713592,0.0,0.0
1901802120086,1.0,361.1795596167088,0.0,0.0
1901802120103,1.0,2007.556385536206,0.0,0.0
1901802120495,0.8989690721649485,30738.287444590693,0.10103092783505152,3105.5177005875125
1901802120508,0.7796143250688705,41486.46549621223,0.22038567493112948,9143.022698889748
1901802120601,0.933695652173913,30431.98966125809,0.06630434782608696,2017.7732275399387
1901802120635,0.9179755671902269,17493.081557554764,0.08202443280977312,1434.860092853532
190180212064A,1.0,42710.86202102154,0.0,0.0
1901802120739,0.9419953596287703,11326.111278675306,0.058004640371229654,656.9670115240891
1901802120743,1.0,8226.954411034276,0.0,0.0
1901802120758,0.9880478087649402,7367.310558764986,0.01195219123505975,88.05550468643402
1901802120828,1.0,23495.652086675404,0.0,0.0
1901802120870,1.0,9847.551264960253,0.0,0.0
1901802120885,0.9545454545454546,8962.660274861919,0.045454545454545414,407.3936488573596
1901802120940,0.0,37.62287079340716,1.0,37.62287079340716
1901802121031,1.0,15769.352917001179,0.0,0.0
1901802121065,1.0,14345.637062638512,0.0,0.0
1901802121120,0.9987096774193548,20743.115838265105,0.001290322580645209,26.76531075905274
1901802121258,0.0,0.0,1.0,0.0
1901802121277,1.0,2890.188934349538,0.0,0.0
1901802121281,1.0,15653.332342426213,0.0,0.0
1901802121296,0.9478021978021978,37518.07261842156,0.052197802197802234,1958.3609333791487
1901802121309,0.0,0.0,1.0,0.0
1901802121493,1.0,14659.79809129702,0.0,0.0
1901802121506,1.0,3809.6918965404084,0.0,0.0
1901802121582,1.0,6395.5869806437095,0.0,0.0
1901802121597,1.0,12046.99310186609,0.0,0.0
190180212160A,1.0,30916.5281854609,0.0,0.0
1901802121614,1.0,11561.508194814021,0.0,0.0
1901802121629,1.0,19460.476404535773,0.0,0.0
1901802121633,1.0,2568.2312026872137,0.0,0.0
1901802121718,0.0,142.96690901494725,1.0,142.96690901494725
1901802121722,0.0,15.049148317362855,1.0,15.049148317362855
1901802121737,1.0,12408.022787665683,0.0,0.0
1901802121756,1.0,8300.35775444149,0.0,0.0
1901802121760,0.0,0.0,1.0,0.0
1901802341830,0.5427408412483039,20317.855143271594,0.4572591587516961,9290.525350451191
1901802341845,0.4834494773519164,32481.329270780137,0.5165505226480835,16778.247611125975
190180234185A,0.7733739837398373,28469.22632937119,0.22662601626016265,6451.867349034326
1901802361794,0.7918170878459687,23281.78490437622,0.20818291215403129,4846.869781536807
1901802361807,0.8629173989455184,15204.907002447568,0.13708260105448156,2084.328200687013
1901802361811,0.7624113475177305,22465.368608159275,0.23758865248226946,5337.51665513004
1901802361826,0.7407407407407407,6318.384921044801,0.2592592592592593,1638.0997943449486
1901900010011,0.3852526926263463,49597.10362362308,0.6147473073736537,30489.68590615437
1901900010026,0.4306987399770905,102595.62380403464,0.5693012600229095,58407.817904473326
190190001005A,1.0,35973.16586020839,0.0,0.0
1901900010064,1.0,62124.95993940649,0.0,0.0
1901900010079,1.0,63961.475265768284,0.0,0.0
1901900010083,1.0,239845.29420800146,0.0,0.0
1901900010098,1.0,77886.91748800961,0.0,0.0
1901900010100,1.0,97904.41026644537,0.0,0.0
1901900010115,0.891566265060241,58453.856163256554,0.10843373493975905,6338.369945413362
190190001012A,0.9083333333333333,51945.565549815416,0.09166666666666667,4761.676842066414
1901900010134,1.0,37075.3811080821,0.0,0.0
1901900010149,1.0,34697.958879279606,0.0,0.0
1901900010153,1.0,52717.6738722311,0.0,0.0
1901900010168,1.0,48498.33717741068,0.0,0.0
1901900010172,1.0,211660.646475483,0.0,0.0
1901900010187,1.0,47364.0869139091,0.0,0.0
1901900010191,0.9643366619115549,54016.46880740867,0.03566333808844513,1926.407589422566
1901900010204,0.9543094496365524,42424.97595730805,0.0456905503634476,1938.4205006454372
1901900010219,1.0,28238.91427293823,0.0,0.0
1901900010223,0.9854014598540146,71044.59266198828,0.014598540145985384,1037.1473381312146
1901900010238,0.9970238095238095,28738.460408722924,0.0029761904761904656,85.53113216881792
1901900010242,1.0,199666.43153035355,0.0,0.0
1901900010257,1.0,159608.91941141282,0.0,0.0
1901900010261,1.0,32295.353994756922,0.0,0.0
1901900010280,0.9944029850746269,22543.057787359325,0.005597014925373123,126.17383089939895
1901900010312,0.39285714285714285,19649.30144161932,0.6071428571428572,11929.933018126016
1901900010327,0.6326530612244898,110022.39906838782,0.36734693877551017,40416.39149450981
1901900010331,0.5538270068450529,55632.97285812101,0.4461729931549471,24821.930018215782
1901900010350,1.0,78596.2276893121,0.0,0.0
1901900010365,1.0,405112.7969520868,0.0,0.0
190190001037A,1.0,11700.929114106886,0.0,0.0
1901900010384,0.9787234042553191,230959.80407733904,0.021276595744680882,4914.038384624242
1901900010399,0.9876543209876543,387776.7235359941,0.012345679012345734,4787.366957234517
1901900010401,0.9381443298969072,37725.834770145724,0.061855670103092786,2333.556789905921
1901900010416,1.0,5394.367214358717,0.0,0.0
1901900010420,1.0,86675.29990676249,0.0,0.0
1901900010435,1.0,56148.22873630489,0.0,0.0
190190001044A,1.0,339111.2359772567,0.0,0.0
1901900010454,1.0,6316.830965755573,0.0,0.0
1901900010469,1.0,23862.070635504417,0.0,0.0
1901900010473,1.0,7545.059785102506,0.0,0.0
1901900010488,0.7170923379174853,119093.3425728255,0.2829076620825147,33692.41911687008
1901900010492,1.0,111783.66861622153,0.0,0.0
1901900010505,1.0,24618.529503320955,0.0,0.0
190190001051A,1.0,19721.99780461013,0.0,0.0
1901900010539,0.8375706214689266,53295.24748157708,0.16242937853107342,8656.71392709232
1901900010543,1.0,70622.57369536906,0.0,0.0
1901900010558,1.0,10308.666597393567,0.0,0.0
1901900010562,0.9596774193548387,9355.278422708037,0.040322580645161255,377.22896865758185
1901900010577,0.7705817782656421,169833.70906144602,0.22941822173435789,38962.94752342725
1901900010581,0.6024242424242424,35297.19754350571,0.3975757575757576,14033.310053660452
1901900010596,0.0,846.4199566127522,1.0,846.4199566127522
1901900010609,0.572354211663067,15513.282171000963,0.427645788336933,6634.189783710995
1901900010613,1.0,1006.0355650157078,0.0,0.0
1901900010628,0.0,15.143190646604756,1.0,15.143190646604756
190210001001A,0.0,7.524574158681429,1.0,7.524574158681429
1902100010043,0.5614646904969486,64799.08929690601,0.4385353095030514,28416.688680334544
1902100010062,0.8292682926829268,3687.894747311334,0.1707317073170732,629.6405666141303
1902100010077,0.6483516483516484,160061.35572635446,0.3516483516483516,56285.31190377299
1902100010096,0.6842105263157895,18914.189469849098,0.3157894736842105,5972.901937847083
1902100010151,0.8817034700315457,67833.53347926066,0.1182965299684543,8024.4716260955065
1902100010166,0.8314424635332253,57775.4740674828,0.16855753646677474,9738.491577014931
1902100010185,0.956359102244389,24250.335336198244,0.043640897755610975,1058.3064049463076
1902100010202,0.5070422535211268,98325.11058024212,0.49295774647887325,48470.124933922176
1902100010221,0.720708446866485,52796.54780461705,0.27929155313351495,14745.629836439364
1902100010236,0.5264797507788161,46796.221245845816,0.47352024922118385,22158.95834694257
1902100010240,0.3824110671936759,37342.704522604436,0.6175889328063241,23062.441034217165
1902100010255,0.6801881246325691,53456.46329236164,0.31981187536743094,17096.011776040406
1902100010274,0.49491525423728816,21585.169044149035,0.5050847457627119,10902.339618909175
1902100010289,0.8373493975903614,14958.011818233033,0.16265060240963858,2432.929633086096
1902100010293,1.0,38090.82066845809,0.0,0.0
1902100010306,0.4653658536585366,38187.92299425963,0.5346341463414634,20416.56761058954
1902100010325,0.0,127114.92390456474,1.0,127114.92390456474
190210001033A,0.9043020193151887,61702.324073975964,0.09569798068481128,5904.787817439318
1902100010344,0.7904492617027961,87625.89369322898,0.20955073829720394,18362.07071736844
1902100010363,0.5892226148409894,42453.88383616522,0.41077738515901063,17439.095392064337
1902100010378,0.9758190327613104,92490.34114319024,0.024180967238689566,2236.505909078705
1902100010382,0.3603976801988401,45818.393190138726,0.6396023198011599,29305.550573974397
1902100010397,0.3558282208588957,45975.162523077845,0.6441717791411044,29615.902238792478
190210001040A,0.655483870967742,47895.6940007034,0.34451612903225803,16500.83909443588
1902100010414,0.7011173184357542,31887.26103415137,0.2988826815642458,9530.550085626246
1902100010429,0.6729994242947611,56321.49426115211,0.3270005757052389,18417.16104797605
1902100010433,0.5946843853820598,65801.25687142338,0.4053156146179402,26670.27687147393
1902100010448,0.5861471861471862,36832.75576104052,0.4138528138528138,15243.339613660057
1902100010452,0.4231651376146789,29128.01477546846,0.5768348623853211,16802.054394564948
1902100010467,0.4926913155631986,34036.84481474521,0.5073086844368013,17267.186965347955
1902100010471,0.5170178282009724,42397.891766486384,0.4829821717990276,20477.425845077705
1902100010486,0.3586206896551724,31081.458631309415,0.6413793103448275,19935.00450146052
1902100010490,0.6941015089163237,74540.37293044578,0.3058984910836763,22801.787604237874
1902100010503,0.4429783223374175,34839.97995843452,0.5570216776625825,19406.624086177944
1902100010518,0.37175493250259606,29141.656139613577,0.6282450674974039,18308.101728417667
1902100010522,0.5114285714285715,16304.768103759952,0.48857142857142855,7966.043844979862
1902100010537,0.5153374233128835,60077.16145672485,0.48466257668711654,29117.151871664188
1902100010556,0.4261780104712042,33960.46866469655,0.5738219895287958,19487.263694506502
1902100010560,0.3595505617977528,2483.052809403459,0.6404494382022472,1590.269776808957
1902100010575,0.5512820512820513,19938.38734062587,0.4487179487179487,8946.712268229558
190210001058A,0.38197424892703863,10725.798352900652,0.6180257510729614,6628.819582908558
1902100010594,0.42868400315208827,48570.40600861745,0.5713159968479118,27749.049926121083
1902100010607,0.55,2401.2697005511395,0.44999999999999996,1080.5713652480126
1902100010611,0.8470149253731343,32233.04166618314,0.15298507462686572,4931.1742847519
1902100010626,0.42452830188679247,14429.96755125414,0.5754716981132075,8304.037930438702
1902100010630,0.3073529411764706,21926.890156348018,0.6926470588235294,15187.595975941053
1902100010679,0.6769911504424779,35440.28884562345,0.32300884955752207,11447.526928011113
1902100010683,0.6564223798266351,37523.70296057814,0.3435776201733649,12892.304563287686
1902100010698,0.5876089060987415,36409.10437769637,0.4123910939012585,15014.790382283305
1902100010700,0.6232980332829047,53907.72659306877,0.3767019667170953,20307.146628856466
1902100010715,0.7623239436619719,50172.23500363529,0.23767605633802813,11924.738953328808
190210001072A,0.7729852440408627,36911.531673892096,0.22701475595913734,8379.462355026582
1902100010749,0.30949367088607593,46897.38699082375,0.6905063291139241,32382.942536068804
1902100010753,0.46111111111111114,56393.65280113726,0.5388888888888889,30389.91289839063
1902100010772,0.7709923664122137,120065.17415214298,0.2290076335877863,27495.84140888771
1902100010787,0.453551912568306,48668.70612065566,0.5464480874316939,26594.921377407463
1902100010791,0.0,82218.20419085256,1.0,82218.20419085256
1902100010819,0.4657534246575342,76593.26346112939,0.5342465753424658,40919.68869841159
1902100010823,0.7848837209302325,49294.994209538156,0.2151162790697675,10604.155731121582
1902100010838,0.600265604249668,23667.625094704603,0.399734395750332,9460.763816077138
1902100010895,0.4850467289719626,37865.23256390274,0.5149532710280373,19498.82536701907
1902100010908,0.4983957219251337,29200.924208244112,0.5016042780748663,14647.308506595175
1902100010927,0.5623145400593472,21337.066513741833,0.4376854599406528,9338.923770851396
1902100010931,0.5452054794520548,20783.75734904525,0.4547945205479452,9452.338958743867
1902100010950,0.5930232558139535,35685.87191400089,0.40697674418604646,14523.31996500036
1902100010965,0.7276958882854926,50297.05247625832,0.2723041117145074,13696.094196405487
190210001097A,0.6793296089385474,37398.60850951084,0.32067039106145256,11992.626415899009
1902100010984,0.6282722513089005,25923.152093363016,0.3717277486910995,9636.354966642797
1902100010999,0.40055632823365783,26998.334586971414,0.5994436717663422,16183.980816390376
1902100011003,0.4018801410105758,29759.001675379055,0.5981198589894242,17799.44988574376
1902100011022,0.4453924914675768,41897.99195209052,0.5546075085324231,23236.940929060438
1902100011037,0.41917024320457796,33378.99134843164,0.580829756795422,19387.511426986046
1902100011041,0.49572649572649574,42209.74280605641,0.5042735042735043,21285.254919293406
1902100011056,0.5176304654442877,24555.581508390398,0.4823695345557123,11844.864422947132
1902100011060,0.5884476534296029,26399.770352932737,0.4115523465703971,10864.887437669067
1902100011075,0.6408558329088131,68823.2573326483,0.3591441670911869,24717.471431236394
190210001108A,0.7978910369068541,17688.965114518458,0.20210896309314585,3575.0983974861556
1902100011094,0.4053751399776036,29947.79467828176,0.5946248600223965,17807.70321855276
1902100011107,0.4289732770745429,27496.53031423684,0.5710267229254571,15701.253597159151
1902100011111,0.38651994497936726,24234.18719923001,0.6134800550206327,14867.19049636394
1902100011130,0.37209302325581395,87557.13990726812,0.627906976744186,54977.73901154045
1902100011291,0.6818181818181818,17012.77897675359,0.31818181818181823,5413.15694714887
1902100011304,0.6170616113744076,39952.37671465229,0.3829383886255924,15299.298760871585
1902100011319,0.7210401891252955,25900.824068762337,0.27895981087470445,7225.288983720934
1902100011323,0.7249255213505462,31000.538672133054,0.2750744786494538,8527.45701308923
1902100011338,1.0,47297.679508784175,0.0,0.0
1902100011342,0.7900599828620394,42093.70338209519,0.20994001713796062,8837.152809437295
1902100011357,0.40504939626783754,38735.499398354485,0.5949506037321625,23045.708752917817
1902100011361,0.3475877192982456,32061.661124828177,0.6524122807017544,20917.421457535926
1902100011376,0.3663883089770355,37326.4133028495,0.6336116910229646,23650.451852640548
1902100011380,0.0,50669.11590353951,1.0,50669.11590353951
1902100011395,0.6790352504638218,34101.19033768129,0.32096474953617815,10945.280015619413
1902100011408,1.0,74667.80386650731,0.0,0.0
1902100011412,0.9756662804171495,28171.193560177675,0.024333719582850466,685.5099244075665
1902100011427,1.0,35073.899103402866,0.0,0.0
1902100011431,1.0,5381.575438288957,0.0,0.0
1902100011446,1.0,6180.477014215323,0.0,0.0
1902100011450,0.5666666666666667,29226.525974939817,0.43333333333333335,12664.827922473922
1902100011465,0.4,6859.063131886792,0.6,4115.437879132075
190210001147A,0.44018856806128465,57230.04283615141,0.5598114319387153,32038.032230019937
1902100011484,0.8526504941599281,44389.032657946766,0.1473495058400719,6540.702026867269
1902100011499,0.712280701754386,17205.709842142944,0.28771929824561404,4950.414761599022
1902100011501,0.7718518518518519,22443.439264041524,0.2281481481481481,5120.42910616651
1902100011516,0.7370572207084468,23605.253747991017,0.2629427792915532,6206.831026379111
1902100011520,0.85068349106204,27521.561392272517,0.14931650893796,4109.423467615874
1902100011535,0.519774011299435,4879.9778731255565,0.480225988700565,2343.4921989586005
190210001154A,0.39825581395348836,10776.017767729138,0.6017441860465116,6484.406040464916
1902100011554,1.0,1408.2705404431524,0.0,0.0
1902100011569,0.35409123823316435,49772.94533484212,0.6459087617668356,32148.781490716276
1902100011573,0.38333333333333336,35316.613581793994,0.6166666666666667,21778.57837543963
1902100011588,0.3582554517133956,38182.956371456334,0.6417445482866044,24503.70408884737
1902100011592,0.31027466937945064,32918.76547786211,0.6897253306205493,22704.906402838766
1902100011605,0.27248441674087265,33005.69472141685,0.7275155832591274,24012.15724612428
190210001161A,0.3059617547806524,41505.80834039026,0.6940382452193476,28806.618386975017
1902100011624,0.27299412915851273,29126.9957719583,0.7270058708414873,21175.496926188862
1902100011639,0.3085808580858086,38111.04210396335,0.6914191419141914,26350.70402897796
1902100011643,0.2729083665338645,29481.06299949985,0.7270916334661355,21435.434252624393
1902100011658,0.32614213197969544,50253.86037860271,0.6738578680203046,33863.95921451528
1902100011662,0.2984319676277188,130548.75622991439,0.7015680323722813,91588.83403686964
1902100011681,0.37610619469026546,31446.31308746447,0.6238938053097345,19619.159935099513
1902100011709,0.9240587109125717,42346.66667218447,0.07594128908742825,3215.860455641324
1902100011713,0.2885095753538718,71700.02892103561,0.7114904246461282,51013.8840241673
1902100011728,1.0,34628.82226425489,0.0,0.0
1902100011747,0.8329177057356608,12699.17536105882,0.16708229426433918,2121.8073545908755
1902100011751,0.34467120181405897,12361.812308047358,0.655328798185941,8101.051603232849
1902100011766,0.19239373601789708,26217.56185724208,0.8076062639821029,21173.467182246957
1902100011770,0.8927738927738927,23265.44701980243,0.10722610722610726,2494.663316808653
1902100011785,0.36751269035532996,35085.39143238206,0.63248730964467,22191.064834897483
190210001179A,1.0,5985.046285815211,0.0,0.0
1902100011802,1.0,19026.710957084662,0.0,0.0
1902100011817,1.0,32498.94690510379,0.0,0.0
1902100011821,1.0,15517.929287448713,0.0,0.0
1902100011836,1.0,10154.826375825383,0.0,0.0
1902100011840,0.0,43630.974796028044,1.0,43630.974796028044
1902100011855,1.0,19323.106439493913,0.0,0.0
190210001186A,1.0,8442.957779590459,0.0,0.0
1902100011874,0.3445378151260504,27477.231521675167,0.6554621848739496,18010.28620748456
1902100011889,0.4235294117647059,2692.3207278930563,0.5764705882352941,1552.0437137265853
1902100011893,0.3444639718804921,16424.301802402624,0.655536028119508,10766.721568183091
1902100011906,0.0,461.25639592717135,1.0,461.25639592717135
1902100011910,0.33657587548638135,31612.30607239131,0.6634241245136187,20972.366479932756
1902100011925,0.33959899749373434,24467.35638120311,0.6604010025062657,16158.26668282461
190210001193A,0.38040712468193383,22459.621552805198,0.6195928753180662,13915.821496458182
1902100011944,0.0,39131.51894989124,1.0,39131.51894989124
1902101530024,0.40730593607305937,31127.658379633333,0.5926940639269407,18449.17834555437
1902101530039,0.348221670802316,34404.61042573911,0.651778329197684,22424.179499985457
1902101530058,0.384070796460177,32637.840413280705,0.615929203539823,20102.59905101183
1902101530081,0.4431438127090301,33770.28882416226,0.5568561872909699,18805.194278337844
1902101550109,0.24613987284287012,31127.658379633358,0.7538601271571299,23465.900504174104
1902600010020,0.46296296296296297,23737.604605096,0.537037037037037,12747.97284347748
1902600010035,0.41304347826086957,14657.971532034931,0.5869565217391304,8603.591986194415
190260001004A,0.0,0.0,1.0,0.0
1902600010069,0.7252747252747253,28356.466549660523,0.27472527472527475,7790.238063093551
1902600010073,0.6635610766045549,50771.23828753327,0.3364389233954451,17081.420748911296
1902600010088,0.6972010178117048,34830.96834811471,0.30279898218829515,10546.781764441857
1902600010092,0.9494163424124513,72756.21494597796,0.05058365758754868,3680.2754641934407
190260001011A,0.7883597883597884,156679.60967911215,0.21164021164021163,33159.70575219305
1902600010124,0.717852684144819,92574.97197334992,0.28214731585518105,26119.779857649293
1902600010143,0.6548821548821548,111921.18501040438,0.34511784511784516,38625.99819382643
1902600010158,0.8767395626242545,40975.02090862412,0.12326043737574555,5050.598998677328
1902600010162,0.9071969696969697,36023.92264337496,0.09280303030303028,3343.1291847071448
1902600010177,0.908289241622575,23615.499254255235,0.09171075837742504,2165.795346069263
1902600010181,0.9614643545279383,37260.46242898826,0.038535645472061675,1435.8559702885657
1902600010196,0.871578947368421,62871.58580106629,0.128421052631579,8074.035229189569
1902600010213,0.6073717948717948,49694.73755882861,0.3926282051282052,19511.55561204008
1902600010228,0.4688888888888889,62074.15152304005,0.5311111111111111,32968.271586681265
1902600010232,0.7102922490470139,41239.93078163932,0.28970775095298607,11947.527596205548
1902600010251,0.4197698036560596,54135.31548099966,0.5802301963439405,31410.944730681593
1902600010266,0.9772727272727273,12813.54092988124,0.022727272727272707,291.21683931548245
1902600010285,0.6572199730094467,39612.12491964623,0.3427800269905533,13578.245249109505
190260001029A,0.6160409556313993,121305.33229011521,0.38395904436860073,46576.2794629282
1902600010302,0.5172413793103449,82887.25306881726,0.48275862068965514,40014.5359642566
1902600010317,0.515426497277677,59335.15243860069,0.484573502722323,28752.242651735723
1902600010321,0.7136507936507936,80749.02403532597,0.28634920634920635,23122.418945988582
1902600010336,0.7484076433121019,32563.235011466444,0.25159235668789814,8192.661037916718
1902600010340,0.650137741046832,42309.27498741039,0.349862258953168,14802.418521766169
1902600010355,0.5505443234836703,21265.834003974986,0.44945567651632967,9558.049808940545
1902600010389,0.4868559411146162,40724.928481858806,0.5131440588853837,20897.755098997997
1902600010393,0.6339210747271201,44589.41096312048,0.3660789252728799,16323.243643929913
1902600010406,0.5053619302949062,33463.83940574374,0.49463806970509383,16552.48892857834
1902600010425,0.5238532110091743,42458.96641855408,0.47614678899082574,20216.70052406383
1902600010444,0.6845151953690304,44937.64366690545,0.3154848046309696,14177.143732829796
1902600010459,0.6531483457844184,38199.84983892439,0.3468516542155816,13249.681107417744
1902600010478,0.7010816125860374,53165.88705175986,0.2989183874139626,15892.261222944931
1902600010482,0.7533596837944664,64695.70015131344,0.24664031620553362,15956.567942458336
190260001050A,0.6156462585034014,55305.75026324513,0.3843537414965986,21256.97203995476
1902600010533,0.6148409893992933,28319.46269529304,0.3851590106007067,10907.49623246269
1902600010548,0.8188908145580589,38125.87281684868,0.1811091854419411,6904.945770122508
1902600010552,0.8905109489051095,32305.420820595522,0.10948905109489049,3537.089870868122
1902600010567,0.5778251599147122,30587.747396087354,0.42217484008528783,12913.377365512359
1902600010586,0.5827123695976155,47324.03179146439,0.4172876304023845,19747.733087347286
1902600010590,0.49502982107355864,39528.09204058999,0.5049701789264414,19960.507710357568
1902600010603,0.5510204081632653,13380.6295322083,0.44897959183673475,6007.629585889442
1902600010618,0.5379023883696781,53194.36734520405,0.4620976116303219,24580.99010240478
1902600010641,0.4691823899371069,125005.45228220378,0.5308176100628931,66355.09542527044
1902600010707,0.5162671232876712,38512.222617483945,0.4837328767123288,18629.628235341122
1902600010730,0.4378600823045268,42169.42802686956,0.5621399176954732,23705.118800289634
1902600010745,0.5771028037383178,41884.72264081515,0.4228971962616822,17712.931770998926
1902600010779,0.5182926829268293,9393.504946137593,0.4817073170731707,4524.920065517499
1902600010783,0.5230352303523035,12124.42074427325,0.4769647696476965,5782.921547404044
1902600010798,0.4983127109111361,36660.15660966932,0.501687289088864,18391.934587078198
1902600010815,0.47073371805441055,47293.64958611293,0.5292662819455894,25030.934076079557
1902600010849,0.6972477064220184,20099.072893507386,0.3027522935779816,6085.040417300401
1902600010853,0.4918032786885246,37849.49868831091,0.5081967213114754,19234.991136682595
1902600010872,1.0,24718.7704877407,0.0,0.0
1902600010957,0.4171270718232044,53470.49001295303,0.5828729281767956,31166.50108489804
1902600010961,0.7669172932330827,13180.7562048461,0.23308270676691734,3072.20633346037
1902600010995,0.5692883895131086,12009.912231906215,0.43071161048689144,5172.808639210542
1902600011014,0.5602605863192183,19752.812842239968,0.43973941368078173,8686.090337792819
1902600011029,0.547945205479452,11323.220972055371,0.452054794520548,5118.716329833251
1902600011033,0.603882099209202,43563.41496288403,0.396117900790798,17256.248486376062
1902600011052,0.38948626045400236,70656.85619990464,0.6105137395459976,43136.98150316759
1902600011067,0.6438848920863309,37027.64436982515,0.35611510791366907,13186.103570549245
1902600011071,0.611957796014068,45911.75102966999,0.38804220398593203,17815.697058406528
1902600011086,0.7304038004750594,37116.398411373244,0.2695961995249406,10006.43995175977
1902600011103,0.6742424242424242,136245.5319382002,0.3257575757575758,44383.01419198947
1902600011118,0.0,39502.52712073301,1.0,39502.52712073301
1902600011122,0.562059620596206,65685.77657335436,0.43794037940379404,28766.453913967656
1902600011141,0.5656814449917899,78850.92472109459,0.43431855500821015,34246.41968592696
1902600011160,1.0,50141.68926454436,0.0,0.0
190260001118A,1.0,28786.7987189425,0.0,0.0
1902600011194,0.6465899025686448,42927.52857640184,0.3534100974313552,15171.022056673459
1902600011226,0.5029142381348876,39082.12821353865,0.49708576186511244,19427.169478336866
1902600011230,0.38523489932885907,26321.38288485765,0.614765100671141,16181.46759901316
190260001125A,1.0,4143.030531769997,0.0,0.0
1902600011264,0.4935897435897436,142679.90755817448,0.5064102564102564,72254.56857112682
1902600011279,0.4692230070635722,35403.420095192974,0.5307769929364279,18791.32085779163
1902600011283,0.4612868047982552,29340.241918538693,0.5387131952017448,15805.97547192815
1902600011300,0.6477916194790487,27417.069457007143,0.35220838052095127,9656.521632082922
1902600011315,0.9720468890892696,183281.81541072848,0.027953110910730383,5123.296914096107
190260001132A,0.9409141583054627,114409.18646561912,0.059085841694537344,6759.963079908375
1902600011334,0.38207547169811323,30338.364841425235,0.6179245283018868,18746.819784088235
1902600011349,0.4225352112676056,25204.158739261013,0.5774647887323944,14554.514201545093
1902600011353,0.5307971014492754,37490.11514053929,0.4692028985507246,17590.47069094144
1902600011368,0.564844587352626,34780.53857502561,0.435155412647374,15134.93961571318
1902600011372,0.48672566371681414,24122.594355415284,0.5132743362831859,12381.508607204305
1902600011387,0.7314890154597233,38553.39898172142,0.26851098454027666,10352.011117956117
1902600011391,0.4086317722681359,46912.06191125553,0.5913682277318641,27742.30291170667
1902600011404,0.6344743276283619,41279.08188944374,0.36552567237163813,15088.564162522833
1902600011419,0.750599520383693,69367.45043280612,0.24940047961630696,17300.275407702244
1902600011423,0.6942496493688639,29720.457447783167,0.3057503506311361,9087.040285577463
1902600011438,0.655511811023622,75733.63982224923,0.344488188976378,26089.34442695594
1902600011442,0.6445147679324894,46015.703003854884,0.3554852320675106,16357.902861074997
1902600011457,0.6353111432706223,28930.41501561719,0.3646888567293777,10550.599976751853
1902600011461,0.6105150214592274,73959.1509333926,0.3894849785407726,28805.978314186174
1902600011476,0.4870734229576008,30944.57018265764,0.5129265770423992,15872.292461838873
1902600011480,0.5561752988047809,77927.48752502793,0.4438247011952191,34586.143865689686
1902600011495,0.5639097744360902,26257.682452971443,0.43609022556390975,11450.718663701831
1902600011508,0.5582255083179297,18400.543419362748,0.4417744916820703,8128.890715762841
1902600011512,0.8518518518518519,14011.487525302648,0.14814814814814814,2075.775929674466
1902600011527,0.9051851851851852,28377.87533507334,0.0948148148148148,2690.642994732879
1902600011531,0.6721153846153847,46351.46173405818,0.32788461538461533,15197.931203186383
1902600011546,0.6146118721461187,35834.14049214777,0.3853881278538813,13810.052317521791
1902600011565,0.4538545059717698,40408.06402295934,0.5461454940282302,22068.682088543486
190260001157A,0.5532994923857868,48731.33041094255,0.4467005076142132,21768.31003128398
1902600011584,0.43530499075785584,49312.68473902771,0.5646950092421441,27846.626964460193
1902600011599,0.4168900804289544,30741.084560815125,0.5831099195710456,17925.43134578362
1902600011601,0.43002257336343114,43530.39733591727,0.5699774266365689,24811.34385399348
1902600011616,0.5193929173693086,37016.260615491505,0.4806070826306914,17790.277024308733
1902600011620,0.5927272727272728,48820.00844455507,0.40727272727272723,19883.057984691517
1902600011635,0.6919900908340215,68905.52190048936,0.3080099091659785,21223.583541604068
190260001164A,0.5317164179104478,17157.55173605384,0.46828358208955223,8034.599786846107
1902600011654,0.4509232264334305,49821.48273949884,0.5490767735665695,27355.818996906553
1902600011688,0.713026444662096,37874.58680611401,0.28697355533790403,10869.00483270461
190260001171A,0.6,49271.30993564334,0.4,19708.523974257336
1902600011743,0.48674959437533805,62983.65210058062,0.513250405624662,32326.384988345595
1902600011758,1.0,18430.86836784313,0.0,0.0
1902600011762,0.5286195286195287,19927.017979366323,0.47138047138047134,9393.207128320824
1902600011777,0.7219251336898396,31231.76666231994,0.27807486631016043,8684.769339254743
1902600011781,0.7352941176470589,2034.93638372811,0.2647058823529411,538.6596309868526
1902600011809,0.4784688995215311,31759.12434243381,0.5215311004784688,16563.371068542034
1902600011813,0.6075342465753425,44874.39231996235,0.3924657534246575,17611.66219132769
1902600011828,0.5655172413793104,19605.387970473177,0.43448275862068964,8518.20304924007
1902600011832,0.5988700564971752,41863.36940840593,0.4011299435028248,16792.651005631757
1902600011847,0.6717210007581501,35592.617242547545,0.3282789992418499,11684.308768781719
1902600011851,0.7458803122289679,33893.736604672515,0.2541196877710321,8613.06576337298
1902600011866,0.9112050739957717,25618.078404475684,0.08879492600422834,2274.7553762959383
1902600011870,0.8844483058210252,33237.31507618406,0.11555169417897482,3840.6280670134493
1902600011885,0.7711442786069652,31850.49929374107,0.22885572139303478,7289.168992597458
190260001189A,0.6201022146507666,34854.09133758238,0.37989778534923335,13240.992109507444
1902600011902,0.6601307189542484,24012.284050736256,0.33986928104575165,8161.037716590101
1902600011921,0.5956204379562043,27123.94759791097,0.40437956204379566,10968.370050542102
1902600011936,0.5419354838709678,23083.841107710552,0.4580645161290322,10573.888507402897
1902600011940,0.6291891891891892,33770.01814116054,0.3708108108108108,12522.287808019528
1902600011955,0.7763012181616833,31111.335858849357,0.2236987818383167,6959.567932987342
190260001196A,0.4388753056234719,30507.46884572098,0.5611246943765281,17118.494132256637
1902600011974,0.514866979655712,39481.94618232266,0.48513302034428796,19153.99580050082
1902600011989,0.6925566343042071,31265.587609809456,0.3074433656957929,9612.3974852165
1902600011993,0.841541755888651,33885.26697472602,0.158458244111349,5369.399906059369
1902600012008,1.0,13085.92562390607,0.0,0.0
1902600012012,1.0,23435.45860219642,0.0,0.0
1902600012027,0.7811320754716982,67843.23866809858,0.21886792452830184,14848.708840564968
1902600012031,0.7655343827671914,53303.923033932195,0.23446561723280857,12497.937215081034
1902600012046,0.6896035901271503,61224.52252354473,0.31039640987284967,19003.871987487706
1902600012050,0.5495145631067961,46241.174513994614,0.45048543689320386,20830.97570339175
190260001207A,1.0,17409.75710475835,0.0,0.0
1902600012084,1.0,16251.0153105545,0.0,0.0
1902600012099,0.4090909090909091,41912.318399855954,0.5909090909090908,24766.369963551242
1902600012101,0.42467532467532465,30182.607106595973,0.5753246753246753,17364.79863405457
1902600012116,0.7115384615384616,29056.06576227031,0.28846153846153844,8381.557431424128
1902600012120,1.0,18343.942589424645,0.0,0.0
1902600012135,1.0,12619.959607794817,0.0,0.0
190260001214A,0.46673706441393875,33278.655588530826,0.5332629355860612,17746.27357149743
1902600012154,0.5607594936708861,84434.4182478553,0.43924050632911393,37087.016622792136
1902600012169,1.0,12718.980438033293,0.0,0.0
1902600012173,1.0,828.455614870825,0.0,0.0
1902600012188,1.0,3523.0056210946454,0.0,0.0
1902600012192,0.6083445491251682,25757.383978552854,0.3916554508748318,10088.019835476287
1902600012205,0.38838475499092556,65680.56583776121,0.6116152450090744,40171.23536719696
1902600012224,0.62478184991274,35064.82524737077,0.37521815008726,13156.958862451509
1902600012239,0.5335276967930029,55334.66825902677,0.46647230320699706,25812.09014998333
1902600012243,0.5972222222222222,2441.8465695201394,0.4027777777777778,983.5215349456117
1902600012258,0.5970149253731343,8040.50567533222,0.4029850746268657,3240.203779611492
1902600012262,0.749003984063745,47313.23565420585,0.250996015936255,11875.433650258838
1902600012277,0.5164113785557987,30784.26186813049,0.48358862144420134,14886.918758986518
1902600012296,0.7188755020080321,42917.678781072216,0.2811244979919679,12065.21090230946
1902600012309,0.7289048473967684,20461.551543868904,0.2710951526032316,5547.027438284029
1902600012313,0.49377593360995853,24608.324841560785,0.5062240663900415,12457.326268341974
1902600012328,0.6829931972789116,26302.99976802583,0.3170068027210884,8338.229858435398
1902600012332,0.46870451237263466,56141.26768296979,0.5312954876273653,29827.602189641882
1902600012347,0.8275577557755776,79820.73181805108,0.17244224422442245,13764.466130340492
1902600012366,1.0,2776.370256880108,0.0,0.0
1902600012385,0.2222222222222222,870.0852827996023,0.7777777777777778,676.732997733024
190260001239A,0.6308345120226309,63552.95341314844,0.36916548797736914,23461.557059167953
1902600012402,0.4947683109118087,125619.95381982253,0.5052316890881914,63467.18145156954
1902600012417,0.9169435215946844,16950.36262816824,0.0830564784053156,1407.837427588724
1902600012421,0.8930722891566265,19987.91036709024,0.10692771084337349,2137.2615000954925
1902600012436,0.9341040462427745,27958.53999905342,0.06589595375722546,1842.3546588971624
1902600012440,0.9206349206349206,36167.63997005272,0.07936507936507942,2870.4476166708523
1902600012455,0.8031203566121843,52910.31732284712,0.19687964338781572,10416.964406058309
190260001246A,0.6770747740345111,41450.79393412955,0.3229252259654889,13385.506997627701
1902600012474,0.901077375122429,31250.090859333577,0.09892262487757097,3091.341015467865
1902600012489,0.7948717948717948,35672.52489092241,0.20512820512820518,7317.441003266137
1902600012493,0.7578313253012048,35810.583621824495,0.24216867469879522,8672.20157588762
1902600012506,0.5902912621359223,29949.304147747396,0.4097087378640777,12270.491602280972
1902600012510,0.9086395233366436,143453.34280722745,0.09136047666335645,13105.965777820176
1902600012525,0.9356125356125357,48203.01369571388,0.06438746438746434,3103.6698277012338
190260001253A,0.683377308707124,17607.06428481177,0.316622691292876,5574.79607962378
1902600012544,0.7265100671140939,45786.600747114746,0.27348993288590606,12522.174365402188
1902600012559,0.8224066390041493,37352.57407665538,0.17759336099585066,6633.569172119712
1902600012563,0.8915343915343915,21181.468650872295,0.10846560846560849,2297.4608854120747
1902600012578,0.6548797736916548,21067.55450569043,0.34512022630834516,7270.839178767278
1902600012582,0.5678391959798995,22774.85252594226,0.4321608040201005,9842.398579050423
1902600012597,0.632368703108253,32007.624541687932,0.367631296891747,11767.004520684844
190260001260A,0.8214285714285714,7627.585472010037,0.1785714285714286,1362.068834287507
1902600012614,0.7116644823066841,28323.790166143135,0.2883355176933159,8166.75470059173
1902600012629,0.7851851851851852,15085.529473064475,0.2148148148148148,3240.595220139776
1902600012633,0.6850393700787402,87735.25360091236,0.31496062992125984,27633.15074044484
1902600012648,0.4869109947643979,18727.739902673526,0.5130890052356021,9608.99743697385
1902600012652,0.955470737913486,25944.92740629599,0.04452926208651398,1155.3084722905335
1902600012667,0.7979274611398963,6107.884810478271,0.20207253886010368,1234.2357907184073
1902600012671,0.9820224719101124,12634.756979898022,0.017977528089887618,227.14169851502032
1902600012686,0.35714285714285715,346.4125382870715,0.6428571428571428,222.6937746131174
1902600012690,0.14285714285714285,625.4143676144412,0.8571428571428572,536.0694579552353
1902600012703,0.9470899470899471,4818.73729121959,0.05291005291005291,254.95964503807352
1902600012718,0.8629130966952264,22683.09105082966,0.13708690330477358,3109.5547095384604
1902600012722,0.826879271070615,39320.44513575984,0.17312072892938501,6807.184123730634
1902600012737,1.0,1162.5467075162805,0.0,0.0
1902600012741,0.798804780876494,16099.821835805677,0.20119521912350602,3239.20718210433
1902600012756,1.0,19589.476364711227,0.0,0.0
1902600012760,0.8931937172774869,28977.462926633252,0.10680628272251314,3094.975097923134
1902600012775,1.0,10509.572727430355,0.0,0.0
190260001278A,0.8706365503080082,37693.77013689616,0.12936344969199176,4876.196136805867
1902600012794,1.0,5939.315659639888,0.0,0.0
1902600012807,1.0,389.7729414196982,0.0,0.0
1902600012811,0.0,197.8963003733217,1.0,197.8963003733217
190260001285A,1.0,14044.617667178896,0.0,0.0
1902600012864,1.0,8882.007336907565,0.0,0.0
1902600012879,1.0,16339.029604353493,0.0,0.0
1902600012883,0.9654775604142692,85163.17034496614,0.03452243958573076,2940.040403163391
1902600012898,1.0,158.01605733231008,0.0,0.0
1902600012900,0.0,215366.45737601235,1.0,215366.45737601235
1902600012915,0.8354661791590493,14086.7552824675,0.1645338208409507,2317.7476698758237
1902600572830,0.5894039735099338,6059.961097520676,0.4105960264900662,2488.19594732637
1902600572845,0.5684556407447974,29547.364721666097,0.4315443592552026,12750.998576491174
1902601340139,1.0,21595.5278354157,0.0,0.0
1903100010016,0.46987951807228917,6146.316682867022,0.5301204819277108,3258.288362001794
1903100010020,0.2846153846153846,3258.3851207650882,0.7153846153846154,2330.998586393486
190310001004A,0.7459954233409611,11970.092571630423,0.25400457665903886,3040.4582962264913
1903100010054,0.4233576642335766,11874.267042511357,0.5766423357664234,6847.20508290801
1903100010069,0.4399596367305752,33737.96423920532,0.5600403632694249,18894.621748495414
1903100010073,0.6685314685314685,29813.888579746475,0.3314685314685315,9882.365864894986
1903100010124,0.5658362989323843,20052.92123538549,0.4341637010676157,8706.250500772348
1903100010139,0.5662650602409639,30982.812110797367,0.4337349397590361,13438.32814444223
1903100010143,0.6153846153846154,25224.242043879603,0.3846153846153846,9701.631555338308
1903100010158,0.5172932330827068,21318.891834199505,0.4827067669172932,10290.773351545926
1903100010162,0.5367647058823529,18120.518330835886,0.4632352941176471,8394.063638548978
1903100010177,0.46190476190476193,25562.91689730271,0.5380952380952381,13755.283854262887
1903100010181,0.5679012345679012,39894.06312650269,0.4320987654320988,17238.175425032026
1903100010196,0.5159574468085106,8398.051518800257,0.48404255319148937,4065.0142989937417
1903100010232,0.6842105263157895,3282.85624143509,0.3157894736842105,1036.6914446637124
1903100010247,0.8055555555555556,1098.305462615897,0.19444444444444442,213.55939550864665
1903100010251,0.4827586206896552,3043.7925059294735,0.5172413793103448,1574.3754341014514
1903100010270,0.63003663003663,97650.96395274217,0.36996336996337,36127.27970412806
1903100010285,0.36828774062816616,68759.78212722456,0.6317122593718338,43436.39732150407
190310001029A,0.5940902021772939,25504.70388448872,0.4059097978227061,10352.609197280803
1903100010302,0.7228915662650602,21303.4566576647,0.27710843373493976,5903.36750754564
1903100010317,0.5456431535269709,44944.271611363976,0.4543568464730291,20420.737516366622
1903100010336,0.0,688.2628357865798,1.0,688.2628357865798
1903100010340,0.4577114427860697,29098.118243874702,0.5422885572139303,15779.576560111156
190310001036A,0.6222961730449251,17686.905825071914,0.3777038269550749,6680.412017123668
1903100010374,0.4570446735395189,8629.425917668024,0.5429553264604812,4685.39276629398
1903100010389,0.4405594405594406,8255.727304736365,0.5594405594405594,4618.588701950413
1903100010529,0.0,572.4126064416573,1.0,572.4126064416573
1903100010548,0.37579617834394907,4188.902102657246,0.6242038216560509,2614.7287010217206
1903100010571,0.45253576072821844,25408.349797354724,0.5474642392717816,13910.162892960128
1903100010586,0.6360294117647058,11105.148434692015,0.36397058823529416,4041.9474082151087
1903100010590,0.49835526315789475,22851.459624446354,0.5016447368421053,11463.314449763386
1903100010603,0.6018018018018018,18707.837813821472,0.39819819819819824,7449.42730964783
1903100010618,0.5599455040871935,24725.032400266955,0.44005449591280654,10880.361669327283
1903100010622,0.48927613941018766,23231.387403031815,0.5107238605898123,11864.823861333944
1903100010637,0.6888888888888889,12049.504744748452,0.3111111111111111,3748.7348094772965
1903100010660,0.6364678899082569,28959.203727776556,0.36353211009174313,10527.600437735286
190310001068A,0.547316384180791,48212.14259268078,0.452683615819209,21824.847035246028
1903100010694,0.40924092409240925,17047.787708357937,0.5907590759075907,10071.135312858318
1903100010707,0.4475095785440613,43501.23098813731,0.5524904214559387,24034.013442488125
1903100010711,0.3489208633093525,35172.65224064813,0.6510791366906474,22900.18005596155
1903100010726,0.39324227174694465,48084.296027260854,0.6067577282530554,29175.518222148214
1903100010730,0.46305732484076434,46835.57120654428,0.5369426751592357,25148.016896252757
1903100010745,0.45714285714285713,5838.1005547998,0.5428571428571429,3169.2545868913203
190310001075A,0.5583203732503889,20770.983431185894,0.44167962674961114,9174.120209108543
1903100010764,0.40398550724637683,36993.15298981355,0.5960144927536232,22048.4553145809
1903100010779,0.5006435006435006,24337.724793256602,0.4993564993564994,12153.2010550625
1903100010783,0.4411214953271028,29097.443039615104,0.5588785046728972,16261.935455784891
1903100010798,0.5271317829457365,3738.791504474234,0.4728682170542635,1767.9556726583585
1903100010800,0.6576151121605667,29457.095312476256,0.3423848878394333,10085.66427463768
1903100010872,0.8329081632653061,22340.07486601143,0.16709183673469385,3732.8441421524194
1903100010919,0.4301856335754641,44341.36559126258,0.5698143664245359,25266.347140784004
1903100010923,0.5465909090909091,30558.34406243355,0.4534090909090909,13855.431001035211
1903100010938,0.6041923551171393,29057.162948732024,0.3958076448828607,11501.047233715142
1903100010942,0.5850622406639004,7848.732480848015,0.41493775933609955,3256.735469231541
1903100010957,0.6591928251121076,11334.375342558931,0.34080717488789236,3862.8364396164966
1903100010980,0.7218543046357616,17879.12139530956,0.2781456953642384,4973.00065300001
1903100010995,0.33297529538131043,56774.678421474644,0.6670247046186896,37870.11310390521
190310001100A,0.40180360721442887,31945.266875356865,0.5981963927855711,19109.54341141087
1903100011014,0.3587662337662338,33124.69360752257,0.6412337662337662,21240.672037291253
1903100011029,0.6228070175438597,3359.2144144914205,0.3771929824561403,1267.072103711676
1903100011033,0.3997113997113997,29125.078160375488,0.6002886002886003,17483.452402187882
1903100011048,0.5169491525423728,32284.85352562651,0.48305084745762716,15595.225855599248
1903100011052,0.633428981348637,41138.31315437402,0.366571018651363,15080.11335859765
1903100011067,0.6217183770883055,23607.88061730711,0.37828162291169454,8930.42739342047
1903100011071,0.4542124542124542,9671.982751623747,0.5457875457875458,5278.847728908199
1903100011141,0.39454545454545453,15682.886737716472,0.6054545454545455,9495.275061199245
1903100011156,0.5486381322957199,9954.614258514048,0.4513618677042801,4493.133283998558
1903100011160,0.4072463768115942,44667.76520919541,0.5927536231884059,26476.979667479598
1903100011175,0.34512635379061374,38394.17524231084,0.6548736462093863,25143.333534134246
190310001118A,0.425089605734767,38946.066030782924,0.5749103942652329,22390.498176837205
1903100011194,0.6214459788789602,34668.57072925305,0.37855402112103975,13123.92685607792
1903100011207,0.3485273492286115,41627.20370034594,0.6514726507713885,27118.98473886492
1903100011230,0.4402332361516035,9950.2520010385,0.5597667638483965,5569.820362097353
1903100011245,0.4072494669509595,45397.82138589237,0.5927505330490406,26909.582825752837
190310001125A,0.3669064748201439,3408.923625103339,0.6330935251798562,2158.167474885567
1903100011264,1.0,1285.2913086320307,0.0,0.0
1903100011279,0.5872093023255814,15824.423609417276,0.41279069767441856,6532.174862026898
1903100011315,0.8060263653483992,14598.670716531931,0.19397363465160078,2831.757219967588
190310001132A,0.6401869158878505,5968.078317635513,0.3598130841121495,2147.3926656912827
1903100011334,0.4358974358974359,2187.797020907035,0.5641025641025641,1234.1419092296094
1903100011349,0.0,7.571595323302378,1.0,7.571595323302378
1903100011353,1.0,60.24361443407239,0.0,0.0
1903100011368,0.7952522255192879,12389.15207610504,0.20474777448071213,2536.651315285601
1903100011372,0.5918367346938775,14594.372269393987,0.40816326530612246,5956.886640568974
1903100011404,0.3310344827586207,12793.652402629803,0.6689655172413793,8558.512296931662
1903100011423,0.26666666666666666,4178.0573591485945,0.7333333333333334,3063.908730042303
1903100011457,0.4421768707482993,25505.059324368664,0.5578231292517006,14227.312004069594
1903100011476,0.33532934131736525,8198.390310967461,0.6646706586826348,5449.229488128073
1903100011480,0.5445544554455446,6401.766511930369,0.4554455445544554,2915.6560351366034
1903100011546,0.35920177383592017,12919.185764314245,0.6407982261640799,8278.591321256801
1903100011550,0.415929203539823,24215.45206673412,0.584070796460177,14143.538375260638
1903100011565,0.8746081504702194,9770.19861885262,0.12539184952978055,1225.1032750912375
190310001157A,0.25164113785557984,13733.63526924876,0.7483588621444202,10277.68766320148
1903100011584,0.4429530201342282,38724.9181904714,0.5570469798657718,21571.598723551182
1903100011620,0.40994475138121544,28575.763754918644,0.5900552486187846,16861.279386880175
1903100011654,0.5897832817337462,22414.800761584873,0.41021671826625383,9194.926009009274
1903100011669,0.32142857142857145,10295.53567502887,0.6785714285714286,6986.256350912448
1903100011673,0.375,2747.9744827504587,0.625,1717.4840517190366
1903100011688,0.2967914438502674,9563.771135051933,0.7032085561497325,6725.325691226359
1903100011692,0.5208333333333334,21811.533124943016,0.47916666666666663,10451.359622368527
1903100011705,1.0,12666.665304645929,0.0,0.0
1903100011724,0.29292929292929293,2500.7827580138824,0.7070707070707071,1768.2302329391086
1903100011739,0.7005988023952096,13514.849316784426,0.29940119760479045,4046.3620708935414
1903100011743,0.3162393162393162,16307.905889984215,0.6837606837606838,11150.704882040489
1903100011758,0.2823529411764706,7483.189000808686,0.7176470588235294,5370.288577050939
1903100011777,0.32665245202558635,74961.7130270462,0.6733475479744137,50475.285658723216
1903100011781,0.33185185185185184,21022.981431638313,0.6681481481481482,14046.466112102044
1903100011809,0.6570048309178744,5518.278059138998,0.3429951690821256,1892.7427159365645
1903100011813,0.33004926108374383,11385.969081995625,0.6699507389162562,7628.038399760617
1903100011832,0.35456831517183574,34539.02686773311,0.6454316848281643,22292.582303566214
1903100011847,0.4520166898470097,20849.3993495236,0.5479833101529903,11425.122870253545
1903100011851,0.43796526054590573,23537.318064934614,0.5620347394540943,13228.790426073674
1903100011866,0.4274193548387097,76929.09985823615,0.5725806451612903,44048.11362850618
1903100011870,0.4244052187260169,36067.83118308128,0.5755947812739831,20760.455400852617
1903100011885,0.3705357142857143,20835.404544331166,0.6294642857142857,13115.1430390656
190310001189A,0.32413793103448274,7613.580431111127,0.6758620689655173,5145.730222406141
1903100011902,0.2649140546006067,29169.942270060325,0.7350859453993933,21442.414590833017
1903100011917,0.4292682926829268,6392.8780864338105,0.5707317073170732,3648.6182249402727
1903100011921,0.6157354618015963,27266.639269290336,0.38426453819840367,10477.60254703631
1903100011936,0.27455919395465994,12086.845726117996,0.7254408060453401,8768.291106100713
1903100011940,0.48872180451127817,24930.550524240396,0.5112781954887218,12746.446884574036
1903100011955,0.33210332103321033,7761.118391236896,0.6678966789667897,5183.625198575197
190310001196A,0.2776280323450135,10277.1573094744,0.7223719676549865,7423.930347544849
1903100011974,0.5215686274509804,21591.651747285807,0.4784313725490196,10330.123581054386
1903100011989,0.4785714285714286,16408.76220859001,0.5214285714285714,8555.997437336218
1903100011993,0.3248730964467005,34351.27011218107,0.6751269035532995,23191.46662395981
1903100012008,0.2838095238095238,14137.169810548743,0.7161904761904763,10124.906378602529
1903100012012,0.29846153846153844,10713.112161467858,0.7015384615384616,7515.660224045144
1903100012027,0.2784552845528455,12802.921748720657,0.7215447154471545,9237.880530072833
1903100012031,0.14814814814814814,729.1312359762306,0.8518518518518519,621.1117936093816
1903100012046,0.4752475247524752,12211.349037572516,0.5247524752475248,6407.935633577657
1903100012050,0.4935064935064935,11203.705229944831,0.5064935064935066,5674.603947634396
1903100012065,0.17157712305025996,15470.044616806017,0.82842287694974,12815.73886799528
190310001207A,0.7205298013245033,21269.30903598326,0.2794701986754967,5944.13802197678
1903100012084,0.2019115890083632,25696.599194758783,0.7980884109916369,20508.15801923401
1903100012116,0.0,0.0,1.0,0.0
1903100012120,0.53125,2687.025432065139,0.46875,1259.543171280534
1903100012135,0.5714285714285714,168.55046115446407,0.4285714285714286,72.23591192334175
190310001214A,0.0,0.0,1.0,0.0
1903100450088,0.6060606060606061,917.17023729794,0.3939393939393939,361.3094874204006
1903100450092,0.62120232708468,54693.43878147985,0.37879767291531996,20717.74733416108
1903100450105,0.710691823899371,4853.340809334666,0.289308176100629,1404.1111775433628
1903100450266,0.58157602663707,29637.705444915566,0.41842397336293,12401.126473621716
1903100450321,0.5492227979274611,6319.579139844238,0.4507772020725389,2848.7222029349678
1903100450393,0.5812395309882747,41701.4085620867,0.41876046901172526,17462.901407909
1903100450533,0.28125,857.0489966738153,0.71875,616.0039663593047
1903100450641,0.5129411764705882,14264.013350618168,0.48705882352941177,6947.413561359908
1903100450656,0.5045662100456622,56770.762160611885,0.49543378995433784,28126.15385582826
1903100450675,0.5284237726098191,24972.855752774576,0.4715762273901809,11776.60510305261
1903100450815,0.8582995951417004,40690.46933267152,0.1417004048582996,5765.855978313778
1903100450834,0.5281837160751566,42693.199802552495,0.4718162839248434,20143.346879701177
1903100450887,0.6927083333333334,7198.72010504016,0.30729166666666663,2212.106698944632
1903100450891,0.3444976076555024,30032.12336470822,0.6555023923444976,19686.12871275132
1903100450904,0.4188034188034188,18622.990825546796,0.5811965811965811,10823.618599463094
1903100451086,0.9969418960244648,34382.54704672176,0.003058103975535187,105.14540381260541
1903100451090,0.8258928571428571,24203.38489172723,0.1741071428571429,4213.982190970367
1903100451103,0.35365853658536583,15755.065392768738,0.6463414634146342,10183.152022155404
1903100451118,0.4349315068493151,8906.255131626043,0.5650684931506849,5032.644166843483
1903100451122,0.4977578475336323,40416.699484422395,0.5022421524663677,20298.970144642637
1903100451211,0.9651162790697675,2431.1899106699702,0.03488372093023251,84.80895037220814
1903100451226,0.41768707482993195,25004.803832528964,0.582312925170068,14560.62046302367
1903100451283,0.6204033214709371,24923.11058817804,0.37959667852906287,9460.729997884902
1903100451387,0.3700980392156863,11829.166618723888,0.6299019607843137,7451.215247578527
1903100451391,0.6347826086956522,5733.807533809033,0.3652173913043478,2094.0862297389513
1903100451438,0.8873239436619719,3745.8552712196292,0.11267605633802813,422.0681995740426
1903100451442,0.3358208955223881,4155.699934029805,0.664179104477612,2760.129060661587
1903100451461,0.4067796610169492,1657.7859421855344,0.5932203389830508,983.432338584639
1903100451635,0.6703517587939698,28859.609358111647,0.3296482412060302,9513.519466794594
190310045164A,0.4375,8455.85300222238,0.5625,4756.417313750089
1903100451828,0.5409356725146199,9821.901764408332,0.45906432748538006,4508.884728105579
1903100452099,0.26941747572815533,11547.192576664747,0.7305825242718447,8436.177100912837
1903100452101,0.7202072538860104,9526.233139918708,0.27979274611398963,2665.370930339949
1903102240961,0.4852459016393443,20466.659942857677,0.5147540983606558,10535.297085339855
1903102240976,0.4466750313676286,27625.351712768683,0.5533249686323714,15285.796869925958
1903102241495,0.21818181818181817,2574.7770239301803,0.7818181818181819,2013.0074914363229
1903103111508,0.6815533980582524,29491.50454881209,0.31844660194174756,9391.4694097188
1903103111512,0.4794069192751236,19467.43684350095,0.5205930807248764,10134.612920175123
1903103111527,0.48123620309050774,16298.816887266012,0.5187637969094923,8455.236133570668
190310311171A,0.6694677871148459,9436.399057427816,0.3305322128851541,3119.0338621189985
1903103130355,0.41014799154334036,31808.470687305296,0.5898520084566596,18762.290320841814
1903103130406,0.4473684210526316,18410.926880330386,0.5526315789473684,10174.459591761528
1903103130410,0.43478260869565216,26604.860535147265,0.5652173913043479,15037.529867691934
1903103130425,0.45315161839863716,19537.29122763772,0.5468483816013628,10683.936088708191
190310313043A,0.4490161001788909,16423.266742871296,0.5509838998211092,9048.955557789552
1903103130444,0.6119402985074627,1919.782186401509,0.3880597014925373,744.9901021856602
1903103130459,0.26666666666666666,825.9155217258306,0.7333333333333334,605.6713825989425
1903103130463,0.40222575516693165,42050.24917419717,0.5977742448330683,25136.555945148066
1903103130478,0.46153846153846156,3237.579631642658,0.5384615384615384,1743.3121093460466
1903103130482,0.6923076923076923,1309.9149163216816,0.3076923076923077,403.0507434835944
1903103130497,0.7727272727272727,1070.614649609762,0.2272727272727273,243.32151127494592
1903103131137,0.33981281497480204,42399.57963789327,0.6601871850251979,27991.65912739246
1903103131298,0.3694915254237288,25426.832440944894,0.6305084745762712,16031.833335646612
1903103131300,0.3074380165289256,35396.15705782718,0.6925619834710743,24514.032739222457
1903103131419,0.4125,9038.132668294375,0.5875,5309.902942622945
1903103131599,0.43121149897330596,13428.429921100473,0.568788501026694,7637.936525964745
1903103131601,0.3637192342752963,28681.982030456315,0.6362807657247037,18249.793488840936
1903103131616,0.4737967914438503,27845.40901840682,0.5262032085561497,14652.343569044015
1903103131762,0.40669856459330145,22888.888451024413,0.5933014354066986,13580.01037285659
1903103131796,0.29411764705882354,26040.801381962872,0.7058823529411764,18381.74215197379
1903103481531,0.4791929382093317,24100.993188734235,0.5208070617906684,12551.96744886159
1903103572154,0.670547147846333,23824.30670121716,0.32945285215366704,7848.985793299716
1903103572169,0.55668358714044,15910.71205853189,0.44331641285956,7053.479795829703
1903103602173,0.35286624203821654,41343.02025745926,0.6471337579617835,26754.464064699754
1903900010014,1.0,1467.2919609428786,0.0,0.0
1903900010029,0.45499021526418787,36527.61446079371,0.5450097847358122,19907.90729418992
1903900010033,0.5362485615650172,31918.334241759592,0.4637514384349828,14802.173417064576
1903900010048,0.469721767594108,27066.912608633047,0.530278232405892,14352.994574790684
1903900010052,0.43821510297482835,37473.97995080175,0.5617848970251716,21052.31596778451
1903900010067,0.5903755868544601,25563.13758959153,0.4096244131455399,10471.28523329512
1903900010071,0.7002688172043011,22846.710486819644,0.2997311827956989,6847.871557205349
1903900010103,0.6706192358366272,21337.668147085093,0.3293807641633728,7028.217439751347
1903900010118,0.4051948051948052,41407.76291671316,0.5948051948051948,24629.552488122892
1903900010122,0.4416498993963783,32695.485014751626,0.5583501006036218,18255.527347270778
1903900010137,0.4762633996937213,63091.09928322149,0.5237366003062787,33043.11784818032
1903900010141,0.7566371681415929,38183.03231801132,0.24336283185840712,9292.330873852314
1903900010156,0.6918918918918919,42472.01581161283,0.30810810810810807,13085.972439253681
1903900010160,0.628428927680798,11069.897925016092,0.37157107231920194,4113.253842462338
1903900010175,0.5601851851851852,11543.880267382568,0.43981481481481477,5077.169562043258
190390001018A,0.4247619047619048,36142.77874165919,0.5752380952380952,20790.70319996395
1903900010194,0.45288326300984527,30773.449040020696,0.5471167369901547,16836.669024708932
1903900010207,0.4385432473444613,24823.520752686756,0.5614567526555387,13937.33335128088
1903900010226,0.3893004115226337,48004.44042981219,0.6106995884773663,29316.292015572548
1903900010245,0.4752941176470588,57880.53049428751,0.5247058823529411,30370.25482406144
190390001025A,0.603448275862069,54447.74771588562,0.39655172413793105,21591.34823216154
1903900010264,0.4719501335707925,37129.611813299176,0.5280498664292075,19606.286558580956
1903900010279,0.694620253164557,19131.15242650934,0.305379746835443,5842.266484677693
1903900010283,0.5728643216080402,24332.467351924228,0.42713567839195976,10393.264949314367
1903900010298,0.6039260969976905,38778.2479324374,0.3960739030023095,15359.05201019172
1903900010315,0.41189931350114417,39159.066381166194,0.5881006864988558,23029.473821418105
190390001032A,0.4002205071664829,36307.54274162128,0.5997794928335172,21776.519571600857
1903900010334,0.4425531914893617,32716.700648803228,0.5574468085106383,18237.82036167329
1903900010349,0.6496551724137931,36633.99393535256,0.3503448275862069,12834.530289075243
1903900010353,0.6484907497565725,31452.74213810855,0.3515092502434275,11055.929807066395
1903900010372,0.7929292929292929,27295.855132655495,0.20707070707070707,5652.172022418562
1903900010391,0.5458333333333333,35965.32294705325,0.4541666666666667,16334.250838453354
1903900010404,0.559620596205962,57830.42725614822,0.44037940379403795,25467.329076217036
1903900010423,0.45422116527942924,42572.41702433818,0.5457788347205708,23235.124154781483
1903900010438,0.38431876606683807,38940.071991412406,0.6156812339331619,23974.671573118947
1903900010442,0.427536231884058,25722.431791127994,0.572463768115942,14725.160228254432
1903900010457,0.7776699029126214,31421.337128225103,0.2223300970873786,6985.908934333541
1903900010461,0.8193236714975846,31697.761603821567,0.18067632850241544,5727.035188323316
1903900010480,0.6416309012875536,12194.64308131342,0.3583690987124464,4370.18325017026
1903900010495,0.7152466367713004,87240.58386708383,0.2847533632286996,24842.04966618755
1903900010508,0.9519807923169268,58916.49959345876,0.04801920768307322,2829.123629937995
1903900010512,0.6702269692923899,44113.04901393862,0.3297730307076101,14547.293867079889
1903900010527,0.6255411255411255,75525.78313260784,0.3744588744588745,28281.299744461383
1903900010531,0.5427286356821589,101762.37581093406,0.4572713643178411,46533.02042329069
1903900010546,0.6329923273657289,61165.313890780504,0.36700767263427114,22448.139497000007
1903900010550,0.5242537313432836,55109.370420011255,0.47574626865671643,26218.077345341175
1903900010565,0.41475826972010177,34857.697434941925,0.5852417302798982,20400.179160398584
190390001057A,0.4163346613545817,61816.4531320523,0.5836653386454183,36080.121051177935
1903900010584,0.48478015783540024,35330.98790265777,0.5152198421645997,18203.226010726718
1903900010599,1.0,59016.41156896825,0.0,0.0
1903900010601,0.6118935837245696,88321.0814726429,0.3881064162754304,34277.97841191775
1903900010620,1.0,54782.10048456611,0.0,0.0
1903900010635,0.7925257731958762,88958.43640622502,0.20747422680412375,18456.58281108535
190390001064A,0.6575829383886256,44464.68888034829,0.3424170616113744,15225.468111872815
1903900010654,0.9206762028608583,46871.0821061141,0.07932379713914173,3717.992208677451
1903900010669,0.4673202614379085,191830.55033930298,0.5326797385620915,102184.24740296205
1903900010673,0.3656093489148581,43803.95247189475,0.6343906510851419,27788.81792874792
1903900010688,0.5075268817204301,51867.678386136045,0.49247311827956985,25543.437312742266
1903900010692,1.0,129896.25779423972,0.0,0.0
1903900010705,1.0,29508.55349330837,0.0,0.0
190390001071A,1.0,43176.02681774368,0.0,0.0
1903900010739,0.8347676419965576,65501.178415304385,0.16523235800344238,10822.914161564926
1903900010743,0.629742033383915,53139.483688869186,0.370257966616085,19675.31717766932
1903900010758,0.819718309859155,34647.648035324404,0.18028169014084505,6246.336547213413
1903900010762,0.40425531914893614,52397.85006996913,0.5957446808510638,31215.740467215648
1903900010777,0.4025,52709.04532058032,0.5974999999999999,31493.65457904674
1903900010781,0.6404494382022472,16481.662396835094,0.3595505617977528,5925.990974142955
1903900010796,0.0,129227.44602093074,1.0,129227.44602093074
1903900010809,0.47368421052631576,92855.99504098474,0.5263157894736843,48871.5763373604
1903900010813,0.6102564102564103,102633.05934378173,0.3897435897435897,40000.57697501236
1903900010828,0.7764705882352941,61553.1558965806,0.22352941176470587,13758.940729823898
1903900010832,0.8165680473372781,57918.05245385971,0.18343195266272194,10624.02145603344
1903900010847,0.5192307692307693,33903.74918410885,0.4807692307692307,16299.879415436944
1903900010851,0.5555555555555556,121905.8664037664,0.4444444444444444,54180.38506834062
1903900010866,1.0,41378.25427690657,0.0,0.0
1903900010870,0.5379310344827586,107707.87246816435,0.4620689655172414,49768.46520942767
1903900010885,0.8504504504504504,91265.75572270928,0.14954954954954958,13648.752657630399
190390001089A,0.9287410926365796,75191.99832060296,0.07125890736342044,5358.099642798312
1903900010902,0.9139559286463799,79825.80048249359,0.08604407135362013,6868.536872575523
1903900010917,0.6506159014557671,45484.11809234093,0.3493840985442329,15891.42759777197
1903900010921,0.28115015974440893,41922.47394329701,0.7188498402555911,30135.963697258234
1903900010936,0.5886178861788618,30331.38466419896,0.4113821138211382,12477.789138280223
1903900010940,0.3866822429906542,60399.563284489035,0.6133177570093458,37044.124677986845
1903900010955,0.35365853658536583,116691.04022930238,0.6463414634146342,75422.25770918325
190390001096A,0.4788135593220339,104206.95016497083,0.521186440677966,54311.24945038733
1903900010974,0.7811320754716982,217610.50536972808,0.21886792452830184,47627.95966582727
1903900010989,0.8720748829953198,127852.5084933835,0.12792511700468023,16355.547108357958
1903900010993,0.3392226148409894,58297.94368455082,0.6607773851590106,38521.96278802475
1903900011008,0.4567669172932331,53352.31521772736,0.5432330827067668,28982.742665269183
1903900011012,0.46956521739130436,27903.896220279257,0.5304347826086957,14801.197125539433
1903900011027,0.5611510791366906,41014.554997236155,0.4388489208633094,17999.193200225942
1903900011031,0.5184049079754601,18261.850328705157,0.4815950920245399,8794.817489591134
1903900011046,0.42531120331950206,33022.31786222905,0.5746887966804979,18977.556115845324
1903900011050,0.40315315315315314,39469.81656496005,0.5968468468468469,23557.43556241985
1903900011065,0.463768115942029,20323.578163754755,0.536231884057971,10898.15060954965
190390001107A,0.4340659340659341,32261.9435076219,0.5659340659340659,18258.132864203602
1903900011084,0.42362525458248473,20742.11186265914,0.5763747454175152,11955.229444261784
1903900011099,0.4924406047516199,19019.860399366284,0.5075593952483801,9653.708842010965
1903900011101,0.4707846410684474,50443.80087808463,0.5292153589315526,26695.634187567324
1903900011116,0.0,103641.51110442738,1.0,103641.51110442738
1903900011120,0.7819025522041764,44311.91109953668,0.21809744779582363,9664.314717764379
1903900011135,1.0,20118.390850880736,0.0,0.0
190390001114A,1.0,56407.718269078396,0.0,0.0
1903900011154,1.0,58733.96816719668,0.0,0.0
1903900011169,1.0,98752.5679663962,0.0,0.0
1903900011173,0.9145038167938931,85671.13077479744,0.08549618320610686,7324.554692196421
1903900011188,0.5032119914346895,35693.68213768491,0.49678800856531047,17732.19326754368
1903900011192,0.5488095238095239,64570.34024364942,0.45119047619047614,29133.522562313246
1903900011205,0.3111111111111111,72428.61200395704,0.6888888888888889,49895.2660471704
1903900011224,0.3159922928709056,90255.53988607727,0.6840077071290944,61735.48489317424
1903900011239,0.417,115485.52399646987,0.583,67328.06048994193
1903900011243,0.319672131147541,154789.9830871367,0.680327868852459,105307.93931337989
1903900011258,0.5818181818181818,38914.913333621946,0.4181818181818182,16273.509212241906
1903900011262,0.5623800383877159,71681.42533299781,0.4376199616122841,31369.22260254031
1903900011277,0.5156794425087108,77918.19273914315,0.4843205574912892,37737.38254613554
1903900011281,0.5675675675675675,49343.96565475281,0.43243243243243246,21337.93109394716
1903900011309,0.5858407079646017,61707.07598450765,0.41415929203539825,25556.558903318215
1903900011313,0.6973207820419985,54917.50539913415,0.30267921795800146,16622.387586414246
1903900011328,0.5540540540540541,32285.489687571186,0.44594594594594594,14397.583239052015
1903900011332,0.5173652694610779,37445.78429922622,0.48263473053892214,18072.636015075648
1903900011347,0.557013118062563,47897.507571814436,0.44298688193743696,21217.967531812854
1903900011351,0.5729166666666666,56353.02479455636,0.42708333333333337,24067.437672675114
1903900011366,0.0,69799.50864739507,1.0,69799.50864739507
1903900011370,0.944,57905.72718673617,0.05600000000000005,3242.7207224572285
1903900011385,0.5838264299802761,37039.005199245716,0.4161735700197239,15414.655023749203
190390001139A,0.5945121951219512,84333.23626669346,0.4054878048780488,34196.09885204339
1903900011402,0.9065420560747663,31181.39598921151,0.09345794392523366,2914.149157870235
1903900011417,1.0,40939.30028562372,0.0,0.0
1903900011421,1.0,40075.54773382206,0.0,0.0
1903900011436,1.0,34130.884530784555,0.0,0.0
1903900011440,1.0,92323.86012932743,0.0,0.0
1903900011455,1.0,91728.2977665623,0.0,0.0
190390001146A,0.6216216216216216,144317.50845304664,0.3783783783783784,54606.6248200717
1903900011474,0.6651982378854625,138723.1970723938,0.3348017621145375,46444.770825999694
1903900011489,0.5985790408525755,81517.90474793634,0.4014209591474245,32722.995511604993
1903900011493,0.49732620320855614,134602.99085149483,0.5026737967914439,67661.39647080489
1903900011506,0.8222222222222222,132529.65080807655,0.1777777777777778,23560.826810324725
1903900011510,0.5555555555555556,53726.22789161983,0.4444444444444444,23878.323507386587
1903900011525,0.5959595959595959,72622.18497038797,0.4040404040404041,29342.296957732517
190390001153A,0.8852459016393442,161287.99059784238,0.11475409836065575,18508.457937457326
1903900011544,0.6875,123596.09207948134,0.3125,38623.77877483792
1903900011559,0.8232931726907631,166267.9788837386,0.17670682730923692,29380.68703166465
1903900011563,0.6555891238670695,126254.90172444323,0.34441087613293053,43483.561318992535
1903900011578,0.8590604026845637,95759.76556772755,0.14093959731543626,13496.342798136098
1903900011582,0.5575657894736842,107551.13065569264,0.4424342105263158,47584.29958286402
190390001160A,0.6750972762645915,55372.454466916235,0.3249027237354085,17990.66127621597
1903900011614,0.7452830188679245,56084.88521060225,0.2547169811320755,14285.772647983596
1903900011629,1.0,362195.3257154493,0.0,0.0
1903900011633,0.9509433962264151,111498.57573564623,0.049056603773584895,5469.741451182644
1903900011648,0.9181818181818182,68439.61260872002,0.08181818181818179,5599.604667986182
1903900011652,0.9076923076923077,143791.00158974796,0.09230769230769231,13273.01553136135
1903900011667,0.6531365313653137,113799.59766074718,0.3468634686346863,39472.9231738385
1903900011671,0.5910931174089069,204732.13474639802,0.4089068825910931,83716.37898536923
1903900011686,0.5625,433605.108875077,0.4375,189702.23513284617
1903900011690,0.8064516129032258,297215.94064391643,0.19354838709677424,57525.66593108061
1903900011703,0.6463576158940397,76351.26663306869,0.3536423841059603,27001.043961628267
1903900011722,1.0,190147.71571889604,0.0,0.0
1903900011737,1.0,130003.7866045079,0.0,0.0
1903900011741,1.0,414751.31940602534,0.0,0.0
1903900011756,0.6935483870967742,52574.87376544826,0.30645161290322576,16111.65486360511
1903900011760,0.5921985815602837,79950.05120672069,0.4078014184397163,32603.744286428646
1903900011775,0.6540948275862069,61258.32195104413,0.34590517241379315,21189.570416255567
190390001178A,0.8191653786707882,23310.58733783853,0.1808346213292118,4215.3612341995495
1903900011794,0.6571428571428571,40774.508429308655,0.34285714285714286,13979.831461477253
1903900011807,0.9058823529411765,81050.36250293383,0.09411764705882353,7628.2694120408305
1903900011811,0.8497854077253219,68007.7302237901,0.15021459227467815,10215.753467092936
1903900011826,1.0,319340.0140623429,0.0,0.0
1903900011830,1.0,29765.133038602173,0.0,0.0
1903900011845,1.0,281931.1189235793,0.0,0.0
190390001185A,0.5679542203147353,68207.12371816956,0.4320457796852647,29468.599946905877
1903900011879,0.4185639229422067,32347.283317030495,0.5814360770577933,18807.877515331216
1903900011883,0.417890520694259,31624.842885594924,0.582109479305741,18409.120825259528
1903900011898,0.49319213313161875,33651.63057111526,0.5068078668683813,17054.911106389733
1903900011900,0.4319371727748691,75484.02740862918,0.5680628272251309,42879.67002008516
1903900011915,0.5828877005347594,65230.26185065308,0.41711229946524064,27208.34451524567
190390001192A,1.0,31236.819012717184,0.0,0.0
1903900011934,0.8537360890302067,101964.95047138302,0.1462639109697933,14913.79243778575
1903900011953,0.3668582375478927,34986.89771431503,0.6331417624521073,22151.666081573025
1903900011968,0.4330357142857143,19860.660900839954,0.5669642857142857,11260.285421458366
1903900011972,0.42042042042042044,27305.09818701874,0.5795795795795795,15825.47732761146
1903900011987,0.5171428571428571,30746.3284405469,0.4828571428571429,14846.084304149788
1903900011991,0.6149732620320856,41923.90991970785,0.3850267379679144,16141.8262792458
1903900012006,1.0,61938.354559317115,0.0,0.0
1903900012010,1.0,125641.51323266432,0.0,0.0
1903900012025,1.0,107437.7103597617,0.0,0.0
1903900012044,0.7332089552238806,15513.55477497384,0.26679104477611937,4138.877486606826
1903900012063,1.0,26217.14177555097,0.0,0.0
1903900012078,0.8526645768025078,24097.996347221888,0.14733542319749215,3550.488490029557
1903900012082,1.0,49662.79828939751,0.0,0.0
1903900012097,0.9819277108433735,61314.5091135155,0.01807228915662651,1108.0935381960635
190390001210A,1.0,89493.48421353007,0.0,0.0
1903900012114,1.0,41943.71190835205,0.0,0.0
1903900012129,0.6502793296089385,52857.36569162945,0.34972067039106147,18485.313364782145
1903900012133,0.3635135135135135,33461.89807471541,0.6364864864864865,21298.04593674454
1903900012152,0.8626062322946175,33799.073657438275,0.13739376770538247,4643.782074747186
1903900012167,0.9237029501525941,33793.35885336867,0.07629704984740593,2578.3335849467458
1903900012186,0.8643067846607669,95449.08525214973,0.13569321533923306,12951.793279052768
1903900012190,1.0,36734.172575738354,0.0,0.0
1903900012203,1.0,47589.88785068544,0.0,0.0
1903900012218,1.0,34070.94137667628,0.0,0.0
1903900012222,0.5231259968102073,27425.653621155994,0.4768740031897927,13078.581232417293
1903900012241,1.0,63339.13101561728,0.0,0.0
1903900012256,0.7583056478405316,62819.72666243429,0.24169435215946844,15183.173138511942
1903900012260,0.9102870813397129,29754.761455827836,0.08971291866028708,2669.3864942429277
1903900012275,1.0,35805.82947489638,0.0,0.0
190390001228A,1.0,22631.920977002286,0.0,0.0
1903900012294,1.0,46377.48360290516,0.0,0.0
1903900012307,1.0,71973.75460286574,0.0,0.0
1903900012345,1.0,35273.36403062384,0.0,0.0
190390001235A,1.0,30683.536516554217,0.0,0.0
1903900012364,1.0,21497.09329519092,0.0,0.0
1903900012383,0.5428571428571428,38725.41186353905,0.4571428571428572,17703.045423332136
1903900012398,0.43945658594211456,68177.31817751596,0.5605434140578854,38216.34669253553
1903900012400,0.46261682242990654,43240.23909633329,0.5373831775700935,23236.57708447817
1903900012453,0.554320987654321,18777.685882055604,0.44567901234567897,8368.820498051942
1903900012468,1.0,181883.3595431042,0.0,0.0
1903900012472,0.8391038696537678,158084.89060328068,0.16089613034623218,25435.247164275304
1903900012519,0.3984848484848485,51696.01710225616,0.6015151515151516,31095.937559993483
1903900012523,0.674504041146216,48368.1568550015,0.325495958853784,15743.63959350894
1903900012561,0.5726290516206483,28423.11810849571,0.42737094837935174,12147.214941926139
1903900012576,0.5451219512195122,62955.35935926602,0.45487804878048776,28637.011025617343
1903900012580,0.0,552.7264586010725,1.0,552.7264586010725
1903900012608,0.6244131455399061,29932.997900088227,0.3755868544600939,11242.440525854732
1903900012612,0.5971685971685972,39366.78355147879,0.40283140283140284,15858.176643002394
1903900012627,0.8260869565217391,18153.937390730196,0.17391304347826086,3157.206502735686
190390001267A,0.857824427480916,32613.17586276523,0.14217557251908397,4636.796949954217
1903900012684,1.0,25424.050827752384,0.0,0.0
1903900012716,0.5454545454545454,95920.08342572946,0.4545454545454546,43600.037920786126
1903900012720,0.7857142857142857,122029.1234864157,0.2142857142857143,26149.097889946224
1903900012735,0.0,0.0,1.0,0.0
190390001274A,0.0,75.24574158681433,1.0,75.24574158681433
1903900012754,0.5378531073446328,95633.11044820218,0.46214689265536724,44196.54482860417
1903900012769,1.0,96401.14929356272,0.0,0.0
1903900012773,0.0,0.0,1.0,0.0
1903900012788,0.0,0.0,1.0,0.0
1903900012792,0.0,15.096169481983791,1.0,15.096169481983791
1903900012805,1.0,29911.898741670335,0.0,0.0
190390001281A,1.0,2462.7931221364333,0.0,0.0
1903900012824,0.0,0.0,1.0,0.0
1903900012839,1.0,5325.139112805982,0.0,0.0
1903900012843,1.0,47476.32581948939,0.0,0.0
1903900012858,0.0,13792.418040927587,1.0,13792.418040927587
1903900012862,0.0,7.571595323302342,1.0,7.571595323302342
1903900012877,0.0,13636.443177267533,1.0,13636.443177267533
1903900012881,0.0,582.8247552357975,1.0,582.8247552357975
1903900012896,1.0,15599.25873626394,0.0,0.0
1903900012909,1.0,16382.512143732203,0.0,0.0
1903900012928,1.0,23306.77468324023,0.0,0.0
1903900012932,1.0,89395.68533966168,0.0,0.0
1903900012947,1.0,39303.99889364423,0.0,0.0
1903900012951,0.5790297339593115,60356.6049451348,0.42097026604068855,25408.336041066133
1903900012966,1.0,21466.119217074905,0.0,0.0
1903900012970,0.7688813174332766,63384.43751753644,0.2311186825667234,14649.32769428582
1903900012985,1.0,124590.87703220884,0.0,0.0
190390001299A,0.4641025641025641,63164.284408300315,0.5358974358974359,33849.57805470453
1903900013004,1.0,40225.70975341789,0.0,0.0
1903900013019,1.0,17466.08855829596,0.0,0.0
1903900013023,1.0,49327.85418446078,0.0,0.0
1903900013038,1.0,10713.0607453717,0.0,0.0
1903900013042,1.0,29528.176404260852,0.0,0.0
1903900013057,0.0,15.143190646604715,1.0,15.143190646604715
1903900013061,1.0,7161.461742474064,0.0,0.0
1903900013076,0.927710843373494,37093.16500812955,0.07228915662650603,2681.43361504551
1903900013080,1.0,7251.031199841818,0.0,0.0
1903900013095,1.0,15295.808534996424,0.0,0.0
1903900013108,1.0,6976.126744842798,0.0,0.0
1903900013112,0.7,11966.357329890714,0.30000000000000004,3589.9071989672148
1903900013127,1.0,6656.726014280388,0.0,0.0
1903900013131,0.9011627906976745,7584.911696662811,0.09883720930232553,749.6715049027193
1903900013146,1.0,3094.104894049804,0.0,0.0
1903900013150,1.0,4688.351939255933,0.0,0.0
1903900013165,0.797752808988764,6435.27605069597,0.202247191011236,1301.5165046351403
190390001317A,1.0,5493.39042023587,0.0,0.0
1903900013184,1.0,14442.224690970228,0.0,0.0
1903900013199,1.0,17792.745793217837,0.0,0.0
1903900013201,1.0,2149.8648794645273,0.0,0.0
1903900013216,1.0,5289.350542560528,0.0,0.0
1903900013220,1.0,1286.7021811345253,0.0,0.0
1903900013305,0.3910950661853189,32246.624823201768,0.608904933814681,19635.128953718522
190390001331A,0.3921348314606742,39237.40051217402,0.6078651685393258,23851.04907537769
1903900013324,0.3721311475409836,23336.072194693217,0.6278688524590164,14651.992869782789
1903900013339,0.35430038510911427,43381.56945171576,0.6456996148908858,28011.462688335083
1903900013343,0.6829268292682927,41942.18224595778,0.31707317073170727,13298.740712132952
1903900013358,0.42276422764227645,26115.800950546585,0.5772357723577235,15074.974532429327
1903900013362,0.6272493573264781,31471.14612361944,0.37275064267352187,11730.889943251463
1903900013377,0.4711815561959654,23360.42545526673,0.5288184438040346,12353.42383585431
1903900013381,0.3896551724137931,30170.651238219092,0.6103448275862069,18414.50092815441
1903900013396,0.30777903043968435,32596.255866005606,0.6922209695603156,22563.811839602527
1903900013409,0.7944760357432982,42785.30305762281,0.20552396425670183,8793.405096327026
1903900013413,0.8648788035069623,62429.15574567889,0.13512119649303767,8435.502220406328
1903900013428,0.4406580493537015,29548.443951595655,0.5593419506462984,16527.68427844833
1903900013432,0.4002828854314003,54430.586792988186,0.5997171145685998,32642.95445576661
1903900013451,0.3796192609182531,41281.16008567787,0.6203807390817468,25610.036604104742
1903900013466,0.8869565217391304,22924.10276915184,0.11304347826086958,2591.420313034556
1903900013470,0.4725085910652921,34114.18639367284,0.5274914089347079,17994.94024545973
1903900013485,0.41839080459770117,37494.07335188467,0.5816091954022988,21806.897834544416
190390001349A,0.5807860262008734,20123.719585812498,0.4192139737991266,8436.144455187772
1903900013502,0.5722145804676754,23380.984296258335,0.42778541953232463,10002.044176253567
1903900013517,0.5879180151024811,32635.078677591464,0.4120819848975189,13448.327998748588
1903900013521,0.5731543624161074,22813.415820028094,0.4268456375838926,9737.807021166354
1903900013536,1.0,21221.704710599304,0.0,0.0
1903900013540,1.0,24247.48537849448,0.0,0.0
1903900013555,0.9419225634178905,55137.53009714195,0.05807743658210951,3202.246407510916
190390001356A,1.0,20508.18271954823,0.0,0.0
1903900013574,0.7837837837837838,9829.94976849857,0.21621621621621623,2125.3945445402314
1903900013589,0.7517123287671232,38009.3574223071,0.24828767123287676,9437.254839442689
1903900013593,0.38137472283813745,21174.36465399266,0.6186252771618626,13098.997202802555
1903900013606,0.3746177370030581,25720.919253792337,0.6253822629969419,16085.406689298266
1903900013610,0.4157119476268412,67139.75305379092,0.5842880523731588,39228.955548614336
190390001363A,0.37530864197530867,33050.89835420263,0.6246913580246913,20646.610576822877
1903900013659,0.6469002695417789,74137.38848761088,0.3530997304582211,26177.891891851825
1903900013663,0.634009009009009,44424.034479738795,0.36599099099099097,16258.796403057553
1903900013682,0.6081560283687943,51117.41629344679,0.39184397163120566,20030.051419949894
1903900013697,0.4236111111111111,18902.610721044635,0.5763888888888888,10895.254790602115
190390001370A,0.5073529411764706,31355.360732729154,0.49264705882352944,15447.126243329805
1903900013714,0.4367588932806324,51080.71705677275,0.5632411067193677,28770.759607075564
1903900013729,0.41122913505311076,26704.525010592246,0.5887708649468892,15722.846288482233
1903900013733,1.0,20735.302960458175,0.0,0.0
1903900013748,1.0,27242.67360155956,0.0,0.0
1903900013767,0.9444444444444444,33566.12207942365,0.05555555555555558,1864.7845599679815
1903900013771,0.42653721682847895,60772.01988338443,0.5734627831715211,34850.491661280656
1903900013803,0.4546965918536991,44251.178542852125,0.5453034081463008,24130.318473907722
1903900013818,0.4340659340659341,62648.40739607597,0.5659340659340659,35454.86792195508
1903900013822,1.0,87760.08356521817,0.0,0.0
1903900013837,1.0,82028.33892523401,0.0,0.0
1903900013860,0.4105263157894737,28223.093600715132,0.5894736842105264,16636.77096463208
1903900013894,0.2958579881656805,6538.638527754972,0.7041420118343196,4604.130087590779
1903900013907,0.2029520295202952,9503.273606328905,0.7970479704797048,7574.5649408377985
1903900013911,0.45038167938931295,12417.155604436319,0.549618320610687,6824.69621007187
1903900013930,0.28343949044585987,12439.775041475728,0.7165605095541401,8913.851542458722
1903900013945,1.0,1165.6035583443743,0.0,0.0
190390001395A,1.0,85576.58044079435,0.0,0.0
1903900013964,1.0,61523.882678022565,0.0,0.0
1903900013979,0.3344155844155844,45394.88467247764,0.6655844155844156,30214.127785252975
1903900013983,0.42073897497020263,30346.651396014633,0.5792610250297974,17578.632393877368
1903900013998,0.3261372397841172,46685.258522578144,0.6738627602158829,31459.45716941658
1903900014002,0.34465195246179964,44031.92487316216,0.6553480475382003,28856.23599497554
1903900014017,0.4078398665554629,45246.30389107449,0.5921601334445371,26793.057350010746
1903900014021,0.4535017221584386,30748.73816057202,0.5464982778415615,16804.132450553712
1903900014036,0.30526315789473685,40221.07376155147,0.6947368421052631,27943.061771183126
1903900014040,0.37142857142857144,25628.415081842566,0.6285714285714286,16109.289480015326
1903900014055,0.40852974186307517,35920.67689599446,0.5914702581369249,21246.01203612692
190390001406A,0.47473560517038776,33278.632008327455,0.5252643948296123,17480.080502611487
1903900014074,0.9844200807847663,56380.261529799,0.015579919215233717,878.3999199680178
1903900014093,0.41379310344827586,27830.489391275572,0.5862068965517242,16314.424815575338
1903900014106,0.6693944353518821,43910.515574799894,0.33060556464811786,14517.060795596692
1903900014110,0.5362694300518135,51025.066906293716,0.4637305699481865,23661.883358099934
1903900014125,0.4680483592400691,15877.075751024804,0.531951640759931,8445.836496227357
190390001413A,0.4520547945205479,16726.911225918037,0.547945205479452,9165.43080872221
1903900014144,1.0,177185.72103437694,0.0,0.0
1903900014159,0.9862068965517241,224691.62940445394,0.01379310344827589,3099.194888337302
1903900014163,0.31622746185852985,27673.426962490485,0.6837725381414701,18922.329393214713
1903900014178,0.4305555555555556,36555.37704252698,0.5694444444444444,20816.256371438976
1903900014182,0.5557404326123128,18407.128758048348,0.44425956738768724,8177.543058900015
1903900014197,0.2923076923076923,19103.80242274522,0.7076923076923076,13519.614022250462
190390001420A,0.37225042301184436,27092.300691174023,0.6277495769881556,17007.18029852041
1903900014214,0.3811188811188811,32569.459761728544,0.618881118881119,20156.623698692143
1903900014229,0.3937984496124031,47336.68539572712,0.6062015503875968,28695.572077099696
1903900014233,1.0,28403.004850369733,0.0,0.0
1903900014248,1.0,135235.6026439481,0.0,0.0
1903900014252,1.0,9978.33779182745,0.0,0.0
1903900014267,0.8,200.2759276489405,0.19999999999999996,40.05518552978809
1903900014271,1.0,11519.679731392576,0.0,0.0
1903900014286,0.5947712418300654,20720.08455640841,0.40522875816993464,8396.37413396942
1903900014290,0.7375,15817.011906513882,0.26249999999999996,4151.965625459893
1903900014303,0.6466165413533834,54411.02090134289,0.3533834586466166,19227.954754609895
1903900014318,0.6264367816091954,26674.276504254794,0.37356321839080464,9964.528579175643
1903900014322,0.5804597701149425,27721.96888086065,0.41954022988505746,11630.481197142686
1903900014341,0.19469026548672566,4399.157584385813,0.8053097345132744,3542.6844263637963
1903900014356,1.0,9583.544910997367,0.0,0.0
1903900014375,0.6973684210526315,19551.372591897623,0.3026315789473685,5916.862758074281
190390001438A,0.5742667928098392,35360.08647937591,0.42573320719016083,15053.96302338615
1903900014394,0.5724137931034483,8730.979456111454,0.4275862068965517,3733.2463881304147
1903900014407,0.5508550855085509,37150.04113310464,0.4491449144914491,16685.7520480821
1903900014411,0.7605633802816901,50162.496772959625,0.23943661971830987,12010.73866394808
1903900014426,0.5931558935361216,8948.947596657183,0.40684410646387836,3640.8265887540633
1903900014430,0.8367213114754098,52763.23480448741,0.16327868852459015,8615.111781191714
190390001445A,1.0,127790.29559324624,0.0,0.0
1903900014464,0.4440928270042194,43175.468957532416,0.5559071729957805,24001.552890948926
1903900014479,0.4248633879781421,32184.243834691348,0.575136612021858,18510.33695956975
1903900014483,0.6863084922010398,23614.263003132375,0.31369150779896016,7407.5937670137955
1903900014498,0.7596153846153846,50887.74958608773,0.24038461538461542,12232.632112040323
1903900014500,0.3924242424242424,30229.292807161903,0.6075757575757577,18366.585478290795
1903900014515,0.647984267453294,41281.0497497636,0.35201573254670604,14531.578967960051
190390001452A,0.3450087565674256,19713.32066716945,0.6549912434325744,12912.052415974385
1903900014534,0.4219269102990033,10829.714016755122,0.5780730897009967,6260.366242243825
1903900014549,0.5875912408759124,38670.88792323384,0.4124087591240876,15948.21290264753
1903900014553,0.4508670520231214,37320.37542896636,0.5491329479768786,20493.847778912164
1903900014568,1.0,3914.283477346079,0.0,0.0
1903900014572,0.5157232704402516,61520.934618943706,0.48427672955974843,29793.157016721165
1903900014587,0.5210918114143921,28260.410924019765,0.4789081885856079,13534.14220430723
1903900014591,0.8571428571428571,167.84502490321685,0.1428571428571429,23.97786070045956
1903900014604,0.9208261617900172,18279.70894656801,0.0791738382099828,1447.274718661151
1903900014619,1.0,22262.504378381393,0.0,0.0
1903900014623,0.6448412698412699,21088.759744333194,0.3551587301587301,7489.8571314199235
1903900014638,0.33293838862559244,34080.89839912976,0.6670616113744076,22734.05900321096
1903900014642,0.21767241379310345,16671.117001476443,0.7823275862068966,13042.274723137822
1903900014657,0.3142857142857143,20036.5667787424,0.6857142857142857,13739.36007685193
1903900014661,0.9757343550446999,66148.35688942962,0.024265644955300147,1605.1325426553815
1903900014676,0.9223433242506812,80838.7317463416,0.07765667574931878,6277.667179211812
1903900014680,0.8975356679636836,33249.85497771789,0.10246433203631644,3406.924180596255
1903900014695,0.4374240583232078,31680.47626736114,0.5625759416767921,17822.67376887996
1903900014708,0.43137254901960786,30760.81390833827,0.5686274509803921,17491.443202780585
1903900014712,0.39168110918544197,25427.866906566556,0.608318890814558,15468.251792382775
1903900014727,0.31484502446982054,20221.145022348006,0.6851549755301795,13854.618122979058
1903900014731,0.835985312117503,28800.535214914464,0.16401468788249696,4723.710794123058
1903900014746,0.6312292358803987,9537.491669676023,0.3687707641196013,3517.148090810759
1903900014750,0.5723327305605787,34789.31187241014,0.42766726943942135,14878.250014150086
1903900014765,1.0,8655.089712972327,0.0,0.0
190390001477A,1.0,4206.989412118786,0.0,0.0
1903900014784,0.9833641404805915,26673.749727968916,0.01663585951940849,443.74075333035137
1903900014799,0.9580335731414868,23046.800111539094,0.04196642685851315,967.1918512036781
1903900014801,0.9943899018232819,57435.21722225494,0.005610098176718092,322.21720741798003
1903900014816,0.6149425287356322,35971.64674894597,0.38505747126436785,13851.151334364253
1903900014820,0.717948717948718,26709.535328666032,0.28205128205128205,7533.458682444265
1903900014835,0.7960644007155635,71417.22077347279,0.2039355992844365,14564.51371766708
190390001484A,0.8891198891198892,64672.15729725819,0.11088011088011085,7170.855971975959
1903900014854,0.9906396255850234,30172.806490965988,0.009360374414976613,282.4287659060783
1903900014869,1.0,33790.65219555534,0.0,0.0
1903900014873,1.0,18325.780500767258,0.0,0.0
1903900014888,1.0,4985.782837542314,0.0,0.0
1903900014892,1.0,1766.0175550425315,0.0,0.0
1903900014905,1.0,17420.141634763375,0.0,0.0
190390001491A,1.0,8035.021344590355,0.0,0.0
1903900014924,1.0,30966.43217343996,0.0,0.0
1903900014939,1.0,31299.437859495334,0.0,0.0
1903900014943,0.44465832531280075,47199.92108215404,0.5553416746871993,26212.08321886707
1903900014958,0.5227467811158798,42250.124164506444,0.4772532188841202,20164.00775576445
1903900014962,0.4272970561998216,40884.30884519656,0.5727029438001784,23414.56403087974
1903900014977,0.4098360655737705,32691.834746993845,0.5901639344262295,19293.541817898007
1903900014981,0.36675700090334235,41779.55627138305,0.6332429990966577,26456.611514218177
1903900014996,0.5004262574595055,43347.269936924335,0.49957374254049447,21655.157871302352
1903900015000,0.41725768321513,28238.935674146447,0.58274231678487,16456.022798291015
1903900015015,0.4746317512274959,35717.26688482139,0.5253682487725041,18764.717954218766
190390001502A,0.4867924528301887,29062.837264643298,0.5132075471698113,14915.267426382976
1903900015034,0.4896449704142012,27915.309948580474,0.5103550295857988,14246.718834704532
1903900015049,0.6073446327683616,23591.56928248505,0.3926553672316384,9263.356300184807
1903900015053,0.4037122969837587,14076.803584740854,0.5962877030162412,8393.824875355915
1903900015068,0.6382460414129111,37417.73671927866,0.3617539585870889,13536.014379568529
1903900015072,1.0,7610.070395373677,0.0,0.0
1903900015087,1.0,61171.05090707155,0.0,0.0
1903900015091,1.0,11061.99872570559,0.0,0.0
1903900015104,0.5675934803451582,49017.02563755296,0.4324065196548418,21195.281459766426
1903900015119,0.9648876404494382,22866.668169595694,0.0351123595505618,802.9026744942308
1903900015123,0.0,6737.704536929095,1.0,6737.704536929095
1903900015138,1.0,22621.07015515484,0.0,0.0
1903900015142,1.0,51890.73172449123,0.0,0.0
1903900015157,1.0,47849.706429310245,0.0,0.0
1903900015161,1.0,5412.971162721422,0.0,0.0
1903900015176,1.0,5205.5474241404345,0.0,0.0
1903900015180,1.0,4538.823132516636,0.0,0.0
1903900015195,1.0,2181.374048601747,0.0,0.0
1903900015208,1.0,84234.9101004916,0.0,0.0
1903900015212,1.0,36794.85767307172,0.0,0.0
1903900015227,1.0,3858.9401809571104,0.0,0.0
1903900015231,1.0,7821.54080487846,0.0,0.0
1903900015246,1.0,7347.163484729185,0.0,0.0
1903900015250,1.0,23939.374478718433,0.0,0.0
1903900015265,0.0,35354.80720262805,1.0,35354.80720262805
190390001527A,0.9758454106280193,5454.61082879279,0.024154589371980673,131.753884753449
1903900015284,1.0,18189.553002543078,0.0,0.0
1903900015299,1.0,11800.789653060092,0.0,0.0
1903900015301,1.0,1274.6628624806342,0.0,0.0
1903900015316,1.0,4052.6206529959272,0.0,0.0
1903900015320,0.0,13674.066048060951,1.0,13674.066048060951
1903900015335,1.0,3553.1039177293715,0.0,0.0
190390001534A,1.0,5461.335924370982,0.0,0.0
1903900015354,1.0,6877.578284785504,0.0,0.0
1903900015369,0.9484978540772532,6213.840361403748,0.05150214592274682,320.0261130336697
1903900015373,1.0,5738.992710826327,0.0,0.0
1903900015388,1.0,16826.499754808032,0.0,0.0
1903900015392,1.0,5266.524093614858,0.0,0.0
1903900015405,1.0,2130.206944322713,0.0,0.0
190390001541A,1.0,1382.2642729497782,0.0,0.0
1903900015424,1.0,1527.4885542123309,0.0,0.0
1903900015439,1.0,4782.619335257917,0.0,0.0
1903900015443,1.0,6003.105263796046,0.0,0.0
1903900015458,1.0,2776.567864553449,0.0,0.0
1903900015462,1.0,8805.04919345501,0.0,0.0
1903900015477,1.0,5404.149160765001,0.0,0.0
1903900015481,1.0,10346.183645986135,0.0,0.0
1903900015496,1.0,15186.916725323808,0.0,0.0
1903900015509,1.0,2208.462515573,0.0,0.0
1903900015513,1.0,1492.1230556665278,0.0,0.0
1903900015528,1.0,9896.96882556959,0.0,0.0
1903900015532,1.0,8336.475710403156,0.0,0.0
1903900015547,1.0,20443.973013240742,0.0,0.0
1903900015551,0.9523809523809523,1702.8111321096087,0.04761904761904767,81.08624438617193
1903900015566,1.0,10787.981971301568,0.0,0.0
1903900015570,1.0,8079.911074231632,0.0,0.0
1903900015585,1.0,369.45659119125827,0.0,0.0
1904200010147,0.7058823529411765,2929.832764966179,0.2941176470588235,861.7155191076996
1904200010151,0.6690647482014388,3917.678167867847,0.3309352517985612,1296.497810949072
1904200010166,0.6966292134831461,5105.458095266782,0.3033707865168539,1548.8468378899224
1904200010170,0.6594202898550725,4597.936694834676,0.3405797101449275,1565.96394679152
1904200010293,0.75,105.391059386161,0.25,26.34776484654025
1904200010306,1.0,75.24574158681433,0.0,0.0
1904600010042,0.5867768595041323,122549.48997952479,0.4132231404958677,50640.28511550611
1904600010057,0.6,37448.65868906711,0.4,14979.463475626844
1904600010076,0.6814882032667876,34441.05194710227,0.3185117967332124,10969.881337053448
1904600010095,0.6191780821917808,78931.24720827474,0.38082191780821917,30058.74893684983
1904600010108,0.541813898704358,36701.949020784436,0.45818610129564197,16816.322931784624
1904600010127,0.6788553259141494,38499.42143718127,0.32114467408585057,12363.884149937388
1904600010131,0.8710879284649776,62743.0382721882,0.12891207153502238,8088.335038068972
1904600010146,0.6477157360406092,95405.58475623884,0.35228426395939083,33609.88620346688
190460001017A,0.7531806615776081,45690.46996547224,0.2468193384223919,11277.291569086026
1904600010184,0.899090909090909,90447.13380622632,0.10090909090909095,9126.938047719206
1904600010201,0.8355048859934854,84777.52726672334,0.16449511400651462,13945.489012930057
1904600010216,1.0,40694.12346283184,0.0,0.0
1904600010220,1.0,90009.51204982688,0.0,0.0
1904600010235,1.0,83662.13278917925,0.0,0.0
190460001024A,0.8736979166666666,49524.094942573254,0.12630208333333337,6254.9963664448005
1904600010292,0.0,55630.02515936691,1.0,55630.02515936691
190460001031A,0.9264957264957265,42998.65447341473,0.07350427350427347,3160.584858729628
1904600010324,0.7506527415143603,51642.67029661212,0.24934725848563966,12876.958259338007
1904600010339,0.8381962864721485,203105.91928926678,0.1618037135278515,32863.29198049145
1904600010343,0.45157232704402517,60258.81323910317,0.5484276729559748,33047.60071981004
1904600010362,0.6913069189828503,68374.46277408538,0.30869308101714965,21106.72357662482
1904600010381,0.6878612716763006,44082.059215687,0.3121387283236994,13759.717905474552
1904600010413,0.9339622641509434,119828.5773730732,0.06603773584905659,7913.207939731247
1904600010447,0.9820466786355476,67494.24760872158,0.01795332136445238,1211.7459175713
1904600010466,1.0,38842.629786164136,0.0,0.0
1904600010485,0.9640522875816994,27904.117604799423,0.03594771241830064,1003.0891949437696
190460001049A,1.0,119250.38082749778,0.0,0.0
1904600010536,0.6133540372670807,108542.40236557064,0.3866459627329193,41967.48165997996
1904600010540,0.7538237436270939,45394.704427426754,0.24617625637290608,11175.098395098503
1904600010555,0.0,8140.979291614702,1.0,8140.979291614702
1904600010593,0.9130959565479783,64224.72296519451,0.08690404345202174,5581.388115261322
1904600010610,1.0,66482.33950575133,0.0,0.0
1904600010625,0.743455497382199,31741.552979642038,0.25654450261780104,8143.120921478847
1904600010659,0.0,154428.74389501035,1.0,154428.74389501035
1904600010663,0.85,36257.681461716085,0.15000000000000002,5438.652219257414
1904600010682,0.9196581196581196,72195.73686410638,0.08034188034188039,5800.341252329918
190460001070A,0.8312883435582822,162391.98370040616,0.16871165644171782,27397.420562951964
1904600010714,0.45982575024201355,33421.726419235674,0.5401742497579864,18053.555994127306
1904600010729,0.0,112498.76331362652,1.0,112498.76331362652
1904600010752,0.9398625429553265,31984.145776454658,0.06013745704467355,1923.445192742119
1904600010786,0.587218045112782,81910.59735557374,0.412781954887218,33811.216502413525
1904600010790,0.0,88465.00543840027,1.0,88465.00543840027
1904600010822,0.5371900826446281,14203.620931404379,0.4628099173553719,6573.576629410291
1904600010841,0.544055944055944,23930.41856064434,0.45594405594405596,10910.932098979098
1904600010856,0.7181818181818181,42345.79780051552,0.28181818181818186,11933.815743781648
1904600010860,0.6082698585418934,28706.641948476397,0.3917301414581066,11245.256911263876
1904600010875,0.8109756097560976,32177.718841207097,0.18902439024390238,6082.3736833989005
190460001088A,0.7875688434303698,36979.590304207886,0.2124311565696302,7855.617137793964
1904600010894,0.7866161616161617,76635.97481248816,0.21338383838383834,16352.87846377588
1904600010907,0.7322987390882638,37664.49012730774,0.2677012609117362,10082.83149867792
1904600010926,0.4533120510774142,44003.525298010674,0.5466879489225858,24056.19699053257
1904600010930,0.8678223185265439,31577.055226829783,0.1321776814734561,4173.781947641639
1904600010945,0.7573073516386183,83719.2598998153,0.2426926483613817,20318.048903941
190460001095A,0.48702101359703337,39940.13337410067,0.5129789864029666,20488.44913504546
1904600010979,0.7973137973137974,23591.56904492117,0.20268620268620263,4781.6855451244355
1904600010998,0.6615581098339719,65044.00743367139,0.3384418901660281,22013.61681982493
1904600011002,0.4338138925294889,29697.072208830956,0.5661861074705111,16814.069717188693
1904600011017,0.6470588235294118,75208.25807962651,0.3529411764705882,26544.091086927
1904600011021,0.8281519861830743,38690.7696594549,0.17184801381692572,6648.9319190254955
1904600011040,0.9058341862845445,35348.97188433906,0.09416581371545552,3328.664701493546
1904600011055,0.6530303030303031,62100.38744886852,0.34696969696969693,21546.95261483468
190460001106A,0.9636963696369637,211977.65508620656,0.0363036303630363,7695.558435472844
1904600011074,0.9677182685253118,58778.25608333213,0.03228173147468816,1897.4638794325836
1904600011089,0.42023346303501946,28710.46077973523,0.5797665369649805,16645.364420935988
1904600011093,0.616304347826087,27110.87892125856,0.383695652173913,10402.326368700295
1904600011106,0.75,35644.983574927435,0.25,8911.245893731859
1904600011110,0.6720554272517321,107029.06542064008,0.32794457274826794,35099.60113101823
1904600011125,0.40820980615735464,28408.33073453509,0.5917901938426453,16811.7715521365
190460001113A,0.34944237918215615,30408.531346977517,0.6505576208178439,19782.50180565452
1904600011144,0.6349206349206349,69508.71767008227,0.3650793650793651,25376.198514474483
1904600011159,0.7206106870229008,40488.74135213042,0.27938931297709924,11312.121629679186
1904600011163,0.691397000789266,40793.34352277028,0.308602999210734,12588.948158960677
1904600011178,0.6476043276661515,21096.146462110224,0.3523956723338485,7434.190716168671
1904600011182,0.6639455782312925,19993.263394916972,0.3360544217687075,6718.8245694482885
1904600011197,0.591743119266055,20154.27762082309,0.40825688073394495,8228.122514923189
190460001120A,0.39808481532147744,29533.64717340211,0.6019151846785226,17776.750692608657
1904600011214,0.5323383084577115,22109.875758695307,0.46766169154228854,10339.941897101287
1904600011229,0.4187358916478555,61159.30290253462,0.5812641083521445,35549.707669080504
1904600011233,0.442838370565046,34736.25394386387,0.557161629434954,19353.70784782954
1904600011248,0.5111346765641569,98962.85534306348,0.4888653234358431,48379.50828542128
1904600011252,0.45,30260.476985514455,0.55,16643.26234203295
1904600011267,0.5117753623188406,32211.04421511802,0.4882246376811594,15726.225391257802
1904600011271,0.691439322671684,31100.940974355923,0.30856067732831605,9596.527412595242
1904600011286,0.6341772151898735,20616.77751357106,0.36582278481012653,7542.086963825362
1904600011290,0.8051948051948052,46295.055759348776,0.19480519480519476,9018.517355717291
1904600011303,0.7977883096366508,48102.92248678953,0.20221169036334918,9726.973267470872
1904600011318,1.0,29714.627892407563,0.0,0.0
1904600011322,0.7688442211055276,34011.72422855398,0.23115577889447236,7862.006605595393
1904600011341,0.7194244604316546,28238.9172220264,0.28057553956834536,7923.149436395897
1904600011356,0.8414473684210526,50006.1852369651,0.1585526315789474,7928.612264545126
1904600011375,0.5208711433756806,53245.11133686302,0.47912885662431937,25511.269315665762
190460001138A,0.7117117117117117,22571.291076326732,0.28828828828828834,6507.038868850951
1904600011394,0.6607387140902873,42891.4131557812,0.3392612859097127,14551.395981715099
1904600011407,0.5102533172496985,28651.365907101102,0.48974668275030153,14031.911409267848
1904600011426,0.449874686716792,37004.57461910299,0.550125313283208,20357.15320524588
1904600011430,0.7625538020086083,64399.03156934329,0.23744619799139166,15291.30520046817
1904600011445,0.871244635193133,89861.26328780249,0.128755364806867,11570.119736626933
190460001145A,0.9853777416734363,71700.86502935123,0.01462225832656372,1048.4285706972526
1904600011464,0.8677998111425873,51116.23138055841,0.1322001888574127,6757.575442189027
1904600011479,0.8547249647390691,35116.62457333052,0.14527503526093088,5101.568873135463
1904600011483,0.6676970633693973,96819.01097485956,0.33230293663060273,32173.241668616385
1904600011498,0.8865546218487395,35839.7049472725,0.11344537815126055,4065.8488805729316
1904600011500,0.5756266205704408,41748.71040785193,0.4243733794295592,17717.041322606136
1904600011515,0.816414686825054,21177.70911623763,0.18358531317494597,3887.916360432394
190460001152A,0.5893769152196119,35298.83102926809,0.4106230847803881,14494.514886379746
1904600011534,0.7279411764705882,48971.456882169994,0.2720588235294118,13323.116945884485
1904600011549,0.8598574821852731,35184.62592631505,0.14014251781472686,4930.862065683107
1904600011568,0.8391053391053391,108164.37768671176,0.16089466089466087,17403.07086878551
1904600011572,0.7009493670886076,37201.238231811454,0.29905063291139244,11125.053838310705
1904600011587,0.8619402985074627,22340.083557552738,0.13805970149253732,3084.2652672740724
1904600011591,0.7489878542510121,43179.26280366488,0.2510121457489879,10838.519408207381
1904600011604,0.35796045785639957,42187.41131631943,0.6420395421436005,27085.986245753476
1904600011619,0.55299055613851,40581.418265409055,0.44700944386149,18140.277209931013
1904600011623,0.8896999188969992,42652.63414000562,0.11030008110300082,4704.589004899241
1904600011638,0.8455631399317406,37730.14580816861,0.1544368600682594,5826.925248531159
1904600011642,0.905511811023622,68534.76136895419,0.09448818897637801,6475.725483680714
1904600011657,1.0,41676.52355684625,0.0,0.0
1904600011661,0.65,310041.8379043874,0.35,108514.64326653558
1904600011676,0.25,57794.836334496555,0.75,43346.127250872414
1904600011708,0.9287211740041929,26531.278294210846,0.07127882599580715,1891.11836897939
1904600011712,0.952914798206278,34810.54235420334,0.047085201793722,1639.0614112965707
1904600011727,0.933911159263272,31424.196608943712,0.06608884073672805,2076.7887249681107
1904600011731,0.7295597484276729,25441.918493502355,0.2704402515723271,6880.518837865418
1904600011746,0.8485523385300668,30934.326953710315,0.15144766146993316,4684.931476285748
1904600011750,0.9546827794561934,32453.33752232042,0.0453172205438066,1470.6950538815886
1904600011765,0.5035211267605634,35015.11136334305,0.4964788732394366,17384.26303602595
190460001177A,0.5,39386.734226120745,0.5,19693.367113060373
1904800010013,0.0,0.0,1.0,0.0
190480001016A,0.6870109546165885,94871.4674928659,0.31298904538341155,29693.730044715456
1904800010189,0.38095238095238093,37366.96160277392,0.6190476190476191,23131.928611240997
1904800010193,0.5472837022132797,22079.97281287719,0.4527162977867203,9995.963547077197
1904800010210,0.7311475409836066,83579.42137279166,0.26885245901639343,22470.532959242348
1904800010225,0.3972310969116081,70704.95829832257,0.6027689030883919,42618.75015639039
190480001023A,0.46265328874024525,188664.3089003859,0.5373467112597548,101378.14591971683
1904800010263,0.6149425287356322,51791.929428006515,0.38505747126436785,19942.869377450785
1904800010282,0.8167701863354038,376491.896086244,0.18322981366459623,68984.53996611302
1904800010329,0.762487257900102,34641.356443795776,0.23751274209989803,8227.763559025907
1904800010333,0.8934782608695652,58542.26040507677,0.10652173913043483,6236.023390975572
1904800010348,0.48501664816870144,40682.538852792175,0.5149833518312985,20950.830219417945
1904800010352,0.0,113016.66043374036,1.0,113016.66043374036
1904800010390,0.6957773512476008,63311.896197366485,0.30422264875239924,19260.912758699786
1904800010403,0.7380952380952381,31849.09661719198,0.26190476190476186,8341.430066407422
1904800010422,0.6861510791366906,70221.24590077368,0.3138489208633094,22038.86224763491
1904800010441,0.45962732919254656,41122.751467121816,0.5403726708074534,22221.61104123974
1904800010475,0.5531914893617021,24363.625951240723,0.44680851063829785,10885.87542502245
190480001048A,0.5727891156462585,22013.580611839687,0.42721088435374155,9404.441240976412
1904800010494,0.6869300911854104,20775.062967764035,0.3130699088145896,6504.047068935244
1904800010511,0.8040752351097179,18784.608941652936,0.1959247648902821,3680.370090449242
1904800010526,0.583596214511041,12465.99808145409,0.41640378548895896,5190.888791015583
1904800010545,0.3684210526315789,35944.339133851056,0.631578947368421,22701.687874011193
190480001055A,0.7392055267702936,41443.66402232828,0.2607944732297064,10808.27852741204
1904800010564,0.5441729323308271,80563.0160124303,0.4558270676691729,36722.803351530725
1904800010579,0.5244186046511627,69235.65086198562,0.47558139534883725,32927.18744482805
1904800010583,0.6900780379041248,28864.73240819858,0.3099219620958752,8945.8145033213
1904800010600,0.4811715481171548,21564.19627766665,0.5188284518828452,11188.118570839602
1904800010615,0.4971751412429379,16492.606032272055,0.5028248587570621,8292.892298713066
190480001062A,0.861,46489.47783872715,0.139,6462.037419583075
1904800010761,1.0,10136.353849159754,0.0,0.0
1904800010776,1.0,2701.3221229666333,0.0,0.0
1904800010808,0.7751531058617673,56406.405199006535,0.22484689413823267,12682.805018499279
1904800010812,0.5832583258325833,34237.92772469663,0.4167416741674167,14268.371320013086
1904800010827,0.5094876660341556,44494.826673965465,0.49051233396584437,21825.261281252508
1904800010831,0.8661087866108786,79142.35405980753,0.13389121338912136,10596.465815539086
1904800010865,0.8454349388928828,182868.07046521522,0.1545650611071172,28265.014485996606
190480001087A,0.6057767369242779,37598.36742145266,0.3942232630757221,14822.15109120499
1904800010899,0.6430180180180181,29328.954225827132,0.35698198198198194,10469.908208994595
1904800010901,0.5089392133492253,30974.08529806911,0.4910607866507747,15210.158692258012
1904800010916,0.5612565445026177,29805.93746875188,0.43874345549738225,13077.159999379099
1904800010920,0.742145178764897,43556.564188061966,0.25785482123510295,11231.270072328005
1904800010935,0.6762132060461417,56222.781534203605,0.32378679395385834,18204.194180127975
190480001094A,0.6983333333333334,20263.4707222951,0.30166666666666664,6112.813667892355
1904800010954,0.0,28098.19024477502,1.0,28098.19024477502
1904800010969,0.5307017543859649,8172.242148506696,0.4692982456140351,3835.2189030272652
1904800010973,0.8402777777777778,34094.830602264126,0.1597222222222222,5445.702110083853
1904800010988,0.67,65255.02733284992,0.32999999999999996,21534.15901984047
1904800010992,0.3291828793774319,47241.002195782734,0.6708171206225682,31690.073068299393
1904800011007,0.4464775846294602,44191.34037947118,0.5535224153705398,24460.897465306552
1904800011011,1.0,1542.9128028092616,0.0,0.0
1904800011030,0.5804988662131519,14333.889631551066,0.41950113378684806,6013.082952011218
1904800011045,0.5996112730806609,43477.02475061454,0.40038872691933913,17407.71059013915
190480001105A,0.6937086092715232,54742.74386810009,0.3062913907284768,16767.23115165317
1904800011064,0.5506726457399103,40877.34102129132,0.44932735426008974,18367.307490284264
1904800011100,0.6294117647058823,5920.993244355243,0.37058823529411766,2194.250437614002
190480001112A,0.7005208333333334,62933.595924526395,0.29947916666666663,18847.300862813892
1904800011134,0.42857142857142855,213250.66223024292,0.5714285714285714,121857.52127442452
1904800011149,0.6075388026607539,14415.240502034678,0.3924611973392461,5657.422547361725
1904800011153,0.6298076923076923,75599.00864752321,0.3701923076923077,27986.171470477344
1904800011168,0.6092436974789915,34867.43929045612,0.39075630252100846,13624.671655514367
1904800011172,0.48356164383561645,30224.074645708326,0.5164383561643835,15608.87142661923
1904800011187,0.8960176991150443,54808.31607822381,0.10398230088495575,5699.094813443626
1904800011191,0.7269736842105263,19877.845166376894,0.2730263157894737,5427.174831609481
1904800011204,0.6018735362997658,43070.410273871006,0.3981264637002342,17147.4701324545
1904800011219,0.7607726597325408,22532.12066446849,0.23922734026745918,5390.299297146252
1904800011223,0.4952561669829222,39394.040205145066,0.5047438330170778,19883.89885117379
1904800011238,0.4346846846846847,39559.83833484321,0.5653153153153153,22363.78248208479
1904800011242,0.659316427783903,31099.683657910493,0.340683572216097,10595.151323367521
1904800011257,0.4627831715210356,33670.70815534005,0.5372168284789645,18088.471047852585
1904800011261,0.5085714285714286,28349.269440246917,0.49142857142857144,13931.6409820642
1904800011276,0.43669724770642204,20732.078496384507,0.563302752293578,11678.436877779895
1904800011280,0.4984520123839009,21897.166959992857,0.5015479876160991,10982.48002327815
1904800011295,0.44981412639405205,22605.98828042524,0.550185873605948,12437.495410791582
1904800011308,0.6501706484641638,30390.37810956376,0.34982935153583616,10631.44626699756
1904800011312,0.7741617357001972,60434.56456977272,0.2258382642998028,13648.43716615183
1904800011327,0.4750778816199377,25191.613373758206,0.5249221183800623,13223.635057564667
1904800011331,0.4380952380952381,30548.40390701461,0.5619047619047619,17165.293623941543
1904800011346,0.3026706231454006,25154.255840779526,0.6973293768545994,17540.801550691955
1904800011350,0.7149587750294464,28985.10821165483,0.2850412249705536,8261.950750554146
1904800011365,0.9393548387096774,30121.380581878548,0.0606451612903226,1826.7159836752157
190480001137A,0.9560185185185185,24274.981553375615,0.04398148148148151,1067.649651653095
1904800011384,0.9375907111756169,23040.82735459484,0.062409288824383125,1437.9616491256568
1904800011399,0.8925619834710744,3956.7596450199676,0.1074380165289256,425.10640814264104
1904800011401,1.0,8290.575808035202,0.0,0.0
1904800011416,0.7450142450142451,22457.608690613633,0.25498575498575493,5726.370307150769
1904800011420,0.810958904109589,10757.309303766868,0.18904109589041096,2033.5735396162024
1904800011435,0.9772879091516367,46689.53041996439,0.022712090848363342,1060.416856565655
190480001144A,0.9957983193277311,49272.14342677715,0.004201680672268893,207.0258127175503
1904800011454,0.96,7486.149790014666,0.040000000000000036,299.4459916005869
1904800011469,0.41379310344827586,44867.59088454212,0.5862068965517242,26301.691208179865
1904800011473,0.7392197125256673,29335.41624044732,0.2607802874743327,7650.09828036306
1904800011488,0.8577449947312961,32509.52434890618,0.14225500526870394,4624.6425575367075
1904800011492,1.0,9304.935425790083,0.0,0.0
1904800011505,0.6743697478991597,16546.329068613602,0.3256302521008403,5387.985305956109
190480001151A,0.8876190476190476,14313.235441628956,0.11238095238095236,1608.5350305830634
1904800011524,1.0,6885.737812609383,0.0,0.0
1904800011539,0.5741728922091782,27304.75080384999,0.4258271077908218,11627.103063752558
1904800011543,0.6462585034013606,4315.437203551109,0.3537414965986394,1526.5492148616165
1904800011558,0.0,8923.788205714915,1.0,8923.788205714915
1904800011562,0.49013657056145676,18188.625882827204,0.5098634294385432,9273.71516939293
1904800011577,0.0851063829787234,1318.3053926009868,0.9148936170212766,1206.109188975371
1904800011581,0.7147688838782412,25768.797370968496,0.2852311161217588,7350.062835236788
1904800011596,0.6756410256410257,21835.881376215133,0.3243589743589743,7082.664087413369
1904800011609,0.7119741100323624,8515.268925377191,0.28802588996763756,2452.6179105455344
1904800011613,0.0,52409.068508834185,1.0,52409.068508834185
1904800011628,0.4823321554770318,12032.640579476716,0.5176678445229682,6228.911112697311
1904800011632,0.5319148936170213,29152.14213780829,0.46808510638297873,13645.68355386771
1904800011647,0.6867816091954023,9952.660078576759,0.3132183908045977,3117.3561740369732
1904800011651,1.0,4085.84376816402,0.0,0.0
1904800011666,0.4666666666666667,513.9284150379415,0.5333333333333333,274.0951546869021
1904800011685,0.0,102193.82207861207,1.0,102193.82207861207
1904800011702,0.0,57507.780799546024,1.0,57507.780799546024
190490001010A,0.8853754940711462,28644.837747425037,0.11462450592885376,3283.400374210775
1904900010114,0.927007299270073,29650.454635672635,0.07299270072992703,2164.2667617279303
1904900010129,0.9827089337175793,25486.263154440014,0.01729106628242072,440.68466549463926
1904900010133,1.0,13864.740233434104,0.0,0.0
1904900010148,0.9553191489361702,12913.18467588928,0.044680851063829796,576.9720812631382
1904900010152,1.0,7288.104803643558,0.0,0.0
1904900010167,0.8776119402985074,27163.574876918505,0.12238805970149258,3324.4972237422658
1904900010171,0.9505582137161085,24559.791516410194,0.04944178628389151,1214.2799633312845
1904900010186,1.0,11136.575341371583,0.0,0.0
1904900010190,0.9502369668246445,22068.145159085158,0.049763033175355464,1098.1778396701147
1904900010203,1.0,30218.13962447769,0.0,0.0
1904900010218,1.0,26667.141562691937,0.0,0.0
1904900010222,0.851528384279476,10095.285584440033,0.14847161572052403,1498.8633618819265
1904900010237,0.8733624454148472,19499.9567997347,0.1266375545851528,2469.4268436345246
1904900010241,0.975609756097561,13271.032642630234,0.024390243902439046,323.6837229909816
1904900010256,0.7277486910994765,13819.251504112279,0.2722513089005235,3762.3093100200963
1904900010260,1.0,13123.104714023044,0.0,0.0
1904900010275,0.6621621621621622,6454.858276846662,0.33783783783783783,2180.695363799548
190490001028A,1.0,8527.56978082396,0.0,0.0
1904900010294,0.0,45.19446611670951,1.0,45.19446611670951
1904900010307,0.9281767955801105,25152.600736705266,0.07182320441988954,1806.5403844042467
1904900010311,1.0,23028.542260204034,0.0,0.0
1904900010326,0.8456260720411664,21507.33509875502,0.15437392795883365,3320.1717991217015
1904900010330,0.8431876606683805,22755.843503332413,0.15681233933161953,3568.3970532217922
1904900010345,0.983739837398374,5834.496120387305,0.016260162601625994,94.86985561605361
1904900010379,1.0,14038.014826628714,0.0,0.0
1904900010383,0.7789473684210526,2582.791212110587,0.2210526315789474,570.9327942560245
190490001042A,1.0,5252.980335256966,0.0,0.0
1904900010434,0.7131147540983607,4220.825176825066,0.28688524590163933,1210.8924687612894
1904900010449,0.9696969696969697,991.7388741142126,0.030303030303030276,30.052693154976115
1904900010453,0.7330677290836654,7277.287678924014,0.26693227091633465,1942.542926246649
1904900010468,0.7509727626459144,7746.717659863569,0.2490272373540856,1929.1436973979316
1904900010472,1.0,6991.5023093280415,0.0,0.0
1904900010487,1.0,905.9587287052442,0.0,0.0
1904900010491,0.8185053380782918,10764.381286925853,0.18149466192170816,1953.6777424669694
1904900010504,1.0,5543.625911545745,0.0,0.0
1904900010519,1.0,914.1415991686193,0.0,0.0
1904900010523,1.0,1329.5922538390091,0.0,0.0
1904900010538,0.6666666666666666,252.31774437185678,0.33333333333333337,84.10591479061894
1904900010542,0.9090909090909091,956.37337556841,0.09090909090909094,86.94303414258276
1904900010557,0.84,1063.9747860375546,0.16000000000000003,170.23596576600877
1904900010561,0.5904255319148937,8245.972026863716,0.40957446808510634,3377.3396067473727
1904900010576,1.0,897.8039521587089,0.0,0.0
1904900010580,0.5714285714285714,254.79141397671742,0.4285714285714286,109.19632027573604
1904900010595,0.0,30.098296634725724,1.0,30.098296634725724
1904900010608,1.0,1449.9854403779118,0.0,0.0
1904900010612,1.0,60.196593269451455,0.0,0.0
1904900010631,0.0,30.145317799346664,1.0,30.145317799346664
1904900010646,1.0,1672.712835474883,0.0,0.0
1904900010650,0.0,60.19659326945141,1.0,60.19659326945141
1904900010665,0.7241379310344828,1002.2732779363671,0.27586206896551724,276.4891801203771
190490001067A,1.0,671.1920149543844,0.0,0.0
