route_id,modification_type,reason,current_score,proposed_score,overlap_route_id,detail
18178778,merge,Route overlaps 81.8% of served AGEBs with 18212712 (Jaccard=0.82). Consolidation improves frequency without expanding coverage.,0.17417714485145405,,18212712,Merge 18178778 into 18212712; combine headways to improve service frequency.
18212710,merge,Route overlaps 73.3% of served AGEBs with 18212738 (Jaccard=0.73). Consolidation improves frequency without expanding coverage.,0.22637960601346252,,18212738,Merge 18212710 into 18212738; combine headways to improve service frequency.
18212712,retire,"Route has low demand-gain (f1=0.003, score=0.192) with no high-scoring overlapping route. Consider service reduction or rerouting to higher-demand corridor.",0.1919840464766614,,,Reduce frequency or retire 18212712; reallocate vehicles to higher-demand routes.
18212716,retire,"Route has low demand-gain (f1=0.005, score=0.230) with no high-scoring overlapping route. Consider service reduction or rerouting to higher-demand corridor.",0.2300963447223442,,,Reduce frequency or retire 18212716; reallocate vehicles to higher-demand routes.
18212734,merge,Route overlaps 66.7% of served AGEBs with 18212752 (Jaccard=0.67). Consolidation improves frequency without expanding coverage.,0.12661407698535,,18212752,Merge 18212734 into 18212752; combine headways to improve service frequency.
18212736,merge,Route overlaps 62.5% of served AGEBs with 18212710 (Jaccard=0.62). Consolidation improves frequency without expanding coverage.,0.22189430447190134,,18212710,Merge 18212736 into 18212710; combine headways to improve service frequency.
18212738,retire,"Route has low demand-gain (f1=0.003, score=0.228) with no high-scoring overlapping route. Consider service reduction or rerouting to higher-demand corridor.",0.22760099170264564,,,Reduce frequency or retire 18212738; reallocate vehicles to higher-demand routes.
18212742,merge,Route overlaps 66.7% of served AGEBs with 18212752 (Jaccard=0.67). Consolidation improves frequency without expanding coverage.,0.127208184270239,,18212752,Merge 18212742 into 18212752; combine headways to improve service frequency.
18212744,merge,Route overlaps 61.1% of served AGEBs with 18874884 (Jaccard=0.61). Consolidation improves frequency without expanding coverage.,0.16793491062439037,,18874884,Merge 18212744 into 18874884; combine headways to improve service frequency.
18212752,merge,Route overlaps 61.1% of served AGEBs with 18874884 (Jaccard=0.61). Consolidation improves frequency without expanding coverage.,0.1739794650441432,,18874884,Merge 18212752 into 18874884; combine headways to improve service frequency.
18212798,merge,Route overlaps 66.7% of served AGEBs with 18212752 (Jaccard=0.67). Consolidation improves frequency without expanding coverage.,0.11865374578075494,,18212752,Merge 18212798 into 18212752; combine headways to improve service frequency.
18212802,retire,"Route has low demand-gain (f1=0.005, score=0.133) with no high-scoring overlapping route. Consider service reduction or rerouting to higher-demand corridor.",0.13258188891341408,,,Reduce frequency or retire 18212802; reallocate vehicles to higher-demand routes.
18212806,merge,Route overlaps 76.2% of served AGEBs with 18212802 (Jaccard=0.76). Consolidation improves frequency without expanding coverage.,0.1185818366759781,,18212802,Merge 18212806 into 18212802; combine headways to improve service frequency.
18212813,merge,Route overlaps 93.8% of served AGEBs with 18212846 (Jaccard=0.94). Consolidation improves frequency without expanding coverage.,0.22990918291502982,,18212846,Merge 18212813 into 18212846; combine headways to improve service frequency.
18212821,merge,Route overlaps 66.7% of served AGEBs with 18212752 (Jaccard=0.67). Consolidation improves frequency without expanding coverage.,0.11791752632765287,,18212752,Merge 18212821 into 18212752; combine headways to improve service frequency.
18212846,retire,"Route has low demand-gain (f1=0.003, score=0.232) with no high-scoring overlapping route. Consider service reduction or rerouting to higher-demand corridor.",0.23167118504753115,,,Reduce frequency or retire 18212846; reallocate vehicles to higher-demand routes.
18265943,merge,Route overlaps 65.0% of served AGEBs with 18266208 (Jaccard=0.65). Consolidation improves frequency without expanding coverage.,0.05432512365833492,,18266208,Merge 18265943 into 18266208; combine headways to improve service frequency.
18265967,merge,Route overlaps 61.9% of served AGEBs with 18334522 (Jaccard=0.62). Consolidation improves frequency without expanding coverage.,0.12298465921058607,,18334522,Merge 18265967 into 18334522; combine headways to improve service frequency.
18265983,merge,Route overlaps 75.0% of served AGEBs with 18266208 (Jaccard=0.75). Consolidation improves frequency without expanding coverage.,0.04974269903196539,,18266208,Merge 18265983 into 18266208; combine headways to improve service frequency.
18266002,retire,"Route has low demand-gain (f1=0.006, score=0.078) with no high-scoring overlapping route. Consider service reduction or rerouting to higher-demand corridor.",0.07794489695266968,,,Reduce frequency or retire 18266002; reallocate vehicles to higher-demand routes.
18266011,merge,Route overlaps 75.0% of served AGEBs with 18266208 (Jaccard=0.75). Consolidation improves frequency without expanding coverage.,0.04988383764129666,,18266208,Merge 18266011 into 18266208; combine headways to improve service frequency.
18266023,merge,Route overlaps 81.8% of served AGEBs with 18266208 (Jaccard=0.82). Consolidation improves frequency without expanding coverage.,0.08063362179607246,,18266208,Merge 18266023 into 18266208; combine headways to improve service frequency.
18266067,merge,Route overlaps 75.0% of served AGEBs with 18266208 (Jaccard=0.75). Consolidation improves frequency without expanding coverage.,0.04988383764129666,,18266208,Merge 18266067 into 18266208; combine headways to improve service frequency.
18266070,merge,Route overlaps 72.0% of served AGEBs with 18266208 (Jaccard=0.72). Consolidation improves frequency without expanding coverage.,0.05589943470018354,,18266208,Merge 18266070 into 18266208; combine headways to improve service frequency.
18266131,merge,Route overlaps 81.2% of served AGEBs with 18334522 (Jaccard=0.81). Consolidation improves frequency without expanding coverage.,0.04651968151154683,,18334522,Merge 18266131 into 18334522; combine headways to improve service frequency.
18266173,merge,Route overlaps 66.7% of served AGEBs with 18266214 (Jaccard=0.67). Consolidation improves frequency without expanding coverage.,0.1966424239541897,,18266214,Merge 18266173 into 18266214; combine headways to improve service frequency.
18266201,merge,Route overlaps 65.4% of served AGEBs with 18266208 (Jaccard=0.65). Consolidation improves frequency without expanding coverage.,0.12784020577100358,,18266208,Merge 18266201 into 18266208; combine headways to improve service frequency.
18266208,merge,Route overlaps 72.2% of served AGEBs with 18334522 (Jaccard=0.72). Consolidation improves frequency without expanding coverage.,0.13050609877941677,,18334522,Merge 18266208 into 18334522; combine headways to improve service frequency.
18266214,retire,"Route has low demand-gain (f1=0.004, score=0.224) with no high-scoring overlapping route. Consider service reduction or rerouting to higher-demand corridor.",0.22420390665873335,,,Reduce frequency or retire 18266214; reallocate vehicles to higher-demand routes.
18268019,merge,Route overlaps 75.8% of served AGEBs with 18334552 (Jaccard=0.76). Consolidation improves frequency without expanding coverage.,0.06561034705947931,,18334552,Merge 18268019 into 18334552; combine headways to improve service frequency.
18268037,merge,Route overlaps 75.0% of served AGEBs with 18266208 (Jaccard=0.75). Consolidation improves frequency without expanding coverage.,0.053880564385395784,,18266208,Merge 18268037 into 18266208; combine headways to improve service frequency.
18268072,merge,Route overlaps 75.0% of served AGEBs with 18266208 (Jaccard=0.75). Consolidation improves frequency without expanding coverage.,0.04988383764129666,,18266208,Merge 18268072 into 18266208; combine headways to improve service frequency.
18268107,merge,Route overlaps 68.4% of served AGEBs with 18334522 (Jaccard=0.68). Consolidation improves frequency without expanding coverage.,0.05002626892175217,,18334522,Merge 18268107 into 18334522; combine headways to improve service frequency.
18268117,retire,"Route has low demand-gain (f1=0.000, score=0.000) with no high-scoring overlapping route. Consider service reduction or rerouting to higher-demand corridor.",0.0,,,Reduce frequency or retire 18268117; reallocate vehicles to higher-demand routes.
18268120,merge,Route overlaps 100.0% of served AGEBs with 18494467 (Jaccard=1.00). Consolidation improves frequency without expanding coverage.,0.32261487715765724,,18494467,Merge 18268120 into 18494467; combine headways to improve service frequency.
18268133,merge,Route overlaps 61.1% of served AGEBs with 18334502 (Jaccard=0.61). Consolidation improves frequency without expanding coverage.,0.053584312753382345,,18334502,Merge 18268133 into 18334502; combine headways to improve service frequency.
18268136,merge,Route overlaps 90.5% of served AGEBs with 18334536 (Jaccard=0.91). Consolidation improves frequency without expanding coverage.,0.04845542857504999,,18334536,Merge 18268136 into 18334536; combine headways to improve service frequency.
18268140,merge,Route overlaps 81.0% of served AGEBs with 18794052 (Jaccard=0.81). Consolidation improves frequency without expanding coverage.,0.049803447403835896,,18794052,Merge 18268140 into 18794052; combine headways to improve service frequency.
18268144,merge,Route overlaps 65.0% of served AGEBs with 18334522 (Jaccard=0.65). Consolidation improves frequency without expanding coverage.,0.05716976727593564,,18334522,Merge 18268144 into 18334522; combine headways to improve service frequency.
18268152,merge,Route overlaps 61.5% of served AGEBs with 18794052 (Jaccard=0.61). Consolidation improves frequency without expanding coverage.,0.06480697747556988,,18794052,Merge 18268152 into 18794052; combine headways to improve service frequency.
18268203,merge,Route overlaps 77.3% of served AGEBs with 18704763 (Jaccard=0.77). Consolidation improves frequency without expanding coverage.,0.04665177579239783,,18704763,Merge 18268203 into 18704763; combine headways to improve service frequency.
18268365,merge,Route overlaps 75.0% of served AGEBs with 18266208 (Jaccard=0.75). Consolidation improves frequency without expanding coverage.,0.06596766686668064,,18266208,Merge 18268365 into 18266208; combine headways to improve service frequency.
18268510,merge,Route overlaps 60.0% of served AGEBs with 18268365 (Jaccard=0.60). Consolidation improves frequency without expanding coverage.,0.06249381116857479,,18268365,Merge 18268510 into 18268365; combine headways to improve service frequency.
18268545,merge,Route overlaps 63.6% of served AGEBs with 18709005 (Jaccard=0.64). Consolidation improves frequency without expanding coverage.,0.14858132184838993,,18709005,Merge 18268545 into 18709005; combine headways to improve service frequency.
18268559,merge,Route overlaps 60.9% of served AGEBs with 18794052 (Jaccard=0.61). Consolidation improves frequency without expanding coverage.,0.07066946284669312,,18794052,Merge 18268559 into 18794052; combine headways to improve service frequency.
18269212,merge,Route overlaps 86.7% of served AGEBs with 18334522 (Jaccard=0.87). Consolidation improves frequency without expanding coverage.,0.045972919817011695,,18334522,Merge 18269212 into 18334522; combine headways to improve service frequency.
18284841,merge,Route overlaps 60.9% of served AGEBs with 18794052 (Jaccard=0.61). Consolidation improves frequency without expanding coverage.,0.117883763651033,,18794052,Merge 18284841 into 18794052; combine headways to improve service frequency.
18289699,merge,Route overlaps 77.8% of served AGEBs with 18709005 (Jaccard=0.78). Consolidation improves frequency without expanding coverage.,0.22249280158341006,,18709005,Merge 18289699 into 18709005; combine headways to improve service frequency.
18289706,merge,Route overlaps 77.8% of served AGEBs with 18709005 (Jaccard=0.78). Consolidation improves frequency without expanding coverage.,0.22334918519832989,,18709005,Merge 18289706 into 18709005; combine headways to improve service frequency.
18291846,merge,Route overlaps 63.4% of served AGEBs with 18292060 (Jaccard=0.63). Consolidation improves frequency without expanding coverage.,0.06114380734335764,,18292060,Merge 18291846 into 18292060; combine headways to improve service frequency.
18291869,merge,Route overlaps 61.1% of served AGEBs with 18768324 (Jaccard=0.61). Consolidation improves frequency without expanding coverage.,0.2038342909288342,,18768324,Merge 18291869 into 18768324; combine headways to improve service frequency.
18291925,merge,Route overlaps 60.0% of served AGEBs with 18709064 (Jaccard=0.60). Consolidation improves frequency without expanding coverage.,0.059981842523275514,,18709064,Merge 18291925 into 18709064; combine headways to improve service frequency.
18291941,merge,Route overlaps 60.9% of served AGEBs with 18794052 (Jaccard=0.61). Consolidation improves frequency without expanding coverage.,0.06369905213293164,,18794052,Merge 18291941 into 18794052; combine headways to improve service frequency.
18291951,merge,Route overlaps 71.4% of served AGEBs with 18708963 (Jaccard=0.71). Consolidation improves frequency without expanding coverage.,0.1737077890009146,,18708963,Merge 18291951 into 18708963; combine headways to improve service frequency.
18291954,retire,"Route has low demand-gain (f1=0.007, score=0.058) with no high-scoring overlapping route. Consider service reduction or rerouting to higher-demand corridor.",0.05752313547296997,,,Reduce frequency or retire 18291954; reallocate vehicles to higher-demand routes.
18291959,merge,Route overlaps 86.7% of served AGEBs with 18782084 (Jaccard=0.87). Consolidation improves frequency without expanding coverage.,0.17779570073781975,,18782084,Merge 18291959 into 18782084; combine headways to improve service frequency.
18291963,merge,Route overlaps 70.8% of served AGEBs with 18266002 (Jaccard=0.71). Consolidation improves frequency without expanding coverage.,0.059188871564669954,,18266002,Merge 18291963 into 18266002; combine headways to improve service frequency.
18291971,merge,Route overlaps 68.4% of served AGEBs with 18334522 (Jaccard=0.68). Consolidation improves frequency without expanding coverage.,0.05002626892175217,,18334522,Merge 18291971 into 18334522; combine headways to improve service frequency.
18291974,merge,Route overlaps 81.2% of served AGEBs with 18334522 (Jaccard=0.81). Consolidation improves frequency without expanding coverage.,0.10716474639629046,,18334522,Merge 18291974 into 18334522; combine headways to improve service frequency.
18291977,merge,Route overlaps 63.0% of served AGEBs with 18768818 (Jaccard=0.63). Consolidation improves frequency without expanding coverage.,0.08664943899988184,,18768818,Merge 18291977 into 18768818; combine headways to improve service frequency.
18291998,merge,Route overlaps 68.2% of served AGEBs with 18709005 (Jaccard=0.68). Consolidation improves frequency without expanding coverage.,0.17870232759816823,,18709005,Merge 18291998 into 18709005; combine headways to improve service frequency.
18292006,merge,Route overlaps 68.4% of served AGEBs with 18334522 (Jaccard=0.68). Consolidation improves frequency without expanding coverage.,0.0550683635831203,,18334522,Merge 18292006 into 18334522; combine headways to improve service frequency.
18292016,merge,Route overlaps 63.2% of served AGEBs with 18334522 (Jaccard=0.63). Consolidation improves frequency without expanding coverage.,0.13493054561066647,,18334522,Merge 18292016 into 18334522; combine headways to improve service frequency.
18292017,merge,Route overlaps 68.4% of served AGEBs with 18334522 (Jaccard=0.68). Consolidation improves frequency without expanding coverage.,0.05793766318056664,,18334522,Merge 18292017 into 18334522; combine headways to improve service frequency.
18292019,merge,Route overlaps 75.0% of served AGEBs with 18768324 (Jaccard=0.75). Consolidation improves frequency without expanding coverage.,0.20960450520229607,,18768324,Merge 18292019 into 18768324; combine headways to improve service frequency.
18292021,merge,Route overlaps 68.2% of served AGEBs with 18709039 (Jaccard=0.68). Consolidation improves frequency without expanding coverage.,0.15737896508363053,,18709039,Merge 18292021 into 18709039; combine headways to improve service frequency.
18292060,merge,Route overlaps 73.7% of served AGEBs with 18292175 (Jaccard=0.74). Consolidation improves frequency without expanding coverage.,0.06725705614311624,,18292175,Merge 18292060 into 18292175; combine headways to improve service frequency.
18292175,merge,Route overlaps 75.7% of served AGEBs with 18709204 (Jaccard=0.76). Consolidation improves frequency without expanding coverage.,0.06792936268320271,,18709204,Merge 18292175 into 18709204; combine headways to improve service frequency.
18292226,merge,Route overlaps 63.3% of served AGEBs with 18768818 (Jaccard=0.63). Consolidation improves frequency without expanding coverage.,0.054004722018468,,18768818,Merge 18292226 into 18768818; combine headways to improve service frequency.
18334498,retire,"Route has low demand-gain (f1=0.000, score=0.000) with no high-scoring overlapping route. Consider service reduction or rerouting to higher-demand corridor.",0.0,,,Reduce frequency or retire 18334498; reallocate vehicles to higher-demand routes.
18334502,merge,Route overlaps 81.2% of served AGEBs with 18334522 (Jaccard=0.81). Consolidation improves frequency without expanding coverage.,0.12790489664966037,,18334522,Merge 18334502 into 18334522; combine headways to improve service frequency.
18334522,shortcut,Route detour_ratio=1.55 > 1.5. Current route_km=18.7km; estimated shortcut=13.3km (straight_line_km=12.1km x 1.1).,0.1383635320803202,,,Replace detoured alignment with direct route between highest-demand endpoints (~13.3km).
18334536,retire,"Route has low demand-gain (f1=0.013, score=0.050) with no high-scoring overlapping route. Consider service reduction or rerouting to higher-demand corridor.",0.05033399765745395,,,Reduce frequency or retire 18334536; reallocate vehicles to higher-demand routes.
18334552,retire,"Route has low demand-gain (f1=0.007, score=0.069) with no high-scoring overlapping route. Consider service reduction or rerouting to higher-demand corridor.",0.06860157787605164,,,Reduce frequency or retire 18334552; reallocate vehicles to higher-demand routes.
18494515,merge,Route overlaps 71.4% of served AGEBs with 18794052 (Jaccard=0.71). Consolidation improves frequency without expanding coverage.,0.05287915625343545,,18794052,Merge 18494515 into 18794052; combine headways to improve service frequency.
18510029,merge,Route overlaps 60.0% of served AGEBs with 18794052 (Jaccard=0.60). Consolidation improves frequency without expanding coverage.,0.0633881082451769,,18794052,Merge 18510029 into 18794052; combine headways to improve service frequency.
18510108,merge,Route overlaps 61.9% of served AGEBs with 18334522 (Jaccard=0.62). Consolidation improves frequency without expanding coverage.,0.0653297289066013,,18334522,Merge 18510108 into 18334522; combine headways to improve service frequency.
18511109,merge,Route overlaps 70.8% of served AGEBs with 18510108 (Jaccard=0.71). Consolidation improves frequency without expanding coverage.,0.059903868161063106,,18510108,Merge 18511109 into 18510108; combine headways to improve service frequency.
18582498,merge,Route overlaps 63.2% of served AGEBs with 18878117 (Jaccard=0.63). Consolidation improves frequency without expanding coverage.,0.15510085839572718,,18878117,Merge 18582498 into 18878117; combine headways to improve service frequency.
18702473,merge,Route overlaps 60.6% of served AGEBs with 18769589 (Jaccard=0.61). Consolidation improves frequency without expanding coverage.,0.06756225750423714,,18769589,Merge 18702473 into 18769589; combine headways to improve service frequency.
18704711,merge,Route overlaps 68.4% of served AGEBs with 18796291 (Jaccard=0.68). Consolidation improves frequency without expanding coverage.,0.039471275819710834,,18796291,Merge 18704711 into 18796291; combine headways to improve service frequency.
18704717,merge,Route overlaps 68.4% of served AGEBs with 18796291 (Jaccard=0.68). Consolidation improves frequency without expanding coverage.,0.08084306378609951,,18796291,Merge 18704717 into 18796291; combine headways to improve service frequency.
18704763,merge,Route overlaps 68.4% of served AGEBs with 18796291 (Jaccard=0.68). Consolidation improves frequency without expanding coverage.,0.11884939073733328,,18796291,Merge 18704763 into 18796291; combine headways to improve service frequency.
18704775,merge,Route overlaps 68.4% of served AGEBs with 18796291 (Jaccard=0.68). Consolidation improves frequency without expanding coverage.,0.10111693534227248,,18796291,Merge 18704775 into 18796291; combine headways to improve service frequency.
18704787,merge,Route overlaps 75.0% of served AGEBs with 18768324 (Jaccard=0.75). Consolidation improves frequency without expanding coverage.,0.2091497972740089,,18768324,Merge 18704787 into 18768324; combine headways to improve service frequency.
18704821,merge,Route overlaps 61.9% of served AGEBs with 18709005 (Jaccard=0.62). Consolidation improves frequency without expanding coverage.,0.15355798273029142,,18709005,Merge 18704821 into 18709005; combine headways to improve service frequency.
18704854,merge,Route overlaps 73.9% of served AGEBs with 18289706 (Jaccard=0.74). Consolidation improves frequency without expanding coverage.,0.17290958287655944,,18289706,Merge 18704854 into 18289706; combine headways to improve service frequency.
18708785,merge,Route overlaps 63.6% of served AGEBs with 18709039 (Jaccard=0.64). Consolidation improves frequency without expanding coverage.,0.15864709668643828,,18709039,Merge 18708785 into 18709039; combine headways to improve service frequency.
18708963,merge,Route overlaps 70.6% of served AGEBs with 18266214 (Jaccard=0.71). Consolidation improves frequency without expanding coverage.,0.20329981079854345,,18266214,Merge 18708963 into 18266214; combine headways to improve service frequency.
18709005,retire,"Route has low demand-gain (f1=0.004, score=0.230) with no high-scoring overlapping route. Consider service reduction or rerouting to higher-demand corridor.",0.22982341615920274,,,Reduce frequency or retire 18709005; reallocate vehicles to higher-demand routes.
18709021,merge,Route overlaps 61.1% of served AGEBs with 18878117 (Jaccard=0.61). Consolidation improves frequency without expanding coverage.,0.13066658770236084,,18878117,Merge 18709021 into 18878117; combine headways to improve service frequency.
18709039,merge,Route overlaps 64.7% of served AGEBs with 18292019 (Jaccard=0.65). Consolidation improves frequency without expanding coverage.,0.20463376949714268,,18292019,Merge 18709039 into 18292019; combine headways to improve service frequency.
18709052,merge,Route overlaps 73.9% of served AGEBs with 18289706 (Jaccard=0.74). Consolidation improves frequency without expanding coverage.,0.1730890642807157,,18289706,Merge 18709052 into 18289706; combine headways to improve service frequency.
18709057,merge,Route overlaps 93.3% of served AGEBs with 18782084 (Jaccard=0.93). Consolidation improves frequency without expanding coverage.,0.17351010682632242,,18782084,Merge 18709057 into 18782084; combine headways to improve service frequency.
18709058,merge,Route overlaps 65.0% of served AGEBs with 18291954 (Jaccard=0.65). Consolidation improves frequency without expanding coverage.,0.05265455406350895,,18291954,Merge 18709058 into 18291954; combine headways to improve service frequency.
18709064,merge,Route overlaps 60.9% of served AGEBs with 18768823 (Jaccard=0.61). Consolidation improves frequency without expanding coverage.,0.08732717274272157,,18768823,Merge 18709064 into 18768823; combine headways to improve service frequency.
18709204,merge,Route overlaps 71.0% of served AGEBs with 18769589 (Jaccard=0.71). Consolidation improves frequency without expanding coverage.,0.0707660726251833,,18769589,Merge 18709204 into 18769589; combine headways to improve service frequency.
18709212,merge,Route overlaps 69.2% of served AGEBs with 18768823 (Jaccard=0.69). Consolidation improves frequency without expanding coverage.,0.060983374859178666,,18768823,Merge 18709212 into 18768823; combine headways to improve service frequency.
18709213,merge,Route overlaps 61.1% of served AGEBs with 18878117 (Jaccard=0.61). Consolidation improves frequency without expanding coverage.,0.13069203215589278,,18878117,Merge 18709213 into 18878117; combine headways to improve service frequency.
18709218,merge,Route overlaps 61.1% of served AGEBs with 18878117 (Jaccard=0.61). Consolidation improves frequency without expanding coverage.,0.18815040969528846,,18878117,Merge 18709218 into 18878117; combine headways to improve service frequency.
18718061,merge,Route overlaps 66.7% of served AGEBs with 18878117 (Jaccard=0.67). Consolidation improves frequency without expanding coverage.,0.1371241335588556,,18878117,Merge 18718061 into 18878117; combine headways to improve service frequency.
18718067,merge,Route overlaps 61.1% of served AGEBs with 18878117 (Jaccard=0.61). Consolidation improves frequency without expanding coverage.,0.18958160568015175,,18878117,Merge 18718067 into 18878117; combine headways to improve service frequency.
18718069,merge,Route overlaps 65.0% of served AGEBs with 18732705 (Jaccard=0.65). Consolidation improves frequency without expanding coverage.,0.17625946277892232,,18732705,Merge 18718069 into 18732705; combine headways to improve service frequency.
18722171,merge,Route overlaps 66.7% of served AGEBs with 18732705 (Jaccard=0.67). Consolidation improves frequency without expanding coverage.,0.17284908411884214,,18732705,Merge 18722171 into 18732705; combine headways to improve service frequency.
18732687,shortcut,Route detour_ratio=1.73 > 1.5. Current route_km=22.5km; estimated shortcut=14.3km (straight_line_km=13.0km x 1.1).,0.10519099935980633,,,Replace detoured alignment with direct route between highest-demand endpoints (~14.3km).
18732690,merge,Route overlaps 64.0% of served AGEBs with 18796309 (Jaccard=0.64). Consolidation improves frequency without expanding coverage.,0.09094949336120285,,18796309,Merge 18732690 into 18796309; combine headways to improve service frequency.
18732693,merge,Route overlaps 62.5% of served AGEBs with 18732687 (Jaccard=0.62). Consolidation improves frequency without expanding coverage.,0.08180539458732876,,18732687,Merge 18732693 into 18732687; combine headways to improve service frequency.
18732694,merge,Route overlaps 62.5% of served AGEBs with 18732687 (Jaccard=0.62). Consolidation improves frequency without expanding coverage.,0.09556804846528741,,18732687,Merge 18732694 into 18732687; combine headways to improve service frequency.
18732696,merge,Route overlaps 60.0% of served AGEBs with 18736934 (Jaccard=0.60). Consolidation improves frequency without expanding coverage.,0.09967275017246569,,18736934,Merge 18732696 into 18736934; combine headways to improve service frequency.
18732701,merge,Route overlaps 84.0% of served AGEBs with 18732704 (Jaccard=0.84). Consolidation improves frequency without expanding coverage.,0.09956620404166691,,18732704,Merge 18732701 into 18732704; combine headways to improve service frequency.
18732703,merge,Route overlaps 65.2% of served AGEBs with 18736622 (Jaccard=0.65). Consolidation improves frequency without expanding coverage.,0.14386179723896156,,18736622,Merge 18732703 into 18736622; combine headways to improve service frequency.
18732704,shortcut,Route detour_ratio=1.65 > 1.5. Current route_km=20.3km; estimated shortcut=13.6km (straight_line_km=12.3km x 1.1).,0.12350738452285616,,,Replace detoured alignment with direct route between highest-demand endpoints (~13.6km).
18732705,shortcut,Route detour_ratio=1.65 > 1.5. Current route_km=8.6km; estimated shortcut=5.8km (straight_line_km=5.2km x 1.1).,0.21092319039227203,,,Replace detoured alignment with direct route between highest-demand endpoints (~5.8km).
18732706,merge,Route overlaps 88.2% of served AGEBs with 18732705 (Jaccard=0.88). Consolidation improves frequency without expanding coverage.,0.20150880514590228,,18732705,Merge 18732706 into 18732705; combine headways to improve service frequency.
18735441,retire,"Route has low demand-gain (f1=0.009, score=0.135) with no high-scoring overlapping route. Consider service reduction or rerouting to higher-demand corridor.",0.13506273146975034,,,Reduce frequency or retire 18735441; reallocate vehicles to higher-demand routes.
18735446,merge,Route overlaps 95.8% of served AGEBs with 18735441 (Jaccard=0.96). Consolidation improves frequency without expanding coverage.,0.13253899509570982,,18735441,Merge 18735446 into 18735441; combine headways to improve service frequency.
18735457,merge,Route overlaps 60.0% of served AGEBs with 18212716 (Jaccard=0.60). Consolidation improves frequency without expanding coverage.,0.17008405673498994,,18212716,Merge 18735457 into 18212716; combine headways to improve service frequency.
18735466,merge,Route overlaps 66.7% of served AGEBs with 18212738 (Jaccard=0.67). Consolidation improves frequency without expanding coverage.,0.19829839634983715,,18212738,Merge 18735466 into 18212738; combine headways to improve service frequency.
18735497,merge,Route overlaps 100.0% of served AGEBs with 18334522 (Jaccard=1.00). Consolidation improves frequency without expanding coverage.,0.1309203432634297,,18334522,Merge 18735497 into 18334522; combine headways to improve service frequency.
18735536,merge,Route overlaps 72.2% of served AGEBs with 18334522 (Jaccard=0.72). Consolidation improves frequency without expanding coverage.,0.12840852399126182,,18334522,Merge 18735536 into 18334522; combine headways to improve service frequency.
18735566,shortcut,Route detour_ratio=1.62 > 1.5. Current route_km=24.2km; estimated shortcut=16.4km (straight_line_km=14.9km x 1.1).,0.11463404627529603,,,Replace detoured alignment with direct route between highest-demand endpoints (~16.4km).
18735575,shortcut,Route detour_ratio=1.65 > 1.5. Current route_km=23.5km; estimated shortcut=15.6km (straight_line_km=14.2km x 1.1).,0.12189520054360128,,,Replace detoured alignment with direct route between highest-demand endpoints (~15.6km).
18735597,merge,Route overlaps 65.2% of served AGEBs with 18736934 (Jaccard=0.65). Consolidation improves frequency without expanding coverage.,0.15839580971536743,,18736934,Merge 18735597 into 18736934; combine headways to improve service frequency.
18736621,merge,Route overlaps 62.5% of served AGEBs with 18736662 (Jaccard=0.62). Consolidation improves frequency without expanding coverage.,0.2249144056579847,,18736662,Merge 18736621 into 18736662; combine headways to improve service frequency.
18736622,retire,"Route has low demand-gain (f1=0.004, score=0.174) with no high-scoring overlapping route. Consider service reduction or rerouting to higher-demand corridor.",0.17408943302376742,,,Reduce frequency or retire 18736622; reallocate vehicles to higher-demand routes.
18736638,retire,"Route has low demand-gain (f1=0.015, score=0.160) with no high-scoring overlapping route. Consider service reduction or rerouting to higher-demand corridor.",0.15953803770806352,,,Reduce frequency or retire 18736638; reallocate vehicles to higher-demand routes.
18736640,merge,Route overlaps 66.7% of served AGEBs with 18736672 (Jaccard=0.67). Consolidation improves frequency without expanding coverage.,0.2334671305242858,,18736672,Merge 18736640 into 18736672; combine headways to improve service frequency.
18736641,shortcut,Route detour_ratio=1.61 > 1.5. Current route_km=21.1km; estimated shortcut=14.4km (straight_line_km=13.1km x 1.1).,0.1369455341213085,,,Replace detoured alignment with direct route between highest-demand endpoints (~14.4km).
18736642,merge,Route overlaps 68.4% of served AGEBs with 18732705 (Jaccard=0.68). Consolidation improves frequency without expanding coverage.,0.20948289396992145,,18732705,Merge 18736642 into 18732705; combine headways to improve service frequency.
18736662,merge,Route overlaps 84.6% of served AGEBs with 18736672 (Jaccard=0.85). Consolidation improves frequency without expanding coverage.,0.22874816597274436,,18736672,Merge 18736662 into 18736672; combine headways to improve service frequency.
18736672,retire,"Route has low demand-gain (f1=0.004, score=0.234) with no high-scoring overlapping route. Consider service reduction or rerouting to higher-demand corridor.",0.23420312885740385,,,Reduce frequency or retire 18736672; reallocate vehicles to higher-demand routes.
18736690,merge,Route overlaps 100.0% of served AGEBs with 18736694 (Jaccard=1.00). Consolidation improves frequency without expanding coverage.,0.2656639106335973,,18736694,Merge 18736690 into 18736694; combine headways to improve service frequency.
18736694,retire,"Route has low demand-gain (f1=0.022, score=0.266) with no high-scoring overlapping route. Consider service reduction or rerouting to higher-demand corridor.",0.2659860375914943,,,Reduce frequency or retire 18736694; reallocate vehicles to higher-demand routes.
18736695,shortcut,Route detour_ratio=1.81 > 1.5. Current route_km=19.6km; estimated shortcut=11.9km (straight_line_km=10.8km x 1.1).,0.13974419261404547,,,Replace detoured alignment with direct route between highest-demand endpoints (~11.9km).
18736703,retire,"Route has low demand-gain (f1=0.004, score=0.226) with no high-scoring overlapping route. Consider service reduction or rerouting to higher-demand corridor.",0.22634986410549268,,,Reduce frequency or retire 18736703; reallocate vehicles to higher-demand routes.
18736934,merge,Route overlaps 78.9% of served AGEBs with 18737003 (Jaccard=0.79). Consolidation improves frequency without expanding coverage.,0.1832758911064787,,18737003,Merge 18736934 into 18737003; combine headways to improve service frequency.
18736999,merge,Route overlaps 64.7% of served AGEBs with 18878117 (Jaccard=0.65). Consolidation improves frequency without expanding coverage.,0.13337995834795643,,18878117,Merge 18736999 into 18878117; combine headways to improve service frequency.
18737003,shortcut,Route detour_ratio=1.73 > 1.5. Current route_km=12.4km; estimated shortcut=7.9km (straight_line_km=7.2km x 1.1).,0.18885101285620634,,,Replace detoured alignment with direct route between highest-demand endpoints (~7.9km).
18737050,merge,Route overlaps 64.7% of served AGEBs with 18878117 (Jaccard=0.65). Consolidation improves frequency without expanding coverage.,0.133560617464083,,18878117,Merge 18737050 into 18878117; combine headways to improve service frequency.
18737087,merge,Route overlaps 60.0% of served AGEBs with 18736695 (Jaccard=0.60). Consolidation improves frequency without expanding coverage.,0.11303705143215065,,18736695,Merge 18737087 into 18736695; combine headways to improve service frequency.
18737153,merge,Route overlaps 60.0% of served AGEBs with 18794052 (Jaccard=0.60). Consolidation improves frequency without expanding coverage.,0.06909974879173868,,18794052,Merge 18737153 into 18794052; combine headways to improve service frequency.
18739303,merge,Route overlaps 66.7% of served AGEBs with 18794052 (Jaccard=0.67). Consolidation improves frequency without expanding coverage.,0.06545485556430722,,18794052,Merge 18739303 into 18794052; combine headways to improve service frequency.
18739338,merge,Route overlaps 79.2% of served AGEBs with 18739431 (Jaccard=0.79). Consolidation improves frequency without expanding coverage.,0.11508277773208091,,18739431,Merge 18739338 into 18739431; combine headways to improve service frequency.
18739350,merge,Route overlaps 79.2% of served AGEBs with 18739431 (Jaccard=0.79). Consolidation improves frequency without expanding coverage.,0.11508277773208091,,18739431,Merge 18739350 into 18739431; combine headways to improve service frequency.
18739358,merge,Route overlaps 83.3% of served AGEBs with 18739378 (Jaccard=0.83). Consolidation improves frequency without expanding coverage.,0.22387508101964887,,18739378,Merge 18739358 into 18739378; combine headways to improve service frequency.
18739365,merge,Route overlaps 65.5% of served AGEBs with 18739431 (Jaccard=0.66). Consolidation improves frequency without expanding coverage.,0.09277548619210857,,18739431,Merge 18739365 into 18739431; combine headways to improve service frequency.
18739378,retire,"Route has low demand-gain (f1=0.003, score=0.226) with no high-scoring overlapping route. Consider service reduction or rerouting to higher-demand corridor.",0.2260959160521594,,,Reduce frequency or retire 18739378; reallocate vehicles to higher-demand routes.
18739379,merge,Route overlaps 69.0% of served AGEBs with 18739431 (Jaccard=0.69). Consolidation improves frequency without expanding coverage.,0.0912954878597587,,18739431,Merge 18739379 into 18739431; combine headways to improve service frequency.
18739380,merge,Route overlaps 82.6% of served AGEBs with 18739431 (Jaccard=0.83). Consolidation improves frequency without expanding coverage.,0.06697994915051735,,18739431,Merge 18739380 into 18739431; combine headways to improve service frequency.
18739383,retire,"Route has low demand-gain (f1=0.005, score=0.206) with no high-scoring overlapping route. Consider service reduction or rerouting to higher-demand corridor.",0.20559930579115773,,,Reduce frequency or retire 18739383; reallocate vehicles to higher-demand routes.
18739384,merge,Route overlaps 62.5% of served AGEBs with 18794052 (Jaccard=0.62). Consolidation improves frequency without expanding coverage.,0.06616464276844863,,18794052,Merge 18739384 into 18794052; combine headways to improve service frequency.
18739385,merge,Route overlaps 69.2% of served AGEBs with 18739431 (Jaccard=0.69). Consolidation improves frequency without expanding coverage.,0.07639684116498943,,18739431,Merge 18739385 into 18739431; combine headways to improve service frequency.
18739396,retire,"Route has low demand-gain (f1=0.003, score=0.220) with no high-scoring overlapping route. Consider service reduction or rerouting to higher-demand corridor.",0.21974848103828193,,,Reduce frequency or retire 18739396; reallocate vehicles to higher-demand routes.
18739397,merge,Route overlaps 73.1% of served AGEBs with 18739431 (Jaccard=0.73). Consolidation improves frequency without expanding coverage.,0.07865840780016442,,18739431,Merge 18739397 into 18739431; combine headways to improve service frequency.
18739416,merge,Route overlaps 73.1% of served AGEBs with 18739431 (Jaccard=0.73). Consolidation improves frequency without expanding coverage.,0.07529811634021236,,18739431,Merge 18739416 into 18739431; combine headways to improve service frequency.
18739417,merge,Route overlaps 100.0% of served AGEBs with 18739434 (Jaccard=1.00). Consolidation improves frequency without expanding coverage.,0.30497498272676044,,18739434,Merge 18739417 into 18739434; combine headways to improve service frequency.
18739425,merge,Route overlaps 62.5% of served AGEBs with 18212736 (Jaccard=0.62). Consolidation improves frequency without expanding coverage.,0.17948392245180506,,18212736,Merge 18739425 into 18212736; combine headways to improve service frequency.
18739431,merge,Route overlaps 65.2% of served AGEBs with 18794052 (Jaccard=0.65). Consolidation improves frequency without expanding coverage.,0.15259925339163033,,18794052,Merge 18739431 into 18794052; combine headways to improve service frequency.
18739433,merge,Route overlaps 76.9% of served AGEBs with 18739431 (Jaccard=0.77). Consolidation improves frequency without expanding coverage.,0.07755847980429137,,18739431,Merge 18739433 into 18739431; combine headways to improve service frequency.
18739435,merge,Route overlaps 65.2% of served AGEBs with 18794052 (Jaccard=0.65). Consolidation improves frequency without expanding coverage.,0.15229860301071368,,18794052,Merge 18739435 into 18794052; combine headways to improve service frequency.
18739441,merge,Route overlaps 100.0% of served AGEBs with 18739386 (Jaccard=1.00). Consolidation improves frequency without expanding coverage.,0.35648064892720666,,18739386,Merge 18739441 into 18739386; combine headways to improve service frequency.
18739443,retire,"Route has low demand-gain (f1=0.000, score=0.000) with no high-scoring overlapping route. Consider service reduction or rerouting to higher-demand corridor.",0.0,,,Reduce frequency or retire 18739443; reallocate vehicles to higher-demand routes.
18739445,retire,"Route has low demand-gain (f1=0.000, score=0.000) with no high-scoring overlapping route. Consider service reduction or rerouting to higher-demand corridor.",0.0,,,Reduce frequency or retire 18739445; reallocate vehicles to higher-demand routes.
18739446,merge,Route overlaps 79.2% of served AGEBs with 18739431 (Jaccard=0.79). Consolidation improves frequency without expanding coverage.,0.10628291921899692,,18739431,Merge 18739446 into 18739431; combine headways to improve service frequency.
18739457,merge,Route overlaps 76.9% of served AGEBs with 18739431 (Jaccard=0.77). Consolidation improves frequency without expanding coverage.,0.08417665066346741,,18739431,Merge 18739457 into 18739431; combine headways to improve service frequency.
18739458,merge,Route overlaps 82.4% of served AGEBs with 18739396 (Jaccard=0.82). Consolidation improves frequency without expanding coverage.,0.20063120344439878,,18739396,Merge 18739458 into 18739396; combine headways to improve service frequency.
18739462,merge,Route overlaps 79.2% of served AGEBs with 18739431 (Jaccard=0.79). Consolidation improves frequency without expanding coverage.,0.10628291921899692,,18739431,Merge 18739462 into 18739431; combine headways to improve service frequency.
18739465,merge,Route overlaps 64.0% of served AGEBs with 18212742 (Jaccard=0.64). Consolidation improves frequency without expanding coverage.,0.0900244268639997,,18212742,Merge 18739465 into 18212742; combine headways to improve service frequency.
18739470,merge,Route overlaps 74.1% of served AGEBs with 18739431 (Jaccard=0.74). Consolidation improves frequency without expanding coverage.,0.08276533110642215,,18739431,Merge 18739470 into 18739431; combine headways to improve service frequency.
18739473,shortcut,Route detour_ratio=1.56 > 1.5. Current route_km=18.8km; estimated shortcut=13.2km (straight_line_km=12.0km x 1.1).,0.13190421819565168,,,Replace detoured alignment with direct route between highest-demand endpoints (~13.2km).
18739474,merge,Route overlaps 70.4% of served AGEBs with 18739557 (Jaccard=0.70). Consolidation improves frequency without expanding coverage.,0.10719183388697184,,18739557,Merge 18739474 into 18739557; combine headways to improve service frequency.
18739475,merge,Route overlaps 69.6% of served AGEBs with 18212742 (Jaccard=0.70). Consolidation improves frequency without expanding coverage.,0.1015730966205795,,18212742,Merge 18739475 into 18212742; combine headways to improve service frequency.
18739483,merge,Route overlaps 68.4% of served AGEBs with 18796291 (Jaccard=0.68). Consolidation improves frequency without expanding coverage.,0.039471275819710834,,18796291,Merge 18739483 into 18796291; combine headways to improve service frequency.
18739502,merge,Route overlaps 82.6% of served AGEBs with 18739431 (Jaccard=0.83). Consolidation improves frequency without expanding coverage.,0.08586717592020107,,18739431,Merge 18739502 into 18739431; combine headways to improve service frequency.
18739503,merge,Route overlaps 60.9% of served AGEBs with 18794052 (Jaccard=0.61). Consolidation improves frequency without expanding coverage.,0.03891726740000293,,18794052,Merge 18739503 into 18794052; combine headways to improve service frequency.
18739505,merge,Route overlaps 64.0% of served AGEBs with 18212742 (Jaccard=0.64). Consolidation improves frequency without expanding coverage.,0.08857921277913605,,18212742,Merge 18739505 into 18212742; combine headways to improve service frequency.
18739516,merge,Route overlaps 60.9% of served AGEBs with 18794052 (Jaccard=0.61). Consolidation improves frequency without expanding coverage.,0.03891726740000293,,18794052,Merge 18739516 into 18794052; combine headways to improve service frequency.
18739518,merge,Route overlaps 69.6% of served AGEBs with 18212742 (Jaccard=0.70). Consolidation improves frequency without expanding coverage.,0.09846711944686484,,18212742,Merge 18739518 into 18212742; combine headways to improve service frequency.
18739519,merge,Route overlaps 62.5% of served AGEBs with 18794052 (Jaccard=0.62). Consolidation improves frequency without expanding coverage.,0.08046128600973176,,18794052,Merge 18739519 into 18794052; combine headways to improve service frequency.
18739527,merge,Route overlaps 95.5% of served AGEBs with 18739473 (Jaccard=0.95). Consolidation improves frequency without expanding coverage.,0.11392467046389279,,18739473,Merge 18739527 into 18739473; combine headways to improve service frequency.
18739528,merge,Route overlaps 65.0% of served AGEBs with 18796291 (Jaccard=0.65). Consolidation improves frequency without expanding coverage.,0.052760086585837085,,18796291,Merge 18739528 into 18796291; combine headways to improve service frequency.
18739535,merge,Route overlaps 68.4% of served AGEBs with 18796291 (Jaccard=0.68). Consolidation improves frequency without expanding coverage.,0.039471275819710834,,18796291,Merge 18739535 into 18796291; combine headways to improve service frequency.
18739537,merge,Route overlaps 82.6% of served AGEBs with 18739431 (Jaccard=0.83). Consolidation improves frequency without expanding coverage.,0.06754107642664538,,18739431,Merge 18739537 into 18739431; combine headways to improve service frequency.
18739547,merge,Route overlaps 82.8% of served AGEBs with 18266201 (Jaccard=0.83). Consolidation improves frequency without expanding coverage.,0.10179937714067633,,18266201,Merge 18739547 into 18266201; combine headways to improve service frequency.
18739557,retire,"Route has low demand-gain (f1=0.003, score=0.111) with no high-scoring overlapping route. Consider service reduction or rerouting to higher-demand corridor.",0.11141860385628055,,,Reduce frequency or retire 18739557; reallocate vehicles to higher-demand routes.
18739558,merge,Route overlaps 85.7% of served AGEBs with 18292016 (Jaccard=0.86). Consolidation improves frequency without expanding coverage.,0.11199203609618576,,18292016,Merge 18739558 into 18292016; combine headways to improve service frequency.
18739561,merge,Route overlaps 62.5% of served AGEBs with 18794052 (Jaccard=0.62). Consolidation improves frequency without expanding coverage.,0.06666264498958566,,18794052,Merge 18739561 into 18794052; combine headways to improve service frequency.
18739571,shortcut,Route detour_ratio=1.54 > 1.5. Current route_km=11.5km; estimated shortcut=8.2km (straight_line_km=7.5km x 1.1).,0.20822902944581995,,,Replace detoured alignment with direct route between highest-demand endpoints (~8.2km).
18739624,merge,Route overlaps 68.4% of served AGEBs with 18796291 (Jaccard=0.68). Consolidation improves frequency without expanding coverage.,0.039471275819710834,,18796291,Merge 18739624 into 18796291; combine headways to improve service frequency.
18739673,merge,Route overlaps 60.9% of served AGEBs with 18794052 (Jaccard=0.61). Consolidation improves frequency without expanding coverage.,0.03891726740000293,,18794052,Merge 18739673 into 18794052; combine headways to improve service frequency.
18756034,merge,Route overlaps 81.0% of served AGEBs with 18704763 (Jaccard=0.81). Consolidation improves frequency without expanding coverage.,0.05050079347694865,,18704763,Merge 18756034 into 18704763; combine headways to improve service frequency.
18756038,merge,Route overlaps 65.0% of served AGEBs with 18796291 (Jaccard=0.65). Consolidation improves frequency without expanding coverage.,0.05327199783535898,,18796291,Merge 18756038 into 18796291; combine headways to improve service frequency.
18756044,merge,Route overlaps 85.0% of served AGEBs with 18704763 (Jaccard=0.85). Consolidation improves frequency without expanding coverage.,0.06076973108945277,,18704763,Merge 18756044 into 18704763; combine headways to improve service frequency.
18756184,merge,Route overlaps 68.4% of served AGEBs with 18796291 (Jaccard=0.68). Consolidation improves frequency without expanding coverage.,0.05765503284433271,,18796291,Merge 18756184 into 18796291; combine headways to improve service frequency.
18756212,merge,Route overlaps 61.9% of served AGEBs with 18796291 (Jaccard=0.62). Consolidation improves frequency without expanding coverage.,0.0537998904627148,,18796291,Merge 18756212 into 18796291; combine headways to improve service frequency.
18756216,merge,Route overlaps 68.4% of served AGEBs with 18796291 (Jaccard=0.68). Consolidation improves frequency without expanding coverage.,0.039471275819710834,,18796291,Merge 18756216 into 18796291; combine headways to improve service frequency.
18756218,merge,Route overlaps 61.9% of served AGEBs with 18796291 (Jaccard=0.62). Consolidation improves frequency without expanding coverage.,0.038297159748584025,,18796291,Merge 18756218 into 18796291; combine headways to improve service frequency.
18756221,merge,Route overlaps 68.4% of served AGEBs with 18796291 (Jaccard=0.68). Consolidation improves frequency without expanding coverage.,0.05084078094727615,,18796291,Merge 18756221 into 18796291; combine headways to improve service frequency.
18765970,merge,Route overlaps 75.0% of served AGEBs with 18739571 (Jaccard=0.75). Consolidation improves frequency without expanding coverage.,0.19941788076991807,,18739571,Merge 18765970 into 18739571; combine headways to improve service frequency.
18765971,merge,Route overlaps 68.4% of served AGEBs with 18796291 (Jaccard=0.68). Consolidation improves frequency without expanding coverage.,0.039471275819710834,,18796291,Merge 18765971 into 18796291; combine headways to improve service frequency.
18765983,merge,Route overlaps 61.9% of served AGEBs with 18796291 (Jaccard=0.62). Consolidation improves frequency without expanding coverage.,0.044729545210218075,,18796291,Merge 18765983 into 18796291; combine headways to improve service frequency.
18765988,merge,Route overlaps 88.0% of served AGEBs with 18765996 (Jaccard=0.88). Consolidation improves frequency without expanding coverage.,0.17550176586010088,,18765996,Merge 18765988 into 18765996; combine headways to improve service frequency.
18765996,retire,"Route has low demand-gain (f1=0.003, score=0.189) with no high-scoring overlapping route. Consider service reduction or rerouting to higher-demand corridor.",0.1894776475501086,,,Reduce frequency or retire 18765996; reallocate vehicles to higher-demand routes.
18766238,merge,Route overlaps 77.8% of served AGEBs with 18878117 (Jaccard=0.78). Consolidation improves frequency without expanding coverage.,0.19898698770473722,,18878117,Merge 18766238 into 18878117; combine headways to improve service frequency.
18766349,merge,Route overlaps 68.4% of served AGEBs with 18796291 (Jaccard=0.68). Consolidation improves frequency without expanding coverage.,0.039471275819710834,,18796291,Merge 18766349 into 18796291; combine headways to improve service frequency.
18766356,merge,Route overlaps 61.9% of served AGEBs with 18796291 (Jaccard=0.62). Consolidation improves frequency without expanding coverage.,0.038297159748584025,,18796291,Merge 18766356 into 18796291; combine headways to improve service frequency.
18766357,merge,Route overlaps 76.2% of served AGEBs with 18794052 (Jaccard=0.76). Consolidation improves frequency without expanding coverage.,0.04994127541867102,,18794052,Merge 18766357 into 18794052; combine headways to improve service frequency.
18766358,merge,Route overlaps 71.4% of served AGEBs with 18794052 (Jaccard=0.71). Consolidation improves frequency without expanding coverage.,0.04977585742478868,,18794052,Merge 18766358 into 18794052; combine headways to improve service frequency.
18766365,merge,Route overlaps 65.4% of served AGEBs with 18794052 (Jaccard=0.65). Consolidation improves frequency without expanding coverage.,0.07687993558383134,,18794052,Merge 18766365 into 18794052; combine headways to improve service frequency.
18766368,merge,Route overlaps 80.0% of served AGEBs with 18268510 (Jaccard=0.80). Consolidation improves frequency without expanding coverage.,0.053439899134816365,,18268510,Merge 18766368 into 18268510; combine headways to improve service frequency.
18766369,merge,Route overlaps 68.0% of served AGEBs with 18794052 (Jaccard=0.68). Consolidation improves frequency without expanding coverage.,0.059433697254144394,,18794052,Merge 18766369 into 18794052; combine headways to improve service frequency.
18766370,merge,Route overlaps 65.2% of served AGEBs with 18794052 (Jaccard=0.65). Consolidation improves frequency without expanding coverage.,0.05764132403896563,,18794052,Merge 18766370 into 18794052; combine headways to improve service frequency.
18766373,merge,Route overlaps 61.9% of served AGEBs with 18796291 (Jaccard=0.62). Consolidation improves frequency without expanding coverage.,0.05797088688467003,,18796291,Merge 18766373 into 18796291; combine headways to improve service frequency.
18766376,merge,Route overlaps 60.0% of served AGEBs with 18794052 (Jaccard=0.60). Consolidation improves frequency without expanding coverage.,0.06028515190935111,,18794052,Merge 18766376 into 18794052; combine headways to improve service frequency.
18766377,merge,Route overlaps 77.8% of served AGEBs with 18878117 (Jaccard=0.78). Consolidation improves frequency without expanding coverage.,0.19901242158765314,,18878117,Merge 18766377 into 18878117; combine headways to improve service frequency.
18766381,merge,Route overlaps 81.2% of served AGEBs with 18782084 (Jaccard=0.81). Consolidation improves frequency without expanding coverage.,0.17699735602015898,,18782084,Merge 18766381 into 18782084; combine headways to improve service frequency.
18766382,merge,Route overlaps 73.9% of served AGEBs with 18794052 (Jaccard=0.74). Consolidation improves frequency without expanding coverage.,0.05686712620022492,,18794052,Merge 18766382 into 18794052; combine headways to improve service frequency.
18766389,shortcut,Route detour_ratio=1.67 > 1.5. Current route_km=20.6km; estimated shortcut=13.6km (straight_line_km=12.4km x 1.1).,0.13336772898266783,,,Replace detoured alignment with direct route between highest-demand endpoints (~13.6km).
18766391,merge,Route overlaps 70.4% of served AGEBs with 18766389 (Jaccard=0.70). Consolidation improves frequency without expanding coverage.,0.12722068995257874,,18766389,Merge 18766391 into 18766389; combine headways to improve service frequency.
18768312,merge,Route overlaps 68.2% of served AGEBs with 18874884 (Jaccard=0.68). Consolidation improves frequency without expanding coverage.,0.1602141900036195,,18874884,Merge 18768312 into 18874884; combine headways to improve service frequency.
18768314,merge,Route overlaps 63.6% of served AGEBs with 18874884 (Jaccard=0.64). Consolidation improves frequency without expanding coverage.,0.16067948264346307,,18874884,Merge 18768314 into 18874884; combine headways to improve service frequency.
18768324,retire,"Route has low demand-gain (f1=0.004, score=0.213) with no high-scoring overlapping route. Consider service reduction or rerouting to higher-demand corridor.",0.21299442862694554,,,Reduce frequency or retire 18768324; reallocate vehicles to higher-demand routes.
18768395,merge,Route overlaps 93.8% of served AGEBs with 18768324 (Jaccard=0.94). Consolidation improves frequency without expanding coverage.,0.18797542305296622,,18768324,Merge 18768395 into 18768324; combine headways to improve service frequency.
18768446,merge,Route overlaps 86.4% of served AGEBs with 18768818 (Jaccard=0.86). Consolidation improves frequency without expanding coverage.,0.1239535721201181,,18768818,Merge 18768446 into 18768818; combine headways to improve service frequency.
18768458,merge,Route overlaps 69.6% of served AGEBs with 18768823 (Jaccard=0.70). Consolidation improves frequency without expanding coverage.,0.128975010768604,,18768823,Merge 18768458 into 18768823; combine headways to improve service frequency.
18768725,shortcut,Route detour_ratio=1.93 > 1.5. Current route_km=17.0km; estimated shortcut=9.7km (straight_line_km=8.8km x 1.1).,0.15171925041191353,,,Replace detoured alignment with direct route between highest-demand endpoints (~9.7km).
18768791,merge,Route overlaps 100.0% of served AGEBs with 18768725 (Jaccard=1.00). Consolidation improves frequency without expanding coverage.,0.1458791426779221,,18768725,Merge 18768791 into 18768725; combine headways to improve service frequency.
18768803,retire,"Route has low demand-gain (f1=0.003, score=0.152) with no high-scoring overlapping route. Consider service reduction or rerouting to higher-demand corridor.",0.15184800765624928,,,Reduce frequency or retire 18768803; reallocate vehicles to higher-demand routes.
18768813,retire,"Route has low demand-gain (f1=0.004, score=0.143) with no high-scoring overlapping route. Consider service reduction or rerouting to higher-demand corridor.",0.14325858247778225,,,Reduce frequency or retire 18768813; reallocate vehicles to higher-demand routes.
18768818,retire,"Route has low demand-gain (f1=0.007, score=0.141) with no high-scoring overlapping route. Consider service reduction or rerouting to higher-demand corridor.",0.14111106404285675,,,Reduce frequency or retire 18768818; reallocate vehicles to higher-demand routes.
18768823,retire,"Route has low demand-gain (f1=0.009, score=0.151) with no high-scoring overlapping route. Consider service reduction or rerouting to higher-demand corridor.",0.1511594350364885,,,Reduce frequency or retire 18768823; reallocate vehicles to higher-demand routes.
18768889,shortcut,Route detour_ratio=2.00 > 1.5. Current route_km=22.5km; estimated shortcut=12.4km (straight_line_km=11.3km x 1.1).,0.11246587108851125,,,Replace detoured alignment with direct route between highest-demand endpoints (~12.4km).
18768918,merge,Route overlaps 83.9% of served AGEBs with 18768889 (Jaccard=0.84). Consolidation improves frequency without expanding coverage.,0.08716864693910861,,18768889,Merge 18768918 into 18768889; combine headways to improve service frequency.
18769524,merge,Route overlaps 86.4% of served AGEBs with 18768818 (Jaccard=0.86). Consolidation improves frequency without expanding coverage.,0.1297153058094972,,18768818,Merge 18769524 into 18768818; combine headways to improve service frequency.
18769527,merge,Route overlaps 64.0% of served AGEBs with 18768823 (Jaccard=0.64). Consolidation improves frequency without expanding coverage.,0.1404562339327595,,18768823,Merge 18769527 into 18768823; combine headways to improve service frequency.
18769548,merge,Route overlaps 60.0% of served AGEBs with 18769524 (Jaccard=0.60). Consolidation improves frequency without expanding coverage.,0.05221798486253881,,18769524,Merge 18769548 into 18769524; combine headways to improve service frequency.
18769577,merge,Route overlaps 72.4% of served AGEBs with 18769527 (Jaccard=0.72). Consolidation improves frequency without expanding coverage.,0.05485960191098731,,18769527,Merge 18769577 into 18769527; combine headways to improve service frequency.
18769578,retire,"Route has low demand-gain (f1=0.003, score=0.120) with no high-scoring overlapping route. Consider service reduction or rerouting to higher-demand corridor.",0.11997011527665942,,,Reduce frequency or retire 18769578; reallocate vehicles to higher-demand routes.
18769580,merge,Route overlaps 81.0% of served AGEBs with 18794052 (Jaccard=0.81). Consolidation improves frequency without expanding coverage.,0.049803447403835896,,18794052,Merge 18769580 into 18794052; combine headways to improve service frequency.
18769581,merge,Route overlaps 66.7% of served AGEBs with 18768818 (Jaccard=0.67). Consolidation improves frequency without expanding coverage.,0.10081893481760414,,18768818,Merge 18769581 into 18768818; combine headways to improve service frequency.
18769588,merge,Route overlaps 61.3% of served AGEBs with 18840584 (Jaccard=0.61). Consolidation improves frequency without expanding coverage.,0.08158522575316227,,18840584,Merge 18769588 into 18840584; combine headways to improve service frequency.
18769589,merge,Route overlaps 64.0% of served AGEBs with 18768823 (Jaccard=0.64). Consolidation improves frequency without expanding coverage.,0.10270793729303604,,18768823,Merge 18769589 into 18768823; combine headways to improve service frequency.
18769593,shortcut,Route detour_ratio=1.61 > 1.5. Current route_km=25.5km; estimated shortcut=17.4km (straight_line_km=15.8km x 1.1).,0.07591357606198781,,,Replace detoured alignment with direct route between highest-demand endpoints (~17.4km).
18769626,merge,Route overlaps 77.8% of served AGEBs with 18769641 (Jaccard=0.78). Consolidation improves frequency without expanding coverage.,0.11994512711240754,,18769641,Merge 18769626 into 18769641; combine headways to improve service frequency.
18769629,merge,Route overlaps 85.7% of served AGEBs with 18769698 (Jaccard=0.86). Consolidation improves frequency without expanding coverage.,0.13649463714758814,,18769698,Merge 18769629 into 18769698; combine headways to improve service frequency.
18769641,retire,"Route has low demand-gain (f1=0.003, score=0.130) with no high-scoring overlapping route. Consider service reduction or rerouting to higher-demand corridor.",0.1301541012516414,,,Reduce frequency or retire 18769641; reallocate vehicles to higher-demand routes.
18769647,merge,Route overlaps 63.3% of served AGEBs with 18840584 (Jaccard=0.63). Consolidation improves frequency without expanding coverage.,0.07939838224155438,,18840584,Merge 18769647 into 18840584; combine headways to improve service frequency.
18769649,merge,Route overlaps 63.3% of served AGEBs with 18768818 (Jaccard=0.63). Consolidation improves frequency without expanding coverage.,0.05869936070844728,,18768818,Merge 18769649 into 18768818; combine headways to improve service frequency.
18769664,merge,Route overlaps 61.7% of served AGEBs with 18769578 (Jaccard=0.62). Consolidation improves frequency without expanding coverage.,0.04539566244437027,,18769578,Merge 18769664 into 18769578; combine headways to improve service frequency.
18769670,merge,Route overlaps 66.7% of served AGEBs with 18768823 (Jaccard=0.67). Consolidation improves frequency without expanding coverage.,0.1303297225763772,,18768823,Merge 18769670 into 18768823; combine headways to improve service frequency.
18769675,merge,Route overlaps 64.1% of served AGEBs with 18769641 (Jaccard=0.64). Consolidation improves frequency without expanding coverage.,0.10354057304047815,,18769641,Merge 18769675 into 18769641; combine headways to improve service frequency.
18769686,merge,Route overlaps 62.5% of served AGEBs with 18794052 (Jaccard=0.62). Consolidation improves frequency without expanding coverage.,0.060489882277503244,,18794052,Merge 18769686 into 18794052; combine headways to improve service frequency.
18769687,merge,Route overlaps 73.9% of served AGEBs with 18794052 (Jaccard=0.74). Consolidation improves frequency without expanding coverage.,0.05322567897983865,,18794052,Merge 18769687 into 18794052; combine headways to improve service frequency.
18769689,retire,"Route has low demand-gain (f1=0.003, score=0.131) with no high-scoring overlapping route. Consider service reduction or rerouting to higher-demand corridor.",0.13096494355257685,,,Reduce frequency or retire 18769689; reallocate vehicles to higher-demand routes.
18769693,merge,Route overlaps 70.8% of served AGEBs with 18794052 (Jaccard=0.71). Consolidation improves frequency without expanding coverage.,0.059603621517149916,,18794052,Merge 18769693 into 18794052; combine headways to improve service frequency.
18769698,shortcut,Route detour_ratio=1.83 > 1.5. Current route_km=18.7km; estimated shortcut=11.2km (straight_line_km=10.2km x 1.1).,0.1423258273884159,,,Replace detoured alignment with direct route between highest-demand endpoints (~11.2km).
18769705,merge,Route overlaps 65.2% of served AGEBs with 18794052 (Jaccard=0.65). Consolidation improves frequency without expanding coverage.,0.053606385718717384,,18794052,Merge 18769705 into 18794052; combine headways to improve service frequency.
18769707,merge,Route overlaps 68.2% of served AGEBs with 18794052 (Jaccard=0.68). Consolidation improves frequency without expanding coverage.,0.0539662891470442,,18794052,Merge 18769707 into 18794052; combine headways to improve service frequency.
18769713,merge,Route overlaps 75.0% of served AGEBs with 18769527 (Jaccard=0.75). Consolidation improves frequency without expanding coverage.,0.05710158499717951,,18769527,Merge 18769713 into 18769527; combine headways to improve service frequency.
18769725,merge,Route overlaps 95.8% of served AGEBs with 18769885 (Jaccard=0.96). Consolidation improves frequency without expanding coverage.,0.1796394669009471,,18769885,Merge 18769725 into 18769885; combine headways to improve service frequency.
18769798,merge,Route overlaps 77.3% of served AGEBs with 18794052 (Jaccard=0.77). Consolidation improves frequency without expanding coverage.,0.049365589927299815,,18794052,Merge 18769798 into 18794052; combine headways to improve service frequency.
18769803,merge,Route overlaps 61.5% of served AGEBs with 18769524 (Jaccard=0.61). Consolidation improves frequency without expanding coverage.,0.10850790595296365,,18769524,Merge 18769803 into 18769524; combine headways to improve service frequency.
18769840,merge,Route overlaps 62.5% of served AGEBs with 18794052 (Jaccard=0.62). Consolidation improves frequency without expanding coverage.,0.06931966652736124,,18794052,Merge 18769840 into 18794052; combine headways to improve service frequency.
18769849,merge,Route overlaps 70.8% of served AGEBs with 18794052 (Jaccard=0.71). Consolidation improves frequency without expanding coverage.,0.06089880239415897,,18794052,Merge 18769849 into 18794052; combine headways to improve service frequency.
18769861,merge,Route overlaps 61.9% of served AGEBs with 18582498 (Jaccard=0.62). Consolidation improves frequency without expanding coverage.,0.05820755084691322,,18582498,Merge 18769861 into 18582498; combine headways to improve service frequency.
18769863,merge,Route overlaps 70.8% of served AGEBs with 18794052 (Jaccard=0.71). Consolidation improves frequency without expanding coverage.,0.057018809347559665,,18794052,Merge 18769863 into 18794052; combine headways to improve service frequency.
18769866,retire,"Route has low demand-gain (f1=0.007, score=0.112) with no high-scoring overlapping route. Consider service reduction or rerouting to higher-demand corridor.",0.11199564052955763,,,Reduce frequency or retire 18769866; reallocate vehicles to higher-demand routes.
18769875,merge,Route overlaps 61.9% of served AGEBs with 18718061 (Jaccard=0.62). Consolidation improves frequency without expanding coverage.,0.07535257260935375,,18718061,Merge 18769875 into 18718061; combine headways to improve service frequency.
18769885,retire,"Route has low demand-gain (f1=0.006, score=0.182) with no high-scoring overlapping route. Consider service reduction or rerouting to higher-demand corridor.",0.18194090196990795,,,Reduce frequency or retire 18769885; reallocate vehicles to higher-demand routes.
18770036,merge,Route overlaps 60.0% of served AGEBs with 18212752 (Jaccard=0.60). Consolidation improves frequency without expanding coverage.,0.11855704100588493,,18212752,Merge 18770036 into 18212752; combine headways to improve service frequency.
18779546,merge,Route overlaps 61.9% of served AGEBs with 18718061 (Jaccard=0.62). Consolidation improves frequency without expanding coverage.,0.06321454539011151,,18718061,Merge 18779546 into 18718061; combine headways to improve service frequency.
18781276,merge,Route overlaps 61.9% of served AGEBs with 18796291 (Jaccard=0.62). Consolidation improves frequency without expanding coverage.,0.09616976890175921,,18796291,Merge 18781276 into 18796291; combine headways to improve service frequency.
18781288,merge,Route overlaps 65.0% of served AGEBs with 18796291 (Jaccard=0.65). Consolidation improves frequency without expanding coverage.,0.09349184827448405,,18796291,Merge 18781288 into 18796291; combine headways to improve service frequency.
18781310,merge,Route overlaps 61.5% of served AGEBs with 18794052 (Jaccard=0.61). Consolidation improves frequency without expanding coverage.,0.07815766361634469,,18794052,Merge 18781310 into 18794052; combine headways to improve service frequency.
18782084,shortcut,Route detour_ratio=1.59 > 1.5. Current route_km=15.3km; estimated shortcut=10.6km (straight_line_km=9.6km x 1.1).,0.17883701857226636,,,Replace detoured alignment with direct route between highest-demand endpoints (~10.6km).
18782085,merge,Route overlaps 73.9% of served AGEBs with 18878155 (Jaccard=0.74). Consolidation improves frequency without expanding coverage.,0.09927981179317602,,18878155,Merge 18782085 into 18878155; combine headways to improve service frequency.
18782088,merge,Route overlaps 75.0% of served AGEBs with 18212752 (Jaccard=0.75). Consolidation improves frequency without expanding coverage.,0.06975433786960356,,18212752,Merge 18782088 into 18212752; combine headways to improve service frequency.
18782097,merge,Route overlaps 75.0% of served AGEBs with 18212752 (Jaccard=0.75). Consolidation improves frequency without expanding coverage.,0.06975433786960356,,18212752,Merge 18782097 into 18212752; combine headways to improve service frequency.
18782104,merge,Route overlaps 65.2% of served AGEBs with 18794052 (Jaccard=0.65). Consolidation improves frequency without expanding coverage.,0.06260858906423418,,18794052,Merge 18782104 into 18794052; combine headways to improve service frequency.
18782127,merge,Route overlaps 77.3% of served AGEBs with 18794052 (Jaccard=0.77). Consolidation improves frequency without expanding coverage.,0.04401887940126506,,18794052,Merge 18782127 into 18794052; combine headways to improve service frequency.
18782137,merge,Route overlaps 69.0% of served AGEBs with 18781310 (Jaccard=0.69). Consolidation improves frequency without expanding coverage.,0.07147610813858837,,18781310,Merge 18782137 into 18781310; combine headways to improve service frequency.
18782420,merge,Route overlaps 65.4% of served AGEBs with 18794052 (Jaccard=0.65). Consolidation improves frequency without expanding coverage.,0.06973469492054883,,18794052,Merge 18782420 into 18794052; combine headways to improve service frequency.
18785813,merge,Route overlaps 65.2% of served AGEBs with 18794052 (Jaccard=0.65). Consolidation improves frequency without expanding coverage.,0.07256541176724837,,18794052,Merge 18785813 into 18794052; combine headways to improve service frequency.
18786512,merge,Route overlaps 66.7% of served AGEBs with 18794052 (Jaccard=0.67). Consolidation improves frequency without expanding coverage.,0.06388103347929648,,18794052,Merge 18786512 into 18794052; combine headways to improve service frequency.
18786516,merge,Route overlaps 70.8% of served AGEBs with 18794052 (Jaccard=0.71). Consolidation improves frequency without expanding coverage.,0.06322328212463096,,18794052,Merge 18786516 into 18794052; combine headways to improve service frequency.
18793997,merge,Route overlaps 100.0% of served AGEBs with 18794003 (Jaccard=1.00). Consolidation improves frequency without expanding coverage.,0.3275235850015707,,18794003,Merge 18793997 into 18794003; combine headways to improve service frequency.
18794052,merge,Route overlaps 61.9% of served AGEBs with 18736642 (Jaccard=0.62). Consolidation improves frequency without expanding coverage.,0.1893197231656247,,18736642,Merge 18794052 into 18736642; combine headways to improve service frequency.
18794130,merge,Route overlaps 69.6% of served AGEBs with 18794052 (Jaccard=0.70). Consolidation improves frequency without expanding coverage.,0.05607773529431323,,18794052,Merge 18794130 into 18794052; combine headways to improve service frequency.
18796176,merge,Route overlaps 66.7% of served AGEBs with 18794003 (Jaccard=0.67). Consolidation improves frequency without expanding coverage.,0.32106300204429744,,18794003,Merge 18796176 into 18794003; combine headways to improve service frequency.
18796179,merge,Route overlaps 81.0% of served AGEBs with 18794052 (Jaccard=0.81). Consolidation improves frequency without expanding coverage.,0.049803447403835896,,18794052,Merge 18796179 into 18794052; combine headways to improve service frequency.
18796181,shortcut,Route detour_ratio=1.61 > 1.5. Current route_km=15.4km; estimated shortcut=10.5km (straight_line_km=9.5km x 1.1).,0.27139417628992085,,,Replace detoured alignment with direct route between highest-demand endpoints (~10.5km).
18796182,merge,Route overlaps 61.9% of served AGEBs with 18718061 (Jaccard=0.62). Consolidation improves frequency without expanding coverage.,0.0611515948144659,,18718061,Merge 18796182 into 18718061; combine headways to improve service frequency.
18796193,merge,Route overlaps 73.9% of served AGEBs with 18794052 (Jaccard=0.74). Consolidation improves frequency without expanding coverage.,0.08347133985928562,,18794052,Merge 18796193 into 18794052; combine headways to improve service frequency.
18796194,merge,Route overlaps 60.0% of served AGEBs with 18794052 (Jaccard=0.60). Consolidation improves frequency without expanding coverage.,0.09733533973656455,,18794052,Merge 18796194 into 18794052; combine headways to improve service frequency.
18796201,shortcut,Route detour_ratio=1.68 > 1.5. Current route_km=12.4km; estimated shortcut=8.1km (straight_line_km=7.4km x 1.1).,0.3019007800991483,,,Replace detoured alignment with direct route between highest-demand endpoints (~8.1km).
18796202,merge,Route overlaps 68.0% of served AGEBs with 18794052 (Jaccard=0.68). Consolidation improves frequency without expanding coverage.,0.08670480155775798,,18794052,Merge 18796202 into 18794052; combine headways to improve service frequency.
18796207,merge,Route overlaps 66.7% of served AGEBs with 18796213 (Jaccard=0.67). Consolidation improves frequency without expanding coverage.,0.1484206001585841,,18796213,Merge 18796207 into 18796213; combine headways to improve service frequency.
18796208,merge,Route overlaps 65.2% of served AGEBs with 18794052 (Jaccard=0.65). Consolidation improves frequency without expanding coverage.,0.05997062735705181,,18794052,Merge 18796208 into 18794052; combine headways to improve service frequency.
18796211,shortcut,Route detour_ratio=1.84 > 1.5. Current route_km=18.7km; estimated shortcut=11.2km (straight_line_km=10.1km x 1.1).,0.13962657724648408,,,Replace detoured alignment with direct route between highest-demand endpoints (~11.2km).
18796212,merge,Route overlaps 73.9% of served AGEBs with 18794052 (Jaccard=0.74). Consolidation improves frequency without expanding coverage.,0.05213029989114516,,18794052,Merge 18796212 into 18794052; combine headways to improve service frequency.
18796213,retire,"Route has low demand-gain (f1=0.007, score=0.153) with no high-scoring overlapping route. Consider service reduction or rerouting to higher-demand corridor.",0.1533138293956116,,,Reduce frequency or retire 18796213; reallocate vehicles to higher-demand routes.
18796214,merge,Route overlaps 72.2% of served AGEBs with 18796226 (Jaccard=0.72). Consolidation improves frequency without expanding coverage.,0.21846127722864142,,18796226,Merge 18796214 into 18796226; combine headways to improve service frequency.
18796215,merge,Route overlaps 100.0% of served AGEBs with 18796201 (Jaccard=1.00). Consolidation improves frequency without expanding coverage.,0.30032688796018353,,18796201,Merge 18796215 into 18796201; combine headways to improve service frequency.
18796219,merge,Route overlaps 61.3% of served AGEBs with 18839402 (Jaccard=0.61). Consolidation improves frequency without expanding coverage.,0.14361957077873663,,18839402,Merge 18796219 into 18839402; combine headways to improve service frequency.
18796220,merge,Route overlaps 60.0% of served AGEBs with 18878202 (Jaccard=0.60). Consolidation improves frequency without expanding coverage.,0.15697481640340308,,18878202,Merge 18796220 into 18878202; combine headways to improve service frequency.
18796222,merge,Route overlaps 61.1% of served AGEBs with 18796308 (Jaccard=0.61). Consolidation improves frequency without expanding coverage.,0.15025736384165939,,18796308,Merge 18796222 into 18796308; combine headways to improve service frequency.
18796223,shortcut,Route detour_ratio=2.05 > 1.5. Current route_km=15.0km; estimated shortcut=8.1km (straight_line_km=7.3km x 1.1).,0.15866144216268432,,,Replace detoured alignment with direct route between highest-demand endpoints (~8.1km).
18796224,merge,Route overlaps 61.9% of served AGEBs with 18718061 (Jaccard=0.62). Consolidation improves frequency without expanding coverage.,0.07456846914050304,,18718061,Merge 18796224 into 18718061; combine headways to improve service frequency.
18796226,retire,"Route has low demand-gain (f1=0.009, score=0.223) with no high-scoring overlapping route. Consider service reduction or rerouting to higher-demand corridor.",0.22324322027020427,,,Reduce frequency or retire 18796226; reallocate vehicles to higher-demand routes.
18796227,merge,Route overlaps 61.5% of served AGEBs with 18291951 (Jaccard=0.61). Consolidation improves frequency without expanding coverage.,0.16182802887738335,,18291951,Merge 18796227 into 18291951; combine headways to improve service frequency.
18796228,merge,Route overlaps 100.0% of served AGEBs with 18796181 (Jaccard=1.00). Consolidation improves frequency without expanding coverage.,0.2708609005683208,,18796181,Merge 18796228 into 18796181; combine headways to improve service frequency.
18796233,shortcut,Route detour_ratio=1.92 > 1.5. Current route_km=7.3km; estimated shortcut=4.2km (straight_line_km=3.8km x 1.1).,0.2193242930571324,,,Replace detoured alignment with direct route between highest-demand endpoints (~4.2km).
18796234,merge,Route overlaps 63.0% of served AGEBs with 18796246 (Jaccard=0.63). Consolidation improves frequency without expanding coverage.,0.15436540816467464,,18796246,Merge 18796234 into 18796246; combine headways to improve service frequency.
18796237,merge,Route overlaps 71.0% of served AGEBs with 18796219 (Jaccard=0.71). Consolidation improves frequency without expanding coverage.,0.13812607731455764,,18796219,Merge 18796237 into 18796219; combine headways to improve service frequency.
18796238,merge,Route overlaps 68.4% of served AGEBs with 18878202 (Jaccard=0.68). Consolidation improves frequency without expanding coverage.,0.15489748872100126,,18878202,Merge 18796238 into 18878202; combine headways to improve service frequency.
18796241,merge,Route overlaps 60.9% of served AGEBs with 18709005 (Jaccard=0.61). Consolidation improves frequency without expanding coverage.,0.17050651425877927,,18709005,Merge 18796241 into 18709005; combine headways to improve service frequency.
18796243,merge,Route overlaps 73.3% of served AGEBs with 18796223 (Jaccard=0.73). Consolidation improves frequency without expanding coverage.,0.1288467967984646,,18796223,Merge 18796243 into 18796223; combine headways to improve service frequency.
18796244,merge,Route overlaps 66.7% of served AGEBs with 18709005 (Jaccard=0.67). Consolidation improves frequency without expanding coverage.,0.18196224765818278,,18709005,Merge 18796244 into 18709005; combine headways to improve service frequency.
18796245,shortcut,Route detour_ratio=1.78 > 1.5. Current route_km=6.0km; estimated shortcut=3.7km (straight_line_km=3.4km x 1.1).,0.24320514191738568,,,Replace detoured alignment with direct route between highest-demand endpoints (~3.7km).
18796246,shortcut,Route detour_ratio=1.70 > 1.5. Current route_km=9.9km; estimated shortcut=6.4km (straight_line_km=5.8km x 1.1).,0.20567326933585334,,,Replace detoured alignment with direct route between highest-demand endpoints (~6.4km).
18796247,shortcut,Route detour_ratio=1.88 > 1.5. Current route_km=6.1km; estimated shortcut=3.6km (straight_line_km=3.3km x 1.1).,0.2450947086950364,,,Replace detoured alignment with direct route between highest-demand endpoints (~3.6km).
18796248,shortcut,Route detour_ratio=1.84 > 1.5. Current route_km=17.4km; estimated shortcut=10.4km (straight_line_km=9.4km x 1.1).,0.16740402196038662,,,Replace detoured alignment with direct route between highest-demand endpoints (~10.4km).
18796250,shortcut,Route detour_ratio=2.21 > 1.5. Current route_km=8.8km; estimated shortcut=4.4km (straight_line_km=4.0km x 1.1).,0.20564687430754378,,,Replace detoured alignment with direct route between highest-demand endpoints (~4.4km).
18796251,merge,Route overlaps 63.0% of served AGEBs with 18268510 (Jaccard=0.63). Consolidation improves frequency without expanding coverage.,0.0602994887047625,,18268510,Merge 18796251 into 18268510; combine headways to improve service frequency.
18796252,merge,Route overlaps 74.3% of served AGEBs with 18827386 (Jaccard=0.74). Consolidation improves frequency without expanding coverage.,0.10753265998696768,,18827386,Merge 18796252 into 18827386; combine headways to improve service frequency.
18796253,retire,"Route has low demand-gain (f1=0.007, score=0.111) with no high-scoring overlapping route. Consider service reduction or rerouting to higher-demand corridor.",0.11057031462598457,,,Reduce frequency or retire 18796253; reallocate vehicles to higher-demand routes.
18796254,merge,Route overlaps 70.4% of served AGEBs with 18796261 (Jaccard=0.70). Consolidation improves frequency without expanding coverage.,0.10555637390361786,,18796261,Merge 18796254 into 18796261; combine headways to improve service frequency.
18796261,retire,"Route has low demand-gain (f1=0.004, score=0.114) with no high-scoring overlapping route. Consider service reduction or rerouting to higher-demand corridor.",0.11412187395024345,,,Reduce frequency or retire 18796261; reallocate vehicles to higher-demand routes.
18796264,shortcut,Route detour_ratio=1.77 > 1.5. Current route_km=14.9km; estimated shortcut=9.2km (straight_line_km=8.4km x 1.1).,0.16288697401697116,,,Replace detoured alignment with direct route between highest-demand endpoints (~9.2km).
18796267,merge,Route overlaps 76.9% of served AGEBs with 18268510 (Jaccard=0.77). Consolidation improves frequency without expanding coverage.,0.05962665270425359,,18268510,Merge 18796267 into 18268510; combine headways to improve service frequency.
18796268,retire,"Route has low demand-gain (f1=0.007, score=0.113) with no high-scoring overlapping route. Consider service reduction or rerouting to higher-demand corridor.",0.11285656787936821,,,Reduce frequency or retire 18796268; reallocate vehicles to higher-demand routes.
18796270,shortcut,Route detour_ratio=1.90 > 1.5. Current route_km=32.6km; estimated shortcut=18.9km (straight_line_km=17.2km x 1.1).,0.06505725355498704,,,Replace detoured alignment with direct route between highest-demand endpoints (~18.9km).
18796282,merge,Route overlaps 61.3% of served AGEBs with 18291977 (Jaccard=0.61). Consolidation improves frequency without expanding coverage.,0.06629927642348982,,18291977,Merge 18796282 into 18291977; combine headways to improve service frequency.
18796283,merge,Route overlaps 84.8% of served AGEBs with 18827386 (Jaccard=0.85). Consolidation improves frequency without expanding coverage.,0.12205872376834906,,18827386,Merge 18796283 into 18827386; combine headways to improve service frequency.
18796291,merge,Route overlaps 64.7% of served AGEBs with 18796294 (Jaccard=0.65). Consolidation improves frequency without expanding coverage.,0.17872201087447603,,18796294,Merge 18796291 into 18796294; combine headways to improve service frequency.
18796292,merge,Route overlaps 82.1% of served AGEBs with 18796264 (Jaccard=0.82). Consolidation improves frequency without expanding coverage.,0.15961437000039796,,18796264,Merge 18796292 into 18796264; combine headways to improve service frequency.
18796294,retire,"Route has low demand-gain (f1=0.003, score=0.216) with no high-scoring overlapping route. Consider service reduction or rerouting to higher-demand corridor.",0.21599819838458065,,,Reduce frequency or retire 18796294; reallocate vehicles to higher-demand routes.
18796301,merge,Route overlaps 63.8% of served AGEBs with 18796314 (Jaccard=0.64). Consolidation improves frequency without expanding coverage.,0.05724687711739374,,18796314,Merge 18796301 into 18796314; combine headways to improve service frequency.
18796305,shortcut,Route detour_ratio=1.62 > 1.5. Current route_km=31.3km; estimated shortcut=21.3km (straight_line_km=19.3km x 1.1).,0.052738755572806224,,,Replace detoured alignment with direct route between highest-demand endpoints (~21.3km).
18796308,merge,Route overlaps 72.2% of served AGEBs with 18823412 (Jaccard=0.72). Consolidation improves frequency without expanding coverage.,0.1795437211985287,,18823412,Merge 18796308 into 18823412; combine headways to improve service frequency.
18796309,merge,Route overlaps 66.7% of served AGEBs with 18825286 (Jaccard=0.67). Consolidation improves frequency without expanding coverage.,0.15015566295943622,,18825286,Merge 18796309 into 18825286; combine headways to improve service frequency.
18796312,merge,Route overlaps 78.3% of served AGEBs with 18796325 (Jaccard=0.78). Consolidation improves frequency without expanding coverage.,0.18554386610872228,,18796325,Merge 18796312 into 18796325; combine headways to improve service frequency.
18796314,shortcut,Route detour_ratio=1.54 > 1.5. Current route_km=27.8km; estimated shortcut=19.8km (straight_line_km=18.0km x 1.1).,0.059220628097988746,,,Replace detoured alignment with direct route between highest-demand endpoints (~19.8km).
18796325,retire,"Route has low demand-gain (f1=0.009, score=0.189) with no high-scoring overlapping route. Consider service reduction or rerouting to higher-demand corridor.",0.18879458617253977,,,Reduce frequency or retire 18796325; reallocate vehicles to higher-demand routes.
18796327,merge,Route overlaps 90.0% of served AGEBs with 18823515 (Jaccard=0.90). Consolidation improves frequency without expanding coverage.,0.18121769571201551,,18823515,Merge 18796327 into 18823515; combine headways to improve service frequency.
18796332,shortcut,Route detour_ratio=1.80 > 1.5. Current route_km=11.6km; estimated shortcut=7.1km (straight_line_km=6.5km x 1.1).,0.2039497599669601,,,Replace detoured alignment with direct route between highest-demand endpoints (~7.1km).
18796342,merge,Route overlaps 76.2% of served AGEBs with 18794052 (Jaccard=0.76). Consolidation improves frequency without expanding coverage.,0.04994127541867102,,18794052,Merge 18796342 into 18794052; combine headways to improve service frequency.
18796372,merge,Route overlaps 100.0% of served AGEBs with 18796407 (Jaccard=1.00). Consolidation improves frequency without expanding coverage.,0.17297696015761285,,18796407,Merge 18796372 into 18796407; combine headways to improve service frequency.
18796373,shortcut,Route detour_ratio=2.59 > 1.5. Current route_km=16.8km; estimated shortcut=7.1km (straight_line_km=6.5km x 1.1).,0.14872136933476313,,,Replace detoured alignment with direct route between highest-demand endpoints (~7.1km).
18796407,retire,"Route has low demand-gain (f1=0.004, score=0.175) with no high-scoring overlapping route. Consider service reduction or rerouting to higher-demand corridor.",0.17539864605951302,,,Reduce frequency or retire 18796407; reallocate vehicles to higher-demand routes.
18815999,merge,Route overlaps 85.7% of served AGEBs with 18796213 (Jaccard=0.86). Consolidation improves frequency without expanding coverage.,0.13938084720907515,,18796213,Merge 18815999 into 18796213; combine headways to improve service frequency.
18819389,retire,"Route has low demand-gain (f1=0.007, score=0.108) with no high-scoring overlapping route. Consider service reduction or rerouting to higher-demand corridor.",0.10801657654381033,,,Reduce frequency or retire 18819389; reallocate vehicles to higher-demand routes.
18819586,retire,"Route has low demand-gain (f1=0.003, score=0.199) with no high-scoring overlapping route. Consider service reduction or rerouting to higher-demand corridor.",0.19873923541013108,,,Reduce frequency or retire 18819586; reallocate vehicles to higher-demand routes.
18823356,merge,Route overlaps 84.6% of served AGEBs with 18796207 (Jaccard=0.85). Consolidation improves frequency without expanding coverage.,0.14014654086922998,,18796207,Merge 18823356 into 18796207; combine headways to improve service frequency.
18823412,shortcut,Route detour_ratio=1.64 > 1.5. Current route_km=13.6km; estimated shortcut=9.1km (straight_line_km=8.3km x 1.1).,0.1888469792555534,,,Replace detoured alignment with direct route between highest-demand endpoints (~9.1km).
18823464,merge,Route overlaps 81.0% of served AGEBs with 18819586 (Jaccard=0.81). Consolidation improves frequency without expanding coverage.,0.19574772326265133,,18819586,Merge 18823464 into 18819586; combine headways to improve service frequency.
18823515,shortcut,Route detour_ratio=1.50 > 1.5. Current route_km=11.2km; estimated shortcut=8.2km (straight_line_km=7.5km x 1.1).,0.1915005657936241,,,Replace detoured alignment with direct route between highest-demand endpoints (~8.2km).
18823543,merge,Route overlaps 62.2% of served AGEBs with 18796220 (Jaccard=0.62). Consolidation improves frequency without expanding coverage.,0.14894328154078698,,18796220,Merge 18823543 into 18796220; combine headways to improve service frequency.
18823559,merge,Route overlaps 77.1% of served AGEBs with 18823899 (Jaccard=0.77). Consolidation improves frequency without expanding coverage.,0.12657323014161564,,18823899,Merge 18823559 into 18823899; combine headways to improve service frequency.
18823770,merge,Route overlaps 74.3% of served AGEBs with 18839833 (Jaccard=0.74). Consolidation improves frequency without expanding coverage.,0.13515206669578242,,18839833,Merge 18823770 into 18839833; combine headways to improve service frequency.
18823899,shortcut,Route detour_ratio=2.03 > 1.5. Current route_km=15.3km; estimated shortcut=8.3km (straight_line_km=7.6km x 1.1).,0.15746665631042794,,,Replace detoured alignment with direct route between highest-demand endpoints (~8.3km).
18825286,shortcut,Route detour_ratio=1.73 > 1.5. Current route_km=17.4km; estimated shortcut=11.1km (straight_line_km=10.1km x 1.1).,0.15264847350370453,,,Replace detoured alignment with direct route between highest-demand endpoints (~11.1km).
18825302,retire,"Route has low demand-gain (f1=0.004, score=0.186) with no high-scoring overlapping route. Consider service reduction or rerouting to higher-demand corridor.",0.18573088898197265,,,Reduce frequency or retire 18825302; reallocate vehicles to higher-demand routes.
18825516,merge,Route overlaps 71.4% of served AGEBs with 18825302 (Jaccard=0.71). Consolidation improves frequency without expanding coverage.,0.18173738283921667,,18825302,Merge 18825516 into 18825302; combine headways to improve service frequency.
18827294,retire,"Route has low demand-gain (f1=0.007, score=0.167) with no high-scoring overlapping route. Consider service reduction or rerouting to higher-demand corridor.",0.16688083343190319,,,Reduce frequency or retire 18827294; reallocate vehicles to higher-demand routes.
18827306,retire,"Route has low demand-gain (f1=0.007, score=0.175) with no high-scoring overlapping route. Consider service reduction or rerouting to higher-demand corridor.",0.1747033675928717,,,Reduce frequency or retire 18827306; reallocate vehicles to higher-demand routes.
18827318,shortcut,Route detour_ratio=1.68 > 1.5. Current route_km=25.6km; estimated shortcut=16.7km (straight_line_km=15.2km x 1.1).,0.08800217950262765,,,Replace detoured alignment with direct route between highest-demand endpoints (~16.7km).
18827321,merge,Route overlaps 73.1% of served AGEBs with 18827318 (Jaccard=0.73). Consolidation improves frequency without expanding coverage.,0.06868784822801059,,18827318,Merge 18827321 into 18827318; combine headways to improve service frequency.
18827377,merge,Route overlaps 86.7% of served AGEBs with 18827386 (Jaccard=0.87). Consolidation improves frequency without expanding coverage.,0.13497069083609609,,18827386,Merge 18827377 into 18827386; combine headways to improve service frequency.
18827386,retire,"Route has low demand-gain (f1=0.003, score=0.139) with no high-scoring overlapping route. Consider service reduction or rerouting to higher-demand corridor.",0.1391202151957217,,,Reduce frequency or retire 18827386; reallocate vehicles to higher-demand routes.
18827414,merge,Route overlaps 77.1% of served AGEBs with 18878202 (Jaccard=0.77). Consolidation improves frequency without expanding coverage.,0.14462896109770718,,18878202,Merge 18827414 into 18878202; combine headways to improve service frequency.
18827432,merge,Route overlaps 72.2% of served AGEBs with 18878202 (Jaccard=0.72). Consolidation improves frequency without expanding coverage.,0.15442074947644696,,18878202,Merge 18827432 into 18878202; combine headways to improve service frequency.
18836846,merge,Route overlaps 87.5% of served AGEBs with 18869212 (Jaccard=0.88). Consolidation improves frequency without expanding coverage.,0.21128591607155645,,18869212,Merge 18836846 into 18869212; combine headways to improve service frequency.
18838435,merge,Route overlaps 77.8% of served AGEBs with 18874306 (Jaccard=0.78). Consolidation improves frequency without expanding coverage.,0.14894769538195346,,18874306,Merge 18838435 into 18874306; combine headways to improve service frequency.
18839402,merge,Route overlaps 76.9% of served AGEBs with 18839451 (Jaccard=0.77). Consolidation improves frequency without expanding coverage.,0.1816825644715442,,18839451,Merge 18839402 into 18839451; combine headways to improve service frequency.
18839451,shortcut,Route detour_ratio=1.57 > 1.5. Current route_km=11.7km; estimated shortcut=8.2km (straight_line_km=7.4km x 1.1).,0.1844915136248051,,,Replace detoured alignment with direct route between highest-demand endpoints (~8.2km).
18839598,merge,Route overlaps 71.0% of served AGEBs with 18796207 (Jaccard=0.71). Consolidation improves frequency without expanding coverage.,0.09366701496954052,,18796207,Merge 18839598 into 18796207; combine headways to improve service frequency.
18839607,merge,Route overlaps 66.7% of served AGEBs with 18794003 (Jaccard=0.67). Consolidation improves frequency without expanding coverage.,0.3178026022965387,,18794003,Merge 18839607 into 18794003; combine headways to improve service frequency.
18839794,merge,Route overlaps 71.4% of served AGEBs with 18823543 (Jaccard=0.71). Consolidation improves frequency without expanding coverage.,0.10935645966662956,,18823543,Merge 18839794 into 18823543; combine headways to improve service frequency.
18839833,shortcut,Route detour_ratio=2.22 > 1.5. Current route_km=18.2km; estimated shortcut=9.0km (straight_line_km=8.2km x 1.1).,0.13797381402985773,,,Replace detoured alignment with direct route between highest-demand endpoints (~9.0km).
18839904,merge,Route overlaps 80.6% of served AGEBs with 18840079 (Jaccard=0.81). Consolidation improves frequency without expanding coverage.,0.09065135325453097,,18840079,Merge 18839904 into 18840079; combine headways to improve service frequency.
18839951,merge,Route overlaps 65.9% of served AGEBs with 18839794 (Jaccard=0.66). Consolidation improves frequency without expanding coverage.,0.07103850661568921,,18839794,Merge 18839951 into 18839794; combine headways to improve service frequency.
18840028,merge,Route overlaps 83.3% of served AGEBs with 18796213 (Jaccard=0.83). Consolidation improves frequency without expanding coverage.,0.09597769245131818,,18796213,Merge 18840028 into 18796213; combine headways to improve service frequency.
18840054,shortcut,Route detour_ratio=1.51 > 1.5. Current route_km=25.5km; estimated shortcut=18.6km (straight_line_km=16.9km x 1.1).,0.08548936932538774,,,Replace detoured alignment with direct route between highest-demand endpoints (~18.6km).
18840079,shortcut,Route detour_ratio=1.53 > 1.5. Current route_km=22.6km; estimated shortcut=16.2km (straight_line_km=14.8km x 1.1).,0.10073297987389201,,,Replace detoured alignment with direct route between highest-demand endpoints (~16.2km).
18840226,merge,Route overlaps 75.0% of served AGEBs with 18840241 (Jaccard=0.75). Consolidation improves frequency without expanding coverage.,0.1807515206077716,,18840241,Merge 18840226 into 18840241; combine headways to improve service frequency.
18840241,retire,"Route has low demand-gain (f1=0.003, score=0.203) with no high-scoring overlapping route. Consider service reduction or rerouting to higher-demand corridor.",0.20283811941661195,,,Reduce frequency or retire 18840241; reallocate vehicles to higher-demand routes.
18840370,shortcut,Route detour_ratio=2.05 > 1.5. Current route_km=9.8km; estimated shortcut=5.3km (straight_line_km=4.8km x 1.1).,0.21782239607171683,,,Replace detoured alignment with direct route between highest-demand endpoints (~5.3km).
18840405,merge,Route overlaps 70.6% of served AGEBs with 18958354 (Jaccard=0.71). Consolidation improves frequency without expanding coverage.,0.1141501996532796,,18958354,Merge 18840405 into 18958354; combine headways to improve service frequency.
18840408,shortcut,Route detour_ratio=1.55 > 1.5. Current route_km=26.7km; estimated shortcut=19.0km (straight_line_km=17.2km x 1.1).,0.07093871996409834,,,Replace detoured alignment with direct route between highest-demand endpoints (~19.0km).
18840447,merge,Route overlaps 80.8% of served AGEBs with 18840449 (Jaccard=0.81). Consolidation improves frequency without expanding coverage.,0.15852941240098717,,18840449,Merge 18840447 into 18840449; combine headways to improve service frequency.
18840448,merge,Route overlaps 75.0% of served AGEBs with 18796214 (Jaccard=0.75). Consolidation improves frequency without expanding coverage.,0.19359639078343316,,18796214,Merge 18840448 into 18796214; combine headways to improve service frequency.
18840449,shortcut,Route detour_ratio=1.53 > 1.5. Current route_km=15.5km; estimated shortcut=11.1km (straight_line_km=10.1km x 1.1).,0.16051083686760712,,,Replace detoured alignment with direct route between highest-demand endpoints (~11.1km).
18840463,merge,Route overlaps 77.8% of served AGEBs with 18796226 (Jaccard=0.78). Consolidation improves frequency without expanding coverage.,0.20970043569539307,,18796226,Merge 18840463 into 18796226; combine headways to improve service frequency.
18840539,shortcut,Route detour_ratio=1.57 > 1.5. Current route_km=5.6km; estimated shortcut=3.9km (straight_line_km=3.6km x 1.1).,0.25193198294469216,,,Replace detoured alignment with direct route between highest-demand endpoints (~3.9km).
18840584,merge,Route overlaps 83.3% of served AGEBs with 18840622 (Jaccard=0.83). Consolidation improves frequency without expanding coverage.,0.16444329776643313,,18840622,Merge 18840584 into 18840622; combine headways to improve service frequency.
18840585,merge,Route overlaps 69.2% of served AGEBs with 18840589 (Jaccard=0.69). Consolidation improves frequency without expanding coverage.,0.18589645319279696,,18840589,Merge 18840585 into 18840589; combine headways to improve service frequency.
18840589,shortcut,Route detour_ratio=1.85 > 1.5. Current route_km=13.2km; estimated shortcut=7.8km (straight_line_km=7.1km x 1.1).,0.18942238020261587,,,Replace detoured alignment with direct route between highest-demand endpoints (~7.8km).
18840621,merge,Route overlaps 63.9% of served AGEBs with 18796213 (Jaccard=0.64). Consolidation improves frequency without expanding coverage.,0.09590365714324474,,18796213,Merge 18840621 into 18796213; combine headways to improve service frequency.
18840622,shortcut,Route detour_ratio=2.30 > 1.5. Current route_km=15.3km; estimated shortcut=7.3km (straight_line_km=6.7km x 1.1).,0.16785908578542263,,,Replace detoured alignment with direct route between highest-demand endpoints (~7.3km).
18840623,retire,"Route has low demand-gain (f1=0.007, score=0.193) with no high-scoring overlapping route. Consider service reduction or rerouting to higher-demand corridor.",0.19251863689798374,,,Reduce frequency or retire 18840623; reallocate vehicles to higher-demand routes.
18840656,shortcut,Route detour_ratio=1.51 > 1.5. Current route_km=42.0km; estimated shortcut=30.7km (straight_line_km=27.9km x 1.1).,0.0,,,Replace detoured alignment with direct route between highest-demand endpoints (~30.7km).
18840816,retire,"Route has low demand-gain (f1=0.000, score=0.000) with no high-scoring overlapping route. Consider service reduction or rerouting to higher-demand corridor.",0.0,,,Reduce frequency or retire 18840816; reallocate vehicles to higher-demand routes.
18840853,merge,Route overlaps 76.2% of served AGEBs with 18840623 (Jaccard=0.76). Consolidation improves frequency without expanding coverage.,0.19203004926182618,,18840623,Merge 18840853 into 18840623; combine headways to improve service frequency.
18840864,merge,Route overlaps 67.6% of served AGEBs with 18796207 (Jaccard=0.68). Consolidation improves frequency without expanding coverage.,0.09530251327188655,,18796207,Merge 18840864 into 18796207; combine headways to improve service frequency.
18840877,merge,Route overlaps 66.7% of served AGEBs with 18853746 (Jaccard=0.67). Consolidation improves frequency without expanding coverage.,0.23198306072919744,,18853746,Merge 18840877 into 18853746; combine headways to improve service frequency.
18840916,merge,Route overlaps 100.0% of served AGEBs with 18853746 (Jaccard=1.00). Consolidation improves frequency without expanding coverage.,0.2576069206018654,,18853746,Merge 18840916 into 18853746; combine headways to improve service frequency.
18840917,merge,Route overlaps 70.6% of served AGEBs with 18212752 (Jaccard=0.71). Consolidation improves frequency without expanding coverage.,0.13663688662298934,,18212752,Merge 18840917 into 18212752; combine headways to improve service frequency.
18840950,merge,Route overlaps 71.4% of served AGEBs with 19369278 (Jaccard=0.71). Consolidation improves frequency without expanding coverage.,0.28642300610208915,,19369278,Merge 18840950 into 19369278; combine headways to improve service frequency.
18840953,merge,Route overlaps 100.0% of served AGEBs with 18841007 (Jaccard=1.00). Consolidation improves frequency without expanding coverage.,0.4872437665773516,,18841007,Merge 18840953 into 18841007; combine headways to improve service frequency.
18840954,merge,Route overlaps 71.4% of served AGEBs with 19369278 (Jaccard=0.71). Consolidation improves frequency without expanding coverage.,0.2830205042469413,,19369278,Merge 18840954 into 19369278; combine headways to improve service frequency.
18841006,retire,"Route has low demand-gain (f1=0.003, score=0.146) with no high-scoring overlapping route. Consider service reduction or rerouting to higher-demand corridor.",0.1461785742394047,,,Reduce frequency or retire 18841006; reallocate vehicles to higher-demand routes.
18841014,retire,"Route has low demand-gain (f1=0.000, score=0.000) with no high-scoring overlapping route. Consider service reduction or rerouting to higher-demand corridor.",0.0,,,Reduce frequency or retire 18841014; reallocate vehicles to higher-demand routes.
18841019,merge,Route overlaps 76.9% of served AGEBs with 18212752 (Jaccard=0.77). Consolidation improves frequency without expanding coverage.,0.07609650928809392,,18212752,Merge 18841019 into 18212752; combine headways to improve service frequency.
18841064,merge,Route overlaps 92.3% of served AGEBs with 18212752 (Jaccard=0.92). Consolidation improves frequency without expanding coverage.,0.0720878858379089,,18212752,Merge 18841064 into 18212752; combine headways to improve service frequency.
18841071,retire,"Route has low demand-gain (f1=0.000, score=0.000) with no high-scoring overlapping route. Consider service reduction or rerouting to higher-demand corridor.",0.0,,,Reduce frequency or retire 18841071; reallocate vehicles to higher-demand routes.
18841100,retire,"Route has low demand-gain (f1=0.000, score=0.000) with no high-scoring overlapping route. Consider service reduction or rerouting to higher-demand corridor.",0.0,,,Reduce frequency or retire 18841100; reallocate vehicles to higher-demand routes.
18841117,retire,"Route has low demand-gain (f1=0.000, score=0.000) with no high-scoring overlapping route. Consider service reduction or rerouting to higher-demand corridor.",0.0,,,Reduce frequency or retire 18841117; reallocate vehicles to higher-demand routes.
18841150,shortcut,Route detour_ratio=1.65 > 1.5. Current route_km=15.2km; estimated shortcut=10.1km (straight_line_km=9.2km x 1.1).,0.16323474264286483,,,Replace detoured alignment with direct route between highest-demand endpoints (~10.1km).
18841218,retire,"Route has low demand-gain (f1=0.000, score=0.000) with no high-scoring overlapping route. Consider service reduction or rerouting to higher-demand corridor.",0.0,,,Reduce frequency or retire 18841218; reallocate vehicles to higher-demand routes.
18841295,shortcut,Route detour_ratio=1.83 > 1.5. Current route_km=34.4km; estimated shortcut=20.6km (straight_line_km=18.7km x 1.1).,0.0,,,Replace detoured alignment with direct route between highest-demand endpoints (~20.6km).
18841308,retire,"Route has low demand-gain (f1=0.000, score=0.000) with no high-scoring overlapping route. Consider service reduction or rerouting to higher-demand corridor.",0.0,,,Reduce frequency or retire 18841308; reallocate vehicles to higher-demand routes.
18841309,shortcut,Route detour_ratio=1.85 > 1.5. Current route_km=34.6km; estimated shortcut=20.6km (straight_line_km=18.7km x 1.1).,0.0,,,Replace detoured alignment with direct route between highest-demand endpoints (~20.6km).
18841318,retire,"Route has low demand-gain (f1=0.000, score=0.000) with no high-scoring overlapping route. Consider service reduction or rerouting to higher-demand corridor.",0.0,,,Reduce frequency or retire 18841318; reallocate vehicles to higher-demand routes.
18841338,merge,Route overlaps 66.7% of served AGEBs with 18853746 (Jaccard=0.67). Consolidation improves frequency without expanding coverage.,0.3173304805725485,,18853746,Merge 18841338 into 18853746; combine headways to improve service frequency.
18841355,merge,Route overlaps 76.9% of served AGEBs with 18212752 (Jaccard=0.77). Consolidation improves frequency without expanding coverage.,0.036354191308667495,,18212752,Merge 18841355 into 18212752; combine headways to improve service frequency.
18858636,merge,Route overlaps 76.9% of served AGEBs with 18212752 (Jaccard=0.77). Consolidation improves frequency without expanding coverage.,0.08415109327345813,,18212752,Merge 18858636 into 18212752; combine headways to improve service frequency.
18858644,merge,Route overlaps 92.3% of served AGEBs with 18212752 (Jaccard=0.92). Consolidation improves frequency without expanding coverage.,0.06908896562071185,,18212752,Merge 18858644 into 18212752; combine headways to improve service frequency.
18864539,merge,Route overlaps 63.6% of served AGEBs with 18212712 (Jaccard=0.64). Consolidation improves frequency without expanding coverage.,0.1725695586542139,,18212712,Merge 18864539 into 18212712; combine headways to improve service frequency.
18864603,merge,Route overlaps 87.5% of served AGEBs with 18864665 (Jaccard=0.88). Consolidation improves frequency without expanding coverage.,0.054640293972729195,,18864665,Merge 18864603 into 18864665; combine headways to improve service frequency.
18864665,shortcut,Route detour_ratio=1.54 > 1.5. Current route_km=22.7km; estimated shortcut=16.2km (straight_line_km=14.7km x 1.1).,0.10284712318665494,,,Replace detoured alignment with direct route between highest-demand endpoints (~16.2km).
18864804,merge,Route overlaps 60.0% of served AGEBs with 18878134 (Jaccard=0.60). Consolidation improves frequency without expanding coverage.,0.05657501441121447,,18878134,Merge 18864804 into 18878134; combine headways to improve service frequency.
18864836,merge,Route overlaps 63.6% of served AGEBs with 18878134 (Jaccard=0.64). Consolidation improves frequency without expanding coverage.,0.055252661085803734,,18878134,Merge 18864836 into 18878134; combine headways to improve service frequency.
18864927,merge,Route overlaps 66.7% of served AGEBs with 18853746 (Jaccard=0.67). Consolidation improves frequency without expanding coverage.,0.22311311277801604,,18853746,Merge 18864927 into 18853746; combine headways to improve service frequency.
18869176,merge,Route overlaps 75.0% of served AGEBs with 18878134 (Jaccard=0.75). Consolidation improves frequency without expanding coverage.,0.15008114147411494,,18878134,Merge 18869176 into 18878134; combine headways to improve service frequency.
18869177,merge,Route overlaps 61.5% of served AGEBs with 19369474 (Jaccard=0.61). Consolidation improves frequency without expanding coverage.,0.1627368193875403,,19369474,Merge 18869177 into 19369474; combine headways to improve service frequency.
18869179,merge,Route overlaps 100.0% of served AGEBs with 18853746 (Jaccard=1.00). Consolidation improves frequency without expanding coverage.,0.2495825989062124,,18853746,Merge 18869179 into 18853746; combine headways to improve service frequency.
18869183,merge,Route overlaps 88.9% of served AGEBs with 18874884 (Jaccard=0.89). Consolidation improves frequency without expanding coverage.,0.17547822659642087,,18874884,Merge 18869183 into 18874884; combine headways to improve service frequency.
18869210,retire,"Route has low demand-gain (f1=0.000, score=0.000) with no high-scoring overlapping route. Consider service reduction or rerouting to higher-demand corridor.",0.0,,,Reduce frequency or retire 18869210; reallocate vehicles to higher-demand routes.
18869212,shortcut,Route detour_ratio=1.85 > 1.5. Current route_km=9.4km; estimated shortcut=5.6km (straight_line_km=5.1km x 1.1).,0.21876338790908104,,,Replace detoured alignment with direct route between highest-demand endpoints (~5.6km).
18869220,merge,Route overlaps 73.9% of served AGEBs with 18878155 (Jaccard=0.74). Consolidation improves frequency without expanding coverage.,0.09030130313877266,,18878155,Merge 18869220 into 18878155; combine headways to improve service frequency.
18869229,retire,"Route has low demand-gain (f1=0.000, score=0.000) with no high-scoring overlapping route. Consider service reduction or rerouting to higher-demand corridor.",0.0,,,Reduce frequency or retire 18869229; reallocate vehicles to higher-demand routes.
18869328,shortcut,Route detour_ratio=2.12 > 1.5. Current route_km=25.9km; estimated shortcut=13.4km (straight_line_km=12.2km x 1.1).,0.1925557367341646,,,Replace detoured alignment with direct route between highest-demand endpoints (~13.4km).
18869447,merge,Route overlaps 73.9% of served AGEBs with 18878155 (Jaccard=0.74). Consolidation improves frequency without expanding coverage.,0.09030130313877266,,18878155,Merge 18869447 into 18878155; combine headways to improve service frequency.
18869482,shortcut,Route detour_ratio=1.71 > 1.5. Current route_km=3.5km; estimated shortcut=2.2km (straight_line_km=2.0km x 1.1).,0.0,,,Replace detoured alignment with direct route between highest-demand endpoints (~2.2km).
18869496,shortcut,Route detour_ratio=2.03 > 1.5. Current route_km=8.5km; estimated shortcut=4.6km (straight_line_km=4.2km x 1.1).,0.0,,,Replace detoured alignment with direct route between highest-demand endpoints (~4.6km).
18869991,merge,Route overlaps 77.5% of served AGEBs with 18870090 (Jaccard=0.78). Consolidation improves frequency without expanding coverage.,0.13707084954249593,,18870090,Merge 18869991 into 18870090; combine headways to improve service frequency.
18870090,merge,Route overlaps 62.8% of served AGEBs with 18796220 (Jaccard=0.63). Consolidation improves frequency without expanding coverage.,0.14111264160750073,,18796220,Merge 18870090 into 18796220; combine headways to improve service frequency.
18870107,retire,"Route has low demand-gain (f1=0.003, score=0.192) with no high-scoring overlapping route. Consider service reduction or rerouting to higher-demand corridor.",0.19168398453137384,,,Reduce frequency or retire 18870107; reallocate vehicles to higher-demand routes.
18870163,merge,Route overlaps 72.4% of served AGEBs with 18878134 (Jaccard=0.72). Consolidation improves frequency without expanding coverage.,0.145611204853244,,18878134,Merge 18870163 into 18878134; combine headways to improve service frequency.
18870209,retire,"Route has low demand-gain (f1=0.000, score=0.000) with no high-scoring overlapping route. Consider service reduction or rerouting to higher-demand corridor.",0.0,,,Reduce frequency or retire 18870209; reallocate vehicles to higher-demand routes.
18870262,merge,Route overlaps 61.3% of served AGEBs with 18840226 (Jaccard=0.61). Consolidation improves frequency without expanding coverage.,0.14244354798772074,,18840226,Merge 18870262 into 18840226; combine headways to improve service frequency.
18874306,retire,"Route has low demand-gain (f1=0.002, score=0.152) with no high-scoring overlapping route. Consider service reduction or rerouting to higher-demand corridor.",0.15230964595766644,,,Reduce frequency or retire 18874306; reallocate vehicles to higher-demand routes.
18874432,merge,Route overlaps 71.4% of served AGEBs with 18823543 (Jaccard=0.71). Consolidation improves frequency without expanding coverage.,0.11107215875449034,,18823543,Merge 18874432 into 18823543; combine headways to improve service frequency.
18874454,retire,"Route has low demand-gain (f1=0.000, score=0.000) with no high-scoring overlapping route. Consider service reduction or rerouting to higher-demand corridor.",0.0,,,Reduce frequency or retire 18874454; reallocate vehicles to higher-demand routes.
18874474,merge,Route overlaps 83.3% of served AGEBs with 18869328 (Jaccard=0.83). Consolidation improves frequency without expanding coverage.,0.17891774022453955,,18869328,Merge 18874474 into 18869328; combine headways to improve service frequency.
18874490,retire,"Route has low demand-gain (f1=0.000, score=0.000) with no high-scoring overlapping route. Consider service reduction or rerouting to higher-demand corridor.",0.0,,,Reduce frequency or retire 18874490; reallocate vehicles to higher-demand routes.
18874864,retire,"Route has low demand-gain (f1=0.003, score=0.164) with no high-scoring overlapping route. Consider service reduction or rerouting to higher-demand corridor.",0.1636950078803726,,,Reduce frequency or retire 18874864; reallocate vehicles to higher-demand routes.
18874884,shortcut,Route detour_ratio=1.66 > 1.5. Current route_km=12.2km; estimated shortcut=8.1km (straight_line_km=7.3km x 1.1).,0.17739921886376664,,,Replace detoured alignment with direct route between highest-demand endpoints (~8.1km).
18875061,merge,Route overlaps 80.8% of served AGEBs with 18878110 (Jaccard=0.81). Consolidation improves frequency without expanding coverage.,0.1390207784972416,,18878110,Merge 18875061 into 18878110; combine headways to improve service frequency.
18875182,retire,"Route has low demand-gain (f1=0.007, score=0.166) with no high-scoring overlapping route. Consider service reduction or rerouting to higher-demand corridor.",0.16640738217150547,,,Reduce frequency or retire 18875182; reallocate vehicles to higher-demand routes.
18878036,merge,Route overlaps 80.6% of served AGEBs with 18874864 (Jaccard=0.81). Consolidation improves frequency without expanding coverage.,0.1560732321503403,,18874864,Merge 18878036 into 18874864; combine headways to improve service frequency.
18878072,merge,Route overlaps 92.3% of served AGEBs with 18212752 (Jaccard=0.92). Consolidation improves frequency without expanding coverage.,0.03624942479227252,,18212752,Merge 18878072 into 18212752; combine headways to improve service frequency.
18878108,merge,Route overlaps 82.1% of served AGEBs with 18878114 (Jaccard=0.82). Consolidation improves frequency without expanding coverage.,0.1511408797368241,,18878114,Merge 18878108 into 18878114; combine headways to improve service frequency.
18878110,retire,"Route has low demand-gain (f1=0.004, score=0.167) with no high-scoring overlapping route. Consider service reduction or rerouting to higher-demand corridor.",0.1668049708009361,,,Reduce frequency or retire 18878110; reallocate vehicles to higher-demand routes.
18878114,retire,"Route has low demand-gain (f1=0.003, score=0.158) with no high-scoring overlapping route. Consider service reduction or rerouting to higher-demand corridor.",0.1575640939291999,,,Reduce frequency or retire 18878114; reallocate vehicles to higher-demand routes.
18878117,retire,"Route has low demand-gain (f1=0.004, score=0.208) with no high-scoring overlapping route. Consider service reduction or rerouting to higher-demand corridor.",0.20846042290700403,,,Reduce frequency or retire 18878117; reallocate vehicles to higher-demand routes.
18878119,merge,Route overlaps 100.0% of served AGEBs with 18878117 (Jaccard=1.00). Consolidation improves frequency without expanding coverage.,0.2070908392576696,,18878117,Merge 18878119 into 18878117; combine headways to improve service frequency.
18878123,retire,"Route has low demand-gain (f1=0.007, score=0.149) with no high-scoring overlapping route. Consider service reduction or rerouting to higher-demand corridor.",0.1494953272861347,,,Reduce frequency or retire 18878123; reallocate vehicles to higher-demand routes.
18878126,merge,Route overlaps 95.8% of served AGEBs with 18870107 (Jaccard=0.96). Consolidation improves frequency without expanding coverage.,0.18248264250224405,,18870107,Merge 18878126 into 18870107; combine headways to improve service frequency.
18878134,shortcut,Route detour_ratio=1.99 > 1.5. Current route_km=13.1km; estimated shortcut=7.2km (straight_line_km=6.6km x 1.1).,0.1901202975298265,,,Replace detoured alignment with direct route between highest-demand endpoints (~7.2km).
18878137,shortcut,Route detour_ratio=1.57 > 1.5. Current route_km=16.6km; estimated shortcut=11.6km (straight_line_km=10.5km x 1.1).,0.1452656917367038,,,Replace detoured alignment with direct route between highest-demand endpoints (~11.6km).
18878138,merge,Route overlaps 66.7% of served AGEBs with 18878110 (Jaccard=0.67). Consolidation improves frequency without expanding coverage.,0.12713474662451468,,18878110,Merge 18878138 into 18878110; combine headways to improve service frequency.
18878146,merge,Route overlaps 86.8% of served AGEBs with 18878137 (Jaccard=0.87). Consolidation improves frequency without expanding coverage.,0.13087898493128658,,18878137,Merge 18878146 into 18878137; combine headways to improve service frequency.
18878152,merge,Route overlaps 100.0% of served AGEBs with 18878225 (Jaccard=1.00). Consolidation improves frequency without expanding coverage.,0.15547260768491314,,18878225,Merge 18878152 into 18878225; combine headways to improve service frequency.
18878155,merge,Route overlaps 63.2% of served AGEBs with 18212752 (Jaccard=0.63). Consolidation improves frequency without expanding coverage.,0.12007273577390454,,18212752,Merge 18878155 into 18212752; combine headways to improve service frequency.
18878159,merge,Route overlaps 63.2% of served AGEBs with 18212752 (Jaccard=0.63). Consolidation improves frequency without expanding coverage.,0.11927841556957192,,18212752,Merge 18878159 into 18212752; combine headways to improve service frequency.
18878160,merge,Route overlaps 74.2% of served AGEBs with 18875061 (Jaccard=0.74). Consolidation improves frequency without expanding coverage.,0.09723877912316892,,18875061,Merge 18878160 into 18875061; combine headways to improve service frequency.
18878161,merge,Route overlaps 100.0% of served AGEBs with 18878110 (Jaccard=1.00). Consolidation improves frequency without expanding coverage.,0.1668049708009361,,18878110,Merge 18878161 into 18878110; combine headways to improve service frequency.
18878164,merge,Route overlaps 82.6% of served AGEBs with 18878155 (Jaccard=0.83). Consolidation improves frequency without expanding coverage.,0.08589946767436867,,18878155,Merge 18878164 into 18878155; combine headways to improve service frequency.
18878166,merge,Route overlaps 90.5% of served AGEBs with 18878155 (Jaccard=0.91). Consolidation improves frequency without expanding coverage.,0.08163113842176573,,18878155,Merge 18878166 into 18878155; combine headways to improve service frequency.
18878167,merge,Route overlaps 77.3% of served AGEBs with 18704763 (Jaccard=0.77). Consolidation improves frequency without expanding coverage.,0.048918071512835774,,18704763,Merge 18878167 into 18704763; combine headways to improve service frequency.
18878169,merge,Route overlaps 81.2% of served AGEBs with 18768324 (Jaccard=0.81). Consolidation improves frequency without expanding coverage.,0.0804058336019435,,18768324,Merge 18878169 into 18768324; combine headways to improve service frequency.
18878171,merge,Route overlaps 80.0% of served AGEBs with 18878183 (Jaccard=0.80). Consolidation improves frequency without expanding coverage.,0.19784903417821947,,18878183,Merge 18878171 into 18878183; combine headways to improve service frequency.
18878173,merge,Route overlaps 61.9% of served AGEBs with 18796291 (Jaccard=0.62). Consolidation improves frequency without expanding coverage.,0.05264895744717381,,18796291,Merge 18878173 into 18796291; combine headways to improve service frequency.
18878176,merge,Route overlaps 68.4% of served AGEBs with 18796291 (Jaccard=0.68). Consolidation improves frequency without expanding coverage.,0.039471275819710834,,18796291,Merge 18878176 into 18796291; combine headways to improve service frequency.
18878179,merge,Route overlaps 61.9% of served AGEBs with 18796291 (Jaccard=0.62). Consolidation improves frequency without expanding coverage.,0.038297159748584025,,18796291,Merge 18878179 into 18796291; combine headways to improve service frequency.
18878181,merge,Route overlaps 81.2% of served AGEBs with 18768324 (Jaccard=0.81). Consolidation improves frequency without expanding coverage.,0.08031886938840752,,18768324,Merge 18878181 into 18768324; combine headways to improve service frequency.
18878183,retire,"Route has low demand-gain (f1=0.008, score=0.205) with no high-scoring overlapping route. Consider service reduction or rerouting to higher-demand corridor.",0.20490376324948484,,,Reduce frequency or retire 18878183; reallocate vehicles to higher-demand routes.
18878186,merge,Route overlaps 81.0% of served AGEBs with 18704763 (Jaccard=0.81). Consolidation improves frequency without expanding coverage.,0.03757421407006972,,18704763,Merge 18878186 into 18704763; combine headways to improve service frequency.
18878187,merge,Route overlaps 65.0% of served AGEBs with 18796291 (Jaccard=0.65). Consolidation improves frequency without expanding coverage.,0.05111426898630639,,18796291,Merge 18878187 into 18796291; combine headways to improve service frequency.
18878191,merge,Route overlaps 66.7% of served AGEBs with 18878123 (Jaccard=0.67). Consolidation improves frequency without expanding coverage.,0.1488610927222122,,18878123,Merge 18878191 into 18878123; combine headways to improve service frequency.
18878193,merge,Route overlaps 61.9% of served AGEBs with 18796291 (Jaccard=0.62). Consolidation improves frequency without expanding coverage.,0.05727512496000026,,18796291,Merge 18878193 into 18796291; combine headways to improve service frequency.
18878194,merge,Route overlaps 81.0% of served AGEBs with 18704763 (Jaccard=0.81). Consolidation improves frequency without expanding coverage.,0.0408148233455011,,18704763,Merge 18878194 into 18704763; combine headways to improve service frequency.
18878198,merge,Route overlaps 61.9% of served AGEBs with 18796291 (Jaccard=0.62). Consolidation improves frequency without expanding coverage.,0.04197109870118723,,18796291,Merge 18878198 into 18796291; combine headways to improve service frequency.
18878202,shortcut,Route detour_ratio=1.53 > 1.5. Current route_km=14.8km; estimated shortcut=10.7km (straight_line_km=9.7km x 1.1).,0.16090809680950685,,,Replace detoured alignment with direct route between highest-demand endpoints (~10.7km).
18878204,merge,Route overlaps 78.8% of served AGEBs with 18878202 (Jaccard=0.79). Consolidation improves frequency without expanding coverage.,0.15276047167268453,,18878202,Merge 18878204 into 18878202; combine headways to improve service frequency.
18878205,merge,Route overlaps 81.8% of served AGEBs with 18934075 (Jaccard=0.82). Consolidation improves frequency without expanding coverage.,0.08130580361641543,,18934075,Merge 18878205 into 18934075; combine headways to improve service frequency.
18878211,merge,Route overlaps 60.7% of served AGEBs with 18878213 (Jaccard=0.61). Consolidation improves frequency without expanding coverage.,0.11983872370602477,,18878213,Merge 18878211 into 18878213; combine headways to improve service frequency.
18878212,shortcut,Route detour_ratio=1.98 > 1.5. Current route_km=20.6km; estimated shortcut=11.4km (straight_line_km=10.4km x 1.1).,0.11859637343230747,,,Replace detoured alignment with direct route between highest-demand endpoints (~11.4km).
18878213,shortcut,Route detour_ratio=1.71 > 1.5. Current route_km=20.5km; estimated shortcut=13.2km (straight_line_km=12.0km x 1.1).,0.12647876772139136,,,Replace detoured alignment with direct route between highest-demand endpoints (~13.2km).
18878216,merge,Route overlaps 65.4% of served AGEBs with 18840241 (Jaccard=0.65). Consolidation improves frequency without expanding coverage.,0.16841790299927303,,18840241,Merge 18878216 into 18840241; combine headways to improve service frequency.
18878224,merge,Route overlaps 80.5% of served AGEBs with 18870090 (Jaccard=0.81). Consolidation improves frequency without expanding coverage.,0.09924969319179483,,18870090,Merge 18878224 into 18870090; combine headways to improve service frequency.
18878225,retire,"Route has low demand-gain (f1=0.003, score=0.158) with no high-scoring overlapping route. Consider service reduction or rerouting to higher-demand corridor.",0.15787201293965483,,,Reduce frequency or retire 18878225; reallocate vehicles to higher-demand routes.
18878234,shortcut,Route detour_ratio=2.11 > 1.5. Current route_km=21.6km; estimated shortcut=11.3km (straight_line_km=10.2km x 1.1).,0.11393955255594329,,,Replace detoured alignment with direct route between highest-demand endpoints (~11.3km).
18878236,merge,Route overlaps 82.6% of served AGEBs with 18878155 (Jaccard=0.83). Consolidation improves frequency without expanding coverage.,0.08589946767436867,,18878155,Merge 18878236 into 18878155; combine headways to improve service frequency.
18878247,merge,Route overlaps 90.5% of served AGEBs with 18878155 (Jaccard=0.91). Consolidation improves frequency without expanding coverage.,0.08163113842176573,,18878155,Merge 18878247 into 18878155; combine headways to improve service frequency.
18878252,merge,Route overlaps 78.0% of served AGEBs with 18870090 (Jaccard=0.78). Consolidation improves frequency without expanding coverage.,0.09605202681293744,,18870090,Merge 18878252 into 18870090; combine headways to improve service frequency.
18878258,merge,Route overlaps 77.8% of served AGEBs with 18878134 (Jaccard=0.78). Consolidation improves frequency without expanding coverage.,0.13597465617956364,,18878134,Merge 18878258 into 18878134; combine headways to improve service frequency.
18878268,merge,Route overlaps 75.0% of served AGEBs with 18878134 (Jaccard=0.75). Consolidation improves frequency without expanding coverage.,0.14813117558895955,,18878134,Merge 18878268 into 18878134; combine headways to improve service frequency.
18878271,merge,Route overlaps 68.4% of served AGEBs with 18768324 (Jaccard=0.68). Consolidation improves frequency without expanding coverage.,0.049816556955944946,,18768324,Merge 18878271 into 18768324; combine headways to improve service frequency.
18878279,merge,Route overlaps 77.8% of served AGEBs with 18878134 (Jaccard=0.78). Consolidation improves frequency without expanding coverage.,0.1474789726186941,,18878134,Merge 18878279 into 18878134; combine headways to improve service frequency.
18878282,merge,Route overlaps 68.4% of served AGEBs with 18768324 (Jaccard=0.68). Consolidation improves frequency without expanding coverage.,0.049816556955944946,,18768324,Merge 18878282 into 18768324; combine headways to improve service frequency.
18910283,merge,Route overlaps 77.8% of served AGEBs with 18878134 (Jaccard=0.78). Consolidation improves frequency without expanding coverage.,0.13091065925754597,,18878134,Merge 18910283 into 18878134; combine headways to improve service frequency.
18934075,shortcut,Route detour_ratio=2.17 > 1.5. Current route_km=22.5km; estimated shortcut=11.4km (straight_line_km=10.4km x 1.1).,0.09506869802926365,,,Replace detoured alignment with direct route between highest-demand endpoints (~11.4km).
18937710,merge,Route overlaps 65.0% of served AGEBs with 18796291 (Jaccard=0.65). Consolidation improves frequency without expanding coverage.,0.0399290163193283,,18796291,Merge 18937710 into 18796291; combine headways to improve service frequency.
18958354,merge,Route overlaps 64.5% of served AGEBs with 18823543 (Jaccard=0.65). Consolidation improves frequency without expanding coverage.,0.13973737059928754,,18823543,Merge 18958354 into 18823543; combine headways to improve service frequency.
19072410,retire,"Route has low demand-gain (f1=0.005, score=0.296) with no high-scoring overlapping route. Consider service reduction or rerouting to higher-demand corridor.",0.296218574233965,,,Reduce frequency or retire 19072410; reallocate vehicles to higher-demand routes.
19072412,retire,"Route has low demand-gain (f1=0.005, score=0.180) with no high-scoring overlapping route. Consider service reduction or rerouting to higher-demand corridor.",0.18011749869449262,,,Reduce frequency or retire 19072412; reallocate vehicles to higher-demand routes.
19072413,retire,"Route has low demand-gain (f1=0.003, score=0.220) with no high-scoring overlapping route. Consider service reduction or rerouting to higher-demand corridor.",0.22020027191544628,,,Reduce frequency or retire 19072413; reallocate vehicles to higher-demand routes.
19072448,merge,Route overlaps 75.0% of served AGEBs with 19345354 (Jaccard=0.75). Consolidation improves frequency without expanding coverage.,0.2821419200819414,,19345354,Merge 19072448 into 19345354; combine headways to improve service frequency.
19072498,retire,"Route has low demand-gain (f1=0.007, score=0.238) with no high-scoring overlapping route. Consider service reduction or rerouting to higher-demand corridor.",0.23825355299767145,,,Reduce frequency or retire 19072498; reallocate vehicles to higher-demand routes.
19109532,shortcut,Route detour_ratio=2.00 > 1.5. Current route_km=13.9km; estimated shortcut=7.6km (straight_line_km=6.9km x 1.1).,0.22168534489307473,,,Replace detoured alignment with direct route between highest-demand endpoints (~7.6km).
19109567,shortcut,Route detour_ratio=1.52 > 1.5. Current route_km=11.0km; estimated shortcut=8.0km (straight_line_km=7.3km x 1.1).,0.2374582307397449,,,Replace detoured alignment with direct route between highest-demand endpoints (~8.0km).
19347286,merge,Route overlaps 75.0% of served AGEBs with 18212752 (Jaccard=0.75). Consolidation improves frequency without expanding coverage.,0.11766690154097606,,18212752,Merge 19347286 into 18212752; combine headways to improve service frequency.
19355139,merge,Route overlaps 69.2% of served AGEBs with 18266208 (Jaccard=0.69). Consolidation improves frequency without expanding coverage.,0.055406168713152376,,18266208,Merge 19355139 into 18266208; combine headways to improve service frequency.
19357066,merge,Route overlaps 75.0% of served AGEBs with 18212752 (Jaccard=0.75). Consolidation improves frequency without expanding coverage.,0.11458094312429551,,18212752,Merge 19357066 into 18212752; combine headways to improve service frequency.
19358564,merge,Route overlaps 76.5% of served AGEBs with 18334522 (Jaccard=0.77). Consolidation improves frequency without expanding coverage.,0.057430388967767136,,18334522,Merge 19358564 into 18334522; combine headways to improve service frequency.
19361995,merge,Route overlaps 61.9% of served AGEBs with 18266208 (Jaccard=0.62). Consolidation improves frequency without expanding coverage.,0.06517199590000752,,18266208,Merge 19361995 into 18266208; combine headways to improve service frequency.
19363047,merge,Route overlaps 92.3% of served AGEBs with 18212752 (Jaccard=0.92). Consolidation improves frequency without expanding coverage.,0.04347702347422038,,18212752,Merge 19363047 into 18212752; combine headways to improve service frequency.
19366753,merge,Route overlaps 92.3% of served AGEBs with 18212752 (Jaccard=0.92). Consolidation improves frequency without expanding coverage.,0.04953320776753941,,18212752,Merge 19366753 into 18212752; combine headways to improve service frequency.
19366908,merge,Route overlaps 92.3% of served AGEBs with 18212752 (Jaccard=0.92). Consolidation improves frequency without expanding coverage.,0.03624942479227252,,18212752,Merge 19366908 into 18212752; combine headways to improve service frequency.
19366979,merge,Route overlaps 92.3% of served AGEBs with 18212752 (Jaccard=0.92). Consolidation improves frequency without expanding coverage.,0.03624942479227252,,18212752,Merge 19366979 into 18212752; combine headways to improve service frequency.
19367206,merge,Route overlaps 92.3% of served AGEBs with 18212752 (Jaccard=0.92). Consolidation improves frequency without expanding coverage.,0.03624942479227252,,18212752,Merge 19367206 into 18212752; combine headways to improve service frequency.
19367447,merge,Route overlaps 92.3% of served AGEBs with 18212752 (Jaccard=0.92). Consolidation improves frequency without expanding coverage.,0.03624942479227252,,18212752,Merge 19367447 into 18212752; combine headways to improve service frequency.
19367448,retire,"Route has low demand-gain (f1=0.000, score=0.000) with no high-scoring overlapping route. Consider service reduction or rerouting to higher-demand corridor.",0.0,,,Reduce frequency or retire 19367448; reallocate vehicles to higher-demand routes.
19367449,retire,"Route has low demand-gain (f1=0.000, score=0.000) with no high-scoring overlapping route. Consider service reduction or rerouting to higher-demand corridor.",0.0,,,Reduce frequency or retire 19367449; reallocate vehicles to higher-demand routes.
19367456,merge,Route overlaps 92.3% of served AGEBs with 18212752 (Jaccard=0.92). Consolidation improves frequency without expanding coverage.,0.03624942479227252,,18212752,Merge 19367456 into 18212752; combine headways to improve service frequency.
19367458,merge,Route overlaps 92.3% of served AGEBs with 18212752 (Jaccard=0.92). Consolidation improves frequency without expanding coverage.,0.03624942479227252,,18212752,Merge 19367458 into 18212752; combine headways to improve service frequency.
19367460,shortcut,Route detour_ratio=2.48 > 1.5. Current route_km=30.0km; estimated shortcut=13.3km (straight_line_km=12.1km x 1.1).,0.0,,,Replace detoured alignment with direct route between highest-demand endpoints (~13.3km).
19367488,shortcut,Route detour_ratio=2.48 > 1.5. Current route_km=30.0km; estimated shortcut=13.3km (straight_line_km=12.1km x 1.1).,0.0,,,Replace detoured alignment with direct route between highest-demand endpoints (~13.3km).
19367696,shortcut,Route detour_ratio=1.62 > 1.5. Current route_km=26.9km; estimated shortcut=18.3km (straight_line_km=16.6km x 1.1).,0.0,,,Replace detoured alignment with direct route between highest-demand endpoints (~18.3km).
19369172,retire,"Route has low demand-gain (f1=0.000, score=0.000) with no high-scoring overlapping route. Consider service reduction or rerouting to higher-demand corridor.",0.0,,,Reduce frequency or retire 19369172; reallocate vehicles to higher-demand routes.
19369180,shortcut,Route detour_ratio=1.62 > 1.5. Current route_km=29.4km; estimated shortcut=20.0km (straight_line_km=18.2km x 1.1).,0.0,,,Replace detoured alignment with direct route between highest-demand endpoints (~20.0km).
19369181,merge,Route overlaps 82.6% of served AGEBs with 18878155 (Jaccard=0.83). Consolidation improves frequency without expanding coverage.,0.08589946767436867,,18878155,Merge 19369181 into 18878155; combine headways to improve service frequency.
19369185,merge,Route overlaps 82.6% of served AGEBs with 18878155 (Jaccard=0.83). Consolidation improves frequency without expanding coverage.,0.08589946767436867,,18878155,Merge 19369185 into 18878155; combine headways to improve service frequency.
19369195,shortcut,Route detour_ratio=1.63 > 1.5. Current route_km=27.6km; estimated shortcut=18.7km (straight_line_km=17.0km x 1.1).,0.0,,,Replace detoured alignment with direct route between highest-demand endpoints (~18.7km).
19369199,retire,"Route has low demand-gain (f1=0.000, score=0.000) with no high-scoring overlapping route. Consider service reduction or rerouting to higher-demand corridor.",0.0,,,Reduce frequency or retire 19369199; reallocate vehicles to higher-demand routes.
19369214,merge,Route overlaps 82.6% of served AGEBs with 18878155 (Jaccard=0.83). Consolidation improves frequency without expanding coverage.,0.08589946767436867,,18878155,Merge 19369214 into 18878155; combine headways to improve service frequency.
19369219,shortcut,Route detour_ratio=1.58 > 1.5. Current route_km=28.6km; estimated shortcut=19.8km (straight_line_km=18.0km x 1.1).,0.0,,,Replace detoured alignment with direct route between highest-demand endpoints (~19.8km).
19369229,shortcut,Route detour_ratio=1.65 > 1.5. Current route_km=21.9km; estimated shortcut=14.7km (straight_line_km=13.3km x 1.1).,0.0,,,Replace detoured alignment with direct route between highest-demand endpoints (~14.7km).
19369233,merge,Route overlaps 82.6% of served AGEBs with 18878155 (Jaccard=0.83). Consolidation improves frequency without expanding coverage.,0.08589946767436867,,18878155,Merge 19369233 into 18878155; combine headways to improve service frequency.
19369234,merge,Route overlaps 60.0% of served AGEBs with 18212752 (Jaccard=0.60). Consolidation improves frequency without expanding coverage.,0.10382049902264301,,18212752,Merge 19369234 into 18212752; combine headways to improve service frequency.
19369238,shortcut,Route detour_ratio=2.65 > 1.5. Current route_km=47.3km; estimated shortcut=19.6km (straight_line_km=17.8km x 1.1).,0.0,,,Replace detoured alignment with direct route between highest-demand endpoints (~19.6km).
19369241,shortcut,Route detour_ratio=2.64 > 1.5. Current route_km=47.1km; estimated shortcut=19.6km (straight_line_km=17.8km x 1.1).,0.0,,,Replace detoured alignment with direct route between highest-demand endpoints (~19.6km).
19369243,shortcut,Route detour_ratio=2.38 > 1.5. Current route_km=20.8km; estimated shortcut=9.6km (straight_line_km=8.7km x 1.1).,0.0,,,Replace detoured alignment with direct route between highest-demand endpoints (~9.6km).
19369250,merge,Route overlaps 66.7% of served AGEBs with 18212752 (Jaccard=0.67). Consolidation improves frequency without expanding coverage.,0.06037365344031121,,18212752,Merge 19369250 into 18212752; combine headways to improve service frequency.
19369253,shortcut,Route detour_ratio=2.39 > 1.5. Current route_km=20.9km; estimated shortcut=9.6km (straight_line_km=8.7km x 1.1).,0.0,,,Replace detoured alignment with direct route between highest-demand endpoints (~9.6km).
19369254,shortcut,Route detour_ratio=1.70 > 1.5. Current route_km=39.5km; estimated shortcut=25.5km (straight_line_km=23.2km x 1.1).,0.0,,,Replace detoured alignment with direct route between highest-demand endpoints (~25.5km).
19369255,shortcut,Route detour_ratio=1.90 > 1.5. Current route_km=19.2km; estimated shortcut=11.1km (straight_line_km=10.1km x 1.1).,0.0,,,Replace detoured alignment with direct route between highest-demand endpoints (~11.1km).
19369256,shortcut,Route detour_ratio=1.67 > 1.5. Current route_km=22.2km; estimated shortcut=14.7km (straight_line_km=13.3km x 1.1).,0.0,,,Replace detoured alignment with direct route between highest-demand endpoints (~14.7km).
19369257,shortcut,Route detour_ratio=2.15 > 1.5. Current route_km=16.3km; estimated shortcut=8.3km (straight_line_km=7.6km x 1.1).,0.0,,,Replace detoured alignment with direct route between highest-demand endpoints (~8.3km).
19369264,retire,"Route has low demand-gain (f1=0.000, score=0.000) with no high-scoring overlapping route. Consider service reduction or rerouting to higher-demand corridor.",0.0,,,Reduce frequency or retire 19369264; reallocate vehicles to higher-demand routes.
19369265,retire,"Route has low demand-gain (f1=0.000, score=0.000) with no high-scoring overlapping route. Consider service reduction or rerouting to higher-demand corridor.",0.0,,,Reduce frequency or retire 19369265; reallocate vehicles to higher-demand routes.
19369271,shortcut,Route detour_ratio=1.67 > 1.5. Current route_km=38.1km; estimated shortcut=25.1km (straight_line_km=22.8km x 1.1).,0.0,,,Replace detoured alignment with direct route between highest-demand endpoints (~25.1km).
19369272,retire,"Route has low demand-gain (f1=0.000, score=0.000) with no high-scoring overlapping route. Consider service reduction or rerouting to higher-demand corridor.",0.0,,,Reduce frequency or retire 19369272; reallocate vehicles to higher-demand routes.
19369278,retire,"Route has low demand-gain (f1=0.041, score=0.287) with no high-scoring overlapping route. Consider service reduction or rerouting to higher-demand corridor.",0.2867603417576405,,,Reduce frequency or retire 19369278; reallocate vehicles to higher-demand routes.
19369279,merge,Route overlaps 92.3% of served AGEBs with 18212752 (Jaccard=0.92). Consolidation improves frequency without expanding coverage.,0.10579822932336325,,18212752,Merge 19369279 into 18212752; combine headways to improve service frequency.
19369286,merge,Route overlaps 92.3% of served AGEBs with 18212752 (Jaccard=0.92). Consolidation improves frequency without expanding coverage.,0.10939276391383279,,18212752,Merge 19369286 into 18212752; combine headways to improve service frequency.
19369288,shortcut,Route detour_ratio=1.59 > 1.5. Current route_km=9.8km; estimated shortcut=6.8km (straight_line_km=6.1km x 1.1).,0.0,,,Replace detoured alignment with direct route between highest-demand endpoints (~6.8km).
19369291,merge,Route overlaps 100.0% of served AGEBs with 19369278 (Jaccard=1.00). Consolidation improves frequency without expanding coverage.,0.2862602018475593,,19369278,Merge 19369291 into 19369278; combine headways to improve service frequency.
19369292,retire,"Route has low demand-gain (f1=0.000, score=0.000) with no high-scoring overlapping route. Consider service reduction or rerouting to higher-demand corridor.",0.0,,,Reduce frequency or retire 19369292; reallocate vehicles to higher-demand routes.
19369293,retire,"Route has low demand-gain (f1=0.000, score=0.000) with no high-scoring overlapping route. Consider service reduction or rerouting to higher-demand corridor.",0.0,,,Reduce frequency or retire 19369293; reallocate vehicles to higher-demand routes.
19369298,shortcut,Route detour_ratio=1.58 > 1.5. Current route_km=10.2km; estimated shortcut=7.1km (straight_line_km=6.4km x 1.1).,0.20122409804977798,,,Replace detoured alignment with direct route between highest-demand endpoints (~7.1km).
19369425,merge,Route overlaps 60.7% of served AGEBs with 19369474 (Jaccard=0.61). Consolidation improves frequency without expanding coverage.,0.15373112325287225,,19369474,Merge 19369425 into 19369474; combine headways to improve service frequency.
19369426,merge,Route overlaps 92.3% of served AGEBs with 18212752 (Jaccard=0.92). Consolidation improves frequency without expanding coverage.,0.03624942479227252,,18212752,Merge 19369426 into 18212752; combine headways to improve service frequency.
19369432,merge,Route overlaps 61.9% of served AGEBs with 18796291 (Jaccard=0.62). Consolidation improves frequency without expanding coverage.,0.05706322349836664,,18796291,Merge 19369432 into 18796291; combine headways to improve service frequency.
19369434,merge,Route overlaps 60.0% of served AGEBs with 18878117 (Jaccard=0.60). Consolidation improves frequency without expanding coverage.,0.18693797751302516,,18878117,Merge 19369434 into 18878117; combine headways to improve service frequency.
19369435,merge,Route overlaps 81.0% of served AGEBs with 18704763 (Jaccard=0.81). Consolidation improves frequency without expanding coverage.,0.054867608747862964,,18704763,Merge 19369435 into 18704763; combine headways to improve service frequency.
19369436,retire,"Route has low demand-gain (f1=0.000, score=0.000) with no high-scoring overlapping route. Consider service reduction or rerouting to higher-demand corridor.",0.0,,,Reduce frequency or retire 19369436; reallocate vehicles to higher-demand routes.
19369449,merge,Route overlaps 92.3% of served AGEBs with 18212752 (Jaccard=0.92). Consolidation improves frequency without expanding coverage.,0.03624942479227252,,18212752,Merge 19369449 into 18212752; combine headways to improve service frequency.
19369453,shortcut,Route detour_ratio=1.79 > 1.5. Current route_km=10.4km; estimated shortcut=6.4km (straight_line_km=5.8km x 1.1).,0.33306887691616927,,,Replace detoured alignment with direct route between highest-demand endpoints (~6.4km).
19369465,merge,Route overlaps 100.0% of served AGEBs with 19369544 (Jaccard=1.00). Consolidation improves frequency without expanding coverage.,0.34877769330205877,,19369544,Merge 19369465 into 19369544; combine headways to improve service frequency.
19369467,merge,Route overlaps 61.1% of served AGEBs with 19369298 (Jaccard=0.61). Consolidation improves frequency without expanding coverage.,0.19954011695756504,,19369298,Merge 19369467 into 19369298; combine headways to improve service frequency.
19369473,merge,Route overlaps 100.0% of served AGEBs with 19369453 (Jaccard=1.00). Consolidation improves frequency without expanding coverage.,0.3316944585473503,,19369453,Merge 19369473 into 19369453; combine headways to improve service frequency.
19369474,retire,"Route has low demand-gain (f1=0.007, score=0.174) with no high-scoring overlapping route. Consider service reduction or rerouting to higher-demand corridor.",0.17383293839702751,,,Reduce frequency or retire 19369474; reallocate vehicles to higher-demand routes.
19369475,merge,Route overlaps 66.7% of served AGEBs with 18796201 (Jaccard=0.67). Consolidation improves frequency without expanding coverage.,0.269138703057511,,18796201,Merge 19369475 into 18796201; combine headways to improve service frequency.
19369476,merge,Route overlaps 100.0% of served AGEBs with 19369478 (Jaccard=1.00). Consolidation improves frequency without expanding coverage.,0.3643849120856297,,19369478,Merge 19369476 into 19369478; combine headways to improve service frequency.
19369479,merge,Route overlaps 100.0% of served AGEBs with 18794003 (Jaccard=1.00). Consolidation improves frequency without expanding coverage.,0.33025880979600447,,18794003,Merge 19369479 into 18794003; combine headways to improve service frequency.
19369480,merge,Route overlaps 66.7% of served AGEBs with 18796201 (Jaccard=0.67). Consolidation improves frequency without expanding coverage.,0.2662128977438577,,18796201,Merge 19369480 into 18796201; combine headways to improve service frequency.
19369485,merge,Route overlaps 66.7% of served AGEBs with 18794003 (Jaccard=0.67). Consolidation improves frequency without expanding coverage.,0.31559579069617205,,18794003,Merge 19369485 into 18794003; combine headways to improve service frequency.
19369486,merge,Route overlaps 100.0% of served AGEBs with 19369478 (Jaccard=1.00). Consolidation improves frequency without expanding coverage.,0.3300848920453343,,19369478,Merge 19369486 into 19369478; combine headways to improve service frequency.
19369488,merge,Route overlaps 100.0% of served AGEBs with 18794003 (Jaccard=1.00). Consolidation improves frequency without expanding coverage.,0.32146887753839753,,18794003,Merge 19369488 into 18794003; combine headways to improve service frequency.
19369489,merge,Route overlaps 66.7% of served AGEBs with 18739386 (Jaccard=0.67). Consolidation improves frequency without expanding coverage.,0.3014318155735174,,18739386,Merge 19369489 into 18739386; combine headways to improve service frequency.
19369491,merge,Route overlaps 66.7% of served AGEBs with 18794003 (Jaccard=0.67). Consolidation improves frequency without expanding coverage.,0.323691761288107,,18794003,Merge 19369491 into 18794003; combine headways to improve service frequency.
19369492,merge,Route overlaps 66.7% of served AGEBs with 18739386 (Jaccard=0.67). Consolidation improves frequency without expanding coverage.,0.30270540961824866,,18739386,Merge 19369492 into 18739386; combine headways to improve service frequency.
19369503,merge,Route overlaps 100.0% of served AGEBs with 18494467 (Jaccard=1.00). Consolidation improves frequency without expanding coverage.,0.2997967541082246,,18494467,Merge 19369503 into 18494467; combine headways to improve service frequency.
19369508,merge,Route overlaps 100.0% of served AGEBs with 19369516 (Jaccard=1.00). Consolidation improves frequency without expanding coverage.,0.3847153745086143,,19369516,Merge 19369508 into 19369516; combine headways to improve service frequency.
19369513,merge,Route overlaps 100.0% of served AGEBs with 18494467 (Jaccard=1.00). Consolidation improves frequency without expanding coverage.,0.2999997956843109,,18494467,Merge 19369513 into 18494467; combine headways to improve service frequency.
19369514,merge,Route overlaps 100.0% of served AGEBs with 19369516 (Jaccard=1.00). Consolidation improves frequency without expanding coverage.,0.3240431273753864,,19369516,Merge 19369514 into 19369516; combine headways to improve service frequency.
19369516,shortcut,Route detour_ratio=1.72 > 1.5. Current route_km=8.4km; estimated shortcut=5.3km (straight_line_km=4.9km x 1.1).,0.3856527792124129,,,Replace detoured alignment with direct route between highest-demand endpoints (~5.3km).
19369517,merge,Route overlaps 61.9% of served AGEBs with 18582498 (Jaccard=0.62). Consolidation improves frequency without expanding coverage.,0.08549685483005146,,18582498,Merge 19369517 into 18582498; combine headways to improve service frequency.
19369532,merge,Route overlaps 92.3% of served AGEBs with 18212752 (Jaccard=0.92). Consolidation improves frequency without expanding coverage.,0.06874244086684159,,18212752,Merge 19369532 into 18212752; combine headways to improve service frequency.
19369540,retire,"Route has low demand-gain (f1=0.086, score=0.195) with no high-scoring overlapping route. Consider service reduction or rerouting to higher-demand corridor.",0.19489199277751734,,,Reduce frequency or retire 19369540; reallocate vehicles to higher-demand routes.
19369569,merge,Route overlaps 92.3% of served AGEBs with 18212752 (Jaccard=0.92). Consolidation improves frequency without expanding coverage.,0.060066424322351646,,18212752,Merge 19369569 into 18212752; combine headways to improve service frequency.
19369681,merge,Route overlaps 92.3% of served AGEBs with 18212752 (Jaccard=0.92). Consolidation improves frequency without expanding coverage.,0.060066424322351646,,18212752,Merge 19369681 into 18212752; combine headways to improve service frequency.
19369768,merge,Route overlaps 75.0% of served AGEBs with 19369540 (Jaccard=0.75). Consolidation improves frequency without expanding coverage.,0.19445591436225457,,19369540,Merge 19369768 into 19369540; combine headways to improve service frequency.
19369927,shortcut,Route detour_ratio=1.62 > 1.5. Current route_km=10.1km; estimated shortcut=6.8km (straight_line_km=6.2km x 1.1).,0.0,,,Replace detoured alignment with direct route between highest-demand endpoints (~6.8km).
19370079,merge,Route overlaps 94.4% of served AGEBs with 19369434 (Jaccard=0.94). Consolidation improves frequency without expanding coverage.,0.18365893030220418,,19369434,Merge 19370079 into 19369434; combine headways to improve service frequency.
19370082,merge,Route overlaps 100.0% of served AGEBs with 19369516 (Jaccard=1.00). Consolidation improves frequency without expanding coverage.,0.3294404084005635,,19369516,Merge 19370082 into 19369516; combine headways to improve service frequency.
19370105,merge,Route overlaps 66.7% of served AGEBs with 18794052 (Jaccard=0.67). Consolidation improves frequency without expanding coverage.,0.06148612252656027,,18794052,Merge 19370105 into 18794052; combine headways to improve service frequency.
19370138,merge,Route overlaps 61.9% of served AGEBs with 18737050 (Jaccard=0.62). Consolidation improves frequency without expanding coverage.,0.062170038212981574,,18737050,Merge 19370138 into 18737050; combine headways to improve service frequency.
