route_id,route_short_name,route_long_name,route_km,n_stops,straight_line_km,detour_ratio,connects_to_existing,n_served_agebs,f1_demand_gain,f2_route_km,f3_equity,composite_score,total_score,pareto_rank,feasible,flag,overlap_route_id
18178778,Triángulo,Triángulo : San Miguel Toto → Terminal,13.148619651720011,290,9.15936953409099,1.436,True,22,0.004045488375628815,13.148619651720011,0.11881394762730134,0.17417714485145405,0.17417714485145405,13,False,Redundant,18212712
18212710,Triángulo,Triángulo : Terminal → Tlacotepec,8.800277621913969,255,6.94211823335849,1.268,True,14,0.0030410027438567684,8.800277621913969,0.1866970004755553,0.22637960601346252,0.22637960601346252,8,False,Redundant,18212738
18212712,Triángulo,Triángulo : Terminal → San Miguel Toto,11.11984251917908,232,8.880878131227952,1.252,True,18,0.0031944046219381573,11.11984251917908,0.1258199847248624,0.1919840464766614,0.1919840464766614,11,False,Low demand,
18212716,Triángulo,Triángulo : Tlacotepec → Toluca Centro (Instituto Literario),8.233602096440588,203,7.437449481802403,1.107,True,10,0.004903332068136192,8.233602096440588,0.17522545383151827,0.2300963447223442,0.2300963447223442,6,False,Low demand,
18212734,Triángulo,Triángulo : Terminal Toluca → Zaragoza,21.64618582903079,578,14.227672413320937,1.521,True,18,0.009245108391033548,21.64618582903079,0.19101540201162553,0.12661407698535,0.12661407698535,11,False,Redundant,18212752
18212736,Triángulo,Triángulo : Tlacotepec → Terminal,9.379693551458585,228,7.263604898469329,1.291,True,12,0.0030841853484508334,9.379693551458585,0.18789692820908807,0.22189430447190134,0.22189430447190134,9,False,Redundant,18212710
18212738,Triángulo,Triángulo : Toluca Centro (Instituto Literario) → Tlacotepec,8.573117577574694,233,7.453930460050671,1.15,True,12,0.0030878546431302584,8.573117577574694,0.18382313415721785,0.22760099170264564,0.22760099170264564,7,False,Low demand,
18212742,Triángulo,Triángulo : Zaragoza → Terminal Toluca,21.574892954844113,549,14.281146587447505,1.511,True,18,0.009245108391033548,21.574892954844113,0.19101540201162553,0.127208184270239,0.127208184270239,10,False,Redundant,18212752
18212744,Triángulo,Triángulo : San Andres Ocotlan → Terminal Toluca-(Mpio. de Calimaya),13.613576822546896,312,11.856148944902586,1.148,True,12,0.002958975715339369,13.613576822546896,0.11368963372110058,0.16793491062439037,0.16793491062439037,15,False,Redundant,18874884
18212752,Triángulo,Triángulo : (Mpio. de Calimaya) → San Andres Ocotlan,12.888230292176559,332,11.32239018982122,1.138,True,12,0.002958975715339369,12.888230292176559,0.11368963372110058,0.1739794650441432,0.1739794650441432,14,False,Redundant,18874884
18212798,Triángulo,Triángulo : La Huerta → Terminal,22.49136223175952,608,14.669364729230255,1.533,True,18,0.009229858145982926,22.49136223175952,0.18740762493107213,0.11865374578075494,0.11865374578075494,12,False,Redundant,18212752
18212802,Triángulo,Triángulo : Centro Toluca → Calimaya,19.88697724889229,511,15.660475854436392,1.27,True,17,0.005011872505287039,19.88697724889229,0.17317930726225114,0.13258188891341408,0.13258188891341408,12,False,Low demand,
18212806,Triángulo,Triángulo : Calimaya → Centro Toluca,21.624795564385703,579,15.754830726901139,1.373,True,20,0.005696806772576946,21.624795564385703,0.1723666384264614,0.1185818366759781,0.1185818366759781,13,False,Redundant,18212802
18212813,Triángulo,Triángulo : Terminal → Ocotitlan,6.5626964852402745,164,5.702803038253124,1.151,True,16,0.002571176326128357,6.5626964852402745,0.12810857586361502,0.22990918291502982,0.22990918291502982,5,False,Redundant,18212846
18212821,Triángulo,Triángulo : Terminal → La Huerta,22.57970856613177,629,14.633251653789916,1.543,True,18,0.009229858145982926,22.57970856613177,0.18740762493107213,0.11791752632765287,0.11791752632765287,13,False,Redundant,18212752
18212846,Triángulo,Triángulo : Ocotitlan → Terminal,6.535769580171502,154,5.6689385545491,1.153,True,15,0.002509226156800198,6.535769580171502,0.13450682156864055,0.23167118504753115,0.23167118504753115,5,False,Low demand,
18265943,Estrella,Estrella : Toluca → Santiago Tianguistenco por Acueducto,29.879096738636495,595,21.97011655858125,1.36,True,15,0.0038690893992606615,29.879096738636495,0.19779402832418017,0.05432512365833492,0.05432512365833492,16,False,Redundant,18266208
18265967,Estrella,Estrella : Toluca → San Nicolas Peralta,21.352624153089657,488,16.566183057706635,1.289,True,21,0.005858728005316494,21.352624153089657,0.18025786325740015,0.12298465921058607,0.12298465921058607,12,False,Redundant,18334522
18265983,Estrella,Estrella : Toluca → Santiago Tianguistenco,35.143381773737815,794,21.820426183009893,1.611,True,24,0.005512775397739585,35.143381773737815,0.17691969453690323,0.04974269903196539,0.04974269903196539,18,False,Redundant,18266208
18266002,Estrella,Estrella : Atarasquillo (Lerma) → Toluca Centro,26.67060166908138,644,23.474652059370904,1.136,True,18,0.006041271865324654,26.67060166908138,0.17663455598542604,0.07794489695266968,0.07794489695266968,16,False,Low demand,
18266011,Estrella,Estrella : Toluca → Santiago Tianguistenco por Carretera Toluca México,35.93925178779133,765,21.820426183009893,1.647,True,24,0.005426994210672914,35.93925178779133,0.177827373722495,0.04988383764129666,0.04988383764129666,19,False,Redundant,18266208
18266023,Estrella,Estrella : Toluca → San Miguel Ameyalco,26.408763819265943,583,20.27621899074675,1.302,True,22,0.005217084021181516,26.408763819265943,0.18195827840842851,0.08063362179607246,0.08063362179607246,16,False,Redundant,18266208
18266067,Estrella,Estrella : Toluca → Chalma,76.32426357092761,1813,44.46533911701384,1.716,True,24,0.005426994210672914,76.32426357092761,0.177827373722495,0.04988383764129666,0.04988383764129666,20,False,Redundant,18266208
18266070,Estrella,Estrella : El Charco → Toluca,45.941010605765065,1490,26.743499483144376,1.718,True,25,0.0074766872896403725,45.941010605765065,0.19369098964217268,0.05589943470018354,0.05589943470018354,14,False,Redundant,18266208
18266131,Estrella,Estrella : Santiago Tianguistenco por Carretera Toluca México → Toluca,31.620057839838243,655,21.453553529189254,1.474,True,16,0.004018263659412542,31.620057839838243,0.17000567140853717,0.04651968151154683,0.04651968151154683,18,False,Redundant,18334522
18266173,Flecha Blanca,Flecha Blanca : Jicaltepec → Toluca Centro,15.619616699890527,460,8.7487699955614,1.785,True,17,0.003875648452202305,15.619616699890527,0.2917209920043005,0.1966424239541897,0.1966424239541897,12,False,Redundant,18266214
18266201,Estrella,Estrella : San Mateo Atenco → San Mateo Atenco,21.362171073886508,458,12.512584774220608,1.707,True,25,0.003918834325149971,21.362171073886508,0.20775785491296472,0.12784020577100358,0.12784020577100358,15,False,Redundant,18266208
18266208,Estrella,Estrella : Toluca → Cerrillo,19.83452511264375,399,12.341924187234705,1.607,True,18,0.0028117191035215115,19.83452511264375,0.17192835579170598,0.13050609877941677,0.13050609877941677,18,False,Redundant,18334522
18266214,Flecha Blanca,Flecha Blanca : Toluca Centro → Jicaltepec,12.492888249915556,355,8.781100565482102,1.423,True,13,0.0038770694825235185,12.492888249915556,0.2977369570353578,0.22420390665873335,0.22420390665873335,10,False,Low demand,
18268019,Estrella,Estrella : Acazulco → Toluca,35.78727519315029,686,24.357026821085892,1.469,True,32,0.006464010938557793,35.78727519315029,0.23658534448368607,0.06561034705947931,0.06561034705947931,14,False,Redundant,18334552
18268037,Estrella,Estrella : Toluca → Cholula,36.311120440066254,755,21.820426183009893,1.664,True,24,0.0061739894817076325,36.311120440066254,0.19082629961475261,0.053880564385395784,0.053880564385395784,15,False,Redundant,18266208
18268072,Estrella,Estrella : Almaya → Toluca,35.1257811447351,700,22.51497583806444,1.56,True,24,0.005426994210672914,35.1257811447351,0.177827373722495,0.04988383764129666,0.04988383764129666,18,False,Redundant,18266208
18268107,Estrella,Estrella : Chalma → Toluca,76.6359803037554,1867,44.840459741650086,1.709,True,19,0.006197533745245167,76.6359803037554,0.17531494070602802,0.05002626892175217,0.05002626892175217,19,False,Redundant,18334522
18268117,Estrella,Estrella : Almaya → Santiago Tianguistenco,4.870148070879081,117,4.173036979611906,1.167,True,0,0.0,4.870148070879081,0.0,0.0,0.0,4,False,Low demand,
18268120,Estrella,Estrella : Xonacatlán → Santa María Tlalmimilolpan,7.685490597608277,203,6.370497301294628,1.206,True,1,0.0526232513542298,7.685490597608277,0.3361495231339858,0.32261487715765724,0.32261487715765724,4,False,Redundant,18494467
18268133,Estrella,Estrella : Santiago Tianguistenco por Acueducto → Toluca,30.32639793761587,621,21.883802205475515,1.386,True,13,0.004134813579506584,30.32639793761587,0.19779799669550305,0.053584312753382345,0.053584312753382345,15,False,Redundant,18334502
18268136,Estrella,Estrella : San Nicolás Peralta (Lerma) → Toluca Centro,31.4304774762526,559,22.48215502039985,1.398,True,20,0.012790815022291707,31.4304774762526,0.14265845421103313,0.04845542857504999,0.04845542857504999,14,False,Redundant,18334536
18268140,Estrella,Estrella : San Lorenzo → Toluca,31.159300298837262,665,23.692072115489623,1.315,True,21,0.013396179139999059,31.159300298837262,0.14562907305534734,0.049803447403835896,0.049803447403835896,13,False,Redundant,18794052
18268144,Estrella,Estrella : Santa María Tlalmimilolpan → Toluca,35.39561910943362,859,22.283537863108897,1.588,True,20,0.006727381526626246,35.39561910943362,0.20176954299723757,0.05716976727593564,0.05716976727593564,14,False,Redundant,18334522
18268152,Estrella,Estrella : Toluca → San Francisco Xochicuahutla,44.72501250968045,1365,26.247614797787126,1.704,True,25,0.018435426451952203,44.72501250968045,0.18548620409447072,0.06480697747556988,0.06480697747556988,12,False,Redundant,18794052
18268203,Flecha Blanca,Flecha Blanca : La Palma → Terminal Toluca,34.51403881302333,727,24.737864119066163,1.395,True,22,0.003962836396980242,34.51403881302333,0.17075575758167033,0.04665177579239783,0.04665177579239783,19,False,Redundant,18704763
18268365,Estrella,Estrella : Toluca → San Lorenzo Huitzizilapan,42.55716267486309,942,23.568145246667683,1.806,True,24,0.016632722903424758,42.55716267486309,0.19733977585302354,0.06596766686668064,0.06596766686668064,12,False,Redundant,18266208
18268510,Estrella,Estrella : Toluca → Metro Toreo,78.24290352288955,2214,49.589367274614595,1.578,True,24,0.021116837391126856,78.24290352288955,0.16550789510979172,0.06249381116857479,0.06249381116857479,15,False,Redundant,18268365
18268545,Flecha Blanca,Flecha Blanca : Toluca → San Diego Linares por Villa Seca Municipio de Otzolotepec,18.841841031402485,500,14.791195193832998,1.274,True,21,0.0035079367224170373,18.841841031402485,0.20835490821730773,0.14858132184838993,0.14858132184838993,16,False,Redundant,18709005
18268559,Flecha Blanca,Flecha Blanca : Toluca → Colonia Lerdo de Tejada por Colonia San Marcos,26.189736546397178,563,16.35077395392315,1.602,True,20,0.0032171868781598,26.189736546397178,0.14280032208737253,0.07066946284669312,0.07066946284669312,22,False,Redundant,18794052
18269212,Estrella,Estrella : Santiago Tianguistenco → Toluca,32.97368968649214,720,21.441521253045565,1.538,True,15,0.0040651300025112,32.97368968649214,0.16763115925800198,0.045972919817011695,0.045972919817011695,18,False,Redundant,18334522
18284841,Flecha Blanca,Flecha Blanca : San Carlos → Terminal Toluca,20.524020449876392,414,13.992695964553562,1.467,True,20,0.0032171868781598,20.524020449876392,0.14280032208737253,0.117883763651033,0.117883763651033,20,False,Redundant,18794052
18289699,Flecha Blanca,Flecha Blanca : Toluca → Terminal Toluca,12.765455791931208,356,9.791141672412154,1.304,True,17,0.004660004322076616,12.765455791931208,0.2968463821097074,0.22249280158341006,0.22249280158341006,11,False,Redundant,18709005
18289706,Flecha Blanca,Flecha Blanca : Terminal Toluca → San Cristóbal,12.662689758140827,346,9.788866634683389,1.294,True,17,0.004660004322076616,12.662689758140827,0.2968463821097074,0.22334918519832989,0.22334918519832989,10,False,Redundant,18709005
18291846,Del Valle,Del Valle : Puente Nuevo por Lerdo → Fraccionamiento SUTEYM,37.15323642697702,824,30.071184688223166,1.236,True,35,0.007192460895507702,37.15323642697702,0.21580538579139977,0.06114380734335764,0.06114380734335764,13,False,Redundant,18292060
18291869,Flecha Blanca,Flecha Blanca : Toluca → San Pablo,11.610543309796206,311,9.282831752352568,1.251,True,14,0.003701486757693767,11.610543309796206,0.18754932701110189,0.2038342909288342,0.2038342909288342,12,False,Redundant,18768324
18291925,Del Valle,Del Valle : Fraccionamiento SUTEYM → Puente Nuevo por Lerdo,36.32535466053402,780,30.01390425055211,1.21,True,30,0.007731535382197418,36.32535466053402,0.20900122856431239,0.059981842523275514,0.059981842523275514,13,False,Redundant,18709064
18291941,Flecha Blanca,Flecha Blanca : Mina México → Toluca,27.026185832048554,537,20.661899214152474,1.308,True,20,0.0032171868781598,27.026185832048554,0.14280032208737253,0.06369905213293164,0.06369905213293164,23,False,Redundant,18794052
18291951,Flecha Blanca,Flecha Blanca : San Pablo → Toluca Centro,17.442486807102135,546,7.483975447147345,2.331,True,20,0.0038698898391078414,17.442486807102135,0.2607678235506316,0.1737077890009146,0.1737077890009146,13,False,Redundant,18708963
18291954,TEO,TEO : Aeropuerto → San Luis Mextepec.,38.235337253741605,767,29.123222614136022,1.313,True,30,0.007107561983815702,38.235337253741605,0.20166229395661708,0.05752313547296997,0.05752313547296997,14,False,Low demand,
18291959,Flecha Blanca,Flecha Blanca : Central de Abasto → Toluca Centro por El Rastro,16.54909274085856,423,9.295028187705146,1.78,True,14,0.004067875830303722,16.54909274085856,0.24654772432534935,0.17779570073781975,0.17779570073781975,12,False,Redundant,18782084
18291963,Estrella,Estrella : Toluca Centro → Atarasquillo (Lerma),29.15194195703423,762,23.700106455772076,1.23,True,23,0.005513928199260915,29.15194195703423,0.18643117202944381,0.059188871564669954,0.059188871564669954,14,False,Redundant,18266002
18291971,Estrella,Estrella : Toluca → Almaya,33.832492145740396,702,22.19353034582159,1.524,True,19,0.006197533745245167,33.832492145740396,0.17531494070602802,0.05002626892175217,0.05002626892175217,18,False,Redundant,18334522
18291974,Estrella,Estrella : San Miguel Ameyalco → Toluca,23.257480018009172,525,19.505346812926554,1.192,True,16,0.005940049007079646,23.257480018009172,0.18014812349048231,0.10716474639629046,0.10716474639629046,14,False,Redundant,18334522
18291977,TEO,TEO : Tecaxic → Toluca Centro por Morelos,25.369404334834623,562,21.28535065859267,1.192,True,24,0.0069079212256348025,25.369404334834623,0.1646128822581423,0.08664943899988184,0.08664943899988184,16,False,Redundant,18768818
18291998,Flecha Blanca,Flecha Blanca : San Andrés Cuexcontitlan → Terminal Toluca por La Maquinita,16.23024113607035,445,9.532448824300376,1.703,True,22,0.0037248294601987817,16.23024113607035,0.24091803042088952,0.17870232759816823,0.17870232759816823,14,False,Redundant,18709005
18292006,Estrella,Estrella : Cholula → Toluca,34.49171462899125,699,21.453553529189254,1.608,True,19,0.007134704440637209,34.49171462899125,0.19173463656993237,0.0550683635831203,0.0550683635831203,13,False,Redundant,18334522
18292016,Estrella,Estrella : San Mateo Atenco → San Mateo Atenco,20.327910281899314,406,11.880756431595048,1.711,True,18,0.003428751498548541,20.327910281899314,0.2036041858451155,0.13493054561066647,0.13493054561066647,17,False,Redundant,18334522
18292017,Estrella,Estrella : Toluca → El Charco,43.53232225035569,1455,26.041684117293443,1.672,True,19,0.008969734339558643,43.53232225035569,0.19587171536403197,0.05793766318056664,0.05793766318056664,13,False,Redundant,18334522
18292019,Flecha Blanca,Flecha Blanca : Toluca → Palmillas,11.472993403922912,214,9.844296013970709,1.165,True,13,0.004723651395009532,11.472993403922912,0.20195652869324324,0.20960450520229607,0.20960450520229607,10,False,Redundant,18768324
18292021,Flecha Blanca,Flecha Blanca : Cebetis → Terminal Toluca por El Tejocote,17.180116422243803,470,10.68942640745497,1.607,True,22,0.0042543084900294355,17.180116422243803,0.18516917378253114,0.15737896508363053,0.15737896508363053,14,False,Redundant,18709039
18292060,Del Valle,Del Valle : Colegio Mexiquense → San Pedro Tultepec,33.86478005804565,691,28.348327214948636,1.195,True,32,0.006827935241816707,33.86478005804565,0.24171648360519812,0.06725705614311624,0.06725705614311624,13,False,Redundant,18292175
18292175,TEO,TEO : Santa María del Monte → Monumento a Zapata,37.77125345464527,904,34.18344007878862,1.105,True,34,0.006981869135293357,37.77125345464527,0.2437899741916374,0.06792936268320271,0.06792936268320271,13,False,Redundant,18709204
18292226,TEO,TEO : Ojo de Agua → Monumento a Emiliano Zapata,33.013629211211715,690,26.499776828943425,1.246,True,29,0.006676943154734772,33.013629211211715,0.18931111545493293,0.054004722018468,0.054004722018468,13,False,Redundant,18768818
18334498,Estrella,Estrella : Santiago Tianguistenco → Almaya,5.143353278177335,111,4.2709002459233,1.204,True,0,0.0,5.143353278177335,0.0,0.0,0.0,5,False,Low demand,
18334502,Estrella,Estrella : San Nicolas Peralta → Toluca,20.79101664965302,462,16.37054839784059,1.27,True,16,0.006554063688442468,20.79101664965302,0.17843722016663904,0.12790489664966037,0.12790489664966037,12,False,Redundant,18334522
18334522,Estrella,Estrella : Cerrillo → Toluca,18.694061810181093,382,12.095132673003256,1.546,True,13,0.002526403604043504,18.694061810181093,0.16648390757780993,0.1383635320803202,0.1383635320803202,18,False,Indirect,
18334536,Estrella,Estrella : Toluca Centro → San Nicolás Peralta (Lerma),32.36458396638914,600,22.463852891184004,1.441,True,20,0.012568947423379872,32.36458396638914,0.15106020093629632,0.05033399765745395,0.05033399765745395,13,False,Low demand,
18334552,Estrella,Estrella : Toluca → Acazulco,32.73627149898157,628,23.804097146753065,1.375,True,26,0.006808264390153629,32.73627149898157,0.24717325394359208,0.06860157787605164,0.06860157787605164,12,False,Low demand,
18494467,Estrella,Estrella : Santa María Tlalmimilolpan → Xonacatlán,6.502196130268039,184,5.499698422862333,1.182,True,1,0.0526232513542298,6.502196130268039,0.3361495231339858,0.3324756643854926,0.3324756643854926,3,False,,
18494515,Estrella,Estrella : Toluca → San Lorenzo,29.627604140562386,625,22.990000503616823,1.289,True,19,0.0144489813182268,29.627604140562386,0.14130750442624754,0.05287915625343545,0.05287915625343545,12,False,Redundant,18794052
18510029,Estrella,Estrella : San Francisco Xochicuahutla → Toluca,43.4582941575104,1306,26.041684117293443,1.669,True,23,0.01884980592764527,43.4582941575104,0.17815320927012657,0.0633881082451769,0.0633881082451769,12,False,Redundant,18794052
18510108,Estrella,Estrella : San Lorenzo Huitzizilapan → Toluca,45.06529374458605,926,23.371879069479746,1.928,True,21,0.019717043559918428,45.06529374458605,0.18245074138673148,0.0653297289066013,0.0653297289066013,12,False,Redundant,18334522
18511109,Estrella,Estrella : Metro Toreo → Toluca,77.17893834897201,2061,49.576948290817214,1.557,True,20,0.019941508395864196,77.17893834897201,0.15984943906079566,0.059903868161063106,0.059903868161063106,15,False,Redundant,18510108
18582498,Ala de Oro,Ala de Oro : San Diego de los Padres → Terminal Toluca,18.12158859782337,334,10.62906154333818,1.705,True,16,0.003936775592676923,18.12158859782337,0.20870928447297993,0.15510085839572718,0.15510085839572718,14,False,Redundant,18878117
18702473,Del Valle,Del Valle : San Pedro Tultepec → Colegio Mexiquense,33.281761031129356,672,28.36797257398067,1.173,True,31,0.007202489384805547,33.281761031129356,0.24143907247772636,0.06756225750423714,0.06756225750423714,12,False,Redundant,18769589
18704711,Flecha Blanca,Flecha Blanca : Terminal Toluca → La Palma,31.408025123768653,630,24.582909252958714,1.278,True,17,0.0033300105222359823,31.408025123768653,0.1445650611898994,0.039471275819710834,0.039471275819710834,27,False,Redundant,18796291
18704717,Flecha Blanca,Flecha Blanca : Toluca → Mina México,25.03538544403336,480,20.51850408528056,1.22,True,17,0.0033300105222359823,25.03538544403336,0.1445650611898994,0.08084306378609951,0.08084306378609951,21,False,Redundant,18796291
18704763,Flecha Blanca,Flecha Blanca : Colonia Lerdo de Tejada por Colonia San Marcos → Toluca,20.474626209885304,386,16.105387458099624,1.271,True,17,0.0033300105222359823,20.474626209885304,0.1445650611898994,0.11884939073733328,0.11884939073733328,19,False,Redundant,18796291
18704775,Flecha Blanca,Flecha Blanca : Terminal Toluca → San Carlos,22.602520857292603,517,14.966906711853259,1.51,True,17,0.0033300105222359823,22.602520857292603,0.1445650611898994,0.10111693534227248,0.10111693534227248,20,False,Redundant,18796291
18704787,Flecha Blanca,Flecha Blanca : Palmillas → Toluca,11.527558355317373,219,9.844296013970709,1.171,True,13,0.004723651395009532,11.527558355317373,0.20195652869324324,0.2091497972740089,0.2091497972740089,11,False,Redundant,18768324
18704821,Flecha Blanca,Flecha Blanca : San Diego Linares por Villa Seca Municipio de Otzolotepec → Toluca,18.340303036456913,529,14.480815306217801,1.267,True,19,0.003555544156127236,18.340303036456913,0.21135318884522059,0.15355798273029142,0.15355798273029142,15,False,Redundant,18709005
18704854,Flecha Blanca,Flecha Blanca : Terminal Toluca → Toluca,17.068569502670922,487,10.690018277849136,1.597,True,23,0.004408858356533038,17.068569502670922,0.24295521483580296,0.17290958287655944,0.17290958287655944,13,False,Redundant,18289706
18708785,Flecha Blanca,Flecha Blanca : San Pablo → Toluca,16.503494960248556,465,10.110553775415895,1.632,True,21,0.00374565618692228,16.503494960248556,0.16972226067301588,0.15864709668643828,0.15864709668643828,14,False,Redundant,18709039
18708963,Flecha Blanca,Flecha Blanca : Toluca Centro → San Pablo,13.805857678704882,398,7.413423718462115,1.862,True,16,0.0038692490315136983,13.805857678704882,0.2579175030249484,0.20329981079854345,0.20329981079854345,12,False,Redundant,18266214
18709005,Flecha Blanca,Flecha Blanca : Terminal Toluca por La Maquinita → San Andrés Cuexcontitlan,11.341066361524954,310,8.594109984717539,1.32,True,15,0.0036856250839778543,11.341066361524954,0.2825867096850646,0.22982341615920274,0.22982341615920274,10,False,Low demand,
18709021,Ala de Oro,Ala de Oro : Cerrillo Vista Hermosa → Terminal Toluca por El Arbolito,20.378087683476025,347,12.59501379753819,1.618,True,14,0.004301070676823889,20.378087683476025,0.18473165755134854,0.13066658770236084,0.13066658770236084,15,False,Redundant,18878117
18709039,Flecha Blanca,Flecha Blanca : Terminal Toluca por El Tejocote → Cebetis,12.237354673328811,319,9.928905122997246,1.232,True,15,0.004357642987586489,12.237354673328811,0.20901632848251855,0.20463376949714268,0.20463376949714268,10,False,Redundant,18292019
18709052,Flecha Blanca,Flecha Blanca : San Cristóbal → Terminal Toluca,17.047031734172172,486,10.690018277849136,1.595,True,23,0.004408858356533038,17.047031734172172,0.24295521483580296,0.1730890642807157,0.1730890642807157,12,False,Redundant,18289706
18709057,Flecha Blanca,Flecha Blanca : Toluca Centro por El Rastro → Central de Abasto,16.636757435086775,413,9.606712217335659,1.732,True,15,0.003981165736745047,16.636757435086775,0.23267434552786864,0.17351010682632242,0.17351010682632242,13,False,Redundant,18782084
18709058,TEO,TEO : San Luis Mextepec → Aeropuerto,40.08004800403254,781,29.123222614136022,1.376,True,36,0.006411339045844696,40.08004800403254,0.184972860070657,0.05265455406350895,0.05265455406350895,16,False,Redundant,18291954
18709064,TEO,TEO : Toluca Centro por Morelos → Tecaxic,25.467730217795285,543,21.09997607012941,1.207,True,18,0.007201274678637112,25.467730217795285,0.16942793284951407,0.08732717274272157,0.08732717274272157,16,False,Redundant,18768823
18709204,TEO,TEO : Monumento a Zapata → Santa María del Monte,37.52699498060384,843,34.292212693281726,1.094,True,31,0.008799144828486916,37.52699498060384,0.2478677111867855,0.0707660726251833,0.0707660726251833,12,False,Redundant,18769589
18709212,TEO,TEO : Monumento a Emiliano Zapata → Ojo de Agua,32.962836211085815,645,26.35954370962292,1.251,True,25,0.00852914251038876,32.962836211085815,0.2098169293951596,0.060983374859178666,0.060983374859178666,12,False,Redundant,18768823
18709213,Ala de Oro,Ala de Oro : Terminal Toluca por El Arbolito → Cerrillo Vista Hermosa,20.37503434905219,344,12.619878267652481,1.615,True,14,0.004301070676823889,20.37503434905219,0.18473165755134854,0.13069203215589278,0.13069203215589278,14,False,Redundant,18878117
18709218,Ala de Oro,Ala de Oro : San Nicolás Tolentino → Terminal Toluca por San Mateo Otzacatipan,13.812695137389891,304,11.517134405593634,1.199,True,14,0.004610358000249191,13.812695137389891,0.19458337802648668,0.18815040969528846,0.18815040969528846,13,False,Redundant,18878117
18718061,Ala de Oro,Ala de Oro : Terminal Toluca → San Diego de los Padres,19.66083506306284,371,10.817366067028138,1.818,True,15,0.003984413631592461,19.66083506306284,0.18792004847781393,0.1371241335588556,0.1371241335588556,14,False,Redundant,18878117
18718067,Ala de Oro,Ala de Oro : Terminal Toluca por San Mateo Otzacatipan → San Nicolás Tolentino,13.640951619206293,293,11.538720394395744,1.182,True,14,0.004610358000249191,13.640951619206293,0.19458337802648668,0.18958160568015175,0.18958160568015175,12,False,Redundant,18878117
18718069,Ala de Oro,Ala de Oro : San Pedro Totoltepec → Terminal Toluca por La Cruz Comalco,14.285543906085236,297,8.542721291645643,1.672,True,18,0.003063080876435173,14.285543906085236,0.1689703244794565,0.17625946277892232,0.17625946277892232,14,False,Redundant,18732705
18722171,Ala de Oro,Ala de Oro : Terminal Toluca por La Cruz Comalco → San Pedro Totoltepec,14.72776987715428,313,8.829230929608197,1.668,True,20,0.0029663716919454434,14.72776987715428,0.17045651227939612,0.17284908411884214,0.17284908411884214,14,False,Redundant,18732705
18732687,ATSUZI,ATSUZI : Arbolito → Metepec,22.486842260734935,416,13.038618048284473,1.725,True,17,0.002249894811158931,22.486842260734935,0.16132582688575411,0.10519099935980633,0.10519099935980633,20,False,Indirect,
18732690,ATSUZI,ATSUZI : Metepec → Arbolito,24.467831262018247,474,13.527568544518138,1.809,True,21,0.0029518487681720043,24.467831262018247,0.16758495377273158,0.09094949336120285,0.09094949336120285,20,False,Redundant,18796309
18732693,ATSUZI,ATSUZI : El Arbolito → La Maquinita,24.6990045906616,506,15.199529818607209,1.625,True,22,0.004056379700838786,24.6990045906616,0.13429621256801316,0.08180539458732876,0.08180539458732876,18,False,Redundant,18732687
18732694,ATSUZI,ATSUZI : La Maquinita → El Arbolito,24.390525472762423,490,14.436059411924361,1.69,True,22,0.013160162695566184,24.390525472762423,0.14264905883763238,0.09556804846528741,0.09556804846528741,11,False,Redundant,18732687
18732696,ATSUZI,ATSUZI : El Arbolito → Terminal Toluca,23.187379064378042,460,13.547704928752063,1.712,True,22,0.00463999046084553,23.187379064378042,0.1530436743257486,0.09967275017246569,0.09967275017246569,15,False,Redundant,18736934
18732701,ATSUZI,ATSUZI : Terminal Toluca → El Arbolito,22.92276967525422,464,13.16138986141492,1.742,True,24,0.003231232745867248,22.92276967525422,0.14943220769167267,0.09956620404166691,0.09956620404166691,20,False,Redundant,18732704
18732703,ATSUZI,ATSUZI : Terminal → Parque Industrial (Puente Nuevo),18.580323869541665,368,12.05693757617547,1.541,True,21,0.003734609724705337,18.580323869541665,0.179852879041747,0.14386179723896156,0.14386179723896156,15,False,Redundant,18736622
18732704,ATSUZI,ATSUZI : Parque Industrial (Puente Nuevo) → Terminal,20.34702230036192,431,12.333573123196372,1.65,True,22,0.00278395414994437,20.34702230036192,0.16112779817037787,0.12350738452285616,0.12350738452285616,20,False,Indirect,
18732705,ATSUZI,ATSUZI : Fraccionamiento Rincón de San Lorenzo por Morelia → Terminal Toluca,8.61378790915728,197,5.237623633428372,1.645,True,15,0.0030462018813980306,8.61378790915728,0.11863421768207197,0.21092319039227203,0.21092319039227203,8,False,Indirect,
18732706,ATSUZI,ATSUZI : Terminal Toluca → Fraccionamiento Rincón de San Lorenzo por Morelia,9.976605801025132,238,5.901814079393851,1.69,True,17,0.002987168949131245,9.976605801025132,0.12664007148792178,0.20150880514590228,0.20150880514590228,11,False,Redundant,18732705
18735441,Triángulo,Triángulo : Balderas → Terminal Toluca,23.208531736599134,609,18.622740763520934,1.246,True,23,0.00907503295149351,23.208531736599134,0.2775685186263318,0.13506273146975034,0.13506273146975034,9,False,Low demand,
18735446,Triángulo,Triángulo : Terminal Toluca → Balderas,23.386349292153117,571,18.585410495477262,1.258,True,24,0.009014531535815043,23.386349292153117,0.273642830644683,0.13253899509570982,0.13253899509570982,10,False,Redundant,18735441
18735457,Triángulo,Triángulo : El Refugio → Terminal,14.928520900613831,357,8.483429345315471,1.76,True,14,0.00445598808452349,14.928520900613831,0.16012963795566018,0.17008405673498994,0.17008405673498994,14,False,Redundant,18212716
18735466,Triángulo,Triángulo : Terminal → El Refugio,11.783456120829308,306,8.179103530987101,1.441,True,13,0.0028735781061033877,11.783456120829308,0.17448114366924533,0.19829839634983715,0.19829839634983715,13,False,Redundant,18212738
18735497,ATSUZI,ATSUZI : Cerrillo → Toluca,19.587244468207956,403,12.095132673003256,1.619,True,13,0.002526403604043504,19.587244468207956,0.16648390757780993,0.1309203432634297,0.1309203432634297,19,False,Redundant,18334522
18735536,ATSUZI,ATSUZI : Toluca → Cerrillo,20.08623408722234,407,12.341924187234705,1.627,True,18,0.0028117191035215115,20.08623408722234,0.17192835579170598,0.12840852399126182,0.12840852399126182,19,False,Redundant,18334522
18735566,ATSUZI,ATSUZI : Constitución Totoltepec → Terminal Toluca,24.240015403390704,471,14.925374929088767,1.624,True,15,0.006812911299146253,24.240015403390704,0.23928505335095593,0.11463404627529603,0.11463404627529603,11,False,Indirect,
18735575,ATSUZI,ATSUZI : Terminal Toluca → Constitución Totoltepec,23.47144484266518,444,14.2132198469953,1.651,True,15,0.006286375518012097,23.47144484266518,0.24481679485786273,0.12189520054360128,0.12189520054360128,11,False,Indirect,
18735597,ATSUZI,ATSUZI : Cerrillo San Pedro → Rafael M. Hidalgo,16.00214705770833,345,12.615690200077296,1.268,True,20,0.004566187303772291,16.00214705770833,0.14872339156999156,0.15839580971536743,0.15839580971536743,14,False,Redundant,18736934
18736621,ATSUZI,ATSUZI : La Crespa → Terminal,7.616608985067443,159,5.438417843056909,1.401,True,14,0.00426588779151576,7.616608985067443,0.13648103763479044,0.2249144056579847,0.2249144056579847,6,False,Redundant,18736662
18736622,ATSUZI,ATSUZI : Rafael M. Hidalgo → Cerrillo San Pedro,14.047497223986046,287,12.075597777373524,1.163,True,17,0.00397784523573147,14.047497223986046,0.14869625861834534,0.17408943302376742,0.17408943302376742,14,False,Low demand,
18736638,ATSUZI,ATSUZI : El Cerrillo Canal Viejo → Toluca Rafael M. Hidalgo,18.05119104908656,365,12.94341869223714,1.395,True,11,0.014864412318746406,18.05119104908656,0.18040086986015386,0.15953803770806352,0.15953803770806352,9,False,Low demand,
18736640,ATSUZI,ATSUZI : San Angelín → Terminal Toluca,7.4154102089713865,157,5.262530496909622,1.409,True,13,0.004205763033930443,7.4154102089713865,0.16422581026046773,0.2334671305242858,0.2334671305242858,4,False,Redundant,18736672
18736641,ATSUZI,ATSUZI : Toluca Rafael M. Hidalgo → El Cerrillo Canal Viejo,21.135981168735494,428,13.137966642343498,1.609,True,15,0.013639903828509499,21.135981168735494,0.19775522679571242,0.1369455341213085,0.1369455341213085,9,False,Indirect,
18736642,ATSUZI,ATSUZI : Terminal Toluca → San Angelín,9.591686444797888,218,6.330829674769607,1.515,True,17,0.002994619379279553,9.591686444797888,0.1456759798558305,0.20948289396992145,0.20948289396992145,10,False,Redundant,18732705
18736662,ATSUZI,ATSUZI : Toluca → Fraccionamiento Rincón de San Lorenzo,7.523473843246581,170,4.84395684851272,1.553,True,12,0.004376714822939355,7.523473843246581,0.14826826604077267,0.22874816597274436,0.22874816597274436,5,False,Redundant,18736672
18736672,ATSUZI,ATSUZI : Fraccionamiento Rincón de San Lorenzo → Toluca,6.9098532880035455,150,4.8606981388039685,1.422,True,12,0.004287524203871706,6.9098532880035455,0.14999086154758015,0.23420312885740385,0.23420312885740385,5,False,Low demand,
18736690,ATSUZI,ATSUZI : Villa Cuauhtémoc → El Arbolito,7.575606994144011,192,5.653157676938552,1.34,True,4,0.022159169948761954,7.575606994144011,0.22653919587747517,0.2656639106335973,0.2656639106335973,5,False,Redundant,18736694
18736694,ATSUZI,ATSUZI : El Arbolito → Villa Cuauhtémoc,7.536951759196379,187,5.625367945452949,1.34,True,4,0.022159169948761954,7.536951759196379,0.22653919587747517,0.2659860375914943,0.2659860375914943,4,False,Low demand,
18736695,ATSUZI,ATSUZI : Colonia San Antonio Abad → Terminal Toluca,19.63318208394752,497,10.833624263987705,1.812,True,15,0.0053857009555142036,19.63318208394752,0.19187336943237568,0.13974419261404547,0.13974419261404547,11,False,Indirect,
18736703,ATSUZI,ATSUZI : Terminal → La Crespa,7.384299882152162,150,5.451271418164719,1.355,True,13,0.004293068097604768,7.384299882152162,0.1343705134366238,0.22634986410549268,0.22634986410549268,5,False,Low demand,
18736934,ATSUZI,ATSUZI : La Floresta → Rafael M. Hidalgo,12.911883971588479,298,7.616807045053491,1.695,True,18,0.004778479953091054,12.911883971588479,0.14438577699983324,0.1832758911064787,0.1832758911064787,11,False,Redundant,18737003
18736999,ATSUZI,ATSUZI : Cerrillo → Terminal Toluca,19.627148253907645,326,12.606555161709613,1.557,True,13,0.004126326308116136,19.627148253907645,0.171252803289616,0.13337995834795643,0.13337995834795643,16,False,Redundant,18878117
18737003,ATSUZI,ATSUZI : Rafael M. Hidalgo → La Floresta,12.44047183526077,286,7.2110877213187505,1.725,True,16,0.005024759580799251,12.44047183526077,0.14998740761032073,0.18885101285620634,0.18885101285620634,10,False,Indirect,
18737050,ATSUZI,ATSUZI : Terminal Toluca → Cerrillo,19.605469159972458,322,12.619878267652481,1.554,True,13,0.004126326308116136,19.605469159972458,0.171252803289616,0.133560617464083,0.133560617464083,15,False,Redundant,18878117
18737087,ATSUZI,ATSUZI : Terminal Toluca → Colonia San Antonio Abad,23.156522451358136,537,10.222111331269835,2.265,True,17,0.004379192929284022,23.156522451358136,0.20651551572340437,0.11303705143215065,0.11303705143215065,14,False,Redundant,18736695
18737153,Temoayenses,Temoayenses : Jiquipilco → Terminal por San Cristóbal,42.32154246511337,836,31.820233240364015,1.33,True,23,0.005501898118037035,42.32154246511337,0.2543914026948066,0.06909974879173868,0.06909974879173868,13,False,Redundant,18794052
18739303,Temoayenses,Temoayenses : Terminal por San Cristóbal → Jiquipilco,43.22110143783808,870,32.09226110274185,1.347,True,23,0.00547607043736027,43.22110143783808,0.2399151405077878,0.06545485556430722,0.06545485556430722,15,False,Redundant,18794052
18739338,Temoayenses,Temoayenses : Temoaya → Toluca por San Diego Alcalá,24.992027757751487,427,21.80245360205622,1.146,True,22,0.010654225919901356,24.992027757751487,0.25078179917376775,0.11508277773208091,0.11508277773208091,9,False,Redundant,18739431
18739350,Temoayenses,Temoayenses : Toluca por San Diego Alcalá → Temoaya,24.992027757751487,427,21.80245360205622,1.146,True,22,0.010654225919901356,24.992027757751487,0.25078179917376775,0.11508277773208091,0.11508277773208091,9,False,Redundant,18739431
18739358,Triángulo,Triángulo : San Bartolomé Tlaltelulco → Toluca Centro,8.477671191726271,209,7.112996883580703,1.192,True,17,0.004553468329688792,8.477671191726271,0.15987549048404934,0.22387508101964887,0.22387508101964887,7,False,Redundant,18739378
18739365,Temoayenses,Temoayenses : Centro Ceremonial Otomí → Toluca Terminal,37.59528047303584,811,30.90302629925097,1.217,True,27,0.011294813461520217,37.59528047303584,0.32592269092235343,0.09277548619210857,0.09277548619210857,8,False,Redundant,18739431
18739378,Triángulo,Triángulo : Toluca Centro → San Bartolomé Tlaltelulco,7.87678397101692,179,7.021245412330565,1.122,True,16,0.003182900521553245,7.87678397101692,0.15421152782298866,0.2260959160521594,0.2260959160521594,6,False,Low demand,
18739379,Temoayenses,Temoayenses : Toluca Terminal → Centro Ceremonial Otomí,37.81645051732565,823,31.147054049150192,1.214,True,28,0.011090237310039053,37.81645051732565,0.3208210021988786,0.0912954878597587,0.0912954878597587,9,False,Redundant,18739431
18739380,Temoayenses,Temoayenses : Jiquipilco El Viejo → Terminal Toluca,33.475658961456354,675,27.956121425371283,1.197,True,21,0.00573375532176104,33.475658961456354,0.24498477531502522,0.06697994915051735,0.06697994915051735,13,False,Redundant,18739431
18739383,Triángulo,Triángulo : San Juan Tilapa → Toluca Centro,12.297761170439886,258,9.582582579722162,1.283,True,12,0.004799540744826785,12.297761170439886,0.21312443253332,0.20559930579115773,0.20559930579115773,10,False,Low demand,
18739384,Temoayenses,Temoayenses : Terminal Toluca → Jiquipilco El Viejo,33.73806195177771,698,28.2160110724372,1.196,True,22,0.005621964492532852,33.73806195177771,0.24217071310366312,0.06616464276844863,0.06616464276844863,14,False,Redundant,18794052
18739385,Temoayenses,Temoayenses : San José Las Lomas → Toluca,33.023064402973404,631,23.820361391353877,1.386,True,23,0.008301836517016012,33.023064402973404,0.2723800185918937,0.07639684116498943,0.07639684116498943,11,False,Redundant,18739431
18739386,Temoayenses,Temoayenses : San Lorenzo Oyamel → Villa Cuauhtémoc,2.6650334970722684,80,2.221601534402089,1.2,True,2,0.03646145085324834,2.6650334970722684,0.36891124219824223,0.35648064892720666,0.35648064892720666,1,False,,
18739396,Triángulo,Triángulo : Toluca Centro → San Juan Tilapa,10.97727899688496,249,9.199668971606403,1.193,True,15,0.0026900821244088867,10.97727899688496,0.23414289555165746,0.21974848103828193,0.21974848103828193,9,False,Low demand,
18739397,Temoayenses,Temoayenses : Tlaltenanguito → Terminal Toluca,31.43594464531433,625,26.753969131515785,1.175,True,24,0.010056202198795532,31.43594464531433,0.27440882240547554,0.07865840780016442,0.07865840780016442,10,False,Redundant,18739431
18739416,Temoayenses,Temoayenses : Toluca → San José Las Lomas,33.52953615848996,644,23.997736976470303,1.397,True,24,0.008133368066476784,33.52953615848996,0.2686589930949423,0.07529811634021236,0.07529811634021236,12,False,Redundant,18739431
18739417,Temoayenses,Temoayenses : Temoaya → Villa Cuauhtémoc,8.627371370498741,106,6.1795882948825795,1.396,True,2,0.03464369408863906,8.627371370498741,0.368904200235777,0.30497498272676044,0.30497498272676044,5,False,Redundant,18739434
18739425,Triángulo,Triángulo : San Marcos → Terminal Toluca Por Zoologico,15.364461126421823,332,10.581670850958128,1.452,True,14,0.0028782093875753473,15.364461126421823,0.21857155647097956,0.17948392245180506,0.17948392245180506,14,False,Redundant,18212736
18739431,Temoayenses,Temoayenses : Revolución → Toluca por San Andrés,19.007161972293265,381,13.501032318955588,1.408,True,21,0.0035383611706519126,19.007161972293265,0.2298156346270225,0.15259925339163033,0.15259925339163033,15,False,Redundant,18794052
18739433,Temoayenses,Temoayenses : Terminal Toluca → Tlaltenanguito,31.649420247944054,636,27.01526209280595,1.172,True,25,0.00986960836032665,31.649420247944054,0.2707554857758589,0.07755847980429137,0.07755847980429137,11,False,Redundant,18739431
18739434,Temoayenses,Temoayenses : Villa Cuauhtémoc → Temoaya,8.620684634328462,116,6.174307114505091,1.396,True,2,0.03464369408863906,8.620684634328462,0.368904200235777,0.30503070552817946,0.30503070552817946,4,False,,
18739435,Temoayenses,Temoayenses : Toluca por San Andrés → Revolución,19.043240018003264,378,13.564964828398159,1.404,True,21,0.0035383611706519126,19.043240018003264,0.2298156346270225,0.15229860301071368,0.15229860301071368,16,False,Redundant,18794052
18739441,Temoayenses,Temoayenses : Villa Cuauhtémoc → San Lorenzo Oyamel,2.6650334970722684,80,2.221601534402089,1.2,True,2,0.03646145085324834,2.6650334970722684,0.36891124219824223,0.35648064892720666,0.35648064892720666,1,False,Redundant,18739386
18739443,Temoayenses,Temoayenses : San Juan Jiquipilco → Portezuelo,6.926296128411001,105,6.01644109049521,1.151,True,0,0.0,6.926296128411001,0.0,0.0,0.0,11,False,Low demand,
18739445,Temoayenses,Temoayenses : Portezuelo → San Juan Jiquipilco,6.803254855584689,96,5.964955256798669,1.141,True,0,0.0,6.803254855584689,0.0,0.0,0.0,10,False,Low demand,
18739446,Temoayenses,Temoayenses : Temoaya → Toluca,26.048010779321565,469,22.141181189993052,1.176,True,22,0.010654225919901356,26.048010779321565,0.25078179917376775,0.10628291921899692,0.10628291921899692,10,False,Redundant,18739431
18739457,Temoayenses,Temoayenses : Enthavi → Terminal Toluca,31.09574358252432,642,26.757130683873214,1.162,True,25,0.01275368171799527,31.09574358252432,0.28569187578188854,0.08417665066346741,0.08417665066346741,9,False,Redundant,18739431
18739458,Triángulo,Triángulo : Terminal Toluca Por Zoologico → San Marcos,13.212225587918592,336,9.882689059772988,1.337,True,16,0.002695575900291369,13.212225587918592,0.23215002977371607,0.20063120344439878,0.20063120344439878,12,False,Redundant,18739396
18739462,Temoayenses,Temoayenses : Toluca → Temoaya,26.048010779321565,469,22.141181189993052,1.176,True,22,0.010654225919901356,26.048010779321565,0.25078179917376775,0.10628291921899692,0.10628291921899692,10,False,Redundant,18739431
18739465,Triángulo,Triángulo : Zaragoza → Centro,25.680610193910862,656,15.42592864226696,1.665,True,23,0.008342192445908211,25.680610193910862,0.1827492774693947,0.0900244268639997,0.0900244268639997,14,False,Redundant,18212742
18739470,Temoayenses,Temoayenses : Terminal Toluca → Enthavi,32.73378342992423,696,27.153520230152626,1.206,True,26,0.012259663433866919,32.73378342992423,0.2820226706902209,0.08276533110642215,0.08276533110642215,10,False,Redundant,18739431
18739473,Triángulo,Triángulo : Colegio de Bachilleres – Capultitlan – Terminal → San Andres Ocotlan,18.78743096758331,436,12.04323027298403,1.56,True,22,0.002579106707670786,18.78743096758331,0.14354814487136736,0.13190421819565168,0.13190421819565168,19,False,Indirect,
18739474,TBD,TBD : General Motors Por Tollocan → Tlacotepec,22.887243631732275,528,16.461150191707222,1.39,True,24,0.0033138101252489817,22.887243631732275,0.178420216104634,0.10719183388697184,0.10719183388697184,18,False,Redundant,18739557
18739475,Triángulo,Triángulo : Centro → Zaragoza,24.383406651770578,615,15.291428006330522,1.595,True,21,0.008160471258024722,24.383406651770578,0.18643072317590512,0.1015730966205795,0.1015730966205795,14,False,Redundant,18212742
18739483,R E D,R E D : Terminal → San Miguel Yuxtepec,42.003493472632925,684,32.83726040345422,1.279,True,17,0.0033300105222359823,42.003493472632925,0.1445650611898994,0.039471275819710834,0.039471275819710834,29,False,Redundant,18796291
18739502,Temoayenses,Temoayenses : Comalco → Toluca,27.470692386698822,572,21.994260267556875,1.249,True,21,0.003614572790551939,27.470692386698822,0.24470015874189052,0.08586717592020107,0.08586717592020107,14,False,Redundant,18739431
18739503,R E D,R E D : San Miguel Yuxtepec → Terminal,43.416982075823945,659,32.947768787512025,1.318,True,20,0.0032171868781598,43.416982075823945,0.14280032208737253,0.03891726740000293,0.03891726740000293,30,False,Redundant,18794052
18739505,Triángulo,Triángulo : La Huerta → Centro,25.8540358840945,705,15.972578847195965,1.619,True,23,0.008342192445908211,25.8540358840945,0.1827492774693947,0.08857921277913605,0.08857921277913605,15,False,Redundant,18212742
18739516,R E D,R E D : Terminal Toluca → Ejido Piloto,47.79830643870024,757,33.426592235722026,1.43,True,20,0.0032171868781598,47.79830643870024,0.14280032208737253,0.03891726740000293,0.03891726740000293,31,False,Redundant,18794052
18739518,Triángulo,Triángulo : Centro → La Huerta,24.75612391261634,675,15.940966029139307,1.553,True,21,0.008160471258024722,24.75612391261634,0.18643072317590512,0.09846711944686484,0.09846711944686484,15,False,Redundant,18212742
18739519,Temoayenses,Temoayenses : Toluca → Comalco,28.02841107133449,597,22.269480638681895,1.259,True,22,0.003556619858980225,28.02841107133449,0.24189903364748913,0.08046128600973176,0.08046128600973176,15,False,Redundant,18794052
18739527,Triángulo,Triángulo : San Andres Ocotlan → Colegio de Bachilleres – Capultitlan – Terminal,20.872116121754363,462,12.679860227466543,1.646,True,21,0.0025284161955178154,20.872116121754363,0.1413222211319786,0.11392467046389279,0.11392467046389279,21,False,Redundant,18739473
18739528,R E D,R E D : San Diego Alcalá → Terminal Toluca,48.90563337544084,926,23.88009822591624,2.048,True,18,0.010257515380718774,48.90563337544084,0.17001028482047323,0.052760086585837085,0.052760086585837085,13,False,Redundant,18796291
18739535,R E D,R E D : Ejido Piloto → Terminal Toluca,46.228823386375936,761,33.126568476474986,1.396,True,17,0.0033300105222359823,46.228823386375936,0.1445650611898994,0.039471275819710834,0.039471275819710834,30,False,Redundant,18796291
18739537,Temoayenses,Temoayenses : Laurel → Terminal Toluca,31.05302473040386,716,25.948238776041133,1.197,True,21,0.004037437267940108,31.05302473040386,0.2540145566348211,0.06754107642664538,0.06754107642664538,12,False,Redundant,18739431
18739547,R E D,R E D : San Gaspar → Terminal Toluca,25.03633857195199,531,12.569203426044178,1.992,True,28,0.004582451054747792,25.03633857195199,0.22341232340878053,0.10179937714067633,0.10179937714067633,12,False,Redundant,18266201
18739557,TBD,TBD : Tlacotepec → General Motors Por Tollocan,22.37162254533751,458,16.5207967013064,1.354,True,22,0.0033489294667086327,22.37162254533751,0.177999449069538,0.11141860385628055,0.11141860385628055,18,False,Low demand,
18739558,R E D,R E D : Terminal Toluca → San Gaspar,23.706281907118267,474,11.880756431595048,1.995,True,21,0.0034065429418576047,23.706281907118267,0.22455136952125482,0.11199203609618576,0.11199203609618576,17,False,Redundant,18292016
18739561,Temoayenses,Temoayenses : Terminal Toluca → Laurel,31.128301628884817,704,26.20218633539877,1.188,True,22,0.003965132535082212,31.128301628884817,0.2507900498180138,0.06666264498958566,0.06666264498958566,13,False,Redundant,18794052
18739571,Triángulo,Triángulo : Tlacotepec → Toluca Centro,11.527577593666727,290,7.504009228661009,1.536,True,20,0.002926818549607963,11.527577593666727,0.20546143004040557,0.20822902944581995,0.20822902944581995,11,False,Indirect,
18739624,R E D,R E D : Allende → Terminal Toluca,30.72938664694069,500,24.084968399797923,1.276,True,17,0.0033300105222359823,30.72938664694069,0.1445650611898994,0.039471275819710834,0.039471275819710834,25,False,Redundant,18796291
18739673,R E D,R E D : Terminal Toluca → Allende,32.124237228568134,491,24.19461452144258,1.328,True,20,0.0032171868781598,32.124237228568134,0.14280032208737253,0.03891726740000293,0.03891726740000293,28,False,Redundant,18794052
18756034,R E D,R E D : Terminal Toluca → San Diego Alcalá,48.99046156436291,919,24.05458374779686,2.037,True,21,0.009327156235428668,48.99046156436291,0.16469454896607993,0.05050079347694865,0.05050079347694865,14,False,Redundant,18704763
18756038,Tlachaloya,Tlachaloya : Tlachaloya → Terminal Toluca,29.939761184887903,565,19.804463595997255,1.512,True,18,0.011625817887688027,29.939761184887903,0.16457675928694726,0.05327199783535898,0.05327199783535898,12,False,Redundant,18796291
18756044,Tlachaloya,Tlachaloya : Terminal Toluca → Tlachaloya,28.801571089742126,519,19.84351584780716,1.451,True,20,0.011151704437899482,28.801571089742126,0.15852447626428398,0.06076973108945277,0.06076973108945277,12,False,Redundant,18704763
18756184,INTER,INTER : Taborda → Terminal Toluca,27.817949157045373,483,21.275896051330715,1.307,True,17,0.0033300105222359823,27.817949157045373,0.1445650611898994,0.05765503284433271,0.05765503284433271,22,False,Redundant,18796291
18756212,INTER,INTER : Terminal Toluca → Taborda,28.139672314304306,465,21.39581749262916,1.315,True,19,0.0032219768755719267,28.139672314304306,0.14030073149204839,0.0537998904627148,0.0537998904627148,24,False,Redundant,18796291
18756216,Tlachaloya,Tlachaloya : San José la Costa → Terminal Toluca,31.08994709064453,621,18.452933484676556,1.685,True,17,0.0033300105222359823,31.08994709064453,0.1445650611898994,0.039471275819710834,0.039471275819710834,26,False,Redundant,18796291
18756218,Tlachaloya,Tlachaloya : Terminal Toluca → San José la Costa,30.025858962004936,586,18.604720476278022,1.614,True,19,0.0032219768755719267,30.025858962004936,0.14030073149204839,0.038297159748584025,0.038297159748584025,26,False,Redundant,18796291
18756221,Tlachaloya,Tlachaloya : Ranchería San Carlos → Terminal Toluca,28.63565938469216,557,18.560630684014267,1.543,True,17,0.0033300105222359823,28.63565938469216,0.1445650611898994,0.05084078094727615,0.05084078094727615,23,False,Redundant,18796291
18765970,Triángulo,Triángulo : Toluca Centro → Tlacotepec,12.565558292111813,356,7.522879121834239,1.67,True,22,0.00415927012491444,12.565558292111813,0.19988638565040825,0.19941788076991807,0.19941788076991807,12,False,Redundant,18739571
18765971,Tlachaloya,Tlachaloya : Barrio Balbuena → Terminal Toluca,30.475500845815258,591,18.55894522124759,1.642,True,17,0.0033300105222359823,30.475500845815258,0.1445650611898994,0.039471275819710834,0.039471275819710834,24,False,Redundant,18796291
18765983,Tlachaloya,Tlachaloya : Terminal Toluca → Barrio Balbuena,29.228113744603913,610,18.66562566983051,1.566,True,19,0.0032219768755719267,29.228113744603913,0.14030073149204839,0.044729545210218075,0.044729545210218075,25,False,Redundant,18796291
18765988,Triángulo,Triángulo : Metepec → Toluca Centro,13.188425157233182,352,8.20179572899158,1.608,True,25,0.003923900584849223,13.188425157233182,0.12592563300877932,0.17550176586010088,0.17550176586010088,13,False,Redundant,18765996
18765996,Triángulo,Triángulo : Toluca Centro → Metepec,11.442359668463284,299,7.873145157897209,1.453,True,22,0.0026963522892437725,11.442359668463284,0.12853716999223547,0.1894776475501086,0.1894776475501086,12,False,Low demand,
18766238,Temoayenses,Temoayenses : La Providencia → Terminal Toluca,14.53652756958153,330,13.366248017137416,1.088,True,17,0.0038278779641868605,14.53652756958153,0.2651873579482526,0.19898698770473722,0.19898698770473722,13,False,Redundant,18878117
18766349,INTER,INTER : Tlachaloya Segunda Sección → Terminal Toluca,36.42700040446159,570,24.603952484487284,1.481,True,17,0.0033300105222359823,36.42700040446159,0.1445650611898994,0.039471275819710834,0.039471275819710834,28,False,Redundant,18796291
18766356,INTER,INTER : Terminal Toluca → Tlachaloya Segunda Sección,36.941511957336985,597,24.704984576497893,1.495,True,19,0.0032219768755719267,36.941511957336985,0.14030073149204839,0.038297159748584025,0.038297159748584025,29,False,Redundant,18796291
18766357,Cuatro Caminos,Cuatro Caminos : Zacamulpa → Terminal Toluca,31.91685207697464,742,24.34173540630303,1.311,True,20,0.014092300534123987,31.91685207697464,0.14339589953818815,0.04994127541867102,0.04994127541867102,13,False,Redundant,18794052
18766358,Cuatro Caminos,Cuatro Caminos : El Charco → por Flor de Gallo,34.678297191907866,902,26.041684117293443,1.332,True,19,0.0144489813182268,34.678297191907866,0.14130750442624754,0.04977585742478868,0.04977585742478868,13,False,Redundant,18794052
18766365,Cuatro Caminos,Cuatro Caminos : Terminal Toluca → Villa Nicolás Romero,104.60580156354587,3005,52.53794369849721,1.991,True,26,0.01790465512803574,104.60580156354587,0.2359011218231824,0.07687993558383134,0.07687993558383134,11,False,Redundant,18794052
18766368,Cuatro Caminos,Cuatro Caminos : por Flor de Gallo → El Charco,42.62376078839419,1086,26.743499483144376,1.594,True,21,0.01903401988075933,42.62376078839419,0.13762351701622816,0.053439899134816365,0.053439899134816365,13,False,Redundant,18268510
18766369,Cuatro Caminos,Cuatro Caminos : Terminal Toluca → Santiago Tejocotillos por Carretera Federal,36.370381092520304,921,26.789710718989237,1.358,True,25,0.016127710225594036,36.370381092520304,0.17322394811420141,0.059433697254144394,0.059433697254144394,12,False,Redundant,18794052
18766370,Cuatro Caminos,Cuatro Caminos : Santa Ana Jilotzingo → Terminal Toluca por Cuarto Barrio,74.80510256716678,2181,39.02771251469071,1.917,True,21,0.005387626052133449,74.80510256716678,0.20901479194732872,0.05764132403896563,0.05764132403896563,16,False,Redundant,18794052
18766373,Tlachaloya,Tlachaloya : Terminal Toluca → Ranchería San Carlos,27.63915274366968,581,18.666902377276497,1.481,True,19,0.0032219768755719267,27.63915274366968,0.14030073149204839,0.05797088688467003,0.05797088688467003,22,False,Redundant,18796291
18766376,Cuatro Caminos,Cuatro Caminos : Santiago Tejocotillos por Carretera Federal → Terminal Toluca,35.02298793462081,895,26.12094295651221,1.341,True,23,0.017271774161618014,35.02298793462081,0.17205351099093238,0.06028515190935111,0.06028515190935111,12,False,Redundant,18794052
18766377,Temoayenses,Temoayenses : Terminal Toluca → La Providencia,14.53347550363162,326,13.364675998675596,1.087,True,17,0.0038278779641868605,14.53347550363162,0.2651873579482526,0.19901242158765314,0.19901242158765314,12,False,Redundant,18878117
18766381,Temoayenses,Temoayenses : Central de Abasto → Toluca Centro por el Rastro,16.351792670959746,406,9.48559422964833,1.724,True,15,0.007337378963702678,16.351792670959746,0.22369966392448334,0.17699735602015898,0.17699735602015898,10,False,Redundant,18782084
18766382,Cuatro Caminos,Cuatro Caminos : Terminal Toluca por Cuarto Barrio → Santa Ana Jilotzingo,77.07747958035328,2221,40.204550277460875,1.917,True,23,0.005098880755034761,77.07747958035328,0.2070729817807606,0.05686712620022492,0.05686712620022492,17,False,Redundant,18794052
18766389,TEO,TEO : San Mateo Atenco → Toluca,20.590675662780352,455,12.365581012452456,1.665,True,22,0.0038081163099019026,20.590675662780352,0.20459430611707544,0.13336772898266783,0.13336772898266783,15,False,Indirect,
18766391,TEO,TEO : Toluca → San Mateo Atenco,20.91064154956832,485,12.332773743026285,1.696,True,24,0.0037608956479020152,20.91064154956832,0.19086056220431766,0.12722068995257874,0.12722068995257874,16,False,Redundant,18766389
18768312,TEO,TEO : Toluca – Metepec → Crisa,14.495193151253975,422,9.12744899460234,1.588,True,20,0.004106958755467364,14.495193151253975,0.10760203003440763,0.1602141900036195,0.1602141900036195,14,False,Redundant,18874884
18768314,TEO,TEO : Crisa → Toluca – Metepec,14.391686424817335,407,9.15901542832445,1.571,True,19,0.004285005998102166,14.391686424817335,0.10530078740868813,0.16067948264346307,0.16067948264346307,14,False,Redundant,18874884
18768324,Xinantécatl,Xinantécatl : Calixtlahuaca → Terminal Toluca por Gasolineria Aga,10.582585917201238,278,8.695156627540158,1.217,True,15,0.0039044203333028185,10.582585917201238,0.18911289708127876,0.21299442862694554,0.21299442862694554,9,False,Low demand,
18768395,Xinantécatl,Xinantécatl : Terminal Toluca por Gasolineria Aga → Calixtlahuaca,13.56334670467866,333,9.346112994054698,1.451,True,16,0.003819423776055437,13.56334670467866,0.18873555393026506,0.18797542305296622,0.18797542305296622,13,False,Redundant,18768324
18768446,Xinantécatl,Xinantécatl : Acahualco → Puente Pilares,21.183341840854116,497,18.818558542181567,1.126,True,21,0.007783191695585833,21.183341840854116,0.1707929163932662,0.1239535721201181,0.1239535721201181,10,False,Redundant,18768818
18768458,Xinantécatl,Xinantécatl : Puente Pilares → Acahualco,20.75898243271484,477,18.809708120996714,1.104,True,20,0.00774158510606185,20.75898243271484,0.1768997837406633,0.128975010768604,0.128975010768604,10,False,Redundant,18768823
18768725,Xinantécatl,Xinantécatl : San Marcos Yachihuacaltepec → Centro Cultural,16.966529031829378,560,8.773856203569515,1.934,True,27,0.0031181926981290508,16.966529031829378,0.15995519858278387,0.15171925041191353,0.15171925041191353,15,False,Indirect,
18768791,Xinantécatl,Xinantécatl : Centro Cultural → San Marcos Yachihuacaltepec,17.66734195990835,490,8.821747580036162,2.003,True,27,0.0031181926981290508,17.66734195990835,0.15995519858278387,0.1458791426779221,0.1458791426779221,17,False,Redundant,18768725
18768803,Xinantécatl,Xinantécatl : Cacalomacan → Puente Pilares,17.07190716096833,395,13.01487089351403,1.312,True,18,0.0027268668173506946,17.07190716096833,0.16554813538787197,0.15184800765624928,0.15184800765624928,15,False,Low demand,
18768813,Xinantécatl,Xinantécatl : Puente Pilares → Cacalomacan,18.32250559764436,408,12.958491870259785,1.414,True,19,0.004027127116246125,18.32250559764436,0.16767600803428975,0.14325858247778225,0.14325858247778225,16,False,Low demand,
18768818,Xinantécatl,Xinantécatl : San Cristóbal Tecolit → Pilares,18.812880982083993,416,15.880964137016115,1.185,True,20,0.007297872040761366,18.812880982083993,0.16234880074451472,0.14111106404285675,0.14111106404285675,11,False,Low demand,
18768823,Xinantécatl,Xinantécatl : Pilares → San Cristóbal Tecolit,18.56401988765203,386,15.816924092475807,1.174,True,19,0.00896452808564724,18.56401988765203,0.18758029072509927,0.1511594350364885,0.1511594350364885,9,False,Low demand,
18768889,Xinantécatl,Xinantécatl : Santa Cruz Cuauhtenco – Calixtlahuaca → Toluca Centro,22.468349182491416,509,11.25795489729685,1.996,True,28,0.0064907732455503075,22.468349182491416,0.17284536412155757,0.11246587108851125,0.11246587108851125,13,False,Indirect,
18768918,Xinantécatl,Xinantécatl : Toluca Centro → Santa Cruz Cuauhtenco – Calixtlahuaca,25.57478589204914,629,11.942918477425808,2.141,True,29,0.006497666031751185,25.57478589204914,0.17517678669773437,0.08716864693910861,0.08716864693910861,16,False,Redundant,18768889
18769524,Xinantécatl,Xinantécatl : San Juan De Las Huertas → Puerta Tollotzin,20.44608335439692,480,16.450189933524502,1.243,True,21,0.007240862687947979,20.44608335439692,0.1714338842994274,0.1297153058094972,0.1297153058094972,11,False,Redundant,18768818
18769527,Xinantécatl,Xinantécatl : Puerta Tollotzin → San Juan De Las Huertas,19.829657415245865,410,15.396273194029316,1.288,True,22,0.006990900825844259,19.829657415245865,0.19484991293585646,0.1404562339327595,0.1404562339327595,11,False,Redundant,18768823
18769548,Xinantécatl,Xinantécatl : San Pedro Tejalpa → Toluca,29.7884178415378,737,20.505479305019893,1.453,True,27,0.0070093616611635575,29.7884178415378,0.17378175419009437,0.05221798486253881,0.05221798486253881,17,False,Redundant,18769524
18769577,Xinantécatl,Xinantécatl : Toluca → San Pedro Tejalpa,29.76744029159877,742,20.505479305019893,1.452,True,28,0.006887393321110571,29.76744029159877,0.1841368440794659,0.05485960191098731,0.05485960191098731,16,False,Redundant,18769527
18769578,Xinantécatl,Xinantécatl : Puente Pilares por Torres → San Cristóbal Tecolit – Terminal,19.914788785610035,421,15.817803400811272,1.259,True,36,0.002943641912493198,19.914788785610035,0.13193218631033277,0.11997011527665942,0.11997011527665942,19,False,Low demand,
18769580,Cuatro Caminos,Cuatro Caminos : Terminal Toluca → Zacamulpa,33.14399355528536,792,24.52902040885947,1.351,True,21,0.013396179139999059,33.14399355528536,0.14562907305534734,0.049803447403835896,0.049803447403835896,14,False,Redundant,18794052
18769581,Xinantécatl,Xinantécatl : San Francisco Tlalcilalcalpan → Puente Pilares,24.433764707691672,546,21.972452676593175,1.112,True,25,0.00721184881591775,24.433764707691672,0.18888716759646798,0.10081893481760414,0.10081893481760414,12,False,Redundant,18768818
18769588,Xinantécatl,Xinantécatl : Calixtlahuaca → San Juan de Las Huertas,27.150243153766294,675,14.085003028309135,1.928,True,29,0.00645705788562847,27.150243153766294,0.2055207765956783,0.08158522575316227,0.08158522575316227,12,False,Redundant,18840584
18769589,Xinantécatl,Xinantécatl : Puente Pilares → San Francisco Tlalcilalcalpan,24.71042766572935,520,21.941403662905742,1.126,True,22,0.007263270399399924,24.71042766572935,0.2054595897655228,0.10270793729303604,0.10270793729303604,11,False,Redundant,18768823
18769593,Xinantécatl,Xinantécatl : San Cristóbal Tecolit – Terminal → Puente Pilares por Torres,25.4934919237368,598,15.807992765442874,1.613,True,35,0.00610503070132642,25.4934919237368,0.12901724556720567,0.07591357606198781,0.07591357606198781,17,False,Indirect,
18769626,Xinantécatl,Xinantécatl : Santa Cruz Cuauhtenco → Puente Pilares,20.26286198146353,375,14.469386910816104,1.4,True,32,0.002609005544473038,20.26286198146353,0.14477321898718906,0.11994512711240754,0.11994512711240754,20,False,Redundant,18769641
18769629,Xinantécatl,Xinantécatl : Toluca Centro → Cacalomacan,19.671394948141277,526,10.182799346759051,1.932,True,27,0.00659953694557029,19.671394948141277,0.17529356574611388,0.13649463714758814,0.13649463714758814,11,False,Redundant,18769698
18769641,Xinantécatl,Xinantécatl : Puente Pilares → Santa Cruz Cuauhtenco,19.459992941571336,389,14.49831232842434,1.342,True,32,0.0026720437438484284,19.459992941571336,0.1585946614168831,0.1301541012516414,0.1301541012516414,19,False,Low demand,
18769647,Xinantécatl,Xinantécatl : San Juan de Las Huertas → Calixtlahuaca,26.8167872671502,695,14.143385456771215,1.896,True,28,0.003614461659658345,26.8167872671502,0.19702859123259087,0.07939838224155438,0.07939838224155438,16,False,Redundant,18840584
18769649,Xinantécatl,Xinantécatl : Zinacantepec → Central de Abasto por Boulevard Miguel Alemán,35.590734840924696,733,22.32815404367903,1.594,True,29,0.011690429723958253,35.590734840924696,0.1880357239379561,0.05869936070844728,0.05869936070844728,11,False,Redundant,18768818
18769664,Xinantécatl,Xinantécatl : Acahualco → Puente Pilares por Las Torres,31.992291395750446,763,19.399212586576407,1.649,True,40,0.006557517778505847,31.992291395750446,0.1553525786634577,0.04539566244437027,0.04539566244437027,18,False,Redundant,18769578
18769670,Xinantécatl,Xinantécatl : Puente Pilares por Las Torres → Acahualco,20.563983713695002,472,18.523968526352114,1.11,True,21,0.007622091445757724,20.563983713695002,0.17629664831231132,0.1303297225763772,0.1303297225763772,10,False,Redundant,18768823
18769675,Xinantécatl,Xinantécatl : San Juan de las Huertas → Puente Pilares por Terminal Toluca,22.22824227094199,420,17.579256444429916,1.264,True,32,0.002626028536241846,22.22824227094199,0.14459958704834494,0.10354057304047815,0.10354057304047815,21,False,Redundant,18769641
18769686,Flecha de Oro,Flecha de Oro : San Mateo Capulhuac → Fabrica María,32.54840705547389,847,24.793805466137922,1.313,True,22,0.011502475677270132,32.54840705547389,0.19594962640093244,0.060489882277503244,0.060489882277503244,10,False,Redundant,18794052
18769687,Flecha de Oro,Flecha de Oro : Toluca → San Mateo Capulhuac por la Concepción de Hidalgo,32.732420808773696,692,25.433832322110174,1.287,True,23,0.009546312015896724,32.732420808773696,0.17471746785576772,0.05322567897983865,0.05322567897983865,13,False,Redundant,18794052
18769689,Xinantécatl,Xinantécatl : Puente Pilares por Terminal Toluca → San Juan de las Huertas,19.311065121098693,384,17.611560174880633,1.096,True,21,0.002789133462309856,19.311065121098693,0.15640541106435768,0.13096494355257685,0.13096494355257685,19,False,Low demand,
18769693,Flecha de Oro,Flecha de Oro : Fabrica María → San Mateo Capulhuac,33.87060067691589,869,25.433832322110174,1.332,True,24,0.010809249320440485,33.87060067691589,0.19517748878683772,0.059603621517149916,0.059603621517149916,11,False,Redundant,18794052
18769698,Xinantécatl,Xinantécatl : Cacalomacan → Toluca Centro,18.734326856834034,485,10.22262816629611,1.833,True,25,0.006638240500928734,18.734326856834034,0.16722790944441646,0.1423258273884159,0.1423258273884159,11,False,Indirect,
18769705,Flecha de Oro,Flecha de Oro : San Mateo Capulhuac por la Concepción de Hidalgo → Toluca,31.33456632681258,687,24.793805466137922,1.264,True,21,0.010211935592299921,31.33456632681258,0.17357780050566984,0.053606385718717384,0.053606385718717384,12,False,Redundant,18794052
18769707,Flecha de Oro,Flecha de Oro : Toluca → Terminal Toluca por Parque Industrial 2000,29.44552643854511,689,22.918872730606328,1.285,True,20,0.009057727261145978,29.44552643854511,0.16115179549509645,0.0539662891470442,0.0539662891470442,14,False,Redundant,18794052
18769713,Xinantécatl,Xinantécatl : Central de Abasto por Boulevard Miguel Alemán → Zinacantepec,36.239470785653786,711,22.31152471894829,1.624,True,27,0.006963267913755582,36.239470785653786,0.20055326833369572,0.05710158499717951,0.05710158499717951,13,False,Redundant,18769527
18769725,Xinantécatl,Xinantécatl : San Marcos Yachihuacaltepec → San Felipe Tlalmimilolpan,13.651426245015978,411,9.8991204200578,1.379,True,23,0.006575700760511354,13.651426245015978,0.1473026060622755,0.1796394669009471,0.1796394669009471,12,False,Redundant,18769885
18769798,Flecha de Oro,Flecha de Oro : Terminal Toluca por Parque Industrial 2000 → Toluca,30.855362907151076,711,23.535102702277126,1.311,True,22,0.008497364245873454,30.855362907151076,0.16347290272570544,0.049365589927299815,0.049365589927299815,14,False,Redundant,18794052
18769803,Xinantécatl,Xinantécatl : San Cristóbal Tecolit → Tollocan (Puente Pilares),22.54176597987219,506,18.8525984577328,1.196,True,21,0.007354494113384504,22.54176597987219,0.1560058466873896,0.10850790595296365,0.10850790595296365,13,False,Redundant,18769524
18769840,Flecha de Oro,Flecha de Oro : San Agustín Mimbres → Terminal Toluca,28.316398355923692,598,21.945464966397083,1.29,True,22,0.010595461419115236,28.316398355923692,0.17877676563044045,0.06931966652736124,0.06931966652736124,11,False,Redundant,18794052
18769849,Flecha de Oro,Flecha de Oro : Terminal Toluca → Santa Ana Jilotzingo,36.75600649361347,892,26.475464742165336,1.388,True,24,0.013377702669133447,36.75600649361347,0.1900843989001021,0.06089880239415897,0.06089880239415897,10,False,Redundant,18794052
18769861,Flecha de Oro,Flecha de Oro : Fabrica María → Terminal Toluca por Isidro Fabela por Parque Industrial 2000,32.05473372683215,844,23.581009168477483,1.359,True,18,0.00996075559754835,32.05473372683215,0.19298718099745948,0.05820755084691322,0.05820755084691322,12,False,Redundant,18582498
18769863,Flecha de Oro,Flecha de Oro : Terminal Toluca → San Agustín Mimbres,29.737901155022758,634,22.5814327379607,1.317,True,24,0.009975727369277647,29.737901155022758,0.17943569974722004,0.057018809347559665,0.057018809347559665,11,False,Redundant,18794052
18769866,Xinantécatl,Xinantécatl : Tollocan (Puente Pilares) → San Cristóbal Tecolit,22.39681382595728,509,18.09349267445358,1.238,True,17,0.007473299525904024,22.39681382595728,0.16464982487985716,0.11199564052955763,0.11199564052955763,12,False,Low demand,
18769875,Flecha de Oro,Flecha de Oro : Fabrica María → Villas Santín,28.29588266461346,591,22.466067985798873,1.259,True,19,0.01067247928738754,28.29588266461346,0.20191646210831346,0.07535257260935375,0.07535257260935375,9,False,Redundant,18718061
18769885,Xinantécatl,Xinantécatl : San Felipe Tlalmimilolpan → San Marcos Yachihuacaltepec,13.214718314672059,397,9.87218843753607,1.339,True,24,0.0064333860479552805,13.214718314672059,0.14252067417687928,0.18194090196990795,0.18194090196990795,11,False,Low demand,
18770036,TEO,TEO : Toluca → Tenango del Valle,24.546771231360008,500,20.593383644541888,1.192,True,20,0.025755218326757538,24.546771231360008,0.1894329984285099,0.11855704100588493,0.11855704100588493,9,False,Redundant,18212752
18779546,Crucero,Crucero : Terminal Toluca → La Capilla,33.856275845242436,943,23.758181066606706,1.425,True,19,0.017109297936217925,33.856275845242436,0.18442098981557437,0.06321454539011151,0.06321454539011151,11,False,Redundant,18718061
18781276,INTER,INTER : San Lorenzo Ejido → Terminal Toluca,23.055286901618977,445,15.65178950346162,1.473,True,19,0.0032219768755719267,23.055286901618977,0.14030073149204839,0.09616976890175921,0.09616976890175921,21,False,Redundant,18796291
18781288,INTER,INTER : Terminal Toluca → San Lorenzo Ejido,24.214355203932456,495,15.545485010433556,1.558,True,18,0.00406758067794004,24.214355203932456,0.1648422438505912,0.09349184827448405,0.09349184827448405,17,False,Redundant,18796291
18781310,Cuatro Caminos,Cuatro Caminos : Villa Nicolás Romero → Terminal Toluca,102.22950144356332,2933,51.96581372843499,1.967,True,25,0.018726297376302575,102.22950144356332,0.23772546496016844,0.07815766361634469,0.07815766361634469,10,False,Redundant,18794052
18782084,Temoayenses,Temoayenses : Toluca Centro por el Rastro → Central de Abasto,15.30080914024357,377,9.606712217335659,1.593,True,14,0.004040939742674937,15.30080914024357,0.20921128665981809,0.17883701857226636,0.17883701857226636,12,False,Indirect,
18782085,TEO,TEO : Tenango del Valle → Toluca,25.41917761659506,578,21.40705259075849,1.187,True,21,0.017714817822818085,25.41917761659506,0.17356589643460044,0.09927981179317602,0.09927981179317602,11,False,Redundant,18878155
18782088,TEO,TEO : Toluca → San Pedro Atlapulco,38.67268431507896,892,27.159198167428364,1.424,True,16,0.019894210232054236,38.67268431507896,0.19944051055019726,0.06975433786960356,0.06975433786960356,9,False,Redundant,18212752
18782097,TEO,TEO : San Pedro Atlapulco → Toluca,38.82196409900824,841,26.993312022313198,1.438,True,16,0.019894210232054236,38.82196409900824,0.19944051055019726,0.06975433786960356,0.06975433786960356,10,False,Redundant,18212752
18782104,Flecha de Oro,Flecha de Oro : Villa Cuauhtémoc → Terminal Toluca por el Antiguo Camino,27.71331039954464,634,18.287193375162026,1.515,True,21,0.007089543189795926,27.71331039954464,0.14585319681590767,0.06260858906423418,0.06260858906423418,17,False,Redundant,18794052
18782127,Flecha de Oro,Flecha de Oro : Terminal Toluca por el Antiguo Camino → Villa Cuauhtémoc,30.28327329829371,593,18.78576681006762,1.612,True,22,0.006645548970984992,30.28327329829371,0.14949332172112026,0.04401887940126506,0.04401887940126506,18,False,Redundant,18794052
18782137,Flecha de Oro,Flecha de Oro : San Pedro Arriba → Toluca,42.58193593767345,1009,32.005936699248124,1.33,True,24,0.009416335243272976,42.58193593767345,0.2482390915812616,0.07147610813858837,0.07147610813858837,12,False,Redundant,18781310
18782420,Flecha de Oro,Flecha de Oro : Toluca → San Pedro Arriba,44.01690102666253,1040,32.61547768377101,1.35,True,26,0.008858674266569312,44.01690102666253,0.24350408261591808,0.06973469492054883,0.06973469492054883,13,False,Redundant,18794052
18785813,Flecha de Oro,Flecha de Oro : Revolución → Terminal Toluca,26.688122137590362,577,13.773565815428327,1.938,True,21,0.0034433131823343017,26.688122137590362,0.1660924655926684,0.07256541176724837,0.07256541176724837,19,False,Redundant,18794052
18786512,Crucero,Crucero : Toluca → Villa Cuauhtemoc Municipio de Otzolotepec y San Lorenzo Oyamel,31.70536827321099,568,19.998045441456906,1.585,True,23,0.020920813908241468,31.70536827321099,0.17184087828422004,0.06388103347929648,0.06388103347929648,11,False,Redundant,18794052
18786516,Crucero,Crucero : Villa Cuauhtemoc Municipio de Otzolotepec y San Lorenzo Oyamel → Toluca,32.53094735078355,606,20.25868323375101,1.606,True,24,0.020070857708635217,32.53094735078355,0.172609697663983,0.06322328212463096,0.06322328212463096,11,False,Redundant,18794052
18793997,Crucero,Crucero : Xonacatlán → Servicio Local,10.84435785736634,323,7.70862775934906,1.407,True,3,0.04929359151584782,10.84435785736634,0.474398569188436,0.3275235850015707,0.3275235850015707,4,False,Redundant,18794003
18794003,Crucero,Crucero : Servicio Local → Xonacatlán,10.505803890499593,304,7.8684226194276174,1.335,True,3,0.04929359151584782,10.505803890499593,0.474398569188436,0.33034486805879354,0.33034486805879354,2,False,,
18794052,Crucero,Crucero : Alvarado Obregón → Terminal Toluca,11.463272111595602,255,7.692297903979266,1.49,True,17,0.002970061006611306,11.463272111595602,0.12750771902257363,0.1893197231656247,0.1893197231656247,12,False,Redundant,18736642
18794130,Crucero,Crucero : Terminal Toluca → Alvarado Obregón,30.52277519999546,530,20.649310681746734,1.478,True,22,0.014275517093209024,30.52277519999546,0.16720887280441682,0.05607773529431323,0.05607773529431323,12,False,Redundant,18794052
18796176,Crucero,Crucero : San Miguel Mimiapan → Xonacatlán,7.6639773126761215,180,5.472100705780333,1.401,True,2,0.049585823586081934,7.6639773126761215,0.34137462425539944,0.32106300204429744,0.32106300204429744,4,False,Redundant,18794003
18796179,Crucero,Crucero : La Capilla – Zacamulpa → Terminal Toluca,34.04334000493775,813,25.29504631986599,1.346,True,21,0.013396179139999059,34.04334000493775,0.14562907305534734,0.049803447403835896,0.049803447403835896,15,False,Redundant,18794052
18796181,Crucero,Crucero : Xochicuautla por San Nicolás Peralta → Xonacatlán,15.3521302631731,415,9.528692816219298,1.611,True,4,0.04659886533890564,15.3521302631731,0.4109189192431641,0.27139417628992085,0.27139417628992085,6,False,Indirect,
18796182,Flecha de Oro,Flecha de Oro : Terminal Toluca por Isidro Fabela por Parque Industrial 2000 → Fabrica María,31.859208464950797,808,23.617860645310692,1.349,True,19,0.01067247928738754,31.859208464950797,0.20191646210831346,0.0611515948144659,0.0611515948144659,11,False,Redundant,18718061
18796193,Flecha de Oro,Flecha de Oro : Terminal Toluca → Revolución,25.4056248817271,501,13.576633413828587,1.871,True,23,0.003692152086746275,25.4056248817271,0.16597091381439402,0.08347133985928562,0.08347133985928562,18,False,Redundant,18794052
18796194,Flecha de Oro,Flecha de Oro : Villa Cuauhtémoc → Terminal Toluca por el Antiguo Camino,22.883990734426924,512,18.143713530728018,1.261,True,23,0.007550569569918312,22.883990734426924,0.12193877181414906,0.09733533973656455,0.09733533973656455,14,False,Redundant,18794052
18796201,Crucero,Crucero : Xonacatlán → por Santa Ana Jilotzingo,12.378692262790334,465,7.352509868536933,1.684,True,3,0.05839111740795066,12.378692262790334,0.3866617261911349,0.3019007800991483,0.3019007800991483,2,False,Indirect,
18796202,Flecha de Oro,Flecha de Oro : Terminal Toluca por el Antiguo Camino → Villa Cuauhtémoc,24.26659652383478,538,18.78576681006762,1.292,True,25,0.0071468422384909575,24.26659652383478,0.12711838807156078,0.08670480155775798,0.08670480155775798,15,False,Redundant,18794052
18796207,R E D,R E D : Infonavit San Francisco → C.U.,16.59060065291833,416,10.525452014403166,1.576,True,25,0.006519795209161645,16.59060065291833,0.12062324156163408,0.1484206001585841,0.1484206001585841,14,False,Redundant,18796213
18796208,Flecha de Oro,Flecha de Oro : Toluca → Terminal Toluca por Villas Santín,29.086273940824686,685,22.918872730606328,1.269,True,21,0.00985094208099555,29.086273940824686,0.1700212057983812,0.05997062735705181,0.05997062735705181,12,False,Redundant,18794052
18796211,Cultural,Cultural : Centro Toluca → San Martin Totoltepec,18.69118136067011,348,10.138295978744528,1.844,True,18,0.003765605810263941,18.69118136067011,0.16648326443388423,0.13962657724648408,0.13962657724648408,17,False,Indirect,
18796212,Flecha de Oro,Flecha de Oro : Terminal Toluca por Villas Santín → Toluca,30.523305798633242,716,23.535102702277126,1.297,True,23,0.009262764327779985,30.523305798633242,0.17147014225346072,0.05213029989114516,0.05213029989114516,12,False,Redundant,18794052
18796213,R E D,R E D : C.U. → Infonavit San Francisco,15.802040928085159,404,10.647267548992486,1.484,True,25,0.00684081248107033,15.802040928085159,0.11262676526100375,0.1533138293956116,0.1533138293956116,13,False,Low demand,
18796214,R E D,R E D : Las palomas → Centro Toluca,6.95021628654013,202,5.5427774639548995,1.254,True,16,0.003710278680123489,6.95021628654013,0.090677870412076,0.21846127722864142,0.21846127722864142,6,False,Redundant,18796226
18796215,Crucero,Crucero : por Santa Ana Jilotzingo → Xonacatlán,12.567559319466103,457,7.582590092367407,1.657,True,3,0.05839111740795066,12.567559319466103,0.3866617261911349,0.30032688796018353,0.30032688796018353,3,False,Redundant,18796201
18796219,Urbana,Urbana : Cultural Mexiquense → Las Palomas,17.217463694024698,451,8.529820878995878,2.019,True,26,0.00693316700398508,17.217463694024698,0.12066107156649611,0.14361957077873663,0.14361957077873663,13,False,Redundant,18839402
18796220,Cultural,Cultural : Infonavit San Francisco → C.U.,15.212877285644385,338,8.785513456493119,1.732,True,34,0.0037710042899488697,15.212877285644385,0.11991115797529635,0.15697481640340308,0.15697481640340308,15,False,Redundant,18878202
18796222,Cultural,Cultural : San Martin Totoltepec → Centro Toluca,17.151211978918546,415,9.830989007550624,1.745,True,15,0.007989659637237204,17.151211978918546,0.1407778827816402,0.15025736384165939,0.15025736384165939,10,False,Redundant,18796308
18796223,R E D,R E D : Circuito → Tollocan Sur por Monumento a Colon,14.965972342344545,388,7.314423270180145,2.046,True,26,0.00276524222561316,14.965972342344545,0.1224505444931028,0.15866144216268432,0.15866144216268432,16,False,Indirect,
18796224,Flecha de Oro,Flecha de Oro : Villas Santín → Fabrica María,28.389975080875544,599,22.50110847554634,1.262,True,19,0.01067247928738754,28.389975080875544,0.20191646210831346,0.07456846914050304,0.07456846914050304,10,False,Redundant,18718061
18796226,R E D,R E D : Centro Toluca → Las palomas,7.070844782197668,207,5.537556618773736,1.277,True,15,0.008532117644790116,7.070844782197668,0.09453923657491223,0.22324322027020427,0.22324322027020427,4,False,Low demand,
18796227,Urbana,Urbana : C. U. → San Pablo Autopan,18.443845462605115,509,9.44886715893187,1.952,True,22,0.00405725672639829,18.443845462605115,0.24587793735744407,0.16182802887738335,0.16182802887738335,13,False,Redundant,18291951
18796228,Crucero,Crucero : Xonacatlán → Xochicuautla por San Nicolás Peralta,15.416123349765105,433,9.492743075921982,1.624,True,4,0.04659886533890564,15.416123349765105,0.4109189192431641,0.2708609005683208,0.2708609005683208,7,False,Redundant,18796181
18796233,INTER,INTER : Rancho La Mora → Toluca,7.328624484800879,248,3.82015847625059,1.918,True,13,0.008653824046325571,7.328624484800879,0.08696935886992346,0.2193242930571324,0.2193242930571324,4,False,Indirect,
18796234,INTER,INTER : Circuito Tollocan → Fraccionamiento Parque de la Hacienda,16.131362011308074,561,8.7987484670257,1.833,True,24,0.003279515132431855,16.131362011308074,0.1420556391725736,0.15436540816467464,0.15436540816467464,15,False,Redundant,18796246
18796237,Urbana,Urbana : Las Palomas → Cultural Mexiquense,17.852293848486287,495,8.54438097196258,2.089,True,27,0.006432996009447068,17.852293848486287,0.12184878683665189,0.13812607731455764,0.13812607731455764,14,False,Redundant,18796219
18796238,Cultural,Cultural : C.U. → Infonavit San Francisco,15.854531994661468,376,9.296646084923541,1.705,True,34,0.00585022068730922,15.854531994661468,0.12467347195681701,0.15489748872100126,0.15489748872100126,13,False,Redundant,18878202
18796241,CTTSA,CTTSA : San Pablo Autopan → Terminal,16.94352882966786,473,10.68942640745497,1.585,True,22,0.0040880670286390286,16.94352882966786,0.230458083242823,0.17050651425877927,0.17050651425877927,12,False,Redundant,18709005
18796243,INTER,INTER : Fraccionamiento Parque de la Hacienda → Circuito Tollocan,18.676857683576866,503,9.72141848035965,1.921,True,26,0.0027662528126686657,18.676857683576866,0.12688409872907933,0.1288467967984646,0.1288467967984646,19,False,Redundant,18796223
18796244,CTTSA,CTTSA : Terminal → San Pablo Autopan,15.916084325547274,410,9.987142964580263,1.594,True,20,0.004064967287715795,15.916084325547274,0.24212526566677703,0.18196224765818278,0.18196224765818278,12,False,Redundant,18709005
18796245,Urbana,Urbana : Terminal → Mercado Hidalgo,5.995380067687465,140,3.358163459841924,1.785,True,10,0.008067513588136736,5.995380067687465,0.14039651557324465,0.24320514191738568,0.24320514191738568,3,False,Indirect,
18796246,R E D,R E D : Tollocan Sur por Monumento a Colon → Circuito,9.872809948146426,335,5.800905519553218,1.702,True,20,0.00340857167691511,9.872809948146426,0.1381524555739671,0.20567326933585334,0.20567326933585334,10,False,Indirect,
18796247,Urbana,Urbana : Mercado Hidalgo → Terminal,6.138186589652988,119,3.274218062256875,1.875,True,11,0.007802345858817338,6.138186589652988,0.15377567099997586,0.2450947086950364,0.2450947086950364,4,False,Indirect,
18796248,Urbana,Urbana : San Pablo Autopan → C. U.,17.35187955478169,541,9.448641570509134,1.836,True,21,0.005024948559589882,17.35187955478169,0.2279122787625766,0.16740402196038662,0.16740402196038662,10,False,Indirect,
18796250,INTER,INTER : Toluca → Rancho La Mora,8.772112499735986,276,3.968927052806531,2.21,True,13,0.004181613142641649,8.772112499735986,0.09826479465080809,0.20564687430754378,0.20564687430754378,8,False,Indirect,
18796251,Crucero,Crucero : Villa Cuauhtémoc → Central Camionera por Boulevard Aeropuerto Licenciado Miguel Alemán,38.117823101485975,638,19.753997974763596,1.93,True,20,0.020404990497795122,38.117823101485975,0.1595779928278695,0.0602994887047625,0.0602994887047625,12,False,Redundant,18268510
18796252,Cultural,Cultural : La Pilita → Centro Cultural,21.436005160155993,579,12.741018766266471,1.682,True,32,0.0027472303584861702,21.436005160155993,0.1336752238524591,0.10753265998696768,0.10753265998696768,21,False,Redundant,18827386
18796253,INTER,INTER : C.U. → Barrio Guadalupe,22.138082495115714,464,15.993963986567072,1.384,True,22,0.007273817633059658,22.138082495115714,0.15112207114222345,0.11057031462598457,0.11057031462598457,13,False,Low demand,
18796254,TBD,TBD : Unidad Habitacional Carlos Hank González (San Mateo Atenco) → C.U.,22.471857432912376,523,15.885344432680718,1.415,True,20,0.003046104459840354,22.471857432912376,0.15910299220552263,0.10555637390361786,0.10555637390361786,20,False,Redundant,18796261
18796261,TBD,TBD : C.U. → Unidad Habitacional Carlos Hank González (San Mateo Atenco),22.332940134585133,515,16.008486900732517,1.395,True,26,0.003896958664120596,22.332940134585133,0.18533099896399585,0.11412187395024345,0.11412187395024345,16,False,Low demand,
18796264,Urbana,Urbana : Terminal → La Pilita,14.856705462205934,354,8.382237225944683,1.772,True,25,0.0062434571689988505,14.856705462205934,0.12179758279875369,0.16288697401697116,0.16288697401697116,13,False,Indirect,
18796267,Crucero,Crucero : Central Camionera por Boulevard Aeropuerto Licenciado Miguel Alemán → Villa Cuauhtémoc,36.77423438270112,702,19.779294731973007,1.859,True,22,0.02263817636272135,36.77423438270112,0.14795390536612896,0.05962665270425359,0.05962665270425359,10,False,Redundant,18268510
18796268,CTTSA,CTTSA : Unidad Habitacional Hank González → ciudad Universitaria,22.09213870944152,467,15.520706404099863,1.423,True,16,0.007417326316939542,22.09213870944152,0.15816158989776535,0.11285656787936821,0.11285656787936821,12,False,Low demand,
18796270,INTER,INTER : Barrio Guadalupe → C.U.,32.60057069135539,620,17.157801936698416,1.9,True,25,0.007531177036484381,32.60057069135539,0.2301043060740106,0.06505725355498704,0.06505725355498704,12,False,Indirect,
18796282,INTER,INTER : San Antonio Buenavista → Barrio de Guadalupe,28.404089845571228,644,19.40925078195863,1.463,True,26,0.007301400525597719,28.404089845571228,0.18279449844394266,0.06629927642348982,0.06629927642348982,16,False,Redundant,18291977
18796283,Cultural,Cultural : Centro Cultural → La Pilita,19.835609263154122,509,12.764400986670294,1.554,True,32,0.002495438111854112,19.835609263154122,0.13944011806445053,0.12205872376834906,0.12205872376834906,20,False,Redundant,18827386
18796291,INTER,INTER : San Cristóbal Huichochitlán → Terminal Toluca,13.772738432946504,351,7.861729264359455,1.752,True,15,0.0030772482798316404,13.772738432946504,0.16167033147679444,0.17872201087447603,0.17872201087447603,14,False,Redundant,18796294
18796292,Urbana,Urbana : La Pilita → Terminal,15.308553334864905,376,8.38394795677687,1.826,True,26,0.006124318869039521,15.308553334864905,0.12424531568759728,0.15961437000039796,0.15961437000039796,13,False,Redundant,18796264
18796294,INTER,INTER : Terminal Toluca → San Cristóbal Huichochitlán,10.633487564874173,276,7.182665561200392,1.48,True,13,0.0033325605738590237,10.633487564874173,0.20511213673869225,0.21599819838458065,0.21599819838458065,9,False,Low demand,
18796301,INTER,INTER : San Mateo Atenco → Parque Sierra Morelos,27.967866408598066,631,18.036230524057824,1.551,True,37,0.004292571697238507,27.967866408598066,0.1440794353005565,0.05724687711739374,0.05724687711739374,19,False,Redundant,18796314
18796305,INTER,INTER : Barrio de Guadalupe → San Antonio Buenavista,31.29464361178716,710,19.32373127771665,1.619,True,27,0.006804094027826448,31.29464361178716,0.1837386461799191,0.052738755572806224,0.052738755572806224,17,False,Indirect,
18796308,CTTSA,CTTSA : San Cristobal Huichochitlan → por Morelos,14.239570680009306,379,8.283564014201273,1.719,True,14,0.0077970298713893335,14.239570680009306,0.16163912130886768,0.1795437211985287,0.1795437211985287,10,False,Redundant,18823412
18796309,R E D,R E D : Metepec → San Mateo Atenco,17.545781133027596,372,10.284271926537444,1.706,True,20,0.004136267606225238,17.545781133027596,0.1689369525137639,0.15015566295943622,0.15015566295943622,15,False,Redundant,18825286
18796312,A U T,A U T : La Crespa → Capultitlán,13.297224002319801,347,9.70739087627465,1.37,True,22,0.006979750720924738,13.297224002319801,0.15749726162851682,0.18554386610872228,0.18554386610872228,11,False,Redundant,18796325
18796314,INTER,INTER : Parque Sierra Morelos → San Mateo Atenco,27.809878437374344,706,17.99440254909876,1.545,True,40,0.004053294989961624,27.809878437374344,0.14766528034458667,0.059220628097988746,0.059220628097988746,18,False,Indirect,
18796325,A U T,A U T : Capultitlán → La Crespa,13.326556744594715,290,9.594442193766147,1.389,True,19,0.00915328113362105,13.326556744594715,0.1627837783088321,0.18879458617253977,0.18879458617253977,9,False,Low demand,
18796327,Rápidos,Rápidos : La Crespa → Las Margaritas,12.233870727868581,284,7.485896292966525,1.634,True,19,0.0024166066619900712,12.233870727868581,0.1230000471290544,0.18121769571201551,0.18121769571201551,14,False,Redundant,18823515
18796332,TBD,TBD : La Crespa → Galerías Metepec,11.60921488942566,240,6.4576798025436535,1.798,True,13,0.008189210568940009,11.60921488942566,0.1700160272396024,0.2039497599669601,0.2039497599669601,9,False,Indirect,
18796342,Crucero,Crucero : Terminal Toluca → La Capilla – Zacamulpa,32.634039260718275,754,24.595144765415412,1.327,True,20,0.014092300534123987,32.634039260718275,0.14339589953818815,0.04994127541867102,0.04994127541867102,14,False,Redundant,18794052
18796372,Pegaso,Pegaso : San Mateo Otzacatipan → Las Margaritas,13.540107572215236,365,9.701128891391685,1.396,True,24,0.0035758730585908143,13.540107572215236,0.12894126746992937,0.17297696015761285,0.17297696015761285,14,False,Redundant,18796407
18796373,TBD,TBD : Galerías Metepec → La Crespa,16.7800624857189,354,6.482288032291928,2.589,True,18,0.0027002418736431556,16.7800624857189,0.14341992603510986,0.14872136933476313,0.14872136933476313,16,False,Indirect,
18796407,Pegaso,Pegaso : Las Margaritas → San Mateo Otzacatipan,13.249505263987215,347,9.701128891391685,1.366,True,24,0.0035758730585908143,13.249505263987215,0.12894126746992937,0.17539864605951302,0.17539864605951302,13,False,Low demand,
18815999,Pegaso,Pegaso : C.U. → La Pilita,17.431974633182303,465,11.279276044176354,1.545,True,27,0.006713508643968501,17.431974633182303,0.11173517536650338,0.13938084720907515,0.13938084720907515,15,False,Redundant,18796213
18819389,CTTSA,CTTSA : ciudad Universitaria → Unidad Habitacional Hank González,23.09268590129597,534,15.970067902402027,1.446,True,24,0.007248405015838258,23.09268590129597,0.1728288828217539,0.10801657654381033,0.10801657654381033,14,False,Low demand,
18819586,Pegaso,Pegaso : San Ángel Inn → Seminario,11.292800116060336,231,8.475894864354325,1.332,True,19,0.0027990512297372504,11.292800116060336,0.16018740725691982,0.19873923541013108,0.19873923541013108,10,False,Low demand,
18823356,Pegaso,Pegaso : La Pilita → C.U.,17.42466404689159,435,10.988642461960328,1.586,True,23,0.006839375320586958,17.42466404689159,0.11405079709095844,0.14014654086922998,0.14014654086922998,14,False,Redundant,18796207
18823412,CTTSA,CTTSA : por Morelos → San Cristobal Huichochitlan,13.56599297279579,390,8.293541597393869,1.636,True,17,0.0074551157290429874,13.56599297279579,0.17776721986590138,0.1888469792555534,0.1888469792555534,10,False,Indirect,
18823464,Pegaso,Pegaso : Seminario → San Ángel Inn,11.386506553314225,281,8.608850573540865,1.323,True,19,0.002786783961783082,11.386506553314225,0.1513939756472805,0.19574772326265133,0.19574772326265133,11,False,Redundant,18819586
18823515,Rápidos,Rápidos : Las Margaritas → La Crespa,11.21560763058125,270,7.472415340850278,1.501,True,19,0.0023451896521661376,11.21560763058125,0.13047509225187345,0.1915005657936241,0.1915005657936241,11,False,Indirect,
18823543,TEO,TEO : Tecnológico Regional Toluca (La Pilita) → Tecnológico Regional Toluca,15.939208256374167,354,10.794762198677454,1.477,True,26,0.0039318541200226275,15.939208256374167,0.11135265156219629,0.14894328154078698,0.14894328154078698,15,False,Redundant,18796220
18823559,A U T,A U T : Toluca Centro → Las Margaritas,19.196330497076083,530,7.660241887572399,2.506,True,34,0.006262122508572213,19.196330497076083,0.12112211376804327,0.12657323014161564,0.12657323014161564,15,False,Redundant,18823899
18823770,Rápidos,Rápidos : Metepec → San Felipe,18.240615057649443,444,8.568459092849729,2.129,True,30,0.002361780419682986,18.240615057649443,0.13918164702604585,0.13515206669578242,0.13515206669578242,19,False,Redundant,18839833
18823899,A U T,A U T : Las Margaritas → Toluca Centro,15.320379275513103,372,7.552845918126003,2.028,True,28,0.006242498624683792,15.320379275513103,0.11557593992674672,0.15746665631042794,0.15746665631042794,14,False,Indirect,
18825286,R E D,R E D : San Mateo Atenco → Metepec,17.383374308028277,380,10.06063659905935,1.728,True,20,0.0035900708916471705,17.383374308028277,0.17567942071583864,0.15264847350370453,0.15264847350370453,15,False,Indirect,
18825302,8 de Noviembre,8 de Noviembre : Tec. de Toluca → Santa Ana Tepaltitlan,12.000272547990422,266,8.979686223616632,1.336,True,18,0.004165260229358704,12.000272547990422,0.12627159994346981,0.18573088898197265,0.18573088898197265,12,False,Low demand,
18825516,8 de Noviembre,8 de Noviembre : Santa Ana Tepaltitlan → Tec. de Toluca,12.715522443667584,281,8.978038855491526,1.416,True,18,0.007235767551160122,12.715522443667584,0.12185720927447903,0.18173738283921667,0.18173738283921667,10,False,Redundant,18825302
18827294,8 de Noviembre,8 de Noviembre : Santa Maria Totoltepec → Santa Maria Totoltepec,14.925962877760615,339,11.138656281960888,1.34,True,19,0.007170840252666124,14.925962877760615,0.136372068642302,0.16688083343190319,0.16688083343190319,11,False,Low demand,
18827306,8 de Noviembre,8 de Noviembre : Santa Maria Totoltepec → Santa Maria Totoltepec,13.99884697693736,328,11.138656281960888,1.257,True,19,0.007348176801228651,13.99884697693736,0.1360489957311508,0.1747033675928717,0.1747033675928717,11,False,Low demand,
18827318,TEO,TEO : San Buenaventura → Central de Abasto por Boulevard Aeropuerto,25.55812385181062,551,15.213634516023875,1.68,True,24,0.01165939520281275,25.55812385181062,0.15730859892628027,0.08800217950262765,0.08800217950262765,12,False,Indirect,
18827321,TEO,TEO : Central de Abasto por Boulevard Aeropuerto → San Buenaventura,26.78009350860999,564,15.19699256453277,1.762,True,21,0.004999971608780141,26.78009350860999,0.1474212900972548,0.06868784822801059,0.06868784822801059,18,False,Redundant,18827318
18827377,TEO,TEO : La Pilita → San Buenaventura,18.028297450859665,467,12.337981760566423,1.461,True,27,0.0025586010883339077,18.028297450859665,0.13059160735303757,0.13497069083609609,0.13497069083609609,18,False,Redundant,18827386
18827386,TEO,TEO : San Buenaventura → La Pilita,17.813563153892662,428,12.337981760566423,1.444,True,29,0.002552905870348629,17.813563153892662,0.14005467576458105,0.1391202151957217,0.1391202151957217,18,False,Low demand,
18827414,TEO,TEO : La Pilita → C.U. por Las Torres,16.594422660426208,392,10.988642461960328,1.51,True,32,0.00620565443396578,16.594422660426208,0.10684064866917249,0.14462896109770718,0.14462896109770718,15,False,Redundant,18878202
18827432,TEO,TEO : C.U. por Las Torres → La Pilita,15.528519836191894,410,11.263241110579452,1.379,True,32,0.006416015896388362,15.528519836191894,0.10963626219329761,0.15442074947644696,0.15442074947644696,13,False,Redundant,18878202
18836846,S T U T,S T U T : San Marcos Yachihuacaltepec → Hospital Santa Cruz Colonia Sor Juana Inés de la Cruz,10.516575382378637,330,4.958581848686955,2.121,True,15,0.007559714103461462,10.516575382378637,0.16545732061833454,0.21128591607155645,0.21128591607155645,9,False,Redundant,18869212
18838435,8 de Noviembre,8 de Noviembre : Santa Maria Totoltepec → Santa Maria Totoltepec,16.47156962867483,413,11.28564092218292,1.46,True,24,0.0025097939828582143,16.47156962867483,0.13480392655220858,0.14894769538195346,0.14894769538195346,16,False,Redundant,18874306
18839402,S T U T,S T U T : C.U. → Terminal Toluca,12.444896762530332,390,8.01971828836964,1.552,True,24,0.0071547911989979585,12.444896762530332,0.1129409851745294,0.1816825644715442,0.1816825644715442,10,False,Redundant,18839451
18839451,S T U T,S T U T : Terminal Toluca → C.U.,11.715859181280946,335,7.445090899404278,1.574,True,22,0.004276311986651883,11.715859181280946,0.11138944592864437,0.1844915136248051,0.1844915136248051,12,False,Indirect,
18839598,S T U T,S T U T : La Pilita → C.U.,23.859902427166784,551,15.010791709032107,1.59,True,28,0.006576805718734026,23.859902427166784,0.14369091790878544,0.09366701496954052,0.09366701496954052,15,False,Redundant,18796207
18839607,Crucero,Crucero : Xonacatlán → San Miguel Mimiapan,8.055225282407168,200,5.328840832143244,1.512,True,2,0.049585823586081934,8.055225282407168,0.34137462425539944,0.3178026022965387,0.3178026022965387,5,False,Redundant,18794003
18839794,S T U T,S T U T : La Asunción → C.U. por Torres,22.351704284023356,454,15.157303386876313,1.475,True,34,0.0043500035624915185,22.351704284023356,0.1650826338839974,0.10935645966662956,0.10935645966662956,14,False,Redundant,18823543
18839833,Rápidos,Rápidos : San Felipe → Metepec,18.21291358702066,415,8.204072241063768,2.22,True,31,0.002773226607909942,18.21291358702066,0.14789946925514644,0.13797381402985773,0.13797381402985773,18,False,Indirect,
18839904,S T U T,S T U T : Centro por 5 de Mayo → La Pilita,24.194050876183532,614,15.312684681879027,1.58,True,34,0.006264730421591261,24.194050876183532,0.1440148538712099,0.09065135325453097,0.09065135325453097,15,False,Redundant,18840079
18839951,S T U T,S T U T : C.U. por Torres → La Asunción,26.913894294034673,601,15.724985560626788,1.712,True,34,0.006447572054455441,26.913894294034673,0.15549354804609083,0.07103850661568921,0.07103850661568921,17,False,Redundant,18839794
18840028,S T U T,S T U T : C.U. → La Pilita,23.417885567026534,557,15.312684681879027,1.529,True,30,0.006563925391344721,23.417885567026534,0.13825125380744505,0.09597769245131818,0.09597769245131818,15,False,Redundant,18796213
18840054,S T U T,S T U T : San Mateo Mexicaltzingo → Toluca Centro),25.46235381193755,597,16.894803011419384,1.507,True,28,0.006317415020610418,25.46235381193755,0.16543294428369434,0.08548936932538774,0.08548936932538774,16,False,Indirect,
18840079,S T U T,S T U T : La Pilita → Centro por 5 de Mayo,22.59620969658919,570,14.753213120433323,1.532,True,31,0.004148814976422273,22.59620969658919,0.1395436494761854,0.10073297987389201,0.10073297987389201,16,False,Indirect,
18840226,S T U T,S T U T : Las Margaritas → Santiago Miltepec,11.268783142603763,305,6.848569293190973,1.645,True,23,0.003201035344017479,11.268783142603763,0.08582804580847535,0.1807515206077716,0.1807515206077716,12,False,Redundant,18840241
18840241,S T U T,S T U T : Santiago Miltepec → Las Margaritas,8.536044073204199,262,6.869035164850124,1.243,True,19,0.003417016072095304,8.536044073204199,0.08221921581820657,0.20283811941661195,0.20283811941661195,8,False,Low demand,
18840370,Bicentenario,Bicentenario : Seminario → Centro,9.827696293386115,234,4.788105123060889,2.053,True,18,0.006811955068428389,9.827696293386115,0.1716316404593576,0.21782239607171683,0.21782239607171683,9,False,Indirect,
18840405,8 de Noviembre,8 de Noviembre : Santa Ana Tepaltitlan → Tecnológico Regional Toluca (la pilita),21.020206490098083,485,12.240125826737753,1.717,True,33,0.006042609036665662,21.020206490098083,0.13310391213639186,0.1141501996532796,0.1141501996532796,14,False,Redundant,18958354
18840408,S T U T,S T U T : C.U. (Metepec → San Mateo Mexicaltzingo,26.667820221693013,610,17.23997609918424,1.547,True,29,0.0061689258905094,26.667820221693013,0.14800651701745615,0.07093871996409834,0.07093871996409834,17,False,Indirect,
18840447,S T U T,S T U T : San Felipe Tlalmimilolpan → SEP,16.134145245021227,463,10.177784505741503,1.585,True,25,0.006769084787765966,16.134145245021227,0.14484615195359227,0.15852941240098717,0.15852941240098717,13,False,Redundant,18840449
18840448,S T U T,S T U T : ISSSTE → Centro por Pino Suarez,10.13289480616855,270,6.880837216114885,1.473,True,19,0.003656493677961445,10.13289480616855,0.09752274862750515,0.19359639078343316,0.19359639078343316,10,False,Redundant,18796214
18840449,S T U T,S T U T : SEP → San Felipe Tlalmimilolpan,15.479457807656395,417,10.122252198894587,1.529,True,22,0.006668191754237665,15.479457807656395,0.13135250737535767,0.16051083686760712,0.16051083686760712,12,False,Indirect,
18840463,S T U T,S T U T : Centro por Pino Suarez → ISSSTE,8.990951944938788,258,6.877112523642983,1.307,True,17,0.007860741547223295,8.990951944938788,0.10705717475730521,0.20970043569539307,0.20970043569539307,8,False,Redundant,18796226
18840539,Bicentenario,Bicentenario : Centro → Seminario,5.600810499313158,173,3.5638410066640387,1.572,True,14,0.007931975310049223,5.600810499313158,0.16269371384901024,0.25193198294469216,0.25193198294469216,3,False,Indirect,
18840584,S T U T,S T U T : Ciudad Universitaria → San Marcos Yachihuacaltepec,15.865975390516962,428,7.44037913772311,2.132,True,21,0.007257529907066719,15.865975390516962,0.15760891778803107,0.16444329776643313,0.16444329776643313,11,False,Redundant,18840622
18840585,S T U T,S T U T : Seminario → Toluca Centro,13.24189311588673,312,7.187198662652343,1.842,True,24,0.0063679706907613836,13.24189311588673,0.1595103672043666,0.18589645319279696,0.18589645319279696,11,False,Redundant,18840589
18840589,S T U T,S T U T : Toluca Centro → Seminario,13.154239200609005,353,7.09827675342481,1.853,True,20,0.007229686392213615,13.154239200609005,0.16724541526190911,0.18942238020261587,0.18942238020261587,10,False,Indirect,
18840621,S T U T,S T U T : Colonia Nueva Progreso → Metepec por Toluca Centro,22.96370764363054,541,13.907935947126832,1.651,True,34,0.006201437316277432,22.96370764363054,0.12426580076222053,0.09590365714324474,0.09590365714324474,14,False,Redundant,18796213
18840622,S T U T,S T U T : San Marcos Yachihuacaltepec → Ciudad Universitaria,15.319454631152645,484,6.668570274240044,2.297,True,23,0.007013690595575995,15.319454631152645,0.1540300684644748,0.16785908578542263,0.16785908578542263,11,False,Indirect,
18840623,S T U T,S T U T : Hospital Nicolás San Juan → Fraccionamiento Paseo del Valle,11.067485712745098,293,7.492630796779634,1.477,True,18,0.006975759655039396,11.067485712745098,0.11108769939661399,0.19251863689798374,0.19251863689798374,11,False,Low demand,
18840656,Primero de Mayo,Primero de Mayo : Santiago Tianguistenco → Chalma,42.049440680549274,1099,27.878229742915746,1.508,True,0,0.0,42.049440680549274,0.0,0.0,0.0,50,False,Indirect,
18840816,Primero de Mayo,Primero de Mayo : Chalma → Santiago Tianguistenco,41.795706507251815,1095,27.94802338932438,1.495,True,0,0.0,41.795706507251815,0.0,0.0,0.0,49,False,Low demand,
18840853,S T U T,S T U T : Fraccionamiento Paseo del Valle → Hospital Nicolás San Juan,10.998765749651294,265,7.397009236206701,1.487,True,19,0.006890021424900411,10.998765749651294,0.10718563633607958,0.19203004926182618,0.19203004926182618,11,False,Redundant,18840623
18840864,S T U T,S T U T : Metepec por Toluca Centro → Colonia Nueva Progreso,23.029964132871754,603,14.155539944984888,1.627,True,32,0.006189330152591738,23.029964132871754,0.12411820357290439,0.09530251327188655,0.09530251327188655,15,False,Redundant,18796207
18840877,Primero de Mayo,Primero de Mayo : Santiago Tianguistenco → Tenango del Valle,19.83066949148875,359,15.503560331962717,1.279,True,3,0.05980742630172334,19.83066949148875,0.34972485409285475,0.23198306072919744,0.23198306072919744,5,False,Redundant,18853746
18840916,Primero de Mayo,Primero de Mayo : Tenango del Valle → Santiago Tianguistenco,19.54673659739958,355,15.323790696698826,1.276,True,2,0.06436903037359731,19.54673659739958,0.4245094474930585,0.2576069206018654,0.2576069206018654,2,False,Redundant,18853746
18840917,Primero de Mayo,Primero de Mayo : La Concepcion → Toluca,17.543147733570816,392,13.428254113881687,1.306,True,17,0.003070149139664253,17.543147733570816,0.11903854105232761,0.13663688662298934,0.13663688662298934,17,False,Redundant,18212752
18840950,Primero de Mayo,Primero de Mayo : Tenango del Valle → Calimaya,8.602472513342358,164,7.280125580884877,1.182,True,5,0.030975215008625694,8.602472513342358,0.30854024815193243,0.28642300610208915,0.28642300610208915,7,False,Redundant,19369278
18840953,Primero de Mayo,Primero de Mayo : Tenango del Valle → San Juan La Isla,3.301358838253431,90,2.509873237140855,1.315,True,2,0.18013664649487746,3.301358838253431,0.3384737749383443,0.4872437665773516,0.4872437665773516,2,False,Redundant,18841007
18840954,Primero de Mayo,Primero de Mayo : Calimaya → Tenango del Valle,9.010772735960098,165,7.623584252690495,1.182,True,5,0.030975215008625694,9.010772735960098,0.30854024815193243,0.2830205042469413,0.2830205042469413,8,False,Redundant,19369278
18841006,Primero de Mayo,Primero de Mayo : Toluca → La Concepcion,16.02819948761191,389,12.566748073382895,1.275,True,13,0.0029417016638790283,16.02819948761191,0.10722080655583298,0.1461785742394047,0.1461785742394047,17,False,Low demand,
18841007,Primero de Mayo,Primero de Mayo : San Juan La Isla → Tenango del Valle,3.247495825317427,104,2.4438995156084453,1.329,True,2,0.18013664649487746,3.247495825317427,0.3384737749383443,0.487692625018485,0.487692625018485,1,False,,
18841014,Primero de Mayo,Primero de Mayo : Xalatlaco → Santiago Tianguistenco,6.573954979054553,195,5.485548932810479,1.198,True,0,0.0,6.573954979054553,0.0,0.0,0.0,9,False,Low demand,
18841019,Primero de Mayo,Primero de Mayo : San Pedro Tlaltizapan → Santiago Tianguistenco,25.230921842468828,502,21.195139167019406,1.19,True,11,0.003183150273903363,25.230921842468828,0.13268416413905654,0.07609650928809392,0.07609650928809392,23,False,Redundant,18212752
18841064,Primero de Mayo,Primero de Mayo : Santiago Tianguistenco → San Pedro Tlaltizapan,25.699384674523635,589,21.267647521390728,1.208,True,13,0.00305003850367609,25.699384674523635,0.13279754515438572,0.0720878858379089,0.0720878858379089,23,False,Redundant,18212752
18841071,Primero de Mayo,Primero de Mayo : Santiago Tianguistenco → Centro de Justicia,5.947331633446265,187,4.572668207917955,1.301,True,0,0.0,5.947331633446265,0.0,0.0,0.0,6,False,Low demand,
18841100,Primero de Mayo,Primero de Mayo : Santiago Tianguistenco → Xalatlaco,6.024831968612365,161,5.476810045681587,1.1,True,0,0.0,6.024831968612365,0.0,0.0,0.0,7,False,Low demand,
18841117,Primero de Mayo,Primero de Mayo : Santa Cruz de Bravo → Santiago Tianguistenco,8.806803573444133,200,6.2910584447941105,1.4,True,0,0.0,8.806803573444133,0.0,0.0,0.0,14,False,Low demand,
18841150,Satélite,Satélite : Santa María Nativitas → Toluca Centro,15.156513591018857,325,9.210369894089796,1.646,True,18,0.007213360536140773,15.156513591018857,0.1293026481275248,0.16323474264286483,0.16323474264286483,12,False,Indirect,
18841218,Primero de Mayo,Primero de Mayo : Santiago Tianguistenco → Santa Cruz de Bravo,8.291014328814896,190,6.2980940565348424,1.316,True,0,0.0,8.291014328814896,0.0,0.0,0.0,12,False,Low demand,
18841295,Primero de Mayo,Primero de Mayo : Sanstiago Tianguistenco → EL Capulin,34.379384654699095,902,18.73665343095519,1.835,True,0,0.0,34.379384654699095,0.0,0.0,0.0,45,False,Indirect,
18841308,Primero de Mayo,Primero de Mayo : San Juan Tomasquillo → Santiago Tianguistenco,9.262010149514927,228,7.02967047042964,1.318,True,0,0.0,9.262010149514927,0.0,0.0,0.0,15,False,Low demand,
18841309,Primero de Mayo,Primero de Mayo : EL Capulin → Sanstiago Tianguistenco,34.55962635128321,897,18.684295952121783,1.85,True,0,0.0,34.55962635128321,0.0,0.0,0.0,46,False,Indirect,
18841318,Primero de Mayo,Primero de Mayo : Santiago Tianguistenco → San Juan Tomasquillo,10.253632912998683,272,7.02967047042964,1.459,True,0,0.0,10.253632912998683,0.0,0.0,0.0,18,False,Low demand,
18841338,Primero de Mayo,Primero de Mayo : San Miguel de Ocampo → Tenango del Valle,9.588979110286628,181,6.853579691950989,1.399,True,3,0.05980742630172334,9.588979110286628,0.34972485409285475,0.3173304805725485,0.3173304805725485,4,False,Redundant,18853746
18841355,Primero de Mayo,Primero de Mayo : Xalatlaco → Via Santiago Tlapa,31.345672749578767,719,26.165724133537125,1.198,True,11,0.003183150273903363,31.345672749578767,0.13268416413905654,0.036354191308667495,0.036354191308667495,28,False,Redundant,18212752
18853746,Primero de Mayo,Primero de Mayo : Tenango del Valle → San Miguel de Ocampo,9.514806736722683,189,6.853579691950989,1.388,True,2,0.06436903037359731,9.514806736722683,0.4245094474930585,0.3412063361075063,0.3412063361075063,1,False,,
18858636,Primero de Mayo,Primero de Mayo : Almoloya Del Rio → Toluca,24.264371764225125,489,20.80572526012152,1.166,True,11,0.003183150273903363,24.264371764225125,0.13268416413905654,0.08415109327345813,0.08415109327345813,22,False,Redundant,18212752
18858644,Primero de Mayo,Primero de Mayo : Toluca → Almoloya Del Rio,26.059255100587283,573,21.014494447706124,1.24,True,13,0.00305003850367609,26.059255100587283,0.13279754515438572,0.06908896562071185,0.06908896562071185,24,False,Redundant,18212752
18864539,Satélite,Satélite : Toluca Centro → Santa María Nativitas,14.235086015302485,327,9.255534187832234,1.538,True,18,0.007003077254632951,14.235086015302485,0.13676879277507328,0.1725695586542139,0.1725695586542139,11,False,Redundant,18212712
18864603,Satélite,Satélite : Almoloya de Juárez → Toluca Centro,28.97406623028378,709,21.59019236541302,1.342,True,31,0.0038402382731139366,28.97406623028378,0.16900243047458693,0.054640293972729195,0.054640293972729195,17,False,Redundant,18864665
18864665,Satélite,Satélite : Toluca Centro → Almoloya de Juárez,22.69034076894003,533,14.734625727210846,1.54,True,29,0.0032724867424039138,22.69034076894003,0.15464323807500507,0.10284712318665494,0.10284712318665494,19,False,Indirect,
18864804,Bicentenario,Bicentenario : Colonia San Isisdro → Seminario Por Isidro Fabela,32.21120203524055,783,16.008811073227392,2.012,True,33,0.003886100013810164,32.21120203524055,0.21075565758961723,0.05657501441121447,0.05657501441121447,14,False,Redundant,18878134
18864836,Bicentenario,Bicentenario : Seminario Por Isidro Fabela → Colonia San Isisdro,30.615080365279756,648,16.117554681274285,1.899,True,31,0.0039638167552045085,30.615080365279756,0.2051553773223969,0.055252661085803734,0.055252661085803734,15,False,Redundant,18878134
18864927,Primero de Mayo,Primero de Mayo : Santiago Tianguistenco → Tenango Por Almoloya Del Rio,20.895063245630517,377,15.255262050337347,1.37,True,3,0.05980742630172334,20.895063245630517,0.34972485409285475,0.22311311277801604,0.22311311277801604,6,False,Redundant,18853746
18869176,Bicentenario,Bicentenario : Calixtlahuaca → Seminario,18.467671326245537,447,11.225399594160024,1.645,True,26,0.0031336732439070807,18.467671326245537,0.20337891712901596,0.15008114147411494,0.15008114147411494,16,False,Redundant,18878134
18869177,Colón,Colón : Centro de Capultitlán Pasando por Industria Minera → San Mateo Otzacatipan,15.206183569321558,384,11.278898696588936,1.348,True,22,0.006666385999560461,15.206183569321558,0.1311545191959713,0.1627368193875403,0.1627368193875403,12,False,Redundant,19369474
18869179,Primero de Mayo,Primero de Mayo : Tenango Por Almoloya Del Rio → Santiago Tianguistenco,20.509655200877944,374,15.2269332400886,1.347,True,2,0.06436903037359731,20.509655200877944,0.4245094474930585,0.2495825989062124,0.2495825989062124,3,False,Redundant,18853746
18869183,TEO,TEO : Crisa → Terminal,12.67977016156781,383,7.4905061888036375,1.693,True,17,0.0027640993149852917,12.67977016156781,0.11351551451133597,0.17547822659642087,0.17547822659642087,14,False,Redundant,18874884
18869210,Primero de Mayo,Primero de Mayo : Tianguistenco → La Lagunilla,13.958824936537434,281,11.019261797622262,1.267,True,0,0.0,13.958824936537434,0.0,0.0,0.0,24,False,Low demand,
18869212,S T U T,S T U T : Hospital Santa Cruz Colonia Sor Juana Inés de la Cruz → San Marcos Yachihuacaltepec,9.408178269880045,291,5.071014914993824,1.855,True,15,0.0035568729359847745,9.408178269880045,0.1744320022217198,0.21876338790908104,0.21876338790908104,9,False,Indirect,
18869220,Primero de Mayo,Primero de Mayo : Toluca → San Juan Xochiaca,40.25971020218288,848,31.156681980148733,1.292,True,21,0.032615369590817185,40.25971020218288,0.2307437341918219,0.09030130313877266,0.09030130313877266,9,False,Redundant,18878155
18869229,Primero de Mayo,Primero de Mayo : La Lagunilla → Tianguistenco,13.783989279153783,278,10.915278573360643,1.263,True,0,0.0,13.783989279153783,0.0,0.0,0.0,23,False,Low demand,
18869328,Primero de Mayo,Primero de Mayo : Tenango del Valle → Monte de Pozos,25.933059866387598,659,12.207370949106974,2.124,True,5,0.06489430510489795,25.933059866387598,0.37508105539665326,0.1925557367341646,0.1925557367341646,1,False,Indirect,
18869447,Primero de Mayo,Primero de Mayo : San Juan Xochiaca → Toluca,40.385119369013545,801,31.251447389628478,1.292,True,21,0.032615369590817185,40.385119369013545,0.2307437341918219,0.09030130313877266,0.09030130313877266,10,False,Redundant,18878155
18869482,Primero de Mayo,Primero de Mayo : Caplhuac → Mercedes Benz,3.4941761457347273,99,2.049659895952915,1.705,True,0,0.0,3.4941761457347273,0.0,0.0,0.0,3,False,Indirect,
18869496,Primero de Mayo,Primero de Mayo : Mercedes Benz → Caplhuac,8.49204989395248,228,4.18748314370316,2.028,True,0,0.0,8.49204989395248,0.0,0.0,0.0,13,False,Indirect,
18869991,Tollocan,Tollocan : Conalep → Metepec,18.091807448739733,452,12.103083234963469,1.495,True,35,0.003296724555569894,18.091807448739733,0.1381567482390286,0.13707084954249593,0.13707084954249593,17,False,Redundant,18870090
18870090,Tollocan,Tollocan : Metepec → Conalep,17.34938262863145,421,11.085329674737416,1.565,True,36,0.003056508033922113,17.34938262863145,0.13053728858202943,0.14111264160750073,0.14111264160750073,17,False,Redundant,18796220
18870107,Tollocan,Tollocan : Las Margaritas → Santiago Tlaxomulco por Isidro Fabela,11.227908317230142,367,8.524500812219536,1.317,True,24,0.003053064239904199,11.227908317230142,0.1287872917402165,0.19168398453137384,0.19168398453137384,11,False,Low demand,
18870163,Bicentenario,Bicentenario : Seminario → Calixtlahuaca,19.017325163595277,498,11.121423181397471,1.71,True,27,0.003105821574672872,19.017325163595277,0.20393237190079375,0.145611204853244,0.145611204853244,17,False,Redundant,18878134
18870209,Primero de Mayo,Primero de Mayo : Tlalcuitlapa → Santiago Tianguistenco,12.423292338943163,293,8.967752392601305,1.385,True,0,0.0,12.423292338943163,0.0,0.0,0.0,20,False,Low demand,
18870262,Colón,Colón : Colonia Jiménez Gallardo → Calixtlahuaca,17.045415271413063,438,11.32789304602654,1.505,True,27,0.0034281938600554196,17.045415271413063,0.12424192555776334,0.14244354798772074,0.14244354798772074,16,False,Redundant,18840226
18874306,8 de Noviembre,8 de Noviembre : Santa Maria Totoltepec → Santa Maria Totoltepec,16.42462545187028,405,11.215257087885098,1.464,True,24,0.002469508968256579,16.42462545187028,0.14684806301998218,0.15230964595766644,0.15230964595766644,16,False,Low demand,
18874432,8 de Noviembre,8 de Noviembre : Tecnológico Regional Toluca (la pilita) → Santa Ana Tepaltitlan,21.474982640522,526,12.148632399137634,1.768,True,34,0.0035593620221213112,21.474982640522,0.14588394161354276,0.11107215875449034,0.11107215875449034,18,False,Redundant,18823543
18874454,Primero de Mayo,Primero de Mayo : Centro de Justicia → Santiago Tianguistenco,6.247765610261413,205,4.4591532186217675,1.401,True,0,0.0,6.247765610261413,0.0,0.0,0.0,8,False,Low demand,
18874474,Primero de Mayo,Primero de Mayo : Monte de Pozos → Tenango del Valle,26.361587788814244,667,12.401951217735784,2.126,True,6,0.062115932453170215,26.361587788814244,0.34592682404595226,0.17891774022453955,0.17891774022453955,4,False,Redundant,18869328
18874490,Primero de Mayo,Primero de Mayo : Santiago Tianguistenco → Tlalcuitlapa,11.806327559833248,270,8.768446450528497,1.346,True,0,0.0,11.806327559833248,0.0,0.0,0.0,19,False,Low demand,
18874864,Tollocan,Tollocan : San Marcos Yachihuacaltepec → Metepec,14.8167038327193,387,12.180032420295031,1.216,True,28,0.0034276782923512036,14.8167038327193,0.13495944610939564,0.1636950078803726,0.1636950078803726,15,False,Low demand,
18874884,TEO,TEO : Terminal → Crisa,12.169485568930149,366,7.317071829034936,1.663,True,17,0.0028056779876945008,12.169485568930149,0.10402368246862687,0.17739921886376664,0.17739921886376664,14,False,Indirect,
18875061,Tollocan,Tollocan : Hospital Nicolás San Juan → Seminario,18.479555171569697,479,12.287160994798361,1.504,True,25,0.003044084142670152,18.479555171569697,0.15989194980394228,0.1390207784972416,0.1390207784972416,18,False,Redundant,18878110
18875182,Colón,Colón : San Mateo Otzacatipan → Centro de Capultitlán Pasando por Industria Minera,15.553816738868319,395,11.402320818425695,1.364,True,24,0.006769950103559477,15.553816738868319,0.15701028623406124,0.16640738217150547,0.16640738217150547,12,False,Low demand,
18878036,Tollocan,Tollocan : Metepec → San Marcos Yachihuacaltepec,15.669282374754136,404,12.147744760658222,1.29,True,28,0.003191350385867391,15.669282374754136,0.1338369395496961,0.1560732321503403,0.1560732321503403,16,False,Redundant,18874864
18878072,Primero de Mayo,Primero de Mayo : Via Santiago Tlapa → Xalatlaco,31.214466370427413,773,26.32985432955719,1.186,True,13,0.00305003850367609,31.214466370427413,0.13279754515438572,0.03624942479227252,0.03624942479227252,30,False,Redundant,18212752
18878108,Tollocan,Tollocan : San Marcos → La Pila Por Puente Pilares,16.51631162542805,438,11.929864784845297,1.384,True,27,0.0032915010794989123,16.51631162542805,0.14194123547690235,0.1511408797368241,0.1511408797368241,15,False,Redundant,18878114
18878110,Tollocan,Tollocan : Tlaxomulco → Seminario,15.785904404549001,313,12.362038119937099,1.277,True,22,0.0035283395269494464,15.785904404549001,0.1793033385809133,0.1668049708009361,0.1668049708009361,14,False,Low demand,
18878114,Tollocan,Tollocan : La Pila Por Puente Pilares → San Marcos,15.84796795851087,423,11.929864784845297,1.328,True,24,0.0027650046003286494,15.84796795851087,0.14746195593251393,0.1575640939291999,0.1575640939291999,15,False,Low demand,
18878117,Tollocan,Tollocan : San Diego de los Padres → Terminal Toluca,12.347861178662649,260,11.426713179923834,1.081,True,15,0.0036292385753952973,12.347861178662649,0.23092010994852322,0.20846042290700403,0.20846042290700403,11,False,Low demand,
18878119,Tollocan,Tollocan : Terminal Toluca → San Diego de los Padres,12.512211216582777,256,11.477967008477973,1.09,True,15,0.0036292385753952973,12.512211216582777,0.23092010994852322,0.2070908392576696,0.2070908392576696,12,False,Redundant,18878117
18878123,Tollocan,Tollocan : Centro Hospital Nicolás San Juan → Seminario,17.58661200581669,463,12.952738795926496,1.358,True,24,0.006844703671125776,17.58661200581669,0.15682289465392538,0.1494953272861347,0.1494953272861347,12,False,Low demand,
18878126,Tollocan,Tollocan : Santiago Tlaxomulco por Isidro Fabela → Las Margaritas,12.452703139092767,428,8.524500812219536,1.461,True,23,0.003072655212145323,12.452703139092767,0.1327300537968205,0.18248264250224405,0.18248264250224405,13,False,Redundant,18870107
18878134,Tollocan,Tollocan : Seminario → Tlaxomulco,13.088389322548457,356,6.593667197390192,1.985,True,23,0.0031513125801362805,13.088389322548457,0.18415558388370948,0.1901202975298265,0.1901202975298265,13,False,Indirect,
18878137,Tollocan,Tollocan : Metepec → Ciudad Universitaria por Vía Las Torres,16.581442339620146,391,10.534287646422378,1.574,True,34,0.002267751628880915,16.581442339620146,0.12470650508529638,0.1452656917367038,0.1452656917367038,17,False,Indirect,
18878138,Tollocan,Tollocan : Colonia Hidalgo → Central de Abasto,20.420661371990033,418,14.77092205856004,1.382,True,28,0.0033867042473894934,20.420661371990033,0.1756808819081685,0.12713474662451468,0.12713474662451468,18,False,Redundant,18878110
18878146,Tollocan,Tollocan : Ciudad Universitaria por Vía Las Torres → Metepec,18.463276107806742,432,10.555697415942427,1.749,True,37,0.0024401317680758433,18.463276107806742,0.1291979495797344,0.13087898493128658,0.13087898493128658,19,False,Redundant,18878137
18878152,Tollocan,Tollocan : San Marcos Yachihuacaltepec → Parque Industrial Toluca 2000,17.783577166339416,412,12.381299302187665,1.436,True,15,0.0034213986984894425,17.783577166339416,0.20099074149034193,0.15547260768491314,0.15547260768491314,16,False,Redundant,18878225
18878155,TEO,TEO : Tenango → Toluca,23.9271419241109,493,20.046892417725882,1.194,True,19,0.022440156048676337,23.9271419241109,0.18810171637127612,0.12007273577390454,0.12007273577390454,9,False,Redundant,18212752
18878159,TEO,TEO : Toluca → Tenango,24.022460348630815,562,19.910790145299845,1.207,True,19,0.022440156048676337,24.022460348630815,0.18810171637127612,0.11927841556957192,0.11927841556957192,10,False,Redundant,18212752
18878160,Tollocan,Tollocan : Central de Abasto → Colonia Hidalgo,23.463441798545013,580,14.764061226570403,1.589,True,29,0.002994348477855466,23.463441798545013,0.1590924491994209,0.09723877912316892,0.09723877912316892,21,False,Redundant,18875061
18878161,Tollocan,Tollocan : Seminario → Hospital Nicolás San Juan,15.785904404549001,313,12.362038119937099,1.277,True,22,0.0035283395269494464,15.785904404549001,0.1793033385809133,0.1668049708009361,0.1668049708009361,14,False,Redundant,18878110
18878164,TEO,TEO : Toluca → Xochiaca,40.46512283371343,864,31.23850471063937,1.295,True,23,0.03032924267974201,40.46512283371343,0.2222808999785066,0.08589946767436867,0.08589946767436867,11,False,Redundant,18878155
18878166,TEO,TEO : Chalma → Chalma,73.45954534306023,1596,44.57866428175719,1.648,True,21,0.02663488684699389,73.45954534306023,0.21998500629908732,0.08163113842176573,0.08163113842176573,13,False,Redundant,18878155
18878167,Corsarios,Corsarios : Terminal Toluca → Tlachaloya,31.295597512275634,631,20.049490022581622,1.561,True,22,0.010343556532577826,31.295597512275634,0.1542980599210318,0.048918071512835774,0.048918071512835774,14,False,Redundant,18704763
18878169,Corsarios,Corsarios : Terminal Toluca → Taborda,25.87652190152078,430,20.758056222997343,1.247,True,14,0.0038840522500353013,25.87652190152078,0.16863785545832538,0.0804058336019435,0.0804058336019435,17,False,Redundant,18768324
18878171,Tollocan,Tollocan : San Mateo Otzacatipan → Primero de Mayo,11.177756630752704,305,6.924663352280767,1.614,True,14,0.00801380343573228,11.177756630752704,0.13193281066170554,0.19784903417821947,0.19784903417821947,9,False,Redundant,18878183
18878173,Corsarios,Corsarios : Tlachaloya → Terminal Toluca,30.612962971737637,636,19.88392192495268,1.54,True,19,0.011261364370461841,30.612962971737637,0.16555037230684788,0.05264895744717381,0.05264895744717381,13,False,Redundant,18796291
18878176,Corsarios,Corsarios : San José la Costa → Terminal Toluca,31.08994709064453,621,18.452933484676556,1.685,True,17,0.0033300105222359823,31.08994709064453,0.1445650611898994,0.039471275819710834,0.039471275819710834,26,False,Redundant,18796291
18878179,Corsarios,Corsarios : Terminal Toluca → San José la Costa,30.310036282016675,578,18.604720476278022,1.629,True,19,0.0032219768755719267,30.310036282016675,0.14030073149204839,0.038297159748584025,0.038297159748584025,27,False,Redundant,18796291
18878181,Corsarios,Corsarios : Taborda → Terminal Toluca,25.886957607145096,488,20.488321094690622,1.263,True,14,0.0038840522500353013,25.886957607145096,0.16863785545832538,0.08031886938840752,0.08031886938840752,18,False,Redundant,18768324
18878183,Tollocan,Tollocan : Primero de Mayo → San Mateo Otzacatipan,10.252349736641959,242,6.905888647412503,1.485,True,13,0.008315776583069541,10.252349736641959,0.1280969378870598,0.20490376324948484,0.20490376324948484,9,False,Low demand,
18878186,Corsarios,Corsarios : Terminal Toluca → Barrio de Balbuena,31.656818233149995,661,18.84886402652167,1.68,True,21,0.0031720510780942537,31.656818233149995,0.13760865196790187,0.03757421407006972,0.03757421407006972,28,False,Redundant,18704763
18878187,Corsarios,Corsarios : Ranchería San Carlos → Terminal Toluca,28.65776967996263,574,19.087129514957606,1.501,True,18,0.0032528851124762267,28.65776967996263,0.14670452482740828,0.05111426898630639,0.05111426898630639,20,False,Redundant,18796291
18878191,Tollocan,Tollocan : Seminario → Centro Hospital Nicolás San Juan,17.60579926879501,386,12.99590374805989,1.355,True,21,0.003978591814357228,17.60579926879501,0.16638997925792035,0.1488610927222122,0.1488610927222122,16,False,Redundant,18878123
18878193,Corsarios,Corsarios : Terminal Toluca → Ranchería San Carlos,27.72264417463005,537,19.190193180383805,1.445,True,19,0.0032219768755719267,27.72264417463005,0.14030073149204839,0.05727512496000026,0.05727512496000026,23,False,Redundant,18796291
18878194,Corsarios,Corsarios : Terminal Toluca → San Lorenzo Toxico,41.03535395224815,929,30.203635966276323,1.359,True,21,0.004206416223629831,41.03535395224815,0.1464336284874851,0.0408148233455011,0.0408148233455011,21,False,Redundant,18704763
18878198,Corsarios,Corsarios : San Lorenzo Toxico → Terminal Toluca,39.194389551202505,894,30.085215314228765,1.303,True,19,0.004342398656672952,39.194389551202505,0.15051480017805713,0.04197109870118723,0.04197109870118723,20,False,Redundant,18796291
18878202,Colón,Colón : La Pilita → Centro por Torres,14.842110001175776,321,9.691657709642252,1.531,True,30,0.006192937033881681,14.842110001175776,0.11359763914169314,0.16090809680950685,0.16090809680950685,13,False,Indirect,
18878204,Colón,Colón : Centro por Torres → La Pilita,15.759064992325833,356,9.751315002617352,1.616,True,29,0.006295259714017706,15.759064992325833,0.11116301424552848,0.15276047167268453,0.15276047167268453,13,False,Redundant,18878202
18878205,Colón,Colón : Colonia Jiménez Gallardo → San Salvador Tizatlalli,23.837515089169518,639,10.591100330058753,2.251,True,30,0.006264556035422525,23.837515089169518,0.09474882662962215,0.08130580361641543,0.08130580361641543,17,False,Redundant,18934075
18878211,Gacela,Gacela : Plaza las Américas por Tlaxomulco → Calixtlahuaca,21.138487964654026,587,12.14457741132249,1.741,True,22,0.006678259489336294,21.138487964654026,0.1572581223552215,0.11983872370602477,0.11983872370602477,12,False,Redundant,18878213
18878212,Colón,Colón : Colonia Santa Barbara → Santa Maria Nativitas,20.60445244865312,478,10.39131255856038,1.983,True,17,0.0046112186554784895,20.60445244865312,0.14275570072908658,0.11859637343230747,0.11859637343230747,14,False,Indirect,
18878213,Gacela,Gacela : Calixtlahuaca → Plaza las Américas por Tlaxomulco,20.5336271756261,549,12.005430994496479,1.71,True,23,0.006425914547578441,20.5336271756261,0.16466565188278834,0.12647876772139136,0.12647876772139136,12,False,Indirect,
18878216,Colón,Colón : Calixtlahuaca → Colonia Jiménez Gallardo,14.15595231656945,378,11.29764878784249,1.253,True,24,0.0035934944160144326,14.15595231656945,0.13116271155201606,0.16841790299927303,0.16841790299927303,15,False,Redundant,18840241
18878224,TBD,TBD : La Pila → Calixtlahuaca,22.65219096786913,544,16.341645149662263,1.386,True,38,0.0031670898705985807,22.65219096786913,0.1394034455470894,0.09924969319179483,0.09924969319179483,21,False,Redundant,18870090
18878225,Tollocan,Tollocan : Parque Industrial Toluca 2000 → San Marcos Yachihuacaltepec,17.49564853577041,397,12.356827882565902,1.416,True,15,0.0034213986984894425,17.49564853577041,0.20099074149034193,0.15787201293965483,0.15787201293965483,15,False,Low demand,
18878234,Colón,Colón : Santa Maria Nativitas → Colonia Santa Barbara,21.640865996661876,535,10.240790368092627,2.113,True,17,0.003999625415863147,21.640865996661876,0.1611219084490498,0.11393955255594329,0.11393955255594329,17,False,Indirect,
18878236,TEO,TEO : Xochiaca → Toluca,40.01135207167691,790,31.164773137762886,1.284,True,23,0.03032924267974201,40.01135207167691,0.2222808999785066,0.08589946767436867,0.08589946767436867,9,False,Redundant,18878155
18878247,TEO,TEO : Chalma → Chalma,74.46339514902786,1704,44.53160713423293,1.672,True,21,0.02663488684699389,74.46339514902786,0.21998500629908732,0.08163113842176573,0.08163113842176573,14,False,Redundant,18878155
18878252,TBD,TBD : Calixtlahuaca → La Pila,22.988741176472406,575,16.319689763793882,1.409,True,37,0.003178740252895307,22.988741176472406,0.13778451878924872,0.09605202681293744,0.09605202681293744,21,False,Redundant,18870090
18878258,Gacela,Gacela : Tecaxic → Seminario,19.982079087947678,550,10.044380668087808,1.989,True,25,0.0031727232877575783,19.982079087947678,0.19727703449881354,0.13597465617956364,0.13597465617956364,18,False,Redundant,18878134
18878268,Gacela,Gacela : Calixtlahuaca → Seminario,18.70166723246418,452,11.283615586900684,1.657,True,26,0.0031336732439070807,18.70166723246418,0.20337891712901596,0.14813117558895955,0.14813117558895955,17,False,Redundant,18878134
18878271,Multiservicios,Multiservicios : Terminal Toluca → Salitre de Mañones,34.93511779285004,651,23.34453133477763,1.497,True,17,0.00486263003663966,34.93511779285004,0.17981570767722116,0.049816556955944946,0.049816556955944946,18,False,Redundant,18768324
18878279,Gacela,Gacela : Seminario → Calixtlahuaca,18.60156111525202,465,11.179689556406782,1.664,True,25,0.0031727232877575783,18.60156111525202,0.19727703449881354,0.1474789726186941,0.1474789726186941,17,False,Redundant,18878134
18878282,Multiservicios,Multiservicios : Salitre de Mañones → Terminal Toluca,30.012692688561962,593,23.33544903259586,1.286,True,17,0.00486263003663966,30.012692688561962,0.17981570767722116,0.049816556955944946,0.049816556955944946,17,False,Redundant,18768324
18910283,Gacela,Gacela : Seminario → Tecaxic,20.5897587185898,533,10.237693309467744,2.011,True,25,0.0031727232877575783,20.5897587185898,0.19727703449881354,0.13091065925754597,0.13091065925754597,19,False,Redundant,18878134
18934075,Colón,Colón : San Salvador Tizatlalli → Colonia Jiménez Gallardo,22.52017249245542,654,10.402057022724302,2.165,True,30,0.006561762266190592,22.52017249245542,0.10470015946747288,0.09506869802926365,0.09506869802926365,16,False,Indirect,
18937710,Corsarios,Corsarios : Barrio de Balbuena → Terminal Toluca,30.918377706541033,667,18.661010337486204,1.657,True,18,0.0032528851124762267,30.918377706541033,0.14670452482740828,0.0399290163193283,0.0399290163193283,21,False,Redundant,18796291
18958354,TEO,TEO : Tecnológico Regional Toluca → Tecnológico Regional Toluca (La Pilita),17.16711213958899,407,11.263241110579452,1.524,True,25,0.006881024605711771,17.16711213958899,0.10366245529393601,0.13973737059928754,0.13973737059928754,13,False,Redundant,18823543
19072410,TBD,TBD : San Mateo Atenco → El Cerrillo (Lerma),7.2006366563271955,140,5.956244703559969,1.209,True,3,0.005310654392526714,7.2006366563271955,0.4036529012433265,0.296218574233965,0.296218574233965,2,False,Low demand,
19072412,TBD,TBD : Santiago Tianguistenco (Vía Libramiento Lerma) → Zapata,19.5633688637073,368,13.318377002938107,1.469,True,5,0.004667953196398557,19.5633688637073,0.35391047744928616,0.18011749869449262,0.18011749869449262,8,False,Low demand,
19072413,TBD,TBD : Zapata → Santiago Tianguistenco (Vía Libramiento Lerma),18.209744325599527,325,13.230935670264854,1.376,True,4,0.003261251462760785,18.209744325599527,0.47474755933072615,0.22020027191544628,0.22020027191544628,5,False,Low demand,
19072448,TBD,TBD : San Mateo Atenco → Lerma,4.735881143754051,120,2.297159686160173,2.062,True,4,0.006427999961592192,4.735881143754051,0.26071838527319857,0.2821419200819414,0.2821419200819414,3,False,Redundant,19345354
19072498,TBD,TBD : San Mateo Atenco → Ocoyoacac,11.231752097263753,206,7.570290829871599,1.484,True,9,0.007044468432270114,11.231752097263753,0.2992280748370638,0.23825355299767145,0.23825355299767145,9,False,Low demand,
19109532,TBD,TBD : El Cerrillo (Lerma) → San Mateo Atenco,13.871720019653974,318,6.939547023706108,1.999,True,4,0.008123526768008002,13.871720019653974,0.316637939822066,0.22168534489307473,0.22168534489307473,7,False,Indirect,
19109567,TBD,TBD : Ocoyoacac → San Mateo Atenco,11.033105888420861,273,7.272978888286163,1.517,True,9,0.007893598700329154,11.033105888420861,0.28602872443835836,0.2374582307397449,0.2374582307397449,9,False,Indirect,
19345354,TBD,TBD : Lerma → San Mateo Atenco,2.5765003242462865,77,1.8919081916258798,1.362,True,3,0.0049897254693372405,2.5765003242462865,0.29217866798221864,0.30656355642950617,0.30656355642950617,1,False,,
19347286,TBD,TBD : Terminal → La Huerta,21.255608150909328,561,14.7371277154572,1.442,True,16,0.005530624421909142,21.255608150909328,0.15706538017324526,0.11766690154097606,0.11766690154097606,13,False,Redundant,18212752
19355139,Estrella,Estrella : Toluca → Santa María Tlalmimilolpan,37.83037894658313,914,22.985632473456608,1.646,True,26,0.005828255164282554,37.83037894658313,0.19831165419547928,0.055406168713152376,0.055406168713152376,15,False,Redundant,18266208
19357066,TBD,TBD : La Huerta → Terminal,21.625923160910993,602,14.866076554998116,1.455,True,16,0.005530624421909142,21.625923160910993,0.15706538017324526,0.11458094312429551,0.11458094312429551,14,False,Redundant,18212752
19358564,TBD,TBD : Santiago Tianguistenco → Terminal Toluca por Mexicaltzingo,33.1800625707568,601,21.962269769969016,1.511,True,17,0.002614856827412837,33.1800625707568,0.2192621285614172,0.057430388967767136,0.057430388967767136,18,False,Redundant,18334522
19361995,TBD,TBD : Terminal Toluca por Mexicaltzingo → Santiago Tianguistenco,31.21225800306796,588,21.643504345774453,1.442,True,16,0.003062003487234045,31.21225800306796,0.2484399696510939,0.06517199590000752,0.06517199590000752,14,False,Redundant,18266208
19363047,TBD,TBD : Almoloya del Rio → Terminal Toluca por Chapultepec,29.132688158166257,558,22.33073846966247,1.305,True,13,0.00305003850367609,29.132688158166257,0.13279754515438572,0.04347702347422038,0.04347702347422038,28,False,Redundant,18212752
19366753,TBD,TBD : Terminal Toluca por Chapultepec → Almoloya del Rio,28.405946042967972,603,22.31131511994278,1.273,True,13,0.00305003850367609,28.405946042967972,0.13279754515438572,0.04953320776753941,0.04953320776753941,27,False,Redundant,18212752
19366908,TBD,TBD : Xalatlaco → Toluca por Mexicaltzingo,30.911716441844614,718,26.188200642978114,1.18,True,13,0.00305003850367609,30.911716441844614,0.13279754515438572,0.03624942479227252,0.03624942479227252,29,False,Redundant,18212752
19366979,TBD,TBD : Toluca por Mexicaltzingo → Xalatlaco,31.319087807753498,779,26.192665163696926,1.196,True,13,0.00305003850367609,31.319087807753498,0.13279754515438572,0.03624942479227252,0.03624942479227252,31,False,Redundant,18212752
19367206,TBD,TBD : Toluca → Chalma por Chapultepec,65.02168341803335,1576,44.19332428362788,1.471,True,13,0.00305003850367609,65.02168341803335,0.13279754515438572,0.03624942479227252,0.03624942479227252,36,False,Redundant,18212752
19367447,TBD,TBD : Chalma por Chapultepec → Toluca,65.1979683048397,1635,44.1400884721448,1.477,True,13,0.00305003850367609,65.1979683048397,0.13279754515438572,0.03624942479227252,0.03624942479227252,37,False,Redundant,18212752
19367448,TBD,TBD : Santiago Tianguistenco → Ocuilán,32.47297681763537,802,22.784734898241467,1.425,True,0,0.0,32.47297681763537,0.0,0.0,0.0,43,False,Low demand,
19367449,TBD,TBD : Ocuilán → Santiago Tianguistenco,33.86605141443947,846,22.784734898241467,1.486,True,0,0.0,33.86605141443947,0.0,0.0,0.0,44,False,Low demand,
19367456,TBD,TBD : Toluca → Cuernavaca por zempoala,54.02514076606706,1258,40.95870960539205,1.319,True,13,0.00305003850367609,54.02514076606706,0.13279754515438572,0.03624942479227252,0.03624942479227252,34,False,Redundant,18212752
19367458,TBD,TBD : Cuernavaca por zempoala → Toluca,54.38813202363569,1324,40.927940911015504,1.329,True,13,0.00305003850367609,54.38813202363569,0.13279754515438572,0.03624942479227252,0.03624942479227252,35,False,Redundant,18212752
19367460,TBD,TBD : Ahuatenco → Ocuilan de Arteaga (Limites del Estado de México con Morelos),29.99523137380774,1171,12.088116351277476,2.481,True,0,0.0,29.99523137380774,0.0,0.0,0.0,41,False,Indirect,
19367488,TBD,TBD : Ocuilan de Arteaga (Limites del Estado de México con Morelos) → Ahuatenco,29.99523137380775,1171,12.088116351277476,2.481,True,0,0.0,29.99523137380775,0.0,0.0,0.0,42,False,Indirect,
19367696,TBD,TBD : Tenancingo → Chalma (por La Cumbre),26.904487249193128,698,16.631384968959484,1.618,True,0,0.0,26.904487249193128,0.0,0.0,0.0,35,False,Indirect,
19369172,TBD,TBD : San Simón El Alto → Tenancingo,13.486088448759684,295,10.24388251126668,1.317,True,0,0.0,13.486088448759684,0.0,0.0,0.0,21,False,Low demand,
19369180,TBD,TBD : Chalma → San Andrés Nicolás Bravo,29.44112392954384,1046,18.173735811893927,1.62,True,0,0.0,29.44112392954384,0.0,0.0,0.0,40,False,Indirect,
19369181,TBD,TBD : Chalma → Toluca (por El Capulín),73.1618702009428,1590,44.57866428175719,1.641,True,23,0.03032924267974201,73.1618702009428,0.2222808999785066,0.08589946767436867,0.08589946767436867,12,False,Redundant,18878155
19369185,TBD,TBD : Toluca (por El Capulín) → Chalma,74.20643145258205,1682,44.54626681834355,1.666,True,23,0.03032924267974201,74.20643145258205,0.2222808999785066,0.08589946767436867,0.08589946767436867,13,False,Redundant,18878155
19369195,TBD,TBD : Chalma (por La Cumbre) → Tenancingo,27.622556179487315,713,16.969903880797634,1.628,True,0,0.0,27.622556179487315,0.0,0.0,0.0,36,False,Indirect,
19369199,TBD,TBD : Tenancingo → San Simón El Alto,13.500110225958801,294,10.24388251126668,1.318,True,0,0.0,13.500110225958801,0.0,0.0,0.0,22,False,Low demand,
19369214,TBD,TBD : Toluca → Ixtapan,82.329552579838,1953,48.2123908292194,1.708,True,23,0.03032924267974201,82.329552579838,0.2222808999785066,0.08589946767436867,0.08589946767436867,14,False,Redundant,18878155
19369219,TBD,TBD : San Andrés Nicolás Bravo → Chalma,28.565645631829963,1008,18.02543023479074,1.585,True,0,0.0,28.565645631829963,0.0,0.0,0.0,37,False,Indirect,
19369229,TBD,TBD : Ixtapan → Coatepec Harinas,21.94721884518152,396,13.336622352805012,1.646,True,0,0.0,21.94721884518152,0.0,0.0,0.0,31,False,Indirect,
19369233,TBD,TBD : Ixtapan → Toluca,82.6949513428653,1891,48.25794844959457,1.714,True,23,0.03032924267974201,82.6949513428653,0.2222808999785066,0.08589946767436867,0.08589946767436867,15,False,Redundant,18878155
19369234,TBD,TBD : Coatepec Harinas (por Autopista) → Toluca,79.49655991397802,1963,41.05117219007043,1.937,True,20,0.03594578732331296,79.49655991397802,0.2714988467973202,0.10382049902264301,0.10382049902264301,9,False,Redundant,18212752
19369238,TBD,TBD : Zacualpan → Ixtapan,47.308149045291515,1671,17.837183038301905,2.652,True,0,0.0,47.308149045291515,0.0,0.0,0.0,52,False,Indirect,
19369241,TBD,TBD : Ixtapan → Zacualpan,47.11727910750472,1668,17.837183038301905,2.642,True,0,0.0,47.11727910750472,0.0,0.0,0.0,51,False,Indirect,
19369243,TBD,TBD : Malinaltenango → Ixtapan,20.811448875264354,365,8.727923054504368,2.384,True,0,0.0,20.811448875264354,0.0,0.0,0.0,29,False,Indirect,
19369250,TBD,TBD : Toluca → Coatepec Harinas (por Autopista),79.03721014330911,1862,41.098505897297755,1.923,True,18,0.005198484529831002,79.03721014330911,0.22070067564192083,0.06037365344031121,0.06037365344031121,16,False,Redundant,18212752
19369253,TBD,TBD : Ixtapan → Malinaltenango,20.89461813601548,369,8.727923054504368,2.394,True,0,0.0,20.89461813601548,0.0,0.0,0.0,30,False,Indirect,
19369254,TBD,TBD : Ixtapan → Almoloya de Alquisiras,39.53699347441304,864,23.20671528098974,1.704,True,0,0.0,39.53699347441304,0.0,0.0,0.0,48,False,Indirect,
19369255,TBD,TBD : Ixtapan → Limites del Estado de México y Guerrero (Pilcaya),19.226950673485366,300,10.126877507553239,1.899,True,0,0.0,19.226950673485366,0.0,0.0,0.0,28,False,Indirect,
19369256,TBD,TBD : Coatepec Harinas → Ixtapan,22.245236411137906,410,13.347300560373286,1.667,True,0,0.0,22.245236411137906,0.0,0.0,0.0,32,False,Indirect,
19369257,TBD,TBD : Limites del Estado de México y Guerrero (Pilcaya) → Ixtapan,16.34996824223606,267,7.587001371139687,2.155,True,0,0.0,16.34996824223606,0.0,0.0,0.0,25,False,Indirect,
19369264,TBD,TBD : San Gaspar → Tenancingo,29.2147927073492,670,20.442679621685595,1.429,True,0,0.0,29.2147927073492,0.0,0.0,0.0,38,False,Low demand,
19369265,TBD,TBD : Limites del Estado de México y Guerrero (Taxco) → Ixtapan,16.6888484737593,238,13.313897583809892,1.253,True,0,0.0,16.6888484737593,0.0,0.0,0.0,26,False,Low demand,
19369271,TBD,TBD : Almoloya de Alquisiras → Ixtapan,38.084688848838,851,22.79201076705552,1.671,True,0,0.0,38.084688848838,0.0,0.0,0.0,47,False,Indirect,
19369272,TBD,TBD : Ixtapan → Limites del Estado de México y Guerrero (Taxco),17.616025112286227,235,14.247194529125554,1.236,True,0,0.0,17.616025112286227,0.0,0.0,0.0,27,False,Low demand,
19369278,TBD,TBD : Tenango → Calimaya,9.391375128608727,169,7.741727965717727,1.213,True,7,0.04108887801661036,9.391375128608727,0.2957316925844113,0.2867603417576405,0.2867603417576405,7,False,Low demand,
19369279,TBD,TBD : Terminal Toluca → San Pedro Tlaltizapán,21.654143456269114,510,17.718843128938325,1.222,True,13,0.00305003850367609,21.654143456269114,0.13279754515438572,0.10579822932336325,0.10579822932336325,22,False,Redundant,18212752
19369286,TBD,TBD : San Pedro Tlaltizapán → Terminal Toluca,21.222799305412767,447,17.728554249932955,1.197,True,13,0.00305003850367609,21.222799305412767,0.13279754515438572,0.10939276391383279,0.10939276391383279,21,False,Redundant,18212752
19369288,TBD,TBD : Santo Desierto → Tenancingo,9.78225376833805,294,6.141687826456686,1.593,True,0,0.0,9.78225376833805,0.0,0.0,0.0,16,False,Indirect,
19369291,TBD,TBD : Calimaya → Tenango,9.451391917818471,175,7.768367540938616,1.217,True,7,0.04108887801661036,9.451391917818471,0.2957316925844113,0.2862602018475593,0.2862602018475593,8,False,Redundant,19369278
19369292,TBD,TBD : Santiago Tianguistenco → Carretera Al Ajusco (Limites del Estado de México con el Distrito Federal),24.037541931740606,597,17.1684220491509,1.4,True,0,0.0,24.037541931740606,0.0,0.0,0.0,33,False,Low demand,
19369293,TBD,TBD : Carretera Al Ajusco (Limites del Estado de México con el Distrito Federal) → Santiago Tianguistenco,24.123370346711184,608,17.17539748996458,1.405,True,0,0.0,24.123370346711184,0.0,0.0,0.0,34,False,Low demand,
19369298,TBD,TBD : Toluca Centro (Rayón) → Colonia Lázaro Cárdenas,10.178789801584124,233,6.421998750483637,1.585,True,16,0.007486010160440698,10.178789801584124,0.11424534494348665,0.20122409804977798,0.20122409804977798,9,False,Indirect,
19369425,TBD,TBD : La Cruz Comalco → Capultitlán por San Lorenzo y Colonia Independencia,15.905097302021836,497,9.02202737261073,1.763,True,25,0.006774611408019579,15.905097302021836,0.11799595744680526,0.15373112325287225,0.15373112325287225,13,False,Redundant,19369474
19369426,TBD,TBD : Xalatlaco → Toluca,31.36991211292711,792,25.986588340911688,1.207,True,13,0.00305003850367609,31.36991211292711,0.13279754515438572,0.03624942479227252,0.03624942479227252,32,False,Redundant,18212752
19369432,TBD,TBD : Temoaya → Terminal Toluca por Libramiento Bicentenario,36.3569994265022,655,22.50600993917534,1.615,True,19,0.012861264785584518,36.3569994265022,0.1768078348511285,0.05706322349836664,0.05706322349836664,12,False,Redundant,18796291
19369434,TBD,TBD : Terminal Toluca → San Andrés del Bordo,15.451472596473456,311,11.632913138835669,1.328,True,17,0.0039002801049042904,15.451472596473456,0.2471998761815986,0.18693797751302516,0.18693797751302516,12,False,Redundant,18878117
19369435,TBD,TBD : Terminal Toluca por Libramiento Bicentenario → Temoaya,36.326109087980996,631,22.76899580426625,1.595,True,21,0.012397885887243075,36.326109087980996,0.16987889144247956,0.054867608747862964,0.054867608747862964,13,False,Redundant,18704763
19369436,TBD,TBD : Tenancingo → San Gaspar,29.23837041979287,669,20.474789436161956,1.428,True,0,0.0,29.23837041979287,0.0,0.0,0.0,39,False,Low demand,
19369449,TBD,TBD : Toluca → Xalatlaco,32.12567491698877,760,25.96810390166615,1.237,True,13,0.00305003850367609,32.12567491698877,0.13279754515438572,0.03624942479227252,0.03624942479227252,33,False,Redundant,18212752
19369453,TBD,TBD : Ejido de Dolores → Temoaya,10.358332716647984,235,5.786222108829836,1.79,True,2,0.05779816734159316,10.358332716647984,0.4463605955199039,0.33306887691616927,0.33306887691616927,2,False,Indirect,
19369465,TBD,TBD : Temoaya → Las Trojes,8.053481757229505,197,6.531999449260519,1.233,True,2,0.053172188536077324,8.053481757229505,0.4508714109715758,0.34877769330205877,0.34877769330205877,3,False,Redundant,19369544
19369467,TBD,TBD : Colonia Lázaro Cárdenas → Toluca Centro (Rayón),10.374783444838478,239,6.4310767522122365,1.613,True,13,0.007889734019904381,10.374783444838478,0.11242764657859197,0.19954011695756504,0.19954011695756504,10,False,Redundant,19369298
19369473,TBD,TBD : Temoaya → Ejido de Dolores,10.523262920906259,232,5.880958317631008,1.789,True,2,0.05779816734159316,10.523262920906259,0.4463605955199039,0.3316944585473503,0.3316944585473503,3,False,Redundant,19369453
19369474,TBD,TBD : Capultitlán por San Lorenzo y Colonia Independencia → La Cruz Comalco,13.22887246725432,307,8.971488747838025,1.475,True,20,0.006936102515740092,13.22887246725432,0.10854975910029363,0.17383293839702751,0.17383293839702751,12,False,Low demand,
19369475,TBD,TBD : La Huanica → Plaza Benito Juárez en Xonacatlán,12.13473007985558,356,7.716704997937349,1.573,True,2,0.05253984412290534,12.13473007985558,0.27088643840027526,0.269138703057511,0.269138703057511,7,False,Redundant,18796201
19369476,TBD,TBD : San José Comalco → Terminal Temoaya,5.232212834454501,147,3.992754061413164,1.31,True,1,0.0648568606542435,5.232212834454501,0.3725193002073615,0.3643849120856297,0.3643849120856297,2,False,Redundant,19369478
19369478,TBD,TBD : Terminal Temoaya → San José Comalco,5.134380171724886,145,3.9044511311893757,1.315,True,1,0.0648568606542435,5.134380171724886,0.3725193002073615,0.36520018427504314,0.36520018427504314,1,False,,
19369479,TBD,TBD : San Mateo Capulhuac (Otzolotepec) → Plaza Benito Juárez en Xonacatlán,10.516130882034286,306,7.980381508227606,1.318,True,3,0.04929359151584782,10.516130882034286,0.474398569188436,0.33025880979600447,0.33025880979600447,3,False,Redundant,18794003
19369480,TBD,TBD : Plaza Benito Juárez en Xonacatlán → La Huanica,12.48582671749397,370,7.494199011353843,1.666,True,2,0.05253984412290534,12.48582671749397,0.27088643840027526,0.2662128977438577,0.2662128977438577,8,False,Redundant,18796201
19369484,TBD,TBD : Terminal temoaya → Temoaya,6.277811689454719,268,5.503660880603717,1.141,True,2,0.06065469934872086,6.277811689454719,0.5478461384075602,0.3953011365384883,0.3953011365384883,1,False,,
19369485,TBD,TBD : Plaza Benito Juárez en Xonacatlán por Dos Caminos → Mimiapan (Otzapatepec),8.320042674451166,198,5.113219598105232,1.627,True,2,0.049585823586081934,8.320042674451166,0.34137462425539944,0.31559579069617205,0.31559579069617205,6,False,Redundant,18794003
19369486,TBD,TBD : Temoaya → Terminal temoaya,9.348215239289948,254,6.521513976931978,1.433,True,1,0.0648568606542435,9.348215239289948,0.3725193002073615,0.3300848920453343,0.3300848920453343,3,False,Redundant,19369478
19369488,TBD,TBD : Plaza Benito Juárez en Xonacatlán → San Mateo Capulhuac (Otzolotepec),11.570922752947114,341,7.843060681873869,1.475,True,3,0.04929359151584782,11.570922752947114,0.474398569188436,0.32146887753839753,0.32146887753839753,5,False,Redundant,18794003
19369489,TBD,TBD : Temoaya → Temoaya,10.400641102361375,272,7.1363941319337,1.457,True,3,0.045575342709541694,10.400641102361375,0.37011392820128197,0.3014318155735174,0.3014318155735174,5,False,Redundant,18739386
19369491,TBD,TBD : Mimiapan (Otzapatepec) → Plaza Benito Juárez en Xonacatlán por Dos Caminos,7.3485262034189756,164,5.246060658174939,1.401,True,2,0.049585823586081934,7.3485262034189756,0.34137462425539944,0.323691761288107,0.323691761288107,3,False,Redundant,18794003
19369492,TBD,TBD : Temoaya → Temoaya,10.247809816993625,270,7.087827114436799,1.446,True,3,0.045575342709541694,10.247809816993625,0.37011392820128197,0.30270540961824866,0.30270540961824866,4,False,Redundant,18739386
19369503,TBD,TBD : Plaza Principal Benito Juárez en Xonacatlán → La Capilla Zacamulpan (Lerma),10.423665363540199,399,8.951586356141748,1.164,True,1,0.0526232513542298,10.423665363540199,0.3361495231339858,0.2997967541082246,0.2997967541082246,6,False,Redundant,18494467
19369508,TBD,TBD : Temoaya → El Tepozán,8.489661359683364,334,4.865860794833046,1.745,True,5,0.04886326252657312,8.489661359683364,0.6263971599176101,0.3847153745086143,0.3847153745086143,2,False,Redundant,19369516
19369513,TBD,TBD : La Capilla Zacamulpan (Lerma) → Plaza Principal Benito Juárez en Xonacatlán.,10.39930037440984,385,8.951586356141748,1.162,True,1,0.0526232513542298,10.39930037440984,0.3361495231339858,0.2999997956843109,0.2999997956843109,5,False,Redundant,18494467
19369514,TBD,TBD : Centro Ceremonial Otomí → Temoaya,15.770331015670717,427,11.11547809109884,1.419,True,5,0.04886326252657312,15.770331015670717,0.6263971599176101,0.3240431273753864,0.3240431273753864,4,False,Redundant,19369516
19369516,TBD,TBD : El Tepozán → Temoaya,8.377172795227532,331,4.865860794833046,1.722,True,5,0.04886326252657312,8.377172795227532,0.6263971599176101,0.3856527792124129,0.3856527792124129,1,False,Indirect,
19369517,TBD,TBD : Terminal Toluca por el Crucero → Villa Cuauhtemoc,27.332309583302344,427,19.222118373650922,1.422,True,18,0.019608446852021746,27.332309583302344,0.174630618022197,0.08549685483005146,0.08549685483005146,11,False,Redundant,18582498
19369532,TBD,TBD : Almoloya del Rio → por Chapultepec,26.10083807105171,545,20.75800132242521,1.257,True,13,0.00305003850367609,26.10083807105171,0.13279754515438572,0.06874244086684159,0.06874244086684159,25,False,Redundant,18212752
19369540,TBD,TBD : Tenango → La Marquesa,40.290901143755036,757,31.499047743174703,1.279,True,7,0.085541553738178,40.290901143755036,0.43740175615735744,0.19489199277751734,0.19489199277751734,1,False,Low demand,
19369544,TBD,TBD : Las Trojes → Temoaya,7.92023912472593,204,6.457788238323498,1.226,True,2,0.053172188536077324,7.92023912472593,0.4508714109715758,0.3498880485729219,0.3498880485729219,2,False,,
19369569,TBD,TBD : por Chapultepec → Almoloya del Rio,27.141960056390506,632,21.29031958119133,1.275,True,13,0.00305003850367609,27.141960056390506,0.13279754515438572,0.060066424322351646,0.060066424322351646,26,False,Redundant,18212752
19369681,TBD,TBD : Villa Cuauhtemoc → Terminal Toluca por el Crucero,27.141960056390506,632,21.29031958119133,1.275,True,13,0.00305003850367609,27.141960056390506,0.13279754515438572,0.060066424322351646,0.060066424322351646,26,False,Redundant,18212752
19369768,TBD,TBD : La Marquesa → Tenango,39.5706824597995,749,31.317192221964138,1.264,True,7,0.08562589283089751,39.5706824597995,0.43532008612542816,0.19445591436225457,0.19445591436225457,1,False,Redundant,19369540
19369927,TBD,TBD : Tenancingo → Santo Desierto,10.094276810233367,300,6.224930348402823,1.622,True,0,0.0,10.094276810233367,0.0,0.0,0.0,17,False,Indirect,
19370079,TBD,TBD : San Andrés del Bordo → Terminal Toluca,15.500513410397437,321,11.58936439100266,1.337,True,18,0.003859201194505189,15.500513410397437,0.23588269677737722,0.18365893030220418,0.18365893030220418,13,False,Redundant,19369434
19370082,TBD,TBD : Temoaya → Centro Ceremonial Otomí,15.12265729264946,421,11.11547809109884,1.361,True,5,0.04886326252657312,15.12265729264946,0.6263971599176101,0.3294404084005635,0.3294404084005635,3,False,Redundant,19369516
19370105,Flecha de Oro,Flecha de Oro : Santa Ana Jilotzingo → Terminal Toluca,35.59476680033468,873,25.968910617722912,1.371,True,23,0.013967285241735065,35.59476680033468,0.19007534913930083,0.06148612252656027,0.06148612252656027,9,False,Redundant,18794052
19370138,Crucero,Crucero : La Capilla → Terminal Toluca,37.13285578728071,1092,24.713248030642827,1.503,True,21,0.016010910158701767,37.13285578728071,0.18463651221711924,0.062170038212981574,0.062170038212981574,11,False,Redundant,18737050
