cve_ageb,n_intersections,n_intersection_density,n_street_density,p_poi_density,p_employment_proxy,p_retail_density,p_service_density,p_land_use_mix,pe_population,pe_pop_density,pe_marginacion,pe_rezago,pe_dep_ratio,pe_youth_share,n_intersections_n,n_intersection_density_n,n_street_density_n,p_poi_density_n,p_employment_proxy_n,p_retail_density_n,p_service_density_n,p_land_use_mix_n,pe_population_n,pe_pop_density_n,pe_marginacion_n,pe_rezago_n,pe_dep_ratio_n,pe_youth_share_n
1500501430501,265.86639866136954,38.438515469113675,49350.70796872912,246.64714092681274,80.0,108.90912716248874,19.219257734556837,1.203772315120157,2632,8430.847726225598,123.074910106637,1.0,0.39925571504518875,0.17743161094224924,0.8986813806086649,0.7615990176311963,0.9655550777252037,0.6101987712126175,0.4675043867846458,0.5289055878485655,0.49566714720325805,0.7454855457957305,0.8318961342299397,0.8602350398053058,0.0872566806902838,0.25,0.5313403125037475,0.5829895788102475
1500500340380,56.09658667139753,3.272300889164856,19935.6863416258,168.75723156978756,180.0,84.14488000709629,8.41448800070963,1.176500166619021,5054,2362.601241977026,114.632804471488,3.0,0.4904158065467414,0.17926394934705184,0.6506354546229375,0.30096199253063033,0.8845694562092559,0.568393157731812,0.5530431872717587,0.5001738122092516,0.3696522409173053,0.7285961454871993,0.900790989879668,0.7392062772539097,0.3453286247072559,0.75,0.6526586297652123,0.5890101192831703
1500500040215,42.11808900666214,3.3694471205329712,17519.929524074425,85.07853979345752,295.0,41.837301746617726,5.054170680799457,1.2098120387304279,7929,2226.3621848921607,116.054612270583,3.0,0.45566366807416925,0.18262075923823937,0.6054658356003132,0.305621843925836,0.8730288362427313,0.49321332271486373,0.6053700733912069,0.4228640644708899,0.2968671550593435,0.7492258931982281,0.9483516718856565,0.7335567121853878,0.30186450348100446,0.75,0.6064095432265261,0.6000396374970721
1500500350499,30.971491685116565,2.693173190010136,14944.836960170185,75.94748395828583,120.0,36.62715538413785,4.039759785015204,1.1655438493610704,3877,1044.1432457669298,112.103096346997,3.0,0.5483226837060703,0.1777147278823833,0.5573530901823132,0.2707722712396424,0.8588258446227257,0.48079935674046287,0.5102011740841107,0.408269330930986,0.26663406081377883,0.721810995132467,0.8727939920800526,0.6615516892176956,0.42266083561501444,0.75,0.729722669293041,0.5839198201849737
1500500370395,75.69972570714938,2.76950216001766,22003.57960789466,132.93610368084768,120.0,66.46805184042384,12.001176026743194,1.289618173116285,3595,3318.7867550878295,117.079266184861,3.0,0.4560550830295666,0.1855354659248957,0.6981137394938829,0.27501201305992357,0.893387082935823,0.5421556835650847,0.5102011740841107,0.4739854196775566,0.4228666784114647,0.7986491262325827,0.8648195136270497,0.7715338665030821,0.2705412247836445,0.75,0.6069304488438594,0.6096165308960858
1500500010361,98.12364844297623,20.301444505443357,24959.668001785743,358.6588529294993,60.0,121.80866703266014,33.8357408424056,1.2840091359129073,951,3217.778954112772,121.538421856048,1.0,0.48130841121495327,0.1640378548895899,0.7393693552796506,0.6339382155515025,0.9046494101939893,0.6515079332976607,0.43733617055870233,0.5413947206069378,0.5853511436182887,0.7951754991118832,0.7244415033879802,0.768593532546776,0.13422653950581398,0.25,0.6405382615417048,0.5389815232086526
1500501650516,229.72869394037548,19.9764081687283,49613.15066125255,284.6638164043783,120.0,164.8053673920085,19.9764081687283,1.0186584487497536,3227,16115.967290121558,121.758516622318,2.0,0.43998215082552433,0.2008057018903006,0.8752754230668557,0.6307513997406984,0.9660289517971091,0.6260084336293718,0.5102011740841107,0.5751781857494828,0.5017277930431578,0.630846165929511,0.8534162178706902,0.9218858250951107,0.1274983265866616,0.5,0.5855401556099084,0.6597901633538448
1500500450342,48.84795509928926,3.565544167831333,18582.018153193814,128.359590041928,455.0,61.68391410348206,7.487642752445799,1.253677643520108,11746,4188.088179534684,116.217658556854,3.0,0.3095716198125837,0.15026391963221522,0.6287960682930923,0.3147204754596149,0.8782871226112874,0.5383068735367,0.651342670209773,0.46570807707807926,0.352566636933884,0.776391474195188,0.9898567912150104,0.7936666890258899,0.29688024080043385,0.75,0.4119862910287768,0.49372430736299283
1500501650520,217.019082908361,38.1249740244418,47381.041140740504,228.7498441466508,20.0,149.56720578819474,5.865380619144892,0.9373554829401705,5636,16528.642584750305,121.34912415677,2.0,0.4616182572614108,0.18062455642299502,0.866161134818439,0.7599447494798597,0.961916031082166,0.6018944702580512,0.32389215239562336,0.5643286239198978,0.31759704009968714,0.5804959584358965,0.9123014736990731,0.9242917562664645,0.1400132978528329,0.5,0.6143340716937573,0.5934806853898408
1500500010450,132.83798721164948,42.976995862592474,30381.109732986686,375.07196389171617,80.0,218.79197893683443,15.627998495488173,1.0421654620745806,966,3774.1616366603935,121.344823531526,1.0,0.40816326530612246,0.17908902691511386,0.7876693388930738,0.7841737260572811,0.9222109144179867,0.6564480333826417,0.4675043867846458,0.6068998825573003,0.46342961547965633,0.6454038513309542,0.7260928003703131,0.7837661330248017,0.14014476632351702,0.25,0.5431947214976216,0.5884353741496597
1500500010164,128.19311255309563,34.513530302756514,23714.348402842737,1587.6223939267998,920.0,796.2764491278824,160.24139069136953,1.2158049187448516,1104,2721.6383895887993,122.407291542779,1.0,0.44881889763779526,0.1431159420289855,0.781987502902369,0.7398729364972375,0.900076702761003,0.8159544236755759,0.7261279847509112,0.7519117080022595,0.8379558513550357,0.752937230776211,0.740183507506573,0.752663491561796,0.10766552512825223,0.25,0.5973003374578177,0.4702380952380952
1500500160431,31.758283311017284,1.0687883806592355,12636.022575603929,26.414341407721103,80.0,13.89424894857006,1.8322086525586894,1.1973371153612524,5123,782.2004105881805,113.334898032567,3.0,0.5700275819797732,0.19109896544993168,0.5612637826642004,0.1506647972747636,0.8438331409803674,0.3665469480316014,0.4675043867846458,0.30397150168991366,0.17162628401696675,0.7415002835128937,0.9022230151644356,0.6340957350240752,0.38500512868866776,0.75,0.7586081354166907,0.6278966007640612
1500500320145,51.07636998883901,4.823879387834795,19178.812840032322,141.59504791350372,360.0,70.0881299291291,9.08024355357138,1.1977864685829376,9373,2659.660088363267,119.077937858896,2.0,0.44087363494539783,0.1741171449909314,0.6358310677117188,0.3651716795333142,0.8811114133659806,0.5490908136073338,0.6264895057058053,0.47986752986773484,0.3809165823513297,0.7417785639879597,0.9660214827764944,0.7504722004182731,0.2094425952874308,0.5,0.5867265668070333,0.5720991906844888
1500500320484,195.46388183452743,18.13582408773966,33847.535744573295,189.41860713861422,100.0,94.70930356930711,18.13582408773966,1.2600230703190067,4222,8507.716588715204,122.42140480094,1.0,0.4483704974271012,0.1816674561819043,0.8494150218131529,0.6117181333747735,0.9318641890792447,0.5811080722179182,0.49098055551946346,0.5133367921184907,0.48658788414703197,0.7803211408780537,0.8817960807097283,0.8610986450021894,0.10723408821814595,0.25,0.5967035943202776,0.596907356026257
1500501650535,349.83748283751305,103.65555047037424,59385.81338586779,103.65555047037424,0.0,64.7847190439839,0.0,0.9002560512685369,1381,17893.539399948353,123.185366176522,1.0,0.46602972399150744,0.15206372194062273,0.9426885038383163,0.963863112869867,0.982093301574206,0.5148463945162427,0.0,0.47114188116822836,0.0,0.557520608595193,0.7638105642027231,0.9318418720645091,0.08388008083289633,0.25,0.6202049710262919,0.49963794351918894
1500500320376,47.16022843996837,2.774131084704022,20523.172710689338,205.28570026809763,20.0,83.22393254112066,8.322393254112066,1.1209090076609083,1105,3065.4148485979445,119.982169498789,1.0,0.4203084832904884,0.18823529411764706,0.6232554357381583,0.27526636146355693,0.8871642691745918,0.5899684846128749,0.32389215239562336,0.49894990647634063,0.36803162388394073,0.6941690325217635,0.7402790532501796,0.7639788824913724,0.1818005795115022,0.25,0.5593579063339583,0.6184873949579831
1500501650554,274.08487110679255,87.7071587541736,55213.44056897025,65.78036906563021,0.0,32.890184532815105,0.0,1.0114042647073516,918,10064.396467041423,122.424450453386,1.0,0.5369127516778524,0.14596949891067537,0.9035604928031087,0.9295972788209942,0.9755845367744028,0.4651111070084936,0.0,0.39649743652956665,0.0,0.6263537139249034,0.7207151396029683,0.8770868918196503,0.10714098378644255,0.25,0.7145380229096231,0.4796140678493619
1500501680573,165.4534580450017,36.0170793023133,28081.084560091847,90.04269825578324,20.0,52.900085225272655,6.753202369183743,1.1109117341295014,5503,6193.81210626969,121.355692430336,1.0,0.5093252879868349,0.14119571143012902,0.8227504937445739,0.7484667889294921,0.9151772820748434,0.4994203045999095,0.32389215239562336,0.4487173879127618,0.3376461299151476,0.6879778094628696,0.909779455845578,0.8308965000765012,0.13981250823928482,0.25,0.6778238795012765,0.4639287661275667
1500501680588,243.6487838623213,47.72501951942375,37057.82746962391,163.26980361908127,80.0,95.4500390388475,17.582901928208752,1.1109684743902055,2576,6470.5079095808205,119.772846193636,1.0,0.5064327485380117,0.15644409937888198,0.884698749987459,0.805422472017169,0.9399600493485261,0.5647555319890256,0.4675043867846458,0.5142044450971842,0.481754209217488,0.688012948204381,0.8296253959193364,0.8350547529642471,0.18819951297947235,0.25,0.6739744097084818,0.5140306122448979
1501800100228,36.44524471479426,9.111311178698566,13409.109900269379,36.44524471479426,0.0,18.22262235739713,0.0,1.0397207708399179,134,1220.9156979456077,117.939858696341,3.0,0.5227272727272727,0.2537313432835821,0.5827745342206444,0.4795103255071208,0.849138430023019,0.4010658174061629,0.0,0.3326822365821675,0.0,0.6438898756758548,0.51812363329601,0.6764221339597849,0.24423324049126682,0.75,0.6956596035543404,0.8336886993603412
1501800100158,153.1336747738158,8.627249283031878,31157.820240333684,148.82005013229988,80.0,94.89974211335065,2.1568123207579695,0.9111848763377988,1980,4270.48839510078,118.470587399351,2.0,0.5492957746478874,0.17222222222222222,0.8103811246841737,0.4693431125672627,0.9244663531172325,0.554562463753517,0.4675043867846458,0.513560499988041,0.18951432347962113,0.5642887332806752,0.801843254932776,0.7955203563941273,0.2280090668015734,0.5,0.7310176850577148,0.5658730158730159
1501800100213,500.0,0.0,72564.40811044043,200.0,0.0,100.0,0.0,0.6931471805599453,42,4200.0,120.654532241675,2.0,0.2903225806451613,0.2857142857142857,1.0,0.0,1.0,0.5870949298238073,0.0,0.519392082461774,0.0,0.42925991711723654,0.39727981764905373,0.7939368991338084,0.16124670733312962,0.5,0.38636914867814703,0.9387755102040816
1501800080035,156.53684285180816,28.623879835759205,38597.93157202013,321.1241519074236,160.0,192.31669264650716,21.467909876819405,1.126349003922462,6832,6111.19834493459,118.684395137724,2.0,0.4647949111647291,0.16905737704918034,0.813894152453323,0.7022912559775897,0.9435981058771925,0.639306302911406,0.5405862596296119,0.5924549913149825,0.5130518183868558,0.6975379740825821,0.9326251270883288,0.82961889674708,0.22147304592331574,0.5,0.6185616486929102,0.5554742388758782
1501800100143,122.69473268657012,16.003660785204797,32673.511497333075,254.99166184426312,200.0,156.83587569500702,16.003660785204797,1.06817451327942,3919,4181.223107814507,117.994160170453,3.0,0.4980886850152905,0.18729267670324062,0.7749914694285607,0.5872346855790426,0.9287101805165817,0.6138674838676866,0.5641931950305995,0.5696345225220336,0.4671126578792989,0.6615110266576549,0.8739318035745316,0.7935106111414161,0.24257326517317512,0.75,0.6628699041180934,0.6153902234535049
1501800060196,95.58095866783479,9.49030795283466,24521.43986183703,151.16704810586637,80.0,75.92246362267728,7.45667053437009,1.1969555661359177,3758,2547.4698061966183,118.783036582615,2.0,0.46042884990253413,0.18147951037786056,0.7351891904091082,0.48713660244557777,0.9030668235779428,0.5562832415679646,0.4675043867846458,0.4887445218374025,0.35196395500633204,0.7412639934529514,0.8695019954565392,0.746372549282598,0.21845761463829672,0.5,0.6127511761860793,0.5962898198129704
1501800110232,207.32427886985317,6.634376923835301,29593.297686622678,18.244536540547077,0.0,8.292971154794126,0.0,0.6890092384766586,2713,4499.766148591293,125.593224617659,0.0,0.3497512437810945,0.109472908219683,0.8588441686481282,0.4212737916693393,0.9198635528513678,0.3273756889571251,0.0,0.25088383268292386,0.0,0.4266973261906275,0.8350965626389352,0.8004958858308887,0.010272768193419268,0.0,0.46545842217484007,0.35969669843610125
1501800110247,239.3804887757628,21.761862615978437,38277.57678091503,32.64279392396766,0.0,14.507908410652291,0.0,0.6869615765973234,2191,3973.3534159673964,125.600551028021,0.0,0.369375,0.11912368781378366,0.8818675252582084,0.6476814398059606,0.9428534643038464,0.38921158326996624,0.0,0.308515354949718,0.0,0.4254292273030327,0.8125339181729553,0.7886592121791087,0.010048802627658726,0.0,0.4915742481203008,0.3914064028167177
1501800360251,229.8252640862264,83.57282330408233,56393.13537147102,134.31346602441803,40.0,77.60333592521931,8.954231068294536,0.9482824926348529,3676,10971.917802350237,121.884881928698,1.0,0.4706827309236948,0.16077257889009794,0.8753427357743587,0.9197056192892754,0.9774734026236912,0.5432883152435574,0.39506913624868106,0.4911772381241618,0.3788427163345553,0.5872629588759609,0.8671723376504158,0.8853018466868269,0.12363538744763836,0.25,0.6263973185976991,0.5282527592103218
1501800010139,125.16464701254053,20.375640211343807,33769.98073438262,451.1748903940414,255.0,221.22123658030418,51.4242348191058,1.2745331868784329,6044,5864.303306541046,119.855513816096,2.0,0.4975222993062438,0.17653871608206487,0.7781718348554253,0.6346588481041974,0.9316592377073352,0.6768494345913328,0.5899248550952237,0.6081369260540204,0.6527326392784888,0.7893071277021348,0.919682550009422,0.8256951828655108,0.18567239534347768,0.5,0.662116142685753,0.5800557814124988
1501800010162,41.04833288062553,0.0,24478.533706998704,225.7658308434404,0.0,123.14499864187658,0.0,0.6890092384766586,524,10754.663214723889,116.511670114795,3.0,0.6024464831804281,0.22137404580152673,0.6014245842051803,0.0,0.9029103579396974,0.6004472222034389,0.0,0.5426127149674218,0.0,0.4266973261906275,0.6615765295878057,0.8833988337157973,0.287892419799311,0.75,0.801752086638615,0.7273718647764449
1501800010124,161.5791476088692,34.016662654498774,36868.64263979233,687.622537944511,605.0,295.2160366086858,49.81011317265892,1.2229600590147502,5939,7215.177125181008,118.676971608902,2.0,0.48549274637318657,0.18471123084694394,0.8189621254133277,0.7369528060975925,0.9395027628501224,0.7234140520724891,0.6815972591025278,0.6404830768693979,0.6475769494027581,0.7573683458486805,0.9178317374831927,0.845419342619061,0.2216999803632953,0.5,0.6461068880304814,0.6069083299256729
1501800010177,56.67823886876688,4.0484456334833485,23180.75868877373,178.13160787326734,275.0,60.72668450225023,44.532901968316835,1.5224622642173387,330,1335.987059049505,117.171176084604,2.0,0.45374449339207046,0.20303030303030303,0.6522658656167019,0.33555818185072633,0.8980434424730733,0.5743436319878258,0.5979275144001174,0.4639762298256027,0.6294986115428169,0.9428474120375302,0.6128534667778429,0.6849865184311248,0.2677315742620584,0.5,0.6038554536120035,0.6670995670995671
1501800010209,190.25157462020096,0.0,31476.91731280102,237.8144682752512,0.0,126.83438308013397,0.0,0.8823109245150755,201,3186.7138748883663,114.010466275734,2.0,0.45652173913043476,0.1890547263681592,0.845089687291621,0.0,0.9253767070833946,0.6061782438346531,0.0,0.545908525345564,0.0,0.546407350345154,0.5606900877346803,0.7676706525979468,0.3643532655913443,0.5,0.6075514874141876,0.6211798152096659
1501800400266,162.35000630402396,49.78733526656735,41659.27237334629,25.97600100864383,140.0,8.658667002881277,4.329333501440638,1.1269287948006759,2639,5712.555555150922,125.084793443678,0.0,0.4211093161012386,0.12580522925350512,0.8197230279315778,0.8140139870539299,0.9504174157347354,0.36476255369241245,0.5264748496260959,0.25522762906546803,0.27584429444834135,0.6978970334444429,0.8321765746322994,0.8232007543902351,0.025815314939317102,0.0,0.5604236763151822,0.41336003897580254
1502200010108,0.0,0.0,0.0,0.0,0.0,0.0,0.0,0.0,23,2300.0,120.654532241675,1.0,0.16666666666666666,0.17391304347826086,0.0,0.0,0.0,0.0,0.0,0.0,0.0,0.0,0.3356845175377462,0.7366519050083847,0.16124670733312962,0.25,0.22180451127819548,0.5714285714285714
1502200010042,0.0,0.0,0.0,197.12310997384304,0.0,134.96717439650516,10.655303241829355,0.9252973436035914,3549,6302.611867542063,120.294211158837,2.0,0.49117647058823527,0.1625810087348549,0.0,0.0,0.0,0.5854989932207467,0.0,0.5528498473974127,0.4048512670026883,0.5730284594149431,0.8634596327198608,0.8325533125110225,0.1722615851772471,0.5,0.6536709420610349,0.5341947429859518
1502200010057,0.0,0.0,0.0,403.227876514963,80.0,262.31490891564795,17.343134473761847,0.9359896023642437,3466,7513.91301075732,121.241662489258,1.0,0.4742662696724798,0.15551067512983266,0.0,0.0,0.0,0.6644406395076897,0.4675043867846458,0.627232638816617,0.4796132766350626,0.5796500806782452,0.8609607439283665,0.8492794709104282,0.14329835997366924,0.25,0.6311663889626236,0.5109636468551644
1502200010080,0.0,0.0,0.0,144.30447581524376,20.0,86.58268548914626,57.721790326097505,0.6730116670092565,82,2366.5934033699978,119.636331115871,2.0,0.4909090909090909,0.10975609756097561,0.0,0.0,0.0,0.5511745424474548,0.32389215239562336,0.5033507485338234,0.6714344137240441,0.4167901717005427,0.46674362886483917,0.7393668704210306,0.1923727267520834,0.5,0.653315105946685,0.3606271777003484
1502200010076,0.0,0.0,0.0,0.0,0.0,0.0,0.0,0.0,9,900.0,120.654532241675,1.0,0.6,0.0,0.0,0.0,0.0,0.0,0.0,0.0,0.0,0.0,0.2432124209635203,0.6474293960663984,0.16124670733312962,0.25,0.7984962406015038,0.0
1502200010095,0.0,0.0,0.0,121.96069569824448,0.0,81.30713046549631,0.0,0.6365141682948128,103,4187.31721897306,121.339400680091,1.0,0.3972602739726027,0.18446601941747573,0.0,0.0,0.0,0.5326907373589541,0.0,0.4963590493095697,0.0,0.3941875936153338,0.49056756161499,0.7936491739381762,0.14031054082012118,0.25,0.5286847255124112,0.6061026352288488
1502200010061,0.0,0.0,0.0,337.6697795036699,355.0,179.1297001025566,22.648582771587616,1.1680070018084205,2767,2848.5740240446785,121.792263132359,1.0,0.43286677034733023,0.16696783520057826,0.0,0.0,0.0,0.6448512794492692,0.6250057270110745,0.5845036504357666,0.5214950283001559,0.72333640365327,0.8371775470822262,0.7569998055362607,0.1264667086673349,0.25,0.5760708146727628,0.5486086013733286
1502200010112,0.0,0.0,0.0,245.48226385380437,80.0,111.5828472062747,22.31656944125494,1.1455482658143872,291,3247.060853702594,119.757601589377,2.0,0.47715736040609136,0.15120274914089346,0.0,0.0,0.0,0.6096768175713174,0.4675043867846458,0.531610572238432,0.5191641136542485,0.7094279071293879,0.5996117319027167,0.7694553192668349,0.18866553470757164,0.5,0.6350139307660013,0.4968090328915071
1505100010256,107.32660636107039,14.152959080580711,26152.864594942235,584.9889753306694,2190.0,357.36221678466296,37.741224214881896,1.048220674685619,2394,2823.515336575852,123.224784612903,1.0,0.43270971635485816,0.15622389306599832,0.7536509021839836,0.563352413441547,0.9088215548345501,0.705547343421217,0.8183270765761367,0.6619171713575441,0.6028689873499004,0.6491537909346065,0.8218890761475014,0.7561592727522277,0.08267507429227705,0.25,0.5758618029684954,0.5133070772168515
1505100200330,124.37022971693166,15.033764031717014,33760.14750191044,411.37845214062014,220.0,207.73928480190784,27.334116421303662,1.1429547352225475,4561,6233.545249878301,121.054709212966,2.0,0.46101364522417154,0.165314623985968,0.7771557532967959,0.5750623604321812,0.9316332182212625,0.6666505856541295,0.574284661105589,0.6010932513482206,0.5512952776190407,0.7078217565770698,0.8899520145590208,0.8315049087783557,0.14901345020567713,0.5,0.6135294376291607,0.5431766216681805
1505100010453,24.16137217022205,0.0,5446.701516745641,193.2909773617764,635.0,82.55135491492534,12.080686085111026,1.179881875140421,4307,8671.919161428865,125.585824332486,0.0,0.4280503978779841,0.1077315997213838,0.5188216714501874,0.0,0.768652770134254,0.5833367652842245,0.6867376409893629,0.49804758971428803,0.4238718128934294,0.730690407658818,0.8839009901388553,0.8629175849339016,0.010498992083929015,0.0,0.5696610558225804,0.3539752562274039
1505100240383,82.19588206816037,7.472352915287307,26322.305850746554,842.7153565574018,260.0,422.6030704312488,21.586797310829997,1.1402053401007812,6532,5423.267693628522,119.632605436664,2.0,0.4443460942686435,0.2037660747091243,0.7111915698595827,0.44285848671705086,0.9093985379466801,0.7459003772712246,0.5919826602180709,0.6807400125611888,0.5139218522153715,0.706119080500196,0.9278827858469156,0.8182563126420974,0.192486619342071,0.5,0.5913478096657888,0.6695171026156941
1505100280415,37.847533441963165,2.9113487263048587,18319.358523131552,98.9858566943652,80.0,56.48016529031426,7.569506688392632,1.1755939202005017,3856,2245.232137726307,119.710487612559,2.0,0.4974757281553398,0.18438796680497926,0.5886885104224511,0.2826677726211247,0.8770152389249289,0.5097932465768921,0.4675043867846458,0.4559546859232472,0.35414908275754303,0.7280349150971586,0.8722204568481604,0.7343595105461579,0.19010579097932057,0.5,0.6620541645375575,0.6058461766449318
1505100260307,69.52348366362212,3.3505293331866075,23170.546644303926,163.33830499284713,215.0,93.81482132922501,10.051587999559823,1.054075942681301,3287,2753.297479546095,120.895294229788,2.0,0.49137931034482757,0.18862184362640705,0.6846092042442823,0.3047225842464868,0.8980040743384252,0.5648016863497554,0.5718501107491932,0.5122800543937901,0.39608295139411276,0.6527799066067429,0.855361499598402,0.7537636501506793,0.15388670533800908,0.5,0.6539408866995075,0.6197574862010516
1505100010275,116.54580105260027,20.74637296224298,25745.869414739765,212.95541658302352,295.0,106.17261457147877,15.86487344171522,1.1779605431041373,10627,6484.461925581063,122.403813821706,1.0,0.41807985044732277,0.16260468617671966,0.7667894629826866,0.6382225555048799,0.9074202342239053,0.5940097811032025,0.6053700733912069,0.5260680645671819,0.46576153377630264,0.7295005437254705,0.9792830283313058,0.835259720755946,0.10777183773281429,0.25,0.5563919814223769,0.534272540294936
1505100010186,17.888474542237148,5.7378125890194625,10079.797296995812,80.49813544006716,12085.0,7.594163720761053,3.7127022634831817,1.1387102237339308,402,67.84119590546541,123.688785622946,0.0,0.46715328467153283,0.10696517412935323,0.4726939226471863,0.3953825880137999,0.8236407241085476,0.4871600510269741,1.0,0.2420859106999055,0.2555726095179987,0.7051931681604872,0.6336425476204551,0.40270318486508055,0.06849074068371952,0.0,0.6217002359914384,0.35145700071073205
1505100010260,105.64777891884954,11.004976970713495,28601.293351018492,326.84781603019076,390.0,166.17515225777376,36.31642400335453,1.2133849577712212,5692,6264.03289173012,122.736773500477,1.0,0.3912937148447053,0.16918482080112437,0.7511384094282222,0.5150886270182712,0.9168172650369983,0.6412560688012164,0.6349821944716147,0.576104115974328,0.5966916511581969,0.7514385703529971,0.9133456208588188,0.831969123623435,0.0975933875577849,0.25,0.5207442671241568,0.5558929826322657
1505100240379,54.985416665890625,8.569155844034903,17184.693883721673,534.1440476115089,120.0,332.7688852766887,12.139637445716112,1.010815636695838,3196,2282.251839794629,119.704988407839,2.0,0.4593607305936073,0.19618272841051315,0.6474740677936617,0.46808870715795436,0.8713027433326476,0.695499329499618,0.5102011740841107,0.6539159893509295,0.4246131160814109,0.6259891818045663,0.8523969414217076,0.7359150590131683,0.19027389956667728,0.5,0.6113296940982594,0.6446003933488289
1505100260434,55.75549395976317,55.75549395976317,0.0,55.75549395976317,0.0,0.0,55.75549395976317,0.0,60,3345.3296375857904,120.654532241675,2.0,0.5789473684210527,0.05,0.6496716047096184,0.8370408489112914,0.0,0.44710442527638933,0.0,0.0,0.6658196208266548,0.0,0.4342143913913709,0.7722916884397316,0.16124670733312962,0.5,0.7704788286505738,0.16428571428571428
1505100240491,43.68986246947444,6.898399337285438,21950.956489417284,54.0374614754026,235.0,39.09092957795082,0.0,0.7084582357770489,36,41.39039602371263,120.654532241675,1.0,0.3333333333333333,0.1111111111111111,0.6112252608128937,0.42832012127106633,0.8931731556563994,0.44370157488706785,0.5812708823327697,0.41540716807252487,0.0,0.43874191816665575,0.3814061378695003,0.3565613965399661,0.16124670733312962,0.25,0.44360902255639095,0.36507936507936506
1505100070294,64.45253649541552,15.879610440899476,23422.898075553436,124.23459933174296,40.0,67.25482069086837,2.802284195452849,1.0651255838970282,2142,2000.8309155533339,120.66022850515,2.0,0.5148514851485149,0.16946778711484595,0.6726057881614648,0.5857171321341567,0.898971860478797,0.5347192718257077,0.39506913624868106,0.47529021158145807,0.22018433146476937,0.6596228516629524,0.8101459665022446,0.723397708348166,0.16107257473491787,0.5,0.6851782922653168,0.5568227290916367
1505100010472,16.50430754827348,1.3753589623561235,7305.320013106598,182.00583601846034,6450.0,44.928392770300036,57.765076418957186,1.3564227630154218,0,0.0,120.654532241675,1.0,0.0,0.0,0.4604517239328878,0.1793040546014455,0.7948803934108906,0.5767123865172867,0.9332100260055156,0.4307053009790631,0.6715558919479763,0.8400206177821676,0.0,0.0,0.16124670733312962,0.25,0.0,0.0
1505100240398,99.1989569797458,19.83979139594916,30441.77357053647,661.326379864972,80.0,276.1037635936258,9.91989569797458,1.1285419425534062,5288,8742.73474181493,118.005065721902,2.0,0.4287274713271436,0.19950832072617247,0.7411049862735896,0.6293971760089813,0.9223891365278278,0.7191038268838814,0.4675043867846458,0.6329769028532891,0.3941066846950263,0.6988960415772835,0.9055706993862653,0.8636914338446388,0.24223988663177165,0.5,0.5705621234955219,0.6555273395288523
1505100170400,104.0517591252241,8.003981471171084,31891.31168027331,140.6413887077205,80.0,78.32467582503132,6.860555546718072,1.0910801608512855,3980,2275.417589661494,117.957371335246,3.0,0.521239954075775,0.16457286432160803,0.748712898495856,0.4554715734592357,0.9265452578882127,0.5483479538818652,0.4675043867846458,0.49220531616214774,0.33991314105769066,0.6756962915681645,0.8755628129599637,0.7356297946487617,0.24369788581052687,0.75,0.693680239634678,0.5407394113424263
1505100260326,98.45591025421095,2.3724315723906253,29703.989367441896,364.168246361961,60.0,213.51884151515628,35.58647358585938,1.127734940709574,4912,5826.691941791376,121.730226223497,2.0,0.46495675514464657,0.1750814332247557,0.7399076534920324,0.2519429801488093,0.9201971166075288,0.6531908764922779,0.43733617055870233,0.6041669302315344,0.5934348940676196,0.6983962724743967,0.8977813831210867,0.8250829953027561,0.12836315327046344,0.5,0.6187770350421237,0.5752675663099115
1505100200449,109.70818306630271,0.0,24341.301400677676,54.854091533151355,0.0,0.0,0.0,0.0,41,2249.0177528592058,120.654532241675,2.0,0.48148148148148145,0.14634146341463414,0.7571491070129035,0.0,0.9024080659556711,0.44533209618007785,0.0,0.0,0.0,0.0,0.39479438974498976,0.7345197523431733,0.16124670733312962,0.5,0.6407685881370092,0.48083623693379784
1505100220364,141.77987716875327,32.71843319278922,34017.40652632133,465.32882763078,20.0,276.2889914057756,29.08305172692375,1.0803004113164374,2498,9081.182901731941,119.050484069789,3.0,0.49491322561340517,0.18454763811048838,0.7980727816943176,0.7291229463744947,0.93231146359153,0.6802615401222224,0.32389215239562336,0.6330521051217656,0.5611694885630506,0.6690204880423746,0.8263789570206704,0.8673053838447304,0.2102818471318968,0.75,0.6586439167937799,0.6063708109344618
1505100010241,115.86839705037531,13.276587162022171,26891.063188635744,733.8331813190437,2225.0,275.18744299464134,82.0734479106825,1.2546000866016753,3364,4060.221746640235,122.079757802886,1.0,0.3553585817888799,0.1581450653983353,0.7658597654042102,0.5510053772290736,0.911308476137478,0.7306042760324063,0.8200130898019218,0.6326041368022903,0.7286259157883888,0.7769627350353735,0.8578065772266641,0.7907167655651135,0.11767810642472487,0.25,0.47292081937317104,0.5196195005945303
1505100260311,114.67602989859546,10.600305284744119,32021.48841023876,392.2112955355324,335.0,206.22412099411284,38.546564671796794,1.1926203055383657,6176,5951.589585325425,121.298159725299,1.0,0.4778655180665231,0.18053756476683938,0.7642101431045067,0.5079819662644963,0.926909210939342,0.6613817159428372,0.6188545799432352,0.6002733744347204,0.6062608648446614,0.738579204916001,0.921964197755627,0.8271009180403281,0.14157126105228401,0.25,0.6359563661486811,0.5931948556624722
1505100280504,0.0,0.0,16533.388230142125,0.0,0.0,0.0,0.0,0.0,96,660.2036299529627,93.2170518697013,4.0,0.4117647058823529,0.17708333333333334,0.0,0.0,0.867850804576169,0.0,0.0,0.0,0.0,0.0,0.4832075633927852,0.6179824055647833,1.0,1.0,0.5479876160990712,0.5818452380952381
1505100010468,46.06523567656083,12.383127870043234,16391.09208969693,192.18614454307098,795.0,80.73799371268188,6.439226492422482,1.0580528380117644,6380,3160.1742324350334,121.541351521089,1.0,0.4456052691346809,0.1719435736677116,0.6195558428230155,0.5376114603862995,0.8670785449041607,0.5827054542117822,0.7106105478601596,0.4955781458950275,0.33083106085370373,0.6552427627040001,0.9253962030764613,0.7668750620598361,0.13413698076476954,0.25,0.59302355366044,0.5649574563367666
1505100260345,40.3476210485966,2.8819729320426144,17793.303956649717,90.78214735934235,60.0,30.26071578644745,2.8819729320426144,1.0325302786831263,1051,1514.4767757883938,122.079874079364,1.0,0.42219215155615697,0.14462416745956233,0.5987213645541519,0.2811053501158896,0.8744121392743309,0.5003158078531236,0.43733617055870233,0.3874082327523255,0.22360373196833222,0.6394368674925668,0.7349917642709316,0.6969113026177836,0.11767455189721476,0.25,0.5618647430484195,0.47519369308141907
1505100210078,79.55089492312182,9.143781025646184,24588.375007502797,472.7334790259078,255.0,239.56706287193006,37.48950220514936,1.2152339066094175,5361,4901.98100784892,118.215559444313,2.0,0.48668885191347755,0.16396194739787354,0.7059944201631262,0.48017479615563347,0.9033103697677213,0.6820055489869553,0.5899248550952237,0.617064322712841,0.6017943251887433,0.7525836080120942,0.9070186019383745,0.8086412761316317,0.2358051739553746,0.5,0.6476986976592897,0.5387321128787274
1505100860487,9.109674088740496,2.02437201972011,1214.5226103871228,122.47450719306667,1060.0,48.584928473282645,13.158418128180717,1.3324352058004645,7240,7328.226711386798,125.095083584671,0.0,0.376855728968405,0.12790055248618784,0.37214723892267493,0.22936687095231534,0.6346296274152573,0.5331523667240938,0.7411822472501199,0.43932635657998453,0.4369240242431027,0.825165335800613,0.9387509491642274,0.8468985927755356,0.02550074926043988,0.0,0.5015298047173511,0.42024467245461716
1505400350417,48.211446337862306,4.591566317891648,18141.56283885397,75.7608442452122,0.0,39.02831370207901,0.0,0.9266649747404203,1260,2892.6867802717384,120.964173908858,2.0,0.47368421052631576,0.2015873015873016,0.626728826345178,0.35673502726055906,0.8761439021636226,0.4805305138222637,0.0,0.4152312582932088,0.0,0.573875421279475,0.7541324229235505,0.7584616591360159,0.15178107986385625,0.5,0.630391768895924,0.6623582766439909
1505400350402,66.3144797218117,16.578619930452923,25031.97129757418,99.47171958271754,115.0,24.867929895679385,4.144654982613231,0.9798203223053885,828,3431.774325603755,120.785137038391,2.0,0.536178107606679,0.18357487922705315,0.6771179156193486,0.5941268048990176,0.9049078482618373,0.5103298875536221,0.5057116805995538,0.3660975920104307,0.2700301120516989,0.6067940577971097,0.7098287130891825,0.7747187413454929,0.15725416859420338,0.5,0.713560338694603,0.6031746031746031
1505400350648,77.49720573516079,29.061452150685298,27708.377350159983,307.22106559295884,20.0,160.5299261656902,12.454908064579413,1.1146360776574706,4006,5543.817967411681,120.041507975502,2.0,0.4751197935864357,0.17199201198202696,0.7018400325642287,0.7053301770203008,0.9139835156655752,0.6344220861991402,0.32389215239562336,0.5722381332900303,0.428521980627935,0.6902842624629968,0.8762504145672552,0.8203480393608048,0.1799866249482509,0.5,0.632302281690219,0.5651166107980885
1505400470652,113.00019621639699,23.85559697901714,29422.961674096823,274.967144126566,100.0,125.55577357377442,10.044461885901955,1.0865013846516736,4086,5130.208908224423,119.374476865279,1.0,0.417765440666204,0.16984826235927558,0.7618626775730508,0.6659189222833056,0.9193478089196275,0.622185413686489,0.49098055551946346,0.5447772103136438,0.39597661609251,0.672860695973076,0.8783384650167215,0.8129709084074228,0.20037751115303037,0.25,0.5559735563753242,0.5580728620376197
1505400320031,133.340377677877,20.081382180403164,35333.35921393756,549.4266164558305,370.0,260.254713058025,17.671616318754783,1.178193351646643,8091,6499.13852886568,118.446766346533,2.0,0.48581429624170963,0.1757508342602892,0.7882720300290412,0.6317859835013832,0.9357025703378231,0.6986164865492406,0.6293963862188573,0.6263486436713374,0.482539364020206,0.7296447199963447,0.9504877304002676,0.83547482718426,0.22873726728554733,0.5,0.6465348152991174,0.5774670268552359
1505400370968,140.0527568292353,28.976432447427996,32097.767065573422,621.383495817067,475.0,275.276108250566,66.00187390803043,1.2419153300530277,3990,6423.109192513206,122.563263081898,1.0,0.4074074074074074,0.1568922305764411,0.7961150991121746,0.7047431962063655,0.9271217868544555,0.7122178417508754,0.6559092600147326,0.6326402604933309,0.693180751753287,0.769107177518244,0.8758278051018488,0.8343552072530411,0.10289753476525942,0.25,0.5421888053467001,0.5155030433225922
1505400381025,116.90120444748948,23.380240889497895,26025.454149306213,748.1677084639326,115.0,364.0637509936101,43.420447366210375,1.0558089187214041,2594,8664.049266765363,123.689371301536,0.0,0.3606299212598425,0.15805705474171164,0.7672750928353591,0.6619168895538431,0.9083852279117576,0.7327429985699753,0.5057116805995538,0.6640023095471062,0.6254208065833622,0.6538531233379138,0.8303606133588937,0.8628311955400517,0.06847283671297777,0.0,0.47993606062400096,0.5193303227227668
1505400491241,108.40947729168094,11.118920747864712,23380.433884560283,276.3051805844381,1115.0,94.51082635685006,25.573517720088837,1.1823766194669407,9185,5106.364353456869,122.284869902933,0.0,0.38107416879795397,0.16973326075122483,0.7552509262472427,0.5170464606104084,0.8988097390267074,0.6227208669564179,0.7465588497309125,0.5131031670331402,0.5407194125606491,0.7322353807509188,0.9638815763200702,0.8125276670810552,0.11140790788798283,0.0,0.5071438186258486,0.5576949996111673
1505400491203,79.1138449546401,12.760297573329048,19045.452961361407,233.258239640455,2335.0,64.3118997695784,33.17677369065552,1.2619350256307973,6892,3517.758835015352,124.269679741477,0.0,0.38699939625679214,0.1668601276842716,0.7051192586013908,0.5433715536192455,0.8804879974016724,0.6040457746092481,0.8251444539297837,0.47033008342657723,0.5822027540616139,0.7815051978888722,0.9335485700589893,0.7770729852468279,0.050733029406907715,0.0,0.515029271710167,0.548254705248321
1505400491167,128.19333997807564,35.60926110502101,33423.11594793165,833.2567098574917,100.0,391.7018721552312,78.34037443104623,1.1339740357558947,2603,18538.18133127394,123.550660828138,1.0,0.5577498503889886,0.1406069919323857,0.7819877860709543,0.7461708134773729,0.9307367951562977,0.7446523024966857,0.49098055551946346,0.6722154373751035,0.7210460869657388,0.702260088843536,0.8307263118627544,0.9352097011076668,0.07271316289135343,0.25,0.7422685978860977,0.461994402063553
1505400491222,23.193445290495415,6.103538234340899,5796.285095469016,29.296983524836314,120.0,2.44141529373636,7.3242458812090785,0.9830877585747855,2301,2808.8482954436818,125.488688915964,0.0,0.4225526641883519,0.12081703607127336,0.5125114393453263,0.40633746362150336,0.774209827632816,0.377615300510116,0.5102011740841107,0.13908797044324678,0.3493619895038636,0.6088175521739521,0.817705774239768,0.7556638359042267,0.01346838465707545,0.0,0.5623445230175812,0.39697026137704106
1505400491218,91.30368451768473,12.545544437544466,20336.622561720353,184.00131841731883,810.0,67.60654502454518,20.212266038266083,1.285704157357263,12090,8426.424013884034,123.68019900218,1.0,0.3656387665198238,0.15045492142266337,0.7279026507497749,0.5401115182780932,0.8863484497999727,0.5779129568971896,0.7125966392918313,0.4758686601843549,0.5035711029923604,0.7962252108976663,0.9929055203025329,0.8601851010443125,0.06875323040007542,0.25,0.4866019674737505,0.49435188467446534
1505400320794,68.77590275668045,25.437662663429755,17059.52775044687,23.55339135502755,20.0,7.537085233608816,4.71067827100551,1.444419042634741,3255,3066.651554424587,124.696064450843,0.0,0.365925304238355,0.15176651305683564,0.6828949186130086,0.6787077695104919,0.8706496294011647,0.3543456071551505,0.32389215239562336,0.24133596933533422,0.287237880132238,0.8945159353069388,0.8543284760847578,0.7640172538896155,0.03769861173899247,0.0,0.48698329962548,0.4986614000438885
1505400340864,135.5618418687051,67.78092093435255,56759.067777967895,867.5957879597125,75.0,352.46078885863324,27.112368373741017,1.0958508494843153,1653,22408.372460896953,123.280650922927,1.0,0.5249077490774908,0.14035087719298245,0.790910262941093,0.876869343848647,0.9780512917678662,0.7491177214196422,0.46072596662670856,0.6603672854157545,0.5499999951535303,0.6786507368355494,0.7827878121807587,0.9532515781657572,0.08096726253819042,0.25,0.6985614405016232,0.4611528822055137
1505400550775,32.83042256318501,32.83042256318501,9871.373621738985,0.0,0.0,0.0,0.0,0.0,0,0.0,120.654532241675,1.0,0.0,0.0,0.5664442006198491,0.7298101550238444,0.8217740703704075,0.0,0.0,0.0,0.0,0.0,0.0,0.0,0.16124670733312962,0.25,0.0,0.0
1505400350811,70.88854476707004,14.627794951935089,29892.431178772553,180.03439940843185,355.0,59.63639480404305,22.50429992605398,1.258141240503183,2111,2375.328857194998,120.486028377241,2.0,0.4824438202247191,0.211747986736144,0.6876930693019684,0.5697472306083856,0.9207621274839175,0.5755133582975183,0.6250057270110745,0.4619706254014726,0.5204861305471487,0.7791557403203876,0.8086068557530038,0.7397173301211274,0.16639780609311183,0.5,0.6420492945847766,0.6957433849901874
1505400010332,93.71240535412139,20.16596064582359,16081.265634760392,545.667170416403,2395.0,190.98350964574107,173.19001495824966,1.1772709072039376,1040,1233.6822983327372,122.998084748226,0.0,0.41882673942701226,0.14903846153846154,0.7320465401798947,0.632615815916057,0.8653736251370967,0.6978577805321967,0.8278424482587722,0.5916761759019169,0.8506901526631298,0.7290734583132185,0.7338814970623979,0.67741122158046,0.08960520254629789,0.0,0.5573859614930915,0.4896978021978022
1505400381006,83.71619133804708,6.697295307043767,28063.196759015937,465.46202383954176,310.0,123.89996318030968,83.71619133804708,1.236565810183343,2972,9952.180826267037,124.736997052489,0.0,0.31620903454384414,0.1601615074024226,0.7141045567661537,0.4229748526347547,0.9151203510744942,0.6802931555685072,0.6106290620807575,0.5432950417162391,0.7318540963925056,0.7657942671865265,0.8447241423459069,0.876020014657295,0.03644731774469856,0.0,0.4208195422124843,0.5262449528936742
1505400491133,155.313622473626,25.88560374560433,42358.38779442504,966.3958731692284,80.0,366.71271972939473,133.74228601895572,1.1884301582345127,2861,12343.118719362332,124.613870816902,0.0,0.5404094827586207,0.13247116392869626,0.8126402585953247,0.682189889871756,0.9519043467682567,0.7610438114794298,0.4675043867846458,0.6648159817560073,0.8083575224617369,0.7359842837581195,0.8407049890432265,0.8965070260073105,0.04021123972704532,0.0,0.7191915672802697,0.43526239576571624
1505400340898,87.33948570431302,6.633378661087065,16558.54995882997,474.28657426772514,3090.0,191.2624180613437,42.01139818688474,1.0672625007908656,2523,2789.335726987111,123.915276562467,0.0,0.3588362068965517,0.1629013079667063,0.7208414223950064,0.42124668981046615,0.8679866687488186,0.6823678877653577,0.8549381205719433,0.5918395543233629,0.6201066608791198,0.6609462253914499,0.8274303872868501,0.7550006984094163,0.061566999191898786,0.0,0.4775489369976666,0.5352471547477492
1505400320760,76.6744160766835,10.64922445509493,25120.811511497333,149.08914237132902,0.0,51.116277384455664,2.129844891018986,0.9045677547964036,1437,3060.587108394283,117.606397171304,3.0,0.5222457627118644,0.17536534446764093,0.7001450416766681,0.5088541238524412,0.9052243750980163,0.554761120463948,0.0,0.4449298374124403,0.18809995754322875,0.5601908084472806,0.7680061834945268,0.7638289434357816,0.254427031914921,0.75,0.6950187969924813,0.5762004175365345
1505400381082,129.14690611377875,23.48125565705068,26931.976061812074,208.3961439563248,310.0,82.18439479967738,22.013677178485015,1.2171303989007671,4235,6215.194856725602,123.479478325933,1.0,0.3929396238865061,0.15088547815820544,0.7831707173167188,0.6627738250560188,0.9114443039007739,0.591625250413525,0.6106290620807575,0.49755221582415654,0.517008509041683,0.7537580889111445,0.8821207376766632,0.8312244040378458,0.07488918478896545,0.25,0.5229346874279066,0.4957665710912464
1505400381097,77.98259975104659,10.849753008841263,18226.4500245786,166.81495251093443,1575.0,54.24876504420632,16.274629513261896,1.2433922202342647,3789,2569.357134406222,120.149685437189,1.0,0.4196328212813788,0.18975983108999736,0.7028316577961558,0.512391385715308,0.8765609753890237,0.5671192396706455,0.7832765475508451,0.4514987278496965,0.46971910198286076,0.7700218025424371,0.8703695060113145,0.7471863435671894,0.17667968127294886,0.25,0.5584587170436395,0.6234965878671341
1505400430741,75.33158752290267,11.798923346960658,29955.22948756438,258.6687041449067,140.0,141.5870801635279,18.15218976455486,1.165580153795891,5042,4576.16703964428,120.32822657548,2.0,0.5005952380952381,0.1656088853629512,0.6973397981559526,0.5283610127218938,0.9209496266135263,0.615446308752353,0.5264748496260959,0.5581999987320985,0.48672881643666976,0.7218334781477908,0.9005399480209016,0.8020976972340106,0.17122174688583114,0.5,0.6662056928034372,0.5441434804782682
1505400010563,83.50451729452489,30.70019018181062,17907.32898090942,1053.6305270397404,1440.0,433.48668536716593,83.50451729452489,1.2046408920382203,3231,3967.6925790972045,120.034766805566,1.0,0.4262734584450402,0.16001238006809038,0.7137021261917775,0.7163309209893424,0.8749828476497228,0.7706017362936196,0.7737494676677296,0.6835950119212111,0.7314416631408477,0.7460234477973755,0.8535470238469798,0.7885235735720002,0.1801926999377761,0.25,0.56729625672761,0.5257549630808683
1505400010578,156.14398745738015,59.37869945562343,27449.49803900427,694.9507047398891,295.0,281.4990196414741,83.57002145606262,1.322318809848812,3378,7428.935065225776,121.75796044022,1.0,0.4051580698835274,0.16193013617525162,0.8134925102836017,0.8498664360421416,0.9131448476169338,0.7245859106274593,0.6053700733912069,0.6351470437207587,0.7315694040643153,0.8189003412806563,0.8582451191890557,0.8481972670258862,0.12751532886091166,0.25,0.5391953260855967,0.5320561617186839
1505400550506,73.13623676268794,11.701797882030071,23580.542992319122,195.51753961225245,335.0,85.81318446822053,12.676947705532578,1.2901666559029046,7558,3685.0911830159703,119.13732845937,2.0,0.46595538312318135,0.17557554908706008,0.6926455316437501,0.5267822670975817,0.8995711632814808,0.5845982071750573,0.6188545799432352,0.5023575911008088,0.4312203416905858,0.7989887967702806,0.9432907030511936,0.781494007999249,0.20762704732071902,0.5,0.6201060361864895,0.576891089857483
1505400491186,93.29467392441327,20.73214976098073,37077.28001622527,818.9199155587388,20.0,393.91084545863384,51.830374402451824,1.1837133983547463,3122,32362.88577689092,122.751928186959,1.0,0.4677950164551011,0.15278667520819988,0.731335496249003,0.6380869579044851,0.940006936481515,0.7427333122055958,0.32389215239562336,0.6728467161100934,0.6540048987719951,0.7330632360905595,0.8499233125159195,0.9882293803020844,0.09713011458177567,0.25,0.6225542700191947,0.502013361398371
1505400491237,98.39851341795149,20.477528468060175,25224.193474657855,165.68182124157778,1075.0,58.77316612261427,16.754341473867417,1.2078285208723603,12930,3438.62913106517,123.45510157003,0.0,0.397125567322239,0.17122969837587007,0.7398147933474964,0.6356443816746666,0.905591306251158,0.5663692044105877,0.742675746853527,0.4603569558523943,0.47423474569460095,0.7479975181355656,1.0,0.774908576358231,0.07563437290394504,0.0,0.5285054542559121,0.5626118660921445
1505400470667,131.54667991094405,31.431507589340615,32333.798268071736,406.2813388399953,100.0,200.23034464320688,24.4467281250427,1.142714685527164,5064,5895.15386786744,119.603404204674,2.0,0.45425685425685425,0.1721958925750395,0.7861097848462082,0.7210578753846972,0.9277763808835686,0.6652737313613808,0.49098055551946346,0.5969702089240593,0.5335764608931715,0.7076730959242757,0.9009997366123427,0.8261944036060294,0.19337928984787112,0.5,0.6045373173192722,0.5657865041751298
1505400370915,172.8590804252283,49.603040469848125,35333.5536286957,356.24001791981834,240.0,138.28726434018265,28.559326331124677,1.1978255086959466,4699,7063.172338418677,122.167225024447,1.0,0.4675243175400063,0.14386039582889976,0.8297526020779453,0.8132605512884036,0.9357030619398449,0.6507608969627823,0.5835012618825002,0.5555649037959786,0.5582741510701311,0.7418027411845848,0.8930998100435028,0.8433934122380983,0.11500426687786691,0.25,0.6221940165757979,0.47268415772352773
1505400340879,29.46522745168986,7.576772773291679,8383.656201331418,86.71195507211587,785.0,26.097772885782447,12.627954622152798,1.2186020783156541,4933,4152.9133434053165,124.667657829584,0.0,0.32893318965517243,0.1528481654165822,0.549590225617858,0.44539721270624344,0.8071803100956885,0.49529433723543165,0.7092655842087386,0.37132486610833126,0.43062873379644073,0.7546694869538333,0.8982319051932391,0.7928642685200769,0.03856699129832186,0.0,0.4377531922478611,0.5022154006544843
1505400010722,94.8675577755097,33.95259962491926,18458.659642755916,692.0338688255601,1760.0,189.7351155510194,177.75184509516552,1.3901135975555745,6482,6472.963257903724,120.506446490292,1.0,0.436710263799601,0.16352977476087627,0.7339965824170854,0.7365732904279556,0.8776920346163963,0.7241209598876697,0.7950844373164514,0.590941973294841,0.8549520155652287,0.8608850535728948,0.927071274384738,0.8350908511137958,0.16577363217774488,0.25,0.581185839793454,0.5373121170714505
1505400370949,272.1685599492038,38.88122284988626,45265.74809732061,486.0152856235782,20.0,311.04978279909005,97.20305712471564,1.0008048470763757,1608,31260.503171308552,123.467191033894,1.0,0.37084398976982097,0.14054726368159204,0.9024359834190403,0.763912517142579,0.9578354772426138,0.6850665728453741,0.32389215239562336,0.6463435228044542,0.7562086302251252,0.6197895883519073,0.7798742584405335,0.9849314987727464,0.07526480261232071,0.25,0.4935292194681076,0.46179815209665953
1505400431256,26.503172228823612,1.5901903337294168,10696.534896121628,15.901903337294168,40.0,10.601268891529445,0.5300634445764723,0.9358294099137395,1087,576.1789642546254,118.607197216551,2.0,0.5202797202797202,0.18951241950321987,0.5331367787990964,0.19724853995909233,0.8289462711453097,0.31300625519409997,0.39506913624868106,0.2758518329318018,0.07011551562818741,0.5795508749107621,0.7385458652088115,0.6050491034785717,0.22383295688062899,0.5,0.6924023345075977,0.6226836640820081
1505400381078,376.5489095341621,104.59691931504501,63345.71021542779,240.57291442460354,20.0,83.67753545203601,94.13722738354052,1.5801430513827013,1163,12164.621716339736,123.354736109135,0.0,0.47029077117572693,0.11693895098882201,0.9544918924396859,0.9657189977329492,0.9878607573664183,0.607449606399193,0.32389215239562336,0.49955439175263844,0.750979837410757,0.9785686132661908,0.7456778469024564,0.8951209419123147,0.07870250669955736,0.0,0.6258756879556667,0.3842279818204152
1505400491152,249.95933094993842,45.1315458659611,38301.30460672619,718.633076481073,155.0,298.56253419020425,62.489832737484605,1.1756735411666184,4410,15310.009020683729,123.740233729059,0.0,0.36786600496277916,0.14421768707482993,0.888795398658393,0.7940866737413127,0.942908831233424,0.7282903446692962,0.5372299810340917,0.6417473836844741,0.6843046774160053,0.7280842236571219,0.8863966811135517,0.9170040130456435,0.06691799173524715,0.0,0.4895660366797888,0.47385811467444117
1505400370991,103.20410215057669,7.701798667953484,24839.571516300442,251.07863657528358,470.0,113.98662028571155,7.701798667953484,1.1248810779691514,3240,4990.765536833857,120.49617718115,1.0,0.4557303370786517,0.1756172839506173,0.7474096671142295,0.44839657640187736,0.904218483071788,0.612162229537616,0.6547858577292246,0.5339881673582465,0.35667463406138766,0.6966289005254434,0.8538407463632094,0.8103490641488132,0.16608756103489564,0.25,0.6064982681422658,0.5770282186948853
1505400381010,103.11205509189371,30.32707502702756,31320.989952137006,773.3404131892028,515.0,242.6166002162205,133.43913011892127,1.2125002948974661,2062,6253.4428705730825,124.144190182879,0.0,0.4055896387184731,0.12318137730358875,0.7472675116253042,0.7138770659013164,0.9249330197209618,0.7364016106359277,0.6644933666107117,0.6184819819149172,0.8079861920800547,0.7508907064612936,0.8061273815170691,0.8318081330405123,0.054569197270809,0.0,0.5397696695727048,0.404738811140363
1505400350633,116.42096240024813,38.806987466749376,35085.948486955975,628.67319696134,40.0,315.6301647295616,41.39411996453267,1.160805153310803,2796,7233.622463802084,120.654532241675,2.0,0.4684873949579832,0.17274678111587982,0.7666185325770583,0.7635263756958836,0.9350747591253038,0.7135069291567988,0.39506913624868106,0.6479834404663147,0.6177235626995831,0.7188763625885702,0.8382784190629459,0.8456622745910337,0.16124670733312962,0.5,0.6234757060719025,0.5675965665236051
1505400491190,164.78798415997045,123.59098811997784,35654.07714706993,1450.13426060774,0.0,782.7429247598596,32.95759683199409,1.0090224810757398,4445,36624.129479553434,123.459964548033,1.0,0.437398900032352,0.14128233970753656,0.8221060953643307,1.0,0.9365098895956327,0.805933343387174,0.0,0.7499849525374593,0.5811421108974447,0.6248786963918724,0.8872314835694401,1.0,0.07548571352426114,0.25,0.5821022955317767,0.46421340189619154
1505400491129,254.64532236169288,23.872998971408705,56128.09310802676,564.9943089900061,100.0,278.5183213331016,87.53432956183192,1.2574329541946623,1924,15310.550006996784,124.929648943424,0.0,0.4157468727005151,0.1314968814968815,0.891771319297686,0.6660639737776882,0.9770524951941537,0.701704051887436,0.49098055551946346,0.6339532902385615,0.7391216253591074,0.7787171048752498,0.7988143502653171,0.9170073753303287,0.030558023040171522,0.0,0.5532871914886555,0.432061182061182
1505400491148,252.68713733674758,31.585892167093448,50348.259069630345,821.2331963444296,140.0,355.34128687980126,47.37883825064017,1.0025217538124838,1690,13345.039440596982,122.439125709959,0.0,0.5476190476190477,0.11479289940828402,0.890534429077803,0.7220421233972437,0.9673430596143151,0.7430452059889576,0.5264748496260959,0.6612807147918447,0.6394934926329335,0.6208528535052682,0.7851246220217589,0.9039333963043508,0.10669236679958871,0.0,0.7287862513426424,0.37717666948436174
1505400491114,143.23577447867459,24.9105694745521,47990.594179108826,641.4471639697166,140.0,323.8374031691773,56.04878131774223,1.1447733226770123,3635,22637.480009999224,123.275974370716,1.0,0.4061169183120403,0.1469050894085282,0.799704726752015,0.6745339902675241,0.9630581252611887,0.71573025907531,0.5264748496260959,0.650863412834229,0.6666693393316696,0.7089479916998086,0.8659879526697982,0.9542195411218866,0.08111022295263526,0.25,0.5404713875280537,0.48268815091373546
1505400340826,136.73549937430138,24.969091190089816,26382.952692675197,463.7116935302395,1715.0,131.97948200476046,54.69419974972055,1.1921533191984934,5027,5977.124829170548,123.43635236703,0.0,0.38867403314917126,0.14064054107817783,0.7922868354056235,0.6750015633687696,0.9096041510535933,0.6798769752448022,0.792330568076147,0.5503493300495511,0.6627076912340761,0.7382900044068299,0.900225304319796,0.8275082644639965,0.0762075288766485,0.0,0.5172579238150625,0.4621046349711557
1505400340845,196.79054467547988,61.49704521108747,61370.91458399416,664.1680882797447,195.0,307.4852260554373,86.09586329552245,1.2527014048227518,1345,16542.705161782527,123.719543008533,0.0,0.46354733405875953,0.1620817843866171,0.8504976074765004,0.8570130961495322,0.9850310600420858,0.7195777841492239,0.5615133251727298,0.6450505592137179,0.7364210918921446,0.7757868982060376,0.7610226243192936,0.9243726801038382,0.06755049915697686,0.0,0.6169013393112815,0.5325544344131704
1505400340830,105.59896587437566,9.50390692869381,24997.739068952822,274.55731127337674,685.0,86.59115201698805,33.791669079800215,1.2775176019549703,3242,3423.5184736472593,123.408830546964,0.0,0.42255375164545855,0.15607649599012954,0.7510647666544352,0.48740509734401377,0.904785583098331,0.6220208879652335,0.6947887739852886,0.503361627268163,0.5851424449936694,0.7911553495579361,0.8539059072612382,0.7744896023009086,0.07704886040154024,0.0,0.5623459702349336,0.512822772538997
1505400340883,126.56537071208415,28.477208410218932,16723.00783659765,678.7068004435513,3890.0,164.5349819257094,94.92402803406311,1.0638667929470216,2716,4296.894335675257,125.154642469409,0.0,0.34789081885856077,0.15942562592047127,0.7799479114219661,0.7012625758748195,0.8688696293266477,0.7219713903496272,0.8794249667269475,0.5749945101826968,0.7523376314172125,0.6588432935632842,0.8352132547653552,0.7961068228292549,0.023680056908069624,0.0,0.46298251833056586,0.5238270565958342
1505400370972,92.9018959472271,6.54238703853712,22307.84983327783,170.10206300196512,425.0,75.89168964703059,2.616954815414848,0.9918148645784151,3553,4649.020229584477,120.969681057691,1.0,0.39936983064198506,0.16464959189417394,0.7306640477589511,0.41876135207603765,0.8946140806703973,0.5692667055675362,0.6441027883763231,0.4886994889714723,0.21194646752855426,0.6142221717192052,0.8635785807193174,0.8036004168223705,0.15161272842800044,0.25,0.5314921806288072,0.5409915162237143
1505400340900,110.60584003864466,5.6720943609561365,26155.270703063947,2.8360471804780683,0.0,0.0,0.0,0.0,1021,2895.6041712681076,125.024098725399,0.0,0.6820428336079077,0.0901077375122429,0.7584481471088553,0.393351199603049,0.9088297742728001,0.14883461600666395,0.0,0.0,0.0,0.0,0.7319358381380352,0.7585575514885958,0.027670729289098084,0.0,0.9076810642751856,0.2960682803973695
1505400370934,160.88288145721683,41.51816295670112,35773.33779814201,534.5463480675269,1550.0,212.78058515309323,38.05831604364269,1.1664570845935474,4540,7853.852492642628,122.929342987289,0.0,0.48412438625204585,0.1458149779735683,0.8182717445970449,0.777182000890308,0.9368082446005563,0.6955825208869145,0.7815754366681512,0.6037789564216683,0.6042128341884091,0.7223765536331667,0.8894646706077084,0.8534895948693932,0.09170661191581586,0.0,0.6442858373429483,0.4791063561988672
1505400370953,89.38834300942072,20.315532502141075,25681.4010429734,568.8349100599501,825.0,227.53396402398002,69.07281050727966,1.1657168378832892,1639,6659.431554201844,123.362411285493,1.0,0.4032534246575342,0.150091519219036,0.7245296286806145,0.6340752393584681,0.9071962335079442,0.7024527031224969,0.7145463311453285,0.6112893670204774,0.7005687301976666,0.7219181253939649,0.7818899553033601,0.8377930281672776,0.0784678794905429,0.25,0.536660572664538,0.4931578488625468
1505400381044,173.26845346665826,64.97567004999685,46285.368979141436,714.7323705499654,40.0,227.41484517498895,119.12206175832756,1.3096794213769907,1279,13850.646998990995,124.865493067828,0.0,0.5944931163954944,0.13917122752150118,0.8301309206932841,0.8682392831340101,0.9598256756916136,0.7276886536620091,0.39506913624868106,0.6112306917334867,0.7894226948340097,0.8110728798121647,0.7557120591600445,0.9074719135568386,0.03251924364682168,0.0,0.7911675308421242,0.4572768904277896
1505400381059,93.31993603402042,25.662982409355614,25144.64749321009,291.6248001063138,1220.0,102.65192963742246,44.326969616159694,1.305950638341595,2497,5825.497006923724,124.561958648735,0.0,0.4035975267003935,0.15698838606327592,0.7313785856972655,0.6804666303319702,0.9053091093470333,0.6286736880896135,0.7561249364687147,0.5223089233370988,0.6287513157210803,0.8087636774643617,0.82633668132975,0.825063481052706,0.04179817487521653,0.0,0.5371185129772155,0.5158189827793351
1505400370987,105.53425549482361,9.691921422994005,21913.183908040675,334.9097291723484,1590.0,118.45681739214896,31.229524585202906,1.1948455438836356,3429,3692.6220621607163,122.590372102281,1.0,0.4353285893679364,0.1621463983668708,0.7509670880475964,0.4910819966847368,0.8930192834470404,0.6439453841443088,0.7842843088712423,0.5382804024966218,0.5725316487338523,0.7399572753380506,0.8598274417537003,0.7816882289283988,0.10206882236896975,0.25,0.5793470700610883,0.5327667374911469
1505400010703,61.83953840815123,17.668439545186065,11272.40739341041,371.03723044890734,855.0,44.17109886296516,229.68971408741885,1.3802246531144966,174,1537.1542404311876,121.973863802594,1.0,0.46218487394957986,0.14942528735632185,0.6660522478861673,0.6065932368198853,0.8336310595301486,0.6552539193694198,0.7183416875459503,0.4288341846554941,0.897003117036967,0.8547609177613275,0.5455347141342842,0.6983247368643205,0.1209152455575625,0.25,0.6150881405193657,0.4909688013136289
1505400010718,63.65740253811878,0.0,21292.109014716054,84.8765367174917,75.0,35.36522363228821,21.219134179372926,1.4559974469957844,1409,4982.960009789409,123.109781546071,1.0,0.39920556107249255,0.1433640880056778,0.6706396597470119,0.0,0.8904504871212893,0.49295322597477664,0.46072596662670856,0.40443019699152005,0.5112162517300544,0.9016863387014334,0.7659292045335041,0.8102001460392548,0.0861906741091848,0.25,0.5312735662393322,0.47105343201865557
1505400381063,167.93699198766618,92.36534559321639,42660.452493611556,638.1605695531315,160.0,209.9212399845827,92.36534559321639,1.3602389512310418,1241,10420.490352834686,123.616127793714,0.0,0.5341614906832298,0.10797743755036261,0.8251328351067236,0.9402043805514695,0.9525392232651793,0.7151624743902298,0.5405862596296119,0.6022635424267245,0.7478804946885964,0.8423839493848693,0.7525288040798938,0.8803953220138816,0.07071186276490804,0.0,0.710876570307757,0.3547830090940486
1505400491171,133.7401268794642,40.12203806383926,25367.224466728756,1069.9210150357137,20.0,387.8463679504462,173.86216494330347,1.3588604510134679,1925,25744.974424296863,123.859595264404,1.0,0.5830592105263158,0.14805194805194805,0.7887499798865875,0.7702624333104701,0.9060964908812337,0.7722986614401582,0.32389215239562336,0.6711050585047413,0.8513250678634939,0.8415302563947833,0.7988692065700322,0.9664598505847274,0.06326915520101994,0.25,0.7759509794222399,0.486456400742115
1505400010351,24.786943471638544,0.0,7697.6298298064285,101.62646823371803,60.0,17.35086043014698,9.914777388655418,1.0967160263963005,663,1643.3743521696356,123.465510190829,0.0,0.38125,0.16440422322775264,0.5227721113413576,0.0,0.7995535082768214,0.5126789718027301,0.43733617055870233,0.32745903645698565,0.3940293954275033,0.6791865332435078,0.6863863309490638,0.7046792965751784,0.07531618534266304,0.0,0.5073778195488722,0.5401853048911872
1505400010510,127.30396841934584,19.28848006353725,13827.864312671127,331.76185709284067,585.0,111.87318436851604,54.00774417790429,1.3059940101052205,1141,4401.6311504992,124.843957236336,0.0,0.31451612903225806,0.1691498685363716,0.780876594558278,0.6238405407651105,0.8518857908775017,0.6429030687717551,0.6780269506226074,0.5319004288984933,0.6606631206749699,0.8087905372138944,0.7436623756300044,0.7983980309701617,0.03317758578791297,0.0,0.4185665777346593,0.5557781394766494
1505400410756,69.1623424990778,11.527057083179631,19433.356692515208,140.09807839556782,200.0,53.20180192236753,15.960540576710258,1.2933846352348883,4140,3670.9243326433593,121.629591509574,1.0,0.43243243243243246,0.17342995169082126,0.6837833483967979,0.5239112674822524,0.8822893855777725,0.5479224987408327,0.5641931950305995,0.44934560460419576,0.4666940580687387,0.800981662903295,0.8797249199902955,0.7811275680370794,0.1314395180282757,0.25,0.5754927860191019,0.5698412698412698
1505400010737,98.78254110672567,25.179863419361446,19591.373165972625,493.91270553362835,1025.0,191.754344501291,42.61207655584245,1.3344487649993144,8004,7751.524108021885,121.796514876513,1.0,0.4426820475847152,0.15829585207396302,0.7404350789412576,0.6766768902602434,0.8830129137020231,0.6868473381388389,0.7376136498282899,0.5921271372096961,0.6223930634639036,0.8264123151998667,0.9493459604860576,0.8522417456354059,0.12633673447289717,0.25,0.5891332512969518,0.5201149425287356
1505400010258,107.86809005062679,16.281975856698384,20347.359503144475,181.13698140576952,175.0,48.84592757009515,32.56395171339677,1.4159111760360523,3329,6775.3372033686155,122.442515428804,1.0,0.4065934065934066,0.171522979873836,0.7544529748355929,0.59059951814925,0.8863956070674076,0.5761855487545092,0.5500630145896672,0.4399171846192763,0.5792198747235634,0.8768612657121543,0.8567021897400635,0.8394347902372202,0.10658874438951638,0.25,0.5411055110303231,0.5635755052997468
1505400010281,129.28668385562673,46.17381566272383,23464.276602280763,212.39955204852964,20.0,92.34763132544767,18.469526265089534,0.9875507841586048,1352,12485.399755200524,121.505128266057,1.0,0.4112734864300626,0.16050295857988164,0.783343387642951,0.7987171006194124,0.8991295545584769,0.5937217945688824,0.32389215239562336,0.5105249438700457,0.48943799471255106,0.6115814644366475,0.7615705178682446,0.8975976013363535,0.1352443118322474,0.25,0.5473338879557976,0.5273668639053254
1505401061260,292.9826657546562,29.298266575465618,39733.61617378836,29.298266575465618,20.0,6.6586969489694585,6.6586969489694585,1.4658073752112624,3832,5103.225341690193,125.26712818319,0.0,0.4119380987472365,0.12108559498956159,0.9142481786951983,0.7069564467794072,0.946189021165161,0.3776199886109063,0.32389215239562336,0.229116474515684,0.3356242966078419,0.9077615404634897,0.871561151847606,0.812469162579148,0.02024141161219295,0.0,0.548218372016999,0.3978526692514166
1505500010058,138.8951832217377,50.77888418859228,31177.69647281785,740.7743105159344,495.0,342.0107199761068,55.25937396993866,1.2935358507235455,4349,6495.216686358465,118.595682259855,2.0,0.4712449255751015,0.1795815129914923,0.7947895315523502,0.8180212952217742,0.9245233298348101,0.7316450585479083,0.6602878701123955,0.6569898219006518,0.6643722051132764,0.8010753093177193,0.8849257808336974,0.8354173946110486,0.2241849647076143,0.5,0.62714550245709,0.5900535426863318
1505500010043,154.67025587754915,30.38165740451858,37589.54375660336,751.2555285480959,175.0,328.67429373979195,37.28657954190917,1.179825445099876,4883,6743.346959375647,120.557676251546,1.0,0.4580471782621678,0.17059184927298793,0.8119768155944957,0.7142378554503312,0.9412328898770215,0.7331983442233746,0.5500630145896672,0.6525268217702606,0.6009228701814519,0.7306554610339069,0.8971560575102044,0.8389844825299717,0.1642075579481952,0.25,0.6095815831007797,0.5605160761826746
1505500010062,51.570801601054235,6.726626295789683,22417.82730545025,161.4390310989524,135.0,38.11754900947487,8.96883506105291,1.2175124325865279,1622,3636.862617256955,119.48170422775,2.0,0.4921803127874885,0.17755856966707767,0.6373511202976426,0.4237630987342146,0.8950534615006159,0.5635148234232107,0.5226338112021737,0.4126410218230141,0.3790844042073291,0.7539946789931429,0.7807893392709628,0.7802407089402614,0.19709961164778245,0.5,0.6550068824314698,0.5834067289061123
1506200010226,135.71852918806943,14.615841604869013,34399.20809925105,350.78019851685633,140.0,196.2698729796696,31.319660581862173,1.2214551614068792,3145,6566.688835330436,120.530005049625,1.0,0.4582560296846011,0.16565977742448332,0.7910947228988666,0.5695886473320524,0.9333086601851259,0.6490559142816158,0.5264748496260959,0.5947331628901841,0.5729920612615862,0.7564363760729356,0.8506983658209062,0.8364586513562835,0.16505345601932397,0.25,0.6098595282268752,0.5443106972518738
1506200220067,138.7329423380046,26.499550783663796,34867.65457942228,391.2580733352714,100.0,219.79039179391737,23.381956573820997,1.1102820565371614,3628,5655.315896654839,118.03597437828,2.0,0.4682314852286524,0.1615214994487321,0.7946028694530249,0.6868693785835364,0.9345171455211365,0.6611130226432949,0.49098055551946346,0.6074099481954335,0.5265298144788554,0.6875878557002645,0.8657844066504473,0.8222426014564026,0.24129502081473986,0.5,0.6231351344772291,0.5307134981886912
1506200220141,42.76329047694839,0.0,26392.970944956658,57.01772063593119,0.0,38.01181375728746,0.0,0.8239592165010823,460,2185.679291044029,115.392021137081,3.0,0.5384615384615384,0.16521739130434782,0.6078550398008847,0.0,0.9096380707932141,0.44953946497995984,0.0,0.4123364090833432,0.0,0.5102706537701186,0.6478451507867856,0.7318025190344806,0.3221196612936855,0.75,0.7165991902834008,0.5428571428571428
1506200200279,56.11839124968518,0.0,14046.630862569988,39.282873874779625,0.0,11.223678249937036,0.0,1.0789922078775833,213,1195.3217336182945,119.059843322631,3.0,0.5,0.1643192488262911,0.6506968734165929,0.0,0.8532881669856424,0.40915234849607296,0.0,0.2817332945934472,0.0,0.6682103292254817,0.5667855756629891,0.674407739478496,0.2099957383481562,0.75,0.6654135338345865,0.539906103286385
1506200010118,58.47296894361169,10.081546369588223,23437.569415765982,116.94593788722338,60.0,60.48927821752933,8.065237095670577,1.0464446148129634,1533,3091.002116915749,117.647935430952,2.0,0.48546511627906974,0.17221135029354206,0.6571949130157723,0.4985001350068092,0.8990278049909549,0.5280812176808317,0.43733617055870233,0.4635425511693589,0.363420159798775,0.6480538927670693,0.7748322984784461,0.764769646724271,0.2531572231868935,0.5,0.6460701171533485,0.5658372938216382
1506200010211,181.30821073284238,24.02879901278634,37157.532165047596,240.28799012786342,20.0,115.77512251615238,8.737745095558669,1.1364159364593431,3245,7088.49570877197,120.518617988059,1.0,0.4756707594361073,0.16394453004622497,0.8373859684366047,0.6673581165726837,0.9402001112345063,0.6073189594658301,0.32389215239562336,0.5357251626191695,0.37521780568480534,0.7037723363473403,0.8540035732990378,0.8437339322575965,0.1654015541410464,0.25,0.6330355219563233,0.5386748844375963
1506200010298,23.54793149401872,0.0,12180.799387161573,17.660948620514038,0.0,11.77396574700936,0.0,0.6365141682948128,233,685.8335047632952,116.313975320235,2.0,0.4935897435897436,0.23605150214592274,0.5148512776560502,0.0,0.8405551725765941,0.3239666632213831,0.0,0.28668897177628644,0.0,0.3941875936153338,0.5762227244658833,0.6216013894773288,0.2939358741410467,0.5,0.6568825910931175,0.7755977927651747
1506200220160,13.552612030498736,0.0,9348.06910738701,1.9360874329283908,0.0,0.0,0.0,0.0,229,443.3640221406015,115.566957693196,3.0,0.41358024691358025,0.16593886462882096,0.4307447592722197,0.0,0.816907884706992,0.11923639676731428,0.0,0.0,0.0,0.0,0.5744015446547747,0.5801636738394655,0.31677191760658174,0.75,0.5504037872458926,0.5452276980661259
1506200230033,68.52902575880549,5.873916493611899,24943.943003202774,452.29157000811625,315.0,242.78854840262517,24.148323362626698,1.1482275710125787,9757,6367.978136463477,120.006517592382,2.0,0.4388733225188025,0.1898124423490827,0.6823247658335438,0.399527365066928,0.9045931042695365,0.6771224883556902,0.6123258318263608,0.6185613872676529,0.5316318080065524,0.7110871771366298,0.9702621016155206,0.8335350194231774,0.18105626759238946,0.5,0.5840644968859252,0.6236694534327003
1506200140315,51.169352387824794,17.056450795941597,21003.013827882376,17.056450795941597,20.0,5.6854835986472,2.8427417993236,1.0114042647073516,201,571.3911016640435,118.794844352822,2.0,0.5703125,0.16417910447761194,0.6361180263245966,0.5996852333297584,0.8892291103995895,0.32032119094710315,0.32389215239562336,0.21382172704009023,0.22192920756719725,0.6263537139249034,0.5606900877346803,0.604256422516512,0.21809665561414782,0.5,0.7589873120300752,0.5394456289978677
1506200220283,17.38802012843938,0.0,21081.211213418883,19.87202300393072,20.0,4.96800575098268,4.96800575098268,1.2130075659799042,218,541.5126268571121,113.958381362708,3.0,0.3885350318471338,0.15137614678899083,0.4683744353830115,0.0,0.8895611314358921,0.3363628777063908,0.32389215239562336,0.20104538434605995,0.2945039890738219,0.751204854955164,0.5692250793000885,0.5991547245514525,0.3659454814838595,0.75,0.5170729371198698,0.49737876802096986
1506200010194,91.16535774165958,13.476618100940982,26432.823263010716,384.4799869974339,725.0,165.6831284174509,32.502431890504724,1.2534435474446786,4285,3396.900503678359,121.132630912479,1.0,0.5029814100315678,0.158926487747958,0.7276614051010956,0.5538890589721779,0.9097728751826594,0.6591833818667693,0.7008178776671751,0.5757723998500034,0.5789174274605722,0.7762465005665639,0.8833602005303193,0.7737470476323179,0.1466314136210246,0.25,0.6693812750044174,0.5221870311718619
1506200200122,50.64598482571661,16.881994941905536,4196.056058860358,0.0,0.0,0.0,0.0,0.0,73,1232.385630759104,120.654532241675,3.0,0.35185185185185186,0.2602739726027397,0.634496120596748,0.5976730892260776,0.7453499858585408,0.0,0.0,0.0,0.0,0.0,0.4546203718975751,0.6773112304986854,0.16124670733312962,0.75,0.4682539682539683,0.8551859099804304
1506200010245,38.717791359202465,3.5197992144729513,18483.60950834739,359.019519876241,555.0,109.11377564866149,28.15839371578361,1.1863930790243442,601,2115.3993278982434,120.680653249724,1.0,0.4563106796116505,0.16805324459234608,0.5922522953049403,0.312633415502438,0.8778127142652628,0.6516188915623788,0.6724362488685374,0.5291149427079128,0.55602277367328,0.7347227386239219,0.6760323919405219,0.7286938066026054,0.16044819809642652,0.25,0.6072706036937003,0.5521749465177085
1506200010175,97.40764719703874,22.194147462616424,30976.215235182637,458.6790475607394,295.0,193.5822862017099,34.52422938629221,1.2349993160229726,5279,6509.0502475084495,120.541349842399,1.0,0.4530690889072392,0.16726652775146808,0.7382031999187999,0.6515805895859254,0.923944079183199,0.6786715596308672,0.6053700733912069,0.593189368935328,0.5885775887363011,0.7648241512107218,0.9053908086603742,0.8356198228888254,0.16470665003842444,0.25,0.602956607041965,0.5495900197548237
1506200140300,83.55022291275175,37.13343240566744,28985.703233499644,27.850074304250583,0.0,9.28335810141686,0.0,1.0986122886681096,159,1476.0539381252809,118.449280032671,2.0,0.4537037037037037,0.2138364779874214,0.7137891060891641,0.7546246658269863,0.918010083420789,0.3721979551763419,0.0,0.2622807356715987,0.0,0.6803608716934915,0.5360693570758198,0.6944675098705346,0.22866042486064542,0.5,0.6038011695906433,0.7026055705300989
1506200200137,97.57945040396532,20.909882229421143,31260.932686927714,62.72964668826342,20.0,34.8498037157019,20.909882229421143,1.1490596969706204,274,1909.7692436204643,117.329224163033,3.0,0.41237113402061853,0.16423357664233576,0.7384837886597614,0.6397750402309896,0.9247615388241698,0.4599346847809042,0.32389215239562336,0.40282368761338055,0.508905599117421,0.7116025053811905,0.5932760100019239,0.7189673559611085,0.2629001048856864,0.75,0.5487946670800713,0.5396246089676746
1506200010207,230.52012881060958,50.663764573760346,48962.02849696263,846.0848683817977,40.0,417.97605773352285,73.4624586319525,1.2351399072740912,4243,10748.317654323257,120.666992739375,1.0,0.49086437104708364,0.1581428234739571,0.8758262516105243,0.8175599996482305,0.96484861689381,0.7463416092603467,0.39506913624868106,0.6795039608666091,0.7105855256227439,0.764911218128824,0.882320031721362,0.8833426745536709,0.16086579467888962,0.25,0.6532555915438633,0.5196121342715734
1506200200048,168.39082888568157,29.841412713918253,41671.640993304885,699.1416692975134,60.0,394.3329537196341,25.578353754787074,1.086258030899617,4685,9986.215611764786,117.253457159203,3.0,0.434476423759951,0.167982924226254,0.8255643929325576,0.7106388757438721,0.9504439384219994,0.7252505604086937,0.43733617055870233,0.6729669439572475,0.5407494117968779,0.6727099891472131,0.8927847104335246,0.8763448620134461,0.2652162732464969,0.75,0.5782129850038445,0.5519438938862631
1506200010264,86.81422958314188,5.787615305542792,32039.050175416058,81.02661427759908,0.0,34.725691833256754,11.575230611085583,1.277034259466139,600,3472.569183325675,121.05159885598,1.0,0.3953488372093023,0.19666666666666666,0.7198821162038234,0.39690886513529944,0.9269581974915013,0.48787559668095454,0.0,0.40243339376271525,0.4173751412768209,0.7908560198304064,0.6758567878895104,0.77584296309646,0.1491085326304482,0.25,0.5261409337296731,0.6461904761904761
1506200010230,154.59806436137202,23.582755580548277,40918.098504003756,403.52715104493717,20.0,254.16969903479807,18.342143229315326,1.0068543355800534,3060,8018.136897386414,118.416573471647,2.0,0.49122807017543857,0.19150326797385622,0.8119022002936894,0.6636313222272003,0.9488135314476691,0.6645225698014644,0.32389215239562336,0.6236963769629013,0.4883558379475452,0.6235359830665084,0.8478052595393254,0.8554593645313036,0.22966025193582795,0.5,0.6537396121883656,0.6292250233426704
1506700050218,158.09311419346355,11.856983564509767,37429.020578967786,368.55457246351193,220.0,167.97393383055504,19.761639274182944,1.2125855225924211,4323,4271.478329114643,119.973815079144,2.0,0.43764549384768875,0.18667591950034698,0.8154754495034,0.5292990529027293,0.940850531221981,0.6545127024492378,0.574284661105589,0.5773085774523462,0.5000311814296137,0.7509434872188276,0.8842925598638662,0.7955424078052227,0.18205597092830028,0.5,0.5824304692559467,0.6133637355011401
1506700050222,29.29395421677429,1.541787064040752,11182.550528696765,40.086463665059554,20.0,21.585018896570528,0.0,0.9839614460010255,511,787.8531897248243,119.255905337766,3.0,0.47262247838616717,0.1898238747553816,0.5486833340159077,0.19333894059202342,0.832916043967278,0.41133899952193204,0.32389215239562336,0.3508237931779058,0.0,0.6093586190681017,0.658928106252674,0.6347800975564931,0.2040021974496501,0.75,0.6289787870251999,0.6237070170533966
1506700130260,73.9655773487669,5.283255524911921,21205.07735814028,187.5555711343732,40.0,100.3818549733265,10.566511049823841,1.1764733016480362,5102,3369.3962110125776,118.55963079525,2.0,0.4564658863831002,0.19364954919639357,0.6944350292262316,0.3809066162902602,0.8900845469538847,0.5800196263000684,0.39506913624868106,0.5198167701478295,0.40359054278491513,0.7285795082483247,0.9017892329845225,0.7729736316060644,0.22528704420737,0.5,0.6074771570662312,0.6362770902167217
1506700150275,78.60405477019661,4.137055514220875,24717.6350910417,279.6649527613311,375.0,141.48729858635392,16.5482220568835,1.2157958804842839,5454,4512.70015491213,119.954315573744,2.0,0.4551760939167556,0.1905023835716905,0.7040923873418982,0.33916430139215953,0.9037788171235588,0.6240540686404067,0.6308205735906434,0.5581212153774089,0.4723096295052672,0.7529316334613968,0.9088348989889383,0.8007689615163603,0.18265206335872386,0.5,0.605760666340344,0.6259364031641259
1506700120186,63.601185739230864,2.650049405801286,23405.493112457487,325.95607691355815,60.0,178.8783348915868,11.925222326105787,1.1130529427738243,2854,3781.620502078435,110.19819578277,4.0,0.5477741585233442,0.19831814996496147,0.6704997385935639,0.2683380246160461,0.8989054467013918,0.6409545471090718,0.43733617055870233,0.5843464928596492,0.42190074466204863,0.6893038410344764,0.8404463285373749,0.7839539644391353,0.48089291810901813,1.0,0.7289926771325709,0.651616778456302
1506700010203,52.70073915254391,5.480876871864567,17597.594688307185,122.26571483390187,180.0,56.07358645830672,10.540147830508781,1.300778272213419,6356,2679.727184428553,119.556313858883,2.0,0.47231873986564743,0.19131529263687855,0.6407719422989243,0.38732471914295397,0.873424012815461,0.5329650112087827,0.5530431872717587,0.45515580961005164,0.40321435834573294,0.8055604768776014,0.9249981778768638,0.7511872270059918,0.19481882372815307,0.5,0.6285745635805985,0.6286073900926009
1506700010190,68.82949029643714,11.765724836997801,24701.67487987771,591.2276730591395,650.0,291.7899759575455,64.71148660348791,1.2907680232063512,6507,3827.978575717235,120.460776135636,1.0,0.4599506394435719,0.1810358075918242,0.6830184104610085,0.5278227324931762,0.90372110896233,0.706719713096071,0.689217594960407,0.6391738271450723,0.6899747890121796,0.7993612182214159,0.9274778094580384,0.7851131274957356,0.16716975747152807,0.25,0.6121147607632499,0.5948319392302794
1506700140148,75.1714367274416,5.262000570920912,23196.16547221985,272.12060095333857,100.0,95.09186746021362,8.644715223655783,1.1451878506286273,6701,2518.618987552931,110.017242084084,3.0,0.46546809910107434,0.1801223697955529,0.6970019454131928,0.3802043360223244,0.8981028038771934,0.6210375993546874,0.49098055551946346,0.5137857396330658,0.3736352601916556,0.7092047051931958,0.9305804409405837,0.7452891007088271,0.4864246035457086,0.75,0.6194575454202268,0.5918306436139595
1507200010078,140.5476009900504,17.5684501237563,34297.79452635487,40.9930502887647,20.0,5.8561500412521,5.8561500412521,1.277034259466139,175,1024.8262572191175,121.207280580754,2.0,0.4344262295081967,0.17714285714285713,0.7966784420207713,0.605480195943766,0.9330448698934386,0.41375515193968393,0.32389215239562336,0.21665861605743128,0.31737523795272143,0.7908560198304064,0.5461365722433325,0.6597764045616594,0.1443494017812602,0.5,0.5781461851349686,0.5820408163265305
1507200010097,46.96302942167061,0.0,29056.54093272683,46.96302942167061,0.0,18.785211768668244,0.0,1.0549201679861442,81,760.801076631064,118.741745775296,3.0,0.4727272727272727,0.16049382716049382,0.6225954211701594,0.0,0.9182281646786356,0.42847057797210586,0.0,0.33592871190339113,0.0,0.653302727869743,0.465463300311765,0.6314594715403039,0.21971985884316414,0.75,0.6291182501708817,0.5273368606701939
1507200010059,165.2226627621052,33.04453255242104,41827.386478908345,885.5934724048839,200.0,427.37595434464544,59.48015859435787,1.2488681840848035,4145,9131.305828652346,120.714852854485,2.0,0.4861957690928648,0.16574185765983113,0.8225273000020288,0.7311177047902889,0.950777239710336,0.7513881070549283,0.5641931950305995,0.6820009652331606,0.6762984559238046,0.7734130185129333,0.8798523796562445,0.8678291171829283,0.15940272924461119,0.5,0.6470424896950157,0.5445803894537308
1507200010082,115.51759229482981,0.0,35708.39951405272,72.19849518426864,0.0,43.31909711056118,0.0,0.9502705392332347,186,2685.784020854793,120.747300875193,2.0,0.4090909090909091,0.1881720430107527,0.7653761861472318,0.0,0.9366459117110644,0.47526990031826455,0.0,0.4266911932690859,0.0,0.5884941385474374,0.5525400971713952,0.7514019916344075,0.15841080564811505,0.5,0.5444292549555708,0.6182795698924731
1507200010063,86.97321370431219,24.315092003356096,22912.451470317534,376.8839260520195,375.0,158.04809802181464,27.120679542204876,1.3178651575462554,4710,4404.772435992585,120.835751093938,2.0,0.4839319470699433,0.18067940552016984,0.7201730824858336,0.669715325248641,0.8970032964726811,0.6569801364348531,0.6308205735906434,0.570495568605959,0.5500487266573942,0.8161422338081279,0.893346730554612,0.7984659044174165,0.15570691625289024,0.5,0.6440297340705261,0.5936609038519866
1507200170114,109.32844571947804,22.619678424719595,39563.91563692661,184.7273738018767,80.0,84.82379409269848,18.84973202059966,1.3122484091001467,2837,5347.668974244124,119.819511168698,2.0,0.4752990119604784,0.20267888614733873,0.7565963985223276,0.6553484812229202,0.9458066139330998,0.5783465734324751,0.4675043867846458,0.5010676173177872,0.49262634666414024,0.8126638311830212,0.8398155032616831,0.8169207103786129,0.18677298251986607,0.5,0.6325407903534187,0.6659449116269701
1507600010378,42.39613482725752,0.0,16903.76349644262,190.78260672265884,20.0,91.85829212572463,0.0,0.961872921049278,868,3066.6537525049607,117.300202812319,2.0,0.496551724137931,0.20161290322580644,0.606499803357751,0.0,0.86983013056299,0.5818982335045995,0.32389215239562336,0.5099334370055145,0.0,0.5956793909677011,0.7148061150897443,0.7640173220759077,0.2637872764896022,0.5,0.6608244749805549,0.662442396313364
1507600010310,75.7626459078155,11.884336612990666,25181.93826980002,172.32288088836464,440.0,69.82047760132016,5.942168306495333,1.1049365233448252,4473,3322.4148543692027,119.450780596117,2.0,0.45359477124183006,0.19271182651464341,0.6982456455887831,0.5297395108950688,0.9054415128945514,0.5706943369868563,0.6477843047912467,0.47944300310349786,0.31943070015149794,0.6842774142825616,0.8878946074393689,0.7716378085963085,0.19804493525263833,0.5,0.603656199321834,0.6331960014052569
1507600010147,247.7148555643094,22.865986667474715,49617.93109074505,445.8867400157569,1170.0,154.3454100054543,66.69246111346791,1.2879119059360222,4628,8818.648858089415,124.235269792863,0.0,0.4749281379750878,0.13439930855661192,0.8873502667204408,0.6574985370084437,0.9660375602137743,0.6755471345035984,0.751676746400396,0.5678445919361604,0.6948712407637081,0.7975924500620358,0.8914920112489362,0.8645140680122964,0.05178492838994919,0.0,0.6320472212149665,0.441597728114582
1507600010132,119.24959718469736,10.280137688335978,32170.615811241936,499.6146916531286,160.0,219.99494653038997,10.280137688335978,1.0463461614251166,3922,8063.740002730742,120.085103037211,2.0,0.4608501118568233,0.1820499745028047,0.7704476496152816,0.5021813957817128,0.9273243331097346,0.6881154846078198,0.5405862596296119,0.607514165670394,0.3994574780436022,0.6479929214549263,0.8740126087390142,0.8559989925927035,0.17865394056700612,0.5,0.6133118029974265,0.5981642019377869
1507600010109,91.61088722576041,24.249940736230695,23348.551267784656,1802.578928059815,520.0,1337.78839728206,55.23597612141436,0.8168361501778323,4860,6547.483998782288,118.758416077771,2.0,0.44699225729600955,0.19197530864197532,0.7284371301220387,0.6691812502759169,0.8986878226826595,0.8300033480732495,0.665519268561415,0.8102440291967203,0.6643036277617146,0.5058594018090722,0.8966574637297773,0.8361799792628725,0.21921025406527983,0.5,0.5948693950480729,0.6307760141093475
1507600010414,59.23376024611729,9.798065604620906,22484.385453096318,235.5989411292936,4930.0,65.46889290360332,8.461965749445328,1.1246103623833956,4093,1822.8855690778803,119.697910631044,2.0,0.4462897526501767,0.1827510383581725,0.6592396124051921,0.4931293508863412,0.8953183281629749,0.6051464319621732,0.9046250280802703,0.47230628890841264,0.3704815376880301,0.6964612487580222,0.8785192206375313,0.7145388649580411,0.19049026449928352,0.5,0.5939344828502352,0.6004676974625668
1507600010306,106.3731947174344,18.30076468256936,33047.99644625976,486.11406188074864,775.0,209.31499605688705,14.869371304587606,1.062086891216403,3162,3616.6886203927697,120.282281120343,2.0,0.4711217183770883,0.17299177735610374,0.7522288675280501,0.6134968829021753,0.9297283760158352,0.6850890234306932,0.7079033990442524,0.6019396026696034,0.45573125133166553,0.6577410161670969,0.8512675980782839,0.7797115180735856,0.17262628189621798,0.5,0.6269815349830424,0.5684015541700551
1507600010382,120.07293912891818,18.472759865987413,28755.18571843142,517.2372762476475,80.0,166.2548387938867,9.236379932993707,0.7105185762714479,296,2733.968460166137,116.514676560235,3.0,0.45098039215686275,0.17567567567567569,0.7715452915483053,0.6153355930195346,0.9172967040127313,0.6919454386135233,0.4675043867846458,0.5761577477300045,0.38345054653222244,0.44001786880840044,0.6014050824915976,0.7530934769915248,0.2878005139108022,0.75,0.6001769128704114,0.5772200772200772
1507600010058,61.71136932744991,9.051000834692653,23061.294027482254,352.16621429531415,395.0,186.36833536889873,11.930864736640316,1.1178760034522104,11545,4749.718392569394,118.744183596036,2.0,0.5160866710439921,0.1852750108271979,0.6657238198612878,0.47827043829031396,0.8975818089110545,0.6494912300084059,0.6363339942081842,0.5889376956904404,0.4219726963913237,0.6922907198462505,0.9880338130432728,0.8056391757073396,0.21964533559449528,0.5,0.6868221110886211,0.6087607498607931
1507600120397,90.52559866923889,13.764126113451528,22224.138143363773,0.0,0.0,0.0,0.0,0.0,7681,4066.2404875931225,121.305673589939,1.0,0.4515821578345406,0.160656164561906,0.7265409174376916,0.5579647845924666,0.894278182317481,0.0,0.0,0.0,0.0,0.0,0.9449956117826255,0.7908576902342987,0.14134156508086038,0.25,0.6009777589226593,0.5278702549891198
1507600010202,72.28830692443282,21.686492077329845,27163.85681764796,108.43246038664923,20.0,55.421035308731824,0.0,1.0317722015939954,1971,4749.341764935236,117.736586697243,3.0,0.5204633204633204,0.2343987823439878,0.6907951063325037,0.6469940338919203,0.9122102537590776,0.5197874362393393,0.32389215239562336,0.4538616544830888,0.0,0.6389673970574624,0.8013622865777221,0.805631631218859,0.2504471878449963,0.75,0.6926466746015618,0.7701674277016742
1507600010359,77.53027791552165,39.58992914835148,23172.516181733914,2452.9260268166104,510.0,1758.4526863392782,56.0857329601646,0.8354875974387507,4904,8089.542189313152,119.208120784666,2.0,0.46662675845555224,0.19596247960848287,0.7019077910681343,0.7675631378700323,0.8980116683910933,0.8640907809752566,0.6634574751947309,0.840994587133495,0.6667760864391757,0.5174100781010403,0.8976092489418542,0.8563029634984068,0.2054629529821509,0.5,0.6209995206513741,0.6438767187135865
1507600010096,90.7917735881508,28.17675732046059,23739.553798297213,662.153797030824,675.0,286.4636994246827,84.53027196138177,1.3485761486684604,4041,6325.682018443403,119.036565565265,2.0,0.4767870302137067,0.1880722593417471,0.7270080503400083,0.6991392844111273,0.9001716136766269,0.7192420380318926,0.6932265549020545,0.6371076845888147,0.7334307343514179,0.835161278930776,0.8771690197935909,0.8329009504348187,0.21070733049772472,0.5,0.6345210853220007,0.6179517092657404
1507600010185,111.58677715209436,20.760330632947788,30449.010472861424,385.3636373740933,355.0,201.11570300668168,11.67768598103313,1.042236070395322,4699,6097.049602763853,120.37147733852,2.0,0.45943425551756295,0.19089167908065546,0.7598558119910116,0.6383555354644685,0.9224103738484426,0.659436861496379,0.6250057270110745,0.5974642741186514,0.4187128603321662,0.6454475784393654,0.8930998100435028,0.8293983588499326,0.169899587583361,0.5,0.6114275430572079,0.6272155169792965
1507600010363,102.12973049368718,16.67424171325505,26553.123526011954,147.98389520513857,0.0,68.78124706717708,2.0842802141568813,1.0085666091308125,3396,7078.215607276768,121.614340443392,1.0,0.4215152783591461,0.15724381625441697,0.74574255464693,0.5952511326698359,0.9101785733748793,0.5539428896064555,0.0,0.4777793168289601,0.18568229637673664,0.6245963789291693,0.8588062966077652,0.8435958439801307,0.13190573729489252,0.25,0.5609639418764576,0.51665825340737
1507600010325,76.05323353003607,19.839973964357235,26507.852766077347,229.26192136590583,560.0,106.91541525236954,13.22664930957149,1.2087128258003534,3144,3465.3821191077304,119.142323212048,2.0,0.44751381215469616,0.18797709923664122,0.6988534349591319,0.6293989916491234,0.910026119268941,0.6021409370566365,0.6733886742796815,0.5268453849438353,0.4377165860609365,0.7485451603546251,0.8506647858453079,0.7756458638595397,0.20747435963956407,0.5,0.5955634943712874,0.617639040348964
1507600010113,78.10271830327932,24.238774645845304,24339.286083428524,286.3766337786908,485.0,130.1711971721322,17.954647885811337,1.1928780861731334,5729,5143.108886890657,119.935145879428,2.0,0.4629724208375894,0.17385233024960725,0.7030761107450817,0.6690895783747961,0.9024006684959288,0.6266702214983776,0.6581210903677102,0.5488084665542124,0.48501959036207576,0.738738846182702,0.9140298839639324,0.8132098455374446,0.1832380735903113,0.5,0.6161362292349875,0.5712290851058524
1507600010128,84.11968116778363,21.029920291945906,25980.497086079442,403.39210741823507,0.0,227.50550134014208,15.294487485051567,1.0703124829021122,4367,8348.878355902525,118.998426202171,2.0,0.500515995872033,0.18639798488664988,0.7148688862772806,0.6409074180907368,0.9082307589821719,0.6644856073599761,0.0,0.6112753497187923,0.4600894209507732,0.6628350523318194,0.8853619513599797,0.8593054141301814,0.21187323625662147,0.5,0.6661002351078935,0.612450521770421
1507600010240,17.0177570805983,7.563447591377023,17158.388440324597,43.48982365041788,0.0,24.581204671975325,0.0,0.9772300460661989,1173,2217.981006171312,115.479061412629,3.0,0.5038461538461538,0.20034100596760443,0.4651022968293769,0.4450749676630307,0.871165877831866,0.420148987167246,0.0,0.36484319619422884,0.0,0.6051899226365988,0.7465814094043512,0.7331979618459739,0.3194588733233338,0.75,0.6705320994794679,0.6582633053221288
1507600010077,121.7722971674116,9.165656776041732,28379.52346253942,655.9991492567011,395.0,392.81386183036,23.5688317098216,1.0308975480372256,6471,8472.994999680865,117.706032334521,2.0,0.4907364520611394,0.18636995827538247,0.7737873879968659,0.4806212685778309,0.9161218025679259,0.7182098143251762,0.6363339942081842,0.6725336635535752,0.5277885465297614,0.6384257318472224,0.9268919020628351,0.8607095256334902,0.2513812230403195,0.5,0.6530853534948998,0.6123584343333995
1507600010062,97.33937782298419,24.63527463421205,24001.77515060362,544.9803437373251,870.0,224.72177349256845,25.236134991144052,1.1924002469359398,10468,6289.806216364189,119.479535954596,1.0,0.48461211175719754,0.16354604508979748,0.7380915664526494,0.6723201924353618,0.9011530735841824,0.6977186062916746,0.7201897688985623,0.6098959146049076,0.5386129449149503,0.7384429245702281,0.9776908756883239,0.832359798062563,0.19716589492972603,0.25,0.6449349156467967,0.5373655767236203
1508700790333,256.01145153087936,25.601145153087934,45636.702119781534,221.1007990493958,100.0,109.38671110864846,16.291637824692323,1.0662762334272395,4411,10266.059206388261,124.319611892292,0.0,0.43074927019137205,0.17184311947404216,0.8926286388677659,0.6799854088552174,0.9585646831728287,0.5981460736624342,0.49098055551946346,0.5293935502742839,0.46988133830746137,0.6603354387379955,0.8864206244010518,0.8789746212852264,0.04920662263273479,0.0,0.5732527881494199,0.564627392557567
1508700010070,100.27181496738673,20.380450196623322,28663.554578003896,900.8158986907507,790.0,444.2938142863884,89.67398086514261,1.2317472362100819,3630,2959.2413685497063,117.913513587135,2.0,0.5002072109407377,0.1622589531680441,0.7428181976080802,0.6347054791520962,0.9170115447296898,0.7532727069368172,0.7099401914652461,0.6863600436578713,0.7430584388830165,0.7628101669515456,0.8658426026917844,0.7606255682298282,0.24503860041472303,0.5,0.6656892957632374,0.5331365604092877
1508700300189,30.381310432126714,11.392991412047518,17052.815648156822,246.84814726102957,0.0,110.13225031645933,0.0,1.0574439520786476,1132,4298.95542614593,110.929589375422,4.0,0.5722222222222222,0.23586572438162545,0.5543559380314558,0.5216812806115705,0.8706144705726353,0.6102885889202251,0.0,0.5301510866560831,0.0,0.6548656850320222,0.7428266505570712,0.7961524472009721,0.45853449540563684,1.0,0.7615288220551378,0.7749873801110551
1508700290297,116.53390495520833,5.4968823092079395,32418.904920658424,283.6391271551297,135.0,156.11145758150548,14.291894003940643,1.1682495946123717,4085,4490.952846622887,111.328303621945,4.0,0.6030624263839811,0.19804161566707465,0.7667731825471936,0.387835926938047,0.9280112388430208,0.6256106208207628,0.5226338112021737,0.5691168031620069,0.4496202988459926,0.7234866392307027,0.8783126175157104,0.8003093606576328,0.4463459532155182,1.0,0.80257180052605,0.6507081657632452
1508700300085,133.3130876320658,19.50923233639987,35331.7118188129,835.6454517424611,40.0,455.21542118266365,26.01230978186649,1.1255476298849816,2001,6506.328984189357,113.253322518868,3.0,0.6455592105263158,0.18790604697651175,0.7882393495461775,0.6260834051919031,0.9356984045847229,0.7449688291077998,0.39506913624868106,0.6890870106623482,0.5434193759582274,0.6970416902303838,0.8029570699532665,0.8355800363003351,0.3874988609770711,0.75,0.8591276711515632,0.6174055829228243
1508700210136,43.770690695171155,7.482169349601907,18326.553909451664,108.86556403670775,60.0,54.619836252093926,6.733952414641716,1.2234445176431505,3849,1439.9434913308871,116.429517898528,3.0,0.48667439165701043,0.16861522473369706,0.6115159361800951,0.4430984792167014,0.8770503236212439,0.5202247059725308,0.43733617055870233,0.4522520705514764,0.33723630567520363,0.7576683667915716,0.872028584293392,0.6921121362140635,0.29040378166489256,0.75,0.6476794535585778,0.5540214526964331
1508700290282,82.2986314651516,5.8784736760822565,28317.143220554815,229.26047336720802,40.0,105.81252616948062,11.756947352164513,1.2444248202580088,1350,2645.3131542370156,111.611201966463,4.0,0.5901060070671378,0.16666666666666666,0.711390113534184,0.39966472107529266,0.9159252008876748,0.6021402408965094,0.39506913624868106,0.5256893009974808,0.4197403485594702,0.770661282602429,0.7614142666380427,0.7499576796024534,0.4376978589030077,1.0,0.7853290469991232,0.5476190476190476
1508700300329,15.339910574339298,0.0,8341.153709204676,153.39910574339297,0.0,107.37937402037508,15.339910574339298,0.8018185525433372,362,5553.047627910826,110.057243240519,4.0,0.6233183856502242,0.212707182320442,0.4493787399723964,0.0,0.8067262482084823,0.5578952993420202,0.0,0.5273281949584684,0.46054834486681256,0.4965591364445421,0.6226010877155874,0.8205063087475318,0.4852017834756629,1.0,0.8295289793991707,0.6988950276243094
1508700790348,167.41027151312724,50.95095219964742,39934.89303076435,429.44373996845684,0.0,225.63993116986714,29.114829828369952,1.132775234221368,2353,17126.798646538624,123.861599476915,1.0,0.4930203045685279,0.13472163195920103,0.8246305156421356,0.8187088800050095,0.9466404715361209,0.6713970166746492,0.0,0.6103527653195684,0.5613435434126787,0.7015176816581885,0.8200652117940221,0.92767449788109,0.06320788719025472,0.25,0.6561247662302966,0.44265679072308906
1508700170314,48.41060488292981,6.541973632828353,20176.676077776232,188.84497220097848,220.0,87.66244667989993,4.797447330740792,1.0803675720746662,5119,2232.557535096556,115.839282788877,3.0,0.5176400830121554,0.1937878491892948,0.6273785103125101,0.41874999205921754,0.885642992469937,0.5807740749453042,0.574284661105589,0.5047297295609782,0.28972391878654696,0.6690620801058199,0.9021405272161942,0.7338210330325786,0.30844704347158014,0.75,0.688889433783094,0.6367315044791114
1508700300174,39.357175586617934,7.871435117323587,19041.207187747113,177.10729013978073,40.0,74.77863361457408,11.807152675985382,1.2414201504724358,927,3648.4101768794826,113.629388229746,4.0,0.5873287671232876,0.20064724919093851,0.5948212179442084,0.4523979618634631,0.8804680781058712,0.5737087852840611,0.39506913624868106,0.4870584746485647,0.4203878774825769,0.7688005171845017,0.7217445276215846,0.780542297757939,0.3760026758688998,1.0,0.7816330209084354,0.6592695330559408
1508700270278,64.42718635495204,6.597964867675811,20970.899011074995,143.60276476706179,120.0,81.50427189481886,5.433618126321257,1.1047956175546507,6852,2659.3679572538035,115.838361356038,3.0,0.4831168831168831,0.20986573263280794,0.672543474301472,0.4202829397208848,0.8890923947515459,0.5506386324873933,0.5102011740841107,0.4966282853082653,0.306888803156435,0.6841901525732046,0.9329338393126284,0.7504617514852399,0.30847521132144096,0.75,0.6429450248999121,0.6895588357935117
1508700800352,149.73619876539706,28.328470036696743,44144.52650386696,127.47811516513534,40.0,82.9619479646119,10.117310727391693,1.021052960187791,4393,8889.069205086342,123.237861216243,1.0,0.5039370078740157,0.13794673343956293,0.8067957337787149,0.7002141587596251,0.9555945388524139,0.5375499414215508,0.39506913624868106,0.49859929282896687,0.3970604408526452,0.632329065680467,0.8859888126203711,0.8652708634192563,0.08227532752400113,0.25,0.6706530104789533,0.45325355272999246
1508900010060,0.0,0.0,0.0,81.34648409621025,190.0,25.245460581582492,22.440409405851103,1.6147493696007904,354,992.9881162089113,120.96644599962,2.0,0.45081967213114754,0.1638418079096045,0.0,0.0,0.0,0.488306455313815,0.55876420042167,0.36772821214219353,0.5200373961232054,1.0,0.6202472117563406,0.6567761237655513,0.15171162291729867,0.5,0.5999630223098731,0.5383373688458434
1508900010130,0.0,0.0,0.0,347.2781405937388,0.0,189.71676199102396,12.862153355323658,1.0823482539638973,1525,4903.695966717145,121.201672051885,2.0,0.49071358748778104,0.15934426229508197,0.0,0.0,0.0,0.647948310467092,0.0,0.5909311434350639,0.43343777398241756,0.6702886988780699,0.7742800053908341,0.8086745556662543,0.14452085236608503,0.5,0.6530549247017838,0.523559718969555
1508900010075,0.0,0.0,0.0,20.114393950178403,0.0,13.409595966785602,0.0,0.6365141682948128,175,1173.33964709374,119.737845758947,2.0,0.4462809917355372,0.11428571428571428,0.0,0.0,0.0,0.33764098789377833,0.0,0.3002485435002728,0.0,0.3941875936153338,0.5461365722433325,0.6726429149924698,0.18926946289623492,0.5,0.5939228235878954,0.3755102040816326
1508900010111,0.0,0.0,0.0,146.87359281753635,0.0,86.02596150741415,14.687359281753636,1.082715468774404,2088,4381.029454328799,121.152229697444,2.0,0.4989231873653984,0.15804597701149425,0.0,0.0,0.0,0.553114781532468,0.0,0.5026330898762011,0.45382950652357645,0.670516111761716,0.8074502654374637,0.7979516882331154,0.1460322862522283,0.5,0.6639804824336506,0.5192939244663383
1508900010145,0.0,0.0,0.0,0.0,0.0,0.0,0.0,0.0,64,4967.319478471687,120.654532241675,1.0,0.3404255319148936,0.234375,0.0,0.0,0.0,0.0,0.0,0.0,0.0,0.0,0.4409230464662107,0.8099010442704944,0.16124670733312962,0.25,0.4530475123980163,0.7700892857142857
1508900010126,0.0,0.0,0.0,492.09761626437574,490.0,255.42209606103313,53.8964055908602,1.2218235397214134,2097,4913.946196697123,122.015303898038,2.0,0.5295404814004376,0.1688125894134478,0.0,0.0,0.0,0.6864405870497478,0.6592099965771087,0.6242473896503262,0.6603291017204951,0.7566645095043333,0.80790435369889,0.8088732236071766,0.11964843767174838,0.5,0.7047268060742666,0.5546699366441855
1509000010146,60.21154122949318,6.301207803086496,24241.23333194441,226.84348091111386,1055.0,81.2155672397815,9.101744604458272,1.1189254149400274,4394,3076.3896763068956,120.585221650153,1.0,0.46320346320346323,0.17478379608557124,0.6618298935173264,0.4120258735294192,0.9020400124783254,0.6009720683043782,0.7406797181727316,0.4962337820486832,0.3812678476542128,0.692940611097223,0.8860128485318082,0.7643188602206005,0.1633655056363129,0.25,0.6164437066692706,0.574289615709734
1509000270288,99.64648729092511,20.18156704626331,27138.59103230793,258.5763277802487,100.0,146.31636108540903,17.6588711654804,1.1541229507527468,3351,4226.776948251772,116.710475827611,3.0,0.5557103064066853,0.1760668457176962,0.7418218520283604,0.6327685739702734,0.9121271137108459,0.6154069192721132,0.49098055551946346,0.5618721667640328,0.48242679451235654,0.7147381336572852,0.8573977228943493,0.7945415263111942,0.2818150051109075,0.75,0.7395543175487467,0.5785053502152875
1509000010150,109.35497194842267,41.554889340400614,30613.018437570783,710.8073176647473,140.0,297.44552369970967,133.41306577707564,1.4314168826903617,4758,10406.2191306119,119.508148062419,2.0,0.4076923076923077,0.15069356872635561,0.756635069260295,0.7773609442520273,0.9228903209458612,0.7270798880049175,0.5264748496260959,0.6413269543645977,0.8079542272407573,0.8864638126746855,0.8944174976954723,0.8802649187205992,0.19629123372463997,0.5,0.5425679583574321,0.49513601152945413
1509000060339,39.375287943725546,2.8125205674089675,17513.12294719491,19.687643971862773,0.0,5.625041134817935,0.0,0.5982695885852573,310,871.8813758967799,110.980273672176,4.0,0.751412429378531,0.15806451612903225,0.5948933957075311,0.27736382894331124,0.872994119511405,0.33538060053808866,0.0,0.2127996297381849,0.0,0.3705030637250942,0.6062702890971837,0.6444122554165574,0.45698509581746094,1.0,1.0,0.5193548387096774
1509000350127,132.29631728481758,27.412750428385625,32489.52714822506,317.0344179978511,40.0,196.6566878558099,19.069739428442173,1.0951338408500046,3982,4745.981400253546,114.54218078518,3.0,0.5739130434782609,0.188598694123556,0.7870169864354974,0.6936399667997774,0.9282056583889082,0.6378917958315483,0.39506913624868106,0.5949536226031886,0.4944435196332401,0.6782066997312105,0.8756158645996297,0.8055642909417934,0.34809895617552344,0.75,0.7637790127492645,0.6196814235488268
1509000280269,83.46240263369177,28.12320088743962,26632.08499844291,244.9440077293128,120.0,107.95680340662305,14.515200458033352,1.2824185933063212,3548,3218.7457015688956,115.55224661834,3.0,0.537261698440208,0.1786922209695603,0.7136219383962344,0.6987585054578046,0.9104438635710731,0.609434804030161,0.5102011740841107,0.5279262073095758,0.45201029658736097,0.7941904901460775,0.8634298747784457,0.7686221095289142,0.3172216295446625,0.75,0.7150024107061415,0.5871315831856981
1509000010165,135.3664305398683,39.003886765724765,31141.810696788903,959.0367451807618,530.0,440.51448582465616,112.42296773650078,1.2242364654752775,2472,5671.624004992448,121.012252536502,1.0,0.469678953626635,0.17637540453074432,0.7906799183962969,0.764548991253773,0.9244204341211574,0.760198452849638,0.6675418619512865,0.6854007981095789,0.779962415771356,0.7581588130781818,0.825274252212033,0.8225165722704846,0.15031133458489465,0.25,0.6250614646008601,0.5795191863153027
1509000350358,33.0673088768778,16.5336544384389,27155.06467665231,0.0,0.0,0.0,0.0,0.0,99,1636.8317894054512,106.135176291813,3.0,0.5645161290322581,0.20202020202020202,0.5675666405628994,0.5935959815245212,0.9121813309573611,0.0,0.0,0.0,0.0,0.0,0.4864248419270406,0.704299918434002,0.6050978716983741,0.75,0.7512733446519526,0.6637806637806637
1509000010362,23.21733797548301,0.0,13283.064589845386,74.29548152154563,60.0,27.86080557057961,18.573870380386406,1.4614721293040243,252,1170.1538339643437,119.340676098402,2.0,0.5,0.23412698412698413,0.5126702207093291,0.0,0.848294655776296,0.47839675258727204,0.43733617055870233,0.3784186789208384,0.49031916683982335,0.9050767610241208,0.5844687598222873,0.6723844057828283,0.20141078768310494,0.5,0.6654135338345865,0.7692743764172335
1509000060292,156.3004701103811,0.0,52570.931074921726,416.8012536276829,0.0,208.40062681384146,0.0,0.6931471805599453,103,5366.316140456418,115.514028091262,3.0,0.5223880597014925,0.21359223300970873,0.8136526130873816,0.0,0.9712027365107758,0.6680968560585449,0.0,0.6014492489936248,0.0,0.42925991711723654,0.49056756161499,0.8172518955352195,0.31838995531630643,0.75,0.6952081696779261,0.7018030513176143
1509000060305,0.0,0.0,11912.88969057053,100.26573088696792,0.0,100.26573088696792,0.0,0.0,32,1604.2516941914866,120.654532241675,4.0,0.6,0.0,0.0,0.0,0.8385682551438552,0.5112013208071148,0.0,0.5196877899028495,0.0,0.0,0.3693214515845545,0.7023878716399076,0.16124670733312962,1.0,0.7984962406015038,0.0
1509000010273,51.14508896113058,0.0,22257.414733571986,221.62871883156586,0.0,170.4836298704353,34.09672597408706,0.6870920273799715,288,4909.928540268536,121.641128468592,1.0,0.3333333333333333,0.2361111111111111,0.6360431948415493,0.0,0.8944118579580085,0.598408896991967,0.0,0.5789678139005708,0.5865816341708434,0.425510014318717,0.5985209220807245,0.8087954035973531,0.13108683759871276,0.25,0.44360902255639095,0.7757936507936507
1509000350235,183.53979589026252,11.471237243141408,41781.66747531184,309.723405564818,40.0,164.4210671516935,7.647491495427605,1.0233978219034576,1170,4473.782524825149,113.981520281199,3.0,0.5274151436031331,0.1794871794871795,0.8393430517003768,0.5229856994527045,0.9506795281511996,0.6353172215732148,0.39506913624868106,0.5749170368888146,0.3556425472010991,0.6337812177975763,0.7463111513148523,0.7999449137263548,0.3652381335856575,0.75,0.7018983490056735,0.5897435897435898
1509000350254,80.51515610762776,10.06439451345347,30055.15223120851,30.193183540360412,0.0,23.483587198058096,0.0,0.5297061990576545,882,2958.9319869553206,112.383098080409,3.0,0.5891891891891892,0.1836734693877551,0.707908607350938,0.49817910436386537,0.9212471607017197,0.3808424698618924,0.0,0.3599077040095281,0.0,0.328042363124509,0.716494234780496,0.7606156222005137,0.414101289597384,0.75,0.7841089209510262,0.6034985422740524
1509000350343,56.82267474408951,0.0,28903.50282021504,103.61781865098676,20.0,26.740082232512712,3.342510279064089,0.8349387036583538,271,905.8202856263681,112.204787212728,3.0,0.7151898734177216,0.18081180811808117,0.6526681808989995,0.0,0.9177563518333237,0.5148064749775646,0.32389215239562336,0.37396135483043524,0.2420857810589239,0.517070153038532,0.5921173971526618,0.6480421417044678,0.4195521846999277,0.75,0.9517940420671934,0.5940959409594095
1509000360023,119.2889865971529,27.266054079349235,34977.04344280258,494.1972301882049,120.0,320.3761354323535,25.561925699389906,1.0151648172924908,5508,9386.339116815974,113.07987037918,4.0,0.6412395709177592,0.19045025417574438,0.7705003327250354,0.6925671415006316,0.9347970052609693,0.686910963201986,0.5102011740841107,0.6496578063664756,0.540647481875882,0.628682590873819,0.9098753659696242,0.8704502036898146,0.39280122662111316,1.0,0.8533789778379202,0.62576512086316
1509000060381,276.78257248252163,0.0,62288.60161155254,110.71302899300865,0.0,55.356514496504325,0.0,0.6931471805599453,73,4041.025558244816,120.654532241675,3.0,0.5869565217391305,0.2054794520547945,0.9051303239763315,0.0,0.9863571739781599,0.522070784629016,0.0,0.45373288306077314,0.0,0.42925991711723654,0.4546203718975751,0.7902659006846928,0.16124670733312962,0.75,0.7811376266753842,0.6751467710371819
1509000010201,92.81576104645669,29.70104353486614,33791.35553404329,335.99305498817324,450.0,128.08575024411024,36.19814680811811,1.3266870709126548,6095,5657.120635781535,120.058907928524,1.0,0.4920440636474908,0.17292863002461034,0.7305164258868407,0.7096934507047666,0.9317157709402292,0.6443018343510121,0.6501697232907364,0.5470048326928557,0.5961682923632851,0.8216055667144478,0.9205699477715815,0.8222729593190891,0.17945471503190324,0.25,0.6548255583880142,0.5681940700808625
1509000060216,133.69458917469356,26.73891783493871,36079.82128599632,418.27307184654126,80.0,158.52358430713664,19.09922702495622,1.225934720774961,3069,5861.552773959064,113.79244924255,3.0,0.6127167630057804,0.15998696643857935,0.7886956055171278,0.6886655793229641,0.9375704369775257,0.66848615419863,0.4675043867846458,0.5708315176600806,0.49468556019092713,0.7592105275619615,0.8481153665346038,0.8256505465992818,0.3710179630038417,0.75,0.8154200530227304,0.5256714611553321
1509000060220,119.62974219687561,34.17992634196446,33745.46314734685,463.13800193361845,140.0,240.96848071084943,20.507955805178675,1.1684886698014953,2789,4766.390728386944,116.125701637065,3.0,0.5937142857142857,0.17820007171029043,0.7709553725141501,0.7379168654845876,0.9315943481825419,0.6797402260339102,0.5264748496260959,0.6177180277443689,0.5058532787101002,0.7236346963803908,0.8380137399602531,0.8059725529109006,0.29969132870686244,0.75,0.7901310418904405,0.5855145213338113
1509000370076,134.98336405482462,22.99716572785901,33429.71852900686,443.94528622475656,200.0,233.97116436169603,30.996179894070842,1.177480641911358,5988,5987.262103409555,119.823095010966,2.0,0.48955223880597015,0.16983967935871744,0.7902274127148556,0.6586345772536081,0.9307544430860878,0.675065146300774,0.5641931950305995,0.6144155376630224,0.5713337218597193,0.7292033451621429,0.9186994873222056,0.8276694952395207,0.1866634258309161,0.5,0.651509370441028,0.5580446607500715
1509000380184,131.911473816942,32.035643641257344,32985.86997565011,465.45905761120963,180.0,244.97845137432085,39.5734421450826,1.1641670456671869,3036,5721.18906440337,116.956850911953,3.0,0.5387734414597061,0.17555994729907773,0.7865518928974077,0.7248830657289015,0.9295602597360718,0.6802924516029678,0.5530431872717587,0.619567810195641,0.6104869746826155,0.7209583527844946,0.846973828714244,0.8233444398024742,0.27428341290851255,0.75,0.7170142792358495,0.5768398268398268
1509000390057,87.25117523868309,9.914906277123078,25770.478039471443,281.5833382702954,160.0,144.75763164599692,18.507825050629744,1.181199135185383,6329,4183.42945519413,120.462334553477,2.0,0.456281638288081,0.182651287723179,0.7206805353318283,0.49535988249880886,0.9075055910570624,0.6248081694554365,0.5405862596296119,0.5606750408662252,0.4897619702118924,0.7315061751517558,0.9245485993730287,0.7935608005238558,0.16712211723351145,0.5,0.6072319547142131,0.6001399453761596
1509000010199,115.49243924781388,31.144028561208238,29817.60590036126,1166.603403188592,850.0,577.4621962390694,96.02742139705873,1.169826550970009,5382,6984.048404850947,120.245378625549,2.0,0.49679933203451154,0.17075436640654032,0.7653414571190261,0.7192125607369279,0.9205382040619189,0.7818672421375417,0.717718456660648,0.7158052466364776,0.7542231308457641,0.7244632343527229,0.9074314720888902,0.8423215230003374,0.17375437706372143,0.5,0.6611539982714928,0.561050061050061
1509000360377,31.450831105866985,2.8591664641697263,15504.460919686595,62.90166221173397,0.0,40.028330498376164,0.0,0.6554817739013927,777,2221.572342659877,108.855836708751,4.0,0.6638115631691649,0.21235521235521235,0.5597469098301073,0.2798841585087312,0.8621102158072786,0.46023308724811735,0.0,0.4180083037254507,0.0,0.40593406397393145,0.7031221467400044,0.7333518520569494,0.5219283221625463,1.0,0.8834183960973098,0.6977385548814119
1509000060324,60.041418849122174,5.0034515707601805,24922.03647630296,50.03451570760181,20.0,22.515532068420814,5.0034515707601805,1.256597943527338,827,2068.927224509335,113.443589617793,3.0,0.5903846153846154,0.19105199516324062,0.6613822018686157,0.37146551085462415,0.9045146051788393,0.43534213718237663,0.32389215239562336,0.35536757712377887,0.2954802336219282,0.7781999901557496,0.7097012226544471,0.7265809659078728,0.3816824684531962,0.75,0.7856998264893003,0.6277422698220763
1510600664723,52.08118918626091,14.880339767503116,27051.580338785763,73.16167052355699,40.0,34.720792790840605,6.200141569792965,1.2851723604464051,2115,2622.659884022424,114.783197593726,3.0,0.5161290322580645,0.18203309692671396,0.6389053043234795,0.5730696501836368,0.9118402013283643,0.47671708236582083,0.39506913624868106,0.402417959971908,0.3254457866072133,0.795895873775219,0.8088067154386585,0.7491395636288625,0.3407311644171185,0.75,0.686878486538928,0.5981087470449172
1510600664757,87.22618823006044,29.075396076686815,31836.383703533018,362.0355769548745,40.0,160.38363642301437,13.130824034632754,1.204827156854459,6396,5998.910751822221,116.230321240472,3.0,0.5367788461538462,0.1743277048155097,0.7206349839130851,0.7054262881820573,0.926391242289614,0.6525424458133142,0.39506913624868106,0.5721361638829866,0.4366024107169094,0.7461387999503135,0.9256607223879225,0.8278544273657449,0.29649314739992483,0.75,0.7143598178137652,0.5727910301081032
1510600664668,40.739294133856795,9.69983193663257,20448.524447751046,89.23845381701965,210.0,36.85936135920377,3.8799327746530285,1.071885231229232,728,1412.2955299737023,113.253783847092,3.0,0.579175704989154,0.1936813186813187,0.6002379642214826,0.49123527747594264,0.8868387115473777,0.49843803660986696,0.569358540009242,0.4089617159284937,0.26132119438148155,0.6638090414577656,0.6962508927211292,0.69026849654651,0.387484758349511,0.75,0.7707827051359419,0.6363814756671899
1510600464827,162.42442499011503,46.406978568604295,40021.30451083867,141.54128463424308,95.0,71.93081678133666,6.961046785290644,1.069866616451845,2273,5274.153114321878,120.89804113095,1.0,0.4100496277915633,0.18213814342278928,0.819796295298365,0.7997389497860957,0.9468335889595948,0.5490490666407285,0.48557913113067624,0.4827475656362113,0.34200736405157056,0.6625589311834473,0.8164131345293907,0.8156036767327687,0.15380273361892183,0.25,0.545705143752682,0.5984538998177361
1510600644969,106.26661020362788,26.0244759682354,30798.097819062354,355.6678382325505,355.0,138.79720516392214,39.036713952353104,1.2467637005080532,2757,5979.1233537020835,122.544323171076,1.0,0.3879093198992443,0.18317011244105913,0.7520691102970222,0.6832576551289211,0.9234288523824714,0.6505834444734074,0.6250057270110745,0.5559761736426007,0.6082915910958431,0.7721097304507923,0.8367952599752613,0.8275400721159251,0.10347652060322265,0.25,0.5162402227230545,0.60184465516348
1510600464812,127.71681796571833,23.55941302280241,33970.90583394416,81.83796102657679,135.0,34.71913498097197,8.679783745242993,1.3120684425522056,1524,1889.712918250046,119.869083917176,1.0,0.45004757373929594,0.16666666666666666,0.7813933684718022,0.6634344322677174,0.9321892483721251,0.48896521497599277,0.5226338112021737,0.40241273677993583,0.37423360157400937,0.8125523794919234,0.7742107652622617,0.7179632209162495,0.18525756253782788,0.25,0.5989354928710932,0.5476190476190476
1510600644973,139.37676424052634,19.298321202534417,32135.95120456966,278.7535284810527,335.0,102.92437974685022,21.44257911392713,1.193742632653977,2966,6359.868965190787,121.56160180526,1.0,0.39118198874296434,0.17801753202966958,0.7953423299845886,0.6239410462960391,0.9272280100371578,0.623693987598678,0.6188545799432352,0.5226043513845815,0.512865849675762,0.7392742521702315,0.8445107567938296,0.8334137802321573,0.13351793731414663,0.25,0.5205955790037947,0.5849147480974857
1510602354564,11.605117009345168,11.605117009345168,2863.521784900579,182.7805928971864,270.0,63.828143551398426,26.111513271026627,1.3077365371086693,4354,12632.169864672216,125.713410369588,0.0,0.40432397547596,0.14331649058337162,0.40763445554752076,0.5251987130782743,0.7112208215620638,0.5771800619498986,0.5959825752598356,0.4694934024627183,0.5440237117514967,0.8098696687721743,0.8850471200915614,0.8987096404204714,0.006598735673105871,0.0,0.5380852906710144,0.470897040488221
1510600644988,212.38562329007053,70.79520776335684,49608.40610231511,250.73302749522213,135.0,126.84141390934768,11.799201293892807,1.1527555394429965,2729,8050.005082758367,117.633594662748,2.0,0.4088797108931337,0.2004397215097105,0.8627056113282695,0.8857586728896375,0.966020407154617,0.6120103466929652,0.5226338112021737,0.5459147148974018,0.42028549297598305,0.7138913079297183,0.8357174362112005,0.8558367871082015,0.25359561499209615,0.5,0.5441481866773283,0.6585876563890488
1510600644954,194.59840901690077,28.477815953692797,44801.42864931193,797.3788467033983,430.0,320.375429479044,40.34357260106479,1.118731946430594,4693,11137.199189223358,121.52771175634,1.0,0.4173965569314407,0.15874707010441083,0.848704829921021,0.7012668474292981,0.9569142699453344,0.7397860014644675,0.6453441701147002,0.6496575591513097,0.6135868364378949,0.6928207977608158,0.8929648824385832,0.8867245391809162,0.1345539431621664,0.25,0.5554826359162782,0.5215975160573498
1510602334460,88.33085748146374,16.060155905720677,21488.385182550934,117.77447664195165,255.0,56.21054567002238,13.383463254767232,1.2581124079924952,2626,7028.99490140375,124.244239806379,0.0,0.35221421215242016,0.1546077684691546,0.722636580740573,0.5879221455942226,0.8912703049485444,0.5288561622095141,0.5899248550952237,0.45542555112682365,0.43952379685872334,0.7791378846015803,0.8316551626903955,0.8429318921512531,0.05151071850369804,0.0,0.4687362071502133,0.507996953541508
1510600873994,193.5784828255252,46.090114958458386,50906.55118077196,391.76597714689626,20.0,152.09737936291268,32.26308047092087,1.2803926587237284,2020,9310.203221608594,122.815700690616,1.0,0.38545953360768176,0.16435643564356436,0.8478638515348796,0.7983490453041051,0.9683283278707362,0.6612562712144361,0.32389215239562336,0.5662040868959101,0.577735406899721,0.7929358467811485,0.803954785765516,0.8696752534948318,0.09518061350883644,0.25,0.5129799808162382,0.54002828854314
1510600803871,246.41641453880132,31.362089123120167,42391.47584789304,367.38447258512196,310.0,143.36955027712077,31.362089123120167,1.1130828161850415,1533,6868.297517963317,123.704872045384,0.0,0.3858695652173913,0.15851272015655576,0.886508283832225,0.7206137838402034,0.9519741113227329,0.6541616317885122,0.6106290620807575,0.5595981490081997,0.5732083409585111,0.6893223413737735,0.7748322984784461,0.840731373010462,0.06799898489549927,0.0,0.5135256619810395,0.5208275090858261
1510600803829,169.88195916967362,67.95278366786945,46427.84498187852,110.87033124757647,0.0,69.74101481702391,7.1529245966178365,1.007488033104448,2897,5180.505639100468,122.599299239544,1.0,0.38281622911694513,0.17949603037625128,0.8269742263366636,0.8773865588638955,0.9601002778207419,0.5222265558658967,0.0,0.479316657258147,0.34593365107295587,0.6239284263374731,0.8420253288897656,0.8138991475760005,0.10179592319339237,0.25,0.5094621996518743,0.5897726712362542
1510600873975,20.513851661812648,0.0,11846.617174601422,22.223339300297035,370.0,3.4189752769687747,0.0,1.0123308391031736,27,46.15616623907846,120.654532241675,1.0,0.23809523809523808,0.1111111111111111,0.49362899001911836,0.0,0.8380698604073726,0.3481802793857629,0.6293963862188573,0.1672261342020903,0.0,0.62692753325146,0.3519668083195431,0.3667001465619633,0.16124670733312962,0.25,0.31686358754027927,0.36507936507936506
1510600803852,161.32637527220209,32.99857676022315,34888.66110673654,520.6442111057431,60.0,285.9876652552673,25.665559702395786,1.1330318641784642,2395,8781.287926748273,121.213794717061,1.0,0.4480048367593712,0.16826722338204592,0.8187118321374868,0.730837751494456,0.9345709565296137,0.6926708314547938,0.43733617055870233,0.6369211638034792,0.5412894392944553,0.701676610320387,0.8219331695784715,0.8641100994446931,0.14415026712303702,0.25,0.5962169632060805,0.5528780196838651
1510600924066,103.61372501694093,3.9851432698823435,32170.379001466998,310.84117505082276,60.0,135.49487117599966,3.9851432698823435,1.072494198824912,1062,4232.222152615049,113.27056375184,2.0,0.3918741808650065,0.1694915254237288,0.7480407607814421,0.33294301864038045,0.9273236754349442,0.6357147425361518,0.43733617055870233,0.553285781904962,0.2648377253229052,0.6641861697026464,0.7360904823913373,0.7946640111345434,0.38697180307201384,0.5,0.5215167670158358,0.5569007263922517
1510602354526,319.73248874885604,68.51410473189773,42642.71735043575,895.250968496797,140.0,360.8409515879947,109.62256757103637,1.2388400391662704,3347,15287.780569177447,124.645791230596,0.0,0.3182355257975581,0.19300866447564985,0.9282568838155725,0.8790668989908126,0.9525020721209568,0.7525874601661505,0.5264748496260959,0.6630043776224503,0.775841006268736,0.7672026770770903,0.8572716025064041,0.9168657581460655,0.03923544487539821,0.0,0.4235164516253217,0.6341713261342781
1510602354530,355.28564309883086,85.75860350661434,47640.82914876269,0.0,0.0,0.0,0.0,0.0,1186,14529.957679834944,125.816407527123,0.0,0.3903868698710434,0.17200674536256325,0.9451672957623082,0.9249939965880053,0.9624045712844065,0.0,0.0,0.0,0.0,0.0,0.7477446024899816,0.9120279671868363,0.0034501519166304506,0.0,0.5195374132870276,0.5651650204769935
1510602334437,189.8367138954617,29.205648291609492,53265.15489069429,102.21976902063322,20.0,43.80847243741424,29.205648291609492,1.0789922078775833,1359,19845.23801414865,124.706903934305,0.0,0.38250254323499494,0.14201618837380428,0.8447403737584396,0.7063219301548813,0.9723748687214114,0.5133171249604132,0.32389215239562336,0.4279270742372031,0.5618399631618386,0.6682103292254817,0.7621155840881071,0.9416928463519593,0.03736725287071052,0.0,0.5090447379894294,0.46662461894249974
1510600864210,47.95734380859852,8.933230709444823,15013.523396883373,97.32519772921465,1230.0,24.919011978977665,5.642040448070414,1.2033002031099755,2639,1240.7787285381519,120.999328626558,2.0,0.4203444564047363,0.18529746115953014,0.6258960791770277,0.475827670840469,0.8592355178244776,0.5079391369415761,0.7569926835950865,0.36631961132126195,0.31214482052486703,0.7451931710042803,0.8321765746322994,0.6779566017116605,0.1507064135743903,0.5,0.5594057803281077,0.6088345152384561
1510602334386,81.74379866551565,0.0,39509.2717357453,245.23139599654695,60.0,163.4875973310313,40.87189933275783,0.9830877585747855,791,16164.83618610572,123.615007316842,1.0,0.37565217391304345,0.1415929203539823,0.7103150817421731,0.0,0.9456831288842766,0.6095640868765659,0.43733617055870233,0.5742801680598927,0.6156801953181399,0.6088175521739521,0.7050059691223007,0.9221739304314935,0.07074611531481456,0.25,0.49992808107224584,0.4652338811630847
1510600904314,140.02291916106893,3.684813662133393,28590.23650836237,73.69627324266786,60.0,25.79369563493375,3.684813662133393,1.2056282324887189,1558,5740.939685603827,123.467555808543,1.0,0.36666666666666664,0.1944801026957638,0.7960810680198606,0.32006518767317527,0.9167827190921928,0.47751223910345447,0.43733617055870233,0.3700548454210766,0.254594124257549,0.7466348990040372,0.776539833439049,0.8236723310467503,0.07525365159066044,0.25,0.48796992481203005,0.6390060517146524
1510600904297,177.9638554612507,13.516242186930432,39051.611291969086,608.2308984118695,120.0,286.09379295669413,60.82308984118694,1.2471852208758554,4178,9411.80997616589,121.494591274341,2.0,0.4466759002770083,0.19411201531833414,0.8344076778080723,0.5544555563158843,0.9446421456889201,0.7098533107652959,0.5102011740841107,0.6369627737844472,0.67991898959346,0.7723707742856671,0.8806897778699561,0.8707080567293984,0.13556642364341875,0.5,0.5944483785641389,0.6377966217602407
1510601124653,27.480381653795874,5.28468877957613,11336.774215151388,52.8468877957613,1940.0,3.170813267745678,4.227751023660904,1.151400082126594,2,2.113875511830452,120.654532241675,1.0,0.0,0.0,0.5387530483288648,0.38095388660902113,0.8341397490864123,0.441280546652002,0.8054380026295261,0.16072160346817438,0.2726716050600271,0.7130518852044829,0.11604181545352152,0.10809051619010294,0.16124670733312962,0.25,0.0,0.0
1510600754193,272.4845337966449,85.15141681145153,49266.27391795728,272.4845337966449,20.0,170.30283362290305,0.0,0.9002560512685369,426,7254.9007123356705,123.968491278461,0.0,0.4539249146757679,0.1431924882629108,0.9026219419136511,0.9235384259624717,0.9654020852546472,0.621185013560108,0.32389215239562336,0.578849098226335,0.0,0.557520608595193,0.6397527316547642,0.8459417488471217,0.05994024565428557,0.0,0.6040955631399317,0.4704896042924212
1510600864244,146.14001141939596,17.861556951259505,27031.34979019128,329.6269146459709,490.0,125.03089865881654,24.356668569899327,1.2214123816687714,4956,8047.443295494737,121.958295790261,1.0,0.4436353043984853,0.1668684422921711,0.8029115100669024,0.6087261645542227,0.9117733601268431,0.6421905254352213,0.6592099965771087,0.5443094877888073,0.5329919712079585,0.7564098829595688,0.8987231392571239,0.8558065025142445,0.12139115374692788,0.25,0.5904018712671572,0.5482820246742764
1510600803867,226.89351891564226,68.06805567469269,34702.440034725856,90.7574075662569,295.0,22.689351891564225,28.361689864455283,1.2281058514681364,1614,9155.153488246166,125.859126986442,0.0,0.3016129032258065,0.17100371747211895,0.8732865504569042,0.8777327442284897,0.9340927929319272,0.500285963778328,0.6053700733912069,0.3561963902230713,0.5571681951177,0.7605550895937228,0.7802674070793645,0.8680772924939,0.00214423436592992,0.0,0.40139461557118605,0.5618693574083908
1510600933937,72.46696883171411,10.190667491959797,23242.880637480906,170.97675458732547,140.0,99.6420821436069,11.32296387995533,1.1195472311427799,2819,3191.9435177594073,120.094574722652,2.0,0.4389994895354773,0.18871940404398724,0.6911867716384208,0.5005309872355825,0.8982825538706272,0.5698311922667549,0.5264748496260959,0.5189925565762321,0.4140343731369459,0.693325696370801,0.8391434385615789,0.7678266424652969,0.17836439476166832,0.5,0.5842324033667631,0.6200780418588152
1510600803886,151.37666923017196,21.625238461453137,37067.077998210094,364.53973406449575,315.0,151.37666923017196,21.625238461453137,1.128814272497927,2470,7630.61985711275,124.089178951765,0.0,0.37604456824512533,0.14736842105263157,0.808536918820577,0.6464336950102904,0.9399823492796967,0.6533034386363701,0.6123258318263608,0.5656730442643347,0.5142021900856347,0.6990646931028067,0.8251887944303853,0.8507459685973005,0.05625086958929393,0.0,0.5004502900705804,0.4842105263157894
1510600722178,98.06794754711744,8.023741162945973,25271.571549724456,197.91894868600065,845.0,83.35775541504982,8.023741162945973,1.0905685740342732,7984,3558.97496916448,115.873584066698,3.0,0.5121212121212121,0.19276052104208416,0.7392789375491465,0.45592590081264683,0.9057589619124646,0.5859427866386621,0.7170915532091602,0.4991285808711898,0.36266379448382086,0.6753794703780508,0.9490817306738321,0.7781811549358105,0.30739846651316405,0.75,0.6815447710184552,0.6333559977097051
1510600803890,199.71965898862197,23.496430469249646,47974.43085202332,452.30628653305564,60.0,252.58662754443367,17.622322851937234,1.0579279892863986,1361,7994.660467162192,123.138436884313,1.0,0.4463336875664187,0.16752387950036737,0.8528623362819755,0.6629022515090008,0.9630280283743929,0.6771260823907653,0.43733617055870233,0.6229959959229666,0.48210356052697445,0.6551654449928331,0.7622708020621889,0.855180366840869,0.08531469136670589,0.25,0.5939929526259858,0.5504356040726356
1510600704795,66.0046168921597,7.920554027059164,23156.46224102041,198.01385067647908,155.0,58.084062865100535,13.20092337843194,1.0543602930311076,825,2178.15235744127,122.939479852577,1.0,0.32423756019261635,0.19272727272727272,0.6763757358088507,0.4535423009432767,0.8979497495183197,0.585995589483432,0.5372299810340917,0.4590519698831467,0.43741820531746095,0.6529560022629233,0.7094457792110741,0.7314743926027143,0.09139673181668295,0.25,0.4315041214593466,0.6332467532467532
1510600704808,132.53604959499452,14.328221577837247,34958.67634557529,197.01304669526215,0.0,71.64110788918623,3.582055394459312,0.9961802015441426,1064,3811.306939704708,121.670813033889,1.0,0.36061381074168797,0.20206766917293234,0.7873060310115011,0.565735783117231,0.934750076195349,0.5854374769922703,0.0,0.48229961820654205,0.25093783203827386,0.6169255862849014,0.7362890272098621,0.7846978846421107,0.13017939177837135,0.25,0.47991462031036675,0.6639366272824919
1510600844600,101.64390588043402,13.068502184627231,21456.316250311225,155.36997041723487,600.0,43.56167394875744,18.87672537779489,1.3178004679281436,2811,4081.7288489985717,122.590424515266,0.0,0.40370185092546274,0.17716115261472787,0.7449829856437705,0.5479623901243216,0.8911368706094904,0.5592994592192845,0.6807158521728758,0.4273054994288135,0.492850381977436,0.8161021720998966,0.838843365029207,0.7912193829040842,0.10206722012404235,0.0,0.5372573504797512,0.5821009300198201
1510600864263,151.6534211179383,43.56002521472696,37530.76393206315,630.8136984799348,355.0,308.14684503751295,29.040016809817974,1.1186367178576453,5089,8210.258085842426,120.651237968666,1.0,0.4230984340044743,0.18078207899390844,0.8088288124879619,0.7869033398523626,0.941093068912256,0.7138826150968952,0.6250057270110745,0.6452916721756292,0.5609334846215701,0.6927618235480113,0.9015198056706543,0.8577123383563557,0.1613474120004601,0.25,0.5630708482615936,0.5939982595514134
1510600864259,150.35005186456186,24.475589838417047,27031.147788127633,500.00133527051963,610.0,192.3082058732768,15.734307753268101,1.0043605465533116,4454,7786.734081450681,121.665011579839,1.0,0.43215434083601284,0.16232599910193085,0.8074494823262688,0.6710251584475487,0.9117726924651248,0.6882009521726655,0.6824714234940588,0.5924500505402521,0.4644802600981638,0.6219916015831093,0.8874450848805646,0.8526729646430015,0.1303567400122735,0.25,0.5751226941952953,0.5333568541920585
1510600844598,122.91477716073614,25.363366715707457,31131.36787726188,565.7981805811663,375.0,255.58469536597514,64.38393089371893,1.2773262654479443,4033,7868.496766496013,119.327052979713,2.0,0.4316546762589928,0.17307215472353088,0.7752773732143542,0.6781245226135252,0.924390469027727,0.7018611706757454,0.6308205735906434,0.6243187304312577,0.6891509584180989,0.7910368565517594,0.8769597561048265,0.8536668443499239,0.20182724121680695,0.5,0.5744577270514416,0.5686656512344586
1510600833922,82.42795161917897,8.063603962745768,29214.756714525563,194.4224511017591,100.0,119.16214744946524,6.271691971024486,1.0449814342593162,4493,4025.5302894018596,116.380456714249,3.0,0.5127946127946128,0.18651235254840864,0.7116396523419932,0.45683943139089883,0.9187133348749054,0.5839795892458425,0.49098055551946346,0.5389429465073268,0.32707595099998815,0.6471477579939627,0.888365731379904,0.7899003955137618,0.2919035633248074,0.75,0.6824409508620035,0.6128263012304855
1510600924070,150.38350759218716,24.386514744678998,41435.95843475571,204.5757625803627,255.0,88.06241435578526,9.48364462293072,1.1748339939646528,2858,3872.036618905143,120.777633788999,1.0,0.3860329776915616,0.1861441567529741,0.8074850361700315,0.6702992333389438,0.949937192502477,0.5895868381580559,0.5899248550952237,0.5052362765270868,0.3873854293461921,0.7275642995018499,0.8405942120930049,0.7862018451255511,0.15748354006155107,0.25,0.5137431357248602,0.6116165150454863
1510600754102,93.38844794174008,18.677689588348017,26940.226030541813,291.37195757822906,220.0,134.47936503610572,20.545458547182818,1.1569079786679808,3764,7030.282361054194,121.258420327635,1.0,0.44769230769230767,0.16790648246546228,0.7314953880335313,0.6175053024601719,0.9114716681977978,0.6285779932717078,0.574284661105589,0.5524453566777251,0.5061404856185765,0.7164628768079344,0.8696704577129105,0.8429493181846337,0.14278607925670384,0.25,0.595801041064199,0.5516927281008046
1510600644916,11.280107771802456,1.1280107771802457,5460.322962624833,5.640053885901228,775.0,0.5640053885901228,3.3840323315407366,1.1682824501765625,0,0.0,120.654532241675,1.0,0.0,0.0,0.40343246107361186,0.15651439544428894,0.7688758962266196,0.2095752024597546,0.7079033990442524,0.05033414695974474,0.2436546231254409,0.7235069863909552,0.0,0.0,0.16124670733312962,0.25,0.0,0.0
1510600664776,64.87123658176301,16.92293128219905,29835.912432401314,292.3906460424391,120.0,145.725241596714,6.581139943077407,1.1041582096695708,5698,5357.047913665009,116.254149775946,3.0,0.5362631437045026,0.1812916812916813,0.6736315293983574,0.5981469991824654,0.9205930403830646,0.6289630386477769,0.5102011740841107,0.5614196763783206,0.3339463280675228,0.6837954115086904,0.9134568840141435,0.8170874301891514,0.2957647181740156,0.75,0.7136735070353155,0.5956726671012386
1510600664761,78.32624822747925,24.308146001631492,28159.75250299598,316.00589802120936,60.0,147.19932856543514,18.906335779046714,1.2258863591330798,4670,6306.613434867726,118.288972849992,3.0,0.5331582403151675,0.16381156316916487,0.7035300293829047,0.6696584511689956,0.9154272266403697,0.6375332013997108,0.43733617055870233,0.5625446906778157,0.4930957881739104,0.7591805776249673,0.8924460573304913,0.8326137021653273,0.23356095419086398,0.75,0.7095414175622906,0.5382379932701131
1510600864278,127.35323387612254,25.47064677522451,30519.5302788907,483.94228872926567,140.0,225.5971571519885,23.65131486270847,1.1264459662020456,4979,9058.453592417345,121.50753800471,1.0,0.43280575539568344,0.16388833099015868,0.7809383486457463,0.6789661801422733,0.9226170565344654,0.6845943535489817,0.5264748496260959,0.6103315232473382,0.5283410844723901,0.6975980219645687,0.8992120993099557,0.8670669325468364,0.13517064704224957,0.25,0.5759896143235788,0.5384902303962357
1510600924051,75.20261565999665,11.770844190260345,29480.352937012674,69.31719356486647,315.0,23.54168838052069,2.615743153391188,1.145296350790053,1480,967.8249667547395,118.743604397409,2.0,0.4095238095238095,0.1858108108108108,0.6970677758711332,0.5279058288475363,0.9195219111281404,0.4708242076923621,0.6123258318263608,0.3601744558380698,0.2118912317449299,0.7092718983833394,0.7711183715810789,0.6543360692344857,0.21966304147524363,0.5,0.5450053705692803,0.6105212355212355
1510600864282,117.79390238565135,22.159248963637385,31344.46519664918,429.1896641378188,260.0,190.10303058278387,23.325525224881456,1.1016819167430618,5956,6946.341411969698,121.067989687451,1.0,0.4104265402843602,0.1732706514439221,0.7684884648003467,0.6512685176743485,0.9249999589840351,0.6713316529342461,0.5919826602180709,0.5911588488619716,0.52614781365614,0.6822618652053893,0.9181336018241479,0.8418064283642004,0.14860747117438633,0.25,0.5462067491002388,0.5693178547443154
1510600992197,29.12027548193905,2.980815600513446,15798.292239288528,124.0477876829057,100.0,60.533486041196134,2.522228585049839,1.0704141835533836,6778,1554.1513954061643,111.040036366613,3.0,0.5766814056318361,0.1932723517261729,0.5477584543184002,0.28631633912623056,0.8637875260427025,0.534554012691071,0.49098055551946346,0.46362343392648714,0.20757138194089714,0.6628980346454749,0.9317870689353553,0.699370534023031,0.45515817308045636,0.75,0.7674632240363534,0.6350377271002824
1510600010330,98.04860078685606,15.757810840744723,21587.18786866636,131.31509033953935,615.0,42.0208289086526,33.2664895526833,1.5361813332485377,3278,5739.344881773467,121.082715841491,1.0,0.4221061792863359,0.1503965832824893,0.7392475205902477,0.5842162227293461,0.8916801607876839,0.5408076766515607,0.6833384634022261,0.4233451938268772,0.5826349474555901,0.951343510125242,0.855071981429873,0.8236458966957545,0.14815729827141166,0.25,0.5617503288246727,0.4941602022138934
1510600011945,181.22600496978862,75.91900208193847,41047.88203441671,773.8840212223406,865.0,364.90101000673656,24.49000067159306,1.0484417170730802,3433,8407.417230557896,121.617638419814,1.0,0.4286308780690803,0.15758811535100495,0.8373134179015679,0.9000456572018454,0.9490964676710895,0.7364793003054324,0.7195773019918139,0.6642601231659694,0.5338565658901591,0.6492906805297489,0.8599505487750425,0.8599702370367451,0.13180491941564154,0.25,0.5704335745731369,0.5177895218675876
1510600832712,79.54524715204624,6.714858525822085,27352.62434392747,236.05310356159177,255.0,132.23106020080414,8.264441262550259,1.081641257460854,8681,4483.975912512425,116.580634013512,3.0,0.4944052332587364,0.18972468609607188,0.7059831412152318,0.42344720965765376,0.9128289793981745,0.6053587288619483,0.5899248550952237,0.550562041148929,0.36700359885254785,0.6698508621980542,0.9579212523140784,0.8001614407538565,0.2857842197627247,0.75,0.6579678668180177,0.6233811114585218
1510600012214,205.83064677274447,116.33906121937731,48237.38467531297,516.8139065706954,80.0,228.20354316108626,31.322054943678506,1.17284248827815,4495,10056.616926559635,121.581662494076,1.0,0.3986275733000624,0.1735261401557286,0.8576866927357694,0.9875713733829554,0.9635164062421211,0.6918549632595516,0.4675043867846458,0.6116186186986561,0.573004274089949,0.7263309776477005,0.8884127284050863,0.8770133133694925,0.13290468972109237,0.25,0.5305043644670003,0.5701573176545368
1510600832892,117.78510195279486,13.857070817975867,31944.547941606215,76.21388949886726,0.0,55.42828327190347,6.928535408987933,0.7595473914748635,609,4219.478064073652,115.772945615479,3.0,0.5984251968503937,0.16091954022988506,0.7684765476444299,0.559265411952647,0.9266942770693546,0.48118196984678246,0.0,0.45387611085497337,0.3413327384286759,0.4703809803391619,0.6774268123548912,0.7943770969949673,0.31047494551868715,0.75,0.7964004499437571,0.528735632183908
1510600013335,258.3517702566633,119.60730104475152,59474.60303135807,894.6626118147414,0.0,502.3506643879564,9.568584083580122,0.9645420319446283,3297,15773.81086178183,118.999122007022,2.0,0.4672313865358894,0.17531088868668487,0.8940867792070636,0.9932650339641165,0.9822267860280185,0.7525147633529384,0.0,0.7001523008341982,0.3887157401716386,0.5973323477333755,0.8556822584612223,0.9198438411713655,0.21185196576815413,0.5,0.6218041760665596,0.5760214913991074
1510600621771,84.68229400998149,11.816134047904393,27992.695747802503,289.49528417365764,260.0,146.22465884281686,10.339117291916345,1.1422921543793358,7571,3727.4979531951735,116.454857581074,3.0,0.5154123298638911,0.18108572183331131,0.7159286156418748,0.5286395175337155,0.9148956155903868,0.6278651200838181,0.5919826602180709,0.5618020896096019,0.40031721161609524,0.7074114261222726,0.9434722027403717,0.7825825433232072,0.28962915725031657,0.75,0.6859246795932987,0.5949959431665943
1510600754189,218.87537254816843,30.683463441332023,44445.144968185064,744.5853795096572,135.0,407.0672816550049,30.683463441332023,1.0739524756901295,5463,11174.917385333123,122.03069306931,1.0,0.4319790301441678,0.16840563792787847,0.867524950065376,0.7162215345534907,0.956200908234811,0.7322123725238556,0.5226338112021737,0.6765349265252019,0.5697145499942364,0.6650892676648882,0.9090090234557349,0.8870462467770198,0.11917799658529227,0.25,0.5748893859813361,0.5533328103344578
1510600833918,41.096088342320016,2.4174169613129424,18714.600441135462,41.70044258264825,115.0,18.130627209847066,1.2087084806564712,1.1368167766241353,1622,980.262577812398,116.083975376946,3.0,0.53125,0.19173859432799015,0.6016071731221418,0.25468927498734906,0.878922318139596,0.41560447211672613,0.5057116805995538,0.3321423458641586,0.13063458672179512,0.7040205731154346,0.7807893392709628,0.6555499567292946,0.3009668845374641,0.75,0.7070018796992481,0.6299982385062532
1510600731574,191.50041982275172,18.06607734176903,42094.242801432585,177.0475579493365,0.0,104.78324858226037,3.613215468353806,1.0123951978973418,1711,6182.211666353362,118.566777080108,2.0,0.45617021276595743,0.1946230274693162,0.8461366618845175,0.6109613547340942,0.9513454479731711,0.5736716521750097,0.0,0.5245995593356575,0.2520551453259932,0.6269673900833497,0.7864282777472138,0.8307181337126295,0.22506858500945104,0.5,0.6070836666133419,0.639475661684896
1510600010400,133.59884885724077,41.35202464628881,22256.139000466697,919.2873171367281,1435.0,292.6450974968131,133.59884885724077,1.3222812459581994,2306,7335.212987257077,123.383091134012,1.0,0.41039755351681956,0.17259323503902863,0.7885812266591787,0.7763705829703452,0.8944067368859504,0.7555172806798768,0.7733796890268687,0.6395020361490772,0.8081819330243221,0.8188770782955023,0.8179349472790185,0.8469892579205324,0.07783570442191357,0.25,0.5461681727253914,0.5670920579853798
1510600622680,88.08744482655912,10.163935941526052,27041.470590299752,123.66122062190031,80.0,70.30055692888853,1.6939893235876755,1.0176346834810988,3761,3185.5469230066237,113.750041896827,3.0,0.5357288689260923,0.1911725604892316,0.72219766549579,0.500035323896327,0.911806805235249,0.5342112585497694,0.4675043867846458,0.4802033268793756,0.16337783533601805,0.6302121571551909,0.8695862601697079,0.7676358098170083,0.37231433936115355,0.75,0.7129624796986341,0.6281384130360466
1510600664719,119.32518796324631,15.910025061766174,34250.34029783542,511.39366269962704,60.0,238.65037592649261,9.091442892437813,1.122719622625533,5443,6185.590457942378,116.084698764465,3.0,0.5182705718270572,0.18408965643946354,0.7705487366300448,0.5860902348670662,0.9329211670978588,0.6906900600918493,0.43733617055870233,0.6166346617263916,0.38109964071270774,0.6952903303520716,0.9086216896430516,0.8307701199455227,0.3009447708573735,0.75,0.689728505363828,0.6048660140153802
1510600664687,63.422583484704155,6.676061419442543,23914.91027875599,283.7326103263081,40.0,116.8310748402445,6.676061419442543,1.110148389031429,1471,4910.24317399999,117.126770257652,3.0,0.507172131147541,0.19170632222977566,0.670054396102003,0.422402332851388,0.9008291425148728,0.6256469729005348,0.39506913624868106,0.536738257304652,0.33599765347319566,0.6875050765964303,0.7704745278597036,0.8088015001937346,0.2690890434270343,0.75,0.6749584000986072,0.62989220161212
1510602354511,144.00199154983324,55.38538136532048,19202.50888449416,708.9328814761021,20.0,343.38936446498695,99.69368645757686,1.2603550636526566,1366,15131.286189005554,125.190274931641,0.0,0.29933269780743565,0.18740849194729137,0.8005569914240172,0.8356848938662312,0.8812217313193211,0.7267879824247462,0.32389215239562336,0.6574412468567321,0.7603376168537457,0.7805267414126629,0.7626578520092219,0.9158866789479145,0.022590786150779252,0.0,0.39836005648057227,0.6157707592553859
1510600464831,178.73471506550558,32.012187772926374,44660.57350989303,296.1127368995689,0.0,157.3932565502213,10.670729257642124,1.0471475756229291,2575,6869.281959607117,121.976445645618,1.0,0.39869636067354697,0.17475728155339806,0.8350990675882566,0.7247358607893427,0.9566329259987036,0.6303586421808719,0.0,0.5700312505607219,0.4050693151034194,0.648489230178063,0.8295844000669471,0.8407450096142519,0.12083631960269436,0.25,0.5305959085655475,0.5742024965325936
1510600434884,121.47536466969241,19.94371658756144,33363.72741935886,469.58387237985573,195.0,228.44620818479467,34.448237742151576,1.2120513959441495,4019,7286.708815037221,120.956884087937,1.0,0.44672426205903526,0.157253048021896,0.7733978680399705,0.6304281465200554,0.9305778996562085,0.6812670809760195,0.5615133251727298,0.6117377067905004,0.5882245556140956,0.7506127073106096,0.8765925440704673,0.8463580004671527,0.15200392690438436,0.25,0.5945127397327011,0.5166885863576582
1510600434899,99.56626004026886,6.750254917984329,30293.24446728113,173.81906413809648,215.0,72.56524036833154,15.188073565464741,1.2665193597363054,2700,4556.422069639422,122.311131357921,1.0,0.42329994728518716,0.1662962962962963,0.7416935767142206,0.42439592529517123,0.9219521462248076,0.5716458677619429,0.5718501107491932,0.4837223271511727,0.45900925849163626,0.7843442354459151,0.8345894017160672,0.8016863033573297,0.11060510524201128,0.25,0.5633390275900612,0.5464021164021164
1510600644935,278.6955051716144,48.050949167519725,51900.54413838662,374.79740350665384,330.0,172.98341700307103,14.415284750255918,1.064049357671608,2022,9715.901921672488,120.088361163989,1.0,0.3925619834710744,0.1904055390702275,0.9062342761139522,0.806804200664045,0.9700560668986904,0.6563671820408643,0.6172595694385202,0.580596533246152,0.4509452026908781,0.658956354282194,0.8040592623441178,0.8737337350816556,0.17855434087614785,0.25,0.5224321133412043,0.625618199802176
1510600434901,131.71722839778545,6.39404021348473,32799.30027482063,248.08876028320753,60.0,162.40862142251214,12.78808042696946,0.9959672199893809,5383,6883.82369383766,119.679654543396,2.0,0.45368620037807184,0.17871075608396805,0.786316630505561,0.41464440559672,0.929053486215725,0.6108413375988042,0.43733617055870233,0.5735395075648455,0.43255448849592193,0.616793688692141,0.9074510923754433,0.8409462161666154,0.19104834612406763,0.5,0.6037778756911182,0.587192484275895
1510600644992,184.66882880100323,11.991482389675534,39126.21186294934,103.1267485512096,295.0,50.36422603663725,2.398296477935107,1.0983362819681508,1059,2539.7959701332784,117.807638924303,2.0,0.3915900131406045,0.1794145420207743,0.8403242076938902,0.5314558885326253,0.9448126598452794,0.5142856151775986,0.6053700733912069,0.4432940047267209,0.20166623690887261,0.6801899431858512,0.7357919636461823,0.7460855720786363,0.24827514840879605,0.5,0.5211385889164436,0.5895049237825442
1510600975007,78.06192000217489,1.660891914939891,21821.39773351368,59.79210893783608,0.0,36.53962212867761,0.0,0.9378057145489618,1382,2295.3526264469297,118.687930138165,2.0,0.5186813186813187,0.17583212735166426,0.7029931238833691,0.20282984763724873,0.8926442708021258,0.4547105961946293,0.0,0.4080072172923628,0.0,0.5807747828883268,0.7638869662403072,0.7364595118611224,0.2213649823103574,0.5,0.6902751383954392,0.5777341327268968
1510600874047,109.7712186699809,14.362589358689089,21840.513101129458,193.89495634230272,1070.0,51.294961995318175,31.80287643709727,1.2247746774613602,1646,1688.6301488858744,123.877264385671,0.0,0.2498101746393318,0.1859052247873633,0.7572406719563893,0.5661999484710609,0.8927225007231601,0.5836803681413798,0.7421802396332495,0.44531503414801554,0.5754386286599759,0.7584921229999659,0.7823398377519355,0.7072628913288056,0.0627290169142567,0.0,0.33245414218918595,0.6108314528727651
1510602354545,287.26926632092204,77.64034224889785,42458.143614769746,566.7744984169543,20.0,201.86488984713444,77.64034224889785,1.3588801699687738,2043,15861.921921449832,125.317529887477,0.0,0.3529801324503311,0.18502202643171806,0.9110911812242503,0.9046325410037278,0.952114511838413,0.7020516951348833,0.32389215239562336,0.5978806625915372,0.7195850671110899,0.8415424681693641,0.8051500721661101,0.920373889999647,0.01870065076777072,0.0,0.46975551461435044,0.6079295154185022
1510600933956,53.314584350702226,7.7750435511440745,17650.487699456316,91.0790815991163,560.0,18.882248624207037,16.660807609594446,1.2319269642738098,595,660.8787018472464,123.135191257009,1.0,0.34615384615384615,0.15630252100840336,0.6426002732568287,0.45013376224180246,0.8736921464668186,0.5006733788017034,0.6733886742796815,0.33647932363267213,0.4733639422030706,0.7629214709514798,0.6749743616013776,0.6180795130886106,0.08541390895341905,0.25,0.4606709080393291,0.5135654261704682
1510600874028,120.57232063896893,9.274793895305303,27760.846177954634,405.772232919607,40.0,215.6389580658483,34.78047710739489,1.2212927295133995,2519,5840.801455568515,119.707712859861,1.0,0.45187319884726224,0.1572052401746725,0.7722074133761271,0.48283444257470426,0.9141525389696622,0.6651352641499015,0.39506913624868106,0.605273730521247,0.5897624923768635,0.7563357834382286,0.8272628601901065,0.8253131129590849,0.190190614109223,0.25,0.6013650841801911,0.5165315034310667
1510600873960,25.250446439740394,1.6833630959826928,13970.397233771248,124.56886910271926,2005.0,23.567083343757698,3.3667261919653857,1.1636866967748447,150,252.50446439740392,117.588241314292,1.0,0.4423076923076923,0.14666666666666667,0.5256377745327907,0.20457274052526586,0.8528019753991994,0.5350143625450663,0.8089422659873314,0.36029084990131915,0.24300255282870534,0.7206608769647883,0.5299542585748727,0.5267532724762171,0.25498204952745485,0.25,0.588635049161365,0.4819047619047619
1510600775026,137.81925047817458,22.119138965632956,33839.52602126502,284.1458620969772,60.0,163.34133390005874,10.208833368753671,1.0681533591397736,3207,5456.621435598838,120.376989109823,2.0,0.45310376076121434,0.17461802307452448,0.7935475805360752,0.65090926174922,0.9318430438760656,0.625807528063618,0.43733617055870233,0.5741800510112273,0.39841206705964805,0.6614979260861082,0.8527597470667434,0.8188396654776212,0.1697310948403632,0.5,0.6030027492837213,0.5737449329591519
1510600803833,201.73012007061462,61.239500735722295,51692.944217140146,572.7694480576379,175.0,291.78820938785327,43.227882872274556,1.1819627125080214,2179,7849.463064890522,121.309654995075,1.0,0.42139595564253096,0.17117944011014227,0.8544655315738203,0.8561572640841905,0.9696979706555384,0.7032144512301536,0.5500630145896672,0.6391731481163264,0.6247045878354195,0.7319790518328144,0.811954086090961,0.8534364023041576,0.14121985504692225,0.25,0.5608051439753984,0.5624467317904674
1510602354507,93.43685041293725,51.9093613405207,25831.598385235564,825.358845314279,220.0,337.4108487133845,119.39153108319759,1.269185683106424,6685,17350.70402806904,123.877748116643,0.0,0.30584326753957397,0.17038145100972327,0.7315778557578553,0.8224975022211806,0.907717239382559,0.74359928501302,0.574284661105589,0.6554703989843861,0.7897921053370495,0.7859954659218731,0.9303279739847616,0.9289104434050817,0.06271422944324867,0.0,0.4070244989060496,0.5598247676033764
1510600874009,90.95810471421373,2.5266140198392706,27985.529894900057,391.62517307508693,80.0,181.91620942842746,27.792754218231977,1.1402542557324526,1596,4032.4759756634758,122.072073861455,1.0,0.38903394255874674,0.16165413533834586,0.7272992717039432,0.2612080276744151,0.9148727413812419,0.6612165775728723,0.4675043867846458,0.5862312765326797,0.5539424247980781,0.7061493735181666,0.7790835437383867,0.790064405229396,0.11791300157867246,0.25,0.5177369009992344,0.5311493018259935
1510600754121,124.37036138541599,55.275716171296,57163.3940619721,331.654297027776,80.0,124.37036138541599,82.913574256944,1.4320442949966194,1595,11020.595911652139,124.29153564091,0.0,0.41025641025641024,0.12413793103448276,0.7771559222373198,0.8352814116632057,0.9786854967555122,0.6428672797812516,0.4675043867846458,0.5437180989104553,0.730284757310494,0.8868523635656593,0.7790173828766215,0.8857230674119956,0.050064902911140075,0.0,0.5459803354540197,0.40788177339901477
1510602344494,68.05827498417874,5.881579319620385,22576.72284353654,186.53008699367507,355.0,91.58459226266028,10.082707405063516,1.174539646433493,2568,2157.6993846835926,117.002939907803,2.0,0.447576099210823,0.19197819314641745,0.68123195265693,0.3997582747648909,0.8956844873212404,0.5794159071098081,0.6250057270110745,0.5096012313696322,0.3965465106159955,0.7273820126796958,0.8292969827131272,0.7305770162133098,0.27287448991336816,0.5,0.5956463876715464,0.6307854917668002
1510602334441,93.79696369459703,10.195322140717067,25533.998097048046,120.3048012604614,80.0,55.05473955987217,10.195322140717067,1.2372206471157599,4909,5004.883638878008,124.392675160586,0.0,0.3828169014084507,0.17029944998981464,0.7321900899295709,0.5006171738924687,0.9066819498995012,0.5311897781064561,0.4675043867846458,0.4531286330147958,0.3982132261931221,0.7661998019058736,0.89771686567287,0.8106178264788554,0.0469731064343164,0.0,0.5094630943556073,0.5595553356808195
1510602334456,175.29623550760644,30.050783229875393,23083.333294385244,210.35548260912773,235.0,95.16081356127208,22.538087422406544,1.2019429154773962,5767,14441.905573890948,124.455050787699,0.0,0.307116953762466,0.19056701924744235,0.8319918702117355,0.7120410781268178,0.8976671523330801,0.5926562976680954,0.5812708823327697,0.5138664593442972,0.5207229438428987,0.744352614780428,0.9147280567736562,0.9114495724083718,0.045066307343659795,0.0,0.40871955500719165,0.6261487775273106
1510602334422,112.55354928721721,26.914979177378026,18794.203109053182,115.00036557606975,20.0,56.276774643608604,14.680897733115287,1.1507291432561273,2230,5456.400324141182,124.661472312332,0.0,0.3731527093596059,0.16681614349775784,0.7612312005292451,0.6899768709569359,0.8793015324770328,0.5262398821638472,0.32389215239562336,0.45555575771425955,0.4537615884146337,0.7126363786973445,0.8143966870840396,0.818835810016508,0.03875608019758048,0.0,0.49660172598985153,0.5481101857783471
1510600904352,119.76470473063537,25.523625598332128,29051.416645427435,143.3249745137112,135.0,70.68080934922743,11.780134891537905,1.08975485899085,5957,11695.710591481884,124.871480643024,0.0,0.34196891191709844,0.1838173577304012,0.7711352441309202,0.6793805640965107,0.918212406872441,0.5504257599550663,0.5226338112021737,0.4808019256801735,0.4200397286102016,0.6748755438500444,0.9181513317129609,0.8913804971767735,0.032336205760592596,0.0,0.45510148428064984,0.6039713182570324
1510600904333,181.67591657126013,41.92521151644465,45447.50500643801,572.9778907247435,320.0,214.28441441738374,18.633427340642065,1.1645601276256685,5907,9172.304608431057,120.820240532177,1.0,0.4531365313653137,0.18605044862028103,0.8377100865780877,0.7791566981738116,0.9581935110478031,0.7032546610437791,0.6139959635814028,0.6045678519520491,0.4908200140928126,0.7212017849640525,0.91726117127553,0.8682553796820603,0.1561810682002186,0.25,0.6030463612906807,0.6113086168952091
1510600754206,177.29280922507078,34.68772354403559,22497.41852230636,373.8565759746058,60.0,185.0011922348565,26.979340534249904,1.1924266095684262,4660,17960.53241280065,123.828759351275,0.0,0.3204873901955228,0.1497854077253219,0.8338033824453848,0.7408870205143757,0.8953701011684231,0.6560896825552703,0.43733617055870233,0.5881135208918994,0.5492180360690585,0.7384592507153145,0.8922196838783173,0.9321974681661661,0.06421179728472115,0.0,0.42651329371885366,0.4921520539546291
1510602334403,224.87146118306995,32.12449445472428,49827.44552782331,995.8593280964526,60.0,526.8417090574782,83.52368558228312,1.1876607866571702,3302,21215.016137899915,122.999353026138,1.0,0.45526663728514766,0.13264688067837674,0.8718529039014343,0.7254397317067894,0.9664140334496474,0.7643651264453882,0.43733617055870233,0.7054990716657827,0.7314790538323747,0.7355078187463805,0.855842273356777,0.9480440830119117,0.0895664317750654,0.25,0.605881163905798,0.4358397508003807
1510600754136,144.46061253924685,32.429933427177865,33317.22891459759,908.0381359609803,220.0,439.27818914995476,61.91169108824865,1.1928229646221455,2897,8540.865194412207,122.517350867005,1.0,0.4441674975074776,0.14946496375560925,0.801064964514623,0.7273420358651993,0.9304532942017713,0.7541557509247819,0.574284661105589,0.6850852258837339,0.6827965976084958,0.7387047098937983,0.8420253288897656,0.8614686574170759,0.10430105363408615,0.25,0.5911101282618311,0.49109916662557324
1510602334418,79.19974631702142,15.690515779787264,23731.28749102693,158.39949263404284,155.0,83.68275082553208,5.230171926595755,1.05584077751727,5316,3971.9419945404334,117.768295412309,2.0,0.49241998877035376,0.19224981188863807,0.7052916463491087,0.5833822750699086,0.9001404980060723,0.5614237260460091,0.5372299810340917,0.4995613230752143,0.3015914052504029,0.6538728532083603,0.9061284081580848,0.7886254113744248,0.24947786453952936,0.5,0.655325849716937,0.6316779533483822
1510600754140,142.01842344203223,20.288346206004604,32383.233939236747,360.1181451565817,0.0,157.2346830965357,15.216259654503453,1.1946698414768175,1297,6578.496257296993,120.106077756367,1.0,0.4143947655398037,0.17116422513492677,0.7983413097951039,0.6338107364966091,0.9279128773302832,0.6519561971016254,0.0,0.569918524699822,0.4592960532361243,0.7398484643918283,0.7571870750787137,0.83662957892251,0.1780127514156572,0.25,0.5514877706807915,0.562396739729045
1510602334371,118.13786774176698,17.373215844377498,25013.976313540465,403.05860758955794,100.0,178.94412319708823,12.161251091064248,1.0997585853675733,3160,5489.9362068232895,118.386318830314,2.0,0.5002375296912114,0.1860759493670886,0.768953557170874,0.6032895456565271,0.9048435975338184,0.6643942730780599,0.49098055551946346,0.584387645974619,0.42488407100497205,0.681070763098959,0.851200788580576,0.8194187886620841,0.23058512476279613,0.5,0.6657296447770257,0.6113924050632911
1510600754155,268.3815612131624,57.88621908519189,45702.73517081933,736.7336974478968,20.0,399.941150043144,63.148602638391154,1.1671435813961069,2988,15724.002056959398,122.164141463167,1.0,0.39626168224299063,0.13386880856760375,0.9001903493220568,0.8446790568409133,0.9586938664922643,0.7310403825193698,0.32389215239562336,0.6745522388913537,0.6860064263279392,0.7228016950300196,0.8452910719181576,0.91954289543588,0.11509853016814298,0.25,0.5273557726090928,0.4398546567221266
1510600754117,125.85573536733158,10.997103090349361,33298.75593728112,216.27636077687077,60.0,102.63962884326071,12.219003433721513,1.1301237706160596,4884,5967.761277029587,117.86049514444,2.0,0.4251531952144733,0.16687141687141688,0.779050565541349,0.5149526487956855,0.930403742536114,0.595714886132051,0.43733617055870233,0.5222955668020158,0.42560589392319015,0.6998756537031234,0.8971776822031564,0.8273590964581273,0.24665935395257088,0.5,0.565805380097457,0.5482917982917983
1510600904348,92.09775901690713,11.721532965788182,27287.79262196281,140.65839558945817,275.0,77.02721663232234,3.3490094187966233,0.9883691015145798,5047,4225.6126341666395,122.104263047789,1.0,0.38953168044077136,0.15890628095898554,0.7292805816492433,0.5271040300399346,0.9126169623905317,0.5483612452649892,0.5979275144001174,0.49034933376029594,0.24233232798132814,0.6120882411361036,0.9006446213149251,0.7945153156737665,0.11692899045010341,0.25,0.518399304045237,0.5221206374366667
1510600464846,135.2659428213528,24.59380778570051,33488.542699461475,393.50092457120815,100.0,192.13912332578522,18.445355839275383,1.135030104064389,4592,7058.422834496046,122.410551688785,1.0,0.42343459392436456,0.15483449477351915,0.7905613381831046,0.6719846758752374,0.9309115195575249,0.6617442003554985,0.49098055551946346,0.5923515699202038,0.489233205070296,0.7029141026046656,0.8906673422919954,0.8433294103639447,0.1075658637103657,0.25,0.5635182189820491,0.5087419113987057
1510600803814,182.7337959574165,53.60191348084218,44840.50928962496,297.24697475739754,60.0,121.82253063827767,14.61870367659332,1.1768721817008452,2857,6960.939400671186,121.378571666369,1.0,0.3663461538461538,0.17570878543927196,0.8386389396665854,0.8290235964507604,0.9569921728432024,0.6307804522573001,0.43733617055870233,0.5414074244448583,0.4531064244570505,0.7288265311364077,0.840557260610258,0.8420061744109483,0.13911309873461408,0.25,0.4875433776749566,0.5773288664433222
1510600874013,43.783422865964994,2.1357767251690243,11718.782140780953,111.06038970878924,40.0,73.68429701833134,1.0678883625845121,0.8485994064229594,2635,2813.8858354101894,119.785959053505,2.0,0.4383187772925764,0.16091081593927894,0.6115616759067198,0.23686389841465247,0.8371005668397058,0.5224144725597495,0.39506913624868106,0.48542138923614353,0.1197737626619686,0.5255301054136693,0.8320164141583155,0.7558342895548639,0.1877986578629568,0.5,0.5833264930886167,0.5287069666576308
1510600754174,92.89690038793475,12.450100051991255,24055.385775676095,351.4759014677531,2205.0,111.09320046392196,28.731000119979818,1.166396197402766,4445,4256.97651777701,122.428294582946,1.0,0.40932149651236527,0.16130483689538808,0.7306554898441397,0.5386460112398868,0.9013524104878388,0.6492746325695493,0.8190529279786801,0.5311200383049548,0.5592288374205807,0.7223388467345434,0.8872314835694401,0.795218858727678,0.10702347021441727,0.25,0.5447361269375087,0.5300016069419894
1510600664672,37.12935869767756,19.54176773561977,24300.092288623327,80.12124771604105,0.0,29.312651603429654,3.908353547123954,1.235091459245568,749,1463.6784033979209,113.398538564727,3.0,0.5161943319838057,0.1855807743658211,0.5856868676710705,0.6264119252583116,0.902256681133482,0.4866469153767979,0.0,0.38394228962227483,0.26227854226758807,0.7648812146933465,0.6992506102879326,0.693666840775852,0.38305966193397256,0.75,0.6869653891814558,0.6097654014876979
1510600664704,83.67393135936729,18.894113532760354,27561.055308566105,807.048563756478,255.0,531.7343379933985,22.942852146923286,0.9608504238452595,4845,6538.712861873137,115.588556999579,3.0,0.5013944840409049,0.19050567595459236,0.7140242933120686,0.6197723112873923,0.9135072153421633,0.7411187543580452,0.5899248550952237,0.7065374265740421,0.5235337650518739,0.5950461674945925,0.8963310212766131,0.8360524335628754,0.31611163506232287,0.75,0.6672693509416554,0.6259472209936606
1510600644920,110.23050993599963,10.901918565098866,28142.769566892115,157.47215705142804,20.0,81.158727095736,10.901918565098866,1.1735211572302657,4792,5804.66597377264,120.592437865816,1.0,0.4028103044496487,0.18447412353923207,0.7579062654926401,0.5133017595652899,0.9153733274361205,0.5607778070025699,0.32389215239562336,0.49615594908636185,0.4083031113331436,0.7267512713260212,0.8951694434214108,0.8247226489600643,0.16314490868040177,0.25,0.5360708562976528,0.6061292630574767
1510600464865,94.05685762011143,14.172951148235969,20964.90474552961,38.65350313155264,80.0,14.172951148235969,6.44225052192544,1.2256518119201014,3442,4434.845259293473,124.232110229067,0.0,0.3346258239627763,0.16182452062754213,0.7326304964117986,0.5636256717297445,0.8890668534432583,0.4074090859779788,0.4675043867846458,0.3060579235364619,0.3308980615538505,0.75903532461085,0.8602270160875093,0.7991132464842677,0.05188151504810257,0.0,0.4453291040707625,0.5317091392047812
1510600874032,111.61973713425299,30.58074989979534,32738.960028196747,330.27209891778966,415.0,129.96818707413019,18.348449939877202,1.1637742999011849,2605,3983.142674448343,122.080315777569,1.0,0.39007470651013876,0.17351247600767755,0.7599028970010887,0.7155485588486977,0.9288889687985472,0.6424063415667998,0.6415757049986391,0.5486341543771742,0.4884095827987656,0.7207151288059652,0.8308074065403308,0.7888933161029634,0.11766104935183586,0.25,0.5191219778368013,0.5701124211680834
1510600924085,161.59294478457136,21.88237793957737,36287.58900513814,345.0682675087201,120.0,203.67444082222016,28.61541730560118,1.1403730043593352,4557,7670.615097742622,121.418884789139,1.0,0.420068557182923,0.16172920781215713,0.8189757760709775,0.6487758665763017,0.938083460257104,0.6472436428176059,0.5102011740841107,0.5988800788774856,0.5585866842128928,0.7062229134923064,0.8898593603317158,0.8512433800058815,0.1378807419728918,0.25,0.5590386061757697,0.5313959685256591
1510600664691,91.67106732419951,25.209543514154866,29914.39391225733,242.9283284091287,0.0,114.58883415524939,4.583553366209975,1.1033544961043404,2032,4656.890220069335,115.949862809053,3.0,0.5487804878048781,0.1815944881889764,0.728541625343554,0.6769117190072094,0.9208277471447044,0.608523773975113,0.0,0.534576036876358,0.2835265324559487,0.6832976788076526,0.8045801007384712,0.8037613374803644,0.3050666545011508,0.75,0.7303319273794243,0.5966676040494938
1510600464850,96.92872742539794,31.11292485259687,23100.193644592462,561.2292983026127,340.0,257.2799555118587,52.65264205824085,1.2680644347397554,6297,7535.311069107787,121.718488662778,1.0,0.4616991643454039,0.15245354930919486,0.7374184351347585,0.7190119189021457,0.8977323862638735,0.7009651881183621,0.620426029606839,0.6250598480202065,0.6565510303528659,0.7853010867273199,0.9240132757698878,0.8495500489362878,0.12872196601738728,0.25,0.6144417450311015,0.5009188048730688
1510600803903,116.1564560313873,17.208363856501823,31646.409851462733,262.4275488116528,0.0,133.36481988788913,8.604181928250911,1.0288500243585512,2021,8694.525838497546,121.787822350637,1.0,0.41229909154437455,0.17714002968827314,0.7662557664232291,0.6014216006533576,0.9258565077282528,0.617037315323352,0.0,0.551515685544743,0.37294096197022386,0.6371577185460743,0.8040070369722975,0.8631653075874096,0.1266024616680056,0.25,0.5486987910026639,0.5820315261186118
1510600803848,106.79718743293077,26.699296858232692,27917.84815213216,475.2474840765419,140.0,213.59437486586154,42.718874973172305,1.1889945199981338,2083,5561.46353556987,122.429841461346,1.0,0.4325997248968363,0.17042726836293806,0.7528628147622488,0.6883693381436948,0.9146564042842711,0.6825914766270486,0.5264748496260959,0.6042065497450629,0.6227962780092777,0.7363337880058038,0.8071971481048458,0.8206503948923404,0.1069761827327036,0.25,0.5757154233589475,0.5599753103353678
1510600933941,68.56901107745428,4.081488754610374,14878.609329883844,70.20160657929843,115.0,28.57042128227262,1.6325955018441496,1.1196007197006077,2764,2256.246983548615,119.733125470588,2.0,0.46865037194473963,0.16534008683068016,0.6824172476216339,0.3369102711726943,0.8584290499620408,0.4722078963126417,0.5057116805995538,0.3811523222167885,0.15957739076229036,0.6933588213614867,0.8370630061575501,0.734825011762631,0.18941376030801504,0.5,0.6236926002572851,0.5432602853008062
1510600775011,114.31111541752888,12.701235046392098,33471.88592851938,342.9333462525866,40.0,182.0510356649534,10.58436253866008,1.1136428062818244,3043,6441.643041028526,119.789533205219,2.0,0.44904761904761903,0.17285573447255997,0.7637018897039309,0.5424800618562168,0.9308670694857029,0.6465585887190005,0.39506913624868106,0.5863141994340478,0.40384478431536897,0.689669138286858,0.8472170061564628,0.8346293562470357,0.18768939741054025,0.5,0.5976047261009667,0.5679545561241256
1510600704780,55.01795145795817,3.7512239630426025,15868.94236089041,70.02284731012858,235.0,33.76101566738342,2.5008159753617347,0.9497788384840478,1141,1426.7155139438698,122.085650967202,1.0,0.4226932668329177,0.18755477651183172,0.6475675208717083,0.3229824962416697,0.8641861734170259,0.4719296135843054,0.5812708823327697,0.39935273414725175,0.20656610696595326,0.5881896326232093,0.7436623756300044,0.6912345146613558,0.11749795464302826,0.25,0.5625316408227552,0.6162514085388756
1510602334390,95.84589636498556,0.0,35197.35175034746,383.38358545994225,0.0,215.6532668212175,23.96147409124639,0.8647400965276372,983,23554.1290316952,123.612586149655,1.0,0.4062947067238913,0.14242115971515767,0.7356298506864433,0.0,0.9353579939259458,0.6588680645028531,0.0,0.6052811635059183,0.5304023601243275,0.5355258920097453,0.7279335838214362,0.9579967228825821,0.07082012947073035,0.25,0.5407079931588629,0.4679552390640895
1510600864225,28.769565139752494,7.4348314406101945,13327.973897239248,110.87596452736074,6880.0,40.72994615290802,4.525549572545336,1.1635562497376803,669,216.25661885948784,121.460037494714,2.0,0.3966597077244259,0.16741405082212257,0.5458744711198085,0.44193859070469727,0.8485962028709828,0.5222321302539199,0.9400749392826103,0.41991657675200605,0.2818049782426589,0.7205800922686489,0.6873364945888709,0.5120696970613245,0.1366227194855777,0.5,0.5278854756934089,0.5500747384155455
1510600844615,163.4644883244389,23.023167369639282,33917.884741454924,481.18419802546094,80.0,216.41777327460923,41.4417012653507,1.2425586685513572,5128,11806.280227151023,121.102681189825,1.0,0.40311986863711,0.1815522620904836,0.8208167909437107,0.6588590197330191,0.9320496916579978,0.683962933783383,0.4675043867846458,0.605677590360912,0.6179084880444488,0.7695055913590796,0.9023260345936054,0.8922758354685679,0.14754696520046773,0.25,0.5364828326975074,0.5965288611544461
1510600904329,36.539913986350605,3.8062410402448545,8977.6187395864,15.224964160979418,565.0,3.8062410402448545,3.0449928321958835,1.4320124921730983,3737,2844.7845534790044,123.738400226216,0.0,0.31584507042253523,0.16082419052716082,0.5831807067959078,0.32536859825966447,0.8132954970807714,0.3084812251400048,0.6743326485997427,0.17668045045164485,0.230385364067223,0.8868326683583908,0.8689102526631919,0.7568731724431005,0.06697404121668016,0.0,0.420335168908186,0.5284223403035284
1510600904367,48.381498605234924,3.794627341587053,15058.344683053556,72.09791949015401,1060.0,24.190749302617462,0.47432841769838163,1.0650331910896822,2516,1193.4102989291282,120.470519906599,1.0,0.4150731158605174,0.1907790143084261,0.627283724989618,0.32486719210367104,0.8595018405256157,0.4751176875262029,0.7411822472501199,0.3631121910526688,0.06399820104485197,0.6595656336146997,0.8271370402677188,0.6742555732275359,0.16687189411573122,0.25,0.5523905376489593,0.6268453327276857
1510600982515,149.71383896620392,6.325936857726926,37080.743798189615,537.7046329067887,60.0,272.01528488225784,29.521038669392322,1.1826896832257396,4215,8887.941285106332,117.43877250665,3.0,0.5048197072474117,0.1800711743772242,0.8067718705500644,0.4127266472127863,0.9400152827726045,0.6962334572247277,0.43733617055870233,0.6313040592961129,0.5635523903128957,0.7324292583672799,0.8816208512142767,0.8652587891629808,0.25955125387352096,0.75,0.6718277306976832,0.5916624300965938
1510600012106,144.11623746571297,15.441025442754963,32761.73525222989,164.70427138938626,140.0,87.49914417561145,13.725355949115523,1.0728107113358167,3841,6589.886525069091,120.438651519779,1.0,0.477106579453636,0.15386618068211402,0.8006836814233139,0.5802608730105492,0.9289511009433453,0.5657180424071696,0.5264748496260959,0.5045222546100255,0.4433965922519958,0.664382183100678,0.8718088737360555,0.8367941772166935,0.1678460985257162,0.25,0.6349463500999517,0.5055603079555174
1510600553655,55.78675460601092,14.580629044752854,24118.4327234449,303.02350797355933,60.0,131.2256614027757,9.509105898751862,1.2043181002951164,5399,3422.6441831574202,114.124023174063,3.0,0.557452966714906,0.19003519170216707,0.649760180924478,0.5691207810639864,0.9015862662381672,0.6329040915003474,0.43733617055870233,0.5497095517521042,0.38778532840222185,0.7458235457263912,0.9077645223156801,0.7744653042535126,0.3608818745930743,0.75,0.7418734970566794,0.6244013441642632
1510600011061,154.33261534438398,4.409503295553828,46315.82940566555,343.94125705319857,120.0,171.97062852659928,26.45701977332297,1.1573687215339394,3738,16482.72331878021,123.956793436201,0.0,0.35434782608695653,0.15115034777956127,0.8116275410018164,0.3498745251553797,0.9598844547805242,0.6468825357197057,0.5102011740841107,0.5799394955253558,0.5461113685244868,0.7167482107889426,0.8689385061908058,0.9240270311810691,0.060297844223092145,0.0,0.47157567832625047,0.496636856989987
1510600010345,164.78630436177338,27.464384060295565,37116.11675997905,509.33948620911775,315.0,199.74097498396773,54.92876812059113,1.1660559318721884,3682,9193.078373637116,124.724900760367,0.0,0.4926829268292683,0.13172189027702336,0.822104465494542,0.6940162583777574,0.9401004724675041,0.6902453594725162,0.6123258318263608,0.596696187536615,0.6634005678020518,0.7221281233015554,0.8673445536869707,0.8684706369418982,0.03681709677356104,0.0,0.6556757748028609,0.4328004966245053
1510600701790,107.16084618134786,22.46920968318584,25346.66145997811,126.1732543748128,120.0,72.59283128413887,15.555606703744045,1.0780010553025907,3081,5325.202694915045,122.59684819823,1.0,0.4446546830652791,0.15839013307367739,0.7534045682690005,0.6540239605416146,0.9060240380323865,0.5364198552586558,0.5102011740841107,0.48376452830323485,0.4627103225422037,0.6675965172038443,0.8485274313446799,0.8165201584584296,0.10187085058995726,0.25,0.5917584879891309,0.5204247229563685
1510600012089,263.55551559769117,120.69364732978381,52151.0972149206,544.352980813923,300.0,236.46102333998462,32.020763577289586,1.1910404320883046,4011,9879.637131423731,123.123761749183,1.0,0.3518705763397371,0.16155572176514585,0.8972823800336159,0.9951234609034522,0.970486351830032,0.6975913283310482,0.6071521118402062,0.6156018022507073,0.5765300454714776,0.7376008032644483,0.876382134016118,0.8753238932801123,0.08576330464109327,0.25,0.46827888730927425,0.5308259429426221
1510600010519,87.19670217277073,14.841991859195018,19005.354460173712,510.1934701598287,1750.0,231.90612279992214,42.67072659518567,1.0425440622138167,1420,2634.4535550071155,124.043473273065,0.0,0.4745586708203531,0.1288732394366197,0.7205812141130478,0.5725685711818372,0.8802996956160646,0.6904304521151778,0.7944785973655519,0.613422097009873,0.6226146171789257,0.6456383150479642,0.7667500380079968,0.7495663660579297,0.057648074725606624,0.0,0.6315555243248309,0.42344064386317903
1510600013231,209.46141971095795,17.455118309246494,36759.04039537723,453.83307604040886,535.0,115.20378084102687,62.83842591328738,1.0959321403382551,3575,12480.409591111244,125.056201106716,0.0,0.2850467289719626,0.1476923076923077,0.8604859741890941,0.6042113633204249,0.9392367640494176,0.6774983187603963,0.668538918995147,0.535173183750613,0.6852073588608186,0.6787010795422692,0.864230411082974,0.8975595627754404,0.02668937175673569,0.0,0.37934790246644645,0.4852747252747253
1510600011023,136.46659037577928,18.609080505788082,37383.785775190896,483.83609315049017,0.0,173.68475138735545,55.82724151736425,1.3130201409792308,2494,15470.34892714516,123.608737447867,0.0,0.34592552617377226,0.1764234161988773,0.7919724731534786,0.6167814248551883,0.9407424878702291,0.6845701083547541,0.0,0.5810492803607308,0.6660278944174037,0.8131417579087489,0.8262097526395051,0.9179953775270714,0.07093778281401897,0.0,0.4603670536297571,0.5796769389391683
1510600010415,63.50695297132376,20.160937451213893,17823.62107377815,239.9151556694453,3220.0,66.53109358900585,35.28164053962431,1.363381535899594,2073,2089.68116681832,123.947118321592,1.0,0.4054237288135593,0.14712976362759286,0.6702649240185594,0.6325666240863999,0.8745642360610858,0.6071477696913412,0.8593208940233938,0.474090528588695,0.5920555697315826,0.844330124269786,0.8066890864598081,0.7275303392917036,0.060593608780376895,0.25,0.5395488721804511,0.48342636620494794
1510600011926,208.4985138925921,109.21350727707204,51499.76663217423,933.2790621858883,335.0,416.9970277851842,72.80900485138136,1.2080051076571574,3261,10792.280219107028,121.472830875574,1.0,0.41597915762049503,0.1800061330880098,0.859748319072826,0.9745873791559231,0.9693634579312552,0.7571877152493467,0.6188545799432352,0.6792406753575612,0.7091324123770636,0.7481068767692468,0.8545229391265307,0.8837310709884589,0.1362316307203123,0.25,0.5535963225475762,0.5914487230034607
1510602354579,11.629653658117064,5.814826829058532,2091.7127255865908,186.07445852987303,60.0,87.22240243587798,23.25930731623413,1.1778539797925724,2758,16037.29239454343,125.331649654252,0.0,0.43049792531120334,0.12835387962291517,0.40794727421826976,0.39773807786901644,0.6831710174671631,0.5791466112063903,0.43733617055870233,0.5041697800376251,0.5256984330060823,0.7294345500093118,0.8368335510078919,0.9214201589062447,0.018269014891820312,0.0,0.5729182915795714,0.4217341759038641
1510602203778,218.07520672828593,38.48386001087399,50961.48289892652,151.36984937610436,20.0,115.45158003262196,5.131181334783198,0.7368891101456411,4090,10493.26582963164,121.07432108792,1.0,0.5225325884543761,0.15647921760391198,0.8669384858793884,0.7618371696839716,0.9684246862784404,0.556430684019868,0.32389215239562336,0.5354129175452197,0.2989509638365176,0.45634890715443965,0.8784417918162107,0.8810575429803806,0.14841392268091802,0.25,0.6954005124543201,0.5141460006985679
1510600652981,43.62936168344024,3.3136224063372333,19411.836433757995,97.75186098694839,550.0,40.315739277103006,6.6272448126744665,1.2403316338434298,2110,1165.2905462285937,117.060272353651,3.0,0.4622314622314622,0.2023696682464455,0.6110073429722377,0.3029568966188322,0.8821903934339278,0.5084184746329605,0.6714752196786506,0.4187939222933235,0.3349458777517406,0.7681264084655275,0.8085568316874915,0.6719884205488557,0.27112185894726903,0.75,0.6151501414659309,0.6649289099526067
1510600012036,204.39644405073997,100.19433531899018,50070.63938956049,749.4536281860466,115.0,272.5285920676533,92.17878849347096,1.219102636195886,2805,11241.804422790698,122.345522452117,1.0,0.39691235059760954,0.16007130124777183,0.856567377511905,0.9568928635717416,0.9668490446616405,0.732932854462564,0.5057116805995538,0.6315154542968117,0.7475507561732402,0.7549794780209644,0.8386177491107001,0.887614081683977,0.10955378263132531,0.25,0.5282216996674954,0.5259485612426789
1510600683744,44.51898421816736,7.066505431455137,20516.782100140532,127.90374830933798,80.0,69.25175322826034,2.8266021725820547,1.09599717561212,6949,2455.2573121590876,115.253146270427,3.0,0.5462839341344015,0.18347963735789322,0.6141823066184238,0.432684903593581,0.8871364446880627,0.5379160834831835,0.4675043867846458,0.47853559023567,0.22123534212134915,0.6787413553120508,0.934418425629419,0.742865448845221,0.3263650129110922,0.75,0.7270094461788651,0.6028616656045063
1510600012074,276.1842941708177,97.67493330431358,51053.338995558515,623.0987124585521,60.0,255.97568728027005,43.78531492951988,1.1730647096859883,4315,14533.356455452174,121.410673993993,1.0,0.4277515192437542,0.1492468134414832,0.9047834968816143,0.9516676521757585,0.9685855837260998,0.712522508388873,0.43733617055870233,0.6244900940483968,0.6267694095741653,0.7264685973997324,0.8840969564517543,0.9120502226768099,0.13813174284362606,0.25,0.5692633000461993,0.49038238702201614
1510600010453,80.91724017172977,40.45862008586489,16422.828418591187,2916.2573357891406,8550.0,1437.0901854499207,249.2250997289277,1.1070424679887774,1529,2474.4492044514964,122.936473878904,0.0,0.3887375113533152,0.1301504251144539,0.70870011703732,0.7719518796139413,0.8672513613517961,0.8832374888885884,0.9631907688484007,0.8182964725686561,0.9104039634232145,0.6855816071706955,0.7745565129109255,0.7436060978629624,0.09148862328345453,0.0,0.5173424023273443,0.4276371110903485
1510600013104,140.84596426021383,24.494950306124146,39351.132065535516,295.4703380676225,955.0,134.7222266836828,29.087753488522424,1.2309419133092783,4595,7034.643541040028,123.758309839379,0.0,0.3348850741926098,0.14885745375408052,0.7970171552656584,0.6711826024212818,0.9453247980000219,0.6301190265576135,0.7300959271268942,0.5526469188792185,0.5611952526129238,0.7623114376032241,0.8907363111565775,0.843008323958391,0.06636541194862089,0.0,0.44567412129392436,0.48910306233483597
1510600012125,179.6547395956317,52.263196973274674,28470.984491319297,2881.0087331517666,2045.0,1881.4750910378884,84.92769508157136,0.8060320168509694,906,2959.4035286116787,122.5489802435,1.0,0.39599383667180277,0.15894039735099338,0.8359203734473557,0.8238789049337628,0.916409277294927,0.8818917340595357,0.8110427331899034,0.8486006589734366,0.7341949845943951,0.4991684976165943,0.719326828545235,0.7606307809519329,0.1033341556784243,0.25,0.5269993164730007,0.522232734153264
1510600013195,123.93180648241051,14.580212527342413,31562.968324493573,331.6998349970399,640.0,145.8021252734241,87.48127516405447,1.4772350670861176,1932,7042.242650706385,119.717463127771,1.0,0.48959136468774095,0.15113871635610765,0.7765922372745405,0.5691152405074086,0.9256206228628029,0.6428824332664926,0.6875707322307206,0.5614786323537718,0.7390228043696103,0.9148386089485392,0.7992524050657221,0.8431110508486145,0.1898925521442386,0.25,0.651561440223535,0.49659863945578225
1510600013320,274.1152302600448,108.20338036580716,59359.58430278678,364.28471389821743,0.0,183.94574662187216,18.033896727634527,1.1550344706326126,3808,13734.615747766455,120.152323473616,1.0,0.4132730015082956,0.18566176470588236,0.9035782447354592,0.9726791155308631,0.9820538311443742,0.6532261789033005,0.0,0.5874730970173621,0.48570741898995135,0.7153026298552873,0.8708977056736067,0.9066714185810096,0.17659903750721995,0.25,0.5499948967441227,0.610031512605042
1510600013208,212.6367399939995,104.51636372586415,32430.297791546593,1524.4973053807082,395.0,846.9429474337268,133.34846406403358,1.14279756071383,3047,10981.426216300279,123.41389360256,0.0,0.43443396226415093,0.14834263209714474,0.8628948028533123,0.9655608330363291,0.928042631493623,0.8114657511639766,0.6363339942081842,0.758845593976473,0.8078749741355593,0.7077244197942375,0.8473557137435067,0.8853842714193516,0.0768940847262769,0.0,0.5781564760959002,0.487411505462047
1510600012816,173.7018706811454,48.47494065520337,44752.44479397938,189.86018423287985,115.0,96.94988131040674,8.079156775867228,1.0502365285933355,1400,5655.4097431070595,119.823717651946,1.0,0.3847675568743818,0.205,0.8305304922157962,0.8085879707040732,0.9568165300714732,0.58136449452985,0.5057116805995538,0.5159410475037276,0.363673104873251,0.6504021914267614,0.7652528362947976,0.8222441803042884,0.18664439193403337,0.25,0.5120590794493652,0.6735714285714285
1510600010631,76.6221863401879,19.56311140600542,18467.350294427262,443.4305252027895,1225.0,148.35359482887444,78.25244562402168,1.2769431780477234,2056,3351.813087562262,122.975985671079,0.0,0.5051319648093842,0.13813229571984437,0.7000368403608505,0.6266271564357463,0.8777340888079393,0.6749369982166723,0.7565596947683728,0.5634178354008522,0.7208632823940015,0.7907996139137172,0.8058197333024282,0.7724758829806869,0.09028076289187847,0.0,0.6722432915132406,0.4538632573652029
1510600013369,181.30908757892388,15.997860668728576,47681.615138412446,549.2598829596811,215.0,303.95935270584295,21.330480891638103,1.1307275690831864,2788,14867.345181471757,119.747180767716,2.0,0.4784,0.1915351506456241,0.8373867421190486,0.5871639777047328,0.9624810286957998,0.6985829474844274,0.5718501107491932,0.6437568447542147,0.5120403399301515,0.700249580752419,0.83797587445981,0.9142122089663722,0.18898409524454374,0.5,0.6366676691729324,0.6293297806927648
1510600010646,192.63118872573756,54.23596575773193,43508.481991536755,834.1117492396014,525.0,321.6753831148239,48.62534861038035,1.1548888224879093,5435,10164.568065285277,121.657541850086,1.0,0.42463958060288337,0.16467341306347746,0.8470788039374831,0.8314164006618389,0.9542978635550633,0.7447657057936279,0.666535371871966,0.6501118673710293,0.6436873536316429,0.7152124312477229,0.9084663575380655,0.8780292613784527,0.1305850867970627,0.25,0.5651218478700027,0.5410697857799973
1510600013388,237.8836753645324,101.9501465847996,54091.703180394914,384.0122188027451,140.0,135.9335287797328,33.9833821949332,1.3105892188409751,3004,10208.608011357932,121.144715018782,1.0,0.3736817973406694,0.17543275632490013,0.8808627457570907,0.9604580341012474,0.9737506575229422,0.6590489648597397,0.5264748496260959,0.5536468795761961,0.5860483696953994,0.8116363093332485,0.8458549748249558,0.878440634364951,0.14626200710799342,0.25,0.4973058505962293,0.5764219136389576
1510600013354,218.33913578107905,54.58478394526976,52322.18300617064,655.0174073432371,40.0,354.80109564425345,27.29239197263488,1.0931704240097673,5539,15117.25591364246,119.679990740569,2.0,0.450774481491205,0.1855930673406752,0.8671321633673224,0.8327210953200654,0.9707789783127659,0.7180442682306534,0.39506913624868106,0.661109979595652,0.5510523313406266,0.6769907730510701,0.9104680727801797,0.9157984069920768,0.1910380687049309,0.5,0.5999028813830323,0.6098057926907899
1510600010580,146.50347326845056,48.834491089483514,28597.05320596556,501.6634084646943,2100.0,62.15298865934266,142.0639740784975,1.2357270506818385,1469,3260.812155020513,123.463468335431,0.0,0.7121212121212122,0.09189925119128659,0.8033083714623434,0.8100886940239075,0.9168040187275747,0.6885676037873156,0.8138647874637254,0.46654710833744206,0.8182371074509801,0.765274830847182,0.7703309169438285,0.7698573521838273,0.07537860408210262,0.0,0.94771018455229,0.3019546824856559
1510600010595,92.0386224396673,57.12742082462108,19057.2860377217,955.2974260117192,1190.0,139.64480646018487,187.25099048070243,1.4035571876333004,1254,3979.876984115269,123.266190145264,1.0,0.4298745724059293,0.19776714513556617,0.7291783697219066,0.8419910811425119,0.8805434895490275,0.7597664231814173,0.7534784017852016,0.5566564605851635,0.8634879579406077,0.8692105499816963,0.753628642259389,0.7888152831830206,0.08140932298670545,0.25,0.5720887166605225,0.6498063340168603
1510600010449,152.0631920878274,60.19168020143168,25043.26987515202,769.8199099446263,3340.0,190.07899010978426,159.9831500090684,1.3950078114920539,4413,6990.154861287316,123.194715148088,0.0,0.4838492597577389,0.12735100838431906,0.809260032644986,0.8526384050729605,0.9049481660060608,0.7358971541839756,0.8632122833303699,0.5911446904341647,0.8376916071394483,0.8639159969679613,0.8864684946997887,0.8424046782683801,0.08359428634383537,0.0,0.6439196915572917,0.4184390275484769
1510600010468,139.00136822583372,75.17420934662437,22863.358870808454,950.3154766460061,3760.0,346.0850392561574,92.19478504774686,1.1599611153186886,3152,4470.737884161509,121.040298476961,0.0,0.4014241210502893,0.14784263959390864,0.794911582823439,0.8980290916799387,0.896811661830068,0.7591881916455943,0.8758098575187286,0.658318724102075,0.7475790558491199,0.7183536573266861,0.8509331272086987,0.7998801440706508,0.14945398089982553,0.0,0.5342260859090316,0.48576867295141407
1510600010472,109.66305989640594,11.994397176169398,22664.37102068826,224.4665757254559,1670.0,37.69667683938954,44.55061808291491,1.1192087179874026,733,1255.9847328760243,124.803523288357,0.0,0.5628997867803838,0.12551159618008187,0.7570835294837808,0.5315023827285817,0.8960306689182009,0.5998111217880264,0.789503514004042,0.41142360943324313,0.6295627425453649,0.6931160581682724,0.6969728764778087,0.6791148055759124,0.03441363613011372,0.0,0.7491222726325408,0.4123952445916975
1510600010561,218.45898682975812,50.56920991429586,41779.13204296869,669.5363392652772,720.0,234.6411340023328,64.7285886902987,1.211118816000272,4517,9136.844847314977,122.33955911295,1.0,0.41511811023622047,0.16249723267655525,0.8672200360193513,0.8171803403610283,0.9506741062464221,0.7204676335526679,0.7000826625235491,0.6147359685844583,0.6900176893447462,0.7500351688012692,0.8889283202590615,0.8678868177920638,0.10973607963140697,0.25,0.5524504173820378,0.5339194787943958
1510600012040,180.42801779297852,65.61018828835583,45382.794547611105,813.5663347756123,100.0,301.80686612643683,45.92713180184908,1.1330710729616085,2887,9470.830679424163,122.585210759034,1.0,0.4076060458313018,0.16418427433321786,0.8366074501568143,0.8702229997615438,0.9580662055719537,0.7420081145854579,0.49098055551946346,0.6429596801898496,0.6344708573852296,0.7017008919729346,0.8416602202913384,0.8713028783610871,0.10222660266017403,0.25,0.5424531587378979,0.5394626156662872
1510600010557,153.15021230428408,45.580420328655975,26221.0657196296,616.2472828434288,1595.0,222.43245120384114,100.27692472304314,1.3300804597375364,3932,7168.888509291011,121.920364241722,1.0,0.4900763358778626,0.13886063072227875,0.8103983829230874,0.7960935560890072,0.9090542422377922,0.7113004710059502,0.7846181190223319,0.6087486661466686,0.7612897515388527,0.8237070623946849,0.8742815137018543,0.8448069593152541,0.12255070669427293,0.25,0.6522068530103886,0.45625635808748727
1510600010538,154.952545312673,122.33095682579449,23242.375816882068,1380.9805792778577,1870.0,366.99287047738346,201.16646233575094,1.3648962429609237,1764,4795.373507571144,123.598264883986,0.0,0.44617912900575185,0.13095238095238096,0.8122682508993929,0.9978933154355353,0.8982806133601469,0.800527927332547,0.8015304466147194,0.6649016914659882,0.8752448375730023,0.8452681689532803,0.7896486411024374,0.8065493222712434,0.07125792509088857,0.0,0.5937872619099104,0.4302721088435374
1510600010576,200.24634568186764,89.47177147487703,36119.19798469832,813.7670643667386,1190.0,159.77102049085184,317.4117607084923,1.3921670832998856,3946,8406.085958092017,123.586978008727,0.0,0.48681235870384326,0.13431322858590977,0.8532838773725094,0.9336795882517008,0.9376678930394411,0.7420353913698234,0.7534784017852016,0.5717081413120768,0.9501321209778862,0.8621567591285494,0.8746568342421754,0.859955169343563,0.07160296055548176,0.0,0.6478630638389493,0.44131489392513207
1510600010398,130.20955382467085,49.09540554044966,26005.19213315595,1028.868933499858,1415.0,249.74619340141786,168.63204511719667,1.260043309073864,3406,7270.389185685719,123.083918622198,0.0,0.4444444444444444,0.1626541397533764,0.7844787997414501,0.8111709577310451,0.9083156422748991,0.7679715351608511,0.771887585915834,0.6217283021455383,0.8463189343079511,0.7803336745598983,0.8591167783491188,0.8461446637102834,0.08698129381122688,0.0,0.5914786967418546,0.5344350306182367
1510600011979,152.64560732829776,41.09689428069555,28279.459698563245,340.5171240400488,0.0,111.5487130476022,11.741969794484442,0.9265151292117342,819,4808.33663084138,122.852075329741,1.0,0.4368421052631579,0.15018315018315018,0.8098709516873555,0.7751183106216784,0.9158062250749243,0.6457781221213096,0.0,0.5315764454752033,0.4195466802052509,0.5737826232691415,0.7086757212752853,0.8068061666838731,0.09406865468747083,0.25,0.5813612979817967,0.4934589220303506
1510600012144,173.02885035821265,86.51442517910633,41049.7441687973,758.9674572530691,195.0,314.5979097422048,62.919581948440964,1.1869354659248692,2869,11282.26753812982,122.129718947208,1.0,0.4170381376919267,0.16695712791913558,0.8299096015149134,0.9267917134732327,0.9491005207277947,0.7343274708898166,0.5615133251727298,0.6476159417106157,0.685416804873948,0.7350586340332875,0.8409998275106036,0.8879559540535615,0.11615081333011934,0.25,0.5550056418907596,0.5485734203057312
1510600011983,255.76687280983163,37.73609598833581,45036.12629344839,716.9858237783804,255.0,322.85326567798415,58.700593759633485,1.2477256284495768,2698,11312.442997392225,122.153807023488,1.0,0.4207477619799895,0.16456634544106746,0.8924754879619388,0.7578744838553502,0.9573810958714404,0.7280366517340009,0.5899248550952237,0.6505219364034505,0.6741596924319829,0.7727054439154531,0.8345111603700046,0.8882101090253279,0.11541445004092699,0.25,0.5599425103041965,0.5407179921635074
1510600010491,138.50043652129474,63.57397086223365,23051.773011174337,1650.6527434587094,2305.0,567.6247398413718,286.0828688800514,1.335595422474889,3196,7256.514674132098,123.80060445768,0.0,0.4461538461538462,0.12922403003754693,0.7943349876357273,0.8637886146910341,0.8975449151176137,0.8202618151228588,0.8237693566997308,0.7138748817525394,0.9330570667614935,0.8271224300307881,0.8523969414217076,0.8459629136053717,0.06507248162553314,0.0,0.5937536148062464,0.4245932415519399
1510600972267,157.3685216926765,6.171314576183392,37158.65804596243,473.64839372207535,260.0,232.96712525092306,26.228086948779417,1.1894896669717085,5095,7860.711941413596,120.265257328079,2.0,0.5038370720188902,0.1576054955839058,0.8147411385868615,0.4083055273703422,0.9402028183711232,0.6822191430722784,0.5919826602180709,0.6139336144194466,0.5447310450027566,0.7366404281463088,0.9016442421417767,0.8535726604896712,0.1731466927219033,0.5,0.6705200131379215,0.517846628347119
1510600682500,67.78878228104229,12.779852397245676,21946.529345610947,135.0219188056826,100.0,71.1226568194542,5.000811807617874,1.1172512211911825,3943,2190.9112174930306,116.4068853901,3.0,0.5609659540775931,0.17321836165356327,0.6806029873223691,0.5436658718027801,0.8931551347331019,0.5438664075519434,0.49098055551946346,0.4814935124229088,0.29540772848095026,0.6919037977190213,0.874576520605797,0.7320299330311055,0.2910956488009394,0.75,0.7465486757273232,0.5691460454331364
1510600792695,64.08650463675423,12.016219619391418,24918.60854626888,106.5438139586039,270.0,61.68326071287595,4.806487847756567,1.0075095249664705,3892,3117.8084505780935,114.134321775158,3.0,0.5334909377462569,0.19373072970195274,0.6717036849011538,0.5318501448175745,0.9045023154101277,0.5178601726754888,0.5959825752598356,0.46570690398810943,0.2899807970819987,0.6239417360574998,0.8732017617758631,0.765591097450289,0.3605670502921112,0.75,0.7099841803089284,0.636543826163559
1510600791502,87.89063631460567,6.2779025939004045,27650.450066324793,323.07052579379774,400.0,175.78127262921134,15.45329869267792,1.1094496881525,7525,3633.939770700042,117.759716287685,2.0,0.48587235724165184,0.17235880398671097,0.7218419079012733,0.4113632730228861,0.9137965363385311,0.6399731955664317,0.6376688323960488,0.5823919319923193,0.4616883969897275,0.6870723773230429,0.9428285675035571,0.7801642208288561,0.24974012510168853,0.5,0.6466120844494164,0.5663217845277646
1510600512746,51.46883547218875,13.45208199841297,20386.894471458683,88.60827925041586,530.0,45.32766760334805,3.216802217011797,1.1416833384779923,5651,1652.559029848515,115.267629212109,3.0,0.5430445476906258,0.1845691028136613,0.6370388148923778,0.5535374935326619,0.8865690326982044,0.4976622329503612,0.6675418619512865,0.4316794424168452,0.23724300009818428,0.7070343918203524,0.9125821696185953,0.7052093417062163,0.32592227491698356,0.75,0.722698383016848,0.6064413378163156
1510600512731,40.21775823834209,9.068710190998708,17532.10315983154,43.76638396525463,235.0,26.41754707812667,0.0,0.8452082255428006,3558,1402.8900373727565,115.450642588884,3.0,0.4995741056218058,0.19083754918493537,0.5982153490542528,0.4786352851075252,0.8730908938711266,0.42083501944363666,0.5812708823327697,0.3726451645192154,0.0,0.5234299770940668,0.863727077597923,0.6896330816528043,0.32032762590799846,0.75,0.6648467420681176,0.6270376616076447
1510600702252,120.68193010970174,6.0340965054850875,29844.497831012774,114.64783360421666,0.0,66.37506156033595,12.068193010970175,1.0596846673731528,908,5478.959626980459,122.111622522052,1.0,0.4165366614664587,0.1751101321585903,0.7723523787624846,0.40430146878127793,0.9206187459362374,0.525902935123961,0.0,0.4738301984450755,0.42371428566848884,0.656253340191819,0.7195594846136484,0.8192283676893235,0.11670401413352116,0.25,0.5543382637561142,0.5753618628067967
1510601122483,83.11798642497621,25.012357026034508,28141.42777508902,112.74800936350941,1680.0,61.95368432602394,5.772082390623348,1.1058077642471602,7890,3036.115337467881,118.08381145663,2.0,0.47752808988764045,0.19340937896070975,0.712964653308004,0.6753465690425459,0.9153690675688589,0.5240692298285589,0.7901382724973621,0.4661913776684399,0.3153413162214903,0.6848169660660997,0.94783091908547,0.7630652483955987,0.23983265960541356,0.5,0.6355073075948298,0.635487959442332
1510600831521,92.29370508025517,17.140259514904532,31556.952473460988,454.8761178955433,230.0,204.36463267770787,31.643556027516055,1.2095248779991727,4327,5705.069455460915,118.53318669398,2.0,0.47026843357118586,0.17818349896001848,0.7296187923376032,0.600644966022691,0.9256035922721686,0.6777518981390668,0.5789927394376787,0.5992589463066242,0.5746359797072876,0.7490480570976782,0.884390225901666,0.8230759891777524,0.22609543028040346,0.5,0.6258459604669165,0.5854600680114892
1510600653458,24.477618649440313,1.3598677027466841,10202.737940941774,14.958544730213525,20.0,10.878941621973473,1.3598677027466841,0.7595473914748635,334,454.19581271739247,116.098449782334,3.0,0.48444444444444446,0.20059880239520958,0.5208308704283527,0.17794800079656328,0.8247237742934993,0.30664834463233803,0.32389215239562336,0.27851374536898216,0.14154777580010977,0.4703809803391619,0.614122260560796,0.5824554957907624,0.30052440749460185,0.75,0.6447117794486216,0.6591103507271171
1510600012159,193.89118627831968,101.16061892781896,40333.048982356115,653.3289972421642,355.0,257.1165731082065,75.87046419586422,1.2494698631523746,1880,7924.2484826791515,122.817642308887,1.0,0.39880952380952384,0.14627659574468085,0.8481221582959093,0.9588624839845918,0.9475268448362254,0.717758980043724,0.6250057270110745,0.6249886342046149,0.7158323928227048,0.773785633036833,0.7963720261416328,0.854338639870865,0.09512125898007406,0.25,0.5307465091299678,0.48062310030395133
1510600010487,80.75612736818162,48.110033325725226,17229.977479079327,1761.1708628167269,5010.0,687.2861903675032,216.4951499657635,1.3792441916775495,3114,5350.522992011012,118.569452324625,1.0,0.4544605324614666,0.13359023763648042,0.7083834310679659,0.8070536955344053,0.8715378609260609,0.8274320920307898,0.9063371585017679,0.7353684887287768,0.8872934859751751,0.8541537266669043,0.8496523901170407,0.8169714742574353,0.22498680380662528,0.25,0.6048083777870646,0.4389393522341499
1510600012411,108.00164668668756,19.636663033943194,19467.279387094826,8375.036783976771,40.0,7226.291996491095,58.90998910182958,0.4468620488491897,0,0.0,120.654532241675,1.0,0.0,0.0,0.7546501922509864,0.6273671489479629,0.882445205959102,1.0,0.39506913624868106,1.0,0.6747369068929958,0.2767377137664813,0.0,0.0,0.16124670733312962,0.25,0.0,0.0
1510600013246,119.48485361324289,31.70006320351342,37591.18356071978,568.1626712629713,970.0,182.88498002026972,48.769328005405264,1.162918670868146,2130,5193.93343257566,122.712955483293,1.0,0.3618925831202046,0.1784037558685446,0.7707620478058683,0.722767003259948,0.941236787382527,0.702322028110021,0.7317521911122961,0.5868257513958096,0.644164967437694,0.7201852453149747,0.809552839184097,0.8141454372706912,0.0983214952435868,0.25,0.48161644520508434,0.5861837692823608
1510600013212,164.59591977783776,12.043603886183252,30038.24298681974,329.19183955567553,220.0,104.3779003469215,40.145346287277505,1.3415624724794293,2069,8306.072146837716,122.646325854167,1.0,0.392328398384926,0.15756404059932336,0.8219196326003706,0.5322857160810922,0.9211968806335454,0.6420447535903513,0.574284661105589,0.5241674863857095,0.6127945068424,0.8308177713121508,0.8064851755618176,0.8588163093420886,0.10035833755056811,0.25,0.5221212519859542,0.5177104191120624
1510600012430,282.0335823863166,10.445688236530243,50247.41049708092,527.5072559447773,565.0,151.46247942968853,83.56550589224194,1.325724001026987,1134,5922.705230112648,123.130324006956,0.0,0.5512995896032832,0.12698412698412698,0.9081427171803343,0.5052009862271678,0.9671639186853764,0.6941178123739142,0.6743326485997427,0.565736403577012,0.7315606013523385,0.8210091460538806,0.743012939516038,0.8266380339554985,0.08556269892803903,0.0,0.7336844162389559,0.4172335600907029
1510600011678,31.913637887800327,7.091919530622294,10513.692251428238,322.6823386433144,840.0,106.37879295933442,35.45959765311147,1.0996820924701123,1059,3755.171391464505,122.554740668015,1.0,0.3594351732991014,0.15864022662889518,0.5620248477275592,0.43333684034680997,0.827405937425891,0.639840510027211,0.716460933651496,0.5262843634017317,0.5928622006765638,0.6810233917242422,0.7357919636461823,0.7832862345984548,0.10315806170173203,0.25,0.4783460576988042,0.5212464589235127
1510600013373,250.24038589158613,99.52742620688085,52587.00888364771,335.54960835462686,0.0,176.3057264236175,0.0,0.9384341535957056,3487,9915.775290954101,120.580983574569,1.0,0.4065666801783543,0.1752222540866074,0.8889754479648669,0.9555224713202227,0.97123005705666,0.6441560643880418,0.0,0.5827253122228349,0.0,0.5811639696306008,0.8615986012397403,0.87567130764198,0.16349506198778752,0.25,0.5410699427937498,0.5757302634274243
1510600010608,131.30784825752835,86.47102202325037,31086.45146624269,1047.2601556149211,590.0,320.26304453055695,112.09206558569493,1.3384817461214586,2701,8650.304832770344,122.362436457878,1.0,0.4060385216033316,0.17141799333580154,0.7858196758169028,0.9266889002917748,0.9242614691739562,0.7699310165128398,0.6789308235862976,0.6496181965576668,0.7794807539567715,0.8289099047317587,0.8346285006661175,0.8626801318189135,0.10903672793709318,0.25,0.540367055066088,0.5632305495319193
1510600010307,219.36407514218428,59.67993220780013,37092.2178457099,448.40597712887666,925.0,169.36196977889227,53.228047644794714,1.1803946866903898,4263,6876.095973023026,123.766474138792,0.0,0.43728927848954824,0.1595120806943467,0.8678820851467643,0.8508978588673003,0.9400429249441785,0.6761694520555697,0.7267039753721621,0.578229272055667,0.6583096577200306,0.7310079873152173,0.8828166278986802,0.8408393446097387,0.06611583243468078,0.0,0.5819564082154138,0.5241111222814248
1510600010434,151.50048951565728,49.237659092588615,28654.6190709073,882.4903514287037,1335.0,149.60673339671155,429.8826390006775,1.3903510378744603,3199,6058.125824507345,121.781731098994,0.0,0.4894613583138173,0.14066895904970303,0.808667579099753,0.8117586483328675,0.9169836883578336,0.7509999593281492,0.765700656261176,0.5643581649358422,1.0,0.8610320982619071,0.8524960120674151,0.8287889995053778,0.1267886689036105,0.0,0.6513884242221479,0.4621980083061671
1510600010773,138.3809373198338,29.65305799710724,53340.05602856519,513.9863386165255,80.0,217.4557586454531,79.07482132561931,1.2439568055706824,1338,13225.263866709829,124.238658854688,0.0,0.664179104477612,0.12331838565022421,0.794197132748951,0.7093692632037214,0.9725004181517496,0.6912488001082605,0.4675043867846458,0.6062136015187846,0.7225651405852939,0.7703714452467767,0.7604718739568036,0.9030755061453597,0.051681326064727084,0.0,0.8839075300190776,0.40518898142216525
1510600010769,143.00250999410693,30.6433949987372,52973.596867741726,102.14464999579067,0.0,71.50125499705346,0.0,0.6108643020548935,1352,13809.9566794309,124.485790412044,0.0,0.5981087470449172,0.1227810650887574,0.7994443670914639,0.7159592673477477,0.971884471734832,0.5132365301886262,0.0,0.4820827381231552,0.0,0.37830285835994204,0.7615705178682446,0.9071919586754373,0.04412660877129926,0.0,0.7959793099770703,0.4034234995773457
1510600664738,54.08792674384528,5.720838405599021,22487.62843680564,67.08983221111579,100.0,35.365182870975765,3.12045731214492,1.14411053507985,3204,1666.3242046853875,115.872838481436,3.0,0.5892857142857143,0.18414481897627966,0.6448744719555707,0.3948598103754711,0.8953312135052472,0.4672608307333136,0.49098055551946346,0.4044300708452486,0.23343265673264935,0.7085375332041188,0.8526609235956131,0.7059982386957806,0.30742125876977744,0.75,0.7842373791621913,0.6050472623506331
1510600832394,92.70490622867625,0.0,21779.003749453103,30.90163540955875,0.0,0.0,0.0,0.6931471805599453,161,2487.5816504694794,112.327115783386,3.0,0.5480769230769231,0.18012422360248448,0.7303262383172459,0.0,0.8924705280083818,0.3833286158821728,0.0,0.0,0.0,0.42925991711723654,0.537381495842161,0.744109600617075,0.4158126470297179,0.75,0.7293956043956045,0.5918367346938775
1510600664742,78.26677284240884,12.144844061753096,28822.93923040016,337.3567794931415,0.0,145.73812874103714,6.747135589862831,1.1336288255099598,4969,6705.303349205681,116.345841187346,3.0,0.5071276918410677,0.18997786274904407,0.7034093786800922,0.5338881299864074,0.9175069715606373,0.644748919419031,0.0,0.5614295606589176,0.33751708039273415,0.7020463031920696,0.8989997860478088,0.8384461764510489,0.29296174675760334,0.75,0.674899259066684,0.624212977604002
1510600831659,96.75914694160407,7.220831861313737,29244.14948940448,192.0741275109454,60.0,101.09164605839231,7.220831861313737,1.0931782536930768,3208,4632.8857222188935,117.039504366369,2.0,0.451131221719457,0.19451371571072318,0.7371396377419014,0.4366125522315121,0.9188031786357099,0.5826412452333433,0.43733617055870233,0.5206019456092574,0.3473010957028598,0.6769956219046798,0.8527926676879714,0.8032696552103656,0.2717567283842103,0.5,0.6003776409349165,0.6391164944780904
1510600703034,177.11998211680924,0.0,21029.64002056783,19.679998012978807,0.0,19.679998012978807,0.0,0.0,97,1908.959807258944,123.141802414793,1.0,0.38571428571428573,0.2268041237113402,0.8336473786153868,0.0,0.8893423020765848,0.33533967796572356,0.0,0.3409066624350448,0.0,0.0,0.4842909145548616,0.718927035437703,0.08521180838571019,0.25,0.5133190118152524,0.7452135493372606
1510600703477,173.9792731041707,0.0,52385.436052861325,86.98963655208534,0.0,0.0,28.99654551736178,0.6365141682948128,275,7974.0500172744905,122.106147255798,1.0,0.35467980295566504,0.18545454545454546,0.830785712255918,0.0,0.970886924613323,0.49564425283937347,0.0,0.0,0.5606947440876925,0.3941875936153338,0.5936594072009256,0.8549347528164255,0.1168713909311172,0.25,0.47201748212896777,0.6093506493506493
1510600652977,64.12638241747484,4.228113126426913,20929.01131141545,117.6824820188824,60.0,57.079527206763316,3.5234276053557605,1.0451987999212136,1544,1088.0344445338587,117.727791861816,2.0,0.390990990990991,0.21308290155440415,0.6718022115409811,0.34280580270297617,0.8889137601138067,0.5287703855175673,0.43733617055870233,0.4571221107782523,0.2488148521509282,0.647282370625489,0.7755870168150051,0.6654663829663086,0.25071604260399194,0.5,0.5203413940256045,0.7001295336787564
1510600012021,246.31412452977355,106.10454595128708,51946.43937047404,784.4157504255866,120.0,386.52370310826007,60.63116911502119,1.2233578740772724,3557,13479.066783883147,120.973672645388,1.0,0.40648477659153814,0.16755692999718863,0.8864417655310948,0.9686570533042875,0.9701350398175154,0.7379737798076936,0.5102011740841107,0.6707215952809773,0.6794064168597693,0.7576147091977001,0.8636973949189711,0.9048842836501195,0.15149070711706225,0.25,0.5409609432834757,0.5505441985621912
1510600622407,105.50687889755693,12.788712593643265,28441.508615018967,195.02786705305977,0.0,83.12663185868122,0.0,1.060746231231648,1449,4632.711137047272,117.517989474603,3.0,0.49074074074074076,0.18012422360248448,0.7509257459365704,0.5437990884857424,0.9163167314909002,0.5843220172571552,0.0,0.4988198165606644,0.0,0.6569107572984488,0.7688839653801759,0.8032660698740031,0.25712962142750617,0.75,0.6530910609857978,0.5918367346938775
1510600832286,76.26154660038313,7.889125510384461,28806.89105024045,426.0127775607609,20.0,213.00638878038046,5.259417006922974,1.020055037534385,2469,6492.750295046411,118.743882824746,2.0,0.4909310761789601,0.1855002025111381,0.6992877310345806,0.4528108290505125,0.9174572120350319,0.6705110897516173,0.32389215239562336,0.6038977644182164,0.3023634541646614,0.6317110610091585,0.8251460395978425,0.8353812583158585,0.21965453005792301,0.5,0.6533443645389169,0.6095006653937395
1510600831589,73.7056079925839,12.284267998763983,26294.908847301496,290.2158314707991,20.0,142.8046154856313,7.677667499227489,1.0978158368277582,3060,4698.732509527224,117.066465711431,3.0,0.5322984476715072,0.1843137254901961,0.6938762232493224,0.5360748249828456,0.9093054975437882,0.6281393703648335,0.32389215239562336,0.559156897596777,0.35621682798574267,0.6798676361144317,0.8478052595393254,0.8046123628119097,0.27093253036606524,0.75,0.7083971822395247,0.6056022408963585
1510600831517,58.933156124672536,11.315165975937127,22492.403215994986,295.60871112135743,275.0,155.11206692013812,18.85860995989521,1.1938810571854432,7578,3572.763656902148,117.126127307593,3.0,0.5207706201083685,0.18091844813935076,0.6584348131511427,0.5203756748651617,0.8953501817466526,0.6301706837358215,0.5979275144001174,0.5683986374558735,0.49270006402418065,0.7393599772580205,0.9435698043163855,0.7785490262887502,0.2691086981647034,0.75,0.6930556372870769,0.5944463296007239
1510600621767,68.02453092683922,17.63598949955091,27539.99859478449,386.3121509425437,160.0,157.88409647217003,13.436944380610216,1.2150364648806362,5399,4534.12891943216,115.824111272375,3.0,0.5178369195922989,0.18744211891090942,0.681153332419538,0.606232671098205,0.913438929953246,0.659708303147046,0.5405862596296119,0.5703794623136423,0.4401356402444197,0.7524613340960932,0.9077645223156801,0.801219669493473,0.3089108309348705,0.75,0.6891513892318565,0.6158812478501309
1510600832727,104.32428597466588,10.68381241909229,30694.987291789785,323.0282107890257,255.0,180.36789201644044,10.68381241909229,1.0762835232924866,8896,5590.776192955589,114.679985940117,3.0,0.5006747638326585,0.19019784172661872,0.7491296622077337,0.5094685694850697,0.9231292288990488,0.6399587396726562,0.5899248550952237,0.5852746009939607,0.4052540209941377,0.6665328648238289,0.9605050946367732,0.8211505513756353,0.3438863052366291,0.75,0.6663115278073727,0.6249357656731758
1510601273621,40.90171348830473,6.8169522480507885,21676.87121020596,102.25428372076183,0.0,95.43733147271104,0.0,0.24493002679463532,640,4362.849438752504,113.6821438448,3.0,0.5201900237529691,0.2421875,0.6008626990455476,0.4261718715324294,0.89205056669602,0.5133541359207912,0.0,0.5141896164729242,0.0,0.15168299886389713,0.6826627366601676,0.7975560656242177,0.37438995687162613,0.75,0.6922829639419212,0.7957589285714285
1510600011697,268.5617069368852,33.57021336711065,46738.24020240336,318.91702698755114,60.0,75.53298007599896,50.35532005066597,1.2044259913834086,1083,9089.135269145208,123.936745095543,0.0,0.5296610169491526,0.09695290858725762,0.9002978862355532,0.7342934275227364,0.9606956140376053,0.6385451753127441,0.43733617055870233,0.48817324051730415,0.6493364961794154,0.7458903617229311,0.7381568194196132,0.8673886705760281,0.0609107143376737,0.0,0.7048872180451129,0.3185595567867036
1510600012017,138.26092317734992,37.30850307960236,33735.78560640337,340.16576337284505,435.0,118.5093627234428,50.47621004887378,1.400879177342537,3729,8183.729881402189,121.548148052267,1.0,0.45493562231759654,0.16304639313488872,0.7940585648163836,0.7555739842319865,0.9315687221201404,0.6456641690872158,0.64657123340528,0.5383298950630198,0.6497241138990381,0.8675520818991694,0.8686839519609779,0.8574044024520873,0.13392921340322705,0.25,0.6054406402271774,0.5357238631574914
1510600012110,174.91300978066644,46.927880672861725,34707.654970855445,456.4802938178368,605.0,157.84832589962582,98.12193231598361,1.531253106444417,2433,10379.593970642962,122.307076150454,1.0,0.4630186410102225,0.146321413892314,0.831641819696129,0.8020037928637539,0.9341062183148943,0.6781407676434646,0.6815972591025278,0.5703541223122859,0.7577440139266006,0.948291502862134,0.8235952249353483,0.8800211526004614,0.11072907138501298,0.25,0.6161977402917999,0.4807703599318889
1510600010383,92.27087137269403,25.45403348212249,22017.957305786666,4976.263545754947,1615.0,3379.022944751761,114.54315066955121,0.8242439561542559,1924,6121.695052450459,118.594782421497,1.0,0.4687022900763359,0.14293139293139293,0.7295794170357972,0.6788360652785256,0.8934454432039995,0.9423793739669656,0.7859429830670752,0.9144705779281932,0.7830156060767044,0.5104469905184302,0.7988143502653171,0.8297821803964162,0.22421247242244102,0.25,0.6237616943121163,0.46963171963171957
1510600010523,209.77364784937626,111.05663709672861,33212.85205495581,1116.7361841393265,550.0,521.3492130374204,114.14154368274885,1.1996639656399157,2551,7869.59670093763,123.470068540896,0.0,0.5284601557819053,0.1328890631125049,0.8607244389694904,0.9780246532215426,0.9301729533967157,0.7770352627074109,0.6714752196786506,0.704321878519297,0.7824415923647214,0.7429412813064018,0.8285956956964677,0.8536801442745616,0.0751768383226018,0.0,0.7032890794992274,0.4366354930839446
1510600010504,147.67187947675376,60.80606801983978,21595.585308036018,828.1207358892465,820.0,246.1197991279229,144.77635242818994,1.3746132684002144,3168,9173.029689850115,123.11806814057,1.0,0.41550874047512326,0.1388888888888889,0.8045775532745042,0.8547089204508374,0.8917149087290923,0.7439686661984821,0.7139003959012918,0.6200887980232523,0.8213334183196687,0.8512858368478916,0.8514677733985014,0.8682629011652193,0.08593735608118791,0.25,0.5529702786774197,0.45634920634920634
1510600010542,178.47962110571262,78.45258070580775,24336.53436910518,725.6863715287217,2325.0,205.93802435274534,143.17595978809914,1.393354660069921,2231,4375.6926888664275,123.826862589208,0.0,0.47023809523809523,0.13402061855670103,0.8348706007177986,0.906762171969326,0.902390567014692,0.7293700941316824,0.8246880602316757,0.6001178907940515,0.8195135342289238,0.8628922149165451,0.8144440210809575,0.7978357231865209,0.06426978057646393,0.0,0.6258055853920516,0.4403534609720176
1510600012426,212.2421562406589,37.1423773421153,42349.23855532212,1554.6737944628262,435.0,1098.3531585454098,26.53026953008236,0.8061822480470355,1171,6213.389123945289,121.924055850586,0.0,0.4600997506234414,0.1426131511528608,0.8625974231775175,0.7546732751807286,0.9518850464240635,0.8136342465819792,0.64657123340528,0.7880685297447342,0.5465505899143782,0.4992615344673245,0.7464013141989909,0.8311967568070232,0.12243785562165466,0.0,0.6123132019575123,0.46858606807368547
1510600012445,166.19914560902606,109.7541527606776,39235.29066690187,313.58329360193596,40.0,103.48248688863887,12.54333174407744,1.0774557025891942,2475,7761.186516647916,122.411344907163,1.0,0.358397365532382,0.19474747474747475,0.8234695117244648,0.9756015570545933,0.9450613964202035,0.63668393943511,0.39506913624868106,0.5232071175526083,0.4296018569884449,0.6672587850928038,0.8254023093855539,0.8523602765025801,0.10754161532759421,0.25,0.47696491503181665,0.6398845598845598
1510600012055,204.0084658667045,68.00282195556817,40783.41434319783,658.7773376945667,235.0,257.1356705194921,51.00211646667613,1.173016826740821,5609,11919.619635899433,122.131573562227,1.0,0.43050242285131346,0.15385986806917454,0.8562632389186663,0.8775369050859391,0.948518961098467,0.7186769488964375,0.5812708823327697,0.6249969605577012,0.6513998366360981,0.7264389439153782,0.911794333588437,0.8931849416906575,0.1160941184575317,0.25,0.5729242770276879,0.505539566513002
1510600010379,153.800569593652,18.309591618291904,40214.718990499525,380.8395056604716,380.0,161.12440624096877,42.112060722071384,1.2133150905704,6762,12380.945852288987,118.638678556063,1.0,0.4469178082191781,0.15912451937296657,0.811075618867746,0.6135916451982353,0.9472643361404159,0.6581329265950285,0.6322259468399464,0.5726515601044792,0.6204920380169955,0.7513953022135963,0.9315374730434521,0.896798190525911,0.22287058435898077,0.25,0.5947703162014626,0.5228377065111758
1510600011998,161.2036726632044,64.85205222082936,39314.16502860437,844.9295946485197,235.0,470.6406075454474,31.49956822154569,1.0371289199996037,6315,11701.163136415355,120.619298731933,1.0,0.4478471102924246,0.17656373713380838,0.8185901923789811,0.8678505926534942,0.9452408262342384,0.7461905261118575,0.5812708823327697,0.6928292547794571,0.5739071984632819,0.6422847653787968,0.9243147290619277,0.8914248472143963,0.1623237822652177,0.25,0.5960070565545801,0.5801379934396561
1510600013227,92.62322175599809,15.241795985164243,15941.95598623147,177.03932259690774,2080.0,64.48452147569488,11.724458450126342,1.1730788329988546,3059,3586.511839893648,125.844942263086,0.0,0.3305785123966942,0.14318404707420726,0.7301859526863844,0.5777340850223711,0.8645962965617747,0.5736665316092872,0.8128472263069866,0.47062714198540456,0.41931995966487434,0.7264773438424511,0.8477707469390003,0.7789144065999655,0.002577855939745244,0.0,0.43994283228732994,0.47046186895810954
1510600011930,208.95166165483812,122.48890510800855,53511.352082860314,536.7896135615669,215.0,237.77258050378128,18.013074280589493,1.123290371317865,3747,13498.997865873765,120.614548422652,1.0,0.4127643504531722,0.16092874299439552,0.8600958842626835,0.9981585708600138,0.9727868835646104,0.6960452612215312,0.5718501107491932,0.616221686440048,0.4855269714061569,0.6956437899682059,0.8691924484291076,0.9050248811680983,0.162468997405114,0.25,0.549317970151966,0.5287658698387281
1510600011682,138.0245326610208,38.34014796139466,35123.02921372562,391.0695092062256,430.0,115.02044388418399,23.0040887768368,1.0428294426552662,350,2683.8103572976265,123.457858264567,0.0,0.3888888888888889,0.1742857142857143,0.7937852795049205,0.7610814433373816,0.9351691339370428,0.6610597930279258,0.6453441701147002,0.5349954848008109,0.5239548696301504,0.6458150486307864,0.6190503058913299,0.7513320622643012,0.07555010180512556,0.0,0.5175438596491229,0.5726530612244898
1510600971837,159.9436354747493,19.014278343152014,34169.894251847276,414.95866266525866,100.0,241.59318365416675,19.014278343152014,1.0717318697165614,6913,7732.100363894698,118.770574856863,2.0,0.48283998283998286,0.17532185737017214,0.8173357183725907,0.6210203952497676,0.9327110697884485,0.6676075502629185,0.49098055551946346,0.6180082074358516,0.4939873180963961,0.6637140660296541,0.9338698771886907,0.8520030227043915,0.21883856483361686,0.5,0.6425765185163682,0.576057531359137
1510600630241,86.90997820333239,10.399484571338917,24854.438787738116,198.33302718196364,195.0,110.68022865210705,14.11358620395996,1.1771805642722322,5758,4277.159440126392,120.97374140602,1.0,0.44008006004503375,0.17193469954845433,0.7200574144691118,0.504362662061368,0.9042719422896492,0.5861729926302445,0.5615133251727298,0.5307046496229235,0.447686715920461,0.7290175097348159,0.9145631166323592,0.795668859459727,0.15148860513081186,0.25,0.5856704558494058,0.56492829851635
1510600971841,215.92184917674172,31.708803025955078,39449.071067524186,511.8706774189891,60.0,288.3991132360676,16.609373013595516,1.033389704008546,6354,9594.177829853264,119.681030687807,2.0,0.5189085686931546,0.17138810198300283,0.8653495265997773,0.7228223886735917,0.9455468887032662,0.6907930720606568,0.43733617055870233,0.6378628554021702,0.47288311690876345,0.6399691019938455,0.9249649413088252,0.8725341171930396,0.1910062779151701,0.5,0.6905775688623186,0.5631323350870092
1510600441748,153.1471091199155,38.8945039034706,35956.72834672962,481.3194858054487,60.0,274.6924338182611,24.309064939669128,1.1025342599055652,3617,8792.588788678324,120.832040028331,2.0,0.44911858974358976,0.16781863422726015,0.8103951446425263,0.7639815238293983,0.9372650985636175,0.683993989847216,0.43733617055870233,0.6324022485344506,0.532682182762449,0.6827897137858251,0.8654637540139902,0.8642324720810439,0.15582036211070882,0.5,0.5976991758241759,0.5514040838895691
1510600441752,86.21102113177312,11.564893078652492,26859.24650166842,346.9467923595748,335.0,178.73016576099306,29.4379096547518,1.2391004171126376,4638,4876.179463526388,120.585151606423,2.0,0.4618055555555556,0.17011642949547218,0.7187733369940502,0.5245362969460974,0.9112027041374047,0.6478429380724909,0.6188545799432352,0.584253752221042,0.563102760825636,0.7673639268358883,0.8917199479199432,0.8081391759099946,0.1633676468463794,0.5,0.6145833333333334,0.55895398262798
1510600442765,52.794467991477056,3.9595850993607793,19575.10205665408,52.794467991477056,0.0,27.717095695525455,0.0,0.9881327127499315,1141,1505.9621994568831,121.45389582671,2.0,0.4424778761061947,0.17090271691498685,0.641052460400886,0.33187773021830386,0.8829386813256656,0.4411727244992675,0.0,0.37785688898185843,0.0,0.6119418476653281,0.7436623756300044,0.6963751402401602,0.13681046793007734,0.5,0.5888615343668907,0.5615374984349567
1510600882479,51.47010015598392,1.9796192367686125,15385.725725922392,1251.779230716686,1970.0,798.4464254966737,9.898096183843062,0.7714824082451603,3822,2522.034907643212,116.941916072106,2.0,0.5154639175257731,0.18236525379382523,0.6370426921257689,0.22627716284837246,0.8614233912817071,0.7896620144945873,0.8070697095837532,0.7522175999176893,0.393777248334138,0.4777722306439987,0.8712852221913283,0.7454180260511019,0.2747399652568805,0.5,0.6859933338500891,0.5992001196082829
1510600792271,101.87426898663367,6.4682075547069,29595.816847341,177.33669045821415,160.0,98.10114791305465,4.312138369804599,1.0364040147806186,7455,4018.3739433616615,116.402639104653,3.0,0.4996982498491249,0.18524480214621059,0.745343597099171,0.4167129327741603,0.9198711580786839,0.5738512786087592,0.5405862596296119,0.517256104010637,0.27531151982525764,0.6418358379894247,0.9418415349754368,0.7897311152709964,0.29122545612478934,0.75,0.6650119565661287,0.6086614927661205
1510600822182,67.96337455483157,6.235171977507483,20848.205715948472,153.3852306466841,1295.0,72.63975353796218,4.988137582005987,1.0901835637323307,8406,2620.6427821463953,116.604028003979,3.0,0.5270712209302325,0.18605757792053296,0.6810107462622108,0.4101428499814267,0.8885681435716447,0.5578853505011254,0.7624668143322576,0.4838362610096585,0.2950591666585045,0.6751410369039831,0.9545214505551342,0.7490663744310817,0.28506907441166485,0.75,0.7014406474033922,0.611332041738894
1510600701786,160.04410664885822,22.184331614693217,37305.053470575614,429.4252762558473,175.0,244.0276477616254,20.599736499357988,1.094495080482689,4986,7900.791245061456,121.727782336673,1.0,0.4419889502762431,0.17027677496991575,0.8174361056782657,0.6514928610790015,0.9405541235569232,0.6713922679861417,0.5500630145896672,0.6191319504576465,0.5065552778323951,0.6778111210864121,0.8993604650786025,0.8540565631943949,0.12843786195700257,0.25,0.5882108586383085,0.5594808320440089
1510600730294,256.0410859512398,33.10876111438446,52557.566361562145,723.9782430345401,195.0,432.6211452279569,35.31601185534342,1.0409277210359764,5289,11674.14916893196,118.311004997078,2.0,0.5312680949623625,0.16089998109283418,0.892647185522004,0.731508339554962,0.9711800198876681,0.729109571068733,0.5615133251727298,0.6833705948152888,0.5922116733469611,0.6446373292552031,0.9055906683460289,0.891204917620354,0.23288743987167837,0.5,0.7070259609649486,0.5286713664478837
1510600732750,106.05793762674882,6.6286211016718015,34333.87062735983,119.31517983009243,40.0,92.80069542340522,0.0,0.6837389058487535,679,4500.833728035153,113.773720231168,3.0,0.5537757437070938,0.19440353460972018,0.7517558753239731,0.42111747800198135,0.9331387979385566,0.5302829386619294,0.39506913624868106,0.5110698438889553,0.0,0.4234334558172283,0.6889013500600323,0.8005184553311002,0.3715905017264971,0.75,0.7369797491440272,0.6387544708605091
1510600732943,145.19493293592842,8.799692905207783,33820.09396492602,189.19339746196735,0.0,118.79585422030507,4.399846452603891,0.9493484685452246,1424,6265.381348507942,116.189330629443,3.0,0.5246252676659529,0.20856741573033707,0.8018749792437633,0.4730225676731631,0.9317917235718318,0.580977064662118,0.0,0.5385993598692908,0.2780112398243621,0.5879231083272874,0.7670469484279693,0.8319896034668208,0.2977462147188944,0.75,0.698185506593035,0.6852929373996789
1510600732869,134.94133812756584,0.0,29024.080962013566,92.32828398201873,40.0,35.51087845462259,14.204351381849037,1.3061066090853948,292,2073.8353017499594,121.18325848082,1.0,0.46733668341708545,0.16095890410958905,0.7901776910923816,0.0,0.9181282993357729,0.5021651565367099,0.39506913624868106,0.4048800623840088,0.44867381388218003,0.8088602687662294,0.5999728461428413,0.726806338772211,0.14508374819876135,0.25,0.6219443080061965,0.5288649706457925
1510600503636,58.76936840569108,8.200376986840617,27131.393225584525,30.068048951748924,40.0,12.300565480260923,5.466917991227077,1.2862065262915436,841,1149.419507655493,117.316637819086,3.0,0.507168458781362,0.17717003567181927,0.6579946081813909,0.4599435802189564,0.9121034143123202,0.38039747810125424,0.39506913624868106,0.29123534888375086,0.3077398922520361,0.7965363235345486,0.7114722358474888,0.6706845630074905,0.2632848646116186,0.75,0.6749535128142938,0.5821301172074062
1510600843509,35.88798500495449,8.772618556766652,22623.801333535997,78.156056233012,1170.0,19.14025866930906,0.7975107778878775,1.0480959601226847,1083,863.7041724525714,118.596492694352,2.0,0.48559670781893005,0.18005540166204986,0.5803626335232522,0.4724491836528812,0.8958705986610971,0.48393206225785285,0.751676746400396,0.33793036773661733,0.0966730439871662,0.6490765563090465,0.7381568194196132,0.6435165782591972,0.22416019003466214,0.5,0.6462452427364709,0.591610605461021
1510600842905,102.62614905909678,6.621041874780437,26635.29364639729,218.4943818677544,330.0,108.14368395474713,9.931562812170656,1.14227270067478,4441,4900.674494316653,120.801150629813,1.0,0.43215916503587737,0.17315919837874352,0.746514999754015,0.4209114652464678,0.910454627164392,0.5968392518460295,0.6172595694385202,0.5281190707206836,0.39428272917383356,0.7073993786151349,0.8871364108246282,0.8086159148462342,0.15676463922231765,0.25,0.5751291143710549,0.5689516518158715
1510600502708,70.04146138833138,7.004146138833139,21307.317581939522,56.03316911066511,40.0,24.514511485915985,0.0,1.0717300941124526,457,1600.4473927233723,117.979188778093,2.0,0.46006389776357826,0.17943107221006566,0.6857863600322203,0.4310764842506258,0.8905142807077311,0.447644719857895,0.39506913624868106,0.3645494045124877,0.0,0.6637129664137371,0.6471555347635757,0.7021620806509578,0.24303093491790073,0.5,0.6122654880011531,0.5895592372616443
1510600501184,125.36413575096714,17.49267010478611,30960.87791682556,323.61439693854305,140.0,177.84214606532547,15.306086341687848,1.0987210911966387,7820,5699.695009142808,118.735410496103,2.0,0.49147346234910905,0.1710997442455243,0.7784259814145442,0.6046326442712514,0.9238998307966247,0.6401588280794699,0.5264748496260959,0.5836963239267672,0.46020672940264434,0.6804282521369073,0.9468897459967874,0.8229863163277631,0.21991352590774327,0.5,0.6540661867352805,0.5621848739495798
1510601885030,27.26105615014227,5.963356032843621,16210.10209526176,74.1159964081993,0.0,31.520596173602,0.8519080046919459,1.06412666808842,1766,1504.4695362859766,114.181327238925,3.0,0.5423580786026201,0.19365798414496035,0.5375094858577926,0.40220662296505544,0.8660865447986615,0.4781325485866544,0.0,0.39185490004437185,0.10158805587832156,0.6590042319394129,0.7897682626467682,0.6962808353260158,0.35913011122287464,0.75,0.7217848113734118,0.6363048050477268
1510601885045,45.08538786180904,9.017077572361808,23373.622959830634,100.69069955804018,40.0,55.60531169623115,3.0056925241206027,1.085956025473215,868,1304.4705554683414,112.375864006658,3.0,0.5308641975308642,0.1889400921658986,0.6161715687549325,0.4775697551818017,0.898783708614415,0.5116649240464252,0.39506913624868106,0.45422862625378346,0.22877580877581313,0.6725229598582798,0.7148061150897443,0.6827164430385849,0.41432243246822276,0.75,0.7064884433305487,0.6208031599736668
1510600841803,132.07242759648588,9.35026036081316,30206.67360282442,407.9051082404741,180.0,174.1485992201451,25.71321599223619,1.210697765677833,4878,5701.321255005824,118.99210015756,2.0,0.43007915567282323,0.18060680606806068,0.7867465734300444,0.4843511096583386,0.9216964550441702,0.665714212458044,0.5530431872717587,0.5813477202367533,0.5415838076246656,0.7497744160613298,0.8970478675874457,0.8230134592216735,0.212066621023557,0.5,0.5723609816096971,0.5934223627950564
1510602334475,171.57824405405367,60.55702731319541,38787.581981755306,625.7559489030193,120.0,282.5994607949119,60.55702731319541,1.241565706292587,1864,18813.04981863271,123.902806796956,0.0,0.31731448763250886,0.2290772532188841,0.8285631482186753,0.8538721331420107,0.9440360277150511,0.7129928525212994,0.5102011740841107,0.6355845836130679,0.6792079749303992,0.7688906586162876,0.7954697179329029,0.9366102371879153,0.061948195159580166,0.0,0.42229070910491784,0.7526824034334764
1510602115064,216.955343112247,50.45473095633651,33913.536635323995,109.3185837387291,40.0,75.68209643450477,5.045473095633651,0.9244969486803083,3090,5196.83728850266,121.384422904616,1.0,0.4963680387409201,0.1650485436893204,0.8661140992600889,0.816719747607896,0.9320382373394934,0.5206802426843384,0.39506913624868106,0.4883923020885743,0.2966301456820014,0.5725327819195055,0.8488354284238198,0.8141986154440691,0.13893422861682925,0.25,0.6605800214822772,0.5423023578363384
1510602215079,248.6179161418789,82.87263871395963,60372.37654009393,321.5458382101634,60.0,185.63471071926958,9.944716645675157,1.0062353928043477,3746,12417.636184899713,122.463259342012,1.0,0.5086588803866291,0.15082754938601176,0.8879332747768184,0.9179826198065156,0.9835653940089513,0.6394511280093111,0.43733617055870233,0.5884961846103828,0.394480981494272,0.6231526772808812,0.8691642627551965,0.8970797562448397,0.1059546108878201,0.25,0.6769370062288222,0.49557623369689574
1510602305083,277.56935248170794,31.106910191915546,26740.993409163377,57.428141892767165,0.0,19.14271396425572,7.178517736595896,1.184691059847338,3765,9009.03975942785,125.360940130891,0.0,0.4159458443023693,0.09110225763612217,0.9055852917659533,0.7189730974872452,0.910808480088165,0.4503198327253111,0.0,0.33794408679908056,0.3464503513980859,0.7336686932042126,0.869698508652487,0.8665464653828099,0.017373616211195486,0.0,0.5535519882821005,0.29933598937583
1510602305098,188.2682931253128,26.895470446473254,23555.128778880473,53.79094089294651,0.0,26.895470446473254,0.0,0.6931471805599453,1464,7874.993746727369,124.814192167694,0.0,0.3468261269549218,0.09153005464480875,0.8434128628312668,0.689831979450645,0.8994748200014029,0.44320460396733946,0.0,0.37459000505027856,0.0,0.42925991711723654,0.7699710330782866,0.8537453760610961,0.03408749256475485,0.0,0.4615655975264749,0.3007416081186573
1510601315115,42.20783996501319,11.724399990281443,6188.527667131848,14.069279988337732,40.0,2.3448799980562884,7.034639994168866,1.0114042647073516,2959,6938.499914248558,125.929269647988,0.0,0.39905437352245865,0.06860425819533626,0.6058003190517137,0.5271507327883479,0.7800593301334311,0.3003010241632051,0.39506913624868106,0.1358859437489204,0.3435243349935915,0.6263537139249034,0.8442612609172452,0.8416989588517091,0.0,0.0,0.5310723617554525,0.2254139912132477
1510600495100,43.25602702319781,8.651205404639562,18261.40963782304,57.79005210299227,270.0,26.299664430104265,3.806530378041407,1.2209552963059287,4721,1633.6936286121347,117.377102667346,3.0,0.5147625160462131,0.17814022452870154,0.6096560574155901,0.4698581916649747,0.8767321768238894,0.45100342778918634,0.5959825752598356,0.37216024588613633,0.25882261776386806,0.7561268140378848,0.8935930751878272,0.7041174104019625,0.261436477300498,0.75,0.6850598897757875,0.585317880594305
1510600715149,19.22257321142906,2.9218311281372173,7174.624577767364,41.52075813668677,3640.0,10.303299241325977,3.2293922995200823,1.1368920115148744,3206,493.0205577267326,119.535991050638,2.0,0.4506787330316742,0.19494697442295694,0.4836721866090828,0.28322246522808775,0.7932676763880845,0.4151376459321846,0.8723601564805756,0.2729235252994705,0.23773448159006857,0.7040671654177173,0.8527268161818764,0.5902443834503076,0.19544008421201087,0.5,0.5997754567414011,0.640540058818287
1510602285134,378.20134411487686,25.21342294099179,59393.20191995503,210.11185784159824,40.0,126.06711470495895,11.205965751551906,1.0473434309747522,4257,11925.949051089117,123.268879707889,2.0,0.4786384161167072,0.1522198731501057,0.9551943968180758,0.6769423933584784,0.9821044169484542,0.5925286184914363,0.39506913624868106,0.5452310109980224,0.4124616837364268,0.6486105216648475,0.8826678940383549,0.8932354553896623,0.0813271040847886,0.5,0.6369849597944149,0.5001510117789187
1511500010043,90.76615518226153,8.251468652932866,30735.524537935777,431.6820968955405,560.0,211.9324580332231,28.228708549507175,1.2030649330363925,11023,4787.154682172579,119.60928714029,2.0,0.4677762982689747,0.1773564365417763,0.7269631493825613,0.4610913129710121,0.9232471438495871,0.671971196494854,0.6733886742796815,0.6033315853698349,0.556419845973043,0.7450474703289852,0.9831471042976521,0.8063861190197209,0.19319945075362632,0.5,0.6225293593504401,0.5827425772086935
1511500010058,112.62340158487666,17.424752698037523,29741.138193370654,733.1145952223104,1095.0,368.8947644365017,53.1242460306022,1.1487137191824366,11930,5070.178041160674,120.292985723479,2.0,0.4637111629620533,0.16923721709974854,0.7613301225749085,0.6038700744353361,0.9203087841903793,0.7304959671144883,0.7446350141609261,0.6654818401376886,0.6579937898296326,0.7113882443975994,0.9914984451299969,0.8118510386348455,0.17229904626797177,0.5,0.6171193672502514,0.5560651418991738
1511500060113,18.82935475603189,0.0,6779.566795056903,12.552903170687927,0.0,6.276451585343963,0.0,0.6931471805599453,57,357.7577403646059,120.654532241675,1.0,0.6285714285714286,0.12280701754385964,0.4805135398079985,0.0,0.7882080018114457,0.28856008259866117,0.0,0.22335452023911512,0.0,0.42925991711723654,0.428887591509285,0.5597994963173178,0.16124670733312962,0.25,0.8365198711063373,0.40350877192982454
1511500060109,50.166299008664794,3.8589460775895996,15989.97686943798,135.06311271563598,0.0,92.61470586215039,3.8589460775895996,0.9162717456982221,502,1937.190930949979,118.957911181253,2.0,0.5120481927710844,0.15338645418326693,0.6329950826622591,0.3276289476589547,0.8648650109393429,0.5438999287935911,0.0,0.5108464734438642,0.2606106762720723,0.5674389864754982,0.6570548900429914,0.7203233188091488,0.21311176496759443,0.5,0.6814475948908416,0.5039840637450199
1511500060081,136.73683554239298,16.97422786043499,35222.55289911704,317.79526605369955,80.0,188.602531782611,16.03121520152194,1.1044310459252331,5718,5392.146383664849,119.151015663913,2.0,0.47713769051924565,0.1733123469744666,0.792288395891174,0.5987393214016045,0.9354219416998475,0.6381563207392664,0.4675043867846458,0.5902717113297599,0.4673795934729738,0.6839643765882245,0.9138269170160039,0.8177087607320095,0.2072086347069435,0.5,0.634987753548169,0.5694548543446759
1511500060096,95.81268589302344,13.266371892880167,25035.336134136123,229.21342548254069,60.0,140.03392553595734,6.633185946440084,1.0066976697977414,5004,3688.0513862206867,118.954722871528,2.0,0.4653001464128843,0.16546762589928057,0.7355746791664615,0.5508570297227957,0.9049198572172364,0.6021176191144731,0.43733617055870233,0.5569673965907826,0.335074241357784,0.6234389613334386,0.8997410228606372,0.7815703987561129,0.21320923037781514,0.5,0.6192340294366957,0.5436793422404933
1511800670204,104.37494930627192,0.0,30862.681327171744,147.86451151721855,0.0,86.97912442189326,0.0,0.9586918593253719,671,5836.299248709038,116.547298438437,3.0,0.49443207126948774,0.21311475409836064,0.749207020600814,0.0,0.9236160117362865,0.5538541451035681,0.0,0.5038590124299671,0.0,0.5937093875827841,0.6876513258572893,0.825239745116455,0.2868032755571358,0.75,0.6580035835691679,0.7002341920374706
1511800530153,57.96110438558313,2.78213301050799,22793.47926932855,280.06805639113765,275.0,172.0285578164107,11.12853204203196,1.0321549034278512,10704,4963.325290746254,117.993197952639,3.0,0.4743801652892562,0.18385650224215247,0.6558044554395945,0.2757053133976072,0.8965381735350962,0.6242129520556782,0.5979275144001174,0.5799771802550985,0.41141250738744645,0.6392044009176655,0.9800455298895773,0.8098245104703902,0.24260267980414052,0.75,0.6313179643323185,0.604099935938501
1511800010859,122.72075444189457,17.53153634884208,29876.608940924205,113.37060172251212,315.0,50.25707086668063,2.3375381798456107,1.000970895432509,2046,2391.30155798206,120.445537723472,1.0,0.3890020366598778,0.18914956011730205,0.7750253060003166,0.6050677716261587,0.920714824346503,0.5246735065639901,0.6123258318263608,0.4430589775613402,0.19869207018598886,0.6198924206299433,0.8053049866094565,0.7403548239737194,0.16763558990964889,0.25,0.5176944397654013,0.6214914118139924
1511800640717,30.1207977367186,0.0,17039.386332364327,25.817826631473086,0.0,4.302971105245514,4.302971105245514,0.8675632284814612,227,976.7744408907317,114.137115179423,3.0,0.4934210526315789,0.21585903083700442,0.5530149855553846,0.0,0.8705440845831512,0.36411153019198256,0.0,0.18774911675617964,0.27502677571849093,0.5372742326544127,0.5734790426132282,0.6552110805626439,0.36048165699093115,0.75,0.6566580925999209,0.7092511013215859
1511800010083,68.17200817508264,13.32096711467132,22848.475500640085,336.9421093710981,390.0,154.36650127001474,26.64193422934264,1.2083413168979251,6393,5009.46722141728,121.627959187718,1.0,0.42988145828673674,0.16346003441263882,0.6814966568187728,0.5516486389421116,0.8967534827983029,0.6446131644129903,0.6349821944716147,0.5678598706568562,0.5472179120195692,0.7483150881778389,0.9256111754497824,0.8107049198784346,0.13148941748379583,0.25,0.5720978805770858,0.537082970212956
1511800010331,76.91335861310316,5.65539401566935,24681.62002867198,62.20933417236285,0.0,46.37423092848867,0.0,0.7331756308129601,2398,2712.32696991502,119.603101244074,2.0,0.4527150701647346,0.17222685571309423,0.7006391190744535,0.3928317938232202,0.903648542716197,0.45902714969086644,0.0,0.4341935129372162,0.0,0.4540491822543463,0.822065339538184,0.7523374827562351,0.1933885512376694,0.5,0.6024854693169777,0.5658882402001667
1511800600810,120.99709024152375,20.972828975197448,31288.26620549998,154.8762755091504,570.0,56.46530877937775,16.1329453655365,1.3233705783709349,2872,2316.6909544910413,123.436519482027,1.0,0.3721930243669374,0.18697771587743733,0.7727684713900671,0.6403696191973666,0.9248396247513703,0.5589493903332722,0.675268320487577,0.4559255943486793,0.46836138577588976,0.8195516922221234,0.841110180101893,0.7373396918218609,0.07620242023503543,0.25,0.4953245512251724,0.6143553521687226
1511800530276,21.061866328156423,0.5137040567843031,19793.685561426584,119.1793411739583,160.0,77.56931257442976,4.109632454274425,0.9685126145964026,6138,3153.115500542052,114.889861049092,3.0,0.530062893081761,0.19338546757901598,0.4976751884072511,0.0859184555321012,0.8839307930580381,0.5301578810980792,0.5405862596296119,0.4911285141849816,0.2689039962665729,0.5997912944445645,0.9213123962606037,0.7666623347378079,0.33747050333663364,0.75,0.7054220456802384,0.6354093934739096
1511800870435,81.99213563177382,7.8622595811289955,26714.433778973646,106.70209431532209,0.0,86.48485539241895,0.0,0.6120744018436679,3980,4470.256161841915,105.682630970587,4.0,0.5881883479648843,0.21884422110552765,0.7107971423687063,0.4521834942709131,0.9107196976950046,0.5180229837424892,0.0,0.5032249692345305,0.0,0.379052262454197,0.8755628129599637,0.7998698921906761,0.6189320092763644,1.0,0.7827769743592822,0.7190595836324479
1511800600825,131.4548959989944,36.87149521923014,33260.732800539925,258.100466534611,905.0,125.04246204782396,20.840410341303993,1.2474383986037991,2578,4132.813681529361,122.287602413215,1.0,0.3942671714440238,0.17183863460046547,0.7859983567347161,0.7531961451181503,0.9303016632080381,0.6152037886637306,0.7243810619539305,0.5443198130360328,0.5083820374347692,0.7725275650128909,0.8297073399206183,0.7924026918495044,0.11132437609259915,0.25,0.5247014236510693,0.5646126565443865
1511800670168,152.0679037791632,20.736532333522256,37664.66061361011,946.9683098975164,220.0,546.062018116086,82.94612933408902,1.1931135830765225,1769,6113.820949666812,119.797012109171,2.0,0.4717138103161398,0.18711136235161108,0.8092649842504236,0.6381287488362609,0.9414112542383215,0.7587979984734317,0.574284661105589,0.70952419659339,0.730348703052539,0.7388846873316893,0.7899474413366477,0.8296597194667709,0.1874607701739922,0.5,0.6277695069620808,0.6147944762981506
1511800670543,104.33017533641558,3.4776725112138527,28391.681259189685,382.5439762335238,0.0,212.138023184045,20.866035067283114,1.0750780074259287,1242,4319.269258927605,119.07208427188,2.0,0.4803337306317044,0.19243156199677938,0.7491386566495267,0.3106926656169559,0.9161600695588134,0.6586259901114823,0.0,0.603440180500563,0.5085753469098012,0.6657862995120518,0.7526138147986515,0.7966009485735802,0.20962153720618626,0.5,0.6392411302391856,0.6322751322751322
1511800870609,83.01207508709523,6.917672923924602,24741.12191417129,224.82437002754955,60.0,157.95353176294506,8.070618411245368,0.900510626342857,3413,3935.002948225778,110.845933523427,4.0,0.4923480542195015,0.1992382068561383,0.7127619906263196,0.4288252400649887,0.9038636719192157,0.5999866587667065,0.43733617055870233,0.5704286342406667,0.3635179937910046,0.5576782646866661,0.8593335738178329,0.7877364969170674,0.46109182284097006,1.0,0.6552301172695622,0.6546398225273116
1511800600755,64.38524126035101,7.153915695594557,20946.557053914654,424.465664605277,60.0,207.46355517224214,11.923192825990927,1.0608053861559077,2111,5033.97201113337,119.120964086962,2.0,0.432157394843962,0.1615348176219801,0.6724403148953958,0.43491865029333826,0.8889886293084559,0.6701092704237573,0.43733617055870233,0.60094449396884,0.4218748568998917,0.6569473914197392,0.8086068557530038,0.8111691919891083,0.20812729993333312,0.5,0.5751267585517389,0.5307572579007918
1511800540878,46.1868293338051,1.9653969929278767,16367.467857178037,97.2871511499299,20.0,62.892703773692055,0.0,0.8511395620577868,2578,2533.3967238840332,119.531605704093,2.0,0.4475014037057833,0.1792086889061288,0.6199708894925998,0.22528554275811788,0.8669496845535573,0.5078962922956457,0.32389215239562336,0.4678576527100183,0.0,0.5271032013272818,0.8297073399206183,0.7458455969672796,0.19557414258049965,0.5,0.5955469808716064,0.5888285492629945
1511800530454,71.30115585959912,0.0,26842.882611394383,49.01954465347439,0.0,35.65057792979956,0.0,0.5859526183035508,514,2290.5496319896215,117.727312999104,2.0,0.43175487465181056,0.1867704280155642,0.6886136979602018,0.0,0.9111482549083555,0.4331182834402038,0.0,0.4053098513231326,0.0,0.3628752729895254,0.6595452013614836,0.7362602667048384,0.25073068125415154,0.5,0.5745910737847404,0.6136742634797109
1511800670596,44.497354205229705,0.0,22360.659822005637,115.69312093359723,0.0,62.296295887321584,0.0,0.8981370031878679,638,5677.86239658731,113.216155709077,3.0,0.5675675675675675,0.2084639498432602,0.6141058501783366,0.0,0.8948253362609491,0.5268990388743581,0.0,0.4668021987752516,0.0,0.5562083008646176,0.6823326557279382,0.8226211669584099,0.38863503615305295,0.75,0.7553342816500711,0.6849529780564263
1511800750420,36.96649924854666,5.234194583865015,16247.82234587606,53.97763164610796,120.0,25.516698596341946,1.3085486459662536,1.0502185017622552,3610,1180.965152984544,115.899958060125,3.0,0.5309584393553859,0.18337950138504155,0.584998327549269,0.37928199686501013,0.8662941987031543,0.44358116635435396,0.5102011740841107,0.3688853206779008,0.13792312704361726,0.6503910275697444,0.8652591943466567,0.6732588407897605,0.30659222361010696,0.75,0.7066138629015286,0.6025326474079936
1511800600774,133.3001412625712,32.69626106440426,33519.60656379216,777.1649745308397,300.0,427.56649084220953,47.7868430941293,1.1268498434732326,3771,9484.43080568219,120.426318961194,2.0,0.4574632637277649,0.16467780429594273,0.7882238436366334,0.7289866192595962,0.9309943572070715,0.7369470432736148,0.6071521118402062,0.6820510111678445,0.6408779969679278,0.6978481395857862,0.8698666580310941,0.8714394174810796,0.1682231001300888,0.5,0.6088044938331909,0.5410842141152403
1511800600793,177.8674409910593,13.175365999337728,41335.14318106184,401.8486629798007,80.0,148.22286749254943,9.881524499503296,1.0310959580453845,1534,5052.752860746019,120.601860318758,2.0,0.40476190476190477,0.18448500651890481,0.8343209934868061,0.5495307220465683,0.9497195468111131,0.6640622762653813,0.4675043867846458,0.563319286191088,0.3935263742654489,0.6385486054100762,0.7749011325065288,0.8115234903502309,0.1628568678937493,0.5,0.5386680988184748,0.6061650214192587
1511800600806,130.47385764116936,21.18806235198477,34668.8938383768,291.0570670456855,60.0,131.58901881758962,14.497095293463262,1.0431702960962244,3013,3359.9806245542163,120.200932938824,2.0,0.3974953617810761,0.17690009956853633,0.7848025033780084,0.6423898669878655,0.934006383013803,0.6284586989979847,0.43733617055870233,0.5500183924441058,0.45181780668237237,0.6460261361514723,0.8461708522197636,0.7727074160434056,0.17511306472672972,0.5,0.5289975867312066,0.5812431842966194
1511800580261,39.049856943918165,7.231454989614475,18960.27531819174,73.76084089406764,0.0,23.14065596676632,1.446290997922895,1.1307543675676786,971,1404.3485589831312,120.415810623748,2.0,0.44925373134328356,0.18640576725025745,0.5935915902612677,0.4368801950697839,0.8800875299034878,0.47760789024394407,0.0,0.35832024083578967,0.14747728679222682,0.7002661768167969,0.7266375453237575,0.6897318946257622,0.16854433599117347,0.5,0.5978790259230164,0.612476092393703
1511800600789,130.44567624341107,12.078303355871395,32603.956029348494,263.3070131579964,275.0,115.9517122163654,24.15660671174279,1.243237296786398,2458,5937.693929746378,120.165644471385,2.0,0.4274099883855981,0.1676159479251424,0.7847680194822926,0.532836330554096,0.9285197801943292,0.6174062885299747,0.5979275144001174,0.5358952214341731,0.5316860998726309,0.7699258598216762,0.8246745906772476,0.8268785152712641,0.17619181969461895,0.5,0.5688087815357209,0.5507381146111822
1511800010079,35.163646643605595,11.721215547868532,8799.08498021117,283.5069010640701,410.0,164.09701767015943,21.977279152253494,1.0802127150174714,3365,2465.1181449111004,121.352242190448,1.0,0.4554498269896194,0.15928677563150073,0.5771725471327361,0.5270988587745197,0.8115009795824242,0.625559182689078,0.6402892901963786,0.5746963591543425,0.5167475665331943,0.6689661785002147,0.8578379621065132,0.7432467157620027,0.13991798075452033,0.25,0.6061249577230273,0.5233708342177881
1511800010134,104.24699755124468,16.650562108879356,27551.400963175864,326.49580483063437,1070.0,159.26624625884602,20.994187006847884,1.1188034320536275,5820,4213.316151029472,122.27820682447,1.0,0.42333088774761557,0.17972508591065292,0.7490115779595539,0.594973273866307,0.9134759134817707,0.6411371421541366,0.7421802396332495,0.571354238217992,0.5095387209564111,0.6928650681747756,0.9156941810439176,0.7942380598515686,0.1116115956510122,0.25,0.563380203994947,0.5905252822778596
1511800010149,103.96176945891901,12.861249829969362,29646.93162184095,440.49780667645064,975.0,199.3493723645251,19.291874744954043,1.1534529957338904,5624,6027.639086978974,121.610297920114,1.0,0.4211728865194212,0.1763869132290185,0.7485750436485804,0.5448865073643795,0.9200253315099154,0.6742040638146876,0.7322985981063141,0.5964764289819909,0.4962581694050732,0.7143232364407457,0.9120763786488246,0.8283089836830625,0.13202931568708232,0.25,0.5605082775484027,0.5795570006096322
1511800010219,37.80822717265707,2.439240462752069,10446.746344042996,113.42468151797121,450.0,40.24746763540914,14.635442776512415,1.2397821034455598,1421,1733.080348785345,122.069636869031,1.0,0.40138067061143984,0.17733990147783252,0.5885256690215163,0.25600857285119943,0.8268352523091627,0.5247258400554353,0.6501697232907364,0.41860780095529404,0.4532830135392851,0.7677860891514499,0.7668243438938293,0.7097339938994349,0.11798749950603749,0.25,0.5341682608889087,0.5826882477128782
1511800010280,86.77302587859067,0.0,29219.98673510368,337.95810079030053,135.0,182.68005448124353,31.96900953421762,1.1370940321774234,1109,5064.804510492477,120.482324079191,1.0,0.4145408163265306,0.18034265103697025,0.7198066209017511,0.0,0.9187293278858405,0.6449454851524405,0.5226338112021737,0.5867002628132071,0.5762714582344185,0.704192275026894,0.7406603742865421,0.8117501503453584,0.16651104506929815,0.25,0.5516821390210219,0.5925544248357594
1511800010505,78.41744441686347,17.08102749674254,20600.420348897656,166.92822326362028,980.0,52.795903171749664,17.08102749674254,1.3145339014891937,2369,1839.316097262867,122.05393668513,1.0,0.3853801169590643,0.19755170958210216,0.7037148527621294,0.5999671334221647,0.8874999189709427,0.5671939365291297,0.732842213023797,0.4484996491269529,0.47724061472409224,0.8140792164013552,0.8207807153757531,0.7153922887634694,0.11846744812974175,0.25,0.5128742909906345,0.6490984743411928
1511800580242,48.3506120238007,6.593265275972823,20398.01153423507,160.4361217153387,0.0,87.91020367963765,2.197755091990941,1.0221859744582424,2352,5169.119976362693,119.955862670643,2.0,0.49320388349514566,0.18154761904761904,0.6271830809451271,0.4201547076630672,0.886617738662696,0.5628292133649127,0.0,0.5050437749436424,0.19163872499346452,0.633030731395148,0.82002033148217,0.8136898136498294,0.1826047691975793,0.5,0.6563690780348931,0.5965136054421768
1511800640365,95.63899048441503,18.510772351822265,26878.71694537897,274.57645655203027,40.0,160.42669371579296,4.627693087955566,1.0443649129479717,3914,6037.596915419363,117.60718465065,3.0,0.5217729393468118,0.1806336228921819,0.735285815710262,0.6157397728473739,0.9112674469171642,0.6220285792058684,0.39506913624868106,0.5721661860179497,0.2848246597591007,0.6467659517997935,0.8737969907772202,0.8284660368206569,0.2544029589721649,0.75,0.6943895508600428,0.593510475217169
1511801340736,3.7371372853664924,0.0,2750.868497296958,310.18239468541884,60.0,168.17117784149215,14.94854914146597,1.0417994326466344,4240,15845.462089953928,124.767889601633,0.0,0.4053695724229367,0.1731132075471698,0.2502061381612113,0.0,0.7076360813765475,0.6354806281723624,0.43733617055870233,0.5774398708947346,0.4565517390537762,0.6451771725442416,0.8822453405132846,0.9202750967425826,0.035502944319656615,0.0,0.5394767993899233,0.5688005390835579
1511800010399,149.23177528689604,4.0332912239701635,35341.01936820644,362.9962101573147,100.0,157.29835773483637,12.09987367191049,1.0895971819385062,1422,5735.340120485573,121.344006604426,1.0,0.3941176470588235,0.19831223628691982,0.8062565310766934,0.33493511678616533,0.9357219379495679,0.6528349931675677,0.49098055551946346,0.5699638029585575,0.42411345958663493,0.67477789584639,0.7668985975435338,0.8235794841886717,0.1401697394728627,0.25,0.5245024325519682,0.6515973477998794
1511801340721,204.2983630607291,24.035101536556365,44827.45984512224,258.37734151798094,100.0,150.21938460347727,18.026326152417273,1.1413037171156806,4960,14901.762952664947,123.86831492256,1.0,0.46226415094339623,0.15080645161290324,0.8564905454863389,0.6674102983929049,0.9569661677838944,0.615322023461991,0.49098055551946346,0.5648150419890218,0.48564183514015646,0.7067992956689257,0.898808338545756,0.9144322367994552,0.06300259858247781,0.25,0.6151936444885799,0.4955069124423963
1511800580257,215.4372008759783,71.81240029199277,54083.34661267078,167.56226734798312,0.0,95.74986705599035,0.0,0.9556998911125343,416,9957.986173822997,120.839466008048,2.0,0.5018050541516246,0.18028846153846154,0.8649897311636191,0.8886744115466314,0.9737368535008424,0.5676111313437667,0.0,0.5145537526084799,0.0,0.5918564881364896,0.6372496331839749,0.8760755026988754,0.15559335274780517,0.5,0.6678157487581771,0.5923763736263736
1511800540863,98.94936126733525,13.000646005927258,29189.504313760684,233.28936999525027,275.0,122.06162083342815,18.778710897450484,1.1818793395644969,6372,4602.228686098249,120.000516438509,2.0,0.4747568318666049,0.1721594475831764,0.7407037852374977,0.5469603377435853,0.9186360746200917,0.6040604849276403,0.5979275144001174,0.5416262880962891,0.49203543802189637,0.7319274197064336,0.9252636945913335,0.8026379926697912,0.18123972057358673,0.5,0.6318192424089404,0.5656667563447224
1511800640651,46.15091941133062,0.0,21722.965395138912,69.22637911699593,0.0,40.38205448491429,0.0,0.887694275799104,525,3028.654086368572,114.584659510134,3.0,0.5261627906976745,0.1980952380952381,0.6198484262863277,0.0,0.8922403469557181,0.4706811419191643,0.0,0.4189744157984047,0.0,0.5497412121724908,0.6617775302428567,0.7628311793033752,0.3468003977823898,0.75,0.7002316838608149,0.6508843537414966
1511800870628,18.956275837227853,0.0,11088.025829733062,8.293370678787186,20.0,5.923836199133704,2.3695344796534816,0.5982695885852573,761,901.6078695081497,99.2924198767707,4.0,0.6400862068965517,0.19579500657030224,0.4815398665280154,0.0,0.8321576579888001,0.24679167466494745,0.32389215239562336,0.217764213042466,0.20026500016522317,0.3705030637250942,0.700927245687357,0.6475990634950397,0.8142783210772695,1.0,0.8518440497796215,0.6433264501595645
1511800870613,49.114051666976096,8.185675277829349,20130.57528468251,16.371350555658697,0.0,16.371350555658697,0.0,0.0,115,941.3526569503751,103.059170972801,4.0,0.5972222222222222,0.30434782608695654,0.6296524787821822,0.45961213722943345,0.885438622681729,0.316039100940164,0.0,0.32128567592736845,0.0,0.0,0.5021018255373599,0.6516996877876811,0.6991301791334801,1.0,0.7947994987468672,1.0
1511800600844,270.25759850856014,25.91511218575234,40483.30776055375,35.170509394949605,40.0,18.51079441839453,5.553238325518358,1.1355506971603728,3620,6700.90757945882,125.533984550114,0.0,0.41849529780564265,0.13535911602209943,0.9013067301174675,0.6824172360479808,0.9478590781506128,0.39723153236648295,0.39506913624868106,0.33435685688061767,0.30992585434917785,0.7032365013036739,0.8655513013147789,0.8383837808743336,0.012083714426001757,0.0,0.5569448700120208,0.44475138121546953
1511800530581,73.20982724528399,7.320982724528399,36572.22206699677,80.53080996981238,0.0,58.56786179622719,0.0,0.5859526183035508,353,2584.306901758525,115.438190651194,3.0,0.412,0.2237960339943343,0.6928051277546432,0.43912216241268515,0.9387815326015632,0.4872044258220828,0.0,0.459969741871418,0.0,0.3628752729895254,0.6199492544012023,0.7477382185755358,0.32070827688600256,0.75,0.5483007518796993,0.7353298259813841
1511800640350,74.5953083743171,13.645483239204347,24990.01017468856,265.63207372317794,320.0,138.27423015727072,16.374579887045215,1.1958112819900746,3847,3499.6116014146082,118.260498198209,2.0,0.4876256767208043,0.16324408630101378,0.695780648216423,0.5562926001743025,0.9047579551107462,0.6183758694847241,0.6139959635814028,0.5555543719378064,0.4706702139510152,0.7405553484041374,0.8719736994844902,0.7765809424024904,0.23443141341732165,0.5,0.6489454494705441,0.5363734264176166
1511800540897,84.41590270467883,5.522535690960297,22149.628209070786,183.82154514196418,120.0,92.30523940605069,7.100403031234668,1.0106127013109714,2773,2187.713067290415,120.973911917407,1.0,0.44577685088633995,0.17490082942661378,0.7154277149750802,0.38865266543799365,0.8939781406548531,0.5778053294259202,0.5102011740841107,0.5104738238884652,0.3448681933235316,0.6258635057159503,0.8374062569781987,0.7318909849310407,0.15148339266285404,0.25,0.593251899299866,0.5746741538303024
1511800540882,60.84430712560677,0.0,20764.59469180775,63.886522481887106,0.0,21.29550749396237,6.084430712560677,1.23340261227354,681,2071.7486576269107,119.226337918147,2.0,0.55125284738041,0.16593245227606462,0.663484220215027,0.0,0.8882091148832708,0.461926250330411,0.0,0.34937182857258303,0.3227748983522872,0.7638353267036545,0.6892115582487977,0.7267105878595433,0.20490606217136964,0.5,0.7336222104235532,0.5452066289070694
1511800010685,37.37134107942663,2.6693815056733308,15478.819669113798,40.04072258509996,60.0,8.008144517019991,1.3346907528366654,1.1100858011757546,771,1029.046570437069,114.854817180727,3.0,0.4492481203007519,0.21011673151750973,0.5867045129754402,0.2694328179310421,0.8619623401426308,0.41121568584612234,0.43733617055870233,0.24738050807346904,0.13977949236939569,0.6874663164910836,0.7023043944307991,0.6601671003529372,0.33854178100427834,0.75,0.5978715585957375,0.6903835464146748
1511800590416,102.27029534174457,15.30321937595448,29584.55177993489,106.37603712553724,100.0,58.6001327323135,2.9859940245764838,1.0775176061022413,6314,2356.6957838969897,117.53443090542,2.0,0.48704663212435234,0.19464681659803612,0.745961655310397,0.5785163956585294,0.9198371443456829,0.517687331473438,0.49098055551946346,0.4600306947495497,0.22796310002928236,0.6672971213908154,0.9242980042083808,0.7389682195835955,0.25662701316876835,0.5,0.6481748412481982,0.6395538259649758
1511800600740,50.55539714828157,5.321620752450692,23084.616136784996,90.46755279166176,0.0,70.51147496997167,0.0,0.6761099194458602,3359,4468.831026870469,116.280142183045,3.0,0.45285467128027684,0.1988687109258708,0.6342137234080821,0.3821682402985058,0.897672117418766,0.49993570589983205,0.0,0.4805357502286854,0.0,0.41870889202639094,0.8576495127927346,0.7998395563973818,0.2949701402192232,0.75,0.6026712542602181,0.6534257644707183
1511800640702,18.59134383896919,4.647835959742298,10110.271096227805,23.23917979871149,115.0,0.0,2.323917979871149,0.9433483923290391,113,262.6027317254398,122.555625455165,1.0,0.7121212121212122,0.061946902654867256,0.478571069075185,0.3588102464588987,0.823910410457749,0.35291978229854293,0.5057116805995538,0.0,0.19801792371692342,0.5842073142052133,0.5002648085851533,0.5304704318635406,0.10313101409658343,0.25,0.94771018455229,0.20353982300884954
