CVEGEO,CVE_MUN,CVE_LOC,POB_TOTAL,IM_2020,GM_2020,IMN_2020,has_conapo
1400200020219,002,0002,,,,,False
1400200020045,002,0002,4496.0,121.302354012585,Bajo,0.947568506651298,True
1400200020172,002,0002,,,,,False
1400200020261,002,0002,96.0,117.262723123025,Alto,0.916012424820887,True
1400200020149,002,0002,,,,,False
1400200020242,002,0002,,,,,False
1400200020223,002,0002,78.0,120.273138096841,Medio,0.939528657826911,True
1400200020327,002,0002,,,,,False
1400200020153,002,0002,338.0,119.229974502916,Medio,0.931379854970322,True
1400200020257,002,0002,,,,,False
1400200020238,002,0002,,,,,False
140020002005A,002,0002,1139.0,121.899263734918,Bajo,0.952231341588021,True
1400200020276,002,0002,,,,,False
1400200020331,002,0002,,,,,False
1400200020204,002,0002,231.0,124.465666775237,Muy bajo,0.972279119853956,True
1400200020100,002,0002,1199.0,120.549900740227,Medio,0.94169062382357,True
1400200010134,002,0001,,,,,False
1400200010030,002,0001,3574.0,122.031785801155,Bajo,0.953266554279687,True
1400200010083,002,0001,143.0,121.782946139705,Bajo,0.951322712148051,True
1400200010064,002,0001,4853.0,121.826439103532,Bajo,0.951662462873577,True
1400200010168,002,0001,,,,,False
1400200010295,002,0001,,,,,False
1400200010079,002,0001,1079.0,122.490892384536,Bajo,0.956852922764861,True
1400200010308,002,0001,,,,,False
1400200010191,002,0001,68.0,121.05209728937,Medio,0.945613594964491,True
1400200010280,002,0001,99.0,122.955190878614,Bajo,0.960479848509666,True
1400200040187,002,0004,3039.0,120.556722651173,Medio,0.941743914033975,True
1400200010312,002,0001,,,,,False
1400200010098,002,0001,,,,,False
1400200010115,002,0001,268.0,122.339514743156,Bajo,0.955670417390162,True
140020001012A,002,0001,927.0,124.268261646872,Muy bajo,0.970737065009162,True
1403900012696,039,0001,6406.0,123.912947401278,Muy bajo,0.96796148334935,True
1403900014207,039,0001,4817.0,120.525825062439,Medio,0.941502553655982,True
1403900013020,039,0001,4278.0,121.775903352453,Bajo,0.951267696534769,True
1403900014194,039,0001,3732.0,120.399214596302,Medio,0.940513520167721,True
1403900015243,039,0001,3622.0,121.965351034906,Bajo,0.952747590795781,True
1403900015084,039,0001,3838.0,120.317847255953,Medio,0.93987790901398,True
1403900011927,039,0001,2553.0,123.408056837088,Bajo,0.964017467573016,True
1403900013088,039,0001,7760.0,122.378333964051,Bajo,0.955973658588345,True
140390001051A,039,0001,7354.0,120.943894122554,Medio,0.944768352396622,True
140390001083A,039,0001,5450.0,122.283868577463,Bajo,0.955235730408568,True
1403900012408,039,0001,1913.0,122.656931254507,Bajo,0.958149956160012,True
1403900015328,039,0001,1120.0,124.608613514964,Muy bajo,0.973395766186143,True
1403900012802,039,0001,8937.0,121.196393121683,Bajo,0.946740779902108,True
1403900014353,039,0001,2928.0,122.625638658502,Bajo,0.957905510133329,True
140390001133A,039,0001,1300.0,123.740464887035,Muy bajo,0.966614114621228,True
1403900015205,039,0001,5156.0,123.240996043821,Bajo,0.962712451296258,True
1403900011838,039,0001,533.0,121.42034618173,Bajo,0.948490217234933,True
1403900011700,039,0001,4300.0,122.169747351629,Bajo,0.954344258182648,True
1403900011325,039,0001,2359.0,123.110583005739,Bajo,0.96169371354175,True
1403900011734,039,0001,5234.0,121.744446839059,Bajo,0.9510219700469,True
1403900012268,039,0001,3930.0,122.948365093704,Bajo,0.960426528037308,True
140390001350A,039,0001,2929.0,122.07706762615,Bajo,0.953620278917908,True
1403900010609,039,0001,1844.0,125.218560165864,Muy bajo,0.978160440720579,True
140390001418A,039,0001,4537.0,123.252797609472,Bajo,0.962804640702069,True
1403900011151,039,0001,2172.0,122.22605716695,Bajo,0.954784129346303,True
1403900012588,039,0001,3636.0,120.613355467577,Medio,0.942186308360983,True
1403900013177,039,0001,7661.0,119.967969377437,Medio,0.937144794215395,True
1403900010670,039,0001,689.0,123.795442944597,Muy bajo,0.967043582592617,True
1403900014809,039,0001,4279.0,124.60727130108,Muy bajo,0.973385281314556,True
1403900014404,039,0001,4369.0,119.912791012222,Medio,0.936713761515725,True
1403900015489,039,0001,1073.0,122.300386671099,Bajo,0.955364763562513,True
1403900015031,039,0001,3099.0,122.602501715605,Bajo,0.95772477301072,True
1403900012501,039,0001,3267.0,120.395642317638,Medio,0.940485614866239,True
1403900015652,039,0001,2202.0,124.518297249589,Muy bajo,0.97269024938555,True
1403900014391,039,0001,4151.0,120.441518464466,Medio,0.940843982123775,True
1403900010435,039,0001,7566.0,122.247071173005,Bajo,0.954948282882301,True
1403900012554,039,0001,,,,,False
1403900010882,039,0001,4771.0,120.249678184603,Medio,0.939345397788916,True
140390001197A,039,0001,2728.0,122.579520545688,Bajo,0.957545252728228,True
140390001496A,039,0001,2980.0,125.215500123729,Muy bajo,0.978136536818791,True
1403900011359,039,0001,754.0,121.521299673598,Bajo,0.949278828060417,True
1403900010469,039,0001,6148.0,121.808976916397,Bajo,0.95152605481521,True
1403900013374,039,0001,6111.0,120.21134990944,Medio,0.939045991674711,True
1403900012446,039,0001,2051.0,122.796134140741,Bajo,0.959237356912484,True
1403900010774,039,0001,3189.0,121.891453716693,Bajo,0.952170332654055,True
1403900015347,039,0001,3339.0,117.504235289253,Alto,0.91789902730732,True
1403900012126,039,0001,1229.0,122.336530268266,Bajo,0.955647103791368,True
1403900010967,039,0001,3438.0,123.034138065834,Bajo,0.961096554334606,True
1403900010810,039,0001,5299.0,121.577635296509,Bajo,0.949718900823288,True
1403900012145,039,0001,1224.0,121.672642592012,Bajo,0.950461062192318,True
1403900014654,039,0001,4659.0,123.259452387848,Bajo,0.962856625335504,True
1403900014989,039,0001,2858.0,121.584545269931,Bajo,0.949772878944729,True
1403900014796,039,0001,3178.0,119.6243985112,Medio,0.934460947431879,True
1403900010878,039,0001,3822.0,120.549923601715,Medio,0.941690802408948,True
1403900015633,039,0001,,,,,False
1403900010986,039,0001,2000.0,122.770453805736,Bajo,0.959036751764392,True
140390001165A,039,0001,5944.0,122.763895716944,Bajo,0.95898552243373,True
1403900014550,039,0001,777.0,123.435615996965,Bajo,0.964232749396536,True
1403900014029,039,0001,3376.0,120.553909991559,Medio,0.941721942591689,True
1403900011077,039,0001,847.0,123.804384322082,Muy bajo,0.967113429280917,True
1403900015188,039,0001,3913.0,119.873249611489,Medio,0.936404878919431,True
1403900014014,039,0001,3969.0,121.005133837098,Medio,0.945246734084511,True
1403900011429,039,0001,1902.0,121.035161651146,Medio,0.945481300108787,True
1403900012681,039,0001,4038.0,124.425307021206,Muy bajo,0.971963844588553,True
140390001261A,039,0001,1880.0,123.5675368145,Bajo,0.965263265358785,True
1403900012361,039,0001,1590.0,120.656464201621,Medio,0.942523057627508,True
1403900010929,039,0001,2565.0,124.512606418497,Muy bajo,0.972645794746863,True
1403900011217,039,0001,5444.0,121.662504634192,Bajo,0.950381868267101,True
140390001457A,039,0001,869.0,122.542340100715,Bajo,0.957254813033083,True
1403900011448,039,0001,2753.0,121.216411146265,Bajo,0.94689715320429,True
1403900011128,039,0001,1632.0,123.302531526222,Bajo,0.963193143411748,True
1403900011556,039,0001,1636.0,124.429869530958,Muy bajo,0.971999485203998,True
1403900015525,039,0001,4780.0,119.634478871906,Medio,0.93453969143004,True
140390001140A,039,0001,4485.0,121.913445149876,Bajo,0.952342121484284,True
1403900013800,039,0001,5229.0,121.019621337493,Medio,0.945359905005439,True
1403900010539,039,0001,4087.0,122.141489223542,Bajo,0.954123516281552,True
1403900011698,039,0001,2957.0,122.157120478906,Bajo,0.954245621787441,True
140390001090A,039,0001,6708.0,119.263860670554,Medio,0.931644561006131,True
1403900010492,039,0001,5650.0,121.64380339485,Bajo,0.950235781197478,True
1403900014442,039,0001,4063.0,121.691062652267,Bajo,0.95060495279634,True
1403900010613,039,0001,1648.0,123.586434471348,Bajo,0.965410886768317,True
1403900011132,039,0001,1680.0,124.20786647035,Muy bajo,0.970265280535633,True
1403900014955,039,0001,2607.0,123.047780106917,Bajo,0.961203120844399,True
1403900013783,039,0001,5133.0,123.800959376147,Muy bajo,0.967086674887472,True
1403900012728,039,0001,3828.0,123.450670413898,Bajo,0.964350348856895,True
1403900013707,039,0001,3663.0,124.580852459574,Muy bajo,0.973178907230575,True
1403900014141,039,0001,1427.0,123.651112539361,Bajo,0.965916127584283,True
1403900010261,039,0001,5440.0,120.039236959153,Medio,0.937701509841639,True
1403900012018,039,0001,2060.0,118.584939911955,Alto,0.926341086604531,True
1403900015027,039,0001,3829.0,124.476185737367,Muy bajo,0.972361290041982,True
1403900013406,039,0001,4762.0,121.362056870173,Bajo,0.948034882988909,True
1403900011560,039,0001,822.0,123.205887668991,Bajo,0.962438197836139,True
1403900014090,039,0001,2730.0,122.496509402377,Bajo,0.956896800802108,True
1403900011607,039,0001,688.0,124.378635040422,Muy bajo,0.971599260574547,True
1403900014616,039,0001,3942.0,121.055446828755,Medio,0.945639760310245,True
1403900014565,039,0001,,,,,False
1403900014669,039,0001,2308.0,123.797721310101,Muy bajo,0.967061380329644,True
1403900010454,039,0001,7289.0,122.396752052758,Bajo,0.956117533791374,True
1403900013919,039,0001,3541.0,121.946078286122,Bajo,0.95259703930869,True
1403900011823,039,0001,486.0,124.493125899777,Muy bajo,0.972493620238939,True
1403900014264,039,0001,2866.0,119.169928394276,Medio,0.930910797284205,True
1403900012427,039,0001,1837.0,123.879361362068,Muy bajo,0.967699121804284,True
1403900010346,039,0001,3132.0,122.535960941728,Bajo,0.957204981434976,True
1403900014298,039,0001,6517.0,119.784540245654,Medio,0.935711914615528,True
1403900012639,039,0001,4945.0,122.942754152086,Bajo,0.960382697465236,True
1403900011109,039,0001,2210.0,123.524881796575,Bajo,0.964930060352459,True
140390001037A,039,0001,1895.0,124.635820102917,Muy bajo,0.973608293849991,True
1403900010971,039,0001,2335.0,122.042934263927,Bajo,0.953353641890692,True
1403900010666,039,0001,5070.0,122.749827987938,Bajo,0.958875630609496,True
1403900013209,039,0001,5999.0,123.425282975166,Bajo,0.964152031704663,True
1403900010647,039,0001,3054.0,123.406947097983,Bajo,0.964008798707231,True
1403900011950,039,0001,2286.0,123.464547272454,Bajo,0.964458749672743,True
1403900010721,039,0001,2864.0,123.293112063388,Bajo,0.963119562099967,True
1403900012785,039,0001,5136.0,121.071586073039,Medio,0.945765834035103,True
1403900014940,039,0001,893.0,125.664598195694,Muy bajo,0.981644722565522,True
1403900010740,039,0001,2571.0,123.739082259414,Muy bajo,0.966603314052669,True
1403900011433,039,0001,5008.0,121.177610466194,Bajo,0.946594056840077,True
1403900012395,039,0001,2027.0,122.958595820144,Bajo,0.960506446636199,True
1403900013586,039,0001,4397.0,122.137106511093,Bajo,0.954089280175218,True
1403900014936,039,0001,2345.0,121.952309059586,Bajo,0.952645711774733,True
1403900014033,039,0001,2004.0,123.810377312212,Muy bajo,0.967160244272712,True
1403900015510,039,0001,2659.0,119.866957696122,Medio,0.936355728835773,True
1403900015120,039,0001,3491.0,121.806024075607,Bajo,0.951502988330138,True
1403900010736,039,0001,2327.0,124.584669256423,Muy bajo,0.973208722616437,True
1403900012003,039,0001,2235.0,121.396942568573,Bajo,0.948307396984246,True
1403900012253,039,0001,3334.0,123.278524323315,Bajo,0.963005608144253,True
1403900010717,039,0001,2799.0,124.383080446516,Muy bajo,0.971633986420129,True
1403900014781,039,0001,2986.0,121.238825844838,Bajo,0.947072248425051,True
1403900015169,039,0001,2394.0,121.49349503903,Bajo,0.949061628680645,True
1403900011857,039,0001,3322.0,122.459989318047,Bajo,0.956611519596698,True
1403900012535,039,0001,3821.0,123.742247751029,Muy bajo,0.966628041686251,True
1403900014349,039,0001,2021.0,122.694879883503,Bajo,0.958446396620709,True
140390001539A,039,0001,3696.0,121.078790550148,Medio,0.945822112708927,True
1403900012573,039,0001,,,,,False
1403900010308,039,0001,497.0,120.546910976986,Medio,0.941667268914159,True
1403900013868,039,0001,4200.0,120.75039059381,Medio,0.943256775385142,True
1403900015173,039,0001,3324.0,120.913641348323,Medio,0.94453202906775,True
1403900012164,039,0001,844.0,124.059823800178,Muy bajo,0.969108826705549,True
140390001215A,039,0001,799.0,124.387997191741,Muy bajo,0.971672394190265,True
1403900014122,039,0001,3179.0,123.890902466513,Muy bajo,0.967789276584823,True
1403900010134,039,0001,3236.0,122.537857728636,Bajo,0.95721979842309,True
1403900014156,039,0001,1891.0,123.212720587934,Bajo,0.962491574036885,True
1403900013660,039,0001,5426.0,122.2332972877,Bajo,0.954840686454883,True
1403900010115,039,0001,3304.0,123.293895366688,Bajo,0.963125680971641,True
1403900011081,039,0001,2681.0,121.493150830928,Bajo,0.949058939856016,True
1403900014724,039,0001,3284.0,123.637966598816,Bajo,0.965813436425876,True
1403900010651,039,0001,3971.0,121.692708895999,Bajo,0.950617812635104,True
1403900015421,039,0001,3707.0,120.701340677183,Medio,0.942873615827948,True
1403900011467,039,0001,4745.0,120.622463561848,Medio,0.942257457378305,True
1403900014921,039,0001,2664.0,120.625771419841,Medio,0.942283297124642,True
1403900010401,039,0001,2118.0,124.394805258457,Muy bajo,0.971725576254735,True
1403900014917,039,0001,2107.0,124.932982138518,Muy bajo,0.975929612249788,True
1403900011310,039,0001,981.0,125.317926089371,Muy bajo,0.978936650057284,True
1403900010505,039,0001,5858.0,122.833256739871,Bajo,0.959527344737594,True
1403900011185,039,0001,5210.0,122.315566680316,Bajo,0.955483344102697,True
1403900011397,039,0001,5120.0,121.936530455098,Bajo,0.952522455232736,True
1403900011645,039,0001,1828.0,120.430379273196,Medio,0.94075696693827,True
1403900013548,039,0001,1383.0,122.917783618494,Bajo,0.960187637019641,True
1403900011999,039,0001,1739.0,123.107712086785,Bajo,0.961671286999342,True
1403900013764,039,0001,2516.0,122.772038017145,Bajo,0.959049127029906,True
1403900013590,039,0001,3233.0,119.242527952996,Medio,0.931477917815375,True
140390001279A,039,0001,4961.0,121.228940892047,Bajo,0.946995030880252,True
1403900015008,039,0001,4449.0,120.289921209934,Medio,0.939659761213484,True
1403900013016,039,0001,5380.0,119.984766304357,Medio,0.937276005510401,True
1403900014476,039,0001,7476.0,121.527744335641,Bajo,0.94932917134384,True
140390001119A,039,0001,2055.0,121.691097638832,Bajo,0.950605226098266,True
1403900015436,039,0001,3812.0,121.530843074957,Bajo,0.949353377533489,True
1403900012200,039,0001,1191.0,123.101132490389,Bajo,0.961619889659349,True
1403900011293,039,0001,886.0,122.328905439793,Bajo,0.955587541490301,True
1403900012713,039,0001,3393.0,123.470537115537,Bajo,0.964505540080987,True
1403900010952,039,0001,3251.0,123.10641843309,Bajo,0.961661181461739,True
1403900011202,039,0001,2008.0,122.254271721865,Bajo,0.955004530870119,True
1403900015417,039,0001,3837.0,120.651984502121,Medio,0.942488063894699,True
1403900010844,039,0001,3105.0,121.722796471732,Bajo,0.950852845495253,True
140390001560A,039,0001,2420.0,124.175400405623,Muy bajo,0.970011667811288,True
1403900014870,039,0001,1678.0,125.103032920443,Muy bajo,0.977257985196835,True
1403900013923,039,0001,4286.0,123.246177538965,Bajo,0.962752927193499,True
1403900015192,039,0001,3526.0,119.875092676085,Medio,0.936419276248994,True
1403900011664,039,0001,2178.0,122.525721900124,Bajo,0.957124997881142,True
1403900012624,039,0001,4749.0,123.564541798245,Bajo,0.965239869414798,True
1403900012022,039,0001,4065.0,120.82346203302,Medio,0.94382758206976,True
1403900013849,039,0001,1656.0,123.802842065439,Muy bajo,0.967101381750296,True
1403900014832,039,0001,3312.0,123.354703749993,Bajo,0.963600693261628,True
1403900011880,039,0001,1826.0,120.321455222939,Medio,0.939906093099257,True
1403900014974,039,0001,2159.0,124.505505823243,Muy bajo,0.972590327559145,True
140390001425A,039,0001,5144.0,120.079198369865,Medio,0.938013673398399,True
1403900015332,039,0001,1552.0,123.411895544572,Bajo,0.964047454116541,True
1403900012215,039,0001,2270.0,123.63062520842,Bajo,0.965756088236792,True
1403900013976,039,0001,2378.0,121.556642672025,Bajo,0.9495549143121,True
1403900014601,039,0001,3520.0,120.21684848627,Medio,0.939088944495192,True
1403900011452,039,0001,4217.0,120.660108109718,Medio,0.942551522471262,True
1403900014743,039,0001,3042.0,122.375501832952,Bajo,0.955951535042121,True
1403900010825,039,0001,3680.0,122.374281200533,Bajo,0.955941999919349,True
1403900012520,039,0001,1593.0,121.784438187617,Bajo,0.951334367466895,True
1403900015506,039,0001,4440.0,119.909196880562,Medio,0.936685685506831,True
1403900010859,039,0001,4308.0,121.646533176092,Bajo,0.950257105224996,True
1403900014245,039,0001,4483.0,120.261820680502,Medio,0.939440250413989,True
1403900010685,039,0001,1913.0,124.50384454684,Muy bajo,0.972577350290783,True
1403900011965,039,0001,2593.0,121.982028610615,Bajo,0.952877869763886,True
140390001521A,039,0001,3418.0,122.515817621329,Bajo,0.957047629368851,True
1403900013745,039,0001,3343.0,122.160172029999,Bajo,0.954269459360389,True
1403900013656,039,0001,3096.0,123.922166562916,Muy bajo,0.968033499983296,True
1403900011471,039,0001,4458.0,120.692921439101,Medio,0.942807847896884,True
1403900011931,039,0001,1639.0,122.471818674868,Bajo,0.956703926096713,True
1403900015313,039,0001,2173.0,120.874036488738,Medio,0.944222650754701,True
1403900010280,039,0001,2440.0,125.435821623044,Muy bajo,0.979857605760846,True
1403900012111,039,0001,2316.0,122.215021636136,Bajo,0.954697923917408,True
1403900011414,039,0001,3951.0,121.516455344848,Bajo,0.94924098598062,True
140390001069A,039,0001,1975.0,123.327675805201,Bajo,0.963389561091167,True
1403900013995,039,0001,4225.0,123.731072209142,Muy bajo,0.966540742543356,True
1403900013694,039,0001,1439.0,123.80733041587,Muy bajo,0.967136443060931,True
1403900014230,039,0001,4112.0,119.624149961658,Medio,0.934459005856055,True
1403900015296,039,0001,3129.0,123.277058987671,Bajo,0.962994161491644,True
1403900010543,039,0001,3991.0,120.440351794791,Medio,0.940834868537726,True
140390001553A,039,0001,3719.0,118.922830789902,Medio,0.92898056344926,True
1403900011062,039,0001,1023.0,125.639940776219,Muy bajo,0.981452108050007,True
1403900012380,039,0001,1603.0,121.491451329143,Bajo,0.949045663985312,True
1403900013567,039,0001,2867.0,123.178407648686,Bajo,0.962223534221276,True
1403900011575,039,0001,449.0,125.63799394099,Muy bajo,0.981436900103168,True
1403900010153,039,0001,3944.0,124.646067201294,Muy bajo,0.973688340340316,True
1403900014067,039,0001,2600.0,121.554738324662,Bajo,0.949540038264542,True
1403900014828,039,0001,5053.0,120.816010250903,Medio,0.943769371541943,True
1403900010276,039,0001,7097.0,120.536930909458,Medio,0.941589308368707,True
1403900013001,039,0001,2282.0,121.908026042184,Bajo,0.952299789446915,True
1403900011518,039,0001,2605.0,119.71625143294,Medio,0.935178468015824,True
1403900014226,039,0001,4502.0,120.477380093532,Medio,0.941124119723556,True
1403900011005,039,0001,1664.0,123.293300896903,Bajo,0.963121037196579,True
1403900012431,039,0001,1033.0,123.225540542177,Bajo,0.962591718712529,True
1403900010416,039,0001,1597.0,121.907029638712,Bajo,0.952292005916598,True
1403900014531,039,0001,657.0,123.535002545764,Bajo,0.9650091198503,True
1403900010897,039,0001,7285.0,121.758451636154,Bajo,0.951131370270647,True
140390001471A,039,0001,3040.0,122.381181186143,Bajo,0.955995900019752,True
1403900014635,039,0001,2896.0,120.873616939559,Medio,0.944219373393826,True
1403900015135,039,0001,3361.0,121.264968570268,Bajo,0.947276465593769,True
1403900012304,039,0001,4087.0,123.230733456914,Bajo,0.962632283815346,True
1403900015309,039,0001,755.0,124.27369789831,Muy bajo,0.970779530967052,True
1403900010149,039,0001,3170.0,124.447526532336,Muy bajo,0.972137415078187,True
1403900012516,039,0001,1807.0,119.495532687047,Medio,0.933454295932455,True
1403900012605,039,0001,444.0,122.453562553458,Bajo,0.956561316121476,True
1403900015578,039,0001,5104.0,120.088358364524,Medio,0.93808522784209,True
1403900015366,039,0001,,,,,False
140390001172A,039,0001,4658.0,121.135117369723,Medio,0.946262116703433,True
1403900011382,039,0001,2849.0,122.404828883177,Bajo,0.956180626962164,True
1403900013711,039,0001,3070.0,123.4299307823,Bajo,0.964188338631276,True
1403900015370,039,0001,1587.0,124.560840614395,Muy bajo,0.973022582199579,True
1403900013618,039,0001,2845.0,120.199355962396,Medio,0.938952299457593,True
1403900010327,039,0001,1331.0,123.4986644073,Bajo,0.964725259937779,True
1403900011289,039,0001,1719.0,125.110386973994,Muy bajo,0.977315432305744,True
1403900014993,039,0001,3081.0,122.011189122863,Bajo,0.95310566075169,True
1403900010524,039,0001,5163.0,120.67042011529,Medio,0.942632075992254,True
1403900013957,039,0001,1171.0,124.411364523458,Muy bajo,0.971854931023951,True
1403900013815,039,0001,5972.0,119.62825447159,Medio,0.93449106874864,True
1403900015667,039,0001,5008.0,124.707403953791,Muy bajo,0.974167480052313,True
1403900011908,039,0001,3317.0,122.579953185431,Bajo,0.957548632347677,True
1403900013834,039,0001,3120.0,124.171166366735,Muy bajo,0.969978593087074,True
1403900011236,039,0001,3834.0,120.637846807502,Medio,0.94237762552533,True
1403900011984,039,0001,2146.0,121.453747376591,Bajo,0.948751134845251,True
1403900014546,039,0001,462.0,122.654258697449,Bajo,0.95812907914636,True
1403900014620,039,0001,2986.0,121.901195471221,Bajo,0.952246431587709,True
1403900011039,039,0001,2707.0,121.50271701147,Bajo,0.949133667271526,True
1403900013336,039,0001,6612.0,123.653459921234,Bajo,0.965934464451311,True
1403900012130,039,0001,1943.0,124.948487953162,Muy bajo,0.97605073785981,True
1403900011147,039,0001,3002.0,123.094522975814,Bajo,0.961568258609763,True
1403900012037,039,0001,2760.0,120.823494935786,Medio,0.943827839093837,True
1403900014461,039,0001,2681.0,126.06542782963,Muy bajo,0.984775853372851,True
1403900014279,039,0001,3870.0,119.750602288627,Medio,0.935446804020434,True
140390001382A,039,0001,4065.0,123.168052911771,Bajo,0.962142646899055,True
1403900014211,039,0001,4952.0,119.668437781278,Medio,0.934804965696998,True
1403900014902,039,0001,2033.0,125.852911786581,Muy bajo,0.983115757728461,True
1403900010577,039,0001,1432.0,125.976828754723,Muy bajo,0.984083750620323,True
1403900015099,039,0001,2598.0,120.572573838038,Medio,0.94186773756229,True
1403900013730,039,0001,1089.0,120.154607802511,Medio,0.938602743611106,True
1403900012569,039,0001,3196.0,123.212732216856,Bajo,0.962491664877666,True
1403900014387,039,0001,6168.0,122.52205486125,Bajo,0.957096352348429,True
140390001400A,039,0001,2960.0,122.716504806519,Bajo,0.958615322410938,True
1403900014527,039,0001,3204.0,122.383052403631,Bajo,0.956010517269146,True
1403900011683,039,0001,3329.0,121.067406115425,Medio,0.945733181773517,True
1403900011946,039,0001,2222.0,121.953187543893,Bajo,0.952652574164749,True
1403900014300,039,0001,5081.0,121.572972290036,Bajo,0.949682475165138,True
1403900013514,039,0001,2921.0,123.186966760885,Bajo,0.962290394796496,True
1403900014048,039,0001,5939.0,120.797485075496,Medio,0.943624659817771,True
1403900013872,039,0001,6219.0,123.08929613216,Bajo,0.961527428466962,True
140390001101A,039,0001,1340.0,119.225615707739,Medio,0.931345805696758,True
1403900014813,039,0001,3428.0,124.569970989523,Muy bajo,0.9730939052666,True
1403900011861,039,0001,1324.0,123.690043607379,Bajo,0.966220242490252,True
1403900014480,039,0001,5137.0,122.219171998596,Bajo,0.954730344992746,True
1403900012041,039,0001,1670.0,120.591851964541,Medio,0.942018331058103,True
1403900015402,039,0001,2478.0,120.403034397466,Medio,0.940543359022156,True
1403900015154,039,0001,2653.0,120.612352793786,Medio,0.942178475849282,True
1403900010295,039,0001,2694.0,125.169122674434,Muy bajo,0.977774253574346,True
1403900014052,039,0001,5240.0,124.021397518479,Muy bajo,0.968808655001038,True
1403900011804,039,0001,424.0,123.825910230067,Muy bajo,0.967281581602856,True
1403900015012,039,0001,5358.0,118.651540187672,Medio,0.926861342986337,True
140390001546A,039,0001,2692.0,120.156504684992,Medio,0.938617561345802,True
1403900015544,039,0001,2653.0,119.723640253906,Medio,0.935236186714738,True
1403900013317,039,0001,2911.0,125.33691615096,Muy bajo,0.979084993298006,True
1403900015440,039,0001,4067.0,119.74590922448,Medio,0.935410143563,True
1403900014103,039,0001,3343.0,123.344233512187,Bajo,0.963518903689754,True
1403900012319,039,0001,4397.0,121.036104084823,Medio,0.9454886620473,True
1403900011842,039,0001,1147.0,124.119618818085,Muy bajo,0.969575922965018,True
1403900013853,039,0001,1911.0,124.500857599794,Muy bajo,0.972554017380427,True
1403900011819,039,0001,469.0,121.854376945927,Bajo,0.951880702822942,True
1403900011170,039,0001,4531.0,122.770221874943,Bajo,0.959034940007995,True
1403900011626,039,0001,513.0,122.817857105274,Bajo,0.95940704856629,True
1403900014438,039,0001,4428.0,119.891179405396,Medio,0.936544939746575,True
140390001158A,039,0001,270.0,116.12362154986,Alto,0.907114190442874,True
1403900013938,039,0001,2667.0,119.789965692987,Medio,0.935754296175794,True
1403900014512,039,0001,4757.0,121.979184260519,Bajo,0.952855650767438,True
140390001368A,039,0001,1946.0,124.028716428061,Muy bajo,0.96886582757843,True
1403900013726,039,0001,2382.0,121.469069046008,Bajo,0.948870821981801,True
1403900014160,039,0001,2479.0,123.241527374401,Bajo,0.962716601851524,True
1403900012376,039,0001,1750.0,122.120968657412,Bajo,0.953963217313232,True
1403900010064,039,0001,2647.0,123.913861043997,Muy bajo,0.967968620383699,True
1403900010789,039,0001,4767.0,121.803916000868,Bajo,0.951486520840712,True
1403900015281,039,0001,3133.0,123.20330422416,Bajo,0.962418016933792,True
1403900012357,039,0001,2874.0,122.027526064315,Bajo,0.953233278812702,True
1403900011912,039,0001,2808.0,121.305298734646,Bajo,0.947591509715899,True
140390001514A,039,0001,4366.0,120.565759762682,Medio,0.941814508560575,True
1403900014673,039,0001,4058.0,123.166093793435,Bajo,0.962127343001199,True
1403900013603,039,0001,4489.0,124.760629829265,Muy bajo,0.974583260634226,True
140390001044A,039,0001,7371.0,121.063207909038,Medio,0.945700386959361,True
1403900012249,039,0001,3183.0,124.616849471809,Muy bajo,0.973460102392904,True
1403900010399,039,0001,3486.0,122.775485403092,Bajo,0.959076056716312,True
1403900014762,039,0001,2342.0,125.31285927454,Muy bajo,0.978897069999652,True
1403900012183,039,0001,931.0,124.35600935222,Muy bajo,0.971422517181925,True
1403900015046,039,0001,4361.0,120.068979921307,Medio,0.937933850709724,True
140390001489A,039,0001,2999.0,120.521915075928,Medio,0.941472010307429,True
1403900010204,039,0001,2702.0,120.274062133377,Medio,0.939535876053863,True
1403900011113,039,0001,1954.0,123.307919094854,Bajo,0.96323522907781,True
1403900010191,039,0001,2777.0,121.595052387292,Bajo,0.949854956605861,True
1403900015493,039,0001,3692.0,119.430109052485,Medio,0.932943231030154,True
1403900011679,039,0001,1848.0,122.177235483511,Bajo,0.954402752661197,True
1403900015101,039,0001,4789.0,121.474909975257,Bajo,0.948916449131016,True
1403900011594,039,0001,227.0,124.783112970754,Muy bajo,0.974758890505377,True
1403900012272,039,0001,2353.0,121.84071950543,Bajo,0.9517740160187,True
1403900012342,039,0001,2027.0,120.546434710236,Medio,0.941663548496886,True
1403900010350,039,0001,3820.0,123.44945099924,Bajo,0.96434082324681,True
1403900010990,039,0001,2212.0,123.606639116914,Bajo,0.965568717883647,True
1403900012287,039,0001,3086.0,121.753057984343,Bajo,0.951089237085075,True
1403900014885,039,0001,3109.0,122.407456651645,Bajo,0.956201154104139,True
1403900010948,039,0001,959.0,125.053050987141,Muy bajo,0.976867545074847,True
1403900015277,039,0001,5148.0,121.23513817667,Bajo,0.947043441744025,True
1403900013533,039,0001,1844.0,123.304614285347,Bajo,0.963209413145099,True
1403900014847,039,0001,4413.0,121.239732459548,Bajo,0.947079330559224,True
1403900010793,039,0001,5805.0,120.906212563877,Medio,0.944473998189116,True
1403900015559,039,0001,2617.0,121.169698646906,Bajo,0.946532252674374,True
140390001005A,039,0001,1538.0,125.079034785629,Muy bajo,0.977070520765888,True
1403900015116,039,0001,4326.0,118.846223873028,Medio,0.928382138938764,True
1403900014086,039,0001,2420.0,123.112428357318,Bajo,0.961708128736364,True
1403900014175,039,0001,4696.0,121.702475673247,Bajo,0.950694107036866,True
1403900011363,039,0001,1226.0,119.326977930702,Medio,0.932137609376293,True
1403900011490,039,0001,5529.0,119.367704574903,Medio,0.932455750650138,True
1403900010238,039,0001,4875.0,121.00634565288,Medio,0.945256200335027,True
1403900011344,039,0001,1167.0,122.722015374312,Bajo,0.958658368900323,True
1403900015262,039,0001,5739.0,123.236933796683,Bajo,0.962680718544776,True
1403900014368,039,0001,3033.0,122.686449319329,Bajo,0.958380540214457,True
1403900011630,039,0001,386.0,120.995623169334,Medio,0.945172440314014,True
1403900015224,039,0001,6832.0,124.161991140718,Muy bajo,0.969906919661721,True
1403900012179,039,0001,762.0,122.327073474272,Bajo,0.955573230862559,True
1403900011787,039,0001,507.0,125.336623047165,Muy bajo,0.979082703681063,True
1403900012709,039,0001,5623.0,123.669571950016,Bajo,0.966060325578872,True
1403900014705,039,0001,2177.0,122.439141591187,Bajo,0.956448664971427,True
1403900015582,039,0001,,,,,False
1403900014851,039,0001,2928.0,120.030670625251,Medio,0.937634592853181,True
1403900013961,039,0001,2017.0,124.150359309487,Muy bajo,0.969816056157556,True
1403900015385,039,0001,4544.0,120.640921833294,Medio,0.942401646473824,True
1403900015629,039,0001,4321.0,120.541660932184,Medio,0.941626257532695,True
1403900010702,039,0001,1836.0,122.289541650857,Bajo,0.955280046330776,True
1403900011895,039,0001,1933.0,120.422643408969,Medio,0.940696537267527,True
1403900010596,039,0001,1774.0,125.010098527217,Muy bajo,0.976532016563147,True
1403900015671,039,0001,3934.0,122.197809738907,Bajo,0.954563471029936,True
1403900013980,039,0001,1286.0,122.286666044187,Bajo,0.955257583169688,True
1403900010755,039,0001,2956.0,123.328666484618,Bajo,0.963397299907311,True
1403900010933,039,0001,2127.0,124.747394623482,Muy bajo,0.974479872169249,True
1403900015614,039,0001,2645.0,121.619630434274,Bajo,0.950046951093227,True
1403900011715,039,0001,4773.0,122.708868292864,Bajo,0.958555668829614,True
1403900010632,039,0001,3396.0,124.538493491713,Muy bajo,0.972848014856344,True
1403900010806,039,0001,5315.0,121.545804043299,Bajo,0.949470247008491,True
1403900011024,039,0001,2230.0,122.314179727067,Bajo,0.955472509743965,True
1403900014423,039,0001,6471.0,120.356940355568,Medio,0.940183289650032,True
1403900011096,039,0001,2001.0,123.637475877773,Bajo,0.965809603097087,True
1403900010223,039,0001,2945.0,120.446719529945,Medio,0.940884610897138,True
140390001464A,039,0001,5227.0,123.757591686543,Muy bajo,0.966747902757204,True
1403900011306,039,0001,617.0,125.226049727476,Muy bajo,0.97821894636764,True
1403900013340,039,0001,7256.0,123.202430020964,Bajo,0.962411187986212,True
1403900010384,039,0001,2419.0,124.031810037626,Muy bajo,0.968889993696387,True
1403900012107,039,0001,614.0,121.847151969653,Bajo,0.951824264017324,True
1403900010312,039,0001,2380.0,123.362269705169,Bajo,0.963659795666572,True
1403900010863,039,0001,4771.0,119.530948036629,Medio,0.933730947364228,True
1403900011378,039,0001,1543.0,121.826644965063,Bajo,0.95166407098667,True
1403900015563,039,0001,3227.0,124.388298817106,Muy bajo,0.971674750374523,True
1403900014283,039,0001,5592.0,121.678653035817,Bajo,0.95050801352568,True
1403900010365,039,0001,2444.0,124.578062212029,Muy bajo,0.973157110862976,True
1403900011768,039,0001,2337.0,123.807252769726,Muy bajo,0.96713583651837,True
1403900013798,039,0001,5737.0,121.201027449471,Bajo,0.946776981533125,True
1403900010473,039,0001,5848.0,120.53997631352,Medio,0.941613097923352,True
140390001286A,039,0001,2400.0,120.991361645049,Medio,0.945139150884175,True
1403900012056,039,0001,3305.0,121.463427990139,Bajo,0.948826756168499,True
1403900014457,039,0001,1807.0,124.496434706806,Muy bajo,0.972519467398796,True
1403900011221,039,0001,3057.0,121.253939211059,Bajo,0.947190308375135,True
1403900015474,039,0001,3387.0,121.216658776362,Bajo,0.946899087597763,True
1403900013552,039,0001,1826.0,123.160096062127,Bajo,0.962080490973096,True
1403900011791,039,0001,408.0,124.006040385311,Muy bajo,0.968688690834961,True
140390001254A,039,0001,5415.0,123.706140677841,Muy bajo,0.966345986769028,True
1403900013529,039,0001,3016.0,122.371339822546,Bajo,0.955919022977399,True
1403900011876,039,0001,911.0,118.92270075299,Medio,0.928979547649662,True
1403900012662,039,0001,2011.0,122.981692255031,Bajo,0.960686867325418,True
1403900011166,039,0001,2417.0,122.203957683599,Bajo,0.954611496468671,True
1403900012291,039,0001,3561.0,122.429570964728,Bajo,0.956373902826076,True
1403900014866,039,0001,2702.0,123.75007458282,Muy bajo,0.966689181961499,True
1403900013891,039,0001,3644.0,120.855003588961,Medio,0.944073972878117,True
1403900013904,039,0001,3454.0,121.424208496459,Bajo,0.948520388189404,True
1403900015258,039,0001,3767.0,120.565015591658,Medio,0.941808695375571,True
1403900011537,039,0001,7726.0,119.839294146779,Medio,0.936139631560882,True
1403900013641,039,0001,870.0,124.368317147069,Muy bajo,0.971518661060418,True
1403900013637,039,0001,932.0,123.78608108199,Muy bajo,0.966970451232199,True
1403900015050,039,0001,2497.0,119.713409912535,Medio,0.935156271123863,True
1403900012592,039,0001,3696.0,121.991415429473,Bajo,0.952951196073171,True
1403900015351,039,0001,1225.0,122.383407506213,Bajo,0.95601329119737,True
1403900013482,039,0001,4455.0,119.66406601675,Medio,0.934770815111715,True
1403900015597,039,0001,2948.0,122.338369253984,Bajo,0.955661469258262,True
1403900014118,039,0001,3680.0,123.785606108422,Muy bajo,0.966966740916787,True
1403900013942,039,0001,3436.0,119.572516069486,Medio,0.934055661250783,True
1403900014495,039,0001,4349.0,120.227010667317,Medio,0.939168327643168,True
1403900010083,039,0001,5123.0,123.86036850649,Muy bajo,0.967550756737974,True
1403900014071,039,0001,2395.0,123.693228852964,Bajo,0.966245124434438,True
1403900014777,039,0001,2679.0,125.067153882003,Muy bajo,0.976977711601563,True
1403900010030,039,0001,3440.0,125.93552220373,Muy bajo,0.983761079332054,True
1403900010026,039,0001,1433.0,125.363239519544,Muy bajo,0.979290621583313,True
1403900013143,039,0001,2655.0,125.710048394576,Muy bajo,0.981999762477427,True
1403900011043,039,0001,2187.0,125.938909939455,Muy bajo,0.983787543053293,True
1403900011274,039,0001,2716.0,124.633173266397,Muy bajo,0.973587617755544,True
1403900015648,039,0001,1687.0,125.889597913966,Muy bajo,0.983402335999949,True
1403900011753,039,0001,2171.0,123.804539320393,Muy bajo,0.9671146400696,True
1403900014599,039,0001,3297.0,124.277445094062,Muy bajo,0.970808802655234,True
1403900012677,039,0001,1696.0,123.432451893932,Bajo,0.964208032610039,True
1403900013321,039,0001,923.0,125.752072734096,Muy bajo,0.982328040860529,True
1403900014584,039,0001,2297.0,125.570235652884,Muy bajo,0.980907597762782,True
1403900010562,039,0001,4180.0,125.726642680737,Muy bajo,0.982129390818804,True
1403900014508,039,0001,2403.0,124.398183706687,Muy bajo,0.971751967425541,True
140390001507A,039,0001,3529.0,119.936441274173,Medio,0.93689850849431,True
1403900015065,039,0001,4763.0,118.56857611901,Alto,0.926213258789723,True
1404400010280,044,0001,1544.0,119.728380900176,Medio,0.935273218865872,True
1404400050276,044,0005,231.0,116.231660588612,Alto,0.907958150903859,True
140440010037A,044,0010,1010.0,120.307430034736,Medio,0.939796533587825,True
1404400100242,044,0010,2554.0,118.475230836464,Alto,0.92548408044273,True
1404400020115,044,0002,1972.0,122.326080544912,Bajo,0.955565474470703,True
1404400020149,044,0002,,,,,False
1404400010308,044,0001,90.0,121.435051369333,Bajo,0.948605088646708,True
1404400010331,044,0001,114.0,115.467910794349,Alto,0.901992023882695,True
1404400020172,044,0002,116.0,114.357405066544,Muy alto,0.893317169526487,True
1404400100223,044,0010,3500.0,117.406897936507,Alto,0.917138664404775,True
1404400010100,044,0001,1954.0,120.445051054558,Medio,0.940871577393019,True
1404400020168,044,0002,,,,,False
1404400020346,044,0002,90.0,121.579147764084,Bajo,0.949730715652872,True
1404400010064,044,0001,284.0,119.803906282479,Medio,0.935863194833817,True
1404400010312,044,0001,187.0,121.252873619572,Bajo,0.947181984373991,True
140440002012A,044,0002,2462.0,119.870919145874,Medio,0.93638667419587,True
1404400010327,044,0001,170.0,122.617223226177,Bajo,0.957839771931409,True
1404400010098,044,0001,3326.0,119.760279793225,Medio,0.935522401057727,True
1404400010079,044,0001,131.0,119.408261208788,Medio,0.932772563867152,True
1404400010083,044,0001,627.0,119.348226598769,Medio,0.932303596003941,True
1404400050261,044,0005,2046.0,119.31449642856,Medio,0.93204010856156,True
1404400020187,044,0002,383.0,119.044821984433,Medio,0.929933512919752,True
1404400020350,044,0002,119.0,118.842599984713,Medio,0.928353830482045,True
1404400100238,044,0010,2689.0,118.761353235498,Medio,0.927719161341031,True
1404400010365,044,0001,,,,,False
1404400020153,044,0002,,,,,False
140440002005A,044,0002,311.0,125.135493313017,Muy bajo,0.977511553612445,True
1404400020134,044,0002,1198.0,123.753533396548,Muy bajo,0.966716200917441,True
1404400010295,044,0001,1128.0,119.725530459096,Medio,0.935250952288935,True
1404400050257,044,0005,360.0,119.574029501237,Medio,0.93406748361215,True
1404401700219,044,0170,983.0,119.044810709055,Medio,0.92993342484073,True
1404401700384,044,0170,933.0,120.079034653034,Medio,0.938012394503901,True
1404400540416,044,0054,3439.0,116.430629458355,Alto,0.909512421109962,True
1404400540435,044,0054,2599.0,117.081974548882,Alto,0.914600484732222,True
1404400540420,044,0054,4154.0,119.569259811818,Medio,0.934030224586824,True
1404401700399,044,0170,1402.0,122.495303491716,Bajo,0.956887380680187,True
1404400540401,044,0054,5087.0,119.391720488348,Medio,0.932643353961093,True
1405100010088,051,0001,,,,,False
1405100010139,051,0001,341.0,118.136292633069,Alto,0.922836422284303,True
1405100010069,051,0001,2229.0,121.662847959304,Bajo,0.950384550194146,True
1405100010124,051,0001,,,,,False
1405100010177,051,0001,,,,,False
1405100010105,051,0001,,,,,False
1405100010092,051,0001,282.0,122.659129098827,Bajo,0.958167124895742,True
1405100010143,051,0001,185.0,120.130480274771,Medio,0.938414268411131,True
140510001004A,051,0001,1615.0,120.600510897765,Medio,0.942085971397744,True
1405100010162,051,0001,334.0,119.408564662461,Medio,0.93277493433346,True
140510001011A,051,0001,,,,,False
1405100010158,051,0001,136.0,121.027425547432,Medio,0.945420868567257,True
1405100010054,051,0001,3562.0,120.955709510431,Medio,0.944860649776477,True
1405100010073,051,0001,823.0,120.653825659379,Medio,0.942502446324843,True
1405100020196,051,0002,4540.0,120.955821117677,Medio,0.944861521610436,True
1405100020181,051,0002,3748.0,120.384844451829,Medio,0.940401265987248,True
1405100020209,051,0002,3501.0,119.830270486886,Medio,0.93606914211326,True
1405100020213,051,0002,4846.0,119.823737239697,Medio,0.936018106835892,True
1407000130350,070,0013,3463.0,116.606395198924,Alto,0.910885437171085,True
1407000140473,070,0014,468.0,115.127299027364,Muy alto,0.899331292473009,True
1407000200261,070,0020,520.0,122.993324726284,Bajo,0.960777735829201,True
1407000010030,070,0001,1816.0,122.775380609607,Bajo,0.959075238108903,True
1407000210755,070,0021,496.0,115.417868939895,Alto,0.901601115679133,True
1407000641293,070,0064,1556.0,119.602158145124,Medio,0.934287214031228,True
1407000130435,070,0013,2487.0,117.026321536294,Alto,0.914165744265241,True
1407000141077,070,0014,,,,,False
1407000140774,070,0014,1094.0,115.927406544401,Alto,0.905581432391983,True
1407000430651,070,0043,260.0,118.111560738268,Alto,0.922643225995457,True
1407000140609,070,0014,691.0,114.105805470606,Muy alto,0.891351767821486,True
1407000130416,070,0013,3614.0,118.543817945255,Alto,0.926019857219543,True
1407000430986,070,0043,,,,,False
1407000010929,070,0001,92.0,116.193063534043,Alto,0.907656645185709,True
1407000201382,070,0020,3999.0,123.228759548771,Bajo,0.962616864385059,True
140700001037A,070,0001,273.0,119.300307367759,Medio,0.931929268938835,True
1407000130420,070,0013,2546.0,118.281428473016,Alto,0.923970169046596,True
1407000211151,070,0021,1677.0,119.229649249931,Medio,0.931377314215964,True
1407000011289,070,0001,,,,,False
1407000131452,070,0013,2965.0,114.573821768681,Muy alto,0.895007735657108,True
1407000130327,070,0013,3550.0,120.3104729135,Medio,0.939820303415785,True
1407000010045,070,0001,2546.0,122.054086648681,Bajo,0.953440760138752,True
1407000430666,070,0043,,,,,False
1407000430971,070,0043,243.0,118.535770966669,Alto,0.925956997240088,True
1407000200257,070,0020,,,,,False
1407000011240,070,0001,232.0,112.852668175622,Muy alto,0.88156272914287,True
140700001069A,070,0001,,,,,False
1407000140844,070,0014,1915.0,119.315987064858,Medio,0.932051752853397,True
140700014083A,070,0014,2095.0,118.639788209682,Medio,0.926769540940738,True
1407000430647,070,0043,110.0,119.932046901084,Medio,0.93686418129943,True
1407000201255,070,0020,1558.0,124.153410711685,Muy bajo,0.969839892567387,True
1407000201221,070,0020,,,,,False
1407001111325,070,0111,3531.0,123.172273002158,Bajo,0.962175612662816,True
140700021076A,070,0021,489.0,115.195946791202,Muy alto,0.899867543064309,True
1407000431024,070,0043,1847.0,118.209498293261,Alto,0.923408277452911,True
1407000011043,070,0001,,,,,False
1407000130365,070,0013,2953.0,118.647387856112,Medio,0.926828906529125,True
1407000430505,070,0043,662.0,116.100466535041,Alto,0.906933312149196,True
1407000431147,070,0043,1853.0,116.190193548313,Alto,0.907634225933305,True
1407000140558,070,0014,668.0,124.052627212814,Muy bajo,0.96905260966346,True
1407000130596,070,0013,443.0,110.639889086979,Muy alto,0.864277328594437,True
1407000200204,070,0020,1859.0,120.685571282112,Medio,0.942750431226466,True
140700014044A,070,0014,2379.0,116.092479032666,Alto,0.906870916775591,True
140700001012A,070,0001,1866.0,120.71353843129,Medio,0.942968900109423,True
1407000130083,070,0013,2845.0,120.029483382184,Medio,0.937625318555504,True
1407000131429,070,0013,3317.0,117.500918472348,Alto,0.917873117577317,True
1407000140488,070,0014,2035.0,117.18535770839,Alto,0.915408075210286,True
1407000131471,070,0013,2192.0,120.301768703882,Medio,0.939752309393936,True
1407001111310,070,0111,1995.0,122.375364834435,Bajo,0.955950464861073,True
140700013005A,070,0013,1352.0,118.764451622889,Medio,0.927743364781573,True
1407000010098,070,0001,1971.0,121.310092126289,Bajo,0.947628953894108,True
1407000131486,070,0013,3763.0,119.98969174169,Medio,0.937314481180036,True
1407000130238,070,0013,1123.0,121.69938873417,Bajo,0.950669993026262,True
1407000430990,070,0043,75.0,114.198657951541,Muy alto,0.892077096587071,True
1407000011274,070,0001,,,,,False
1407000140280,070,0014,1558.0,120.480320209593,Medio,0.941147086807814,True
1407000211113,070,0021,2252.0,119.488519733765,Medio,0.933399513370952,True
1407000140825,070,0014,3050.0,118.925081603776,Medio,0.92899814596329,True
1407000200191,070,0020,2953.0,121.117112182999,Medio,0.946121466935877,True
1407000430897,070,0043,2773.0,116.652005326806,Alto,0.911241726388369,True
1407000010539,070,0001,142.0,119.463052254135,Medio,0.933200570969233,True
1407000431132,070,0043,1023.0,116.806109684426,Alto,0.912445531847932,True
1407000140948,070,0014,,,,,False
1407000430308,070,0043,2588.0,116.621224754919,Alto,0.911001280102112,True
1407000140219,070,0014,1547.0,119.917579275361,Medio,0.936751165631986,True
1407000010717,070,0001,826.0,121.178504229851,Bajo,0.946601038586646,True
1407000430628,070,0043,,,,,False
1407001111490,070,0111,278.0,119.069266138221,Medio,0.930124461483695,True
1407000211005,070,0021,1887.0,117.802596565984,Alto,0.920229713729166,True
1407000431081,070,0043,92.0,116.28774744009,Alto,0.90839628035757,True
1407000641306,070,0064,3063.0,122.135568965635,Bajo,0.954077269446615,True
1407000011217,070,0001,,,,,False
1407000211185,070,0021,496.0,114.243667242148,Muy alto,0.89242869228885,True
1407001111344,070,0111,1579.0,117.707246330789,Alto,0.919484873443842,True
1407000200793,070,0020,,,,,False
1407000140469,070,0014,1273.0,118.5621968992,Alto,0.926163426716488,True
140700043090A,070,0043,1296.0,116.348437265023,Alto,0.908870366514009,True
1407001111359,070,0111,2000.0,120.891914741755,Medio,0.944362308963735,True
1407000210740,070,0021,409.0,116.119710347611,Alto,0.90708363759743,True
1407000431039,070,0043,1259.0,117.295330177091,Alto,0.916267138901078,True
1407001111378,070,0111,,,,,False
1407000210721,070,0021,632.0,119.271947174361,Medio,0.931707729741799,True
1407000140346,070,0014,1948.0,119.519371458627,Medio,0.933640515477577,True
1407000140223,070,0014,2129.0,118.965435570354,Medio,0.929313376019279,True
1407000130401,070,0013,520.0,119.636263010715,Medio,0.934553628453439,True
140700021101A,070,0021,3646.0,119.436707327059,Medio,0.932994774277072,True
1407000011058,070,0001,1176.0,119.106168866184,Medio,0.930412731757684,True
1407000010100,070,0001,2763.0,122.188947641386,Bajo,0.954494243646989,True
1407000140276,070,0014,3007.0,118.474274376584,Alto,0.925476608936778,True
1407000210736,070,0021,2541.0,120.745268297767,Medio,0.94321676192908,True
1407000430492,070,0043,1333.0,117.030277932296,Alto,0.914196650147345,True
1407000430806,070,0043,819.0,116.310845575935,Alto,0.908576714334037,True
1407001111363,070,0111,3506.0,121.700444154754,Bajo,0.950678237576129,True
1407000210967,070,0021,912.0,120.997784770422,Medio,0.945189325931205,True
1407000011062,070,0001,,,,,False
1407000431202,070,0043,751.0,118.050710771891,Alto,0.922167888874109,True
1407000200933,070,0020,397.0,120.205773555055,Medio,0.939002431285137,True
1407000201236,070,0020,3667.0,123.906808842146,Muy bajo,0.967913531227097,True
1407000200613,070,0020,458.0,121.39706534644,Bajo,0.948308356078906,True
1407000131433,070,0013,1663.0,118.964966986135,Medio,0.929309715615059,True
1407000131448,070,0013,3780.0,113.308497045258,Muy alto,0.885123493357259,True
140700111133A,070,0111,7492.0,118.868493313656,Medio,0.928556099458919,True
1407000010702,070,0001,2580.0,119.473430534428,Medio,0.933281642203496,True
1407000010134,070,0001,3428.0,122.672006488162,Bajo,0.958267718232792,True
1407000011503,070,0001,2955.0,118.652470783914,Medio,0.926868612455249,True
1407000010115,070,0001,2349.0,122.734243832231,Bajo,0.958753893028469,True
1407000010581,070,0001,85.0,123.185288180031,Bajo,0.962277282352255,True
1407000010399,070,0001,710.0,121.364896760863,Bajo,0.948057067150147,True
1407000010384,070,0001,1222.0,122.477314169591,Bajo,0.956746854840926,True
1407000010685,070,0001,300.0,119.134600568968,Medio,0.930634829559231,True
1407000010914,070,0001,250.0,120.832816336759,Medio,0.94390065438313,True
1407000201397,070,0020,8997.0,120.922635212721,Medio,0.944602285764132,True
1407000200789,070,0020,7365.0,118.427894766594,Alto,0.925114308813791,True
1407000200242,070,0020,1052.0,121.130487770011,Medio,0.946225952006379,True
140700020126A,070,0020,2755.0,117.704155573982,Alto,0.919460729610561,True
1407000200079,070,0020,3579.0,122.490866462018,Bajo,0.956852720267867,True
1407000140543,070,0014,603.0,116.207935399843,Alto,0.907772818625065,True
1407000140859,070,0014,1698.0,120.149600754519,Medio,0.938563630429607,True
1407000140454,070,0014,,,,,False
1407000140810,070,0014,1164.0,113.033341455828,Muy alto,0.882974081063529,True
1407000430632,070,0043,,,,,False
1407000430295,070,0043,4098.0,117.744756700754,Alto,0.919777890389319,True
1407000211096,070,0021,1917.0,116.87332084108,Alto,0.912970560202574,True
140700021119A,070,0021,257.0,111.912054016198,Muy alto,0.874215004017201,True
1407000211109,070,0021,1680.0,118.216249045396,Alto,0.923461011797364,True
1407000211128,070,0021,2543.0,119.4100433738,Medio,0.932786485471991,True
1407001211518,070,0121,3949.0,119.575851389674,Medio,0.934081715521496,True
1409701151278,097,0115,252.0,125.400012016719,Muy bajo,0.979577874543219,True
1409707771780,097,0777,4522.0,123.670536128383,Bajo,0.966067857378759,True
1409700013096,097,0001,,,,,False
1409700151348,097,0015,,,,,False
1409700092897,097,0009,1240.0,121.902667332566,Bajo,0.952257929216652,True
1409708531668,097,0853,3036.0,123.318531203298,Bajo,0.963318126889917,True
140970777237A,097,0777,,,,,False
1409700010941,097,0001,3656.0,120.569469526157,Medio,0.941843487841846,True
1409700013128,097,0001,147.0,125.455614303312,Muy bajo,0.98001221875774,True
1409700382384,097,0038,450.0,123.314268275551,Bajo,0.963284826496756,True
1409701152007,097,0115,,,,,False
1409700011117,097,0001,169.0,124.548489743205,Muy bajo,0.97292610182486,True
1409708331494,097,0833,2014.0,122.757797619728,Bajo,0.958937886384794,True
1409708332280,097,0833,506.0,123.716793090646,Muy bajo,0.966429199423686,True
1409700381827,097,0038,172.0,119.445958275591,Medio,0.93306703921832,True
1409700312789,097,0031,1017.0,118.871127923535,Medio,0.928576680043436,True
1409700092863,097,0009,2962.0,120.561611746236,Medio,0.941782105811415,True
1409708331507,097,0833,1681.0,124.075963370887,Muy bajo,0.969234902980321,True
140970831205A,097,0831,1291.0,124.936157054115,Muy bajo,0.975954413499984,True
1409700150227,097,0015,1487.0,120.042673179766,Medio,0.93772835230864,True
1409700232755,097,0023,1144.0,118.235407515788,Alto,0.923610670584504,True
1409700092825,097,0009,2063.0,123.661493091538,Bajo,0.965997216565653,True
1409708333753,097,0833,1412.0,120.938238374856,Medio,0.944724171816254,True
140970822358A,097,0822,1329.0,116.962942464162,Alto,0.913670650718035,True
1409700381795,097,0038,1255.0,119.124019087678,Medio,0.930552170994976,True
1409708221969,097,0822,4456.0,118.888533618715,Medio,0.928712646807831,True
1409700353240,097,0035,167.0,119.633204209889,Medio,0.934529734248297,True
1409700010195,097,0001,1950.0,118.325472839402,Alto,0.924314227122161,True
1409708222153,097,0822,881.0,118.298641203666,Alto,0.92410462844444,True
1409708362793,097,0836,2810.0,123.112925730113,Bajo,0.961712014026146,True
1409708222168,097,0822,4183.0,119.041096392853,Medio,0.929904409995256,True
140970843269A,097,0843,3696.0,121.120398309206,Medio,0.94614713692166,True
1409708432632,097,0843,3314.0,121.506228659624,Bajo,0.949161098950195,True
1409708432685,097,0843,2357.0,121.72739932885,Bajo,0.950888801289196,True
140970015319A,097,0015,,,,,False
1409708333537,097,0833,340.0,124.220683061601,Muy bajo,0.970365398940842,True
1409700153185,097,0015,,,,,False
1409708432952,097,0843,4094.0,122.858652320937,Bajo,0.959725725494687,True
140970822372A,097,0822,2164.0,116.952158151034,Alto,0.91358640770751,True
1409708352721,097,0835,2546.0,119.003574539,Medio,0.929611303341956,True
1409708332948,097,0833,,,,,False
1409700011371,097,0001,142.0,123.035710161053,Bajo,0.961108834952992,True
1409701153359,097,0115,,,,,False
1409708332933,097,0833,5755.0,122.018844270372,Bajo,0.953165459893701,True
1409708221526,097,0822,5561.0,122.675722383325,Bajo,0.958296745412508,True
1409708352736,097,0835,3035.0,119.713635817834,Medio,0.935158035811354,True
1409708432717,097,0843,2775.0,119.728905432246,Medio,0.935277316313722,True
1409708223081,097,0822,1594.0,115.556674893545,Alto,0.902685415743093,True
1409700011386,097,0001,88.0,124.731124939481,Muy bajo,0.974352779498228,True
1409700012100,097,0001,3243.0,121.708748585747,Bajo,0.950743108677257,True
1409700010212,097,0001,2295.0,122.580325550535,Bajo,0.95755154112425,True
1409708312011,097,0831,2199.0,124.821542970973,Muy bajo,0.975059091257574,True
1409700012488,097,0001,,,,,False
1409708221954,097,0822,3621.0,118.428876640392,Alto,0.925121978843745,True
140970835365A,097,0835,902.0,120.42428623061,Medio,0.940709370374203,True
1409700313630,097,0031,,,,,False
1409700012115,097,0001,7359.0,122.076644827299,Bajo,0.953616976171818,True
1409708221935,097,0822,3817.0,120.623417295435,Medio,0.942264907587479,True
1409700152064,097,0015,827.0,119.780333007254,Medio,0.935679049246672,True
1409708223043,097,0822,3216.0,119.182613309588,Medio,0.931009887086355,True
1409708223490,097,0822,1283.0,120.088601172019,Medio,0.938087124563203,True
140970862290A,097,0862,3553.0,121.967662122699,Bajo,0.952765644147065,True
1409700350246,097,0035,1363.0,117.464703827967,Alto,0.917590222354268,True
1409700011121,097,0001,,,,,False
1409700013109,097,0001,,,,,False
1409700150674,097,0015,584.0,118.840005240102,Medio,0.928333561310057,True
140970822194A,097,0822,3911.0,119.783584398495,Medio,0.935704447895924,True
140970001109A,097,0001,204.0,124.672992654438,Muy bajo,0.973898671884448,True
1409708432647,097,0843,3684.0,123.410050829121,Bajo,0.964033043891123,True
1409700151738,097,0015,,,,,False
1409708432651,097,0843,4195.0,121.797763909392,Bajo,0.951438463008856,True
1409700233202,097,0023,1373.0,119.603053866268,Medio,0.934294211068945,True
1409701153363,097,0115,,,,,False
1409700312774,097,0031,1924.0,115.722356886334,Alto,0.903979661347504,True
1409708221615,097,0822,2385.0,121.13451355171,Medio,0.94625739990352,True
140970001212A,097,0001,915.0,121.713787662204,Bajo,0.950782472053113,True
1409708223058,097,0822,5933.0,118.774719757482,Medio,0.927823575598932,True
1409700011102,097,0001,545.0,120.22655816506,Medio,0.939164792865203,True
1409700012098,097,0001,4226.0,121.792621959997,Bajo,0.951398296028179,True
1409708311649,097,0831,1617.0,125.150250068824,Muy bajo,0.977626827855697,True
1409700150706,097,0015,,,,,False
1409700010532,097,0001,2209.0,122.306813827846,Bajo,0.955414970101132,True
1409708352740,097,0835,1791.0,120.671994269676,Medio,0.942644372696078,True
1409708332454,097,0833,1710.0,123.851411832853,Muy bajo,0.96748079056187,True
1409700011136,097,0001,152.0,120.053720431315,Medio,0.93781464929552,True
1409700152492,097,0015,,,,,False
1409700381812,097,0038,91.0,114.956454637,Muy alto,0.897996720154406,True
1409700151723,097,0015,,,,,False
1409700382261,097,0038,,,,,False
1409708332276,097,0833,2418.0,124.442989360213,Muy bajo,0.972101972390798,True
1409708221973,097,0822,3639.0,118.341700367889,Alto,0.924440990490111,True
1409700152539,097,0015,,,,,False
1409708221920,097,0822,3386.0,120.309673636379,Medio,0.939814059762607,True
1409708221579,097,0822,3884.0,122.025584010936,Bajo,0.953218108219883,True
140970822251A,097,0822,156.0,117.627220031575,Alto,0.918859738000631,True
1409708221545,097,0822,5032.0,121.274476976439,Bajo,0.947350741697555,True
1409700010636,097,0001,429.0,123.582663784014,Bajo,0.965381431572695,True
1409700092844,097,0009,2893.0,123.008214522764,Bajo,0.9608940493363,True
1409701151511,097,0115,1429.0,123.257385357515,Bajo,0.962840478469584,True
1409708312986,097,0831,,,,,False
1409700010918,097,0001,3178.0,119.931694259724,Medio,0.936861426597347,True
1409708432666,097,0843,4498.0,121.891574791559,Bajo,0.952171278445504,True
1409708221564,097,0822,6001.0,122.721817630157,Bajo,0.958656824197131,True
1409700353448,097,0035,,,,,False
1409700350867,097,0035,440.0,116.969955476297,Alto,0.913725433739272,True
1409700092859,097,0009,1390.0,120.528131506547,Medio,0.941520570732547,True
1409700010208,097,0001,953.0,119.479409878483,Medio,0.93332835059727,True
1409700150689,097,0015,,,,,False
1409700382242,097,0038,1332.0,123.822137041941,Muy bajo,0.96725210687199,True
1409708312030,097,0831,,,,,False
1409700150725,097,0015,159.0,116.364091998462,Alto,0.908992655421821,True
1409708362806,097,0836,4856.0,121.946640374765,Bajo,0.952601430134413,True
140970009283A,097,0009,2016.0,122.913501759746,Bajo,0.960154188744607,True
1409708223452,097,0822,141.0,117.9745414306,Alto,0.921572882539995,True
1409708223077,097,0822,4356.0,118.207725053688,Alto,0.92339442557025,True
1409700010513,097,0001,106.0,120.69656211022,Medio,0.942836287454581,True
1409708221583,097,0822,5124.0,121.488278332069,Bajo,0.949020877721897,True
1409708311653,097,0831,4111.0,124.693613305936,Muy bajo,0.974059752682146,True
1409708223700,097,0822,3308.0,115.974506041985,Alto,0.90594935600693,True
1409700383255,097,0038,852.0,121.454444125988,Bajo,0.948756577590292,True
140970822155A,097,0822,3676.0,121.307753271437,Bajo,0.947610683636974,True
1409700010528,097,0001,1345.0,124.022175112343,Muy bajo,0.968814729272742,True
1409708531884,097,0853,619.0,124.482601596236,Muy bajo,0.972411408325807,True
1409700010566,097,0001,,,,,False
1409708222172,097,0822,4003.0,116.969354347232,Alto,0.913720737944409,True
1409708363382,097,0836,936.0,122.192178861534,Bajo,0.954519484727228,True
140970833162A,097,0833,2035.0,123.463770794957,Bajo,0.964452684121676,True
1409700150693,097,0015,,,,,False
1409708331475,097,0833,1644.0,123.43077765205,Bajo,0.964194954060224,True
140970862340A,097,0862,3032.0,123.257200779074,Bajo,0.962839036612007,True
1409700381808,097,0038,1517.0,117.000066325684,Alto,0.913960648404474,True
1409700011085,097,0001,,,,,False
140970833148A,097,0833,1937.0,123.889938418405,Muy bajo,0.967781745802478,True
1409708312026,097,0831,2426.0,125.37031932965,Muy bajo,0.979345926405251,True
140970023276A,097,0023,2245.0,119.231144164309,Medio,0.931388991926559,True
1409708532083,097,0853,99.0,121.431013240322,Bajo,0.948573544296992,True
1409708622929,097,0862,2998.0,119.39649529369,Medio,0.932680652950091,True
1409708333594,097,0833,1164.0,123.831364293438,Muy bajo,0.967324186700876,True
1409708223486,097,0822,667.0,117.193691139035,Alto,0.915473172845825,True
1409700012331,097,0001,615.0,126.057935224941,Muy bajo,0.984717323954411,True
1409701153433,097,0115,,,,,False
1409700012134,097,0001,2047.0,118.760844794756,Medio,0.927715189592594,True
1409700151333,097,0015,,,,,False
1409708222219,097,0822,3099.0,123.524488462261,Bajo,0.964926987772277,True
1409708221530,097,0822,12802.0,123.108756875527,Bajo,0.961679448497249,True
1409700013113,097,0001,260.0,112.94153128232,Muy alto,0.882256894412744,True
1409708353522,097,0835,538.0,120.869536898084,Medio,0.94418750163965,True
1409708432702,097,0843,1961.0,121.343873894305,Bajo,0.947892844399217,True
1409700382257,097,0038,146.0,119.279719040339,Medio,0.931768440644721,True
1409700150710,097,0015,187.0,116.278570978635,Alto,0.908324597281445,True
1409708622914,097,0862,2600.0,119.598015617435,Medio,0.934254854158177,True
1409700150956,097,0015,2030.0,117.47868933206,Alto,0.917699471868312,True
1409700150960,097,0015,2617.0,119.295930104311,Medio,0.931895075398057,True
1409700092882,097,0009,2210.0,122.02261317899,Bajo,0.953194901194649,True
1409700092878,097,0009,1705.0,120.219860135737,Medio,0.939112470371594,True
1409708222469,097,0822,7728.0,118.255721186716,Alto,0.923769353365086,True
1409700350551,097,0035,2259.0,118.467284847238,Alto,0.925422009354284,True
1409707772365,097,0777,5277.0,119.748113395355,Medio,0.935427361719416,True
1409701153429,097,0115,359.0,120.597362409942,Medio,0.942061376591408,True
1409708532238,097,0853,4737.0,122.285578160513,Bajo,0.95524908503034,True
1409700010937,097,0001,3051.0,118.870224800819,Medio,0.928569625187405,True
1409708221916,097,0822,3696.0,121.926125242659,Bajo,0.952441173614643,True
1409708221600,097,0822,3127.0,123.768198559074,Muy bajo,0.966830759668323,True
1409708312971,097,0831,878.0,123.100896956972,Bajo,0.961618049760608,True
1409708312187,097,0831,,,,,False
140970777244A,097,0777,1084.0,118.929473322704,Medio,0.929032452424857,True
1409708331865,097,0833,3607.0,124.206164039687,Muy bajo,0.970251981785628,True
1409700010922,097,0001,3406.0,118.298413715347,Alto,0.924102851390987,True
1409708223062,097,0822,1917.0,116.30690235486,Alto,0.908545911369531,True
1409700013626,097,0001,,,,,False
1409708353378,097,0835,2946.0,118.952816792144,Medio,0.929214802855376,True
1409700382524,097,0038,257.0,116.090699882385,Alto,0.906857018720697,True
1409700013132,097,0001,913.0,116.692131575119,Alto,0.911555177594658,True
1409708312045,097,0831,1336.0,125.528521453336,Muy bajo,0.980581742076845,True
1409700323217,097,0032,145.0,106.936062131858,Muy alto,0.83534442118858,True
1409705601282,097,0560,,,,,False
1409700321437,097,0032,2102.0,120.153091122226,Medio,0.938590895873408,True
1409700321140,097,0032,395.0,119.092952262338,Medio,0.930309488604072,True
1409701802577,097,0180,315.0,126.579995088486,Muy bajo,0.988795459859594,True
140970180123A,097,0180,1415.0,124.803707046267,Muy bajo,0.974919763701439,True
1409704241776,097,0424,1945.0,125.686149411949,Muy bajo,0.981813072586177,True
1409704240975,097,0424,2346.0,121.012724259955,Medio,0.945306027621809,True
140970424098A,097,0424,4353.0,118.452669595909,Alto,0.925307840490964,True
1409700320509,097,0032,544.0,114.45451887429,Muy alto,0.894075786179317,True
140970032116A,097,0032,1707.0,120.344408339737,Medio,0.940085394241298,True
1409701801244,097,0180,2032.0,124.156602500871,Muy bajo,0.969864825627732,True
1409704240443,097,0424,186.0,122.681161942448,Bajo,0.958339237208795,True
1409700320481,097,0032,,,,,False
1409705603683,097,0560,563.0,120.509205897,Medio,0.941372730967009,True
1409701801047,097,0180,113.0,127.596082864547,Muy bajo,0.996732756579234,True
1409700321155,097,0032,111.0,115.871993818303,Alto,0.905148568952969,True
1409700320496,097,0032,128.0,117.86852379742,Alto,0.920744712541415,True
1409705601719,097,0560,458.0,123.445699632625,Bajo,0.964311518977405,True
1409700321441,097,0032,103.0,125.349979501959,Muy bajo,0.979187039297844,True
1409700320284,097,0032,4148.0,118.781847596,Medio,0.927879255600811,True
1409700931028,097,0093,1642.0,124.768267475094,Muy bajo,0.974642923059668,True
1409705601032,097,0560,2866.0,122.429747957374,Bajo,0.956375285426267,True
1409700320833,097,0032,134.0,119.658772864454,Medio,0.934729466990672,True
1409700321189,097,0032,1887.0,122.386740462946,Bajo,0.95603932700566,True
1409700320829,097,0032,2570.0,122.183025481535,Bajo,0.954447981954774,True
1409700321831,097,0032,348.0,120.631119761264,Medio,0.942325076362455,True
1409700320053,097,0032,5417.0,118.958812447763,Medio,0.92926163866897,True
1409700321174,097,0032,141.0,112.055931931771,Muy alto,0.875338924345948,True
1409700321850,097,0032,,,,,False
1409700320180,097,0032,3866.0,117.581954624318,Alto,0.918506141611617,True
1409700250994,097,0025,862.0,125.152323883812,Muy bajo,0.977643027720792,True
1409708441687,097,0844,4047.0,122.848867605839,Bajo,0.959649290969165,True
1409700251460,097,0025,179.0,125.917266714338,Muy bajo,0.983618474293907,True
1409700340388,097,0034,2369.0,120.299868495375,Medio,0.939737465677567,True
1409700252609,097,0025,908.0,122.12290736448,Bajo,0.953978361765913,True
1409700341367,097,0034,,,,,False
1409700251418,097,0025,970.0,124.822838698464,Muy bajo,0.975069212994895,True
1409700343221,097,0034,,,,,False
1409700252543,097,0025,472.0,125.616506873657,Muy bajo,0.981269051189841,True
1409708441704,097,0844,4797.0,122.986393503587,Bajo,0.960723591716381,True
1409700253039,097,0025,,,,,False
1409700251403,097,0025,209.0,125.940634706056,Muy bajo,0.983801016283269,True
1409700340250,097,0034,4102.0,119.930861090679,Medio,0.936854918193164,True
1409700251210,097,0025,729.0,125.00467628074,Muy bajo,0.976489660006768,True
1409700251422,097,0025,166.0,115.720113286564,Alto,0.903962135187352,True
1409700342350,097,0034,176.0,124.820087553052,Muy bajo,0.97504772207849,True
1409700251193,097,0025,,,,,False
1409700341352,097,0034,267.0,120.890816935187,Medio,0.944353733310448,True
1409700252204,097,0025,973.0,124.917547514002,Muy bajo,0.975809042750359,True
140970025130A,097,0025,965.0,126.302766535687,Muy bajo,0.986629854353293,True
1409700251297,097,0025,276.0,125.535667884327,Muy bajo,0.98063756731616,True
1409700250759,097,0025,,,,,False
1409700250458,097,0025,629.0,125.788500338369,Muy bajo,0.982612599646407,True
1409700252191,097,0025,106.0,123.323963992225,Bajo,0.963360565799962,True
1409700250354,097,0025,3205.0,118.461353646392,Alto,0.925375677037207,True
1409700343645,097,0034,,,,,False
1409700340547,097,0034,284.0,122.834631134934,Bajo,0.959538080996487,True
140970025301A,097,0025,,,,,False
1409700251390,097,0025,1285.0,125.153070152019,Muy bajo,0.977648857288213,True
1409700251225,097,0025,,,,,False
1409700252295,097,0025,185.0,125.590061662703,Muy bajo,0.981062471117627,True
1409700252558,097,0025,,,,,False
1409700340373,097,0034,2906.0,119.600439937512,Medio,0.934273792037615,True
1409700342079,097,0034,1940.0,124.468137072014,Muy bajo,0.97229841688613,True
1409700253024,097,0025,,,,,False
1409708443397,097,0844,,,,,False
1409700201013,097,0020,6159.0,125.396570801266,Muy bajo,0.979550993058399,True
1409700051314,097,0005,,,,,False
140970041326A,097,0041,,,,,False
1409700411259,097,0041,3031.0,118.071031236377,Alto,0.92232662472342,True
140970041333A,097,0041,,,,,False
1409700053166,097,0005,3796.0,118.972516904043,Medio,0.929368692742879,True
1409700053518,097,0005,1961.0,120.695624778448,Medio,0.942828965370235,True
1409700413274,097,0041,,,,,False
1409700413310,097,0041,,,,,False
1409700051329,097,0005,,,,,False
1409700411009,097,0041,781.0,118.065005671823,Alto,0.922279555272438,True
1409700413325,097,0041,,,,,False
1409700053170,097,0005,,,,,False
1409700053503,097,0005,1782.0,120.679293645229,Medio,0.94270139268096,True
1409700050655,097,0005,253.0,115.536507314493,Alto,0.902527874177467,True
1409700412149,097,0041,,,,,False
1409700413306,097,0041,,,,,False
1409700053151,097,0005,1064.0,120.416537894402,Medio,0.940648843277021,True
1409700053147,097,0005,2783.0,120.185176061388,Medio,0.938841531387735,True
1409700050335,097,0005,2887.0,119.338589658455,Medio,0.932228315839623,True
1409700052581,097,0005,,,,,False
1409700413293,097,0041,,,,,False
1409700413344,097,0041,,,,,False
1409700050640,097,0005,,,,,False
1409700053768,097,0005,164.0,121.47427020343,Bajo,0.948911451473382,True
1409700053575,097,0005,896.0,120.478178249995,Medio,0.94113035462257,True
140970005066A,097,0005,,,,,False
1409700413289,097,0041,,,,,False
140970005034A,097,0005,2110.0,118.788322780459,Medio,0.92792983731391,True
1409700012346,097,0001,372.0,116.878412526525,Alto,0.913010334540116,True
1409700353772,097,0035,5746.0,117.99270866547,Alto,0.921714798166911,True
1409700353823,097,0035,80.0,118.598585977278,Alto,0.926447684550172,True
1409700342505,097,0034,,,,,False
1409700353556,097,0035,660.0,116.650097010901,Alto,0.911226819340048,True
1409700250299,097,0025,3940.0,117.346803517338,Alto,0.916669229334916,True
1409700250782,097,0025,293.0,118.405715510061,Alto,0.924941052777973,True
1409708312990,097,0831,2594.0,125.735678013255,Muy bajo,0.982199971448597,True
1409700251988,097,0025,536.0,119.899806278765,Medio,0.936612329646643,True
1409700092810,097,0009,3599.0,122.739181217771,Bajo,0.958792462033008,True
1409708311634,097,0831,4006.0,124.951148984092,Muy bajo,0.976071524835672,True
1409708223698,097,0822,1467.0,119.470657961565,Medio,0.933259983903883,True
1409708223471,097,0822,2516.0,119.394403911106,Medio,0.93266431585352,True
1409708221598,097,0822,4906.0,121.886082558312,Bajo,0.952128375178724,True
1409705603467,097,0560,1227.0,120.48018185151,Medio,0.941146006006344,True
1409700411263,097,0041,3411.0,119.573407112609,Medio,0.934062621745558,True
1409700253560,097,0025,1650.0,125.462736527664,Muy bajo,0.980067854903866,True
1409700353734,097,0035,7181.0,122.211991220936,Bajo,0.954674251450133,True
1409708221901,097,0822,1907.0,121.342864294996,Bajo,0.947884957787966,True
1409708223715,097,0822,1736.0,117.527775735416,Alto,0.918082916446147,True
1409708333607,097,0833,2053.0,122.806507028431,Bajo,0.959318386021751,True
1409708531672,097,0853,3610.0,123.338435405823,Bajo,0.963473611056861,True
140970853187A,097,0853,936.0,123.005129500885,Bajo,0.960869950302126,True
1409708623414,097,0862,4980.0,122.314770833375,Bajo,0.9554771272448,True
140970025080A,097,0025,3241.0,124.047171514595,Muy bajo,0.969009991794617,True
1409700250797,097,0025,1351.0,125.601766069878,Muy bajo,0.981153901557856,True
1409700252223,097,0025,2081.0,126.254352470053,Muy bajo,0.986251661825644,True
140970032027A,097,0032,1973.0,119.40351344801,Medio,0.932735476140149,True
1409700321846,097,0032,,,,,False
1409700320265,097,0032,2909.0,116.922230993274,Alto,0.913352627972415,True
1409701152596,097,0115,1790.0,119.466731542257,Medio,0.933229312188477,True
1409701151992,097,0115,2509.0,122.085081259869,Bajo,0.953682878419776,True
1409704240570,097,0424,1177.0,124.730286321075,Muy bajo,0.974346228525687,True
1409704241761,097,0424,6169.0,125.761118912351,Muy bajo,0.982398706213149,True
1409701150890,097,0115,2555.0,119.909602690846,Medio,0.93668885554461,True
1409701150871,097,0115,927.0,119.179671833724,Medio,0.930986909379823,True
1409708223749,097,0822,4220.0,120.277314639101,Medio,0.939561283409031,True
1409708221899,097,0822,2346.0,120.866344014131,Medio,0.944162560027402,True
1409708432670,097,0843,6311.0,120.907892858014,Medio,0.944487124016875,True
1409700340848,097,0034,59.0,117.434837898152,Alto,0.917356920908924,True
1409700350138,097,0035,8676.0,121.53441782081,Bajo,0.949381302107725,True
1409700352435,097,0035,200.0,120.740996897012,Medio,0.943183395347964,True
1409700432613,097,0043,1394.0,117.457721620652,Alto,0.917535679968733,True
1409700343236,097,0034,,,,,False
1409700350231,097,0035,4077.0,120.069398001514,Medio,0.937937116595539,True
1409701150886,097,0115,1528.0,119.960090914573,Medio,0.937083250617566,True
1409700432628,097,0043,1385.0,116.445902338046,Alto,0.909631727119471,True
1409708432967,097,0843,261.0,118.654943176842,Medio,0.926887925861766,True
1409700252420,097,0025,76.0,124.100973619545,Muy bajo,0.969430273665129,True
1409700253819,097,0025,841.0,125.812383908049,Muy bajo,0.98279916913749,True
1409700250778,097,0025,133.0,110.525077522624,Muy alto,0.86338046370284,True
1409700250763,097,0025,4446.0,125.227355723817,Muy bajo,0.978229148321371,True
1409700253791,097,0025,283.0,126.243972092987,Muy bajo,0.986170574212177,True
1409700252399,097,0025,1321.0,116.949796430722,Alto,0.913567958833964,True
1409700250369,097,0025,4410.0,119.921147411356,Medio,0.936779038572484,True
1409700250462,097,0025,1774.0,121.667926594448,Bajo,0.950424222587631,True
1409700250814,097,0025,2537.0,122.118899507276,Bajo,0.953947053888205,True
1409700253005,097,0025,614.0,124.618365024149,Muy bajo,0.973471941319527,True
1409701800301,097,0180,2584.0,125.612580667397,Muy bajo,0.981238381138687,True
1409700250477,097,0025,3119.0,124.298226948005,Muy bajo,0.970971142705981,True
1409700251206,097,0025,770.0,120.317014523957,Medio,0.939871404023865,True
1409700251456,097,0025,2372.0,121.317798567519,Bajo,0.947689153723436,True
1409700252562,097,0025,134.0,123.214695491871,Bajo,0.96250700124594,True
1409700253787,097,0025,1203.0,124.240586252822,Muy bajo,0.970520875207863,True
140970025073A,097,0025,43.0,127.654501456946,Muy bajo,0.99718910071873,True
1409700463861,097,0046,3310.0,118.269950375366,Alto,0.923880506451523,True
1409700463876,097,0046,2124.0,117.491270506785,Alto,0.917797751287891,True
1409704393880,097,0439,847.0,120.526646324367,Medio,0.941508969046228,True
1409704393895,097,0439,1807.0,119.60496309321,Medio,0.934309125233948,True
1409706133927,097,0613,3788.0,119.52801940912,Medio,0.933708070024231,True
1409706133931,097,0613,3896.0,119.758284323975,Medio,0.935506813200154,True
1409706133946,097,0613,3498.0,119.537982405633,Medio,0.933785897217321,True
1409706663950,097,0666,2672.0,119.538214768497,Medio,0.933787712348893,True
1409700213838,097,0021,706.0,123.867619495597,Muy bajo,0.967607398746086,True
1409700213842,097,0021,1160.0,123.3742966033,Bajo,0.963753745285224,True
1409700213857,097,0021,1372.0,125.085093897275,Muy bajo,0.977117852274173,True
1409708274130,097,0827,2891.0,124.31019536404,Muy bajo,0.971064635484434,True
1409708524183,097,0852,1112.0,117.481291476612,Alto,0.917719798845864,True
1409708524164,097,0852,488.0,123.264456214719,Bajo,0.962895713354805,True
140970852415A,097,0852,230.0,115.16645313168,Muy alto,0.899637149654913,True
1409708524179,097,0852,1704.0,120.127586251242,Medio,0.938391661384452,True
1409708634111,097,0863,2633.0,120.457838324139,Medio,0.940971466748335,True
1409708634126,097,0863,3001.0,123.064329408713,Bajo,0.961332397784785,True
1409708634145,097,0863,1135.0,124.497936793607,Muy bajo,0.972531201137667,True
1409708843965,097,0884,5870.0,120.712857686388,Medio,0.9429635823855,True
140970884397A,097,0884,3139.0,122.273751700885,Bajo,0.955156701162107,True
1409708443611,097,0844,,,,,False
1409708441691,097,0844,2777.0,122.740847921794,Bajo,0.9588054816999,True
1409708440744,097,0844,137.0,122.527307423398,Bajo,0.957137383394461,True
1409708443804,097,0844,2843.0,124.421947090134,Muy bajo,0.971937598066834,True
1409709033912,097,0903,2482.0,125.482921947955,Muy bajo,0.980225535838559,True
1409709033908,097,0903,1149.0,125.611516130842,Muy bajo,0.981230065378275,True
1409708714056,097,0871,4519.0,120.253457834875,Medio,0.939374922999644,True
1409708714060,097,0871,4010.0,120.20935835991,Medio,0.93903043443652,True
1409708823984,097,0882,2384.0,122.549148799408,Bajo,0.957308000034317,True
1409708743999,097,0874,4907.0,121.567762896303,Bajo,0.949641781334582,True
1409708234003,097,0823,2368.0,120.242032428893,Medio,0.939285672012124,True
1409708374200,097,0837,2240.0,123.507020466069,Bajo,0.964790534335731,True
1409708234041,097,0823,2700.0,121.949837464733,Bajo,0.952626404602474,True
1409708744018,097,0874,8687.0,119.428181668006,Medio,0.932928175025291,True
1409708374198,097,0837,2357.0,122.997402622922,Bajo,0.960809590828705,True
1409708824215,097,0882,2000.0,120.962587716604,Medio,0.944914379744086,True
140970823422A,097,0823,1719.0,120.449489712783,Medio,0.940906250526773,True
1409708744022,097,0874,5218.0,121.393747291903,Bajo,0.948282436680986,True
1409708744037,097,0874,4923.0,118.249201316355,Alto,0.923718422582484,True
1409708614075,097,0861,3026.0,122.938289845441,Bajo,0.960347823975643,True
140970870408A,097,0870,2522.0,124.05855097152,Muy bajo,0.969098883845333,True
1409800012292,098,0001,5151.0,123.756518049333,Muy bajo,0.966739515905889,True
1409800011171,098,0001,3880.0,117.001114535419,Alto,0.913968836625894,True
140980001217A,098,0001,2753.0,123.494676196538,Bajo,0.964694105530702,True
1409800012413,098,0001,2892.0,123.931068418019,Muy bajo,0.96810303793757,True
140980001007A,098,0001,3215.0,121.702781040389,Bajo,0.950696492450487,True
1409800143248,098,0014,,,,,False
1409800011966,098,0001,6599.0,117.397188757955,Alto,0.917062819942426,True
1409800011152,098,0001,5590.0,119.930646567786,Medio,0.936853242420761,True
1409800012659,098,0001,3802.0,119.626863829813,Medio,0.934480205576503,True
1409800011364,098,0001,3422.0,119.488863690042,Medio,0.933402200228421,True
1409800011792,098,0001,,,,,False
1409800010671,098,0001,9082.0,121.54112757516,Bajo,0.94943371619285,True
1409800010794,098,0001,4668.0,118.311472947399,Alto,0.924204865215154,True
1409800011720,098,0001,101.0,120.575758404811,Medio,0.941892614203848,True
1409800010385,098,0001,6325.0,120.278245014907,Medio,0.939568551155977,True
1409800011256,098,0001,1055.0,119.616680072558,Medio,0.934400653883278,True
1409800012841,098,0001,2698.0,123.122794057579,Bajo,0.96178910170013,True
1409800141129,098,0014,5386.0,121.753757160135,Bajo,0.951094698784203,True
1409800142945,098,0014,462.0,124.739880010827,Muy bajo,0.974421170832827,True
140980001320A,098,0001,6267.0,124.819288298822,Muy bajo,0.975041478604134,True
1409800012254,098,0001,3094.0,118.74851984789,Medio,0.927618911728976,True
1409800012752,098,0001,1770.0,123.886136385756,Muy bajo,0.96775204574901,True
1409800011294,098,0001,3231.0,120.400124727806,Medio,0.940520629773767,True
1409800012979,098,0001,158.0,118.172156109405,Alto,0.923116574314257,True
1409800143159,098,0014,117.0,118.552594945891,Alto,0.926088419857539,True
1409800012216,098,0001,5087.0,117.280666885774,Alto,0.916152594767381,True
1409800010281,098,0001,2209.0,120.56292167929,Medio,0.941792338517271,True
140980001167A,098,0001,,,,,False
1409800143178,098,0014,1350.0,120.167338585652,Medio,0.938702191715538,True
1409800012606,098,0001,3379.0,123.597981405271,Bajo,0.965501087086546,True
1409800012589,098,0001,3927.0,124.693894138112,Muy bajo,0.974061946437804,True
1409800010718,098,0001,4399.0,120.17736428791,Medio,0.938780508742387,True
1409800011519,098,0001,4658.0,123.572916465049,Bajo,0.965305289171744,True
1409800011824,098,0001,808.0,113.815424746741,Muy alto,0.889083422486286,True
1409800012428,098,0001,3688.0,124.110945024549,Muy bajo,0.969508166542192,True
1409800010775,098,0001,3527.0,119.79781202179,Medio,0.935815588754392,True
1409800012926,098,0001,275.0,126.313449568328,Muy bajo,0.986713306198632,True
140980128288A,098,0128,2058.0,124.234340258272,Muy bajo,0.970472083840407,True
1409800011434,098,0001,1685.0,120.331825812567,Medio,0.939987104256924,True
1409800011449,098,0001,4273.0,120.711720047727,Medio,0.942954695578845,True
1409800011260,098,0001,2173.0,120.354358941134,Medio,0.940163124608391,True
1409800012235,098,0001,2816.0,118.850348907037,Medio,0.928414362157742,True
1409800013337,098,0001,1102.0,112.406420310528,Muy alto,0.878076808143517,True
1409800012201,098,0001,4406.0,117.760437083314,Alto,0.919900379658446,True
1409800012714,098,0001,10208.0,124.831847345772,Muy bajo,0.975139585169827,True
1409800013360,098,0001,,,,,False
1409800142023,098,0014,2448.0,123.915668169078,Muy bajo,0.967982736967243,True
1409800010262,098,0001,4882.0,116.696097360589,Alto,0.911586156823761,True
1409800011059,098,0001,3354.0,119.919671008493,Medio,0.936767505466905,True
1409800011186,098,0001,2773.0,117.580768555677,Alto,0.918496876488111,True
1409800012451,098,0001,2321.0,122.905709013744,Bajo,0.960093314734763,True
1409800012771,098,0001,3777.0,123.450796254467,Bajo,0.964351331876239,True
1409800012610,098,0001,3048.0,123.649049235749,Bajo,0.965900009830112,True
1409800010084,098,0001,3607.0,120.225207474301,Medio,0.939154241775446,True
1409800013089,098,0001,,,,,False
1409800011222,098,0001,5625.0,119.317157284204,Medio,0.932060894168151,True
1409800013271,098,0001,982.0,124.776888333911,Muy bajo,0.974710265976311,True
1409800010116,098,0001,2668.0,120.65613860434,Medio,0.942520514183628,True
1409800013093,098,0001,,,,,False
1409800012447,098,0001,2500.0,123.334215110918,Bajo,0.963440643695486,True
1409800013267,098,0001,987.0,125.568447685081,Muy bajo,0.980893630828709,True
1409800011063,098,0001,4496.0,118.259782498571,Alto,0.923801078810488,True
1409800143233,098,0014,,,,,False
1409800012165,098,0001,2846.0,122.306195518576,Bajo,0.95541014010095,True
1409800013144,098,0001,,,,,False
1409800012540,098,0001,,,,,False
1409800011843,098,0001,3451.0,119.043012384691,Medio,0.929919377005085,True
1409800011805,098,0001,457.0,119.205695450784,Medio,0.931190196118618,True
140980001142A,098,0001,1587.0,118.099774287732,Alto,0.922551154663258,True
1409800011735,098,0001,4784.0,118.058027101336,Alto,0.922225041296442,True
1409800011218,098,0001,5166.0,119.732725387067,Medio,0.935307156368476,True
1409800012502,098,0001,855.0,120.840284395939,Medio,0.943958992061262,True
1409800011684,098,0001,1082.0,124.283283061675,Muy bajo,0.970854406669254,True
1409800011538,098,0001,5197.0,119.609746474792,Medio,0.934346491217314,True
140980001313A,098,0001,422.0,124.233400895207,Muy bajo,0.970464745888362,True
1409800011773,098,0001,1720.0,119.119136094007,Medio,0.930514026879319,True
1409800010347,098,0001,2180.0,123.470472484591,Bajo,0.964505035208269,True
140980001249A,098,0001,3050.0,122.652206215798,Bajo,0.958113045929286,True
1409800012822,098,0001,2394.0,122.91642485214,Bajo,0.960177022846357,True
1409800011595,098,0001,2693.0,120.484389882303,Medio,0.941178877565079,True
1409800010597,098,0001,8295.0,117.210931464485,Alto,0.915607847803898,True
1409800012485,098,0001,2324.0,123.349699654635,Bajo,0.963561603145,True
1409800011383,098,0001,3466.0,118.094845032201,Alto,0.922512649167299,True
1409800011468,098,0001,4073.0,118.740699591289,Medio,0.927557822816652,True
1409800011646,098,0001,3259.0,119.613322119273,Medio,0.934374422811289,True
1409800010972,098,0001,2459.0,118.069312574438,Alto,0.922313199180774,True
1409800012470,098,0001,2123.0,123.204389350138,Bajo,0.962426493531058,True
1409800012894,098,0001,1131.0,125.859885545204,Muy bajo,0.983170234115978,True
1409800011491,098,0001,2491.0,120.26876736227,Medio,0.939494515287268,True
1409800011665,098,0001,677.0,125.377452902784,Muy bajo,0.979401651203803,True
1409800013182,098,0001,6059.0,122.81227666328,Bajo,0.959363456245843,True
1409800011237,098,0001,4965.0,119.040552466672,Medio,0.92990016104788,True
1409800013318,098,0001,242.0,107.790027804017,Muy alto,0.842015280820997,True
1409800013322,098,0001,1587.0,115.420535328492,Alto,0.901621944507078,True
1409800013197,098,0001,176.0,102.620324559106,Muy alto,0.801631497476588,True
1409800012663,098,0001,1782.0,124.753700639098,Muy bajo,0.974529132398774,True
1409800010050,098,0001,4143.0,122.502907220558,Bajo,0.956946778158842,True
1409800012964,098,0001,633.0,126.259636756944,Muy bajo,0.986292940693473,True
1409800011082,098,0001,5436.0,119.733740782974,Medio,0.935315088260572,True
140980001053A,098,0001,3592.0,124.871278163216,Muy bajo,0.975447603930929,True
1409800011858,098,0001,,,,,False
140980001085A,098,0001,5041.0,120.679911358902,Medio,0.942706218028559,True
1409800010506,098,0001,4972.0,121.690685089167,Bajo,0.950602003414971,True
1409800010031,098,0001,1907.0,122.650864767082,Bajo,0.958102567034905,True
1409800010991,098,0001,1349.0,118.105247015381,Alto,0.922593905559625,True
1409800013036,098,0001,163.0,106.303998160051,Muy alto,0.830406974436219,True
1409801282875,098,0128,3193.0,124.403261528186,Muy bajo,0.971791633463139,True
1409800011951,098,0001,4934.0,118.105134903906,Alto,0.922593029786818,True
1409800011913,098,0001,2561.0,119.361226947396,Medio,0.932405149852877,True
1409800011862,098,0001,1854.0,116.653392470699,Alto,0.911252562236346,True
1409800011608,098,0001,2140.0,119.188664245832,Medio,0.931057154731467,True
140980001135A,098,0001,7229.0,118.449901785237,Alto,0.925286219391796,True
1409800013110,098,0001,,,,,False
1409800012767,098,0001,1979.0,120.472618758027,Medio,0.941086925955873,True
1409800012536,098,0001,383.0,125.453342709139,Muy bajo,0.979994473915805,True
1409800140027,098,0014,3214.0,119.301512105546,Medio,0.931938679898707,True
1409800011631,098,0001,2896.0,119.204535539266,Medio,0.931181135324751,True
1409800012432,098,0001,4933.0,122.753798429096,Bajo,0.958906646207088,True
1409800012818,098,0001,4563.0,121.392694556793,Bajo,0.948274213109031,True
1409800012150,098,0001,4491.0,122.600744342349,Bajo,0.957711045069779,True
1409800013002,098,0001,577.0,123.166681350072,Bajo,0.962131932773336,True
1409800013125,098,0001,134.0,113.460394040166,Muy alto,0.88631005572698,True
1409800010370,098,0001,5858.0,120.717049925212,Medio,0.942996330583294,True
1409800011542,098,0001,2526.0,121.453162739823,Bajo,0.948746567882035,True
1409800011330,098,0001,2330.0,123.426767467406,Bajo,0.96416362800142,True
1409800011788,098,0001,100.0,114.204806895848,Muy alto,0.892125129834425,True
1409800010525,098,0001,4780.0,119.72208783218,Medio,0.935224059778303,True
1409800011909,098,0001,4614.0,119.847065655523,Medio,0.936200339673226,True
1409800011576,098,0001,4298.0,119.555023125841,Medio,0.933919012934088,True
1409800011398,098,0001,3901.0,120.403732809558,Medio,0.940548814755545,True
1409800012076,098,0001,,,,,False
1409800011241,098,0001,2289.0,116.957702578747,Alto,0.913629718697893,True
1409800012786,098,0001,2832.0,120.402320026161,Medio,0.940537778621385,True
1409800010474,098,0001,5452.0,122.843409138226,Bajo,0.959606651466848,True
140980001306A,098,0001,336.0,109.090817715341,Muy alto,0.852176563870887,True
1409800011877,098,0001,1410.0,117.325463271963,Alto,0.916502527339673,True
1409800011769,098,0001,4091.0,117.955567624744,Alto,0.921424666282969,True
1409800012112,098,0001,1642.0,124.732846621793,Muy bajo,0.974366228634899,True
1409800011504,098,0001,2451.0,121.85045149062,Bajo,0.95185003863795,True
140980001181A,098,0001,527.0,119.323552101729,Medio,0.932110848084885,True
1409800013375,098,0001,1391.0,123.877154092784,Muy bajo,0.967681879444268,True
1409800013290,098,0001,384.0,113.466926038946,Muy alto,0.886361081252246,True
1409800012108,098,0001,1796.0,116.932865751031,Alto,0.913435702712461,True
1409800010690,098,0001,5013.0,119.996969529223,Medio,0.937371332527402,True
1409800011203,098,0001,4500.0,118.472605212481,Alto,0.925463570052664,True
1409800011097,098,0001,6042.0,123.423381609989,Bajo,0.964137178952828,True
1409800010296,098,0001,3102.0,115.907715462383,Alto,0.905427613042521,True
1409800143021,098,0014,,,,,False
1409800012837,098,0001,2606.0,122.218345995851,Bajo,0.954723892569022,True
1409800012004,098,0001,749.0,113.43640744208,Muy alto,0.886122681416622,True
1409800010807,098,0001,5347.0,119.159394517054,Medio,0.930828510585072,True
1409800011190,098,0001,5754.0,118.334410516591,Alto,0.924384044905131,True
1409800012521,098,0001,,,,,False
1409800013356,098,0001,,,,,False
1409800010101,098,0001,5623.0,121.383605718677,Bajo,0.948203214513575,True
1409800012273,098,0001,6364.0,118.608365598272,Alto,0.926524079282464,True
1409800010987,098,0001,5383.0,118.159848010031,Alto,0.923020428056927,True
1409800011985,098,0001,,,,,False
1409800010879,098,0001,,,,,False
1409800011970,098,0001,4835.0,117.680962398343,Alto,0.919279553218862,True
1409800012644,098,0001,1338.0,120.269616739356,Medio,0.939501150302588,True
1409800010046,098,0001,6418.0,120.159201251923,Medio,0.938638625915575,True
1409800142038,098,0014,219.0,122.203283508067,Bajo,0.9546062300622,True
1409800013214,098,0001,5792.0,123.646863221093,Bajo,0.965882933503279,True
1409800012199,098,0001,3126.0,119.234408614373,Medio,0.931414492586435,True
1409800011839,098,0001,4538.0,118.759166659211,Medio,0.927702080626943,True
1409800011167,098,0001,3473.0,121.450892971627,Bajo,0.948728837303946,True
1409800013252,098,0001,219.0,123.25459458704,Bajo,0.962818678017047,True
1409800013286,098,0001,1541.0,126.208344100463,Muy bajo,0.985892261693469,True
1409800011650,098,0001,492.0,123.951935547015,Muy bajo,0.968266044125055,True
1409800012930,098,0001,1055.0,115.616182314926,Alto,0.903150265406329,True
1409800012998,098,0001,772.0,125.145456857496,Muy bajo,0.977589385086042,True
1409800013040,098,0001,2407.0,110.185618478769,Muy alto,0.860728736934029,True
1409800013394,098,0001,793.0,110.20046720974,Muy alto,0.860844729652772,True
1409800012269,098,0001,2714.0,117.577063913073,Alto,0.918467937209162,True
1409800013341,098,0001,1595.0,108.950823547899,Muy alto,0.851082981926308,True
1409800012061,098,0001,715.0,115.952816744573,Alto,0.905779927348053,True
1409800010968,098,0001,9108.0,117.504799998674,Alto,0.917903438605578,True
1409800012466,098,0001,6154.0,124.63265703141,Muy bajo,0.973583585121393,True
1409800013303,098,0001,297.0,115.475670977299,Alto,0.90205264352218,True
1409800011453,098,0001,2744.0,120.928853813431,Medio,0.944650863141186,True
1409800010953,098,0001,7942.0,120.450790187266,Medio,0.940916409345814,True
1409800012517,098,0001,1958.0,125.950940778137,Muy bajo,0.983881523454057,True
1409800013106,098,0001,,,,,False
1409800143229,098,0014,250.0,117.360598971073,Alto,0.916776994246822,True
1409800142019,098,0014,1362.0,119.899236066641,Medio,0.936607875363336,True
140980014295A,098,0014,2681.0,125.799960042044,Muy bajo,0.98270211855464,True
1409800142127,098,0014,1834.0,122.342972529434,Bajo,0.955697428320053,True
1409800143017,098,0014,634.0,125.209074442164,Muy bajo,0.978086341803746,True
1409800141114,098,0014,3218.0,118.948839290901,Medio,0.929183732107048,True
1409800143407,098,0014,186.0,126.591848256603,Muy bajo,0.988888052364521,True
1409800013411,098,0001,182.0,125.522374619342,Muy bajo,0.980533725314471,True
1409800013074,098,0001,1562.0,125.628586809517,Muy bajo,0.98136341511935,True
1409800011699,098,0001,1291.0,125.1598496019,Muy bajo,0.977701815808697,True
1409800010351,098,0001,2359.0,123.805221274385,Muy bajo,0.967119967238486,True
1409800012803,098,0001,3008.0,124.835574341476,Muy bajo,0.975168699062812,True
140980001110A,098,0001,4582.0,120.892146696336,Medio,0.944364120905946,True
140980001263A,098,0001,2297.0,118.871083355748,Medio,0.928576331896596,True
1409800011078,098,0001,4885.0,117.681769630901,Alto,0.919285859016933,True
1409800012131,098,0001,6540.0,123.948887995406,Muy bajo,0.968242237794579,True
1409800012860,098,0001,2363.0,123.996490646117,Muy bajo,0.968614091853095,True
1409800012729,098,0001,2667.0,124.585715316466,Muy bajo,0.973216894045267,True
1409800012733,098,0001,5093.0,124.748179671052,Muy bajo,0.974486004666512,True
140980001103A,098,0001,4634.0,119.761804395136,Medio,0.935534310676201,True
1409800011044,098,0001,5696.0,119.431529514083,Medio,0.932954327143548,True
1409800011345,098,0001,3224.0,122.640183219727,Bajo,0.958019126792066,True
1409800010120,098,0001,7377.0,122.403311839152,Bajo,0.956168776383061,True
1409800012625,098,0001,3803.0,119.607008552381,Medio,0.934325103594034,True
1409800011379,098,0001,5648.0,121.46078669335,Bajo,0.948806123348344,True
140980001270A,098,0001,3577.0,124.132569147988,Muy bajo,0.969677086086428,True
1409800012095,098,0001,,,,,False
1409800011716,098,0001,908.0,124.385588130881,Muy bajo,0.97165357551012,True
1409800013055,098,0001,1349.0,113.020288057067,Muy alto,0.882872112806841,True
140980001338A,098,0001,1028.0,112.164687759915,Muy alto,0.876188484096898,True
140980001224A,098,0001,2320.0,118.893559896643,Medio,0.928751910206382,True
1409800013163,098,0001,2497.0,120.62855211828,Medio,0.942305018898211,True
1409800012911,098,0001,3467.0,126.061797515872,Muy bajo,0.984747494722985,True
1409800012042,098,0001,562.0,118.906273432963,Medio,0.928851223585111,True
1409800012555,098,0001,6843.0,124.743402632073,Muy bajo,0.974448688229183,True
1409800011928,098,0001,428.0,120.399061336728,Medio,0.940512322961396,True
1409800012377,098,0001,11412.0,124.429994309698,Muy bajo,0.972000459928726,True
1409800012362,098,0001,8837.0,123.732496946744,Muy bajo,0.966551872059285,True
1409800012358,098,0001,6027.0,121.748461806526,Bajo,0.951053333467323,True
140980001256A,098,0001,2982.0,124.49731160945,Muy bajo,0.972526317433451,True
1409800012381,098,0001,1674.0,122.907834216873,Bajo,0.960109916024748,True
1409800012790,098,0001,3271.0,125.052422869037,Muy bajo,0.976862638451735,True
1409800012220,098,0001,3373.0,119.831214434479,Medio,0.936076515877918,True
1409800012697,098,0001,2939.0,125.079976412657,Muy bajo,0.977077876403164,True
1409800012748,098,0001,504.0,121.558053162118,Bajo,0.949565932531839,True
1409800012856,098,0001,4573.0,122.789937175147,Bajo,0.959188948540847,True
1409800012907,098,0001,,,,,False
1409800012983,098,0001,1137.0,125.480041791517,Muy bajo,0.980203037136396,True
1409800012343,098,0001,4266.0,122.794655229686,Bajo,0.959225804213851,True
1409800012574,098,0001,10673.0,126.088659240226,Muy bajo,0.984957328441705,True
1410100092228,101,0009,2699.0,123.81460550426,Muy bajo,0.967193273323605,True
1410100312317,101,0031,7085.0,121.432513552151,Bajo,0.948585264170448,True
1410100011821,101,0001,279.0,125.283188004886,Muy bajo,0.978665289166498,True
1410100010734,101,0001,3003.0,119.690339379085,Medio,0.934976052766953,True
1410100010965,101,0001,5031.0,118.341448513137,Alto,0.924439023095223,True
1410100011361,101,0001,3867.0,121.52257180503,Bajo,0.949288765474171,True
1410100011056,101,0001,3521.0,120.526715322374,Medio,0.941509508032792,True
141010009211A,101,0009,1398.0,125.215804855886,Muy bajo,0.978138917272145,True
1410100010984,101,0001,3770.0,118.147606183924,Alto,0.922924799501516,True
141010026122A,101,0026,,,,,False
141010001097A,101,0001,1694.0,120.600421426513,Medio,0.94208527248187,True
1410100312321,101,0031,964.0,116.513854093611,Alto,0.910162540755111,True
1410100012548,101,0001,,,,,False
1410100010556,101,0001,2174.0,116.508573346481,Alto,0.910121289538573,True
1410100011728,101,0001,144.0,111.973111266644,Muy alto,0.874691960363983,True
1410100010518,101,0001,2418.0,118.039836164112,Alto,0.92208294051562,True
1410100010378,101,0001,4896.0,119.353418696712,Medio,0.932344154726274,True
1410100011408,101,0001,3218.0,123.802455372718,Muy bajo,0.967098361051752,True
1410100011075,101,0001,6428.0,122.561230818065,Bajo,0.957402380233858,True
1410100010749,101,0001,4806.0,118.447693273183,Alto,0.925268967323724,True
1410100010541,101,0001,3752.0,120.280828566221,Medio,0.939588732890134,True
1410100011997,101,0001,4534.0,121.670680624879,Bajo,0.950445736040719,True
1410100010151,101,0001,3288.0,119.016113378113,Medio,0.929709252051613,True
1410100011338,101,0001,1984.0,122.863319609998,Bajo,0.959762184606806,True
1410100010486,101,0001,3541.0,120.225781797109,Medio,0.93915872816988,True
1410100012251,101,0001,267.0,110.896988594604,Muy alto,0.86628569354732,True
141010026186A,101,0026,343.0,120.51940736895,Medio,0.941452421040796,True
1410100012482,101,0001,,,,,False
1410100010537,101,0001,2884.0,118.146160234183,Alto,0.922913504284303,True
1410100010522,101,0001,3217.0,116.677026677581,Alto,0.911437183798749,True
1410100010503,101,0001,3143.0,120.506990956699,Medio,0.941355428683878,True
141010026154A,101,0026,,,,,False
1410100010842,101,0001,2348.0,122.201411114263,Bajo,0.95459160362387,True
1410100091681,101,0009,1960.0,117.738656677358,Alto,0.91973023929378,True
1410100012054,101,0001,3082.0,123.788032700379,Muy bajo,0.96698569654329,True
141010001040A,101,0001,2761.0,121.063753947251,Medio,0.945704652405138,True
1410100011573,101,0001,3204.0,118.090717512353,Alto,0.922480406529878,True
1410100091944,101,0009,100.0,118.587231840606,Alto,0.926358990291778,True
141010001072A,101,0001,4234.0,120.050622820417,Medio,0.937790451920649,True
1410100012069,101,0001,2806.0,118.521485781511,Alto,0.925845406729924,True
1410100011107,101,0001,4487.0,123.218170174825,Bajo,0.962534144166328,True
1410100010861,101,0001,5456.0,122.973849511497,Bajo,0.960625602753602,True
1410100011323,101,0001,3112.0,122.668751899819,Bajo,0.958242294608979,True
1410100011569,101,0001,2346.0,116.553090642104,Alto,0.910469041960005,True
1410100272355,101,0027,1148.0,116.900271354635,Alto,0.913181087509239,True
1410100092410,101,0009,3299.0,122.554933351363,Bajo,0.957353186785248,True
1410100010791,101,0001,5486.0,119.784648965116,Medio,0.935712763891205,True
141010027236A,101,0027,868.0,122.822573582071,Bajo,0.959443891914561,True
1410100092143,101,0009,1965.0,123.309486116248,Bajo,0.96324747006138,True
1410100010448,101,0001,2340.0,116.929759556267,Alto,0.91341143828365,True
1410100011130,101,0001,3241.0,117.333471181248,Alto,0.916565082124403,True
1410100010950,101,0001,4244.0,120.567987815163,Medio,0.941831913271142,True
1410100011145,101,0001,527.0,113.582084336598,Muy alto,0.887260654694347,True
1410100011431,101,0001,3697.0,123.665059572399,Bajo,0.96602507657687,True
141010001147A,101,0001,4908.0,119.830767587089,Medio,0.936073025273661,True
1410100092618,101,0009,,,,,False
1410100010946,101,0001,6466.0,119.198413615318,Medio,0.931133313150315,True
1410100010594,101,0001,5786.0,122.748673196615,Bajo,0.958866609812681,True
1410100011164,101,0001,3374.0,123.933820614539,Muy bajo,0.968124537064837,True
1410100010931,101,0001,3877.0,119.834008985271,Medio,0.936098345860881,True
1410100010753,101,0001,4849.0,118.835837960894,Medio,0.928301008087422,True
1410100011357,101,0001,2388.0,123.549575081605,Bajo,0.965122955036249,True
1410100011770,101,0001,2661.0,117.822081716257,Alto,0.920381924417044,True
1410100011643,101,0001,1014.0,119.527692535195,Medio,0.933705516607694,True
1410100011732,101,0001,188.0,118.1218521645,Alto,0.922723618758364,True
1410100260683,101,0026,2047.0,116.968148126002,Alto,0.913711315396436,True
1410100011395,101,0001,4192.0,123.678075494018,Bajo,0.966126752076173,True
1410100011766,101,0001,4428.0,120.220416596522,Medio,0.9391168172346,True
1410100010490,101,0001,2951.0,121.001149537389,Medio,0.945215610229122,True
1410100010927,101,0001,3969.0,119.974499876807,Medio,0.937195808027832,True
1410100011499,101,0001,330.0,119.929101912246,Medio,0.936841176150865,True
1410100011215,101,0001,190.0,115.136467811408,Muy alto,0.89940291557608,True
1410100092232,101,0009,204.0,124.793839826336,Muy bajo,0.974842684679099,True
141010001115A,101,0001,1165.0,120.047284046858,Medio,0.9377643706735,True
1410100011501,101,0001,217.0,118.36856718563,Alto,0.92465086399646,True
1410100011446,101,0001,3010.0,119.366768026586,Medio,0.932448434685849,True
1410100011376,101,0001,664.0,123.109093746626,Bajo,0.961682080007961,True
1410100012529,101,0001,,,,,False
1410100260698,101,0026,1875.0,119.151274880136,Medio,0.930765083025968,True
1410100010715,101,0001,4443.0,118.433169173438,Alto,0.925155510502396,True
1410100011751,101,0001,994.0,116.756113783421,Alto,0.912054982615486,True
1410100012533,101,0001,,,,,False
1410100012459,101,0001,,,,,False
1410100010397,101,0001,5383.0,116.12362561787,Alto,0.907114222220649,True
1410100010880,101,0001,2000.0,121.771452944351,Bajo,0.951232931615375,True
141010009243A,101,0009,,,,,False
1410100011304,101,0001,3695.0,118.739671358974,Medio,0.927549790651349,True
1410100012088,101,0001,694.0,119.237402595034,Medio,0.931437880440753,True
1410100261785,101,0026,,,,,False
1410100010823,101,0001,2948.0,123.650928084528,Bajo,0.965914686692293,True
1410100261249,101,0026,,,,,False
1410100011624,101,0001,3933.0,118.83789009576,Medio,0.928317038595538,True
1410100012497,101,0001,992.0,125.871555721587,Muy bajo,0.983261397158091,True
1410100092139,101,0009,1480.0,122.599015045485,Bajo,0.957697536451086,True
1410100011198,101,0001,,,,,False
1410100012590,101,0001,,,,,False
1410100010147,101,0001,6460.0,119.047519124428,Medio,0.92995458196609,True
1410100010452,101,0001,4410.0,116.975888362195,Alto,0.913771779219342,True
1410100010611,101,0001,2580.0,120.092524251351,Medio,0.938117770187964,True
1410100012073,101,0001,4483.0,121.091614568466,Medio,0.945922289131598,True
1410100010645,101,0001,2160.0,120.382204110185,Medio,0.940380640628338,True
141010001108A,101,0001,5917.0,122.636301275204,Bajo,0.957988802497,True
1410100092181,101,0009,904.0,123.311107833648,Bajo,0.963260138309636,True
1410100091520,101,0009,811.0,125.444081943848,Muy bajo,0.979922132289721,True
1410100010912,101,0001,5976.0,118.629715439592,Medio,0.926690856237635,True
1410101902374,101,0190,3192.0,120.844267207144,Medio,0.943990104289025,True
1410100092209,101,0009,3239.0,124.216973831536,Muy bajo,0.970336423826372,True
1410100092213,101,0009,2209.0,124.155107549653,Muy bajo,0.969853147629353,True
141010009193A,101,0009,377.0,123.727131209913,Muy bajo,0.966509956935073,True
1410100011037,101,0001,4671.0,123.422965552853,Bajo,0.964133928870482,True
1410100010310,101,0001,5473.0,121.900383665938,Bajo,0.95224009006923,True
1410100010575,101,0001,4671.0,119.351980161783,Medio,0.932332917430791,True
141010001204A,101,0001,1565.0,122.005674443416,Bajo,0.953062582143606,True
1410100261709,101,0026,1619.0,117.705160412589,Alto,0.919468579032992,True
1410100011003,101,0001,4053.0,119.794279644881,Medio,0.935787995150459,True
1410100012020,101,0001,5267.0,123.34178154681,Bajo,0.963499749855603,True
1410100011268,101,0001,5497.0,118.238583306928,Alto,0.923635478674113,True
1410100010787,101,0001,5882.0,120.534114901698,Medio,0.941567310771959,True
1410100011272,101,0001,1859.0,117.533911955394,Alto,0.918130850295807,True
1410100010630,101,0001,2351.0,119.501061152247,Medio,0.933497482229673,True
141010001065A,101,0001,4590.0,120.608255294764,Medio,0.942146467723296,True
1410100011126,101,0001,1865.0,119.012014182262,Medio,0.929677230670635,True
1410100012270,101,0001,,,,,False
1410100262285,101,0026,,,,,False
1410100272340,101,0027,1888.0,123.641610372513,Bajo,0.965841900219748,True
1410100092092,101,0009,2003.0,124.214304454639,Muy bajo,0.970315571654949,True
1410100012035,101,0001,1891.0,123.894381160831,Muy bajo,0.967816450840478,True
1410100091662,101,0009,383.0,116.091052299206,Alto,0.906859771668763,True
1410100011287,101,0001,684.0,118.236387090463,Alto,0.923618322654571,True
1410100010857,101,0001,2176.0,121.661308793924,Bajo,0.950372526811316,True
1410100011018,101,0001,2426.0,119.671952159673,Medio,0.934832418703282,True
1410100012478,101,0001,712.0,117.278580723287,Alto,0.916136298448251,True
1410100011658,101,0001,172.0,119.378660538027,Medio,0.932541334526075,True
1410100261234,101,0026,,,,,False
1410100010895,101,0001,2789.0,123.421881535827,Bajo,0.964125460935931,True
1410100010202,101,0001,6481.0,119.163946049908,Medio,0.930864065453112,True
1410100011874,101,0001,,,,,False
1410100011041,101,0001,2115.0,122.068145208504,Bajo,0.953550580336763,True
1410100010433,101,0001,6985.0,120.453118788074,Medio,0.940934599502206,True
1410100092124,101,0009,1296.0,123.456853880932,Bajo,0.964398651782848,True
1410100092105,101,0009,1693.0,123.77758179957,Muy bajo,0.966904058024788,True
1410100011588,101,0001,1147.0,118.303292761757,Alto,0.924140964672121,True
1410100011982,101,0001,3536.0,120.5505270728,Medio,0.941695516498789,True
1410100012603,101,0001,2071.0,123.659700798059,Bajo,0.965983215841022,True
1410100011836,101,0001,116.0,117.412928420799,Alto,0.917185772286905,True
1410100011906,101,0001,416.0,123.246832167206,Bajo,0.962758040903859,True
1410100011094,101,0001,2721.0,117.97931584924,Alto,0.921610178508223,True
1410100011291,101,0001,,,,,False
1410100011554,101,0001,7411.0,120.848935042547,Medio,0.944026567668959,True
1410100011200,101,0001,1850.0,123.659106997241,Bajo,0.965978577291684,True
141010001250A,101,0001,1141.0,108.114613272382,Muy alto,0.844550820794996,True
1410100092162,101,0009,932.0,120.167153497558,Medio,0.938700745876745,True
1410100091925,101,0009,446.0,124.734588671355,Muy bajo,0.974379836872888,True
1410100272336,101,0027,2437.0,119.422626250782,Medio,0.932884778188964,True
1410100011516,101,0001,1282.0,115.397657459732,Alto,0.901443231174492,True
1410100092586,101,0009,3831.0,120.314674742168,Medio,0.939853126525841,True
141010009229A,101,0009,1471.0,124.262326707518,Muy bajo,0.970690703488261,True
1410100092196,101,0009,1009.0,124.11476320136,Muy bajo,0.969537992707794,True
1410100011592,101,0001,7352.0,117.86938517321,Alto,0.920751441286109,True
1410100012425,101,0001,755.0,118.009104865308,Alto,0.921842879132211,True
141010001161A,101,0001,4496.0,121.193921642664,Bajo,0.946721473634709,True
1410100011605,101,0001,2504.0,122.533254486596,Bajo,0.957183839622283,True
1410100012514,101,0001,,,,,False
1410100091840,101,0009,179.0,118.971169748863,Medio,0.929358169271739,True
1410100091713,101,0009,297.0,121.253584180035,Bajo,0.947187535005895,True
1410100091696,101,0009,818.0,121.892455998559,Bajo,0.952178162104177,True
1410100091535,101,0009,635.0,121.637086358712,Bajo,0.950183310229752,True
1410100092444,101,0009,277.0,123.70471606323,Bajo,0.966334858213848,True
1410100092393,101,0009,507.0,123.613915769158,Bajo,0.965625560362564,True
1410100092302,101,0009,387.0,123.281571127999,Bajo,0.963029408640034,True
1410100092406,101,0009,979.0,124.088501097365,Muy bajo,0.969332842998488,True
1410100011639,101,0001,3465.0,121.410755592421,Bajo,0.948415299147286,True
1410100092177,101,0009,824.0,124.491891697859,Muy bajo,0.972483979116323,True
1410100091893,101,0009,100.0,115.31009087491,Alto,0.900759193847368,True
1410100092622,101,0009,916.0,125.280349064389,Muy bajo,0.97864311242781,True
1410100092247,101,0009,414.0,111.979989804934,Muy alto,0.874745692925964,True
1410100091855,101,0009,,,,,False
141010001179A,101,0001,2931.0,124.237624550971,Muy bajo,0.970497739503511,True
1410100012266,101,0001,123.0,125.119171728218,Muy bajo,0.977384055511851,True
1410100091677,101,0009,5766.0,121.612548797581,Bajo,0.949991632002673,True
1410100091465,101,0009,4615.0,119.339505396449,Medio,0.932235469241472,True
1410100091450,101,0009,4330.0,115.805396313709,Alto,0.904628334218135,True
1410100011889,101,0001,,,,,False
1410100010363,101,0001,6864.0,119.294757802883,Medio,0.931885917818863,True
141010001019A,101,0001,4667.0,119.239232344366,Medio,0.931452173756461,True
1410100010382,101,0001,3829.0,119.574888107307,Medio,0.934074190720834,True
1410100010772,101,0001,5343.0,119.739837441353,Medio,0.935362713069857,True
1410100092158,101,0009,995.0,121.919219925715,Bajo,0.952387231867859,True
1410100091910,101,0009,3618.0,122.878158114648,Bajo,0.959878097441365,True
1410100091802,101,0009,5402.0,123.895387110793,Muy bajo,0.967824308944395,True
1410100011817,101,0001,323.0,122.399007555394,Bajo,0.95613515293226,True
1410100011022,101,0001,2939.0,120.874834378026,Medio,0.944228883566644,True
1410100010999,101,0001,5209.0,119.895555746618,Medio,0.936579126083272,True
1410100010607,101,0001,2114.0,119.812713078952,Medio,0.935931990225714,True
1410100010626,101,0001,3040.0,120.793671001605,Medio,0.943594865702639,True
1410100010700,101,0001,3634.0,119.314811804798,Medio,0.932042572162478,True
1410100011319,101,0001,2875.0,119.308911726549,Medio,0.931996482963458,True
1410100010819,101,0001,2451.0,119.948546488532,Medio,0.936993069889972,True
1410100011484,101,0001,5706.0,118.870301635826,Medio,0.928570225393672,True
1410100011412,101,0001,2130.0,123.940894806328,Muy bajo,0.968179797998585,True
1410100011427,101,0001,1635.0,122.150358559817,Bajo,0.954192800210933,True
1410100011747,101,0001,551.0,120.309747065139,Medio,0.939814633360548,True
1410100011179,101,0001,1188.0,122.847924954083,Bajo,0.959641927327098,True
1410100010768,101,0001,4908.0,118.844630927024,Medio,0.928369695441869,True
1410100012001,101,0001,5327.0,120.131485522199,Medio,0.93842212102712,True
1410100012016,101,0001,3983.0,118.319599609418,Alto,0.924268347651719,True
1410100010471,101,0001,7761.0,115.174744422983,Muy alto,0.899701918113709,True
1410100010679,101,0001,9075.0,116.480516097099,Alto,0.909902116826596,True
1410100011183,101,0001,79.0,123.06108133869,Bajo,0.961307025079646,True
1410100220081,101,0022,2168.0,122.115979551017,Bajo,0.953924244284758,True
1410100220096,101,0022,627.0,123.345960674516,Bajo,0.963532395634259,True
1410100220113,101,0022,3115.0,122.342297883938,Bajo,0.955692158242407,True
1410100220024,101,0022,2675.0,122.468746845311,Bajo,0.956679930116006,True
1410100340274,101,0034,1841.0,123.544965305647,Bajo,0.965086945194919,True
1410100342637,101,0034,1970.0,124.736106378904,Muy bajo,0.974391692635191,True
1410100341978,101,0034,1500.0,125.064932735943,Muy bajo,0.976960360841371,True
1410100342641,101,0034,1387.0,124.507121759854,Muy bajo,0.972602950650041,True
1410100342463,101,0034,1707.0,124.852507342133,Muy bajo,0.975300973314836,True
141010193268A,101,0193,686.0,121.147928996529,Medio,0.946362196328263,True
1410101932694,101,0193,1922.0,124.32597604522,Muy bajo,0.971187908248766,True
1410101932711,101,0193,129.0,110.979066118672,Muy alto,0.866926852389981,True
1410101932707,101,0193,491.0,121.494878070906,Bajo,0.949072432407093,True
1410101892660,101,0189,1264.0,123.207065217586,Bajo,0.962447396404235,True
1410101892656,101,0189,1869.0,124.840087566594,Muy bajo,0.975203954685183,True
1410101892675,101,0189,147.0,120.184470335428,Medio,0.938836018521157,True
1410100380128,101,0038,2244.0,122.954743473145,Bajo,0.960476353545897,True
1410100380166,101,0038,559.0,117.841949692212,Alto,0.920537125595612,True
1410100380132,101,0038,2815.0,124.163438800225,Muy bajo,0.96991822823498,True
141200206504A,120,0206,,,,,False
1412002067347,120,0206,,,,,False
1412002434713,120,0243,2086.0,119.913985472484,Medio,0.936723092191423,True
1412002066461,120,0206,,,,,False
1412002065054,120,0206,1748.0,114.626154481339,Muy alto,0.895416539185994,True
1412002317192,120,0231,1250.0,124.871327737576,Muy bajo,0.975447991187243,True
1412002313895,120,0231,514.0,123.189748955775,Bajo,0.962312128259785,True
1412002314164,120,0231,4312.0,117.898752315561,Alto,0.920980846390806,True
1412002316480,120,0231,,,,,False
1412002313823,120,0231,4797.0,119.952467935517,Medio,0.937023702763451,True
1412002316476,120,0231,,,,,False
1412002313838,120,0231,2877.0,123.893537793668,Muy bajo,0.967809862772428,True
141200231696A,120,0231,1415.0,126.082118811544,Muy bajo,0.984906237065204,True
1412002315618,120,0231,956.0,123.865670692395,Muy bajo,0.967592175426185,True
1412002316211,120,0231,96.0,110.466980065257,Muy alto,0.862926628149806,True
1412002316692,120,0231,1206.0,119.234998492582,Medio,0.931419100493825,True
1412002313999,120,0231,326.0,119.445049965512,Medio,0.933059943840556,True
1412002317239,120,0231,,,,,False
1412002312026,120,0231,3626.0,119.800568783011,Medio,0.935837123539385,True
1412002316230,120,0231,3512.0,122.960820321364,Bajo,0.960523823605644,True
1412002317173,120,0231,106.0,119.340314100362,Medio,0.932241786533217,True
1412002315872,120,0231,3986.0,120.810942048844,Medio,0.943729780647811,True
1412002316226,120,0231,173.0,114.847886972339,Muy alto,0.897148630266039,True
1412002315035,120,0231,147.0,116.231067358873,Alto,0.907953516815568,True
1412002315726,120,0231,5716.0,125.100793669882,Muy bajo,0.977240493011074,True
1412002314817,120,0231,119.0,114.931430483453,Muy alto,0.897801240849821,True
141200231205A,120,0231,4075.0,122.768352888736,Bajo,0.95902034018853,True
1412002316245,120,0231,1586.0,123.321778673981,Bajo,0.963343494913233,True
1412002316688,120,0231,1464.0,118.808664127231,Medio,0.928088736287807,True
141200231625A,120,0231,679.0,125.090108595981,Muy bajo,0.977157025220181,True
1412002317351,120,0231,910.0,123.108207729048,Bajo,0.961675158770858,True
1412002315887,120,0231,3272.0,118.602086383791,Alto,0.926475028413358,True
1412002316993,120,0231,1215.0,123.388014204922,Bajo,0.963860902045617,True
1412002316207,120,0231,209.0,115.461089225852,Alto,0.901938736347376,True
141200231415A,120,0231,2724.0,117.794019588471,Alto,0.920162713596809,True
1412002315730,120,0231,1083.0,125.028620997061,Muy bajo,0.976676707152483,True
1412002314802,120,0231,,,,,False
1412002315603,120,0231,,,,,False
1412002316669,120,0231,1301.0,123.946058004726,Muy bajo,0.968220130968509,True
1412002317243,120,0231,123.0,118.494552791249,Alto,0.925635016308655,True
1412002314179,120,0231,8218.0,117.878652518719,Alto,0.920823834314386,True
1412002316974,120,0231,600.0,125.454395134612,Muy bajo,0.98000269506899,True
1412002316264,120,0231,1215.0,123.707319404396,Muy bajo,0.966355194538908,True
1412002316989,120,0231,2346.0,125.076593392517,Muy bajo,0.977051449518307,True
1412004306940,120,0430,3747.0,124.272814551319,Muy bajo,0.97077263059157,True
1412004306955,120,0430,3643.0,124.133781655166,Muy bajo,0.969686557737873,True
1412004307421,120,0430,4794.0,125.069666109716,Muy bajo,0.97699733618248,True
1412000012967,120,0001,3309.0,125.828107099816,Muy bajo,0.982921992816085,True
1412000013819,120,0001,3005.0,117.813034613024,Alto,0.920311251838843,True
1412000013683,120,0001,1015.0,115.969856804613,Alto,0.905913037907827,True
1412000012562,120,0001,3080.0,120.360702158552,Medio,0.940212675444439,True
1412000015228,120,0001,441.0,123.819929487958,Muy bajo,0.967234862288004,True
1412000014107,120,0001,1106.0,121.358799243147,Bajo,0.948009435628043,True
1412000013289,120,0001,1381.0,126.36626853052,Muy bajo,0.987125908126551,True
1412000010392,120,0001,3591.0,121.443559129654,Bajo,0.948671548080311,True
1412000015285,120,0001,2545.0,125.410221659841,Muy bajo,0.979657628447136,True
1412000017008,120,0001,1677.0,125.837483952024,Muy bajo,0.982995241269638,True
1412000012134,120,0001,3036.0,119.3941950307,Medio,0.932662684158103,True
1412000010231,120,0001,10105.0,120.540236697793,Medio,0.941615131947659,True
1412000013594,120,0001,971.0,121.841706026539,Bajo,0.951781722351705,True
1412000016599,120,0001,1273.0,126.599173888599,Muy bajo,0.988945277454894,True
141200001575A,120,0001,309.0,125.755432604264,Muy bajo,0.982354286906481,True
1412000017116,120,0001,1325.0,125.142481452161,Muy bajo,0.977566142335204,True
141200001461A,120,0001,2526.0,123.242072816789,Bajo,0.962720862642938,True
1412000012384,120,0001,2625.0,119.857901734141,Medio,0.936284987056355,True
141200001301A,120,0001,2727.0,124.958358923764,Muy bajo,0.976127846180984,True
1412000015938,120,0001,203.0,121.678470093974,Bajo,0.950506584452592,True
1412000012399,120,0001,4322.0,120.265706460793,Medio,0.939470604672635,True
1412000015143,120,0001,2363.0,119.33136097005,Medio,0.932171848036235,True
1412000014304,120,0001,2353.0,119.476958159217,Medio,0.933309198685654,True
1412000010246,120,0001,4489.0,120.141183076904,Medio,0.938497874688328,True
1412000015798,120,0001,2648.0,124.99613334632,Muy bajo,0.976422925806295,True
1412000010405,120,0001,1682.0,122.839073712768,Bajo,0.959572784748762,True
1412000013217,120,0001,5413.0,125.004945888019,Muy bajo,0.976491766077743,True
1412000014874,120,0001,295.0,125.932492142195,Muy bajo,0.983737409627483,True
1412000016739,120,0001,2396.0,126.089791290235,Muy bajo,0.984966171591907,True
141200001397A,120,0001,112.0,120.892945360919,Medio,0.944370359774206,True
1412000014836,120,0001,,,,,False
1412000017046,120,0001,1259.0,125.422376437822,Muy bajo,0.979752577015232,True
1412000012825,120,0001,4435.0,118.134613346491,Alto,0.922823304327211,True
1412000015181,120,0001,70.0,125.992077019459,Muy bajo,0.984202864347033,True
1412000014978,120,0001,1102.0,113.926524195786,Muy alto,0.889951289724959,True
1412000014728,120,0001,2053.0,125.696302057368,Muy bajo,0.981892381245411,True
1412000014272,120,0001,3206.0,118.483082084192,Alto,0.925545411446125,True
1412000014361,120,0001,1833.0,125.167232363471,Muy bajo,0.977759487173889,True
1412000013950,120,0001,314.0,124.866968764568,Muy bajo,0.975413940524519,True
1412000011121,120,0001,3124.0,125.190732180259,Muy bajo,0.977943058931262,True
1412000015317,120,0001,3383.0,117.124123659752,Alto,0.914929737782323,True
1412000010640,120,0001,3688.0,124.883402308466,Muy bajo,0.975542313207614,True
1412000015478,120,0001,2157.0,124.970377902273,Muy bajo,0.976221733934521,True
1412000013560,120,0001,4834.0,118.756521883186,Medio,0.927681420628311,True
1412000016090,120,0001,,,,,False
141200001408A,120,0001,1824.0,125.328044218009,Muy bajo,0.979015689084364,True
1412000012628,120,0001,3316.0,121.923529137155,Bajo,0.952420893811866,True
1412000012401,120,0001,5405.0,119.350485728607,Medio,0.932321243479162,True
1412000013039,120,0001,4420.0,119.0570133938,Medio,0.930028747638504,True
1412000017328,120,0001,372.0,126.843575002625,Muy bajo,0.990854447318304,True
1412000012952,120,0001,2420.0,124.37030783057,Muy bajo,0.971534211533513,True
1412000014075,120,0001,4062.0,125.224186525442,Muy bajo,0.978204391731968,True
1412000015459,120,0001,3688.0,125.120017253103,Muy bajo,0.977390660435222,True
1412000015463,120,0001,4251.0,125.203823830412,Muy bajo,0.978045325993483,True
1412000011653,120,0001,2596.0,121.488382497982,Bajo,0.949021691426956,True
1412000010212,120,0001,7602.0,123.018969667978,Bajo,0.960978064498015,True
141200001529A,120,0001,206.0,126.901946334443,Muy bajo,0.991310422275856,True
1412000012558,120,0001,2492.0,119.751583202001,Medio,0.93545446654791,True
1412000015139,120,0001,848.0,116.903916515038,Alto,0.913209562135534,True
1412000014319,120,0001,2749.0,119.379825251377,Medio,0.932550432830053,True
1412000013626,120,0001,421.0,113.570164984622,Muy alto,0.887167545185929,True
1412000012914,120,0001,4245.0,123.869756357387,Muy bajo,0.967624091109161,True
141200001212A,120,0001,2632.0,117.214730772825,Alto,0.915637526576085,True
141200001027A,120,0001,2972.0,122.723716337583,Bajo,0.95867165618761,True
1412000014662,120,0001,4888.0,117.682362933503,Alto,0.919290493674392,True
1412000017313,120,0001,320.0,124.956757196771,Muy bajo,0.976115334090291,True
1412000011441,120,0001,7456.0,121.978527250413,Bajo,0.95285051845084,True
1412000017277,120,0001,1276.0,125.973732345211,Muy bajo,0.984059562630231,True
1412000015637,120,0001,1803.0,125.232561866919,Muy bajo,0.978269816759212,True
1412000015675,120,0001,248.0,120.577181079145,Medio,0.941903727602308,True
141200001689A,120,0001,4316.0,121.278694211536,Bajo,0.947383685156855,True
1412000016743,120,0001,5337.0,125.067987068974,Muy bajo,0.976984220145772,True
1412000013147,120,0001,4504.0,124.666131253088,Muy bajo,0.973845073189821,True
1412000015815,120,0001,1785.0,125.711676593249,Muy bajo,0.982012481354954,True
1412000013700,120,0001,507.0,122.363221422354,Bajo,0.955855605079131,True
1412000015482,120,0001,1262.0,125.879801158745,Muy bajo,0.983325807421507,True
1412000014910,120,0001,,,,,False
141200001340A,120,0001,2488.0,120.988713467322,Medio,0.945118464312723,True
141200001422A,120,0001,4402.0,121.036494459522,Medio,0.945491711508074,True
1412000010227,120,0001,8067.0,119.823424716642,Medio,0.936015665522967,True
1412000015622,120,0001,,,,,False
141200001486A,120,0001,468.0,118.148206535616,Alto,0.922929489223824,True
1412000013804,120,0001,2843.0,118.834424669224,Medio,0.928289967982817,True
1412000013433,120,0001,2452.0,123.966231010622,Muy bajo,0.968377714926602,True
1412000010706,120,0001,4412.0,125.257033032939,Muy bajo,0.978460976332581,True
1412000014342,120,0001,2326.0,123.616291012008,Bajo,0.965644114869098,True
1412000015694,120,0001,1179.0,116.56433391932,Alto,0.910556870225896,True
1412000013005,120,0001,1872.0,125.745111957463,Muy bajo,0.98227366588345,True
1412000014516,120,0001,2135.0,121.426182744366,Bajo,0.948535810273796,True
1412000016546,120,0001,6407.0,119.424624970532,Medio,0.932900391438224,True
141200001187A,120,0001,3215.0,123.518734639676,Bajo,0.964882041067665,True
1412000015548,120,0001,3367.0,117.412217801896,Alto,0.917180221198481,True
1412000011225,120,0001,3374.0,125.051108322131,Muy bajo,0.976852369704198,True
1412000017099,120,0001,1151.0,125.909039895617,Muy bajo,0.983554209470749,True
1412000012276,120,0001,1864.0,121.570991736218,Bajo,0.949667003821328,True
1412000015497,120,0001,5123.0,124.675571418796,Muy bajo,0.973918816224696,True
1412000012492,120,0001,2000.0,124.537970140965,Muy bajo,0.972843926636534,True
1412000014287,120,0001,3725.0,118.97499460782,Medio,0.929388047635758,True
1412000012327,120,0001,3306.0,117.590628273348,Alto,0.918573896905609,True
1412000014963,120,0001,274.0,117.859326014673,Alto,0.920672862911345,True
1412000013310,120,0001,2256.0,122.148289582972,Bajo,0.954176638139591,True
1412000013503,120,0001,3119.0,120.168789261496,Medio,0.938713523851292,True
1412000011687,120,0001,4894.0,120.089925072478,Medio,0.938097466377182,True
1412000016531,120,0001,4726.0,119.046063884869,Medio,0.929943214180305,True
1412000014338,120,0001,4064.0,118.381529216998,Alto,0.924752118525333,True
1412000011297,120,0001,3329.0,124.530143222971,Muy bajo,0.972782785687905,True
1412000014450,120,0001,2927.0,124.262996243538,Muy bajo,0.970695933652607,True
1412000014821,120,0001,,,,,False
1412000013325,120,0001,3286.0,121.984046249346,Bajo,0.952893630801126,True
1412000016921,120,0001,1424.0,125.693582962832,Muy bajo,0.981871140698434,True
1412000013679,120,0001,291.0,117.235282012255,Alto,0.915798065152726,True
1412000013236,120,0001,6797.0,122.362383144477,Bajo,0.955849056766673,True
1412000016495,120,0001,114.0,124.905700816767,Muy bajo,0.975716500793531,True
141200001237A,120,0001,3901.0,119.205707196074,Medio,0.931190287868415,True
1412000016902,120,0001,4425.0,123.944061059985,Muy bajo,0.968204531584956,True
1412000015162,120,0001,1668.0,118.892920014833,Medio,0.928746911689604,True
1412000014677,120,0001,2892.0,118.095998286717,Alto,0.922521657959155,True
1412000016758,120,0001,5465.0,125.490292318608,Muy bajo,0.98028311041055,True
1412000014499,120,0001,2904.0,120.90671478683,Medio,0.944477921366513,True
1412000014408,120,0001,2850.0,125.296660013277,Muy bajo,0.978770527444655,True
1412000011691,120,0001,3369.0,120.997800286365,Medio,0.94518944713594,True
1412000012596,120,0001,2939.0,123.549403867188,Bajo,0.965121617573419,True
1412000015849,120,0001,5018.0,125.549085909393,Muy bajo,0.980742383896827,True
141200001194A,120,0001,4456.0,123.775942869707,Muy bajo,0.966891255319219,True
1412000014465,120,0001,2868.0,123.644889771751,Bajo,0.965867517656971,True
1412000012295,120,0001,4739.0,119.153574402069,Medio,0.930783046029092,True
1412000016048,120,0001,2318.0,125.325531312866,Muy bajo,0.978996059211618,True
1412000011899,120,0001,4473.0,121.218665982402,Bajo,0.946914767138735,True
1412000013429,120,0001,773.0,123.929997098562,Muy bajo,0.968094669191668,True
1412000012219,120,0001,3156.0,119.007463106289,Medio,0.929641679371581,True
1412000014501,120,0001,1513.0,120.799596122485,Medio,0.943641150525301,True
1412000012524,120,0001,2549.0,120.395230100456,Medio,0.940482394780172,True
1412000013486,120,0001,581.0,121.379726708242,Bajo,0.948172913138508,True
1412000017084,120,0001,106.0,126.000164080609,Muy bajo,0.984266037436458,True
1412000016616,120,0001,115.0,124.874801905169,Muy bajo,0.975475130081822,True
1412000013857,120,0001,,,,,False
1412000013965,120,0001,799.0,125.699422099414,Muy bajo,0.981916753843996,True
1412000016777,120,0001,5585.0,126.370385522627,Muy bajo,0.987158068525212,True
1412000012115,120,0001,5380.0,118.929064770823,Medio,0.929029260970753,True
1412000014249,120,0001,4127.0,121.455761105086,Bajo,0.948766865337197,True
1412000013861,120,0001,2013.0,117.734660787508,Alto,0.919699024900554,True
1412000016565,120,0001,2940.0,125.984701830413,Muy bajo,0.984145252135568,True
1412000016122,120,0001,308.0,114.092994918923,Muy alto,0.891251696595116,True
141200001365A,120,0001,1135.0,118.710690277046,Medio,0.927323401305919,True
1412000012717,120,0001,2838.0,124.648855775867,Muy bajo,0.973710123639289,True
1412000016029,120,0001,,,,,False
1412000016052,120,0001,2022.0,125.154580728928,Muy bajo,0.977660657348626,True
1412000013664,120,0001,,,,,False
1412000016762,120,0001,3008.0,126.190672896293,Muy bajo,0.985754220872393,True
1412000013382,120,0001,4448.0,124.534464507655,Muy bajo,0.972816541943567,True
1412000016809,120,0001,2268.0,124.989232578668,Muy bajo,0.976369019596869,True
1412000012632,120,0001,5152.0,119.645345770897,Medio,0.934624579570357,True
1412000014484,120,0001,3413.0,121.934755785063,Bajo,0.952508592175842,True
1412000012702,120,0001,1312.0,123.954137716391,Muy bajo,0.968283246646506,True
1412000011206,120,0001,6703.0,124.973879577342,Muy bajo,0.976249087707193,True
141200001714A,120,0001,1459.0,125.378207357869,Muy bajo,0.979407544724047,True
1412000015656,120,0001,589.0,125.862931258593,Muy bajo,0.983194026086964,True
1412000014840,120,0001,,,,,False
1412000014253,120,0001,2110.0,122.328098749398,Bajo,0.955581239927414,True
1412000014573,120,0001,2233.0,119.722718207558,Medio,0.935228984034392,True
1412000013607,120,0001,123.0,117.966871269208,Alto,0.921512966115168,True
1412000011757,120,0001,1982.0,119.491028192158,Medio,0.933419108507358,True
1412000014357,120,0001,1597.0,123.655591245731,Bajo,0.965951113559132,True
1412000010918,120,0001,4313.0,123.374826460046,Bajo,0.963757884327456,True
1412000014234,120,0001,3841.0,120.831966492446,Medio,0.943894015718012,True
1412000015302,120,0001,2851.0,117.648388441037,Alto,0.919025097678149,True
1412000011723,120,0001,2311.0,121.234883852316,Bajo,0.947041455057537,True
1412000012929,120,0001,6246.0,120.717565546365,Medio,0.94300035842241,True
1412000016601,120,0001,280.0,124.991960280048,Muy bajo,0.97639032737729,True
1412000010655,120,0001,1929.0,123.512163133299,Bajo,0.964830706923864,True
1412000013448,120,0001,797.0,125.359810763487,Muy bajo,0.979263837426622,True
1412000013274,120,0001,5573.0,124.9845584224,Muy bajo,0.976332506840704,True
1412000012308,120,0001,3635.0,117.504498471279,Alto,0.917901083186625,True
1412000016847,120,0001,2117.0,119.482094753253,Medio,0.933349323832272,True
1412000015105,120,0001,1932.0,124.821006819211,Muy bajo,0.975054903041046,True
1412000014520,120,0001,4494.0,116.616348913545,Alto,0.910963191857515,True
1412000016620,120,0001,2936.0,122.454570735274,Bajo,0.956569191659799,True
1412000013293,120,0001,3320.0,125.92390710469,Muy bajo,0.983670346533492,True
1412000014130,120,0001,198.0,116.40565624589,Alto,0.909317339738012,True
141200001582A,120,0001,3333.0,125.281282061142,Muy bajo,0.978650400648618,True
1412000017258,120,0001,,,,,False
1412000013518,120,0001,2266.0,120.66861399796,Medio,0.942617967280882,True
1412000014323,120,0001,3372.0,119.880136189022,Medio,0.936458674280966,True
1412000013185,120,0001,3933.0,123.840996242832,Muy bajo,0.967399427878003,True
1412000010710,120,0001,5180.0,124.482407054518,Muy bajo,0.972409888638855,True
1412000014770,120,0001,64.0,120.093267632293,Medio,0.938123577201152,True
1412000016635,120,0001,3332.0,122.41066844294,Bajo,0.95622624341346,True
1412000010369,120,0001,4739.0,122.541891414503,Bajo,0.957251308064631,True
1412000011649,120,0001,2723.0,120.351509027247,Medio,0.940140862149695,True
1412000015355,120,0001,981.0,118.994772866624,Medio,0.929542547977587,True
1412000014412,120,0001,1802.0,125.456074377034,Muy bajo,0.980015812681151,True
1412000011884,120,0001,3286.0,118.410820805158,Alto,0.924980933429017,True
1412000013734,120,0001,3534.0,117.994388215035,Alto,0.921727918178361,True
1412000013698,120,0001,1324.0,123.246070626039,Bajo,0.962752092029804,True
1412000012651,120,0001,3154.0,122.166007027044,Bajo,0.954315040169446,True
1412000014291,120,0001,2834.0,119.216825496084,Medio,0.931277139859233,True
1412000014855,120,0001,1059.0,124.899325594652,Muy bajo,0.975666699948789,True
1412000011009,120,0001,663.0,123.656199933039,Bajo,0.965955868396155,True
1412000011812,120,0001,3082.0,122.819380712954,Bajo,0.959418950418201,True
1412000015177,120,0001,4037.0,118.696827759432,Medio,0.927215112516135,True
1412000011193,120,0001,8743.0,123.599729520619,Bajo,0.965514742708176,True
1412000015800,120,0001,2673.0,124.102837836422,Muy bajo,0.969444836228372,True
1412000014268,120,0001,4051.0,118.760754447101,Medio,0.927714483830589,True
1412000016796,120,0001,1478.0,126.248504055223,Muy bajo,0.986205976201884,True
1412000012454,120,0001,3821.0,119.507242247208,Medio,0.933545766625875,True
1412000011935,120,0001,5082.0,123.867085683505,Muy bajo,0.967603228806179,True
1412000014588,120,0001,2319.0,119.180412887284,Medio,0.930992698212372,True
1412000016423,120,0001,,,,,False
1412000014592,120,0001,4216.0,120.246830241972,Medio,0.939323150728934,True
1412000017169,120,0001,305.0,125.779655960186,Muy bajo,0.982543510680277,True
1412000013556,120,0001,4675.0,119.212125724312,Medio,0.931240427004356,True
1412000016527,120,0001,3302.0,120.17272117007,Medio,0.938744238446785,True
1412000017205,120,0001,1067.0,117.257357293103,Alto,0.915970508969475,True
141200001657A,120,0001,2953.0,125.283939532347,Muy bajo,0.978671159817238,True
1412000012863,120,0001,1262.0,120.363937586883,Medio,0.940237949397419,True
1412000013306,120,0001,3069.0,126.077588888397,Muy bajo,0.984870851004097,True
1412000017262,120,0001,189.0,127.386773778127,Muy bajo,0.995097712477563,True
1412000012647,120,0001,2767.0,121.674910244488,Bajo,0.95047877624319,True
1412000012666,120,0001,4346.0,120.777839668646,Medio,0.943471197265594,True
1412000011282,120,0001,3575.0,125.168466335863,Muy bajo,0.977769126503532,True
1412000015834,120,0001,1624.0,123.880018923199,Muy bajo,0.967704258425291,True
1412000014395,120,0001,2787.0,124.502464966064,Muy bajo,0.972566573523041,True
1412000013202,120,0001,1922.0,125.48528321407,Muy bajo,0.980243981164082,True
1412000015196,120,0001,1393.0,124.470618295927,Muy bajo,0.972317799276989,True
1412000014569,120,0001,2160.0,120.148802190265,Medio,0.938557392345079,True
1412000011278,120,0001,2742.0,125.780790334914,Muy bajo,0.982552371990314,True
1412000012613,120,0001,3124.0,124.153383528116,Muy bajo,0.969839680219537,True
1412000014944,120,0001,,,,,False
1412000015745,120,0001,737.0,119.179777947412,Medio,0.930987738300169,True
1412000012435,120,0001,5424.0,119.805085471422,Medio,0.935872406215699,True
1412000011808,120,0001,3599.0,121.91619205872,Bajo,0.95236357930621,True
1412000014380,120,0001,3619.0,124.781841377066,Muy bajo,0.974748957292275,True
1412000016917,120,0001,1833.0,122.742859484793,Bajo,0.958821195275804,True
1412000012261,120,0001,5699.0,124.804577437856,Muy bajo,0.974926562874171,True
141200001671A,120,0001,4269.0,120.964536839966,Medio,0.944929605564954,True
1412000013768,120,0001,,,,,False
1412000014446,120,0001,2587.0,124.721547763467,Muy bajo,0.974277966190214,True
1412000013397,120,0001,10572.0,124.529065857583,Muy bajo,0.97277436971346,True
1412000012473,120,0001,8383.0,124.282154549745,Muy bajo,0.970845591157194,True
1412000011742,120,0001,4629.0,119.146526725474,Medio,0.930727992222088,True
1412000011850,120,0001,3966.0,124.429136327803,Muy bajo,0.971993757695868,True
1412000015270,120,0001,754.0,125.401131751205,Muy bajo,0.979586621489174,True
1412000011460,120,0001,4163.0,121.386428574906,Bajo,0.948225265607992,True
1412000011901,120,0001,3088.0,121.116256663772,Medio,0.94611478394046,True
1412000011032,120,0001,8289.0,121.179123645822,Bajo,0.946605877231961,True
141200001269A,120,0001,946.0,124.456862331015,Muy bajo,0.972210342836962,True
1412000017012,120,0001,3205.0,125.791869403128,Muy bajo,0.982638917517057,True
141200001098A,120,0001,2012.0,124.958866221325,Muy bajo,0.976131808999322,True
1412000013151,120,0001,3564.0,125.359674859814,Muy bajo,0.979262775798091,True
1412000014732,120,0001,2114.0,125.436289415163,Muy bajo,0.97986125997748,True
1412000013166,120,0001,3729.0,125.50033826312,Muy bajo,0.9803615855623,True
1412000013378,120,0001,2894.0,124.00691431072,Muy bajo,0.968695517612571,True
141200001372A,120,0001,2459.0,119.769064767588,Medio,0.935591025983481,True
1412000016870,120,0001,957.0,120.385563608411,Medio,0.940406883768818,True
1412000013715,120,0001,131.0,120.435351632123,Medio,0.940795809141798,True
1412000014041,120,0001,,,,,False
1412000014605,120,0001,5955.0,123.750436706906,Muy bajo,0.966692010739079,True
1412000012933,120,0001,2712.0,124.147706651137,Muy bajo,0.969795334585151,True
1412000017050,120,0001,504.0,125.67579399728,Muy bajo,0.981732179969593,True
1412000012986,120,0001,4412.0,124.78053452488,Muy bajo,0.974738748653006,True
1412000013575,120,0001,7011.0,124.6505706197,Muy bajo,0.973723519356324,True
141200001721A,120,0001,,,,,False
141200001326A,120,0001,10568.0,124.599675701774,Muy bajo,0.973325947340777,True
1412000016033,120,0001,1681.0,125.47917535501,Muy bajo,0.980196268859279,True
141200001447A,120,0001,3878.0,125.27500400286,Muy bajo,0.978601358811307,True
1412000010265,120,0001,2514.0,121.485187563869,Bajo,0.948996733799618,True
1412000010937,120,0001,7260.0,122.557704146717,Bajo,0.957374831199631,True
141200001251A,120,0001,3753.0,118.490076761969,Alto,0.925600051246224,True
1412000012948,120,0001,3793.0,123.723964355191,Muy bajo,0.966485218653414,True
1412000014643,120,0001,4674.0,117.348857992097,Alto,0.916685278121395,True
1412000016086,120,0001,,,,,False
1412000016781,120,0001,759.0,124.177785622035,Muy bajo,0.970030300227557,True
1412000013452,120,0001,1286.0,125.103834098164,Muy bajo,0.977264243696788,True
1412000012257,120,0001,4584.0,121.159886732265,Bajo,0.946455605676223,True
1412000014766,120,0001,,,,,False
1412000015158,120,0001,3081.0,118.733444356968,Medio,0.927501147646518,True
1412000014215,120,0001,2444.0,124.169655594189,Muy bajo,0.969966791498415,True
1412000012416,120,0001,1234.0,124.356935051978,Muy bajo,0.971429748401338,True
1412000012670,120,0001,3181.0,121.519058157487,Bajo,0.949261318177021,True
1412000017031,120,0001,1166.0,125.642743466366,Muy bajo,0.981474001614548,True
1412000014906,120,0001,,,,,False
1412000011846,120,0001,2256.0,123.49403352321,Bajo,0.964689085207635,True
1412000012420,120,0001,3116.0,125.512034616496,Muy bajo,0.980452953089274,True
1412000015251,120,0001,2182.0,126.164144617609,Muy bajo,0.985546991906215,True
1412000015266,120,0001,7324.0,124.308928789586,Muy bajo,0.971054741479708,True
1412000016512,120,0001,4661.0,123.598496702599,Bajo,0.965505112396057,True
1412000012609,120,0001,4314.0,123.648319283543,Bajo,0.965894307717177,True
1412000012331,120,0001,3703.0,121.598780552809,Bajo,0.949884079636989,True
1412000011920,120,0001,4685.0,124.911707019172,Muy bajo,0.97576341899467,True
141200001479A,120,0001,406.0,121.644169514741,Bajo,0.950238641188792,True
1412000012971,120,0001,3307.0,125.399199580104,Muy bajo,0.979571528093013,True
1412000016832,120,0001,5929.0,124.884084924227,Muy bajo,0.975547645545988,True
141200001244A,120,0001,4346.0,123.992888475052,Muy bajo,0.968585953043384,True
1412000014535,120,0001,4402.0,120.495389969008,Medio,0.941264806117887,True
1412000011210,120,0001,5366.0,123.557144752407,Bajo,0.965182086466265,True
1412000017188,120,0001,,,,,False
1412000014427,120,0001,2429.0,120.77096601947,Medio,0.94341750289554,True
1412000016813,120,0001,2570.0,126.317443966794,Muy bajo,0.986744508941727,True
1412000012204,120,0001,7382.0,124.856440575232,Muy bajo,0.975331698257026,True
1412000010814,120,0001,4052.0,123.035728515141,Bajo,0.961108978328244,True
1412000012172,120,0001,2351.0,116.330052390382,Alto,0.908726750766808,True
1412000012505,120,0001,2308.0,125.295035824147,Muy bajo,0.978757839888169,True
1412000012755,120,0001,4420.0,118.283552005793,Alto,0.923986757288423,True
141200001600A,120,0001,,,,,False
1412000016550,120,0001,2998.0,124.094164550623,Muy bajo,0.969377083771801,True
141200001632A,120,0001,201.0,119.106649853435,Medio,0.930416489049743,True
1412000013611,120,0001,865.0,119.716843397019,Medio,0.935183092217251,True
1412000010890,120,0001,4697.0,122.669710274543,Bajo,0.958249781072975,True
1412000012312,120,0001,3627.0,118.73227933683,Medio,0.92749204694603,True
1412000014554,120,0001,5319.0,118.746696519904,Medio,0.927604668574418,True
1412000013772,120,0001,5023.0,124.796212853182,Muy bajo,0.97486122187504,True
1412000012488,120,0001,1571.0,119.980561785761,Medio,0.937243161387634,True
1412000016705,120,0001,3051.0,119.544378569798,Medio,0.933835861653509,True
1412000012064,120,0001,,,,,False
1412000015533,120,0001,6650.0,116.486796803079,Alto,0.909951179346734,True
1412000016315,120,0001,,,,,False
1412000012223,120,0001,2259.0,119.21132833031,Medio,0.931234198061398,True
1412000014431,120,0001,2657.0,122.553566566453,Bajo,0.957342509974012,True
1412000011865,120,0001,2424.0,124.713392415204,Muy bajo,0.974214259667473,True
1412000010617,120,0001,17959.0,118.030200413029,Alto,0.922007669641136,True
1412000013062,120,0001,4486.0,123.456523118189,Bajo,0.964396067988313,True
1412000011795,120,0001,5426.0,122.978841494779,Bajo,0.960664598255233,True
1412000012990,120,0001,4047.0,122.800613470241,Bajo,0.95927234775499,True
1412000017332,120,0001,88.0,125.144287999503,Muy bajo,0.977580254405665,True
141200001707A,120,0001,556.0,126.109689913648,Muy bajo,0.985121612176921,True
1412000017065,120,0001,937.0,126.769142204632,Muy bajo,0.990273006209312,True
1412000016828,120,0001,1880.0,126.859819032093,Muy bajo,0.990981339585734,True
1412000016885,120,0001,5490.0,122.934728553264,Bajo,0.96032000449648,True
1412000017135,120,0001,907.0,126.25994047894,Muy bajo,0.986295313255821,True
1412000017402,120,0001,326.0,122.542440403863,Bajo,0.957255596563665,True
1412000017417,120,0001,285.0,115.137247958243,Muy alto,0.899409009790637,True
1412002315779,120,0231,3632.0,116.84233296602,Alto,0.91272849454165,True
1412001395980,120,0139,2798.0,120.090142537778,Medio,0.938099165134565,True
1412002317436,120,0231,211.0,112.26981376895,Muy alto,0.877009689061979,True
1412000012806,120,0001,1816.0,118.499993469635,Alto,0.925677516848193,True
1412000012793,120,0001,3592.0,118.908614659502,Medio,0.928869512368976,True
1412000013791,120,0001,2905.0,117.169405883882,Alto,0.915283465538445,True
1412002317224,120,0231,,,,,False
141200001739A,120,0001,1648.0,125.64584718146,Muy bajo,0.981498246673109,True
1412000013787,120,0001,4324.0,116.655248695011,Alto,0.911267062364667,True
1412000016103,120,0001,535.0,119.37647568011,Medio,0.932524267235248,True
1412002312045,120,0231,2598.0,124.10682238521,Muy bajo,0.969475962029482,True
1412002314003,120,0231,2114.0,114.519871258213,Muy alto,0.89458629449834,True
1412002315590,120,0231,172.0,107.802839184389,Muy alto,0.842115358520773,True
1412000015374,120,0001,5026.0,125.444280620593,Muy bajo,0.979923684277957,True
141200001536A,120,0001,3113.0,123.00396978344,Bajo,0.960860891024286,True
1412004306936,120,0430,1865.0,123.619450827943,Bajo,0.965668798166392,True
1412002316404,120,0231,554.0,117.690077764792,Alto,0.919350759043712,True
1412002314145,120,0231,6278.0,116.747831907013,Alto,0.91199028770231,True
1412001395995,120,0139,1254.0,117.581795778639,Alto,0.918504900768734,True
1412000015660,120,0001,648.0,124.648338451979,Muy bajo,0.973706082499054,True
1412000017385,120,0001,370.0,123.827316816854,Muy bajo,0.967292569331425,True
1412000013984,120,0001,2959.0,125.858251238805,Muy bajo,0.98315746752718,True
1412000017309,120,0001,1814.0,111.175604058389,Muy alto,0.868462133082212,True
1412000016438,120,0001,3069.0,125.536718719241,Muy bajo,0.980645776044495,True
1412000014200,120,0001,2770.0,124.229886726683,Muy bajo,0.970437294521506,True
1412000010994,120,0001,3500.0,123.750045457517,Muy bajo,0.966688954445552,True
1412000015336,120,0001,3252.0,116.960208133245,Alto,0.913649291150161,True
1412000016118,120,0001,693.0,116.646204428984,Alto,0.911196411949653,True
1412000012844,120,0001,2869.0,118.396826361228,Alto,0.924871614080323,True
141200001283A,120,0001,2148.0,118.807443520366,Medio,0.928079201364648,True
1412000012789,120,0001,3800.0,118.2779682925,Alto,0.923943139413814,True
141200001454A,120,0001,5229.0,118.747140467425,Medio,0.927608136525988,True
1412000014658,120,0001,7980.0,113.997898798219,Muy alto,0.890508841356923,True
1412000014060,120,0001,6420.0,124.732892755225,Muy bajo,0.974366589011974,True
1412000016014,120,0001,1043.0,126.371777394998,Muy bajo,0.987168941310281,True
1412000016283,120,0001,841.0,126.640975326588,Muy bajo,0.98927181461482,True
1412000014925,120,0001,896.0,126.042755653003,Muy bajo,0.984598746830085,True
1412000012774,120,0001,4768.0,116.238785218028,Alto,0.908013805837442,True
1412000016508,120,0001,4429.0,122.119552292899,Bajo,0.953952153204726,True
1412000016391,120,0001,3968.0,114.51181915166,Muy alto,0.894523394461119,True
1412000017281,120,0001,270.0,107.110176176224,Muy alto,0.836704534818278,True
1412000010602,120,0001,10105.0,117.66799255013,Alto,0.919178237627728,True
1412000015340,120,0001,9337.0,124.907919929464,Muy bajo,0.975733835669852,True
1412000015444,120,0001,3229.0,121.16213360253,Bajo,0.946473157384262,True
1412000010689,120,0001,2343.0,124.153001358039,Muy bajo,0.969836694850198,True
1412000016851,120,0001,825.0,121.221858305013,Bajo,0.946939704365998,True
1412000016141,120,0001,1044.0,125.346103623207,Muy bajo,0.979156762386312,True
1412000013630,120,0001,394.0,118.054494730168,Alto,0.922197447737356,True
1412000015209,120,0001,6805.0,121.239206895153,Bajo,0.94707522504723,True
1412000016866,120,0001,914.0,118.016547999914,Alto,0.921901022108918,True
1412000016584,120,0001,1974.0,120.010491842581,Medio,0.937476963769099,True
1412000017120,120,0001,2056.0,123.937799579384,Muy bajo,0.968155619246269,True
1412000011579,120,0001,5824.0,123.52783816438,Bajo,0.964953154389247,True
141200001319A,120,0001,5942.0,124.54762420923,Muy bajo,0.972919340597982,True
1412000010975,120,0001,1797.0,125.212797603465,Muy bajo,0.978115425743817,True
1412000015641,120,0001,422.0,127.176759349945,Muy bajo,0.993457158510516,True
141200001290A,120,0001,3999.0,125.749431461874,Muy bajo,0.982307408232289,True
1412000013645,120,0001,1039.0,125.499138836446,Muy bajo,0.980352216090858,True
1412000015942,120,0001,6209.0,125.867126498077,Muy bajo,0.983226797724789,True
1412002312079,120,0231,2035.0,117.019207591518,Alto,0.914110172796064,True
1412002313842,120,0231,2454.0,124.9186922785,Muy bajo,0.975817985221377,True
1412002316654,120,0231,3085.0,121.033934848761,Medio,0.945471716788551,True
1412002316673,120,0231,2131.0,120.269512554123,Medio,0.939500336446614,True
1412000017296,120,0001,640.0,110.344833416582,Muy alto,0.861972464329825,True
141200001664A,120,0001,3091.0,125.967007061962,Muy bajo,0.984007027239167,True
1412000017101,120,0001,601.0,125.064386890678,Muy bajo,0.976956096902824,True
1412000017366,120,0001,1245.0,126.309033546715,Muy bajo,0.986678809893599,True
1412000016300,120,0001,4653.0,122.915040900312,Bajo,0.960166211933597,True
1412000016071,120,0001,2461.0,125.74065397972,Muy bajo,0.982238841832861,True
1412000016067,120,0001,2133.0,125.32426165751,Muy bajo,0.978986141140037,True
1412000016175,120,0001,2101.0,124.950081620205,Muy bajo,0.976063186989196,True
1412000011418,120,0001,4229.0,123.761801532139,Muy bajo,0.966780788492498,True
1412000014889,120,0001,5202.0,124.466691776232,Muy bajo,0.972287126777404,True
1412000012280,120,0001,5692.0,123.477265278897,Bajo,0.964558097970394,True
1412000011634,120,0001,1988.0,120.973967440018,Medio,0.945003273876511,True
1412000014094,120,0001,694.0,120.268607239731,Medio,0.939493264470035,True
1412000012810,120,0001,3038.0,117.837735838614,Alto,0.92050420855131,True
1412000014126,120,0001,896.0,117.476923038687,Alto,0.917685674246763,True
1412000013490,120,0001,2180.0,117.563512923098,Alto,0.918362081956487,True
1412000013876,120,0001,,,,,False
1412000017027,120,0001,1082.0,126.13921544391,Muy bajo,0.985352254548596,True
1412000017154,120,0001,247.0,126.128012882781,Muy bajo,0.98526474434151,True
1412002434709,120,0243,3399.0,120.064691687308,Medio,0.937900352633616,True
1412000013113,120,0001,4211.0,119.492262834055,Medio,0.933428753066925,True
1412000012346,120,0001,2929.0,121.795669203353,Bajo,0.951422099950698,True
1412000013414,120,0001,2065.0,119.605761390573,Medio,0.934315361233619,True
1412000013043,120,0001,3491.0,120.016224075462,Medio,0.937521741823032,True
1412000013058,120,0001,2814.0,122.833839054303,Bajo,0.959531893559591,True
1412000010373,120,0001,3328.0,122.169828437832,Bajo,0.954344891597661,True
1412000012469,120,0001,2304.0,119.171700154656,Medio,0.93092463761196,True
1412000010354,120,0001,4977.0,121.423027675759,Bajo,0.948511164060851,True
1412000013081,120,0001,1972.0,123.654710722204,Bajo,0.965944235239497,True
1412000013096,120,0001,3270.0,123.4920567202,Bajo,0.964673643163731,True
1412000011526,120,0001,3516.0,119.086118760299,Medio,0.930256107848401,True
1412000012543,120,0001,2412.0,120.2734874351,Medio,0.939531386726408,True
1412000012242,120,0001,3010.0,124.887812586089,Muy bajo,0.975576764642752,True
1412000014198,120,0001,1676.0,123.740219495896,Muy bajo,0.966612197717658,True
1412000012539,120,0001,2139.0,121.774363794005,Bajo,0.951255670081435,True
1412000014183,120,0001,2995.0,125.081830707839,Muy bajo,0.977092361461843,True
1412000012685,120,0001,5105.0,121.487377936539,Bajo,0.949013844169627,True
141200001550A,120,0001,2478.0,122.706599878462,Bajo,0.95853794882686,True
1412000012721,120,0001,3538.0,124.722348634334,Muy bajo,0.974284222293142,True
1412000012350,120,0001,3928.0,124.607333045405,Muy bajo,0.973385763638069,True
1412000013132,120,0001,3527.0,121.573410839702,Bajo,0.949685900950687,True
1412000012365,120,0001,3294.0,125.009408472618,Muy bajo,0.97652662611536,True
1412000013128,120,0001,4736.0,123.31631349325,Bajo,0.963300802970562,True
1412000012897,120,0001,4684.0,123.332055798624,Bajo,0.963423775957491,True
1412000011189,120,0001,3922.0,124.739003562938,Muy bajo,0.974414324350547,True
1412000012882,120,0001,3413.0,123.582769884505,Bajo,0.965382260389951,True
1412000010547,120,0001,2887.0,124.882442659369,Muy bajo,0.975534816788694,True
1412000013170,120,0001,4299.0,124.962636040683,Muy bajo,0.976161257414627,True
1412000010636,120,0001,1475.0,124.097794935541,Muy bajo,0.969405442977551,True
141200001066A,120,0001,2999.0,124.38298077764,Muy bajo,0.971633207844238,True
1412000014376,120,0001,1374.0,125.673807594666,Muy bajo,0.981716662937184,True
1412000015552,120,0001,4055.0,119.834263993664,Medio,0.936100337890832,True
141200001116A,120,0001,6272.0,125.01902923569,Muy bajo,0.976601779909129,True
1412000011155,120,0001,4440.0,126.308395797077,Muy bajo,0.986673828032553,True
1412000012238,120,0001,1902.0,124.82433896838,Muy bajo,0.975080932540946,True
1412000013077,120,0001,4214.0,122.684352047922,Bajo,0.95836415711661,True
1412000014111,120,0001,1243.0,116.459369700787,Alto,0.909736929107549,True
1412000015124,120,0001,97.0,112.836170431183,Muy alto,0.881433854949215,True
1412000016298,120,0001,332.0,116.677549712672,Alto,0.911441269552763,True
1412000016724,120,0001,3049.0,124.150231355815,Muy bajo,0.969815056631443,True
1412000017370,120,0001,2086.0,124.805620846242,Muy bajo,0.97493471358925,True
1412000620161,120,0062,2834.0,120.857564448284,Medio,0.94409397735094,True
1412000620176,120,0062,4827.0,120.964528593563,Medio,0.944929541147143,True
1412000620180,120,0062,2496.0,120.05484532199,Medio,0.937823436519688,True
1412000620208,120,0062,1120.0,118.882781962,Medio,0.928667717022184,True
1412000620299,120,0062,839.0,119.361444233848,Medio,0.932406847213166,True
1412000620284,120,0062,1126.0,124.965713540672,Muy bajo,0.976185297690625,True
1412007500301,120,0750,4090.0,125.338829013248,Muy bajo,0.97909993586096,True
1412007500316,120,0750,2846.0,125.542378466152,Muy bajo,0.980689987865211,True
1412007530320,120,0753,2902.0,124.970097210392,Muy bajo,0.976219541274794,True
1412007560335,120,0756,1091.0,124.914239579113,Muy bajo,0.975783202403326,True
1412007560424,120,0756,2467.0,123.404785082036,Bajo,0.963991909849315,True
1412007570439,120,0757,2153.0,123.032808325656,Bajo,0.961086166902928,True
1412007570462,120,0757,1431.0,123.410595048308,Bajo,0.964037295127352,True
1412007580759,120,0758,2882.0,122.473993650371,Bajo,0.956720916189826,True
1412007580797,120,0758,2961.0,122.409971137989,Bajo,0.95622079632864,True
141200758080A,120,0758,4591.0,120.087204011226,Medio,0.938076210466961,True
1412007580829,120,0758,2907.0,121.375902813179,Bajo,0.948143042304065,True
1412007580833,120,0758,1637.0,121.067950147462,Medio,0.945737431547801,True
1412007580496,120,0758,3471.0,118.568506813284,Alto,0.926212717399381,True
1412007580509,120,0758,3629.0,119.679060778992,Medio,0.934887948571991,True
1412007580551,120,0758,2967.0,120.69737674023,Medio,0.942842651038766,True
1412007580566,120,0758,3525.0,120.56467432856,Medio,0.941806029556207,True
1412007580693,120,0758,4273.0,121.550451899668,Bajo,0.949506554319709,True
1412007580744,120,0758,4470.0,119.669385804276,Medio,0.934812371297192,True
1412007630852,120,0763,1705.0,123.469248992865,Bajo,0.964495477749659,True
1412007630867,120,0763,2468.0,125.363174099841,Muy bajo,0.979290110549124,True
1412007580848,120,0758,2014.0,121.348558977958,Bajo,0.947929442516017,True
1412401760160,124,0176,2793.0,115.807993593136,Alto,0.904648623191157,True
1412401760599,124,0176,122.0,112.457410938391,Muy alto,0.8784751278092,True
1412401760601,124,0176,,,,,False
141240001032A,124,0001,,,,,False
1412400010565,124,0001,155.0,116.298581268253,Alto,0.908480910160988,True
1412400010279,124,0001,156.0,115.11437126218,Muy alto,0.899230305618719,True
1412400010264,124,0001,,,,,False
1412400010300,124,0001,401.0,115.93161415912,Alto,0.905614300700501,True
1412400010230,124,0001,,,,,False
1412400010531,124,0001,,,,,False
1412400010457,124,0001,,,,,False
1412400010283,124,0001,239.0,116.947650497074,Alto,0.91355119560494,True
1412400010211,124,0001,2803.0,118.78259523269,Medio,0.927885095858303,True
1412400010315,124,0001,,,,,False
1412400010508,124,0001,304.0,118.169791134199,Alto,0.923098100014708,True
1412400010512,124,0001,1760.0,118.446619710498,Alto,0.925260581054561,True
1412400010442,124,0001,88.0,120.266105378753,Medio,0.939473720870158,True
1412400010141,124,0001,1901.0,119.952331951033,Medio,0.937022640503655,True
1412400010476,124,0001,,,,,False
1412400010245,124,0001,,,,,False
141240001018A,124,0001,3715.0,118.930489884073,Medio,0.929040393421109,True
1412400010480,124,0001,2056.0,118.939477870583,Medio,0.929110604201634,True
1412400010584,124,0001,,,,,False
1412400010298,124,0001,155.0,117.563589239853,Alto,0.918362678114366,True
1412400010527,124,0001,2142.0,118.737334526494,Medio,0.927531536192217,True
1412400010334,124,0001,199.0,114.01777108071,Muy alto,0.890664076176533,True
1412400010461,124,0001,221.0,119.606786903684,Medio,0.934323372157521,True
1412400010495,124,0001,3190.0,118.58254721235,Alto,0.926322395732364,True
1412400010423,124,0001,,,,,False
1412400010404,124,0001,151.0,114.683534469124,Muy alto,0.895864770135673,True
1412400010419,124,0001,,,,,False
1412400010175,124,0001,2626.0,118.800371158986,Medio,0.928023954729361,True
141240001057A,124,0001,149.0,120.99838306902,Medio,0.945193999615518,True
1412400010349,124,0001,,,,,False
1412400010438,124,0001,734.0,117.966775585783,Alto,0.921512218672133,True
141240001025A,124,0001,,,,,False
1412400010137,124,0001,2855.0,116.906702729882,Alto,0.913231327001193,True
1412400010546,124,0001,,,,,False
1412400010550,124,0001,116.0,117.385953040725,Alto,0.916975050732315,True
1412400940387,124,0094,1509.0,119.110517031156,Medio,0.930446697992086,True
1412400010122,124,0001,2656.0,117.478026568625,Alto,0.91769429460886,True
1412400010226,124,0001,1034.0,119.396788915221,Medio,0.932682946611395,True
1412400010156,124,0001,3023.0,117.353618985119,Alto,0.916722469213731,True
1412400940391,124,0094,1452.0,119.027085034167,Medio,0.929794958514828,True
1412400010372,124,0001,,,,,False
