cve_ageb,n_intersections,n_intersection_density,n_street_density,p_poi_density,p_employment_proxy,p_retail_density,p_service_density,p_land_use_mix,pe_population,pe_pop_density,pe_dep_ratio,pe_youth_share,pe_marginacion,pe_rezago,v_ridership_annual,n_intersections_n,n_street_density_n,n_intersection_density_n,p_poi_density_n,p_employment_proxy_n,p_retail_density_n,p_service_density_n,p_land_use_mix_n,pe_population_n,pe_pop_density_n,pe_marginacion_n,pe_rezago_n,pe_dep_ratio_n,pe_youth_share_n,v_ridership_annual_n
1400200020219,40.47937222802224,0.0,20387.669307978536,0.0,0.0,0.0,0.0,0.0,21,425.03340839423356,0.23529411764705882,0.0,0.0,20.0,0.0,0.5574194346256257,0.8595424405874702,0.0,0.0,0.0,0.0,0.0,0.0,0.3155444333240061,0.5684291301184243,0.0,0.25,0.0784313725490196,0.0,0.0
1400200020045,117.6003238921039,30.845986594650203,32901.11181890346,462.68979891975306,120.0,240.9842702707047,19.278741621656376,1.0336807186324808,4496,8667.722233096707,0.5302927161334241,0.17660142348754448,121.302354,15.829787234,0.0,0.7146203381131326,0.9009967895122654,0.5889883723280573,0.6703710161278813,0.5106525382328262,0.6127437909454186,0.48071004799704503,0.7093517296410351,0.8586412454145501,0.8513011408622289,0.9502395338561562,0.197872340425,0.17676423871114136,0.20108552066157792,0.0
1400200020172,0.0,0.0,0.0,100.0,0.0,0.0,0.0,0.0,0,0.0,0.0,0.0,0.0,0.0,0.0,0.0,0.0,0.0,0.5039475945017607,0.0,0.0,0.0,0.0,0.0,0.0,0.0,0.0,0.0,0.0,0.0
1400200020261,23.520020535554647,0.0,16692.633127888254,0.0,0.0,0.0,0.0,0.0,96,2257.921971413246,0.6842105263157895,0.22916666666666666,117.2627231,15.0,0.0,0.4787554155678196,0.8422218962700702,0.0,0.0,0.0,0.0,0.0,0.0,0.467002509708211,0.7250412662888027,0.9185945009545943,0.1875,0.2280701754385965,0.26093843172331543,0.0
1400200020149,71.27949484093531,0.0,27284.890848576164,0.0,0.0,0.0,0.0,0.0,32,1140.471917454965,0.8823529411764706,0.0,0.0,42.8571428571,0.0,0.6405183225319986,0.8847837123696403,0.0,0.0,0.0,0.0,0.0,0.0,0.3569357308235414,0.6609581831027267,0.0,0.53571428571375,0.29411764705882354,0.0,0.0
1400200020242,0.0,0.0,0.0,0.0,0.0,0.0,0.0,0.0,4,400.0,0.0,0.0,0.0,0.0,0.0,0.0,0.0,0.0,0.0,0.0,0.0,0.0,0.0,0.1642970556737026,0.5627437909013866,0.0,0.0,0.0,0.0,0.0
1400200020223,361.74375591193893,72.34875118238779,74836.87470763347,144.69750236477557,0.0,72.34875118238779,0.0,0.6931471805599453,78,5643.202592226247,0.625,0.15384615384615385,120.2731381,23.8095238095,0.0,0.8819028182186776,0.9721829145361175,0.7309744738348083,0.5439579197976554,0.0,0.4794923975722131,0.0,0.4756644315437017,0.4460485313126417,0.8110157422823948,0.9421770222493877,0.29761904761875,0.20833333333333334,0.1751754506674006,0.0
1400200020327,193.20923011993887,0.0,43344.90975880443,0.0,0.0,0.0,0.0,0.0,39,753.5159974677615,0.39285714285714285,0.23076923076923078,0.0,44.4444444444,0.0,0.7884168179567642,0.924876778423828,0.0,0.0,0.0,0.0,0.0,0.0,0.37657372699113123,0.6220899888640975,0.0,0.555555555555,0.13095238095238096,0.2627631760011009,0.0
1400200020153,153.685003867025,51.22833462234166,34945.38028817521,179.29917117819582,0.0,128.07083655585416,0.0,0.7963116401738131,338,8657.58855117574,0.5363636363636364,0.1863905325443787,119.2299745,26.5957446809,0.0,0.7543681005280758,0.9062182878743471,0.6731802629671177,0.5672257096445706,0.0,0.542580672377869,0.0,0.5464598778991236,0.5947384839155615,0.8511913255459781,0.934005249317432,0.33244680851125,0.1787878787878788,0.21223179600088918,0.0
1400200020257,219.19596174493105,73.06532058164369,68255.45869364629,36.532660290821845,0.0,0.0,0.0,0.0,65,2374.6229189034198,0.6666666666666666,0.2,0.0,26.6666666667,0.0,0.8072082404939118,0.9642090405042159,0.7326289822340697,0.395854584036683,0.0,0.0,0.0,0.0,0.4276946212626842,0.7297704465515676,0.0,0.33333333333375,0.2222222222222222,0.22772808586762075,0.0
1400200020238,145.72771292301513,48.575904307671706,45847.38019323573,97.15180861534341,0.0,48.575904307671706,0.0,0.6931471805599453,56,2720.2506412296157,0.6,0.23214285714285715,0.0,16.6666666667,0.0,0.7464655453509086,0.9297387435575237,0.6643102825776794,0.5008240560863487,0.0,0.43576313746494844,0.0,0.4756644315437017,0.4127288254558535,0.7425230393928239,0.0,0.20833333333374998,0.19999999999999998,0.26432724252491696,0.0
140020002005A,108.0838913458769,6.357875961522171,24112.185733142076,162.12583701881536,540.0,44.505131730655194,6.357875961522171,0.9177502110747696,1139,3620.8103600868762,0.4927916120576671,0.1562774363476734,121.8992637,16.4429530201,0.0,0.7021045764190126,0.8740760952225926,0.3396464009283457,0.5562957786077307,0.6701190342553774,0.42619837352217205,0.3187785365352094,0.6297957269296565,0.7185436620078418,0.7693631458864224,0.9549155123213576,0.20553691275125,0.16426387068588902,0.17794380721877304,0.0
1400200020276,0.0,0.0,0.0,0.0,0.0,0.0,0.0,0.0,8,647.142076287806,0.0,0.0,0.0,0.0,0.0,0.0,0.0,0.0,0.0,0.0,0.0,0.0,0.0,0.2243003758773564,0.6078225905471699,0.0,0.0,0.0,0.0,0.0
1400200020331,0.0,0.0,76846.24881334408,0.0,0.0,0.0,0.0,0.0,0,0.0,0.0,0.0,0.0,0.0,0.0,0.0,0.9744780544346897,0.0,0.0,0.0,0.0,0.0,0.0,0.0,0.0,0.0,0.0,0.0,0.0,0.0
1400200020204,124.08111125762895,62.040555628814474,39518.78530513196,155.10138907203617,0.0,124.08111125762895,0.0,0.5004024235381879,231,7165.684175128072,0.6428571428571429,0.14285714285714285,124.4656668,17.6470588235,0.0,0.7225813944843869,0.9168718183329995,0.7052007275727465,0.5514894361675653,0.0,0.5390754870512962,0.0,0.3433955168700248,0.5560220163070987,0.8334368385667273,0.975019802180654,0.22058823529375,0.2142857142857143,0.16266291847687195,0.0
1400200020100,103.18805249197564,23.812627498148228,31638.89504521956,52.91694999588495,0.0,37.04186499711946,2.645847499794247,0.8711332705993318,1199,3172.3711522533026,0.5880794701986755,0.18765638031693077,120.5499007,21.2121212121,0.0,0.6952333756744615,0.8976082480590653,0.5465177228529562,0.4354086221696842,0.0,0.40620053327658745,0.2066210493567697,0.5978053775299187,0.7237798610426549,0.7569534554873482,0.9443450821042922,0.26515151515125,0.19602649006622516,0.21367314145210453,0.0
1400200010134,0.0,0.0,56384.48031908185,0.0,0.0,0.0,0.0,0.0,4,268.5740039417611,0.0,0.0,0.0,0.0,0.0,0.0,0.9476587133563258,0.0,0.0,0.0,0.0,0.0,0.0,0.1642970556737026,0.5254602747899753,0.0,0.0,0.0,0.0,0.0
1400200010030,58.50324225702249,14.269083477322559,20709.036512295137,310.3525656317657,570.0,127.70829712203691,21.403625215983837,1.1430431227911904,3574,2549.8852173975415,0.5545889517181383,0.16703973139339676,122.0317858,12.7906976744,0.0,0.6114128834450685,0.8608971564163345,0.463890016986111,0.6268797960662384,0.6758657160368494,0.5422666695690512,0.49662678782474284,0.7844004455059427,0.8352186628248667,0.7364532606190505,0.9559536433582015,0.15988372093,0.18486298390604608,0.19019819147029882,0.0
1400200010083,19.62948260902479,3.2715804348374653,9414.224587309212,29.44422391353719,0.0,13.086321739349861,0.0,1.0608569471580214,143,467.8360021817575,0.45918367346938777,0.23776223776223776,121.7829461,2.7777777778,0.0,0.4529031851377127,0.7926126460551345,0.2471030125958575,0.3729984319515713,0.0,0.2952942349449262,0.0,0.7280011098241304,0.5073359376339279,0.5774172470209091,0.9540043215788987,0.0347222222225,0.15306122448979592,0.2707256964859827,0.0
1400200010064,72.72973921019216,19.44260355123949,19995.397383361244,151.94034627079748,100.0,68.40916064325005,8.641157133884217,1.0320109567414533,4853,3494.627964228342,0.5253224284366153,0.16525860292602515,121.8264391,16.0484481453,0.0,0.6434909336163853,0.8578595881893121,0.5135478987952752,0.5492555516680911,0.49141491559492917,0.4733294718108584,0.3619479233297227,0.7082058743840501,0.8664396693728441,0.7660338888460899,0.954345030284733,0.20060560181625,0.17510747614553843,0.18817012658750448,0.0
1400200010168,0.0,0.0,33345.51347809724,0.0,0.0,0.0,0.0,0.0,16,1600.0,0.23076923076923078,0.25,0.0,0.0,0.0,0.0,0.9021589637940572,0.0,0.0,0.0,0.0,0.0,0.0,0.2892243353581004,0.6927204440223791,0.0,0.0,0.07692307692307693,0.28466010733452596,0.0
1400200010295,0.0,0.0,60544.660386885625,0.0,0.0,0.0,0.0,0.0,2,133.4753766675824,0.0,0.0,0.0,0.0,0.0,0.0,0.9538251067993285,0.0,0.0,0.0,0.0,0.0,0.0,0.11215018793867818,0.46016675607319923,0.0,0.0,0.0,0.0,0.0
1403900015205,132.46032123495752,48.95272741291909,24626.68265949095,161.25604324255698,0.0,57.591444015198924,5.759144401519892,0.950271534988882,5156,14847.074267118283,0.40184883088635126,0.15709852598913887,123.240996,8.0741626794,376602135.0,0.7322839915289946,0.8759049179003205,0.6655989409671269,0.5557119890916206,0.0,0.4544153351076973,0.30522171095067774,0.6521131185118574,0.8726210200694189,0.9018253035355174,0.9654261663463548,0.10092703349250001,0.1339496102954504,0.17887873308065633,1.0
1400200010079,61.14969632086544,21.839177257451944,18949.446781958897,81.53292842782058,40.0,21.839177257451944,7.279725752483981,1.2587704936073711,1079,1570.964817386043,0.46603260869565216,0.18906394810009267,122.4908924,12.2302158273,0.0,0.6179242661877001,0.8532057713283036,0.5324137475160605,0.4818986153333551,0.39541864552742145,0.3492438565708041,0.3376324780522976,0.8638170479205365,0.7130242908071658,0.6910021471815787,0.9595501213092749,0.15287769784125,0.15534420289855072,0.21527585503704647,0.0
1400200010308,0.0,0.0,9128.05068898433,70.45290499314987,0.0,35.226452496574936,0.0,0.6931471805599453,18,317.03807246917444,0.6363636363636364,0.0,0.0,0.0,0.0,0.0,0.7899388974074383,0.0,0.4661572121312163,0.0,0.4007418988361396,0.0,0.4756644315437017,0.30057863751717523,0.5409821281242142,0.0,0.0,0.21212121212121213,0.0,0.0
1400200010191,25.767804378869172,0.0,5479.999803339349,25.767804378869172,20.0,12.883902189434586,0.0,0.6931471805599453,68,876.1053488815519,0.5227272727272727,0.16176470588235295,121.0520973,9.5238095238,0.0,0.49187987739603667,0.745745801537911,0.0,0.3589454368639742,0.3241786929076167,0.29367842659600124,0.0,0.4756644315437017,0.4322324127819912,0.636224452770948,0.9482791118024146,0.11904761904750001,0.17424242424242423,0.18419183415763443,0.0
1400200010280,178.91282814037842,0.0,60271.92481401594,44.728207035094606,0.0,0.0,44.728207035094606,0.0,99,4428.092496474366,0.5,0.1717171717171717,122.9551909,15.3846153846,0.0,0.7769751877387204,0.9534340185891534,0.0,0.4174209942343986,0.0,0.0,0.6105908021245623,0.0,0.470111892225691,0.7882547763708395,0.9631872707598957,0.1923076923075,0.16666666666666666,0.19552411412876528,0.0
1400200040187,60.04941241067606,30.02470620533803,24168.683857248077,145.83428728307044,330.0,64.33865615429579,10.723109359049298,1.1848675977243324,3039,3258.7529342150815,0.564076170869789,0.17933530766699574,120.5567227,20.1995012469,0.0,0.6152514340260611,0.8742788201241607,0.5845419147690243,0.5448065915496846,0.6178056458770863,0.46658288036783413,0.3931778902522403,0.8131020195029912,0.8186701453865922,0.7594749213775558,0.944398523227949,0.25249376558625,0.18802539028992968,0.20419843171742896,0.0
1400200010312,0.0,0.0,0.0,0.0,0.0,0.0,0.0,0.0,9,900.0,0.0,0.0,0.0,0.0,0.0,0.0,0.0,0.0,0.0,0.0,0.0,0.0,0.0,0.2350559461128455,0.6387479109628595,0.0,0.0,0.0,0.0,0.0
1400200010098,14.572582918606484,0.0,15037.672670445463,43.71774875581945,0.0,14.572582918606484,0.0,1.0986122886681096,50,728.6291459303242,0.47058823529411764,0.16,0.0,20.0,0.0,0.4108244420068554,0.8331781959252919,0.0,0.41498105152372333,0.0,0.3064919576644426,0.0,0.7539102869236126,0.4013745232967786,0.6189410730088981,0.0,0.25,0.1568627450980392,0.1821824686940966,0.0
1400200010115,48.92445639543282,0.0,17603.623032475756,32.616304263621885,0.0,32.616304263621885,0.0,0.0,268,4370.584771325332,0.4644808743169399,0.21641791044776118,122.3395147,19.1176470588,0.0,0.5851489908035881,0.8468245640580783,0.0,0.3838212740083609,0.0,0.3923941021803706,0.0,0.0,0.5711277209958094,0.7870277806773638,0.9583642822027706,0.238970588235,0.15482695810564664,0.24642218246869407,0.0
140020001012A,148.1833360267186,26.15000047530328,40167.51067775441,122.0333355514153,0.0,61.01666777570765,17.433333650202187,0.9922819748525737,927,8080.350146868714,0.4903536977491961,0.18122977346278318,124.2682616,9.2,0.0,0.7489490984172948,0.9182822169826041,0.5618383421343625,0.5254955494847501,0.0,0.4607577548910878,0.46547009851118537,0.6809423088441632,0.6975397971853845,0.8447139311633343,0.9734733999960041,0.11499999999999999,0.16345123258306538,0.20635554706451073,0.0
1403900012696,138.75102199297365,65.52131594112645,28946.011454188207,703.3905976032692,845.0,206.1994354617803,92.50068132864911,1.1447174313654638,6406,12344.986762319295,0.5023452157598499,0.14658133000312207,123.9129474,6.699751861,376602135.0,0.7391759080831249,0.8899029228138883,0.7143470743596513,0.7160272833548873,0.7177259488846433,0.5954192346509878,0.72483607175797,0.7855494208730027,0.8947768276728395,0.8844998254428232,0.9706899948216867,0.08374689826250001,0.1674484052532833,0.16690342852770518,1.0
1403900014207,282.9177531963402,94.3059177321134,62676.41616100865,736.7649822821359,0.0,335.964831920654,29.470599291285435,1.1460638909142773,4817,28391.97535722439,0.5071964956195244,0.17853435748391114,120.5258251,16.9039145907,376602135.0,0.8452404552177136,0.9568225756432204,0.7755396948194083,0.7210821653981634,0.0,0.6497063987272802,0.5457491416285151,0.7864734135456204,0.8656797390619912,0.9626883598951648,0.9441564824096705,0.21129893238375003,0.16906549853984146,0.20328643745708308,1.0
1403900013020,93.77626007409185,10.419584452676872,29141.83120837252,93.77626007409185,370.0,39.362874599001515,6.946389635117915,1.234225973716766,4278,4952.775809839073,0.434126718069058,0.17391304347826086,121.7759034,9.9917423617,376602135.0,0.681066165115894,0.8904869376651777,0.4144517999092281,0.49700262890397706,0.6299531998416018,0.4128118396780412,0.3310689520043009,0.8469736480933218,0.8535685968090645,0.7987657194615932,0.9539491515698725,0.12489677952125,0.14470890602301933,0.19802442249358326,1.0
1403900014194,211.40584593670727,87.65608246156155,47053.09336303648,494.99905390058285,60.0,237.18704666069596,10.312480289595477,1.0902929712121567,3732,19243.088220385158,0.4862604540023895,0.17818863879957128,120.3992146,14.7688838782,376602135.0,0.8018185294866333,0.9319873169011651,0.7632308223831082,0.6777261906144726,0.4377230725854981,0.6109781403453616,0.3874827469047983,0.7482012491903557,0.8396334703920766,0.9261728820532403,0.9431646607464133,0.1846110484775,0.1620868180007965,0.20289278818591613,1.0
1403900015243,207.71209930622257,48.46615650478527,42613.37997179685,581.5938780574231,0.0,311.5681489593338,13.847473287081504,0.9084572618940506,3622,25077.774122904604,0.5706851691240243,0.16537824406405302,121.965351,9.1108671789,376602135.0,0.7991934803531051,0.9234023945440264,0.6639331252205435,0.6952974307785473,0.0,0.6413164426905253,0.43091620999753766,0.6234185454112373,0.8365801745367567,0.951035345113213,0.9554332167440253,0.11388583973625,0.19022838970800812,0.18830635482427505,1.0
1403900015084,166.22580729935558,87.26854883216168,36043.605700256354,2019.6435586871705,0.0,1338.1177487598125,37.40080664235501,0.8953368199639206,3838,15949.36621037317,0.45226321795359453,0.1730067743616467,120.3178473,12.1827411168,376602135.0,0.7660327742218314,0.9088986216214165,0.7624852873931682,0.8311010450630476,0.0,0.8037373619349816,0.5826965820653928,0.6144147901809904,0.8424917794185535,0.9085485682644756,0.9425272582338196,0.15228426396,0.15075440598453152,0.19699250783754582,1.0
1403900011927,117.52418346802285,51.84890447118655,22746.10947929568,826.1258779075724,735.0,387.1384867181929,34.565936314124365,1.0374374102281871,2553,8824.683540995951,0.47231833910034604,0.16764590677634156,123.4080568,18.700265252,376602135.0,0.7145242428877198,0.8690241464252157,0.6751904353729721,0.7335665892595084,0.7028945245915521,0.6654895926390395,0.5704470984990742,0.7119297168600167,0.8008875306025034,0.8529858767638299,0.9667348612849348,0.23375331565000002,0.157439446366782,0.19088840726858927,1.0
1403900011838,147.09755952809135,110.32316964606852,27665.062564665765,1299.3617758314738,850.0,306.453249016857,110.32316964606852,1.077068706176082,533,3266.791634519696,0.3160493827160494,0.10881801125703565,121.4203462,15.0,376602135.0,0.7478560527353846,0.8859822993123719,0.8019768630940401,0.7829708252770288,0.7183534069443073,0.6394745425924179,0.7527034293708018,0.7391262465251407,0.6411247907326671,0.759706161385306,0.9511638428199103,0.1875,0.10534979423868313,0.12390458705742968,1.0
1403900013088,153.06188829305373,68.87784973187418,38558.96595587138,489.79804253777195,975.0,151.14861468939057,36.35219846960026,1.2863693411611532,7760,14847.003164426213,0.47192716236722304,0.16507731958762886,122.378334,10.0235294118,376602135.0,0.7537641108091538,0.9147420179431004,0.7227245512164255,0.6765751350547385,0.732946447131619,0.5609440324048524,0.578274269764021,0.8827564456431471,0.9143482813811856,0.9018248539485422,0.958668378803704,0.1252941176475,0.15730905412240767,0.1879637100492411,1.0
140390001051A,147.02925533857544,112.72242909290784,31855.291565819545,1335.5157359920602,435.0,676.334574557447,71.06414008031146,1.103740528764531,7354,18020.885729331396,0.4960309383268878,0.16222463965189013,120.9438941,15.6282450675,376602135.0,0.7477870235799408,0.8981986805612744,0.8056057161664243,0.7859653331608011,0.6471432412507614,0.7276476515510296,0.6832412210283157,0.7574294838253635,0.9088632493807113,0.9200124206965057,0.9474314863859306,0.19535306334375,0.1653436461089626,0.18471553334244734,1.0
140390001083A,133.11754519709734,88.74503013139822,23963.336636718414,460.98112873809634,905.0,165.1643616334356,44.37251506569911,1.2288535991901095,5450,13435.011506003342,0.42483660130718953,0.16844036697247705,122.2838686,13.4691195795,376602135.0,0.7330190586902057,0.8735397166046188,0.7653084183089632,0.6699678960443197,0.7250219065030661,0.5707811657560872,0.609343525615751,0.8432869166935091,0.8782809440946329,0.8924432085563718,0.9579283704303997,0.16836399474375,0.14161220043572983,0.191793011767409,1.0
1403900012408,162.7684162217219,100.16517921336732,31586.011280565872,1001.6517921336733,5015.0,250.41294803341833,68.86356070919004,1.1546729685089363,1913,11975.99923969823,0.43081525804038895,0.15316257187663357,122.6569313,14.2355008787,376602135.0,0.7629066456684085,0.8974633420224736,0.7856932761179961,0.7545807826804904,0.9072451683605254,0.6170108900021795,0.6782877118611125,0.7923812959045604,0.7714399662523544,0.8816510719294615,0.9608508110464088,0.17794376098375,0.14360508601346297,0.17439709660013822,1.0
1403900015328,237.3190088430242,79.10633628100807,29634.640440878364,962.4604247522648,60.0,448.26923892571233,52.73755752067204,1.1179357344644199,1120,14766.516105788172,0.4602346805736636,0.14017857142857143,124.6086135,9.4972067039,376602135.0,0.8190432049751463,0.8919395063187463,0.745972614933262,0.7502269476314051,0.4377230725854981,0.6818171707297963,0.6363702303837097,0.7671707835655268,0.7168279325395551,0.9013145434093426,0.976139595829294,0.11871508379875,0.1534115601912212,0.15961298875543062,1.0
1403900012802,166.67032227951765,63.49345610648292,31574.848374959,769.8581552911054,340.0,285.72055247917314,71.43013811979328,1.2783879234633349,8937,17732.53178823868,0.49298362846642163,0.1661631419939577,121.1963931,18.3014861996,376602135.0,0.76643000187375,0.8974327236982184,0.7090784335347059,0.7258735346893358,0.6209749073455019,0.6316808298086285,0.6840503864829894,0.8772792878062232,0.9287625388647389,0.9184980917742231,0.949409473821023,0.228768577495,0.16432787615547387,0.1892000713401683,1.0
1403900014353,133.02546957157233,75.50094218927077,25189.735042859567,877.2490425800985,450.0,302.0037687570831,93.47735699624,1.252393412217597,2928,10526.988510961182,0.5139607032057911,0.14685792349726776,122.6256387,11.8047673099,376602135.0,0.7329162946542792,0.8778630559642387,0.7381353634249336,0.7401153681752083,0.6507449146438345,0.6378471675967278,0.7264958706040957,0.8594408477725038,0.8148730018183473,0.8695445107964281,0.9606056759385019,0.14755959137375002,0.17132023440193037,0.16721836906263135,1.0
140390001133A,129.92431639074792,114.93304911489238,25110.886094404228,1114.350867505261,1805.0,234.8631873217366,169.90102912636266,1.2833564633957506,1300,6496.215819537396,0.3771186440677966,0.1453846153846154,123.7404649,13.7078651685,376602135.0,0.7294132762042211,0.8775914923429976,0.8088821163634391,0.7662123049271002,0.7984745845601051,0.6098836430192187,0.8211699555386744,0.8806888922723995,0.7320293964010383,0.82422958677997,0.9693388282120237,0.17134831460625,0.12570621468926554,0.16554080088069356,1.0
1403900011700,189.3502602949726,58.26161855229926,31347.708347654527,485.5134879358272,160.0,218.48106957112222,24.27567439679136,1.0432502751283028,4300,20877.079981240568,0.4822475008617718,0.17209302325581396,122.1697474,14.3213988343,376602135.0,0.7854136102333373,0.8968073475108771,0.6946806246629422,0.6756177034327737,0.5410645048185279,0.6018475784172054,0.5158930028865834,0.7159187298083493,0.8540921030862765,0.9338241340446689,0.9570343855050032,0.17901748542875,0.16074916695392394,0.1959520738860923,1.0
1403900011325,141.61081565425843,115.64883278431105,23147.543356908896,1342.9425684545508,4130.0,236.0180260904307,177.01351956782304,1.1127696088159726,2359,5567.6652354732605,0.3357870894677237,0.12166172106824925,123.110583,16.0087719298,376602135.0,0.7422070515690925,0.8705395192313855,0.8099296151209262,0.7865704343523447,0.8865761158213982,0.6104288933175763,0.8276828055691619,0.7636255881311793,0.7928230220135111,0.8097507775587606,0.9644045572493972,0.2001096491225,0.11192902982257456,0.13852895431116394,1.0
1403900011734,163.25066892048278,84.54052497667858,30850.38899734823,868.7267738982833,860.0,314.8405757752168,61.21900084518104,1.1677091914624074,5234,15258.107163032266,0.45308162132148805,0.16794038975926634,121.7444468,15.1669085631,376602135.0,0.7633466316217601,0.8954221251507888,0.757142626314705,0.739050598756627,0.7195973384350381,0.6424791152340746,0.659777945725932,0.8013272568123586,0.8741534801460711,0.904388962366046,0.9537027317442465,0.18958635703875,0.1510272071071627,0.1912237174986995,1.0
1403900012268,162.39086358839785,96.86472564921976,30633.849007481524,641.0165667963073,875.0,193.72945129843953,45.583400305515184,1.0984677836106258,3930,11196.422700042167,0.46567164179104475,0.15216284987277354,122.9483651,11.7746005046,376602135.0,0.7625612782230559,0.8948119873517579,0.7800485698929953,0.705902850725051,0.7214364053013035,0.5884900546898666,0.6135503725721366,0.7538111219584349,0.8449093137706339,0.8753321860252601,0.9631337998683893,0.14718250630750002,0.15522388059701492,0.17325877270844428,1.0
140390001350A,82.95659068549641,49.32554040759246,24005.938272039555,329.58429272345876,6150.0,91.92487075960413,7.847245064844255,1.156156843684285,2929,3283.511542132689,0.5263157894736842,0.1590986684875384,122.0770676,15.796519411,376602135.0,0.6629275596820413,0.8736935714114178,0.6668643544540613,0.633424474051101,0.928965019778839,0.5059011450122438,0.3482217818806103,0.7933995885003607,0.8149078485503244,0.7601853070859533,0.9563083648875478,0.1974564926375,0.17543859649122806,0.18115617619377136,1.0
1403900010609,92.59091284248385,54.01136582478224,21242.301162751748,439.8068360017982,3035.0,61.72727522832256,81.01704873717335,0.9915496992939521,1844,7114.068470064175,0.40015186028853456,0.136117136659436,125.2185602,4.9382716049,376602135.0,0.6791829104689814,0.8630994013229886,0.6820152567434229,0.6648447689156408,0.853782757296364,0.4620296190891513,0.7039051940204157,0.680439793004679,0.7676918668678402,0.8327582148838762,0.9809177015195191,0.06172839506125,0.1333839534295115,0.15498847492617354,1.0
140390001418A,117.87642957360303,75.01227336502012,42131.40544583606,339.34123665128146,175.0,146.45253371265832,50.008182243346745,1.268330411621766,4537,16206.223059861726,0.4865661861074705,0.14613180515759314,123.2527976,9.2214663643,376602135.0,0.7149682885459925,0.9224170877466589,0.7370447900733242,0.6366006345169632,0.550549643662534,0.557444150193825,0.6280442860842063,0.8703774337887269,0.8595677428675004,0.910048403897285,0.9655186158868044,0.11526832955374999,0.16218872870249015,0.16639158136459398,1.0
1403900011151,239.62472398961083,190.4709344532804,35476.49773005875,927.7777774982368,505.0,294.92273721798256,30.72111846020652,1.1172283902875833,2172,13345.25385911371,0.4355584930601454,0.1731123388581952,122.2260572,16.0606060606,376602135.0,0.8204839510932337,0.9075248943511381,0.8942668819764422,0.7462236544297421,0.6629974191618442,0.6352073799879944,0.5521734242237786,0.7666853766054799,0.7843957312053441,0.891813916080216,0.9574754964673142,0.20075757575750003,0.1451861643533818,0.1971127078412187,1.0
1403900012588,136.65868196998633,57.30847953580072,36220.64657864571,938.9773954711965,2145.0,317.4008097367425,33.06258434757734,1.1898156034668834,3636,8014.370445852747,0.4661290322580645,0.1674917491749175,120.6133555,16.1122661123,376602135.0,0.7369186469986942,0.9093230504129192,0.69192122172958,0.7475324997554075,0.816841329887558,0.6433803816542111,0.5635486838341764,0.8164975326130701,0.836973885494392,0.8439442654618534,0.9448421644574752,0.20140332640374997,0.1553763440860215,0.19071287719111804,1.0
1403900013177,170.29052304818214,58.72087001661453,40991.36865922077,1068.7198343023845,490.0,540.2320041528537,38.168565510799446,1.062007121628151,7661,22493.029259864197,0.5179314444224292,0.18665970499934734,119.9679694,20.1626961069,376602135.0,0.7696264126141427,0.9200408955558886,0.6959943842496926,0.7616509876856637,0.6597931856680861,0.7026062535408208,0.5858585469554041,0.7287904040762808,0.9130377185411815,0.9408232795330647,0.939786439101797,0.25203370133625,0.1726438148074764,0.21253828664058064,1.0
1403900010670,149.62301222306735,77.2247805022283,23524.070050837036,333.03186591585956,600.0,86.87787806500684,43.43893903250342,1.178920873282473,689,3325.4921103772062,0.28066914498141265,0.17126269956458637,123.7954429,10.3585657371,376602135.0,0.7503862093156696,0.8719371733647439,0.7419276244190962,0.6345573407749024,0.6813180670377958,0.4996671529938117,0.6060227318548247,0.8090211469545391,0.6672883588948366,0.7613776838849154,0.9697695063264181,0.12948207171374998,0.09355638166047088,0.19500663376182328,1.0
1403900014809,85.89649030407516,54.250414928889576,24833.065348578948,592.2336963070445,60.0,266.7312067337071,58.77128283963037,1.1619648093104844,4279,19344.793790059874,0.418296320848525,0.13764898340733817,124.6072713,12.2031662269,376602135.0,0.6680776577711283,0.8766278079918703,0.6827531763309641,0.6972736483128846,0.4377230725854981,0.6240311741947708,0.6533672859466512,0.7973852393772491,0.8535924508809887,0.9266677610876497,0.9761290815114734,0.15253957783625,0.13943210694950833,0.15673269756488503,1.0
1403900014404,249.24136187562416,102.62879606643348,59668.092477246995,307.8863881993004,95.0,122.17713817432558,24.435427634865114,1.253207961461989,4369,21351.67666734514,0.5465486725663716,0.17967498283360037,119.912791,20.0598802395,376602135.0,0.8263477457389278,0.9525618215011703,0.7897879864171184,0.6260114358955543,0.48600871268064083,0.5373631415975562,0.5168993698077506,0.859999823000514,0.8557168084733336,0.9359344179499288,0.9393541911250188,0.25074850299375,0.18218289085545722,0.20458519959496713,1.0
1403900015489,32.09994768804989,6.419989537609977,11908.767472444622,92.44784934158368,2945.0,17.975970705307937,1.2839979075219956,1.045185457514295,1073,1377.7297547711012,0.5733137829912024,0.16309412861137,122.3003867,10.752688172,376602135.0,0.5236521386834331,0.8129718507428266,0.34107701871939844,0.4954612952489412,0.850578523802606,0.32855767755161336,0.13192289128395265,0.7172467268851357,0.7124555790279915,0.678687826909568,0.9580577673557403,0.13440860215,0.1911045943304008,0.18570556862457424,1.0
1403900015031,138.53592178313605,118.74507581411662,28330.158266444534,1100.3710358774806,80.0,340.40255066713434,130.61958339552828,1.2000098901278573,3099,12266.366331598247,0.5281065088757396,0.13681832849306227,122.6025017,5.4470709147,376602135.0,0.7389454174761945,0.8880401034514749,0.8143879207470184,0.764835004089036,0.46791797799195844,0.6511669834902096,0.7794542509312752,0.8234932468070866,0.8206653261663617,0.8839000442030885,0.9604244289027286,0.06808838643375001,0.17603550295857986,0.15578688029666213,1.0
1403900012501,202.15481318037465,122.87841585473754,33651.48842848435,701.5961163318885,355.0,233.8653721106295,71.34875759307342,1.2395049692264197,3267,12949.799503142824,0.4597855227882037,0.1637588001224365,120.3956423,10.5263157895,376602135.0,0.7951552121764254,0.9029501642057939,0.8201631587583311,0.7157487472520515,0.625558656310818,0.6094103762874341,0.683870820702391,0.8505962991963568,0.8260528916672092,0.8889900195474385,0.9431366766177064,0.13157894736875,0.15326184092940123,0.1864623904793038,1.0
1403900015652,164.39893138715775,56.90732240324691,34750.66002652067,362.5207204947581,2520.0,69.55339404841288,48.476607973136254,1.0915681681813045,2202,4641.108293775915,0.3592592592592593,0.11989100817438691,124.5182972,2.8950542823,376602135.0,0.7643890770220334,0.9057342741767395,0.6907463314797369,0.6437952181647428,0.833989825540506,0.4751547883610052,0.6231748388816688,0.7490763387217679,0.785795435496732,0.792664929233305,0.9754320900309185,0.03618817852875,0.11975308641975309,0.13651274902146202,1.0
1403900014391,181.66603644092137,94.96179177593618,50980.32081081228,995.034426869592,140.0,503.7103737680093,90.83301822046069,1.1714287534707908,4151,17138.53902877874,0.5171783625730995,0.17080221633341364,120.4415185,16.9907881269,376602135.0,0.7792477085969765,0.9389311853434413,0.7767068449663951,0.7538577225719475,0.5269406107501234,0.6948071489182163,0.7219614947775126,0.803879764270991,0.8504929034712126,0.915299493283506,0.9434960544654197,0.21238485158625,0.1723927875243665,0.19448230893777776,1.0
1403900010435,143.9831274764262,75.5033473351991,28484.311412109884,990.3229743500533,725.0,460.0436512051666,75.5033473351991,1.163182727210679,7566,13285.077347398055,0.47485380116959064,0.15622521808088818,122.2470712,9.0449954086,376602135.0,0.7446757317671638,0.8885101546422995,0.7381407137979966,0.7533399822593054,0.701437876367346,0.6847051795900938,0.6927893711178218,0.7982210217938998,0.9117640881873179,0.8913896431448178,0.9576401126755408,0.11306244260750001,0.15828460038986356,0.17788434938906142,1.0
1403900012554,34.567259889608,19.102959412678107,20384.218601478813,222.86785981457788,11985.0,35.47692462354505,0.0,0.9418818691326132,11,10.00631207330758,0.0,0.0,0.0,0.0,376602135.0,0.5344099685306886,0.859527778633777,0.5106966363901747,0.5908596813352124,1.0,0.4015110864666151,0.0,0.6463558049826587,0.25366796881696396,0.2251805448073295,0.0,0.0,0.0,0.0,1.0
1403900010882,208.30112160414564,100.67887544200373,42977.768677422086,770.7141499353388,240.0,298.56494096594207,52.07528040103641,1.1274872694293745,4771,16563.410852889647,0.4720765195927183,0.17962691259693986,120.2496782,17.2849250197,376602135.0,0.7996151816633912,0.9241399496495898,0.7865552443547227,0.7259947222064578,0.5840174730629561,0.6365729772185932,0.6343894781326841,0.773725416660629,0.8647004112142627,0.9120950486930018,0.9419932457297638,0.21606156274625002,0.15735883986423943,0.20453046488005763,1.0
140390001197A,179.1976404640578,82.33405102402655,28294.222918226344,755.5359976322436,180.0,324.49302462410463,33.90225630401093,1.1172723666199667,2728,13212.193599620261,0.48341489940184884,0.1781524926686217,122.5795205,12.4207858048,376602135.0,0.7772118810939762,0.8879301600794056,0.7526952335172731,0.7238256647023315,0.5535324528401375,0.6458396784134515,0.567438344081081,0.7667155548673718,0.8076530619239698,0.8908731974877968,0.9602444023487884,0.15525982255999998,0.16113829980061628,0.2028516307398528,1.0
140390001496A,170.59915849707278,53.87341847275982,33711.51484551755,451.9381216325963,570.0,221.4796092769015,29.92967692931101,0.9953151816772695,2980,8919.043724934681,0.36759981642955486,0.16476510067114095,125.2155001,3.1098153547,376602135.0,0.7698957858557034,0.9031045382018198,0.6815879671887818,0.6678092741615441,0.6758657160368494,0.6033623899054208,0.5481376798866918,0.683023812802468,0.8166694414148454,0.8539843256413951,0.9808937297835909,0.038872691933749995,0.12253327214318495,0.1876082049681238,1.0
1403900011359,117.55412398833974,74.24470988737247,21511.992715773646,4655.762015853982,5940.0,3217.2707617861406,77.338239466013,0.7812053690446931,754,2332.521302294952,0.3962962962962963,0.14986737400530503,121.5212997,27.2,376602135.0,0.7145620375503309,0.864192197069095,0.7353175653919621,0.922268332068918,0.9252662260934509,0.9016215935741928,0.6965751177980644,0.5360933697881433,0.6764785435777784,0.728091661412478,0.95195467666293,0.33999999999999997,0.13209876543209878,0.1706450510811747,1.0
1403900010469,130.48220105714498,76.11461728333457,24586.652750481484,720.3704850029878,40.0,285.4298148125046,57.08596296250092,1.2024476396179204,6148,16712.595252069317,0.45171192443919717,0.17485361093038387,121.8089769,17.8443113772,376602135.0,0.7300495344252844,0.875764005181391,0.7394950907997213,0.7186282866909245,0.39541864552742145,0.6315675745132441,0.6487988877149273,0.8251661248883334,0.8905810247492096,0.912936823231959,0.9542082376154984,0.223053892215,0.1505706414797324,0.19909539062109005,1.0
1403900013374,207.42917214301966,60.1243977226144,42850.739786566446,922.909505042131,455.0,366.7588261079478,60.1243977226144,1.173378976098438,6111,18371.009724144827,0.5036909448818898,0.18736704303714613,120.2113499,19.3905817175,376602135.0,0.7989904997697459,0.9238835442993001,0.699947660016984,0.7456497942622748,0.6519188992441124,0.659468640690598,0.6569428973826555,0.8052180825439068,0.8899649084490987,0.9218189020966908,0.9416929954483431,0.24238227146875002,0.1678969816272966,0.21334369032762704,1.0
1403900012446,145.13813259930757,72.56906629965378,25757.227235674694,699.3019116148455,1855.0,191.31844751726905,16.492969613557676,1.1601062281845285,2051,6765.416135481359,0.44946996466431094,0.14431984397854705,122.7961341,9.0136054422,376602135.0,0.745863072076376,0.8797928388692403,0.7314848805684019,0.7153916070199635,0.8013824475348027,0.5870992551157527,0.45710654218255914,0.7961098090508335,0.7785469822114955,0.8280411182561078,0.9619412763129235,0.11267006802749999,0.14982332155477032,0.16432840910974095,1.0
1403900010774,212.70358667208632,76.25222918433283,37315.378174215424,630.0842095758029,255.0,156.51773358889372,28.092926541596306,1.135845597783213,3189,12798.334677307232,0.4455535390199637,0.15365318281592977,121.8914537,13.1832797428,376602135.0,0.8027299757670575,0.9119023020926851,0.7397985136733285,0.7040274502051158,0.5904467490922419,0.5648155237073877,0.5383590226740906,0.779461225182381,0.8235868339873789,0.8878855237547144,0.9548543315568077,0.164790996785,0.1485178463399879,0.17495572605069643,1.0
1403900015347,90.50799620428914,28.885530703496535,25204.967962023635,489.1283199125413,2410.0,144.42765351748267,9.628510234498844,1.1173624151833603,3339,6429.919134598328,0.51497277676951,0.18298891883797544,117.5042353,25.9212198221,376602135.0,0.675815087087524,0.8779154216711283,0.5781754662417463,0.6764260304836522,0.8292393517344602,0.5559005244490366,0.3775211287464849,0.766777349677939,0.8282775596181888,0.8232666749851758,0.9204864217028806,0.32401524777625,0.17165759225650334,0.20835858110978778,1.0
1403900012126,83.47799732139528,54.01517473737342,22311.485405972395,176.7769355041312,1290.0,29.462822584021865,4.910470430670311,1.118683842295554,1229,6034.968159293812,0.4307334109429569,0.16680227827502034,122.3365303,15.9292035398,376602135.0,0.6638539832778552,0.8673530330734187,0.6820270395782088,0.5656873785108301,0.7627297581925542,0.381397704221924,0.2837909994324483,0.7676841641233795,0.7263005693683049,0.8173161227279515,0.9583409034737409,0.19911504424749998,0.1435778036476523,0.189927817749643,1.0
1403900010967,143.614928161395,129.2534353452555,25000.246343014394,1278.1728606364154,470.0,435.6319487562315,95.74328544093,1.2410002758452177,3438,16458.270767295868,0.4592529711375212,0.13641652123327516,123.0341381,13.4686346863,376602135.0,0.7442952354007952,0.8772089968765745,0.8287031962899913,0.7811768789183576,0.6553651328784742,0.6786320647433955,0.7302815169735044,0.8516224364912377,0.831259410951752,0.911497227827834,0.9638057150691236,0.16835793357875,0.15308432371250708,0.15532936630586697,1.0
1403900010810,122.70299667374526,77.62842646706332,20364.147915250014,898.9872613443786,370.0,375.62141838901607,50.08285578520215,1.1556770108774486,5299,13269.452640289308,0.4768673355629877,0.16663521419135685,121.5776353,16.7590027701,376602135.0,0.7209236023247302,0.8594424496285313,0.7428035241869737,0.7427852278967243,0.6299531998416018,0.6621269909851637,0.6282779477692044,0.7930703086508554,0.8754131881142537,0.8912791672897497,0.9523959897332723,0.20948753462625,0.1589557785209959,0.18973759182969344,1.0
1403900012145,124.38358145629996,64.49519038474813,23714.909030004615,870.6850701940997,8110.0,214.21616806362772,69.10198969794442,1.0711385671882374,1224,2819.3611796761325,0.4676258992805755,0.12091503267973856,121.6726426,8.8669950739,376602135.0,0.7229428037100742,0.872637041954325,0.7117014556406913,0.7392961880430747,0.9584178925325589,0.5996569848117699,0.6788318969229423,0.7350567555573645,0.7258847500547302,0.7458816279960467,0.9531402431586011,0.11083743842375,0.15587529976019185,0.13767874472388836,1.0
1403900014654,282.6339998902157,32.11749998752451,50403.198857170784,411.10399984031375,275.0,211.97549991766178,25.69399999001961,1.0558913429889936,4659,29927.086488375342,0.4252064851636586,0.1468126207340631,123.2594524,12.2819260293,376602135.0,0.8450908321887859,0.937944991471135,0.5956511193047382,0.6574925651659171,0.5984564881799508,0.598488645348413,0.5246135171747109,0.7245935199924534,0.8622759223546059,0.9676319390234428,0.9655707472250793,0.15352407536624998,0.14173549505455288,0.16716678550488578,1.0
1403900014989,233.07232381791653,119.52426862457258,49022.24442534216,758.9791057660359,40.0,280.88203126774556,89.64320146842944,1.2129972554047241,2858,17080.01798645142,0.5643130815544609,0.1595521343596921,121.5845453,8.6500655308,376602135.0,0.816352768297362,0.9355385962864745,0.8154917307758507,0.7243214994909537,0.39541864552742145,0.6297808890582727,0.7198784996485261,0.8324056796855999,0.8124036882562812,0.9149783845146175,0.9524501202176564,0.108125819135,0.18810436051815363,0.18167251076913063,1.0
1403900014796,215.73808860643732,98.62312622008562,36871.22819597093,283.5414878827462,0.0,160.26258010763914,6.1639453887553515,0.9099146313013972,3178,19589.018445464506,0.5308285163776493,0.18376337319068597,119.6243985,17.358490566,376602135.0,0.804839785277276,0.9108650995657703,0.7830792154487762,0.6170471397012027,0.0,0.5674384631421826,0.31451215878959976,0.6244186487228235,0.823234213601064,0.9278455642771454,0.9370950267664474,0.216981132075,0.17694283879254977,0.20924040614646086,1.0
1403900010878,127.45770675230796,54.62473146527484,43700.2351245562,746.5379966920895,0.0,339.88721800615457,24.27765842901104,1.1441825989192587,3822,23197.30262892005,0.4964761158966327,0.1813186813186813,120.5499236,21.9959266802,376602135.0,0.7265672651155545,0.9255839748189679,0.6839022627641724,0.7225191498871572,0.0,0.6509983496825561,0.5159055402791242,0.7851823981415682,0.8420654316295868,0.943717683223662,0.9443452614947543,0.2749490835025,0.1654920386322109,0.2064567811437221,1.0
1403900015633,156.16900166817132,28.39436393966751,26766.033445502115,156.16900166817132,40.0,42.59154590950127,0.0,0.5859526183035508,0,0.0,0.0,0.0,0.0,0.0,376602135.0,0.7567519125766914,0.8831206516425616,0.5753552804090606,0.5522337024549262,0.39541864552742145,0.4214023756625568,0.0,0.40210337272344704,0.0,0.0,0.0,0.0,0.0,0.0,1.0
1403900010986,152.36610344175256,107.2205913108629,27687.152579619906,998.8444558959334,330.0,304.7322068835051,45.14551213088964,1.1599788728805382,2000,11286.37803272241,0.4326647564469914,0.1395,122.7704538,8.9783281734,376602135.0,0.7530867887069295,0.8860514364317955,0.7971665116244222,0.7542746178291533,0.6178056458770863,0.6388478904166318,0.6120418230401895,0.7960224129104818,0.7759777577716613,0.8760834056965533,0.961740105968766,0.1122291021675,0.14422158548233047,0.1588403398926655,1.0
140390001165A,100.27170402138064,58.222279754350055,19469.83798846258,886.2724807051064,995.0,399.46953053679067,48.51856646195838,1.0970165858622591,5944,9613.145301662687,0.4923424554356013,0.16066621803499326,122.7638957,17.2453703704,376602135.0,0.6909851775643804,0.8555524334893003,0.6945676169706428,0.7412315504859742,0.7351063452177559,0.6689809942338854,0.6233102374693843,0.7528152538781858,0.887136835980154,0.8610195728246604,0.9616887321439269,0.21556712963,0.1641141518118671,0.1829410514834941,1.0
1403900014550,140.184302596966,117.75481418145144,23554.79135159107,1811.1811895528006,965.0,381.3013030637475,168.22116311635918,1.3422331229616333,777,4356.928124713703,0.3776595744680851,0.13256113256113256,123.435616,18.6770428016,376602135.0,0.7407027412538892,0.8720502209283013,0.8129746983706663,0.8192113746467156,0.7318498429530477,0.6637979885826735,0.8195921571799742,0.9210923355656031,0.679541944363344,0.7867340284430571,0.966950750263985,0.23346303502,0.12588652482269505,0.15093946489295326,1.0
1403900014029,215.67278423795506,111.98394566201513,52255.05878920854,974.6750826138353,340.0,402.31269367464694,37.327981887338375,1.1156370841276229,3376,14002.14076129493,0.4859154929577465,0.16024881516587677,120.55391,14.1656662665,376602135.0,0.8047946926665535,0.9410704867196865,0.8044969887180168,0.7516026079740764,0.6209749073455019,0.6697707466220932,0.5823933821212369,0.7655933607086857,0.8294022068462188,0.8963247120254898,0.944376489535702,0.17707082833125,0.1619718309859155,0.18246577970139635,1.0
1403900011077,171.07436346206862,121.55283719673297,26276.649972770512,1111.983362503446,1335.0,184.5802342617056,351.1526407905619,1.257762986972097,847,3813.1575224308453,0.5261261261261261,0.12987012987012986,123.8043843,2.9304029304,376602135.0,0.7703095931272309,0.8815222507834912,0.8183322776371368,0.7659802755026729,0.7663780553783078,0.5831178060778517,0.9366493899789772,0.8631256578602652,0.6883368576451343,0.7742213072247507,0.9698395500765008,0.03663003663,0.17537537537537537,0.14787538043351994,1.0
1403900015188,198.40945817604936,99.20472908802468,48169.122484821826,835.4082449517867,60.0,381.1550117592527,26.106507654743336,1.0861205899808006,3913,20430.952890602133,0.49123475609756095,0.1735241502683363,119.8732496,18.9485213582,376602135.0,0.7923708018378456,0.9340178681423871,0.7840698602809267,0.7347851967878105,0.4377230725854981,0.6637552626452967,0.527062932637022,0.745337999649337,0.8444668861805465,0.9317962332569595,0.939044437849299,0.23685651697750001,0.16374491869918698,0.19758161296206808,1.0
1403900014014,225.40575195175575,98.00250084858945,48045.53079241958,935.9238831040293,315.0,367.50937818221047,34.30087529700631,1.143795036035165,3969,19448.596293402577,0.5259515570934256,0.1438649533887629,121.0051338,15.8697863683,376602135.0,0.8113697173022831,0.9337953296114597,0.7820157046655343,0.7471772032286403,0.6128675434919894,0.6596962398681268,0.569252248776565,0.7849164374854187,0.8459171074291306,0.9271701678823911,0.9479112164328964,0.19837232960375,0.17531718569780852,0.16381045229328728,1.0
1403900011429,67.87394890624101,67.87394890624101,16580.384740044938,2547.8836204804315,500.0,1284.3839562257913,73.09502189902878,1.034597172073185,1902,9930.480832282337,0.4452887537993921,0.16824395373291273,121.0351617,26.6071428571,376602135.0,0.6332965717521429,0.8416374704330623,0.7202618824176221,0.8564604031280652,0.6619400189667066,0.7991655634136445,0.6876803202768995,0.7099806354739301,0.7708515870999691,0.8640684086632483,0.9481464443304415,0.33258928571375,0.14842958459979735,0.19156936771198382,1.0
1403900012681,183.57169458972768,62.17750945781099,29701.790083123626,624.7359283618152,495.0,159.88502432008542,68.09917702522156,1.120257529731633,4038,11955.846818601942,0.5249244712990937,0.12481426448736999,124.425307,5.2132701422,376602135.0,0.7808006838821748,0.8921355594480361,0.7055700443787732,0.7030981071647062,0.6608720127752098,0.567176794199913,0.6765304935414915,0.7687640893697106,0.8476761124988883,0.8814929683864203,0.9747036378501702,0.06516587677749999,0.17497482376636456,0.1421185677034186,1.0
140390001261A,151.9703330500624,71.76376838475169,24488.489261621387,688.0878968655603,840.0,202.62711073341654,25.328388841677068,1.04014663469379,1880,7936.228503725481,0.3833701250919794,0.15372340425531916,123.5675368,9.1787439614,376602135.0,0.7527001477727367,0.8754174780479257,0.729611761378789,0.7136289055339614,0.7170947714312423,0.5934777715902841,0.5224107159039587,0.713788891580044,0.7696645562793948,0.8430244875179914,0.9679841709303139,0.1147342995175,0.12779004169732647,0.1750356830205915,1.0
1403900012361,140.82432992488367,115.21990630217755,27356.728262077042,512.0884724541224,180.0,166.4287535475898,25.604423622706122,1.1315538498555633,1590,10177.758390025683,0.4790697674418605,0.16729559748427672,120.6564642,12.7403846154,376602135.0,0.7413795446364766,0.8850114723555349,0.8093026860625679,0.6814250881422406,0.5535324528401375,0.571627403642243,0.5240766241197674,0.7765160615929032,0.7525716132181112,0.8663773671178231,0.9451798626936787,0.1592548076925,0.15968992248062017,0.19048953094587143,1.0
1403900010929,156.06458612213316,142.87602954843177,26273.972292731083,888.0294759625605,2180.0,123.09319468787967,470.391851128683,1.1360565354002945,2565,5638.107935257346,0.3805166846071044,0.15555555555555556,124.5126064,8.2412060302,376602135.0,0.7566524692782393,0.8815134234357459,0.8456312964711513,0.7414475666563265,0.8185639356849018,0.5381902796380869,0.9832297699765451,0.7796059787419919,0.801366047886518,0.8109309599811733,0.9753875103260655,0.10301507537750001,0.1268388948690348,0.17712184456370503,1.0
1403900011217,103.08442853511202,95.35309639497862,20862.827539749258,628.8150140641833,475.0,167.51219636955702,51.54221426755601,1.311784285970401,5444,14029.790723628746,0.4665948275862069,0.16660543717854517,121.6625046,18.065342729,376602135.0,0.6950844768523606,0.8615380390938291,0.7773993914155741,0.7038076234128497,0.6564895290141378,0.5723474663358226,0.6327771359597631,0.9001971647493542,0.8781685173207854,0.8965099105153138,0.9530608256693557,0.2258167841125,0.1555316091954023,0.18970368651904115,1.0
140390001457A,60.92943781767974,8.704205402525677,18921.876219390626,870.4205402525678,2740.0,417.8018593212325,21.760513506314194,0.8723380311864944,869,3781.9772473974067,0.5034602076124568,0.16455696202531644,122.5423401,10.6382978723,376602135.0,0.6173930181599905,0.8530796529905484,0.38675102730532285,0.7392630456804902,0.8428986491993061,0.6739777497747477,0.49915117462821484,0.5986321308889615,0.6909514790411938,0.773450653444221,0.9599531443080369,0.13297872340375,0.16782006920415227,0.18737120989108036,1.0
1403900011448,97.39344521107503,80.45545473958373,19197.03121128092,999.3414378179873,775.0,537.7811974698491,25.406985707236966,1.06708386667558,2753,11657.571942003895,0.4832974137931034,0.17072284780239738,121.2164111,17.4083769634,376602135.0,0.6866707755873989,0.8543301643862466,0.7488149008293237,0.7543288806748858,0.7085296661547819,0.7020996053554802,0.5228868308433139,0.7322742630817043,0.808583977551956,0.8791212076063257,0.9495662877191997,0.21760471204249998,0.16109913793103448,0.1943919367195455,1.0
1403900011128,126.1059683886834,105.92901344649405,21966.119743378,766.7242878031951,530.0,262.3004142484615,110.97325218204139,1.3486520340720511,1632,8232.197616413252,0.36797988264878456,0.15441176470588236,123.3025315,15.1012891344,376602135.0,0.7249843394895943,0.8660017380756933,0.7951232146231757,0.725428706006725,0.6681324220667008,0.6221682428037445,0.7536334578715187,0.9254972408874425,0.7552315075007793,0.8464616510356449,0.9659082135854019,0.18876611418,0.12265996088292819,0.17581947805956014,1.0
1403900011556,168.54619176543017,85.2884343873261,28179.18796896228,680.2767980893868,2960.0,131.99400559943328,62.950987285883556,0.9634593206043511,1636,3322.187587087274,0.3290008123476848,0.17114914425427874,124.4298695,6.589785832,376602135.0,0.7680947985851309,0.8875772720294275,0.7586241261938719,0.712384067073668,0.85111930365774,0.5459232881706279,0.664163495080349,0.6611630875862967,0.7554812531919155,0.7612843724452858,0.9747393788537884,0.08237232289999999,0.10966693744922827,0.194877335094541,1.0
1403900015525,270.02067713940613,84.71236929863721,57016.687017004784,508.27421579182334,20.0,270.02067713940613,15.88356924349448,1.0774747230315642,4780,25307.820327967867,0.5646481178396072,0.1705020920502092,119.6344789,22.5444340505,376602135.0,0.838284006083661,0.9486245514994164,0.7574841679491421,0.6806103102004895,0.3241786929076167,0.6253944016775064,0.4514429188817074,0.7394048710109304,0.8648927595393623,0.9518926222261274,0.9371739930377623,0.28180542563125,0.18821603927986907,0.19414057529509507,1.0
140390001140A,83.51755451612999,83.51755451612999,18388.044088327177,1157.6461028763572,575.0,306.23103322580994,48.71857346774249,1.0930009226572521,4485,10404.89533346786,0.4839244282399735,0.15719063545150502,121.9134451,21.1538461538,376602135.0,0.663924034088396,0.8506007890493508,0.7550951574738118,0.7703707889147746,0.6767940508151608,0.639393828645948,0.6239540802829386,0.7500595503144238,0.858391235603806,0.8684493616361817,0.9550266043692944,0.2644230769225,0.16130814274665783,0.17898361263843102,1.0
1403900013800,239.11392233564473,77.13352333407894,39782.56752374526,690.3450338400065,330.0,420.37770217073023,15.426704666815787,0.8385431660983677,5229,20166.559675694938,0.5183033120278907,0.14974182444061962,121.0196213,10.7620320856,376602135.0,0.8201659662885192,0.9174480823663776,0.7417289727006116,0.7139859935840637,0.6178056458770863,0.674662251214398,0.44706119696481217,0.5754407860460754,0.874055932598911,0.9305734136621847,0.9480247063594541,0.13452540107,0.17276777067596358,0.17050209527093807,1.0
1403900010539,105.37638120028743,46.36560772812647,37365.69881552757,644.9034529457591,160.0,240.25814913665533,63.22582872017246,1.2518923902274621,4087,17226.93079862299,0.48943148688046645,0.16760459995106436,122.1414892,16.0649819495,376602135.0,0.6983437031932186,0.9120190341058655,0.6565484856568411,0.7065619435292615,0.5410645048185279,0.6124083082618352,0.6648484810689217,0.8590970270850476,0.8489071084703981,0.9157824319638156,0.9568130208083575,0.20081227436875002,0.16314382896015547,0.19084137364732104,1.0
1403900011698,108.73383635981867,75.2772713260283,20377.29596479886,623.1285237543455,240.0,204.92146083196593,62.73105943835692,1.236247686057137,2957,12366.38285061476,0.4566502463054187,0.17382482245519107,122.1571205,18.3294663573,376602135.0,0.7029934875304341,0.8594983570621796,0.7376370592376117,0.7028172439530128,0.5840174730629561,0.5947285620798182,0.6636132462691963,0.8483610253749412,0.8158787587255916,0.884662391281582,0.9569354708576415,0.22911832946625,0.1522167487684729,0.1979239704699984,1.0
140390001090A,193.01411267210682,59.9009315189297,45492.32103105371,372.71690722889593,20.0,189.6862831432774,13.311318115317713,1.0694195524775842,6708,22323.080479387805,0.5297605473204104,0.17113893858079904,119.2638607,18.1003584229,376602135.0,0.7882664077031054,0.9290653022360058,0.6993243435672823,0.6468157979086796,0.3241786929076167,0.5861478003646073,0.42504161098773874,0.7338771011086548,0.8994786677194745,0.9401112576158693,0.9342707017660478,0.22625448028625,0.17658684910680347,0.19486571450210838,1.0
1403900010492,184.54308574934785,92.27154287467393,40755.21424685398,758.1229468621857,220.0,249.38254830992952,34.91355676339013,1.1786272832316869,5650,14090.113979511018,0.4986737400530504,0.1663716814159292,121.6438034,18.2672934856,376602135.0,0.7815861395182535,0.9195404198683924,0.7718676811842848,0.7241984160018887,0.5747927185549776,0.6165524258968728,0.5720006854753809,0.8088196740949058,0.8819593640408586,0.8969126901203188,0.9529143271144261,0.22834116857,0.16622458001768345,0.18943752275713585,1.0
1403900014442,229.35319079279887,141.14042510326084,47180.98013391964,798.3255294903191,40.0,291.1021267754755,30.87446799133831,1.1907759813454923,4063,17920.42334982965,0.4953993375046007,0.1653950283042087,121.6910627,13.6408243376,376602135.0,0.8139561555201462,0.9322224288229221,0.8435658625495857,0.7298333676452112,0.39541864552742145,0.6337567089723681,0.55294373258707,0.8171565810958564,0.8483060262607416,0.9194875971669729,0.9532845396760256,0.17051030422,0.16513311250153356,0.18832546603869202,1.0
1403900010613,167.78194137350965,72.9486701623955,27748.817098290885,787.8456377538714,3770.0,240.73061153590515,102.1281382273537,1.0986271720618346,1648,4007.31361425426,0.36536868268434136,0.18932038834951456,123.5864345,6.5913370998,376602135.0,0.7674187759437373,0.8862441419511907,0.7323607383273488,0.7283922543719444,0.8768674065896751,0.6126267100144531,0.740489883890049,0.7539205004846199,0.7562268450663114,0.7788827785993316,0.9681322087964129,0.0823917137475,0.12178956089478045,0.2155678482727478,1.0
1403900011132,164.08545378534504,117.20389556096075,23991.33722939536,932.9430086652475,1090.0,300.0419726360595,135.95651885071447,1.2650881645692043,1680,7876.101781696562,0.3493975903614458,0.19702380952380952,124.2078665,20.0354609929,376602135.0,0.7641052075784969,0.8736408708616384,0.8121833607783694,0.746829239891953,0.7448069021911483,0.6371220451890355,0.7858030276205566,0.8681524783327512,0.7581888706335626,0.8423105740430548,0.9730002862452916,0.25044326241125,0.11646586345381527,0.22433927506601925,1.0
1403900014955,75.31830226114593,15.063660452229186,29636.188215864146,215.91246648195167,80.0,80.33952241188899,55.23342165817368,1.4317083353050144,2607,13090.320932987162,0.33829568788501024,0.16033755274261605,123.0477801,7.4856046065,376602135.0,0.648654317939035,0.8919440302720715,0.4725233185243712,0.587413263979508,0.46791797799195844,0.49103606502696195,0.6436216949340723,0.9824936904440648,0.803023412088853,0.8900032242479088,0.9639125816491477,0.09357005758125,0.11276522929500342,0.1825668198938732,1.0
1403900013783,175.75271926609665,29.844801384808864,40282.92756023127,374.7180618314891,370.0,165.804452137827,43.109157555835026,1.1240513495542743,5133,17021.485056469322,0.429406850459482,0.14884083382037794,123.8009594,10.0325732899,376602135.0,0.7743235438703522,0.9185307570272561,0.5835521919015982,0.6473989475950016,0.6299531998416018,0.5712103701060824,0.6048329774219571,0.7713675554154905,0.8721647137013191,0.9146561081447082,0.9698127206270122,0.12540716612375,0.14313561681982734,0.1694761909242765,1.0
1403900012728,242.74239796429433,118.17722006156434,40092.64600437402,980.5515286189258,510.0,367.3075758670243,76.65549409398768,1.1056028022815005,3828,12226.551307991036,0.5435483870967742,0.13871473354231975,123.4506704,7.8057241977,376602135.0,0.8224102557929281,0.9181206203970363,0.8135789582137694,0.752258311122265,0.6640444219398804,0.6596350904541783,0.695176939100849,0.7587074480134492,0.8422255207899472,0.8835948346378808,0.9670686810836828,0.09757155247125,0.18118279569892473,0.15794620375614762,1.0
1403900013707,112.58226462914499,38.27796997390929,26226.95589671009,299.4688239135256,1515.0,90.06581170331599,4.503290585165799,1.0136053968552756,3663,8247.776706731162,0.48499594484995945,0.1547911547911548,124.5808525,3.8389513109,376602135.0,0.7081513445917619,0.8813582805477308,0.624684676943462,0.6229944320471016,0.7798365321963846,0.5036451512725995,0.27238981075299407,0.6955752665910129,0.8377289237286368,0.8466391352591688,0.9759221260207578,0.04798689138625,0.16166531494998648,0.17625146694914137,1.0
1403900014141,150.24032407671206,42.92580687906059,26145.48275319787,1223.3854960532267,380.0,579.498392867318,21.462903439530294,0.8844063381465916,1427,7656.890802052432,0.4989495798319328,0.13945339873861248,123.6511125,8.0188679245,376602135.0,0.7509982183022416,0.8810887789231018,0.6437176407214598,0.7763969178513671,0.6327852637149095,0.7104249744449154,0.4970488546902381,0.6069138703677721,0.7415376235287268,0.8396608121896917,0.9686388732637055,0.10023584905625,0.16631652661064425,0.1587872778123915,1.0
1403900010261,115.42145512146595,73.45001689547833,39458.53245914281,519.3965480465968,100.0,225.59648046468345,57.71072756073298,1.3191638032591961,5440,28540.57799367158,0.5397679026323238,0.17352941176470588,120.039237,19.3123628383,376602135.0,0.7118457510751389,0.9167396491465164,0.7335106276009993,0.6829694121012035,0.49141491559492917,0.6054092363700785,0.6505077155643627,0.90526127522212,0.8780934972914416,0.9631784527224704,0.9403447241537346,0.24140453547875002,0.1799226342107746,0.1975876039145533,1.0
1403900012018,124.17733701842343,88.69809787030245,21391.686400563052,696.2800682818743,875.0,248.35467403684686,44.349048935151224,1.1950916412471728,2060,9135.904080641152,0.4527503526093089,0.16747572815533981,118.5849399,16.694214876,376602135.0,0.7226964654010242,0.8637064158411989,0.7652193976311563,0.7149194052018988,0.7214364053013035,0.6160932018047356,0.6092608953291941,0.8201181540077025,0.7789937378494218,0.8562395173612009,0.9289522774878409,0.20867768595,0.15091678420310298,0.19069463501050768,1.0
1403900015027,173.72297818521992,77.21021252676441,30798.23770409151,448.7843603118181,590.0,171.31015904375852,41.01792540484359,1.1933245057127984,3829,9238.684492655653,0.5230708035003978,0.13789501175241578,124.4761857,2.8,376602135.0,0.7725952678134381,0.8952755725143188,0.7418959279025886,0.6670463020625531,0.6795314592743178,0.574835557853025,0.5970748631343354,0.8189054771866846,0.8422521779255826,0.8572897288244582,0.9751022035051385,0.034999999999999996,0.1743569345001326,0.15701283538535357,1.0
140390001215A,124.81460667084295,35.661316191669414,25617.561440857815,952.1571423175733,1240.0,353.04703029752716,57.05810590667106,1.0611630597386894,799,2849.339163714386,0.3228476821192053,0.1439299123904881,124.3879972,18.118466899,376602135.0,0.7234563144669901,0.8793218722602012,0.6129519770981994,0.749052924510679,0.7585238668617035,0.6552268235834824,0.6487222669502838,0.7282111761285972,0.6823885635431195,0.7468742788830659,0.9744113661358037,0.2264808362375,0.1076158940397351,0.16388441723890104,1.0
1403900013406,305.74848328930386,112.64417805395405,56650.03575966114,767.0532124626395,200.0,273.56443241674555,40.230063590697874,1.1347295690014993,4762,12771.704187926885,0.4670363524337646,0.16694666106677866,121.3620569,13.3720930233,376602135.0,0.8568137501184984,0.9480657215798738,0.8054885749611159,0.725475479570974,0.5646923247741623,0.6268446189590375,0.5940514495308811,0.7786953630236237,0.8645076997772692,0.8876899814577891,0.9507072251580568,0.16715116279125,0.15567878414458822,0.19009221783363975,1.0
1403900011560,91.66638563233815,47.413647740864555,23800.47740388789,837.6411100886072,2940.0,79.02274623477426,221.26368945736792,1.0960588323629625,822,2598.2678961993774,0.3431372549019608,0.12530413625304138,123.2058877,7.8431372549,376602135.0,0.6776974096005787,0.8729490222376679,0.6602730028274778,0.7350763137212496,0.8503976517961404,0.48921407764791314,0.8631429901226659,0.7521580063460904,0.6852820665630539,0.738217304198658,0.9651511404006384,0.09803921568625,0.11437908496732026,0.14267635550100327,1.0
1403900014090,207.43864380416372,103.71932190208186,30332.479430580905,480.88049245510683,780.0,160.2934974850356,18.85805852765125,1.095615812088209,2730,12870.624945121977,0.4812601846822379,0.16336996336996337,122.4965094,8.7563451777,376602135.0,0.798997299485066,0.8939556111249342,0.7915695305408135,0.6745728739122265,0.709213543422778,0.5674598636053865,0.4773616543223341,0.7518539886813532,0.8077278483744468,0.8884142923356586,0.959594122891154,0.10945431472125,0.16042006156074598,0.18601964523252537,1.0
1403900011607,164.26330478558398,78.84638629708031,24749.203466003994,1228.6895197961683,770.0,361.3792705282848,137.98117601989054,1.1165972812226286,688,4520.526147699271,0.2600732600732601,0.08430232558139535,124.378635,13.93728223,376602135.0,0.7642663265274157,0.8763347948808866,0.7454194625595028,0.7768689272293764,0.7078413681885609,0.6578236062206897,0.7881470219298209,0.7662522851307642,0.6671403044811611,0.7901939614376827,0.9743380259880613,0.17421602787499998,0.0866910866910867,0.0959900361942006,1.0
1403900014616,212.75824515108886,120.25466030278935,41419.628332396314,1151.6696313613288,80.0,504.1445374232323,55.5021509089797,1.1307992473307138,3942,18232.45657359983,0.5208333333333334,0.16793505834601724,121.0554468,16.1719549642,376602135.0,0.8027682426552342,0.9209411832792204,0.8165199481262548,0.7698060875051881,0.46791797799195844,0.6949031376522673,0.6443831829701995,0.7759982241247713,0.8452204651428504,0.921108180848115,0.9483053505950984,0.20214943705250002,0.17361111111111113,0.19121764693602858,1.0
1403900014565,185.49096994449917,78.10146102926281,25578.910926553297,6609.336139601365,1725.0,3787.920859919246,0.0,0.7070663001880323,67,654.0997361200759,0.03333333333333333,0.1044776119402985,0.0,0.0,376602135.0,0.7823486335878135,0.8791910853432887,0.7438242907178841,0.9605208479704417,0.79365023397962,0.919844369016145,0.0,0.48521627033230397,0.43074211623638614,0.6088250552190603,0.0,0.0,0.011111111111111112,0.11896243291592128,1.0
1403900014669,234.63840247989188,52.14186721775375,43467.32260764961,750.8428879356541,20.0,271.1377095323195,109.49792115728287,1.2677468590011522,2308,12034.342953857566,0.5851648351648352,0.1494800693240901,123.7977213,5.4347826087,376602135.0,0.8173505778304923,0.9251210665221931,0.6761312232018661,0.7231461732651915,0.3241786929076167,0.6258535633660193,0.7515149484882899,0.8699769773873378,0.7905927947304346,0.8821073054255245,0.9697873545023401,0.06793478260875,0.19505494505494506,0.17020405031267147,1.0
1403900010454,112.48631394703163,60.16709815771459,30408.28597921093,591.2071384192825,160.0,238.05243184139252,31.39152947359022,1.0875506398592143,7289,19067.738194416594,0.48542897900957815,0.15969268761146935,122.3967521,12.5063291139,376602135.0,0.7080248843533721,0.8941718223985453,0.700066505396122,0.6970845289503256,0.5410645048185279,0.611382995172349,0.5555140017213851,0.7463193552424526,0.9079570737449146,0.9253134897917265,0.9588126596538392,0.15632911392374998,0.16180965966985938,0.18183255038407914,1.0
1403900013919,77.51445761489546,48.80539923900826,29470.38640710759,213.8824849003597,565.0,61.724475508157504,17.225435025532327,1.1803258488033834,3541,5082.93878545083,0.43709415584415584,0.1829991527817001,121.9460783,9.9268547544,376602135.0,0.6528994604655394,0.8914580642986512,0.6650962696825967,0.5863865486114916,0.6749292163799574,0.46202463640161834,0.46365839680082416,0.8099852955527441,0.8342719775209816,0.8012007461937014,0.9552822412611904,0.12408568443000001,0.14569805194805194,0.20837023389186424,1.0
1403900011823,127.35188922142302,107.24369618646149,23059.297879805818,1340.5462023307687,900.0,469.19117081576906,93.8382341631538,1.1780285306987004,486,3257.527271663768,0.4550898203592814,0.10905349794238683,124.4931259,8.2524271845,376602135.0,0.7264439519786327,0.8702086671655417,0.7972028414756799,0.7863755565955772,0.7244326447634248,0.6868984080119985,0.727104820897649,0.8084087869251589,0.6317196626839786,0.7594396140651821,0.9752349070118769,0.10315533980625,0.15169660678642713,0.12417272171794136,1.0
1403900014264,202.02378468398658,46.898378587354024,42471.86246129813,266.9600011895537,60.0,111.83459509292113,10.822702750927853,1.115172326445935,2866,10339.288694719742,0.4570411794611083,0.19609211444521982,119.1699284,17.4715909091,376602135.0,0.7950586712012276,0.9231142488878933,0.6584520277264818,0.6104909308440087,0.4377230725854981,0.5275728025103682,0.3945291154481178,0.7652744259937135,0.8126889374822885,0.8678555649447962,0.933534869508695,0.21839488636375,0.15234705982036942,0.22327840938172167,1.0
1403900012427,128.8305610013756,36.80873171467874,27616.003373707066,916.5374196955006,1710.0,349.68295128944806,40.489604886146616,1.0793994594415062,1837,6761.764015986485,0.4707766212970376,0.1246597713663582,123.8793614,9.8566308244,376602135.0,0.7281579596454194,0.885828556677194,0.6181966655869956,0.7448940820554274,0.7927208187863427,0.654161031495728,0.5950537718552914,0.7407256996545194,0.7673038215988758,0.8279904308259217,0.9704268940331885,0.123207885305,0.15692554043234588,0.14194265558977995,1.0
1403900010346,170.92653329224984,79.569248256737,26258.430740836524,760.3283722310424,1115.0,241.65475396490496,61.88719308857322,1.2581729424368489,3132,9230.03279778149,0.45742205677059095,0.14016602809706258,122.5359609,15.7270029674,376602135.0,0.7701809855748393,0.881462170760499,0.7469532241462602,0.7245151921521094,0.7472193144981285,0.6130526752708438,0.6614841657836801,0.863406985172225,0.821746278191956,0.8572017771263775,0.9599031719222217,0.19658753709250001,0.15247401892353032,0.15959870641105606,1.0
1403900014298,184.77660837009978,84.9972398502459,34401.36213622438,849.972398502459,0.0,406.5085384142195,29.564257339215963,1.0984979085435003,6517,24083.783134958805,0.5218406914272367,0.16878932023937396,119.7845402,17.6506390749,376602135.0,0.7817743500728189,0.9048591933741056,0.7580488442943526,0.7366702138995934,0.0,0.6709261241806804,0.5462393444530091,0.7538317948537059,0.896530258562518,0.947238480622876,0.9383495199344772,0.22063298843624998,0.1739468971424122,0.19219034406504745,1.0
1403900012639,151.32224623105108,47.88678678197819,26416.05243780181,783.4278317531631,2630.0,314.1373212897769,38.30942942558255,1.1427991930199273,4945,9472.006425475285,0.46258503401360546,0.16359959555106168,122.9427542,12.7308707124,376602135.0,0.7520648453109849,0.8819805725209463,0.661928100654697,0.7277790067272669,0.8385373822136148,0.6422302728814794,0.5864319508218682,0.7842330514527912,0.8683563954833716,0.8596310909699538,0.9630898460717423,0.159135883905,0.15419501133786848,0.186281113717801,1.0
1403900011109,107.36607471177572,102.25340448740545,20460.159421900702,731.111842084949,1010.0,178.94345785295954,66.46471291681354,1.2194263146252946,2210,11299.001195858302,0.4142125480153649,0.13891402714932127,123.5248818,15.7123834887,376602135.0,0.7011166634276619,0.8598498767449463,0.7891703852393736,0.7202422350358196,0.7366979940556401,0.579674501335286,0.6727069279663123,0.8368175490335255,0.7861654712452117,0.8761883428212677,0.9676500268186783,0.19640479360875002,0.13807084933845495,0.15817312751438817,1.0
140390001037A,156.53683244518308,132.07795237562323,29078.964566625826,856.060802434595,20.0,220.12992062603868,136.9697283895352,1.1542290750325752,1895,9269.915546363185,0.5003958828186856,0.12981530343007916,124.6358201,4.0752351097,376602135.0,0.7571017017905721,0.8902998723285526,0.8323541343548002,0.7374486828847898,0.3241786929076167,0.6026830927077166,0.7869803443829347,0.7920766790150728,0.7704753905687485,0.8576065347645004,0.9763527226652482,0.05094043887125001,0.16679862760622854,0.14781295283228155,1.0
1403900010971,124.30492974186187,124.30492974186187,22394.04832276597,584.2331697867508,120.0,130.52017622895497,18.64573946127928,1.179257331691,2335,14512.600547362374,0.4136886735311932,0.13190578158458244,122.0429343,18.8461538462,376602135.0,0.7228489099519804,0.8676729747037387,0.8221116927020184,0.6957909930250658,0.5106525382328262,0.5446792649297034,0.4756446846608203,0.8092520377409674,0.7917795699950214,0.8996862250189104,0.9560409767453442,0.2355769230775,0.13789622451039774,0.15019325577564707,1.0
1403900010666,130.61079484107609,39.39055717429279,25915.07907267624,642.6880381068823,2855.0,201.09916031086317,39.39055717429279,1.2131763045876371,5070,10511.059203877076,0.42736486486486486,0.1611439842209073,122.749828,11.6211504939,376602135.0,0.7301958106251449,0.8803220662207508,0.6294382672218244,0.7061867670061324,0.8472748671486576,0.592636949833467,0.59076559950524,0.8325285501670752,0.8709042840639889,0.8694023509286224,0.9615785307813841,0.14526438117375,0.14245495495495494,0.1834850553785465,1.0
1403900013209,244.81610137960536,49.45779825850613,45066.65539128645,383.29793650342253,465.0,155.7920645142943,39.5662386068049,1.2277546494476717,5999,14834.866587638913,0.44137433925997116,0.1808634772462077,123.425283,8.1166772353,376602135.0,0.8236779298153298,0.9282509793471607,0.6673110166630505,0.6498644701837427,0.6542287365574516,0.5643000491651173,0.5914588361800351,0.8425327748327437,0.8880769167163575,0.9017480820150177,0.966869805214037,0.10145846544124999,0.14712477975332372,0.2059384673832043,1.0
1403900010647,204.36158161154623,137.7219354338681,29751.027771856923,866.3154003098155,690.0,302.09972933880744,44.42643078511875,1.1492332655058766,3054,13567.831961775264,0.4535935268919562,0.14702030124426982,123.4069471,11.0990206746,376602135.0,0.7967718563505752,0.8922790345857061,0.8394229247088744,0.7387474283951372,0.6961767125950756,0.6378825161659114,0.6095332149640628,0.7886483610975159,0.8191726082566432,0.8933667440001595,0.9667261682894904,0.1387377584325,0.15119784229731872,0.16740325893019273,1.0
1403900011950,160.25859558602167,85.137378905074,25808.52194174267,621.0020578958339,140.0,165.26667669808484,40.06464889650542,1.1622378094767039,2286,11448.473422176423,0.4495878249841471,0.18066491688538933,123.4645473,12.737920937,376602135.0,0.7605956730062681,0.8799651686987182,0.7583259447869648,0.7024445712294635,0.5269406107501234,0.57084988269181,0.5934093371639723,0.7975725826609241,0.7896154865665089,0.8774220785586452,0.9671773877868303,0.1592240117125,0.14986260832804904,0.20571237852871252,1.0
1403900010721,199.27165079642916,150.96337181547665,29393.7736995034,809.1636729309548,580.0,295.8882087583342,48.30827898095253,1.1605238584495001,2864,17294.363875181003,0.4115327747658945,0.17527932960893855,123.2931121,10.7448107448,376602135.0,0.793016388127194,0.8912325877936623,0.854938179747964,0.7313040054208829,0.6777143618563328,0.6355710013594967,0.6226304902547363,0.7963964031078457,0.8126176998657652,0.9161491971077476,0.9658344253531866,0.13431013431,0.1371775915886315,0.1995801311200168,1.0
1403900012785,156.34036974467577,66.52781691262798,27077.257535226247,1091.056197367099,320.0,445.73637331460753,79.83338029515359,1.2214756960152875,5136,17084.343383162868,0.47756041426927504,0.1658878504672897,121.0715861,18.0365296804,376602135.0,0.7569149770378217,0.884122025522117,0.7169027432763695,0.7639075614999876,0.6145391527771434,0.681186026917553,0.7015832213411076,0.8382239138882446,0.8722243477213201,0.9150021558720215,0.9484317801358537,0.22545662100500002,0.15918680475642502,0.1888866132780499,1.0
1403900014940,226.34482218417241,56.586205546043104,36719.06632403845,325.37068188974786,0.0,198.05171941115086,14.146551386510776,0.9368779699291142,893,12632.870388154122,0.3675344563552833,0.16573348264277715,125.6645982,13.4502923977,376602135.0,0.8119890791530343,0.9105068876217097,0.6897999792367117,0.6320237354482141,0.0,0.5909408100066141,0.4341016729400587,0.6429219356156772,0.6937294327789123,0.8866639039184062,0.9844118047023983,0.16812865497125,0.1225114854517611,0.18871084383207093,1.0
1403900010740,152.39269005617044,53.16024071726876,38535.821039995426,563.4985516030489,200.0,145.3046579605346,102.77646538671961,1.2267922837120648,2571,9111.665258939865,0.4331103678929766,0.1497471800855698,123.7390823,6.2653562654,376602135.0,0.7531127262575928,0.9146900081308873,0.6793616366946137,0.6918520568492196,0.5646923247741623,0.5565717126650843,0.7414908832002826,0.8418723622055225,0.8016044680034631,0.8559901234174736,0.96932799741496,0.07831695331750001,0.1443701226309922,0.17050819342480356,1.0
1403900011433,122.9555796003549,86.3305133364194,23801.705512778677,727.2691729552906,300.0,298.2326824349034,47.089370910774214,1.1872832150528787,5008,13101.30941784207,0.4790313053750738,0.16613418530351437,121.1776105,15.7420249653,376602135.0,0.7212288228355054,0.8729534917249467,0.7606670631194264,0.7196675893626503,0.6076892464255852,0.6364490913210801,0.6186323921696261,0.8147597096381252,0.8696484791357549,0.8900819957103954,0.9492623376074208,0.19677531206625,0.15967710179169128,0.18916710008172968,1.0
1403900012395,140.7512633739548,72.72148607654331,27863.98691818348,537.2006552105942,3515.0,129.02199142612523,21.11268950609322,1.154111276846201,2027,4755.046847650106,0.4561781609195402,0.15046867291563887,122.9585958,14.5110410095,376602135.0,0.7413024342796967,0.8866029108954675,0.731837099605571,0.6866427657106525,0.8694121248079231,0.543400313142734,0.494538971422493,0.7919958413388475,0.7773459860021604,0.7949414736894517,0.9632139435364918,0.18138801261874998,0.15205938697318008,0.17132971433059774,1.0
1403900013586,147.12029172568683,57.730747386029016,32933.563672160235,365.0073060536028,1260.0,111.73693042457228,29.796514779885943,1.2928105524624276,4397,8188.454717947406,0.42251698479456484,0.1614737320900614,122.1371065,7.3614557486,376602135.0,0.7478790191468394,0.9010821855246346,0.6931492396288877,0.6445395994291541,0.7602262104687185,0.5274761353448503,0.5474485195373535,0.8871766542193379,0.8563688038487653,0.8459615105075291,0.9567786882940434,0.0920181968575,0.1408389949315216,0.18386051963385347,1.0
1403900014936,106.69739596683462,43.469309467969666,30564.291711992548,1240.8511975402248,920.0,711.3159731122308,51.37282028032778,0.9458919458387631,2345,9266.866427489897,0.478562421185372,0.15991471215351813,121.9523091,12.6382306477,376602135.0,0.7001904725431614,0.8946150825082787,0.6458104278621308,0.7779435636440505,0.7267703747655636,0.7332691109487641,0.6322613506894742,0.6491076748746152,0.7922156385792344,0.8575756517328281,0.9553310511341427,0.15797788309625,0.15952080706179067,0.18208535650396115,1.0
1403900014033,70.6233408874343,29.818743930250033,23986.805226271255,364.1025574641057,6715.0,83.17860148964483,9.416445451657905,1.1462725428729672,2004,3145.0927808537404,0.5033758439609902,0.1437125748502994,123.8103773,8.2781456954,376602135.0,0.639153732002961,0.8736245066678423,0.5834083618076555,0.6442693418893068,0.9383222172122146,0.49486607835896007,0.3743019615606881,0.7866165985979502,0.7761816190482691,0.756142928164258,0.9698864971087604,0.10347682119249998,0.16779194798699673,0.16363694792882927,1.0
1403900015510,189.66143316988456,44.6262195693846,46240.98832633298,775.3805650180574,350.0,384.90114378594217,66.9393293540769,1.224563126520137,2659,14832.639729374207,0.4796883695047301,0.184655885671305,119.8669577,18.8963210702,376602135.0,0.785658024453273,0.9304792322697807,0.6501812837246631,0.7266530155750855,0.6240525587174963,0.6648442411400298,0.6738266783483496,0.840342628235223,0.8050387934228261,0.9017339888343163,0.93899514934066,0.2362040133775,0.15989612316824336,0.21025665694058251,1.0
1403900015120,185.2277746068173,151.10686875819306,26996.08983444117,697.0413623361808,40.0,248.59517118283372,68.24181169724848,1.270382614827122,3491,17016.58318822103,0.4469320066334992,0.1695789172156975,121.8060241,11.9496855346,376602135.0,0.7821373041612666,0.8838619795103708,0.8550988054366165,0.7150385597275883,0.39541864552742145,0.6162008182946069,0.6768598625116519,0.8717857350823992,0.8328206664638532,0.9146290686869103,0.9541851064296389,0.1493710691825,0.14897733554449974,0.19308941110517255,1.0
1403900010736,192.5320608871168,100.85012713134691,29278.753855121853,614.2689561636585,80.0,206.28435095048232,100.85012713134691,1.1843799947863365,2327,10667.19299248383,0.4435483870967742,0.15169746454662655,124.5846693,8.7365591398,376602135.0,0.7878941588132403,0.8908929705945837,0.7868416324113386,0.701256104712873,0.46791797799195844,0.595464975595378,0.738498106794243,0.8127674074886517,0.7914293689643178,0.8707865558903967,0.9759520254755764,0.10920698924750001,0.1478494623655914,0.17272886616087263,1.0
1403900012003,101.91995330106583,77.45916450881003,19752.629625006808,3196.2097355214246,240.0,2507.2308512062195,40.76798132042633,0.6575724869219599,2235,9111.643825115285,0.49,0.15615212527964206,121.3969426,18.0277349769,376602135.0,0.6934009569920797,0.8568014925484171,0.742436779450649,0.8812064780115568,0.5840174730629561,0.8737950214760555,0.5961218882120348,0.45125169944114324,0.7873132627426322,0.8559899025907985,0.950980507334479,0.22534668721125,0.16333333333333333,0.177801122970469,1.0
1403900012253,157.32046013250732,78.66023006625366,29078.202383550357,928.1907147817932,175.0,365.77006980807954,86.52625307287903,1.1809045779207143,3334,13112.660352044486,0.470666078517865,0.16586682663467306,123.2785243,10.6275303644,376602135.0,0.7578441782692987,0.8902976019040296,0.7450222295672855,0.7462721920058475,0.550549643662534,0.6591680978444653,0.7142893084266488,0.8103824418794314,0.8281246255066858,0.8901632960705483,0.9657201497120727,0.132844129555,0.15688869283928833,0.18886267469225296,1.0
1403900010717,205.0562044814085,130.88693903068628,30706.549078780805,340.3060414797843,40.0,100.34665325685948,21.814489838447713,1.1239976188472194,2799,12211.75141156303,0.4669811320754717,0.14648088603072526,124.3830804,8.3423618635,376602135.0,0.7972771331681285,0.8950173115971394,0.8308241835727207,0.636909744035845,0.39541864552742145,0.5155859950972522,0.4995295171539516,0.7713306833240438,0.8102749924576391,0.8834811298081673,0.9743728496718935,0.10427952329375001,0.15566037735849056,0.16678905895985086,1.0
1403900014781,305.71846201137544,173.70367159737242,36941.56740059028,785.1405956201233,80.0,305.71846201137544,55.58517491115917,1.119709016705706,2986,20747.16653559016,0.5118987341772152,0.16945746818486268,121.2388258,14.9509803922,376602135.0,0.8567991047280854,0.9110301893152024,0.8786704950041034,0.728017169088564,0.46791797799195844,0.6392074279963863,0.6446177128083104,0.7683876784948065,0.8168747032138985,0.9332381105560476,0.9497418765134578,0.1868872549025,0.17063291139240508,0.1929511243285601,1.0
1403900015169,172.18319948391257,158.40854352519958,42002.3448472737,895.3526373163454,60.0,282.3804471536166,41.32396787613902,1.07149802652932,2394,16488.26318257947,0.47019053472649047,0.16416040100250626,121.493495,16.169544741,376602135.0,0.7712707373586359,0.9221513340043468,0.8630781779122632,0.7423433483543487,0.4377230725854981,0.6303727354194728,0.5982340369330589,0.7353034304742284,0.7943258556792222,0.9116681515056614,0.9517368645241233,0.2021193092625,0.15673017824216348,0.186919669477809,1.0
1403900011857,184.63271622244613,116.46063638646602,29555.163992874503,1107.7962973346769,970.0,431.75650562787405,85.21509979497515,1.2522091215774829,3322,9436.152050630248,0.39462636439966414,0.13937387116195063,122.4599893,17.4288179465,376602135.0,0.7816584063452774,0.8917068884480454,0.8111098813324182,0.7655687075278853,0.7323995567429318,0.6776368057044776,0.711878477210307,0.8593143804001662,0.8277566461343592,0.8592750710729262,0.9593080374059508,0.21786022433125002,0.13154212146655472,0.158696724498357,1.0
1403900012535,136.73191257579225,92.38642741607583,28852.190053422764,473.01850837030827,175.0,173.68648354222256,36.95457096643033,1.1202800016682852,3821,14120.341566273031,0.4418867924528302,0.15467155194975138,123.7422478,7.1111111111,376602135.0,0.7369982274648254,0.8896217075518168,0.7720771702455266,0.6727766425644046,0.550549643662534,0.5763645773254213,0.5808296096589446,0.7687795104826765,0.8420387256777442,0.8971138723043397,0.9693527948170321,0.08888888888874999,0.14729559748427673,0.17611528231845572,1.0
1403900014349,105.11427936366266,45.04897687014114,25102.964735115154,345.3754893377487,75.0,165.1795818571842,75.0816281169019,1.1553465425096352,2021,30347.994084851747,0.5059612518628912,0.15685304304799605,122.6948799,5.900621118,376602135.0,0.6979745612594133,0.877564163274108,0.6517508822625554,0.6385196981298988,0.46113356110959247,0.5707913906549911,0.6919064517941872,0.7928435284622781,0.7770435161502515,0.9689431373213605,0.961148086892964,0.073757763975,0.16865375062096374,0.17859921627915828,1.0
140390001539A,228.48421595733208,73.70458579268777,37147.26187438386,1083.45741115251,255.0,383.26384612197637,29.481834317075105,1.0751357494374538,3696,13620.6074544887,0.5153751537515375,0.1682900432900433,121.0787906,19.1176470588,376602135.0,0.81339061156491,0.9115111673343226,0.7340915462827343,0.763145101737371,0.5904467490922419,0.6643695946451534,0.545808024817703,0.7377997767737448,0.8386442281926576,0.8937311985526868,0.9484882176285809,0.238970588235,0.17179171791717918,0.19162184714510297,1.0
1403900012573,69.96217449623956,49.45601990251417,23262.355007035367,154.3992816468735,7015.0,27.743620920922584,0.0,1.0078189628636185,0,0.0,0.0,0.0,0.0,0.0,376602135.0,0.6377660133775284,0.8709680908995738,0.6673050185547357,0.5509971953300216,0.9429754186252158,0.37491276800461504,0.0,0.6916043915553771,0.0,0.0,0.0,0.0,0.0,0.0,1.0
1403900010308,153.04222421668678,96.92674200390164,29625.22183641503,867.2392705612251,3855.0,117.33237189945987,45.912667265006036,0.6640328636020488,497,2535.399514523111,0.4281609195402299,0.15694164989939638,120.546911,6.2857142857,376602135.0,0.753745010561309,0.8919119718175712,0.7801563798138795,0.7388636816312557,0.8792408476090772,0.5328837130469015,0.6146754046337051,0.45568506004229326,0.6339997950457138,0.7359185959768338,0.944321661856946,0.07857142857125,0.14272030651340997,0.17870010762247907,1.0
1403900013868,225.42788061523171,126.23961314452977,42682.51008858243,788.997582153311,80.0,351.6674937597615,63.119806572264885,1.211893510828911,4200,18935.941971679465,0.47213459516298634,0.17452380952380953,120.7503906,17.4603174603,376602135.0,0.8113843417493449,0.9235428035750997,0.8247192067288669,0.7285515944090581,0.46791797799195844,0.6547909952139223,0.6645845904883713,0.8316482474245331,0.8516905926594285,0.9246623369219116,0.9459156487325283,0.21825396825375,0.15737819838766212,0.1987198654059119,1.0
1403900015173,246.33692029925157,120.30407735544844,47895.449089016554,1248.870898261322,20.0,567.1477932471141,68.74518706025626,1.13478692049834,3324,19042.416815690984,0.46174142480211083,0.16967509025270758,120.9136413,15.2795031056,376602135.0,0.8246008414694861,0.9335243224005088,0.8165892916906757,0.778646461767001,0.3241786929076167,0.7080242392472095,0.6780168481633778,0.7787347198412059,0.827818068218243,0.9251887368858803,0.9471944967017085,0.19099378882,0.15391380826737028,0.19319891761332444,1.0
1403900012164,171.543912195684,98.6377495125183,30317.571838189167,969.2231039056146,2235.0,437.4369760989942,25.731586829352597,1.003267933731044,844,3619.576547328932,0.411371237458194,0.13033175355450238,124.0598238,18.4397163121,376602135.0,0.770717354030327,0.893913028937206,0.7831041941222545,0.7509907262243543,0.8212158105125462,0.679092605312857,0.5248382646767825,0.6884812991646152,0.6879750728588991,0.769331157355,0.971840572343624,0.23049645390125,0.13712374581939799,0.1484010038236865,1.0
1403900014122,216.6744740408228,112.9148667536682,34958.56446357153,561.5225806128365,765.0,183.10518933027276,33.56928471055001,1.0450982857742377,3179,9701.523281348953,0.41622103386809267,0.1528782636049072,123.8909025,8.3252662149,376602135.0,0.8054848687144971,0.906250962063064,0.805893451366445,0.6914691604557872,0.707148591999786,0.5822269634681506,0.5659072147611001,0.7171869062621223,0.8232663203792293,0.8618786687016895,0.9705173029092123,0.10406582768624999,0.13874034462269755,0.17407337170755532,1.0
1403900010134,264.1664920417171,134.57538273823326,38600.85457416412,847.3264839073946,155.0,279.1193123459653,74.76410152124069,1.2321596245566526,3236,16129.108834848994,0.4846259752179899,0.1511124845488257,122.5378577,8.5148514851,376602135.0,0.8350163959398312,0.9148360681071767,0.8355183050319769,0.7363301670725477,0.5377052569945776,0.6290806071750831,0.6912384364275577,0.8455556392978129,0.8250799131991691,0.9096006308988679,0.9599180307793533,0.10643564356374999,0.16154199173932995,0.17206278428502245,1.0
1403900014156,140.14923609511115,77.86068671950619,33883.96409766661,295.8706095341235,40.0,124.5770987512099,0.0,0.8569977547780645,1891,29446.911717317238,0.46475600309837334,0.15758857747223692,123.2127206,16.4685908319,376602135.0,0.7406655712231864,0.9035465132009226,0.7433054862677599,0.6216788939552765,0.39541864552742145,0.5395172762696242,0.0,0.5881050392954497,0.7702597970348971,0.9661134045848008,0.9652046669110216,0.20585738539874998,0.15491866769945778,0.17943672551176887,1.0
1403900013660,138.51647461988935,36.66612563467659,39936.56876870365,456.28956345375315,235.0,272.95893528037016,40.7401395940851,1.0545400842889272,5426,22105.599743750576,0.49641478212906787,0.1551787688905271,122.2332973,10.8924806746,376602135.0,0.7389245613594454,0.9177827527156901,0.6175535596812138,0.6688533180967976,0.581785120343782,0.6265981609757257,0.5960153817985147,0.7236662339564396,0.8778304921763832,0.939192146405251,0.9575322128377902,0.1361560084325,0.1654715940430226,0.17669282003366815,1.0
1403900010115,171.77981826854128,68.11958310649051,31727.117698467286,595.3059219306344,1215.0,180.66498128243137,97.73679315279074,1.1789767957307984,3304,9785.526199297594,0.4697508896797153,0.14376513317191283,123.2938954,7.3724007561,376602135.0,0.7709217986612975,0.8978494474756934,0.7208677487257722,0.697837685174409,0.7563569356557135,0.5807374282782607,0.7335394246024315,0.8090595231037023,0.8272021779619274,0.8626880127307959,0.9658405614470242,0.09215500945125,0.15658362989323843,0.16369679295871647,1.0
1403900011081,137.4501534711931,101.27906045245807,23515.988917852654,2484.954090387096,560.0,1265.9882556557259,101.27906045245807,1.0444490562048512,2681,9697.47003832286,0.44528301886792454,0.13838120104438642,121.4931508,20.7777777778,376602135.0,0.7377765123201442,0.87190741206587,0.7875568390830218,0.8537306463382148,0.6739844069458528,0.7975563798115206,0.7391693711900859,0.7167413797957027,0.8058796207175905,0.8618394398633301,0.9517341681836422,0.2597222222225,0.14842767295597484,0.1575664301695026,1.0
1403900014724,133.6352211899716,34.999700787849704,28766.217351185616,235.4525325728071,830.0,60.45402863355858,22.272536864995264,1.1619294756647636,3284,10449.001580663493,0.4247288503253796,0.1543848964677223,123.6379666,12.1635094716,376602135.0,0.7335955178761226,0.8893632135200501,0.6098526859301413,0.5968317153524165,0.7158210801125382,0.4597403476954468,0.50270459204348,0.7973609920615599,0.8265825493503659,0.8688464605021123,0.9685358929547816,0.152043868395,0.1415762834417932,0.17578888479732602,1.0
1403900010651,86.9159901231283,44.27795723253706,17631.973101997875,582.1731413907651,2055.0,316.5053979955427,18.039167761403988,1.0531899042163242,3971,6512.139561866839,0.4481751824817518,0.15940569126164694,121.6927089,16.2448979592,376602135.0,0.669823007998411,0.846963948369363,0.6488773034073128,0.6954059474929352,0.812279404600162,0.6430660010375373,0.4706352989229424,0.7227396881163519,0.8459685219355487,0.8244594042092654,0.9532974354218132,0.20306122449,0.14939172749391727,0.1815057647370989,1.0
1403900015421,174.56127212899943,89.51860109179458,40021.16890889903,1020.5120524464583,80.0,487.8763759502805,31.331510382128105,1.0307034906678088,3707,16592.272712364127,0.49838318512530316,0.18019962233612086,120.7013407,16.7947310648,376602135.0,0.7733114763484313,0.9179660541357074,0.7667690507716824,0.7566157006816322,0.46791797799195844,0.6912488099830738,0.5552177649742344,0.707308640543785,0.8389475149798704,0.9122584919464343,0.9455314092468569,0.20993413831000002,0.16612772837510106,0.2051825753433648,1.0
1403900011467,154.3207319335619,80.37538121539681,30239.7375350759,2623.452442870552,860.0,1890.428966186133,16.075076243079362,0.6965322638448854,4745,15255.247354682315,0.5291653238801161,0.16712328767123288,120.6224636,14.1634241245,376602135.0,0.754981813368609,0.8936903617043899,0.7486475227556255,0.8596507299929534,0.7195973384350381,0.8422869298856922,0.453244472500512,0.47798740675245666,0.8641426937083669,0.9043713650969607,0.9449135140761175,0.17704280155625002,0.17638844129337203,0.19029333202636803,1.0
1403900014921,179.3282413866116,117.68415840996387,46184.058938849914,969.493304996369,140.0,336.2404525998968,72.85209806331098,1.1827091735420325,2664,14929.076095435417,0.47888888888888886,0.17605105105105104,120.6257714,13.1736526946,376602135.0,0.777320291946867,0.9303725226844234,0.8128734141266071,0.7510211320883461,0.5269406107501234,0.6497976723786861,0.6871557878999721,0.8116208252624341,0.8052304995830821,0.902342378699679,0.9449394262058202,0.1646706586825,0.15962962962962962,0.20045884435419317,1.0
1403900010401,134.53456129121437,99.65523058608471,32543.029585333097,687.6210910439845,190.0,234.1897918772991,64.77589988095507,1.176760720017938,2118,10553.48891906637,0.4884047786366831,0.14966949952785646,124.3948053,4.7473200613,376602135.0,0.7345917297987432,0.9000488753617023,0.7848332562042187,0.7135549090448784,0.5592585272489431,0.6095644697814115,0.66865766011767,0.8075387661508081,0.7818268589248797,0.8697805357443488,0.9744646983718002,0.05934150076625,0.16280159287889437,0.1704197432012176,1.0
1403900014917,140.9201257744347,69.02210242013128,28122.00426978311,1127.3610061954776,3495.0,172.5552560503282,342.2345911664843,1.0948923638167136,2107,6059.565408300692,0.40842245989304815,0.12055054579971523,124.9329821,6.9212410501,376602135.0,0.7414805820617598,0.887401315526507,0.7230755072742219,0.7674786499073133,0.8688047111550236,0.5756393128437136,0.9325523021038911,0.7513575304680571,0.7812955501770569,0.8176979377094121,0.9786805841703906,0.08651551312625,0.13614081996434937,0.13726372522633049,1.0
1403900011310,131.0226100656449,75.85519530116284,20456.98615145704,1479.1763083726753,4555.0,279.28503724519044,313.7646714729917,1.177271622461024,981,3382.4521177473066,0.2993377483443709,0.09582059123343527,125.3179261,15.7303370787,376602135.0,0.7306632930174782,0.8598364414725478,0.738921611372248,0.7971136052100307,0.8970031608806833,0.6291466327259168,0.9187217231473523,0.807889367187616,0.7033135966368751,0.7629716839044871,0.9816960986683262,0.19662921348375,0.09977924944812362,0.10910519914146967,1.0
1403900010505,204.3963658619089,73.49082817506837,36861.08036848701,548.8846229325419,630.0,197.50660072049624,64.30447465318483,1.254462133224859,5858,13453.414732798452,0.4099229287090559,0.17207237965175828,122.8332567,8.0120481928,376602135.0,0.7967971994437006,0.9108412560984154,0.7336038913026864,0.6889879470678867,0.6865047737526631,0.5906346727030414,0.6675087519580288,0.8608604842213557,0.8856493171103678,0.8925717144729189,0.9622320815690155,0.10015060241,0.13664097623635196,0.19592856824390723,1.0
1403900011185,118.97877108789027,59.48938554394513,22824.057605169684,634.5534458020815,1230.0,198.29795181315043,43.6255493988931,1.1734851837511295,5210,10331.323289465137,0.45287228109314,0.1472168905950096,122.3155667,17.2151898734,376602135.0,0.7163494596703046,0.8693204742039807,0.6981704062545944,0.7047980254332801,0.7576623789536441,0.591078818733049,0.606692061589469,0.8052909663471739,0.873684399479986,0.8677832148160581,0.9581766820812034,0.2151898734175,0.15095742703104667,0.16762710351292237,1.0
1403900011397,93.96389020537457,59.446542782992076,19188.79251303653,627.0651448399486,1795.0,255.04484484315955,63.28180360770124,1.252528549037955,5120,9818.267711255465,0.4646638054363376,0.1494140625,121.9365305,18.9119170984,376602135.0,0.6813621069962833,0.854292982530938,0.698049828174091,0.7035038156042412,0.7978833596952143,0.6190488552075535,0.6649876276790067,0.8595335838906603,0.8719058963019558,0.863001587755332,0.955207447189005,0.23639896373,0.15488793514544588,0.17012889227415026,1.0
1403900011645,91.19480607251752,78.16697663358646,20018.53751106107,2817.268116168845,805.0,2110.5083691068344,71.65306191412091,0.7242568038793458,1828,5953.718053591501,0.434850863422292,0.1400437636761488,120.4303793,22.9230769231,376602135.0,0.6769339727634096,0.8579597722838059,0.7439651860810241,0.8674308958730578,0.7125685570891465,0.8545744579588096,0.6845412355135648,0.4970130595216836,0.7668027289630507,0.8160437530598157,0.9434087939311722,0.28653846153874996,0.14495028780743066,0.159459491198334,1.0
1403900013548,135.243174099976,16.905396762497,29146.248592101852,507.16190287490997,95.0,185.959364387467,33.810793524994,0.9164815533375638,1383,23380.163722533347,0.5231277533039648,0.175704989154013,122.9177836,18.1141439206,376602135.0,0.7353720252084497,0.8905000668095332,0.4909954193384323,0.6803715552812465,0.48600871268064083,0.5839443397313159,0.5670192236282182,0.628925124872379,0.7383427155325345,0.9444548331032695,0.9628942352651779,0.2264267990075,0.17437591776798825,0.20006480428717222,1.0
1403900011999,110.5779816814841,80.80698661339223,24126.403775516344,1058.9968245649825,355.0,591.1669020663958,51.035991545300355,1.0306737791934772,1739,7395.96577477311,0.4371900826446281,0.16446233467510063,123.1077121,14.1762452107,376602135.0,0.7054872985095216,0.8741271566740506,0.7495477681115044,0.7606539438890247,0.625558656310818,0.7126466538476767,0.6312307705167697,0.7072882513797739,0.7617103694803367,0.8364061241377189,0.9643820676390328,0.17720306513375,0.14573002754820938,0.1872634633644035,1.0
1403900013764,40.05415619719559,9.044486883237713,13346.884750486126,56.85106040892277,640.0,19.38104332122367,9.044486883237713,1.3136908885277214,2516,3250.8469997465836,0.4443168771526981,0.17448330683624802,122.772038,10.3047895501,376602135.0,0.5558775708516972,0.8228468539941586,0.3926163133358024,0.4430988783012858,0.6881790114625199,0.33653187514433924,0.368493979158756,0.9015055492411946,0.7993978218500166,0.7592469436201621,0.9617525160285867,0.12880986937625,0.14810562571756603,0.19867374740835753,1.0
1403900013590,149.28086641534387,103.3482921336996,49124.87045938052,470.80888638685377,20.0,264.11230211945457,17.2247153556166,1.0257198472995765,3233,18562.50158156949,0.5206961429915334,0.17939993813795235,119.242528,13.8705416116,376602135.0,0.7500459213664267,0.9357197458375545,0.7909654863832645,0.6722664440271102,0.3241786929076167,0.6229338138738095,0.46365208951779974,0.703888671515199,0.8249852599700093,0.9227924041036051,0.9341035889752779,0.173381770145,0.1735653809971778,0.20427202258462732,1.0
140390001279A,146.4014907584567,90.33283472330307,32600.221844428015,881.5238698860265,680.0,292.8029815169134,43.60895469400838,1.186428534872833,4961,15453.144588355397,0.5307004011107683,0.1632735335617819,121.2289409,16.484375,376602135.0,0.7471511003120481,0.9002009723252079,0.7682930384104198,0.7406455787745619,0.6946245083647051,0.63440484612184,0.6066326535774961,0.8141731950083394,0.8686860962151342,0.9055813700258409,0.9496644417196679,0.2060546875,0.17690013370358945,0.18590984635433663,1.0
1403900015008,127.291294196583,81.32499351448358,24650.46806175353,926.3977522084651,280.0,452.59126825451733,53.038039248576254,1.1291587173212192,4449,15731.082441127715,0.5346671265953777,0.17397167902899527,120.2899212,21.4678899083,376602135.0,0.726373292539244,0.8759885384975701,0.7506219801582196,0.7460612864421794,0.6003681970631017,0.6828859699412838,0.6372608803429984,0.7748724289166508,0.8575687141413942,0.9072548600362299,0.942308495090555,0.26834862385374997,0.17822237553179257,0.19809118730224595,1.0
1403900013016,89.45055708962346,19.994830408268772,24250.175038506248,178.90111417924692,175.0,76.82224314755896,3.157078485516122,1.0431380895864701,5380,5661.694084025578,0.44645754461871284,0.19200743494423791,119.9847663,10.6207928197,376602135.0,0.6740758822687032,0.8745703912271546,0.5180841450552834,0.5669843671961072,0.550549643662534,0.4861013216869152,0.22758101427788632,0.7158417437461104,0.87696153041289,0.811322825212992,0.9399180200472602,0.13275991024625,0.14881918153957094,0.21862742816101507,1.0
1403900014476,130.44625927761106,79.8650567005782,27617.379889898286,697.4881618517162,195.0,252.9060128851643,47.91903402034692,1.189116065574056,7476,19902.372129784086,0.48613604627967283,0.17415730337078653,121.5277443,12.1558441558,376602135.0,0.7300086248542623,0.8858328741528522,0.7475769036393249,0.7151084303983449,0.5620100840923147,0.6181124223606334,0.6213645847068455,0.8160174826273423,0.9105426544411399,0.9293354270292222,0.9520051613691037,0.1519480519475,0.16204534875989093,0.19830254668247874,1.0
140390001119A,116.61013424029267,68.9059884147184,20693.55065639849,424.0368517828824,410.0,116.61013424029267,47.70414582557427,1.3270943328597173,2055,10892.446630172793,0.5486058779201206,0.13722627737226278,121.6910976,9.5723014257,376602135.0,0.7133657974271004,0.8608323597414129,0.7227930673818356,0.6608667016820714,0.6408557405400492,0.5322002720097158,0.6206614013152262,0.9107035116764687,0.7787457816907507,0.8727482558997706,0.9532848130702231,0.11965376782124999,0.18286862597337353,0.156251387383623,1.0
1403900015436,158.90257750005935,90.0447939167003,46600.08177299491,677.98433066692,80.0,312.5084024167834,42.3740206666825,1.2139362620792544,3812,20191.22084767421,0.5260208166533227,0.17392444910807975,121.5308431,19.6209587514,376602135.0,0.7593320777920519,0.9311493114082243,0.7677554757992315,0.7120160113109331,0.46791797799195844,0.6416517504328462,0.6021484850027546,0.8330500624207289,0.8417980571961301,0.9306881475562336,0.9520294362670791,0.2452619843925,0.17534027221777423,0.1980374094048171,1.0
1403900012200,132.70692021081,92.3178575379548,23750.739081134103,842.4004500338375,260.0,294.2631709022309,28.849330480610874,1.0192694970513787,1191,6871.91052048151,0.4332129963898917,0.15785054575986565,123.1011325,11.2947658402,376602135.0,0.7325602217117756,0.8727678142481221,0.7719521658306575,0.7356942497091564,0.5925063747116004,0.6349582876729059,0.5424587895064922,0.699462191439801,0.7230970257185199,0.8295072377505939,0.9643305253908341,0.1411845730025,0.1444043321299639,0.1797350131952674,1.0
1403900011293,146.72648092298783,95.54282478706185,23798.689623172057,1064.6200476272606,5550.0,220.08972138448175,136.48974969580263,1.028559277590733,886,1511.6239778810143,0.4383116883116883,0.09029345372460497,122.3289054,7.3863636364,376602135.0,0.7474806515636357,0.8729425155105492,0.7777341684527938,0.7612316855180948,0.9180363462186527,0.6026627969352201,0.7864237062251169,0.705837198513837,0.6929269755279506,0.6873894067591769,0.9582811727168117,0.092329545455,0.1461038961038961,0.1028117769154044,1.0
1403900012713,195.26589252259518,103.37606074725628,35758.10932550756,715.9749392495157,1340.0,199.09463551323432,76.57485981278242,1.1829233008164874,3393,12990.92496723854,0.4574742268041237,0.1623931623931624,123.4705371,5.303030303,376602135.0,0.7899931096982876,0.9082097759762044,0.7910107685621233,0.7179608911715923,0.7667758120029708,0.5915241798134184,0.6950109989785858,0.8117677676884268,0.8299148115286019,0.8892876808351812,0.967224309751427,0.0662878787875,0.1524914089347079,0.18490742014892284,1.0
1403900010952,165.38441264589008,122.06944742910935,25585.216556332078,1362.452542273285,955.0,476.46461738458805,98.44310276541076,1.190742824375427,3251,12801.541083614014,0.44168514412416854,0.15072285450630576,123.1064184,11.8613138686,376602135.0,0.765277987472126,0.8792124360309562,0.8190481607494775,0.7881442174971435,0.7307418274959394,0.6886120650763146,0.7346779576865918,0.8171338274992752,0.8255518673469461,0.8879090403006802,0.9643719332529765,0.1482664233575,0.14722838137472286,0.17161913576612453,1.0
1403900011202,103.7618270436707,88.19755298712009,20039.075186995215,627.7590536142078,290.0,155.64274056550605,119.32610110022131,1.321772283068989,2008,10417.687435184538,0.4732208363903155,0.17280876494023906,122.2542717,15.4121863799,376602135.0,0.6960551701056461,0.8580485922357748,0.7642670607210669,0.7036243914217232,0.6040916297431806,0.5641936818902992,0.7651251027274112,0.9070513150588485,0.7763850740241062,0.868564704947073,0.9576965188336896,0.19265232974875,0.15774027879677183,0.19676704630494124,1.0
1403900015417,215.82931881756687,86.33172752702676,47041.51919724352,1069.554179918165,100.0,450.843465974473,28.777242509008918,1.060339567816278,3837,18403.0465845112,0.5238284352660842,0.18060985144644254,120.6519845,18.3831672204,376602135.0,0.8049027569172754,0.9319660069891165,0.7606694292247959,0.7617361228458158,0.49141491559492917,0.6824549856467264,0.542072572437706,0.7276460640887008,0.8424651847849953,0.9219824751145086,0.9451447703158357,0.229789590255,0.1746094784220281,0.20564967879366847,1.0
1403900010844,141.03023529927052,116.14254671704632,22664.04861076275,522.6414602267084,220.0,178.36176817260684,20.739740485186843,1.1937802175695393,3105,12879.378841301028,0.47786768205616376,0.16392914653784219,121.7227965,14.6953405018,376602135.0,0.7415966321380139,0.868711084403046,0.810648391464562,0.6836481785424156,0.5747927185549776,0.5793130465665712,0.49182206566653536,0.8192182043063554,0.8208627161737256,0.888478121203977,0.9535331309879426,0.1836917562725,0.15928922735205459,0.18665635379487755,1.0
140390001560A,201.69320746706543,77.57431056425594,44916.611875249415,532.6769325412241,415.0,155.14862112851188,72.40268985997221,1.2469214482521354,2420,12515.322104366625,0.39642238892094633,0.1768595041322314,124.1754004,7.6923076923,376602135.0,0.7948148268141512,0.9279621028764841,0.7426863556352232,0.6857210739900538,0.6421432934061787,0.5638409836420158,0.6861808404340166,0.8556857742440271,0.7954280968731658,0.8857862871643277,0.972745958355413,0.09615384615375,0.1321407963069821,0.20137938171764808,1.0
1403900014870,178.79635959346294,60.953304406862365,25744.766896742967,475.43577437352644,505.0,105.6523943052281,65.01685803398652,1.080352400518121,1678,6818.642986314337,0.3856317093311313,0.13468414779499405,125.1030329,7.7544426494,376602135.0,0.7768782885621003,0.8797509252754995,0.7022400002068252,0.6733320689079904,0.6629974191618442,0.5212824502227966,0.6692417219932494,0.7413796447158504,0.75806734264262,0.8287767598173615,0.9800127017064103,0.0969305331175,0.12854390311037708,0.15335681587032865,1.0
1403900013923,62.34216399671879,18.702649199015635,15297.824354425458,153.777337858573,1540.0,64.42023612994275,5.1951803330598985,1.0079992018912018,4286,4453.308581498945,0.41358839050131924,0.1654223051796547,123.2461775,8.3266613291,376602135.0,0.620768118738886,0.8346638697971791,0.5072735860668388,0.5505592952909464,0.7815781366850735,0.46672217620862894,0.29130554669621156,0.6917280785543319,0.8537592734936593,0.7887877752794475,0.9654667563759983,0.10408326661375,0.1378627968337731,0.18835652459186084,1.0
1403900015192,84.46365819346997,15.357028762449087,22168.989365611127,205.40025969775652,80.0,97.90105836061292,3.8392571906122717,1.0793793460927503,3526,6768.610427049434,0.5055508112724167,0.1642087351106069,119.8750927,19.2918192918,376602135.0,0.6655897665034163,0.866798048021111,0.4756033067057125,0.5819888329137433,0.46791797799195844,0.5128591259043846,0.2518513216082809,0.7407118970958844,0.8338387465680154,0.8280854291109921,0.9390588760397142,0.24114774114749998,0.1685169370908056,0.1869747046474084,1.0
1403900011664,104.34727266519914,83.47781813215931,20658.265572491793,976.690472146264,605.0,267.1290180229098,100.17338175859118,1.2508576027852143,2178,9090.73439459215,0.47162162162162163,0.16345270890725436,122.5257219,15.9509202454,376602135.0,0.6968890543525672,0.8606845368776028,0.7550151261909852,0.7518279322339632,0.6822002537294489,0.6241969233851127,0.7374332557297022,0.8583869158788133,0.7846772116235807,0.8557742308173462,0.9598229632348687,0.1993865030675,0.1572072072072072,0.18611386264663218,1.0
1403900012624,172.25522743825408,58.50177535638818,30767.453472393227,552.5167672547773,740.0,195.00591785462726,39.00118357092545,1.157579607158999,4749,15434.718398193747,0.4114149821640904,0.15329543061697198,123.5645418,12.5160462131,376602135.0,0.7713329585000998,0.89518894787627,0.6953688951181196,0.6897068387594024,0.7036154435580491,0.5892194349656399,0.589218327153892,0.7943759438811534,0.8642286949774259,0.9054693627120044,0.967960709164651,0.15645057766374998,0.13713832738803014,0.17454837493327846,1.0
1403900012022,134.97513550479738,86.5225227594855,25057.986808723694,827.1553175806813,120.0,353.01189285870083,41.53081092455304,1.1342395742985398,4065,14068.562200692342,0.48792093704245976,0.16531365313653137,120.823462,18.5602775369,376602135.0,0.7350773503485089,0.8774088235931097,0.7610408256654124,0.7337024085638427,0.5106525382328262,0.6552157439228853,0.5990127433967991,0.7783591096875654,0.8483562518461756,0.8967689867707569,0.9464880641126472,0.23200346921124998,0.16264031234748658,0.18823280898283043,1.0
1403900013849,314.4610060773834,94.33830182321502,43236.43030453652,691.8142133702435,220.0,232.7011444972637,94.33830182321502,1.1997543954453165,1656,10414.948521282937,0.4603174603174603,0.15217391304347827,123.8028421,9.3155893536,376602135.0,0.8610045664587911,0.9246597186585851,0.7755975116545318,0.7142177977833001,0.5747927185549776,0.6088556314201261,0.7279448244697934,0.8233179164640632,0.7567208980588861,0.86854002073721,0.9698274690297546,0.11644486692,0.15343915343915343,0.17327136968188536,1.0
1403900014832,114.94850263278919,27.22464536039744,30336.12184893258,293.4211777731724,430.0,108.89858144158976,24.199684764797723,1.1432570913214315,3312,10018.669492626257,0.48787061994609165,0.15157004830917875,123.3547037,5.4671968191,376602135.0,0.7112366335696589,0.8939660121818326,0.5684445887933743,0.6207742070423504,0.6459150924033351,0.5246295734020866,0.5154120710282901,0.78454727899551,0.8274489801379535,0.8648984016002751,0.9663169120596974,0.06833996023875,0.16262353998203055,0.17258378488156043,1.0
1403900011880,122.15745156524622,70.7227351167215,22728.014647310258,1604.1202192383648,1095.0,675.080653386887,38.57603733639354,0.9462852699792443,1826,5869.987014687884,0.4785425101214575,0.14676889375684557,120.3214552,23.8888888889,376602135.0,0.7202622348925574,0.8689552118537804,0.7271593626517423,0.8059624808185574,0.7452937769516504,0.7274407970121813,0.5875116082599156,0.6493775891279535,0.766691040220689,0.8147142373985762,0.9425555212402753,0.29861111111125,0.15951417004048582,0.16711699620077317,1.0
1403900014974,186.5922462704494,37.318449254089884,45785.897380485716,358.2571128392629,40.0,111.95534776226965,29.854759403271906,1.084383688366022,2159,16114.106387916012,0.37515923566878984,0.1523853635942566,124.5055058,7.5669383003,376602135.0,0.7832296667989778,0.9296225031728849,0.6204756563238056,0.6425069396268267,0.39541864552742145,0.5276922062536386,0.5477503216038934,0.7441460705144979,0.7837831812463086,0.9095132686883777,0.9753318867490153,0.09458672875375,0.12505307855626327,0.1735121358278074,1.0
140390001425A,169.56500506325943,119.15378734174988,42756.65711460795,747.0025898732781,60.0,339.13001012651887,41.245541772144186,1.1304911445684867,5144,23574.118541767744,0.48498845265588914,0.1724339035769829,120.0791984,16.5425971878,376602135.0,0.7689912730412616,0.9236931498313481,0.8149677970443887,0.7225869931876289,0.4377230725854981,0.6507501032825552,0.5979377890549535,0.7757867920806657,0.8723832016733681,0.9452304300738418,0.9406577675601984,0.20678246484749999,0.16166281755196305,0.196340214001341,1.0
1403900015332,149.53642554247455,82.245034048361,26574.469397763653,687.8675574953829,330.0,231.78145959083557,52.337748939866096,1.2839156284081426,1552,11604.026622096026,0.48233046800382046,0.15528350515463918,123.4118955,8.3333333333,376602135.0,0.7503001659142791,0.8824984825565154,0.7525133477803908,0.7135939843262469,0.6178056458770863,0.6084154518082316,0.6351774153654491,0.8810726129528237,0.7501038257345827,0.8786890201547083,0.9667649322965709,0.10416666666625,0.16077682266794016,0.176812076978404,1.0
1403900012215,90.04828855812929,57.88818550165454,20764.568543153964,1013.0432462789544,1040.0,337.6810820929848,19.296061833884846,1.0475702342690063,2270,7300.343393819767,0.415211970074813,0.17665198237885463,123.6306252,10.9467455621,376602135.0,0.6750614733584661,0.8611291185157739,0.693604834836781,0.7558143869994421,0.7398116464506062,0.6502735359178328,0.48084641368450576,0.7188832530244644,0.7888987938441627,0.8351845352715287,0.9684783830361047,0.13683431952625,0.13840399002493767,0.20114308905928616,1.0
1403900013976,116.92372754264002,53.1471488830182,20566.801418822313,943.8933641624031,4805.0,437.9325067960699,14.881201687245094,0.921388167791342,2378,5055.35680175269,0.41631923764145323,0.16442388561816654,121.5566427,15.4054054054,376602135.0,0.7137642499927085,0.8603001795731285,0.6793204943865708,0.7481020877691772,0.9026912961682565,0.6792187049506815,0.4416668623485823,0.6322922336775755,0.7936415900232227,0.8006900028475473,0.9522315411650407,0.1925675675675,0.13877307921381773,0.1872196837137084,1.0
1403900014601,183.7384193798147,75.65699621521782,33291.990976444016,1264.5526510257835,255.0,540.4071158229843,97.27328084813719,1.1710233361553992,3520,19022.33047696905,0.512677266867211,0.17301136363636363,120.2168485,21.3347921225,376602135.0,0.7809357890472752,0.902019817807597,0.7384821656342705,0.7800079736381513,0.5904467490922419,0.7026423660056919,0.7327878329806233,0.8036015512128235,0.833664938069157,0.9250896578397027,0.9417360695266982,0.26668490153125,0.17089242228907034,0.19699773337127988,1.0
1403900011452,194.67970623564116,113.03982942714647,27115.25746331997,712.7789244433958,215.0,398.77939825687787,15.6999763093259,0.9742683552547428,4217,13241.360019285463,0.4901060070671378,0.16860327246857956,120.6601081,18.8392857143,376602135.0,0.7895455271635652,0.8842435023540742,0.806080036933895,0.7174730517374065,0.5723560144035595,0.6687884488541825,0.4496965256478135,0.6685806656515516,0.8521028558413594,0.8910802083841706,0.9452084077113411,0.23549107142875,0.16336866902237926,0.19197850255143273,1.0
1403900014743,143.42148408231157,8.963842755144473,34991.77470174363,838.1192976060082,255.0,349.5898674506344,53.78305653086684,1.0971422727891584,3042,13634.004830574742,0.5225225225225225,0.1712689020381328,122.3755018,7.6484018265,376602135.0,0.7440949423444534,0.906333212028953,0.39124445107660305,0.7351385581708526,0.5904467490922419,0.6541313959426839,0.6394479787959491,0.752901505113584,0.8187708360082707,0.8938234928082179,0.9586461923553867,0.09560502283125,0.17417417417417416,0.19501369614896516,1.0
1403900010825,170.95556324964306,85.47778162482153,36157.92562386267,567.572469988815,555.0,164.11734071965736,47.86755770990006,1.0851635835606022,3680,12582.32945517373,0.3955252180508153,0.1796195652173913,122.3742812,15.0283553875,376602135.0,0.7702062494390723,0.9091729241400115,0.7589971586036154,0.6926372732985965,0.6730311389441646,0.5700755226423241,0.6211964193870562,0.744681264791843,0.8382014690259927,0.8862875696730307,0.958636630608753,0.18785444234374998,0.13184173935027177,0.20452209885665396,1.0
1403900012520,251.80163016594568,159.4743657717656,38318.0407811856,872.9123179086117,80.0,243.4082424937475,16.78677534439638,1.0093631221120105,1593,13370.666561811717,0.4442429737080689,0.16195856873822975,121.7844382,16.0714285714,376602135.0,0.8278709111514758,0.9141990905105338,0.8642122524261815,0.7395748367294058,0.46791797799195844,0.613856470498609,0.4597669802994892,0.692664053416089,0.7527639212818946,0.8919925134663181,0.9540160101600491,0.2008928571425,0.14808099123602297,0.18441257424308272,1.0
1403900015506,313.6293291455094,63.63493634836423,52889.124323440155,631.8040108873306,120.0,268.1758031823921,63.63493634836423,1.244434000539901,4440,20181.365527624086,0.5454229028889662,0.17905405405405406,119.9091969,19.8161389173,376602135.0,0.8606095501423,0.9421152354321745,0.7094513576454575,0.7043246183159585,0.5106525382328262,0.6246318972096337,0.6658626881220753,0.8539787913185843,0.8573620440667514,0.930642313381226,0.9393260362228589,0.24770173646625002,0.18180763429632207,0.20387818498283614,1.0
1403900010859,131.60807826997774,69.91679158092568,35985.88146737608,1377.7720693888293,160.0,666.2658962417622,37.01477201343124,0.9939334204155822,4308,17717.737537095752,0.4989561586638831,0.16829155060352832,121.6465332,18.2296231376,376602135.0,0.731325397856018,0.9087597857063568,0.7252362018935319,0.7893642718511483,0.5410645048185279,0.7259757408451096,0.5810827574023348,0.6820755947277171,0.8542818053482277,0.9184197351466571,0.9529357113975334,0.22787028922000002,0.1663187195546277,0.19162356343317669,1.0
1403900014245,204.29414918818534,158.8954493685886,54674.694339269765,709.354684681199,0.0,357.51476107932433,34.04902486469756,1.0196048554715587,4483,25440.296411406525,0.5212080081438751,0.1719830470666964,120.2618207,17.994100295,376602135.0,0.7967227142373017,0.9449913649412378,0.8635972016412702,0.7169479462063049,0.0,0.6566267200251358,0.5681086086998242,0.699692327371638,0.8583457134178408,0.9523827712979522,0.9420883657596674,0.2249262536875,0.17373600271462505,0.1958268505508985,1.0
1403900010685,194.7467145808417,118.23907670979675,27139.693948555356,246.91101312928143,390.0,45.20905874198111,48.68667864521043,1.2836210390835538,1913,6652.6868748776815,0.42867811799850636,0.1447987454260324,124.5038445,5.0295857988,376602135.0,0.7895967592102184,0.8843215301477649,0.8136672655318306,0.6019990780342959,0.635543949740351,0.4279120363481098,0.6238515813913008,0.8808704543528189,0.7714399662523544,0.8264638056011244,0.9753188727151937,0.062869822485,0.14289270599950213,0.16487370565951634,1.0
1403900011965,156.96676975224122,78.48338487612061,25275.653149633097,690.6537869098614,40.0,313.93353950448244,62.78670790089649,1.248241706166357,2593,13567.16113225205,0.42316136114160263,0.14924797531816428,121.9820286,25.4117647059,376602135.0,0.757509517568201,0.8781580004180298,0.744644004375239,0.7140347488811957,0.39541864552742145,0.642158062151211,0.6637526552630719,0.8565917863405519,0.8024739417100849,0.8933621022986696,0.9555638631356843,0.31764705882375,0.14105378704720087,0.16993977869411728,1.0
140390001521A,188.3998138510344,102.0498991693103,30761.789048022347,647.6243601129307,200.0,176.62482548534476,117.7498836568965,1.3009255336306678,3418,13415.636744642408,0.5030782761653474,0.15623171445289644,122.5158176,5.8601134216,376602135.0,0.7846645898528845,0.8951729991485355,0.7888346352860592,0.7070209674352161,0.5646923247741623,0.5782267140902493,0.7630189262210189,0.8927454684807774,0.8306639966050775,0.8923077282786883,0.9597453764683732,0.07325141777000001,0.16769275872178246,0.17789174642087402,1.0
1403900013745,107.66311839750352,16.99943974697424,24988.762558946506,209.65975687934895,715.0,90.66367865052928,31.16563953611944,1.2306531845562738,3343,9471.52117902248,0.4720387494495817,0.16332635357463357,122.160172,13.1868131868,376602135.0,0.7015262685561259,0.8771691990762185,0.49188691797344836,0.5842193584809976,0.6999610243344243,0.5043756562936551,0.5543962059153904,0.8445218618454455,0.82839974215861,0.8596262816637517,0.9569593752242259,0.164835164835,0.15734624981652723,0.1859699893564477,1.0
1403900013656,130.03090436773974,46.4396087027642,32724.13666713054,334.3651826599022,255.0,102.16713914608123,37.15168696221136,1.1812947248921066,3096,9585.13523625053,0.51171875,0.14825581395348839,123.9221666,5.4835493519,376602135.0,0.7295350472764934,0.9005295978374102,0.6568141611734334,0.6349923339469041,0.5904467490922419,0.51757347131376,0.5816570006088093,0.810650175836332,0.8205664878494567,0.8607456465945829,0.9707622147582473,0.06854436689875,0.17057291666666666,0.16881006365187004,1.0
1403900011471,113.75763141321544,77.19267845896762,36142.79438307501,1312.2755338024494,340.0,540.3487492127733,77.19267845896762,1.1559963634077843,4458,18111.84003000409,0.48343927735028436,0.16980708838043965,120.6929214,19.0097259063,376602135.0,0.7096918328601702,0.9091366676416015,0.7418577700305994,0.7840498792830844,0.6209749073455019,0.702630330629183,0.6962780515301845,0.7932894607213888,0.8577749666535858,0.9204850559986326,0.9454654554426348,0.23762157382875002,0.1611464257834281,0.19334921601815713,1.0
1403900011931,334.49136940909705,83.62284235227426,38397.00546048556,599.2970368579655,310.0,195.11996548863993,69.68570196022854,1.152117594917282,1639,11421.48655128146,0.437719298245614,0.1793776693105552,122.4718187,12.6213592233,376602135.0,0.8702162642640769,0.9143774134035455,0.755307031222623,0.6985660988614146,0.6111692726502094,0.5892843711156835,0.6801563754213994,0.7906276996108063,0.7556681623079124,0.8772005263344604,0.9594007047217211,0.15776699029125002,0.145906432748538,0.20424666639743896,1.0
1403900015313,160.02075669844598,67.70108937241946,33196.53353045624,335.4281246178964,1710.0,55.39180039561592,24.618577953607076,1.018018222115454,2173,6687.021236648522,0.41012329656067487,0.15278416935112749,120.8740365,13.1170662906,376602135.0,0.7603748148680785,0.9017710946083803,0.719834220909146,0.6353378805005002,0.7927208187863427,0.45014367680344214,0.5180453787744506,0.6986035181337642,0.7844426985401204,0.8269470260076028,0.9468842467729194,0.16396332863250002,0.13670776552022496,0.17396623218603335,1.0
1403900010280,122.82790403936795,38.2131257011367,22207.410612720934,341.1886223315777,630.0,92.80330527418913,92.80330527418913,1.295788334650543,2440,6660.001907912396,0.34139637163276526,0.14672131147540984,125.4358216,8.5567010309,376602135.0,0.7210746178538985,0.8669480392526983,0.6244034884330373,0.6371917458743622,0.6865047737526631,0.506951481600584,0.7253522086964904,0.8892201236461725,0.7962679494122983,0.8265669657783179,0.9826196501186447,0.10695876288624999,0.11379879054425508,0.1670628170914103,1.0
1403900012111,132.96047722863509,71.87052823169465,24526.74858247577,395.28790527432056,875.0,136.55400364021983,35.935264115847325,1.2949356306322866,2316,8322.60716923024,0.45203761755485894,0.172279792746114,122.2150216,19.6048632219,376602135.0,0.7328437152955323,0.8755527022586475,0.7298612728962792,0.6532192488040393,0.7214364053013035,0.5496867472438365,0.5764813328379877,0.8886349651351168,0.7909458724722473,0.847486993333024,0.9573890474986502,0.24506079027375,0.15067920585161965,0.19616473717871477,1.0
1403900011414,96.33964781682401,75.26534985689376,19657.70919245135,608.1440268437016,320.0,171.60499767371778,63.22289387979075,1.2704316616298057,3951,11894.93589138349,0.47260529258292955,0.15312579093900278,121.5164553,17.5853018373,376602135.0,0.685059536449112,0.8563842445269655,0.7376104590429582,0.7001636357594148,0.6145391527771434,0.5750264104023226,0.6648411820751691,0.871819392897322,0.845453207866345,0.8810134736254225,0.9519167273548909,0.21981627296625,0.1575350975276432,0.17435521633752282,1.0
140390001069A,268.93143782173155,196.7791008451694,33365.53426011061,603.4559092585195,460.0,183.6604941221581,52.47442689204517,1.163469899180688,1975,12954.624138973653,0.4097073518915061,0.14632911392405062,123.3276758,10.9872611465,376602135.0,0.8376814076222818,0.9022109557569309,0.8997833200065994,0.6993199952271256,0.6530800811399422,0.5825631706636096,0.635586192159881,0.7984180903180179,0.7746943174272021,0.889024988598193,0.9661051850960383,0.13734076433125,0.1365691172971687,0.1666162451031453,1.0
1403900013995,175.19076120946315,44.656468543588645,28035.98787800927,346.94640945403484,390.0,109.9236148765259,27.480903719131476,1.1688444957337396,4225,14513.35227666631,0.48662913441238564,0.15810650887573965,123.7310722,10.137195122,376602135.0,0.7738470448083729,0.8871359646862158,0.6502940731766339,0.639013811157858,0.635543949740351,0.5256659657077656,0.5349630268370492,0.802106346558372,0.8522962874488985,0.8996910876557439,0.96926524913812,0.126714939025,0.16220971147079521,0.1800264631474209,1.0
1403900013694,81.87410332546929,32.74964133018772,26417.51351955663,229.24748931131404,2260.0,62.224318527356665,9.824892399056315,1.105858665472724,1439,4712.673387414013,0.49119170984455957,0.14315496872828354,123.8073304,7.268722467,376602135.0,0.6609857086174796,0.8819853633877768,0.5988689309277804,0.5939279273229349,0.8223997155776093,0.46291070562476333,0.3804454581110474,0.758883031241398,0.7423918837467733,0.7941012664028262,0.9698626287769414,0.0908590308375,0.16373056994818652,0.16300203505465558,1.0
1403900014230,261.77660029132903,142.7872365225431,59978.46995465833,1041.1569329768768,0.0,470.00798688670443,23.797872753757186,1.0726193527423007,4112,24464.213190862385,0.5073313782991202,0.17825875486381323,119.62415,18.249733191,376602135.0,0.8336616525834414,0.953011238643157,0.845526235671334,0.7588005382307257,0.0,0.6870921700114629,0.5128446814639535,0.7360729279354193,0.8495294948656598,0.9487098485066672,0.9370930801057572,0.22812166488750002,0.16911045943304007,0.2029726251714081,1.0
1403900015296,237.37768729615198,69.47639628180058,32863.389226539235,382.1201795499032,215.0,179.48069039465148,46.31759752120038,1.060388778236796,3129,18115.9703304795,0.5353287536800785,0.1527644614892937,123.277059,5.1339285714,376602135.0,0.8190800432651028,0.9008974177969137,0.7241760652830389,0.6495293070081898,0.5723560144035595,0.5800072945832474,0.6160481841347605,0.7276798341845163,0.8216484814413801,0.9205064623353303,0.9657086710725983,0.0641741071425,0.1784429178933595,0.1739437920177736,1.0
1403900010543,174.0859452005349,62.492390584807396,45312.324840619316,776.6911401254633,155.0,267.824531077746,75.88361713869469,1.2164204212353051,3991,17814.795058854736,0.5180677063522252,0.1701327987972939,120.4403518,15.5155155155,376602135.0,0.7729057948204655,0.9287218928246166,0.7064161417343717,0.7268371874418823,0.5377052569945776,0.6244861209062023,0.6935813481238066,0.834754788611597,0.8464812477765191,0.9189326041290645,0.9434869149522315,0.19394394394375,0.17268923545074175,0.19372008306704394,1.0
140390001553A,199.19295678865944,62.247798996456076,50882.80468612386,479.3080522727118,40.0,205.41773668830507,37.348679397873646,1.23026228419619,3719,23149.956446782016,0.5374121537825548,0.1820381823070718,118.9228308,21.7798594848,376602135.0,0.7929575795767491,0.9387653347662117,0.7057592800284179,0.6742159738172304,0.39541864552742145,0.5949972786761902,0.582479613081828,0.8442536108840563,0.8392773488704801,0.9435258741785889,0.9315991947216997,0.27224824356,0.17913738459418493,0.20727603405805223,1.0
1403900011062,178.09685581967653,117.28329529588454,25785.741664896686,768.8571580507986,1410.0,91.22034078568798,269.3171966053645,1.2060036087726118,1023,4443.733743988514,0.5547112462006079,0.10654936461388075,125.6399408,4.1208791209,376602135.0,0.7762949934884563,0.879888678336362,0.8122976374771987,0.7257316476038544,0.772193806778156,0.5050515443526218,0.8944066095668408,0.8276063685970171,0.7075889043914287,0.7885857456480599,0.9842186473933315,0.051510989011249994,0.18490374873353596,0.12132141426965133,1.0
1403900012380,196.1008496378848,109.81647579721549,37013.304388756886,768.7153305805084,220.0,203.9448836234002,15.688067971030783,1.0146096392496764,1603,12573.986478781173,0.44936708860759494,0.17779164067373673,121.4914513,21.1363636364,376602135.0,0.7906283384229593,0.9111982362856621,0.8012004970171364,0.7257115292454035,0.5747927185549776,0.594197882241095,0.4495825876727677,0.6962644166028168,0.7534023442528522,0.8862253014850684,0.9517208549045958,0.264204545455,0.14978902953586498,0.20244075006946946,1.0
1403900013567,279.0936614623019,78.71872502782874,53739.384154431835,873.0622230359188,20.0,271.9374137324993,57.24998183842091,1.0634207734360266,2867,20516.962241344092,0.4885773624091381,0.16986396930589467,123.1784076,12.0310478655,376602135.0,0.8432113245788829,0.9434967177546052,0.7451471500760009,0.7395935656915346,0.3241786929076167,0.6261811295649482,0.6492492774596137,0.729760506678517,0.8127245376571341,0.9321906179636035,0.9649358710628783,0.15038809831875,0.16285912080304604,0.19341398293953838,1.0
1403900011575,102.10802019988377,82.96276641240557,20201.327310114226,851.9637935427802,2295.0,134.01677651234746,127.63502524985472,1.0328487201906114,449,1432.7031584296192,0.2976878612716763,0.11581291759465479,125.6379939,10.6060606061,376602135.0,0.6936741372043597,0.8587471057075825,0.7539743635485153,0.7369254467772908,0.8240353748466392,0.5476083988635577,0.7757906433403684,0.7087807800981438,0.6236533776639045,0.6823585577289327,0.9842033960706039,0.13257575757625,0.09922928709055877,0.13186927021287614,1.0
1403900010153,125.52790602444281,66.9482165463695,27226.642451737513,288.7141838562185,840.0,81.59313891588782,48.11903064270308,1.2203032820384816,3944,8251.36768934004,0.4716417910447761,0.14655172413793102,124.6460672,7.0336391437,376602135.0,0.7243022660532602,0.8845985956031682,0.717958946503708,0.6190143723893662,0.7170947714312423,0.49274345777226813,0.6220162683634849,0.8374193580255767,0.84527223162486,0.8466799978602337,0.9764329948051226,0.08792048929625,0.1572139303482587,0.1668697180926531,1.0
1403900014067,132.10498462274893,57.79593077245266,41844.47226638984,978.4025423622343,360.0,255.95340770657606,57.79593077245266,1.19517400490093,2600,10733.530000598352,0.4747302668938103,0.14384615384615385,121.5547383,10.101010101,376602135.0,0.7318850589215102,0.9218251398100422,0.6933380156127851,0.7520189802543047,0.6270437476730639,0.6194442812826582,0.6507393493267077,0.8201746751357444,0.8027490465935572,0.8713685451958257,0.9522166227722099,0.1262626262625,0.15824342229793678,0.16378904637401953,1.0
1403900014828,157.58842117198853,50.547229432524624,42985.407002871674,663.0607154972348,120.0,270.5763457858671,23.786931497658646,1.1625489672995293,5053,15024.420607208644,0.45817655571635313,0.186819711062735,120.8160103,13.3840304183,376602135.0,0.758097224744464,0.924155343297536,0.6709463226672967,0.7095892131159711,0.5106525382328262,0.6256230480901822,0.5127741915658256,0.7977861112058935,0.8705614848271559,0.9029400293608792,0.9464296901429677,0.16730038022875,0.15272551857211772,0.21272047601329308,1.0
1403900010276,169.41716490476188,81.45056005036629,46240.11428420145,469.1552258901098,20.0,224.80354573901096,32.58022402014652,1.2178340340388716,7097,23122.184987097982,0.5067940552016985,0.1706354797801888,120.5369309,14.748603352,376602135.0,0.7688615181549122,0.9304775949409021,0.7508813547662323,0.6718830505084009,0.3241786929076167,0.6050179082872249,0.5612706214752345,0.8357248644475661,0.9052324149166802,0.9434131837181605,0.9442434813001875,0.1843575419,0.1689313517338995,0.1942924559572275,1.0
1403900013001,33.187199996001006,10.43026285588603,14523.671553566264,71.1154285628593,40.0,27.497965710972263,1.8964114283429145,1.120684085299312,2282,2163.8054397392657,0.4345911949685535,0.18755477651183172,121.908026,9.1935483871,376602135.0,0.5284882798122149,0.830165743380306,0.41461086295151883,0.4671650207830462,0.39541864552742145,0.37395459763505623,0.16986526344768246,0.7690568083149972,0.7894367845509217,0.7210457780218825,0.9549841530656873,0.11491935483875,0.1448637316561845,0.21355745125184417,1.0
1403900011518,201.34424988231356,92.92811533029857,43569.450783258144,627.2647784795154,95.0,255.55231715832107,30.97603844343286,1.0724314755136692,2605,20173.14503628565,0.528755868544601,0.17543186180422266,119.7162514,20.4838709677,376602135.0,0.7945569926237864,0.9253243485369533,0.7730614648398856,0.7035385182310613,0.48600871268064083,0.6192698907192596,0.5534519057209394,0.7359439993071809,0.8029450971633891,0.9306040651868305,0.9378145697431595,0.25604838709625,0.17625195618153366,0.19975381044434296,1.0
1403900014226,200.86606097090294,120.51963658254176,47482.06139208834,602.5981829127088,310.0,316.92200730964686,35.709521950382744,1.0866149197508712,4502,20095.53347757789,0.5266191929467616,0.1814749000444247,120.4773801,12.5888324873,376602135.0,0.7942029502358118,0.9327734413876073,0.816891441186824,0.6991649370164933,0.6111692726502094,0.6432123834330943,0.5755021126973505,0.7456772278762857,0.8587773567684952,0.9302421850381867,0.943776981495635,0.15736040609125,0.17553973098225387,0.20663465810067322,1.0
1403900011005,172.849096388606,131.36531325534057,25794.869609423833,511.6333253102738,470.0,200.50495181078298,76.05360241098664,1.1661883758275704,1664,11504.835855625615,0.4197952218430034,0.15625,123.2933009,15.0495049505,376602135.0,0.7718449867993724,0.8799193357573895,0.8314403468170322,0.6813281812667396,0.6553651328784742,0.5923082425360511,0.6939341055207704,0.8002836142430515,0.7572125714974219,0.8778831139057061,0.9658359043452927,0.18811881188125,0.13993174061433447,0.1779125670840787,1.0
1403900012431,172.92235302382352,103.75341181429411,26237.76358644996,767.7752474257765,650.0,172.92235302382352,6.916894120952941,1.0678406141665675,1033,7145.151626944388,0.4228650137741047,0.1558567279767667,123.2255405,13.5802469136,376602135.0,0.7719080267687102,0.881393967947816,0.7916249222321341,0.7255780837834099,0.6898273311367055,0.5758751867477521,0.33047497220635613,0.7327935725086457,0.7085809773143484,0.8331674716698363,0.9653050934517965,0.16975308642,0.14095500459136823,0.17746477165869767,1.0
1403900010416,108.16384572763543,79.69967579931033,31800.665894007638,791.3039240074382,260.0,239.09902739793097,102.47101174197041,1.1453808834612045,1597,9091.455875107042,0.43873873873873875,0.1358797745773325,121.9070296,11.1504424779,376602135.0,0.7022142130002723,0.898050015079227,0.7472284979967436,0.7288699167150073,0.5925063747116004,0.6118706724448195,0.7410200526128009,0.7860047073876533,0.7530197697875857,0.8557816808367437,0.9549763476221793,0.13938053097375,0.14624624624624624,0.15471820486309862,1.0
1403900014531,106.77289417402794,18.84227544247552,29373.05082532096,87.93061873155243,520.0,37.68455088495104,12.561516961650346,1.0042424730540764,657,4126.458321902139,0.4282608695652174,0.15220700152207,123.5350025,4.0816326531,376602135.0,0.7002953331110382,0.8911714979590574,0.5084753643343337,0.49005101380219557,0.6661080393313906,0.4080707406457765,0.416445974378597,0.6891500657788467,0.6624407537831477,0.781632785625077,0.9677293087858716,0.051020408163749996,0.14275362318840581,0.1733090455613552,1.0
1403900010897,218.21910208466412,116.58280796303973,54182.84458031913,771.2401142170321,0.0,367.68424049881764,23.91442214626456,1.0592700878914942,7285,21777.070666942167,0.49435897435897436,0.17611530542210022,121.7584516,12.9115226337,376602135.0,0.8065429353287769,0.9442085936792611,0.8112867978224705,0.7260691189906288,0.0,0.6597491989470184,0.5135936357200598,0.7269121455577783,0.9079010454776819,0.93778643603334,0.9538124403705419,0.16139403292125,0.1647863247863248,0.20053200697883145,1.0
140390001471A,151.26390445071434,66.55611795831432,25033.18316866659,877.3306458141432,275.0,296.4772527234001,102.85945502648576,1.232650393098798,3040,18393.690781206864,0.48148148148148145,0.15361842105263157,122.3811812,14.6341463415,376602135.0,0.7520075218404708,0.8773230402661237,0.716974052387973,0.74012551363748,0.5984564881799508,0.6357922700892191,0.741618565210223,0.8458924236722809,0.8187037199635552,0.9219347359363492,0.9586906827566908,0.18292682926874998,0.16049382716049382,0.17491614490161,1.0
1403900014635,216.2267815357925,139.91144687610102,57008.01833337401,591.4438436126088,0.0,260.7440600872792,12.719222443281911,1.1002902549843,2896,18417.434097872207,0.46930492135971585,0.15124309392265192,120.8736169,12.5506072874,376602135.0,0.8051767966912066,0.9486113806882448,0.842088023539229,0.6971281654292083,0.0,0.6215064235993395,0.4182927059984307,0.7550617723747912,0.8137515789340619,0.9220558418985689,0.9468809597756331,0.1568825910925,0.15643497378657195,0.17221150139851152,1.0
1403900015135,159.73104368270884,92.47586739525248,32200.10059817862,622.1103806589713,80.0,269.0207051498254,29.424139625762155,1.0486252304603383,3361,14127.7904688838,0.46896853146853146,0.16869979172865218,121.2649686,13.906581741,376602135.0,0.7601053450781967,0.8991312464362902,0.7722400834493107,0.7026389684816046,0.46791797799195844,0.6249817500143461,0.5455054140432415,0.7196072322567327,0.8289477610727054,0.8971633829497819,0.9499466699182559,0.1738322717625,0.1563228438228438,0.1920884032831612,1.0
1403900012304,177.10875618884072,61.07198489270369,33928.9147051132,577.1302572360498,455.0,232.07354259227404,54.96478640343332,1.1829643943426835,4087,12480.060112824,0.4743867243867244,0.11744555908979691,123.2307335,4.6625766871,376602135.0,0.7754671532797806,0.9036613488115272,0.7025656984673959,0.6944575981444677,0.6519188992441124,0.6085554367531594,0.6428568274267321,0.8117959676571008,0.8489071084703981,0.8855214131473355,0.9653457735683532,0.058282208588749995,0.15812890812890815,0.13372826182585998,1.0
1403900014052,186.8611112382368,57.7570707463641,37844.77475542337,761.0343439520916,255.0,231.0282829854564,163.0787879897339,1.3450017095547249,5240,17802.767688879285,0.4093598708983324,0.14561068702290075,124.0213975,8.7552114354,376602135.0,0.7834439762115106,0.9131225696022056,0.6932254992665229,0.7246164005009466,0.5904467490922419,0.6080536691597683,0.8146630159264845,0.9229922468758078,0.8742704142944072,0.9188692012664069,0.9715395543650297,0.1094401429425,0.13645329029944414,0.16579821518797197,1.0
1403900015309,165.4320727721661,87.99578338945005,35450.19559243002,563.1730136924804,885.0,80.95612071829406,98.55527739618407,1.0509005439027705,755,2657.4726583613915,0.4862204724409449,0.14172185430463577,124.2736979,7.4349442379,376602135.0,0.7653208436372532,0.9074606499844952,0.7638816616228792,0.69178906761544,0.7226450371724895,0.4918791193278197,0.7348580326971205,0.7211686404331377,0.6766136640479828,0.7403317794660804,0.9735159860382989,0.09293680297375,0.1620734908136483,0.16137023303202266,1.0
1403900010149,137.24600678453285,116.13123650998934,26829.708413680808,411.73802035359853,310.0,123.16949326817051,66.86343920272114,1.2237353054995537,3170,11155.636961717157,0.5002366303833412,0.1365930599369085,124.4475265,3.2894736842,376602135.0,0.7375557107145182,0.8833264720310048,0.8106319593632114,0.6576604320168445,0.6111692726502094,0.5382588964872523,0.6736481590645672,0.8397745454005534,0.8229769951964165,0.874989592486148,0.9748776975169967,0.0411184210525,0.16674554346111373,0.15553038041116685,1.0
1403900012516,286.27383534645935,115.87274287832878,37158.848083019875,1172.3595161807382,180.0,463.4909715133151,81.79252438470267,1.1825315850798221,1807,12316.590963596476,0.452572347266881,0.1571665744327615,119.4955327,14.8854961832,376602135.0,0.8469988594585388,0.9115381802260856,0.8102559721965374,0.7717487023371896,0.5535324528401375,0.6855367838987242,0.7054083263995521,0.8114989571840588,0.7656238577334549,0.8842836407357637,0.9360855378844591,0.18606870229,0.15085744908896034,0.1789562157897186,1.0
1403900012605,59.59695759706823,20.62971609129285,18590.60108882913,236.8597032703994,10760.0,46.6078770951431,0.7640635589367722,0.9319797456960787,444,339.24422016792687,0.4750830564784053,0.14864864864864866,122.4535626,10.447761194,376602135.0,0.6141383165354053,0.8515497384636246,0.5231542170011528,0.5974796273986103,0.9885203772533028,0.4312412220258424,0.09066423051935651,0.6395605845047945,0.6225127680285487,0.5473186746907875,0.9592576929220158,0.130597014925,0.1583610188261351,0.16925736111782624,1.0
1403900015578,335.7337458836198,67.14674917672396,60198.45949753933,829.459842771296,120.0,406.8303038354452,31.598470200811278,1.1091446114605215,5104,20159.823988117594,0.4747182895117018,0.18025078369905956,120.0883584,18.138424821,376602135.0,0.8707693620556292,0.9533283706944139,0.7184554660889426,0.7340058454927848,0.5106525382328262,0.6710142345486423,0.5565312083915873,0.7611379745986029,0.8715864483578484,0.9305420520856319,0.9407295237449971,0.2267303102625,0.15823942983723394,0.20524082973962685,1.0
1403900015366,225.76552857909738,88.69360051321682,32237.926003045493,2443.105541409518,2630.0,1028.039460494104,4.031527296055311,0.7835557398793069,15,60.47290944082965,0.0,0.0,0.0,0.0,376602135.0,0.8116073102817796,0.8992329400942523,0.7652108646405044,0.851876811715989,0.8385373822136148,0.7743346682197707,0.2580746587031527,0.5377062852530238,0.28303556175657146,0.3866749363038037,0.0,0.0,0.0,0.0,1.0
140390001172A,155.30204607446336,63.78476892344031,37083.979241902656,757.0974746130089,605.0,199.67405923859576,44.37201316413239,1.2002932264738635,4658,12917.802332408042,0.45517025929397065,0.17518248175182483,121.1351174,14.1278610892,376602135.0,0.7559242306537678,0.9113634769690248,0.709845408497521,0.7240508087738768,0.6822002537294489,0.5918469761080122,0.6093417587384166,0.823687683177512,0.8622540136732609,0.8887577732391084,0.9489294617628506,0.176598263615,0.1517234197646569,0.19946985623441235,1.0
1403900011382,128.79966403705222,70.25436220202847,21168.819036294186,362.98087137714714,890.0,89.76946281370306,42.93322134568407,1.3118518575778235,2849,11119.704328532174,0.42363545317976964,0.16848016848016847,122.4048289,17.1460176991,376602135.0,0.7281223454195409,0.8627992447403724,0.7260443672150014,0.6439333515625955,0.7232442471083714,0.5032812770366376,0.6041946076157902,0.9002435350025048,0.8120818272424015,0.874686724879258,0.9588759304347759,0.21432522123875,0.1412118177265899,0.19183833137321507,1.0
1403900013711,76.7090251705749,49.63525158096024,22764.59439908748,345.1906132675871,1275.0,153.4180503411498,18.04918239307645,1.1233633503978664,3070,6926.373743343088,0.5044117647058823,0.15570032573289902,123.4299308,4.7841306884,376602135.0,0.6513565184783788,0.8690945104871532,0.6679084776089614,0.6384614003782685,0.7614853421050948,0.5625968564844035,0.4707192934763655,0.7708954237574336,0.8197058566142557,0.8302482823103355,0.9669062144275421,0.059801633605,0.16813725490196077,0.17728668574059073,1.0
1403900015370,135.63288743543984,60.28128330463993,29775.73870907159,1136.3021902924627,1925.0,566.6440630636154,51.23909080894394,0.9009741343145324,1587,4783.3198302231785,0.4532967032967033,0.14996849401386264,124.5608406,3.550295858,376602135.0,0.735799433624203,0.8923509510461027,0.7003839024796518,0.7683405050299338,0.8053244909116634,0.7079252187718615,0.6318529800371299,0.618283333545548,0.7523789421945709,0.7954979345124493,0.9757653599078134,0.044378698225,0.1510989010989011,0.17076019041113338,1.0
1403900013618,189.5176145837628,146.1993026789027,52425.75574012371,465.6718529772457,80.0,222.00634851240784,37.90352291675256,1.1849002796513306,2845,15405.074671165861,0.5092838196286472,0.17152899824253076,120.199356,15.514809591,376602135.0,0.7855451101497956,0.9413529855819609,0.8495175018255154,0.6710710152958347,0.46791797799195844,0.6036263799847892,0.5847740462460932,0.8131244471066277,0.8119384515161147,0.9052888864514329,0.9415990394980314,0.1939351198875,0.16976127320954906,0.19530985220281005,1.0
1403900010327,146.66057353165806,67.04483361447225,29442.241802636414,498.64595000763745,610.0,87.99634411899484,150.85087563256258,1.24473697618828,1331,5577.292096303911,0.5263761467889908,0.12096168294515403,123.4986644,4.3859649123,376602135.0,0.7474138778367491,0.8913753009628552,0.7182007616238265,0.6785261227435077,0.6830751914756613,0.5010790070555167,0.8022925171053611,0.8541867049386633,0.7344332967020051,0.8099129418493326,0.9674446490239907,0.054824561403750006,0.17545871559633028,0.13773186260212975,1.0
1403900011289,187.36058402869028,88.32713247066827,33919.904598754096,859.1821067601368,3290.0,176.65426494133655,168.62452562582124,1.1317036340184137,1719,4601.040627790266,0.388529886914378,0.12507271669575334,125.110387,5.7437407953,376602135.0,0.7838412877690852,0.9036383428298652,0.7645141103945468,0.7378456341462806,0.8623703798235417,0.5782452146934018,0.8199724359376674,0.776618849284572,0.7605302002628794,0.79185105632001,0.980070311112374,0.07179675994125,0.12950996230479267,0.1424128518369356,1.0
1403900014993,184.1328897431959,132.34551450292207,47298.08290031755,742.2857117772585,20.0,351.0033210729672,23.016611217899488,1.0814919132550647,3081,17728.544790587082,0.5366583541147132,0.17818889970788704,122.0111891,11.6455696203,376602135.0,0.7812549625616119,0.9324371567598524,0.8326959552055444,0.7218962337689594,0.3241786929076167,0.6545805589368424,0.5077314774457395,0.7421616224739035,0.8200708557041263,0.9184769813803906,0.9557922961298784,0.14556962025375,0.17888611803823773,0.2028930852666728,1.0
1403900011804,148.37532661043448,116.11982082555741,22938.225126171666,1064.4316909009428,935.0,135.47312429648366,129.02202313950824,0.896932281380647,424,2735.2668905575747,0.25073746312684364,0.12028301886792453,123.8259102,8.4415584416,376602135.0,0.7491415463531587,0.869752672208355,0.8106153724094021,0.7612123827556138,0.7284905951290975,0.5488060803614085,0.7775036692863327,0.6155096575758545,0.6178184467055057,0.7430396867245775,0.970008176327413,0.10551948052,0.08357915437561454,0.13695910824585683,1.0
1403900010524,145.3252598287745,131.26152500663503,46198.83248122705,1059.46802326784,235.0,515.6702768117805,51.56702768117805,1.079961147455009,5163,24203.687628902026,0.5093567251461988,0.1621150493898896,120.6704201,17.0454545455,376602135.0,0.7460545543073281,0.9304002271411685,0.8313068531823153,0.760702473335948,0.581785120343782,0.6974216308052723,0.6328525502962746,0.7411111517159876,0.8727594920414983,0.9477047218477347,0.9452891882547518,0.21306818181875,0.16978557504873293,0.1845907494394718,1.0
1403900013957,160.10124099276692,56.035434347468424,32776.00707821504,320.20248198553384,1990.0,60.037965372287594,16.01012409927669,0.8830805147540516,1171,4686.963830063251,0.3382857142857143,0.1349274124679761,124.4113645,11.4416475973,376602135.0,0.7604495894013585,0.9006667902875196,0.6881644655365752,0.6302807570384745,0.8088587219565505,0.45898198128508727,0.4526357260246603,0.6060040390245494,0.7213696833157646,0.7935877918130713,0.9745944172599351,0.14302059496625,0.11276190476190477,0.15363380686201572,1.0
1403900013815,172.40963150040037,139.56970169080031,49343.625855260005,1268.4422888958027,180.0,619.8536751562013,106.72977188120024,1.1444159203619968,5972,24515.007602866455,0.5138149556400508,0.16694574681848626,119.6282545,16.4507772021,376602135.0,0.7714662528914099,0.9361046204876828,0.8416747862124433,0.7803430661628642,0.5535324528401375,0.7179277037049333,0.7474625584920521,0.7853425123489683,0.8876165042581182,0.9489045697130462,0.9371252333001355,0.20563471502625,0.17127165188001692,0.19009117683357155,1.0
1403900015667,217.81757344434175,77.29010670605675,35914.104667840584,299.7919290416747,610.0,79.63223115169484,42.1582400214855,1.2139896643749544,5008,11729.35922375552,0.31650893796004204,0.2014776357827476,124.707404,4.0355677155,376602135.0,0.8062686079708735,0.9085868401960328,0.7420696864549379,0.6231117902261033,0.6830751914756613,0.49006110340113623,0.6013518788930868,0.833086709143589,0.8696484791357549,0.8796975296891321,0.9769134854989818,0.05044459644375,0.10550297932001401,0.22941058170969383,1.0
1403900011908,101.49040674224031,81.84710221148413,19602.933077471145,769.3627607879507,370.0,340.483945199774,32.73884088459365,1.122856622747467,3317,10859.473521419714,0.4781639928698752,0.1658124811576726,122.5799532,22.7053140097,376602135.0,0.6927751340519536,0.8561425438145792,0.7516978802253765,0.7258033376767762,0.6299531998416018,0.6511935951808127,0.5620233188213276,0.7705476876250006,0.8276029290441254,0.8724636463546551,0.9602477919668192,0.28381642512125,0.15938799762329173,0.18880079473498856,1.0
1403900013834,113.97064041233838,59.26473301441596,29016.78214057903,314.55896753805393,705.0,102.57357637110454,43.308843356688584,1.1572660003034159,3120,7111.767961729915,0.5043394406943105,0.14487179487179488,124.1711664,4.2976939203,376602135.0,0.7099693223738718,0.8901144446828281,0.697537184099145,0.6283451527489995,0.6984634001441455,0.5180123998091102,0.605554442852915,0.7941607347150876,0.8213545277898501,0.8327278541884744,0.9727127907040553,0.053721174003750004,0.1681131468981035,0.16495688271180223,1.0
1403900011236,213.49577747729302,139.74269071240997,31849.463778544294,640.487332431879,645.0,244.54970874671747,50.46263831281472,1.2510665291960366,3834,14882.596560871663,0.4912485414235706,0.16536254564423578,120.6378468,17.516218721,376602135.0,0.8032836409576802,0.8981828322077317,0.8418840894628381,0.7058128008334925,0.6890063608045124,0.6143766231376556,0.6294610674524033,0.8585302892708222,0.8423853592886807,0.9020496445377967,0.9450340205981691,0.2189527340125,0.16374951380785688,0.1882884799687944,1.0
1403900011984,113.13093958986528,59.02483804688624,24134.60561382693,1392.0024306057337,295.0,860.7788881837575,39.34989203125749,0.9611453142164528,2146,10555.608537384822,0.5317630264097074,0.146784715750233,121.4537474,17.9012345679,376602135.0,0.7088724366499214,0.8741565983653344,0.6968583870012506,0.7904855004604149,0.6059056314449972,0.7545327994793657,0.5906047056437231,0.659575126812657,0.7831669334940586,0.8697993884470404,0.9514254959508811,0.22376543209875002,0.17725434213656913,0.16713501176211681,1.0
1403900014546,137.34915391032828,106.33482883380253,22391.050049350328,2157.7109017525763,2110.0,894.9848093511714,181.65533259107934,1.1098507904009007,462,2046.945455050699,0.24528301886792453,0.11688311688311688,122.6542587,20.3045685279,376602135.0,0.7376673136244895,0.8676613766730554,0.795767868176276,0.8383183017352162,0.8150903971472506,0.7588781156680833,0.831794409575491,0.7616225819282789,0.6265606617841413,0.7158357718140633,0.9608298748477742,0.25380710659875,0.08176100628930817,0.13308784239016797,1.0
1403900014620,221.33077849759397,118.04308186538344,55860.622478519654,944.3446549230675,0.0,472.17232746153377,29.51077046634586,1.0963856515014063,2986,22029.790153127185,0.4509232264334305,0.16644340254521098,121.9011955,11.4365411437,376602135.0,0.8086519752038728,0.946850162378765,0.8133873032918687,0.7481542279198904,0.0,0.6876039663502603,0.5459595803810293,0.7523822822921887,0.8168747032138985,0.9388696352841046,0.9549306453560512,0.14295676429624998,0.15030774214447684,0.18951918733457385,1.0
1403900011039,187.93089727423995,102.91453898351236,29079.269516156946,595.1145080350932,1015.0,214.7781683134171,49.219996905158084,1.2348629686847905,2707,12112.593783842085,0.44604700854700857,0.17620982637606206,121.502717,19.7452229299,376602135.0,0.7842936639549513,0.8903007807089829,0.7902565981920814,0.6978026280424763,0.7372233001265106,0.5999481174834054,0.6255568954260995,0.8474107787026056,0.8068644784523721,0.8827157474778805,0.9518091063948889,0.24681528662375,0.1486823361823362,0.20063963235843202,1.0
1403900013336,225.76248762491468,147.49815858161094,43621.87120104218,788.6636234363687,340.0,255.86415264156997,75.25416254163824,1.208399516676283,6612,19903.220909012478,0.3829742731646099,0.1441318814277072,123.6534599,10.3432902363,376602135.0,0.8116053036453073,0.9254285042871457,0.8510125748633688,0.7285054242720322,0.6209749073455019,0.6194054975426763,0.6922682632306258,0.8292505333617215,0.8980073892823015,0.9293394306744601,0.9686572619611068,0.12929112795375,0.12765809105486997,0.16411438735015318,1.0
1403900012130,140.32467546187107,47.56768659724443,21703.75759915509,582.7041608162443,1780.0,118.91921649311108,54.7028395868311,0.9300130397085717,1943,4621.2007529222965,0.2867981790591806,0.04220277920741122,124.948488,12.2615803815,376602135.0,0.7408514422543265,0.8649609304148744,0.6608136186291577,0.6955053317446298,0.7969903212655872,0.5343707808410111,0.6421074597891246,0.6382109547121647,0.7730276110108196,0.7922614399413727,0.9788020518806382,0.15326975476875,0.09559939301972686,0.048053790635987914,1.0
1403900011147,123.35676679785712,107.93717094812497,21924.89548797517,1591.3022916923567,1655.0,863.4973675849998,70.93014090876784,0.9983606505211841,3002,9257.925348179177,0.4080675422138837,0.15722851432378415,123.094523,19.4923857868,376602135.0,0.7217123401993407,0.865839024616748,0.7982896594515679,0.8050869883056724,0.7892418263144707,0.7548843938093616,0.6829439413033536,0.6851137314331035,0.8174200587698021,0.8574850333047852,0.9642787489166608,0.243654822335,0.13602251407129456,0.17902674305382577,1.0
1403900012037,124.20195200780574,56.9258946702443,26340.52906977481,890.1139893892745,275.0,351.9055306887829,77.62622000487859,1.157067720561418,2760,14283.22448089766,0.525995575221239,0.1608695652173913,120.8234949,20.0517464424,376602135.0,0.7227258868594837,0.8817325709219282,0.6908009045067762,0.7417032969731544,0.5984564881799508,0.6548663183061889,0.6971612162764806,0.7940246674794279,0.8088431198497215,0.8981905943561892,0.9464883218395553,0.25064683053,0.17533185840707965,0.1831725908065645,1.0
1403900014461,135.35186030769984,94.26290271429096,25963.28242825219,410.88957593408884,1140.0,106.34789024176416,43.50595509890352,0.9717480818208624,2681,6479.97031223113,0.3963541666666667,0.15106303618052966,126.0654278,6.5447545717,376602135.0,0.735491346917003,0.8804830345174242,0.775462867707309,0.6574357346350111,0.7495782794881736,0.5220080673572688,0.6062634264220439,0.6668511564450177,0.8058796207175905,0.8239945443491972,0.987551761345447,0.08180943214625,0.13211805555555556,0.1720064803737158,1.0
1403900014279,226.9416453544946,110.83196633591596,55231.74262563339,654.4363726501705,60.0,295.55191022910924,58.054839509289316,1.2819036797760035,3870,20424.748081904512,0.5040808394869801,0.1974160206718346,119.7506023,19.2482915718,376602135.0,0.8123813844095025,0.9458694396631907,0.8027529035870208,0.7081617789516848,0.4377230725854981,0.6354444770821027,0.6514411653420807,0.8796919359058097,0.8433391700199666,0.9317677177407705,0.9380836624864342,0.2406036446475,0.16802694649566005,0.22478586253599772,1.0
140390001382A,155.76644287952192,92.04380715608114,30821.48280417753,704.4891393869287,60.0,354.01464290800436,31.861317861720394,1.0414121582628915,4065,14390.695234210378,0.4575116529221943,0.15301353013530136,123.1680529,9.5788604459,376602135.0,0.7563681592584531,0.8953409252190788,0.7714516470437753,0.7161974470567691,0.4377230725854981,0.655531503292657,0.5578139528621375,0.7146573428498242,0.8483562518461756,0.8988943173381405,0.964854756022842,0.11973575557375,0.1525038843073981,0.1742273916477984,1.0
1403900014211,252.48974810055697,126.24487405027848,54702.86682853523,1201.6641715156136,160.0,528.3581765807951,74.81177721497984,1.1570393728613144,4952,23154.24504803626,0.530757341576507,0.16821486268174474,119.6684378,16.8430335097,376602135.0,0.8282776592748997,0.9450359875544769,0.8247262430466816,0.7744423463517206,0.5410645048185279,0.7001299091398001,0.6913389154118652,0.7940052141900927,0.8685007705963037,0.9435432643265044,0.9374400149923425,0.21053791887125,0.17691911385883566,0.19153624346499198,1.0
1403900014902,225.16660596362655,87.41762349176089,26088.70307744574,694.0429501467078,2430.0,185.4313225582807,119.20585021603759,1.1493749869094365,2033,5385.455410871209,0.3982118294360385,0.12444663059517953,125.8529118,4.1614123581,376602135.0,0.8112115786400824,0.8809004627733208,0.7627724630392532,0.7145685066186386,0.8301189876713908,0.5836285987975919,0.7649653957702015,0.7887456158115976,0.7776475622933826,0.8066274218956908,0.9858869865235422,0.052017654476249994,0.1327372764786795,0.14169996489057562,1.0
1403900010577,174.93643735675332,124.53102320311253,26963.82268646332,892.4723329556398,3180.0,231.27190023435182,71.16058468749287,0.9127932498899612,1432,4245.914886353741,0.322253000923361,0.1627094972067039,125.9768288,7.9422382671,376602135.0,0.7736308971459609,0.8837583844031454,0.8224184850864293,0.7419919008045869,0.858750523910202,0.6081708171854036,0.6834548433298889,0.6263940682483771,0.741894434448912,0.7843114230444294,0.9868577082649922,0.09927797833874999,0.10741766697445367,0.18526761175682832,1.0
1403900015099,235.36377118054276,117.68188559027138,43755.12464869272,594.9473104841497,150.0,241.9016537133356,32.68941266396427,1.0730833806977893,2598,16985.418820195835,0.49568221070811747,0.1739799846035412,120.5725738,13.2471728595,376602135.0,0.8178104933877786,0.9256927072518856,0.8128701550645384,0.69777199688116,0.5342365683685463,0.6131662042543609,0.5617891433308465,0.7363913618840211,0.8026705208201964,0.9144569788684258,0.9445226951123225,0.16558966074374998,0.1652274035693725,0.19810064436521282,1.0
1403900013730,59.287765755392,16.939361644397714,17847.75165614363,316.2014173620907,4520.0,76.22712739978972,4.234840411099428,1.048642596469862,1089,1537.2470692290926,0.4736129905277402,0.18089990817263543,120.1546078,15.1750972763,376602135.0,0.613372860066914,0.8480175461699931,0.49131793500888404,0.62891202621676,0.8961820096564624,0.4852443641118912,0.26440188925661157,0.7196191494848193,0.7139651592216602,0.6889664538030192,0.941248498001459,0.18968871595375,0.15787099684258007,0.20597994910891315,1.0
1403900012569,149.1090820186145,93.19317626163405,27908.160532458816,668.6610396772244,1890.0,167.7477172709413,53.58607635043958,1.17431403161401,3196,7446.134783304561,0.475,0.13735919899874843,123.2127322,9.7633136095,376602135.0,0.749874777511407,0.8867401241388786,0.7735410373658234,0.7105062415675069,0.8033717108145868,0.5725033822893919,0.6388726229541076,0.8058597538407835,0.8238105962508698,0.8370407387210863,0.9652047577812993,0.12204142011875001,0.15833333333333333,0.15640273732147295,1.0
1403900015012,161.74269558213524,60.653510843300715,32680.943288078517,973.8258129841059,260.0,481.8584472551113,16.848197456472423,0.9634601589616203,5358,18054.528394355846,0.4991606043648573,0.18197088465845465,118.6515402,20.7174231332,376602135.0,0.7619664992355446,0.9004151893014494,0.7014144813861668,0.751507518642862,0.5925063747116004,0.6898661016580561,0.4603176067121703,0.6611636628995131,0.8765433106459306,0.9201875189762558,0.9294740005702032,0.258967789165,0.1663868681216191,0.20719940623453736,1.0
140390001546A,280.3951662754316,107.20991651707679,56428.099968028364,527.8026659302242,20.0,338.1235828615499,8.246916655159753,0.9187513473271491,2692,22200.699635690056,0.5605797101449276,0.17161961367013373,120.1565047,17.7235772358,376602135.0,0.8439050192881877,0.9477256991798507,0.7971497240768693,0.6847191747357498,0.3241786929076167,0.6504192948881886,0.3552791659358944,0.6304827453865464,0.8062974514418195,0.9395951624835039,0.9412633576419552,0.2215447154475,0.18685990338164252,0.19541303059220055,1.0
1403900014387,188.10870656021976,47.02717664005494,39523.10605078996,347.1053513908817,255.0,154.51786610303768,20.15450427430926,1.1975265132966006,6168,13812.55359599328,0.36914539400665924,0.20768482490272375,122.5220549,12.1690140845,376602135.0,0.7844344242329222,0.9168812884716038,0.6589090332784578,0.6390636800014847,0.5904467490922419,0.5633891308600755,0.4874632609732023,0.821789057477781,0.8909125187905799,0.8950449273575387,0.9597942372600156,0.15211267605625,0.12304846466888641,0.23647833819424627,1.0
140390001400A,178.20695526397222,73.37933452045915,33093.813556100555,739.0347262417672,80.0,335.44838637924187,31.448286223053923,1.0622005744795728,2960,15514.487870039935,0.45169200588523784,0.15236486486486486,122.7165048,15.4506437768,376602135.0,0.7763869530005225,0.9015026480752328,0.7333489801661469,0.7214175892637644,0.46791797799195844,0.6495351731121907,0.5557936319704228,0.7289231589127468,0.8159822392213611,0.9059532975217671,0.9613174886746944,0.19313304721,0.15056400196174594,0.1734887951457719,1.0
1403900014527,196.6532807497385,135.7844081367242,28065.52629584638,580.5954003087518,0.0,332.4376888864627,4.682220970231869,0.7909451470368065,3204,15001.835988622908,0.5170454545454546,0.14107365792759052,122.3830524,9.7382198953,376602135.0,0.7910471461396165,0.8872271790324636,0.8370292252227779,0.6951101267027553,0.0,0.6485317251646925,0.27750043074375674,0.5427771825365958,0.8240657254066854,0.9027988050423438,0.9587053410725199,0.12172774869125,0.17234848484848486,0.16063217043096845,1.0
1403900011683,77.71741950454381,63.01412392260309,16433.262315872333,619.6388852389304,900.0,157.5353098065077,48.31082834066237,1.1689050595372519,3329,6992.467284611523,0.451176983435048,0.16881946530489636,121.0674061,19.4415718718,376602135.0,0.653285771474553,0.8408654516282283,0.7078088651511937,0.7022049983198927,0.7244326447634248,0.5655343670028409,0.6226387483206762,0.8021479077851615,0.8279714619365648,0.8311397868825118,0.9483990355013059,0.2430196483975,0.15039232781168266,0.1922246684553963,1.0
1403900011946,120.12782490090886,90.09586867568164,20853.51794525683,733.6377877876935,430.0,193.06257573360352,47.193074068214194,1.1424802242994985,2222,9533.000961779268,0.49865047233468285,0.1719171917191719,121.9531875,17.5226586103,376602135.0,0.717775715753616,0.8614993784002972,0.7678509191471686,0.7206183328233313,0.6459150924033351,0.5881070944958355,0.6189764673393128,0.7840141627674756,0.7867180219871299,0.8602336581107582,0.9553379322075846,0.21903323262875,0.16621682411156094,0.195751864989719,1.0
1403900014300,150.8566311876055,45.714130662910755,36290.099148460125,598.8551116841309,40.0,255.99913171230023,45.714130662910755,1.191370958267729,5081,23227.349789824955,0.5258258258258258,0.17339106475103327,121.5729723,16.4852255054,376602135.0,0.7516067443160901,0.9094889861953944,0.6541915039495828,0.6984856824331408,0.39541864552742145,0.6194641443817692,0.6139979981322142,0.8175648772953283,0.8711254835012099,0.9438392074589568,0.9523594614483689,0.20606531881749998,0.17527527527527528,0.19743007641150748,1.0
1403900013514,254.92404651929868,132.77294089546805,55030.955236511596,791.3267277369896,355.0,366.45331687149184,42.487341086549776,1.1793410222688785,2921,15513.190414226488,0.5166320166320166,0.14207463197535092,123.1869668,12.7577319588,376602135.0,0.829707769022174,0.9455539636338385,0.8332405883294136,0.7288730594673237,0.625558656310818,0.6593758643042537,0.6025652488928696,0.8093094694557152,0.8146287410617997,0.9059454462128139,0.9650029207939839,0.159471649485,0.1722106722106722,0.16177191995046664,1.0
1403900014048,163.3365028391233,74.7472131636666,42617.00265875357,733.6300551248759,765.0,229.77847009571585,35.98939893065429,1.1812140651066514,5939,16441.618480704296,0.5202252944188428,0.16652635123758208,120.7974851,16.0445317616,376602135.0,0.7634248072339521,0.9234097581768322,0.7364503126628513,0.7206171834518278,0.707148591999786,0.6074507319011572,0.5767152680919663,0.8105948239686868,0.8870509432528861,0.9114021936457521,0.9462845703094929,0.20055664701999998,0.1734084314729476,0.18961363606926832,1.0
1403900013872,208.2317931296438,52.05794828241095,47336.49475262531,943.9841288543852,215.0,412.99305637379354,34.70529885494063,1.0715924341959662,6219,21583.22535788758,0.4169514695830485,0.15918958031837915,123.0892961,11.0449377369,376602135.0,0.7995656086892455,0.9325074756800195,0.6758622663991083,0.7481125763230034,0.5723560144035595,0.672688522463278,0.5710717540723456,0.7353682166702169,0.8917529882273164,0.9369470288477648,0.9642378032395513,0.13806172171125,0.13898382319434952,0.18125969207987178,1.0
140390001101A,123.09659170505121,80.64949111710251,17111.89810150592,751.3136804066919,1850.0,309.86383429202544,80.64949111710251,1.2195347231529852,1340,5687.911478785125,0.4362272240085745,0.1582089552238806,119.2256157,13.488372093,376602135.0,0.7213989510537903,0.8443705982446933,0.7492198145305808,0.7232145280317314,0.8010952088264823,0.640706080617979,0.7031877722432455,0.8368919431624271,0.7351207302784476,0.8117564956095246,0.9339711040272247,0.1686046511625,0.14540907466952482,0.18014311270125222,1.0
1403900014813,111.14747349925851,53.35078727964409,24981.33755676585,386.79320777741964,80.0,142.2687660790509,22.229494699851703,1.07587729430343,3428,15240.541566218328,0.4725085910652921,0.1484830805134189,124.569971,9.1783216783,376602135.0,0.7062490897446351,0.87714345751207,0.67995932385521,0.6508531316534172,0.46791797799195844,0.554230885945449,0.5024089061523879,0.7383086535708109,0.8309621378810618,0.9042808237903344,0.9758368842167309,0.11472902097875,0.1575028636884307,0.16906883854524352,1.0
1403900011861,137.99218520865983,74.30348434312452,25706.871132776436,1430.342073605147,2975.0,376.8248134544172,37.15174217156226,1.085480882656016,1324,3513.493331082031,0.38719832109129065,0.1472809667673716,123.6900436,22.1748400853,376602135.0,0.7383611886033428,0.8796233282343704,0.7354504453026359,0.7934502594819314,0.8516573509097296,0.6624831189313622,0.5816572317497523,0.7448990077158314,0.733895407235968,0.766539210064269,0.9689438456661084,0.27718550106625,0.12906610703043023,0.16770006323333098,1.0
1403900014480,156.4514749229385,72.76812787113418,30169.516362204562,749.5117170726821,160.0,291.07251148453673,54.57609590335064,1.1457751897595898,5137,18690.49364370082,0.4904236796285548,0.158652910258906,122.219172,12.4728063814,376602135.0,0.7570206037571432,0.8934889816889372,0.7319447362294962,0.7229526675528825,0.5410645048185279,0.6337453902069355,0.6417436102364219,0.7862752956357711,0.8722442179890879,0.9234375040362236,0.957421560257317,0.1559100797675,0.16347455987618495,0.18064861785294037,1.0
1403900012041,110.41730620804921,103.92217054875219,23894.623116671042,857.3579070272056,255.0,331.2519186241476,84.43676357086116,1.1810141951825375,1670,10846.876551026011,0.5031503150315032,0.15568862275449102,120.591852,19.2468619247,376602135.0,0.7052716646667281,0.873290982056104,0.7918988680883703,0.7376138171746184,0.5904467490922419,0.6481340257139627,0.7104299388763486,0.8104576654884929,0.757579778729111,0.8723546866030202,0.9446737136802027,0.24058577405874998,0.16771677167716773,0.17727336025623172,1.0
1403900015402,281.6656304428871,130.9150113326095,51856.0652768561,583.1668686634423,425.0,206.29032088774832,15.868486222134486,1.1264940874170841,2478,9830.527214612313,0.4927710843373494,0.1549636803874092,120.4030344,16.8769716088,376602135.0,0.8445790818143953,0.9404065473417831,0.830860403390874,0.6955918572865478,0.6446726124408847,0.5954681906825756,0.4513001622000485,0.7730438567112486,0.7978448803680334,0.8631187316269818,0.9431945837021658,0.21096214511000003,0.1642570281124498,0.1764479115681323,1.0
1403900015154,215.47354422294453,143.64902948196303,43542.50722485967,624.8732782465391,0.0,280.1156074898279,7.182451474098151,1.0074920328536086,2653,19055.043760782395,0.4812953657174763,0.1692423671315492,120.6123528,15.6156156156,376602135.0,0.8046570335734514,0.9252707647794592,0.8465431880329055,0.7031220729617788,0.0,0.6294769486663251,0.3357448166534014,0.6913800395249176,0.8048082698013376,0.9252509678092045,0.944834309662006,0.195195195195,0.1604317885724921,0.19270620157286414,1.0
1403900010295,92.17551266997896,57.60969541873685,22599.411834598683,395.58657520865967,2655.0,55.689372238112284,71.05195768310878,1.129333309891615,2694,5173.350648602569,0.5263456090651558,0.11358574610244988,125.1691227,4.0423484119,376602135.0,0.6785172825542337,0.8684636962003511,0.6927981075377032,0.6533015146206174,0.8395443816293571,0.4507312044227627,0.6832142169998165,0.7749922410980723,0.8063732372658907,0.8028557099220651,0.9805304257131896,0.050529355148749996,0.17544853635505195,0.12933332270878237,1.0
1403900015544,250.2188549302716,113.00206351689685,43135.20463307962,1057.3764514795348,80.0,379.3640703781537,121.07363948238948,1.3299724865507387,2653,21413.891036451954,0.6020531400966184,0.16773464003015454,119.7236403,19.7674418605,376602135.0,0.826931111171614,0.9244566814595381,0.8060236690718237,0.7604868944804833,0.46791797799195844,0.6632308692565692,0.7674281899829841,0.9126786121713292,0.8048082698013376,0.9362075692173266,0.9378724517599561,0.24709302325625,0.20068438003220612,0.19098944253880745,1.0
1403900013317,142.92436210327438,61.47284391538683,29701.44582438597,284.31190310866407,2165.0,49.178275132309466,44.56781183865545,1.094539474365409,2911,4473.686215942276,0.40289156626506023,0.1655788388869804,125.3369162,4.7511312217,376602135.0,0.7435789863757978,0.8921345554654219,0.7036612017993334,0.6173423926954826,0.8178290858075838,0.4371113670766662,0.6100295625842367,0.751115364063922,0.8142787801419751,0.7892163027968665,0.9818448603631891,0.059389140271249995,0.13429718875502009,0.18853476019957607,1.0
1403900015440,141.34739780248108,66.256592719913,43507.25575681332,622.8119715671822,160.0,309.19743269292735,35.33684945062027,1.1297740035813553,4067,17964.37083945908,0.5618279569892473,0.1686746987951807,119.7459092,15.9699892819,376602135.0,0.7419304038504227,0.9252006086523958,0.7162178299907648,0.7027618472681291,0.5410645048185279,0.6404665133354938,0.5738722884939487,0.7752946621700961,0.8484064527325255,0.9197175434475201,0.9380468984088274,0.19962486602375,0.18727598566308243,0.19205983145461988,1.0
1403900014103,201.87628701324323,68.5617578535543,34812.83099731685,773.2242691261957,685.0,278.0560179616369,76.17973094839367,1.208267009230196,3343,12733.442028024003,0.4310787671232877,0.170804666467245,123.3442335,13.2796780684,376602135.0,0.7949499212681631,0.9058891058669987,0.7219529832846124,0.7263493190465989,0.6954034388654114,0.6286560542915306,0.6941953478258003,0.8291596016219899,0.82839974215861,0.8874083152802229,0.9662348922337064,0.165995975855,0.14369292237442924,0.19448509875921544,1.0
1403900012319,218.44347203586634,141.49179438686798,30705.297409888302,776.9637130366609,1055.0,240.78428167589811,81.91630201344988,1.1589586158448042,4397,10914.726665246639,0.48097002357696195,0.15214919263133955,121.0361041,7.2496263079,376602135.0,0.8066960078000625,0.895013780667161,0.8439860336656708,0.7268754524469029,0.7413349817970539,0.6126514927149495,0.7056469453291307,0.795322273031764,0.8563688038487653,0.8729400801818835,0.9481538267571396,0.09062032884875,0.16032334119232064,0.17324322202119433,1.0
1403900011842,168.23728168006002,123.37400656537736,24963.19363401926,1048.6790558057075,920.0,185.06100984806605,173.84519106939536,1.2516144252765624,1147,6432.272069567629,0.3352735739231665,0.14734088927637315,124.1196188,16.9491525424,376602135.0,0.7678219178121517,0.8770805225723144,0.8208426384470209,0.7595858588274583,0.7267703747655636,0.583406637539135,0.8248143420688877,0.8589062767739061,0.7192575355487294,0.8233010192485795,0.9723089851241948,0.21186440678000001,0.11175785797438882,0.16776829342470753,1.0
1403900013853,282.03918966268617,53.490191142923244,38068.82714139294,544.6274007279458,375.0,209.0980199223363,63.21568044163656,1.177216821278317,1911,9292.705024920575,0.4953051643192488,0.18838304552590268,124.5008576,6.4685314685,376602135.0,0.8447767025851549,0.9136338813130452,0.6803952659930088,0.6881392676260266,0.6313786471617245,0.5969700959630957,0.6648232407245993,0.8078517604943316,0.7713332401575989,0.8578370370801418,0.9752954744020524,0.08085664335625001,0.1651017214397496,0.21450055183763336,1.0
1403900011819,209.85210473420182,137.48930999827016,28005.16874892243,665.7377115705713,1360.0,115.78047157749066,86.835353683118,1.058330655356949,469,3393.815073115195,0.28493150684931506,0.07249466950959488,121.8543769,9.4059405941,376602135.0,0.8007199323727795,0.8870406930197045,0.8391373020240679,0.7100285203621185,0.7683521446348087,0.5314099775951672,0.7148523935994208,0.7262674705810191,0.6280924901031878,0.7632864585816428,0.9545638850816398,0.11757425742625001,0.09497716894977169,0.08254536161512904,1.0
1403900011170,82.52080048288263,47.15474313307579,14344.22602868974,360.2098433776623,2920.0,103.47846409758299,32.7463493979693,1.1185763958527546,4531,5934.948364887956,0.41196634465565596,0.16177444272787464,122.7702219,13.7311286844,376602135.0,0.6621488327400793,0.8290888841692573,0.6593604625015831,0.6430988577542746,0.8496710756258206,0.518983471315211,0.5620588617965817,0.7676104302143786,0.8594326819873773,0.8157473531966984,0.9617382893465767,0.171639108555,0.13732211488521864,0.18420292092359966,1.0
1403900011626,178.50014551492202,123.8572438266806,24432.802908750997,4382.360715396963,5465.0,2426.14483495792,123.8572438266806,1.0305200526482277,513,1868.7872377378574,0.4301675977653631,0.08576998050682261,122.8178571,18.9743589744,376602135.0,0.7766315620912558,0.8752202815336921,0.8215025788263572,0.9156615339566141,0.9163932633132611,0.8701265040864773,0.7710294857309977,0.7071827582726674,0.6372280008124651,0.7072910592538231,0.9621114465751919,0.23717948718,0.14338919925512103,0.09766116742860928,1.0
1403900014438,190.84059821635125,141.22204268009995,40491.19777586227,538.1704869701106,180.0,206.10784607365937,15.267247857308101,1.1209828999710385,4428,16900.843378040066,0.5020352781546812,0.1714092140921409,119.8911794,13.9263252471,376602135.0,0.7865806068675371,0.9189774519922138,0.8436635542511376,0.68683935665392,0.5535324528401375,0.5953698776966633,0.4455031254716536,0.7692618665117987,0.8570858314959766,0.9139883569002699,0.9391848935307621,0.17407906558875,0.16734509271822706,0.19517346112638226,1.0
140390001158A,66.9427142826682,66.9427142826682,16763.92077016145,1522.9467499307018,2640.0,200.82814284800463,228.72094046578306,0.9521039214659218,270,1506.2110713600348,0.14893617021276595,0.15555555555555556,116.1236215,20.3883495146,376602135.0,0.6312595776457152,0.8425910214632679,0.717945164982203,0.800295796403524,0.838941325507636,0.5924871470493999,0.8684141088937692,0.6533705730560213,0.5718838985299822,0.6870528374320657,0.9096711838242539,0.2548543689325,0.04964539007092198,0.17712184456370503,1.0
1403900013938,263.89426803793395,128.5638741723268,58004.91526553976,575.1541739288303,20.0,196.22907110513037,27.06607877312143,1.2114879202995283,2667,18046.30802197871,0.5277936962750717,0.1844769403824522,119.7899657,19.2868719611,376602135.0,0.8348626995220322,0.9501130449592999,0.8277998547574894,0.694083724233052,0.3241786929076167,0.5899139087807426,0.5326194914434953,0.8313699155002187,0.8053453507112689,0.9201447649579481,0.93839202137341,0.24108589951375,0.17593123209169056,0.21005290260005513,1.0
1403900014512,129.61795478898208,87.4921194825629,26804.09100253107,881.4020925650781,530.0,337.00668245135336,81.0112217431138,1.2361398684391136,4757,15414.815273279692,0.5152963671128107,0.1608156401093126,121.9791843,12.3552123552,376602135.0,0.7290627216734527,0.8832437261357783,0.7629157898425515,0.7406305101972656,0.6681324220667008,0.6500510231658722,0.7038938456326932,0.848287036751131,0.8644004804623655,0.90534822724042,0.955541581900267,0.15444015444,0.17176545570427024,0.18311118949834967,1.0
140390001368A,21.901916760922933,5.973250025706254,7774.305156021777,119.46500051412508,3725.0,33.848416812335444,5.973250025706254,1.1030291448862088,1946,1291.5493944471523,0.46646571213263,0.13566289825282632,124.0287164,7.4380165289,376602135.0,0.4685399384620198,0.7760350383711269,0.3305092920674615,0.5231919651809939,0.8755891280373894,0.39641253010368577,0.3102028113608094,0.7569413046657539,0.7731850258459212,0.6726279118335463,0.9715968880267023,0.09297520661125,0.15548857071087666,0.15447126071184963,1.0
1403900013726,113.66035852347886,54.359301902533375,23366.518043375694,639.9572360343701,2135.0,214.96633025092743,24.708773592060624,1.1847674169519187,2382,5885.62986962884,0.4375377187688594,0.17002518891687657,121.469069,19.4719471947,376602135.0,0.7095649428831501,0.8713550871453962,0.6830882413016885,0.7057225297613141,0.8163439944453379,0.6000454214950629,0.5186067438936702,0.8130332715783105,0.7938130869141834,0.8149640554020285,0.9515455199204237,0.24339933993375001,0.14584590625628646,0.19359755410660454,1.0
1403900014160,142.4889398198624,56.995575927944955,32630.07069115513,170.98672778383485,175.0,42.74668194595871,28.497787963972478,0.9596147939120492,2479,35323.00818134389,0.4329479768786127,0.17305365066559097,123.2415274,19.6103896104,376602135.0,0.7431256014627691,0.9002802463466482,0.6910055010967018,0.5620716862536387,0.550549643662534,0.42179895905817494,0.5405664825084081,0.6585248245233624,0.7978860513709448,0.9831948496139596,0.9654303291451105,0.24512987012999998,0.1443159922928709,0.19704588309239474,1.0
1403900012376,156.63619627735187,108.44044357662821,29732.202827534737,1204.8938175180913,975.0,391.59049069337965,60.24469087590456,1.1820245809576495,1750,10542.820903283298,0.471825063078217,0.1457142857142857,122.1209687,22.9979466119,376602135.0,0.7571960518649753,0.8922242080871865,0.7990740677908883,0.774735186353976,0.732946447131619,0.666762760614847,0.6572569320682826,0.8111510313259911,0.7623536935823289,0.869685592780564,0.9566522705037551,0.28747433264875,0.15727502102607233,0.16591617684640939,1.0
1403900010064,285.5137527179323,58.26811279957802,34846.94165228085,253.4662906781644,280.0,55.35470715959912,49.52789587964132,1.279282380482381,2647,7711.784729024151,0.44723892837616186,0.14582546278806197,123.913861,2.5142857143,376602135.0,0.8466024236674574,0.905973938220717,0.6946992733285344,0.6048489020979855,0.6003681970631017,0.4500702224746242,0.6265331923447188,0.8778930988429516,0.8045772244360135,0.8403314066407244,0.9706971516394195,0.03142857142875,0.14907964279205396,0.16604276755742656,1.0
1403900010789,159.8680184406849,77.07922317675879,26104.056262200254,656.6007900242415,340.0,205.54459513802342,48.5313627409222,1.273640879710186,4767,13608.7650697633,0.447616155481324,0.16215649255296832,121.803916,15.0280898876,376602135.0,0.7602328094293627,0.8809514237255537,0.7416106601336782,0.7085217741536312,0.6209749073455019,0.5950658645582299,0.6233515077885643,0.8740216825938201,0.8646148065968056,0.8936495409876042,0.9541685923233972,0.187851123595,0.14920538516044132,0.18463793830047287,1.0
1403900015281,189.28203819513035,67.60072792683228,27858.176306793706,635.4468425122234,410.0,279.41634209757336,58.58729753658797,1.1070452162730164,3133,14119.5387063177,0.550990099009901,0.16118736035748485,123.2033042,9.9889012209,376602135.0,0.7853599710206156,0.8865848456352254,0.7195854286063776,0.7049514127804092,0.6408557405400492,0.6291989174611946,0.6528748631763663,0.7596972883396709,0.821778856299887,0.8971085343733698,0.9651309021797403,0.12486126526125,0.1836633663366337,0.1835344452013222,1.0
1403900012357,130.6374961879857,108.86458015665474,22540.392187711568,1624.2595359372888,520.0,722.8608122401874,113.21916336292094,1.165058759571174,2874,12515.072134809028,0.4761171032357473,0.1593597773138483,122.0275261,21.0206561361,376602135.0,0.7302261656473863,0.868237188021378,0.7997323375909436,0.8073240167403947,0.6661080393313906,0.7350639069457666,0.7568054865632777,0.7995084278331073,0.8129733918644209,0.8857844121201899,0.9559202743821769,0.26275820170125,0.15870570107858242,0.18145348525986482,1.0
1403900011912,111.74240692920333,49.663291968534814,19352.82069905244,1052.2409985833312,1475.0,555.6080788979832,52.767247716568235,1.0966559591555955,2808,8715.90774047786,0.5145631067961165,0.1527777777777778,121.3052987,27.1122320303,376602135.0,0.7070407929765442,0.8550302662175319,0.6680026941295846,0.7599557695469001,0.7769893217964612,0.7057334887864983,0.6364584557546094,0.7525677778698638,0.8106025917771257,0.8518215607443482,0.9502626015894943,0.33890290037875,0.1715210355987055,0.1739589544822103,1.0
140390001514A,192.60086951111944,131.53230112954498,37425.900488721,925.423690090013,135.0,413.38723212142713,18.79032873279214,1.052619673737396,4366,20509.643811842623,0.49264957264957265,0.16720109940448924,120.5657598,12.3595505618,376602135.0,0.7879473507382817,0.9121584814244099,0.8316549090035702,0.7459465368585395,0.5230961742410409,0.6727947619419362,0.47681594301647284,0.7223483738843743,0.8556467042011484,0.9321571246666561,0.9444693166578226,0.15449438202250002,0.16421652421652422,0.1903819316117306,1.0
1403900014673,372.22124228114336,87.88557109415885,53645.4084220565,672.0661318965089,675.0,268.8264527586035,46.52765528514292,1.081069963157304,4058,20978.80279412333,0.506869662086892,0.17052735337604732,123.1660938,13.8204225352,376602135.0,0.8861636288453766,0.943345106687668,0.763670776513709,0.7110600688647369,0.6938398377201155,0.6249014119567338,0.616755693422138,0.7418720639803826,0.8481803540790008,0.9342804532234317,0.9648394091296498,0.17275528169,0.168956554028964,0.19416933886199306,1.0
1403900013603,156.3250012869806,41.8727682018698,32315.209810328604,156.3250012869806,545.0,64.20491124286704,16.74910728074792,1.2119150516405244,4489,12531.12376387957,0.3636087484811665,0.18467364669191358,124.7606298,9.1240875912,376602135.0,0.7569003605078949,0.8994403473104621,0.6395881235585352,0.5523420311546069,0.6710986117676745,0.46635413742870485,0.45942835870768944,0.8316630295634473,0.8584822191217142,0.8859047408929258,0.9773304375012581,0.11405109489000001,0.12120291616038882,0.21027688035671377,1.0
140390001044A,167.72243788882304,75.18592043292067,29302.250256889805,694.0238809192678,40.0,274.7177861972101,40.484726386957284,1.0806753372309013,7371,21315.20844273301,0.49725776965265084,0.17216117216117216,121.0632079,11.7557251908,376602135.0,0.7673660133742342,0.8909624563350457,0.7374331231505741,0.7145655107018698,0.39541864552742145,0.6273125732717137,0.5950349894688335,0.7416012563911443,0.909098928103672,0.9357739345209789,0.9483661482944258,0.146946564885,0.16575258988421696,0.19602967098494825,1.0
1403900012249,177.74964211798962,72.50314349549576,28154.185786463546,535.5877374344687,1355.0,135.65104266899206,46.776221609997265,1.22418426872642,3183,7444.435669231065,0.40220264317180615,0.18316054037071944,124.6168495,8.7613293051,376602135.0,0.7760046158526428,0.8875003832946169,0.7313323168294116,0.6863150313982673,0.7679602438442185,0.5489515212379287,0.6175888775796937,0.8400826413491207,0.8233946466064805,0.8370193157530713,0.9762041137264557,0.10951661631375001,0.1340675477239354,0.20855399632551505,1.0
1403900010399,180.67768572802413,94.97160403652549,29696.602310471782,509.6037289764783,1600.0,115.81902931283598,88.02246227775534,1.146282800068081,3486,8074.902723690924,0.4339777869189634,0.14945496270797476,122.7754854,8.8159031979,376602135.0,0.7784358810205324,0.8921204287986454,0.7767242455881429,0.6808950033521058,0.785645314422023,0.5314468299603209,0.7169966712028357,0.7866236374823601,0.8326743940497521,0.8446506243617434,0.9617795217350795,0.11019878997375002,0.14465926230632112,0.17017546290451865,1.0
1403900014762,311.28541473876413,32.76688576197517,36456.767866979084,266.23094681604823,140.0,86.01307512518481,36.862746482222065,1.0902832489328669,2342,9592.505806818232,0.5247395833333334,0.11827497865072588,125.3128593,4.2288557214,376602135.0,0.8594906322117325,0.9098858985043068,0.5989558640030256,0.610193433046649,0.5269406107501234,0.49856312748881526,0.580442709782495,0.7481945773858942,0.7920850134810076,0.8608178050816416,0.9816564071577217,0.05286069651750001,0.17491319444444445,0.13467267247081757,1.0
1403900012183,118.24272820390769,44.05121246812247,18759.35801006262,292.1290932096543,6490.0,62.59909140206877,3.477727300114932,0.9868156415504461,931,1079.2547054690006,0.16959798994974876,0.19011815252416756,124.3560094,13.2231404959,376602135.0,0.7154286556092281,0.8523324777077895,0.6480229129252254,0.6202939442595979,0.934693813141915,0.4635704804532177,0.23944922109293587,0.6771910992948659,0.6979788666809033,0.6557830725091538,0.9741607850781511,0.16528925619874998,0.056532663316582916,0.21647621481508522,1.0
1403900015046,171.39245748138504,112.47630022215894,47744.14155166935,514.1773724441551,0.0,241.0206433331977,42.84811437034626,1.2185808350142204,4361,23357.578346135007,0.5789283128167995,0.16831002063746847,120.0689799,18.1268882175,376602135.0,0.7705859505763656,0.9332502406748125,0.8052369907534052,0.68186874291768,0.0,0.6127605695505411,0.603884886080995,0.836237348190382,0.855529756656756,0.9443640995709057,0.9405777194625605,0.22658610271875,0.1929761042722665,0.1916445941605522,1.0
140390001489A,186.03468778667295,87.08006662354903,34077.36004704339,752.0551208397417,325.0,261.24019987064713,31.66547877219965,1.0984416728493105,2999,11870.596354728343,0.4773399014778325,0.15305101700566856,120.5219151,10.9411764706,376602135.0,0.7827842622008342,0.9040395052087568,0.7621215024557451,0.7233220917274742,0.6161849247150767,0.6217178268667405,0.5568592020587753,0.7537932037431027,0.8173180262772145,0.8808211843202444,0.9441258528591724,0.1367647058825,0.15911330049261083,0.17427007571396785,1.0
1403900010204,113.79894656557643,80.60758715061664,25961.06810655448,516.8368823186596,335.0,142.24868320697053,18.966491094262736,1.198306938083747,2702,12811.864734174478,0.48624862486248627,0.17690599555884529,120.2740621,17.0305676856,376602135.0,0.7097456948714448,0.8804756466539633,0.7491324511636278,0.6824309917704192,0.6194020674537376,0.5542152364442128,0.4782314519789648,0.822324615182049,0.8066758191853415,0.8879847164181142,0.9421842605370246,0.21288209607000003,0.1620828749541621,0.20143231873560827,1.0
1403900011113,105.67416120826798,96.06741928024361,22894.437886638752,1421.7978053476054,1820.0,581.2078866454739,52.83708060413399,1.0693603195226322,1954,9385.786863679801,0.6215767634854772,0.13408393039918118,123.3079191,18.0242634315,376602135.0,0.698761991882269,0.8695871639755043,0.7786564057830384,0.7927964770526915,0.7993553118691956,0.7107532386841185,0.6366657745209101,0.7338364531616731,0.7736036158751161,0.8587726732537242,0.9659504181292033,0.22530329289375,0.20719225449515907,0.15267338407706407,1.0
1403900010191,108.2771161453536,75.79398130174752,25840.22820041128,696.5827805351082,1035.0,209.33575788101697,25.264660433915843,1.1775146097181193,2777,10022.8517178549,0.46081009994739613,0.17104789341015483,121.5950524,13.5834411384,376602135.0,0.7023693964514178,0.880071517932415,0.7387860091581748,0.714966800016202,0.739298986218094,0.5970963446092951,0.5220236247697806,0.8080561144510546,0.8094697401619623,0.8649375812155875,0.9525324291051342,0.16979301422999998,0.15360336664913204,0.1947620467899169,1.0
1403900015493,232.66693771412957,113.62803934876095,49226.235842523216,876.5591606904417,0.0,400.4035672289672,48.69773114946898,1.1438470165896761,3692,19976.891489315498,0.5118755118755118,0.17795232936078006,119.4301091,16.2629757785,376602135.0,0.8160933933142946,0.935898299056678,0.8069555737228944,0.7400295597328275,0.0,0.66924106063293,0.62388710775235,0.7849521085544302,0.8385337183032885,0.9296862818696614,0.9355730326517314,0.20328719723125,0.1706251706251706,0.20262371670507426,1.0
1403900011679,99.73343536475178,89.23517901056738,20748.785100382065,524.9128177092199,550.0,152.22471713567379,41.993025416737595,1.136897308314886,1848,9700.388871266383,0.45054945054945056,0.1645021645021645,122.1772355,22.5,376602135.0,0.6901877327361922,0.861063252868454,0.7662353560714597,0.6841208001712158,0.6720692595521532,0.5617308065197075,0.6007392526418257,0.780182949667782,0.7679129465434964,0.8618676910981437,0.957093044619347,0.28125,0.15018315018315018,0.18730881521579196,1.0
140980001306A,54.053171426189785,9.008861904364963,23580.816776448788,76.57532618710219,20.0,27.026585713094892,0.0,1.073383620336505,336,756.7443999666569,0.5774647887323944,0.16964285714285715,109.0908177,35.6164383562,0.0,0.5997815620652212,0.8721458734173789,0.39201164892936796,0.475134217584613,0.3241786929076167,0.37209263977451307,0.0,0.7365973979483404,0.5941344377724304,0.6224908449846626,0.8545786981119503,0.4452054794525,0.19248826291079812,0.19316221569128547,0.0
1403900015101,166.31966672242606,35.82269744790715,27257.62234036596,422.19607706462,315.0,176.55472313611384,43.498989758172975,1.2538858306151828,4789,12253.921291287668,0.4507724931838837,0.1774900814366256,121.47491,15.1280062064,376602135.0,0.766116736783087,0.8846971007238918,0.6136994701511189,0.6603927669679361,0.6128675434919894,0.5781826474052651,0.6062384266224676,0.860465003058167,0.8650847461183652,0.8838047509557766,0.9515912762386997,0.18910007758,0.15025749772796124,0.20209738253025436,1.0
1403900011594,168.37732650758218,107.76148896485259,22961.63366025709,1192.1114716736818,1935.0,175.11241956788547,60.61583754272958,0.8024980764846553,227,1528.8661246888462,0.2541436464088398,0.12334801762114538,124.783113,18.691588785,376602135.0,0.7679456903662448,0.8698410228947875,0.798014985292232,0.7735715539840649,0.8058759127789471,0.5772721260710837,0.6582219664851519,0.5507052500128802,0.5542466063341392,0.6884535340406297,0.9775065629001732,0.2336448598125,0.0847145488029466,0.14044903974214495,1.0
1403900012272,125.11606675457368,106.5803531613035,23911.12388066925,685.8214029509965,255.0,213.160706322607,88.04463956803333,1.2388074647929759,2353,10903.63352124118,0.4808055380742605,0.15639609009774755,121.8407195,12.1082621083,376602135.0,0.7238144207330989,0.8733507780016749,0.7961567107983398,0.7132691582946861,0.5904467490922419,0.5991081641235301,0.7170364574602631,0.8501176446491866,0.7925631572138635,0.8728446205980317,0.9544568978634883,0.15135327635375,0.16026851269142017,0.17807891117570002,1.0
1403900012342,151.0152614947675,70.47378869755816,29349.086548681385,704.7378869755815,520.0,286.92899684005823,5.033842049825583,0.9705594745323026,2027,10203.597834996457,0.5003700962250185,0.1544153922052294,120.5464347,21.0784313725,376602135.0,0.7517629722246668,0.89110079889771,0.7265676374235318,0.7162359411704569,0.6661080393313906,0.6321503453619902,0.28709072520196854,0.6660354881048757,0.7773459860021604,0.866615398644875,0.9443179306920094,0.26348039215624997,0.16679003207500617,0.1758236084769741,1.0
1403900010350,189.9786600450463,61.80028700260543,33032.2403662462,645.4696642494345,4830.0,137.33397111690095,41.200191335070286,1.038865475083202,3820,8743.59616110936,0.45081655905810863,0.13926701570680627,123.449451,10.3503184713,376602135.0,0.785906783580923,0.9013413341043297,0.7045508639681611,0.7066576239272531,0.9032437479865729,0.5503179525395889,0.5977662306088891,0.7129097102532228,0.842012012737559,0.8521193051884656,0.9670591287374226,0.12937898089125,0.15027218635270287,0.15857505455703433,1.0
1403900010990,180.05779764974892,115.03692627622848,26135.887007003366,720.2311905989957,375.0,320.1027513773314,70.02247686379125,1.291416256916285,2212,11063.551344479018,0.4289405684754522,0.1523508137432188,123.6066391,18.8172043011,376602135.0,0.7779244505362988,0.8810569822902857,0.8090345337692557,0.7186071994595022,0.6313786471617245,0.6443237066356173,0.6809155714310926,0.88621983463331,0.7862577709805553,0.874211459594029,0.9682904844526772,0.23521505376375,0.1429801894918174,0.17347279597058812,1.0
1403900012287,106.64293744707493,43.32369333787419,23735.14397754393,629.8598492967863,910.0,189.95773232760223,33.325917952210915,1.1316316715698205,3086,10284.37828005229,0.450187969924812,0.15489306545690215,121.753058,15.3252480706,376602135.0,0.7001147886601267,0.8727109196001007,0.6452522438782914,0.7039886228150807,0.7256079251787413,0.5863066023441589,0.5647787646149786,0.7765694658662121,0.8202363339383437,0.8673556748725191,0.9537701888248727,0.19156560088250002,0.150062656641604,0.17636750655334207,1.0
1403900014885,149.68187005393722,90.59692134843569,26567.12597069345,543.5815280906141,60.0,271.79076404530707,39.38996580366769,1.1912089026499915,3109,12246.340368360286,0.48898467432950193,0.1656481183660341,122.4074567,11.8329466357,376602135.0,0.7504446696149627,0.8824745431267463,0.7687844083597761,0.6879297591849742,0.4377230725854981,0.6261211324278914,0.5907632608759583,0.817453668456208,0.8209940977881736,0.8837466554301333,0.9588965156861311,0.14791183294625002,0.1629948914431673,0.1886136446153501,1.0
1403900010948,179.37940043273653,124.1857387611253,26900.12255732819,818.7059814622335,1475.0,114.98679514919009,216.17517488047736,1.149341797634003,959,4410.893461922932,0.5174050632911392,0.12095933263816476,125.053051,7.6023391813,376602135.0,0.7773627372894505,0.8835535078894932,0.8219497363022069,0.7325826147487596,0.7769893217964612,0.53064868954523,0.8594436840374553,0.788722840045822,0.701000586247238,0.7878894923457316,0.9796211612639449,0.09502923976625,0.17246835443037975,0.13772918644757043,1.0
1403900015277,243.4512856146409,24.969362627142658,52570.32018382614,362.05575809356856,150.0,174.7855383899986,56.18106591107098,1.3455763390023403,5148,32135.5697011326,0.5303210463733651,0.15675990675990675,121.2351382,13.4248665141,376602135.0,0.8228448145487411,0.94159151742747,0.5542720760295322,0.6436554626718948,0.5342365683685463,0.5770647307058653,0.6462909815005363,0.9233865798504114,0.8724625360471574,0.9743163002732926,0.949712989165525,0.16781083142625,0.17677368212445502,0.17849316753610134,1.0
1403900013533,417.9127095377508,24.226823741318885,81401.72036849543,436.08282734373995,20.0,139.3042365125836,109.02070683593499,1.4572188597546258,1844,11168.565744748006,0.4799357945425361,0.16540130151843818,123.3046143,7.8467153285,376602135.0,0.9034451422414992,0.9794666196618429,0.5493351310631878,0.6639183537045185,0.3241786929076167,0.5518967159572463,0.7508236316100946,1.0,0.7676918668678402,0.875098327545528,0.9659245295004344,0.09808394160625,0.15997859818084537,0.1883326089740356,1.0
1403900014847,172.15614085767206,65.58329175530363,28697.684344744437,721.4162093083401,160.0,221.34360967414977,69.68224749001011,1.2823860730511467,4413,18088.691657259686,0.4823647967752771,0.1844550192612735,121.2397325,18.0457746479,376602135.0,0.7712473561549964,0.8891566014401304,0.714505554709877,0.7187864648689577,0.5410645048185279,0.6032941283847217,0.6801485692372918,0.8800229728477997,0.8567395114747959,0.9203649932317772,0.9497489792790426,0.22557218309875,0.16078826559175904,0.21002794232522465,1.0
1403900010793,156.27115272746065,97.6694704546629,28103.384832671225,823.214108117873,220.0,287.4272987665794,53.02056967538844,1.1407838952997695,5805,16199.17931398052,0.5037574501166106,0.15762273901808785,120.9062126,17.1193935565,376602135.0,0.756849135311686,0.8873439455606943,0.7814422680393399,0.7331815071746152,0.5747927185549776,0.6323433765072296,0.6372092349934333,0.7828500761319138,0.8847216766906194,0.9100075920522847,0.9471363029058557,0.21399241945625,0.16791915003887017,0.17947562322900343,1.0
1403900015559,157.97616496615217,55.430233321456896,38777.02253301582,385.24012158412546,630.0,110.86046664291379,19.400581662509914,1.2394156487518944,2617,7253.046030112635,0.4685746352413019,0.15934275888421856,121.1696986,12.3055162659,376602135.0,0.7584626309776888,0.9152304941500149,0.6863490103171079,0.6504149352527617,0.6865047737526631,0.5266048564094372,0.48166685844806895,0.8505350040285601,0.8034140880357689,0.8345743785534611,0.9492003585944834,0.15381895332375,0.15619154508043395,0.18143410738784457,1.0
140390001005A,266.21174323115474,15.358369801797389,30318.89930379403,465.8705506545208,1030.0,87.0307622101852,127.98641501497825,1.2067147505600904,1538,7873.724251721462,0.5137795275590551,0.1267880364109233,125.0790348,3.4111310592,376602135.0,0.8361661142379311,0.8939168215716027,0.4756172586760884,0.6711174979665792,0.7387838457619363,0.4998611974060917,0.7762263715408891,0.8280943816245168,0.7491793892718881,0.8422822326063938,0.9798247091192472,0.04263913824,0.17125984251968504,0.14436598421386881,1.0
1403900015116,181.24880068706483,88.30069777062134,46739.25103877176,896.9491931436798,80.0,371.792411665774,27.884430874933052,1.0868235859331832,4326,20104.67466082673,0.48455730954015097,0.18030513176144244,118.8462239,15.8102766798,376602135.0,0.7789055297727663,0.9314076180690609,0.7644637404460379,0.7425376699417079,0.46791797799195844,0.660986231840692,0.5372102111481425,0.7458204226894155,0.8547073508940661,0.9302848802604343,0.9309990834909962,0.1976284584975,0.16151910318005033,0.20530271264071218,1.0
1403900014086,328.72398332427656,187.8422761853009,36330.460398961666,1191.6244395505025,465.0,393.2947657629737,123.27149374660371,1.2077808591582275,2420,14205.57213651338,0.4362017804154303,0.14793388429752066,123.1124284,12.3847167325,376602135.0,0.8676215437310457,0.9095852712879153,0.8919142939903479,0.7735269711604301,0.6542287365574516,0.6672463254553694,0.7702783859678325,0.8288259866205685,0.7954280968731658,0.8976788208273444,0.9644190134571948,0.15480895915624998,0.14540059347181009,0.16844350153018228,1.0
1403900014175,162.4552620018742,62.115247236010724,47275.715095948246,506.47816977054896,155.0,281.90766053266407,38.22476752985275,1.0969009623915533,4696,22437.938540023566,0.5406824146981627,0.17120954003407154,121.7024757,13.290632506,376602135.0,0.7626202432875279,0.9323961826719602,0.705402244189561,0.6802245343493694,0.5377052569945776,0.6301863321214296,0.5860875710410679,0.7527359085760497,0.8630832557304718,0.9405930609779216,0.9533739450621723,0.166132906325,0.18022747156605423,0.19494610417117447,1.0
1403900011363,137.04280804604565,75.23918873116232,24815.32340579008,1241.4466140641782,4370.0,593.8521681995311,51.055163781860145,0.9970107225013431,1226,3294.401620871607,0.4222737819025522,0.14274061990212072,119.3269779,13.4939759036,376602135.0,0.7373356103674343,0.8765659003181587,0.7375520715398365,0.7779959055533129,0.8925892489792121,0.7131517291510348,0.6312896097833118,0.6841873585613798,0.7260512810873144,0.7604960763204124,0.9347651394808041,0.16867469879500002,0.14075792730085074,0.1625302407293378,1.0
1403900011490,150.94779493799408,83.85988607666339,43734.15635131613,855.3708379819665,100.0,385.7554759526516,58.70192025366437,1.1895182854048354,5529,23183.06550589359,0.5273480662983425,0.17019352504973775,119.3677046,16.5446559297,376602135.0,0.7516965473573579,0.9256511865825884,0.7557830778998974,0.7373607417059365,0.49141491559492917,0.6650911099138191,0.6531818204559394,0.8162935014477735,0.8797497967791497,0.9436600469232009,0.9350841779755021,0.20680819912124998,0.17578268876611416,0.1937892284331987,1.0
1403900010238,49.74616598974742,18.176483727023093,11372.969699841935,243.94754475741522,335.0,87.05579048205799,13.393198535701227,1.196249109253549,4875,4663.70306153882,0.4976958525345622,0.176,121.0063457,17.3311635476,376602135.0,0.5875917923964514,0.8089844412654379,0.5026670069918925,0.600685924356945,0.6194020674537376,0.4998929318161993,0.42595286467532106,0.8209124533668056,0.8669013016101617,0.7931207924889196,0.9479207100268219,0.216639544345,0.16589861751152074,0.20040071556350625,1.0
1403900011344,138.8022038861197,120.29524336797043,23120.98149804943,2054.2726175145717,1630.0,925.3480259074648,141.88669730581128,1.2104671068429964,1167,3599.603820780038,0.3231292517006803,0.14224507283633248,122.7220154,23.5924932976,376602135.0,0.739230699784684,0.8704400657404762,0.8165768976351109,0.8329565333613161,0.7876220913305485,0.7625984847310339,0.7925736141942852,0.8306693937840066,0.7210206795558785,0.7688118110639907,0.9613606567567851,0.29490616622,0.10770975056689343,0.16196599080559146,1.0
1403900015262,152.9020288480187,26.591657190959772,42784.61730808614,119.66245735931898,135.0,39.887485786439655,23.2677000420898,1.3263130746116811,5739,19076.190077364765,0.40592846643802055,0.1686705000871232,123.2369338,11.2232779097,376602135.0,0.7536087643173084,0.9237497764022203,0.5645844813964809,0.5233708024170497,0.5230961742410409,0.41425343724714436,0.5093927219311597,0.9101673820190693,0.8835545912224322,0.9253550935013758,0.9653943445151443,0.14029097387125,0.13530948881267352,0.1920550506358746,1.0
1403900014368,162.4800462967886,63.83144675945267,30438.75568755331,574.4830208350741,135.0,261.12864583412454,52.22572916682491,1.0752804051145886,3033,17600.070729219995,0.5112107623318386,0.15265413781734258,122.6864493,11.2107623318,376602135.0,0.7626429303197699,0.8942585746063056,0.709967982293243,0.6939564506448143,0.5230961742410409,0.6216703289929307,0.6348416044900324,0.7378990450999584,0.8184684657022872,0.917794182299745,0.9610820445685576,0.1401345291475,0.1704035874439462,0.173818173024577,1.0
1403900011630,266.27606012403805,155.66908130328378,36639.42986692393,3674.609629711725,3895.0,2126.1119262211655,24.579328626834283,0.7967189264870757,386,1581.2701416596722,0.3591549295774648,0.15544041450777202,120.9956232,31.914893617,376602135.0,0.836202126483554,0.9103188192404376,0.8601281326647964,0.8964326721717396,0.8803397152007008,0.8553963727910295,0.5178004789979405,0.5467393735359912,0.6082568491491046,0.6916156208551247,0.9478367137722911,0.3989361702125,0.11971830985915494,0.17699074031162235,1.0
1403900015224,214.26881282254698,90.35431866011017,40123.79734226271,583.4307433481399,370.0,165.21932554991574,74.86500688980557,1.1374926459602708,6832,17637.163002453504,0.3710616094722055,0.1715456674473068,124.1619911,6.3727839003,376602135.0,0.8038219505705889,0.9181878976794675,0.7683330653236178,0.6956411707000849,0.6299531998416018,0.5708180859291417,0.6914510250664047,0.7805914934094442,0.9013482154730937,0.9179918264287249,0.9726409146644939,0.07965979875375,0.12368720315740184,0.19532883243329296,1.0
1403900012179,147.30424056509526,84.173851751483,25967.403267434533,519.7735345654075,4445.0,157.82597203403063,14.730424056509525,0.998482826717976,762,1603.511875865751,0.43478260869565216,0.1272965879265092,122.3270735,25.5319148936,376602135.0,0.7480647336880162,0.88049678160913,0.7564115612860273,0.683048486606618,0.894400781692569,0.5657388515676548,0.44014315461462605,0.6851975734695787,0.6775545324624772,0.6929261603220137,0.9582668222632165,0.31914893617,0.14492753623188406,0.1449450415299161,1.0
1403900011787,163.65567430097772,76.60478371535127,27165.305844198112,647.6586259570608,1610.0,139.28142493700233,66.1586768450761,1.0483203046775216,507,1765.3920610765044,0.3412698412698413,0.10256410256410256,125.336623,9.5,376602135.0,0.7637151436843108,0.8844032357603339,0.7405734078782811,0.7070267358839667,0.7863083260573429,0.5518785643300155,0.671980719779509,0.7193979803789001,0.6360293549433129,0.7019503511193722,0.9818425635385839,0.11875,0.11375661375661376,0.11678363377826705,1.0
1403900012709,164.7657928688631,57.03431291614492,30373.482586851518,420.36401001158663,610.0,97.16957015343208,63.37145879571658,1.2192983095747592,5623,11877.923760277143,0.5119655821457381,0.13284723457229236,123.669572,4.9235993209,376602135.0,0.7647206057514353,0.8940726250765647,0.6911191335102274,0.6599190228636072,0.6830751914756613,0.5120303956840436,0.6652102470686921,0.8367297070119385,0.8814704487809668,0.88087911436737,0.9687834784267283,0.06154499151125,0.17065519404857935,0.15126523220977475,1.0
1403900014705,143.05456765953443,92.79215199537369,24735.785855377286,502.6241566416075,300.0,115.9901899942171,46.39607599768684,1.1686080487813852,2177,8417.021453913689,0.48095238095238096,0.14515388148828665,122.4391416,8.6696562033,376602135.0,0.7437142969629739,0.8762878216851625,0.7728149421145581,0.6793920951762179,0.6076892464255852,0.5316102736684389,0.6163128794634317,0.8019440875052644,0.7846303520862257,0.8485459333760791,0.9591447239328259,0.10837070254125,0.16031746031746033,0.16527807793791494,1.0
1403900015582,0.0,0.0,1315.8159184539668,0.0,0.0,0.0,0.0,0.0,3,44.70142742619788,0.0,0.0,0.0,0.0,376602135.0,0.0,0.6222144865106992,0.0,0.0,0.0,0.0,0.0,0.0,0.14151778087828573,0.35884109170662315,0.0,0.0,0.0,0.0,1.0
1403900014851,171.81876003967562,69.45864767561355,32159.024840128208,734.799378042017,200.0,204.72022472812415,51.18005618203104,1.2420827213938006,2928,10703.943178641919,0.4900763358778626,0.17930327868852458,120.0306706,19.8938992042,376602135.0,0.7709555201469427,0.899020678816231,0.7241332014011,0.7207908526068886,0.5646923247741623,0.5946194149445946,0.6316723728521766,0.852365252535195,0.8148730018183473,0.871109419042411,0.9402776180203876,0.2486737400525,0.1633587786259542,0.2041619622276313,1.0
1403900013961,131.48656704200752,60.10814493348915,25785.66119810219,811.4599566021036,1645.0,339.986694780048,52.59462681680301,1.019903395056069,2017,3788.6915103389883,0.4427753934191702,0.13485374318294496,124.1503593,6.8456375839,376602135.0,0.7311882217628132,0.879888408029632,0.6999024028570269,0.7316130636822388,0.7885968859744708,0.6510309216036615,0.635944823888342,0.6998971967929414,0.7768413705389786,0.7736171388856741,0.9725497952769022,0.08557046979875,0.14759179780639006,0.15354992403567883,1.0
1403900015385,118.77763821310796,53.245148164496676,26801.572927114834,1478.5768067217923,475.0,671.7080229982657,110.58607695703155,1.1892563851501858,4544,18611.227173805608,0.5258562793821356,0.15911091549295775,120.6409218,17.7029360967,376602135.0,0.7160984006196627,0.8832355883210835,0.6796282250901058,0.7970693700880975,0.6564895290141378,0.7268825177485296,0.7530802052361483,0.8161137753531676,0.8597250883797362,0.9230385114898731,0.9450581090554022,0.22128670120875,0.17528542646071188,0.18117012112928016,1.0
1403900015629,173.7506580046975,119.45357737822954,50802.14062671792,390.9389805105694,0.0,190.03978219263792,16.28912418794039,1.1215339129709638,4321,23461.76853869681,0.5268551236749116,0.17750520712797963,120.5416609,15.0205761317,376602135.0,0.7726189712754048,0.9386279049679019,0.8153918838328011,0.6520143033630375,0.0,0.586354558359977,0.4552343151314773,0.7696399929656508,0.8545893216285934,0.9447819399612847,0.9442805344392811,0.18775720164625,0.17561837455830387,0.20211460525395175,1.0
1403900010702,178.87118510742297,139.98614486667884,28178.266809683024,894.3559255371148,255.0,248.8642575407624,85.54708852963707,1.1712534566287,1836,14278.586776401242,0.4676258992805755,0.1388888888888889,122.2895417,11.6696588869,376602135.0,0.7769405488908948,0.8875744404164534,0.8421782146640933,0.7422218600159878,0.5904467490922419,0.6163211048977595,0.7124923572048693,0.8037594687910654,0.7672482659510635,0.8981601074267375,0.9579728114797424,0.14587073608625,0.15587529976019185,0.15814450407473662,1.0
1403900011895,124.21761763676814,73.61044008104778,21728.641584793044,1127.1598637410443,375.0,685.4972232547575,32.20456753545841,0.915538749689828,1933,8893.061292291586,0.4869230769230769,0.17071908949818934,120.4226434,28.3972125436,376602135.0,0.722744608440301,0.8650601853515005,0.7338769395582039,0.7674591830109134,0.6313786471617245,0.7291476558796979,0.5594737120318175,0.6282781365072307,0.7725011348550592,0.8537104566429693,0.9433481936396892,0.35496515679499996,0.1623076923076923,0.19438765736242847,1.0
1403900010596,119.52139466445192,52.290610165697714,29066.181283026384,525.3961307124865,2495.0,104.58122033139543,82.1709588318107,1.1564549573461287,1774,4417.311544473702,0.40570522979397783,0.13528748590755355,125.0100985,6.1102831595,376602135.0,0.717024682257512,0.8902617850472117,0.6766068964593963,0.6842211040141738,0.8329286315406986,0.5201555764182411,0.7061367553002493,0.7936041656370401,0.7637433940048715,0.7880259699381224,0.9792846866430324,0.07637853949375,0.1352350765979926,0.15404380103784943,1.0
1407000201236,262.3932400855881,68.15408833391899,47676.81603087355,385.0705990866423,360.0,170.38522083479748,23.853930916871647,1.163571055569472,3667,12496.052096024046,0.4894394800974817,0.17998363785110444,123.9068088,16.1380597015,0.0,0.834012379212412,0.9331280064378618,0.7209526846953349,0.6503669986104142,0.6270437476730639,0.5742347081803465,0.5132053533686907,0.7984875077484245,0.837840307809884,0.8856416311576024,0.9706419072107692,0.20172574626875,0.16314649336582723,0.20493664667661535,0.0
1403900015671,160.31646926044166,38.385633484894484,35152.393896110436,234.82975778994273,530.0,103.86700825324391,13.547870641727465,1.1680567475771195,3934,8882.887184092642,0.3910891089108911,0.199288256227758,122.1978097,10.2830188679,376602135.0,0.7606493654552717,0.9067299101950906,0.6251505217010465,0.5965437356121149,0.6681324220667008,0.519397855394331,0.4276601647444738,0.8015657632744357,0.8450131363072569,0.8536029979584273,0.957254215590666,0.12853773584875,0.13036303630363036,0.2269176656332164,1.0
1403900013980,136.04903421713024,83.72248259515706,23513.900614919676,920.9473085467278,2630.0,541.5798092874222,2.616327581098658,0.8919415848043877,1286,3364.5972692928744,0.4764638346727899,0.17262830482115085,122.286666,17.0731707317,376602135.0,0.7362544884345498,0.8718997195745143,0.7555072975141306,0.745417639831908,0.8385373822136148,0.7028839045166486,0.20532249800251312,0.6120848483628447,0.7309249273548178,0.762474929943046,0.9579502842678839,0.21341463414625,0.1588212782242633,0.19656156711746425,1.0
1403900010755,159.62571897915447,57.56993143510489,40415.267065163796,580.932944481513,335.0,162.2425340443865,57.56993143510489,1.0955608368471745,2956,7735.305332825912,0.4170661553211889,0.18369418132611637,123.3286665,7.1428571429,376602135.0,0.7600072593631421,0.9188148635849523,0.6926826069930588,0.6951734824452797,0.6194020674537376,0.568800737822019,0.6501242089923546,0.7518162625425057,0.8158442419035095,0.8406172793257264,0.966112945887772,0.08928571428625,0.13902205177372964,0.20916162149208062,1.0
1403900010933,207.03461757828362,115.01923198793536,30395.936365610054,713.1192383251991,3490.0,115.01923198793536,211.63538685780105,1.1233042399002957,2127,4892.91812876677,0.451877133105802,0.14010343206393983,124.7473946,4.8207663782,376602135.0,0.7987069737634214,0.8941366362851892,0.8090085808484504,0.7175251010219272,0.8686523147863686,0.5306799046654275,0.8560693898952947,0.770854859845448,0.7822595186274093,0.7976243731023911,0.9772267576478688,0.0602595797275,0.15062571103526734,0.1595274320370263,1.0
1403900015614,298.265842883113,53.02503873477565,55452.2325437029,331.4064920923478,0.0,165.7032460461739,6.628129841846956,1.0227544896673881,2645,17531.403431685198,0.480963045912654,0.18109640831758034,121.6196304,12.3052959502,376602135.0,0.8531183880156933,0.9462145537289924,0.6789362720842386,0.6340247097468712,0.0,0.5711426174136538,0.32454011424394696,0.7018537282996768,0.8045000929625025,0.917427190656213,0.9527249644228175,0.1538161993775,0.160321015304218,0.2062036921183182,1.0
1403900011715,239.52939966703042,84.75655680525692,40802.26804339669,663.312183693315,240.0,239.52939966703042,95.81175986681217,1.2767202980481902,4773,17588.828070934404,0.4357508275654529,0.16928556463440184,122.7088683,9.2485549133,376602135.0,0.8204246609545347,0.9196403706520199,0.7575718802124803,0.7096305554879788,0.5840174730629561,0.6120705944948278,0.7303945309657685,0.876134898681706,0.8647431866183393,0.9177341941550922,0.9612576670474876,0.11560693641625,0.14525027585515096,0.19275538799605862,1.0
1403900010632,180.3635951565658,122.51112123842204,28463.77550373924,547.8969588718319,570.0,132.72038134162386,146.332728145893,1.2936712889111086,3396,11556.882436824479,0.43996605854900295,0.12691401648998824,124.5384935,6.8469991547,376602135.0,0.7781769632001415,0.8884476826306548,0.8196578232758155,0.6887916425374749,0.6758657160368494,0.5465313415652879,0.7974678880506474,0.8877673248951388,0.83000500458439,0.8783068450474347,0.9755903006679323,0.08558748943375,0.14665535284966766,0.1445094302251834,1.0
1403900010806,121.00910395371542,87.79091855465629,22608.620931853908,740.290988893318,515.0,232.52729779341396,45.08182304158026,1.228530701745952,5315,12611.04681399995,0.491849353569421,0.16161806208842897,121.545804,16.4464993395,376602135.0,0.7188604600314983,0.8684989859184368,0.7634894553130789,0.7216027983616007,0.6650812297870082,0.6087725578331893,0.611821218857162,0.8430653319658643,0.8757209004808872,0.8865015878192724,0.9521466346410041,0.20558124174375,0.16394978452314032,0.18402485960516107,1.0
1403900011024,154.63764082185207,113.00442983135343,23228.13634908185,868.3498292304,120.0,321.1704847838466,41.63321099049863,1.1387203832781403,2230,13263.15150125885,0.4546640574037834,0.17443946188340806,122.3141797,19.7640117994,376602135.0,0.7552868101529561,0.8708405803324525,0.8060272014848814,0.7390032627927811,0.5106525382328262,0.6446942964693483,0.599396850711784,0.7814340142906769,0.787084734551524,0.8912345777262382,0.9581658168161035,0.24705014749249998,0.15155468580126114,0.19862382377243154,1.0
1403900014423,163.63568827204915,48.57934495576459,31750.615398123246,240.3399171495722,790.0,97.15868991152918,15.340845775504608,1.113351733514962,6471,16545.10216888172,0.4251101321585903,0.16906196878380467,120.3569404,8.810325477,376602135.0,0.7636969797836431,0.897913576734649,0.664322093145693,0.5990657232558438,0.7105682604827955,0.5120180224995621,0.4462241485296398,0.7640250646374657,0.8958072623124516,0.911991219846954,0.9428334996866523,0.1101290684625,0.14170337738619676,0.19250079272073645,1.0
1403900011096,116.16432819687347,96.13599574913665,22340.588201577095,1926.7255814722805,1315.0,901.2749601481562,120.16999468642082,1.1480558887026415,2001,8015.338645584269,0.43543758967001434,0.12093953023488256,123.6374759,15.6156156156,376602135.0,0.7127975224097781,0.8674659449517254,0.7787765947255786,0.8259606734601674,0.7647720019348214,0.7596590889102259,0.7662414199762336,0.787840399551209,0.7760287612702668,0.8439556054316667,0.9685320489853623,0.195195195195,0.1451458632233381,0.13770663863059526,1.0
1403900010223,145.95700575795593,66.72320263220843,30403.585656338702,863.2314340541965,295.0,271.0630106933467,41.70200164513027,1.1933275973729542,2945,12281.239484490863,0.4979654120040692,0.16502546689303904,120.4467195,19.387755102,376602135.0,0.7466991987847134,0.8941584320776658,0.7173944416967069,0.738358465512912,0.6059056314449972,0.6258229168932834,0.5996543698775855,0.8189075988035819,0.8154637845755534,0.8840138030905351,0.9435367972511334,0.242346938775,0.16598847066802305,0.187904668474811,1.0
140390001464A,252.44994704443008,71.77498494400463,42632.993119344945,663.2998608618359,565.0,210.3749558703584,49.49998961655492,1.2173497632300205,5227,12936.822286286628,0.37335785601681554,0.1874880428544098,123.7575917,7.1378586424,376602135.0,0.8282541628794406,0.9234422536128797,0.7296379931276087,0.709628529930135,0.6749292163799574,0.5976465315738193,0.6264449516888688,0.8353925390692544,0.8740168874653941,0.8888958957520264,0.9694729934768498,0.08922323303,0.12445261867227185,0.21348146561150594,1.0
1403900011306,195.28945614909082,143.7035620719725,27532.439960050022,1020.6637613829841,2035.0,151.07297551156083,353.73184510024,1.2289848504033123,617,2273.4640461130007,0.44835680751173707,0.12317666126418152,125.2260497,6.2745098039,376602135.0,0.7900110737450431,0.8855660541778367,0.8466073348324915,0.7566319164581933,0.811238542698969,0.5608885209600812,0.9378149845561318,0.8433769863575985,0.6560384366020494,0.7256850126043944,0.9809763716009655,0.07843137254875,0.14945226917057902,0.14025392646628182,1.0
1403900013340,156.3467390022146,85.07101975120501,40021.22504998004,721.9540595102263,360.0,239.11854200338706,62.07885225087933,1.2059214011514923,7256,16683.116738236313,0.40375677769171187,0.14346747519294378,123.20243,8.9494163424,376602135.0,0.7569210342502217,0.9179661756467635,0.7581947873948239,0.7188677319319778,0.6270437476730639,0.6118797453732366,0.6619702200070696,0.8275499545446122,0.9074939182778393,0.9127710876544425,0.9651240540076059,0.11186770428,0.13458559256390396,0.16335786754974727,1.0
1403900010384,195.5043395178407,85.74751733238627,30151.165941259413,315.55086378318146,690.0,78.88771594579536,54.87841109272721,1.137468489245633,2419,8296.929777081696,0.4858722358722359,0.13807358412567178,124.03181,3.457106274,376602135.0,0.7901747935328266,0.8934362791733723,0.759527155972266,0.6286878466564007,0.6961767125950756,0.48902554777443696,0.6426101164744071,0.7805749161365959,0.7953859223217147,0.8471969206421992,0.9716211221897255,0.043213828425,0.16195741195741195,0.1572161651091057,1.0
1403900012107,207.28511010604544,86.77051120718181,29686.288262025533,843.6021922920454,1560.0,130.15576681077272,9.64116791190909,0.97481180689656,614,2959.838548956091,0.4830917874396135,0.13843648208469056,121.847152,14.606741573,376602135.0,0.7988870393756927,0.8920903390086896,0.7615223445472568,0.7358497283050842,0.7829511966473696,0.5443695263336003,0.3777112372099326,0.6689536032087204,0.655541678929162,0.7504451552938558,0.954507287782562,0.18258426966250002,0.1610305958132045,0.15762937539696875,1.0
1403900010312,171.23824020029255,76.44564294655918,34806.856484067575,648.2590521868218,2130.0,119.2552029966323,266.0308374540259,1.2094852219300718,2380,7277.625208512433,0.43633071816535907,0.1403361344537815,123.3622697,8.1409477521,376602135.0,0.7704520316197521,0.9058742388468682,0.7402240625994326,0.7071277646073554,0.8160944529095098,0.534683116176514,0.8924528412178533,0.8299955863415954,0.7937273744823341,0.8348919555891486,0.9663761814149578,0.10176184690125001,0.14544357272178635,0.15979239638610362,1.0
1403900010863,150.1579408743381,94.454188614503,24467.600434716012,976.0266156831976,2025.0,375.39485218584525,50.85994771550161,1.1647453486692174,4771,11554.895740507533,0.48582995951417,0.1771117166212534,119.530948,15.4098360656,376602135.0,0.7509166873845613,0.8753435591370877,0.775804249008979,0.7517537632003047,0.8107142712084934,0.6620598146149033,0.6306894793432409,0.7992933531380065,0.8647004112142627,0.8782907056502188,0.9363629687590767,0.19262295082,0.16194331983805668,0.20166656105443254,1.0
1403900011378,92.63816243767837,67.16266776731682,18094.873349650203,9488.463787679208,2405.0,7767.709920399332,39.37121903601331,0.5464424005923983,1543,3573.5171160334435,0.43522833178005593,0.1542449773169151,121.826645,25.8403361345,376602135.0,0.6792584349507872,0.849208650222586,0.7184952149779976,1.0,0.8290183026108475,1.0,0.590689107313818,0.3749899316321031,0.74951050698138,0.7681291287143344,0.9543466432321621,0.32300420168125,0.145076110593352,0.17562956719537828,1.0
1407000200613,243.15909621382585,0.0,44595.154440803744,259.3697026280809,0.0,113.47424489978539,0.0,1.0433534269422904,458,7424.457737728815,0.5472972972972973,0.19868995633187772,121.3970653,18.9655172414,0.0,0.8226658509252861,0.9273399437790087,0.0,0.6073531974599637,0.0,0.529183329708031,0.0,0.7159895165767863,0.625674899174135,0.836767060346007,0.9509814685226748,0.2370689655175,0.18243243243243243,0.22623641718289833,0.0
1403900015563,95.5939289909567,3.7734445654325013,19649.617436529817,91.8204844255242,405.0,25.15629710288334,11.320333696297503,1.2364886187179325,3227,4058.968537550227,0.39274924471299094,0.15308335915711188,124.3882988,12.4242424242,376602135.0,0.6839087700162119,0.8563485819172035,0.2660076735614637,0.49472574022454174,0.6395524277617785,0.3643828089010036,0.401114563051944,0.8485263626948522,0.8247956898127734,0.7800849415550207,0.9744137287630237,0.15530303030249998,0.1309164149043303,0.174306901795173,1.0
1403900014283,192.23914817860785,69.90514479222104,44693.88930578219,524.2885859416577,310.0,233.01714930740346,29.127143663425432,1.1626653125132425,5592,16287.8987365875,0.378698224852071,0.19724606580829757,121.678653,9.8791755508,376602135.0,0.7876675133110795,0.9275315143348392,0.7252082501420299,0.6839911144053622,0.6111692726502094,0.6090064778919965,0.5439385223740534,0.7978659517960247,0.8809061987021053,0.9105203461768424,0.9531873264962771,0.12348969438499999,0.126232741617357,0.2245923450572118,1.0
1403900010365,204.79701542264303,77.8805551607234,25820.541876500825,311.5222206428936,2225.0,60.573765125007085,77.8805551607234,1.2375253202362544,2444,7049.632474548444,0.5189558732131759,0.1407528641571195,124.5780622,3.8208168643,376602135.0,0.7970887954946185,0.8800055013703056,0.7433483573830942,0.6272892388170085,0.8207385379761217,0.4599576424204534,0.6976770572417347,0.8492377874141949,0.7964350939446622,0.8319040922461194,0.9759002678021504,0.047760210803749995,0.17298529107105864,0.16026690167443033,1.0
1403900011768,115.38007701270624,40.99029051767195,26098.096190673983,514.6558698329923,4425.0,92.60769339177737,71.35346867891043,0.9934707368385944,2337,3547.937368140717,0.3698710433763189,0.12665810868635002,123.8072528,6.7351598174,376602135.0,0.7117925588997019,0.8809316443594254,0.6360485825711203,0.6819701162012447,0.8939207117873741,0.5067184439627551,0.6838812211995557,0.6817580833436923,0.7918669328590057,0.7674548580942999,0.9698620208861182,0.08418949771749999,0.12329034779210629,0.1442180432537778,1.0
1403900013798,138.46025894079145,80.04733720014507,38030.17858169338,525.7162956658176,220.0,194.709739135488,17.30753236759893,1.1561176177492296,5737,12411.664149114386,0.48,0.165417465574342,121.2010274,13.0952380952,376602135.0,0.7388642564836276,0.9135458962599968,0.7479600869095486,0.6842874984052462,0.5747927185549776,0.5890506208504305,0.46437627898272715,0.7933726701450342,0.8835190158603939,0.8850055096701874,0.9494457772803258,0.16369047619,0.16,0.18835101402158977,1.0
1403900010473,108.7206774885032,55.91349127980165,24283.518406061638,590.1979635090173,40.0,248.5044056880073,40.381965924301184,1.1701341403853163,5848,18165.672055793333,0.4914562611578679,0.16330369357045144,120.5399763,17.354877319,376602135.0,0.7029755427946808,0.8746894096619356,0.6878002207981522,0.6968982921770698,0.39541864552742145,0.6161602151811187,0.5946388441165866,0.8029913506488309,0.8854749345938676,0.9207636722008254,0.9442673378815396,0.2169359664875,0.1638187537192893,0.18594418775955696,1.0
140390001286A,152.39055773674593,41.02822708297006,37875.357263732054,468.8940238053721,220.0,178.76584657579812,26.375288839052182,1.1550618828952826,2400,7033.410357080582,0.48331273176761436,0.1825,120.9913616,10.5263157895,376602135.0,0.7531106461606893,0.913192540305302,0.6362022667860071,0.6718223687204313,0.5747927185549776,0.579564259951733,0.5286389437022736,0.792648184013881,0.7945812774146499,0.8316878321828839,0.9478033299123416,0.13157894736875,0.1611042439225381,0.2078018783542039,1.0
1403900012056,128.7226739244962,58.84465093691256,25107.983328368413,1114.3705771177815,860.0,445.0126727104012,125.04488324093919,1.2409757658900458,3305,12155.098209156,0.4394599303135889,0.16944024205748864,121.463428,11.7837837838,376602135.0,0.7280335637786628,0.8775814786620083,0.696346750367681,0.7662142345172338,0.7195973384350381,0.6810050365800849,0.7725416250215502,0.8516056168110587,0.8272330608846664,0.8830445969065114,0.9515013303310733,0.14729729729750002,0.14648664343786297,0.1929315099634911,1.0
1403900014457,164.1285195316369,66.86717462400021,25112.045500695276,376.88771151709216,765.0,39.5124213687274,243.1533622690917,1.096082348868716,1807,5492.226570253109,0.36997725549658833,0.23464305478693967,124.4964347,5.3779069767,376602135.0,0.7641442376618072,0.8775954916269824,0.7177558478536352,0.6480276989391774,0.707148591999786,0.4132246850331495,0.8781464805513022,0.7521741442828156,0.7656238577334549,0.8084702230023766,0.9752608269752242,0.06722383720875,0.12332575183219611,0.26717406864380516,1.0
1403900011221,96.35851441572147,75.41101128186898,19517.872585491714,733.1626096848373,175.0,293.2650438739349,33.516005014163994,1.1262454590265483,3057,12807.303416037415,0.47823984526112184,0.1671573438011122,121.2539392,19.6304849885,376602135.0,0.6850885362296165,0.8557658707828665,0.7379351865850818,0.7205476805762929,0.550549643662534,0.6345802741033294,0.5656608466240042,0.7728732382836381,0.8192728047315629,0.8879512878168131,0.9498602695181886,0.24538106235625,0.15941328175370728,0.19033210971271539,1.0
1403900015474,167.70513427843878,74.53561523486168,48289.81862677929,490.6928002961727,0.0,260.8746533220159,0.0,0.8766268091801453,3387,21037.67740003971,0.5134048257372654,0.1706524948331857,121.2166588,17.9696616103,376602135.0,0.7673506665292581,0.9342346425785626,0.735974245419747,0.6767740234333701,0.0,0.621562107709415,0.0,0.6015752563947439,0.8297341860016747,0.9345435495116755,0.9495682281129743,0.22462077012875,0.17113494191242182,0.1943118299844771,1.0
1403900013552,120.73311042638184,13.41479004737576,20424.57892188306,710.9838725109153,215.0,308.5401710896425,80.48874028425456,1.2437322590704374,1826,24495.40662650814,0.502880658436214,0.18455640744797372,123.1600961,15.4150197628,376602135.0,0.7185215914728397,0.8596991134449661,0.4540916730123616,0.7171980963113898,0.5723560144035595,0.6402297271668893,0.7028729931225476,0.853497229153254,0.766691040220689,0.9488294768960754,0.9647924252792606,0.192687747035,0.16762688614540466,0.2101433870136588,1.0
1403900011791,93.51659118722716,87.67180423802546,20131.991177502394,1057.9064378055073,1640.0,116.89573898403395,146.11967373004245,0.8572078350959839,408,2384.6730752742924,0.29936305732484075,0.10049019607843138,124.0060404,16.9491525424,376602135.0,0.6806556313142837,0.8584492948708733,0.7632609990187845,0.7605415605830221,0.7882729449743797,0.5324710352117186,0.7972367434197575,0.5882492045431837,0.6139010931486363,0.7301667930691819,0.9714192523011028,0.21186440678000001,0.09978768577494691,0.11442220000701533,1.0
140390001254A,168.8477426792648,105.22395558273024,29487.743542139673,675.3909707170592,400.0,205.55377369649628,75.85913076894505,1.157942955116201,5415,13250.877197220563,0.4888644487214737,0.14145891043397968,123.7061407,7.3322053017,376602135.0,0.7683606993777433,0.8915090661061731,0.7939973628965715,0.7115981462229596,0.6382329644763277,0.5950708253015147,0.6935304691828266,0.7946252873169523,0.8776233688915148,0.8911476586321948,0.9690699446270605,0.09165256627125,0.16295481624049124,0.16107083451024698,1.0
1403900013529,165.62370904651343,60.226803289641246,39295.027369088006,487.8371066460941,760.0,192.725770526852,6.022680328964125,1.0575054842055824,3016,9082.201936077901,0.4755381604696673,0.15384615384615385,122.3713398,10.5392156863,376602135.0,0.7654930399052422,0.9163799688700028,0.7002325398270363,0.6761379835856122,0.7064512789339678,0.5879131801646915,0.3113310516476147,0.7257012061891999,0.8178948666040797,0.8556860796469558,0.9586135887264422,0.13174019607875,0.15851272015655576,0.1751754506674006,1.0
1403900011876,214.21413672891248,107.10706836445624,30193.39615617478,2068.857583671339,160.0,1149.9916813867933,33.82328474667039,0.8828190060974614,911,5135.502067369454,0.4837133550488599,0.15148188803512624,118.9227008,34.2560553633,376602135.0,0.8037839399927899,0.8935575166180377,0.7969878966432358,0.8337286837607074,0.5410645048185279,0.7868374429297713,0.5670765284787919,0.6058245816596933,0.695764387212425,0.8021664488748776,0.931598176347898,0.42820069204125,0.16123778501628663,0.1724834020292627,1.0
1403900012662,99.78029147844066,45.35467794474576,21134.802977058338,1025.015721551254,2125.0,603.2172166651186,27.212806766847454,0.8724739751417415,2011,9120.825734688371,0.4808541973490427,0.1596220785678767,122.9816923,12.0481927711,376602135.0,0.6902573191704079,0.8626599444719737,0.6528769269878685,0.7570960638481194,0.8158443251820795,0.7148955437126582,0.5334523605822219,0.5987254208943283,0.7765373995937803,0.8560844537107817,0.9633948733096577,0.15060240963875,0.16028473244968092,0.18175215207236764,1.0
1403900011166,158.32050360730082,120.82354222662431,25494.275436962584,862.4301117555597,1090.0,341.63898146838596,37.49696138067651,1.0888595470367628,2417,10070.017295232792,0.4213317619328226,0.16756309474555234,122.2039577,17.4496644295,376602135.0,0.7587863862001798,0.878904001406133,0.8173165166673587,0.7382571721667126,0.7448069021911483,0.6515705485621908,0.5830960348726189,0.7472175780240112,0.7953015209110901,0.8653783060637675,0.9573023768378431,0.21812080536875,0.14044392064427422,0.19079411414229708,1.0
1403900012291,182.5308388019617,84.74646087233936,25580.776371054842,827.9077331374691,1465.0,280.31521673158403,71.70854381505637,1.1578208081628931,3561,11607.005660246172,0.4618226600985222,0.16062903678741927,122.429571,12.1354656632,376602135.0,0.7799544588701348,0.8791974022348185,0.7575518437553969,0.7338015718906621,0.7762654622813249,0.6295561873592536,0.6846631653348743,0.7945414653484879,0.8348467735234661,0.878713117597373,0.9590697512535428,0.15169332079,0.1539408866995074,0.18289871541179314,1.0
1403900014866,140.56240648114817,97.61278227857511,23082.483595155365,823.851882431174,1320.0,183.5120306837212,140.56240648114817,1.1854462130493923,2702,10549.9895086684,0.40436590436590436,0.13360473723168023,123.7500746,18.3652875883,376602135.0,0.7411029409771822,0.8702957180723618,0.78134446536793,0.7332659691697708,0.7651757920455804,0.5824733831551044,0.7910863427706976,0.8134990877410164,0.8066758191853415,0.8697494023520361,0.9694141071868116,0.22956609485374999,0.1347886347886348,0.1521277553630849,1.0
1407000131433,301.8420480404869,114.98744687256644,56899.29087550585,754.6051201012173,40.0,409.6427794835179,28.74686171814161,1.0329003210222436,1663,11951.507759317374,0.5484171322160148,0.18641010222489476,118.964967,24.0875912409,0.0,0.8548959148200661,0.9484460147371427,0.8089619504048036,0.7236912234326016,0.39541864552742145,0.6717814402698863,0.541909524789173,0.7088161905866143,0.7571512416665984,0.8814588919242596,0.931929274738502,0.30109489051125,0.1828057107386716,0.21225407883031397,0.0
1403900013891,61.56156762301749,45.50202824309988,27437.11028712506,243.569680595417,115.0,107.06359586611737,5.353179793305868,1.1052968516159996,3644,9753.493583403291,0.4800974817221771,0.18276619099890232,120.8550036,14.5945945946,376602135.0,0.6189126380569148,0.8852656150455678,0.653417039638581,0.600517346651887,0.5061590729886817,0.5227498777705932,0.29532808211877404,0.7584974928214389,0.8371981833057717,0.8623802100950572,0.9467351497980665,0.1824324324325,0.16003249390739235,0.20810497418748,1.0
1403900013904,86.62519183158004,72.65338669745422,32898.88712240099,508.5737068821796,235.0,243.10940933378916,8.383083080475489,1.102443372203246,3454,9651.722986654111,0.4722932651321398,0.16560509554140126,121.4242085,10.096670247,376602135.0,0.6693272426425885,0.9009909322100768,0.7316798223291985,0.6806745060397428,0.581785120343782,0.6137198945156963,0.3576140924497874,0.7565393247716278,0.8317332545658999,0.861395542119742,0.9511940987055596,0.12620837808750002,0.15743108837737993,0.18856465708783882,1.0
1403900015258,221.91366606278314,81.08383952293998,43494.11909090052,529.1787421497136,20.0,238.9839480676126,42.67570501207368,1.1925487465416604,3767,16075.938078048155,0.5201775625504439,0.177860366339262,120.5650156,15.7602663707,376602135.0,0.8090437617104409,0.9251744500218171,0.7501227327037101,0.6850029579636936,0.3241786929076167,0.611817153593561,0.6032556068022726,0.8183731212087579,0.8405861296220277,0.9092906398923518,0.94446348685949,0.19700332963375,0.17339252085014797,0.20251900389076968,1.0
1403900011537,69.8805103438591,16.400527937844483,14638.02117007703,241.01645404310588,1335.0,115.51676199699158,13.548262209523704,1.1661540207141614,7726,5509.151254251586,0.4580109454614078,0.18107688325135904,119.8392941,17.1732522796,376602135.0,0.6375937124922841,0.8308450414330101,0.4861279098340309,0.5993713959514156,0.7663780553783078,0.5311576049625227,0.4276644638686678,0.80026003843412,0.9139000834748227,0.8087590392686429,0.9387784425291106,0.214665653495,0.1526703151538026,0.20618146008853314,1.0
1403900013641,94.81216955673644,20.858677302482015,13540.488752966547,147.90698450850883,1305.0,30.339894258155656,22.754920693616743,1.0497574107752683,870,1649.7317502872138,0.4922813036020583,0.1781609195402299,124.3683171,9.1254752852,376602135.0,0.6826928090533292,0.8240942578951456,0.5249462202915166,0.5463371973911285,0.7639597987244502,0.3845664137544715,0.505981503960009,0.7203841782229142,0.6910687490142686,0.695592412448312,0.9742571992261472,0.114068441065,0.16409376786735277,0.20286122591655872,1.0
1403900013637,177.86509108733875,17.786509108733874,35507.036703351805,231.22461841354038,40.0,88.93254554366938,17.786509108733874,1.1189688668816267,932,16577.026489339973,0.4793650793650794,0.1834763948497854,123.7860811,13.2203389831,376602135.0,0.7761012293086265,0.9075994276850515,0.4991704757312196,0.5948615780834271,0.39541864552742145,0.5022472106768772,0.4685014571043624,0.7678797590295012,0.6980883396140063,0.9121721888096203,0.9696961693121335,0.16525423728875,0.15978835978835979,0.2089136410051671,1.0
1403900015050,162.04601810234757,37.395234946695595,36758.00904659913,380.18488862473856,95.0,205.6737922068258,12.465078315565199,1.039285171013373,2497,15562.650276983151,0.5674827369742624,0.1870244293151782,119.7134099,20.811287478,376602135.0,0.7622451316841073,0.9105987057877232,0.6208163419811624,0.6489763227421086,0.48600871268064083,0.5951356715286854,0.41530606610675785,0.7131977218496701,0.798624304088675,0.9062442796576213,0.9377923104419471,0.26014109347500003,0.18916091232475415,0.21295357649214836,1.0
1403900012592,30.34028628104373,13.273875247956633,12325.318721129614,140.32382404982727,6880.0,27.17983979343501,5.6888036776957,1.1336272872598623,3696,2336.2020436403673,0.5260115606936416,0.15395021645021645,121.9914154,15.406162465,376602135.0,0.515477982589187,0.8159497819898298,0.4524198280703441,0.5406298025789681,0.9409066036265032,0.3727014093085069,0.30355076244824175,0.7779389346160044,0.8386442281926576,0.7282396328895705,0.9556373959910845,0.1925770308125,0.17533718689788055,0.17529394055556846,1.0
1403900015351,125.30348543185505,32.687865764831756,39549.6268234989,299.63876951095773,1110.0,76.27168678460743,0.0,1.0730655235611983,1225,6673.77259365315,0.4129181084198385,0.15020408163265306,122.3834075,7.9411764706,376602135.0,0.7240366252595417,0.9169393935914927,0.5985571413583574,0.6230561753760934,0.7467411847113423,0.48530875728141526,0.0,0.7363791076255263,0.7259680495292301,0.8267608597211961,0.9587081227997276,0.0992647058825,0.1376393694732795,0.17102843999853967,1.0
1403900013482,166.04048266833342,51.887650833854195,43006.01554372222,169.49965939059038,20.0,107.23447838996535,10.377530166770839,1.0735182353150081,4455,15410.632297654696,0.5620617110799438,0.18765432098765433,119.664066,21.2989493792,376602135.0,0.7658668523828099,0.9241968624005917,0.6753151599502333,0.5611234366195607,0.3241786929076167,0.5229262665039008,0.3883985904104038,0.7366897759584121,0.8577062621078615,0.9053227487007435,0.9374057678647549,0.26623686724,0.18735390369331462,0.21367079661653307,1.0
1403900015597,282.85815320668985,120.36517157731483,56223.828712951006,367.11377331081025,0.0,210.63905026030096,24.073034315462966,1.0362143775631543,2948,17741.826290496207,0.44722631320569467,0.18724559023066487,122.3383693,10.6516290727,376602135.0,0.8452090405715954,0.9474115562161293,0.8166749819862306,0.6451662429245651,0.0,0.5977859211312492,0.5146072791707749,0.7110904244937082,0.8155676863660348,0.9185472859718071,0.958355309546213,0.13314536340875,0.14907543773523155,0.21320539925191087,1.0
1403900014118,131.7387148516619,72.80297399697106,36086.6120363121,419.4838025539761,140.0,131.7387148516619,45.06850771241066,1.2161332824648718,3680,12757.854490897786,0.4731785428342674,0.15434782608695652,123.7856061,10.0259291271,376602135.0,0.7314727355759575,0.9090019142087433,0.7320251072399542,0.6596906818418558,0.5269406107501234,0.5457087937847166,0.6117750591221282,0.834557742870313,0.8382014690259927,0.8875881247228813,0.9696924483309349,0.12532411408875,0.1577261809447558,0.17574667496305513,1.0
1403900013942,104.79290135970288,40.06787404929816,22295.4777903017,197.25722608885246,20.0,89.38218057151127,3.0821441576383197,1.0298120599985496,3436,10590.247325645267,0.5376007162041182,0.17345750873108265,119.5725161,16.9135802469,376602135.0,0.6975206888807427,0.8672908645599158,0.6322684344829438,0.5775935219497533,0.3241786929076167,0.5028039547398893,0.22467555463253738,0.7066969063054501,0.8312000255513948,0.8701069439495244,0.9366885984823654,0.21141975308625,0.17920023873470606,0.19750573221347784,1.0
1403900014495,244.93003150732432,74.35375956472346,57571.86529150773,621.0725798935724,20.0,328.03129219730937,13.121251687892375,1.0187471154020795,4349,19021.44119688131,0.5013812154696132,0.17383306507243043,120.2270107,14.6276595745,376602135.0,0.8237472661027555,0.9494639206306315,0.7355640274908202,0.7024569509401735,0.3241786929076167,0.6470466439543504,0.42290608892718456,0.6991037129272548,0.8552485347148965,0.9250852689068704,0.9418156765901435,0.18284574468125,0.1671270718232044,0.1979333558472307,1.0
1403900010083,157.85268880043375,50.63199452089384,30579.86861296233,399.0992509293985,100.0,137.00422046830099,53.61034713976995,1.261830339041056,5123,15258.100466502303,0.4814921920185078,0.15127854772594182,123.8603685,9.1856677524,376602135.0,0.7583463649645662,0.8946592169688536,0.6712259445139952,0.6542644255325663,0.49141491559492917,0.550051530157092,0.6389436271133,0.8659168323236837,0.8719656816625726,0.9043889211641163,0.9702781104041208,0.11482084690500001,0.1604973973395026,0.1722518705323112,1.0
1403900014071,229.74968539965988,32.82138362852284,32176.272025663297,459.49937079931976,710.0,187.97701532699443,41.772670072665434,1.044832998430319,2395,7146.110344573836,0.4419024683925346,0.14613778705636743,123.6932289,9.9871959027,376602135.0,0.8142134926811384,0.8990671219355281,0.5992303084884355,0.66961710155071,0.6992148452149081,0.5851426288161281,0.5999184868928155,0.7170048558157239,0.7943684703741993,0.8331800663204464,0.968968798174344,0.12483994878375,0.14730082279751153,0.1663983925963826,1.0
1403900014777,156.81286290175848,71.68588018366103,30187.36687337933,219.5380080624619,95.0,94.08771774105509,31.3625725803517,1.0862899367502408,2679,12002.904563251743,0.4227296866702071,0.1366181410974244,125.0671539,7.1146245059,376602135.0,0.7573636573646392,0.8935402177128163,0.7294294955399941,0.5892232960428341,0.48600871268064083,0.5084696699048733,0.5553711475245184,0.7454542119590437,0.8058034674128016,0.88186174043676,0.9797316383707785,0.08893280632375,0.1409098955567357,0.15555893883454494,1.0
1403900010030,66.99120154166974,10.544911353781348,11327.218522097703,187.32724875540984,8985.0,23.570978320217133,29.15357844868961,0.9321213780696233,3440,2133.793826882814,0.43190337359433567,0.11569767441860465,125.9355222,3.0604982206,376602135.0,0.6313663263887414,0.808635300072476,0.4163093388971115,0.5719826324457274,0.9693263421596101,0.35740302027773846,0.5440786118994563,0.6396577781230328,0.8313187618257118,0.7197351025489688,0.9865341270397738,0.0382562277575,0.1439677911981119,0.13173804967342015,1.0
1403900010026,91.11832438155675,14.83321559699761,22391.80807779907,122.90378637512305,530.0,14.83321559699761,12.714184797426523,0.8744695632791647,1433,3036.571135785368,0.36216730038022815,0.17306350314026517,125.3632395,2.8340080972,376602135.0,0.6768097891833093,0.8676643090530471,0.4700642384985811,0.5262653744357559,0.6681324220667008,0.3083448694838792,0.4182340440905901,0.6000948707364469,0.7419656472179913,0.7528472723659727,0.9820510677408427,0.035425101215,0.12072243346007605,0.1970571015183878,1.0
1407000131448,123.83498249407133,35.381423569734665,36682.825042420285,294.84519641445553,600.0,97.29891481677033,1.4742259820722778,1.1191447860447383,3780,5572.574212233209,0.6057774001699235,0.1931216931216931,113.308497,35.4002254791,0.0,0.722286659810312,0.9104213513248739,0.6116477213448152,0.6213010738018694,0.6813180670377958,0.5121773835333943,0.14470108809938528,0.7680004815702055,0.8409377223670843,0.8098335041787805,0.8876184989058142,0.44250281848875,0.20192580005664118,0.21989616757058617,0.0
1403900013143,36.39895061318956,7.279790122637912,9988.45376531586,30.65174788479121,2960.0,7.279790122637912,5.747202728398351,1.0194185414579522,2655,1017.2548829265082,0.4652317880794702,0.15141242937853108,125.7100484,3.7162162162,376602135.0,0.5419241996951105,0.797740924204519,0.35973588127993006,0.37724579525393953,0.85111930365774,0.23597352080265327,0.304939264787043,0.6995644714820718,0.8048851688636071,0.650233843298687,0.9847678454175,0.0464527027025,0.15507726269315672,0.17240431359469593,1.0
1403900011043,148.83502587016125,69.45634540607526,21631.872494306102,1058.3824061878133,4415.0,195.13925614087808,522.5763130552328,1.1576424089742605,2187,3616.6911286449185,0.4454725710508923,0.1490626428898034,125.9389099,3.794369645,376602135.0,0.7496013373631322,0.8646735612963977,0.724127640499587,0.7605906316225629,0.8936798627260718,0.5892953510439863,1.0,0.7944190409182533,0.7850979823145705,0.7692563057724584,0.9865606650776824,0.047429620562500004,0.1484908570169641,0.16972875169831816,1.0
1403900011274,196.77216090572028,101.94220384272255,30180.86176191152,521.5647638464875,2430.0,187.2891651994205,80.60546350354807,1.2030196535678384,2716,6438.9540845775455,0.4928639391056137,0.06921944035346098,124.6331733,5.9233449477,376602135.0,0.7911371182103764,0.8935215497095103,0.788656687509628,0.6834234240233799,0.8301189876713908,0.5847355559243127,0.7031016199025764,0.825558663007154,0.8072031889946367,0.8233984838364375,0.976331988574645,0.07404181184625,0.16428797970187123,0.07881605328260807,1.0
1403900015648,77.8769924792018,36.88910170067454,13918.283121136252,204.93945389263632,240.0,49.185468934232716,12.296367233558179,0.9657409570470278,1687,6914.65717433755,0.4058333333333333,0.13396561944279786,125.8895979,3.5330261137,376602135.0,0.653588798679787,0.8264778727681982,0.6185580395397821,0.5817447736576475,0.5840174730629561,0.43712737029669213,0.41329211885711753,0.6627288348502738,0.7586130828809152,0.8300893558783718,0.9861743723937538,0.04416282642125,0.13527777777777777,0.15253867043889238,1.0
1403900011753,165.7982022123675,69.91490454738388,23095.12567518979,581.2924920939632,3700.0,93.8857289636298,105.87114117175275,1.0938777983428358,2171,4336.721650639155,0.38722044728434507,0.11423307231690465,123.8045393,7.3229291717,376602135.0,0.7656496599235277,0.8703431460097187,0.7252316734123946,0.6952409277412782,0.8748722859291073,0.5082322810878636,0.7461843977782763,0.7506612963594423,0.7843487422515407,0.7862976974690403,0.9698407642914183,0.09153661464625,0.12907348242811503,0.13007039450753097,1.0
1403900014599,105.6026053237203,61.0515062027758,19922.124228525827,207.90512923107434,340.0,37.950936288211985,49.50122124549389,1.2306006428896878,3297,5440.184214879779,0.449868073878628,0.11040339702760085,124.2774451,2.7960526316,376602135.0,0.6986615847026145,0.8575415890125181,0.7025095426915211,0.583306043268275,0.6209749073455019,0.40883682677622724,0.6264488471744376,0.844485805719604,0.8269857355054542,0.8075765233241664,0.9735453402714513,0.034950657895,0.14995602462620933,0.12570977139189257,1.0
1403900012677,251.4625379751229,129.92231128714684,28474.665023103207,1479.4379317536398,930.0,431.6773568572943,121.54022668797607,1.1826262673092716,1696,7108.0077400968075,0.44010195412064573,0.1474056603773585,123.4324519,11.4119922631,376602135.0,0.8276700655624578,0.8884808151026301,0.8295748819870029,0.7971329038656781,0.7279202706557861,0.6776163866304028,0.7680375312286287,0.811563931795673,0.7591559210894592,0.832678207945027,0.9669259638290155,0.14264990328875,0.14670065137354857,0.16784204441894218,1.0
1403900013321,181.6985380970572,88.9952023332525,24085.231325542467,456.10041195791905,2305.0,51.91386802773062,48.205734597178434,0.8439235412275757,923,3422.607156399669,0.3674074074074074,0.13542795232936078,125.7520727,7.225433526,376602135.0,0.7792743306780273,0.8739792107908773,0.7657821585451045,0.668808141797098,0.8244981279635213,0.4430372575104014,0.6222979667733354,0.5791330077691144,0.6970988310554896,0.7640793588112349,0.9850970488494681,0.090317919075,0.12246913580246914,0.1542037417846836,1.0
1403900014584,121.17369179972863,29.878444553357742,20908.74194469232,488.0145943715098,4880.0,112.87412386824036,29.878444553357742,0.8859042834774188,2297,3812.8215077257078,0.44556324732536184,0.12320417936438834,125.5702357,4.4665012407,376602135.0,0.7190621785225045,0.8617284595028728,0.5837377134743174,0.6761776230391452,0.9043401263365698,0.5285965599967638,0.5478728863698741,0.6079418184490091,0.7901053101905582,0.7742130358907634,0.9836726024111261,0.055831265508750005,0.14852108244178727,0.14028525968771588,1.0
1403900010562,83.86813091438583,26.14071612915922,15794.256293371254,96.93848897896544,765.0,20.69473360225105,13.07035806457961,1.0290928135358657,4180,4552.841392495231,0.35451306413301664,0.10167464114832536,125.7266427,4.6565774156,376602135.0,0.6645434317112701,0.837430077865486,0.5617801355662746,0.5005864775370302,0.707148591999786,0.3435050053664219,0.4223293858572136,0.7062033315360396,0.8512034359232463,0.7908625698352736,0.9848978392665613,0.058207217695,0.11817102137767221,0.11577085704992682,1.0
1403900014508,222.4149548184374,94.73229557081594,48668.17885070503,296.5532730912499,240.0,98.85109103041663,20.593977298003463,1.1086948272854522,2403,9897.465489420465,0.44324324324324327,0.14523512276321265,124.3981837,4.6235138705,376602135.0,0.8093798832576369,0.9349106960201516,0.7762993584540884,0.6219297028798233,0.5840174730629561,0.5139263503585175,0.49074750277542023,0.7608293152835944,0.7947087490237236,0.8637557852948493,0.9744911635568136,0.05779392338125,0.14774774774774777,0.16537058253807665,1.0
140390001507A,175.077204570094,72.94883523753917,33390.060083647346,914.2920683104909,100.0,588.453937582816,29.17953409501567,0.9657857957113002,3529,17162.429303551715,0.5055460750853242,0.16888637007650892,119.9364413,12.0,376602135.0,0.7737505725733653,0.9022746043613833,0.7323611182254081,0.7446265383147913,0.49141491559492917,0.712134037462404,0.5442160428148237,0.6627596048776944,0.8339255399701564,0.9154302657383473,0.9395394591705801,0.15,0.16851535836177475,0.19230084893326999,1.0
1403900015065,162.26571132237078,65.67897839238817,42670.61809844885,583.3838668970949,140.0,332.25836127914016,19.31734658599652,1.0301455478593042,4763,18401.704357820287,0.4987413467589679,0.1780390510182658,118.5685761,16.6528583264,376602135.0,0.762446618660699,0.9235186661538757,0.7147499486306302,0.6956324119644406,0.5269406107501234,0.648471670736456,0.4810138337445164,0.7069257585869878,0.8645291301332491,0.9219756277231225,0.9288240892938664,0.20816072908,0.16624711558632263,0.20272246149038672,1.0
1404400010280,43.18392991808359,11.585932417046818,15042.402462682669,57.929662085234085,60.0,24.22513141746153,7.372866083575247,1.3417796586438804,1544,1626.243604720026,0.5691056910569106,0.17292746113989638,119.7283809,19.7619047619,0.0,0.5668711088794024,0.83320543549365,0.4310020821877839,0.44511601164585646,0.4377230725854981,0.3603361733292897,0.33941924851384814,0.9207811507942028,0.7495766018366091,0.6942469324613879,0.9379095879356829,0.24702380952374997,0.1897018970189702,0.19690219859667984,0.0
1404400050276,43.53448068565697,10.243407220154582,16662.05473105987,5.121703610077291,0.0,5.121703610077291,0.0,0.0,231,591.5567669639271,0.4807692307692308,0.19913419913419914,116.2316606,18.6440677966,0.0,0.5680536122162464,0.8420630789518274,0.4118058139649758,0.19784372275719375,0.0,0.20226265509618438,0.0,0.0,0.5560220163070987,0.5994045456842895,0.9105175237396544,0.23305084745750002,0.16025641025641027,0.22674224999806394,0.0
140440010037A,19.867890608444505,0.0,13462.687584783118,69.53761712955577,0.0,39.73578121688901,0.0,0.6829081047004717,1010,10033.284757264475,0.6530278232405892,0.17524752475247524,120.30743,41.3793103448,0.0,0.45462254957647397,0.8235951364301598,0.0,0.4647494259793343,0.0,0.41383847274845276,0.0,0.4686379812675931,0.7062846257111085,0.8650352480403937,0.9424456528076294,0.5172413793099999,0.2176759410801964,0.19954391682459838,0.0
1404400100242,136.61265926931011,13.220579929288077,46296.029880379756,207.12241889217987,215.0,114.57835938716332,22.034299882146794,1.0970012599284982,2554,11255.120379800583,0.47715442452284557,0.18715740015661708,118.4752308,33.9667458432,0.0,0.7368686119818457,0.9305822784259293,0.4517832151449032,0.5828961515331136,0.5723560144035595,0.53025488859688,0.5010610675058407,0.7528047366290723,0.8009274928266721,0.875823052991913,0.9280928553859106,0.42458432304000004,0.15905147484094853,0.21310498246813375,0.0
1404400020115,150.84029804892998,88.29675983352,43363.199506961886,702.6950470084299,0.0,401.01445091056996,40.46934825703,0.972044864998646,1972,7255.050432987559,0.4782608695652174,0.16987829614604463,122.3260805,13.2969034608,0.0,0.7515906492711241,0.9249133214024372,0.7644562356353278,0.7159194055709293,0.0,0.6694108235365013,0.5949757686915697,0.6670548205520233,0.7745392145860166,0.8346003168519591,0.9582590434541003,0.16621129326,0.15942028985507248,0.19343029605895778,0.0
1404400020149,200.0,100.0,18804.166609711297,0.0,0.0,0.0,0.0,0.0,16,1600.0,0.3333333333333333,0.3125,0.0,25.0,0.0,0.7935595941708017,0.8525391289710846,0.7854151797128713,0.0,0.0,0.0,0.0,0.0,0.2892243353581004,0.6927204440223791,0.0,0.3125,0.1111111111111111,0.3558251341681574,0.0
1404400010308,97.16483253328092,43.35046374561764,25001.300108983804,0.0,0.0,0.0,0.0,0.0,90,134.53592196915818,0.5,0.1,121.4350514,18.5185185185,0.0,0.6863227011631061,0.8772126478553418,0.6453549991637803,0.0,0.0,0.0,0.0,0.0,0.4604843279462607,0.4609042802877849,0.9512790381309038,0.23148148148124997,0.16666666666666666,0.11386404293381037,0.0
1412000010706,136.23732624443963,46.05205394178241,26877.66187255505,698.4561514503665,1635.0,151.58801089170043,94.02294346447242,1.0844640384382123,4412,8465.902582964332,0.42996108949416345,0.12307343608340889,125.257033,7.7818627451,0.0,0.7364599311435045,0.883481152663187,0.655418152036542,0.7152596517843012,0.787948015443614,0.5612659596254254,0.7274156065976789,0.7442012098449097,0.856716381645687,0.8490895216684201,0.9812190837625887,0.09727328431375,0.14332036316472116,0.14013639010212836,0.0
1404400010331,13.744982251033141,1.1454151875860952,11520.653573779317,3.4362455627582853,0.0,1.1454151875860952,0.0,0.6365141682948128,114,130.57733138481484,0.7272727272727273,0.15789473684210525,115.4679108,20.0,0.0,0.40265302514641493,0.8101019542396029,0.12990633662745737,0.16267947265597313,0.0,0.08521378384465879,0.0,0.4368006658944782,0.4843792805170156,0.45812134112942704,0.9045345792212428,0.25,0.24242424242424243,0.17978533094812163,0.0
1404400020172,38.89343005319584,6.482238342199307,17507.65612266023,0.0,0.0,0.0,0.0,0.0,116,751.9396476951197,0.5064935064935064,0.21551724137931033,114.3574051,31.25,0.0,0.551585977372304,0.846351067149419,0.3424987862155926,0.0,0.0,0.0,0.0,0.0,0.4861393844699547,0.6218936370274374,0.8958352722093392,0.390625,0.1688311688311688,0.24539664425390165,0.0
1404400100223,173.77038001247058,10.860648750779411,49515.26828529882,231.69384001662743,0.0,133.94800125961274,14.480865001039215,1.0590499945708818,3500,12670.756875909314,0.5377855887521968,0.17685714285714285,117.4068979,37.9310344828,0.0,0.7726358578183867,0.9364054126405085,0.42090110303065986,0.5950819892956041,0.0,0.547551520007532,0.4375888118269021,0.7267611089999275,0.8330834298015575,0.8869450255905861,0.9197239151022027,0.474137931035,0.17926186291739896,0.20137669307436748,0.0
1404400010100,153.84775014962645,63.66113799294888,40706.34001545768,403.18720728867623,60.0,172.41558206423656,31.83056899647444,1.1535339210431328,1954,5183.077651592588,0.5569721115537849,0.172978505629478,120.4450511,15.7894736842,0.0,0.7545254507829553,0.9194364798992386,0.7095203322879222,0.6553744474651226,0.4377230725854981,0.5755494358929002,0.5576644237742583,0.7915996374335773,0.7736036158751161,0.8030320341847477,0.943523727598435,0.19736842105250002,0.1856573705179283,0.19696031991621243,0.0
1404400020168,85.91860378635832,17.183720757271665,28627.398123859813,0.0,0.0,0.0,0.0,0.0,58,996.6558039217565,0.45,0.15517241379310345,0.0,7.6923076923,0.0,0.6681157321298559,0.8889441906785801,0.49362041891059666,0.0,0.0,0.0,0.0,0.0,0.4162492950223799,0.6483150932856306,0.0,0.09615384615375,0.15,0.1766855838628092,0.0
1404400020346,60.16555720421691,0.0,34390.01681815331,20.05518573473897,0.0,0.0,0.0,0.0,90,1804.9667161265072,0.6363636363636364,0.15555555555555556,121.5791478,26.0869565217,0.0,0.6155358398058953,0.9048306216805247,0.0,0.3327328801423531,0.0,0.0,0.0,0.0,0.4604843279462607,0.7040305583392147,0.9524078381207732,0.32608695652124997,0.21212121212121213,0.17712184456370503,0.0
1404400010064,34.048906195365795,5.238293260825507,18927.903177053908,5.238293260825507,0.0,2.6191466304127533,0.0,1.0397207708399179,284,371.91882151861097,0.6045197740112994,0.15845070422535212,119.8039063,30.985915493,0.0,0.5322131569536291,0.8531072382955006,0.31155519575925467,0.1999038158580022,0.0,0.14358768135417663,0.0,0.7134966473155525,0.5770258811295561,0.5559276684348424,0.9385012270797203,0.3873239436625,0.2015065913370998,0.18041837788807982,0.0
1412000014342,268.5659752084697,111.48021612427046,30200.051250960085,577.670210825765,280.0,157.08575908419928,55.74010806213523,1.1744102144008912,2326,11786.49921386605,0.421760391198044,0.16079105760963028,123.616291,12.0567375887,0.0,0.83747867828512,0.8935766070602922,0.8037365453774755,0.6945595347891548,0.6003681970631017,0.5652173628620127,0.6450544559635522,0.8059257581930037,0.7913855092427686,0.8801537451585327,0.9683660940072686,0.15070921985875002,0.14058679706601465,0.18308319887035718,0.0
1404400010312,59.01613738263156,7.7945841826117155,31862.4157425972,2.2270240521747757,0.0,0.0,0.0,0.6931471805599453,187,208.22674887834154,0.42748091603053434,0.1925133689839572,121.2528736,10.7142857143,0.0,0.612697152010105,0.898218050438245,0.3700010623953522,0.1279284097426858,0.0,0.0,0.0,0.4756644315437017,0.5345543248686281,0.5016674979200385,0.9498519219864723,0.13392857142875,0.14249363867684478,0.21920350511321782,0.0
140440002012A,147.4632534229614,63.198537181269174,44588.163775699475,142.78188029842295,40.0,95.96814905303837,7.022059686807687,0.9035001514905319,2462,5762.770316306841,0.48402652200120555,0.20024370430544272,119.8709191,17.7952755906,0.0,0.7482250873566664,0.9273263640508201,0.7082984272265556,0.5425127101284468,0.39541864552742145,0.5106557674103762,0.33258276710284124,0.6200167843303016,0.7971838760328854,0.8129838467574534,0.9390261815404919,0.2224409448825,0.16134217400040185,0.22800557744260158,0.0
1404400010327,61.43734954624221,5.759751519960208,31098.55899860809,1.919917173320069,20.0,0.9599585866600345,0.9599585866600345,0.6931471805599453,170,163.19295973220588,0.5454545454545454,0.16470588235294117,122.6172232,16.0714285714,0.0,0.6186152375953519,0.8961161413296274,0.32521740457230175,0.11700836173902962,0.3241786929076167,0.0751209986676204,0.1074840182555683,0.4756644315437017,0.5248790133945317,0.4789119729041869,0.9605397519021294,0.2008928571425,0.1818181818181818,0.18754077659686413,0.0
1404400010098,94.07844521514671,29.05363749291296,27559.79271981486,333.42507789485825,235.0,159.1032529373805,30.43714404019453,1.1896951744232593,3326,4601.5427762584995,0.5476966030711959,0.1719783523752255,119.7602798,22.0750551876,0.0,0.6815425029224123,0.8856520665634473,0.5791300673202036,0.6346858060279595,0.581785120343782,0.5666330217382646,0.5507370742549897,0.8164148895407424,0.8278794533676185,0.7918612999709018,0.9381594725823281,0.275938189845,0.18256553435706532,0.19582150498538645,0.0
1404400010079,43.6395312692494,9.854087705959543,18412.15335763234,32.377716748152785,115.0,8.446360890822465,1.4077268151370776,1.0750274625216438,131,184.41221278295717,0.5411764705882353,0.16030534351145037,119.4082612,16.2790697674,0.0,0.5684061643190703,0.8507142839383762,0.4058085341624143,0.38304351360072986,0.5061590729886817,0.2506881920229724,0.14034939973884897,0.7377254660996239,0.4984535117018271,0.49032269568515796,0.9354018839672489,0.20348837209249998,0.1803921568627451,0.18253014516107005,0.0
1412000015694,361.7099359411173,106.86884470987557,62491.017656594275,254.84109123124173,0.0,123.31020543447181,16.44136072459624,1.2402181023773988,1179,9692.182147149484,0.54521625163827,0.2154368108566582,116.5643339,22.3443223443,0.0,0.8818888665395681,0.9565659652740083,0.7966124692308589,0.6054372595031215,0.0,0.5383853312616801,0.4566346088001806,0.8510856787745893,0.7220641315743682,0.8617882369737997,0.9131235681492986,0.27930402930375,0.18173875054609,0.24530506280905715,0.0
1404400010083,38.14097643952727,5.721146465929091,19173.6772995355,7.628195287905454,0.0,3.814097643952727,1.9070488219763635,1.0397207708399179,627,1195.71961137918,0.5330073349633252,0.17543859649122806,119.3482266,18.1208053691,0.0,0.5487366680217642,0.8542247249248187,0.32424270052508447,0.23531885744303546,0.0,0.17543796491807478,0.17045080402701768,0.7134966473155525,0.6576770512442067,0.6653957169413226,0.934931594245425,0.22651006711375002,0.17766911165444174,0.19976147883124626,0.0
1404400050261,130.1319998994701,27.1108333123896,30346.569891658208,110.25072213705104,115.0,59.643833287257124,14.459111099941122,1.1897551810334968,2046,3697.9176638099416,0.5476550680786687,0.1852394916911046,119.3144964,15.1969981238,0.0,0.729650452027414,0.8939958400173322,0.567756961541385,0.5145030166691414,0.5061590729886817,0.45825880622028636,0.4373642036603334,0.8164560683999341,0.7782979371981591,0.7713409536124222,0.9346673638453713,0.1899624765475,0.18255168935955624,0.21092117434953145,0.0
1404400020187,90.12953400378089,43.26217632181483,34619.813936488565,28.841450881209887,40.0,14.420725440604944,10.815544080453707,0.9743147528693494,383,1380.7844609379233,0.47307692307692306,0.2193211488250653,119.044822,18.9473684211,0.0,0.6751949380823227,0.9054075057951214,0.6450158821711574,0.37081476457251905,0.39541864552742145,0.3053980076573098,0.3944323711413456,0.6686125054910487,0.6074624210126783,0.6788956081787275,0.9325548304303237,0.23684210526375,0.1576923076923077,0.24972792706109848,0.0
1404400020350,84.77484779047083,26.492139934522136,34173.28371461594,21.193711947617707,0.0,5.298427986904427,0.0,1.0397207708399179,119,630.5129304416268,0.5063291139240507,0.21008403361344538,118.8426,19.3548387097,0.0,0.6661336264345863,0.9042829903863111,0.5639695576891969,0.3384833147593396,0.0,0.2054397144434078,0.0,0.7134966473155525,0.4887239149298094,0.6053823746385552,0.9309706951462264,0.24193548387125002,0.1687763713080169,0.23921017423069407,0.0
1404400100238,75.13466388277932,8.34829598697548,27359.1577889261,124.18090280626026,140.0,62.6122199023161,9.391832985347415,1.1231567415744785,2689,2806.070988622133,0.5072869955156951,0.17776124953514316,118.7613532,33.2175925926,0.0,0.6482938300109424,0.8850191646931624,0.3803920944398996,0.5273851206193414,0.5269406107501234,0.46359352218638933,0.37392410455205577,0.770753640783651,0.806183667108655,0.7454381740472074,0.9303342365878104,0.4152199074075,0.16909566517189836,0.2024061454903732,0.0
1404400010365,0.0,0.0,12578.289720721663,0.0,0.0,0.0,0.0,0.0,6,501.14923946195614,0.0,0.0,0.0,0.0,0.0,0.0,0.8177095461236223,0.0,0.0,0.0,0.0,0.0,0.0,0.19864531935366248,0.5838619285432975,0.0,0.0,0.0,0.0,0.0
1404400020153,45.830599738733476,0.0,12057.613856736929,9.166119947746695,0.0,0.0,0.0,0.0,69,632.462276394522,0.5,0.17391304347826086,0.0,11.7647058824,0.0,0.5755762224811298,0.8140477487725176,0.0,0.2532295777788578,0.0,0.0,0.0,0.0,0.433701265466508,0.6056717316529431,0.0,0.14705882353,0.16666666666666666,0.19802442249358326,0.0
140440002005A,11.938246615656142,0.0,4549.579357944128,23.876493231312285,370.0,5.969123307828071,9.948538846380117,1.2650013752730702,311,618.7991162448434,0.4009009009009009,0.21864951768488747,125.1354933,10.5882352941,0.0,0.383093487920114,0.7296309659729685,0.0,0.35094401444145606,0.6299531998416018,0.2167358684925238,0.3822595852992272,0.8680929201575649,0.586265867848705,0.6036245637284061,0.9802669849445145,0.13235294117625002,0.13363363363363365,0.24896318069128956,0.0
1404400020134,81.52879012786312,4.658788007306464,28242.935877943783,34.94091005479848,20.0,11.64697001826616,2.329394003653232,1.1710598699903711,1198,2790.614016376572,0.49563046192259674,0.17362270450751252,123.7535334,8.5106382979,0.0,0.6603609192206045,0.8877730064704268,0.29496287941974836,0.39112259137865896,0.3241786929076167,0.28326160860722055,0.19211807179009974,0.803626622144844,0.7236947559936779,0.7449197725341166,0.9694412021968531,0.10638297872375,0.16521015397419891,0.19769383080327677,0.0
1404400010295,72.94446999094012,15.430560959621948,23561.18714865544,30.861121919243896,0.0,21.04167403584811,0.0,0.7559829155446122,1128,1582.333887495778,0.5181695827725438,0.1976950354609929,119.7255305,17.7852348993,0.0,0.6439260975567017,0.8720737374980548,0.4763666414299853,0.3779657330661151,0.0,0.34527612000292013,0.0,0.5187847456708792,0.7175538627121251,0.691678717761022,0.9378872589150333,0.22231543624125,0.1727231942575146,0.2251035600553166,0.0
1404400050257,66.47391973257417,15.510581270933974,16191.984466099646,28.80536521744881,0.0,8.863189297676557,0.0,0.6172417697303416,360,797.6870367908901,0.6,0.16111111111111112,119.5740295,15.9574468085,0.0,0.630223540755161,0.8395842694521979,0.4771934570573996,0.3706826411513902,0.0,0.25550853984993954,0.0,0.4235751998394229,0.6011572750343505,0.6274313663601524,0.9367004539201463,0.19946808510625,0.19999999999999998,0.1834476247266945,0.0
1404401700219,0.0,0.0,0.0,77.79482990105436,0.0,38.89741495052718,12.96580498350906,1.242453324894,983,12745.386298789406,0.555379746835443,0.16480162767039674,119.0448107,45.8064516129,0.0,0.0,0.0,0.0,0.4768374361738019,0.0,0.41151701210753505,0.4211380654885576,0.8526195750055079,0.703521294572888,0.8874963335634514,0.9325547419101394,0.57258064516125,0.185126582278481,0.18764979608623886,0.0
1404401700384,0.0,0.0,0.0,166.72308524621903,0.0,125.04231393466428,0.0,0.7356219397587946,933,19444.079816840294,0.6397188049209139,0.16184351554126475,120.0790347,44.4055944056,0.0,0.0,0.0,0.0,0.5593305676616874,0.0,0.53993007274967,0.0,0.5048122557806194,0.6981976952755997,0.9271483638726593,0.9406564851925727,0.5550699300699999,0.21323960164030464,0.18428157002149376,0.0
1404400540416,112.22583418498915,32.06452405285404,43189.982487972775,41.68388126871025,155.0,12.825809621141618,19.238714431712424,1.412744636863848,3439,11026.989821776506,0.5352678571428572,0.1715615004361733,116.4306295,42.6301853486,0.0,0.7076810396563601,0.9245666132837406,0.5953786704946942,0.4098981247012889,0.5377052569945776,0.29321035212115204,0.4803944593518106,0.9694800663654144,0.8312890907020222,0.8739007134401466,0.9120761753944102,0.5328773168575001,0.17842261904761905,0.19534686051453362,0.0
1404400540435,91.86865456943869,17.49879134655975,43468.18834770875,17.49879134655975,20.0,8.749395673279874,8.749395673279874,0.6931471805599453,2599,11369.839677427197,0.5647200481637568,0.17776067718353214,117.0819745,40.203562341,0.0,0.6780236715049764,0.9251227917492344,0.4965439365303686,0.31859853086923146,0.3241786929076167,0.25421311053796297,0.3637311417379317,0.4756644315437017,0.8027097912574321,0.8767750613342921,0.9171785806550661,0.5025445292625,0.1882400160545856,0.2024054937876891,0.0
1404400540420,217.56732034180453,164.9300654204002,48766.00284614831,171.94836607658743,0.0,94.74705885852778,3.509150328093621,0.905733964490236,4154,14577.010462900902,0.6026234567901234,0.16803081367356765,119.5692598,31.7995069844,0.0,0.8060973784334372,0.9350846327222422,0.8699018440516462,0.5626805327591025,0.0,0.5092410707695642,0.24056621105250936,0.6215497132961539,0.850566636591309,0.9001019560391584,0.9366630897853611,0.397493837305,0.2008744855967078,0.19132667782330198,0.0
1404401700399,0.0,0.0,0.0,163.7225839225579,0.0,109.14838928170528,7.796313520121806,0.7732196077242826,1402,10930.431555210771,0.5423542354235423,0.16619115549215407,122.4953035,22.2737819026,0.0,0.0,0.0,0.0,0.55735942861185,0.0,0.5248830375927367,0.34729961362923034,0.5306132311892267,0.7397346183352591,0.87307505936095,0.9595846762990964,0.2784222737825,0.18078474514118079,0.18923196864178188,0.0
1404400540401,126.52317272604918,55.01007509828225,40283.08661034826,46.75856383353992,60.0,30.25554130405524,8.251511264742337,1.006214565944081,5087,13991.81260124809,0.5947302383939774,0.16925496363278947,119.3917205,33.3109919571,0.0,0.7254746870777308,0.9185310990360546,0.6850771509266754,0.4221647555244263,0.4377230725854981,0.384265540455549,0.35535851139852975,0.6905033922725327,0.8712459360229554,0.8962554405431424,0.9352723100015397,0.41638739946375003,0.19824341279799249,0.19272054445844453,0.0
1405100010088,72.02336941029759,0.0,10369.242951701544,288.09347764119036,0.0,144.04673882059518,0.0,1.0397207708399179,61,4393.4255340281525,0.6216216216216216,0.09836065573770492,0.0,6.6666666667,0.0,0.6420504407472055,0.8009815575386744,0.0,0.6187801737783476,0.0,0.5556077414326501,0.0,0.7134966473155525,0.42131232437981364,0.7875170369152671,0.0,0.08333333333375001,0.2072072072072072,0.11199741927915774,0.0
1405100010139,62.34912063760535,0.0,19832.24333821654,34.008611256875646,75.0,17.004305628437823,11.336203752291881,1.242453324894,341,1932.8227397657658,0.5642201834862385,0.24926686217008798,118.1362926,32.5842696629,0.0,0.6207845516986041,0.8571499126583227,0.0,0.388252716396116,0.46113356110959247,0.32268991988299195,0.4013201780199488,0.8526195750055079,0.5956379038336745,0.7104525552818525,0.9254377339760322,0.40730337078625,0.18807339449541283,0.2838253269611109,0.0
1405100010069,124.97389070290862,57.680257247496286,33823.48779339321,437.40861746018015,885.0,175.44411579446785,45.663536987601226,1.2244458746757434,2229,5357.053891861217,0.5309065934065934,0.18438761776581428,121.662848,14.2857142857,0.0,0.7236456357146138,0.903391773409897,0.6930028723412953,0.6642490699494982,0.7226450371724895,0.5774821833056893,0.6138249122902105,0.8402621654800172,0.7870389674580269,0.8061310779175409,0.9530635157429211,0.17857142857125,0.17696886446886448,0.20995119625749692,0.0
1405100010124,180.51473663367017,0.0,19634.39504303271,0.0,0.0,0.0,0.0,0.0,21,1263.603156435691,0.9090909090909091,0.0,0.0,12.5,0.0,0.778301611280969,0.8562814527961305,0.0,0.0,0.0,0.0,0.0,0.0,0.3155444333240061,0.670575753947488,0.0,0.15625,0.30303030303030304,0.0,0.0
1405100010177,30.90171963300409,0.0,28543.32672580194,0.0,0.0,0.0,0.0,0.0,20,618.0343926600818,1.0,0.0,0.0,0.0,0.0,0.5181348319203697,0.8886894339656217,0.0,0.0,0.0,0.0,0.0,0.0,0.3107955072923407,0.6035086544080476,0.0,0.0,0.3333333333333333,0.0,0.0
1405100010105,0.0,0.0,15503.940046612626,100.0,20.0,0.0,0.0,0.0,0,0.0,0.0,0.0,0.0,0.0,0.0,0.0,0.8358231267011025,0.0,0.5039475945017607,0.3241786929076167,0.0,0.0,0.0,0.0,0.0,0.0,0.0,0.0,0.0,0.0
1405100010092,57.13685562928223,9.522809271547038,21038.200019243537,19.045618543094076,0.0,9.522809271547038,0.0,0.6931471805599453,282,2685.432214576265,0.5080213903743316,0.19858156028368795,122.6591291,9.5890410959,0.0,0.6079367158873075,0.8622631167474933,0.4005334485709622,0.3273674493076182,0.0,0.26273522597255433,0.0,0.4756644315437017,0.5763069802688031,0.7413140271620487,0.9608680278305737,0.11986301369875,0.16934046345811052,0.22611299306004898,0.0
1405100010143,36.12801268087211,4.014223631208012,12182.366501265538,0.0,0.0,0.0,0.0,0.0,185,742.6313717734823,0.6371681415929203,0.16756756756756758,120.1304803,9.0909090909,0.0,0.5408362188609149,0.8149393105568884,0.2743824525975552,0.0,0.0,0.0,0.0,0.0,0.5334625123184918,0.6207257407304123,0.941059491740681,0.11363636363625,0.21238938053097345,0.19079920707827686,0.0
140510001004A,107.63313224934846,35.87771074978282,32445.20225386,82.51873472450049,520.0,43.053252899739384,5.381656612467423,1.181804771449119,1615,2897.125143044963,0.4830119375573921,0.2,120.6005109,11.9733924612,0.0,0.7014849703300361,0.8997880928918949,0.6139535347406777,0.48319515493385146,0.6661080393313906,0.42257854559538616,0.29604242566643624,0.8110001895309793,0.7541632185852487,0.7484352160425906,0.9447415444256778,0.14966740576499998,0.16100397918579737,0.22772808586762075,0.0
1405100010162,95.63321184904235,23.90830296226059,39271.37146320653,35.86245444339089,0.0,23.90830296226059,0.0,0.6365141682948128,334,3992.6865946975186,0.5534883720930233,0.18862275449101795,119.4085647,6.6666666667,0.0,0.6839696112344525,0.9163278064610829,0.5471726727922199,0.39388711516613567,0.0,0.35892516928358437,0.0,0.4368006658944782,0.593526796095373,0.7785395491598576,0.9354042614783937,0.08333333333375001,0.18449612403100776,0.21477349415658842,0.0
140510001011A,0.0,0.0,0.0,84.64510964533966,0.0,84.64510964533966,0.0,0.0,17,1438.9668639707743,0.45454545454545453,0.0,0.0,0.0,0.0,0.0,0.0,0.0,0.48594044030419836,0.0,0.49679414795060634,0.0,0.0,0.29505926631649926,0.682767839014722,0.0,0.0,0.15151515151515152,0.0,0.0
1405100010158,106.01549145939829,0.0,25856.538129190885,31.804647437819487,0.0,31.804647437819487,0.0,0.0,136,1441.8106838478168,0.46236559139784944,0.19852941176470587,121.0274255,7.6923076923,0.0,0.6992400212756704,0.8801261739323958,0.0,0.38115244164437456,0.0,0.3896656601938184,0.0,0.0,0.502248874491725,0.682953071800831,0.9480858416888652,0.09615384615375,0.15412186379928314,0.22605361464800589,0.0
1405100010054,101.71502604038072,51.61658037870067,25410.137589288905,282.37305736583306,195.0,141.18652868291653,9.108808302123647,1.043802569030234,3562,5407.595862027405,0.5300687285223368,0.16030320044918586,120.9557095,12.5248508946,0.0,0.6931027170324761,0.8786176592821346,0.6744406605756045,0.6165978227141904,0.5620100840923147,0.5533844145848724,0.3695135544922647,0.7162977352667498,0.8348754285412923,0.8070125357384924,0.947524044030676,0.1565606361825,0.17668957617411227,0.18252770498373308,0.0
1405100010073,55.11842936200307,7.112055401548783,17737.734949544985,26.670207755807937,0.0,10.668083102323175,3.5560277007743917,1.1822230016451067,823,1463.3053988686622,0.4802158273381295,0.2077764277035237,120.6538257,9.7674418605,0.0,0.6026492847814453,0.8474819608656429,0.3562528568777452,0.36256595363698213,0.0,0.27426833415960555,0.2422181693969326,0.8112871952838818,0.6854060295416571,0.6843414378847068,0.945159193622326,0.12209302325625,0.16007194244604317,0.23658264084667768,0.0
1405100020196,284.5417327949104,83.86493177113148,56482.390543417685,236.6189146399781,100.0,167.72986354226296,11.980704538733068,0.7872761592039976,4540,13598.099651462033,0.6360360360360361,0.136784140969163,120.9558211,26.6214177979,0.0,0.8460939126401976,0.9478089998387202,0.7557931965327438,0.5973690319262864,0.49141491559492917,0.5724915706614653,0.4094543794639369,0.5402593810352985,0.8596352063573456,0.8935759382008662,0.9475249182654166,0.33276772247375,0.21201201201201203,0.15574795299977146,0.0
1405100020181,187.47574683158211,31.726664848421592,38433.0138636138,308.61392170737366,20.0,175.93877779579245,8.652726776842252,0.967182856341378,3748,10810.13998653492,0.6029978586723769,0.15288153681963715,120.3848445,22.0149253731,0.0,0.7839327459204025,0.9144586080867243,0.593630764474792,0.6262683249527949,0.3241786929076167,0.5777947114013235,0.3621394850123451,0.6637183219713731,0.8400700751755945,0.8720362030665548,0.9430520904897349,0.27518656716375,0.20099928622412563,0.17407709872218075,0.0
1405100020209,138.64689539654572,29.329150949269287,34670.66128665611,170.64233279574856,0.0,98.65259864754215,7.998859349800714,1.0497926568707803,3501,9334.668861217433,0.5685483870967742,0.16795201371036847,119.8302705,31.7647058824,0.0,0.7390643755737358,0.9055346358613632,0.5806830939554926,0.5618528096157801,0.0,0.5137042144282679,0.3509358168350678,0.7204083654582606,0.8331125840214716,0.8582600020724372,0.9387077548534393,0.39705882353,0.1895161290322581,0.19123695299937304,0.0
1405100020213,169.26830104893418,7.694013684042463,36233.93580702841,180.80932157499788,0.0,130.79823262872188,3.8470068420212313,0.7797560457949557,4846,18642.595156434887,0.6239946380697051,0.15910028889806024,119.8237372,31.4225053079,0.0,0.7687307510134923,0.9093548255819682,0.3680437207400503,0.5681364956187004,0.0,0.5449150289826997,0.25210690595548657,0.5350987880614276,0.8662923475242988,0.9231966069144714,0.9386565753029869,0.39278131634875,0.2079982126899017,0.18115802125870364,0.0
1407000130350,223.36294548423464,77.31794266761969,54418.6852315926,257.72647555873226,115.0,117.4087277545336,14.318137531040682,1.1924650631186196,3463,9916.742053998776,0.5658669081032142,0.19203003176436614,116.6063952,27.473806752,0.0,0.8100134684221683,0.9445848132231798,0.7421301840892319,0.6066618704491213,0.5061590729886817,0.5329557233192936,0.4359009512969258,0.8183156944039367,0.8319988282098346,0.8639384421584527,0.9134530614261183,0.3434225844,0.1886223027010714,0.21865315781398756,0.0
1407000140473,190.0909199379007,17.280992721627335,49391.35783709486,190.0909199379007,0.0,51.842978164882005,17.280992721627335,1.2945451658448959,468,8087.504593721593,0.5048231511254019,0.21581196581196582,115.127299,33.3333333333,0.0,0.7859947152101701,0.9361883725654264,0.49452836936607414,0.5735734055994597,0.0,0.4428875989841242,0.4641445616110578,0.8883670130805733,0.6278750597753329,0.8447970112106855,0.9018663474237139,0.41666666666624996,0.16827438370846728,0.24573222940843692,0.0
1407000200261,50.101158296403895,16.7003860988013,13259.288664216605,56.781312735924416,290.0,13.360308879041039,3.3400772197602597,1.1499171377909299,520,1736.8401542753352,0.48148148148148145,0.10576923076923077,122.9933247,9.7222222222,0.0,0.5886349117935832,0.8222765096298834,0.489035641005841,0.4429671489168717,0.6040916297431806,0.29744473040196195,0.2344619890088933,0.7891176607366713,0.6386088614852388,0.7004203962719433,0.9634859973974361,0.12152777777749998,0.16049382716049382,0.12043312233383789,0.0
1407000010030,339.8952722232009,167.06716770292925,57497.673125759764,2004.806012435151,100.0,1025.446753486945,126.74060998153253,1.0740267816232563,1816,10461.861260293776,0.5108153078202995,0.15583700440528633,122.7753806,17.0250896057,0.0,0.8726072924395307,0.9493522198688521,0.87207972735759,0.8302962707368302,0.49141491559492917,0.774053047335597,0.7746761627423964,0.7370387601242729,0.7661307561559547,0.868961923672611,0.9617787007691226,0.21281362007125,0.17027176927343315,0.1774423136027992,0.0
1407000210755,171.79790169900082,18.40691803917866,35623.42557303287,24.542557385571545,0.0,18.40691803917866,0.0,0.5623351446188083,496,3043.2771158108717,0.4984894259818731,0.23387096774193547,115.4178689,30.46875,0.0,0.770937458887505,0.9078828995371045,0.5046998228276771,0.3538292348127726,0.0,0.3310645402326363,0.0,0.3858961478946939,0.6337946020111288,0.7530543120591374,0.9041425687600998,0.380859375,0.1661631419939577,0.2662949391193952,0.0
1407000641293,256.2364371593753,37.195611845715774,48654.99987569252,111.58683553714732,0.0,66.12553217016138,0.0,0.869068898856834,1556,6430.708003548193,0.5033816425120773,0.19730077120822623,119.6021581,28.0285035629,0.0,0.8304731432081899,0.9348872363245555,0.6199292244745381,0.5158066271544196,0.0,0.46959483229276117,0.0,0.5963887257149365,0.7503664200924623,0.823278190992865,0.9369208033764481,0.35035629453625,0.1677938808373591,0.2246546348372737,0.0
1407000130435,261.7020724474566,44.68084163737064,51212.209325919284,264.89356113584023,60.0,146.8084796656464,12.765954753534468,1.093569271460672,2487,7937.232368010055,0.5710675931775111,0.21753116204262163,117.0263215,30.701754386,0.0,0.8336192075958612,0.9393242991337561,0.650384898863714,0.6096455835615274,0.4377230725854981,0.5577133061024927,0.41883586555362873,0.7504495732678157,0.7982148229927567,0.8430363609269229,0.9167426148305471,0.383771929825,0.1903558643925037,0.2476897757426273,0.0
1407000141077,91.83856510400702,0.0,9562.659387773992,0.0,0.0,0.0,0.0,0.0,23,2112.286997392161,0.4375,0.0,0.0,33.3333333333,0.0,0.6779751819014501,0.7939676478260775,0.0,0.0,0.0,0.0,0.0,0.0,0.3244268592561068,0.7187844669027175,0.0,0.41666666666624996,0.14583333333333334,0.0,0.0
1407000140774,181.7880857450326,37.938383112006804,43425.879737222785,61.64987255701105,40.0,30.034553297005385,4.7422978890008505,1.2599414283156227,1094,1729.35796352231,0.5194444444444445,0.21937842778793418,115.9274065,30.7116104869,0.0,0.7793476545938213,0.9250384398984103,0.6232069224599632,0.4518006044624775,0.39541864552742145,0.38347344542034284,0.2791803253285223,0.8646205886518503,0.7144323614116879,0.700015305532345,0.9081341052434411,0.38389513108625,0.17314814814814816,0.24979314720397156,0.0
1407000430651,69.79137347976437,0.0,23129.96080524562,139.58274695952875,0.0,69.79137347976437,0.0,1.0397207708399179,260,4536.439276184685,0.5853658536585366,0.18461538461538463,118.1115607,30.8823529412,0.0,0.6374054184040727,0.870473699035403,0.0,0.5400556973336972,0.0,0.47553070006805337,0.0,0.7134966473155525,0.5680457208670265,0.790523802087743,0.9252439930604406,0.386029411765,0.19512195121951217,0.2102105408008807,0.0
1407000140609,155.63345452720623,40.60003161579293,40515.4852767931,453.36701970968767,190.0,128.56676678334426,0.0,1.0772260480785412,691,4675.770307752152,0.5220264317180616,0.20694645441389292,114.1058055,32.9268292683,0.0,0.7562411668597266,0.9190293938186364,0.6344595009140218,0.6681532124808625,0.5592585272489431,0.543008782207013,0.0,0.7392342206303384,0.6675838250933916,0.7933633528325175,0.8938643303542257,0.41158536585374994,0.17400881057268722,0.23563759970383336,0.0
1407000130416,266.9548979247286,108.2249586181332,59379.21063765095,501.4423082640172,80.0,252.5249034423108,25.25249034423108,1.132993061449746,3614,13037.500014864447,0.5027027027027027,0.2180409518539015,118.5438179,21.0055865922,0.0,0.8365816930667954,0.9521414239464823,0.7987386521831032,0.6791355477772347,0.46791797799195844,0.6179447356593448,0.5219495959329454,0.7775037043100893,0.8363545132117386,0.889623649888946,0.928630142353421,0.2625698324025,0.16756756756756755,0.2482702430322152,0.0
1407000430986,100.0,0.0,7879.254236436874,0.0,0.0,0.0,0.0,0.0,23,2300.0,0.7692307692307693,0.0,0.0,60.0,0.0,0.6905831793356683,0.7771964401807955,0.0,0.0,0.0,0.0,0.0,0.0,0.3244268592561068,0.7267740209044508,0.0,0.75,0.25641025641025644,0.0,0.0
1407000010929,103.64046715106562,51.82023357553281,30609.965867712195,51.82023357553281,0.0,25.910116787766405,0.0,0.6931471805599453,92,2383.7307444745093,0.4375,0.29347826086956524,116.1930635,13.6363636364,0.0,0.6958817271196328,0.8947444287005761,0.675098084852844,0.43316460478738167,0.0,0.3675545863197967,0.0,0.4756644315437017,0.462703621879349,0.7301297015166902,0.9102151677745575,0.170454545455,0.14583333333333334,0.33416621295792176,0.0
1407000201382,258.96696962998755,61.21037463981524,49368.23233249162,226.0075371316255,0.0,117.71225892272162,14.125471070726594,0.9605328214938968,3999,18829.25293727855,0.520532319391635,0.1447861965491373,123.2287595,18.685669042,0.0,0.8320531281527097,0.9361478059198988,0.702944699894426,0.5923804663458282,0.0,0.5332415213891082,0.43387921698247905,0.6591548105928552,0.8466856192168222,0.9241319009432868,0.9653303099538562,0.23357086302500002,0.173510773130545,0.16485941700094076,0.0
140700001037A,33.622255472022225,0.0,23270.83694611787,84.05563868005555,0.0,67.24451094404445,0.0,0.5004024235381879,273,2294.7189359655167,0.56,0.11721611721611722,119.3003074,23.4567901235,0.0,0.5303804720246339,0.87099966853377,0.0,0.48518628455601226,0.0,0.4714404210128563,0.0,0.3433955168700248,0.5730077649308679,0.7265582959239505,0.9345562122617352,0.29320987654374997,0.18666666666666668,0.1334670100323052,0.0
1407000130420,236.4027637155252,61.28960540772875,54195.04753645912,302.07019808094884,60.0,144.46835560393205,8.755657915389822,1.1319274215725406,2546,11145.952526291243,0.5245508982035928,0.20227808326787117,118.2814285,27.6295133438,0.0,0.8184668074175544,0.944228100310909,0.703161306093614,0.6239357416378605,0.4377230725854981,0.5559317639916316,0.3638337048090453,0.7767724209684882,0.8006073561461594,0.8749080608165835,0.9265746770394933,0.3453689167975,0.1748502994011976,0.2303220035778175,0.0
1407000211151,242.52919453269803,67.59010339435847,48563.8194370292,111.32487617894336,0.0,83.49365713420752,0.0,0.7119025417651226,1677,6667.564905431715,0.5231607629427792,0.21765056648777578,119.2296492,23.6641221374,0.0,0.8222793116521403,0.9347247531209889,0.7195590694818867,0.515552263902247,0.0,0.4952831108226754,0.0,0.48853508654492467,0.7580065243504812,0.8266735038255948,0.9340027010328343,0.2958015267175,0.17438692098092642,0.2478257344713225,0.0
1407000011289,0.0,0.0,1981.0725085256229,0.0,0.0,0.0,0.0,0.0,41,515.4562749046277,0.7083333333333334,0.07317073170731707,0.0,11.1111111111,0.0,0.0,0.6576371388479049,0.0,0.0,0.0,0.0,0.0,0.0,0.3815543977314836,0.5864994679419367,0.0,0.13888888888875,0.23611111111111113,0.08331515336620271,0.0
1412000013005,107.24383313285878,87.38386403418123,24131.81417634954,425.00333871169966,555.0,103.27183931312328,67.52389493550368,1.1931380429121043,1872,7435.572430544876,0.417108251324754,0.1372863247863248,125.745112,2.8662420382,0.0,0.7009477735486985,0.8741465792178493,0.7627074716544817,0.6611147169557479,0.6730311389441646,0.5187624769531504,0.6751951271842841,0.8187775191936585,0.7692294634509649,0.8369074859079431,0.9850425211993015,0.0358280254775,0.139036083774918,0.15631975979695123,0.0
1407000131452,110.38250883178662,41.187503295442774,35316.4598489747,217.47001739993783,20.0,90.6125072499741,8.237500659088553,1.2088129222073436,2965,4884.8378908395125,0.5671247357293869,0.20809443507588532,114.5738218,34.0028694405,0.0,0.7052249240302574,0.9071332542519726,0.6368459978365288,0.5881945417702169,0.3241786929076167,0.5043133191310082,0.3551164354816296,0.8295342282427568,0.816154473951497,0.7974692333867164,0.8975306037288471,0.42503586800625,0.1890415785764623,0.2369447368976762,0.0
1407000130327,258.1742071475223,84.92572603536918,56830.70357297006,485.7751529223117,20.0,261.57123618893706,3.397029041414767,0.953879368050342,3550,12059.453097022424,0.4525368248772504,0.20450704225352112,120.3104729,20.9862385321,0.0,0.8315961232128548,0.9483415362042252,0.7579072641612952,0.6756764167062826,0.3241786929076167,0.6218586578349239,0.23654434246846534,0.6545889532413554,0.8345310363102332,0.8823029801951247,0.9424694898048699,0.26232798165125,0.1508456082924168,0.232859986394215,0.0
1407000010045,225.65486219605134,137.6877125264042,48621.72737257266,986.7619397725634,720.0,432.18643098565764,91.79180835093614,1.1326489424832205,2546,9737.581002561808,0.5365117682558841,0.1453260015710919,122.0540866,18.7256176853,0.0,0.8115342674464775,0.9348279801573881,0.8393809351237342,0.7529470256870879,0.7007020107944888,0.6777476541423475,0.7236204919817796,0.7772675565521722,0.8006073561461594,0.8622269295137824,0.9561283399003364,0.23407022106625003,0.1788372560852947,0.16547406082289803,0.0
1407000430666,0.0,0.0,0.0,100.0,0.0,100.0,0.0,0.0,25,2500.0,0.14285714285714285,0.28,0.0,28.5714285714,0.0,0.0,0.0,0.0,0.5039475945017607,0.0,0.5152035003827543,0.0,0.0,0.33259789903174114,0.7345990491005866,0.0,0.3571428571425,0.047619047619047616,0.3188193202146691,0.0
1407000430971,146.6221661902046,16.29135179891162,45402.319627402445,146.6221661902046,0.0,48.87405539673487,0.0,1.0986122886681096,243,3958.7984871355243,0.51875,0.1728395061728395,118.535771,33.8461538462,0.0,0.7473749518946472,0.9288937613941983,0.4850567665415636,0.5453909398148057,0.0,0.43643249605928486,0.0,0.7539102869236126,0.561170174370232,0.7777394952758607,0.9285671057984587,0.42307692307749994,0.1729166666666667,0.19680204951522778,0.0
1407000200257,16.852328583375478,6.018688779776957,10901.934218438168,48.149510238215655,4720.0,0.0,0.0,0.6730116670092565,0,0.0,0.0,0.0,0.0,0.0,0.0,0.4312678771816039,0.8053206605565145,0.3316146330791248,0.42529957535887986,0.900791226312901,0.0,0.0,0.46184666256829926,0.0,0.0,0.0,0.0,0.0,0.0,0.0
1407000011240,91.04675877258023,28.662868502478965,32529.66536422688,5.058153265143346,0.0,0.0,0.0,0.6365141682948128,232,391.1638525044188,0.5163398692810458,0.1939655172413793,112.8526682,32.4324324324,0.0,0.6766934944506203,0.9000132960565119,0.5769027702672148,0.19670422888502623,0.0,0.0,0.0,0.4368006658944782,0.5564610858026175,0.5606518723358488,0.8840476980751047,0.405405405405,0.1721132897603486,0.2208569798285115,0.0
140700001069A,194.68065672062835,32.44677612010472,53556.954037415904,0.0,0.0,0.0,0.0,0.0,51,1654.785582125341,0.5,0.13725490196078433,0.0,33.3333333333,0.0,0.7895462539910951,0.9432021603770269,0.597334835235847,0.0,0.0,0.0,0.0,0.0,0.40335678947088405,0.6958794092687826,0.0,0.41666666666624996,0.16666666666666666,0.1562839804973868,0.0
1407000140844,174.87190171671352,50.68750774397494,42175.305904760746,309.1937972382471,525.0,114.0468924239436,25.34375387198747,1.276796187773716,1915,4853.3288664856,0.4719446579554189,0.2010443864229765,119.3159871,18.1443298969,0.0,0.7735759991561718,0.9225072993898723,0.6714088220743151,0.6264726446588059,0.6671250415669717,0.5297403760870469,0.5225039040653477,0.8761869771495474,0.7715465808838053,0.7968618025405206,0.9346790414594193,0.22680412371125,0.15731488598513962,0.2289172664726736,0.0
140700014083A,145.85422816135076,37.239377402898064,40560.410073004416,626.862852948784,80.0,332.05111517584106,40.34265885313957,1.0994176991340876,2095,6501.374638255954,0.5359237536656891,0.18711217183770884,118.6397882,21.2180746562,0.0,0.746594511719856,0.9191253890454049,0.6201241131214413,0.7034686396358847,0.46791797799195844,0.6484022265088477,0.594487053750945,0.7544629907680535,0.7807127693345073,0.8243041024109125,0.9293819395785271,0.2652259332025,0.17864125122189636,0.21305348367567384,0.0
1407000430647,96.99922496051215,0.0,15331.585505737323,113.16576245393085,20.0,48.499612480256076,0.0,0.6829081047004717,110,889.159562138028,0.5652173913043478,0.15454545454545454,119.9320469,21.4285714286,0.0,0.6860700485441916,0.8348548183552336,0.0,0.5173273466086278,0.3241786929076167,0.43559121306730597,0.0,0.4686379812675931,0.4807653278850411,0.6376114759257597,0.939505035002624,0.2678571428575,0.18840579710144925,0.17597170271588874,0.0
1407000201255,158.2437508455422,36.51778865666358,53708.91284738173,328.66009790997225,80.0,121.72596218887861,48.690384875551445,1.002675013359144,1558,18964.90490902729,0.521484375,0.15982028241335045,124.1534107,18.2978723404,0.0,0.7587142821065093,0.9434475874541429,0.616882020591117,0.6331187768825655,0.46791797799195844,0.536953496074608,0.6238634953075548,0.6880744142496067,0.7504974643984363,0.9248058189880936,0.972573698860122,0.228723404255,0.173828125,0.18197783498407433,0.0
1407000201221,130.06256643074641,32.515641607686604,33128.6018717695,40.644552009608255,40.0,16.257820803843302,8.128910401921651,1.3321790402101223,25,203.22276004804127,0.21052631578947367,0.32,0.0,25.0,0.0,0.7295712004107557,0.9015936564280499,0.5976848746061318,0.4072063826520018,0.39541864552742145,0.3179627291184947,0.3532276618219024,0.9141928347224669,0.33259789903174114,0.49939479943823684,0.0,0.3125,0.07017543859649122,0.3643649373881932,0.0
1407001111325,402.7123393520517,140.7067209784277,64612.46661652516,577.3827516011344,0.0,281.4134419568554,0.0,0.9073135000531047,3531,17132.256268097524,0.5006374840628984,0.1988105352591334,123.172273,27.8217821782,0.0,0.8979146394611158,0.9594578073699934,0.8430457999788535,0.6945052778430036,0.0,0.6299911456412289,0.0,0.6226336517535074,0.833983361268975,0.9152650719446479,0.9648878147865394,0.3477722772275,0.16687916135429948,0.22637371322439787,0.0
140700021076A,159.57876017788274,31.915752035576546,37409.63629332535,148.9401761660239,75.0,69.15079607708252,0.0,1.0315837194926705,489,2601.1337908994888,0.5186335403726708,0.17791411042944785,115.1959468,28.4671532847,0.0,0.7599635073180994,0.9121208302046123,0.5946112134106214,0.5470922301812333,0.46113356110959247,0.47451594925854,0.0,0.7079126876427978,0.6323465848201704,0.7383207628095045,0.9024041098934533,0.35583941605875,0.17287784679089027,0.2025801990846933,0.0
1407000431024,153.33782659491982,29.559099102635145,39422.18978004952,201.37136263670192,100.0,86.82985361399074,9.237218469573483,1.1921945742838271,1847,3412.2285026604445,0.5469011725293133,0.19761775852734165,118.2094983,20.6666666667,0.0,0.7540318802924081,0.9166598311126711,0.5819685130245352,0.5798362899834779,0.49141491559492917,0.4996061294672701,0.37152975566295027,0.818130074493117,0.7678577214946325,0.7637943141051553,0.9260112014146247,0.25833333333374997,0.18230039084310443,0.225015569414406,0.0
1407000011043,145.52026949562892,0.0,36109.26634152658,48.50675649854298,0.0,32.33783766569532,0.0,0.6365141682948128,61,986.3040488037071,0.8484848484848485,0.14754098360655737,0.0,50.0,0.0,0.7462538420332315,0.9090562758138437,0.0,0.4260903946192566,0.0,0.3914655123591798,0.0,0.4368006658944782,0.42131232437981364,0.6473358446763726,0.0,0.625,0.2828282828282828,0.1679961289187366,0.0
1407000130365,212.81643067691428,53.20410766922857,50488.06329576926,487.0222163567846,40.0,274.20578567987036,8.185247333727473,0.954483360412225,2953,12085.517688248614,0.5276771857216761,0.2045377582119878,118.6473879,23.0659025788,0.0,0.8028089681093924,0.9380907149820408,0.6794994202219546,0.6759558040698767,0.39541864552742145,0.6271050795671754,0.3542103503947228,0.6550034361845591,0.815740621356292,0.8825056622011056,0.9294414729276116,0.288323782235,0.1758923952405587,0.23289496082635106,0.0
1407000430505,80.91094865850195,64.72875892680156,31878.058303204496,56.637664060951366,0.0,32.36437946340078,0.0,0.6829081047004717,662,5356.3048011928295,0.5288683602771362,0.19939577039274925,116.1004665,33.9285714286,0.0,0.659236481864659,0.8982605657026711,0.7123072816914047,0.44269534422173384,0.0,0.39155435385091836,0.0,0.4686379812675931,0.6632135318893768,0.8061179512514537,0.9094897957828773,0.4241071428575,0.1762894534257121,0.22704008560820196,0.0
1407000431147,195.96551407152504,56.528513674478376,44883.027459734025,162.048405866838,0.0,94.21418945746396,7.537135156597117,1.0720234243416158,1853,6983.155722587228,0.532671629445823,0.2174851592012952,116.1901935,32.1353065539,0.0,0.790525559150159,0.9278973111585637,0.6896293984764577,0.5562439346209248,0.0,0.5086180501519844,0.3425226225623048,0.7356639787945983,0.7681886245407277,0.8310146987682296,0.9101926852144733,0.40169133192375,0.17755720981527434,0.24763739504762858,0.0
1407000140558,4.667520430986985,1.3335772659962815,1650.335330479332,12.668984026964674,1370.0,2.0003658989944224,0.0,0.9097077103274986,668,445.414806842758,0.2723809523809524,0.21706586826347304,124.0526272,2.3474178404,0.0,0.2595794293400788,0.6418232514044715,0.14421350512672934,0.2855587689741324,0.769131645367913,0.12265589344174797,0.0,0.6242766515392753,0.6641332092838597,0.5728164581575439,0.9717841967366894,0.029342723004999998,0.0907936507936508,0.2471599734341692,0.0
1407000130596,126.4652126127455,37.93956378382365,42939.456363175246,132.78847324338278,0.0,18.969781891911826,6.323260630637275,1.1424720168028526,443,2801.204459372313,0.5709219858156028,0.2054176072234763,110.6398891,45.3781512605,0.0,0.7254066615719437,0.9240626968887444,0.623212082593525,0.5346465899310544,0.0,0.3342562205053739,0.31802532335976763,0.7840085304655116,0.6222831087633269,0.7452752671605944,0.8667135729639742,0.56722689075625,0.19030732860520094,0.233896792482545,0.0
1407000200204,193.4372456015254,120.89827850095337,48123.46429711088,488.4290451438516,0.0,212.78097016167794,62.867104820495754,1.2832543201183122,1859,8989.995989330893,0.5414593698175788,0.1759010220548682,120.6855713,18.1086519115,0.0,0.7885923969669875,0.9339357228323255,0.8174208884938594,0.676270128951456,0.0,0.5989100464406584,0.6639538487748777,0.8806187976007895,0.7685184584313373,0.8547281570262698,0.9454078773712496,0.22635814889375,0.1804864566058596,0.2002880152735664,0.0
140700014044A,124.5677248771203,22.200188591962032,34540.829475032995,85.10072293585446,155.0,45.63372099458862,7.400062863987344,1.2256585772694053,2379,2934.1249255709818,0.5518590998043053,0.17654476670870115,116.092479,24.4791666667,0.0,0.723162402412247,0.905209655723572,0.535082735666863,0.48651979365223635,0.5377052569945776,0.4289332680950588,0.3399372336093537,0.8410943689514067,0.7936844912637512,0.7496262418299202,0.9094272245464059,0.30598958333375,0.18395303326810175,0.20102100896259084,0.0
140700001012A,95.51643530978406,24.4344369397122,29402.78604219022,62.196748573812876,40.0,28.87706183784169,4.442624898129491,1.1497943670001345,1866,4144.969029954815,0.4532710280373832,0.19989281886387997,120.7135384,15.3100775194,0.0,0.6837886753617439,0.8912591422220674,0.5507299814824146,0.4527496397867899,0.39541864552742145,0.37923022377609544,0.2706192787871638,0.7890334106667704,0.7689019225271791,0.7820528976009447,0.9456269616939439,0.1913759689925,0.15109034267912771,0.22760604509277207,0.0
1407000130083,197.749600617403,98.8748003087015,48272.83777036839,547.1072283748149,275.0,227.41204071001343,52.73322683130746,1.270081589323545,2845,9376.626895941858,0.5262875536480687,0.17785588752196838,120.0294834,15.4910096819,0.0,0.7918748300909457,0.9342041771466261,0.7835086001716645,0.688634424263167,0.5984564881799508,0.6063001163382221,0.6363573575277263,0.8715791597271861,0.8119384515161147,0.8586810120108822,0.9402683179174846,0.19363762102374998,0.17542918454935622,0.20251390412832357,0.0
1407000131429,172.07733585698313,49.87748865419801,42233.195630520204,511.2442587055296,140.0,244.39969440557024,19.950995461679202,1.1397056118741948,3317,8272.18149329874,0.5384972170686456,0.1863129333735303,117.5009185,24.1602067183,0.0,0.7711792403845713,0.92262611432217,0.6687206853483694,0.6812452755826423,0.5269406107501234,0.6143084015518518,0.4859192297743966,0.7821101162979077,0.8276029290441254,0.8469164931808433,0.9204604390703762,0.30200258397875,0.1794990723562152,0.21214343844767805,0.0
1407000140488,172.64089266821128,56.60357136662665,45537.465988891076,172.64089266821128,95.0,73.58464277661464,0.0,1.0796963481135544,2035,5759.413386554262,0.5710955710955711,0.2058968058968059,117.1853577,32.7868852459,0.0,0.771665674869225,0.9291512198413993,0.6898512922614531,0.5631169021290385,0.48600871268064083,0.48135770326554767,0.0,0.7409294361557737,0.7777478900659155,0.8129291503431326,0.91798844790444,0.40983606557375,0.19036519036519037,0.23444242746568328,0.0
1407000131471,178.75952234023515,77.84688876107015,37789.39938280653,533.3953489184436,100.0,256.6064111013053,14.416090511309285,1.053673598703466,2192,6320.014080157991,0.5127674258109041,0.17563868613138686,120.3017687,21.4920071048,0.0,0.7768476277404798,0.9129957305081574,0.7432757073768923,0.6858679693138525,0.49141491559492917,0.6197276197606065,0.43691908569547666,0.7230716180003937,0.7853309965685268,0.8216483000126474,0.9424013041952931,0.26865008880999997,0.17092247527030136,0.1999893089850228,0.0
1407001111310,415.6116085409555,63.39838096387457,50444.50219819436,309.9476402678312,0.0,98.61970372158267,0.0,0.8471388415833785,1995,14053.30778032553,0.48106904231625836,0.21654135338345865,122.3753648,29.1438979964,0.0,0.9026209270230967,0.9380159454145836,0.7088273675422001,0.626737691699521,0.0,0.5136673584678529,0.0,0.5813394713584918,0.7757223573373763,0.8966671399597896,0.9586451191460726,0.364298724955,0.1603563474387528,0.2465627395859954,0.0
140700013005A,254.239267203067,223.73055513869895,69532.78531857875,1088.1440636291268,20.0,528.8176757823793,40.678282752490716,1.03837813195696,1352,13749.259570341863,0.5191011235955056,0.19600591715976332,118.7644516,14.2441860465,0.0,0.8293068523082143,0.9658151009323864,0.9215244393338651,0.7636159877928467,0.3241786929076167,0.7002267686952939,0.59577849866232,0.7125752765317679,0.7360301661403226,0.8946137549624783,0.9303585083523279,0.17805232558125,0.17303370786516856,0.2231802616676017,0.0
1407000010098,137.51804245811547,104.18033519554203,44121.56812926953,200.0262435754407,0.0,83.34426815643363,12.501640223465044,1.1648389326450816,1971,8213.577626816534,0.4272266473569877,0.17148655504819887,121.3100921,15.9857904085,0.0,0.7378498677691292,0.9264151307670031,0.7923170950202352,0.5791080720907752,0.0,0.49508556201341936,0.41573918717499475,0.79935757408549,0.7744874612260563,0.8462490823826788,0.9503001513816574,0.19982238010625,0.14240888245232922,0.19526152466579352,0.0
1407000131486,176.72579515079184,93.18269198859933,47436.86389556621,343.8120014751769,100.0,186.36538397719866,12.85278510187577,1.0369313897986199,3763,12091.257584589632,0.5327902240325866,0.19532288068030826,119.9896917,18.4357541899,0.0,0.7751450689550771,0.9326909481411869,0.7735220939062413,0.6380256927131398,0.49141491559492917,0.5841865119782514,0.4198401978075743,0.7115824660498999,0.8404777031643195,0.8825502377318099,0.9399566038805142,0.23044692737375,0.17759674134419554,0.2224025287173814,0.0
1407000130238,36.511924132766566,10.60023603854513,9956.064093142302,97.75773235547176,5150.0,11.778040042827923,0.0,0.933112956287872,1123,1322.6738968095758,0.4342273307790549,0.2226179875333927,121.6993887,15.9090909091,0.0,0.5423755305917995,0.7974596008487571,0.4171229297631155,0.5014960802750792,0.910073053424369,0.2844125993982132,0.0,0.6403382374868484,0.7171007616560784,0.674861869106828,0.9533497626012037,0.19886363636374998,0.1447424435930183,0.2534818409034069,0.0
1407000430990,39.36302018164899,39.36302018164899,16058.940405513495,0.0,0.0,0.0,0.0,0.0,75,2952.2265136236742,0.5531914893617021,0.18666666666666668,114.198658,45.0,0.0,0.5533370611039348,0.8388696171534636,0.6293222022969308,0.0,0.0,0.0,0.0,0.0,0.442096418395461,0.7502034747436589,0.8945917038421085,0.5625,0.1843971631205674,0.21254621347644603,0.0
1407000011274,98.71988173708893,0.0,39811.07512070641,98.71988173708893,0.0,49.35994086854446,0.0,0.6931471805599453,40,1974.3976347417783,0.7391304347826086,0.0,0.0,14.2857142857,0.0,0.6886745195003741,0.9175101317226751,0.0,0.5025547651344947,0.0,0.43751479697011614,0.0,0.4756644315437017,0.3790944353167813,0.7124495832416232,0.0,0.17857142857125,0.24637681159420288,0.0,0.0
1407000140280,213.03942149546953,101.88841897609413,51895.13282044938,412.18496767601715,60.0,129.676169605938,32.4190424014845,1.234107386786627,1558,7215.55258021612,0.4493023255813953,0.17843388960205392,120.4803202,16.0975609756,0.0,0.8029649422098479,0.9404717823285952,0.7885677476668118,0.6577786134232392,0.4377230725854981,0.5439605668670704,0.5605021024938153,0.8468922691505877,0.7504974643984363,0.8340878630977255,0.9438000131942076,0.201219512195,0.14976744186046512,0.20317204066495048,0.0
1407000211113,187.93245575853632,50.71193250627171,44750.8116440611,328.136033864111,40.0,143.18663295888481,2.9830548533101005,1.0824008318875509,2252,6717.839529654347,0.5043420173680695,0.2033747779751332,119.4885197,18.6948853616,0.0,0.7842948982830106,0.9276417658099038,0.6714892225107132,0.6329450505137567,0.39541864552742145,0.5549437988225743,0.2207505349419513,0.7427853576296777,0.7880864540110764,0.8273786534108034,0.9360306005346783,0.23368606702,0.1681140057893565,0.2315707445101472,0.0
1407000140825,164.96130469135622,53.023276507935925,42596.225179483336,297.519495961196,175.0,138.44966643738826,20.620163086419527,1.2128331833005406,3050,8984.499630511365,0.522977022977023,0.18754098360655738,118.9250816,20.8994708995,0.0,0.7648969880795423,0.923367516455998,0.6789307208436243,0.6222837089727506,0.550549643662534,0.551214693568067,0.49094107726578456,0.8322930870554089,0.819038859792918,0.854670745800289,0.9316168266890299,0.26124338624375,0.17432567432567433,0.21354174609226076,0.0
1407000200191,125.71292071034469,35.49541290645026,33038.19195696371,372.7018355177278,350.0,143.46062716356982,19.226681990993892,1.1250670787734227,2953,4367.414763031152,0.4575518262586377,0.19776498476125973,121.1171122,20.4398447607,0.0,0.7245209090154222,0.9013569396410324,0.6121801008258878,0.6468113940750431,0.6240525587174963,0.5551557324259692,0.48029946927485095,0.7720645881311661,0.815740621356292,0.7869596761831749,0.9487884154245826,0.25549805950875004,0.1525172754195459,0.2251832071566043,0.0
1407000430897,169.06104369403056,93.36206890565867,47450.95544917781,242.23671932279007,135.0,108.50186386333304,5.046598319224793,1.088632933984576,2773,6997.108569605175,0.5326327433628318,0.1997836278398846,116.6520053,29.9715909091,0.0,0.7685484984890795,0.9327166760925425,0.7738459100206929,0.59992058151373,0.5230961742410409,0.5242258627886627,0.28742805085781353,0.7470620673739329,0.8093226457556251,0.83120207402178,0.913810354740996,0.37464488636375004,0.1775442477876106,0.22748171577833012,0.0
1407000010539,86.01408982230059,24.575454234943027,29299.21244173396,24.575454234943027,0.0,12.287727117471514,0.0,0.6931471805599453,142,1744.8572506809548,0.49473684210526314,0.22535211267605634,119.4630523,15.7894736842,0.0,0.6682800261022144,0.8909534757627731,0.5516709288458366,0.35396977895187387,0.0,0.2887789059510393,0.0,0.4756644315437017,0.5066245514774614,0.7008525161166971,0.9358310979734624,0.19736842105250002,0.16491228070175437,0.25659502632971354,0.0
1407000431132,196.2938698905305,80.82688760198315,50058.856744758414,196.2938698905305,20.0,80.82688760198315,28.86674557213684,1.3026341504234107,1023,5906.136144059197,0.5787037037037037,0.17888563049853373,116.8061097,27.0676691729,0.0,0.7907748037305357,0.9373511820559819,0.7495891630917606,0.5770616372613735,0.3241786929076167,0.491702949788972,0.5425519523652204,0.893917987475646,0.7075889043914287,0.8152905390687197,0.9150175538463091,0.33834586466125,0.19290123456790123,0.20368641111326782,0.0
1407000140948,228.94050372197822,0.0,57848.43008600195,76.3135012406594,0.0,0.0,0.0,0.0,32,2442.032039701101,0.34782608695652173,0.09375,0.0,14.2857142857,0.0,0.813687838081884,0.949879040924509,0.0,0.47476504990588947,0.0,0.0,0.0,0.0,0.3569357308235414,0.7323973730985842,0.0,0.17857142857125,0.11594202898550725,0.10674754025044722,0.0
1407000430308,158.20561980815629,108.76636361810745,50879.356094428185,346.0747933303419,500.0,168.09347104616606,6.591900825339845,1.052697040861174,2588,8529.91966798976,0.5732522796352584,0.1955177743431221,116.6212248,33.5453100159,0.0,0.7586784476210351,0.9387594637555632,0.7995801296309691,0.6387399315135084,0.6619400189667066,0.5727318791516481,0.3237797001937253,0.7224014662000962,0.8022769833230451,0.8497967040439449,0.9135692312425034,0.41931637519875,0.1910840932117528,0.22262444252128302,0.0
1407000140219,164.5459271883198,27.01500297121669,37167.16389942057,157.17819910526072,160.0,66.30955274753187,7.367728083059096,1.0952477962500622,1547,3799.291781497474,0.45258215962441317,0.19392372333548805,119.9175793,17.0157068063,0.0,0.7645220037347802,0.9115575631067663,0.5671758133760767,0.5529326119925,0.5410645048185279,0.469900450897472,0.3393212021291362,0.7516014419649261,0.7497746300273904,0.7738793814608916,0.9393917009655942,0.21269633507875,0.1508607198748044,0.22080939159756374,0.0
1407000010717,128.44989166555814,44.95746208294535,35290.06947802088,64.22494583277907,0.0,19.267483749833723,6.422494583277907,1.1682824501765625,826,2652.4902628937757,0.518450184501845,0.19491525423728814,121.1785042,18.7214611872,0.0,0.7277185785418382,0.9070685020868502,0.6514123348996261,0.4561990133746869,0.0,0.3359081319564845,0.32017517317478134,0.8017206491365917,0.6857770178373132,0.7401556589083925,0.9492693385356255,0.23401826484,0.17281672816728166,0.22193838876929142,0.0
1407000430628,28.35142416581846,0.0,18705.96108606043,56.70284833163692,0.0,0.0,0.0,0.0,48,1360.868359959286,0.4838709677419355,0.14583333333333334,0.0,23.0769230769,0.0,0.5056674231411461,0.8520855727219373,0.0,0.44281876642824436,0.0,0.0,0.0,0.0,0.39729063870732495,0.6775325651805783,0.0,0.28846153846125,0.16129032258064516,0.16605172927847348,0.0
1407001111490,300.0,0.0,56169.18559451026,600.0,0.0,200.0,100.0,1.0114042647073516,278,27800.0,0.4603174603174603,0.18345323741007194,119.0692661,43.3734939759,0.0,0.8539829755403693,0.9473273286194617,0.0,0.6986938940561321,0.0,0.5920281479667925,0.7371592953055559,0.6940647644909407,0.5748538098180271,0.9607102213685552,0.9327463168229911,0.54216867469875,0.15343915343915343,0.2088872730080694,0.0
1407000211005,210.7184891971444,36.330773999507656,43500.250442015546,192.55310219739056,680.0,72.66154799901531,0.0,0.9432942700259782,1887,3427.8085268535474,0.5170691090757702,0.17594064652888183,117.8025966,26.1954261954,0.0,0.8013335176597927,0.9251866601719402,0.6160315891183784,0.5749713808026372,0.6946245083647051,0.47996744937740904,0.0,0.6473250491589266,0.7700437472180942,0.7642218870547653,0.9228236780980262,0.3274428274425,0.1723563696919234,0.20033313330166955,0.0
1407000431081,100.0,0.0,44939.80391816924,0.0,0.0,0.0,0.0,0.0,92,9200.0,0.5,0.20652173913043478,116.2877474,34.7826086957,0.0,0.6905831793356683,0.9280068171524962,0.0,0.0,0.0,0.0,0.0,0.0,0.462703621879349,0.8568958276562347,0.9109568877992132,0.43478260869624996,0.16666666666666666,0.23515400171113013,0.0
1407000641306,250.98193043427437,7.491997923411175,54707.34167146955,168.56995327675145,500.0,116.12596781287321,14.98399584682235,0.8061151183601075,3063,11473.994819704214,0.4620525059665871,0.20959843290891284,122.135569,19.8637911464,0.0,0.8273849372831357,0.9450430731761069,0.36404264847187867,0.5605263858425258,0.6619400189667066,0.5317397597957357,0.4426973946927955,0.5531874041870728,0.8194729031301657,0.8776311198717918,0.9567666440654269,0.24829738933,0.15401750198886235,0.23865724963599824,0.0
1407000011217,51.132073556857925,8.522012259476321,13318.200613588722,8.522012259476321,0.0,0.0,0.0,0.0,75,639.1509194607241,1.2058823529411764,0.13333333333333333,0.0,37.5,0.0,0.5916236014965769,0.8226605027278805,0.38352552457736633,0.24608228938412796,0.0,0.0,0.0,0.0,0.442096418395461,0.6066578549682357,0.0,0.46875,0.40196078431372545,0.15181872391174717,0.0
1407000211185,61.68812545586708,6.854236161763009,14486.113117910576,99.38642434556364,230.0,41.12541697057806,0.0,1.0588032571034944,496,1699.8505681172262,0.554858934169279,0.18346774193548387,114.2436672,27.7777777778,0.0,0.6192150336460669,0.8299414588924051,0.3507562426315804,0.5032822116595176,0.5795049620240298,0.4175831659777901,0.0,0.7265917881969914,0.6337946020111288,0.6984004962641213,0.894944289919929,0.3472222222225,0.18495297805642633,0.20890378844711177,0.0
1407001111344,708.6882319409895,139.74134150949087,77192.74655031551,129.75981711595583,0.0,39.92609757414025,9.981524393535063,1.2047933096947843,1579,15760.827017391865,0.5009505703422054,0.18492716909436352,117.7072463,40.4166666667,0.0,0.9823271637450641,0.9748677547561572,0.8418824580279389,0.5321462658262617,0.0,0.4143588080481206,0.38274008423631456,0.8267758145112489,0.75186336786463,0.9074322006081211,0.9220767377325899,0.50520833333375,0.16698352344740178,0.21056555121388618,0.0
1407000200793,42.296126445045495,0.0,6441.962734186604,0.0,0.0,0.0,0.0,0.0,62,874.1199465309403,0.631578947368421,0.12903225806451613,0.0,37.5,0.0,0.5638338232081561,0.759752911473333,0.0,0.0,0.0,0.0,0.0,0.0,0.4229456952310189,0.6360116949489998,0.0,0.46875,0.21052631578947367,0.14692134572104565,0.0
1407000140469,126.03023943633542,14.703527934239132,31085.546697457987,134.43225539875777,160.0,56.71360774635094,0.0,1.0016277261245379,1273,2673.9415800409165,0.4819557625145518,0.20502749410840534,118.5621969,16.1290322581,0.0,0.72489516135953,0.896079889769909,0.4686645528647095,0.5359800299617665,0.5410645048185279,0.452730144838336,0.0,0.6873557252019077,0.7298885377390661,0.74091159252453,0.9287741169080513,0.20161290322625,0.16065192083818394,0.2334525939177102,0.0
140700043090A,149.0367777122913,60.71868721611868,48704.005747337214,193.19582296037763,0.0,115.91749377622658,0.0,0.83705819432462,1296,7153.765330189983,0.5576923076923077,0.18904320987654322,116.3484373,25.8566978193,0.0,0.7498026842354593,0.9349744388473079,0.7015942935906024,0.5753333773687171,0.0,0.5315408842740449,0.0,0.5744217409219973,0.731715051270942,0.8332805691260933,0.9114323109083623,0.32320872274125,0.1858974358974359,0.2152522416572804,0.0
1407001111359,378.9222657802619,64.34529041551617,52184.906787349675,357.4738356417565,100.0,185.8863945337134,42.89686027701078,1.2290383902301556,2000,14298.953425670261,0.5048908954100828,0.218,120.8919147,37.5,0.0,0.8888264243168982,0.9409541193969508,0.7113115084084208,0.6422686054585752,0.49141491559492917,0.5839007607797733,0.6040623557910898,0.8434137274596539,0.7759777577716613,0.898293918232024,0.9470242982383195,0.46875,0.16829696513669426,0.2482236135957066,0.0
1407000210740,177.101360090944,12.880098915705018,36959.64305598473,19.32014837355753,0.0,12.880098915705018,3.2200247289262545,0.8675632284814612,409,1316.9901141308383,0.6294820717131474,0.17603911980440098,116.1197103,26.8817204301,0.0,0.7754609394500735,0.9110725630458741,0.4476589784544793,0.32885275332463854,0.0,0.2936478421028614,0.22998146292557425,0.5953554764090454,0.6141503814296267,0.6744578635686915,0.9096405448733823,0.33602150537625,0.2098273572377158,0.200445258954385,0.0
1407000431039,150.78156124832662,26.8056108885914,40126.7452518978,211.09418574765726,80.0,120.62524899866129,20.10420816644355,1.1328496806224113,1259,4218.533013592071,0.5428921568627451,0.19301032565528198,117.2953302,26.4984227129,0.0,0.7515327543852804,0.9181942615496418,0.5658990396848105,0.5849603706546465,0.46791797799195844,0.5359477499528922,0.4870830482737539,0.7774053108351662,0.7287605317830073,0.7837041413561726,0.9188499333883655,0.33123028391125,0.1809640522875817,0.2197693600708175,0.0
1407001111378,72.54369397101412,24.181231323671373,5532.351830832652,386.89970117874196,135.0,193.44985058937098,0.0,0.6931471805599453,0,0.0,0.0,0.0,0.0,0.0,0.0,0.6431128765794111,0.7465692639579724,0.5490272811470924,0.6508831139713724,0.5230961742410409,0.5883296509969291,0.0,0.4756644315437017,0.0,0.0,0.0,0.0,0.0,0.0,0.0
1407000210721,226.35528316676937,88.76677771245858,53041.04444357129,62.136744398721,0.0,44.38338885622929,0.0,0.7963116401738131,632,2805.030175713691,0.46296296296296297,0.1930379746835443,119.2719472,23.3918128655,0.0,0.8119959642548992,0.9423636938266005,0.765349653136223,0.45264591194926174,0.0,0.42589931200574765,0.0,0.5464598778991236,0.6584865995021648,0.7454033566286037,0.9343340485333375,0.29239766081875,0.15432098765432098,0.21980084237222888,0.0
1407000140346,199.94681762458652,48.96656758153139,46037.82152735981,195.86627032612557,60.0,85.69149326767993,8.161094596921899,1.0917193478065714,1948,7948.906137401929,0.4635612321562735,0.19815195071868583,119.5193715,21.8934911243,0.0,0.7935199971889485,0.9300978082947888,0.6656460862518166,0.5768247198130702,0.4377230725854981,0.49814978833181955,0.3537897928662811,0.7491800840337743,0.7732898343770327,0.8431743246591686,0.936272282572033,0.27366863905375,0.15452041071875783,0.2256238222405072,0.0
1407000140223,136.35745789475948,46.87287615132357,40078.76576515646,899.1069879935702,100.0,426.1170559211233,25.5670233552674,1.0377075007929313,2129,9072.032120560716,0.5003523608174771,0.17144199154532644,118.9654356,21.9101123596,0.0,0.7365908578166251,0.9180906265249322,0.6583613933941868,0.7427997532903388,0.49141491559492917,0.676172492046418,0.523851923331663,0.7121150634625096,0.7823554167089899,0.8555809042617725,0.931932945584375,0.273876404495,0.16678412027249237,0.19521078285975005,0.0
1407000130401,24.229168506053366,1.730654893289526,8585.193367627147,57.11161147855436,845.0,13.845239146316208,1.730654893289526,1.1411020146415831,520,449.97027225527677,0.543026706231454,0.1596153846153846,119.636263,13.3928571429,0.0,0.4830216353097927,0.7846283352305616,0.17095590782563141,0.4435895688619594,0.7177259488846433,0.301152217101523,0.1604523821237253,0.7830683819407387,0.6386088614852388,0.5737696589696178,0.9371879690431442,0.16741071428625,0.18100890207715134,0.18174453006742808,0.0
140700021101A,131.54417377724943,10.262311429430808,32795.42794090333,277.0824085946318,955.0,124.0806745558452,13.06112363745739,1.1240526204705001,3646,3401.489770154975,0.5383966244725739,0.18403730115194733,119.4367073,20.4909284952,0.0,0.7312532706639614,0.9007181008223107,0.4120917125283729,0.6145398538612389,0.7307418274959394,0.5390750972980406,0.4222245220401902,0.7713684275674102,0.8372541808389012,0.7634984661873674,0.9356247206057203,0.25613660619,0.17946554149085794,0.2095523115978792,0.0
1407000011058,74.49660690460098,6.208050575383416,18941.964079598652,68.28855632921757,0.0,49.664404603067325,0.0,0.5859526183035508,1176,7300.667476650897,0.5412844036697247,0.17006802721088435,119.1061689,29.9120234604,0.0,0.6470345097330336,0.8531715607258055,0.33614526600613326,0.4627985081206493,0.0,0.43818767538028475,0.0,0.40210337272344704,0.7218042667747205,0.8351887024334831,0.9330354002439938,0.373900293255,0.18042813455657492,0.19364633152008567,0.0
1407000010100,135.770665307312,79.69147746298746,44223.17051030514,563.743414645578,450.0,230.21982378196378,38.369970630327295,1.154094788279052,2763,8155.094527045717,0.4660609299839658,0.17987694534925805,122.1889476,14.1909814324,0.0,0.7359502464580189,0.9266143721283646,0.7472112081061253,0.6918994121461917,0.6507449146438345,0.6076640227746676,0.5866777601730202,0.79198452624569,0.808953979770483,0.8455782832638743,0.9571847930486025,0.17738726790499998,0.1553536433279886,0.2048151622805058,0.0
1407000140276,59.30845623661108,20.33432785255237,16278.477802201278,99.1298482811928,830.0,31.34875543935157,4.236318302615077,1.1371161036976951,3007,2547.721827192707,0.49008919722497524,0.21050881277020286,118.4742744,22.1614227086,0.0,0.6134242052655682,0.8400457298115716,0.5208140808267971,0.5030027648992844,0.7158210801125382,0.38810338438212083,0.26444697675210116,0.7803330955304605,0.8175898866251995,0.7363736034374333,0.9280853632881877,0.2770177838575,0.1633630657416584,0.2396938449521183,0.0
1407000210736,171.44536376368382,37.27073125297475,40456.17199252427,296.3023134611492,315.0,128.58402282276288,11.181219375892423,1.105486474044395,2541,4735.246405690441,0.47246376811594204,0.1778827233372688,120.7452683,17.816091954,0.0,0.77063186565168,0.9189024901316291,0.6202635951717969,0.6218375678729716,0.6128675434919894,0.5430236488989647,0.3993007555782381,0.7586276190733234,0.8004067596965949,0.7945497939286074,0.9458755224546469,0.22270114942500002,0.157487922705314,0.20254446047257885,0.0
1407000430492,101.0544651173497,11.228273901927743,37931.410162180124,134.73928682313291,80.0,61.75550646060259,11.228273901927743,1.2380167995379123,1333,7483.644555634841,0.5572429906542056,0.2010502625656414,117.0302779,29.5454545455,0.0,0.6921373063968549,0.9133206389879224,0.4260958906686601,0.5362272998472115,0.46791797799195844,0.4620798500469547,0.3999165722933063,0.8495750595393585,0.7345864602721259,0.8375124329275369,0.916773607862156,0.36931818181875,0.18574766355140185,0.2289239572862804,0.0
1407000430806,181.20049637001924,27.180074455502886,44441.11964616703,135.90037227751444,20.0,45.30012409250481,6.040016545667308,1.180504817501159,819,2473.386775450763,0.5027522935779817,0.21245421245421245,116.3108456,25.0,0.0,0.7788658643783596,0.9270402287786502,0.5681756321132803,0.5371573580033039,0.3241786929076167,0.4281318194069614,0.3117248684367178,0.810108110802202,0.6849092718687696,0.7335946610051648,0.911137830889575,0.3125,0.16758409785932724,0.24190895568355317,0.0
1407001111363,90.1350929599201,66.09906817060806,29245.838445286878,240.36024789312026,0.0,120.18012394656013,0.0,0.9985793315873921,3506,21067.57572783199,0.6514366462552991,0.1351968054763263,121.7004442,34.6456692913,0.0,0.6752040656235165,0.8907955362608226,0.7158187695159044,0.5990749215679381,0.0,0.5355384421862834,0.0,0.6852637988473044,0.8332582303585412,0.9346768761179433,0.9533580310131093,0.43307086614125,0.21714554875176637,0.15394054863270426,0.0
1407000210967,37.33051197923342,4.1478346643592685,17666.917369570147,33.18267731487415,175.0,16.591338657437074,0.0,1.0397207708399179,912,3782.825213895653,0.6341911764705882,0.15570175438596492,120.9977848,23.4567901235,0.0,0.5456057559961961,0.847135445306686,0.2788578531129958,0.385645681466567,0.550549643662534,0.3200995385575263,0.0,0.7134966473155525,0.6958762595527559,0.773471695737214,0.9478536469785205,0.29320987654374997,0.2113970588235294,0.17728831246273108,0.0
1407000011062,213.89189572922197,21.3891895729222,42166.081189346885,278.0594644479886,0.0,64.16756871876659,0.0,0.7902679680745903,26,556.1189288959772,0.25,0.11538461538461539,0.0,33.3333333333,0.0,0.8035597231211586,0.9224883511930919,0.5290272536571986,0.6149228429153183,0.0,0.4662901869927748,0.0,0.5423124761147133,0.3364505638160346,0.5936148433646721,0.0,0.41666666666624996,0.08333333333333333,0.13138158800055044,0.0
1407000431202,139.98868306309382,16.469256830952215,39822.153157179055,27.448761384920356,0.0,19.21413296944425,0.0,0.6108643020548935,751,2061.401980007519,0.5228215767634855,0.1904127829560586,118.0507108,31.2169312169,0.0,0.7404952691069805,0.9175342320815383,0.48679877753788303,0.36559592859546336,0.0,0.33561388706371864,0.0,0.41919873460720514,0.6760721057469139,0.7164961822565138,0.924767316568151,0.39021164021125,0.17427385892116184,0.21681169293654973,0.0
1407000200933,247.6367742511722,41.2727957085287,57640.60696991216,247.6367742511722,0.0,103.18198927132174,0.0,1.077556327066801,397,8192.649948142947,0.4758364312267658,0.2040302267002519,120.2057736,20.5882352941,0.0,0.8253851733272358,0.9495672869598303,0.6371897173390166,0.602318279799138,0.0,0.5186662417009925,0.0,0.7394608708593338,0.6111179752890519,0.8460095929325747,0.9416493126958003,0.25735294117624996,0.15861214374225527,0.23231706492792545,0.0
140700111133A,359.0182101508994,40.90080875136828,61779.36782688259,124.97469340695864,0.0,93.16295326700553,0.0,0.6995306470204159,7492,17023.82550918062,0.5608333333333333,0.20034703683929525,118.8684933,41.6964285714,0.0,0.880774262017892,0.9555738493794484,0.6356855337193975,0.5280753554397205,0.0,0.5073786745026884,0.0,0.48004501337445393,0.9107608690874069,0.9146690156949101,0.9311735340566898,0.5212053571424999,0.18694444444444444,0.22812323604331203,0.0
1407000010702,127.10780465159344,21.346348872786685,34333.032562584165,92.17741558703341,115.0,33.960100479433365,1.940577170253335,1.1024208004516294,2580,2503.3445496268023,0.5366289458010721,0.18992248062015504,119.4734305,23.7897648686,0.0,0.726159122927895,0.9046869716034451,0.528701304199043,0.49514483214008725,0.5061590729886817,0.39676972675303385,0.17228246725148322,0.7565238351617689,0.8019610573445163,0.7347245163839532,0.9359123971041476,0.2973720608575,0.17887631526702405,0.21625341487429103,0.0
1407000010134,184.3680594069899,45.52297763135552,42690.383934070094,163.8827194728799,60.0,72.83676421016884,6.8284466447033285,1.1297639710472,3428,7802.638366014337,0.4306020066889632,0.17882147024504083,122.6720065,15.9663865546,0.0,0.7814449194193505,0.9235587815839393,0.6534936906494516,0.5574655311872603,0.4377230725854981,0.4802326736046473,0.328680460711348,0.775287777456734,0.8309621378810618,0.8414308742290572,0.9609689048059147,0.1995798319325,0.1435340022296544,0.20361335565468422,0.0
1407000011503,353.1035844395488,10.700108619380266,57361.99096559391,160.501629290704,40.0,107.00108619380266,21.400217238760533,0.9881542242901942,2955,15809.410485134344,0.6182913472070098,0.18071065989847715,118.6524708,40.3263403263,0.0,0.8782955398250969,0.9491475689058423,0.4185818542953984,0.5552031004541839,0.39541864552742145,0.5226852842128393,0.49660248875103646,0.6781096865961402,0.8158097134065337,0.9077211423293656,0.9294812905598947,0.50407925407875,0.20609711573566994,0.20576446337277407,0.0
1407000010115,105.60620152589252,30.3617829386941,29393.68470035253,281.1765115626888,1170.0,104.28612400681887,18.48108526703119,1.1341247282933198,2349,3100.862092304019,0.4437615242778119,0.19199659429544488,122.7342438,14.7919876733,0.0,0.6986666324998848,0.8912323255214081,0.5863809442716515,0.6161357698934373,0.7523417388621583,0.5198431264322073,0.4743003448737482,0.7782802979123463,0.7923895457768905,0.7548136378666364,0.9614564496967622,0.18489984591625,0.14792050809260396,0.21861508456001907,0.0
1407000010581,168.3602160895194,0.0,10315.660350372236,168.3602160895194,20.0,0.0,168.3602160895194,0.6931471805599453,85,7155.309183804576,0.4166666666666667,0.15294117647058825,123.1852882,17.8571428571,0.0,0.7679305735534848,0.8005328170815339,0.0,0.5603912415864543,0.3241786929076167,0.0,0.8197233546708254,0.4756644315437017,0.45471536371089105,0.833300825450392,0.9649897712381102,0.22321428571375002,0.1388888888888889,0.1741450068399453,0.0
1407000010399,136.75095214590124,48.2650419338475,43020.78956407491,128.70677849025998,150.0,48.2650419338475,24.13252096692375,1.3421257227487469,710,5711.363295505287,0.45491803278688525,0.19295774647887323,121.3648968,19.3370165746,0.0,0.7370189110345006,0.9242266147147877,0.6632398016441202,0.5312633344309716,0.5342365683685463,0.4350609413038501,0.5149857882024588,0.9210186333813584,0.6703489071899981,0.8121427295680382,0.9507294719254378,0.2417127071825,0.15163934426229508,0.21970949129481718,0.0
1407000010384,83.76753553486458,30.714763029450346,31245.452111455932,226.17234594413435,60.0,86.55978671936006,19.545758291468402,1.2029042152880303,1222,3412.1309474534837,0.49206349206349204,0.18985270049099837,122.4773142,14.2857142857,0.0,0.664365962156326,0.8965243286504603,0.5882856727719437,0.5924597137199733,0.4377230725854981,0.49926233925296126,0.482799498031277,0.8254794447901818,0.7257179469124946,0.7637916306887812,0.9594437545157779,0.17857142857125,0.164021164021164,0.2161739603980688,0.0
1407000010685,72.0426640334698,72.0426640334698,28652.149209645784,115.26826245355169,175.0,28.81706561338792,14.40853280669396,0.9002560512685369,300,4322.559842008189,0.5706806282722513,0.17333333333333334,119.1346006,21.5189873418,0.0,0.642089972858837,0.88901904993118,0.7302628076025438,0.5193200092400798,0.550549643662534,0.3790058261732568,0.43684076068891226,0.6177905571577126,0.5826017926254107,0.7859906795535344,0.9332581240779825,0.2689873417725,0.19022687609075042,0.19736434108527132,0.0
1407000010914,155.73992069011666,32.78735172423509,33993.575376846806,49.18102758635263,0.0,24.590513793176314,0.0,0.6931471805599453,250,2049.209482764693,0.49700598802395207,0.176,120.8328163,13.0434782609,0.0,0.7563428414588607,0.9038262713085645,0.5990589799479272,0.4275675682428421,0.0,0.361941573814689,0.0,0.4756644315437017,0.5640575769648583,0.7159395055867505,0.946561342374597,0.16304347826125,0.1656686626746507,0.20040071556350625,0.0
1407000201397,206.04056107496018,106.14210722043404,61876.30627176134,299.69536156357844,20.0,174.82229424542078,6.243653365907885,0.8951041880957811,8997,28087.074666536617,0.5404109589041096,0.17861509392019562,120.9226352,33.3696046427,0.0,0.7979902561410541,0.955709662275169,0.7954620268399549,0.6230767282197528,0.3241786929076167,0.5770880703241674,0.3162795101920712,0.6142551491863778,0.9294455264726423,0.9616747131536753,0.9472649517181343,0.41712005803374996,0.18013698630136987,0.20337836722755726,0.0
1407000200789,247.83433004467253,29.91103983297772,46861.46523188744,207.24077598563133,95.0,134.59967924839975,2.136502845212694,0.797914627178274,7365,15735.343454991493,0.5089157614265218,0.18492871690427698,118.4278948,36.3799283154,0.0,0.8255040194118703,0.9316338216027731,0.583917263892082,0.5829582319030966,0.48600871268064083,0.5480893138577394,0.182585266372079,0.5475599096436558,0.9090158094938403,0.9072802852547545,0.9277220419837683,0.4547491039425,0.16963858714217395,0.21056731361283057,0.0
1407000200242,44.185711383768925,19.331248730398904,15320.790728527276,129.79552718982123,2085.0,48.328121825997265,4.1424104422283365,1.129471131896892,1052,1452.6052617414034,0.45706371191135736,0.217680608365019,121.1304878,21.2121212121,0.0,0.5702258894071077,0.8347938103024946,0.5126183448512206,0.5321760825195989,0.813821865053149,0.43520378791859704,0.2615564437542082,0.7750868198940811,0.710439760347311,0.6836528711097337,0.9488931951216777,0.26515151515125,0.15235457063711913,0.24785994136732487,0.0
140700020126A,259.7991085015961,17.613498881464142,43623.36087645716,132.10124161098108,20.0,92.47086912768674,4.403374720366036,0.8159859738095196,2755,12131.297354608429,0.4859762675296656,0.22250453720508168,117.7041556,45.0,0.0,0.8325313357122528,0.9254314623400559,0.4975959512434612,0.5340842426635253,0.3241786929076167,0.5065551519551814,0.2694632138366908,0.5599611673615861,0.8086580853594468,0.8828605957190565,0.9220525262871362,0.5625,0.1619920891765552,0.25335266177287025,0.0
1407000200079,150.63418238077915,20.424973882139547,36679.04031320947,434.0306949954654,295.0,163.39979105711637,30.63746082320932,1.149657553000822,3579,9137.622690522181,0.4860822600747819,0.18077675328303996,122.4908665,15.5487804878,0.0,0.7513873893082633,0.9104124137734696,0.521535628569044,0.6634044692581156,0.6059056314449972,0.5695893389287818,0.5517516221498419,0.7889395236034807,0.8353613372021587,0.8562571750624838,0.959549918417879,0.1943597560975,0.1620274200249273,0.20583971997254907,0.0
1407000140543,86.57839298586478,9.210467338921784,26880.532072781945,57.104897501315065,175.0,16.578841210059213,0.0,1.0943511658532066,603,1110.7823610739672,0.5744125326370757,0.19402985074626866,116.2079354,22.695035461,0.0,0.6692473043056277,0.8834904021430947,0.39540552612439794,0.4435769522029569,0.550549643662534,0.32002020215569155,0.0,0.7509861394721993,0.6536992687823615,0.6584839227107641,0.9103316689541104,0.2836879432625,0.19147084421235858,0.22093023255813954,0.0
1407000140859,118.20096159729992,27.938409104816344,34702.23996234076,328.8135840797616,1105.0,109.6045280265872,10.745541963390902,1.1700040146277089,1698,3649.18605076755,0.49471830985915494,0.1896348645465253,120.1496008,16.3594470046,0.0,0.7153762344877707,0.9056134959953069,0.5726947741351082,0.6331696050103992,0.7462608982650862,0.5253443731021566,0.39348324170567756,0.8029020533159448,0.7592761607975127,0.7700958383987722,0.9412092749428034,0.2044930875575,0.16490610328638497,0.21592592358472873,0.0
1407000140454,52.532475231367194,0.0,11027.84970121991,192.61907584834637,75.0,52.532475231367194,0.0,0.8599672810355049,68,1190.736105244323,0.8378378378378378,0.10294117647058823,0.0,23.5294117647,0.0,0.5955901401748372,0.8063153233973767,0.0,0.5750085941474227,0.46113356110959247,0.44433477992718734,0.0,0.5901428431830142,0.4322324127819912,0.66500393429305,0.0,0.29411764705875,0.27927927927927926,0.11721298537304009,0.0
1407000140810,104.46220901156082,35.61211670848664,32081.824514426025,197.05371245362608,355.0,42.734540050183966,2.3741411138991095,1.1196383256120983,1164,2763.5002565785635,0.5,0.22852233676975944,113.0333415,35.1648351648,0.0,0.6970522205660733,0.8988124885157376,0.6127234381065411,0.5774813743930327,0.625558656310818,0.42176797078208106,0.19425050703057853,0.7683391675294601,0.7207581414763201,0.7440034491151871,0.8854630285011924,0.43956043956,0.16666666666666666,0.2602047716528656,0.0
1407000430632,183.74653397593204,0.0,52693.950493322365,0.0,0.0,0.0,0.0,0.0,37,1359.7243514218972,0.9473684210526315,0.0,0.0,41.6666666667,0.0,0.7809423615851416,0.9417949881204456,0.0,0.0,0.0,0.0,0.0,0.0,0.37133752795631814,0.6774536658393269,0.0,0.52083333333375,0.3157894736842105,0.0,0.0
1407000430295,82.29004029624969,18.394244301514636,28238.647111500402,303.02097191442533,1210.0,126.82347386833774,14.521771816985238,1.1201451932666282,4098,3967.348060400367,0.5189028910303929,0.18618838457784284,117.7447567,27.4590163934,0.0,0.66173483322504,0.8877598519171482,0.5045886480593881,0.6242777651682376,0.7559182068743171,0.5414965771559358,0.4380103196033857,0.7686869997381479,0.8491814260908704,0.7779419834671587,0.9223705808760688,0.3432377049175,0.1729676303434643,0.21200162215348295,0.0
1407000211096,196.19732947211975,27.698446513711023,44070.66386782494,184.65631009140682,60.0,80.78713566499049,2.3082038761425854,1.0892778069662845,1917,4424.826830565336,0.5385232744783307,0.19666145018257694,116.8733208,27.0562770563,0.0,0.7907015660112234,0.9263151353832155,0.5712777018244225,0.5704228963792977,0.4377230725854981,0.49164870431176677,0.19109823094300987,0.747504604181216,0.7716530842845304,0.7881855273037452,0.9155440617188106,0.33820346320375,0.17950775815944356,0.2239266780701435,0.0
140700021119A,61.66319767907896,1.813623461149381,24122.606973458835,16.322611150344432,0.0,5.440870383448144,0.0,1.0608569471580214,257,466.10122951539097,0.5389221556886228,0.1867704280155642,111.912054,28.3582089552,0.0,0.6191555198605339,0.8741135241118734,0.17604977046344158,0.3114252184162622,0.0,0.20793624919928175,0.0,0.7280011098241304,0.5668655516495693,0.5770692118710564,0.8766792606996315,0.35447761194,0.17964071856287425,0.2126643603433034,0.0
1407000211109,159.5326842806471,68.3711504059916,41785.84901275987,159.5326842806471,20.0,71.62691947294358,13.023076267807925,1.286331248787612,1680,5469.692032479328,0.47038019451812557,0.2357142857142857,118.216249,20.0,0.0,0.7599205654468998,0.9217036998030104,0.7214860215955361,0.5545460017398418,0.3241786929076167,0.47838835766690097,0.4217917380933404,0.8827303051816192,0.7581888706335626,0.8080842915028457,0.9260640839994194,0.25,0.15679339817270851,0.2683938154868387,0.0
1407000211128,213.06693810021952,75.35294152324838,52982.58638919993,350.78093467719066,20.0,215.66531539412463,7.795131881715348,0.9858097187964378,2543,6607.673458400711,0.5374848851269649,0.18993314982304366,119.4100434,23.9130434783,0.0,0.8029841778264383,0.9422681726900894,0.7378058041280807,0.6402106052214909,0.3241786929076167,0.6004061461225426,0.34727815552405594,0.6765007961552416,0.8004870455838126,0.825826497286168,0.9354158450887062,0.29891304347875003,0.17916162837565497,0.2162655632600488,0.0
1407001211518,0.0,0.0,0.0,245.84949103083972,40.0,129.5693263540912,16.61145209667836,1.0187664136155026,3949,13119.724865956567,0.5153491941673062,0.19650544441630793,119.5758514,32.577665827,0.0,0.0,0.0,0.0,0.601530516095162,0.39541864552742145,0.5438692556640989,0.4581847494848947,0.6991169561084652,0.8454015330991898,0.8902138596915717,0.9367147260372953,0.40722082283749994,0.1717830647224354,0.22374904359745976,0.0
1409701151278,0.0,0.0,0.0,338.87723856258026,0.0,169.43861928129013,0.0,0.6931471805599453,252,21349.266029442555,0.3770491803278688,0.19047619047619047,125.400012,17.9487179487,0.0,0.0,0.0,0.0,0.6364516640561401,0.0,0.5736164188835612,0.0,0.4756644315437017,0.5648677677281762,0.9359238180701115,0.9823391304379502,0.22435897435875002,0.12568306010928962,0.21688389130249594,0.0
1409707771780,0.0,0.0,0.0,182.25004277012428,180.0,106.31252494923916,17.718754158206526,1.0874148658455551,4522,11446.315186201417,0.39395807644882863,0.21163202122954444,123.6705361,15.6833457804,0.0,0.0,0.0,0.0,0.5689983840125558,0.5535324528401375,0.5219712840268925,0.46792434845666336,0.7462261818575829,0.8592297550286674,0.8774043794613039,0.9687910308435148,0.196041822255,0.1313193588162762,0.24097277551449917,0.0
1409700013096,0.0,0.0,0.0,0.0,0.0,0.0,0.0,0.0,28,1538.4462644747616,0.18181818181818182,0.10714285714285714,0.0,22.2222222222,0.0,0.0,0.0,0.0,0.0,0.0,0.0,0.0,0.0,0.34374534498967013,0.6890396167751793,0.0,0.2777777777775,0.06060606060606061,0.12199718885765397,0.0
1409700151348,0.0,0.0,0.0,75.00238133474566,40.0,0.0,75.00238133474566,0.0,4,300.00952533898266,0.0,0.0,0.0,0.0,0.0,0.0,0.0,0.0,0.47289738836106937,0.39541864552742145,0.0,0.6917399931251497,0.0,0.1642970556737026,0.5358157059459653,0.0,0.0,0.0,0.0,0.0
1409700092897,0.0,0.0,0.0,78.5964217894937,0.0,65.49701815791143,0.0,0.45056120886630463,1240,16243.260503162033,0.5365551425030979,0.15,121.9026673,28.7564766839,0.0,0.0,0.0,0.0,0.47794268014961383,0.0,0.4685446512726279,0.0,0.30919254568402477,0.7272094531574074,0.9102627094362293,0.9549421749142157,0.35945595854875,0.1788517141676993,0.17079606440071554,0.0
1409708531668,0.0,0.0,0.0,308.71285290829485,140.0,183.4380720179723,35.79279454009215,1.1057910027664646,3036,13583.365527964974,0.4134078212290503,0.22628458498023715,123.3185312,13.8211382114,0.0,0.0,0.0,0.0,0.6263032105172766,0.5269406107501234,0.5824286275748446,0.5758640301494493,0.7588365984726985,0.8185693553500992,0.893474161986069,0.966033549549367,0.1727642276425,0.1378026070763501,0.25765677699449185,0.0
140970777237A,0.0,0.0,0.0,14.722999222096432,20.0,0.0,0.0,0.0,0,0.0,0.0,0.0,0.0,0.0,0.0,0.0,0.0,0.0,0.3008455335024332,0.3241786929076167,0.0,0.0,0.0,0.0,0.0,0.0,0.0,0.0,0.0,0.0
1409700010941,0.0,0.0,0.0,802.3161274734231,795.0,358.2142501252098,50.275684228099614,1.113142967228936,3656,7658.662564080508,0.4867832452216348,0.17560175054704596,120.5694695,10.4761904762,0.0,0.0,0.0,0.0,0.7303771621004127,0.7112392099277821,0.6568443137207842,0.6288797528094977,0.7638818011292914,0.837533708670554,0.8396825313361216,0.9444983771293016,0.1309523809525,0.16226108174054493,0.19994725263541102,0.0
1409700013128,0.0,0.0,0.0,0.0,0.0,0.0,0.0,0.0,147,627.3744171396663,0.5806451612903226,0.1836734693877551,125.4556143,13.6363636364,0.0,0.0,0.0,0.0,0.0,0.0,0.0,0.0,0.0,0.5101329208246487,0.6049146180416791,0.9827746990966864,0.170454545455,0.19354838709677422,0.20913803804169254,0.0
1409700382384,0.0,0.0,0.0,0.0,0.0,0.0,0.0,0.0,450,7513.630022872961,0.5358361774744027,0.15777777777777777,123.3142683,7.2,0.0,0.0,0.0,0.0,0.0,0.0,0.0,0.0,0.0,0.6238799782016444,0.8378878101420305,0.9660001555056795,0.09,0.17861205915813425,0.1796521566289008,0.0
1409701152007,0.0,0.0,0.0,11.44542439830318,595.0,1.90757073305053,0.0,0.8675632284814612,10,19.0757073305053,0.0,0.0,0.0,0.0,0.0,0.0,0.0,0.0,0.2753188770098466,0.6804285102800522,0.11914877044865933,0.0,0.5953554764090454,0.2447855428848632,0.2816094041466278,0.0,0.0,0.0,0.0,0.0
1409700011117,0.0,0.0,0.0,256.18140000199725,0.0,170.7876000013315,0.0,0.6365141682948128,169,14431.552200112512,0.37398373983739835,0.20118343195266272,124.5484897,17.307692307700002,0.0,0.0,0.0,0.0,0.6060078200898682,0.0,0.5744964954691869,0.0,0.4368006658944782,0.5242802814709459,0.8991604726814758,0.9756686073463693,0.21634615384625003,0.12466124661246612,0.22907558933429306,0.0
1409708331494,0.0,0.0,0.0,112.31028367404586,0.0,66.06487274943875,6.606487274943874,0.8463658296262874,2014,13305.465371736964,0.5086142322097378,0.18222442899702085,122.7577976,21.5358931553,0.0,0.0,0.0,0.0,0.5165060350335166,0.0,0.46949390640480204,0.32408629196488564,0.5808090006252067,0.7766894982069716,0.8915336032404856,0.9616409617956168,0.26919866444124996,0.16953807740324592,0.20748810206905863,0.0
1409708332280,0.0,0.0,0.0,0.0,0.0,0.0,0.0,0.0,506,11253.972183397877,0.556923076923077,0.1442687747035573,123.7167931,18.4713375796,0.0,0.0,0.0,0.0,0.0,0.0,0.0,0.0,0.0,0.6358282051238747,0.8758134756195646,0.9691533917431029,0.230891719745,0.18564102564102566,0.16427025956854066,0.0
1409700381827,0.0,0.0,0.0,141.7266151035136,0.0,94.48441006900909,0.0,0.7732196077242826,172,1160.8084665621116,0.4700854700854701,0.20348837209302326,119.4459583,26.6666666667,0.0,0.0,0.0,0.0,0.5417083354326977,0.0,0.5089344214044358,0.0,0.5306132311892267,0.5260660442151059,0.6626161219226948,0.9356971896521801,0.33333333333375,0.15669515669515668,0.2317000873653118,0.0
1409700312789,0.0,0.0,0.0,182.08976770481368,0.0,72.83590708192547,11.380610481550855,1.2879818186390029,1017,2314.8161719474438,0.6590538336052202,0.168141592920354,118.8711279,24.0506329114,0.0,0.0,0.0,0.0,0.5689028376408848,0.0,0.4802313777048287,0.401894116120265,0.8838629901179567,0.7069889996267726,0.7273766105732603,0.9311941725768285,0.30063291139250004,0.21968461120174007,0.19145281555242452,0.0
1409700092863,0.0,0.0,0.0,162.41575665945277,20.0,113.69102966161694,0.0,0.7697761617721899,2962,16035.849040843304,0.525231719876416,0.16205266711681296,120.5616117,33.4365325077,0.0,0.0,0.0,0.0,0.5564896758219787,0.3241786929076167,0.5293945355009803,0.0,0.5282502052586726,0.8160511679885549,0.9090562380119349,0.9444368219165385,0.41795665634625,0.17507723995880534,0.1845197184612727,0.0
1409708331507,0.0,0.0,0.0,339.67607804761076,0.0,166.5078813958876,6.6603152558355045,0.9127166729361815,1681,11195.989945059484,0.38810900082576383,0.2201070791195717,124.0759634,12.9896907216,0.0,0.0,0.0,0.0,0.6367080120324948,0.0,0.5716801499987562,0.32521263349192914,0.6263415181779006,0.7582495804184831,0.8753285575082413,0.9719670042344728,0.16237113402,0.12936966694192129,0.2506228190690651,0.0
140970831205A,0.0,0.0,0.0,136.93302117430312,0.0,78.24744067103035,0.0,0.6829081047004717,1291,12627.180738287523,0.49709639953542395,0.14484895429899303,124.9361571,8.2262210797,0.0,0.0,0.0,0.0,0.5379779316301054,0.0,0.4881272326885983,0.0,0.4686379812675931,0.7313207537535614,0.8866216133324429,0.9787054559920866,0.10282776349625,0.16569879984514133,0.16493087551218077,0.0
1409700150227,0.0,0.0,0.0,98.0364900251518,20.0,32.67883000838394,1.2568780772455361,1.1243761195218565,1487,1868.9777008641122,0.49898580121703856,0.2104909213180901,120.0426732,15.7894736842,0.0,0.0,0.0,0.0,0.5018038641315583,0.3241786929076167,0.39260154628097454,0.13001496853937194,0.7715904251412069,0.7457391836359204,0.7073006222364538,0.9403716421234076,0.19736842105250002,0.1663286004056795,0.23967347302140313,0.0
1412000014516,99.5045044688276,15.60854972060041,29981.50785488015,517.0332094948885,2730.0,173.64511564167955,29.266030726125766,1.2530614002798175,2135,4165.531706685234,0.4690082644628099,0.1737704918032787,121.4261827,17.6136363636,0.0,0.6898472793345378,0.8929474954872101,0.4782002839546556,0.6824723829170033,0.8425094699480644,0.5763381379394482,0.5446731766261661,0.8598992470429696,0.782642571610953,0.7825173867797571,0.9512095638867855,0.220170454545,0.15633608815426997,0.1978621073931787,0.0
1409700232755,0.0,0.0,0.0,123.24323410893963,40.0,62.784289074365475,9.301376159165255,1.1113558811315953,1144,2660.193581521263,0.5233022636484687,0.19055944055944055,118.2354075,12.0253164557,0.0,0.0,0.0,0.0,0.5265641165465964,0.39541864552742145,0.46389508067644447,0.37252765722105685,0.76265543345955,0.7189904176457681,0.7404278209128574,0.9262141648800375,0.15031645569625002,0.17443408788282289,0.21697868321303024,0.0
1409700092825,0.0,0.0,0.0,117.01258529360105,0.0,72.00774479606218,4.5004840497538865,0.9120599268955134,2063,9284.498594642268,0.4662402274342573,0.17256422685409598,123.6614931,21.0287443268,0.0,0.0,0.0,0.0,0.5209460462695651,0.0,0.4789721895449763,0.27230833335634497,0.6258908336178759,0.7791422229669979,0.8577540989993208,0.9687201911951379,0.26285930408499997,0.15541340914475243,0.19648860535354576,0.0
1409708333753,0.0,0.0,0.0,111.0539063317955,0.0,47.59453128505521,0.0,0.6829081047004717,1412,22401.15939149932,0.46930280957336107,0.14801699716713881,120.9382384,33.8174273859,0.0,0.0,0.0,0.0,0.5152885265049494,0.0,0.43353114040150464,0.0,0.4686379812675931,0.7404596462432774,0.940439049781726,0.9473871816420043,0.42271784232375,0.15643426985778702,0.16853813720372782,0.0
140970822358A,0.0,0.0,0.0,212.75393136400595,0.0,125.14937139059172,0.0,0.8463658296262874,1329,16632.35145780964,0.6089588377723971,0.17155756207674944,116.9629425,44.4174757282,0.0,0.0,0.0,0.0,0.5858115504845122,0.0,0.5400248517088513,0.0,0.5808090006252067,0.7342799029836833,0.9124849849931835,0.9162461262676271,0.5552184466025001,0.2029862792574657,0.19534237613926836,0.0
1409700381795,0.0,0.0,0.0,569.3809207955578,610.0,253.98854800194002,53.03057595644901,1.155654660674337,1255,3502.8090960707113,0.49049881235154397,0.17131474103585656,119.1240191,15.7575757576,0.0,0.0,0.0,0.0,0.6929840368470536,0.6830751914756613,0.6185873643791857,0.6372388186340547,0.7930549710761582,0.7284359416833496,0.7662533598955592,0.9331752323673443,0.19696969697,0.1634996041171813,0.19506589028501378,0.0
1409708221969,0.0,0.0,0.0,281.9064258886251,0.0,189.40587989392,4.404787904509767,0.8520361774981211,4456,19627.734902495522,0.5450762829403606,0.20421903052064633,118.8885336,37.8125,0.0,0.0,0.0,0.0,0.6164178628617991,0.0,0.5859835225726922,0.26950498294299147,0.5847002128709694,0.857729168761236,0.9280309297007939,0.9313305226451416,0.47265625,0.18169209431345354,0.23253204459104004,0.0
1409700353240,0.0,0.0,0.0,200.3565038144723,40.0,75.13368893042711,0.0,0.8647400965276372,167,1045.6105042817774,0.4649122807017544,0.2155688622754491,119.6332042,26.8292682927,0.0,0.0,0.0,0.0,0.5792873180452515,0.39541864552742145,0.48365247412479623,0.0,0.5934181339604997,0.5230721786097693,0.6528125472733959,0.937164007490954,0.33536585365875,0.15497076023391812,0.24545542189324393,0.0
1409800011877,90.25725759837725,11.571443281843237,27248.03881499219,83.3143916292713,115.0,23.142886563686474,4.628577312737295,1.266251573386677,1410,3263.147005479793,0.6095890410958904,0.2078014184397163,117.3254633,25.0803858521,0.0,0.6754045137049794,0.8846666404573479,0.43080605179174425,0.4842304966921969,0.5061590729886817,0.3554409199416568,0.2759853468710422,0.8689508545064364,0.740315052025993,0.7596013911200069,0.9190859853853254,0.31350482315125,0.20319634703196346,0.23661109630926552,0.0
1409700010195,0.0,0.0,0.0,108.04389502002978,760.0,43.4659347781729,8.69318695563458,1.2759530956752205,1950,2421.673509069633,0.5128006206361521,0.19487179487179487,118.3254728,17.5054704595,0.0,0.0,0.0,0.0,0.512315198219692,0.7064512789339678,0.4236194404927414,0.362807594254249,0.8756084147099717,0.7733945354121959,0.7316117216708954,0.9269197044336114,0.21881838074374999,0.17093354021205068,0.2218889041787074,0.0
1409708222153,0.0,0.0,0.0,103.1587873163608,0.0,68.77252487757386,0.0,0.6365141682948128,881,15147.148604285643,0.5502645502645502,0.21112372304199772,118.2986412,46.0377358491,0.0,0.0,0.0,0.0,0.5073103625292482,0.0,0.4739123621094478,0.0,0.4368006658944782,0.6923499050238242,0.9037037703857188,0.926709515214393,0.57547169811375,0.18342151675485008,0.2403940066479992,0.0
1409708362793,0.0,0.0,0.0,102.68759012064592,60.0,45.41951101490108,7.8990453938958405,0.9909584043660293,2810,5549.079389211828,0.4844162704701532,0.17615658362989323,123.1129257,18.3894230769,0.0,0.0,0.0,0.0,0.5068152620949303,0.4377230725854981,0.42841930165837444,0.34915425100800856,0.6800340235322593,0.8106752490758052,0.8094369047070943,0.9644229091286688,0.22986778846125003,0.16147209015671773,0.2005790080150752,0.0
1409708222168,0.0,0.0,0.0,286.6649918682511,80.0,157.6657455275381,17.916561991765693,1.023938078576468,4183,14988.995762311179,0.5222141296431173,0.18909873296677027,119.0410964,34.5454545455,0.0,0.0,0.0,0.0,0.6182392760563296,0.46791797799195844,0.5656261765189539,0.46960338524728773,0.7026659528335257,0.851276657803494,0.902718418750163,0.9325256454038952,0.43181818181875,0.17407137654770577,0.21531546249257472,0.0
140970843269A,0.0,0.0,0.0,556.9391689984873,0.0,304.17446922225076,8.568294907669035,0.8781427571273099,3696,15834.208989372377,0.45913936044216347,0.20752164502164502,121.1203983,27.1517302573,0.0,0.0,0.0,0.0,0.6905758003101736,0.0,0.6386440543759755,0.3607362157124855,0.6026155585683102,0.8386442281926576,0.9078682850349878,0.9488141575641968,0.33939662821625,0.15304645348072116,0.23629253498439545,0.0
1409708432632,0.0,0.0,0.0,203.62352961366773,135.0,94.17588244632132,22.90764708153762,1.197308776313499,3314,8435.104714246185,0.5404651162790698,0.1792395896197948,121.5062287,20.2866593164,0.0,0.0,0.0,0.0,0.581044794800992,0.5230961742410409,0.5085731280850889,0.5070051420234191,0.8216396379299594,0.8275105875630794,0.8487473973629933,0.9518366158047313,0.253583241455,0.18015503875968994,0.20408944327906867,0.0
1409708432685,0.0,0.0,0.0,318.6552725695306,60.0,175.26039991324183,15.93276362847653,1.0571634488042154,2357,12517.841290773062,0.5385117493472585,0.1989817564700891,121.7273993,23.9263803681,0.0,0.0,0.0,0.0,0.6297535021372196,0.4377230725854981,0.5773658881903352,0.4519076455845555,0.7254664882543629,0.7927364738944351,0.8858051817180725,0.9535691876874394,0.29907975460124997,0.17950391644908617,0.22656867261755223,0.0
140970015319A,0.0,0.0,0.0,85.06534109254312,0.0,0.0,0.0,0.45056120886630463,12,170.13068218508624,0.0,0.25,0.0,0.0,0.0,0.0,0.0,0.0,0.4864749123720906,0.0,0.0,0.0,0.30919254568402477,0.2618390085925983,0.48279742439012063,0.0,0.0,0.0,0.28466010733452596,0.0
1409708333537,0.0,0.0,0.0,57.83262086707112,160.0,0.0,34.699572520242675,0.6730116670092565,340,1966.309109480418,0.6536585365853659,0.1,124.2206831,9.4339622642,0.0,0.0,0.0,0.0,0.44493604896782457,0.5410645048185279,0.0,0.5710461353667073,0.46184666256829926,0.5953389768255339,0.712064369081155,0.9731006869350394,0.1179245283025,0.21788617886178863,0.11386404293381037,0.0
1409700153185,0.0,0.0,0.0,0.0,0.0,0.0,0.0,0.0,1,100.0,0.0,0.0,0.0,0.0,0.0,0.0,0.0,0.0,0.0,0.0,0.0,0.0,0.0,0.07075889043914287,0.4332911458659581,0.0,0.0,0.0,0.0,0.0
1409708432952,0.0,0.0,0.0,185.66820715713467,0.0,91.01382703781111,0.0,0.9118254946837859,4094,14904.424315711949,0.5845915602013163,0.1409379579872985,122.8586523,16.0441426146,0.0,0.0,0.0,0.0,0.5710164337882732,0.0,0.5048012766957153,0.0,0.6257299571577902,0.8490817594973197,0.9021872322597146,0.9624310216745471,0.20055178268249998,0.19486385340043877,0.16047765699269317,0.0
140970822372A,0.0,0.0,0.0,226.09608038441462,0.0,130.6332908887729,0.0,0.8982971464465144,2164,10872.709287819405,0.577259475218659,0.17282809611829944,116.9521582,43.2551319648,0.0,0.0,0.0,0.0,0.5924230490112401,0.0,0.5447752349481774,0.0,0.616446280826872,0.7840192125661086,0.8725779954137318,0.9161616458938583,0.54068914956,0.19241982507288632,0.19678905756582754,0.0
1409708352721,0.0,0.0,0.0,253.80568941079088,0.0,123.4730380917361,13.719226454637345,1.1162556127866463,2546,17464.57527675334,0.4632183908045977,0.2211311861743912,119.0035745,35.1174934726,0.0,0.0,0.0,0.0,0.6049944456012032,0.0,0.53853146355529,0.4295305559475395,0.7660178190217819,0.8006073561461594,0.9170686455495574,0.932231712173503,0.43896866840750004,0.15440613026819924,0.25178890876565296,0.0
1409708332948,0.0,0.0,0.0,269.8520587432865,120.0,130.83736181492677,8.177335113432923,0.9212902107886121,0,0.0,0.0,0.0,0.0,0.0,0.0,0.0,0.0,0.0,0.6116631427283858,0.5106525382328262,0.5449481666953354,0.3540727014348501,0.6322250117897484,0.0,0.0,0.0,0.0,0.0,0.0,0.0
1409700011371,0.0,0.0,0.0,46.02602132897126,0.0,0.0,0.0,0.0,142,2178.5650095713063,0.3148148148148148,0.19014084507042253,123.0357102,0.0,0.0,0.0,0.0,0.0,0.4204768968189695,0.0,0.0,0.0,0.0,0.5066245514774614,0.7216837113380671,0.9638180303418442,0.0,0.10493827160493828,0.2165020534656958,0.0
1409701153359,0.0,0.0,0.0,0.0,0.0,0.0,0.0,0.0,0,0.0,0.0,0.0,0.0,0.0,0.0,0.0,0.0,0.0,0.0,0.0,0.0,0.0,0.0,0.0,0.0,0.0,0.0,0.0,0.0,0.0
1409708332933,0.0,0.0,0.0,191.09788550772615,40.0,103.19285817417212,7.643915420309046,1.0016489088832718,5755,10997.68331096964,0.5002606882168926,0.14926151172893137,122.0188443,28.3706402915,0.0,0.0,0.0,0.0,0.5741473041578433,0.39541864552742145,0.5186778874162352,0.3445080552147955,0.6873702616310735,0.8838387486789383,0.8736508847977863,0.9558522642462397,0.35463300364375,0.16675356273896422,0.16995519179868482,0.0
1409708221526,0.0,0.0,0.0,378.4952685952018,200.0,181.3150987282404,27.19726480923606,1.1064655309454323,5561,12603.665800346811,0.4567901234567901,0.21021399028951626,122.6757224,19.1066997519,0.0,0.0,0.0,0.0,0.6484912353337392,0.5646923247741623,0.5811362147530483,0.5333643454439135,0.7592994858244868,0.8803388124794058,0.8864466268585273,0.9609980138459904,0.23883374689874998,0.1522633744855967,0.23935814815613077,0.0
1409708352736,0.0,0.0,0.0,279.9875182996853,100.0,142.36653472865353,14.236653472865353,0.9759892302558961,3035,14402.747763382116,0.529113924050633,0.18220757825370676,119.7136358,30.4157549234,0.0,0.0,0.0,0.0,0.6156746886487113,0.49141491559492917,0.5543070404702528,0.43504902375713844,0.6697615967036264,0.8185357365451401,0.898972909858481,0.9377940800622688,0.38019693654250003,0.17637130801687764,0.2074689151314568,0.0
1409708432717,0.0,0.0,0.0,297.2165883809723,40.0,155.06952437268123,25.844920728780203,1.0029219134067922,2775,17929.913755591268,0.5356945213060321,0.1837837837837838,119.7289054,26.9607843137,0.0,0.0,0.0,0.0,0.6221728527173683,0.39541864552742145,0.5637844214417775,0.5255140276228814,0.6882438466214124,0.8093962194527453,0.9195373014809068,0.9379136966822905,0.33700980392125,0.17856484043534404,0.20926364647294882,0.0
1409708223081,0.0,0.0,0.0,59.33171396162012,0.0,41.53219977313408,5.933171396162011,0.9142855814670989,1594,4728.737602741123,0.5924075924075924,0.18130489335006272,115.5566749,42.194092827,0.0,0.0,0.0,0.0,0.4476835479989882,0.0,0.41865598296739337,0.30928213503803426,0.6274181639544874,0.7528279435482359,0.7944206832423868,0.9052299256364258,0.5274261603375,0.19746919746919747,0.20644108160521452,0.0
1409700011386,0.0,0.0,0.0,208.78326647014575,0.0,69.59442215671525,0.0,0.6365141682948128,88,3062.154574895471,0.41935483870967744,0.22727272727272727,124.7311249,20.6896551724,0.0,0.0,0.0,0.0,0.5837640843513703,0.0,0.4752196866275013,0.0,0.4368006658944782,0.4582157123548461,0.7536346928983461,0.9770993065998539,0.25862068965499996,0.13978494623655915,0.25878191575865994,0.0
1409700012100,0.0,0.0,0.0,138.66433599239258,0.0,79.60360029192908,12.839290369665981,1.1016623675632267,3243,8327.563733765355,0.5027803521779426,0.20906567992599445,121.7087486,24.9736564805,0.0,0.0,0.0,0.0,0.5393399992722688,0.0,0.4900214574732079,0.419684523445747,0.7560033691498683,0.825300430026887,0.8475428836640951,0.9534230847315636,0.31217070600625,0.16759345072598086,0.2380506355507969,0.0
1409700010212,0.0,0.0,0.0,127.69428980917495,1190.0,44.641093185321324,6.228989746789022,1.1547978595399524,2295,2382.588578146801,0.5188616810059563,0.17908496732026144,122.5803256,10.4265402844,0.0,0.0,0.0,0.0,0.5304076169179456,0.7541449881332393,0.4265314187331213,0.3159558407026469,0.7924670009653891,0.7900164259878724,0.7300847244846969,0.9602507092160788,0.13033175355499999,0.1729538936686521,0.20391338407754275,0.0
1409708312011,0.0,0.0,0.0,309.4849321679194,20.0,130.0733772879661,26.91173323199299,1.1942361896399798,2199,9863.15022952543,0.4400785854616896,0.16825829922692132,124.821543,6.7073170732,0.0,0.0,0.0,0.0,0.6265750823565687,0.3241786929076167,0.5442993780904684,0.5317386706378681,0.8195311099947413,0.785656325549697,0.8634297459087682,0.9778076098632528,0.083841463415,0.1466928618205632,0.19158570207144082,0.0
1409700012488,0.0,0.0,0.0,0.0,0.0,0.0,0.0,0.0,0,0.0,0.0,0.0,0.0,0.0,0.0,0.0,0.0,0.0,0.0,0.0,0.0,0.0,0.0,0.0,0.0,0.0,0.0,0.0,0.0,0.0
1409708221954,0.0,0.0,0.0,676.0098256080242,120.0,357.0474431028297,42.845693172339566,1.087563045466211,3621,17238.25055300462,0.5461144321093083,0.19165976249654793,118.4288766,35.0282485876,0.0,0.0,0.0,0.0,0.7116980069574319,0.5106525382328262,0.6564811123035617,0.6038760660588351,0.7463278684502757,0.8365519941362093,0.9158440997011084,0.9277297330560647,0.43785310734499994,0.18203814403643612,0.21823155425590832,0.0
140970835365A,0.0,0.0,0.0,479.8831942819875,0.0,251.3673874810411,0.0,0.8468143807325634,902,20612.12577344537,0.459546925566343,0.18403547671840353,120.4242862,35.9735973597,0.0,0.0,0.0,0.0,0.6743466503674324,0.0,0.6174338832581981,0.0,0.581116813760669,0.6947519805640889,0.9326250560517929,0.9433610627510852,0.44966996699625,0.15318230852211434,0.20955023422408559,0.0
1409700313630,0.0,0.0,0.0,0.0,0.0,0.0,0.0,0.0,39,1390.8288760201035,0.95,0.15384615384615385,0.0,62.5,0.0,0.0,0.0,0.0,0.0,0.0,0.0,0.0,0.0,0.37657372699113123,0.6795756058051627,0.0,0.78125,0.31666666666666665,0.1751754506674006,0.0
1409700012115,0.0,0.0,0.0,341.8779300474415,80.0,160.66394526819656,14.94548328076247,1.0182139792464333,7359,13747.976432891377,0.5413785878902158,0.18127462970512298,122.0766448,22.3696682464,0.0,0.0,0.0,0.0,0.6374114877605714,0.46791797799195844,0.5677159624666275,0.4423120768427148,0.6987378542560763,0.9089326231518728,0.8946049934453049,0.9563050528225987,0.27962085308,0.18045952929673859,0.206406622195547,0.0
1409708221935,0.0,0.0,0.0,335.34382940429765,195.0,152.07452728799547,23.39608112123007,1.0537635207089298,3817,14883.806939955863,0.5182975338106603,0.20094314906995023,120.6234173,27.6575729069,0.0,0.0,0.0,0.0,0.6353105172702525,0.5620100840923147,0.5616213301366786,0.5102354830177298,0.7231333259620095,0.8419318319503486,0.9020572792492945,0.9449209850229998,0.34571966133625,0.17276584460355346,0.2288019935295587,0.0
1409700152064,0.0,0.0,0.0,89.68840242960329,0.0,46.97963936788744,4.270876306171585,1.0738313231858438,827,3532.0147052039006,0.6027131782945736,0.1837968561064087,119.780333,30.3571428571,0.0,0.0,0.0,0.0,0.49218828334763903,0.0,0.4321095665711402,0.26549765981218965,0.736904628977051,0.6859003815989551,0.7670326853283639,0.9383165622247955,0.37946428571375,0.20090439276485786,0.20927853114799486,0.0
1409708223043,0.0,0.0,0.0,110.72696893401681,0.0,97.70026670648542,0.0,0.362210557135449,3216,20946.937181870475,0.5220066256507335,0.17972636815920398,119.1826133,29.6178343949,0.0,0.0,0.0,0.0,0.5149694651037261,0.0,0.5126322534817409,0.0,0.24856290783694626,0.8244472275648161,0.9341377454398001,0.9336342385074451,0.37022292993625,0.1740022085502445,0.2046437090041741,0.0
1409708223490,0.0,0.0,0.0,195.957024011144,0.0,144.38938611347453,0.0,0.708018976056273,1283,13232.255884541988,0.5898389095415117,0.18082618862042088,120.0886012,29.1428571429,0.0,0.0,0.0,0.0,0.576875046136126,0.0,0.5558711455911122,0.0,0.4858700333973806,0.7306866927068214,0.8910156400791859,0.9407314257539128,0.36428571428625,0.19661296984717058,0.20589600904632896,0.0
1412000016546,152.1115507849161,49.91160260130059,43648.47502448094,563.2880865003923,100.0,273.3254428166461,30.89765875318608,1.107290942242964,6407,15227.792279358708,0.4735510579576817,0.18245668799750273,119.424625,16.4768921634,0.0,0.752838222626343,0.92548131637827,0.6688347568058896,0.6918113375245675,0.49141491559492917,0.6267474070292964,0.5530599021699617,0.7598659150139022,0.8947927595496312,0.9042022576407752,0.9355300721612235,0.20596115204249998,0.15785035265256056,0.20775256155708494,0.0
140970862290A,0.0,0.0,0.0,331.2984995968747,80.0,187.02334654662283,26.71762093523183,1.124002513952588,3553,18985.54143657574,0.5055084745762712,0.17027863777089783,121.9676621,26.103646833,0.0,0.0,0.0,0.0,0.6339892286557988,0.46791797799195844,0.5845778446935325,0.5306239678474183,0.771334042534869,0.8346172433529373,0.9249079184969883,0.9554513210801266,0.3262955854125,0.1685028248587571,0.19388614121856254,0.0
1409700350246,0.0,0.0,0.0,91.29746673785449,0.0,59.54182613338336,0.0,0.8871851765599204,1363,5410.367267986768,0.5541619156214367,0.1797505502567865,117.4647038,26.0736196319,0.0,0.0,0.0,0.0,0.4941087172676637,0.0,0.45807087226381016,0.0,0.6088208168739384,0.7368567577038198,0.8070606308724637,0.9201767459802426,0.32592024539875003,0.1847206385404789,0.20467124371814777,0.0
1409700011121,0.0,0.0,0.0,184.84649289156263,520.0,69.31743483433598,0.0,0.9743147528693494,1,23.10581161144533,0.0,0.0,0.0,0.0,0.0,0.0,0.0,0.0,0.5705346963027673,0.6661080393313906,0.47478081382554527,0.0,0.6686125054910487,0.07075889043914287,0.29878497937961146,0.0,0.0,0.0,0.0,0.0
1409700013109,0.0,0.0,0.0,0.0,0.0,0.0,0.0,0.0,38,855.3417143162226,0.5652173913043478,0.18421052631578946,0.0,36.3636363636,0.0,0.0,0.0,0.0,0.0,0.0,0.0,0.0,0.0,0.37398919653127644,0.6339751893067458,0.0,0.454545454545,0.18840579710144925,0.20974955277280857,0.0
1409700150674,0.0,0.0,0.0,292.64046190352576,0.0,122.50065847124334,6.805592137291296,1.06310193410138,584,3974.465808178117,0.5248041775456919,0.1952054794520548,118.8400052,24.8366013072,0.0,0.0,0.0,0.0,0.620484270645304,0.0,0.5376559593987554,0.3282134688787116,0.7295417067827346,0.6504364401436573,0.7781102277885191,0.9309503684051439,0.31045751633999996,0.17493472584856395,0.22226885093243806,0.0
140970822194A,0.0,0.0,0.0,533.8974624712741,410.0,275.99784076904854,49.77010243376285,1.1246646562313967,3911,17695.533692586047,0.5170674941815361,0.20122730759396573,119.7835844,33.5106382979,0.0,0.0,0.0,0.0,0.6859705197836584,0.6408557405400492,0.627829647952108,0.6272970178401336,0.7717884302024293,0.8444147095883883,0.9183020113050369,0.9383420325369412,0.41888297872375,0.17235583139384536,0.2291255479133438,0.0
140970001109A,0.0,0.0,0.0,254.59057157481095,0.0,63.64764289370274,31.82382144685137,1.3208883431493221,204,6492.059575157679,0.4676258992805755,0.16666666666666666,124.6729927,0.0,0.0,0.0,0.0,0.0,0.6053302834535541,0.0,0.46539596801925504,0.5576315922829236,0.9064447212628995,0.5433914909904839,0.8241695096059467,0.9766439196035716,0.0,0.15587529976019185,0.18977340488968394,0.0
1409708432647,0.0,0.0,0.0,201.76493652624478,60.0,112.41189320747922,14.411781180446056,1.0631632526414274,3684,10618.600373752653,0.5485498108448928,0.17100977198697068,123.4100508,14.4,0.0,0.0,0.0,0.0,0.5800484470904144,0.4377230725854981,0.528142500896145,0.43687443023261435,0.7295837859389552,0.8383123389802362,0.8703579410771667,0.9667504815723243,0.18,0.18284993694829763,0.1947186401962555,0.0
1409700151738,0.0,0.0,0.0,0.0,0.0,0.0,0.0,0.0,4,400.0,0.0,0.0,0.0,0.0,0.0,0.0,0.0,0.0,0.0,0.0,0.0,0.0,0.0,0.1642970556737026,0.5627437909013866,0.0,0.0,0.0,0.0,0.0
1409708432651,0.0,0.0,0.0,292.4820960821153,155.0,167.6897350870794,19.49880640547435,0.9928491357849942,4195,16359.498574192981,0.5149873600577826,0.18474374255065554,121.7977639,21.3017751479,0.0,0.0,0.0,0.0,0.6204253639001024,0.5377052569945776,0.5724650180101193,0.4824340666220012,0.6813315166344851,0.8515690212501151,0.9109321253036559,0.9541203989582774,0.26627218934874997,0.1716624533525942,0.21035669433540652,0.0
1409700233202,0.0,0.0,0.0,98.04694868437056,0.0,78.43755894749646,0.0,0.5004024235381879,1373,13461.84605436408,0.5549263873159683,0.17188638018936636,119.6030539,28.4688995215,0.0,0.0,0.0,0.0,0.5018153949510021,0.0,0.48839472663337813,0.0,0.3433955168700248,0.7376024403498864,0.8926305299425424,0.9369278207553066,0.35586124401874997,0.18497546243865612,0.19571678173619264,0.0
141200001187A,198.58502698021644,74.46938511758117,39577.727552841505,231.6825314769192,255.0,115.8412657384596,24.823128372527055,0.952937100125203,3215,26602.119239224827,0.43526785714285715,0.15800933125972005,123.5187346,12.4217118998,0.0,0.7925024889977381,0.9170009177855372,0.7358249623822782,0.5950766824735656,0.5904467490922419,0.5314680773612542,0.5193156474594918,0.6539423325097945,0.8244154901169201,0.9565751903992751,0.967601871838417,0.1552713987475,0.14508928571428573,0.1799158127849943,0.0
1409701153363,0.0,0.0,0.0,17.202692192616592,390.0,5.734230730872198,1.4335576827180494,1.1269287948006759,5,7.167788413590247,0.0,0.0,0.0,0.0,0.0,0.0,0.0,0.0,0.316836573909383,0.635543949740351,0.2129084080664383,0.14205387540333245,0.7733421697482245,0.18290907837782105,0.1971773588571685,0.0,0.0,0.0,0.0,0.0
1409700312774,0.0,0.0,0.0,263.0050895824955,40.0,68.88228536684406,6.262025942440369,1.0263711732436493,1924,4016.0459710850896,0.6222596964586846,0.1995841995841996,115.7223569,34.4671201814,0.0,0.0,0.0,0.0,0.6088672750175119,0.39541864552742145,0.4740878374035205,0.3166841238336459,0.7043356365950926,0.7720249735859308,0.7790870906150568,0.9065278195457918,0.4308390022675,0.20741989881956155,0.2272546387036548,0.0
1409708221615,0.0,0.0,0.0,171.43642293766993,0.0,79.1245028943092,0.0,0.9699594355506201,2385,15725.994950243954,0.4722222222222222,0.19580712788259957,121.1345136,26.3233190272,0.0,0.0,0.0,0.0,0.5623568264501975,0.0,0.4893559406581669,0.0,0.6656237181242267,0.7939415207751197,0.9072244942570362,0.9489247318082239,0.32904148784,0.1574074074074074,0.22295391215970417,0.0
140970001212A,0.0,0.0,0.0,43.87541299960294,835.0,18.192244414469513,5.3506601219027985,1.2775785361080163,915,979.170802308212,0.5074135090609555,0.18688524590163935,121.7137877,19.4852941176,0.0,0.0,0.0,0.0,0.41536536987533307,0.7164598302260056,0.32982279917761154,0.2952647218230393,0.8767238548663456,0.6962111428503511,0.6466550648017445,0.9534625592502118,0.24356617646999998,0.16913783635365184,0.21279509663039972,0.0
1409708223058,0.0,0.0,0.0,192.566399290002,0.0,125.75764851591968,3.92992651612249,0.7994876061489042,5933,23316.254020154734,0.5276847798094257,0.1845609303893477,118.7747198,31.0444316215,0.0,0.0,0.0,0.0,0.574978882231059,0.0,0.5405618429380681,0.25481630916075204,0.5486393487135667,0.8869477764928824,0.9441978576362072,0.930438945782104,0.38805539526875,0.1758949266031419,0.21014853701756675,0.0
1409700011102,0.0,0.0,0.0,170.85960442877257,0.0,136.68768354301807,0.0,0.5004024235381879,545,18623.69688273621,0.5751445086705202,0.1743119266055046,120.2265582,12.1428571429,0.0,0.0,0.0,0.0,0.5619909454076165,0.0,0.5497951842948249,0.0,0.3433955168700248,0.6433934063240818,0.9231013910213612,0.9418121318659491,0.15178571428625,0.19171483622350674,0.19847860694884378,0.0
1409700012098,0.0,0.0,0.0,527.1738558941704,0.0,274.66200895326523,4.43003240247202,0.8070750498477782,4226,18721.316932846756,0.456237077877326,0.22645527685754852,121.792622,20.7953603977,0.0,0.0,0.0,0.0,0.6845892515978911,0.0,0.6272899876547152,0.27024929337600034,0.5538461463391146,0.8523204406491378,0.9235921981893143,0.9540801191409611,0.25994200497125003,0.15207902595910866,0.25785113366695817,0.0
1409708311649,0.0,0.0,0.0,182.62637496774863,120.0,91.31318748387432,7.60943229032286,0.8365651720880256,1617,12304.452013452064,0.37851662404092073,0.19789734075448362,125.1502501,9.8,0.0,0.0,0.0,0.0,0.5692224026017173,0.5106525382328262,0.5051638798388334,0.34386958274150636,0.5740834099751432,0.7542894814341657,0.8841910716011937,0.9803825844715707,0.12250000000000001,0.12617220801364024,0.22533391304155423,0.0
1409700150706,0.0,0.0,0.0,0.0,0.0,0.0,0.0,0.0,21,2100.0,0.5833333333333334,0.19047619047619047,0.0,40.0,0.0,0.0,0.0,0.0,0.0,0.0,0.0,0.0,0.0,0.3155444333240061,0.7182370103578016,0.0,0.5,0.19444444444444445,0.21688389130249594,0.0
1409700010532,0.0,0.0,0.0,147.48094049663138,60.0,70.33706392916265,2.268937546102021,1.113161889221303,2209,5012.083039339364,0.48654104979811574,0.20461747397012223,122.3068138,19.8098256735,0.0,0.0,0.0,0.0,0.5460243275095542,0.4377230725854981,0.47638792197219565,0.1891910294078198,0.7638947861330474,0.7861192900635441,0.799883048841228,0.9581081149731332,0.24762282091875001,0.16218034993270525,0.23298572841141824,0.0
1409708352740,0.0,0.0,0.0,94.32103950309505,20.0,61.30867567701178,0.0,0.7909873504355756,1791,8446.449087502162,0.4146919431279621,0.21552205471803462,120.6719943,34.9823321555,0.0,0.0,0.0,0.0,0.49762849044808305,0.3241786929076167,0.4612821534483484,0.0,0.5428061441427996,0.7647164428668054,0.8488735636930177,0.9453015199781263,0.43727915194375006,0.1382306477093207,0.2454021249159732,0.0
1409708332454,0.0,0.0,0.0,21.42071925929294,0.0,10.71035962964647,0.0,0.6931471805599453,1710,18314.714966695465,0.5419296663660956,0.12573099415204678,123.8514118,20.2846975089,0.0,0.0,0.0,0.0,0.33959453606293744,0.0,0.2746720817608238,0.0,0.4756644315437017,0.75999464001205,0.9215307815179721,0.9702079467992752,0.25355871886125,0.18064322212203188,0.14316239316239315,0.0
1409700011136,0.0,0.0,0.0,100.0,0.0,100.0,0.0,0.0,152,15200.0,0.6,0.23026315789473684,120.0537204,25.7142857143,0.0,0.0,0.0,0.0,0.5039475945017607,0.0,0.5152035003827543,0.0,0.0,0.5135247112354567,0.9040307624035911,0.9404581819623494,0.32142857142875003,0.19999999999999998,0.2621869409660107,0.0
1409700152492,0.0,0.0,0.0,0.0,0.0,0.0,0.0,0.0,5,460.09714910130754,0.0,0.0,0.0,0.0,0.0,0.0,0.0,0.0,0.0,0.0,0.0,0.0,0.0,0.18290907837782105,0.5758545972188774,0.0,0.0,0.0,0.0,0.0
1409700381812,0.0,0.0,0.0,98.56373270962133,0.0,0.0,0.0,0.5297061990576545,91,996.588852952838,0.4,0.26373626373626374,114.9564546,57.1428571429,0.0,0.0,0.0,0.0,0.5023836453964168,0.0,0.0,0.0,0.36350490217155795,0.46160000572159876,0.648308792604894,0.9005280131073169,0.71428571428625,0.13333333333333333,0.3003007725726867,0.0
1409700151723,0.0,0.0,0.0,0.0,0.0,0.0,0.0,0.0,26,513.6878911631217,0.47058823529411764,0.23076923076923078,0.0,42.8571428571,0.0,0.0,0.0,0.0,0.0,0.0,0.0,0.0,0.0,0.3364505638160346,0.5861774468533246,0.0,0.53571428571375,0.1568627450980392,0.2627631760011009,0.0
1409700382261,0.0,0.0,0.0,0.0,0.0,0.0,0.0,0.0,0,0.0,0.0,0.0,0.0,0.0,0.0,0.0,0.0,0.0,0.0,0.0,0.0,0.0,0.0,0.0,0.0,0.0,0.0,0.0,0.0,0.0
1409708332276,0.0,0.0,0.0,171.68819207610164,0.0,108.0999727886566,6.358821928744506,0.8958309703600935,2418,15375.631423704215,0.5450479233226837,0.14185277088502896,124.4429894,13.4078212291,0.0,0.0,0.0,0.0,0.562516142291506,0.0,0.5238153933774382,0.31879907055658613,0.6147538953146258,0.7953437303391612,0.9051092866676814,0.9748421554879521,0.16759776536374998,0.18168264110756124,0.16151929994332903,0.0
1409708221973,0.0,0.0,0.0,326.8295154857788,0.0,175.98512372311168,5.028146392088905,0.9627309061625499,3639,18297.424720811527,0.5571245186136072,0.19703215169002472,118.3417004,39.3301435407,0.0,0.0,0.0,0.0,0.6325107345173331,0.0,0.5778239480399759,0.2869398793738719,0.6606632213946637,0.8370580549373919,0.9214421110233008,0.9270468256851875,0.49162679425875,0.18570817287120242,0.22434877379374013,0.0
1409700152539,0.0,0.0,0.0,122.87196129578936,0.0,92.15397097184201,0.0,0.5623351446188083,54,1658.7714774931565,0.7096774193548387,0.12962962962962962,0.0,6.6666666667,0.0,0.0,0.0,0.0,0.5262373237793996,0.0,0.5061760321828417,0.0,0.3858961478946939,0.4090825985585658,0.6961051429482056,0.0,0.08333333333375001,0.23655913978494625,0.14760153713642085,0.0
1409708221920,0.0,0.0,0.0,509.8005447808615,60.0,272.4796015208053,8.789664565187268,0.9416090763049237,3386,14880.902108862045,0.5475319926873857,0.19432959243945658,120.3096736,31.847133758,0.0,0.0,0.0,0.0,0.6809370851833005,0.4377230725854981,0.6264026691887239,0.36438951914265943,0.6461686039827105,0.8297040506508033,0.902038955395105,0.9424632283727182,0.398089171975,0.18251066422912857,0.22127153056836155,0.0
1409708221579,0.0,0.0,0.0,562.8957950025515,355.0,258.62779770387505,36.51215967584118,1.125841654243409,3884,11817.769015080596,0.4801829268292683,0.20468589083419156,122.025584,23.4042553191,0.0,0.0,0.0,0.0,0.6917353991410179,0.625558656310818,0.6206001693283277,0.5789568418461872,0.7725961318075338,0.8437077029124063,0.8804024732288748,0.9559050606609435,0.29255319148875,0.1600609756097561,0.2330636306188961,0.0
140970822251A,0.0,0.0,0.0,200.0,0.0,200.0,0.0,0.0,156,15600.0,0.7528089887640449,0.15384615384615385,117.62722,47.7272727273,0.0,0.0,0.0,0.0,0.5790938159844544,0.0,0.5920281479667925,0.0,0.0,0.5161592703659209,0.9064693157092976,0.9214498401374431,0.59659090909125,0.250936329588015,0.1751754506674006,0.0
1409708221545,0.0,0.0,0.0,274.8406798310815,80.0,130.33681723948195,31.16749977465873,1.2109487066742564,5032,14257.714442371156,0.4769592016436748,0.20588235294117646,121.274477,24.4488977956,0.0,0.0,0.0,0.0,0.613656024767724,0.46791797799195844,0.5445235219443024,0.5544054431545631,0.8309998862340845,0.8701364314705101,0.8980227760607246,0.9500211553448431,0.305611222445,0.1589864005478916,0.23442597074608018,0.0
1409700010636,0.0,0.0,0.0,13.95798109769149,215.0,2.791596219538298,1.395798109769149,1.2206072645530173,429,598.797389090965,0.4542372881355932,0.1888111888111888,123.5826638,6.3492063492,0.0,0.0,0.0,0.0,0.29539894145581297,0.5723560144035595,0.14878410539735845,0.13955609061065063,0.8376279625961948,0.6190124193845936,0.6005448026013218,0.9681026704726117,0.07936507936500001,0.15141242937853108,0.2149880530918098,0.0
1409700092844,0.0,0.0,0.0,234.53150001639378,0.0,138.5867954642327,5.330261364008949,1.0151461156294217,2893,15420.446126077892,0.5194327731092437,0.17248530936743864,123.0082145,22.5479143179,0.0,0.0,0.0,0.0,0.5964055476312343,0.0,0.5513244156972594,0.294750841983441,0.6966325674650939,0.8136458111812033,0.9053825138972362,0.9636026387992279,0.28184892897374997,0.17314425770308126,0.19639874671265597,0.0
1409701151511,0.0,0.0,0.0,122.68301827858014,0.0,39.78908700926924,6.631514501544872,1.096610827926923,1429,4738.217111353812,0.44343434343434346,0.17844646606018194,123.2573854,19.589977221,0.0,0.0,0.0,0.0,0.5260706406714167,0.0,0.41398445838036296,0.32461097061420585,0.752536807073425,0.741680497590307,0.794608662830973,0.9655545550816319,0.24487471526250001,0.1478114478114478,0.20318636072863291,0.0
1409708312986,0.0,0.0,0.0,403.8157117112347,20.0,72.10994851986334,36.05497425993167,0.88024085968198,7,50.47696396390434,0.0,0.0,0.0,0.0,0.0,0.0,0.0,0.0,0.6555441118404693,0.3241786929076167,0.4791283567138433,0.5769981836481736,0.6040553577725446,0.21227667131742858,0.3700138786246419,0.0,0.0,0.0,0.0,0.0
1409700010918,0.0,0.0,0.0,1451.3288991510926,1060.0,706.1273297792816,86.52153052631513,1.0514411359069846,3178,8869.852387504177,0.5707220573689417,0.1749528005034613,119.9316943,11.0814419226,0.0,0.0,0.0,0.0,0.7950396881435589,0.7418379554512499,0.732452973216648,0.7142806900012245,0.721539615596268,0.823234213601064,0.8534651447769273,0.9395022728595278,0.1385180240325,0.19024068578964723,0.19920833187916479,0.0
1409708432666,0.0,0.0,0.0,413.1867284405385,80.0,209.0824408976219,34.847073482936985,1.0680817941930256,4498,22391.733789464364,0.46479791395045633,0.2056469542018675,121.8915748,24.6511627907,0.0,0.0,0.0,0.0,0.6580430343944085,0.46791797799195844,0.5969618178726397,0.5717047243869184,0.7329590795804515,0.8586866360334994,0.9403995397513141,0.9548552802111723,0.30813953488375,0.15493263798348544,0.23415793622448774,0.0
1409708221564,0.0,0.0,0.0,379.0112511514611,20.0,213.7281491455608,5.699417310548288,0.8152413406132283,6001,17101.101640300138,0.4070339976553341,0.23046158973504416,122.7218176,19.6256381168,0.0,0.0,0.0,0.0,0.6486396018522963,0.3241786929076167,0.5994035592688912,0.30380401251850425,0.5594501712326884,0.888110938879757,0.9150941984985304,0.9613591072618775,0.24532047646000002,0.1356779992184447,0.2624128834818526,0.0
1409700353448,0.0,0.0,0.0,0.0,0.0,0.0,0.0,0.0,0,0.0,0.0,0.0,0.0,0.0,0.0,0.0,0.0,0.0,0.0,0.0,0.0,0.0,0.0,0.0,0.0,0.0,0.0,0.0,0.0,0.0
1409700350867,0.0,0.0,0.0,75.40413758166622,75.0,47.98445118833305,3.4274607991666466,0.9828476107263153,440,1508.0827516333245,0.6021897810218978,0.2,116.9699555,33.6363636364,0.0,0.0,0.0,0.0,0.4734730833198687,0.46113356110959247,0.4344233095165164,0.23764600213040957,0.674468082915021,0.6215910145846814,0.6871693532364731,0.9163010636174079,0.420454545455,0.20072992700729927,0.22772808586762075,0.0
1409700092859,0.0,0.0,0.0,334.6509001087557,0.0,103.85717589582073,11.539686210646748,1.0420448776462394,1390,16040.16383279898,0.5342163355408388,0.14532374100719425,120.5281315,31.4285714286,0.0,0.0,0.0,0.0,0.6350853239337557,0.0,0.5193873880888612,0.40393334000005887,0.7150915393873672,0.7388577324824557,0.9090814948610266,0.944174549927642,0.3928571428575,0.17807211184694627,0.16547148685345106,0.0
1409700010208,0.0,0.0,0.0,128.29711263791273,80.0,81.96759974088869,0.0,0.8491285283917981,953,3396.309676220301,0.5103011093502378,0.20146904512067157,119.4794099,15.5251141553,0.0,0.0,0.0,0.0,0.5309179075238204,0.46791797799195844,0.4932484393434478,0.0,0.5827048714801693,0.7003605622050622,0.7633554226046276,0.9359592375988401,0.19406392694125002,0.17010036978341259,0.22940080003453928,0.0
1409700150689,0.0,0.0,0.0,0.0,0.0,0.0,0.0,0.0,12,644.0719073316654,0.0,0.0,0.0,33.3333333333,0.0,0.0,0.0,0.0,0.0,0.0,0.0,0.0,0.0,0.2618390085925983,0.6073768116929389,0.0,0.41666666666624996,0.0,0.0,0.0
1409700382242,0.0,0.0,0.0,35.89220833491265,0.0,15.382375000676852,10.254916667117902,1.277034259466139,1332,6829.774500300522,0.43844492440604754,0.19894894894894896,123.822137,10.8991825613,0.0,0.0,0.0,0.0,0.3939752173437438,0.0,0.3121511443958841,0.38666790025289444,0.8763503511621945,0.734509907212419,0.8289298809603113,0.9699786184195001,0.13623978201625,0.14614830813534918,0.22653131664759574,0.0
1409708312030,0.0,0.0,0.0,622.6305267094882,510.0,264.94916030190984,39.74237404528648,1.0695057258121319,0,0.0,0.0,0.0,0.0,0.0,0.0,0.0,0.0,0.0,0.7027300817124015,0.6640444219398804,0.6232856441372374,0.5921508570128033,0.7339362365871527,0.0,0.0,0.0,0.0,0.0,0.0,0.0
1409700150725,0.0,0.0,0.0,184.17247504497513,0.0,184.17247504497513,0.0,0.0,159,9761.141177383683,0.65625,0.1509433962264151,116.364092,18.75,0.0,0.0,0.0,0.0,0.5701379543867274,0.0,0.5828722529998679,0.0,0.0,0.5180915078694169,0.8624537878740102,0.9115549442649307,0.234375,0.21875,0.1718702534849968,0.0
1409708362806,0.0,0.0,0.0,206.68815009434314,75.0,132.0507625602748,11.482675005241285,0.8968284482286306,4856,13939.96745636292,0.542566709021601,0.17977759472817134,121.9466404,26.8603827073,0.0,0.0,0.0,0.0,0.5826680671311346,0.46113356110959247,0.5459709192222623,0.4032054915168806,0.6154384032468831,0.8665027422820704,0.8959069382456255,0.9552866445528363,0.33575478384125,0.18085556967386698,0.20470203764665662,0.0
140970009283A,0.0,0.0,0.0,282.3586704363484,0.0,147.31756718418177,12.276463932015147,1.0554634988850375,2016,12374.67564347127,0.5101123595505618,0.17559523809523808,122.9135018,20.7395498392,0.0,0.0,0.0,0.0,0.6165922787181167,0.0,0.5580971388480246,0.4130528447682022,0.7242999168036859,0.7767907715291024,0.8847253236701538,0.962860693165607,0.25924437298999997,0.1700374531835206,0.19993983729448844,0.0
1409708223452,0.0,0.0,0.0,0.0,0.0,0.0,0.0,0.0,141,1008.3254351278536,0.5842696629213483,0.1347517730496454,117.9745414,37.7777777778,0.0,0.0,0.0,0.0,0.0,0.0,0.0,0.0,0.0,0.5059081730966092,0.6494068992855336,0.9241706325569726,0.4722222222225,0.1947565543071161,0.15343381671931894,0.0
1409708223077,0.0,0.0,0.0,361.4014217473225,40.0,200.34209249036354,0.0,0.8909110102090698,4356,17111.571664471052,0.5523877405559515,0.16758494031221305,118.2077251,41.1807055436,0.0,0.0,0.0,0.0,0.6434584828661405,0.39541864552742145,0.5922179819363732,0.0,0.6113776281752805,0.8554126749827962,0.9151516580278322,0.9259973107959691,0.514758819295,0.18412924685198384,0.19081898838769876,0.0
1409700010513,0.0,0.0,0.0,374.01384050889857,0.0,93.50346012722464,0.0,0.5623351446188083,106,9911.366773485812,0.5,0.1320754716981132,120.6965621,11.5384615385,0.0,0.0,0.0,0.0,0.6471940877913481,0.0,0.5077816303836084,0.0,0.3858961478946939,0.4770187238898574,0.8638875439132181,0.9454939753926344,0.14423076923125,0.16666666666666666,0.1503864717993722,0.0
1409708221583,0.0,0.0,0.0,308.22152133215843,0.0,170.50552243906634,6.55790470919486,0.9676406544130673,5124,16801.35186495723,0.5110586847537599,0.21155347384855583,121.4882783,25.9629101284,0.0,0.0,0.0,0.0,0.6261298450919349,0.0,0.5743130405798029,0.32306284527339063,0.6640324807325124,0.8719856023378891,0.9134340757635309,0.9516959987501891,0.324536376605,0.17035289491791997,0.2408833382908869,0.0
1409708311653,0.0,0.0,0.0,417.14925444784836,160.0,176.75815866434252,60.09777394587646,1.271919624267797,4111,14533.055805382242,0.4239695185313474,0.1770858671855996,124.6936133,8.9815557338,0.0,0.0,0.0,0.0,0.6590827368323592,0.5410645048185279,0.5783104800133384,0.6568733104058729,0.87284049046824,0.8495046721298937,0.8998184521878266,0.9768054540560013,0.11226944667250001,0.14132317284378246,0.20163712784192153,0.0
1409708223700,0.0,0.0,0.0,99.09839538020725,0.0,66.06559692013816,0.0,0.7621042220469585,3308,13659.062163238566,0.6106237816764133,0.1807738814993954,115.974506,46.993987976,0.0,0.0,0.0,0.0,0.5029684590876082,0.0,0.46949511182720277,0.0,0.5229854231884465,0.8273256536350829,0.8939958691103577,0.9085030659886287,0.5874248497,0.20354126055880442,0.20583645004358708,0.0
1409700383255,0.0,0.0,0.0,111.7923598791267,60.0,62.88320243200877,0.0,0.8647400965276372,852,5952.9431635634965,0.4261744966442953,0.18427230046948356,121.4544441,31.0954063604,0.0,0.0,0.0,0.0,0.516005777877855,0.4377230725854981,0.46406806249572563,0.0,0.5934181339604997,0.68893699752961,0.8160315349536099,0.951430953651094,0.38869257950499997,0.14205816554809844,0.20981989132169282,0.0
140970822155A,0.0,0.0,0.0,628.8357272236935,20.0,260.04484960378306,23.640440873071185,0.9736914059321338,3676,17380.452129881935,0.48705501618122976,0.2105549510337323,121.3077533,27.5927687916,0.0,0.0,0.0,0.0,0.7038112145213659,0.3241786929076167,0.6212078113778411,0.5118274054635941,0.66818474068891,0.8380904785281491,0.9166153542526312,0.9502818300535999,0.344909609895,0.16235167206040993,0.23974637984431238,0.0
1409700010528,0.0,0.0,0.0,71.37250156702626,0.0,28.549000626810503,0.0,1.0549201679861442,1345,6399.734307176687,0.5694282380396732,0.13234200743494423,124.0221751,13.2992327366,0.0,0.0,0.0,0.0,0.46755358042221057,0.0,0.37799766370454224,0.0,0.7239270621049861,0.7355006469816893,0.8228249686376582,0.9715456458070929,0.1662404092075,0.18980941267989107,0.15068996016519143,0.0
1409708531884,0.0,0.0,0.0,108.28224109362552,0.0,108.28224109362552,0.0,0.0,619,16756.67680923855,0.4844124700239808,0.1938610662358643,124.4826016,11.5606936416,0.0,0.0,0.0,0.0,0.5125536138760655,0.0,0.524001739236116,0.0,0.0,0.6563682704926591,0.9131841161757139,0.9751524633857115,0.14450867052,0.16147082334132692,0.2207380476907471,0.0
1409700010566,0.0,0.0,0.0,120.70103982761994,0.0,30.175259956904984,30.175259956904984,1.0397207708399179,1,30.175259956904984,0.0,0.0,0.0,0.0,0.0,0.0,0.0,0.0,0.5243066578390224,0.0,0.3839784348074491,0.5494009109117153,0.7134966473155525,0.07075889043914287,0.32292959166995955,0.0,0.0,0.0,0.0,0.0
1409708222172,0.0,0.0,0.0,95.92496512499295,0.0,74.60830620832786,0.0,0.6711537920120574,4003,14221.764273901734,0.5626708317063647,0.19110666999750187,116.9693543,36.5051903114,0.0,0.0,0.0,0.0,0.4994505782678896,0.0,0.4828794420999803,0.0,0.4605717168147754,0.8467876517094097,0.8977857667589952,0.9162963540302573,0.4563148788925,0.18755694390212155,0.21760178077533082,0.0
1409708363382,0.0,0.0,0.0,34.8631989162335,0.0,34.8631989162335,0.0,0.0,936,16315.977092797279,0.5574043261231281,0.15491452991452992,122.1921789,24.3986254296,0.0,0.0,0.0,0.0,0.390886235466613,0.0,0.399616862866349,0.0,0.0,0.6985250611371271,0.9106820434440307,0.957210105904491,0.30498281787,0.18580144204104268,0.17639194685259085,0.0
140970833162A,0.0,0.0,0.0,174.47097268896675,0.0,114.07717445047825,0.0,0.7657827233140068,2035,13655.708823924897,0.46508279337652986,0.20196560196560195,123.4637708,16.7820069204,0.0,0.0,0.0,0.0,0.5642617341657415,0.0,0.5297697558746585,0.0,0.5255097531766458,0.7777478900659155,0.8939728188993876,0.9671713049617762,0.209775086505,0.15502759779217662,0.22996619973364157,0.0
1409700150693,0.0,0.0,0.0,0.0,0.0,0.0,0.0,0.0,17,1700.0,0.7777777777777778,0.0,0.0,25.0,0.0,0.0,0.0,0.0,0.0,0.0,0.0,0.0,0.0,0.29505926631649926,0.698408744380874,0.0,0.3125,0.25925925925925924,0.0,0.0
1409708331475,0.0,0.0,0.0,197.11790803629788,0.0,122.02537164151772,0.0,0.8080599286573673,1644,15431.51622912732,0.4717994628469114,0.2110705596107056,123.4307777,14.8387096774,0.0,0.0,0.0,0.0,0.5775167622377353,0.0,0.5372255127903626,0.0,0.5545220083093302,0.7559789190177074,0.9054498840451234,0.9669128487411781,0.18548387096750002,0.15726648761563713,0.24033347261576762,0.0
140970862340A,0.0,0.0,0.0,430.3149886188881,0.0,187.09347331256006,0.0,0.8715227213150318,3032,18908.913702789403,0.46970431410567137,0.14643799472295516,123.2572008,21.472392638,0.0,0.0,0.0,0.0,0.6624678023858553,0.0,0.5846194728151516,0.0,0.5980726336892067,0.8184348136497868,0.9245282410945073,0.9655531089908335,0.268404907975,0.15656810470189045,0.16674022118275664,0.0
1409700381808,0.0,0.0,0.0,732.3936494061302,100.0,348.42027981456675,24.887162843897627,1.0979871321926025,1517,5393.403719170386,0.5590955806783144,0.16941331575477916,117.0000663,24.5478036176,0.0,0.0,0.0,0.0,0.7204332501507482,0.49141491559492917,0.6537583566392798,0.5197112375120994,0.7534812803462393,0.7477768461059973,0.8067658576193524,0.9165369409240928,0.30684754522,0.18636519355943815,0.1929008505866135,0.0
1409700011085,0.0,0.0,0.0,0.0,0.0,0.0,0.0,0.0,60,6000.0,0.42857142857142855,0.15,0.0,0.0,0.0,0.0,0.0,0.0,0.0,0.0,0.0,0.0,0.0,0.41965239349194616,0.8167706366817646,0.0,0.0,0.14285714285714285,0.17079606440071554,0.0
140970833148A,0.0,0.0,0.0,85.30656273746126,0.0,54.285994469293534,7.755142067041934,1.0335620542068176,1937,15021.710183860225,0.4107793153678077,0.2214765100671141,123.8899384,17.223198594,0.0,0.0,0.0,0.0,0.48678053281832034,0.0,0.4479328636927532,0.3465502507989193,0.709270297517872,0.7727120512530967,0.9029230919729836,0.9705097504924259,0.215289982425,0.1369264384559359,0.25218210851112366,0.0
1409708312026,0.0,0.0,0.0,128.69269625415612,40.0,27.97667309872959,27.97667309872959,1.285572451287814,2426,13574.281787503598,0.43805572021339656,0.1652926628194559,125.3703193,6.6206896552,0.0,0.0,0.0,0.0,0.5312514785220249,0.39541864552742145,0.3758142410493282,0.5377194853915018,0.8822095889592627,0.7956807789337011,0.8934113608686803,0.9821065283780848,0.08275862068999999,0.14601857340446553,0.18820890855918368,0.0
1412000015548,167.46830133480233,57.01048556078377,45760.705650919255,192.41038876764523,115.0,106.89466042646957,10.689466042646957,1.158893032828958,3367,11997.144055197436,0.526431718061674,0.1193941193941194,117.4122178,26.1569416499,0.0,0.7671404573007324,0.9295748302016756,0.6910492465084499,0.5748908379149034,0.5061590729886817,0.5225752244701283,0.39271884214053987,0.7952772674271443,0.8291297822210827,0.8818166754498642,0.9197655893082627,0.32696177062375,0.17547723935389134,0.13594697136736492,0.0
140970023276A,0.0,0.0,0.0,72.28586071348734,20.0,51.29964308699102,2.3318019584995917,0.8009451071538514,2245,5234.895396831584,0.505700871898055,0.1955456570155902,119.2311442,26.9938650307,0.0,0.0,0.0,0.0,0.46892302410681325,0.3241786929076167,0.44173383078558826,0.19223355116997234,0.5496395423325214,0.7877687900506508,0.8039658092218055,0.9340144123315542,0.33742331288375,0.16856695729935167,0.22265619085943322,0.0
1409708532083,0.0,0.0,0.0,332.26003452044233,0.0,83.06500863011058,0.0,1.0397207708399179,99,8223.435854380949,0.4264705882352941,0.20202020202020202,121.4310132,17.8571428571,0.0,0.0,0.0,0.0,0.6343047374247066,0.0,0.4947153349702728,0.0,0.7134966473155525,0.470111892225691,0.846361685367627,0.9512474043071643,0.22321428571375002,0.14215686274509803,0.2300283695632533,0.0
1409708622929,0.0,0.0,0.0,129.3643966144021,75.0,95.32113434745419,6.808652453389585,0.8238204405607832,2998,10206.170027630988,0.5493540051679586,0.16911274182788524,119.3964953,35.4279523294,0.0,0.0,0.0,0.0,0.5318155578306863,0.46113356110959247,0.5099084006955129,0.32827608030680916,0.5653374817695554,0.8172839927712034,0.866639060546025,0.9353097140879125,0.4428494041175,0.18311800172265288,0.19255860496144714,0.0
1409708333594,0.0,0.0,0.0,63.96515325499007,0.0,31.982576627495035,0.0,0.6931471805599453,1164,12409.239731468073,0.4715549936788875,0.12371134020618557,123.8313643,14.0583554377,0.0,0.0,0.0,0.0,0.4557632189359038,0.0,0.390269514896242,0.0,0.4756644315437017,0.7207581414763201,0.8849871704182857,0.9700509018085822,0.17572944297124998,0.1571849978929625,0.14086273352636336,0.0
1409708223486,0.0,0.0,0.0,25.02293905217044,0.0,25.02293905217044,0.0,0.0,667,16690.30034779768,0.5511627906976744,0.18440779610194902,117.1936911,47.619047619,0.0,0.0,0.0,0.0,0.35586380235212456,0.0,0.3638121872822843,0.0,0.0,0.663980503944486,0.9128115026735569,0.9180537287985884,0.5952380952375,0.18372093023255812,0.2099741721268167,0.0
1409700012331,0.0,0.0,0.0,0.0,0.0,0.0,0.0,0.0,615,5851.814215053458,0.4073226544622426,0.15121951219512195,126.0579352,4.9751243781,0.0,0.0,0.0,0.0,0.0,0.0,0.0,0.0,0.0,0.6557075335559542,0.8144231787535803,0.9874930669797023,0.062189054726250005,0.13577421815408086,0.17218465029015226,0.0
1409701153433,0.0,0.0,0.0,0.0,0.0,0.0,0.0,0.0,30,1230.1752860207405,0.5789473684210527,0.0,0.0,11.1111111111,0.0,0.0,0.0,0.0,0.0,0.0,0.0,0.0,0.0,0.35055343394067073,0.6680606530261504,0.0,0.13888888888875,0.1929824561403509,0.0,0.0
1409700012134,0.0,0.0,0.0,78.13581914187498,0.0,34.72703072972221,0.0,1.0091366718296015,2047,5923.8526586451135,0.6255961844197139,0.18270639960918417,118.7608448,37.1048252912,0.0,0.0,0.0,0.0,0.4773089639235785,0.0,0.3991921961970207,0.0,0.6925086544649341,0.7783477948305716,0.8155716952424825,0.9303302539628813,0.46381031614,0.20853206147323797,0.2080368932938206,0.0
1409700151333,0.0,0.0,0.0,79.33934144054412,0.0,0.0,0.0,0.0,55,4363.663779229926,0.5428571428571428,0.09090909090909091,0.0,0.0,0.0,0.0,0.0,0.0,0.478957132629782,0.0,0.0,0.0,0.0,0.41092199067109114,0.7868790261383733,0.0,0.0,0.18095238095238095,0.10351276630346398,0.0
1409708222219,0.0,0.0,0.0,285.97063357826255,140.0,158.19652070286864,36.50688939296968,1.1398690432166863,3099,18855.808371468844,0.49493487698986977,0.19457889641819942,123.5244885,16.2068965517,0.0,0.0,0.0,0.0,0.6179753856421358,0.5269406107501234,0.565998995302386,0.5789343993754783,0.7822222692126174,0.8206653261663617,0.9242642095110044,0.9676469458462459,0.20258620689625,0.1649782923299566,0.221555398157753,0.0
1409708221530,0.0,0.0,0.0,393.1483288041996,450.0,182.5731555415514,22.40161417687747,1.0020995065620255,12802,14339.273234619268,0.4745450357060585,0.19371973129198564,123.1087569,16.4673157163,0.0,0.0,0.0,0.0,0.6526281033431821,0.6507449146438345,0.5819038930305305,0.5035880438998535,0.6876794792038062,0.9654480483167132,0.8985582619935164,0.9643902522309408,0.20584144645375,0.15818167856868617,0.2205771180095686,0.0
1409700013113,0.0,0.0,0.0,15.630770491482156,0.0,15.630770491482156,0.0,0.0,260,2032.0001638926803,0.6149068322981367,0.21923076923076923,112.9415313,18.9655172414,0.0,0.0,0.0,0.0,0.306974649935997,0.0,0.31383107271731153,0.0,0.0,0.5680457208670265,0.7151481141654233,0.884743820021106,0.2370689655175,0.2049689440993789,0.24962501720104582,0.0
1409708353522,0.0,0.0,0.0,113.37750081603936,0.0,113.37750081603936,0.0,0.0,538,20332.365146343058,0.563953488372093,0.17657992565055763,120.8695369,35.6725146199,0.0,0.0,0.0,0.0,0.5175296781430483,0.0,0.5290889462323392,0.0,0.0,0.6420761815921882,0.9313421246793233,0.9468489985055483,0.44590643274874997,0.187984496124031,0.2010610423552414,0.0
1409708432702,0.0,0.0,0.0,276.9880564398088,0.0,144.78921132080916,6.2951831009047465,0.8737190073152425,1961,12344.854060874208,0.5213343677269201,0.18561958184599694,121.3438739,25.129982669,0.0,0.0,0.0,0.0,0.6145027982207467,0.0,0.5561777205993167,0.3174117498731685,0.599579810175092,0.7739684794253139,0.884498816308571,0.9505647859977739,0.3141247833625,0.17377812257564004,0.21135396036668525,0.0
1409700382257,0.0,0.0,0.0,122.47652886321093,20.0,69.98658792183481,0.0,0.6829081047004717,146,1277.2552295734854,0.5698924731182796,0.21232876712328766,119.279719,30.5555555556,0.0,0.0,0.0,0.0,0.5258881869059898,0.3241786929076167,0.4758381180343144,0.0,0.4686379812675931,0.5094408266460031,0.6715838626598968,0.9343949300526625,0.38194444444500003,0.1899641577060932,0.2417661185580905,0.0
1409700150710,0.0,0.0,0.0,97.86807104882365,0.0,65.24538069921577,0.0,0.6365141682948128,187,6100.443095376675,0.5847457627118644,0.21390374331550802,116.278571,17.9487179487,0.0,0.0,0.0,0.0,0.501618011955477,0.0,0.4681214062073067,0.0,0.4368006658944782,0.5345543248686281,0.8183290540300217,0.9108850031426429,0.22435897435875002,0.19491525423728814,0.24355945012579758,0.0
1409708622914,0.0,0.0,0.0,282.88521340021373,0.0,181.0465365761368,5.657704268004275,0.8538110800832601,2600,14710.031096811113,0.543026706231454,0.17884615384615385,119.5980156,31.6326530612,0.0,0.0,0.0,0.0,0.6167949986456418,0.0,0.5809716495542467,0.30280638436499496,0.585918219742935,0.8027490465935572,0.9009547489915009,0.9368883525035739,0.395408163265,0.18100890207715134,0.20364146140085318,0.0
1409700150956,0.0,0.0,0.0,336.946704223877,40.0,189.5325211259308,14.741418309794618,1.0192598874869039,2030,4275.011309840439,0.546077684691546,0.19753694581280787,117.4786893,19.5071868583,0.0,0.0,0.0,0.0,0.635829658698385,0.39541864552742145,0.5860577468781719,0.4402547514511729,0.6994555969846096,0.7774968855127645,0.7849524544871445,0.9202863034171967,0.24383983572874998,0.18202589489718202,0.22492355279043327,0.0
1412000011225,87.96268734246027,36.96982511494707,17771.198916897374,572.3948785038357,5800.0,266.4377051387565,30.59571733650792,0.9290270427672255,3374,4301.247928890739,0.39396444811905745,0.13544754001185536,125.0511083,3.9101497504,0.0,0.6715939877784087,0.8476452214731416,0.6189202318553342,0.693559515981493,0.9227269973600524,0.6239087279737716,0.5515407340520138,0.6375343254366471,0.8293417308371424,0.7855267518482657,0.9796059428425248,0.04887687188,0.1313214827063525,0.15422604511188898,0.0
1409700150960,0.0,0.0,0.0,288.1200415993632,255.0,180.32002603497563,17.64000254689979,1.0306810528723092,2617,5129.320740581861,0.543952802359882,0.19526175009552924,119.2959301,15.6893819334,0.0,0.0,0.0,0.0,0.6187902069183415,0.5904467490922419,0.5805252504726938,0.467250944021122,0.7072932428597998,0.8034140880357689,0.8020533983837359,0.9345219220491023,0.1961172741675,0.18131760078662731,0.22233292296208293,0.0
1409700092882,0.0,0.0,0.0,195.52568838968122,0.0,123.10876676387336,0.0,0.7795536050790829,2210,16004.139679303538,0.5315315315315315,0.16832579185520363,122.0226132,31.9526627219,0.0,0.0,0.0,0.0,0.5766356472261371,0.0,0.5382042873454423,0.0,0.5349598654043966,0.7861654712452117,0.9088704169490085,0.9558817884694807,0.39940828402375,0.17717717717717718,0.19166255190668535,0.0
1409700092878,0.0,0.0,0.0,215.56261489038695,0.0,146.97451015253657,0.0,0.8158498651845185,1705,16706.10265400499,0.5471869328493648,0.16422287390029325,120.2198601,29.4776119403,0.0,0.0,0.0,0.0,0.5872370046404721,0.0,0.5578386318913129,0.0,0.5598677643534586,0.7596958879687529,0.9129003453366716,0.941759661330862,0.36847014925375,0.1823956442831216,0.18699080364496717,0.0
1409708222469,0.0,0.0,0.0,278.64836127828784,100.0,171.8331561216108,11.610348386595325,0.9605439652063298,7728,17944.954466321735,0.5403627665935818,0.1793478260869565,118.2557212,34.7368421053,0.0,0.0,0.0,0.0,0.6151530331781708,0.49141491559492917,0.5751738764590524,0.40483088836106446,0.6591624578397725,0.9139265026003158,0.9196160206719687,0.9263732951869308,0.43421052631625,0.1801209221978606,0.20421268569650772,0.0
1409700350551,0.0,0.0,0.0,99.76401122532855,115.0,60.966895748811886,8.313667602110712,1.0493483818080462,2259,6260.191704389366,0.5336048879837068,0.19079238601150952,118.4672848,17.5803402647,0.0,0.0,0.0,0.0,0.5036921596422743,0.5061590729886817,0.4606681262132262,0.35642804933986366,0.7201034867094303,0.7884031325288717,0.8207555355204189,0.9280306092456913,0.21975425330874998,0.1778682959945689,0.2172439243225864,0.0
1409707772365,0.0,0.0,0.0,180.58659588187768,60.0,113.62752100432752,10.145314375386386,0.9742168023335085,5277,10707.364791782793,0.536691904484566,0.1826795527761986,119.7481134,38.6052303861,0.0,0.0,0.0,0.0,0.568002644299664,0.4377230725854981,0.529332702616311,0.3851048285584894,0.6685452880410512,0.8749885633750738,0.8711394226798898,0.9380641653283178,0.48256537982625,0.17889730149485536,0.20800632440438355,0.0
1409701153429,0.0,0.0,0.0,134.25369580506035,0.0,111.87807983755029,0.0,0.45056120886630463,359,8032.84613233611,0.7342995169082126,0.10863509749303621,120.5973624,43.137254902,0.0,0.0,0.0,0.0,0.5358359678218284,0.0,0.5276158162038471,0.0,0.30919254568402477,0.6008741028684876,0.8441604246506449,0.9447168801955644,0.539215686275,0.24476650563607086,0.12369631405065751,0.0
1409708532238,0.0,0.0,0.0,156.63739086709822,75.0,92.55845823964896,7.119881403049919,0.987744021093442,4737,16863.439103123736,0.5680238331678252,0.16212792906903103,122.2855782,18.6656671664,0.0,0.0,0.0,0.0,0.5525586370672251,0.46113356110959247,0.5066597121050909,0.3345187126249492,0.6778281892808905,0.8639704735066843,0.9137803561352316,0.9579417628292568,0.23332083958,0.18934127772260842,0.18460541476285913,0.0
1409700010937,0.0,0.0,0.0,977.5108378953706,1335.0,529.6111350826311,72.6323842399037,1.0816394145372077,3051,9233.391846497758,0.5285571142284569,0.17731891183218618,118.8702248,15.4150197628,0.0,0.0,0.0,0.0,0.7519195176506637,0.7663780553783078,0.7003938273468645,0.6866798835546037,0.7422628435644456,0.8190723133407629,0.8572359344450484,0.9311870980123643,0.192687747035,0.17618570474281894,0.20190248189836582,0.0
1409708221916,0.0,0.0,0.0,426.4566697844632,135.0,171.50974763070803,23.176992923068653,1.0692549292577858,3696,17132.433168732347,0.5213074058750518,0.20914502164502163,121.9261252,29.00390625,0.0,0.0,0.0,0.0,0.6614866066375029,0.5230961742410409,0.5749647895883951,0.5087945803856084,0.7337641302815917,0.8386442281926576,0.9152660413022187,0.9551259357665504,0.362548828125,0.17376913529168392,0.23814097723981442,0.0
1409708221600,0.0,0.0,0.0,154.57510719620387,20.0,53.13519309869508,43.47424889893234,1.3782331002079513,3127,15104.886256329048,0.4862167300380228,0.19571474256475854,123.7681986,8.9758342923,0.0,0.0,0.0,0.0,0.5511206733713856,0.3241786929076167,0.4455846332494547,0.6061495957994804,0.9457969137456987,0.8215832315188419,0.9034414709450076,0.9695560841620615,0.11219792865375,0.1620722433460076,0.2228487185017331,0.0
1409708312971,0.0,0.0,0.0,39.16939713778898,305.0,15.387977446988527,2.797814081270641,1.1579952592694074,878,1228.2403816778115,0.43230016313213704,0.1674259681093394,123.100897,19.8529411765,0.0,0.0,0.0,0.0,0.4032682561989239,0.6094434759639596,0.31218931441255066,0.21314379010592968,0.7946611804519169,0.6920020903761571,0.6679129879244897,0.964328680567524,0.24816176470625,0.14410005437737902,0.19063797621036588,0.0
1409708312187,0.0,0.0,0.0,302.8857094435683,75.0,67.30793543190407,50.48095157392806,1.1623473479661313,0,0.0,0.0,0.0,0.0,0.0,0.0,0.0,0.0,0.0,0.6242291722778124,0.46113356110959247,0.4715441220904914,0.6295178970627923,0.7976477522133177,0.0,0.0,0.0,0.0,0.0,0.0,0.0
140970777244A,0.0,0.0,0.0,72.34898333444102,20.0,38.30240294176289,4.255822549084765,1.078364471654195,1084,2306.655821603943,0.5441595441595442,0.1881918819188192,118.9294733,39.9371069182,0.0,0.0,0.0,0.0,0.4690170354362359,0.3241786929076167,0.4098396166090378,0.26504082278543745,0.7400154509637458,0.7134958089680359,0.727045198910348,0.9316512297061456,0.4992138364775,0.18138651471984804,0.21428288522599,0.0
1409708331865,0.0,0.0,0.0,225.06665523948934,0.0,112.53332761974467,31.043676584757147,1.2137023423700182,3607,13996.817680152379,0.5183157894736842,0.1524812863875797,124.206164,13.0805687204,0.0,0.0,0.0,0.0,0.5919269439529541,0.0,0.5282619675031553,0.5537894155190543,0.832889537659695,0.836156649519073,0.8962890162387481,0.9729869494653113,0.163507109005,0.17277192982456138,0.1736213573983801,0.0
1409700010922,0.0,0.0,0.0,623.6530710816049,2060.0,206.07666696609553,43.38456146654643,1.0454288209509879,3406,6156.992348127381,0.5321637426900585,0.1752789195537287,118.2984137,13.325608343,0.0,0.0,0.0,0.0,0.7029089779972604,0.8125380380151578,0.5953530704884852,0.6058271627585163,0.7174137322975787,0.8303050738784479,0.8191951903359279,0.92670773306024,0.16657010428750002,0.1773879142300195,0.1995796642145766,0.0
1409708223062,0.0,0.0,0.0,48.95072187607188,0.0,42.831881641562894,0.0,0.37677016125643675,1917,11729.816729553724,0.6204564666103127,0.14501825769431403,116.3069024,44.1640378549,0.0,0.0,0.0,0.0,0.42706526498646086,0.0,0.4220161622067732,0.0,0.2585542718819048,0.7716530842845304,0.8797011913118135,0.9111069412620753,0.55205047318625,0.20681882220343759,0.1651236512029175,0.0
1409700013626,0.0,0.0,0.0,0.0,0.0,0.0,0.0,0.0,0,0.0,0.0,0.0,0.0,0.0,0.0,0.0,0.0,0.0,0.0,0.0,0.0,0.0,0.0,0.0,0.0,0.0,0.0,0.0,0.0,0.0
1409708353378,0.0,0.0,0.0,160.60805907231307,0.0,113.76404184288843,0.0,0.6036372515003262,2946,19714.63925112643,0.5407949790794979,0.19585879158180583,118.9528168,37.6666666667,0.0,0.0,0.0,0.0,0.5552750363294239,0.0,0.529465578850832,0.0,0.4142392527104472,0.8154984302573165,0.9284456796460159,0.9318340943895347,0.47083333333375005,0.18026499302649931,0.22301273853634956,0.0
1409700382524,0.0,0.0,0.0,13.652470387547755,0.0,8.191482232528653,0.0,0.6730116670092565,257,701.7369779199546,0.47701149425287354,0.24124513618677043,116.0906999,18.6440677966,0.0,0.0,0.0,0.0,0.2931455888917348,0.0,0.2476347431681633,0.0,0.46184666256829926,0.5668655516495693,0.6154153387635157,0.909413287709247,0.23305084745750002,0.1590038314176245,0.2746914654434336,0.0
1409700013132,0.0,0.0,0.0,127.9657923858453,0.0,102.37263390867624,0.0,0.5004024235381879,913,23366.553689655353,0.5679862306368331,0.1686746987951807,116.6921316,40.8759124088,0.0,0.0,0.0,0.0,0.5306377395332431,0.0,0.5177956093660482,0.0,0.3433955168700248,0.6959880094274462,0.9444001672350425,0.914124689915459,0.51094890511,0.18932874354561102,0.19205983145461988,0.0
1409708312045,0.0,0.0,0.0,155.1439183728093,0.0,77.57195918640465,0.0,0.9184277849930976,1336,17272.68957883944,0.4182590233545648,0.16467065868263472,125.5285215,6.8126520681,0.0,0.0,0.0,0.0,0.5515191818988693,0.0,0.4871716209675873,0.0,0.6302607043857141,0.7348157756070468,0.9160314678680258,0.9833458281923572,0.08515815085125,0.1394196744515216,0.18750066950178354,0.0
1409700323217,0.0,0.0,0.0,0.0,0.0,0.0,0.0,0.0,145,2766.7010276085234,0.7261904761904762,0.1724137931034483,106.9360621,35.8974358974,0.0,0.0,0.0,0.0,0.0,0.0,0.0,0.0,0.0,0.5087440082384499,0.7441120875366576,0.8376991084799309,0.44871794871750004,0.24206349206349206,0.19631731540312133,0.0
1409705601282,0.0,0.0,0.0,100.0,0.0,0.0,0.0,0.0,17,1700.0,0.3,0.0,0.0,25.0,0.0,0.0,0.0,0.0,0.5039475945017607,0.0,0.0,0.0,0.0,0.29505926631649926,0.698408744380874,0.0,0.3125,0.09999999999999999,0.0,0.0
1409700321437,0.0,0.0,0.0,159.04731693952445,0.0,114.86750667854544,0.0,0.7777899315559316,2102,18573.192233715577,0.4939587775408671,0.20313986679352997,120.1530911,22.3140495868,0.0,0.0,0.0,0.0,0.5542153530684277,0.0,0.5305338188882222,0.0,0.533749564349517,0.7810531290222026,0.9228464566356618,0.9412366167126508,0.27892561983499997,0.1646529258469557,0.23130326514147015,0.0
1409700321140,0.0,0.0,0.0,77.05268012875592,0.0,46.23160807725355,0.0,0.6730116670092565,395,6087.161730171718,0.5612648221343873,0.1670886075949367,119.0929523,10.2040816327,0.0,0.0,0.0,0.0,0.4758040812890068,0.0,0.4303554187031776,0.0,0.46184666256829926,0.6106036996405053,0.8181244660907071,0.9329318660963946,0.12755102040875,0.18708827404479578,0.19025384388940467,0.0
1412000017099,360.29843725385257,54.59067231118978,52144.744240368105,0.0,0.0,0.0,0.0,0.0,1151,12566.772766035887,0.4718670076726343,0.11294526498696786,125.9090399,1.1142061281,0.0,0.8813054209179406,0.9408874277974794,0.6837980273808529,0.0,0.0,0.0,0.0,0.0,0.7196126089513565,0.8861714282961821,0.9863266741126242,0.01392757660125,0.15728900255754477,0.12860404501646697,0.0
1412000012276,351.7670937760726,69.09710770601427,60881.91833591749,1067.8643918202204,120.0,420.86420148208686,106.78643918202205,1.2173963446405336,1864,11708.818978546416,0.4642576590730558,0.1636266094420601,121.5709917,11.8959107807,0.0,0.8777297053235874,0.9543062876602358,0.7232577039595061,0.7615636308682009,0.5106525382328262,0.6747910630746733,0.7475465549338222,0.8354245050366182,0.7687925082612542,0.8795329896524823,0.9523439461318174,0.14869888475874998,0.15475255302435192,0.1863118728262455,0.0
1409701802577,0.0,0.0,0.0,0.0,0.0,0.0,0.0,0.0,315,380.6266287038162,0.3695652173913043,0.15873015873015872,126.5799951,0.0,0.0,0.0,0.0,0.0,0.0,0.0,0.0,0.0,0.0,0.5875663121909275,0.5580947209914796,0.9915826987111771,0.0,0.12318840579710144,0.18073657608541327,0.0
140970180123A,0.0,0.0,0.0,6.508409498858124,20.0,0.0,0.0,0.6931471805599453,1415,4604.699720442122,0.3831867057673509,0.16042402826855123,124.803707,0.2277904328,0.0,0.0,0.0,0.0,0.22013948924136179,0.3241786929076167,0.0,0.0,0.4756644315437017,0.7406761542784867,0.7919256749255847,0.9776678889776559,0.00284738041,0.12772890192245032,0.18266528442385127,0.0
1409704241776,0.0,0.0,0.0,94.97371839087094,675.0,32.74955806581757,3.274955806581757,0.7792771206047009,1945,6369.7890438015165,0.39326647564469913,0.17737789203084833,125.6861494,0.6493506494,0.0,0.0,0.0,0.0,0.49837361780173556,0.6938398377201155,0.39283573979658587,0.23204717638726086,0.5347701310535602,0.7731325812003622,0.8223847048202179,0.9845806291445195,0.0081168831175,0.1310888252148997,0.20196963913709295,0.0
1409704240975,0.0,0.0,0.0,434.6555802783557,1385.0,142.25091718200733,33.587022112418396,1.2344942455742758,2346,4635.009051513739,0.48030495552731894,0.17561807331628304,121.0127243,12.5214408233,0.0,0.0,0.0,0.0,0.6635612060661423,0.7702903001585496,0.5542169773691634,0.5659891492064711,0.8471577466284964,0.7922591431613271,0.7925414929464063,0.9479706777124504,0.15651801029125,0.16010165184243966,0.1999658384003831,0.0
140970424098A,5.588108110873717,0.0,362.6566957536904,642.6324327504775,415.0,293.3756758208702,47.4989189424266,1.1681403860194586,4353,12162.517303316647,0.4711051030753633,0.1872271996324374,118.4526696,18.9493433396,0.0,0.2821016562936553,0.510750632569127,0.0,0.7061773337358224,0.6421432934061787,0.6346222360872676,0.6199869303917935,0.8016231592117578,0.8553423614681334,0.883101879273542,0.9279161189627143,0.23686679174499997,0.15703503435845442,0.21318445897324936,0.0
1409700320509,0.0,0.0,0.0,173.62972700766403,0.0,86.81486350383202,21.703715875958004,1.2130075659799042,544,11806.821436521153,0.6287425149700598,0.17647058823529413,114.4545189,27.6923076923,0.0,0.0,0.0,0.0,0.5637369713779831,0.0,0.4995870750580668,0.4987520864125036,0.832412755201478,0.6432062687825173,0.880315468308893,0.8965960272070782,0.34615384615375,0.20958083832335328,0.20093654635378302,0.0
140970032116A,0.0,0.0,0.0,76.30579741815028,20.0,50.87053161210018,8.478421935350031,1.0027182645175161,1707,14472.666243642501,0.4248747913188648,0.2325717633274751,120.3444083,22.6781857451,0.0,0.0,0.0,0.0,0.47475416875342813,0.3241786929076167,0.4408141122345398,0.3592288435234846,0.6881040948690158,0.7598154937238943,0.8994275432110703,0.9427353276688014,0.28347732181374996,0.1416249304396216,0.2648156124471161,0.0
1409701801244,0.0,0.0,0.0,259.6939634532735,2855.0,62.862427661308274,51.52658005025268,1.2196764593955363,2032,2094.040213242269,0.402002861230329,0.15846456692913385,124.1566025,3.7906137184,0.0,0.0,0.0,0.0,0.6074891026601582,0.8472748671486576,0.4640317533572511,0.6327296012667016,0.8369892080595991,0.7775973614070327,0.7179703133550298,0.9725987022870479,0.04738267148,0.134000953743443,0.18043416252306566,0.0
1409704240443,0.0,0.0,0.0,348.3201918487359,2235.0,45.10621189408091,182.9307482371059,1.1167839606209582,186,466.09752290550273,0.390625,0.21505376344086022,122.6811619,4.6153846154,0.0,0.0,0.0,0.0,0.6394440919613753,0.8212158105125462,0.42766329764109134,0.8329058490495541,0.7663803917614738,0.5340098782429636,0.5770684668571819,0.9610406249559481,0.0576923076925,0.13020833333333334,0.24486890953507606,0.0
1409700320481,0.0,0.0,0.0,159.28551945629036,20.0,45.510148416082956,0.0,1.0789922078775833,54,614.38700361712,0.42105263157894735,0.2037037037037037,0.0,8.3333333333,0.0,0.0,0.0,0.0,0.5543777498030068,0.3241786929076167,0.42863706210121894,0.0,0.740446227863994,0.4090825985585658,0.6029538413476078,0.0,0.10416666666625,0.14035087719298245,0.23194527264294704,0.0
1409705603683,0.0,0.0,0.0,71.046625841919,0.0,71.046625841919,0.0,0.0,563,39999.250349000395,0.5467032967032966,0.19182948490230906,120.5092059,37.5,0.0,0.0,0.0,0.0,0.46706079215777374,0.0,0.4774928140080375,0.0,0.0,0.6467045128073063,0.9948669164571199,0.9440262935028578,0.46875,0.18223443223443223,0.21842480704887246,0.0
1409701801047,0.0,0.0,0.0,0.0,0.0,0.0,0.0,0.0,113,1462.5689279648964,0.44871794871794873,0.12389380530973451,127.5960829,0.0,0.0,0.0,0.0,0.0,0.0,0.0,0.0,0.0,0.0,0.48348771589499634,0.6842942065808407,0.9995423694478961,0.0,0.14957264957264957,0.14107049567020755,0.0
1409700321155,0.0,0.0,0.0,144.15803427688473,0.0,72.07901713844237,0.0,0.6931471805599453,111,8000.770902367103,0.5,0.25225225225225223,115.8719938,36.3636363636,0.0,0.0,0.0,0.0,0.5435528580355768,0.0,0.479081116649138,0.0,0.4756644315437017,0.48168088111023394,0.8437848368774371,0.9077000218437263,0.454545454545,0.16666666666666666,0.28722461280600814,0.0
1409700320496,0.0,0.0,0.0,100.0,0.0,100.0,0.0,0.0,128,12800.0,0.5058823529411764,0.3125,117.8685238,21.4285714286,0.0,0.0,0.0,0.0,0.5039475945017607,0.0,0.5152035003827543,0.0,0.0,0.4961066612104264,0.8878977383623655,0.923340128354189,0.2678571428575,0.16862745098039214,0.3558251341681574,0.0
1409705601719,0.0,0.0,0.0,37.98287523741469,0.0,37.98287523741469,0.0,0.0,458,5798.718952911976,0.4236760124610592,0.19868995633187772,123.4456996,17.2413793103,0.0,0.0,0.0,0.0,0.3999942670901474,0.0,0.40892832664797707,0.0,0.0,0.625674899174135,0.8135675897564768,0.9670297416029626,0.21551724137875,0.14122533748701974,0.22623641718289833,0.0
1409700321441,0.0,0.0,0.0,374.3420577521723,20.0,62.390342958695385,187.17102887608615,1.0114042647073516,103,6426.205324745624,0.2716049382716049,0.33980582524271846,125.3499795,15.625,0.0,0.0,0.0,0.0,0.6472896148589079,0.3241786929076167,0.46320346715353383,0.8365463399677048,0.6940647644909407,0.47411567991002684,0.8232124413375936,0.9819471936130667,0.1953125,0.0905349794238683,0.3869166507459576,0.0
1409700320284,0.0,0.0,0.0,179.0170565612365,0.0,91.45436585193603,3.891675142635576,0.9857944807058078,4148,8071.334245826185,0.5529764133283415,0.1984088717454195,118.7818476,24.053030303,0.0,0.0,0.0,0.0,0.5670547182789375,0.0,0.5053344756205189,0.2535721520988873,0.6764903391874856,0.8504191170564821,0.8446091304227538,0.9304947824342882,0.3006628787875,0.18432547110944716,0.2259163629086932,0.0
1409700931028,0.0,0.0,0.0,4.012597158755747,520.0,0.0,0.0,0.0,1642,823.585566834617,0.5078053259871441,0.14859926918392205,124.7682675,0.3752345216,0.0,0.0,0.0,0.0,0.17601716495717878,0.6661080393313906,0.0,0.0,0.0,0.7558547298292335,0.6304274040546404,0.9773902685288384,0.00469043152,0.1692684419957147,0.16920113566290945,0.0
1412000011691,145.8310913339858,40.50863648166272,36398.96060564222,417.238955761126,720.0,153.93281863031834,10.12715912041568,1.1577554588987724,3369,6823.679815336085,0.4233206590621039,0.180468981893737,120.9978003,14.6163215591,0.0,0.7465709349385935,0.9097484396232364,0.6340851980354129,0.6591061587919014,0.7007020107944888,0.562968380250424,0.3848444277709864,0.7944966201533525,0.8291903838852757,0.8288460755801181,0.9478537684000121,0.18270401948874998,0.14110688635403465,0.20548927902569517,0.0
1409705601032,0.0,0.0,0.0,355.11650078574377,40.0,177.55825039287188,26.633737558930783,0.99958190679092,2866,12722.048640649271,0.41740850642927796,0.17306350314026517,122.429748,20.4200700117,0.0,0.0,0.0,0.0,0.6415481650893712,0.39541864552742145,0.578811817802934,0.5301398442563483,0.6859518047681834,0.8126889374822885,0.8873242795335762,0.9590711378086421,0.25525087514625,0.13913616880975932,0.1970571015183878,0.0
1409700320833,0.0,0.0,0.0,73.12517181432928,310.0,11.250026432973735,11.250026432973735,1.3333501830054415,134,251.25059033641344,0.45652173913043476,0.19402985074626866,119.6587729,21.0526315789,0.0,0.0,0.0,0.0,0.4701664788914954,0.6111692726502094,0.2797016546000447,0.40020045369953516,0.914996518251183,0.5007476194897372,0.5192244297496704,0.9373643036003709,0.26315789473625,0.15217391304347824,0.22093023255813954,0.0
1409700321189,0.0,0.0,0.0,369.01429622646504,0.0,158.14898409705646,10.543265606470431,1.0331192203930142,1887,19895.142199409704,0.44155844155844154,0.228404875463699,122.3867405,10.3174603175,0.0,0.0,0.0,0.0,0.6457285514588778,0.0,0.5659656561000442,0.39070853497612434,0.7089664078098579,0.7700437472180942,0.9293013169199235,0.958734232337275,0.12896825396875,0.14718614718614717,0.2600710254609023,0.0
1409700320829,0.0,0.0,0.0,246.6058301327169,0.0,157.31751232604356,8.503649314921272,0.9966695410601327,2570,10927.189369673835,0.4585698070374574,0.18443579766536966,122.1830255,7.3627844712,0.0,0.0,0.0,0.0,0.6018645743153919,0.0,0.5653808978504795,0.3596534015868135,0.6839532266470647,0.8015647699666667,0.8730472095658314,0.957138401421747,0.09203480589,0.15285660234581913,0.21000605583901213,0.0
1409700321831,0.0,0.0,0.0,146.53274572653993,0.0,97.68849715102662,48.84424857551331,0.6365141682948128,348,16997.798504278635,0.4808510638297872,0.1925287356321839,120.6311198,17.2043010753,0.0,0.0,0.0,0.0,0.5453247761974381,0.0,0.5126189408662897,0.6243573174867131,0.4368006658944782,0.5977062365336903,0.9145253773236853,0.944981323670752,0.21505376344125,0.1602836879432624,0.21922100220015214,0.0
1409700320053,0.0,0.0,0.0,746.500705659579,220.0,420.10186155319406,37.481206978723634,1.0492813612860328,5417,8459.820758489413,0.4922865013774105,0.18534244046520215,118.9588124,16.7385057471,0.0,0.0,0.0,0.0,0.7225137025494696,0.5747927185549776,0.6745891499967064,0.5830306552137774,0.7200574946324235,0.87766105894191,0.8490220592180048,0.9318810617892703,0.20923132183874998,0.16409550045913682,0.2110383959858697,0.0
1409700321174,0.0,0.0,0.0,357.1984106334341,115.0,142.87936425337364,178.59920531671705,0.9433483923290391,141,5036.49758993142,0.4842105263157895,0.20567375886524822,112.0559319,18.4210526316,0.0,0.0,0.0,0.0,0.6421846758627018,0.5061590729886817,0.5547056479090449,0.8290993014009472,0.647362189978714,0.5059081730966092,0.8003391752318391,0.8778063490381497,0.230263157895,0.16140350877192983,0.23418845709790784,0.0
1409700321850,0.0,0.0,0.0,49.806022432450526,0.0,49.806022432450526,0.0,0.0,31,771.9933477029832,0.631578947368421,0.12903225806451613,0.0,11.1111111111,0.0,0.0,0.0,0.0,0.4289191696045394,0.0,0.4384992804261732,0.0,0.0,0.35379445219571437,0.6243614419027984,0.0,0.13888888888875,0.21052631578947367,0.14692134572104565,0.0
1409700320180,0.0,0.0,0.0,703.6937860379624,315.0,336.66918390835843,24.83625127192808,1.1035532949441205,3866,10668.549713030441,0.5250493096646943,0.19477496120020693,117.5819546,23.0277185501,0.0,0.0,0.0,0.0,0.7160742736271651,0.6128675434919894,0.6499395014904097,0.5193967975330308,0.7573009967287567,0.8432336300774201,0.8707984949107456,0.921095247079869,0.28784648187625,0.1750164365548981,0.2217786454453161,0.0
1412000012596,287.6093282750695,64.56535940868908,54955.07410458567,463.6966721169488,195.0,181.95692196994193,41.0870468964385,1.118577870376763,2939,17250.690118376107,0.29243623570800353,0.16468186457978903,123.5494039,7.225433526,0.0,0.8476928777785775,0.9454344398333216,0.7118836855803424,0.6706078689005773,0.5620100840923147,0.5815285210090422,0.597337405758883,0.7676114420898417,0.8152556631979915,0.9159118212605573,0.9678421242356268,0.090317919075,0.09747874523600118,0.18751342898933043,0.0
1409700250994,0.0,0.0,0.0,81.03972794125252,255.0,23.636587316198653,14.632173100503929,1.1920676509655872,862,970.2256317411067,0.39935064935064934,0.15081206496519722,125.1523239,0.3846153846,0.0,0.0,0.0,0.0,0.48124413071669936,0.5904467490922419,0.35770070566935236,0.43914238414630496,0.8180429747981122,0.6901267953843668,0.6457943229407993,0.9803988298838017,0.0048076923075,0.1331168831168831,0.17172071440133815,0.0
1409708441687,0.0,0.0,0.0,412.8788705922649,155.0,196.01320119026715,29.193455496422768,1.0780284018212636,4047,16877.987770574706,0.4003460207612457,0.20459599703484063,122.8488676,18.4273232724,0.0,0.0,0.0,0.0,0.6579618415357222,0.5377052569945776,0.5897916571309685,0.5442897056749062,0.7397848268329354,0.8479033294847477,0.9138613143311235,0.962354371811949,0.23034154090499998,0.1334486735870819,0.23296127390460833,0.0
1409700251460,0.0,0.0,0.0,39.741116160007245,560.0,15.896446464002898,0.0,0.9433483923290391,179,711.3659792641297,0.4435483870967742,0.1787709497206704,125.9172667,9.6153846154,0.0,0.0,0.0,0.0,0.4048114385218072,0.6739844069458528,0.31560032440644803,0.0,0.647362189978714,0.5301152124293448,0.6166930322338722,0.9863911199402553,0.1201923076925,0.1478494623655914,0.20355583094312468,0.0
1409700340388,0.0,0.0,0.0,522.2599806404407,295.0,245.76940265432503,40.96156710905417,1.1883094905821545,2369,6064.872030084333,0.5079567154678549,0.17728999577880963,120.2998685,12.5996810207,0.0,0.0,0.0,0.0,0.6835685996573176,0.6059056314449972,0.6149297577079764,0.5968604788396216,0.8154639796401265,0.7932546653641653,0.8177801074084623,0.9423864187037698,0.15749601275875,0.16931890515595163,0.2018695569109344,0.0
1409700252609,0.0,0.0,0.0,46.06025076459816,20.0,23.03012538229908,0.0,0.9433483923290391,908,4182.270769425513,0.4812398042414356,0.1894273127753304,122.1229074,12.5490196078,0.0,0.0,0.0,0.0,0.4205563489997881,0.3241786929076167,0.35491830434800253,0.0,0.647362189978714,0.6954280327060336,0.7828938150922389,0.9566674575905967,0.1568627450975,0.16041326808047854,0.21568959674686547,0.0
1409700341367,0.0,0.0,0.0,30.12654992507689,0.0,30.12654992507689,0.0,0.0,27,813.416847977076,0.17391304347826086,0.18518518518518517,0.0,14.2857142857,0.0,0.0,0.0,0.0,0.3754187220330628,0.0,0.383803875265801,0.0,0.0,0.34016310023194823,0.6292624226777037,0.0,0.17857142857125,0.057971014492753624,0.2108593387663155,0.0
1409700251418,0.0,0.0,0.0,6.958971784303786,0.0,0.0,0.0,0.0,970,6750.202630774673,0.4499252615844544,0.14742268041237114,124.8228387,2.0408163265,0.0,0.0,0.0,0.0,0.2265029483169418,0.0,0.0,0.0,0.0,0.7021636423325118,0.8278297907508062,0.9778177599165981,0.025510204081249998,0.14997508719481814,0.16786142411891633,0.0
1409700343221,0.0,0.0,0.0,24.607644757171805,80.0,4.921528951434361,0.0,0.8018185525433372,43,105.81287245583876,0.7916666666666666,0.11627906976744186,0.0,25.0,0.0,0.0,0.0,0.0,0.3541071305850246,0.46791797799195844,0.19855130625681447,0.0,0.5502389343755485,0.3863033237631489,0.43854476296431527,0.0,0.3125,0.2638888888888889,0.1324000499230353,0.0
1409700252543,0.0,0.0,0.0,284.320172616854,0.0,94.77339087228466,71.0800431542135,1.286057336874379,472,11183.26012292959,0.43465045592705165,0.1440677966101695,125.6165069,9.8039215686,0.0,0.0,0.0,0.0,0.6173455575651304,0.0,0.5092717676807317,0.6832764656012631,0.882542336221844,0.6287420161566114,0.8752217590935049,0.984035074548468,0.1225490196075,0.1448834853090172,0.164041417785998,0.0
1412000015849,116.06482626951308,32.73623305037548,15972.029063143547,145.8250381334908,585.0,56.54440254155765,2.9760211863977712,0.7572096925234814,5018,14933.674313344016,0.3725382932166302,0.1811478676763651,125.5490859,3.9636127355,0.0,0.712670390809491,0.8383995647594303,0.5988013060597078,0.5447997131036855,0.678626786673403,0.45240237524211085,0.2204682241030787,0.519626607530309,0.8698520761325109,0.9023712893210609,0.9835069223939589,0.04954515919375,0.12417943107221006,0.20626228582469835,0.0
1409708441704,0.0,0.0,0.0,386.8830071874352,40.0,211.0270948295101,31.263273308075572,1.165097214939018,4797,18746.240257354813,0.40633245382585753,0.22826766729205752,122.9863935,18.8133140376,0.0,0.0,0.0,0.0,0.6508784144631528,0.39541864552742145,0.5979904166164776,0.5548802979009093,0.7995348173953796,0.865255098265257,0.9237170958313132,0.963431700839786,0.23516642547000002,0.13544415127528583,0.2599147946894358,0.0
1409700253039,0.0,0.0,0.0,0.0,0.0,0.0,0.0,0.0,11,171.76523231105958,0.8333333333333334,0.0,0.0,33.3333333333,0.0,0.0,0.0,0.0,0.0,0.0,0.0,0.0,0.0,0.25366796881696396,0.4836899100796414,0.0,0.41666666666624996,0.2777777777777778,0.0,0.0
1409700251403,0.0,0.0,0.0,34.46462665283244,175.0,0.0,0.0,0.6931471805599453,209,3601.5534852209908,0.40268456375838924,0.14832535885167464,125.9406347,1.4285714286,0.0,0.0,0.0,0.0,0.3896658839809917,0.550549643662534,0.0,0.0,0.4756644315437017,0.5458514534051861,0.7688626344675833,0.986574176547938,0.0178571428575,0.1342281879194631,0.1688892502845991,0.0
1409700340250,0.0,0.0,0.0,201.77612895139552,1385.0,76.7492024232302,3.7136710849950094,1.0544904021382187,4102,5077.826263549843,0.49981718464351005,0.19039492930277913,119.9308611,17.2967863894,0.0,0.0,0.0,0.0,0.5800544743748477,0.7702903001585496,0.485996497628432,0.247651426996371,0.7236321401411037,0.8492809954724149,0.8011062857249349,0.9394957458668233,0.2162098298675,0.16660572821450334,0.21679136404511434,0.0
1409700251210,0.0,0.0,0.0,139.05504183380012,0.0,59.59501792877148,0.0,0.6829081047004717,729,14481.589356691471,0.3087971274685817,0.1934156378600823,125.0046763,10.0386100386,0.0,0.0,0.0,0.0,0.5396450414965043,0.0,0.4581689102036769,0.0,0.4686379812675931,0.6730410639121525,0.8994854061876899,0.9792422110551269,0.1254826254825,0.10293237582286056,0.2202308649337073,0.0
1409700251422,0.0,0.0,0.0,0.0,0.0,0.0,0.0,0.0,166,5640.197495393945,0.43103448275862066,0.1566265060240964,115.7201133,2.0,0.0,0.0,0.0,0.0,0.0,0.0,0.0,0.0,0.0,0.5224627230662005,0.8109657424804018,0.9065102439807029,0.025,0.14367816091954022,0.1783412720650042,0.0
1409700342350,0.0,0.0,0.0,0.0,0.0,0.0,0.0,0.0,176,5782.390386587314,0.45454545454545453,0.18181818181818182,124.8200876,15.7894736842,0.0,0.0,0.0,0.0,0.0,0.0,0.0,0.0,0.0,0.528399482961058,0.8133028921890795,0.9777962087768601,0.19736842105250002,0.15151515151515152,0.20702553260692796,0.0
1409700251193,0.0,0.0,0.0,0.0,0.0,0.0,0.0,0.0,18,884.1593238940831,0.0,0.16666666666666666,0.0,0.0,0.0,0.0,0.0,0.0,0.0,0.0,0.0,0.0,0.0,0.30057863751717523,0.6370826140799982,0.0,0.0,0.0,0.18977340488968394,0.0
1409700341352,0.0,0.0,0.0,56.7924607725615,0.0,28.39623038628075,0.0,0.6931471805599453,267,7581.79351313696,0.5084745762711864,0.2247191011235955,120.8908169,25.0,0.0,0.0,0.0,0.0,0.44298821439986114,0.0,0.377419012562008,0.0,0.4756644315437017,0.5707475212999561,0.8387355814145638,0.9470156984632462,0.3125,0.1694915254237288,0.25587425378384354,0.0
1409700252204,0.0,0.0,0.0,0.0,0.0,0.0,0.0,0.0,973,7850.608620961913,0.4587706146926537,0.13360739979445016,124.9175475,2.0408163265,0.0,0.0,0.0,0.0,0.0,0.0,0.0,0.0,0.0,0.7024785531231216,0.8420062349711039,0.9785596749990051,0.025510204081249998,0.15292353823088456,0.1521307870647004,0.0
140970025130A,0.0,0.0,0.0,167.9845047735563,140.0,47.995572792444655,19.998155330185273,0.9200990234897606,965,3859.6439787257577,0.44245142002989535,0.15854922279792746,126.3027665,0.3773584906,0.0,0.0,0.0,0.0,0.5601487328575636,0.5269406107501234,0.434448652377799,0.48627836490539333,0.6314075729466552,0.7016366225747965,0.7753586499754276,0.9894109883778757,0.0047169811325,0.14748380667663177,0.1805305551178548,0.0
1409700251297,0.0,0.0,0.0,0.0,0.0,0.0,0.0,0.0,276,6978.260564650458,0.5248618784530387,0.09420289855072464,125.5356679,4.0,0.0,0.0,0.0,0.0,0.0,0.0,0.0,0.0,0.0,0.5741193929789283,0.8309488721106044,0.9834018105503315,0.05,0.17495395948434622,0.10726322885069094,0.0
1409700250759,0.0,0.0,0.0,19.38373410084063,20.0,0.0,0.0,0.0,30,290.75601151260946,0.5555555555555556,0.1,0.0,14.2857142857,0.0,0.0,0.0,0.0,0.3291939120525455,0.3241786929076167,0.0,0.0,0.0,0.35055343394067073,0.5328842337582823,0.0,0.17857142857125,0.1851851851851852,0.11386404293381037,0.0
1409700250458,0.0,0.0,0.0,140.1213943727472,2205.0,34.55048080423904,11.516826934746346,1.0449954591148922,629,1207.3473569925752,0.4662004662004662,0.13990461049284578,125.7885003,2.7777777778,0.0,0.0,0.0,0.0,0.5404732816720839,0.8197775267180962,0.3986391751603786,0.40364189926695354,0.7171163426273895,0.6580016413438644,0.6663035343270653,0.9853824097225432,0.0347222222225,0.1554001554001554,0.1593010457579541,0.0
1409700252191,0.0,0.0,0.0,0.0,0.0,0.0,0.0,0.0,106,2632.1494985968457,0.30864197530864196,0.20754716981132076,123.323964,0.0,0.0,0.0,0.0,0.0,0.0,0.0,0.0,0.0,0.0,0.4770187238898574,0.7394331945011198,0.9660761081739057,0.0,0.10288065843621398,0.2363215985418706,0.0
1409700250354,0.0,0.0,0.0,688.9479821487022,840.0,308.83875061838376,49.341102169800955,1.1543046366828176,3205,5856.971572378224,0.5092285849503077,0.1622464898595944,118.4613536,15.8924205379,0.0,0.0,0.0,0.0,0.7137651121906834,0.7170947714312423,0.6403373561890181,0.6259416125498012,0.792128532344953,0.8240975717648708,0.8145058716068203,0.9279841463326697,0.19865525672375,0.16974286165010255,0.18474041287232884,0.0
1409700343645,0.0,0.0,0.0,0.0,0.0,0.0,0.0,0.0,25,1383.1206935797286,0.5333333333333333,0.0,0.0,11.1111111111,0.0,0.0,0.0,0.0,0.0,0.0,0.0,0.0,0.0,0.33259789903174114,0.6790542090872983,0.0,0.13888888888875,0.17777777777777778,0.0,0.0
1409700340547,0.0,0.0,0.0,1050.1261400224569,0.0,210.0252280044914,0.0,0.5004024235381879,284,19882.388251091852,0.5187165775401069,0.1936619718309859,122.8346311,17.8082191781,0.0,0.0,0.0,0.0,0.7597362908928468,0.0,0.5974616762372793,0.0,0.3433955168700248,0.5770258811295561,0.9292411148007835,0.962242848130193,0.22260273972625,0.1729055258467023,0.22051135075209755,0.0
140970025301A,0.0,0.0,0.0,100.0,0.0,0.0,0.0,0.0,3,300.0,0.0,0.0,0.0,0.0,0.0,0.0,0.0,0.0,0.5039475945017607,0.0,0.0,0.0,0.0,0.14151778087828573,0.5358127349378311,0.0,0.0,0.0,0.0,0.0
1409700251390,0.0,0.0,0.0,16.877105877863286,175.0,0.0,0.0,0.5623351446188083,1285,5421.770263263581,0.5082159624413145,0.14941634241245136,125.1530702,1.2987012987,0.0,0.0,0.0,0.0,0.3148657575495743,0.550549643662534,0.0,0.0,0.3858961478946939,0.7308455775643201,0.8072582602597411,0.980404676132788,0.01623376623375,0.1694053208137715,0.17013148827464272,0.0
1409700251225,0.0,0.0,0.0,12.54758722089597,0.0,0.0,0.0,0.0,40,167.3011629452796,0.48148148148148145,0.325,0.0,12.5,0.0,0.0,0.0,0.0,0.28458465661216675,0.0,0.0,0.0,0.0,0.3790944353167813,0.4812321268956781,0.0,0.15625,0.16049382716049382,0.3700581395348837,0.0
1409700252295,0.0,0.0,0.0,23.48961221115084,175.0,3.355658887307263,6.711317774614526,0.9556998911125343,185,620.7968941518436,0.4230769230769231,0.14054054054054055,125.5900617,1.5873015873,0.0,0.0,0.0,0.0,0.34923246371550765,0.550549643662534,0.1642664645903298,0.32627257403802545,0.6558382666509408,0.5334625123184918,0.6039266938574267,0.983827912249534,0.019841269841250002,0.14102564102564102,0.16002514142049026,0.0
1409700252558,0.0,0.0,0.0,106.15679998849374,20.0,0.0,53.07839999424687,0.6931471805599453,2,106.15679998849374,0.0,0.0,0.0,0.0,0.0,0.0,0.0,0.0,0.5104089474125479,0.3241786929076167,0.0,0.6373801351140232,0.4756644315437017,0.11215018793867818,0.4388465786869586,0.0,0.0,0.0,0.0,0.0
1409700340373,0.0,0.0,0.0,201.05239385435664,120.0,101.21948104391748,11.092545867826574,1.1376969285979908,2906,4029.367286488003,0.5174934725848565,0.1686166551961459,119.6004399,13.1339401821,0.0,0.0,0.0,0.0,0.5796640460489307,0.5106525382328262,0.5165433025721559,0.3981337660204493,0.7807316800645595,0.814103348752632,0.7793979170643057,0.9369073436082471,0.16417425227625,0.17249782419495216,0.19199374066609456,0.0
1409700342079,0.0,0.0,0.0,18.585150916233776,80.0,15.930129356771806,0.0,0.410116318288409,1940,5150.741825356217,0.40783744557329465,0.1438144329896907,124.4681371,8.5007727975,0.0,0.0,0.0,0.0,0.3248298767552342,0.46791797799195844,0.3158226437456959,0.0,0.2814376958842452,0.7728699530639069,0.802444589163237,0.9750391536329803,0.10625965996875,0.13594581519109822,0.16375292772439737,0.0
1409700253024,0.0,0.0,0.0,23.611192419423563,295.0,0.0,0.0,0.6365141682948128,11,43.287186102276536,1.2,0.0,0.0,66.6666666667,0.0,0.0,0.0,0.0,0.3497732273611412,0.6059056314449972,0.0,0.0,0.4368006658944782,0.25366796881696396,0.3558898927757628,0.0,0.8333333333337499,0.39999999999999997,0.0,0.0
1409708443397,0.0,0.0,0.0,27.553538553011506,75.0,9.184512851003836,0.0,1.0986122886681096,15,137.76769276505755,0.5555555555555556,0.0,0.0,50.0,0.0,0.0,0.0,0.0,0.36599735606893274,0.46113356110959247,0.2590873685162346,0.0,0.7539102869236126,0.28303556175657146,0.46311664071192427,0.0,0.625,0.1851851851851852,0.0,0.0
1409700201013,0.0,0.0,0.0,122.61590961470294,4970.0,41.42058691682359,9.600798291978977,1.0921207378767006,6159,1689.466190865672,0.40497376226328996,0.14612761811982464,125.3965708,1.1885467315,0.0,0.0,0.0,0.0,0.526011376980592,0.9062856005153501,0.41836264883733293,0.3771041252822154,0.7494555334403218,0.8907634796687998,0.6978255328348785,0.982312173300054,0.01485683414375,0.13499125408776333,0.16638681383411158,0.0
1409700051314,0.0,0.0,0.0,0.0,0.0,0.0,0.0,0.0,11,148.42009838669262,0.0,0.0,0.0,0.0,0.0,0.0,0.0,0.0,0.0,0.0,0.0,0.0,0.0,0.25366796881696396,0.47006043408529385,0.0,0.0,0.0,0.0,0.0
140970041326A,0.0,0.0,0.0,0.0,0.0,0.0,0.0,0.0,10,173.9470049906025,0.0,0.0,0.0,0.0,0.0,0.0,0.0,0.0,0.0,0.0,0.0,0.0,0.0,0.2447855428848632,0.4848681181335227,0.0,0.0,0.0,0.0,0.0
1409700411259,0.0,0.0,0.0,102.42990415262048,60.0,52.28939163035871,7.162930360323111,1.0528148699123712,3031,2171.084192213935,0.4843290891283056,0.17782909930715934,118.0710312,13.9097744361,0.0,0.0,0.0,0.0,0.5065435515229403,0.4377230725854981,0.4438267117408344,0.3353632960254513,0.722482325056958,0.8184011505001542,0.7213609196338847,0.9249264993604632,0.17387218045125,0.1614430297094352,0.2024834019839122,0.0
140970041333A,0.0,0.0,0.0,26.15817615195492,20.0,0.0,0.0,0.0,7,183.10723306368445,0.0,0.0,0.0,0.0,0.0,0.0,0.0,0.0,0.3605263946318586,0.3241786929076167,0.0,0.0,0.0,0.21227667131742858,0.4896595712465077,0.0,0.0,0.0,0.0,0.0
1409700053166,0.0,0.0,0.0,409.4201771516752,175.0,182.8478461065734,27.824672233608997,1.097782190648887,3796,7544.461128484268,0.5331179321486268,0.1767650158061117,118.9725169,32.8654004955,0.0,0.0,0.0,0.0,0.6570454899270914,0.550549643662534,0.5820708119639738,0.536879411651008,0.7533406415243193,0.8413687961154236,0.8382722150012444,0.9319884179720839,0.41081750619374996,0.1777059773828756,0.20127179348942772,0.0
1409700053518,0.0,0.0,0.0,85.84125506283729,20.0,57.22750337522486,0.0,0.8608513906312316,1961,11222.313411881596,0.5995106035889071,0.15706272310045896,120.6956248,32.5,0.0,0.0,0.0,0.0,0.48745493758986813,0.3241786929076167,0.4537197593698734,0.0,0.5907495534172446,0.7739684794253139,0.8755490168794581,0.945486632917524,0.40625,0.19983686786296903,0.1788379664641183,0.0
1409700413274,0.0,0.0,0.0,35.540942637026404,0.0,0.0,0.0,0.0,39,1386.0967628440296,0.56,0.1282051282051282,0.0,20.0,0.0,0.0,0.0,0.0,0.3929305471203007,0.0,0.0,0.0,0.0,0.37657372699113123,0.6792558596133336,0.0,0.25,0.18666666666666668,0.1459795422228338,0.0
1409700413310,0.0,0.0,0.0,0.0,0.0,0.0,0.0,0.0,55,1195.8682578100834,0.5882352941176471,0.07272727272727272,0.0,7.1428571429,0.0,0.0,0.0,0.0,0.0,0.0,0.0,0.0,0.0,0.41092199067109114,0.6654073778360619,0.0,0.08928571428625,0.19607843137254902,0.08281021304277118,0.0
1409700051329,0.0,0.0,0.0,78.0752754167236,0.0,46.845165250034164,0.0,0.6730116670092565,47,366.95379445860095,0.6206896551724138,0.23404255319148937,0.0,36.3636363636,0.0,0.0,0.0,0.0,0.47722539120098817,0.0,0.4317962475212458,0.0,0.46184666256829926,0.39518574969524967,0.5546692897815337,0.0,0.454545454545,0.20689655172413793,0.2664903132493434,0.0
1409700411009,0.0,0.0,0.0,31.839803185372006,550.0,7.075511818971557,2.3585039396571856,1.3124506089178565,781,920.995788436131,0.519455252918288,0.17541613316261204,118.0650057,20.3125,0.0,0.0,0.0,0.0,0.3812693998472212,0.6720692595521532,0.2331847551825272,0.1935085450825163,0.9006544213536007,0.6800654506405562,0.6409105920875734,0.9248792977347533,0.25390625,0.17315175097276267,0.19973590117710655,0.0
1409700413325,0.0,0.0,0.0,0.0,0.0,0.0,0.0,0.0,54,980.16981649107,0.5882352941176471,0.05555555555555555,0.0,15.3846153846,0.0,0.0,0.0,0.0,0.0,0.0,0.0,0.0,0.0,0.4090825985585658,0.6467507060933747,0.0,0.1923076923075,0.19607843137254902,0.06325780162989465,0.0
1409700053170,0.0,0.0,0.0,0.0,0.0,0.0,0.0,0.0,0,0.0,0.0,0.0,0.0,0.0,0.0,0.0,0.0,0.0,0.0,0.0,0.0,0.0,0.0,0.0,0.0,0.0,0.0,0.0,0.0,0.0
1409700053503,0.0,0.0,0.0,46.191480125507184,20.0,34.64361009413039,0.0,0.5623351446188083,1782,10289.152197956724,0.5178875638841567,0.1739618406285073,120.6792936,29.6641791045,0.0,0.0,0.0,0.0,0.42086041949793845,0.3241786929076167,0.3989312326478427,0.0,0.3858961478946939,0.7642024549261313,0.8673992411724265,0.9453587001003643,0.37080223880625,0.17262918796138557,0.19807998490169035,0.0
1409700050655,0.0,0.0,0.0,42.834297298479505,100.0,22.348329025293655,3.724721504215609,0.9189639831203728,253,471.17727028327454,0.58125,0.16205533596837945,115.5365073,26.8656716418,0.0,0.0,0.0,0.0,0.4128021839963093,0.49141491559492917,0.351705165278296,0.2480254421601217,0.6306286643003733,0.5652704645041701,0.5780839680669322,0.9050719398250128,0.3358208955225,0.19375,0.18452275732356624,0.0
1409700412149,0.0,0.0,0.0,11.302815637906654,0.0,11.302815637906654,0.0,0.0,77,870.3168041188123,0.5,0.24675324675324675,0.0,42.1052631579,0.0,0.0,0.0,0.0,0.27406041816360255,0.0,0.2801816861410896,0.0,0.0,0.44474808697041934,0.635602794886698,0.0,0.52631578947375,0.16666666666666666,0.2809632228236879,0.0
1409700413306,0.0,0.0,0.0,0.0,0.0,0.0,0.0,0.0,24,1623.2873499499788,0.6923076923076923,0.16666666666666666,0.0,0.0,0.0,0.0,0.0,0.0,0.0,0.0,0.0,0.0,0.0,0.3285941113474052,0.6940762138579528,0.0,0.0,0.23076923076923075,0.18977340488968394,0.0
1409700053151,0.0,0.0,0.0,110.5612608957634,0.0,98.27667635178969,0.0,0.34883209584303193,1064,13070.79795478803,0.5833333333333334,0.17293233082706766,120.4165379,26.7080745342,0.0,0.0,0.0,0.0,0.5148073922979447,0.0,0.5132822987580775,0.0,0.23938208973068748,0.711596526269847,0.8898631096454493,0.9433003653224089,0.3338509316775,0.19444444444444445,0.1969077434193713,0.0
1409700053147,0.0,0.0,0.0,84.52290422530987,0.0,71.84446859151339,0.0,0.5181862130502128,2783,11761.362122951869,0.5018888289260658,0.18397412863816026,120.1851761,37.0495495495,0.0,0.0,0.0,0.0,0.48578452086782775,0.0,0.4787222495205679,0.0,0.35559944175953623,0.8096899851240628,0.8799533193749466,0.9414879592005615,0.46311936936875,0.1672962763086886,0.20948038081965834,0.0
1409700050335,0.0,0.0,0.0,450.18222902985667,40.0,222.41145838975063,16.07793675106631,1.0346865138944827,2887,7736.167233388073,0.5323779193205945,0.1828888119154832,119.3385897,20.7207207207,0.0,0.0,0.0,0.0,0.6673851387085165,0.39541864552742145,0.6038289882677665,0.45327122857755303,0.7100419452907085,0.8134339463517791,0.8406277384696424,0.9348561021955031,0.25900900900875,0.17745930644019817,0.20824459532058148,0.0
1409700052581,0.0,0.0,0.0,55.86926488599357,0.0,13.967316221498393,0.0,1.0397207708399179,37,516.7907001954405,0.5652173913043478,0.1891891891891892,0.0,22.2222222222,0.0,0.0,0.0,0.0,0.44122981673761524,0.0,0.30206646315486774,0.0,0.7134966473155525,0.37133752795631814,0.5867417364750209,0.0,0.2777777777775,0.18840579710144925,0.21541845960450612,0.0
1409700413293,0.0,0.0,0.0,0.0,0.0,0.0,0.0,0.0,5,500.0,0.0,0.0,0.0,0.0,0.0,0.0,0.0,0.0,0.0,0.0,0.0,0.0,0.0,0.18290907837782105,0.5836468129287241,0.0,0.0,0.0,0.0,0.0
1409700413344,0.0,0.0,0.0,38.48106436992265,175.0,0.0,0.0,0.0,0,0.0,0.0,0.0,0.0,0.0,0.0,0.0,0.0,0.0,0.40138090254827946,0.550549643662534,0.0,0.0,0.0,0.0,0.0,0.0,0.0,0.0,0.0,0.0
1409700050640,0.0,0.0,0.0,20.16153455611729,20.0,20.16153455611729,0.0,0.0,0,0.0,0.0,0.0,0.0,0.0,0.0,0.0,0.0,0.0,0.3332830305441871,0.3241786929076167,0.3407270633453489,0.0,0.0,0.0,0.0,0.0,0.0,0.0,0.0,0.0
1409700053768,0.0,0.0,0.0,59.22338008537068,0.0,59.22338008537068,0.0,0.0,164,9712.634334000792,0.64,0.12195121951219512,121.4742702,29.6296296296,0.0,0.0,0.0,0.0,0.44748729732397796,0.0,0.45748213598691223,0.0,0.0,0.5212327864972439,0.8619861217468991,0.9515862642728663,0.37037037037,0.21333333333333335,0.13885858894367117,0.0
1409700053575,0.0,0.0,0.0,22.963732480031695,0.0,22.963732480031695,0.0,0.0,896,20575.5043021084,0.5008375209380235,0.22544642857142858,120.4781782,32.8244274809,0.0,0.0,0.0,0.0,0.34686211604956635,0.0,0.3546094440942537,0.0,0.0,0.6940714213745894,0.9324581105293802,0.9437832335274131,0.41030534351125,0.16694584031267448,0.25670241822131357,0.0
140970005066A,0.0,0.0,0.0,0.0,0.0,0.0,0.0,0.0,27,774.9581882715772,0.4444444444444444,0.14814814814814814,0.0,14.2857142857,0.0,0.0,0.0,0.0,0.0,0.0,0.0,0.0,0.0,0.34016310023194823,0.6247208524428133,0.0,0.17857142857125,0.14814814814814814,0.1686874710130524,0.0
1409700413289,0.0,0.0,0.0,0.0,0.0,0.0,0.0,0.0,35,1522.584321813563,0.65,0.0,0.0,11.1111111111,0.0,0.0,0.0,0.0,0.0,0.0,0.0,0.0,0.0,0.3658181567556421,0.6880672375132678,0.0,0.13888888888875,0.21666666666666667,0.0,0.0
140970005034A,0.0,0.0,0.0,538.3716553851991,100.0,214.8865405614743,27.727295556319266,1.1004713170653577,2110,4875.382801986138,0.5583456425406204,0.16587677725118483,118.7883228,17.697228145,0.0,0.0,0.0,0.0,0.6868800904613523,0.49141491559492917,0.6000041702821208,0.5363389019614906,0.7551860241849058,0.7814407270211533,0.7972873705786765,0.9305455068499876,0.22121535181250002,0.1861152141802068,0.1888740048665101,0.0
1409700012346,0.0,0.0,0.0,55.76324587219236,0.0,55.76324587219236,0.0,0.0,372,10371.963732227778,0.576271186440678,0.18010752688172044,116.8784125,44.6280991736,0.0,0.0,0.0,0.0,0.44102605923494465,0.0,0.4508765831147579,0.0,0.0,0.6044954525875517,0.8681517716742216,0.9155839482871664,0.5578512396699999,0.192090395480226,0.20507771173562622,0.0
1409700353772,0.0,0.0,0.0,169.06361694204745,20.0,129.74649672296664,0.0,0.5423489422439274,5746,22591.61727788383,0.5753913759956056,0.19056735120083537,117.9927087,43.2339449541,0.0,0.0,0.0,0.0,0.5608438196545619,0.3241786929076167,0.5440206296345821,0.0,0.37218084202893925,0.8836790074478696,0.9412338650795589,0.9243129487290348,0.54042431192625,0.19179712533186855,0.21698769058914438,0.0
1409700353823,0.0,0.0,0.0,7.259156594935529,20.0,0.0,0.0,0.0,80,290.36626379742114,0.6666666666666666,0.1375,118.598586,27.2727272727,0.0,0.0,0.0,0.0,0.23054563335804754,0.3241786929076167,0.0,0.0,0.0,0.4486007517547128,0.5327587317213855,0.9290591761858081,0.34090909090875,0.2222222222222222,0.1565630590339893,0.0
1409700342505,0.0,0.0,0.0,103.82349315947296,2210.0,14.37556059131164,0.0,0.8689877650056503,28,44.72396628408066,0.4444444444444444,0.10714285714285714,0.0,25.0,0.0,0.0,0.0,0.0,0.5080049929880482,0.8200185938905754,0.305070570254882,0.0,0.5963330485250342,0.34374534498967013,0.35888738220306726,0.0,0.3125,0.14814814814814814,0.12199718885765397,0.0
1409700353556,0.0,0.0,0.0,36.283647475873096,0.0,15.550134632517041,0.0,1.0789922078775833,660,1710.5148095768745,0.5102974828375286,0.21363636363636362,116.650097,20.8860759494,0.0,0.0,0.0,0.0,0.3951277096669411,0.0,0.31328848919937585,0.0,0.740446227863994,0.6629051222882248,0.6989873131745356,0.9137954057969512,0.2610759493675,0.17009916094584288,0.24325500081314033,0.0
1409700250299,0.0,0.0,0.0,469.38053616943046,20.0,185.21502238036987,20.297536699218615,1.1055169126247475,3940,9996.536824365168,0.46413972500929024,0.2050761421319797,117.3468035,17.0652173913,0.0,0.0,0.0,0.0,0.6719353669294778,0.3241786929076167,0.5834990045233676,0.48853959201482894,0.758648507205637,0.8451686723967696,0.8646907873067868,0.9192531569284299,0.21331521739124998,0.1547132416697634,0.23350798652415933,0.0
1409700250782,0.0,0.0,0.0,9.50573649167179,80.0,0.7312104993593684,0.0,0.5359610497090694,293,214.24467631229496,0.4292682926829268,0.14675767918088736,118.4057155,7.2289156627,0.0,0.0,0.0,0.0,0.2568178118168763,0.46791797799195844,0.061266966823971265,0.0,0.3677972228545802,0.5801997170851461,0.5043297817300875,0.9275482972294558,0.09036144578375001,0.14308943089430895,0.16710422683118928,0.0
1409708312990,0.0,0.0,0.0,28.59462048823631,0.0,10.997930957013965,0.0,0.8981370031878679,2594,5705.726580498845,0.47219069239500566,0.13068619892058597,125.735678,5.6441717791,0.0,0.0,0.0,0.0,0.3699078145382552,0.0,0.27738035447805376,0.0,0.6163363843226,0.8025132878274868,0.8120500420217701,0.9849686185958746,0.07055214723875,0.15739689746500188,0.14880458964750085,0.0
1409700251988,0.0,0.0,0.0,46.257553706058815,0.0,46.257553706058815,0.0,0.0,536,12397.024393223763,0.5764705882352941,0.1884328358208955,119.8998063,29.375,0.0,0.0,0.0,0.0,0.42101319816581084,0.0,0.43041672540736003,0.0,0.0,0.6416966885888485,0.8848947142440053,0.9392524735996091,0.3671875,0.19215686274509802,0.21455724508050086,0.0
1409700092810,0.0,0.0,0.0,140.57625169477635,395.0,60.093664846621955,19.315820843557056,1.2620381000343417,3599,3862.091067553436,0.5130361648444071,0.17338149485968324,122.7391812,15.9595959596,0.0,0.0,0.0,0.0,0.5408246686786933,0.6368969453854528,0.4590838049505466,0.48100183850720196,0.8660594059610581,0.835930048981333,0.7754181406844646,0.9614951275337518,0.199494949495,0.17101205494813568,0.19741917974631196,0.0
1409708311634,0.0,0.0,0.0,282.15530651189255,80.0,117.25934816078652,29.31483704019663,1.0875563838538949,4006,14679.404647878462,0.44987332609482444,0.17498751872191712,124.951149,8.2225913621,0.0,0.0,0.0,0.0,0.6165138824067036,0.46791797799195844,0.5328148017710664,0.5449305412850934,0.7463232969939898,0.8468641092091781,0.9007590886696072,0.9788228972089951,0.10278239202624999,0.14995777536494148,0.19924786344633316,0.0
1409708223698,0.0,0.0,0.0,217.56892769025237,0.0,118.67396055831946,0.0,0.6890092384766586,1467,29015.78335650911,0.4803229061553986,0.1956373551465576,119.470658,40.3930131004,0.0,0.0,0.0,0.0,0.5882439675660087,0.0,0.5341422362301679,0.0,0.47282481547945215,0.7443577890745683,0.9647287305772737,0.9358906783244146,0.504912663755,0.16010763538513287,0.22276060205864745,0.0
1409708223471,0.0,0.0,0.0,246.94083181870116,40.0,170.95903741294697,9.497724300719275,0.7331710501169376,2516,23896.274340609696,0.4696261682242991,0.18958664546899842,119.3944039,36.0788863109,0.0,0.0,0.0,0.0,0.602012211185499,0.39541864552742145,0.5746078461643768,0.3755434634888179,0.5031303604184706,0.7993978218500166,0.946504690689908,0.9352933308035362,0.45098607888625003,0.15654205607476637,0.2158710193935912,0.0
1409708221598,0.0,0.0,0.0,429.15151529952067,60.0,222.07840651863307,15.005297737745478,1.0574844813933126,4906,14723.198140275863,0.4737158305797537,0.21422747655931512,121.8860826,24.0460763139,0.0,0.0,0.0,0.0,0.6621728508766264,0.4377230725854981,0.603662445373555,0.44291012132590046,0.7256867932462646,0.8675482604371868,0.9010387428707312,0.9548122562681426,0.30057595392374997,0.1579052768599179,0.24392806588551713,0.0
1409705603467,0.0,0.0,0.0,40.699121990066594,0.0,27.132747993377727,6.783186998344432,0.8675632284814612,1227,8322.970446968618,0.5073710073710074,0.17929910350448247,120.4801819,23.0179028133,0.0,0.0,0.0,0.0,0.4073493752460143,0.0,0.3725147001328232,0.32775432993359827,0.5953554764090454,0.7261344448396413,0.8474910907909288,0.9437989298011555,0.28772378516625,0.16912366912366913,0.20415720819428101,0.0
1409700411263,0.0,0.0,0.0,90.71428683078578,2585.0,39.285714769237934,5.714285784616427,1.2089685970400064,3411,2436.4286014158292,0.49934065934065935,0.1882145998240985,119.5734071,15.2811735941,0.0,0.0,0.0,0.0,0.49341658233645785,0.836700430537855,0.41259823027218645,0.30415811272806415,0.829641058340117,0.8304547784078956,0.7321817870100981,0.9366955782597295,0.19101466992625,0.16644688644688646,0.2143087527514109,0.0
1409700253560,0.0,0.0,0.0,0.0,0.0,0.0,0.0,0.0,1650,5722.480386965472,0.39661016949152544,0.1387878787878788,125.4627365,2.0676691729,0.0,0.0,0.0,0.0,0.0,0.0,0.0,0.0,0.0,0.7563505826576254,0.8123252661310001,0.9828304918804607,0.025845864661250002,0.13220338983050847,0.15802948988995502,0.0
1409700353734,0.0,0.0,0.0,173.90882538150768,40.0,109.63817252312441,18.90313319364214,1.0836932535300166,7181,27148.679892708842,0.5270097830710336,0.14705472775379475,122.2119912,20.2445652174,0.0,0.0,0.0,0.0,0.5639113505618957,0.39541864552742145,0.5253783255304344,0.4777237985824129,0.7436722673988,0.9064334111260152,0.9584845116694607,0.9573653084219674,0.25305706521750004,0.17566992769034454,0.1674424583457788,0.0
1409708221901,0.0,0.0,0.0,406.6825362862875,170.0,179.7964897265692,4.280868803013552,1.0210829262999075,1907,8163.616807346844,0.5075098814229249,0.20922915574200315,121.3428643,28.7878787879,0.0,0.0,0.0,0.0,0.6563146831118747,0.5474808628325113,0.580202457159012,0.26580018264133,0.7007066367998028,0.7711194526442049,0.8456763323463404,0.9505568771501568,0.35984848484875,0.1691699604743083,0.23823677572412344,0.0
1409708223715,0.0,0.0,0.0,82.01770937783468,0.0,65.61416750226773,0.0,0.6277052571971504,1736,9492.1828986614,0.5161572052401747,0.18490783410138248,117.5277757,50.2683363148,0.0,0.0,0.0,0.0,0.48253812667972606,0.0,0.4687411461247061,0.0,0.4307556500489204,0.7615342115413077,0.8598308434134878,0.9206708288308972,0.6283542039350001,0.1720524017467249,0.210543535609177,0.0
1409708333607,0.0,0.0,0.0,197.2523731616148,20.0,109.58465175645267,16.437697763467902,0.9993699902744391,2053,11248.864502799866,0.525260029717682,0.13735996103263517,122.806507,20.1834862385,0.0,0.0,0.0,0.0,0.5775908490516689,0.3241786929076167,0.5253243100608279,0.45660106008800516,0.6858063794499052,0.7786464303443829,0.875770859427911,0.9620225339252921,0.25229357798124996,0.1750866765725607,0.15640360500406492,0.0
1409708531672,0.0,0.0,0.0,435.2492442617591,0.0,193.4441085607818,14.508308142058636,1.072521791906129,3610,17458.330797610557,0.4235015772870662,0.20914127423822715,123.3384354,14.3968871595,0.0,0.0,0.0,0.0,0.6637099036849348,0.0,0.5883263544451043,0.43787171136458974,0.7360059779124227,0.8362414952092339,0.9170350727358291,0.9661894719787849,0.17996108949375,0.14116719242902206,0.23813671029093306,0.0
140970853187A,0.0,0.0,0.0,169.61001214524504,0.0,98.93917375139294,14.134167678770421,1.0751393240053735,936,13229.580947329114,0.5327868852459017,0.16452991452991453,123.0051295,17.6,0.0,0.0,0.0,0.0,0.56119408813575,0.0,0.5140247836895192,0.43397102792911096,0.737802229780646,0.6985250611371271,0.8909966604576728,0.9635784720055485,0.22000000000000003,0.17759562841530055,0.1873404125193034,0.0
1409708623414,0.0,0.0,0.0,313.8533777826604,655.0,134.87913755949043,10.375318273806956,0.9522451456687238,4980,12917.271250889658,0.48568019093078757,0.1467871485943775,122.3147708,23.5072281584,0.0,0.0,0.0,0.0,0.6281007196216366,0.6906420200735424,0.5483191440021721,0.3883675350459762,0.653467486571693,0.8690762377955793,0.8887539136183817,0.9581704472834435,0.29384035198,0.1618933969769292,0.16713778189681802,0.0
140970025080A,0.0,0.0,0.0,38.82113387975183,120.0,6.065802168711223,8.492123036195713,1.130045684621564,3241,3931.8529657586146,0.3866266609515645,0.1240357914224005,124.0471715,4.7038327526,0.0,0.0,0.0,0.0,0.4023174234124891,0.5106525382328262,0.2182738603540593,0.35945956287730013,0.7754811002184305,0.825237473811302,0.7770984449608324,0.9717414587216888,0.0587979094075,0.1288755536505215,0.1412321667984936,0.0
1409700250797,0.0,0.0,0.0,75.3852455689689,1435.0,41.77977465268156,0.9082559707104687,0.8670563833038685,1351,1227.0538164298432,0.4131799163179916,0.10584752035529238,125.6017661,3.9647577093,0.0,0.0,0.0,0.0,0.4734460799864267,0.7740638816212861,0.41930390620578994,0.10321393717058994,0.5950076596249022,0.7359546885026251,0.6678223184148835,0.9839196003597257,0.04955947136625,0.13772663877266386,0.12052226602172379,0.0
1409700252223,0.0,0.0,0.0,9.775941920293855,20.0,2.172431537843079,1.0862157689215395,0.8486855577264172,2081,2260.4150151257236,0.4665257223396758,0.1273426237385872,126.2543525,2.6194144838,0.0,0.0,0.0,0.0,0.25959077343191506,0.3241786929076167,0.12888105176015502,0.1174555255494091,0.5824008878593043,0.7800286265131376,0.7251448248216277,0.9890317303068236,0.0327426810475,0.15550857411322527,0.14499745976674555,0.0
140970032027A,0.0,0.0,0.0,510.0225485692352,80.0,221.4571592471679,33.554115037449684,1.1944632450428163,1973,13240.453793777644,0.5658730158730159,0.20273694880892043,119.4035134,25.5670103093,0.0,0.0,0.0,0.0,0.6809845330842607,0.46791797799195844,0.6033511245634722,0.5658371080757375,0.8196869242029617,0.774590941721826,0.8910737832452809,0.9353646913892809,0.31958762886625,0.1886243386243386,0.23084448643448632,0.0
1409700321846,0.0,0.0,0.0,70.15428801882783,0.0,35.077144009413914,0.0,1.0397207708399179,57,999.6986042682964,0.3333333333333333,0.21052631578947367,0.0,23.0769230769,0.0,0.0,0.0,0.0,0.4656999070576849,0.0,0.4002808457151039,0.0,0.7134966473155525,0.414504235428813,0.6486010024284841,0.0,0.28846153846125,0.1111111111111111,0.23971377459749552,0.0
1409700320265,0.0,0.0,0.0,240.71521407042636,175.0,96.28608562817054,8.91537829890468,1.1102053362898703,2909,5186.967094302743,0.5547835382148584,0.18425575799243726,116.922231,21.7647058824,0.0,0.0,0.0,0.0,0.5992353954650639,0.550549643662534,0.5110211906290728,0.36642759117299156,0.7618658850440712,0.8142086437597347,0.8031024466875089,0.9159272068443274,0.27205882353,0.18492784607161947,0.2098010553885265,0.0
1409701152596,0.0,0.0,0.0,246.62573296940417,20.0,153.07804115342327,0.0,0.6637254974722313,1790,15222.760759145982,0.544434857635893,0.19664804469273742,119.4667315,41.308793456,0.0,0.0,0.0,0.0,0.6018733511717177,0.3241786929076167,0.5623507818113721,0.0,0.455474133503867,0.7646594607272654,0.9041712333200759,0.9358599195187801,0.5163599181999999,0.18147828587863102,0.22391141403743714,0.0
1409701151992,0.0,0.0,0.0,324.12494605080497,60.0,169.4289490720117,36.832380233046024,1.095955601477735,2509,18482.488400942493,0.5487654320987654,0.18294141092068553,122.0850813,30.9392265193,0.0,0.0,0.0,0.0,0.6316061481229035,0.4377230725854981,0.5736100849143955,0.5803145559643724,0.7520871653159071,0.7991135230777037,0.9223868619103531,0.9563711413655084,0.38674033149125,0.18292181069958846,0.20830448667444781,0.0
1409704240570,0.0,0.0,0.0,69.7401881965526,255.0,16.40945604624767,12.307092034685754,1.430349831409688,1177,4828.4824416083775,0.38307873090481787,0.17162276975361088,124.7302863,8.7912087912,0.0,0.0,0.0,0.0,0.46506256421426484,0.5904467490922419,0.3189393116352214,0.41342090212902144,0.981561432474555,0.7218909618969889,0.796380026380622,0.9770927373054683,0.10989010989,0.12769291030160596,0.195416624236446,0.0
1409704241761,0.0,0.0,0.0,93.260863962164,1430.0,21.004699090577475,10.082255563477188,1.1286632394218419,6169,5183.119547590898,0.3856693620844564,0.14637704652293726,125.7611189,1.724137931,0.0,0.0,0.0,0.0,0.49640720339252303,0.7736924849259436,0.3450886968486547,0.3841985467574288,0.7745324127989204,0.8909290652693154,0.8030327929301254,0.9851679135655079,0.0215517241375,0.12855645402815213,0.16667082309812087,0.0
1409701150890,0.0,0.0,0.0,439.9390416151149,800.0,173.70983617420845,11.328902359187508,1.0456400967859378,2555,4824.224254620681,0.5091553455404607,0.1980430528375734,119.9096027,24.893314367,0.0,0.0,0.0,0.0,0.6648775134475395,0.7119059580337367,0.5763794998830276,0.4012256128839983,0.7175587179553854,0.8009674394131083,0.7962972107266678,0.9393292151158492,0.31116642958749996,0.1697184485134869,0.22549982671040333,0.0
1409701150871,0.0,0.0,0.0,167.1351473995509,20.0,70.56817334647705,0.0,0.9290524448253223,927,3442.984036430749,0.5711864406779661,0.19525350593311758,119.1796718,26.8518518519,0.0,0.0,0.0,0.0,0.5595985087228638,0.3241786929076167,0.47674899548413535,0.0,0.6375517573123923,0.6975397971853845,0.7646364949009145,0.9336111958417698,0.33564814814875,0.1903954802259887,0.22232353582545497,0.0
1409708223749,0.0,0.0,0.0,295.26365411909507,40.0,164.03536339949727,5.467845446649909,0.9869506640797164,4220,23074.307784862613,0.5635420526120786,0.19146919431279621,120.2773146,36.6328916602,0.0,0.0,0.0,0.0,0.6214554151942169,0.39541864552742145,0.5700200850166656,0.2981852152017006,0.677283756982053,0.8521754356526892,0.943218590421247,0.9422097394661794,0.4579111457525,0.18784735087069285,0.2180145656173431,0.0
1409708221899,0.0,0.0,0.0,286.2688676746866,60.0,187.37598611434032,10.40977700635224,0.8979926550129619,2346,12210.668428451178,0.5057766367137355,0.19352088661551578,120.866344,27.9475982533,0.0,0.0,0.0,0.0,0.6180888074577022,0.4377230725854981,0.5847870188744241,0.3888506573377723,0.6162373270163211,0.7922591431613271,0.8834728040423402,0.9468239864616134,0.34934497816625,0.16859221223791185,0.22035070542178137,0.0
141200001194A,159.70329950202407,44.91655298494427,22693.70190190002,359.33242387955414,20.0,154.7125713925858,64.87946542269728,1.318960638356625,4456,22238.68445565685,0.3548190939495287,0.14115798922800718,123.7759429,14.4688644689,0.0,0.7600795139976324,0.868824342236992,0.651260778780384,0.6428332883470537,0.3241786929076167,0.5635288067663174,0.668908955844584,0.9051218556001386,0.857729168761236,0.9397556529966263,0.9696167502561592,0.18086080586125,0.11827303131650957,0.16072819345908151,0.0
1409708432670,0.0,0.0,0.0,54.64100916997288,0.0,38.36496388530011,0.0,0.685698853297424,6311,7337.0086993978475,0.5502827637078928,0.16510854064332117,120.9078929,23.8600212089,0.0,0.0,0.0,0.0,0.43884559748462465,0.0,0.41001717226956,0.0,0.47055310100288267,0.8932518472685861,0.8356548202688978,0.9471494657789251,0.29825026511125,0.18342758790263092,0.18799925960549896,0.0
1409700340848,0.0,0.0,0.0,18.46635432460741,155.0,2.462180576614321,0.0,0.9276173343271816,59,72.63432701012248,0.475,0.15254237288135594,117.4348379,39.1304347826,0.0,0.0,0.0,0.0,0.3241655222758977,0.5377052569945776,0.13863787765502839,0.0,0.6365669289260906,0.4179650244906665,0.40362258402065915,0.9199427871331275,0.48913043478249996,0.15833333333333333,0.17369091294988023,0.0
1409700350138,0.0,0.0,0.0,373.8316472880306,315.0,197.0442672897501,23.939957708100483,1.0783058231616798,8676,7988.579733672299,0.5025116923609908,0.17012448132780084,121.5344178,14.398595259,0.0,0.0,0.0,0.0,0.6471410246733837,0.6128675434919894,0.5903743678026431,0.5137572610113509,0.7399752040975167,0.9257371918711007,0.8436416882979594,0.9520574391965332,0.1799824407375,0.1675038974536636,0.19371061246000937,0.0
1409700352435,0.0,0.0,0.0,132.6277936373484,75.0,28.832129051597477,5.766425810319495,0.856859036885367,200,1153.285162063899,0.5748031496062992,0.195,120.7409969,25.5813953488,0.0,0.0,0.0,0.0,0.5345153683354079,0.46113356110959247,0.37906220879797503,0.30539368707939063,0.5880098457068071,0.5413799283603485,0.6620061907654161,0.94584206182498,0.31976744186,0.1916010498687664,0.22203488372093022,0.0
1409700432613,0.0,0.0,0.0,51.88851043262858,80.0,27.426784085817964,3.7063221737591845,1.043025265697374,1394,1033.3226220440606,0.5021551724137931,0.1951219512195122,117.4577216,13.1016042781,0.0,0.0,0.0,0.0,0.4333056619016856,0.46791797799195844,0.37367541220531264,0.24740220820053294,0.7157643196252649,0.7391508654917297,0.6517037536277644,0.9201220499067164,0.16377005347625,0.1673850574712644,0.2221737423098739,0.0
1409700343236,0.0,0.0,0.0,13.26015743795181,500.0,4.4200524793172695,0.0,0.6365141682948128,7,30.94036735522089,0.0,0.0,0.0,0.0,0.0,0.0,0.0,0.0,0.29018209484482804,0.6619400189667066,0.18867292097249444,0.0,0.4368006658944782,0.21227667131742858,0.32520591283640277,0.0,0.0,0.0,0.0,0.0
1412000014465,135.21616648227132,57.206839665576325,23544.23041466047,478.4572044757292,665.0,109.21305754337298,122.21461201282214,1.2230982570180455,2868,7457.69164367604,0.40127077223851415,0.12761506276150628,123.6448898,6.4369900272,0.0,0.7353423599919021,0.8720113756646725,0.6916243099537055,0.6740223676026298,0.6922529331679159,0.5249485587166552,0.7689141593922191,0.8393373780682452,0.812760125421251,0.8371863217186284,0.9685901268432747,0.08046237534,0.1337569240795047,0.14530766985277055,0.0
1409700350231,0.0,0.0,0.0,134.16619587658994,100.0,66.51937442620846,9.019576193384198,1.1716294294087923,4077,4596.601517553422,0.5315552216378663,0.20063772381653178,120.069398,19.9796126402,0.0,0.0,0.0,0.0,0.5357653033032761,0.49141491559492917,0.4702479017512862,0.3680973584477468,0.8040174758691206,0.8486570875265719,0.7917604513974967,0.9405809947093797,0.2497451580025,0.17718507387928875,0.22845422398787563,0.0
1409701150886,0.0,0.0,0.0,247.3480987873268,80.0,79.24744912603674,16.810064966129005,1.2302225282394452,1528,3669.397038320731,0.5074037512339585,0.18782722513089006,119.9600909,20.4488778055,0.0,0.0,0.0,0.0,0.602191427285674,0.46791797799195844,0.48952710474450345,0.459975986582554,0.8442263288073258,0.7485139142924201,0.7706142440503385,0.93972472173259,0.25561097256875,0.16913458374465284,0.21386767226442133,0.0
1409700432628,0.0,0.0,0.0,161.859384190346,40.0,56.0282483735813,6.2253609303979225,0.9923061205342094,1385,2874.0416295337077,0.5544332210998878,0.19422382671480146,116.4459023,17.9411764706,0.0,0.0,0.0,0.0,0.5561172717744024,0.39541864552742145,0.45139653925632084,0.3158756406391437,0.6809588785457382,0.7384901285550249,0.7476844287944882,0.9121958170820949,0.22426470588249997,0.1848110736999626,0.221151101438231,0.0
1409708432967,0.0,0.0,0.0,8.788156908349897,0.0,8.788156908349897,0.0,0.0,261,2293.7089530793232,0.45,0.16091954022988506,118.6549432,5.6179775281,0.0,0.0,0.0,0.0,0.24909246260447207,0.0,0.25465605958425896,0.0,0.0,0.5684360980170787,0.7265169828399418,0.9295006584628746,0.07022471910125,0.15,0.18322949437624658,0.0
1409700252420,0.0,0.0,0.0,5.49099396572387,20.0,0.0,5.49099396572387,0.0,76,417.3155413950141,0.6170212765957447,0.039473684210526314,124.1009736,0.0,0.0,0.0,0.0,0.0,0.20423984062637981,0.3241786929076167,0.0,0.298755859998326,0.0,0.44343086223852574,0.5667127472069339,0.9721629252533646,0.0,0.20567375886524822,0.04494633273703041,0.0
1409700253819,0.0,0.0,0.0,65.8974065989312,0.0,19.381590176156234,11.62895410569374,1.1150659840964299,841,3259.9834676294786,0.31201248049922,0.10107015457788347,125.8123839,5.0632911392,0.0,0.0,0.0,0.0,0.45896363158727044,0.0,0.3365348704121128,0.4050663810807098,0.7652014497562779,0.6876120013427969,0.7595103556512781,0.9855695053573963,0.06329113924,0.10400416016640666,0.11508256420182975,0.0
1409700250778,0.0,0.0,0.0,1.8819752032098103,0.0,0.9409876016049051,0.0,0.6931471805599453,133,125.15135101345237,0.5287356321839081,0.17293233082706766,110.5250775,18.4210526316,0.0,0.0,0.0,0.0,0.11558016273472246,0.0,0.07403520050980172,0.0,0.4756644315437017,0.49998863086081324,0.4541676166169347,0.865814179690326,0.230263157895,0.17624521072796936,0.1969077434193713,0.0
1409700250763,0.0,0.0,0.0,96.26361851073878,555.0,52.112635584760845,5.066506237407304,0.953417228921047,4446,3217.955247358982,0.3602693602693603,0.15137201979307244,125.2273557,1.8595041322,0.0,0.0,0.0,0.0,0.4998314375055705,0.6730311389441646,0.443455817125493,0.28795307475058723,0.6542718154784164,0.8574998705957916,0.7582924799801868,0.9809866023408506,0.0232438016525,0.12008978675645343,0.17235830160695995,0.0
1409700253791,0.0,0.0,0.0,0.0,0.0,0.0,0.0,0.0,283,1062.2934109909297,0.44387755102040816,0.12014134275618374,126.2439721,1.0989010989,0.0,0.0,0.0,0.0,0.0,0.0,0.0,0.0,0.0,0.576667063535752,0.6542972682957886,0.9889504139421201,0.01373626373625,0.14795918367346939,0.13679779009715734,0.0
1409700252399,0.0,0.0,0.0,130.71194564339743,135.0,57.32980072078834,6.879576086494601,1.2215007149059935,1321,3029.306670086456,0.520138089758343,0.18168054504163514,116.9497964,18.75,0.0,0.0,0.0,0.0,0.532938488413142,0.5230961742410409,0.45391571183733376,0.3297202835677318,0.8382410828196913,0.7336640127273677,0.7526224736520867,0.9161431443919743,0.234375,0.173379363252781,0.20686881380858813,0.0
1409700250369,0.0,0.0,0.0,513.8758935074849,270.0,226.78091074978207,41.01356896538612,1.1587120875956853,4410,10639.402302197223,0.45650016539861066,0.17596371882086168,119.9211474,13.3333333333,0.0,0.0,0.0,0.0,0.6818048239680737,0.5965098283932967,0.6059912317373793,0.5970583017021032,0.7951530958025038,0.8566701062594297,0.8705416656243136,0.9394196521929937,0.16666666666625002,0.15216672179953689,0.2003594043461153,0.0
1412000015497,79.93271649168139,18.967085269212532,28087.2815395732,241.1529412799879,1185.0,65.03000663730012,23.03146068404379,1.1220580515806449,5123,6940.598416726843,0.39427792915531334,0.12141323443294945,124.6755714,6.4997336175,0.0,0.6574386907064832,0.8872942976456903,0.5095424793712523,0.5994329599819758,0.7536970307009759,0.46775787600766877,0.5078302060926572,0.7699996771724344,0.8719656816625726,0.830440868412268,0.9766641202229754,0.08124667021875,0.13142597638510445,0.1382460173820614,0.0
1409700250462,0.0,0.0,0.0,113.99254956333736,2235.0,29.05692439849776,14.52846219924888,1.3079265014943202,1774,1982.5763031898086,0.4248995983935743,0.18883878241262683,121.6679266,10.4384133612,0.0,0.0,0.0,0.0,0.5181152850561704,0.8212158105125462,0.3799002544210012,0.43807915223231636,0.8975498036818956,0.7637433940048715,0.7128374899958432,0.9531032996905323,0.130480167015,0.14163319946452477,0.21501947228199816,0.0
1409700250814,0.0,0.0,0.0,37.82531320104738,40.0,17.193324182294266,5.731108060764755,1.356414140734271,2537,2907.9642300320365,0.3792165397170838,0.142688214426488,122.1188995,11.5995115995,0.0,0.0,0.0,0.0,0.39955202588948635,0.39541864552742145,0.3238558002891892,0.30455779947855455,0.9308238990007796,0.8002459982455198,0.7487856946057205,0.9566360611262894,0.14499389499374998,0.12640551323902793,0.1624705697360637,0.0
1409700253005,0.0,0.0,0.0,72.58518049002451,195.0,24.886347596579835,2.0738622997149863,0.9519246434992505,614,1273.3514520250014,0.3922902494331066,0.1482084690553746,124.618365,4.347826087,0.0,0.0,0.0,0.0,0.4693680980462308,0.5620100840923147,0.36322469085621456,0.17936300014624307,0.6532475455742733,0.655541678929162,0.6712966998048131,0.9762159856148904,0.054347826087499995,0.1307634164777022,0.1687561548367548,0.0
1412000012492,192.32979425483293,8.149567553170886,32993.960259581676,125.50334031883166,255.0,42.37775127648861,11.409394574439242,1.1009965190909583,2000,3259.8270212683547,0.41371994342291374,0.135,124.5379701,0.6655574043,0.0,0.7877376887283347,0.9012408934181615,0.37673529292829666,0.5285326279151357,0.5904467490922419,0.42085352086174593,0.4022650396831709,0.7555464381488652,0.7759777577716613,0.7595058513850181,0.9755862005383336,0.00831946755375,0.13790664780763792,0.153716457960644,0.0
1409701800301,0.0,0.0,0.0,1.4744222883495315,0.0,0.0,0.0,0.0,2584,761.9814386190378,0.28749377179870456,0.18808049535603716,125.6125807,0.5277044855,0.0,0.0,0.0,0.0,0.09893133263816946,0.0,0.0,0.0,0.0,0.8021191425489081,0.6231374861295832,0.9840043180929268,0.00659630606875,0.09583125726623486,0.21415605598232137,0.0
1409700250477,0.0,0.0,0.0,76.04898780253168,2370.0,25.67887899825745,4.938245961203355,1.1604353720344704,3119,3080.4778305986533,0.370989010989011,0.18595703751202308,124.2982269,8.085106383,0.0,0.0,0.0,0.0,0.4743908198034454,0.8274579747692241,0.3665911752324616,0.2845398585978111,0.7963356803039666,0.8213218139615506,0.7541946242515359,0.9737081375073954,0.10106382978749999,0.12366300366300366,0.21173820103113183,0.0
1409700251206,0.0,0.0,0.0,52.121939757326544,0.0,26.060969878663272,13.030484939331636,1.0397207708399179,770,10033.47340328536,0.4583333333333333,0.1974025974025974,120.3170145,17.6470588235,0.0,0.0,0.0,0.0,0.43378654527610006,0.0,0.36817863710782395,0.42187610276987786,0.7134966473155525,0.6786192983120003,0.865037013077798,0.9425207343745728,0.22058823529375,0.15277777777777776,0.22477057825895036,0.0
1409700251456,0.0,0.0,0.0,157.63065418300422,20.0,114.64047576945762,0.0,0.7595473914748635,2372,16995.45053282209,0.43844754396604,0.2166947723440135,121.3177986,18.7221396731,0.0,0.0,0.0,0.0,0.5532445086912219,0.3241786929076167,0.5303148689074153,0.0,0.5212308270583048,0.793383803269224,0.914512408477171,0.9503605213639882,0.23402674591375,0.14614918132201335,0.24673742861711018,0.0
1409700252562,0.0,0.0,0.0,0.0,0.0,0.0,0.0,0.0,134,1221.3416088035456,0.30097087378640774,0.20149253731343283,123.2146955,2.7027027027,0.0,0.0,0.0,0.0,0.0,0.0,0.0,0.0,0.0,0.5007476194897372,0.667384599451438,0.9652201375757987,0.03378378378375,0.10032362459546924,0.22942754919499106,0.0
1409700253787,0.0,0.0,0.0,0.0,0.0,0.0,0.0,0.0,1203,8896.642393275462,0.43556085918854415,0.09725685785536159,124.2405863,0.2624671916,0.0,0.0,0.0,0.0,0.0,0.0,0.0,0.0,0.0,0.7241195735036964,0.8537482508989767,0.9732566015308125,0.0032808398949999997,0.14518695306284804,0.11074059038450385,0.0
140970025073A,0.0,0.0,0.0,0.0,0.0,0.0,0.0,0.0,43,1781.5903107531294,0.2647058823529412,0.0,127.6545015,0.0,0.0,0.0,0.0,0.0,0.0,0.0,0.0,0.0,0.0,0.3863033237631489,0.7028073771757721,1.0,0.0,0.08823529411764706,0.0,0.0
1409700463861,0.0,0.0,0.0,294.281648634811,0.0,170.37358605173267,7.744253911442395,0.9340711601999958,3310,25633.480446874328,0.5936446798266731,0.17522658610271905,118.2699504,36.4293085655,0.0,0.0,0.0,0.0,0.6210928729425033,0.0,0.574227129468025,0.3463514859369017,0.6409957941096642,0.8273873355102739,0.953092978525506,0.926484761683081,0.45536635706875,0.19788155994222437,0.1995200752314502,0.0
1409700463876,0.0,0.0,0.0,193.10949854694255,40.0,116.76388284233735,17.963674283436514,1.016576166974026,2124,9538.71104450479,0.5560439560439561,0.17749529190207156,117.4912705,29.4851794072,0.0,0.0,0.0,0.0,0.5752848269894837,0.39541864552742145,0.5323461126197484,0.4700006957724806,0.6976139240643664,0.7821155023792081,0.8602898707473562,0.9203848600669989,0.36856474259,0.18534798534798536,0.2021033153768668,0.0
1409704393880,0.0,0.0,0.0,107.0504837336244,0.0,91.75755748596377,0.0,0.410116318288409,847,12953.108531768554,0.5891181988742964,0.12750885478158205,120.5266463,35.632183908,0.0,0.0,0.0,0.0,0.5113158522427271,0.0,0.5056999647075677,0.0,0.2814376958842452,0.6883368576451343,0.8890140048518874,0.9441629153986395,0.44540229885000004,0.1963727329580988,0.1451867371529105,0.0
1409704393895,0.0,0.0,0.0,57.008244638768204,0.0,57.008244638768204,0.0,0.0,1807,17168.98301037569,0.6397459165154264,0.14720531267293857,119.6049631,32.4478178368,0.0,0.0,0.0,0.0,0.4433951639695154,0.0,0.45329860291471535,0.0,0.0,0.7656238577334549,0.9154661081158405,0.9369427767496316,0.40559772295999996,0.21324863883847547,0.16761392042276457,0.0
1409706133927,0.0,0.0,0.0,318.8235824983762,0.0,182.18490428478637,5.693278258899574,0.7571389075929762,3788,21566.138044711588,0.5007923930269413,0.18030623020063358,119.5280194,34.5864661654,0.0,0.0,0.0,0.0,0.6298109820212748,0.0,0.5816675411184572,0.30365757862292925,0.5195780321704505,0.8411534867810104,0.9368726745556184,0.9363400271474172,0.4323308270675,0.1669307976756471,0.20530396336798437,0.0
1409706133931,0.0,0.0,0.0,197.09787261469253,0.0,135.5047874226011,4.106205679472762,0.8172442674293546,3896,15997.777327225878,0.5448057097541633,0.16940451745379878,119.7582843,35.7142857143,0.0,0.0,0.0,0.0,0.5775057189333429,0.0,0.5488319775154389,0.2604279203201147,0.5608246571602611,0.8440225327697625,0.9088330883808055,0.9381438405444715,0.44642857142875,0.18160190325138778,0.19289083248540773,0.0
1409706133946,0.0,0.0,0.0,342.116083104303,0.0,180.0610963706858,0.0,0.7667980847043186,3498,20995.123836821964,0.5491585473870682,0.17753001715265868,119.5379824,35.0140056022,0.0,0.0,0.0,0.0,0.6374873050367795,0.0,0.5803657205809039,0.0,0.5262065334739328,0.8330250963712073,0.9343534618862879,0.9364180737488526,0.4376750700275,0.18305284912902273,0.2021428549511042,0.0
1409706663950,0.0,0.0,0.0,109.87574078905135,0.0,84.9039815188124,0.0,0.6496877127476234,2672,13344.908154015691,0.528604118993135,0.19199101796407186,119.5382148,33.5044929397,0.0,0.0,0.0,0.0,0.5141343430152966,0.0,0.4971310646434701,0.0,0.4458408621317331,0.8055364825782542,0.8918114841629534,0.9364198942878643,0.41880616174625,0.17620137299771166,0.21860873512367038,0.0
1409700213838,0.0,0.0,0.0,104.72500098767075,20.0,49.2823534059627,6.160294175745338,0.8760918930634294,706,4349.167688076209,0.3550863723608445,0.10056657223796034,123.8676195,5.1181102362,0.0,0.0,0.0,0.0,0.5089400806835769,0.3241786929076167,0.43734267478110705,0.3144307307649718,0.6012081762453653,0.6697729761823398,0.7865666922682097,0.9703349121613233,0.0639763779525,0.1183621241202815,0.11450916499009259,0.0
1409700213842,0.0,0.0,0.0,163.65552199801948,20.0,77.93120095143784,15.586240190287569,0.9403716526240742,1160,9040.01931036679,0.3583138173302108,0.1146551724137931,123.3742966,9.4252873563,0.0,0.0,0.0,0.0,0.5573149640910181,0.3241786929076167,0.4876808627821586,0.448604974836026,0.6453194359441785,0.7204070370877828,0.855249059154312,0.9664703958755422,0.11781609195375001,0.11943793911007027,0.13055101474307568,0.0
1409700213857,0.0,0.0,0.0,177.31312127328155,0.0,78.01777336024388,28.370099403725046,1.1509939592166962,1372,9730.944095477691,0.3530571992110454,0.08819241982507289,125.0850939,8.5227272727,0.0,0.0,0.0,0.0,0.5660162211237043,0.0,0.48780323659431707,0.5398735634343744,0.7898566172898055,0.7375281167205856,0.8621629243734623,0.9798721739554167,0.10653409090874999,0.11768573307034846,0.1004194547739873,0.0
1409708274130,0.0,0.0,0.0,33.30766704672235,0.0,11.102555682240784,4.163458380840294,1.0377968161163391,2891,4012.1860596697634,0.4027171276079573,0.15530958145970253,124.3101954,1.0297482838,0.0,0.0,0.0,0.0,0.38604422686060724,0.0,0.2783496071367017,0.26220887365631496,0.7121763550954102,0.8135752384163217,0.7789968346237267,0.9738018944831335,0.012871853547500001,0.13423904253598576,0.17684176851359687,0.0
1409708524183,0.0,0.0,0.0,93.23725340298633,20.0,51.79847411277018,10.359694822554035,1.1490596969706204,1112,11519.980642680088,0.5465924895688457,0.19784172661870503,117.4812915,39.0029325513,0.0,0.0,0.0,0.0,0.49637984871598384,0.3241786929076167,0.44279354201662807,0.3881480069393383,0.7885292516486543,0.7160968031809035,0.8780066108174694,0.9203066881272495,0.48753665689125,0.18219749652294856,0.22527058853811405,0.0
1409708524164,0.0,0.0,0.0,52.45756865753046,0.0,41.96605492602437,0.0,0.5004024235381879,488,5119.858700974973,0.5863192182410424,0.2028688524590164,123.2644562,20.0,0.0,0.0,0.0,0.0,0.4344742775389208,0.0,0.4197889492685853,0.0,0.3433955168700248,0.6321380382709596,0.8018800827206839,0.9656099452160721,0.25,0.19543973941368079,0.23099467726326284,0.0
140970852415A,0.0,0.0,0.0,48.3182426073535,0.0,12.079560651838374,0.0,0.5623351446188083,230,2778.298949922826,0.6312056737588653,0.1565217391304348,115.1664531,18.9655172414,0.0,0.0,0.0,0.0,0.42567380409107725,0.0,0.28701619912189646,0.0,0.3858961478946939,0.5555810501772038,0.7445046867525262,0.902173066728869,0.2370689655175,0.21040189125295508,0.17822198024422495,0.0
1409708524179,0.0,0.0,0.0,171.1491777910585,0.0,108.9131131397645,7.77950808141175,0.922980661086409,1704,13256.281770725622,0.5851162790697675,0.1742957746478873,120.1275863,28.5416666667,0.0,0.0,0.0,0.0,0.562174777574884,0.0,0.5246443335710659,0.3469941618590519,0.6333850642324416,0.7596360324992366,0.891185940423212,0.9410368211731257,0.35677083333375,0.1950387596899225,0.1984602156768878,0.0
1409708634111,0.0,0.0,0.0,209.67212419323317,40.0,146.77048693526322,20.967212419323317,0.8771725847946246,2633,13801.667575019574,0.6183159188690842,0.17166729965818459,120.4578383,36.0264900662,0.0,0.0,0.0,0.0,0.5842257688552733,0.39541864552742145,0.5576846080295002,0.4934846722923512,0.6019497887519295,0.8040360762529591,0.8949709103196872,0.9436238979790306,0.45033112582749996,0.20610530628969473,0.1954673277861082,0.0
1409708634126,0.0,0.0,0.0,240.00539001710183,20.0,176.8460768547066,0.0,0.737087891455406,3001,18954.109880034805,0.48,0.16661112962345884,123.0643294,28.8481141692,0.0,0.0,0.0,0.0,0.598914260558883,0.3241786929076167,0.5783656798227617,0.0,0.5058182485913755,0.8173860592689599,0.9247523661661781,0.964042222984201,0.360601427115,0.16,0.18971016816696162,0.0
1409708634145,0.0,0.0,0.0,34.32007489029572,20.0,22.880049926863812,0.0,0.8239592165010823,1135,3246.1070833738036,0.5153538050734312,0.14801762114537445,124.4979368,15.6164383562,0.0,0.0,0.0,0.0,0.38921990240728954,0.3241786929076167,0.3542189309892482,0.0,0.5654327151927095,0.7181848444140377,0.7591099961381358,0.9752725938928211,0.1952054794525,0.17178460169114373,0.16853884769057395,0.0
1409708843965,0.0,0.0,0.0,120.82844657419713,0.0,87.60062376629293,0.0,0.718557088445096,5870,17731.57453476343,0.47585513078470826,0.18160136286201023,120.7128577,33.3333333333,0.0,0.0,0.0,0.0,0.5244209123190934,0.0,0.5005815228309014,0.0,0.49310169411758126,0.8858581836800818,0.9184930237322407,0.9456216293320452,0.41666666666624996,0.15861837692823608,0.2067786537775841,0.0
140970884397A,0.0,0.0,0.0,89.03040315935331,0.0,63.593145113823795,0.0,0.7589367727620595,3139,19961.88825122929,0.4928571428571429,0.1481363491557821,122.2737517,24.2424242424,0.0,0.0,0.0,0.0,0.4913931200808275,0.0,0.46530182134283854,0.0,0.5208117968565499,0.8219741069179094,0.9296157484003059,0.957849118231056,0.30303030303,0.16428571428571428,0.16867403620331897,0.0
1409708443611,0.0,0.0,0.0,64.91904172628443,0.0,64.91904172628443,0.0,0.0,0,0.0,0.0,0.0,0.0,0.0,0.0,0.0,0.0,0.0,0.45735487932720165,0.0,0.46757011506219864,0.0,0.0,0.0,0.0,0.0,0.0,0.0,0.0,0.0
1409708441691,0.0,0.0,0.0,202.45051771274453,0.0,86.22892421098378,18.745418306735605,1.1286491487315846,2777,10411.205327560954,0.40672782874617736,0.2124594886568239,122.7408479,16.0200250313,0.0,0.0,0.0,0.0,0.5804170299944795,0.0,0.4988397091267773,0.47645306078120725,0.7745227432217234,0.8094697401619623,0.8685062750485625,0.9615081838692544,0.20025031289125,0.13557594291539246,0.24191496338115995,0.0
1409708440744,0.0,0.0,0.0,0.0,0.0,0.0,0.0,0.0,137,1581.1898338151775,0.4421052631578947,0.072992700729927,122.5273074,11.5384615385,0.0,0.0,0.0,0.0,0.0,0.0,0.0,0.0,0.0,0.5029913032211341,0.691610855611312,0.9598353834784276,0.14423076923125,0.14736842105263157,0.0831124400976718,0.0
1409708443804,0.0,0.0,0.0,4.806740183134694,20.0,0.0,0.0,0.0,2843,6832.781170325968,0.34230406043437206,0.12240590925079142,124.4219471,5.0436469447,0.0,0.0,0.0,0.0,0.1920759303125333,0.3241786929076167,0.0,0.0,0.0,0.8118666880682838,0.8289711968419273,0.9746773175875824,0.06304558680875,0.11410135347812402,0.13937631706284212,0.0
1409709033912,0.0,0.0,0.0,30.57427255133686,0.0,30.57427255133686,0.0,0.0,2482,15177.068894483617,0.372787610619469,0.10193392425463337,125.4829219,6.981981982,0.0,0.0,0.0,0.0,0.3769781866022771,0.0,0.38539817120757724,0.0,0.0,0.7980094648459826,0.903889027314799,0.982988617130748,0.087274774775,0.12426253687315635,0.11606608727741348,0.0
1409709033908,0.0,0.0,0.0,0.0,0.0,0.0,0.0,0.0,1149,10162.600274264983,0.35495283018867924,0.12619669277632725,125.6115161,5.6097560976,0.0,0.0,0.0,0.0,0.0,0.0,0.0,0.0,0.0,0.7194352266298611,0.8662374500303611,0.9839959783948552,0.07012195122,0.11831761006289308,0.14369265644388604,0.0
1409708714056,0.0,0.0,0.0,183.36778903671612,0.0,95.07959431533429,16.978498984881124,1.0489553576667727,4519,15345.16738253556,0.5906370996128124,0.1429519805266652,120.2534578,27.1723122239,0.0,0.0,0.0,0.0,0.5696624027318862,0.0,0.5096281101881817,0.4614794644542895,0.7198337783271631,0.8591620229680146,0.9049230978291195,0.9420228537730023,0.33965390279875,0.1968790332042708,0.1627709044816143,0.0
1409708714060,0.0,0.0,0.0,206.87406187961645,0.0,126.65758890588762,0.0,0.8672927080927211,4010,16929.897717086977,0.6104417670682731,0.14937655860349128,120.2093584,27.7169334457,0.0,0.0,0.0,0.0,0.5827657690800129,0.0,0.5413516084974699,0.0,0.5951698348446851,0.846965963545725,0.9141496072574599,0.9416773947450651,0.34646166807125,0.2034805890227577,0.17008618882132773,0.0
1409708823984,0.0,0.0,0.0,81.98187107092336,0.0,52.70263140273644,0.0,0.6517565611726531,2384,13960.34147379152,0.4853582554517134,0.138003355704698,122.5491488,25.2512562814,0.0,0.0,0.0,0.0,0.48249097764277366,0.0,0.4446890519326934,0.0,0.4472605860195903,0.7938987274396219,0.896044046427331,0.96000648124422,0.3156407035175,0.16178608515057114,0.15713620018969637,0.0
1409708743999,0.0,0.0,0.0,189.98372782173294,180.0,114.70715642066894,21.507591828875427,1.0706433388373744,4907,17589.62551738195,0.534876446668752,0.15304666802527003,121.5677629,23.9130434783,0.0,0.0,0.0,0.0,0.5735121357292288,0.5535324528401375,0.5303792206838169,0.49736630479150384,0.7347169106894862,0.8675690619656001,0.9177384504024229,0.9523186528600405,0.29891304347875003,0.178292148889584,0.1742651237890597,0.0
1409708234003,0.0,0.0,0.0,154.42317961044697,0.0,127.566974460804,0.0,0.46203690946645704,2368,15898.873448588627,0.5828877005347594,0.1701858108108108,120.2420324,33.9514978602,0.0,0.0,0.0,0.0,0.5510139864949067,0.0,0.5421440274743392,0.0,0.317067615734988,0.7932115830675414,0.9082508924512416,0.941933351249662,0.4243937232525,0.19429590017825313,0.1937804446888749,0.0
1409708374200,0.0,0.0,0.0,109.48609406065148,0.0,43.794437624260595,0.0,0.8823109245150755,2240,16349.923379723956,0.4405144694533762,0.17901785714285715,123.5070205,12.0481927711,0.0,0.0,0.0,0.0,0.5137499273631461,0.0,0.4244411307870034,0.0,0.6054759164067117,0.7875412804839274,0.9108771617307778,0.9675101077418723,0.15060240963875,0.14683815648445872,0.20383696971633017,0.0
1409708234041,0.0,0.0,0.0,192.29921104861498,135.0,99.99558974527979,19.229921104861496,1.1037238859767489,2700,10384.157396625209,0.5402167712492869,0.16666666666666666,121.9498375,24.5305164319,0.0,0.0,0.0,0.0,0.5748280515782951,0.5230961742410409,0.515198625686717,0.4803250460094502,0.7574180629000367,0.8066002577456699,0.8682620710385921,0.9553116894980785,0.30663145539875003,0.18007225708309563,0.18977340488968394,0.0
1409708744018,0.0,0.0,0.0,152.98648527833274,0.0,98.1422735747795,8.659612374245249,0.9786664051579825,8687,25075.35089835616,0.5340868950900742,0.1653044779555658,119.4281817,31.8906605923,0.0,0.0,0.0,0.0,0.5499999211295082,0.0,0.5131310642437829,0.3622533827401794,0.6715987777723214,0.9258665231298264,0.9510262730700739,0.9355579340850741,0.39863325740375,0.17802896503002474,0.18822236175083654,0.0
1409708374198,0.0,0.0,0.0,58.05609368378234,0.0,41.929400993842805,0.0,0.7298429194806347,2357,7602.122934037498,0.46306641837368095,0.16546457361052186,122.9974026,16.1073825503,0.0,0.0,0.0,0.0,0.4453500346457525,0.0,0.419693674881541,0.0,0.5008464683222186,0.7927364738944351,0.8389869500135996,0.9635179422168674,0.20134228187874997,0.154355472791227,0.1884046531361309,0.0
1409708824215,0.0,0.0,0.0,57.001943038806886,40.0,32.57253887931822,16.28626943965911,0.9556998911125343,2000,16286.26943965911,0.4880952380952381,0.152,120.9625877,30.2460202605,0.0,0.0,0.0,0.0,0.4433833011744848,0.39541864552742145,0.3922486703739515,0.4552079391284808,0.6558382666509408,0.7759777577716613,0.9105109548489392,0.947577925405161,0.37807525325625,0.1626984126984127,0.17307334525939178,0.0
140970823422A,0.0,0.0,0.0,67.24746857342193,0.0,52.30358666821705,0.0,0.6837389058487535,1719,12844.266497523588,0.6309297912713473,0.16753926701570682,120.4494897,34.1698841699,0.0,0.0,0.0,0.0,0.46114536105186926,0.0,0.4438564443974378,0.0,0.4692081091812695,0.7605302002628794,0.8882218377459455,0.9435584980134837,0.42712355212375,0.21030993042378243,0.1907669829257556,0.0
1409708744022,0.0,0.0,0.0,298.9856176684188,40.0,197.9200567664181,0.0,0.7670778300192174,5218,21973.33736610999,0.5613405146618791,0.15983135300881565,121.3937473,23.8738738739,0.0,0.0,0.0,0.0,0.6228186862707962,0.39541864552742145,0.5908669454540666,0.0,0.5263985055397801,0.873840999319456,0.9386287506455069,0.950955476489797,0.29842342342375,0.18711350488729303,0.18199044041164786,0.0
1409708744037,0.0,0.0,0.0,119.26465872042904,20.0,89.44849404032178,3.312907186678584,0.7332698710809967,4923,16309.44208001867,0.558124802027241,0.17651838309973594,118.2492013,34.2140921409,0.0,0.0,0.0,0.0,0.5230102151964066,0.3241786929076167,0.5028858305136653,0.23345891270999755,0.5031981751900113,0.8679013112428959,0.9106444345564156,0.9263222206073164,0.42767615176125,0.18604160067574702,0.2009909675187512,0.0
1409708614075,0.0,0.0,0.0,100.41632177029017,140.0,35.86297206081792,12.552040221286271,1.0461062836034933,3026,5426.067672801751,0.5895953757225434,0.13053536021150033,122.9382898,16.5371809101,0.0,0.0,0.0,0.0,0.5043967704889543,0.5269406107501234,0.4026863361567853,0.4163343187048389,0.717878633398721,0.818232668038514,0.8073326323998273,0.9630548735486623,0.20671476137624997,0.19653179190751446,0.14863283859502677,0.0
140970870408A,0.0,0.0,0.0,2.3962352860384497,20.0,2.3962352860384497,0.0,0.0,2522,6043.305391388971,0.41685393258426967,0.10111022997620936,124.058551,2.2352941176,0.0,0.0,0.0,0.0,0.13350905314698042,0.3241786929076167,0.13649104046645305,0.0,0.0,0.7996408779180184,0.8174457128669362,0.9718306016807405,0.027941176470000002,0.13895131086142323,0.11512819567058544,0.0
1409800012292,138.68845231837187,15.409828035374654,25062.48320393042,163.34417717497132,40.0,83.21307139102312,15.409828035374654,1.1591172886959635,5151,15875.204842042967,0.316798772692406,0.20714424383614832,123.756518,11.6757410768,0.0,0.7391088981640894,0.8774243652729401,0.47615176015820043,0.557108293537166,0.39541864552742145,0.4949117814095893,0.44689701070589954,0.7954311604854893,0.8725219963926899,0.9081110306112536,0.9694645824926119,0.14594676346,0.10559959089746868,0.23586281073650878,0.0
1409800011171,246.8170591657382,126.27849538712186,58664.240173329585,614.1726821100928,40.0,327.17610168481576,28.699658042527698,1.0971364365575742,3880,22270.93464100149,0.5317804974338729,0.197680412371134,117.0011145,28.5714285714,0.0,0.8248910362991098,0.9510920987478623,0.8247712037976185,0.7012390171326988,0.39541864552742145,0.6467561169990675,0.5416558614123651,0.7528975000655124,0.8436025434899362,0.9398916989607425,0.9165451521503925,0.3571428571425,0.17726016581129098,0.22508690961400143,0.0
140980001217A,203.37032950653855,132.63282359122078,37060.251698212924,729.4805297517144,510.0,212.21251774595325,70.73750591531775,1.1511489642277306,2753,12171.27211155436,0.4921409214092141,0.147838721394842,123.4946762,6.9825436409,0.0,0.7960478404141057,0.9113080361468258,0.8330622407219437,0.7199986524024016,0.6640444219398804,0.5986128121740087,0.6825156051227967,0.7899629877296311,0.808583977551956,0.8831694296823523,0.9674134068824828,0.08728179551125001,0.16404697380307137,0.1683351452018192,0.0
1409800012413,116.94422169913338,57.27880246488166,11933.727132129847,658.706228346139,1215.0,181.38287447212522,85.91820369732248,1.2446500549576704,2892,6902.09569701824,0.3998063891577928,0.165283540802213,123.9310684,9.7647058824,0.0,0.7137902530290733,0.8131532003594232,0.6918345821959171,0.708870824612523,0.7563569356557135,0.5811777069759642,0.7131758045652489,0.8541270562249319,0.8136105308973424,0.8299186695439901,0.9708319482960027,0.12205882353,0.13326879638593095,0.18819852186155378,0.0
140980001007A,89.95366922485583,58.20531538078907,18991.75595743481,1566.2521229739602,1470.0,693.1723922621243,132.28480768361152,1.188717305238049,3215,8505.91313405622,0.4822498847395113,0.15272161741835147,121.702781,17.9381443299,0.0,0.6749058886866529,0.8533989533473406,0.6945188606235954,0.8033554733709761,0.776628007148435,0.7303888177007911,0.7814624076164551,0.8157438378461637,0.8244154901169201,0.8495321330918792,0.9533763366738776,0.22422680412374998,0.1607499615798371,0.17389500802644134,0.0
1409800143248,12.389624737165336,0.0,9314.808246958895,49.558498948661345,40.0,0.0,6.194812368582668,0.9002560512685369,91,563.7279255410228,0.9347826086956522,0.07692307692307693,0.0,11.7647058824,0.0,0.3882248216314438,0.7916931157003331,0.0,0.4283858793789486,0.39541864552742145,0.0,0.31519888912755323,0.6177905571577126,0.46160000572159876,0.5948884263298758,0.0,0.14705882353,0.3115942028985507,0.0875877253337003,0.0
1409800011966,278.6157548294839,90.63404072766342,56305.647448902426,520.306530103253,80.0,271.9021221829903,20.140897939480762,1.0974547104406898,6599,22151.63091710559,0.5432647333956969,0.20669798454311258,117.3971888,26.1600537996,0.0,0.8429557936371778,0.9475375197312714,0.768853360553594,0.6831601870376601,0.46791797799195844,0.6261666940761943,0.4873604933517121,0.7531159119265619,0.8978065134883753,0.9393874342017656,0.9196478574631385,0.327000672495,0.1810882444652323,0.23535468186349043,0.0
1409800011152,180.76936957994417,61.907318349295956,42037.745658000196,656.2175745025371,700.0,252.5818588651275,49.52585467943676,1.1914729061355565,5590,13842.476382902574,0.5047106325706595,0.1817531305903399,119.9306466,18.7315634218,0.0,0.7785113754054201,0.922224310387031,0.7048406622332475,0.7084581225033477,0.6977066142675912,0.6179698118425665,0.6265267396449031,0.8176348378692978,0.8808696881508092,0.8952480804475924,0.9394940655500504,0.23414454277250002,0.16823687752355318,0.20695146264892905,0.0
1409800012659,154.2007935973975,55.83132181974737,37984.38704631241,481.212821398775,295.0,204.71484667240705,10.63453748947569,1.0860205738191844,3802,10108.127883746643,0.3936950146627566,0.194634402945818,119.6268638,23.1755424063,0.0,0.7548662209700531,0.9134415341241211,0.6875543396982792,0.6746481542292069,0.6059056314449972,0.5946164965114928,0.3919665194518442,0.7452693646869587,0.8415299806231245,0.8657329141616839,0.9371143390505504,0.28969428007875,0.1312316715542522,0.22161860013419168,0.0
1409800011364,224.80031433366267,76.63647079556682,52989.362043516194,1369.2382782141271,80.0,689.7282371601013,107.29105911379355,1.121020104195742,3422,17483.33353749531,0.5345291479820627,0.17738164815897137,119.4888637,24.8762376238,0.0,0.8109690386333175,0.942279249585904,0.7406428817217002,0.7886863192091695,0.46791797799195844,0.7298335649255087,0.7482925980757998,0.7692873974912081,0.8307833576246222,0.9171694253111686,0.9360332953084306,0.3109529702975,0.17817638266068758,0.2019739160164316,0.0
1409800011792,34.344463757440266,0.0,13822.851453128293,17.172231878720133,75.0,4.293057969680033,0.0,1.0397207708399179,68,291.92794193824227,0.3877551020408163,0.20588235294117646,0.0,33.3333333333,0.0,0.5334696955006493,0.8258819298758496,0.0,0.31665369454388387,0.46113356110959247,0.1860261554975593,0.0,0.7134966473155525,0.4322324127819912,0.5332605976927819,0.0,0.41666666666624996,0.1292517006802721,0.23442597074608018,0.0
1409800010671,92.2135128355859,34.715675420455874,24035.727885692664,269.046484508533,180.0,137.77783682493424,15.188107996449444,1.0491056674926336,9082,9852.742630268132,0.5036423841059603,0.16428099537546795,121.5411276,18.1183237469,0.0,0.6785782963582564,0.8738009937817881,0.6085046751670758,0.6113378889109711,0.5535324528401375,0.5506755732714982,0.4447241602588904,0.7199369267491414,0.9304053363781497,0.8633306360486912,0.9521100013852626,0.22647904683625,0.16788079470198677,0.18705698310641386,0.0
1409800010794,233.13948192583152,91.42724781405158,57626.253143815295,338.2808169119908,80.0,214.85403236302122,18.285449562810317,1.0002150212571967,4668,21339.11963979964,0.5477453580901857,0.17609254498714652,118.3114729,25.3561253561,0.0,0.8163956941608514,0.9495457134091487,0.7703201678303524,0.6362598789039626,0.46791797799195844,0.5999873591951908,0.4726882035246611,0.6863862724269285,0.8624728891866457,0.9358791899873564,0.9268100341921746,0.31695156695125004,0.1825817860300619,0.20050609102740385,0.0
1409800011720,23.01256570801567,0.0,15359.23178754282,78.90022528462517,1135.0,19.72505632115629,0.0,0.9002560512685369,101,332.03844807279756,0.44285714285714284,0.22772277227722773,120.5757584,8.0,0.0,0.4756261478052705,0.8350108691695138,0.0,0.4783586616903096,0.7491106488524859,0.33840042408589766,0.0,0.6177905571577126,0.47213341373592144,0.5453089968985732,0.9445476421370068,0.1,0.14761904761904762,0.2592943551958058,0.0
1409800010385,92.54400233875968,42.84444552720356,36741.838196063065,407.8791214189779,140.0,185.08800467751936,23.992889495233992,1.2147056388110244,6325,10839.6447183825,0.5396786757546251,0.1791304347826087,120.278245,18.802318094,0.0,0.6791078902675338,0.9105605903807331,0.643402127783316,0.6566347105800422,0.5269406107501234,0.5834228328567561,0.5140959013461857,0.8335780385216556,0.8934780174836989,0.8722920763866819,0.9422170278891419,0.23502897617500002,0.17989289191820837,0.20396515516839075,0.0
1409800011256,120.74173086772717,67.07873937095954,36869.48894012963,315.27007504350985,235.0,117.3877938991792,26.831495748383816,1.2484837743376225,1055,3538.4035018181157,0.5722801788375559,0.17156398104265402,119.6166801,16.9064748201,0.0,0.718532187385141,0.9108610134536397,0.718285540244691,0.6285909449999386,0.581785120343782,0.5329359854778583,0.5312788443739116,0.8567579028917103,0.7107301830192557,0.7672023057002367,0.9370345635637456,0.21133093525125002,0.19076005961251863,0.19534968503336186,0.0
1409800012841,129.9894979259662,32.49737448149155,33327.38473395654,232.89785045068942,0.0,108.32458160497181,5.416229080248591,0.9901577217110852,2698,14612.986058510698,0.4207477619799895,0.1738324684951816,123.1227941,8.7264150943,0.0,0.729487754397695,0.902111858326999,0.5975920939766473,0.5956455316214646,0.0,0.524044982468174,0.29690540720592795,0.6794845640947943,0.8065246403345565,0.9003333602075217,0.9645002146673222,0.10908018867875,0.14024925399332983,0.19793267656025598,0.0
1409800141129,89.54742833629676,18.852090176062475,20377.674637272255,315.7725104490465,120.0,158.3575574789248,25.450321737684344,1.113521591321289,5386,5076.867884413625,0.4554054054054054,0.17248421834385444,121.7537572,8.5868830291,0.0,0.674236053359961,0.8594999666985833,0.5085595224297932,0.6287642773902188,0.5106525382328262,0.5661118624862912,0.5231487410866545,0.7641416276404697,0.8770752936122589,0.8010885678455445,0.9537756661091971,0.10733603786374998,0.1518018018018018,0.19639750442909365,0.0
1409800142945,274.2113158699825,51.41462172562173,51695.35557091564,102.82924345124346,20.0,34.276414483747814,34.276414483747814,1.329661348854758,462,7917.851745745746,0.44375,0.17965367965367965,124.73988,3.4965034965,0.0,0.8405800202066674,0.9401376763493671,0.6737861888264768,0.5069643374496455,0.3241786929076167,0.39777523157147393,0.5691415317974172,0.9124650974381798,0.6265606617841413,0.8428068669102814,0.9771678909419422,0.043706293706249996,0.14791666666666667,0.20456094293303595,0.0
140980001320A,72.51257657540319,12.085429429233866,21964.994591126982,188.1874011123559,120.0,93.23045559694697,8.632449592309904,0.8917926282469233,6267,10819.912319001234,0.5086663456909003,0.11919578745811393,124.8192883,8.2191780822,0.0,0.6430495504935846,0.8659973011184043,0.43762554407596477,0.5724802258916787,0.5106525382328262,0.5074586724478426,0.36180359855489586,0.6119826286060338,0.8925377467390299,0.8721210287373384,0.9777899473447084,0.10273972602749999,0.16955544856363344,0.1357211426066002,0.0
1409800012254,215.77592325809346,41.38168391251107,48522.31861001689,215.77592325809346,520.0,118.23338260717449,5.9116691303587245,1.0477275549074834,3094,9145.352144664947,0.5203931203931204,0.2020038784744667,118.7485198,23.0344827586,0.0,0.8048659038563822,0.9346506977519135,0.6376275189642909,0.5873445057481719,0.6661080393313906,0.5337304995988993,0.3087859942717098,0.7189912125374943,0.8205005424335101,0.8563365496072554,0.9302337042928329,0.2879310344825,0.17346437346437346,0.2300097829141289,0.0
1409800012752,305.6619109689118,116.44263275006163,56114.472413075964,553.1025055627928,80.0,261.99592368763865,9.703552729171802,0.9727939266362788,1770,8587.644165317044,0.488645920941968,0.15593220338983052,123.8861364,7.0588235294,0.0,0.8567715133313297,0.9472429108913677,0.8110837947363627,0.6898223290543869,0.46791797799195844,0.6220390705346429,0.37864491701244596,0.6675688556488234,0.7635130870818387,0.8504298383900214,0.9704799669755477,0.0882352941175,0.16288197364732268,0.17755071101543313,0.0
1409800011294,181.4778496231932,97.37835833439635,50403.529198633325,438.2026125047836,100.0,190.3304276535929,35.41031212159867,1.242592648267176,3231,14301.339808110664,0.49583333333333335,0.18879603837821107,120.4001247,20.5005959476,0.0,0.7790934717463746,0.9379455591868255,0.7809394218198854,0.664446652262104,0.49141491559492917,0.5865242675393416,0.5741948845880229,0.8527151840982969,0.8249221090243916,0.8983095845145612,0.9431717901463899,0.256257449345,0.16527777777777777,0.21497080219629935,0.0
1409800012979,67.34052414674503,4.489368276449669,22198.15199541294,134.68104829349005,40.0,62.851155870295365,0.0,1.022169375743282,158,709.3201876790476,0.6458333333333334,0.17721518987341772,118.1721561,20.9302325581,0.0,0.6321331467812423,0.8669119186366834,0.2897899016030276,0.536180440055725,0.39541864552742145,0.46401204812343516,0.0,0.701452200471383,0.517451483827241,0.6164230225488957,0.9257186758901722,0.26162790697625,0.2152777777777778,0.20178437988270193,0.0
1409800143159,21.89316366638287,7.297721222127623,7087.025747621935,29.190884888510492,150.0,7.297721222127623,14.595442444255246,1.0397207708399179,117,853.8333829889318,0.5194805194805194,0.18803418803418803,118.5525949,16.0,0.0,0.4684827371824922,0.7680183879811894,0.3601040390710415,0.3720859741548342,0.5342365683685463,0.23621501878686993,0.43876663469118643,0.7134966473155525,0.48700818546152275,0.63380967742509,0.9286988982523269,0.2,0.17316017316017315,0.2141033285934896,0.0
1409800012216,143.23461318237466,26.579618941059216,36408.1423556057,221.49682450882682,560.0,100.41189377733483,11.813163973804096,1.1475352101821177,5087,7511.69564184268,0.5387174833635814,0.1916650285040299,117.2806669,34.9233390119,0.0,0.7439012002691663,0.9097702873235097,0.5645102142783538,0.5901888821854684,0.6739844069458528,0.515657834715512,0.40737938043891586,0.7874830897915676,0.8712459360229554,0.8378636395608927,0.918735066307082,0.43654173764875,0.17957249445452714,0.21823755034492848,0.0
1409800010281,139.98352076879928,45.49464424985977,33555.694694475154,650.9233715749166,1275.0,272.96786549915856,20.99752811531989,1.0238299510542364,2209,7730.58993445694,0.5425977653631285,0.16296966953372566,120.5629217,13.3105802048,0.0,0.7404897901308816,0.9027032337120915,0.6533900143635856,0.707574943225505,0.7614853421050948,0.6266017998354138,0.49370495042852347,0.7025917515414495,0.7861192900635441,0.8405600374385579,0.9444470839910022,0.16638225256,0.18086592178770952,0.18556385448697027,0.0
140980001167A,35.334333398348456,2.141474751415058,9254.722089474519,54.60760616108398,3480.0,3.2122121271225867,0.0,0.868719682914265,20,21.41474751415058,0.8181818181818182,0.0,0.0,66.6666666667,0.0,0.5376028139483092,0.7911325917161225,0.1948072101261235,0.43878002474728367,0.8683468661414431,0.16052807841388558,0.0,0.5961490802147212,0.3107955072923407,0.29195635369612477,0.0,0.8333333333337499,0.27272727272727276,0.0,0.0
1409800143178,35.19341024358475,2.427131740936879,6902.706611337152,19.417053927495033,115.0,9.708526963747516,3.6406976114053187,1.1432752061942137,1350,1638.3139251323935,0.44790547798066593,0.1385185185185185,120.1673386,7.2139303483,0.0,0.5370213247095103,0.7657359971864041,0.20961846505683945,0.3293722593794524,0.5061590729886817,0.26468827336319656,0.24515931450784853,0.784559710122558,0.7358791550176139,0.6949407690975229,0.9413482265644976,0.09017412935375,0.14930182599355532,0.157722785397204,0.0
1409800012606,253.77520741979134,48.80292450380603,54142.6852555012,673.4803581525232,330.0,263.53579232055256,68.32409430532844,1.177760304944657,3379,16490.50818983606,0.32457859662877303,0.19118082272861794,123.5979814,7.7479338843,0.0,0.8290345480103589,0.9441443672869705,0.665087813402798,0.7112892651761173,0.6178056458770863,0.6226907920896104,0.6770495593137603,0.8082247200279679,0.829492853737185,0.9116809330609963,0.9682226631075755,0.09684917355375,0.10819286554292434,0.21768621407292543,0.0
1409800012589,372.03038303856965,154.53569756986738,66993.1979910794,457.88354835516265,20.0,206.0475967598232,17.1706330633186,1.012750180200685,3927,22476.358679884048,0.309,0.20677361853832443,124.6938941,7.7419354839,0.0,0.8860870884219207,0.9625921216167903,0.8588925108234337,0.66923327944981,0.3241786929076167,0.5953373978111844,0.4631773910555955,0.6949883838116241,0.8448313775151608,0.940753674410621,0.976807653743413,0.09677419354875,0.103,0.235440801788271,0.0
1409800010718,94.40850140676201,15.192172640168598,29789.878030616772,311.43953912345626,635.0,123.70769149851573,10.851551885834713,1.1238745038757854,4399,4773.59767457869,0.48916723087339203,0.18390543305296658,120.1773643,18.8732394366,0.0,0.682061047435976,0.8923920739997108,0.47387939628025366,0.627260346169924,0.6873451832030248,0.5387417146633913,0.39491839804653484,0.771246197064063,0.85641521598884,0.7953069576432541,0.9414267643354511,0.23591549295749997,0.163055743624464,0.20940216124903976,0.0
1409800011519,214.54187456657567,40.38435285959071,33930.62812323111,302.8826464469303,995.0,111.05697036387446,27.764242590968614,1.148930440484145,4658,11756.894726248347,0.3760709010339734,0.19428939458995276,123.5729165,8.9834515366,0.0,0.8040116374947962,0.9036657230813762,0.6335748779460336,0.6242280716492943,0.7351063452177559,0.5268007899244728,0.5365441996289321,0.788440550843274,0.8622540136732609,0.8799176546213189,0.9680263135883227,0.1122931442075,0.12535696701132445,0.22122575967174404,0.0
1409800011824,76.0089497761427,0.0,32747.03002496787,135.1270218242537,0.0,84.45438864015856,8.445438864015856,0.9868994488385301,808,6823.914602124812,0.6833333333333333,0.1905940594059406,113.8154247,26.2376237624,0.0,0.6500023585741955,0.900590175444354,0.0,0.5365387669883164,0.0,0.496545276129896,0.358672055244346,0.6772486111006752,0.6835305909950229,0.8288493054176181,0.8915895903600392,0.32797029702999997,0.22777777777777777,0.21701810163127225,0.0
1409800012428,177.1984826256039,55.37452582050122,28812.562479454,523.2892690037365,1465.0,207.65447182687956,44.299620656400975,1.181582677516638,3688,10211.062561300425,0.4728434504792332,0.15265726681127983,124.110945,9.3953488372,0.0,0.7755425163755244,0.8895026551932054,0.6861809239352158,0.6837831825414749,0.7762654622813249,0.596200431688605,0.6090867056613071,0.8108477800758076,0.8384230886524336,0.866684051083247,0.9722410376574148,0.117441860465,0.15761448349307774,0.17382173582357713,0.0
1409800010775,301.37603248789617,113.85316782876079,63842.980422246226,636.2382908077808,0.0,381.7429744846685,13.394490332795387,0.8876774920030664,3527,23621.183701884664,0.5275010827197921,0.1664303941026368,119.797812,18.1485992692,0.0,0.8546654781726941,0.9584200097135186,0.8072894839281071,0.7050871168432234,0.0,0.6639268843125028,0.4259671996126541,0.6091586627917637,0.8338676859021099,0.945417674661297,0.9384534864992599,0.226857490865,0.1758336942399307,0.18950437539593618,0.0
1409800012926,71.8072817566719,0.0,17851.071935532626,0.0,0.0,0.0,0.0,0.0,275,19747.002483084772,0.5027322404371585,0.09818181818181818,126.3134496,7.5268817204,0.0,0.641606991010109,0.8480336586481256,0.0,0.0,0.0,0.0,0.0,0.0,0.5737501936602769,0.9285996657699487,0.9894946759868081,0.09408602150499999,0.16757741347905283,0.11179378760774109,0.0
140980128288A,318.88153547737886,45.55450506819698,54648.889268493054,309.7706344637395,40.0,118.44171317731215,27.33270304091819,1.2132068219497687,2058,18750.234286069877,0.46790299572039945,0.19047619047619047,124.2343403,13.6752136752,0.0,0.8630868329037134,0.9449504719194863,0.6536089802917172,0.6266755152080793,0.39541864552742145,0.5339253816139021,0.5341297158448405,0.8325494923624958,0.7788946276471364,0.9237370955712064,0.9732076725864619,0.17094017094,0.15596766524013314,0.21688389130249594,0.0
1409800011434,94.89027676011474,33.88938455718384,31315.97327972441,288.7375564272063,3375.0,59.64531682064356,6.777876911436768,1.1459306114683179,1685,2284.1445191541907,0.5248868778280543,0.1798219584569733,120.3318258,19.1343963554,0.0,0.6828147434973711,0.8967196119520284,0.6045211901106251,0.6190231812865694,0.865085613969984,0.4582615370909105,0.32764531885043663,0.7863819520296873,0.7584920591556137,0.7261248483131564,0.9426367608352614,0.2391799544425,0.17496229260935145,0.20475255198186673,0.0
1409800011449,242.58464936642258,172.014569550736,59318.189539331004,648.3626083066204,60.0,295.51220922818754,22.053149942402055,1.0809242615567012,4273,18846.621940776797,0.4987714987714988,0.17832904282705359,120.71172,17.1950048031,0.0,0.8223133816324034,0.9520523609137459,0.8770170944842056,0.7071451796865383,0.4377230725854981,0.635429531062032,0.5011917262214247,0.7417720779009908,0.8534492427672495,0.9242184605545846,0.9456127169945512,0.21493756003875003,0.16625716625716627,0.20305265788804938,0.0
1409800011260,138.36286741813151,42.94020023321323,34842.18530308882,419.8597356136405,1330.0,174.1463676124759,26.241233475852532,1.1485407667507876,2173,5183.836394820686,0.5411347517730496,0.1675103543488265,120.3543589,15.2097902098,0.0,0.7387597230234801,0.9059621142814642,0.6437733961764162,0.6597882637959057,0.7659788073492393,0.5766580811611394,0.527854847558405,0.7881731416406352,0.7844426985401204,0.8030457742349034,0.9428132771330433,0.1901223776225,0.18037825059101653,0.1907340617943257,0.0
1409800012235,220.28769708374372,58.31144922804981,55717.258652048346,738.6116902219643,20.0,343.3896454540711,12.958099828455513,1.0408158899306297,2816,18245.004558465364,0.5099195710455764,0.1864346590909091,118.8503489,20.6140350877,0.0,0.8079482998707319,0.9466275650881494,0.6948236644930942,0.7213551508676971,0.3241786929076167,0.6521394730908086,0.4210499172699296,0.7142481604347941,0.8108929112058911,0.9211727689248623,0.9310313972750894,0.25767543859625,0.16997319034852545,0.21228204027077574,0.0
1409800013337,302.89377140384886,81.8631814604997,61538.19113083041,188.2853173591493,0.0,122.79477219074954,0.0,0.8416853379716988,1102,9021.322596947066,0.6447761194029851,0.21143375680580762,112.4064203,38.3458646617,0.0,0.8554146733691433,0.9552350287246055,0.7517309067246133,0.5725367264206849,0.0,0.5379214964637424,0.0,0.5775970660395009,0.7151754656964047,0.855054704883843,0.880551950610218,0.47932330827124997,0.21492537313432836,0.240747023625933,0.0
1409800012201,91.01575044758164,14.893486436876996,30127.139426137466,210.16364194259762,60.0,105.90923688445864,6.619327305278665,1.0515977106681649,4406,7291.189026764449,0.5203588681849551,0.1881525192918747,117.7604371,36.701620591,0.0,0.6766430775761909,0.8933672263709479,0.47071082863585106,0.5844802340145518,0.4377230725854981,0.5215509659679142,0.32435568968218353,0.721647063259419,0.8565774925081597,0.8350667489889358,0.9224934155573041,0.4587702573875,0.1734529560616517,0.21423806534754605,0.0
1409800012714,74.29548617831199,6.633525551634999,8787.707916116355,86.23583217125498,20.0,49.08808908209899,2.6534102206539996,0.9661046768599646,10208,13543.005766218013,0.44773790951638065,0.15625,124.8318473,10.5196047179,0.0,0.6466353548359399,0.7866477219480564,0.3459054780871913,0.48794995827186444,0.3241786929076167,0.4369105456855407,0.20695203398446652,0.6629784334678748,0.9423353399233523,0.893194809875347,0.9778883300875999,0.13149505897375,0.14924596983879354,0.1779125670840787,0.0
1409800013360,68.96980718133845,34.48490359066923,10138.8940532335,68.96980718133845,250.0,0.0,0.0,0.6365141682948128,0,0.0,0.0,0.0,0.0,0.0,0.0,0.6356586811150774,0.7990357414742051,0.6074014935183195,0.46386687781805885,0.5883464970846812,0.0,0.0,0.4368006658944782,0.0,0.0,0.0,0.0,0.0,0.0,0.0
1409800142023,162.21495978921556,69.52069705252094,31545.514722726326,428.7109651572125,410.0,169.9394816839401,42.484870420985025,1.1578077759845742,2448,9454.814799142849,0.3458149779735683,0.20669934640522875,123.9156682,13.5317997294,0.0,0.7624000970609426,0.8973522138762421,0.7242830070551171,0.6620609589606848,0.6408557405400492,0.5739439924433067,0.6025561739950354,0.794532522163165,0.7966019652533125,0.8594605533189795,0.9707113086019924,0.1691474966175,0.11527165932452277,0.2353562325347551,0.0
1409800010262,92.30348407412362,37.86809603040969,27289.87499670177,421.28256833830784,60.0,255.60964820526542,7.1002680057018175,0.9166812223108382,4882,11554.502801278757,0.555768005098789,0.1882425235559197,116.6960974,34.9687778769,0.0,0.6787226568203415,0.8847995339219324,0.6228994500825037,0.6601568047052052,0.4377230725854981,0.6192948344361667,0.33413242883515853,0.6290621454523267,0.8670477478904973,0.8782875131868307,0.9141557565833274,0.43710972346125,0.18525600169959633,0.2143405478414005,0.0
1409800011059,144.59023263653606,83.2489218210359,43901.11681080016,788.6739961992876,60.0,319.8511206808222,35.05217760885723,1.123381079764622,3354,14695.625462513392,0.5183340878225441,0.1723315444245677,119.919671,18.4364060677,0.0,0.7453010076899336,0.9259812453290911,0.7545533820594595,0.7285068586109992,0.4377230725854981,0.6442361910156935,0.5726160204698464,0.7709075903353205,0.828734992050512,0.9008627678560821,0.939408086600064,0.23045507584624997,0.17277802927418137,0.19622366373208824,0.0
1409800011186,308.2438919662337,66.64732799269918,55899.82982673442,283.2511439689715,0.0,199.94198397809754,8.330915999087397,0.8698991831537098,2773,23101.630065469355,0.567552289429056,0.18247385503065272,117.5807686,29.6167247387,0.0,0.8580261103033625,0.946910939134034,0.7172036678684613,0.6169356611981588,0.0,0.5919959216752451,0.3567235813105906,0.5969584989451674,0.8093226457556251,0.9433296891851141,0.9210859563773394,0.37020905923375,0.189184096476352,0.2077721086350813,0.0
1409800012451,234.87058062464203,37.88235171365194,36709.600311181224,613.6940977611614,310.0,242.44705096737243,45.45882205638233,1.18305069233408,2321,17584.98766547723,0.53505291005291,0.15812149935372685,122.905709,8.0824088748,0.0,0.81749794282953,0.9104845541845611,0.6229618568061761,0.7011540339936673,0.6111692726502094,0.6134165793451578,0.6131226415962532,0.8118551886799545,0.7911659275269256,0.917713693881082,0.9627996471397446,0.101030110935,0.17835097001763667,0.18004353191171224,0.0
1409800012771,136.12861846070896,33.5659607163392,33305.93008494173,272.2572369214179,1150.0,102.56265774436976,7.4591023814087105,1.0164028962539977,3777,7043.257423645175,0.3336864406779661,0.208366428382314,123.4507963,6.4186046512,0.0,0.7363413560692165,0.9020560777605056,0.6029362394960267,0.612628518208434,0.7505074243420122,0.5180006308596496,0.34105594176010645,0.6974950189878444,0.8408566929935997,0.8318191646635116,0.9670696673395415,0.08023255814,0.11122881355932203,0.23725443947288527,0.0
1409800012610,246.26052930590828,54.72456206797962,34864.74591554337,295.5126351670899,60.0,142.283861376747,16.417368620393884,0.9467685135473567,3048,16680.04651832019,0.3546666666666667,0.20308398950131235,123.6490492,10.7142857143,0.0,0.8245546189905296,0.9060181840058867,0.6842074192348168,0.6215471444390364,0.4377230725854981,0.5542426474543594,0.45641473921825365,0.6497092095738992,0.8189719197902994,0.91275380927547,0.9686227101047431,0.13392857142875,0.11822222222222223,0.23123964099746924,0.0
1409800010084,96.72923051119488,62.183076757196716,21538.05390543361,860.1992284745545,160.0,331.64307603838245,44.909999880197624,1.1937555312434736,3607,12460.79765906714,0.4615072933549433,0.18075963404491266,120.2252075,24.7474747475,0.0,0.685657225352312,0.8642970707311429,0.705585040508356,0.7379746752927059,0.5410645048185279,0.6482653739689241,0.6112245391322162,0.8192012635936405,0.836156649519073,0.8853764050517734,0.9418015509621492,0.30934343434375,0.15383576445164776,0.20582022731589786,0.0
1409800013089,200.0,0.0,17772.339291740922,0.0,0.0,0.0,0.0,0.0,28,2800.0,0.8666666666666667,0.14285714285714285,0.0,20.0,0.0,0.7935595941708017,0.8476507796003127,0.0,0.0,0.0,0.0,0.0,0.0,0.34374534498967013,0.745234904251879,0.0,0.25,0.2888888888888889,0.16266291847687195,0.0
1409800011222,173.30213848718014,38.12647046717964,42754.73271935061,426.3232606784632,555.0,142.10775355948772,8.665106924359009,1.1695158920321862,5625,9748.245289903884,0.5182186234817814,0.1872,119.3171573,16.7168674699,0.0,0.7722344207503059,0.9236892510749484,0.6240269928481794,0.6614525216227413,0.6730311389441646,0.5541053557979114,0.3623442123088045,0.8025670846924912,0.8815067451370241,0.8623296826876992,0.9346882083903638,0.20896084337374998,0.17273954116059378,0.21315348837209303,0.0
1409800013271,197.11952220182152,0.0,32754.917672203603,257.77168287930505,0.0,106.14128118559621,30.326080338741775,0.9718487712358765,982,14890.10544632221,0.40486409155937053,0.07739307535641547,124.7768883,9.6952908587,0.0,0.7913997021168204,0.9006110369645346,0.0,0.6066809484245652,0.0,0.5217930022917076,0.5501717786028748,0.6669202534199438,0.7034174984273566,0.9020969983370155,0.9774578008124531,0.12119113573375,0.13495469718645683,0.08812288455162513,0.0
1409800010116,208.86034642517674,175.44269099714847,41248.99804663627,685.0619362745797,0.0,342.53096813728985,25.06324157102121,1.114398194693001,2668,22289.576170494864,0.5090497737556561,0.1686656671664168,120.6561386,15.7664233577,0.0,0.800014453143131,0.9205836047350421,0.8803561397188602,0.7131483470223346,0.0,0.6518607854898539,0.5207939868223774,0.7647431868131663,0.8053836057240213,0.9399702476023288,0.9451773120589877,0.19708029197125002,0.16968325791855202,0.19204954767696653,0.0
1409800013093,98.58156297301353,0.0,61508.88365908677,0.0,0.0,0.0,0.0,0.0,86,8478.014415679163,0.7551020408163265,0.1744186046511628,0.0,26.3157894737,0.0,0.688466820853226,0.9551937652347251,0.0,0.0,0.0,0.0,0.0,0.0,0.45589553292834833,0.8492237275739114,0.0,0.32894736842125,0.25170068027210885,0.19860007488455297,0.0
1409800012447,171.3160408228322,24.473720117547458,32939.74121793467,301.84254811641864,20.0,155.0002274111339,40.78953352924576,1.260967652448782,2500,20394.76676462288,0.5499070055796652,0.1624,123.3342151,6.7567567568,0.0,0.7705196069807343,0.9010984320046408,0.5509926243211708,0.6238536895106663,0.3241786929076167,0.5637348435245059,0.5962042858147599,0.8653248233838466,0.7987468288087274,0.9316298100662237,0.9661564116483585,0.08445945946,0.18330233519322173,0.18491520572450804,0.0
1409800013267,330.2866128847816,48.571560718350234,32535.302100098845,106.85743358037053,0.0,48.571560718350234,9.714312143670048,0.9347698978582794,987,9588.026085802338,0.432510885341074,0.08713272543059777,125.5684477,7.7586206897,0.0,0.8683290191718631,0.9000283044105204,0.6642953713506656,0.5111205829181577,0.0,0.4357533562478916,0.37880539696837484,0.6414752949434657,0.7039354269880593,0.8607739548581775,0.9836585958545301,0.09698275862125,0.14417029511369134,0.09921284389369496,0.0
1409800011063,125.12257082272889,49.576867684477484,36016.32837097462,1258.3081178965,765.0,597.2832154368002,73.18489991518105,1.1042255649797759,4496,10614.171290924323,0.4921952839588177,0.1952846975088968,118.2597825,24.5551601423,0.0,0.7238221375183904,0.9088330430580343,0.6677121384865711,0.7794678468079591,0.707148591999786,0.713793771867141,0.6878739533232344,0.7577623344551766,0.8586412454145501,0.8703187765419733,0.9264051099678612,0.30693950177875,0.16406509465293923,0.22235905181469195,0.0
1409800143233,0.0,0.0,5482.444342377837,6.952983097248343,0.0,0.0,0.0,0.0,25,173.82457743120858,0.47058823529411764,0.0,0.0,0.0,0.0,0.0,0.745784427233203,0.0,0.22642075425813588,0.0,0.0,0.0,0.0,0.33259789903174114,0.48480239451723256,0.0,0.0,0.1568627450980392,0.0,0.0
1409800012165,198.67687459722333,106.97985555235103,36147.80974229357,983.1958153144641,250.0,402.4480280302729,76.41418253739359,1.1770874817771106,2846,14498.317566761476,0.4700413223140496,0.16057624736472242,122.3061955,13.6079900125,0.0,0.7925713340882028,0.9091486868017251,0.7967875192807273,0.7525520851719453,0.5883464970846812,0.6698081998343604,0.6946798206462331,0.8077630027210291,0.8119743143305834,0.8995937862329921,0.9581032714306593,0.17009987515625,0.15668044077134988,0.1828386072408691,0.0
1409800013144,73.44394388598299,0.0,14892.348185145207,220.33183165794895,0.0,0.0,73.44394388598299,1.0986122886681096,4,293.77577554393196,0.0,0.0,0.0,0.0,0.0,0.6449334405905024,0.8323370485150938,0.0,0.5896156359068881,0.0,0.0,0.6884307275512107,0.7539102869236126,0.1642970556737026,0.5338509790269728,0.0,0.0,0.0,0.0,0.0
1409800012540,41.21691546328845,0.0,16730.9605674709,109.9117745687692,735.0,20.608457731644226,0.0,1.0433534269422904,42,288.51840824301917,0.6153846153846154,0.16666666666666666,0.0,41.6666666667,0.0,0.5600567099759963,0.8424205500410464,0.0,0.5141698247670636,0.7028945245915521,0.34306017361863894,0.0,0.7159895165767863,0.3839564732717482,0.5321614127183285,0.0,0.52083333333375,0.20512820512820515,0.18977340488968394,0.0
1409800011843,240.57878679224967,92.53030261240372,52422.752956701945,437.9767656987109,40.0,259.0848473147304,30.84343420413457,1.1033376333128098,3451,21288.13828769368,0.5566080288678394,0.17386264850767894,119.0430124,19.6500672948,0.0,0.8210760716074036,0.9413480240086469,0.7723391598626044,0.6643904876124898,0.39541864552742145,0.6207965170770157,0.5527881426021573,0.7571530013676844,0.8316445762626526,0.935654630945021,0.9325406546670036,0.245625841185,0.18553600962261316,0.19796704074264337,0.0
1409800011805,42.42074863249927,10.605187158124817,28667.840660271457,180.2881816881219,75.0,42.42074863249927,0.0,0.9586918593253719,457,4846.570531263042,0.5491525423728814,0.23413566739606126,119.2056955,36.0,0.0,0.5642639089002706,0.8890664749806637,0.4171955504193264,0.5678230489376173,0.46113356110959247,0.42096412091116214,0.0,0.6578914710771734,0.6254522524112084,0.7967310019223328,0.9338150562594928,0.45,0.18305084745762712,0.2665963368472146,0.0
140980001142A,111.19847180633187,34.88579507649627,23724.550831753066,163.52716442107626,560.0,61.05014138386848,2.180362192281017,1.1215005496615522,1587,3460.234799149974,0.48179271708683474,0.19659735349716445,118.0997743,23.273657289,0.0,0.706317119747225,0.8726722519607305,0.6093133605837432,0.5572298077734744,0.6739844069458528,0.460817993187328,0.18480333938775956,0.7696170977710214,0.7523789421945709,0.7651055874364616,0.9251516625913894,0.2909207161125,0.16059757236227826,0.22385369499274627,0.0
1409800011735,82.66917765447953,17.32116103236714,21700.96955127347,103.92696619420283,40.0,44.09022808238908,3.1493020058849344,1.1070693295390248,4784,3766.5651990383817,0.48895113600995954,0.20192307692307693,118.0580271,20.6806282723,0.0,0.6624144277471102,0.8649498026194614,0.49490189751980285,0.5081127279411461,0.39541864552742145,0.42517585757498105,0.22728193960246162,0.7597138357963875,0.864978131486914,0.7730673792524041,0.9248246298623477,0.25850785340375004,0.16298371200331985,0.22991777900096325,0.0
1409800011218,140.18256114400447,67.67433986262284,45091.43705453738,430.21544626953096,275.0,224.77548597228304,14.501644256276325,1.086544340570908,5166,12485.915704653915,0.4764218348099457,0.1862175764614789,119.7327254,16.4655784244,0.0,0.7407008955545225,0.928298598543223,0.7197679454094889,0.6624425985997145,0.5984564881799508,0.6050040351065253,0.4378030622805043,0.745628793710415,0.8728187797212222,0.8855654497932114,0.9379436212047721,0.205819730305,0.1588072782699819,0.2120348612123995,0.0
1409800012502,231.86367933811312,54.10152517889306,50158.91043475386,123.66062898032699,0.0,100.47426104651568,0.0,0.6019239717322894,855,6608.114861136224,0.5213523131672598,0.19883040935672514,120.8402844,21.9387755102,0.0,0.815578119008707,0.9375241421091818,0.68229394518921,0.5269303417292194,0.0,0.515726467257594,0.0,0.4130635338013979,0.689295395207286,0.8258327677980007,0.9466198448160483,0.2742346938775,0.17378410438908662,0.22639634267541242,0.0
1409800011684,49.19620863394653,11.108821304439541,12313.90987706705,161.87139615040473,1125.0,58.718055466323285,9.521846832376749,1.0992720389405735,1082,1717.1063787719404,0.4601889338731444,0.14972273567467653,124.2832831,7.0552147239,0.0,0.58596128512321,0.8158695688968628,0.4244252748696066,0.5561253253252619,0.7481691809630903,0.4565414827839383,0.37591007620134625,0.7543630331038089,0.7133074629730287,0.6993481991127766,0.9735910730887936,0.08819018404875,0.15339631129104814,0.1704803600302891,0.0
1409800011538,105.27781708386969,46.32223951690266,26924.561030751607,539.0224234694128,690.0,178.97228904257847,25.266676100128727,1.2142292871644926,5197,10942.576307697416,0.4823160296634341,0.1727919953819511,119.6097465,25.9676284307,0.0,0.6982049931688056,0.8836321658037704,0.656392593761646,0.6870117579622526,0.6961767125950756,0.579692386274541,0.5220358824549113,0.8332511475791295,0.8734294112593393,0.8731793072473967,0.9369802482053483,0.32459535538375,0.16077200988781137,0.19674795180789245,0.0
140980001313A,144.6949960157589,0.0,32583.788124120136,0.0,0.0,0.0,0.0,0.0,422,10176.88138644171,0.33544303797468356,0.07819905213270142,124.2334009,9.2592592593,0.0,0.7454086428102628,0.9001572958636276,0.0,0.0,0.0,0.0,0.0,0.0,0.6173369198676987,0.8663692776110952,0.9732003136606977,0.11574074074125,0.11181434599156119,0.0890406022942119,0.0
1409800011773,62.91277653691315,3.7007515609948913,24267.47157590088,77.71578278089272,40.0,40.708267170943806,11.102254682984674,1.0738313231858438,1720,6365.292684911213,0.5140845070422535,0.2052325581395349,119.1191361,30.8743169399,0.0,0.6221100569373889,0.8746321512580707,0.26339608348047217,0.47672783666853263,0.39541864552742145,0.4164721947133644,0.39826195553567945,0.736904628977051,0.7605895338886912,0.8223184194303971,0.9331369806806226,0.38592896174875,0.17136150234741784,0.23368608811415734,0.0
1409800010347,253.50926830201118,91.10489329603527,34679.25514534901,744.6834756371578,415.0,237.66493903313548,83.18272866159742,1.141873147106752,2180,8635.159451537256,0.5212840195394278,0.1463302752293578,123.4704725,5.2023121387,0.0,0.8288782747149728,0.9055561040641664,0.7697255903965394,0.7222479184088663,0.6421432934061787,0.6112018951672445,0.7080681010382583,0.7835975628938996,0.7847708662176133,0.8509478111677888,0.967223803697984,0.06502890173375,0.17376133984647593,0.16661756741231884,0.0
140980001249A,251.33892812167807,0.0,39017.69113556112,1204.693483065974,100.0,658.6813288706046,52.00115754241615,0.9654231672565057,3050,26433.921750728212,0.5657084188911704,0.15868852459016394,122.6522062,13.7067938021,0.0,0.8275967838789615,0.915766445680265,0.0,0.7747170443615552,0.49141491559492917,0.7246995734440831,0.6341662537665588,0.6625107551923043,0.819038859792918,0.955979719898533,0.9608137962921738,0.17133492252625,0.18856947296372348,0.1806891697703745,0.0
1409800012822,95.68252504695675,15.657140462229288,26031.596576689528,222.67933101837207,1590.0,50.45078593384992,1.7396822735810318,0.9864814599723369,2394,4164.79936295299,0.3870220162224797,0.158312447786132,122.9164249,18.3990442055,0.0,0.6840459524221555,0.8807106488352267,0.47869745237847355,0.5907676848552399,0.7849781485513646,0.43990707640847915,0.16097955897604727,0.6769617709576212,0.7943258556792222,0.7825008833117229,0.9628835916922209,0.22998805256875002,0.12900733874082657,0.18026095351676746,0.0
1409800011595,160.8596946950356,36.19343130638301,38785.43808355908,136.73074049078028,120.0,56.30089314326246,6.032238551063836,1.1869312827310963,2693,5414.939472671636,0.4612045577862181,0.19049387300408466,120.4843899,17.3848439822,0.0,0.7611524073184555,0.91524929102716,0.6154043185121743,0.5378176782723411,0.5106525382328262,0.4519289745130819,0.3115483003228306,0.8145182000533249,0.8063353513866898,0.8071399233546309,0.9438318937777529,0.2173105497775,0.15373485259540604,0.21690402534364916,0.0
1409800010597,120.06081726549917,34.45223451966498,35110.98225657476,352.8744020499019,1230.0,130.5008883320643,13.572092386534688,1.1856048426739414,8295,8660.038949715788,0.5482242990654206,0.18625678119349007,117.2109315,24.9737118822,0.0,0.717692915155,0.9066278051867518,0.6072447428532866,0.6408585040074722,0.7576623789536441,0.5446628922374206,0.42792588398382286,0.8136079455309684,0.9211534001674753,0.8512178914711102,0.9181887839654445,0.3121713985275,0.18274143302180687,0.21207950130528877,0.0
1409800012485,207.58660488460043,48.43687447307343,37671.94485387202,588.1620471730346,155.0,256.02347935767386,48.43687447307343,1.098190019339564,2324,16081.04232506038,0.533993399339934,0.16523235800344235,123.3496997,7.3836276083,0.0,0.799103480801965,0.9127260807619314,0.6638323536892577,0.6965216072903391,0.5377052569945776,0.6194747198717659,0.623046514361355,0.7536205093615677,0.7912977332267541,0.9093204426313594,0.9662777125019756,0.09229534510375001,0.17799779977997798,0.18814024305758686,0.0
1409800011383,114.03468969212723,27.64477325869751,28650.205319844583,221.15818606958007,2135.0,70.26379869918951,6.911193314674377,1.1874918723653307,3466,3992.3660047768985,0.5309187279151943,0.20340450086555106,118.094845,24.9051833123,0.0,0.7100526596509859,0.8890131730087072,0.5709591190970111,0.5900225618037608,0.8163439944453379,0.4762732118989842,0.3303599143822127,0.8149028983644138,0.8320871994463463,0.7785320123061883,0.9251130482069213,0.31131479140375,0.1769729093050648,0.23160458819485374,0.0
1409800011468,204.61472371044684,68.20490790348228,46541.74850953774,337.6142941222373,40.0,177.33276054905392,6.820490790348228,1.0028706510659027,4073,13889.929494544167,0.5214953271028038,0.19469678369752025,118.7406996,23.8403451996,0.0,0.7969561925347758,0.9310408117968362,0.7210777019158309,0.6360451527391601,0.39541864552742145,0.5786707534801125,0.328518051632676,0.6882086684183948,0.8485569074396945,0.8955693525506904,0.9301724436251079,0.298004314995,0.17383177570093458,0.22168962938009237,0.0
1409800011646,119.841101583808,47.9364406335232,34553.224490859706,237.68485147455254,680.0,115.84639819768107,11.9841101583808,1.1847703607277627,3259,6509.369167693838,0.5137018114259173,0.18533292420988032,119.6133221,18.1476846058,0.0,0.7174210930282944,0.9052407342049903,0.6621008662382732,0.5978577748756282,0.6946245083647051,0.5314729809662028,0.40949627996467536,0.8130352917112674,0.8258026868842698,0.8244194612414982,0.9370082581850826,0.22684605757249998,0.17123393714197244,0.21102756039282436,0.0
1409800010972,310.91465463422645,117.64338283457217,62661.28635167133,529.3952227555748,20.0,285.70535831253244,8.403098773898012,0.9103729752064719,2459,20663.219885015213,0.5254342431761787,0.1956079707198048,118.0693126,27.1062271062,0.0,0.8593128729738678,0.9568016629126149,0.8128149353602457,0.6850475349151698,0.3241786929076167,0.6316749138472995,0.35795445406662096,0.6247331820559646,0.7970594598074477,0.9328574827834673,0.9249130364588044,0.3388278388275,0.1751447477253929,0.22272714376235375,0.0
1409800012470,208.92420186605258,55.71312049761402,36534.698519819605,181.06764161724558,135.0,48.74898043541227,41.78484037321052,1.1422156821538791,2123,14784.869352054322,0.4835779175401817,0.17051342439943476,123.2043894,8.8145896657,0.0,0.8000599765134474,0.9100708638789121,0.6872000138386091,0.5682915328272066,0.5230961742410409,0.43615218735251193,0.5999639282676585,0.7838326237050016,0.782067451778022,0.9014311525173797,0.9651394032508912,0.11018237082125,0.16119263918006058,0.1941534787660827,0.0
1409800012894,476.0370142824348,40.51378844956892,65724.17632142505,30.38534133717669,95.0,20.25689422478446,0.0,0.6365141682948128,1131,11455.273684115613,0.3862238622386224,0.1900972590627763,125.8598855,1.6901408451,0.0,0.9228874342907178,0.960935535972196,0.6341063194973635,0.3763228336066461,0.48600871268064083,0.3412289858187374,0.0,0.4368006658944782,0.7178247611470888,0.8774778238200781,0.9859416160110892,0.02112676056375,0.12874128741287413,0.21645242467523634,0.0
1409800011491,251.15018100447165,164.81730628418453,43899.85692201773,1012.4491671742763,40.0,345.33149888114855,47.090658938338436,1.0866404070689568,2491,19550.471902566842,0.5142857142857142,0.16097952629466078,120.2687674,19.512195122,0.0,0.8274848165037233,0.9259787593988957,0.8697861554674803,0.7557503962233058,0.39541864552742145,0.6527671564188379,0.6186366702461142,0.7456947182607361,0.7983788125867943,0.9276606480686557,0.9421427837388093,0.24390243902500003,0.1714285714285714,0.1832977969347971,0.0
1409800011665,128.4101985731761,36.6886281637646,25451.549258531824,201.78745490070528,20.0,73.3772563275292,0.0,1.0900596587107838,677,12419.100633434316,0.39300411522633744,0.15952732644017725,125.3774529,4.3902439024,0.0,0.7276726890989482,0.8787587118318789,0.6176552002131527,0.5800605732253417,0.3241786929076167,0.4810468673382881,0.0,0.7480411411188665,0.6654973743547045,0.8850617398365414,0.9821624104654076,0.05487804878,0.1310013717421125,0.18164426346900325,0.0
1409800013182,260.2529665806509,49.15889368745628,56436.12054031255,245.79446843728138,0.0,133.01818291899934,5.7833992573477975,0.954950820591728,6059,17520.808050135154,0.5709100337049521,0.14738405677504537,122.8122767,17.6985981308,0.0,0.8327915129501927,0.947738010576422,0.6662998795772216,0.6015061739102031,0.0,0.5467796788892582,0.30579385740767817,0.6553242254581633,0.8890926813193438,0.9173704357807296,0.962067731704706,0.221232476635,0.19030334456831735,0.16781744568392912,0.0
1409800011237,211.2429760205855,37.976265352015375,48411.19478757104,398.7507861961614,40.0,218.3635257740884,11.867582922504804,1.0282056151364798,4965,11784.50984204727,0.5077436987549347,0.2040281973816717,119.0405525,18.6868686869,0.0,0.8017037474528609,0.9344520926537283,0.6233724090510171,0.6541692812676059,0.39541864552742145,0.6017877765524859,0.4080563224113006,0.7055945016451506,0.8687683552851254,0.8801378988647539,0.9325213846845817,0.23358585858624997,0.16924789958497824,0.232314754263746,0.0
1409800013318,56.25610133733028,0.0,59564.724158073426,56.25610133733028,0.0,56.25610133733028,0.0,0.0,242,13613.976523633926,0.7285714285714285,0.15289256198347106,107.7900278,44.4444444444,0.0,0.605652448997186,0.952411628249307,0.0,0.4419700680660177,0.0,0.4518416768258251,0.0,0.0,0.560750939693391,0.8936854846147598,0.8443887722987975,0.555555555555,0.24285714285714285,0.17408965241946212,0.0
1409800013322,187.8547066503684,36.52730407090497,43098.8190282264,240.03656960880406,0.0,140.8910299877763,20.872745183374267,1.0674659996142888,1587,8281.26165150374,0.60790273556231,0.20478890989287965,115.4205353,33.7662337662,0.0,0.7842333081458419,0.9243835832319367,0.6169251776304107,0.5989283865167586,0.0,0.553152170558954,0.4927963052793383,0.732536497499102,0.7523789421945709,0.8470194794706455,0.9041634563901376,0.42207792207750006,0.20263424518743667,0.23318093228411071,0.0
1409800013197,32.82703259075238,2.735586049229365,18589.445967728007,114.89461406763333,655.0,8.206758147688095,0.0,0.8304717124362917,176,481.46314466436826,0.5042735042735043,0.2556818181818182,102.6203246,30.9523809524,0.0,0.5269034902229828,0.8515443562594761,0.22428501352849037,0.518968527283609,0.6906420200735424,0.24782012057510322,0.0,0.5699018420445991,0.528399482961058,0.5801071967359408,0.8038911545943408,0.386904761905,0.16809116809116809,0.29112965522849243,0.0
1409800012663,36.600949123494544,0.0,22313.87668184542,207.40537836646908,0.0,85.40221462148726,12.20031637449818,0.868719682914265,1782,21740.96377935576,0.432475884244373,0.1632996632996633,124.7537006,9.0592334495,0.0,0.5427302302014125,0.8673623162029668,0.0,0.5830445101045618,0.0,0.4977766573991032,0.4121340885348488,0.5961490802147212,0.7642024549261313,0.937630650298654,0.9772761566108972,0.11324041811875,0.14415862808145766,0.18593959873029642,0.0
1409800010050,179.2280779847012,94.50207748284245,34690.18376619638,641.9623884179298,930.0,247.66061685158712,71.69123119388048,1.188547274986338,4143,13500.762310738492,0.5407214577910003,0.14771904417089066,122.5029072,9.52,0.0,0.7772371540735571,0.9055833970220544,0.7758896075354415,0.706063598743089,0.7279202706557861,0.6157820454946581,0.6846251282356793,0.8156271565044607,0.850296021056597,0.8929015266435952,0.9596442409827592,0.119,0.18024048593033346,0.16819887587615726,0.0
1409800012964,42.03136566846245,0.0,2136.799258425071,14.010455222820816,350.0,0.0,0.0,0.0,633,4434.3090780227885,0.3525641025641026,0.1627172195892575,126.2596368,0.9478672986,0.0,0.5629159793024485,0.6641888150974338,0.0,0.29578133794209804,0.6240525587174963,0.0,0.0,0.0,0.6586477416040317,0.7883864591694077,0.9890731256351347,0.0118483412325,0.11752136752136753,0.18527640477381466,0.0
1409800011082,178.1027552357037,34.7517571191617,44239.964333662625,375.7533738509359,120.0,182.44672487559893,8.687939279790426,1.053721969583511,5436,11806.909481235189,0.5074875207986689,0.18929359823399558,119.7337408,21.801665405,0.0,0.7762999223527282,0.9266472605769575,0.6086765154867864,0.647699426395771,0.5106525382328262,0.5818269820040619,0.3627210982000756,0.7231048119710324,0.8780184220901647,0.880316168358247,0.937951575487528,0.2725208175625,0.16916250693288962,0.21553734396411123,0.0
140980001053A,66.7137410992271,10.533748594614803,16931.42516592767,168.53997751383685,9540.0,30.196745971229102,8.426998875691842,1.162654510487267,3592,2522.4816634570916,0.4501412999596286,0.11971046770601336,124.8712782,6.310254163,0.0,0.6307544425832998,0.8434522135579272,0.41614470955576494,0.5605070811866724,0.975707700377382,0.3840553464206849,0.35835992124710886,0.7978585390275835,0.8357313600537836,0.7354392184593582,0.9781972177455882,0.0788781770375,0.15004709998654286,0.13630717834504025,0.0
1409800011858,0.0,0.0,31889.69377228382,0.0,0.0,0.0,0.0,0.0,56,1760.4866852457676,0.42105263157894735,0.23214285714285715,0.0,8.3333333333,0.0,0.0,0.8982921764758084,0.0,0.0,0.0,0.0,0.0,0.0,0.4127288254558535,0.7016892638593469,0.0,0.10416666666625,0.14035087719298245,0.26432724252491696,0.0
140980001085A,186.2296632748401,83.08708053800558,46962.36024023428,266.45167207015584,95.0,177.63444804677056,8.595215228069543,0.8659689758238984,5041,14442.826654899522,0.5061248879593666,0.17833763142233683,120.6799114,15.5143338954,0.0,0.7829401688144794,0.931820121836306,0.754226147866579,0.6102835877335194,0.48600871268064083,0.5788594460708494,0.3611849753048154,0.5942614385115184,0.8703188139513841,0.8992337854472766,0.9453635397260158,0.1939291736925,0.16870829598645554,0.2030624372098701,0.0
1409800010506,170.6238803616,52.135074554933325,35199.39208399807,348.35708907159994,485.0,123.22835803893332,23.69776116133333,1.2036965099657693,4972,11782.526849414931,0.4057110545660164,0.1995172968624296,121.6906851,12.1932515337,0.0,0.7699173418339149,0.9068456438449986,0.676109468794885,0.6394556251497135,0.6587033161264783,0.5383118059540241,0.512198541852279,0.8260231480729353,0.8689121493530397,0.8801221007220361,0.9532815816918137,0.15241564417125,0.13523701818867215,0.22717846055981475,0.0
1409800010031,99.26468581155582,72.98873956732047,17403.91494581632,1950.2591212388027,2165.0,937.1754160443948,102.18423539424865,1.079739289995293,1907,5567.581054195205,0.518312101910828,0.14735186156266386,122.6508648,12.6865671642,0.0,0.689489801555269,0.8458362842380784,0.7324529277580147,0.8272856458954159,0.8178290858075838,0.7640147762488279,0.7405767447168338,0.7409589045375827,0.7711194526442049,0.8097493582906168,0.9608032882412689,0.1585820895525,0.17277070063694266,0.1677807869134804,0.0
1409800010991,98.4530532862841,14.064721898040586,27678.284639650286,275.2667000045086,525.0,98.4530532862841,14.064721898040586,1.1214149102829694,1349,2710.472834350964,0.46153846153846156,0.20533728687916974,118.105247,23.4939759036,0.0,0.6882735927660891,0.8860236882665797,0.4615969055256443,0.6138245399461344,0.6671250415669717,0.5134804536583484,0.4332364058928728,0.7695583287137795,0.7358035656025828,0.7421850904534358,0.9251945337783487,0.29367469879499997,0.15384615384615385,0.2338053364912192,0.0
1409800013036,35.03279946818485,6.737076820804779,13327.572587849292,14.821569005770513,620.0,1.3474153641609556,0.0,0.8599672810355049,163,219.62870435823578,0.5377358490566038,0.147239263803681,106.3039982,48.0769230769,0.0,0.5363558316733908,0.8227214334221854,0.34819854827836844,0.301527955402143,0.6848037899028696,0.0952587934356283,0.0,0.5901428431830142,0.520612216195067,0.5066492894365212,0.8327477445047248,0.60096153846125,0.1792452830188679,0.16765257855284965,0.0
1409801282875,409.8840905705202,62.10365008644245,58618.6453433787,242.20423533712557,20.0,124.2073001728849,12.42073001728849,1.0945755198814606,3193,19829.695472601074,0.4172214824678207,0.21108675227059193,124.4032615,9.4425483504,0.0,0.9005494954294009,0.9510247484502402,0.7053709709322914,0.5999059976867118,0.3241786929076167,0.5391880527979196,0.4147791244277834,0.7511400998925933,0.8237147581900032,0.9289919804737425,0.974530941237509,0.11803185438,0.13907382748927358,0.24035191023297273,0.0
1409800011951,153.98957658411237,56.61381492062955,38963.88103525493,570.6672543999459,735.0,287.59817979679815,2.2645525968251823,1.0090418691045544,4934,11173.302512735449,0.4503233392122281,0.2255776246453182,118.1051349,24.1293532338,0.0,0.7546624400126074,0.915646901980995,0.6898815529554098,0.6932300179251083,0.7028945245915521,0.6324094952566626,0.1889766279695499,0.6924435971645757,0.8681291069563856,0.8751381337272364,0.9251936556267857,0.3016169154225,0.15010777973740938,0.25685180337521474,0.0
1409800011913,201.6138227742376,134.40921518282508,54390.32591835501,1172.3470435390852,0.0,694.4476117779295,14.93435724253612,0.9705828578393454,2561,19123.4444490675,0.47268545140885565,0.19796954314720813,119.3612269,19.5439739414,0.0,0.7947562108945927,0.944539659993604,0.8353095927927082,0.7717475416051207,0.0,0.7305937048734099,0.4422005876628853,0.6660515346354886,0.8012067912234296,0.9255873602459497,0.935033433975691,0.24429967426750002,0.15756181713628523,0.22541612560500532,0.0
1409800011862,80.37881851874579,20.094704629686447,42073.82140697753,170.80498935233481,0.0,150.71028472264837,0.0,0.4437572842601484,1854,18627.791191719338,0.5805626598465473,0.19848975188781015,116.6533925,32.6876513317,0.0,0.6582612152207394,0.922298614914634,0.5188918008875538,0.5619562389663529,0.0,0.5606219587085333,0.0,0.3045234291950288,0.7682436709159279,0.9231220277302268,0.9138212215728249,0.40859564164625006,0.19352088661551578,0.22600845630874983,0.0
1409800011608,82.09779794358363,23.834844564266216,25938.741523457487,295.28724099063146,1795.0,100.63601038245736,7.9449481880887385,1.125308802962847,2140,2833.6981870849836,0.4892136395267919,0.17616822429906542,119.1886642,14.1716566866,0.0,0.6613890605802354,0.8804011210104826,0.5466700354545545,0.621464108340929,0.7978833596952143,0.5159042691855678,0.3499760324277046,0.7722304686286674,0.7828812518701065,0.7463576741221235,0.9336816391077287,0.1771457085825,0.1630712131755973,0.20059226255161922,0.0
140980001135A,151.6419474838885,37.535135515813984,39314.7439305709,336.31481422169327,390.0,157.64756916641872,12.011243365060475,1.106519038272295,7229,10853.65978575277,0.5215744053883393,0.18730114815327153,118.4499018,23.1419939577,0.0,0.7523785771471186,0.9164234208478809,0.6214353102362181,0.6356252958555206,0.635543949740351,0.5656133872888458,0.40982971700938003,0.7593362046237971,0.9071134036508816,0.8724133751194763,0.9278944370011113,0.28927492447125,0.17385813512944645,0.21326865974876089,0.0
1409800013110,20.78736469067951,0.0,8098.690001522347,25.40677906638607,810.0,4.619414375706558,0.0,1.0361987848192837,7,16.167950314972952,0.0,0.0,0.0,0.0,0.0,0.46107459136146206,0.7795756097642966,0.0,0.3574626710822309,0.7132270584123848,0.19270535275469156,0.0,0.7110797241491675,0.21227667131742858,0.2669195559383163,0.0,0.0,0.0,0.0,0.0
1412000012295,183.2710244687088,116.22064966308362,54753.513803986236,339.7218990151675,20.0,169.86094950758374,8.940049974083355,1.0877950237967304,4739,21183.44841359051,0.4532352039251763,0.1996201730322853,119.1535744,27.423580786,0.0,0.7805567275479712,0.9451161499104629,0.8107618205052542,0.6367226977693478,0.3241786929076167,0.5738926944013043,0.3668245339452347,0.7464870609620706,0.8640135558033082,0.9351918095958618,0.9334067580844377,0.34279475982499996,0.1510784013083921,0.22729559952602787,0.0
1409800012767,58.26974937207075,6.243187432721865,18637.886911289428,189.37668545922992,800.0,66.59399928236657,12.48637486544373,1.2593097485052653,1979,2059.2113215594286,0.5153139356814701,0.17028802425467407,120.4726188,9.2843326886,0.0,0.6108245555233004,0.851769776822573,0.3369728364222759,0.5731645066625811,0.7119059580337367,0.4703712153486008,0.41555849290045044,0.864187105509542,0.774900755314208,0.7163964056164576,0.9437396831634646,0.11605415860749999,0.17177131189382336,0.1938968290484795,0.0
1409800012536,61.06422286566829,24.425689146267317,13366.433083070999,54.957800579101466,115.0,12.212844573133658,0.0,0.8486855577264172,383,2338.759735755096,0.3298611111111111,0.15404699738903394,125.4533427,6.5573770492,0.0,0.6177183341062085,0.82297362367493,0.5506714395125997,0.43946553415338735,0.5061590729886817,0.288148017961747,0.0,0.5824008878593043,0.6074624210126783,0.7283423188928646,0.9827569041895479,0.081967213115,0.1099537037037037,0.17540413924529535,0.0
1409800140027,67.09211082041487,31.780473546512308,17385.83244033482,755.6690376615148,395.0,323.10148105620846,86.51351132106127,1.1859605678500873,3214,5674.580109916142,0.5021037868162693,0.17423771001866833,119.3015121,10.8618654073,0.0,0.6315882427154278,0.8457462415714038,0.5939103471097881,0.7238448653943196,0.6368969453854528,0.6453613998855696,0.7142660542633564,0.813852057919279,0.8243837427988799,0.8115362274634134,0.9345656494534194,0.13577331759125,0.16736792893875643,0.19839410094254453,0.0
1409800011631,116.52347100861124,43.06302189448676,32302.354457880658,265.97748817183,385.0,126.65594674849048,10.132475739879238,1.1641067913046452,2896,7335.912435672568,0.48360655737704916,0.17645027624309392,119.2045355,13.0841121495,0.0,0.7132554954893963,0.8994058817048787,0.6442484282301902,0.6100898165928803,0.6341735405462119,0.5413501724569467,0.38492072800052785,0.7988551503517212,0.8137515789340619,0.835640793228998,0.9338059692317235,0.16355140186875,0.1612021857923497,0.20091341829826348,0.0
1409800012432,237.0809101145176,20.091602552077763,40867.352897833334,482.1984612498663,1000.0,225.02594858327092,20.091602552077763,0.9988008054739655,4933,19822.37507787992,0.5173792679175638,0.15305088181633894,122.7537984,13.3974833457,0.0,0.8188936336371784,0.9197784328553387,0.5188667728159458,0.6748711200845879,0.7356395427495677,0.6051278067326618,0.4869876143039388,0.6854157828029681,0.8681084192472591,0.9289573168874423,0.9616096334840177,0.16746854182124998,0.17245975597252128,0.17426992178193154,0.0
1409800012818,122.41813157548532,19.892946381016362,32691.195924279924,306.0453289387133,525.0,94.87405197100112,16.83249309162923,1.1755498948400944,4563,6982.424179736743,0.39669421487603307,0.2084155161078238,121.3926946,10.5564648118,0.0,0.7205786234493544,0.900442359668956,0.5172562679184587,0.6253586529214704,0.6671250415669717,0.5093890370074614,0.4601770034332356,0.8067078510348402,0.8601509505642296,0.8310048644248121,0.9509472300120964,0.1319558101475,0.1322314049586777,0.23731033274173496,0.0
1409800012150,97.78720332382969,24.046033604220412,23569.568272589324,309.3922990409693,1040.0,104.19947895162178,22.442964697272387,1.1247166285454033,4491,7199.382461103592,0.4539857420609203,0.18125139167223336,122.6007443,13.9516129032,0.0,0.6872684005734881,0.8721045442124895,0.5481111089148867,0.6265424992176739,0.7398116464506062,0.5197512197336708,0.5038700315241345,0.7718240956164876,0.8585276804897938,0.8338772588030259,0.9604106620556582,0.17439516129,0.15132858068697344,0.2063801624318006,0.0
1409800013002,165.4928023556581,15.044800214150738,34144.40753294086,376.1200053537685,0.0,150.44800214150737,0.0,0.9086163473457878,577,8680.849723564976,0.6253521126760564,0.1022530329289428,123.1666814,11.4457831325,0.0,0.7653754341290767,0.9042097653085308,0.4723233903615489,0.6478056359854967,0.0,0.560428794852096,0.0,0.6235277160074536,0.6492075611553437,0.8514432083701805,0.9648440121792337,0.14307228915625,0.20845070422535214,0.1164294373153347,0.0
1409800013125,277.1588958877157,0.0,28144.420818037746,46.193149314619276,0.0,46.193149314619276,0.0,0.0,134,6189.882008158983,0.6962025316455697,0.208955223880597,113.460394,40.0,0.0,0.8421741250421568,0.8874703347308466,0.0,0.42086428171425166,0.0,0.4302644828370116,0.0,0.0,0.5007476194897372,0.8196952937312068,0.888808406023974,0.5,0.23206751054852323,0.23792486583184255,0.0
1409800010370,80.97487229830494,18.50854223961256,26498.75065964347,299.99262213372026,945.0,95.62746823799823,17.737352979628703,1.213396009187392,5858,4517.626684985432,0.4970610784564273,0.1807784226698532,120.7170499,15.3054221002,0.0,0.6593532120249483,0.8822513227741562,0.5055886599757005,0.6231846224768909,0.7296221607689015,0.510262870730566,0.46808297326744736,0.8326793199696235,0.8856493171103678,0.790133737585131,0.9456544695370575,0.1913177762525,0.16568702615214242,0.20584162080386684,0.0
1409800011542,198.74870741795155,58.455502181750454,40849.62230371125,596.2461222538547,580.0,229.92497524821846,62.35253566053382,1.2615687218330254,2526,9843.906567406777,0.41591928251121074,0.17735550277117973,121.4531627,7.876230661,0.0,0.7926251548689808,0.9197408433744012,0.6952364961679958,0.6980097180507931,0.6777143618563328,0.6075215779366382,0.6626617364959472,0.8657373004666264,0.799802594388013,0.8632464094731696,0.9514209156188668,0.0984528832625,0.13863976083707025,0.20194414582085132,0.0
1409800011330,304.02553038424725,131.04548723458933,28622.282806275358,482.2473930232888,910.0,193.9473211071922,31.450916936301443,1.0969302289184997,2330,12213.439410263727,0.40530759951749096,0.15236051502145923,123.4267675,11.8937644342,0.0,0.8559709075254679,0.8889287114146147,0.8310286466385096,0.6748821772996012,0.7256079251787413,0.5886148845064115,0.555806581155644,0.7527559923999382,0.7915608351773818,0.8834941053453739,0.9668814342594884,0.1486720554275,0.13510253317249699,0.17348384223820892,0.0
1409800011788,155.9266413307787,0.0,15342.22117449267,311.8532826615574,0.0,103.95109422051912,0.0,0.6365141682948128,100,5197.554711025957,0.5384615384615384,0.22,114.2048069,40.9090909091,0.0,0.7565209919817842,0.8349148851936103,0.0,0.6274048502700961,0.0,0.5194873313502366,0.0,0.4368006658944782,0.47112765682867724,0.8032938524410109,0.8946398721395658,0.51136363636375,0.1794871794871795,0.25050089445438284,0.0
1409800010525,149.3323819191301,53.85758036427644,45525.94087048985,1003.7094522433335,695.0,543.4719473122441,41.61722119057725,1.0693318088974169,4780,11701.783370056426,0.516497461928934,0.1799163179916318,119.7220878,25.1447477254,0.0,0.750097206652717,0.9291292939170629,0.681538840191095,0.7548046447844169,0.6969444111232016,0.7032725277709163,0.599336933066077,0.7338168880668183,0.8648927595393623,0.879476563719051,0.9378602900266702,0.3143093465675,0.172165820642978,0.20485999356292242,0.0
1409800011909,231.95452228735383,138.18567285204057,56616.08555314636,646.5115408434755,0.0,330.65857432452566,19.740810407434367,1.10405947606198,4614,22771.024804975543,0.4816955684007707,0.1931079323797139,119.8470657,19.3668528864,0.0,0.8156364820240225,0.9480137936892459,0.8399908854877386,0.7068334651653319,0.0,0.6479344888641012,0.48430872098614663,0.7576483578094009,0.8612853469237671,0.9419764603846957,0.9388393224817067,0.24208566108000001,0.16056518946692358,0.21988049903343096,0.0
1409800011576,124.93462820251516,25.554810314150828,35496.77521205304,274.0043550350617,615.0,110.73751136132026,21.295675261792358,1.2559983819396983,4298,6101.92081834557,0.5319073083778966,0.19776640297812936,119.5550231,19.9803149606,0.0,0.7235989914717477,0.9075743906710729,0.5580660390902409,0.6133244525046194,0.6839429984356309,0.5264820827742817,0.4958552968045715,0.8619147175676753,0.8540446223875902,0.8183517895368724,0.9365515645368762,0.2497539370075,0.17730243612596552,0.22518482199566967,0.0
1409800011398,78.08231744847362,15.015830278552617,19451.15146843126,195.20579362118403,625.0,81.08548350418414,4.004221407614032,1.1045473586019665,3901,3905.116927775584,0.5050154320987654,0.20020507562163548,120.4037328,18.8679245283,0.0,0.6539778077508512,0.8554692593681182,0.47201583604341424,0.5764577603768064,0.6856576783971278,0.49205518763806305,0.25720546634237257,0.7579831616974515,0.8441534258513388,0.7764580225800731,0.9432000547195745,0.23584905660375002,0.16833847736625515,0.22796159326148654,0.0
1409800012076,200.0,100.0,43380.333629446024,0.0,0.0,0.0,0.0,0.0,59,5900.0,0.48717948717948717,0.2711864406779661,0.0,50.0,0.0,0.7935595941708017,0.9249475414569907,0.7854151797128713,0.0,0.0,0.0,0.0,0.0,0.4179650244906665,0.8151929635209351,0.0,0.625,0.1623931623931624,0.3087838452442315,0.0
1409800011241,194.5436068177342,87.03266620793372,53915.470572649596,460.76117404200204,80.0,261.0979986238012,20.47827440186676,1.1004114934378963,2289,11718.692526468252,0.5383064516129032,0.1874180865006553,116.9577026,25.9450171821,0.0,0.7894414166703613,0.9437800855586844,0.7620298935609482,0.6699158946797562,0.46791797799195844,0.6216572763753889,0.4898893670280186,0.7551449708955794,0.7897493080849108,0.8796121188559335,0.9162050787531375,0.32431271477625,0.17943548387096775,0.21340181047883203,0.0
1409800012786,148.82234139429383,66.14326284190838,39120.756191543696,562.2177341562212,20.0,248.0372356571564,45.473493203812005,1.1781872664081752,2832,11707.357523017783,0.43465045592705165,0.1754943502824859,120.40232,10.0,0.0,0.7495886692914431,0.9159949538582914,0.7159308233391052,0.6916040178930939,0.3241786929076167,0.6159509970024712,0.6131730735302752,0.808517717514694,0.8114710847887313,0.8795212714959822,0.9431889873464432,0.125,0.1448834853090172,0.1998249623520613,0.0
1409800010474,194.7941463149069,24.91553034260437,37547.35247254585,462.0698354446629,435.0,192.52909810194288,43.03591604631664,1.169631200537423,5452,12349.042857079912,0.3879837067209776,0.1744314013206163,122.8434091,7.3910296905,0.0,0.78963301312072,0.9124391236388263,0.5539189349166501,0.6702249224626368,0.6471432412507614,0.5877997907854732,0.6045675366466294,0.8026462138531282,0.8783183921876189,0.8845306649708503,0.9623116118627435,0.09238787113125,0.12932790224032586,0.19861464568975362,0.0
1412000016048,73.70131364219336,5.669331818630258,12651.88467056801,5.669331818630258,0.0,5.669331818630258,0.0,0.0,2318,13141.51115558494,0.333716915995397,0.19887834339948232,125.3255313,2.828854314,0.0,0.6454498705620433,0.8182148591720095,0.3229256426356981,0.20719945961407085,0.0,0.21182735672371875,0.0,0.0,0.7910339514253693,0.8903696218295348,0.9817556751024561,0.035360678925,0.11123897199846566,0.2264509223144374,0.0
1409800011769,178.28121668918598,66.21873762741193,40929.23030563668,649.4530036534632,80.0,315.8124409922723,12.73437262065614,1.0298221167447197,4091,10419.263678220854,0.49396267837541163,0.19286238083598142,117.9555676,17.66437684,0.0,0.7764489472490834,0.9199094874822336,0.7161220162175729,0.707328383566971,0.46791797799195844,0.6428220934616059,0.4184689956556638,0.7067038076340342,0.8490069456424979,0.8685789077509365,0.9240219985505173,0.2208047105,0.16465422612513722,0.21960090411825076,0.0
1409800012112,207.93187525909786,47.25724437706769,34298.554843182705,378.05795501654154,40.0,94.51448875413539,18.902897750827076,1.174324624975948,1642,15519.27905342903,0.3844856661045531,0.1638246041412911,124.7328466,5.1440329218,0.0,0.7993509645343164,0.9045999418380036,0.6597223257719254,0.6483653314062011,0.39541864552742145,0.5089695817991473,0.47772190909126816,0.8058670234158835,0.7558547298292335,0.905982284776023,0.9771127937858111,0.0643004115225,0.1281618887015177,0.1865373175955846,0.0
1409800011504,255.3418681459067,109.43222920538858,34287.731993012596,1094.3222920538858,40.0,423.1379529275025,72.95481947025905,1.2106577084383214,2451,17881.226252160493,0.5064535955746773,0.1489188086495308,121.8504515,12.8900949796,0.0,0.8299518638051429,0.9045726044107936,0.8006093765956941,0.7642336515014088,0.39541864552742145,0.6753911281060277,0.6873777989365166,0.8308001919781483,0.7967269399683731,0.9192820300949441,0.9545331348930144,0.161126187245,0.16881786519155909,0.16956497621722066,0.0
140980001181A,101.77580186930469,25.44395046732617,46851.93357670904,152.66370280395702,0.0,101.77580186930469,0.0,0.8675632284814612,527,13408.961896280893,0.4858757062146893,0.2030360531309298,119.3235521,20.8955223881,0.0,0.6931912288801829,0.9316162008964993,0.5573540793557935,0.5497707893929215,0.0,0.5171492127816549,0.0,0.5953554764090454,0.6399712925801129,0.8922610083076559,0.9347383029810351,0.26119402985125,0.16195856873822975,0.23118505870811593,0.0
1409800013375,143.71285211249804,0.0,26145.421358021777,0.0,0.0,0.0,0.0,0.0,1391,15377.27517603729,0.4121827411167513,0.08698777857656362,123.8771541,8.1135902637,0.0,0.7443965242775357,0.8810885755200647,0.0,0.0,0.0,0.0,0.0,0.0,0.7389310946849198,0.9051193223922588,0.9704096028293997,0.10141987829625002,0.1373942470389171,0.0990478015455863,0.0
1409800013290,35.806254040803786,1.1189454387751183,16322.956031219468,71.61250808160757,770.0,24.616799653052603,1.1189454387751183,1.1380362555631933,384,429.6750484896454,0.620253164556962,0.19270833333333334,113.466926,39.3617021277,0.0,0.5395338016256145,0.8402820769554681,0.12779358856127743,0.46791510069058295,0.7078413681885609,0.362056182093239,0.1199419544231857,0.7809645393656391,0.6077279179122284,0.5694464778528467,0.8888595753906885,0.49202127659625,0.20675105485232068,0.21942549940369707,0.0
1409800012108,133.15493847913893,28.53320110267263,40895.65648695123,313.86521212939897,60.0,190.2213406844842,0.0,0.9136334974790452,1796,17081.876393466682,0.533731853116994,0.20879732739420936,116.9328658,29.4403892944,0.0,0.7330607725525105,0.9198384036747249,0.5761572063793123,0.6281048238366166,0.4377230725854981,0.5864606014128745,0.0,0.6269706786754652,0.7650008774345919,0.914988598617542,0.9160105160882244,0.36800486618,0.17791061770566466,0.23774507850879115,0.0
1409800010690,129.63418207970935,41.24723975263479,35357.56249404687,293.15002538479723,200.0,159.0964961887342,10.311809938158698,1.0748945443488238,5013,7384.729031427079,0.4893048128342246,0.16916018352284062,119.9969695,14.7636363636,0.0,0.7290813103774295,0.9072340085695312,0.6370868023309537,0.620673595737632,0.5646923247741623,0.5666283104190553,0.38747328157225036,0.7376342525033063,0.8697503283912705,0.836263394652989,0.9400136155793927,0.184545454545,0.16310160427807488,0.19261262399335966,0.0
1409800011203,215.64380394316086,62.732742965283165,56017.558742927264,548.9115009462276,40.0,266.6141576024534,23.524778611981187,1.1285171728198604,4500,17643.58395898589,0.5148247978436657,0.18822222222222224,118.4726052,23.7044145873,0.0,0.8047746774437112,0.9470931792245876,0.707059158458929,0.6889932843150102,0.39541864552742145,0.6239823584511422,0.5110758815708435,0.7744321762414508,0.8587320064788397,0.9180259979338579,0.9280722873685736,0.29630518234125003,0.17160826594788858,0.2143174319220831,0.0
1409800011097,165.85055001527044,43.64488158296591,40786.27768886336,545.5610197870739,720.0,198.58421120249488,56.73834605785568,1.228961472957295,6042,13185.118726214001,0.4246639943409573,0.1704733531943065,123.4233816,9.8028169014,0.0,0.7656966138485652,0.9196064171788498,0.646481015392629,0.6883259505405953,0.7007020107944888,0.5912390476706446,0.6478401258103228,0.8433609438490483,0.8888059060327224,0.8906806221197535,0.9668549103221401,0.1225352112675,0.1415546647803191,0.19410785207187137,0.0
1409800010296,89.80692544007616,22.45173136001904,31469.501429885007,956.443755936811,60.0,601.7064004485102,26.942077632022844,0.8853269590608203,3102,13929.05413575581,0.502179176755448,0.1947130883301096,115.9077155,36.1971830986,0.0,0.6746642741718063,0.8971432371763385,0.5369179752282673,0.7495429034534692,0.4377230725854981,0.7146160591444792,0.5319122244202982,0.6075456360823496,0.8207640688795275,0.8958334139602468,0.9079798529470581,0.4524647887325,0.16739305891848266,0.22170819449394413,0.0
1409800143021,22.54381259995404,0.0,15263.658151658023,3.7573020999923403,0.0,0.0,0.0,0.0,54,202.89431339958637,0.3,0.25925925925925924,0.0,7.6923076923,0.0,0.47267621313781216,0.834470200845173,0.0,0.1703091707130241,0.0,0.0,0.0,0.0,0.4090825985585658,0.49924368466341845,0.0,0.09615384615375,0.09999999999999999,0.2952030742728417,0.0
1409800012837,141.2204470628723,54.31555656264319,22911.499808524277,657.2182344079825,0.0,238.98844887563004,38.020889593850235,1.1404441373809815,2606,14154.634040224815,0.45912653975363943,0.17267843438219493,122.218346,12.5348189415,0.0,0.741796894284297,0.8696516927139611,0.6829537082224983,0.7086242529559266,0.0,0.6118192472237924,0.5852551955879151,0.7826169210937988,0.8029842621361831,0.8973415879322427,0.9574150896668536,0.15668523676874999,0.1530421799178798,0.19661864666237402,0.0
1409800012004,158.62641161097363,0.0,38426.04552400228,465.30414072552264,60.0,190.35169393316835,21.150188214796483,1.1976269017407617,749,7920.745486441283,0.6142241379310345,0.1829105473965287,113.4364074,26.9662921348,0.0,0.7590734216336433,0.9144429012442268,0.0,0.6709849416934928,0.4377230725854981,0.586536674891262,0.4948096071110445,0.821857947914855,0.6758002453989289,0.8428411685458761,0.8886205035237241,0.337078651685,0.20474137931034483,0.20826934421805102,0.0
1409800010807,177.0514240412612,87.02527622367077,39526.352582030784,996.2893691813343,180.0,414.1202799609161,51.014817096634594,1.1496158304498756,5347,16045.66041268854,0.46453026568063543,0.18851692537871703,119.1593945,18.5388845247,0.0,0.7754189789372086,0.9168884034837218,0.7620156067883661,0.7539952148456819,0.5535324528401375,0.6729920668378796,0.6311657612971406,0.7889108919736696,0.8763335564853326,0.909113659526751,0.9334523506795411,0.23173605655875,0.15484342189354514,0.21465299285072162,0.0
1409800011190,179.77915225095487,61.79908358626574,46639.922063629434,435.4026343577813,115.0,221.91489105977243,5.6180985078423396,0.9745198132573978,5754,16163.269407062411,0.5192917547568711,0.18369829683698297,118.3344105,25.0189537528,0.0,0.7776939871211764,0.931223336144941,0.7045476027888333,0.6637482910781692,0.5061590729886817,0.6035805882915716,0.3018533531069287,0.6687532258685511,0.883821011992188,0.9097992518855247,0.926989719199209,0.31273692191,0.1730972515856237,0.2091663075791407,0.0
1409800012521,200.0,100.0,4042.7045944434367,0.0,0.0,0.0,0.0,0.0,12,1200.0,0.5,0.0,0.0,50.0,0.0,0.7935595941708017,0.7194013052746516,0.7854151797128713,0.0,0.0,0.0,0.0,0.0,0.2618390085925983,0.6657309231317938,0.0,0.625,0.16666666666666666,0.0,0.0
1409800013356,0.0,0.0,0.0,0.0,0.0,0.0,0.0,0.0,14,757.176904749365,0.75,0.0,0.0,66.6666666667,0.0,0.0,0.0,0.0,0.0,0.0,0.0,0.0,0.0,0.2764472436123808,0.6225444173760772,0.0,0.8333333333337499,0.25,0.0,0.0
1409800010101,190.05754899732963,86.15942221212278,32414.606854545993,864.1283227745255,970.0,359.84229276827745,65.88661698574094,1.1791106029132832,5623,14249.247973493128,0.5022709056906225,0.15970122710296994,121.3836057,13.1373725255,0.0,0.7859685816083423,0.8997063720098476,0.7603333267962142,0.7384717278655486,0.7323995567429318,0.6573491210705282,0.6713323514545602,0.8091513467728711,0.8814704487809668,0.8979670128615851,0.950876030799431,0.16421715656875,0.1674236352302075,0.1818422737943477,0.0
1409800012273,214.540466174839,64.47937507986964,46690.18195306306,354.0503868021933,260.0,167.64637520766107,12.89587501597393,1.1246678596484516,6364,7460.849872878008,0.5274909963985595,0.1673475801382778,118.6083656,18.9534883721,0.0,0.8040106597484965,0.9313166307347883,0.7116603561117664,0.6412207755767191,0.5925063747116004,0.5724363200525263,0.42033626699842813,0.7717906285112376,0.8941054336125482,0.8372260670232217,0.9291357860968186,0.23691860465125,0.17583033213285315,0.19054872049734137,0.0
1409800010987,120.47814378392877,60.239071891964386,40091.9303603584,430.70936402754535,235.0,180.71721567589316,24.095628756785754,1.1430518073137779,5383,16213.346199722213,0.540819249498711,0.19208619728775775,118.159848,23.513986014,0.0,0.7182078565949505,0.9181190742125267,0.7002666376177032,0.6625675997640249,0.581785120343782,0.5807695218953762,0.514751151542926,0.7844064051615767,0.8770184278599749,0.9100896577212179,0.9256222586087182,0.293924825175,0.180273083166237,0.21871711014965617,0.0
1409800011985,43.98347011967322,0.0,23272.285923753778,32.987602589754914,20.0,10.995867529918305,0.0,1.0114042647073516,22,120.95454282910136,0.4666666666666667,0.13636363636363635,0.0,50.0,0.0,0.5695546532890083,0.8710050618197169,0.0,0.3850207398627994,0.3241786929076167,0.277361153830431,0.0,0.6940647644909407,0.320082224843313,0.4509911065982553,0.0,0.625,0.15555555555555556,0.15526914945519596,0.0
1409800010879,43.5975514529889,7.5821828613893745,14473.313385782089,199.03230011147107,885.0,43.5975514529889,0.0,0.6152480444298961,5,9.477728576736718,0.0,0.0,0.0,0.0,0.0,0.5682653787481255,0.829864890962599,0.36584046104808177,0.5785668355313802,0.7226450371724895,0.42394938225835294,0.0,0.422207028348161,0.18290907837782105,0.22055979927960384,0.0,0.0,0.0,0.0,0.0
1409800011970,201.7513623744587,86.46486958905373,48952.33275366796,634.0757103197274,20.0,317.0378551598637,14.410811598175622,1.077788783674899,4835,23225.424692393044,0.48540706605222733,0.22006204756980352,117.6809624,26.9516728625,0.0,0.7948577525578726,0.9354149749477094,0.7609286851130458,0.7047159144924987,0.3241786929076167,0.643253054356354,0.4368643812107183,0.7396203915837204,0.8660604113502329,0.9438314262133691,0.9218708390005346,0.33689591078125003,0.16180235535074244,0.2505715443259033,0.0
1409800012644,202.6775181410025,64.8568058051208,48194.51659439265,470.21184208712583,40.0,235.10592104356292,16.2142014512802,1.085031114939615,1338,10847.300770906455,0.45910577971646677,0.22047832585949179,120.2696167,15.7894736842,0.0,0.795539719261294,0.9340635219220625,0.7126384945000167,0.672128177294221,0.39541864552742145,0.6099984695737567,0.45454063117026045,0.7445903596953983,0.7349683668168266,0.8723583580271619,0.9421494368531924,0.19736842105250002,0.1530352599054889,0.2510455356163981,0.0
1409800010046,149.96373502531893,91.50329594765222,22134.769240479498,782.8615319965801,465.0,330.42856869985525,15.250549324608704,1.008852953727814,6418,16313.004260889777,0.5443159922928709,0.14630726082891868,120.1592013,19.5979899497,0.0,0.750724314691162,0.8666642383670394,0.7704601349990333,0.727700147499027,0.6542287365574516,0.647857043821847,0.44533907951634094,0.6923139561189112,0.8949678462852608,0.9106649367147159,0.9412844818480609,0.24497487437125,0.18143866409762363,0.16659136228552188,0.0
1409800142038,24.37454625843646,0.0,0.0,170.62182380905523,0.0,73.12363877530939,0.0,1.0042424730540764,219,5338.025630597585,0.3353658536585366,0.2054794520547945,122.2032835,18.1818181818,0.0,0.48388140017018594,0.0,0.0,0.5618397614918641,0.0,0.48066555890395146,0.0,0.6891500657788467,0.5506003794368515,0.8057970666610583,0.9572970953946344,0.2272727272725,0.11178861788617887,0.2339672115078295,0.0
1409800013214,140.58364621506604,21.478057060635088,27544.26438076241,83.95967760066443,255.0,46.86121540502201,7.810202567503668,1.1881264113571444,5792,11309.173317745312,0.4551394822819804,0.17955801104972377,123.6468632,8.6715867159,0.0,0.7411253902101158,0.8856032472549039,0.529701409482504,0.4850630196501125,0.5904467490922419,0.4318336899572421,0.3475516176192617,0.8153383435877348,0.8844928490227105,0.8762728190337803,0.9686055857575849,0.10839483394875,0.15171316076066013,0.20445201079275344,0.0
1409800012199,336.6326709403178,182.95253855452052,64206.60728626372,673.2653418806356,40.0,351.2688740246794,43.908609253084926,1.1043622071127601,3126,22876.385420857245,0.5145348837209303,0.1801023672424824,119.2344086,22.3841059603,0.0,0.8711682865966865,0.9589119791300736,0.8874496499302579,0.7112544496001898,0.39541864552742145,0.6546647442565048,0.6077020101721001,0.7578561035771376,0.8215505909109427,0.9424098421801785,0.9340399844810799,0.27980132450375,0.17151162790697674,0.205071836761789,0.0
1409800011839,221.28631639737293,55.32157909934323,53082.21009225039,437.5433983311692,20.0,286.6663644238695,20.11693785430663,0.8864903551828105,4538,22822.66599571087,0.5713296398891967,0.18466284706919348,118.7591667,24.6548323471,0.0,0.8086220479572063,0.9424308958246214,0.6860210136357797,0.6642826348030789,0.3241786929076167,0.6320484728938525,0.4871793637432504,0.6083440035439031,0.8595902356516247,0.9421891270381939,0.9303171083238299,0.30818540433875,0.1904432132963989,0.21026458346966304,0.0
1409800011167,114.06270385383024,19.01045064230504,27624.4706529849,302.0549379832912,200.0,118.28724844100914,19.01045064230504,1.1607924079255942,3473,7335.921675636157,0.4703640982218459,0.18658220558594873,121.450893,13.063583815,0.0,0.7100890954987872,0.8858551110906471,0.5099116893882271,0.6239302433516367,0.5646923247741623,0.5337809208013999,0.4785827309257071,0.7965806921556413,0.8322931019804507,0.8356409114660025,0.951403135595653,0.1632947976875,0.15678803274061529,0.212450042675235,0.0
1409800013252,400.0,200.0,40209.70782703497,200.0,0.0,0.0,0.0,0.0,219,21900.0,0.6390977443609023,0.1643835616438356,123.2545946,21.8181818182,0.0,0.8969059256805332,0.9183731675301631,0.9025324825723593,0.5790938159844544,0.0,0.0,0.0,0.0,0.5506003794368515,0.9383148935093432,0.9655326929462023,0.27272727272749997,0.2130325814536341,0.1871737692062636,0.0
1409800013286,7.117029624924526,0.0,1533.7673562751288,14.234059249849052,175.0,7.117029624924526,0.0,0.6931471805599453,1541,10967.342652008694,0.41766329346826125,0.08111615833874107,126.2083441,2.8301886792,0.0,0.31333017261448715,0.6354819365800651,0.0,0.297395968778679,0.550549643662534,0.2337572164178814,0.0,0.4756644315437017,0.7493781887511431,0.8733915380624651,0.9886713168512903,0.03537735849,0.13922109782275374,0.09236213735708174,0.0
1409800011650,189.32401210526663,27.04628744360952,56986.20261257856,0.0,0.0,0.0,0.0,0.0,492,13306.773422255883,0.37815126050420167,0.08739837398373984,123.9519355,14.3617021277,0.0,0.7853929750289069,0.9485782259912715,0.5673657514500824,0.0,0.0,0.0,0.0,0.0,0.6329696803477705,0.8915428318704415,0.9709954137418335,0.17952127659625,0.12605042016806722,0.0995153220762977,0.0
1409800012930,157.22651919787086,28.58663985415834,37813.40952320639,150.07985923433128,0.0,78.61325959893543,0.0,0.9302998331833918,1055,7539.726261534262,0.5086705202312138,0.12227488151658768,115.6161823,27.1929824561,0.0,0.7577553646310952,0.9130507493240673,0.5764648652234078,0.5479190732584501,0.0,0.48864136656658363,0.0,0.6384077634982301,0.7107301830192557,0.8382132824747847,0.9056960854608015,0.33991228070125,0.16955684007707128,0.13922712358731315,0.0
1409800012998,331.0682629951995,91.96340638755541,48328.25768848283,0.0,0.0,0.0,0.0,0.0,772,14199.149946238556,0.39855072463768115,0.16062176165803108,125.1454569,3.813559322,0.0,0.8686816575813578,0.9343035667208044,0.7713045253622494,0.0,0.0,0.0,0.0,0.0,0.6788837634866911,0.8976363697401427,0.9803450362461367,0.047669491525,0.13285024154589373,0.18289043165534308,0.0
1412000014287,233.58621428483707,47.44719977660753,51197.97712074304,456.2230747750724,80.0,237.23599888303767,29.198276785604634,1.149917054148789,3725,13595.44762829716,0.5126796280642435,0.1825503355704698,118.9749946,14.5885286783,0.0,0.8166809218776789,0.939300223013386,0.6603909036590488,0.6688374402971616,0.46791797799195844,0.6110010809789068,0.5443152088346118,0.789117603338196,0.8394418670371686,0.8935576274448706,0.9320078273933803,0.18235660847875,0.17089320935474783,0.20785919246977463,0.0
1409800013040,233.65473489595823,38.03681730864436,42340.8608270178,86.94129670547282,0.0,43.47064835273641,1.3584577610230129,1.0859648131845214,2407,3269.807830782392,0.658458244111349,0.11715828832571666,110.1856185,34.9862258953,0.0,0.8167246225653784,0.9228466577324825,0.6236365933901125,0.48882945140888595,0.0,0.423631273515396,0.13704701907219646,0.7452310995805955,0.7948784639428393,0.7597927780900534,0.8631549785183251,0.43732782369125,0.21948608137044967,0.13340116371971136,0.0
1409800013394,205.26641281989723,26.773879933030074,36635.99448342335,37.92966323845927,0.0,31.23619325520175,0.0,0.5783252866601273,793,1769.3072322410708,0.686046511627907,0.031525851197982346,110.2004672,36.3636363636,0.0,0.797429705493115,0.9103106970910073,0.5657047208605397,0.39984511319041544,0.0,0.38771426094750283,0.0,0.396869202446027,0.6816200517554281,0.7021582152527054,0.8632712979573228,0.454545454545,0.22868217054263565,0.03589660874331979,0.0
1409800012269,172.29808360300228,5.74326945343341,41926.787500774946,189.52789196330252,80.0,100.50721543508466,11.48653890686682,1.1825140363483588,2714,7793.6166483091365,0.44901227976508273,0.20633750921149593,117.5770639,24.1839762611,0.0,0.7713699674018715,0.9219953716876259,0.3248019465245069,0.5732512001810799,0.46791797799195844,0.5157627151373958,0.4032549259421882,0.811486914565103,0.8071280170469576,0.8413222716773514,0.9210569350740836,0.30229970326375,0.14967075992169424,0.23494423007713267,0.0
1409800013341,174.25804342995366,14.521503619162804,37682.605785466454,46.46881158132097,0.0,30.49515760024189,0.0,0.8803384787456418,1595,2316.1798272564674,0.595,0.20877742946708464,108.9508235,38.9784946237,0.0,0.773052804087504,0.9127505905803625,0.46668038834695397,0.42150024988408447,0.0,0.3851181018217909,0.0,0.6041223477534993,0.7528919256878016,0.7274318780272936,0.8534820332990765,0.48723118279625,0.19833333333333333,0.2377224219245069,0.0
1409800012061,212.87870746164904,39.9147576490592,48083.82453631185,385.8426572742389,0.0,212.87870746164904,0.0,0.9864633661435194,715,9513.01723969244,0.43795620437956206,0.06013986013986014,115.9528167,16.3265306122,0.0,0.8028525448574154,0.9338643422657857,0.6316327426969975,0.6505851468673182,0.0,0.5989610720024365,0.0,0.6769493542717566,0.6710642815284561,0.8600366638802039,0.9083331597201842,0.20408163265249998,0.14598540145985403,0.06847767616998386,0.0
1409800010968,107.8091429374675,22.364662630644855,29616.64459874636,175.4765837173673,175.0,85.44448030682264,6.307981767617779,1.1385977852166314,9108,5223.008903587522,0.5513541134389371,0.1994949494949495,117.5048,29.6477931342,0.0,0.7017272171570104,0.8918868893650764,0.5362849646203889,0.5648857355899953,0.550549643662534,0.4978312523649564,0.3176917293180265,0.7813498827542998,0.9306971319823568,0.8037524295772276,0.9204908453620024,0.37059741417750003,0.1837847044796457,0.22715301494371262,0.0
1409800012466,98.63391286948982,28.311586101427633,15328.078381363437,61.18955705792424,60.0,29.22486307244143,5.479661826082768,1.0970969412054814,6154,5620.306479618892,0.44210032817627753,0.14917127071823205,124.632657,4.3206663196,0.0,0.6885454630631754,0.8348350021087203,0.5748753497577401,0.4509953407734586,0.4377230725854981,0.38052225598390543,0.2984767609285518,0.7528703968257838,0.8906805860383129,0.8106341159861841,0.9763279440639232,0.054008328995,0.14736677605875917,0.16985243973551825,0.0
1409800013303,49.484462789781745,4.9484462789781745,23471.856520187266,49.484462789781745,40.0,19.793785115912698,0.0,1.080527626604172,297,734.8442724282589,0.5631578947368421,0.15488215488215487,115.475671,18.9189189189,0.0,0.586818113036038,0.8717447000673704,0.30345847051553654,0.4282258608717602,0.39541864552742145,0.3387700136100095,0.0,0.7414998916402419,0.5815792448402342,0.6197374182599784,0.9045953698702902,0.23648648648625,0.18771929824561404,0.1763550833318275,0.0
1409800011453,165.34938838865304,60.36564972919079,42470.88727975173,262.45934664865564,100.0,133.85426679081436,20.99674773189245,1.143522584246488,2744,7201.884472039111,0.5344152210408506,0.19497084548104957,120.9288538,22.4215246637,0.0,0.7652464857019003,0.923112259979051,0.7006180336628798,0.6086413171752408,0.49141491559492917,0.5474739525604482,0.49369928385980427,0.7847294705196448,0.8082498250430051,0.833909876625307,0.9473136660206221,0.28026905829625004,0.17813840701361686,0.22200168720695534,0.0
1409800010953,104.20638868088373,17.9666187380834,24281.752013516856,253.32932420697597,360.0,132.95297866181718,9.881640305945872,1.0946672152002652,7942,7134.544300892919,0.4438784791704566,0.16041299420800806,120.4507902,11.5532734275,0.0,0.6966888092803267,0.8746831086620369,0.5007942794377943,0.6047901121273447,0.6270437476730639,0.5467253521479133,0.38128061616837666,0.7512030247704803,0.9167145611755388,0.8330280106040464,0.9435686856683233,0.14441591784375002,0.14795949305681885,0.18265272059641705,0.0
1409800012517,275.01754729071894,5.61260300593304,35188.09272173888,5.61260300593304,0.0,0.0,0.0,0.0,1958,10989.476685616892,0.3503448275862069,0.08426966292134831,125.9509408,8.3109919571,0.0,0.8410177347985037,0.9068178331338157,0.3214718876068545,0.20626668371578938,0.0,0.0,0.0,0.0,0.7738122689888104,0.8735808066278089,0.9866549108728454,0.10388739946375,0.1167816091954023,0.09595284516894133,0.0
1409800013106,100.0,0.0,4786.573599465217,0.0,0.0,0.0,0.0,0.0,16,1600.0,0.23076923076923078,0.0,0.0,20.0,0.0,0.6905831793356683,0.7340287715405982,0.0,0.0,0.0,0.0,0.0,0.0,0.2892243353581004,0.6927204440223791,0.0,0.25,0.07692307692307693,0.0,0.0
1409800143229,36.99565388164592,0.0,4760.684599109756,0.0,0.0,0.0,0.0,0.0,250,924.891347041148,0.5723270440251572,0.096,117.360599,21.6666666667,0.0,0.544292791173912,0.7335590800906214,0.0,0.0,0.0,0.0,0.0,0.0,0.5640575769648583,0.6413064339372592,0.9193612259729047,0.27083333333375,0.19077568134171907,0.10930948121645796,0.0
1409800142019,114.3320556355448,0.0,21411.941980572516,291.02705070865954,40.0,79.6859781702282,17.323038732658304,0.9644667114712335,1362,4718.795750776122,0.47243243243243244,0.17400881057268722,119.8992361,14.9606299213,0.0,0.7104389684748665,0.8637883961942731,0.0,0.6198826435928045,0.39541864552742145,0.49013549035173803,0.46451150947712105,0.6618543982018154,0.7367818889800125,0.7942231301401865,0.9392480068554417,0.18700787401625002,0.15747747747747748,0.19813346677909732,0.0
140980014295A,285.163280886244,34.41625803799497,44257.15708236765,0.0,0.0,0.0,0.0,0.0,2681,13181.426828552074,0.469041095890411,0.09772472957851548,125.79996,3.7601626016,0.0,0.8464192739086651,0.9266809173370416,0.6070719555720039,0.0,0.0,0.0,0.0,0.0,0.8058796207175905,0.8906543321403972,0.9854721809398943,0.04700203252,0.15634703196347033,0.11127332804423096,0.0
1409800142127,180.54324568747836,0.0,56287.9017956502,165.49797521352184,20.0,82.74898760676092,22.567905710934795,1.123130821077698,1834,13796.513024618138,0.45555555555555555,0.20065430752453653,122.3429725,10.970464135,0.0,0.7783251113836558,0.9475102150748361,0.0,0.5585300414540725,0.3241786929076167,0.49429488525459186,0.5047190478683318,0.770735853135209,0.7671370638699851,0.8949358427526859,0.9583913693791676,0.1371308016875,0.15185185185185185,0.22847310686827818,0.0
1409800143017,304.2360980895398,46.80555355223689,38499.214525311356,163.81943743282912,75.0,117.01388388059222,0.0,0.5982695885852573,634,14837.360476059093,0.513126491646778,0.09621451104100946,125.2090744,5.3097345133,0.0,0.8560741690810383,0.914607684446872,0.6581219002163174,0.557423614107981,0.46113356110959247,0.5325828489327731,0.0,0.4105557546009232,0.6588086297387298,0.9017638626461291,0.9808433931333006,0.06637168141625,0.17104216388225935,0.10955373216029074,0.0
1409800141114,117.70910464746898,41.54438987557729,30441.369283650303,639.3219997519394,720.0,281.5786424900238,53.08449817434875,1.1732692310984587,3218,7427.2137010893175,0.5207939508506616,0.16687383467992542,118.9488393,11.8292682927,0.0,0.7147575210361318,0.8942660118945951,0.6382796114479198,0.7056142558392601,0.7007020107944888,0.6300564278511831,0.6373981457988708,0.805142771275977,0.8245106728747112,0.8368018994033055,0.9318029360680242,0.14786585365875,0.1735979836168872,0.19000929476524603,0.0
1409800143407,602.9130752559389,66.99034169510432,60102.44720526805,401.9420501706259,0.0,133.98068339020864,66.99034169510432,1.0114042647073516,186,12460.203555289403,0.34782608695652173,0.0967741935483871,126.5918483,0.0,0.0,0.9581767626778523,0.9531901042626065,0.7180644204126333,0.6550375375939496,0.0,0.547578552561522,0.6739465645785946,0.6940647644909407,0.5340098782429636,0.8853719290655712,0.9916755524676896,0.0,0.11594202898550725,0.11019100929078422,0.0
1409800013411,220.00174039466734,0.0,27311.878431321682,0.0,0.0,0.0,0.0,0.0,182,2669.3544501219635,0.31386861313868614,0.04395604395604396,125.5223746,5.4794520548,0.0,0.8077548106846444,0.8848693465438868,0.0,0.0,0.0,0.0,0.0,0.0,0.5318025814306244,0.7407504551998618,0.9832976755621893,0.068493150685,0.10462287104622871,0.050050128762114454,0.0
1409800013074,90.80032954488622,18.160065908977245,9339.986050731186,36.32013181795449,20.0,27.240098863465867,0.0,0.5623351446188083,1562,14183.011474911227,0.4489795918367347,0.117797695262484,125.6285868,12.0593692022,0.0,0.6762923519613978,0.7919269170587839,0.5025212435275337,0.3952345113387223,0.3241786929076167,0.3729398694156459,0.0,0.3858961478946939,0.750759049423917,0.8975296086161402,0.9841297041922176,0.15074211502749998,0.14965986394557823,0.13412921830871388,0.0
1409800011699,44.09367203229445,3.3918209255611114,12715.081926775605,74.62006036234445,40.0,47.485492957855556,0.0,0.7924891052673698,1291,4378.840814899395,0.36037934668071653,0.1882261812548412,125.1598496,18.3585313175,0.0,0.5699207852948323,0.818646440145452,0.25182730133859055,0.4723467101636566,0.39541864552742145,0.4332803705972464,0.0,0.5438367064510908,0.7313207537535614,0.7872049220740777,0.9804577835431836,0.22948164146875,0.12012644889357217,0.2143219398366841,0.0
1412000012327,245.67142563649287,81.89047521216429,52597.19393167859,674.3921488060588,20.0,337.1960744030294,28.902520663116807,1.0523246716602581,3306,15925.288885377362,0.42315970727507535,0.18421052631578946,117.5906283,15.527230591,0.0,0.8241976851251058,0.9416357868977444,0.7517869529490259,0.711436779697923,0.3241786929076167,0.6501135563219133,0.5427431626155098,0.7221459320375898,0.8272639344673411,0.908406740147206,0.9211631937632846,0.1940903823875,0.14105323575835846,0.20974955277280857,0.0
1409800010351,102.44865181691848,47.42993139672152,26070.49166137078,147.98138595777115,780.0,37.94394511737722,24.66356432629519,1.2172815420665815,2359,4475.488326594643,0.5458715596330275,0.13988978380669775,123.8052213,4.6604527297,0.0,0.6941676621022415,0.8808399757587908,0.6603302332994578,0.5463917430486418,0.709213543422778,0.4088167882051408,0.5183256143221174,0.8353457230656167,0.7928230220135111,0.7892541059649851,0.9698461068370551,0.058255659121250004,0.18195718654434248,0.15928416349367283,0.0
1409800012803,177.0874496457685,26.127656505113386,36265.67922456524,81.28604246035275,60.0,26.127656505113386,0.0,0.627941588739906,3008,8732.443418597895,0.3506960035922766,0.1971409574468085,124.8355743,3.1141868512,0.0,0.77544925189412,0.9094306784443116,0.561698226849018,0.48157148421483187,0.4377230725854981,0.3684533990509249,0.0,0.4309178299034931,0.8176238183191584,0.8519994889228046,0.9779175260811309,0.03892733564,0.1168986678640922,0.2244726644273589,0.0
140980001110A,230.50601649775925,118.36795441776826,50504.43353373739,457.89708682662985,140.0,199.35655480887286,24.919569351109107,1.149706088402094,4582,14272.683345847741,0.48862897985705,0.1573548668703623,120.8921467,17.2619047619,0.0,0.8147031508605692,0.938118796671469,0.8138511058863234,0.6692365009864102,0.5269406107501234,0.5916702103635861,0.5199110646085195,0.7889728304749553,0.8605750435555826,0.8981212856529491,0.9470261156438733,0.21577380952374997,0.16287632661901666,0.1791706131717095,0.0
140980001263A,218.7278278885255,82.63051275788742,52309.06935935203,461.7587477646649,60.0,209.00659109347993,4.860618397522789,0.9553787872782895,2297,11164.840459109846,0.5131752305665349,0.21767522855899,118.8710834,27.6867030965,0.0,0.8068897798912802,0.9411599724358888,0.7532995870058092,0.6701515413031861,0.4377230725854981,0.5969215054517344,0.28243806381538183,0.6556179127678605,0.7901053101905582,0.8750670096557969,0.9311938239796425,0.34608378870625,0.17105841018884496,0.24785381570267823,0.0
1412000014963,162.07607565792478,135.06339638160398,42670.69880233528,135.06339638160398,0.0,108.05071710528318,0.0,0.5004024235381879,274,7401.474121711898,0.4421052631578947,0.22262773722627738,117.859326,34.2105263158,0.0,0.7622727143591724,0.9235188299829121,0.8361297915707384,0.5364877176264574,0.0,0.5237649823533971,0.0,0.3433955168700248,0.5733796542322684,0.8364760121664044,0.9232680760576234,0.42763157894750004,0.14736842105263157,0.25349294229789904,0.0
1409800011078,201.20584860262554,40.24116972052511,45352.678797350025,245.68293092531115,95.0,120.72350916157532,4.235912602160537,1.093016596793137,4885,10346.216530777112,0.5429564118761845,0.19222108495394064,117.6817696,23.9536954586,0.0,0.7944546089387996,0.9287990014275453,0.6329850513728832,0.6014568126750488,0.48600871268064083,0.536037901694971,0.26443460091511006,0.7500703065133159,0.8671104463264956,0.8679184454845523,0.9218771623184788,0.2994211932325,0.18098547062539483,0.2188706986997911,0.0
1409800012131,172.5186155489481,27.825583153056147,38452.16884864708,375.64537256625795,140.0,166.95349891833686,47.303491360195444,1.0713716534422588,6540,18197.93138209872,0.378663293274299,0.1834862385321101,123.948888,12.4254473161,0.0,0.7715602655284604,0.9145017693177965,0.5720299625226601,0.6476681197631475,0.5269406107501234,0.5719767326476963,0.6193420063404607,0.7352167083691615,0.8968898455041574,0.9209302401246705,0.9709715407098276,0.15531809145125,0.12622109775809967,0.20892484941983555,0.0
1409800012860,366.7830426424037,37.618773604349094,43955.21330219515,366.7830426424037,150.0,178.6891746206582,28.214080203261823,1.1164415860543824,2363,22223.290506769226,0.3091412742382271,0.19339822259839187,123.9964906,8.9032258065,0.0,0.8839672605310415,0.9260879177506444,0.6218042815254426,0.6450680930159185,0.5342365683685463,0.5795166368427407,0.5390228035225898,0.7661454410783393,0.7929958984313472,0.9396906447374538,0.971344442561628,0.11129032258125,0.10304709141274238,0.22021103521265908,0.0
1409800012729,52.566077844100164,0.0,5546.196291882229,291.135200367324,60.0,113.21924458729266,0.0,0.8846130628197717,2667,10784.133046939625,0.4565811032222829,0.15673040869891264,124.5857153,9.5118898623,0.0,0.5956840373231356,0.7467857256160808,0.0,0.6199230754782975,0.4377230725854981,0.5289343792981106,0.0,0.6070557328421672,0.8053453507112689,0.8718100838806793,0.975960219467858,0.11889862327875,0.1521937010740943,0.17845957985126634,0.0
1409800012733,178.49565209319232,15.707617384200923,38081.05121174882,184.20751296017445,605.0,74.254191270768,17.13558260094646,1.3182017615671136,5093,7272.626848885027,0.4551428571428571,0.17514235224818378,124.7481797,9.4493541808,0.0,0.7766278162379849,0.9136616913246307,0.4792123862479316,0.570158614042016,0.6822002537294489,0.4823553718511899,0.4628689862059906,0.9046010849661109,0.8713662465853024,0.8348274608824122,0.9772329078422667,0.11811692726,0.15171428571428572,0.19942416315915737,0.0
140980001103A,153.6023509137343,58.51518130047021,38898.44078706503,585.1518130047021,200.0,197.48873688908697,14.628795325117553,1.0329810034000233,4634,11298.306256099124,0.4360086767895879,0.19680621493310316,119.7618044,13.3617021277,0.0,0.7542881246223188,0.9155012982579303,0.6954072335905179,0.695962262369681,0.5646923247741623,0.5906246261990852,0.439107866860701,0.7088715579579872,0.8617267897752874,0.8761825687945023,0.938171415756929,0.16702127659625,0.14533622559652928,0.2240915130678357,0.0
1412000013310,218.4268767602708,90.38353521114654,51244.386045339714,738.1322042243634,100.0,308.81041197141735,45.19176760557327,1.1179862877096292,2256,16992.10461969555,0.4910773298083278,0.17109929078014185,122.1482896,14.0845070423,0.0,0.8066846913248976,0.9393787067032351,0.7683874838366087,0.721284337490754,0.49141491559492917,0.640327145407153,0.6122018504581005,0.767205475159635,0.788267533438309,0.9144939244777961,0.9568662927252902,0.17605633802875,0.1636924432694426,0.1948205699133458,0.0
1409800011044,159.04365664824235,68.60706757375159,47466.94414198761,595.6340866630252,160.0,261.9542580088697,18.71101842920498,1.0989886803976798,5696,17762.993495458595,0.49501312335958003,0.18995786516853932,119.4315295,20.830401126,0.0,0.7594640397647937,0.932745858534995,0.7220637975504699,0.6978977618148657,0.5410645048185279,0.6220213833134555,0.4761745465188136,0.75416858150102,0.8827869753795211,0.9186592242324588,0.935584159560562,0.260380014075,0.16500437445319335,0.21629370515165525,0.0
1409800011345,157.83674794705186,41.7269563538183,33888.94334080788,261.2470310847755,905.0,70.75440425212669,3.6284309872885485,0.9713804518132125,3224,5849.03075150914,0.44504504504504505,0.16563275434243177,122.6401832,7.240293809,0.0,0.7583313483602218,0.9035592412062015,0.6390083383825995,0.6081376942044564,0.7250219065030661,0.47703910578120157,0.2447365537196826,0.6665988745004156,0.8247007725578316,0.8143785185336164,0.9607196123828035,0.0905036726125,0.14834834834834834,0.18859615051691916,0.0
1409800010120,170.36725408857635,68.95817427394756,35493.405862040476,795.0471857466896,685.0,257.5790627291571,62.87362948506984,1.2294722729126726,7377,14961.89563585033,0.4544558359621451,0.15643215399213772,122.4033118,14.1801385681,0.0,0.7696934278338912,0.9075661682151341,0.7229200641440331,0.729384596148455,0.6954034388654114,0.6201483248903514,0.663970165653294,0.8437114745548225,0.9091819790915765,0.9025485320237777,0.9588640460125099,0.17725173210125,0.15148527865404837,0.17811997498389207,0.0
1409800012625,241.50921119553027,75.47162849860321,50780.46542941088,310.9431094142452,40.0,138.86779643742992,18.11319083966477,1.1918009128830294,3803,11480.744127207521,0.4849668098399063,0.20326058374967132,119.6070086,16.1830357143,0.0,0.8216512734349775,0.9385909390826861,0.7380701400629915,0.6270867103365029,0.39541864552742145,0.5515489188656016,0.4712551032305524,0.817859928798692,0.8415568199818527,0.8776863245389696,0.9369588004697195,0.20228794642875,0.16165560327996878,0.23144071834823934,0.0
1409800011379,163.94147202994594,31.936650395444016,37956.61011806021,306.59184379626254,120.0,140.52126173995367,19.16199023726641,1.1581909640998722,5648,12025.213428897852,0.47390396659707723,0.18891643059490085,121.4607867,16.2554426705,0.0,0.7639746442951978,0.913378167225965,0.5947192290981448,0.6255528378818986,0.5106525382328262,0.5528608729404078,0.47978778977759134,0.794795480683591,0.8819232282881502,0.8820360609408796,0.9514806393255157,0.20319303338125,0.1579679888656924,0.21510788564159997,0.0
140980001270A,319.03618317245,5.853874920595413,38173.386394763256,240.00887174441192,675.0,90.7350612692289,8.780812380893119,1.0686982292347016,3577,10469.655295484896,0.390746500777605,0.22113502935420742,124.1325691,11.0894941634,0.0,0.8631591568757535,0.9138714678361065,0.32757070265164495,0.5989158380509776,0.6938398377201155,0.5044625567195532,0.3642450226312077,0.7333821011722663,0.8353042913776313,0.8690318349046773,0.9724104331722294,0.1386186770425,0.130248833592535,0.2517932847655689,0.0
1409800012095,33.86505174664215,3.386505174664215,13647.32497455498,120.22093370057964,4020.0,15.239273285988968,1.6932525873321076,1.0281407799678932,2,3.386505174664215,0.0,0.0,0.0,0.0,0.0,0.5314261579177995,0.8247749966378953,0.2516211912718476,0.5238750360714994,0.8837023580540202,0.311171727759607,0.15824944914202274,0.7055500092422746,0.11215018793867818,0.138812232188068,0.0,0.0,0.0,0.0,0.0
1409800011716,32.516585072309866,3.901990208677184,16111.069051392327,67.63449695040453,2065.0,23.411941252063105,2.6013268057847894,1.0094339574709843,908,1181.0023698262944,0.5133333333333333,0.12444933920704845,124.3855881,7.0038910506,0.0,0.5255238756552862,0.8391503314822132,0.27052996624768866,0.4617628512371378,0.8127960447432906,0.3566781154801409,0.20465856150273817,0.6927126633819151,0.6954280327060336,0.6642339606380475,0.9743924941025288,0.0875486381325,0.1711111111111111,0.14170304902555694,0.0
1409800013055,189.71167276624135,59.090521025550586,45863.735778241404,111.96098720630638,20.0,68.42060329274278,3.1100274223973994,0.9912096991675409,1349,4195.426992814092,0.5916870415647921,0.10526315789473684,113.0202881,28.7671232877,0.0,0.7856974483025134,0.9297696394385113,0.6970445102303635,0.5161689049963473,0.3241786929076167,0.4733478740116468,0.2257628675692459,0.6802064717543156,0.7358035656025828,0.7831886168066066,0.8853607728043966,0.35958904109625,0.19722901385493072,0.11985688729874776,0.0
140980001338A,201.73471881387172,46.831274010363074,41899.87480612527,190.92750173455715,20.0,97.264953713831,0.0,0.9957670200108664,1028,3703.2730525117877,0.6333333333333333,0.06809338521400778,112.1646878,31.1688311688,0.0,0.7948454687437648,0.9219397517358257,0.658213437872634,0.574050409317827,0.3241786929076167,0.5121388087182142,0.0,0.683333881760588,0.7080861459996657,0.7714767846130242,0.87865830411002,0.38961038961,0.2111111111111111,0.07753388137516269,0.0
1412000013503,213.8289164806578,75.73107458689964,47456.36888721606,485.5698311748271,295.0,173.73599464053444,13.364307280041112,1.1101494882571852,3119,13894.42480214941,0.43574389682174114,0.190445655658865,120.1687893,15.4609929078,0.0,0.803515862575037,0.9327265577599918,0.7386465445516824,0.6756303485863437,0.6059056314449972,0.5763962130275787,0.42563192482729884,0.7618275599618015,0.8213218139615506,0.8955997302314324,0.9413595908327604,0.1932624113475,0.14524796560724704,0.21684912312498672,0.0
140980001224A,184.07131722097577,49.91764534806123,44972.314854287615,340.0639589336671,80.0,146.63308320992985,15.599264171269134,1.1238908878993572,2320,7238.058575468878,0.5074723846653671,0.19956896551724138,118.8935599,26.6199649737,0.0,0.7812051878739399,0.928069459431099,0.6688549547933496,0.6368322664826227,0.46791797799195844,0.557580757538681,0.44873034772935355,0.7712574404153704,0.7911219544483499,0.8343802035267635,0.9313698968931385,0.33274956217125,0.16915746155512237,0.22723729257911293,0.0
1409800013163,201.9464288095728,64.9113521173627,47871.25991557121,259.6454084694508,20.0,158.67219406466435,14.424744914969487,0.9779252266210214,2497,18009.294026339405,0.6373770491803279,0.16659991990388467,120.6285521,22.3950233281,0.0,0.79500164662323,0.9334805638074376,0.7127793913176974,0.6074687629098893,0.3241786929076167,0.566332055700048,0.437008729302017,0.6710901523644085,0.798624304088675,0.9199520142222275,0.944961209221439,0.27993779160125,0.21245901639344264,0.18969740432705293,0.0
1409800012911,100.18452436478796,3.454638771199585,26929.46246163959,55.27422033919336,0.0,24.182471398397094,3.454638771199585,0.8815322611881637,3467,11977.232619748962,0.41973791973791974,0.14479376982982406,126.0617975,3.7629350894,0.0,0.6908563090019122,0.8836479330026653,0.25424424804428514,0.4400812499419589,0.0,0.3601472216054086,0.23862348928923402,0.6049415674846541,0.8321166395331647,0.881660739632573,0.9875233228653515,0.0470366886175,0.1399126399126399,0.16486804024451343,0.0
1409800012042,2.505671287706979,0.0,1879.3304785393746,65.14745348038146,80.0,25.056712877069792,0.0,0.9632492517543757,562,1408.1872636913222,0.5067024128686327,0.21530249110320285,118.9062734,24.427480916,0.0,0.18769935124922577,0.6530724703874417,0.0,0.45773258938985695,0.46791797799195844,0.36395697708940855,0.0,0.6610189302083097,0.6465233530431072,0.680739265777301,0.9314694899341251,0.30534351145,0.16890080428954424,0.24515212090731414,0.0
1409800012555,199.37393095212582,29.176672822262315,24911.480379251734,314.4596959732716,715.0,145.88336411131158,24.31389401855193,1.0901220886500596,6843,11091.998451263391,0.3220633693972179,0.21686394856057284,124.7434026,9.672691744,0.0,0.7930927882360358,0.8769008960390169,0.5798253502698123,0.6283107957681825,0.6999610243344243,0.5570124077358747,0.5161343453761504,0.7480839829602672,0.9015124208903358,0.8744525297069673,0.9771954857385111,0.12090864679999999,0.10735445646573931,0.24693005949696709,0.0
1409800011928,46.13115151114658,4.792846910248995,12879.554033160763,221.66916959901602,5475.0,87.46945611204416,5.391952774030119,0.974172155634845,428,256.4173096983212,0.6525096525096525,0.12383177570093458,120.3990613,17.5925925926,0.0,0.5765334884441923,0.8197596608752773,0.2989475667320232,0.5902734313424196,0.9165878883438734,0.5004161335334659,0.2962999214409847,0.6685146497478637,0.6187747394161397,0.5211280014190925,0.9431634598486917,0.21990740740749998,0.21750321750321752,0.14099986624981192,0.0
1409800012377,223.83380913643754,51.93933692668716,34940.80281775708,288.1396548551931,535.0,128.61169143751107,28.442970221757257,1.101739127076093,11412,14112.659833508427,0.3816155988857939,0.15404837013669823,124.4299943,5.3149606299,0.0,0.8103271735813898,0.9062069406996262,0.6754813953618186,0.6187976142040316,0.6691303611857634,0.543047482263518,0.5402693748498602,0.7560560444994581,0.9537159528055605,0.8970627867446919,0.9747403564926381,0.06643700787375,0.12720519962859797,0.1754057023112852,0.0
1409800012362,301.1846123660487,52.58778946073867,50459.6838832314,793.5975500438744,140.0,458.94798074826474,47.807081327944246,1.024517890149255,8837,42247.11776950433,0.4310931174089069,0.14937195880955076,123.7324969,12.0139968896,0.0,0.8545707213094891,0.9380420110390615,0.6775532991472945,0.7291855663376944,0.5269406107501234,0.6844395660399412,0.6209986257405032,0.7030638419830558,0.9276139725142315,1.0,0.9692764097316224,0.15017496112,0.14369770580296895,0.1700809513099804,0.0
1409800012358,198.53666770268535,33.089444617114225,49731.99033048795,764.3661706553386,310.0,301.11394601573943,33.089444617114225,1.1467952297505084,6027,19943.008270734743,0.4533397636845913,0.16309938609590177,121.7484618,7.5747931254,0.0,0.7924662281948214,0.9367837179657396,0.6005738252317719,0.7250927903364276,0.6111692726502094,0.6375188533708727,0.5636745879404346,0.7869752865699335,0.8885521982548739,0.9295269141620873,0.9537341838274306,0.0946849140675,0.15111325456153044,0.18571155500901873,0.0
140980001256A,350.73338136425014,21.386181790503056,41576.82992636283,106.93090895251528,0.0,42.77236358100611,4.277236358100612,0.9640681217905833,2982,12754.718819856023,0.3080298376480913,0.2119382964453387,124.4973116,7.8350515464,0.0,0.8772905868608674,0.921269318905231,0.5290043895914431,0.5111949440784579,0.0,0.42186447483036826,0.2656902766504678,0.6615808705309497,0.8167379078830962,0.8875650482754319,0.9752676962981992,0.09793814433,0.10267661254936376,0.24132151285770678,0.0
1409800012381,58.93787648594459,11.866686540794213,17618.389948533724,72.78234411687117,10350.0,13.053355194873633,5.933343270397106,1.0373323718628409,1674,662.1611089763171,0.3349282296650718,0.1774193548387097,122.9078342,10.6060606061,0.0,0.6125019011113759,0.8468971942086291,0.4347566289911531,0.46966028282966893,0.9843841502149403,0.29503266955801943,0.3092860946420725,0.7118576354669967,0.7578238517690756,0.6099733141530219,0.9628162952013095,0.13257575757625,0.1116427432216906,0.20201685036643777,0.0
1409800012790,50.577454151694944,18.063376482748197,17955.910618864636,180.63376482748194,385.0,50.577454151694944,28.90140237239711,1.2549952798519222,3271,11817.060895013869,0.3115477145148356,0.20421889330479975,125.0524229,3.2520325203,0.0,0.5900231464155484,0.8485408791070365,0.5016602570068974,0.5680310050888151,0.6341735405462119,0.44018157325025425,0.5427371890539665,0.861226350078426,0.8261777644660648,0.8803968479451062,0.9796162409517537,0.04065040650375,0.10384923817161186,0.23253188835152958,0.0
1409800012220,107.23496787409555,31.620567450053816,22152.132203358346,96.23650963059856,190.0,49.493062095736406,0.0,0.9577420405291135,3373,4637.224956914414,0.5037895675434686,0.17225022235398754,119.8312144,17.5824175824,0.0,0.7009355178242471,0.8667321579321177,0.5930781475805235,0.49980099895178476,0.5592585272489431,0.43780949992126034,0.0,0.6572396686455068,0.8293114793921632,0.7925863571474474,0.9387151490306043,0.21978021978,0.16792985584782286,0.19613106713472822,0.0
1409800012697,264.21534295174274,21.25870575473792,34304.60744587628,162.47725112549696,490.0,60.739159299251206,22.7771847372192,1.3339361111691295,2939,4462.809729512483,0.4082414949688548,0.1966655324940456,125.0799764,8.9552238806,0.0,0.8350439602395348,0.9046152263408512,0.5280325284090318,0.5565307588773241,0.6597931856680861,0.46025710159658956,0.5061311362488946,0.9153986048422024,0.8152556631979915,0.7889878212381487,0.9798320852790297,0.11194029850750001,0.1360804983229516,0.22393132635502686,0.0
1409800012748,50.05986821085185,7.904189717502924,16529.372906614473,30.299393917094545,1335.0,7.904189717502924,0.0,1.08501115745815,504,663.9519362702456,0.610223642172524,0.17063492063492064,121.5580532,14.6341463415,0.0,0.5885139568833473,0.8413705664916697,0.3721089191625779,0.37602339785893596,0.7663780553783078,0.2440897790469095,0.0,0.7445766640989329,0.6354247125023799,0.6102265036519025,0.9522425905207895,0.18292682926874998,0.20340788072417468,0.1942918192918193,0.0
1409800012856,189.31323792498483,37.48776988613561,29989.801945917858,303.6509360776984,2140.0,108.71453266979327,18.743884943067805,1.1412360743677892,4573,8571.578584464907,0.3347927612375949,0.19177782637218457,122.7899372,11.4345114345,0.0,0.7853845040052144,0.8929714549308282,0.6212260003637744,0.624503794638422,0.8165929525307019,0.524442461889623,0.47644065643173694,0.7831603789151868,0.8603743770056518,0.8502540561095986,0.961892732000524,0.14293139293124998,0.1115975870791983,0.21836598655795256,0.0
1409800012907,86.61592060955313,28.87197353651771,28406.267307343893,28.87197353651771,0.0,0.0,0.0,0.0,11,317.5917089016948,0.5714285714285714,0.0,0.0,25.0,0.0,0.6693114096165571,0.8882724975923746,0.5780982474963026,0.37092639502835784,0.0,0.0,0.0,0.0,0.25366796881696396,0.5411454200021846,0.0,0.3125,0.19047619047619047,0.0,0.0
1409800012983,99.74774841936433,9.499785563748985,15507.570858008978,18.99957112749797,20.0,4.749892781874492,0.0,0.5623351446188083,1137,5400.628092991297,0.43742098609355246,0.1284080914687775,125.4800418,9.9476439791,0.0,0.6902089926148001,0.8358434090712217,0.4001606833738937,0.3271163257688764,0.3241786929076167,0.19526776773852308,0.0,0.3858961478946939,0.7183644108637423,0.8068915077322428,0.982966055450853,0.12434554973875,0.1458069953645175,0.1462106444004953,0.0
1409800012343,155.63098239894944,66.28727028103403,35811.780386257895,559.1187145443739,955.0,184.45153469505118,17.29233137766105,1.071609457790792,4266,12294.847609517006,0.3864153396165096,0.15564932020628222,122.7946552,13.2412672624,0.0,0.7562388051699528,0.9083396922995284,0.716295437399796,0.6910015305863871,0.7307418274959394,0.5830403613675863,0.4642436004306769,0.7353798989200807,0.8532819123229587,0.8841177656636664,0.9619296911358821,0.16551584077999998,0.1288051132055032,0.17722860878586516,0.0
1412000011687,198.66422981521197,62.082571817253736,50809.23618086482,732.5743474435941,180.0,329.0376306314448,27.937157317764182,1.1443812098170676,4894,15191.60532368199,0.46883468834688347,0.1845116469145893,120.0899251,14.768683274,0.0,0.7925618579741888,0.9386400026280644,0.7053141158551752,0.7204601509463275,0.5535324528401375,0.6473875536222351,0.5375015154326502,0.7853186926291665,0.8672983109134118,0.9039789004932084,0.9407417967160367,0.184608540925,0.15627822944896116,0.21009242086070856,0.0
1409800012574,183.59409981442147,52.45545708983471,21487.03496193617,110.61259429812971,255.0,26.227728544917355,10.26302421322853,1.1001336591340396,10673,12170.806380865344,0.28566265060240964,0.2297385927105781,126.0886592,6.8257491676,0.0,0.780818847016523,0.8640916446192688,0.6771325208982305,0.5148576252924093,0.5904467490922419,0.36886445072434343,0.38678291911504953,0.7549543102394968,0.9468822608879025,0.8831658374180669,0.9877337478772733,0.08532186459499999,0.09522088353413655,0.2615896498395044,0.0
1410100092228,27.681290397889224,7.908940113682636,6933.208930042014,7.908940113682636,0.0,3.954470056841318,0.0,0.6931471805599453,2699,10673.114683414717,0.43563829787234043,0.1841422749166358,123.8146055,5.0715214564,0.0,0.502211445956793,0.7661178788691365,0.3721996878066434,0.2388152689040655,0.0,0.17864649801879343,0.0,0.4756644315437017,0.8065624560417255,0.8708386551000366,0.9699196193249794,0.063394018205,0.1452127659574468,0.2096718389703733,0.0
1410100312317,192.30499785253784,18.141980929484703,39985.50165580431,174.16301692305314,40.0,88.89570655447504,9.070990464742351,1.0861590779885548,7085,12853.593488539911,0.6120591581342435,0.14537755822159493,121.4325136,28.0174503151,0.0,0.7877184953825684,0.9178888219041772,0.502360533746372,0.5640699261449404,0.39541864552742145,0.502201472848283,0.3689148828835664,0.7453644116103795,0.9050596847564584,0.888289983308951,0.951259157907565,0.35021812893875,0.20401971937808117,0.165532765309562,0.0
1410100011821,36.27510957478805,36.27510957478805,16191.594633799601,0.0,0.0,0.0,0.0,0.0,279,10120.755571365866,0.41624365482233505,0.22580645161290322,125.283188,1.3333333333,0.0,0.5414278838245631,0.839582184039093,0.615777637510241,0.0,0.0,0.0,0.0,0.0,0.5752190463447937,0.8658501163719003,0.9814239727378513,0.01666666666625,0.13874788494077836,0.2571123550118299,0.0
1410100010734,353.06140477083574,128.385965371213,62721.47229849505,744.6385991530354,20.0,365.90000130795704,38.5157896113639,1.1046262806385172,3003,19277.152700487633,0.4293193717277487,0.19846819846819846,119.6903394,16.0283687943,0.0,0.8782777147381021,0.9568848232662351,0.8275660097539328,0.7222413466789895,0.3241786929076167,0.6592076380941565,0.5872682660630819,0.7580373210545188,0.817454046950684,0.9263389237256088,0.9376115843435415,0.20035460992875,0.1431064572425829,0.22598391471378948,0.0
1410100010965,211.80871520511792,77.75256634111923,47187.98598883054,214.4898381823979,60.0,128.69390290943875,10.724491909119894,1.0973949271849934,5031,13488.729698695548,0.4732824427480916,0.20910355794076724,118.3414485,18.6106346484,0.0,0.8021020725889813,0.9322352902359095,0.7430720001134221,0.5866947465023574,0.4377230725854981,0.5431182680898532,0.3931967263417009,0.7530748863419038,0.8701161466218921,0.8928178200218142,0.9270448523901055,0.23263293310500002,0.15776081424936386,0.23809376498980026,0.0
1410100011361,286.9005108749753,101.25900383822656,56130.30481547112,545.6735206837765,100.0,191.2670072499835,50.62950191911328,1.2705386112525252,3867,21753.809324579008,0.3990593342981187,0.1921386087406258,121.5225718,10.3189493433,0.0,0.8473249260814346,0.9472673473848494,0.7875234634338987,0.6883484242606459,0.49141491559492917,0.5870693919311845,0.6299781319794865,0.8718927858691489,0.8432600252942021,0.9376861029453784,0.951964641842262,0.12898686679125,0.1330197780993729,0.21877678794885208,0.0
1412000016531,118.61659614499506,42.01004446801908,37295.61969626731,605.4388761567456,195.0,353.37860934863113,27.1829699498947,1.011852706046552,4726,11678.792362109305,0.4938349668036674,0.16504443504020314,119.0460639,13.9674378749,0.0,0.7158970798123372,0.9118564240424911,0.6401321697927934,0.6996776316724037,0.5620100840923147,0.6553313241390546,0.5332833498655006,0.6943725022999861,0.8637331953219515,0.879291937844471,0.932564559033588,0.17459297343625,0.16461165560122246,0.18792626637404167,0.0
1410100011056,146.90995430648312,78.14359271621443,40676.71494182218,515.7477119270152,235.0,196.92185364486036,40.6346682124315,1.1665993712432146,3521,11005.74359815164,0.4495677233429395,0.1823345640443056,120.5267153,11.6666666667,0.0,0.7476663798766398,0.9193734160112939,0.743914910904986,0.6822010794175859,0.581785120343782,0.5903053442087273,0.5956112636854392,0.8005656552095769,0.8336939267106511,0.8737196624743431,0.944163455920119,0.14583333333374998,0.14985590778097982,0.2076135062865841,0.0
141010009211A,23.80123634577685,5.9503090864442125,2607.299902062418,23.80123634577685,0.0,0.0,11.900618172888425,0.6931471805599453,1398,8318.532102849009,0.3993993993993994,0.16952789699570817,125.2158049,4.7146401985,0.0,0.4804617857345119,0.6814201190634412,0.3299484926356209,0.3506131750904375,0.0,0.0,0.40846586779504707,0.4756644315437017,0.7394431591784258,0.8474410178593281,0.9808961174784737,0.058933002481249996,0.13313313313313313,0.19303131741997898,0.0
1410100010984,155.42693574578348,40.295872230388305,37389.14768826391,679.2732747408314,300.0,250.41006314598448,48.93070199404294,1.2977831273870781,3770,10851.102736325995,0.4912974683544304,0.18620689655172415,118.1476062,19.8521647307,0.0,0.7560437453632208,0.9120733762732763,0.6332106334838544,0.7122231039956952,0.6076892464255852,0.6170096090306371,0.6246341193782536,0.8905890276534066,0.8406673739560696,0.8723912558472507,0.9255263606979031,0.24815205913375,0.16376582278481014,0.21202270063537104,0.0
141010026122A,95.03319854402922,0.0,14721.943740207103,0.0,0.0,0.0,0.0,0.0,24,760.2655883522337,0.5,0.16666666666666666,0.0,0.0,0.0,0.6830376041277572,0.8313402188023432,0.0,0.0,0.0,0.0,0.0,0.0,0.3285941113474052,0.6229261124161863,0.0,0.0,0.16666666666666666,0.18977340488968394,0.0
141010001097A,165.03568237454297,44.20598635032401,36155.8760970068,943.0610421402455,1290.0,447.9539950166166,47.15305210701228,1.2087226528694581,1694,4992.329391829925,0.4528301886792453,0.18417945690672963,120.6004214,19.6506550218,0.0,0.7649640338608727,0.9091680140850497,0.6486065763657672,0.7480058595909238,0.7627297581925542,0.6817388118548809,0.618843766878952,0.8294722819281856,0.7590355395892642,0.7995123713384327,0.9447408433144836,0.24563318777249998,0.1509433962264151,0.2097141758875374,0.0
1410100312321,28.829395929334567,1.25345199692759,12992.7682134648,15.041423963131079,20.0,5.640533986174154,2.50690399385518,1.3862943611198906,964,604.1638625190983,0.6093489148580968,0.17634854771784234,116.5138541,15.0793650794,0.0,0.5080845177539052,0.8205177156031616,0.13826745717722266,0.3030348709475544,0.3241786929076167,0.21134428395579627,0.20041481678843348,0.9513288630874034,0.701530891337654,0.6013810707137056,0.9127281273351728,0.1884920634925,0.20311630495269895,0.20079758608659506,0.0
1410100012548,0.0,0.0,12834.938469175338,0.0,0.0,0.0,0.0,0.0,29,2900.0,0.45,0.20689655172413793,0.0,25.0,0.0,0.0,0.8194590940571188,0.0,0.0,0.0,0.0,0.0,0.0,0.3472061340515237,0.7485283012259966,0.0,0.3125,0.15,0.2355807784837456,0.0
1410100010556,74.2994708167278,18.912592571530716,20938.044772135683,45.930581959431734,235.0,18.912592571530716,1.3508994693950511,1.1163371483985807,2174,2936.855446464841,0.5097222222222222,0.1812327506899724,116.5085733,26.9516728625,0.0,0.646643273308829,0.8618497684050618,0.5090773934670043,0.42025506045970396,0.581785120343782,0.3339360657325364,0.1365343103831113,0.766073771915466,0.7844896442757535,0.7497135417306151,0.9126867594246177,0.33689591078125003,0.1699074074074074,0.2063589370557557,0.0
1410100011728,274.05190448022967,0.0,91162.09147042727,479.59083284040196,0.0,274.05190448022967,0.0,0.9556998911125343,144,9865.86856128827,0.6744186046511628,0.2777777777777778,111.9731113,46.6666666667,0.0,0.8404933216595258,0.9892759931898212,0.0,0.6742802432120952,0.0,0.6270426421099342,0.0,0.6558382666509408,0.5080424006633727,0.8634556149132474,0.8771575618898171,0.58333333333375,0.22480620155038758,0.31628900814947325,0.0
1410100010518,133.31721801995806,49.99395675748428,34463.63703961956,108.32023964121592,0.0,49.99395675748428,8.332326126247379,1.2778103686748012,2418,10073.78228663308,0.5207547169811321,0.18982630272952852,118.0398362,22.4778761062,0.0,0.7332416679498639,0.9050158569253189,0.6691098209481796,0.5125915754526661,0.0,0.4389114582926754,0.3567477180990031,0.8768829473494226,0.7953437303391612,0.8654133979124671,0.9246821288162721,0.2809734513275,0.17358490566037735,0.2161439028396152,0.0
1410100010378,169.25322830001653,96.7161304571523,56853.65586784635,1257.30969594298,80.0,614.1474284029172,43.522258705718535,1.0485302875788962,4896,23676.108735910882,0.5223880597014925,0.16727941176470587,119.3534187,19.3923145666,0.0,0.7687175042178983,0.9483765132968123,0.7797899721451484,0.7793812390756393,0.46791797799195844,0.7168969366506227,0.6063219275626017,0.7195420787756297,0.8673400116902725,0.9456357179126987,0.9349722673117016,0.2424039320825,0.17412935323383083,0.19047110123119013,0.0
1410100011408,335.56859485202807,98.2151984932765,43492.90260065757,294.6455954798295,0.0,130.95359799103534,8.184599874439709,0.9748428060696639,3218,26338.04239594698,0.34251147267417603,0.18769422001243008,123.8024554,10.0,0.0,0.8706959556227593,0.925172027263302,0.7823809348445799,0.6212273772913713,0.0,0.5450465467792295,0.35419909099553654,0.6689748760414843,0.8245106728747112,0.9556385799130456,0.9698244397593766,0.125,0.11417049089139202,0.2137162272592339,0.0
1410100011075,235.49760489817658,21.8053337868682,45680.88134729541,728.2981484813979,195.0,283.4693392292866,39.249600816362765,1.1310141254532198,6428,28032.93711639776,0.40165721761883993,0.16537025513378967,122.5612308,14.2695995488,0.0,0.817895195581231,0.9294235967234621,0.5321613804649876,0.7198217625390964,0.5620100840923147,0.6308008673873734,0.5902072038409095,0.776145681811767,0.8951267558757798,0.9614935823697398,0.9601011273386235,0.17836999436,0.13388573920627997,0.18829725830529,0.0
1410100010749,196.37199197764755,75.79269865803941,47108.093616419595,516.7683999411778,20.0,261.8293226368634,27.56098133019615,1.1498557927365283,4806,16557.259534115336,0.5286259541984732,0.1762380357885976,118.4476933,21.6681776972,0.0,0.7908340426633594,0.9320885096832383,0.7387831666696345,0.682416550117654,0.3241786929076167,0.6219683310207571,0.5354114890132792,0.7890755633852742,0.8654464052453514,0.9120601772708442,0.9278771363969488,0.270852221215,0.17620865139949107,0.20067175273603285,0.0
1410100010541,307.9926087806041,162.8466667115838,55351.066265275236,477.91956534921326,80.0,230.1094203533249,3.540144928512691,1.0842178584336595,3752,13282.623771779616,0.45765345765345766,0.20868869936034115,120.2808286,18.4269662921,0.0,0.8579044716072967,0.9460563774660394,0.8677515175947886,0.6738998532527304,0.46791797799195844,0.6076107068484567,0.24166037216903757,0.7440322715945535,0.8401789352235914,0.8913723035261126,0.9422372668934046,0.23033707865125003,0.15255115255115256,0.2376213902376693,0.0
1410100011997,229.7816070757966,61.13455601099175,41850.244446313605,392.10439372567123,395.0,170.75513920311488,27.405145798030784,1.1963370543840723,4534,9558.071619097815,0.4257861635220126,0.2051168945743273,121.6706806,11.2903225806,0.0,0.814234191591359,0.9218370878697516,0.7027371635631775,0.6523385077824697,0.6368969453854528,0.5744753992719887,0.5345375941784786,0.8209728047202998,0.8595002347638594,0.8604802148685842,0.9531248735478396,0.1411290322575,0.1419287211740042,0.2335543889026106,0.0
1412000014338,130.75182845871348,51.50829605949319,40221.426137105685,194.14665437808972,20.0,126.78965183875248,7.92435323992203,0.9772198641901074,4064,16102.285783521564,0.5478095238095239,0.17396653543307086,118.3815292,24.2990654206,0.0,0.7303560729701961,0.9183984079133038,0.6740900649722492,0.5758667183119143,0.3241786929076167,0.5414670349942421,0.34960785122149923,0.6706061053551399,0.848331142142363,0.9094443776703595,0.9273588303503736,0.30373831775750004,0.18260317460317463,0.19808533059597425,0.0
1410100010151,109.6708616672417,33.945742897003385,33216.62445928016,211.50809035825185,60.0,107.0596506751645,10.444843968308733,1.1832390829489083,3288,8585.661741949778,0.48664554096876417,0.18400243309002434,119.0161134,22.0430107527,0.0,0.7042658065952406,0.9018235027504264,0.6047958723601264,0.585173258276017,0.4377230725854981,0.5227458021635878,0.3893408115680338,0.8119844696136779,0.8267067763207744,0.8504081654068957,0.9323299374601373,0.27553763440875,0.1622151803229214,0.20951260941288102,0.0
1410100011338,114.58700019993077,11.458700019993078,25734.048630946007,401.0545006997577,470.0,177.6098503098927,34.37610005997923,1.0284332164664836,1984,11367.030419833132,0.47181008902077154,0.15524193548387097,122.8633196,13.0653266332,0.0,0.710769375372697,0.8797148553657108,0.42927293077760803,0.6547967516940855,0.6553651328784742,0.5788440731779922,0.5695922584960589,0.7057506904897296,0.7751582169899878,0.8767518633927971,0.9624675836441224,0.163316582915,0.15727002967359052,0.17676474407063303,0.0
1410100010486,192.9191416708595,93.01458616273582,43434.719768500625,799.2364440649893,240.0,392.7282526871068,44.78480074502095,1.1775267036591133,3541,12198.69072600917,0.44001626677511185,0.1996611126800339,120.2257818,21.3785046729,0.0,0.7881931426344723,0.9250560713036041,0.7732180643666174,0.7299577357317221,0.5840174730629561,0.6670858173886185,0.6107883596991102,0.8080644137816,0.8342719775209816,0.8833806724965084,0.9418060498242594,0.26723130841125,0.14667208892503728,0.2273422150641173,0.0
1410100012251,114.97995229191753,9.581662690993127,36356.819762381325,62.28080749145533,20.0,33.535819418475945,0.0,0.8981370031878679,267,1279.1519692475824,0.5,0.1760299625468165,110.8969886,32.9268292683,0.0,0.7112772147669075,0.9096480960010251,0.40148261982284594,0.45289478500018776,0.3241786929076167,0.39540663375053176,0.0,0.6163363843226,0.5707475212999561,0.6717230708872469,0.8687275990811809,0.41158536585374994,0.16666666666666666,0.20043483213067745,0.0
141010026186A,159.75494973272376,104.66703603178452,51998.916953897424,27.543956850469613,0.0,16.52637411028177,0.0,0.6730116670092565,343,1889.5154399422154,0.5662100456621004,0.14868804664723032,120.5194074,14.0,0.0,0.7601275991104693,0.9406448428539129,0.7931027663634835,0.36596070742108994,0.0,0.31968651345965815,0.0,0.46184666256829926,0.5962331445891768,0.7083261299065052,0.9441062084285372,0.175,0.1887366818873668,0.16930222127184633,0.0
1410100012482,0.0,0.0,18284.42121535664,200.0,0.0,200.0,0.0,0.0,56,5600.0,0.41025641025641024,0.21428571428571427,0.0,10.0,0.0,0.0,0.8501112820125517,0.0,0.5790938159844544,0.0,0.5920281479667925,0.0,0.0,0.4127288254558535,0.8102943501153741,0.0,0.125,0.13675213675213674,0.24399437771530794,0.0
1410100010537,140.86341582521115,13.357737707563127,36037.53785986996,128.7200179092447,510.0,53.430950830252506,4.857359166386591,1.2029693156525318,2884,3502.1559589647327,0.41534246575342465,0.18134535367545077,118.1461602,13.6425648022,0.0,0.7414207774046072,0.9088840379665962,0.4534167686246185,0.5312744795938517,0.6640444219398804,0.4461928642090504,0.2823492110794441,0.825524119180762,0.8133278488189285,0.7662358573518483,0.92551503324777,0.17053206002750002,0.1384474885844749,0.20648715136748552,0.0
1410100010522,81.36238000682773,4.282230526675144,22724.16809213901,77.08014948015258,0.0,47.104535793426585,0.0,0.9157817653347435,3217,4591.978534771312,0.522479886417416,0.20516008703761268,116.6770267,29.2207792208,0.0,0.6600588924568721,0.8689405508380867,0.2832438584192525,0.47584250386734256,0.0,0.43239978443547444,0.0,0.6284449032514908,0.8244789551487034,0.7916660004858626,0.9140063634967076,0.36525974026,0.17415996213913867,0.23360356958755002,0.0
1410100010503,330.47656552204063,204.1178787047898,58426.301130668195,612.3536361143694,60.0,301.3168685642135,0.0,1.0144651764767896,3143,15274.821256408437,0.4373284537968893,0.2010817690104995,120.506991,17.2680412371,0.0,0.8684147920360568,0.9507400498239383,0.9059837814084402,0.7009156529907177,0.4377230725854981,0.6375938099022683,0.0,0.6961652806549666,0.8221040668340426,0.9044917433390951,0.9440089427633698,0.21585051546375,0.14577615126562976,0.22895983179818055,0.0
141010026154A,32.13025516685074,16.06512758342537,10154.223666317786,16.06512758342537,0.0,0.0,0.0,0.0,24,192.7815310011044,0.4117647058823529,0.25,0.0,20.0,0.0,0.5237890870007027,0.7991666010917413,0.4828155544675686,0.30978996019775756,0.0,0.0,0.0,0.0,0.3285941113474052,0.4944677117442822,0.0,0.25,0.1372549019607843,0.28466010733452596,0.0
1410100010842,213.68475356705218,21.916384981236124,50999.85622455561,476.68137334188566,0.0,208.20565732174316,27.395481226545154,0.9642543030132673,2348,12864.917983985604,0.4264884568651276,0.15502555366269166,122.2014111,7.756232687,0.0,0.8034154149849061,0.9389643720599552,0.5329880801642591,0.6736171767159929,0.0,0.5964949368103557,0.5344832393947069,0.6617086352942436,0.7923460967443829,0.8883726567572928,0.9572824276784317,0.0969529085875,0.14216281895504254,0.17651836298086448,0.0
1410100091681,223.95711429351886,54.47605482815324,52174.140133062996,81.71408224222985,40.0,48.42315984724732,6.052894980905915,1.0980560910559418,1960,5931.837081287797,0.49049429657794674,0.2209183673469388,117.7386567,21.2058212058,0.0,0.8104092150657753,0.9409362459511419,0.6834467798444991,0.4821380275848893,0.39541864552742145,0.4354186602682077,0.31201679310083985,0.7535286025881097,0.7739164358349258,0.8156981311016931,0.9223227956438341,0.2650727650725,0.16349809885931557,0.2515465846445913,0.0
1410100012054,305.9968564139611,77.64099341846774,45530.5274061866,488.68154681035577,190.0,132.44640053738615,27.402703559459205,1.227022000230608,3082,14075.85539504221,0.3480735551663748,0.21382219338092148,123.7880327,12.1951219512,0.0,0.8569348599395433,0.9291380202219561,0.7428307218689743,0.676326449235364,0.5592585272489431,0.5463023794738868,0.5345238604633847,0.84203000257437,0.8201039728172587,0.8968176410937019,0.9697114574529908,0.15243902439,0.11602451838879159,0.24346659407326748,0.0
141010001040A,126.11183887601689,52.54659953167371,34277.46579338912,486.0560456679818,1165.0,155.01246861843742,39.40994964875528,1.2651490877022613,2761,7254.058065347555,0.4796355841371919,0.18471568272365085,121.0637539,15.5072463768,0.0,0.7249912503342704,0.9045466650510507,0.6774224386976633,0.6757394092545085,0.751886114184918,0.5637436029927205,0.5908422698554586,0.8681942861453864,0.8088800865350196,0.8345874758542337,0.948370425464393,0.19384057971,0.15987852804573063,0.21032474428193876,0.0
1410100011573,123.93921238034508,35.711298482472316,34736.31007003165,380.22029560749934,200.0,195.3618093452897,18.905981549544165,1.1470977682629944,3204,6730.529431637723,0.5300859598853869,0.19225967540574282,118.0907175,21.2841854935,0.0,0.7224115440593167,0.9056984974453185,0.6131838385059137,0.6489864650176427,0.5646923247741623,0.5894219467026142,0.47774665562458324,0.7871829002104384,0.8240657254066854,0.827555807410641,0.9250807148387165,0.26605231866875,0.17669531996179563,0.21891463934839947,0.0
1410100091944,282.96463001620253,0.0,30945.54765120752,141.48231500810127,20.0,35.37057875202532,35.37057875202532,1.3862943611198906,100,3537.0578752025317,0.5151515151515151,0.17,118.5872318,12.5,0.0,0.8452651589567686,0.8956888973711664,0.0,0.5415212702557652,0.3241786929076167,0.40118515069642413,0.5740204846331992,0.9513288630874034,0.47112765682867724,0.7671666052388001,0.9289702314179653,0.15625,0.1717171717171717,0.19356887298747766,0.0
141010001072A,123.29028719685397,33.434654155079045,33622.04677101276,340.61553920486773,180.0,144.18694604377836,10.4483294234622,1.0488694918920611,4234,8847.645355787792,0.45348438036388605,0.19036372224846482,120.0506228,15.8806544755,0.0,0.7216323258198334,0.9028743464251759,0.6022885300493378,0.6370087175475259,0.5535324528401375,0.5557155984386196,0.3893894480104479,0.7197748539081325,0.8525134607970914,0.8532298208450083,0.9404339164647476,0.19850818094375,0.15116146012129536,0.21675583043139152,0.0
1410100012069,313.91723493080576,64.06474182261343,56119.786747060556,416.4208218469873,0.0,160.16185455653357,0.0,1.0733942812811266,2806,17976.56655542533,0.5406593406593406,0.18638631503920172,118.5214858,23.197492163,0.0,0.8607464129702103,0.9472511140593879,0.710579284336283,0.6588923491129673,0.0,0.5673687142243877,0.0,0.7366047139012943,0.810529882728229,0.9197812553414307,0.9284552006182093,0.2899686520375,0.18021978021978022,0.2122269937789837,0.0
1410100011107,203.21537550018195,23.907691235315525,19410.786893316104,310.7999860591018,40.0,197.23845269135307,5.976922808828881,0.8060634036323981,4487,26818.45264321519,0.3062590975254731,0.19723646088700691,123.2181702,7.4909090909,0.0,0.7959343438779477,0.8552893226984418,0.5471684931890658,0.6270365988725158,0.39541864552742145,0.5904837728179844,0.31028691678416137,0.5531519155387046,0.8584367374990705,0.9573355655743,0.9652473571407899,0.09363636363625,0.10208636584182436,0.22458140850550964,0.0
1410100010861,130.9466660113992,16.3683332514249,38779.51137826892,307.7246651267881,155.0,130.9466660113992,32.7366665028498,1.2339730138058673,5456,17861.12524395485,0.41861674466978677,0.16458944281524926,122.9738495,19.1269385411,0.0,0.7305771929773559,0.915236053630999,0.4858127432989184,0.6259542499561862,0.5377052569945776,0.545040682114251,0.5620130244950353,0.8468000572087367,0.8783932471866361,0.919176436584496,0.963333435601564,0.23908673176375,0.13953891488992892,0.1874081938316747,0.0
1410100011323,217.34707908479606,18.11225659039967,47168.73767989862,389.41351669359295,0.0,253.5715922655954,0.0,0.7321645598907872,3112,28182.67125466189,0.43674976915974145,0.16452442159383032,122.6687519,10.372960373,0.0,0.8059465214910663,0.9321999494279669,0.5020960621820022,0.6515884772268287,0.0,0.6184046720318944,0.0,0.5024396678574918,0.8210925231536663,0.9619937047073664,0.9609434094261063,0.1296620046625,0.14558325638658048,0.18733415804020215,0.0
1410100011569,185.76356476490977,48.349420966209394,42657.181864703976,185.76356476490977,120.0,114.51178649891698,5.089412733285199,1.0102979505613512,2346,5969.881136143538,0.5243664717348928,0.21099744245524296,116.5530906,27.6816608997,0.0,0.782567196027185,0.9234913862540111,0.6635310344355027,0.5710722006772148,0.5106525382328262,0.5301905692332899,0.28855505143558363,0.6933055688913267,0.7922591431613271,0.8162982432297656,0.9130354921326453,0.34602076124625,0.17478882391163095,0.24025021846647968,0.0
1410100272355,153.88298424406204,27.97872440801128,40303.4475873809,160.87766534606487,100.0,55.95744881602256,10.49202165300423,1.2563025518248028,1148,4014.946952549619,0.5597826086956522,0.19337979094076654,116.9002714,26.5372168285,0.0,0.7545594948752146,0.918574870524194,0.5729316982031952,0.5554570513799325,0.49141491559492917,0.4512578617595008,0.3899978812990419,0.8621234507192321,0.7193464197514152,0.7790614011891445,0.9157551831417398,0.33171521035625,0.18659420289855075,0.22019004818210716,0.0
1412000011899,143.95553975880628,44.29401223347885,46892.6046151645,716.0865311079082,0.0,328.5139240649682,18.45583843061619,1.0492422607724017,4473,16510.59306002924,0.421939586645469,0.18935837245696402,121.218666,10.6227106227,0.0,0.7446472561870617,0.9316913624926958,0.6489376374975206,0.7179778852285383,0.0,0.6472102714287875,0.47409320977950786,0.7200306623461342,0.8581177974929918,0.9117952053941882,0.9495839518044729,0.13278388278375,0.140646528881823,0.21561109851316207,0.0
1410100092410,226.71947476352784,45.34389495270557,42046.90226346219,96.35577677449933,0.0,73.68382929814655,0.0,0.6779087256441981,3299,18698.68868112196,0.553201506591337,0.13670809336162473,122.5549334,18.5742971888,0.0,0.8122354668436129,0.922243176108094,0.6528373345286347,0.49993485178817443,0.0,0.4815060610676298,0.0,0.4652072138006421,0.8270476230492323,0.9234786577008205,0.9600517957449389,0.23217871486,0.18440050219711235,0.15566136211927395,0.0
1410100010791,259.6756345282873,60.91156859305504,56273.077749680226,500.11603686929396,175.0,256.4697624970738,9.617616093640269,1.0668555604966106,5486,17587.41396323684,0.43687794656888423,0.19157856361647832,119.784649,18.5341789993,0.0,0.8324604750677324,0.9474873992002733,0.7021253151112609,0.6788469304804889,0.550549643662534,0.6196683873368976,0.37735732585629,0.7321175905424757,0.8789529169017287,0.917726646099022,0.9383503722350128,0.23167723749125,0.14562598218962808,0.2181390979282441,0.0
141010027236A,80.53216272657865,13.422027121096441,23701.88792949996,127.50925765041619,0.0,67.1101356054822,6.711013560548221,1.0156378226755116,868,5825.159770555855,0.536283185840708,0.12672811059907835,122.8225736,18.1481481481,0.0,0.6585429108380729,0.8725894686720974,0.4541770934754705,0.5302505073399327,0.0,0.4712203942423434,0.32626627263064445,0.6969699958773042,0.6908340741975049,0.8139946376708473,0.962148393960083,0.22685185185124998,0.17876106194690267,0.14429775026174127,0.0
1410100092143,282.13257617624873,64.12104004005653,48173.01578984616,294.9567841842601,20.0,121.82997607610741,25.648416016022612,0.9844393031679517,1965,12599.784367871109,0.5162037037037037,0.1460559796437659,123.3094861,8.547008547,0.0,0.8448260652847938,0.9340248691262901,0.7107264740143203,0.6213422524907282,0.3241786929076167,0.5370480689658567,0.5243405264425863,0.6755603638932567,0.7741763888664995,0.8864177117821324,0.9659626934503364,0.10683760683750002,0.17206790123456792,0.16630524336897495,0.0
1410100010448,149.64522464107003,34.53351337870847,37827.319410926284,385.62423272891124,100.0,169.78977411198332,14.388963907795196,1.1126756430865377,2340,6734.035108848151,0.5244299674267101,0.19743589743589743,116.9297596,27.6978417266,0.0,0.7504082743921833,0.9130826076085655,0.6076344630075654,0.6505234742968106,0.49141491559492917,0.5738461815133596,0.4366377778483395,0.7635611052096154,0.791997837130419,0.8276046886132367,0.9159861832212788,0.3462230215825,0.1748099891422367,0.22480849502316405,0.0
1410100011130,151.33561589378473,55.928379786833496,42559.93046135096,1052.7695018698068,140.0,417.81789605457965,36.18895162677461,1.0833022836757187,3241,10662.581111125139,0.5589225589225589,0.18759642085775996,117.3334712,22.7864583333,0.0,0.752077978524564,0.9232936779071873,0.6878447346696389,0.7600105484494387,0.5269406107501234,0.6739820243675544,0.5775746570531072,0.7434039687477905,0.825237473811302,0.8707459603879545,0.9191487164281473,0.28483072916625,0.186307519640853,0.21360486918777138,0.0
1410100010950,212.627350905878,47.603138262509994,40933.69724617911,422.081159260922,290.0,149.156499889198,28.561882957505997,1.302977610443102,4244,13468.514585739495,0.4366101694915254,0.20311027332704995,120.5679878,12.4524714829,0.0,0.8026765860789702,0.9199189406689428,0.6609377973007892,0.6603631113494135,0.6040916297431806,0.5594727335129597,0.5409131726970089,0.8941536830387332,0.8527542238811839,0.8926770224051178,0.9444867700180554,0.15565589353625,0.1455367231638418,0.23126956882409175,0.0
1410100011145,45.92730531730266,6.123640708973688,21442.17518223782,125.53463453396061,375.0,27.556383190381595,6.123640708973688,1.0749095227807737,527,1613.579326814567,0.5765765765765766,0.17077798861480076,113.5820843,30.2521008403,0.0,0.5758849012304322,0.8639106148035611,0.3341405769014083,0.5285596370509427,0.6313786471617245,0.374183199603956,0.313610990166603,0.737644531283223,0.6399712925801129,0.6935133986868482,0.8897616845889293,0.37815126050375,0.1921921921921922,0.1944547222778545,0.0
1410100011431,230.85770723951177,34.201141813261,36152.46766710986,123.97913907307114,0.0,55.57685544654913,8.55028545331525,1.0198828073961346,3697,15805.20266045324,0.3144788331554607,0.22910467946984042,123.6650596,10.3277060576,0.0,0.8149302952081081,0.9091598478874305,0.6060351220548764,0.527208980784851,0.0,0.45050941399417316,0.360435294129402,0.699883068743612,0.8386718369826393,0.907696152168164,0.968748129888706,0.12909632572000002,0.1048262777184869,0.26086785059490775,0.0
141010001147A,132.38359465844704,25.30862839058546,30060.414279223798,253.08628390585463,40.0,132.38359465844704,9.73408784253287,1.1291474532604213,4908,9554.980626230266,0.46858168761220825,0.1980440097799511,119.8307676,16.9983416252,0.0,0.732197941410521,0.8931751674260153,0.5564809629448753,0.6046857142235151,0.39541864552742145,0.5462498272121808,0.3790999376981702,0.774864699082026,0.8675898592561551,0.860449851546878,0.9387116489581843,0.21247927031499997,0.1561938958707361,0.22550091632368313,0.0
1410100092618,0.0,0.0,9041.9371099703,0.0,0.0,0.0,0.0,0.0,43,4300.0,0.5769230769230769,0.16279069767441862,0.0,26.6666666667,0.0,0.0,0.7891179064018364,0.0,0.0,0.0,0.0,0.0,0.0,0.3863033237631489,0.785499515168333,0.0,0.33333333333375,0.1923076923076923,0.18536006989224946,0.0
1410100010946,94.32009305232353,47.160046526161764,21264.221491409833,1307.276489705204,750.0,573.4661657581271,66.02406513662648,1.2067672739428654,6466,12197.474433526479,0.48065033203572244,0.18589545313949893,119.1984136,20.1586252479,0.0,0.6819223269904413,0.8631887394891393,0.659379204119419,0.7836334307473884,0.7050428017226528,0.7092588665660943,0.67166024444094,0.8281304252032994,0.8957283663348516,0.8833713118117477,0.9337580124426713,0.25198281559875,0.1602167773452408,0.21166807857476042,0.0
1410100010594,144.78841559950985,24.67984356809827,31805.310364531615,62.52227037251562,0.0,41.13307261349712,1.6453229045398847,0.9496794169036828,5786,9519.838325667773,0.470828025477707,0.182336674732112,122.7486732,12.5465838509,0.0,0.7455045579235099,0.8980626650807759,0.5523641378615634,0.45331065101789997,0.0,0.41760345185321895,0.15538131716923215,0.6517067841570447,0.8843870630025338,0.8601039508111689,0.961569484488567,0.15683229813625,0.15694267515923568,0.20761590960105417,0.0
1410100011164,274.77980335829784,93.42513314182128,53492.09206491098,236.31063088813616,0.0,120.90311347765106,10.991192134331914,0.9951501262731344,3374,18542.14113061794,0.3879062114356232,0.2006520450503853,123.9338206,10.2260495156,0.0,0.8408887932733115,0.9430971903679773,0.7739596090732872,0.5972272718838818,0.0,0.5362024971569576,0.3967893715535637,0.6829105453937805,0.8293417308371424,0.9226893743793707,0.9708535080527498,0.127825618945,0.12930207047854106,0.22847053072373927,0.0
1412000013429,256.1135025574517,56.9141116794337,27076.725621359878,113.8282233588674,20.0,14.228527919858426,28.45705583971685,1.0735428464085233,773,10998.652082050563,0.2840531561461794,0.222509702457956,123.9299971,3.2110091743,0.0,0.8304016148264881,0.8841203239090467,0.6907662832198159,0.5179591321961138,0.3241786929076167,0.3039979067759134,0.540345770515927,0.736706665043638,0.6790157395882475,0.8736591538952527,0.970823556112512,0.04013761467875,0.0946843853820598,0.2533585431386208,0.0
1412000012219,193.01956272096888,61.60198810243688,44615.16914674193,390.1459246487669,115.0,197.126361927798,28.747594447803877,1.1739155003359292,3156,12961.058296752719,0.52590799031477,0.17458808618504437,119.0074631,16.8275862069,0.0,0.7882706110373283,0.9273788116108671,0.7040126419113498,0.6517931327604469,0.5061590729886817,0.5904206334110498,0.5419134591625203,0.8055862662480221,0.8225252975553069,0.8890716032360826,0.9322621740840059,0.21034482758625,0.17530266343825665,0.19879305341105677,0.0
1410100010931,151.32364934375605,57.64710451190707,32572.465197604077,1923.9721130848982,3400.0,1102.5008737902226,57.64710451190707,1.0134225731215358,3877,9312.409341360986,0.39596105301117923,0.1965437193706474,119.834009,11.8161925602,0.0,0.7520662236630807,0.9001271897147657,0.6929066964286557,0.825804593350569,0.8658712108978958,0.7821336222949051,0.6503345303799428,0.6954498058666228,0.8435236027717335,0.8580358796065608,0.9387370409338835,0.14770240700249998,0.1319870176703931,0.22379262500790173,0.0
1410100010753,274.2449368658524,85.47894136078517,52322.232556435694,591.2293444120974,20.0,259.99844663905486,32.054603010294436,1.1386744868852985,4849,17270.307777435304,0.4723067559342666,0.20210352650030936,118.835838,24.3198680956,0.0,0.8405982991341419,0.9411817674623559,0.7589994408783193,0.6970886233548151,0.3241786929076167,0.6211879657445981,0.5587506899208742,0.7814025184089606,0.8663555114947591,0.9160185215238769,0.9309177240412474,0.303998351195,0.15743558531142218,0.23012324618505706,0.0
1410100011357,126.45757063749319,39.93396967499785,25423.1106474153,332.78308062498206,235.0,139.76889386249246,39.93396967499785,1.0300524510134894,2388,15893.719930649144,0.3415730337078652,0.1888609715242881,123.5495751,12.769010043,0.0,0.7253976901781377,0.8786618716087883,0.6317126354673988,0.6344759826537566,0.581785120343782,0.5522658122053028,0.5929002306359826,0.7068618719270042,0.7940697932531516,0.9082204571724357,0.9678434653555872,0.1596126255375,0.11385767790262173,0.2150447377016268,0.0
1410100011770,120.72268759676297,28.405338258061875,44368.32374504538,125.45691063977328,60.0,59.17778803762891,4.734223043010313,1.167520719649766,2661,6298.883758725221,0.4952112676056338,0.21345358887636226,117.8220817,16.3430420712,0.0,0.7185087791326347,0.926898223646422,0.5754188059942571,0.5284925434836127,0.4377230725854981,0.45739759171793415,0.2789555584253952,0.8011979201575522,0.8051155190937325,0.8213339286180081,0.9229763174469802,0.20428802589,0.16507042253521126,0.2430468860819402,0.0
1410100011643,169.15878822818743,15.662850761869207,38902.832936425664,128.4353762473275,270.0,65.78397319985066,3.132570152373841,1.11025881504191,1014,3176.426134507075,0.3986206896551724,0.21597633136094674,119.5276925,15.1394422311,0.0,0.7686344781667317,0.9155110784002586,0.4787557834915287,0.5310346124775925,0.5965098283932967,0.4690253490021291,0.22663654635438799,0.7619025842342317,0.7066877200170352,0.7570733467488965,0.9363374663289881,0.18924302788875,0.1328735632183908,0.24591938266769695,0.0
1410100011732,134.79592606535147,0.0,48327.72383843564,336.98981516337864,0.0,134.79592606535147,0.0,0.6730116670092565,188,12670.817050143038,0.4461538461538462,0.23404255319148937,118.1218522,20.0,0.0,0.7348800078244111,0.9343026098627673,0.0,0.6358435875048037,0.0,0.5482507592447631,0.0,0.46184666256829926,0.5350958831696971,0.8869454714207756,0.9253246130141365,0.25,0.14871794871794872,0.2664903132493434,0.0
1410100260683,107.71477037783926,34.46872652090856,28459.39848609041,145.0558907754902,140.0,61.756468349961175,10.053378568598331,1.0797271108000772,2047,2939.895132845826,0.554290053151101,0.16609672691744015,116.9681481,19.512195122,0.0,0.7015973791922863,0.8884343615371361,0.6073238917735212,0.5442261888566275,0.5269406107501234,0.4620815611088175,0.3837818035118702,0.7409505467022897,0.7783477948305716,0.7498106308463233,0.9162869050881061,0.24390243902500003,0.184763351050367,0.1891244484489278,0.0
1410100011395,333.56945130558825,47.65277875794118,52227.77585418108,577.7899424400367,60.0,238.2638937897059,41.69618141319853,1.182750792743069,4192,24970.056069161175,0.311639549436796,0.21135496183206107,123.6780755,7.7544426494,0.0,0.8698045069356294,0.941025248679277,0.6611115239133944,0.6945821257715038,0.4377230725854981,0.6114817010029919,0.5996325977958179,0.8116493859695356,0.851496008849576,0.9506312223406795,0.9688500918238282,0.0969305331175,0.10387984981226533,0.24065730448319653,0.0
1410100011766,127.3989420738618,17.372583010072063,30472.246238522344,189.65069785995337,140.0,86.86291505036033,7.238576254196693,1.1967789620182612,4428,6410.483130716591,0.4814319170291067,0.20212285456187895,120.2204166,13.1147540984,0.0,0.7264987969795378,0.8943538275220232,0.4953788809282463,0.5733215597325302,0.5269406107501234,0.4996481434246366,0.33683666998725675,0.8212760588480038,0.8570858314959766,0.822982498719391,0.9417640207540977,0.16393442623,0.1604773056763689,0.23014525389738094,0.0
1410100010490,207.62475731360146,85.27445389665775,42969.98157965696,537.5998180441467,200.0,233.57785197780166,18.53792476014299,1.0994737156680254,2951,10941.083193436392,0.4375,0.19213825821755337,121.0011495,12.4316939891,0.0,0.7991308479166314,0.9241242533617379,0.758596550829895,0.6867237213682319,0.5646923247741623,0.6092736314327406,0.47476569791059253,0.7545014314824066,0.8156714825115663,0.8731664969217554,0.9478800048426025,0.15539617486375,0.14583333333333334,0.2187763888291104,0.0
1410100010927,104.77066094241687,66.67223878153801,23919.19470576927,2398.2956750273243,705.0,1491.5532275984074,64.76731767349406,1.007120541877395,3969,7560.63187782641,0.4870738104158861,0.16654069035021415,119.9744999,17.7734375,0.0,0.6974892284251778,0.8733800102656856,0.7172663253776376,0.849856269542286,0.6984634001441455,0.8158470885512363,0.668636818143938,0.6911251080342038,0.8459171074291306,0.8384732057980621,0.9398375967180445,0.22216796875,0.16235793680529537,0.18962996316263203,0.0
1410100011499,183.05363133419507,45.76340783354877,67530.31006198828,366.10726266839015,0.0,228.81703916774384,0.0,0.9002560512685369,330,15101.924585071094,0.4798206278026906,0.16363636363636364,119.9291019,8.7912087912,0.0,0.7803800920331574,0.9632838387371662,0.6543709297020122,0.644867269184851,0.0,0.6069846902048284,0.0,0.6177905571577126,0.5923005531185849,0.9034230619539819,0.9394819649191926,0.10989010989,0.15994020926756353,0.18632297934623515,0.0
1410100011215,229.89257112540548,27.046184838282997,34691.17809813716,67.6154620957075,0.0,67.6154620957075,0.0,0.0,190,2569.387559636885,0.46153846153846156,0.2,115.1364678,26.9230769231,0.0,0.8143061215261466,0.9055858798235406,0.5673651288465726,0.4617325633016943,0.0,0.4720455766614508,0.0,0.0,0.5361704562533843,0.7371683127874471,0.9019381725445852,0.33653846153875,0.15384615384615385,0.22772808586762075,0.0
1410100092232,262.1375697791132,0.0,57068.51533139828,262.1375697791132,0.0,262.1375697791132,0.0,0.0,204,17825.3547449797,0.4676258992805755,0.19117647058823528,124.7938398,8.9285714286,0.0,0.8338670611888804,0.9487032553769165,0.0,0.6085078701520648,0.0,0.6220991788297998,0.0,0.0,0.5433914909904839,0.9189882347483619,0.977590592839376,0.1116071428575,0.15587529976019185,0.2176812585499316,0.0
141010001115A,201.00724111083233,90.00324228843239,54532.58460889241,93.00335036471347,20.0,36.001296915372954,9.000324228843239,1.2884675624569688,1165,3495.125908867458,0.4974293059125964,0.20257510729613734,120.047284,8.896797153,0.0,0.7943075646254724,0.9447659252057552,0.7676777888090581,0.4961084829208583,0.3241786929076167,0.4031044476253191,0.3677901581944871,0.8841963263321528,0.720845729212569,0.7660472616259032,0.9404077614920615,0.1112099644125,0.16580976863753213,0.23066020714488625,0.0
1410100011501,82.37505882127314,0.0,51637.08631048342,411.8752941063657,20.0,164.7501176425463,0.0,0.9433483923290391,217,8937.693882108135,0.4,0.2119815668202765,118.3685672,21.4285714286,0.0,0.6618874955541918,0.9400399840348199,0.0,0.6576967434297647,0.3241786929076167,0.5705025177122104,0.0,0.647362189978714,0.5496681035479576,0.8541804170929544,0.9272572906486969,0.2678571428575,0.13333333333333333,0.24137078225600356,0.0
1410100011446,192.79435593978002,63.02892405723578,46465.80242450389,285.48395014159735,40.0,114.93509681025347,7.415167536145385,1.1674794565179836,3010,11159.827141898804,0.499003984063745,0.18106312292358803,119.366768,17.1034482759,0.0,0.7880968225250262,0.9308993484640773,0.7078482071031912,0.6177900410292345,0.39541864552742145,0.5305989203514382,0.3402241906556257,0.8011696037989584,0.8176916478899832,0.8750248469912374,0.9350768409839428,0.21379310344875,0.16633466135458166,0.20616579202301213,0.0
1410100011376,178.2389745832039,0.0,30224.963521343427,297.06495763867315,0.0,178.2389745832039,0.0,0.6730116670092565,664,39450.2263744158,0.43412526997840173,0.1822289156626506,123.1090937,18.2222222222,0.0,0.7764136862275793,0.8936480317132773,0.0,0.622117317531808,0.0,0.5792365943148683,0.0,0.46184666256829926,0.6635210125445403,0.9935693697128571,0.9643928906024517,0.2277777777775,0.1447084233261339,0.20749321076793756,0.0
1410100012529,0.0,0.0,14696.948130502487,200.0,0.0,0.0,0.0,0.0,50,5000.0,1.8333333333333333,0.0,0.0,66.6666666667,0.0,0.0,0.8311930302782079,0.0,0.5790938159844544,0.0,0.0,0.0,0.0,0.4013745232967786,0.7996564842819947,0.0,0.8333333333337499,0.611111111111111,0.0,0.0
1410100260698,134.83273530862922,51.36485154614447,35677.21417937785,237.56243840091818,60.0,115.57091597882506,32.103032216340296,1.185196972032712,1875,6019.318540563805,0.5207148659626321,0.1632,119.1512749,10.5860113422,0.0,0.7349205628092886,0.908013592050788,0.6736245151670791,0.5978017582857118,0.4377230725854981,0.5312094774221754,0.558984539045773,0.8133280489056268,0.7693928406536186,0.8170723881184331,0.9333887446186142,0.13232514177750002,0.17357162198754403,0.18582611806797855,0.0
1410100010715,165.07559273900068,51.7884212514512,41956.55426810185,815.6676347103563,640.0,394.88671204231537,22.657434297509898,1.060692028544692,4443,14380.997226262354,0.47236351305527297,0.1798334458699077,118.4331692,19.7563098346,0.0,0.764999997615088,0.9220568485307399,0.6749955569344263,0.7321771177048704,0.6881790114625199,0.6676961342108503,0.5053246612327977,0.7278879362865897,0.8574309805918261,0.8988310304533876,0.9277633597589976,0.24695387293249998,0.15745450435175765,0.20476563201466236,0.0
1410100011751,345.15077020823225,44.53558325267513,59255.62621100239,89.07116650535026,0.0,55.66947906584391,0.0,0.9002560512685369,994,11067.09243828977,0.5678233438485805,0.19718309859154928,116.7561138,25.1012145749,0.0,0.8748965752520261,0.9519609517555735,0.6498428795390851,0.4914425494036204,0.0,0.45069202352654403,0.0,0.6177905571577126,0.7046561405236117,0.8742415017367788,0.914625903732819,0.31376518218625,0.18927444794952683,0.2245206480384993,0.0
1410100012533,59.14589381160513,6.571765979067236,14606.481728094606,13.143531958134473,0.0,6.571765979067236,0.0,0.6931471805599453,65,427.1647886393704,0.4772727272727273,0.2,0.0,80.0,0.0,0.6130203173218405,0.8306582116216144,0.3445230003114256,0.28928538186731767,0.0,0.22599442983481002,0.0,0.4756644315437017,0.4276946212626842,0.5688976520776882,0.0,1.0,0.1590909090909091,0.22772808586762075,0.0
1410100012459,73.25338473865057,0.0,27142.593057598202,0.0,0.0,0.0,0.0,0.0,18,439.5203084319034,1.0,0.16666666666666666,0.0,50.0,0.0,0.6445499190003402,0.8843307825894868,0.0,0.0,0.0,0.0,0.0,0.0,0.30057863751717523,0.5715685340829382,0.0,0.625,0.3333333333333333,0.18977340488968394,0.0
1410100010397,103.85215689671345,37.09005603454052,33265.74535343284,367.933355862642,1120.0,198.8027003451372,14.836022413816208,1.06753498264738,5383,7986.2308653572645,0.5257437070938215,0.17703882593349432,116.1236256,28.0245022971,0.0,0.6961841357473528,0.9019515035644243,0.6194582626430117,0.6454090883628413,0.7476953069072535,0.5913611887714313,0.4412118191151415,0.7325838363271918,0.8770184278599749,0.8436140828149966,0.9096712159421969,0.35030627871375,0.17524790236460716,0.2015835647704278,0.0
1410100010880,176.1679898018595,0.0,48364.437892980175,317.1023816433471,215.0,105.7007938811157,23.4890653069146,1.2023045401124242,2000,23489.0653069146,0.443001443001443,0.196,121.7714529,23.5864297254,0.0,0.7746746903244722,0.9343683904978701,0.0,0.6292217387199016,0.5723560144035595,0.521333098908562,0.5108431155124629,0.8250679244673477,0.7759777577716613,0.944891103155594,0.9539142879344525,0.29483037156749997,0.14766714766714767,0.22317352415026834,0.0
141010009243A,0.0,0.0,2174.905992329117,0.0,0.0,0.0,0.0,0.0,0,0.0,0.0,0.0,0.0,0.0,0.0,0.0,0.6657192980728887,0.0,0.0,0.0,0.0,0.0,0.0,0.0,0.0,0.0,0.0,0.0,0.0,0.0
1412000014501,146.68118252334747,39.77794780294169,35290.79272815259,527.0578083889774,1260.0,161.5979129494506,27.34733911452241,1.2112012335306064,1513,3761.5021891156734,0.4327651515151515,0.19497686715135493,120.7995961,17.5824175824,0.0,0.7474347609304526,0.9070702773191912,0.6310627349985493,0.6845652572499094,0.7602262104687185,0.5683590394063563,0.5342122061148891,0.8311731799398717,0.7475074963446274,0.7729411276947918,0.946301107133304,0.21978021978,0.1442550505050505,0.2220085437242172,0.0
1410100011304,186.89857629882442,115.01450849158427,40639.26645391891,690.0870509495056,100.0,340.25125428760344,23.96135593574672,1.0275762656626601,3695,17707.442036516826,0.5306545153272577,0.16968876860622462,118.7396714,19.1343963554,0.0,0.7834738148635387,0.9192936324031388,0.809001652037962,0.713945238721737,0.49141491559492917,0.6511175007454214,0.5138942463687032,0.705162617669997,0.8386166119337753,0.9183651671933879,0.9301643890717007,0.2391799544425,0.17688483844241923,0.19321449233964574,0.0
1410100012088,42.85628462003851,12.244652748582432,23082.67519353284,208.15909672590135,60.0,73.46791649149459,6.122326374291216,1.1906905013532794,694,4248.894503758103,0.5320088300220751,0.21902017291066284,119.2374026,28.5714285714,0.0,0.5657573586721576,0.8702964370652989,0.4396838313678884,0.5834387116732919,0.4377230725854981,0.4811828575198082,0.3135815173034054,0.8170979214157125,0.6680254270812594,0.7843772693492455,0.9340634384130981,0.3571428571425,0.17733627667402505,0.24938522371670285,0.0
1410100261785,149.751466446328,49.91715548210934,32212.708220377397,49.91715548210934,0.0,49.91715548210934,0.0,0.0,40,1996.6862192843732,0.6666666666666666,0.075,0.0,33.3333333333,0.0,0.7505137664890041,0.8991651553139096,0.6688533174970646,0.4291577615680813,0.0,0.4387432014531234,0.0,0.0,0.3790944353167813,0.7135029656894242,0.0,0.41666666666624996,0.2222222222222222,0.08539803220035777,0.0
1410100010823,221.51892366722223,47.77859137920479,47375.295912705114,846.9841199040849,200.0,330.1066313472331,99.90069106561002,1.1729891628648719,2948,12804.662489626884,0.4262215771649734,0.14959294436906379,123.6509281,9.6559378468,0.0,0.8087785486894343,0.93257844938248,0.6615510370721861,0.7362860897657262,0.5646923247741623,0.6477485541988931,0.7370021654009603,0.8049505776108237,0.8155676863660348,0.8879319277773652,0.968637428739636,0.120699223085,0.14207385905499112,0.17033257440234184,0.0
1410100261249,113.66293423966226,28.415733559915566,33186.25688736753,28.415733559915566,0.0,0.0,0.0,0.0,57,1619.6968129151871,0.6285714285714286,0.0,0.0,6.6666666667,0.0,0.7095683042257755,0.9017442752345506,0.575478958041821,0.36924577482393,0.0,0.0,0.0,0.0,0.414504235428813,0.6938684481969575,0.0,0.08333333333375001,0.20952380952380953,0.0,0.0
1410100011624,166.10026934239366,48.358306264241186,50518.738888725864,435.2247563781707,300.0,134.56224351788853,16.820280439736067,1.2289153341478327,3933,8269.270371185243,0.49733434881949734,0.18459191456903126,118.8378901,21.8068535826,0.0,0.7659203997223802,0.9381433287862039,0.6635616729065063,0.6637037740997657,0.6076892464255852,0.5480584902574319,0.4600675763130089,0.8433292816116612,0.8449871905705979,0.8468834515816064,0.9309337994633898,0.2725856697825,0.16577811627316577,0.21018381685722431,0.0
1410100012497,162.49739098944505,40.62434774736126,67293.37968834727,40.62434774736126,0.0,40.62434774736126,0.0,0.0,992,40299.35296538237,0.47619047619047616,0.15524193548387097,125.8715557,10.5960264901,0.0,0.7626588052479271,0.9629793897869365,0.6345589475671691,0.4071533928246068,0.0,0.4162473548134361,0.0,0.0,0.7044507410572631,0.9955686621555262,0.9860330362106345,0.13245033112625,0.15873015873015872,0.17676474407063303,0.0
1410100092139,272.55124009141224,17.5839509736395,55725.16320589296,123.0876568154765,20.0,52.7518529209185,0.0,0.8982053397041498,1480,13012.123720493231,0.45098039215686275,0.16959459459459458,122.599015,10.407239819,0.0,0.8396746885371407,0.9466398531948165,0.4973255803726855,0.5264272970942141,0.3241786929076167,0.44479132381406356,0.0,0.6163832794858244,0.7452578189835708,0.8894407471084738,0.9603971153340017,0.1300904977375,0.1503267973856209,0.19310726200261083,0.0
1410100011198,0.0,0.0,103176.44316194642,0.0,0.0,0.0,0.0,0.0,35,3500.0,0.5217391304347826,0.08571428571428572,0.0,0.0,0.0,0.0,1.0,0.0,0.0,0.0,0.0,0.0,0.0,0.3658181567556421,0.7661780595315869,0.0,0.0,0.17391304347826086,0.09759775108612317,0.0
1410100012590,105.4560283720179,28.392007638620203,36729.082286653655,20.280005456157287,0.0,12.168003273694373,0.0,0.9502705392332347,50,202.8000545615729,0.6129032258064516,0.2,0.0,53.8461538462,0.0,0.6984556974010366,0.9105305123033075,0.5753416377080638,0.33389264324621876,0.0,0.287768514612747,0.0,0.65211243518578,0.4013745232967786,0.49920027222891544,0.0,0.6730769230775,0.20430107526881722,0.22772808586762075,0.0
1410100010147,203.28513536935543,72.40292492607179,48797.85346455025,754.6612559602098,330.0,317.4589785220071,33.4167345812639,1.1714846066916522,6460,17989.34211624707,0.5132349496369173,0.17662538699690403,119.0475191,19.5205479452,0.0,0.7959854503618597,0.9351411896707047,0.7311001208100188,0.7236993355023974,0.6178056458770863,0.6434007742223393,0.5652007988089681,0.8039180929135881,0.895633610603727,0.9198479500791567,0.9325759585532517,0.244006849315,0.1710783165456391,0.20111280648216354,0.0
1410100010452,137.418423992202,41.988962886506165,35266.174628252964,503.867554638074,40.0,169.8644407681386,17.17730299902525,1.1945240723849975,4410,8416.878469522373,0.5285961871750433,0.19591836734693877,116.9758884,23.2447817837,0.0,0.7377422156293023,0.9070098312204247,0.6400487333081433,0.6796613542675859,0.39541864552742145,0.5738949754300995,0.4632360116465844,0.8197286662801891,0.8566701062594297,0.8485443386758408,0.9163475398476254,0.29055977229624996,0.17619872905834777,0.22308057391113867,0.0
1410100010611,161.9886999942901,11.367628069774744,33900.94519733838,130.72772280240955,40.0,79.5733964884232,0.0,0.9308164980309432,2580,7332.120105004709,0.4726027397260274,0.2054263565891473,120.0925243,16.1341853035,0.0,0.7621925189407281,0.9035899128214835,0.4280243393924121,0.532951567576309,0.39541864552742145,0.4899796181802954,0.0,0.6387623189200825,0.8019610573445163,0.8355922529917915,0.9407621579251555,0.20167731629375002,0.15753424657534246,0.23390675486402907,0.0
1410100012073,144.52482775859772,46.45440892240641,28533.419578035595,144.52482775859772,80.0,80.0048153663666,18.065603469824715,1.1669018081173637,4483,11569.728622174885,0.4933377748167888,0.2029890698193174,121.0916146,17.5406871609,0.0,0.7452337706758972,0.8886593634991855,0.6568672466315694,0.5438284298133031,0.46791797799195844,0.49057575113913765,0.470856924540899,0.8007731991019199,0.8583457134178408,0.878411137153916,0.9485886762872988,0.21925858951125,0.1644459249389296,0.2311315616100099,0.0
1410100010645,356.04935910426144,50.86419415775163,56573.09482928018,247.0546573376508,565.0,152.5925824732549,36.33156725553688,1.1566398326858505,2160,15695.237054391933,0.44728005372733376,0.19444444444444445,120.3822041,17.4812030075,0.0,0.879535197974608,0.9479479933496491,0.6719895765643253,0.6020623292447886,0.6749292163799574,0.5619984982698524,0.5781860213551574,0.793731034252886,0.7838304311894504,0.9070406996887155,0.9430314065344574,0.21851503759375,0.14909335124244458,0.2214023057046313,0.0
141010001108A,243.86089953494806,94.12175069769926,48397.2003822269,851.3740176746433,100.0,342.2609116279973,55.61739813954956,1.1662837996705586,5917,25314.47267628575,0.42715870718765075,0.15548419807334798,122.6363013,9.6224116931,0.0,0.8230953399249193,0.9344270489588192,0.7752105187765799,0.7368499186145957,0.49141491559492917,0.6517729934227713,0.644708645711796,0.8003490977785888,0.8866721543198154,0.9519172964088168,0.9606892029577194,0.12028014616375,0.1423862357292169,0.1770405940495277,0.0
1410100092181,279.4504233801371,58.83166808002887,60467.51042969131,88.24750212004331,0.0,73.53958510003609,0.0,0.45056120886630463,904,13295.956986086525,0.5305084745762711,0.1747787610619469,123.3111078,12.7049180328,0.0,0.8434017968322298,0.9537146568644412,0.6963098264062672,0.49043941260508933,0.0,0.48129024326307196,0.0,0.30919254568402477,0.6949778291082793,0.8914664918772481,0.9659753972718307,0.15881147541,0.1768361581920904,0.19901016353475706,0.0
1410100091520,68.36955768115168,34.18477884057584,8665.310537395046,102.55433652172752,255.0,42.730973550719796,0.0,0.6791932659915256,811,6930.9639099267515,0.5418250950570342,0.12083847102342787,125.4440819,4.3668122271,0.0,0.634369471273592,0.7854328657652512,0.6059559954270725,0.5066748405613412,0.5904467490922419,0.4217588668068617,0.0,0.46608871511990435,0.6839084452216183,0.8303104711925724,0.9826843583733709,0.05458515283875,0.18060836501901142,0.13759156852667592,0.0
1410100010912,107.2221118089067,48.24995031400802,26655.707970687003,841.6935776999176,1005.0,377.9579441263961,13.402763976113338,1.0568292011971887,5976,16018.98350425066,0.48582794629537546,0.19477911646586346,118.6297154,17.5753228121,0.0,0.700917743249599,0.8827628782260231,0.6631876605941396,0.7356026927109663,0.7361700835811127,0.6628174177528239,0.4260589808735887,0.7252371146055185,0.887684844679305,0.908957449519389,0.9293030328429115,0.21969153515125,0.16194264876512515,0.2217833767987873,0.0
1412000012524,135.12444454942116,25.8748936371232,36539.53022730201,730.2469982032547,735.0,252.99896000742683,14.374940909512889,1.045723228623989,2549,7328.344875669671,0.4776811594202899,0.17889368379756768,120.3952301,19.0630048465,0.0,0.735241568528208,0.9100823187565145,0.5601051071160953,0.720113166834404,0.7028945245915521,0.6181532805617843,0.4364921623008779,0.7176157662412311,0.8007275250833267,0.8355439067049494,0.9431334475893904,0.23828756058125,0.15922705314009664,0.20369558092513743,0.0
1410101902374,187.39004723676936,29.812052969486036,49771.65841073643,157.57799426728332,40.0,89.43615890845811,8.517729419853152,1.0732883470298515,3192,13594.296154085632,0.47983310152990266,0.20488721804511278,120.8442672,23.3654876742,0.0,0.7838646917098523,0.9368527831883463,0.5833714098934055,0.5532082537279149,0.39541864552742145,0.5028706051445418,0.3598898695296568,0.7365320177166643,0.823682792164899,0.8935496760390295,0.9466510446558754,0.2920685959275,0.1599443671766342,0.23329286992077689,0.0
1410100092209,55.53529113628748,18.511763712095828,21586.02574175373,37.023527424191656,115.0,15.867226038939283,13.222688365782735,1.1973401339967784,3239,8565.657523354055,0.4873096446700508,0.1512812596480395,124.2169738,9.4129554656,0.0,0.6037567024819195,0.8644897843855562,0.5056167602135948,0.39727342054029513,0.5061590729886817,0.31540709967480074,0.4240493487620814,0.8216611567862859,0.825174478745844,0.8501891874591494,0.9730716295970182,0.11766194331999999,0.16243654822335027,0.17225495843645286,0.0
1410100092213,27.65315738766509,9.217719129221697,10007.443464899543,73.74175303377358,0.0,27.65315738766509,4.608859564610849,1.0609581504393426,2209,10180.970778225364,0.44284781188765515,0.14440923494794025,124.1551075,4.6941678521,0.0,0.5020645994736128,0.7979054370589909,0.39552635248149703,0.47107101703274357,0.0,0.37456087377613745,0.2754248169624184,0.7280705594340113,0.7861192900635441,0.8664069923294985,0.972586990988328,0.058677098151249996,0.14761593729588504,0.1644301932815098,0.0
141010009193A,191.75984520408005,27.394263600582864,48949.7780698564,219.1541088046629,60.0,123.27418620262289,54.78852720116573,1.103432909638192,377,5163.81868870987,0.3759124087591241,0.2519893899204244,123.7271312,13.829787234,0.0,0.787295903543685,0.9354104542842843,0.5694642563370154,0.5890330505282572,0.4377230725854981,0.5383529803631266,0.6423529788379881,0.7572183836709291,0.60585477360884,0.8026825994085383,0.9692343767446384,0.172872340425,0.12530413625304135,0.28692530712763886,0.0
1410100011037,167.29703455938727,39.62298186932857,48106.55298468561,440.25535410365075,40.0,198.11490934664283,26.415321246219044,1.0578054334299214,4671,20564.327590181525,0.4001798561151079,0.17255405694712053,123.4229656,14.0042223786,0.0,0.7669882593792424,0.933905277292925,0.6304147668822973,0.6649558175270638,0.39541864552742145,0.5909762430790361,0.5288723507372168,0.72590704295993,0.8625384604341643,0.9324071003082185,0.9668516515259746,0.1750527797325,0.13339328537170264,0.19647702548630092,0.0
1410100010310,179.19149882118273,33.183610892811615,42814.91332412077,460.14607104698774,175.0,163.70581373787064,22.12240726187441,1.2430108167793779,5473,12107.593494423865,0.44644750795334043,0.17558925634935135,121.9003837,11.0893672538,0.0,0.7772067810278149,0.9238110918571802,0.6010432787192631,0.6697703413395018,0.550549643662534,0.5697969469916111,0.5016708659195545,0.8530021475213974,0.8787107699942187,0.88267698526571,0.9549242860033417,0.1386170906725,0.1488158359844468,0.19993302623678377,0.0
1410100010575,132.2104150089535,32.31810144663308,31602.716278670985,165.9975210667972,60.0,69.04321672689794,0.0,1.056547914096709,4671,6861.720538964687,0.47301988008835594,0.20530935559837293,119.3519802,18.7982832618,0.0,0.7320035354949491,0.8975091413425234,0.5966788534278654,0.5588571696928606,0.4377230725854981,0.47434462246405495,0.0,0.725044084506713,0.8625384604341643,0.8293679375882623,0.9349609986139032,0.23497854077250002,0.15767329336278532,0.23377353280566077,0.0
1412000011297,121.3157267479932,37.011577651930125,20163.137919370747,281.69922990635706,3725.0,70.93885716619941,20.561987584405625,1.0224987152694134,3329,3422.5428334243165,0.3621112929623568,0.11985581255632322,124.5301432,7.3380171741,0.0,0.7192360379093891,0.8585832022619531,0.6191072664081814,0.616337861029956,0.8755891280373894,0.4773257050720645,0.49051070484858555,0.7016782060050932,0.8279714619365648,0.7640775948743265,0.9755248873851895,0.09172521467625,0.1207037643207856,0.13647267386779915,0.0
141010001204A,100.5111942572119,10.05111942572119,46444.387656619736,281.43134392019334,0.0,50.25559712860595,30.15335827716357,1.0194897804814294,1565,15730.001901253663,0.4137308039747064,0.17507987220447285,122.0056744,17.8988326848,0.0,0.6913386207662138,0.930859417791328,0.40887012208773216,0.6162343388163535,0.0,0.4394827659391215,0.549288657838862,0.6996133584581086,0.7509547992448475,0.907248411423931,0.9557490959298447,0.22373540856,0.1379102679915688,0.1993530208553613,0.0
1410100261709,50.756613123693064,3.904354855668697,22426.86939163361,38.06745984276979,0.0,19.521774278343486,2.9282661417515228,1.1849719775620753,1619,1580.2876278319052,0.553742802303263,0.17541692402717726,117.7051604,16.0465116279,0.0,0.5905420162447026,0.8677998329257183,0.27061204020859,0.40023094027294304,0.0,0.3373000567148937,0.21853816718716354,0.813173648988874,0.7544155883067011,0.6915573045929894,0.922060397533259,0.20058139534875,0.18458093410108767,0.19973680168747465,0.0
1410100011003,202.72929805663222,90.44845605603591,52977.36828140398,595.7122450587193,175.0,246.394069945753,56.140421000298154,1.224161870838836,4053,12640.951461900468,0.49554896142433236,0.1682704169750802,119.7942796,16.4948453608,0.0,0.7955777553625787,0.9422596411186622,0.7685083426238383,0.6979120652865389,0.550549643662534,0.6152119883160996,0.646177405486297,0.8400672710514924,0.8480545269949878,0.8867239369897605,0.9384258149329736,0.20618556701,0.1651829871414441,0.19159949982940705,0.0
1410100012020,99.71732584104868,9.348499297598314,23777.793879999015,585.839289316161,785.0,239.94481530502338,28.04549789279494,0.9952279970766996,5267,16412.848600150104,0.3310588829921658,0.19612682741598633,123.3417815,12.6384364821,0.0,0.6901638008607663,0.8728664280307286,0.397690762532001,0.6960902580743978,0.7098930564155681,0.6122632297042795,0.538098415788713,0.682963983354073,0.8747949666921021,0.9112377776489624,0.9662156841370768,0.15798045602625,0.1103529609973886,0.22331793497365884,0.0
1412000014450,247.33778739332186,78.56612070140812,35283.35530044288,302.625057516535,1195.0,46.557701156389996,17.45913793364625,1.1351937927120943,2927,8517.149455297096,0.3298405466970387,0.13290058079945336,124.2629962,4.3956043956,0.0,0.8252051283802362,0.9070520202629648,0.7448210591156611,0.6241354723377497,0.7545910689054888,0.4311235044228639,0.465693539280765,0.7790139313069584,0.8148381431871958,0.8496560590417969,0.9734321527235764,0.054945054945,0.1099468488990129,0.15132597438077292,0.0
1412000014821,15.731564499935917,0.0,6426.587334966899,53.48731929978212,1025.0,9.43893869996155,0.0,0.6779087256441981,0,0.0,0.0,0.0,0.0,0.0,0.0,0.4215660088923193,0.7595459471707143,0.0,0.4365576911256356,0.7382662009670311,0.2618418995501494,0.0,0.4652072138006421,0.0,0.0,0.0,0.0,0.0,0.0,0.0
1410100011268,117.45088711839954,19.023735237487248,28500.628716215226,99.25427080428129,60.0,57.898324635830754,2.4813567701070323,1.0430252011969636,5497,4546.6727217594525,0.5214503182950456,0.186465344733491,118.2385833,19.5955369596,0.0,0.7144316787747429,0.8885597611925437,0.5100246334960895,0.5031383675208632,0.4377230725854981,0.4549985064271125,0.19924697277274556,0.715764275362586,0.8791573627604486,0.790735306068654,0.9262390429686493,0.244944211995,0.1738167727650152,0.2123169801840197,0.0
1410100010787,197.27294001651217,50.98064741999753,38298.917315099614,257.1197869878136,80.0,119.69369394260289,15.515849214781856,1.1971367751719033,5882,13037.746440192412,0.4274271844660194,0.20843250595035703,120.5341149,15.6293222683,0.0,0.7915155300672988,0.9141558494514522,0.6723712686480983,0.6064055183023764,0.46791797799195844,0.5350894303027927,0.4479256608962377,0.8215216040873116,0.8860666237736039,0.8896254242842336,0.9442214217569133,0.19536652835374999,0.1424757281553398,0.23732967806333138,0.0
1410100011272,92.45054551194713,12.943076371672598,22248.708532918736,85.05450187099136,40.0,48.07428366621251,3.698021820477885,1.057155840861945,1859,3437.3112821341942,0.5556485355648536,0.19795589026358257,117.533912,20.6666666667,0.0,0.6789583200696184,0.8671089715332025,0.44842939464780357,0.48646115930763373,0.39541864552742145,0.43462784702865354,0.24712025535690077,0.725461267389824,0.7685184584313373,0.7644817246341113,0.920718898424432,0.25833333333374997,0.18521617852161787,0.2254005798797322,0.0
1410100010630,403.6260014077401,116.83910567066161,72771.94754914644,669.1694233865164,20.0,329.2738432536827,42.48694751660422,1.15102471060907,2351,24971.70340288413,0.44321669736034375,0.20034028073160356,119.5010612,18.0579216354,0.0,0.8982529032745695,0.96975920364812,0.8116573456297278,0.7105891071379165,0.3241786929076167,0.6474674229501147,0.6025638033221697,0.7898777200858391,0.7924763884025746,0.9506374157120548,0.9361288461887888,0.2257240204425,0.1477388991201146,0.22811554326594932,0.0
141010001065A,107.67181512269084,22.21799359674573,29599.662473402885,215.3436302453817,40.0,105.96273869217194,10.254458583113413,1.1471837831724252,4590,7844.660816081761,0.4049586776859504,0.21220043572984748,120.6082553,14.9779735683,0.0,0.7015382439319982,0.8918372070286236,0.5352132926863882,0.5871265326509664,0.39541864552742145,0.52160681817484,0.3866613991059655,0.7872419269714873,0.8607530832786457,0.8419350875136594,0.94480221130314,0.18722466960375,0.1349862258953168,0.24161999524516622,0.0
1412000013486,228.06077638299627,62.19839355899898,56731.90522309953,539.0527441779911,0.0,248.79357423599592,20.73279785299966,1.1618810882882054,581,12045.755552592802,0.43103448275862066,0.19793459552495696,121.3797267,8.2089552239,0.0,0.8131142532359235,0.9481908155617476,0.7056262911711554,0.687017888769907,0.0,0.6162895206960449,0.4917710483680894,0.7973277867703751,0.6499115880860321,0.8821962904687052,0.9508456440919164,0.10261194029875001,0.14367816091954022,0.2253763328294009,0.0
1410100011126,166.6498013905895,51.84660487707228,46493.2044097253,714.7424815196393,180.0,288.85965574368845,44.439947037490526,1.15527908313233,1865,6906.708435409986,0.5150284321689683,0.18498659517426275,119.0120142,17.5475687104,0.0,0.7664116871868836,0.9309504162661917,0.6751830301030641,0.7177730270162251,0.5535324528401375,0.6328963884559426,0.6095807333165276,0.7927972352257794,0.7688472300531491,0.8299813838525437,0.9322978257840755,0.21934460888,0.17167614405632278,0.21063321615101652,0.0
1410100012270,0.0,0.0,31920.81730349269,0.0,0.0,0.0,0.0,0.0,14,1392.3409145444423,0.625,0.0,0.0,33.3333333333,0.0,0.0,0.8983766749778775,0.0,0.0,0.0,0.0,0.0,0.0,0.2764472436123808,0.6796775442460378,0.0,0.41666666666624996,0.20833333333333334,0.0,0.0
1410100262285,131.87839503797528,131.87839503797528,62421.11810335311,0.0,0.0,0.0,0.0,0.0,15,989.0879627848145,0.2727272727272727,0.2,0.0,20.0,0.0,0.7316301127504738,0.95646901951771,0.8320987444873063,0.0,0.0,0.0,0.0,0.0,0.28303556175657146,0.6476002012336407,0.0,0.25,0.0909090909090909,0.22772808586762075,0.0
1410100272340,401.0167870838538,38.559306450370556,64403.31698737205,269.91514515259394,20.0,154.23722580148223,15.423722580148224,0.9519246434992505,1888,14559.994115659923,0.475,0.2055084745762712,123.6416104,11.1969111969,0.0,0.8972848640427366,0.959176957745395,0.6258993027802376,0.6116885732592238,0.3241786929076167,0.5631874996961461,0.44703219766343694,0.6532475455742733,0.7700978025544567,0.8999923035636553,0.9685644371890796,0.13996138996125002,0.15833333333333333,0.2340002577241442,0.0
1410100092092,63.49258460345051,18.140738458128716,9159.102362897958,4.535184614532179,0.0,0.0,0.0,0.0,2003,9083.974782907955,0.42867332382310985,0.1767348976535197,124.2143045,4.9001814882,0.0,0.623461404284388,0.7902330399113713,0.5023494871154205,0.18684610380007646,0.0,0.0,0.0,0.0,0.7761306918831643,0.8557044022272982,0.9730507192494109,0.06125226860250001,0.14289110794103663,0.20123749974322952,0.0
1410100012035,183.09575684310312,20.343972982567013,45207.307326202426,488.2553515816083,20.0,244.12767579080415,0.0,0.6931471805599453,1891,38470.45291003422,0.37627365356623,0.19090428344791116,123.8943812,13.6194029851,0.0,0.7804143359965817,0.9285209023391273,0.5208910022326599,0.6762313698778718,0.3241786929076167,0.6141845899967401,0.0,0.4756644315437017,0.7702597970348971,0.9912082856574115,0.9705445538087821,0.17024253731375,0.12542455118874332,0.21737133526761263,0.0
1410100091662,115.84008791228592,11.584008791228591,27223.10457063434,237.47218022018612,120.0,92.67207032982873,5.7920043956142955,1.070817195431884,383,2218.3376835202753,0.490272373540856,0.21409921671018275,116.0910523,27.358490566,0.0,0.712382849044207,0.8845873392590539,0.4309760695354247,0.5977604374582983,0.5106525382328262,0.5067951916390558,0.305996352011625,0.7348362178157601,0.6074624210126783,0.7233814820338905,0.9094160482856142,0.341981132075,0.16342412451361868,0.2437820240358342,0.0
1410100011287,134.0307767493676,33.5076941873419,43312.38989364587,245.72309070717392,60.0,134.0307767493676,78.18461977046444,1.0971663861388312,684,7639.754274713953,0.5336322869955157,0.22660818713450293,118.2363871,14.1891891892,0.0,0.7340344976995494,0.9248117655256128,0.6026491263659721,0.6014745880686643,0.4377230725854981,0.547619973860797,0.6982915807625506,0.7529180526277143,0.6665459301654276,0.8394504843339884,0.9262218387183159,0.177364864865,0.17787742899850523,0.25802524349035977,0.0
1410100010857,178.71387813281555,7.770168614470242,43968.3999982896,310.8067445788097,60.0,132.0928664459941,23.310505843410724,1.163594830988047,2176,16907.886905087245,0.39845758354755784,0.1723345588235294,121.6613088,13.9318885449,0.0,0.7768096278926212,0.9261139005858972,0.36952794238991954,0.6270389657354928,0.4377230725854981,0.5460062401304379,0.5096742162070732,0.798503823361152,0.7845834710289905,0.9140274736179291,0.9530514581971088,0.17414860681125,0.1328191945158526,0.1962270960486162,0.0
1410100011018,214.2550903296663,167.3867893200518,57717.59101201421,1171.7075252403627,80.0,502.1603679601554,120.51848831043729,1.26670044197367,2426,16243.214035617826,0.49660703269586676,0.1768342951360264,119.6719522,15.3238546603,0.0,0.8038124116619226,0.9496829010397536,0.8724030654520704,0.771688010053432,0.46791797799195844,0.6944637850568961,0.7667001469348746,0.8692588855094585,0.7956807789337011,0.9102624408726204,0.9374675455530255,0.19154818325375,0.16553567756528892,0.20135067773538604,0.0
1410100012478,82.07959495859247,5.239123082463348,26413.174422886656,96.0505898451614,215.0,38.42023593806456,0.0,1.0886244510747414,712,1243.4185449046347,0.5579868708971554,0.17275280898876405,117.2785807,23.0769230769,0.0,0.6613562787183126,0.8819711347748371,0.31157783210552287,0.4995920144389752,0.5723560144035595,0.41017380653650753,0.0,0.7470562460727757,0.6706356587839838,0.6690651447980327,0.9187187237576577,0.28846153846125,0.18599562363238512,0.19670333259632972,0.0
1410100011658,147.38596558358682,24.56432759726447,45645.27485973046,221.07894837538024,20.0,122.82163798632234,24.56432759726447,0.936888307539016,172,4225.0643467294885,0.5221238938053098,0.19186046511627908,119.3786605,25.0,0.0,0.7481471692823357,0.9293560521580424,0.551596874368365,0.5899836080512696,0.3241786929076167,0.5379457204738277,0.5177067794268754,0.6429290296838281,0.5260660442151059,0.7838493519540123,0.9351700026026892,0.3125,0.17404129793510326,0.2184600823730083,0.0
1410100261234,0.0,0.0,15491.332398533112,83.0445923998057,0.0,0.0,0.0,0.0,6,498.2675543988342,0.0,0.0,0.0,0.0,0.0,0.0,0.8357526611964587,0.0,0.48388052162450806,0.0,0.0,0.0,0.0,0.19864531935366248,0.5833215978880967,0.0,0.0,0.0,0.0,0.0
1410100010895,142.70775255663025,19.820521188420866,37043.3904087917,562.9028017511527,830.0,194.2411076465245,39.64104237684173,1.1994688806669014,2789,11055.88671890116,0.3255703422053232,0.19684474722122625,123.4218815,11.6470588235,0.0,0.7433536126696664,0.9112686171596731,0.5166653052575465,0.6917367559456303,0.7158210801125382,0.588782990556469,0.5917531000452236,0.8231219851689775,0.8099097559308727,0.874146401045599,0.9668431590718327,0.14558823529375,0.1085234474017744,0.22413538748892756,0.0
1410100010202,165.96432544911593,38.842714466814364,38477.646859128254,353.1155860619488,135.0,176.5577930309744,12.359045512168208,1.1194026245628053,6481,11442.710566337451,0.4895426338772696,0.20243789538651444,119.163946,18.8643533123,0.0,0.7657986151648978,0.9145591446866498,0.6271141695654521,0.64093290071938,0.5230961742410409,0.5781845775206678,0.4140432931980996,0.7681774203439119,0.8959648715769466,0.8773748115269739,0.9334880055130684,0.23580441640375,0.16318087795908987,0.23050397211720292,0.0
1410100011874,150.20077541934742,0.0,63337.6833261683,75.10038770967371,0.0,75.10038770967371,0.0,0.0,22,1652.2085296128216,1.1,0.0,0.0,60.0,0.0,0.7509590843344122,0.9577316949004162,0.0,0.4730381063407069,0.0,0.48360363430668246,0.0,0.0,0.320082224843313,0.695733173327327,0.0,0.75,0.3666666666666667,0.0,0.0
1410100011041,136.63313637630318,29.702855733978954,31099.553853462876,653.4628261475369,375.0,305.9394140599832,20.79199901378527,1.1497329187523142,2115,6282.1539877365485,0.44073569482288827,0.1938534278959811,122.0681452,13.3580705009,0.0,0.7368908763744471,0.8961189123166782,0.5827672137401708,0.7079994667270619,0.6313786471617245,0.6392878171568173,0.49220556062582965,0.788991242500054,0.7816822305649117,0.8210842786491489,0.9562384699767129,0.16697588126125001,0.1469118982742961,0.22072935036814303,0.0
1410100010433,82.00868005572288,11.978795963195475,21155.847973569562,97.67325939220926,505.0,39.16144834121598,4.607229216613645,1.2038515378319887,6985,3218.1496078046307,0.5015047291487532,0.180386542591267,120.4531188,16.3546255507,0.0,0.6612284991226962,0.8627461529407264,0.4362330371428103,0.5014026398609901,0.6629974191618442,0.41225334934226215,0.27537838177802426,0.8261295341968738,0.9036087862518958,0.7582981485905238,0.9435869270932056,0.20443281938375,0.16716824304958441,0.20539541030293637,0.0
1410100092124,455.3243913232401,54.638926958788815,71242.8230129627,163.91678087636643,0.0,72.85190261171842,18.212975652929604,0.9649629230074277,1296,23604.01644619677,0.5175644028103045,0.16203703703703703,123.4568539,14.3258426966,0.0,0.9162451186099713,0.9679196517062972,0.6839456881216319,0.5574880862932815,0.0,0.4802555590098552,0.4720868255265144,0.6621949177695334,0.731715051270942,0.9453494195060084,0.9671171204252441,0.1790730337075,0.1725214676034348,0.18450192142052607,0.0
1410100092105,389.52653967336266,100.16396734457898,60284.81452404507,155.81061586934507,0.0,89.03463763962576,11.12932970495322,1.0547209169068124,1693,18841.9551904858,0.5266005410279531,0.18192557590076786,123.7775818,13.7472283814,0.0,0.8929457632078632,0.9534525415494741,0.7856912374646209,0.5519844256609207,0.0,0.5023738663366659,0.3986188957518406,0.7237903283000412,0.7589752955625317,0.9241952113263147,0.9696295888163411,0.17184035476749998,0.17553351367598435,0.2071478158512321,0.0
1410100011588,114.28550509272249,13.33330892748429,27503.535148248877,144.76163978411515,335.0,57.142752546361244,3.8095168364240832,1.150541920587312,1147,2184.757905689212,0.5584239130434783,0.2057541412380122,118.3032928,28.5234899329,0.0,0.7103785603539672,0.8854750683640571,0.4531269663878274,0.544005977846217,0.6194020674537376,0.45355715665370666,0.2508666675578442,0.7895464108809614,0.7192575355487294,0.7219500930924716,0.9267459541957477,0.35654362416124996,0.18614130434782608,0.23427998371734304,0.0
1410100011982,177.5443234585204,35.508864691704076,43730.1988576622,179.7636275017519,40.0,79.89494555633418,2.2193040432315048,1.0758735155309638,3536,7847.459096866602,0.4807370184254606,0.20842760180995476,120.5505271,19.7278911565,0.0,0.7758326406888761,0.9256433478627415,0.6122428167552777,0.567506637433662,0.39541864552742145,0.49042423531685686,0.1867472349184721,0.7383060604308436,0.8341277713939704,0.8419685671777541,0.9443499890992877,0.24659863945625,0.16024567280848687,0.2373240940107982,0.0
1410100012603,102.35597466091662,25.588993665229154,24766.356450078623,102.35597466091662,0.0,51.17798733045831,0.0,0.9743147528693494,2071,26497.40294034479,0.47095761381475665,0.06228874939642685,123.6597008,12.5,0.0,0.6940335476988255,0.8763948080292956,0.5582849706129241,0.5064654734319003,0.0,0.4414738535627281,0.0,0.6686125054910487,0.779537130617454,0.9562049066605202,0.9687061509538698,0.15625,0.15698587127158556,0.07092448835568102,0.0
1410100011836,66.44246478603844,9.491780683719778,23313.514734836623,37.96712273487911,0.0,9.491780683719778,0.0,0.5623351446188083,116,1101.0465593114943,0.39759036144578314,0.19827586206896552,117.4129284,25.9259259259,0.0,0.6301537677851478,0.8711583803549098,0.40003088888743754,0.3999501338532288,0.0,0.2624055652850721,0.0,0.3858961478946939,0.4861393844699547,0.6576581562697634,0.9197711558961358,0.32407407407375,0.13253012048192772,0.22576491271358953,0.0
1410100011906,197.7155371769707,0.0,41407.864957365215,89.87069871680487,0.0,35.948279486721944,0.0,0.6730116670092565,416,7477.242133238165,0.3959731543624161,0.24759615384615385,123.2468322,9.1743119266,0.0,0.7918491821553757,0.920916578873108,0.0,0.49240755993885854,0.0,0.40294437804781613,0.0,0.46184666256829926,0.615878559346235,0.8374320885063816,0.9654718850631366,0.1146788990825,0.1319910514541387,0.2819229909178478,0.0
1410100011094,183.18901318733802,37.31628046408737,40410.37020897812,135.69556532395407,100.0,49.18964242993335,5.088583699648278,1.211325339439846,2721,4615.345415580988,0.4739978331527627,0.209114296214627,117.9793158,20.2472952087,0.0,0.7804901165166629,0.9188043675948734,0.6204660238438817,0.5369938769377032,0.49141491559492917,0.43713665353896614,0.2885333041726455,0.8312583462197404,0.8073908770422409,0.7921424322283703,0.9242080335098877,0.25309119010875,0.15799927771758757,0.23810599202255828,0.0
1410100011291,18.046359882892666,5.4139079648678,3037.1831555997096,0.0,0.0,0.0,0.0,0.0,9,16.2417238946034,0.0,0.0,0.0,0.0,0.0,0.4409555482869302,0.6946354988092247,0.3162798378870316,0.0,0.0,0.0,0.0,0.0,0.2350559461128455,0.26732213179439507,0.0,0.0,0.0,0.0,0.0
1410100011554,78.67109299439093,17.209301592523016,21776.827890148114,213.88703407850036,175.0,97.10963041495131,11.063122452336225,1.2287867466141982,7411,9109.866721584864,0.4816073570571771,0.17595466198893536,120.848935,14.5498783455,0.0,0.6550877276465213,0.8652520636802458,0.49385966393138275,0.5863888603018365,0.550549643662534,0.5119622142186546,0.39774464693098266,0.84324103986762,0.9096513293452008,0.8559715917851825,0.946687610542273,0.18187347931875,0.1605357856857257,0.2003490918711223,0.0
1410100011200,37.1610623196284,2.4774041546418935,9579.782343694134,136.25722850530414,100.0,44.59327478355408,12.387020773209466,1.2119948613498788,1850,4583.197686087503,0.4187116564417178,0.17675675675675676,123.659107,9.1891891892,0.0,0.5449427907584791,0.7941226015769122,0.21209673814062716,0.5374416244236033,0.49141491559492917,0.4264143981163362,0.41437742874847067,0.8317177980759601,0.768023307095148,0.7914863392766746,0.9687014993356894,0.114864864865,0.13957055214723926,0.20126238940192429,0.0
141010001250A,167.57708482642533,11.969791773316095,34515.99034227799,31.420703404954747,0.0,16.45846368830963,0.0,0.9829007277151565,1141,1707.191551669208,0.5450236966824644,0.05346187554776512,108.1146133,46.25,0.0,0.7672370485021811,0.9051473420664276,0.43611492972465066,0.3798668920359748,0.0,0.3192531194901124,0.0,0.6745045338492685,0.718722598951703,0.6988048386960938,0.8469314597574141,0.578125,0.18167456556082148,0.06087385292692754,0.0
1410100092162,231.20605589285069,92.48242235714028,58506.30590714853,254.32666148213576,0.0,184.96484471428056,23.12060558928507,0.8855741515766717,932,21548.404409213683,0.5303776683087028,0.15128755364806867,120.1671535,14.4444444444,0.0,0.8151549416297929,0.9508585827127058,0.7722520170550166,0.605217475995794,0.0,0.5833489249868383,0.5084216184452225,0.6077152691571597,0.6980883396140063,0.9367954455152164,0.9413467765568768,0.180555555555,0.17679255610290093,0.17226212503934832,0.0
1410100091925,273.81772651293585,0.0,60848.17712232763,39.11681807327655,0.0,39.11681807327655,0.0,0.0,446,17446.10086068134,0.4768211920529801,0.21076233183856502,124.7345887,16.1016949153,0.0,0.8403658688924037,0.9542582677263728,0.0,0.40312523373438586,0.0,0.41212922490067755,0.0,0.0,0.6229705423397695,0.9169692849084978,0.9771264407781186,0.20127118644125003,0.15894039735099338,0.23998251201296356,0.0
1410100272336,99.40293033611184,13.108078725641121,25686.165084696775,133.26546704401807,600.0,69.90975320341931,3.2770196814102803,1.083138154448853,2437,2662.032321198951,0.5424050632911392,0.18219121871153057,119.4226263,18.24,0.0,0.6896959754436407,0.8795535303899457,0.45043151711594465,0.5350352082987047,0.6813180670377958,0.4757172219865137,0.23212427120938597,0.7432913369178035,0.7961424111710187,0.740492668012223,0.9355144150557042,0.22799999999999998,0.18080168776371308,0.20745028749532954,0.0
1410100011516,51.25323702390643,5.812222755288358,16357.972302565537,77.14404747928184,1445.0,30.64626543697498,2.641919434221981,1.215446040176766,1282,677.3881429345159,0.5408653846153846,0.18408736349453977,115.3976575,20.9150326797,0.0,0.5919709740047938,0.840467692801351,0.32653331601909097,0.4759318285142404,0.774802811197476,0.3856524190851388,0.20644886543665583,0.8340861306045882,0.730607157447375,0.6121046608960445,0.9039842398350519,0.26143790849625004,0.18028846153846154,0.20960931460514234,0.0
1412000013325,279.76829507533546,105.69024480623784,54627.17288003536,783.3512262109393,80.0,317.0707344187135,93.25609835844516,1.275391507195491,3286,20429.302613723386,0.45141342756183744,0.18685331710286063,121.9840462,15.0765606596,0.0,0.8435713019057962,0.9449160432239854,0.7947427771362627,0.727768342467047,0.46791797799195844,0.6432645946408112,0.7261213636921,0.8752230309524324,0.8266446817322811,0.9317886499044596,0.9555796682970871,0.188457008245,0.15047114252061247,0.21275874120925006,0.0
1410100092586,342.3517647574123,101.43755992812216,57895.31661446157,63.398474955076345,0.0,50.71877996406108,0.0,0.5004024235381879,3831,24287.95575528975,0.50471327572663,0.16914643696162882,120.3146747,19.2147034252,0.0,0.8736816957408149,0.9499492202203378,0.7878203636165207,0.45480655478842413,0.0,0.4404870393551428,0.0,0.3433955168700248,0.8423054713229482,0.948031013320672,0.9425024052128707,0.240183792815,0.16823775857554335,0.19259697160299954,0.0
141010009229A,254.49882583237581,33.19549902161424,52189.512725809014,143.84716242699503,0.0,88.52133072430463,0.0,0.9251290835720823,1471,16276.859686931515,0.5164948453608248,0.1441196464989803,124.2623267,20.399113082,0.0,0.8294589421485581,0.9409617644707423,0.6011024534516746,0.5433187544263453,0.0,0.5017355966675501,0.0,0.6348593949215429,0.7446355674781702,0.9104566982980195,0.9734269080984975,0.25498891352499997,0.17216494845360827,0.16410045616565466,0.0
1410100092196,371.48672971600286,80.75798472087018,65070.750707342006,113.06117860921826,0.0,96.90958166504423,0.0,0.410116318288409,1009,16296.961316671603,0.4773060029282577,0.16749256689791872,124.1147632,10.2990033223,0.0,0.8858688518897712,0.9600700337799437,0.7494457989602664,0.517227270582914,0.0,0.5117343568342848,0.0,0.2814376958842452,0.7061836029415227,0.9105725660865741,0.9722709480793359,0.12873754152875,0.1591020009760859,0.19071380828358722,0.0
1412000016921,85.12247767942583,12.160353954203691,16504.187584473628,6.0801769771018455,0.0,6.0801769771018455,0.0,0.0,1424,8658.172015393027,0.44568527918781725,0.1327247191011236,125.693583,5.4669703872,0.0,0.6667388440043366,0.8412384880731708,0.43859719860122176,0.21372704588589478,0.0,0.21850073969644443,0.0,0.0,0.7413229368032587,0.8511976518383599,0.9846388613252312,0.06833712984,0.1485617597292724,0.1511257311410826,0.0
1412000013679,61.07231798271818,0.0,23312.229146131183,20.357439327572727,0.0,20.357439327572727,0.0,0.0,291,5924.014844323664,0.5561497326203209,0.20618556701030927,117.235282,26.1538461538,0.0,0.6177378499098238,0.8711536037030286,0.0,0.33428926141604753,0.0,0.3417557688556674,0.0,0.0,0.5795028986775927,0.8155742651989774,0.9183795371289747,0.3269230769225,0.18538324420677363,0.2347712225439389,0.0
1412000013236,183.8254650359113,57.11082408882681,35198.32615004606,526.4904095688721,635.0,160.6241927498254,76.74266986936102,1.3461731505137788,6797,12130.695979117369,0.46962162162162163,0.14844784463734,122.3623831,9.4849566548,0.0,0.7810062779147648,0.906843020681745,0.6913433513326641,0.6844478641099441,0.6873451832030248,0.5676885087824401,0.6953561474654129,0.9237961350160226,0.9008239794869126,0.8828559418923198,0.9585434251215967,0.118561958185,0.15654054054054053,0.16902871755217694,0.0
1412000016495,137.4998869467043,0.0,37252.67008448536,0.0,0.0,0.0,0.0,0.0,114,1741.6652346582541,0.13,0.07894736842105263,124.9057008,0.0,0.0,0.7378302538873274,0.9117566136185933,0.0,0.0,0.0,0.0,0.0,0.0,0.4843792805170156,0.7006807053321384,0.9784668721611828,0.0,0.043333333333333335,0.08989266547406081,0.0
141200001237A,188.8597139587224,83.09827414183786,52294.74624321941,698.7809416472729,140.0,309.72993089230476,22.663165675046688,1.120032387936939,3901,14734.834883059522,0.4877955758962624,0.18379902589079722,119.2057072,20.8333333333,0.0,0.7850274925277605,0.9411362506363682,0.7542488009850996,0.7153103443107581,0.5269406107501234,0.6406579844235113,0.5053633528669252,0.7686095883534858,0.8441534258513388,0.9011129123093381,0.933815147913135,0.26041666666625,0.16259852529875413,0.20928100175222258,0.0
1412000016902,173.2556683061468,40.122365291949784,30888.549792489343,397.5761651656842,180.0,151.3707417832651,14.589951015254467,0.9959907885105284,4425,8070.066655312627,0.328031212484994,0.19322033898305085,123.9440611,8.3388484447,0.0,0.7721945217055771,0.8955292056006761,0.6324940935406302,0.6538479524913091,0.5535324528401375,0.5611068916669192,0.4387103821113093,0.6834874403685927,0.857016661419698,0.8445943865792368,0.9709337284905696,0.10423560555875,0.109343737494998,0.22000848973651496,0.0
1412000015162,152.74604100930932,38.18651025232733,36167.165591485085,171.839296135473,0.0,87.82897358035287,0.0,1.0236462717837331,1668,6369.509910088199,0.5151515151515151,0.08273381294964029,118.89292,13.4615384615,0.0,0.7534570245099399,0.9091950568909899,0.6242879394827561,0.5626116472416112,0.0,0.5008688658095098,0.0,0.7024657037146088,0.7574575230254744,0.8223805911890393,0.9313648841439407,0.16826923076875,0.1717171717171717,0.09420406429775678,0.0
1410100011592,124.72727711688796,14.05377770331132,31138.355573236317,99.54759206512185,20.0,41.57575903896266,1.17114814194261,1.118329111786388,7352,4305.140569781034,0.5477747310693947,0.16009249183895538,117.8693852,17.1355498721,0.0,0.7233524148622098,0.8962269183520278,0.4614732263056185,0.5034573805642384,0.3241786929076167,0.4187702540044369,0.1238293251327352,0.7674407343140606,0.9088354866662799,0.7856116599780583,0.923346876255672,0.21419437340125,0.18259157702313156,0.182287783641315,0.0
1410100012425,184.2222529263071,30.200369332181495,37061.34734059321,54.36066479792669,0.0,24.160295465745197,0.0,1.072043343575071,755,2280.127884579703,0.5697674418604651,0.02781456953642384,118.0091049,22.8571428571,0.0,0.7813271735357887,0.9113105969622085,0.5855027802022403,0.43829403392862065,0.0,0.36004887245889455,0.0,0.7356776481437985,0.6766136640479828,0.7259596797533479,0.9244413907330953,0.28571428571375,0.18992248062015504,0.031670793398808184,0.0
141010001161A,163.2073864128572,37.36072701017213,35908.02617278006,629.2332970134253,340.0,202.53446747619628,17.697186478502587,1.1886065644992594,4496,8840.727823038626,0.46657929226736566,0.1659252669039146,121.1939216,14.3682906689,0.0,0.7633071953868767,0.9085721782493719,0.620663320239517,0.703880119623476,0.6209749073455019,0.5934269705286083,0.4677402055047024,0.8156678432637107,0.8586412454145501,0.8531563963420558,0.9493901129683233,0.17960363336125001,0.15552643075578856,0.18892921714551278,0.0
1410100011605,89.10553584098886,15.315013972669961,25967.723754094717,226.9406615950185,1735.0,64.04460388571074,9.745917982608157,1.1069033643050081,2504,3486.254089778689,0.3991056456120738,0.15615015974440893,122.5332545,13.5658914729,0.0,0.673504012461473,0.8804978506590377,0.47516561089927384,0.5928283967687078,0.7942653675483066,0.4660793459173961,0.3792758773918327,0.7595999440272097,0.7989099666785812,0.7658087146035409,0.9598819709463986,0.16957364341125,0.1330352152040246,0.17779888493258728,0.0
1410100012514,0.0,0.0,0.0,0.0,0.0,0.0,0.0,0.0,29,2900.0,3.0,0.0,0.0,0.0,0.0,0.0,0.0,0.0,0.0,0.0,0.0,0.0,0.0,0.3472061340515237,0.7485283012259966,0.0,0.0,1.0,0.0,0.0
1410100091840,294.35343763365944,0.0,61042.078053461046,294.35343763365944,0.0,210.25245545261387,0.0,0.5982695885852573,179,7527.037905203577,0.4672131147540984,0.16201117318435754,118.9711697,28.5714285714,0.0,0.8511492595139416,0.9545338619394742,0.0,0.62111941722449,0.0,0.5975818164666882,0.0,0.4105557546009232,0.5301152124293448,0.8380551742010782,0.9319778644860401,0.3571428571425,0.1557377049180328,0.18447247179220674,0.0
1410100091713,124.24995582959316,82.83330388639544,50038.21775909255,289.91656360238403,0.0,248.49991165918632,0.0,0.410116318288409,297,12300.745627129723,0.45588235294117646,0.18518518518518517,121.2535842,18.6046511628,0.0,0.7227832475566243,0.9373154610041293,0.7537117551465746,0.6194666182164615,0.0,0.6161582044346974,0.0,0.2814376958842452,0.5815792448402342,0.884162789264113,0.9498574885743454,0.23255813953499999,0.15196078431372548,0.2108593387663155,0.0
1410100091696,210.42008339906772,101.31337348844,45449.80570881154,218.2134198212554,40.0,116.90004633281539,31.17334568875077,1.197979600615819,818,6374.949193349533,0.4927007299270073,0.1687041564792176,121.892456,8.0,0.0,0.8011224665414556,0.9289843112297286,0.7876139232700821,0.5885654757355917,0.39541864552742145,0.5324751137050424,0.5544344682704337,0.8220999835381907,0.6847847038236172,0.8224607181939276,0.954862183218819,0.1,0.16423357664233576,0.19209337316461897,0.0
1410100091535,140.15678908504682,35.039197271261706,31084.37776698211,315.3527754413554,60.0,147.16462853929917,14.015678908504682,1.2115580026683563,635,4449.978053450237,0.42696629213483145,0.18425196850393702,121.6370864,10.843373494,0.0,0.7406735780733981,0.8960766324507318,0.6100392971071333,0.6286194942728608,0.4377230725854981,0.5579819675100368,0.4327155686906817,0.8314180087350536,0.6589692647055267,0.7887175502424346,0.9528617085234554,0.135542168675,0.14232209737827714,0.2097967405237136,0.0
1410100092444,0.0,0.0,0.0,218.25850451066074,0.0,218.25850451066074,0.0,0.0,277,20152.535249817676,0.6198830409356725,0.10469314079422383,123.7047161,8.5365853659,0.0,0.0,0.0,0.0,0.5885879310747537,0.0,0.6017343185704936,0.0,0.0,0.5744872618466997,0.9305081036814404,0.9690587848169224,0.10670731707375,0.20662768031189083,0.11920784278268956,0.0
1410100092393,164.6550617646306,54.8850205882102,37592.58241682397,109.7700411764204,0.0,109.7700411764204,0.0,0.0,507,27826.705438222572,0.6302250803858521,0.10848126232741617,123.6139158,9.3525179856,0.0,0.7646206166284305,0.912543405716811,0.684696755989805,0.5140301961306254,0.0,0.5255113016478674,0.0,0.0,0.6360293549433129,0.9608003634438922,0.9683474875345466,0.11690647482000001,0.21007502679528403,0.1235211511116286,0.0
1410100092302,234.51513273265948,58.62878318316487,60562.76607017375,58.62878318316487,0.0,58.62878318316487,0.0,0.0,387,22689.3390918848,0.46037735849056605,0.20671834625322996,123.2815711,13.6363636364,0.0,0.8172722786878945,0.9538510069875592,0.6957317673294624,0.44640383789413973,0.0,0.45637447698255235,0.0,0.0,0.6085202905864968,0.9416390788403753,0.9657440172605273,0.170454545455,0.15345911949685534,0.23537786652984055,0.0
1410100092406,158.44660694983887,0.0,33262.296193447466,17.605178549982096,75.0,8.802589274991048,0.0,0.6931471805599453,979,8617.734900216235,0.602291325695581,0.1195097037793667,124.0885011,13.1386861314,0.0,0.7589047764836111,0.9019425218035156,0.0,0.3192247156813894,0.46113356110959247,0.25482053932321375,0.0,0.4756644315437017,0.7031054752593133,0.850758194630795,0.9720652201207335,0.1642335766425,0.20076377523186031,0.1360785804214077,0.0
1410100011639,74.55757844397039,15.605074558040315,20550.386658556086,93.63044734824189,80.0,31.21014911608063,10.403383038693542,1.3707969470318375,3465,6007.953704845521,0.44676409185803756,0.1997113997113997,121.4107556,16.8715083799,0.0,0.647155307071528,0.8602310194142913,0.4781646712385526,0.49683450383101235,0.46791797799195844,0.38762403374125276,0.38876112224359605,0.9406939375343107,0.8320577508667867,0.816894989308827,0.9510887134677347,0.21089385474875,0.1489213639526792,0.2273994739111018,0.0
1410100092177,374.31477660681156,0.0,51355.23179991252,70.18402061377716,0.0,70.18402061377716,0.0,0.0,824,19277.210995250796,0.5174953959484346,0.17718446601941748,124.4918917,7.0093457944,0.0,0.8870006404138925,0.9395658744316557,0.0,0.4657455258039656,0.0,0.47614817056334047,0.0,0.0,0.6855298421709466,0.926339207622239,0.9752252387276762,0.08761682242999999,0.17249846531614488,0.20174939646039217,0.0
1410100091893,306.7318561207861,0.0,54598.34050686049,306.7318561207861,0.0,122.69274244831446,0.0,1.0549201679861442,100,6134.637122415723,0.32,0.24,115.3100909,13.7931034483,0.0,0.8572926817588464,0.9448703118448335,0.0,0.6256025308521731,0.0,0.5378294516602603,0.0,0.7239270621049861,0.47112765682867724,0.8188537410709595,0.9032982742093119,0.17241379310375,0.10666666666666667,0.2732737030411449,0.0
1410100092622,52.81661081244834,0.0,7289.255429501135,8.80276846874139,0.0,8.80276846874139,0.0,0.0,916,8063.335917367113,0.4609250398724083,0.10480349344978165,125.2803491,11.1464968153,0.0,0.5963822606331146,0.7704552588254037,0.0,0.2492553449645109,0.0,0.2548225799982031,0.0,0.0,0.6963225269315984,0.8445160599088107,0.981401733804115,0.13933121019125,0.15364167995746944,0.11933349477779252,0.0
1410100092247,190.36379125865682,25.381838834487574,44050.97150703568,38.072758251731365,0.0,12.690919417243787,0.0,0.6365141682948128,414,5254.0406387389285,0.649402390438247,0.18840579710144928,111.9799898,23.6559139785,0.0,0.7862082363586552,0.9262764210902973,0.5569538827585764,0.4002457485040595,0.0,0.29211585950262514,0.0,0.4368006658944782,0.6153877723415953,0.8043084774704468,0.8772114456143953,0.29569892473125,0.21646746347941567,0.21452645770138187,0.0
1410100091855,165.31657110222588,0.0,57171.648184517086,47.2333060292074,0.0,0.0,0.0,0.6931471805599453,75,1771.2489760952774,0.7441860465116279,0.2,0.0,58.3333333333,0.0,0.7652169629218628,0.9488596553509262,0.0,0.42324484379339733,0.0,0.0,0.0,0.4756644315437017,0.442096418395461,0.7022611357786062,0.0,0.72916666666625,0.24806201550387597,0.22772808586762075,0.0
1412000017084,75.42204285561468,0.0,5486.9045594414,0.0,0.0,0.0,0.0,0.0,106,1998.6841356737891,0.38666666666666666,0.12264150943396226,126.0001641,0.0,0.0,0.6488575807731553,0.7458548579223244,0.0,0.0,0.0,0.0,0.0,0.0,0.4770187238898574,0.7135968147051224,0.9870405087124954,0.0,0.1288888888888889,0.1396445809565599,0.0
141010001179A,208.09141175265918,48.962685118272745,48493.77872606376,110.16604151611368,60.0,61.203356397840935,9.18050345967614,1.109516655286619,2931,8969.351880103588,0.4283625730994152,0.1869669054930058,124.2376246,8.0047789725,0.0,0.7994651793735681,0.9345997335289,0.6656328623092331,0.514419869232759,0.4377230725854981,0.4610933010890069,0.3706423950665737,0.7613932854763115,0.81497750634923,0.8545123407579065,0.9732334006255158,0.10005973715625001,0.14278752436647174,0.21288807754257277,0.0
1410100012266,268.1971824737742,0.0,41691.38669401703,0.0,0.0,0.0,0.0,0.0,123,10996.084481424743,0.5,0.13821138211382114,125.1191717,8.1081081081,0.0,0.8372738228550984,0.921507659092296,0.0,0.0,0.0,0.0,0.0,0.0,0.4920712148189565,0.8736372361444481,0.9801391273303433,0.10135135135125,0.16666666666666666,0.157373067469494,0.0
1410100091677,118.73356715074641,20.952982438367016,28291.385228562904,121.35268995554229,350.0,68.97023385962476,6.111286544523712,1.0860788650232385,5766,5033.954030817676,0.46754899465512856,0.17620534165799515,121.6125488,12.1830550402,0.0,0.7160433337190575,0.8879214722855705,0.5256788635363626,0.5248897838223998,0.6240525587174963,0.4742282428383069,0.31333374337409703,0.7453093663680129,0.8840336491119488,0.8002917583033751,0.9526694896850152,0.1522881880025,0.15584966488504284,0.20063452587712685,0.0
1410100091465,83.02515103538958,28.46576606927643,23740.361153836464,199.260362484935,570.0,86.18801393197586,11.070020138051945,1.110668959338472,4615,3649.153066936409,0.4485247959824231,0.21473456121343446,119.3395054,14.5246478873,0.0,0.6630497041816464,0.8727299572602513,0.5757681723450007,0.5786912607415395,0.6758657160368494,0.4987873406978199,0.39783595261844384,0.7621840411298906,0.8613074644626545,0.7700949900297002,0.9348632754638895,0.18155809859125,0.14950826532747438,0.24450545297379433,0.0
1412000016616,30.64166683102907,20.42777788735271,2965.819793911412,0.0,0.0,0.0,0.0,0.0,115,1174.597228522781,0.425,0.22608695652173913,124.8748019,6.8965517241,0.0,0.5169100562490768,0.6925765361687236,0.5215578999087359,0.0,0.0,0.0,0.0,0.0,0.48526312586795584,0.6637238240202111,0.9782248211591661,0.08620689655125,0.14166666666666666,0.25743174924165824,0.0
1412000013857,231.83305588328994,63.227197059079074,51886.892576923965,126.45439411815815,0.0,105.3786617651318,0.0,0.45056120886630463,262,5521.841876492906,0.0,0.0,0.0,0.0,0.0,0.8155584395142793,0.9404580268570919,0.708374384352596,0.5293504860858202,0.0,0.5209955641269116,0.0,0.30919254568402477,0.5688249880124792,0.8089750207543088,0.0,0.0,0.0,0.0,0.0
1410100091450,105.59110497967946,12.47489847861192,27341.58397219374,154.1541026285616,630.0,59.701299861928476,7.128513416349668,1.2326542506052527,4330,1929.153943299629,0.5705476967718535,0.1840646651270208,115.8053963,22.2324723247,0.0,0.6986454411397033,0.8849635072874686,0.4426168810194269,0.5508247785812537,0.6865047737526631,0.45836454121202685,0.3346884236175856,0.8458950708425593,0.8548016761494124,0.7102742697847645,0.907178320695569,0.27790590405875004,0.19018256559061783,0.20958346932620525,0.0
1410100011889,300.0,0.0,45108.64564060474,0.0,0.0,0.0,0.0,0.0,15,1500.0,0.5,0.0,0.0,0.0,0.0,0.8539829755403693,0.9283316503019375,0.0,0.0,0.0,0.0,0.0,0.0,0.28303556175657146,0.6866651465434322,0.0,0.0,0.16666666666666666,0.0,0.0
1410100010363,237.33541633383294,101.26311096910206,50554.8591751496,645.5523324280256,240.0,348.09194395628833,22.151305524491075,1.031676032406281,6864,21720.93730287239,0.493891797556719,0.19114219114219114,119.2947578,20.5806451613,0.0,0.8190535064993127,0.9382052402153888,0.7875302985281436,0.7066715864785688,0.5840174730629561,0.6536534096240945,0.5018703672235394,0.7079760363381518,0.9018251723942883,0.9375441330627796,0.9345127386675041,0.25725806451625,0.16463059918557302,0.2176422265867704,0.0
141010001019A,120.13503772949109,22.17877619621374,27589.601376190443,253.20769490677353,100.0,116.43857503012214,3.6964626993689564,1.0963851957123278,4667,8625.69570897746,0.47084777812795464,0.198842939790015,119.2392323,17.8408051235,0.0,0.7177846258358371,0.8857457045126286,0.5349255943162448,0.6047378787666762,0.49141491559492917,0.5320373116409193,0.24706723835122488,0.7523819695120766,0.8624510227411651,0.8508448728425353,0.9340777716326752,0.22301006404375,0.1569492593759849,0.22641061033335338,0.0
1410100010382,163.951193515451,83.88200598464934,49542.83047312542,819.755967577255,470.0,312.6511132155112,49.56663990002007,1.1468928514932095,3829,14599.281859782834,0.49336973478939156,0.1794202141551319,119.5748881,19.9115044248,0.0,0.7639834633678061,0.9364536163974387,0.7558274326890954,0.7327223962755394,0.6553651328784742,0.6417025552137187,0.6266556216313047,0.7870422783893487,0.8422521779255826,0.9002452785587224,0.9367071798874245,0.24889380531,0.1644565782631305,0.2042951096775339,0.0
1410100010772,212.27991902353918,58.785208344980084,51491.319163078195,738.0809492203055,215.0,365.7746297020983,29.392604172490042,1.0440608296447873,5343,17449.409343734922,0.4849916620344636,0.18248175182481752,119.7398374,15.5770782889,0.0,0.8024330298956648,0.9397951120146297,0.6961776266869634,0.7212767651258191,0.5723560144035595,0.6591694857308645,0.5453397667864114,0.7164749636994073,0.8762571752619147,0.9169870865986061,0.9379993340853711,0.19471347861125,0.1616638873448212,0.2077811002441795,0.0
1410100092158,137.17512273808512,20.576268410712768,28768.175301670373,48.0112929583298,40.0,13.717512273808513,0.0,0.5982695885852573,995,6824.462356219735,0.4566813509544787,0.1708542713567839,121.9192199,17.2106824926,0.0,0.7374789674589153,0.8893691090794651,0.5227331691850228,0.42499206705260584,0.39541864552742145,0.30018757573165383,0.0,0.4105557546009232,0.7047586854848567,0.8288568401486213,0.955071842100296,0.2151335311575,0.15222711698482624,0.19454158089193732,0.0
1410100091910,509.3009236323675,36.378637402311966,63653.08433209897,100.0412528563579,0.0,81.85193415520192,0.0,0.47413931305783735,3618,32904.477530391174,0.4944237918215613,0.17191818684355997,122.8781581,18.4162062615,0.0,0.9329738021893358,0.9581619746667793,0.6162496483892331,0.503992185408479,0.0,0.49309270145003187,0.0,0.32537275364228774,0.836467406228868,0.9765361678952577,0.9625838231799448,0.23020257826875,0.1648079306071871,0.19575299807857946,0.0
1410100091802,401.50696190798175,36.92018040533166,56268.2288825662,207.67601477999057,20.0,138.45067651999372,4.615022550666457,0.9042858270084381,5402,24930.3518187002,0.4174757281553398,0.2054794520547945,123.8953871,10.2242744063,0.0,0.8974672011799583,0.947479934943743,0.6186975757069748,0.5831862192244308,0.3241786929076167,0.5512155021678085,0.2756002278021061,0.6205559452893071,0.8773780437888159,0.9504818251759566,0.970552433671914,0.12780343007875,0.13915857605177992,0.2339672115078295,0.0
1410100011817,222.27676222642268,37.04612703773711,55718.84934106628,18.523063518868554,0.0,9.261531759434277,0.0,0.6931471805599453,323,2991.474758297272,0.34024896265560167,0.18575851393188855,122.3990076,6.5934065934,0.0,0.8092872984300157,0.9466300380504631,0.6192618784750963,0.3244831653263158,0.0,0.25992840699059755,0.0,0.4756644315437017,0.5901185326329985,0.7514429852859352,0.9588303284392992,0.0824175824175,0.11341632088520055,0.2115121540566137,0.0
1410100011022,262.3835965814016,134.10717158604973,55359.87219118263,932.9194545116502,40.0,507.2749533907098,11.661493181395628,0.9754191378477632,2939,17136.564230060874,0.47097097097097096,0.17216740387887036,120.8748344,13.7974683544,0.0,0.8340069005927906,0.9460701572559279,0.8349295587727941,0.7468264859490367,0.39541864552742145,0.695592805425844,0.4054773956692688,0.6693703772211742,0.8152556631979915,0.9152886753205991,0.9468904972379686,0.17246835443,0.1569903236569903,0.19603676667066366,0.0
1410100010999,148.13522793500053,41.25284828569635,40986.08264387989,202.51398249341844,100.0,86.255955506456,11.250776805189913,1.259092796607345,5209,9767.549396372377,0.44895688456189153,0.19101555000959877,119.8955557,15.7936507937,0.0,0.7489008369191283,0.9200297246251825,0.6371093934822113,0.5804510871667171,0.49141491559492917,0.49887429787292853,0.4002102374353722,0.8640382247175676,0.8736648075980843,0.8625153972094599,0.9392191759097505,0.19742063492125,0.14965229485396384,0.21749802787318356,0.0
1412000013965,235.8957998391475,16.26867585097569,40745.697286668954,24.40301377646353,500.0,0.0,0.0,0.6365141682948128,799,6499.336002464787,0.36115843270868825,0.1702127659574468,125.6994221,1.9230769231,0.0,0.8181469265125483,0.9195201900922815,0.48483344137217244,0.3532310478720935,0.6619400189667066,0.0,0.0,0.4368006658944782,0.6823885635431195,0.8242746627696294,0.9846846027595824,0.02403846153875,0.12038614423622941,0.1938111369086134,0.0
1410100010607,452.8435809258566,34.17687403214012,65096.3894733875,418.6667068937165,0.0,196.51702568480567,8.54421850803503,1.080301325623104,2114,18062.47792598605,0.46601941747572817,0.19725638599810785,119.8127131,22.3968565815,0.0,0.9154294081244739,0.9601041573950049,0.6059177568644889,0.6594782848940773,0.0,0.5900767753607559,0.36033379320273284,0.7413445951454477,0.7816339755414013,0.9202288458466845,0.9385702164212361,0.27996070726875,0.15533980582524273,0.22460409604256823,0.0
1410100010626,441.8219196110365,75.0263637075345,71595.52836052763,925.3251523929256,0.0,591.8746470261055,16.672525268341,0.9349549897377434,3040,25342.23840787832,0.5353892821031345,0.18092105263157895,120.793671,20.9169054441,0.0,0.9117506484269143,0.9683474390803196,0.7370763338597481,0.7459349218860968,0.0,0.7127799964766873,0.4587376941455352,0.6416023121572665,0.8187037199635552,0.95202021214677,0.9462546920055146,0.26146131805125,0.17846309403437818,0.20600402504472273,0.0
1410100010700,174.87006434177027,84.07214631815879,40612.39079144191,652.3998554289122,230.0,269.03086821810814,40.35463023271622,1.1543495248875508,3634,12220.727188807561,0.4682314852286524,0.1774903687396808,119.3148118,18.9161554192,0.0,0.7735744358769775,0.9192363287615756,0.7562082256333257,0.7078219694991383,0.5795049620240298,0.624985951620709,0.5945332983721611,0.7921593363689557,0.8369177339526376,0.8835501054535994,0.9346698345768872,0.23645194273999998,0.15607716174288414,0.2020977096651285,0.0
1410100011319,154.80574176464734,92.8834450587884,39558.098503540336,1424.2128242347555,60.0,676.7222425711726,75.19136028568585,1.0871946089058033,2875,12716.18593066746,0.5565782349756362,0.15478260869565216,119.3089117,16.5497896213,0.0,0.7554483404638389,0.9169579462271265,0.7729805100557187,0.7929816644191044,0.4377230725854981,0.7277115261563644,0.6921366592909569,0.7460750330179441,0.8130088929951333,0.8872810078222778,0.9346236152902136,0.20687237026625,0.18552607832521206,0.17624173601928908,0.0
1410100010819,158.32306695442844,34.418058033571405,38808.37695153585,168.64848436449986,0.0,92.92875669064279,3.4418058033571404,1.0061834715774862,2451,8435.866024028352,0.466786355475763,0.17829457364341086,119.9485465,15.5477031802,0.0,0.7587887936941465,0.9153005063176849,0.607080604732832,0.560576944379355,0.0,0.5071006795787347,0.23816268212213007,0.6904820541143097,0.7967269399683731,0.8487558695712127,0.939634287005539,0.19434628975249998,0.15559545182525433,0.2030134098819875,0.0
1410100011484,146.6767346685617,29.70668043920237,37160.45846688713,237.65344351361895,200.0,105.83004906465844,14.853340219601185,1.2586870946095516,5706,10594.144911630545,0.4929282346778418,0.18752190676480898,118.8703016,19.829424307,0.0,0.7474302541652925,0.9115419341202199,0.5827884123993322,0.5978434052388396,0.5646923247741623,0.5214682480096655,0.441386396385676,0.8637598162993142,0.8829660064677364,0.8701414873800372,0.9311876996362718,0.2478678038375,0.1643094115592806,0.21352002442898196,0.0
1410100011412,147.91394389410857,27.391471091501586,29925.0198337887,126.0007670209073,40.0,63.00038351045365,5.478294218300317,1.028093791366799,2130,5834.383342489838,0.39763779527559057,0.18169014084507043,123.9408948,13.3540372671,0.0,0.7486786465660549,0.8927841399771076,0.5694475184132586,0.5289611537182447,0.39541864552742145,0.4642726450330965,0.2984430451371566,0.7055177638449689,0.7824033319881307,0.8141431525517143,0.9709089248215818,0.16692546583875,0.1325459317585302,0.20687973997833153,0.0
1410100011427,141.86828368308355,20.266897669011936,47344.15047802905,182.40207902110743,0.0,121.60138601407162,0.0,0.6365141682948128,1635,33136.37768883452,0.4367311072056239,0.20244648318042813,122.1503586,21.09375,0.0,0.7424769572670814,0.9325214838663947,0.520275341286251,0.569088941695099,0.0,0.5368401217224213,0.0,0.4368006658944782,0.755418874026922,0.9771954992863381,0.956882500536027,0.263671875,0.14557703573520797,0.23051375052655187,0.0
1410100011747,123.09694303510477,17.585277576443538,38486.132578028766,70.34111030577415,0.0,52.75583272933061,0.0,0.5623351446188083,551,4844.743972310195,0.556497175141243,0.19056261343012704,120.3097471,15.9420289855,0.0,0.721399374684839,0.9145782457223522,0.49733772833968803,0.46598623281560636,0.0,0.4447995889196744,0.0,0.3858961478946939,0.6445090840994198,0.7966956194513808,0.9424638041455984,0.19927536231875,0.18549905838041433,0.21698229597187094,0.0
1410100011179,16.323996681640825,0.0,8690.181041002577,114.26797677148578,0.0,32.64799336328165,0.0,1.0789922078775833,1188,9696.45402889465,0.31125827814569534,0.2356902356902357,122.847925,10.6918238994,0.0,0.4267726466177066,0.7856811012475156,0.0,0.5183765131490042,0.0,0.39249928651766575,0.0,0.740446227863994,0.7228397803064514,0.861829603965091,0.9623469878185221,0.1336477987425,0.10375275938189844,0.2683664311571288,0.0
1410100010768,319.5475375544582,101.98325666631645,60809.29462692586,482.7207482205645,115.0,190.36874577712402,10.198325666631645,1.0721099529182467,4908,16684.46079060937,0.46195326542840026,0.19030154849225753,118.8446309,18.5283687943,0.0,0.8633980530097427,0.9542028977723382,0.7887245420999546,0.6749890845955065,0.5061590729886817,0.5865466224256075,0.38586274890674177,0.7357233580539674,0.8675898592561551,0.9127786506221767,0.9309866044951027,0.23160460992875,0.15398442180946675,0.21668503687893007,0.0
1410100012001,189.39421818664636,50.84408541923392,38891.026400468436,246.59381428328453,775.0,109.31478365135294,7.626612812885089,1.0589275645043077,5327,6771.161075706478,0.4412878787878788,0.1781490519992491,120.1314855,12.6284875184,0.0,0.785448161676154,0.9154847858955518,0.6719235805599995,0.6018592751621427,0.7085296661547819,0.525051548652541,0.3441880077628218,0.7266770927481788,0.8759510775802909,0.8281207964127242,0.9410673661202618,0.15785609398,0.14709595959595959,0.20284771305460117,0.0
1412000014677,257.81701524689777,128.90850762344888,55369.348923744656,628.4289746643134,160.0,225.58988834103556,42.96950254114963,1.1780612841171443,2892,15533.475168625591,0.461577350859454,0.22475795297372061,118.0959983,24.1481481481,0.0,0.8313897552789509,0.946084984296704,0.8282519321463416,0.7037406728727609,0.5410645048185279,0.6054059886823775,0.6043264598750446,0.8084312635889934,0.8136105308973424,0.9060681205272405,0.9251220827492715,0.30185185185124996,0.15385911695315133,0.2559184920711506,0.0
1410100012016,186.69336659573105,40.30879506044194,39171.73309154676,144.26305600579218,80.0,74.25304353239304,2.121515529496944,1.0508905425885644,3983,8449.996353986327,0.4557748538011696,0.20060256088375597,118.3195996,20.5153617443,0.0,0.783310304752645,0.9161077536331503,0.6332638809921739,0.5436318318939747,0.46791797799195844,0.48235366925647805,0.18182020522410836,0.7211617771441133,0.8462764663631424,0.848912979809414,0.9268736958719784,0.25644202180375003,0.15192495126705655,0.228414186051003,0.0
1410100010471,147.81553837298887,36.13268715784173,37920.94315474646,391.98490916688905,235.0,194.89752466957052,6.569579483243951,1.0980979241080178,7761,8497.75106157605,0.5551544324107501,0.20693209637933255,115.1747444,27.5622466705,0.0,0.7485797319238682,0.9132967329298338,0.6151261491259898,0.6523053128165694,0.581785120343782,0.5891576833016428,0.3233093868437614,0.7535573100480742,0.9143614339290792,0.8494420105058523,0.9022380178265785,0.34452808338124996,0.18505147747025005,0.23562125106519707,0.0
1412000016758,109.62144078896577,2.8473101503627474,16115.998246328636,92.53757988678929,1840.0,22.066653665311293,3.559137687953434,0.8288510606447099,5465,3890.1374929331037,0.34116331096196867,0.09478499542543459,125.4902923,1.7366136035,0.0,0.7041989711102192,0.8391768283296416,0.22930022703923664,0.4955660961218523,0.8005183963400685,0.35035022001528965,0.24232716333838092,0.5687896880392258,0.878561470515562,0.7760972936107396,0.9830463542251191,0.02170767004375,0.11372110365398956,0.10792602788602704,0.0
1410100010679,146.7349979128315,21.33151952036757,34023.409152739325,166.1272883858929,120.0,80.15480062198723,7.7569161892245715,1.2053579067651548,9075,5866.167868101082,0.501747960712502,0.19239669421487604,116.4805161,21.4071214071,0.0,0.7474892783333984,0.9039022591402724,0.5285883308515142,0.5589419878741694,0.5106525382328262,0.49078225669404185,0.3465826142353379,0.8271632628801684,0.9303266333066432,0.81465314414265,0.9124669692905425,0.26758901758875,0.1672493202375007,0.21907065450405833,0.0
1410100011183,0.0,0.0,3795.3625506731764,143.46264380065134,20.0,0.0,47.820881266883774,0.6365141682948128,79,3777.849620083818,0.5192307692307693,0.10126582278481013,123.0610813,25.0,0.0,0.0,0.7139338120247636,0.0,0.5430284946814639,0.3241786929076167,0.0,0.6210437813009638,0.4368006658944782,0.447332617430274,0.7733481589457323,0.9640167785230825,0.3125,0.1730769230769231,0.11530535993297253,0.0
1410100220081,233.17913448612398,45.131445384411094,59567.340407599084,255.7448571783295,0.0,195.5695966657814,0.0,0.7012565123592978,2168,16307.495598900541,0.5836376917457998,0.1572878228782288,122.1159796,14.7853736089,0.0,0.8164210333526218,0.9524154328505797,0.6520553882475603,0.6058223138696726,0.0,0.589540013584876,0.0,0.4812293689894866,0.7842076454767143,0.91063322967805,0.9566131876673382,0.18481717011125,0.19454589724859994,0.17909427417172205,0.0
1410100220096,388.278368555784,0.0,65320.28732145134,129.426122851928,0.0,92.44723060852,0.0,0.5982695885852573,627,11592.882718308409,0.47877358490566035,0.12440191387559808,123.3459607,14.9758454106,0.0,0.8924667455967847,0.9604015817317775,0.0,0.5318672482839143,0.0,0.5065269165082752,0.0,0.4105557546009232,0.6576770512442067,0.8785988222221148,0.966248422504709,0.1871980676325,0.15959119496855345,0.1416490486257928,0.0
1410100220113,252.5703870802189,32.14532199202786,44523.73547619666,110.21253254409552,20.0,82.65939940807164,0.0,0.5623351446188083,3115,14304.668286452397,0.5990759753593429,0.14253611556982343,122.3422979,18.9749182116,0.0,0.8283252528692707,0.9272011084245204,0.5957940300073467,0.514465526355586,0.3241786929076167,0.4941754041061809,0.0,0.3858961478946939,0.8211908537122422,0.8983314311660713,0.9583860848025012,0.23718647764499998,0.19969199178644761,0.1622973838286093,0.0
1410100220024,160.27994778801906,57.24283849572109,42630.491882717004,141.1990016227787,20.0,76.32378466096145,11.448567699144217,1.0591434127615207,2675,10208.306198403594,0.5894236482471776,0.14429906542056076,122.4687468,19.4300518135,0.0,0.7606154848089922,0.9234371714631209,0.6917295294815882,0.541303929788263,0.3241786929076167,0.48538399732238463,0.40276846070340544,0.7268252161791708,0.8056509901621454,0.8666587068991876,0.9593766405487864,0.24287564766875,0.19647454941572587,0.16430474980355442,0.0
1410100340274,355.5344796757321,82.04641838670742,42299.36173726784,232.464852095671,0.0,109.39522451560988,13.674403064451235,0.8760918930634294,1841,25174.576041654724,0.5562130177514792,0.11787072243346007,123.5449653,12.5693160813,0.0,0.8793192627188859,0.92276171670848,0.752106820203707,0.5954431995883667,0.0,0.5251329216801061,0.42904340885252085,0.6012081762453653,0.7675257423391767,0.9513970360322093,0.967807353820578,0.15711645101625,0.18540433925049307,0.13421236999802744,0.0
1410100342637,383.0589860167638,41.89707659558354,38216.70964141321,149.63241641279836,0.0,59.852966565119345,5.9852966565119345,0.9640681217905833,1970,11791.03441332851,0.5295031055900621,0.11979695431472082,124.7361064,8.5858585859,0.0,0.8904468929888174,0.9139697191938871,0.639684588141052,0.5475951984205941,0.0,0.45864311870098295,0.31047850947823474,0.6615808705309497,0.7744356816153416,0.880189860186084,0.9771383299005715,0.10732323232375,0.17650103519668736,0.1364056554943109,0.0
1410100341978,462.45655576903846,28.313666679737047,53056.854672588364,28.313666679737047,0.0,28.313666679737047,0.0,0.0,1500,14156.833339868523,0.4880952380952381,0.09866666666666667,125.0649327,7.6923076923,0.0,0.9185657629651023,0.9423895098376597,0.5748874291637313,0.368866230905132,0.0,0.37710503117532657,0.0,0.0,0.746627168829817,0.8973561733243969,0.9797142382793294,0.09615384615375,0.1626984126984127,0.1123458556946929,0.0
1410100342641,386.62886949824286,42.958763277582534,43867.148378163336,236.27319802670397,0.0,150.35567147153887,0.0,0.7924891052673698,1387,14895.951166501745,0.5672316384180791,0.09012256669069935,124.5071218,10.5263157895,0.0,0.8918313466334804,0.9259141960574184,0.6438452767766562,0.5972100463608594,0.0,0.560360716252292,0.0,0.5438367064510908,0.7386373290136025,0.9021338470752645,0.9753445459187352,0.13157894736875,0.18907721280602638,0.10261719802974979,0.0
1410100342463,296.22643146906944,24.685535955755785,34559.584550346466,162.92453730798817,120.0,78.99371505841852,19.74842876460463,0.9737518448811457,1707,8427.641975295026,0.5092838196286472,0.0984182776801406,124.8525073,7.9150579151,0.0,0.852095178289107,0.9052566766897971,0.5524018577334143,0.5568291164262852,0.5106525382328262,0.48917357105353504,0.4843673799191855,0.6682262162357075,0.7598154937238943,0.8486643080401175,0.9780501731856279,0.09893822393875,0.16976127320954906,0.112063029952432,0.0
141010193268A,257.8782322820377,35.16521349300514,61017.48241058826,234.43475662003425,0.0,128.93911614101884,11.721737831001713,0.9958213213455276,686,8041.112152067175,0.4816414686825054,0.17638483965014579,121.147929,12.3076923077,0.0,0.8314251436898342,0.9544989523122043,0.6106333285138017,0.5963606871560445,0.0,0.5433291356925892,0.4062355902769458,0.683371145438791,0.6668435499107436,0.844256973336976,0.9490298232843752,0.15384615384625,0.1605471562275018,0.2008389095479746,0.0
1410101932694,279.92807607193237,109.12450423143126,58402.813419036596,37.95634929788913,0.0,37.95634929788913,0.0,0.0,1922,9119.012918817865,0.5512510088781275,0.15088449531737774,124.325976,10.0189035917,0.0,0.8436564326567513,0.9507052202519479,0.800134491057361,0.3999199400160113,0.0,0.40885233944377974,0.0,0.0,0.771918857671661,0.85606579370175,0.9739255140955605,0.12523629489625002,0.18375033629270918,0.1718031865286421,0.0
1410101932711,39.145388491137616,5.5921983558768025,22923.686233850094,27.96099177938401,75.0,5.5921983558768025,0.0,0.9502705392332347,129,721.3935879081075,0.6753246753246753,0.1937984496124031,110.9790661,23.6842105263,0.0,0.5525280678574529,0.8696977527569357,0.3209459383281025,0.3675445322641729,0.46113356110959247,0.21052874343568814,0.0,0.65211243518578,0.4968949547054437,0.6180053895050752,0.8693705650481899,0.29605263157875,0.22510822510822512,0.22066674987172555,0.0
1410101932707,208.57662461241082,57.35857176841298,46540.037804479616,130.36039038275678,175.0,52.144156153102706,26.072078076551353,1.355161622109057,491,2560.2780671173427,0.5295950155763239,0.17311608961303462,121.4948781,9.3023255814,0.0,0.7998120165457495,0.9310376278409326,0.6920673615043619,0.5326466442552514,0.550549643662534,0.4435220483992796,0.5268599249926499,0.9299643722270011,0.6327624041337452,0.7368349914982285,0.9517476992380093,0.11627906976749999,0.17653167185877464,0.1971169786023194,0.0
1410101892660,275.82257750562337,64.03024120666257,40084.123120626944,29.55241901845965,0.0,24.627015848716376,0.0,0.45056120886630463,1264,6225.7096065555,0.4731934731934732,0.16455696202531644,123.2070652,14.5077720207,0.0,0.8414535234100824,0.9181022044894578,0.7104890207571932,0.373385809512352,0.0,0.3621006937237424,0.0,0.30919254568402477,0.7291648234018788,0.8202370554239654,0.9651603645171887,0.18134715025874998,0.15773115773115773,0.18737120989108036,0.0
1410101892656,391.1376127581475,78.2275225516295,65121.62577848846,117.34128382744426,0.0,86.05027480679246,15.645504510325901,0.7647544195674196,1869,14620.723964899555,0.4880573248407643,0.17228464419475656,124.8400876,9.576427256,0.0,0.8935617953294607,0.9601377322370462,0.7440952901965376,0.5212497622590945,0.0,0.49861084278743656,0.44917467837723135,0.5248040913334,0.7690658243558092,0.9003830579429385,0.9779528816694334,0.11970534070000001,0.16268577494692144,0.19617026123428005,0.0
1410101892675,158.8154681508753,75.22837965041461,46186.2815987642,41.79354425023033,0.0,25.076126550138202,0.0,0.9502705392332347,147,1228.7302009567718,0.47,0.17687074829931973,120.1844703,19.1489361702,0.0,0.7592505396942957,0.9303766913496009,0.7375279415284016,0.4101783073135544,0.0,0.3640401194032134,0.0,0.65211243518578,0.5101329208246487,0.6679503911719815,0.9414824302141825,0.2393617021275,0.15666666666666665,0.2013921847808891,0.0
1410100380128,471.6532280359161,116.2044185016025,57035.51224901236,116.2044185016025,0.0,61.519986265554266,20.506662088518087,1.0027399543973452,2244,15338.98324221153,0.6213872832369942,0.13814616755793227,122.9547435,19.21875,0.0,0.9215059898477476,0.9486531468224277,0.8107382541843033,0.5201956920619993,0.0,0.4616601023724966,0.4901003376930587,0.6881189793043111,0.7877233286825713,0.9048852567343209,0.9631837659872888,0.240234375,0.2071290944123314,0.15729881153957762,0.0
1410100380166,97.2616652273867,7.678552517951581,30179.199993514107,28.154692565822465,0.0,7.678552517951581,7.678552517951581,1.2945451658448959,559,1430.770285844978,0.6345029239766082,0.18246869409660108,117.8419497,19.2052980132,0.0,0.6864702327188299,0.8935167802147542,0.3677408030581117,0.3682724326703041,0.0,0.2412244553745023,0.34514681946498454,0.8883670130805733,0.6459779367839366,0.6822318994251093,0.9231319562984625,0.240066225165,0.2115009746588694,0.20776623218691695,0.0
1410100380132,501.6812370998369,83.61353951663949,54006.11638181299,71.66874815711957,0.0,53.75156111783967,0.0,0.5623351446188083,2815,16812.293838524296,0.5636464702612562,0.13357015985790407,124.1634388,14.0586797066,0.0,0.9307226417698138,0.9439255970884182,0.7552883214781521,0.46799964193886295,0.0,0.4468484829725258,0.0,0.3858961478946939,0.8108566663980061,0.9134951954309765,0.9726522554318228,0.1757334963325,0.18788215675375208,0.15208838416736303,0.0
141200206504A,38.66202387505897,0.9665505968764744,19098.930911587395,31.896169696923653,0.0,21.264113131282436,1.9331011937529488,0.7945606059807585,1199,1158.8941656548927,0.6065573770491803,0.01834862385321101,0.0,40.0,0.0,0.5507154765983608,0.8538863906826245,0.11509155485164067,0.3814566622084159,0.0,0.3463970540655656,0.17187586826089002,0.5452582504419073,0.7237798610426549,0.6624613007069285,0.0,0.5,0.20218579234972678,0.020892484941983556,0.0
1412002067347,72.08284928457749,72.08284928457749,34436.41821773565,0.0,0.0,0.0,0.0,0.0,10,720.8284928457749,0.0,0.0,0.0,0.0,0.0,0.6421722735709127,0.904947418010448,0.7303564099816628,0.0,0.0,0.0,0.0,0.0,0.2447855428848632,0.6179319187813712,0.0,0.0,0.0,0.0,0.0
1412002434713,66.08573968134475,16.801459241019852,23739.729458302176,125.45089566628157,2020.0,49.2842804403249,6.720583696407941,1.1695760860055977,2086,2336.522931784494,0.49748743718592964,0.16970278044103548,119.9139855,15.2317880795,0.0,0.6293601995211452,0.8727276524036023,0.49000465991760744,0.5284873494613239,0.810451164268092,0.4373469529832359,0.3264643868164446,0.8026083921275471,0.7802734899079102,0.7282525220423166,0.9393635484135278,0.19039735099375,0.1658291457286432,0.1932304467812506,0.0
1412002066461,100.0,0.0,1117.4370953685427,0.0,0.0,0.0,0.0,0.0,12,1200.0,0.0,0.0,0.0,0.0,0.0,0.6905831793356683,0.6080702148299475,0.0,0.0,0.0,0.0,0.0,0.0,0.2618390085925983,0.6657309231317938,0.0,0.0,0.0,0.0,0.0
1412002065054,36.440483598683294,4.637879730741511,14645.608842286434,42.40347182392238,0.0,24.514507148205126,3.312771236243936,1.0403356798102932,1748,1158.14482419088,0.6704545454545454,0.08237986270022883,114.6261545,26.2032085561,0.0,0.5420902828723887,0.8308899283672866,0.29433291703764375,0.41172365287724894,0.0,0.36160951572390965,0.23345387775454018,0.7139186216581567,0.7622370267121042,0.6624006272845286,0.8979405595031054,0.32754010695125,0.22348484848484848,0.09380104223380259,0.0
1412002317192,200.93203413368738,9.133274278803972,39106.44591867461,73.06619423043178,20.0,27.399822836411918,4.566637139401986,1.0609581504393426,1250,5708.296424252483,0.42531356898517675,0.112,124.8713277,8.1967213115,0.0,0.7942518454089197,0.9159632622000146,0.39411402213930985,0.4700795635533147,0.3241786929076167,0.3735694833997356,0.27421787412403725,0.7280705594340113,0.7280287472849133,0.8120923106987801,0.9781976055109972,0.10245901639374999,0.14177118966172558,0.12752772808586763,0.0
1412002313895,210.05838576160917,0.0,40590.79656713808,210.05838576160917,0.0,129.26669893022103,0.0,0.666278442414676,514,8305.385406266701,0.4198895027624309,0.22568093385214008,123.189749,6.0402684564,0.0,0.8008662517828999,0.9191902585941024,0.0,0.5844257913896578,0.0,0.5436102157684948,0.0,0.4572260631645047,0.637426413897931,0.8472925413076506,0.9650247155600699,0.075503355705,0.13996316758747698,0.256969435414825,0.0
1412002314164,212.96042995975873,70.98680998658624,48063.092706334,496.90766990610365,120.0,287.32756423142047,40.56389142090642,1.134960675251992,4312,14575.958317245708,0.5628851032982964,0.18877551020408162,117.8987523,20.8080808081,0.0,0.8029097090500712,0.9338269863667752,0.7277848063029593,0.6781455687575723,0.5106525382328262,0.6323047682621504,0.5953395049808526,0.7788539570803404,0.8543765244460324,0.9000951797793441,0.9235769276808464,0.26010101010125003,0.1876283677660988,0.21494742798729508,0.0
1412002316480,100.0,0.0,36997.220210136686,0.0,0.0,0.0,0.0,0.0,15,1500.0,0.0,0.3333333333333333,0.0,25.0,0.0,0.6905831793356683,0.911160586750278,0.0,0.0,0.0,0.0,0.0,0.0,0.28303556175657146,0.6866651465434322,0.0,0.3125,0.0,0.3795468097793679,0.0
1412002313823,108.25371182986984,25.639037012337596,28944.03786214717,161.43097378138486,175.0,80.71548689069243,13.294315487878754,1.2004023610308507,4797,4555.202242525313,0.5238246505717916,0.1957473420888055,119.9524679,17.1155516942,0.0,0.7023373451122981,0.889897016664779,0.5586049723373933,0.555829650238808,0.550549643662534,0.4915508658030881,0.42485173379003205,0.8237625755358263,0.865255098265257,0.7909112301278931,0.9396650058595858,0.2139443961775,0.17460821685726388,0.22288583763779016,0.0
1412002316476,67.11879446979991,33.559397234899954,33726.993235100745,33.559397234899954,0.0,0.0,0.0,0.0,58,1946.4450396241973,1.0,0.06896551724137931,0.0,21.4285714286,0.0,0.6316468695298644,0.9031443004464449,0.6029039215977701,0.38684251190045493,0.0,0.0,0.0,0.0,0.4162492950223799,0.7111115855719244,0.0,0.2678571428575,0.3333333333333333,0.07852692616124853,0.0
1412002313838,181.28164057196673,23.852847443679835,44192.70592791993,386.4161285876133,155.0,147.88765415081497,42.935125398623704,1.0732584521032527,2877,13724.928419093376,0.42074074074074075,0.1981230448383733,123.8935378,8.7635054022,0.0,0.7789324904483979,0.9265546794437199,0.5467933571273595,0.6507469019593618,0.5377052569945776,0.5585254022516621,0.6042015299866021,0.7365115026606048,0.8130798582397956,0.8944474776269936,0.9705379469129023,0.1095438175275,0.1402469135802469,0.22559090883653776,0.0
141200231696A,0.0,0.0,7091.588111373143,0.0,0.0,0.0,0.0,0.0,1415,16290.676660643334,0.4453524004085802,0.16113074204946998,126.0821188,6.5693430657,0.0,0.0,0.7680741271947779,0.0,0.0,0.0,0.0,0.0,0.0,0.7406761542784867,0.9105363560681464,0.987682512707944,0.08211678832125,0.1484508001361934,0.18346997730677575,0.0
1412002315618,248.67664533789392,17.76261752413528,52163.75804331862,550.6411432481937,0.0,230.91402781375862,53.28785257240584,1.222303205831406,956,16981.06235307333,0.4550989345509893,0.19560669456066945,123.8656707,8.9285714286,0.0,0.8260096849071662,0.9409190074176558,0.49895390916357435,0.6893361971364892,0.0,0.607998684992886,0.637997583260843,0.8387917831623617,0.7006810758132115,0.9144328972828567,0.9703196459546709,0.1116071428575,0.15169964485032977,0.22272569067596798,0.0
1412002316211,328.37748860358295,54.72958143393049,56432.86464062737,0.0,0.0,0.0,0.0,0.0,96,2627.0199088286636,0.6,0.21875,110.4669801,13.0434782609,0.0,0.8674642152587364,0.9477330130552187,0.684222747707408,0.0,0.0,0.0,0.0,0.0,0.467002509708211,0.739250120257038,0.8653590653048769,0.16304347826125,0.19999999999999998,0.2490775939177102,0.0
1412002316692,167.90717991602705,45.53415048570225,38073.67236075317,79.68476334997894,60.0,36.996497269633075,17.075306432138344,1.3522786212272346,1206,3432.136592859807,0.5363057324840764,0.20480928689883915,119.2349985,12.925170068,0.0,0.767529765956131,0.9136449053548976,0.6535345565179996,0.4794256136265444,0.4377230725854981,0.4060673222801158,0.4623372268381488,0.9279859454021466,0.7243736180155667,0.7643403202527417,0.9340446055480465,0.16156462585,0.17876857749469213,0.23320413436692508,0.0
1412002313999,264.53353217413314,75.58100919260947,40648.09214030762,151.16201838521894,175.0,37.790504596304736,0.0,0.5623351446188083,326,12319.704498395342,0.6632653061224489,0.19938650306748465,119.44505,14.2857142857,0.0,0.8352233755000614,0.9193124420543031,0.7383133863219998,0.548698429698661,0.550549643662534,0.4083760782564943,0.0,0.3858961478946939,0.5910594010474929,0.8843073692109574,0.9356900743527639,0.17857142857125,0.22108843537414966,0.22702953345698385,0.0
1412002317239,41.781106716409134,0.0,29593.452060059906,20.890553358204567,0.0,20.890553358204567,0.0,0.0,71,1483.2292884325243,0.6046511627906976,0.19718309859154928,0.0,29.4117647059,0.0,0.562043202120942,0.8918190309334568,0.0,0.3369814686212542,0.0,0.34450810777148155,0.0,0.0,0.436577047194785,0.6856102615151839,0.0,0.36764705882375004,0.20155038759689922,0.2245206480384993,0.0
1412002312026,88.03742221162459,33.6613673162094,38573.17963860993,414.2937515841157,60.0,240.80824310826725,28.482695421407954,1.0853303065365394,3626,9388.932145275023,0.49710982658959535,0.21207942636514066,119.8005688,12.5448028674,0.0,0.6717196387871854,0.9147739425747001,0.6034053199793152,0.6583344971816045,0.4377230725854981,0.6126625553593184,0.5404847372847033,0.7447956765528638,0.8366928184106254,0.858804126581029,0.9384750822907721,0.1568100358425,0.1657032755298651,0.2414822090901825,0.0
1412002316230,299.86264201818705,40.280056390502736,60650.95058511493,250.63146198535034,20.0,147.69354009851003,4.475561821166971,0.9368406440386425,3512,15718.1731159384,0.5190311418685121,0.17454441913439636,122.9608203,12.4875124875,0.0,0.8539146757349172,0.9539770443826903,0.6331454428748046,0.6036256125112235,0.3241786929076167,0.5583797633786922,0.2715829793678151,0.6428963211445072,0.833432732111008,0.9071777887970932,0.9632313694789681,0.15609390609375,0.17301038062283736,0.198743332341759,0.0
1412002317173,155.1387642723894,103.4258428482596,44913.104329208516,0.0,0.0,0.0,0.0,0.0,106,5481.569670957759,0.75,0.12264150943396226,119.3403141,23.0769230769,0.0,0.755767831998711,0.9279553383153022,0.7910919179066056,0.0,0.0,0.0,0.0,0.0,0.4770187238898574,0.8082879082860738,0.9348696105323008,0.28846153846125,0.25,0.1396445809565599,0.0
1412002315872,201.72833499443533,36.67787908989733,32132.90929839861,428.6727118631751,180.0,206.31306988067251,34.38551164677875,1.1288374603631448,3986,9137.376628270673,0.46868091378039795,0.1914199698946312,120.810942,14.537037037,0.0,0.7948407568851236,0.8989503076080664,0.6176066558395927,0.6620512378908238,0.5535324528401375,0.5954804412182891,0.5696347471951153,0.7746519699540702,0.8463533075412798,0.8562546471219031,0.9463899868818962,0.1817129629625,0.15622697126013266,0.21795851670470975,0.0
1412002316226,92.86957433166543,11.60869679145818,25144.469966673434,58.043483957290896,0.0,11.60869679145818,0.0,0.5004024235381879,173,2008.304544922265,0.5309734513274337,0.2138728323699422,114.847887,29.7297297297,0.0,0.6796277777621277,0.8777072626385234,0.43130961687449876,0.44532671673425367,0.0,0.2829232616101484,0.0,0.3433955168700248,0.5266544233674912,0.71404740964929,0.8996775331107302,0.37162162162125,0.1769911504424779,0.24352425367346728,0.0
1412002315035,269.5810767535534,179.7207178357023,76289.19153915843,134.7905383767767,0.0,134.7905383767767,0.0,0.0,147,6604.736380462059,0.5806451612903226,0.14285714285714285,116.2310674,25.7142857143,0.0,0.8380410985170229,0.9738478429302758,0.8844331664195593,0.5362685211606877,0.0,0.5482463300975319,0.0,0.0,0.5101329208246487,0.8257847628577517,0.9105128768216607,0.32142857142875003,0.19354838709677422,0.16266291847687195,0.0
1412002315726,80.79158131455323,18.46664715761217,20329.95311735945,212.36644231253993,135.0,87.7165739986578,23.083308947015208,1.0135880916515976,5716,13194.419394113895,0.42330677290836655,0.18421973407977607,125.1007937,4.5942720764,0.0,0.6590182625631921,0.8592968791579783,0.5052227946788667,0.5856134244290876,0.5230961742410409,0.500727520721191,0.5081744484157682,0.6955633910902518,0.8831447241260152,0.8907468195005693,0.9799951606093578,0.057428400955,0.1411022576361222,0.2097600371051475,0.0
1412002314817,46.615999536253796,18.646399814501518,18040.433957456007,83.90879916525684,0.0,9.323199907250759,0.0,0.34883209584303193,119,1109.4607889628403,0.4936708860759494,0.2605042016806723,114.9314305,19.0476190476,0.0,0.5780649503802605,0.8489476602915409,0.506787033162194,0.48499760827278515,0.0,0.2605972785778809,0.0,0.23938208973068748,0.4887239149298094,0.6583722553880108,0.9003319832007648,0.23809523809500002,0.16455696202531647,0.29662061604606066,0.0
1412000014499,244.93452984914438,52.82901624197232,48688.898510128936,984.5407572367568,120.0,393.81630289470274,52.82901624197232,1.1147779274800844,2904,13946.860287880692,0.43407407407407406,0.18698347107438015,120.9067148,13.2413793103,0.0,0.8237500030716756,0.9349475659333153,0.6783176632070451,0.7527012023840443,0.5106525382328262,0.6673938869061823,0.6366418469093186,0.7650037741535932,0.8140330916952577,0.8959533463870343,0.9471402369621882,0.16551724137874999,0.14469135802469135,0.2129069397832611,0.0
141200231205A,96.46643232477166,17.27756996861582,24515.79743248163,159.8175222096963,210.0,74.86946986400189,10.07858248169256,1.1289395355235028,4075,5867.174801842455,0.4414573753095154,0.1958282208588957,122.7683529,10.1694915254,0.0,0.6852543085229024,0.8755140179391878,0.494496502989108,0.5547395778130302,0.569862239423863,0.4832643794066003,0.38414559837244044,0.7747220178811023,0.8486070097721532,0.8146692554908295,0.9617236482647656,0.1271186440675,0.14715245843650512,0.22297792947529,0.0
1412002316245,190.4187095697413,28.85131963177899,39132.245583799646,98.09448674804855,0.0,51.93237533720218,5.770263926355797,1.0375911080918452,1586,9151.638587200296,0.548828125,0.1828499369482976,123.3217787,15.7043879908,0.0,0.786251172997636,0.9160203899803063,0.5779805398488403,0.5018677909972998,0.0,0.4430762960530758,0.3054842632452054,0.7120351902847045,0.7523146376253043,0.8564010562728788,0.9660589893102987,0.19630484988500002,0.18294270833333334,0.20820033071125477,0.0
1412002316688,180.5752182190711,77.38937923674476,50047.39976563493,350.09481083289296,115.0,176.890009683988,11.05562560524925,1.1203330289776257,1464,5395.145295361634,0.5,0.19603825136612021,118.8086641,20.9039548023,0.0,0.7783514620522434,0.9373313546375834,0.7422853433028471,0.6399974203319658,0.5061590729886817,0.5783932530123007,0.39764535082873614,0.7688158998753785,0.7441489581111814,0.8067961634159865,0.9307048533654726,0.26129943502874997,0.16666666666666666,0.22321707870221022,0.0
141200231625A,139.99948111629433,25.925829836350804,23839.72382831764,15.555497901810483,1075.0,0.0,5.18516596727016,0.6365141682948128,679,3520.7276917764393,0.4385593220338983,0.1634756995581738,125.0901086,2.3923444976,0.0,0.7405067289199052,0.8730917387817405,0.5604273510786606,0.3064793006891463,0.7433327763220537,0.0,0.2910471428058066,0.4368006658944782,0.6657980623492316,0.7667322679749543,0.979911457333136,0.02990430622,0.1461864406779661,0.18614004073126586,0.0
1412002317351,211.89233831366195,0.0,48360.11890096147,23.54359314596244,0.0,23.54359314596244,0.0,0.0,910,21424.66976282582,0.602112676056338,0.17032967032967034,123.1082077,17.5298804781,0.0,0.8021608600269432,0.9343606547444369,0.0,0.3494728903725025,0.0,0.3572785312861788,0.0,0.0,0.695652392137741,0.9362548123918774,0.9643859499933106,0.21912350597625002,0.20070422535211266,0.1939442489531935,0.0
1412002315887,98.0942978533441,40.517209982903,26998.84921511861,951.0881922302493,440.0,505.39888241831636,63.97454207826789,1.031778775217936,3272,6977.490056003085,0.53954802259887,0.1732885085574572,118.6020864,13.9877300613,0.0,0.687732841173634,0.8838708328764648,0.6341203452687316,0.7489303955099823,0.6483573858152334,0.6951799965266264,0.6666997306723726,0.708046542433353,0.8262089588132396,0.8309385066442413,0.9290865970754663,0.17484662576625,0.17984934086629,0.19731330178322273,0.0
1412002316993,333.25940710624224,27.771617258853517,57685.89303118824,55.543234517707035,0.0,41.65742588828028,0.0,0.5623351446188083,1215,16871.25748475351,0.6243315508021391,0.14074074074074075,123.3880142,11.4457831325,0.0,0.8696657765533081,0.949635315926455,0.5717110552891771,0.44060200323058735,0.0,0.41898417970899093,0.0,0.3858961478946939,0.7251319801520325,0.9138238713450086,0.9665778546791004,0.14307228915625,0.20811051693404636,0.1602530974623998,0.0
1412002316207,158.22157919548292,35.160350932329536,42212.017743933975,35.160350932329536,0.0,35.160350932329536,0.0,0.0,209,3674.2566724284366,0.5833333333333334,0.23444976076555024,115.4610892,26.0869565217,0.0,0.7586934468523873,0.9225826669764741,0.6106104451722678,0.391787264838333,0.0,0.4005380171516805,0.0,0.0,0.5458514534051861,0.7707384664594901,0.904481141231044,0.32608695652124997,0.19444444444444445,0.26695397625630185,0.0
141200231415A,173.76810833036632,36.43524852088326,40649.31152992325,339.12808238668265,100.0,182.1762426044163,33.63253709619993,1.1930976372028232,2724,7634.585920837385,0.5874125874125874,0.18355359765051396,117.7940196,18.0327868852,0.0,0.7726339128367818,0.9193150405444687,0.6165072009342596,0.6365322247962415,0.49141491559492917,0.5816622625215622,0.5661992046404749,0.8187497912315815,0.8075033244562199,0.8393869571358752,0.9227564889280462,0.225409836065,0.1958041958041958,0.20900154723533476,0.0
1412002315730,0.0,0.0,0.0,46.146083623986705,0.0,46.146083623986705,0.0,0.0,1083,16658.7361882592,0.4420772303595206,0.15420129270544783,125.028621,5.9701492537,0.0,0.0,0.0,0.0,0.42075532739367,0.0,0.43015309497057874,0.0,0.0,0.7134016794082679,0.9126337927062235,0.9794297853256667,0.07462686567125,0.14735907678650687,0.17557982613062173,0.0
1412002314802,0.0,0.0,0.0,0.0,0.0,0.0,0.0,0.0,0,0.0,0.0,0.0,0.0,0.0,0.0,0.0,0.0,0.0,0.0,0.0,0.0,0.0,0.0,0.0,0.0,0.0,0.0,0.0,0.0,0.0
1412002315603,0.0,0.0,0.0,0.0,0.0,0.0,0.0,0.0,0,0.0,0.0,0.0,0.0,0.0,0.0,0.0,0.0,0.0,0.0,0.0,0.0,0.0,0.0,0.0,0.0,0.0,0.0,0.0,0.0,0.0
1412002316669,110.25416453132544,12.250462725702826,26965.06665205891,175.58996573507386,100.0,69.41928877898269,16.333950300937104,1.1510104551494889,1301,5312.617335379793,0.4988479262672811,0.1445042275172944,123.946058,6.4356435644,0.0,0.7050524026689616,0.8837623805066872,0.4397584684843179,0.5649558681914665,0.49141491559492917,0.474942397041285,0.45564790890262974,0.7898679374375528,0.7321078316721543,0.8053492030858684,0.9709493714955285,0.080445544555,0.16628264208909369,0.1645383556614631,0.0
1412002317243,315.7746863444318,157.8873431722159,56896.95316029153,0.0,0.0,0.0,0.0,0.0,123,6473.381070060852,0.6486486486486487,0.16260162601626016,118.4945528,29.6296296296,0.0,0.8616264001327559,0.9484424557863123,0.8625208377972979,0.0,0.0,0.0,0.0,0.0,0.4920712148189565,0.8238990422157114,0.9282442170674255,0.37037037037,0.21621621621621623,0.18514478525822825,0.0
1412002314179,113.50765115337144,20.2692234202449,28991.679607765447,168.63993885643757,470.0,94.04919666993634,10.539996178527348,1.112109322871268,8218,6662.899122702904,0.5306845737735497,0.2040642492090533,117.8786525,20.1721355568,0.0,0.7093655227442476,0.8900394764638377,0.5202939515109366,0.5605714438919746,0.6553651328784742,0.5084244366673515,0.3906632886947904,0.763172474351952,0.9202014793096058,0.8266077924026052,0.9234194729905393,0.25215169446,0.17689485792451656,0.23235580433195424,0.0
1412002316974,50.13421740464384,16.711405801547947,20568.471605682338,16.711405801547947,0.0,16.711405801547947,0.0,0.0,600,10026.843480928768,0.49625935162094764,0.10166666666666667,125.4543951,7.182320442,0.0,0.5887316845023188,0.8603072134621044,0.4891415586299095,0.313848927560198,0.0,0.32085889055637223,0.0,0.0,0.6531909681454379,0.864974961313225,0.9827651483171551,0.089779005525,0.16541978387364922,0.11576177698270722,0.0
1412002316264,267.28445315815253,22.992211024357204,40541.47605408663,17.244158268267903,0.0,8.622079134133951,0.0,0.6931471805599453,1215,3491.9420493242505,0.4817073170731707,0.14320987654320988,123.7073194,13.7157107232,0.0,0.836765614580143,0.9190849438353059,0.5407955806714836,0.3170850390371806,0.0,0.2527456915101941,0.0,0.4756644315437017,0.7251319801520325,0.7659617231651675,0.9690791781439843,0.17144638404,0.1605691056910569,0.16306455531261732,0.0
1412002316989,184.4742687406619,7.09516418233315,34866.89519246299,92.23713437033095,20.0,63.85647764099835,7.09516418233315,0.7902679680745903,2346,16645.25517175357,0.5038461538461538,0.10571184995737426,125.0765934,6.0288335518,0.0,0.7815306303759785,0.9060235236950713,0.3558981260934266,0.49521479434445287,0.3241786929076167,0.4657560035026407,0.3340317562076,0.5423124761147133,0.7922591431613271,0.9125577903488944,0.9798055840592508,0.0753604193975,0.16794871794871793,0.12036778622158983,0.0
1412004306940,231.9225657186877,59.21427209838835,40738.49282333807,14.803568024597087,20.0,4.934522674865696,4.934522674865696,1.0986122886681096,3747,18489.656462721763,0.5432454695222405,0.13344008540165467,124.2728146,8.4010840108,0.0,0.8156159537831742,0.9195048727446524,0.6973946266148607,0.3014036482450164,0.3241786929076167,0.19879599808460907,0.284439678202389,0.7539102869236126,0.8400428420154128,0.9224232643399343,0.9735090665799985,0.105013550135,0.18108182317408017,0.1519402761326533,0.0
1412004306955,268.2101181249322,65.95330773563906,54113.514292061474,378.13229768433064,235.0,171.47860011266158,8.793774364751876,1.006575607724662,3643,16017.860005395542,0.5641906397595534,0.14191600329398846,124.1337817,12.067352666,0.0,0.8372810130439996,0.9440976845910308,0.7154486759363737,0.6483867451337129,0.581785120343782,0.5749446317121379,0.36445656006576455,0.6907511531206468,0.8371701730160267,0.9089508650229534,0.9724199322497061,0.150841908325,0.1880635465865178,0.16159129892061477,0.0
1412004307421,203.48930191094092,15.48288166713681,35670.272161831635,50.87232547773523,115.0,30.96576333427362,2.2118402381624014,0.9368779699291142,4794,10603.562101750553,0.5073922617175213,0.09803921568627451,125.0696661,9.4140882159,0.0,0.7961349237311752,0.9079967358070368,0.4769077032680253,0.4311872044152623,0.5061590729886817,0.38677381291914487,0.1863764854595395,0.6429219356156772,0.8651912495190901,0.8702248974089423,0.9797513180528147,0.11767610269875,0.16913075390584043,0.11163141464099056,0.0
1412000012967,83.14775467561242,35.634752003833896,29090.262898215522,430.5865867129929,315.0,106.90425601150169,74.23906667465396,1.1254313159327174,3309,9826.282865057197,0.3684863523573201,0.14173466304019341,125.8281071,8.4405144695,0.0,0.6632678818815991,0.8903335213190392,0.6128286205742833,0.6625365405290154,0.6128675434919894,0.5225851521543143,0.6901276971877772,0.7723145417718676,0.8273564992314303,0.8630781919123174,0.9856926753186217,0.10550643086875,0.1228287841191067,0.1613848175761773,0.0
1412000013819,118.25380318135207,52.170795521184736,35327.04556665298,187.81486387626504,20.0,86.95132586864122,6.956106069491298,1.1547494583842552,3005,10451.549369410675,0.5914149443561209,0.19966722129783693,117.8130346,24.1887905605,0.0,0.7154425526947034,0.907159214074503,0.6762238388177241,0.5722649934401677,0.3241786929076167,0.4997604168960966,0.3312641385976346,0.7924337862184258,0.8175219893826997,0.8688693476086006,0.9229054456806601,0.30235988200624997,0.1971383147853736,0.22734917058331522,0.0
1412000013683,116.91169839097317,0.0,27171.988835421693,220.83320807183821,0.0,181.86264194151383,0.0,0.5783252866601273,1015,13185.041540759752,0.425561797752809,0.16354679802955666,115.9698568,35.9133126935,0.0,0.7137489852705767,0.8844245427866004,0.0,0.5898627121096386,0.0,0.5814709798585572,0.0,0.396869202446027,0.7067882453824559,0.8906800725579733,0.9084666458080212,0.44891640866875004,0.14185393258426968,0.18622099632524652,0.0
1412000012562,229.1603228162443,77.68146536143875,48766.124678064,334.0303010541866,960.0,108.75405150601425,0.0,0.9410307178997296,3080,11962.945665661568,0.5024390243902439,0.17694805194805194,120.3607022,12.5356125356,0.0,0.8138308181102365,0.935084849128799,0.7429182826402763,0.6348832420294124,0.7312972764581775,0.5244826648046214,0.0,0.6457717120530442,0.8200377278439182,0.881548691969294,0.9428629682910165,0.156695156695,0.16747967479674797,0.20148020584067095,0.0
1412000015228,423.01946591875713,0.0,83565.7375760422,0.0,0.0,0.0,0.0,0.0,441,20727.953830019098,0.37383177570093457,0.25396825396825395,123.8199295,15.1260504202,0.0,0.9052582381058148,0.9817393505781774,0.0,0.0,0.0,0.0,0.0,0.0,0.6218222343898415,0.9331511330951793,0.9699613256489823,0.18907563025250002,0.12461059190031153,0.28917852173666125,0.0
1412000014107,243.5307993882321,71.27730713801915,58615.50089335403,219.77169700889237,0.0,71.27730713801915,5.939775594834929,1.0358178393194843,1106,6569.391807887432,0.42159383033419023,0.21518987341772153,121.3587992,12.3636363636,0.0,0.8228934790599691,0.9510201017023734,0.7284701846545916,0.5893389410955896,0.0,0.4778496758818964,0.30943421070539934,0.7108183045983228,0.7155449991328159,0.8252810735543203,0.9506817054939501,0.154545454545,0.1405312767780634,0.24502388985756662,0.0
1412000013289,20.351072072734024,0.0,5647.062786870227,24.166898086371653,1020.0,10.175536036367012,0.0,0.6806294878916634,1381,1756.5519082778553,0.3879396984924623,0.19913106444605358,126.3662685,0.2645502646,0.0,0.45804773916056074,0.7483466809585294,0.0,0.35221135793775654,0.7377460273648524,0.26945356028276757,0.0,0.46707430619328616,0.7381950893313401,0.7014793103996587,0.9899084404790849,0.0033068783074999995,0.12931323283082077,0.22673868071540806,0.0
1412000010392,157.35462236616053,112.3961588329718,31938.208109582047,678.1234916255966,200.0,224.7923176659436,86.17038843861172,1.2234323256228372,3591,13453.820212306726,0.48942347573620903,0.14759120022277916,121.4435591,11.598173516,0.0,0.7578764628621075,0.8984238540918975,0.8051167584005917,0.7120383890130583,0.5646923247741623,0.6050123571619376,0.7136385659283307,0.8395666288788255,0.8357029443262973,0.8925745438727571,0.951345684429311,0.14497716894999998,0.16314115857873634,0.1680533075881913,0.0
1412000015285,243.44425887976087,51.63969127752503,48911.297194453575,95.90228380111792,0.0,51.63969127752503,0.0,0.6901856760188042,2545,18774.716328757317,0.3359580052493438,0.19567779960707268,125.4102217,5.4361567636,0.0,0.8228405132418123,0.9353423315530163,0.6745153940374852,0.49942502267881966,0.0,0.4424573156291776,0.0,0.4736321324684346,0.8005672683779885,0.9238595941924017,0.9824191095995154,0.067951959545,0.11198600174978128,0.22280665375653266,0.0
1412000017008,68.1727210254001,0.0,6893.48323405042,19.477920292971454,0.0,9.738960146485727,0.0,0.6931471805599453,1677,16332.236165656566,0.44320137693631667,0.09242695289206918,125.837484,5.1785714286,0.0,0.6339442775074214,0.7656201904379323,0.0,0.32969730182517,0.0,0.2650050819936032,0.0,0.4756644315437017,0.7580065243504812,0.9107755488143497,0.9857661306209402,0.0647321428575,0.14773379231210557,0.10524106532343834,0.0
1412000012134,142.16506233501133,43.74309610308041,41536.54688884223,714.4705696836468,140.0,353.5900268332333,32.80732207731031,1.1394916776639694,3036,11067.003314079344,0.5241206030150753,0.1880764163372859,119.394195,16.1111111111,0.0,0.7427874697702597,0.9211853522580497,0.6468549907636176,0.7177315358009597,0.5269406107501234,0.6553979035035549,0.5623471950521731,0.7819633063600638,0.8185693553500992,0.8742407457374075,0.9352916943551732,0.20138888888875,0.17470686767169177,0.21415141144665914,0.0
1412000010231,147.0901130590277,78.5594922019807,39512.46093211392,905.9413781590115,950.0,369.3967612050582,65.18766374206909,1.1613616633193768,10105,16890.29082342585,0.5155242237888106,0.1714992577931717,120.5402367,17.8852201258,0.0,0.7478485287775034,0.9168579548101448,0.744806880906668,0.7436257235081686,0.73018346583574,0.6602665321157474,0.6696544506343995,0.7969713372464401,0.941300174712095,0.9139297220374674,0.9442693777626009,0.2235652515725,0.17184140792960353,0.19527598852478317,0.0
1412000013594,57.10924313646817,24.04599711009186,16431.17337931772,192.3679768807349,545.0,60.11499277522965,3.0057496387614826,1.1074001369855397,971,2918.5828992373995,0.41545189504373176,0.19979402677651906,121.841706,8.8709677419,0.0,0.6078656288880011,0.8408544403284214,0.5481108609440547,0.5748668905490991,0.6710986117676745,0.4591227697516119,0.22165804981690235,0.7599408486738977,0.7022687205716767,0.749127781962589,0.9544646257539144,0.11088709677375,0.13848396501457724,0.22749355642800426,0.0
1412000016599,2.9400924075673696,1.4700462037836848,357.4415569398093,2.4500770063061412,850.0,0.0,0.4900154012612283,0.639031859650177,1273,311.8948029027718,0.05119735755573906,0.8782403770620582,126.5991739,2.1276595745,0.0,0.20518002432017074,0.5094993854946862,0.1538857653923073,0.13522657986318531,0.7183534069443073,0.0,0.06369695916849019,0.4385284031787651,0.7298885377390661,0.5394514195545913,0.9917329386147813,0.02659574468125,0.01706578585191302,1.0,0.0
141200001575A,67.00670419696834,0.0,8298.260822960716,58.0724769707059,95.0,26.802681678787337,0.0,0.9110175397125628,309,1380.3381064575478,0.1839080459770115,0.11650485436893204,125.7554326,0.0,0.0,0.6314004407164477,0.7816840843371983,0.0,0.445380323191132,0.48600871268064083,0.3711972171312734,0.0,0.6251755071753359,0.5856093800535163,0.6788652757967791,0.985123369112056,0.0,0.06130268199233716,0.13265713739861404,0.0
1412000017116,53.65319947650862,24.387817943867553,8323.873885084387,4.877563588773511,0.0,4.877563588773511,0.0,0.0,1325,6462.771755124902,0.3617677286742035,0.1879245283018868,125.1424815,1.055408971,0.0,0.5986904670902637,0.7819510090243716,0.5504177653450613,0.19339969749957556,0.0,0.19771937045013324,0.0,0.0,0.7339724223285198,0.8237450701537117,0.9803217280199086,0.0131926121375,0.12058924289140116,0.213978465588821,0.0
141200001461A,196.58653171783985,43.685895937297744,36885.62750820586,227.16665887394825,155.0,65.52884390594662,30.580127156108418,1.1221409032617198,2526,11035.05731376141,0.37059142702116116,0.1714172604908947,123.2420728,8.4306095979,0.0,0.7909966047433117,0.9108989211175242,0.6466372873440552,0.5929366070506905,0.5377052569945776,0.46859806689594924,0.5514619009912366,0.7700565332037164,0.799802594388013,0.8739693697012824,0.965434601614891,0.10538261997375001,0.12353047567372039,0.1951826230813139,0.0
1412000012384,132.78512300001083,60.766073237293085,29471.893389201814,373.5988206440982,835.0,135.03571830509574,24.75654835593422,1.1601196798527091,2625,5907.812675847939,0.40891993551853845,0.1782857142857143,119.8579017,11.5879828326,0.0,0.732647714918149,0.8914624935708636,0.7017249056092693,0.6470731772010611,0.7164598302260056,0.5484477115093674,0.5189032900337316,0.7961190401063408,0.8037255558604184,0.8153171812609754,0.9389242078549028,0.1448497854075,0.13630664517284616,0.20300332225913623,0.0
141200001301A,80.49786159542566,39.02926622808517,22514.1060983933,287.8408384321281,975.0,90.25517815244694,41.46859536734049,1.1294121437362947,2727,6652.050562749266,0.490978676872608,0.11917858452511917,124.9583589,6.1691542289,0.0,0.6584799451722232,0.8681361151653579,0.6279091417418555,0.6186847064818684,0.732946447131619,0.5038770467485304,0.5987789181099376,0.7750463399344633,0.8076156481429625,0.8264548266547551,0.9788793770034032,0.07711442786125,0.163659558957536,0.13570155465158917,0.0
1412000015938,56.919563801914265,5.174505800174024,10171.435177584815,1.7248352667246747,520.0,0.0,0.0,0.0,203,116.71385304836966,0.3096774193548387,0.10344827586206896,121.6784701,0.0,0.0,0.6073763938838054,0.7993132901401161,0.30980609168597695,0.10945783218813418,0.6661080393313906,0.0,0.0,0.0,0.5428923041750643,0.4476683553718116,0.9531858937226746,0.0,0.1032258064516129,0.1177903892418728,0.0
1412000012399,173.24930162097786,62.36974858355204,43586.920084175705,433.1232540524447,0.0,214.82913401001255,27.71988825935646,1.170534214112108,4322,14975.669632117328,0.49446749654218536,0.1786210087922258,120.2657065,13.5527589545,0.0,0.7721890544755835,0.925359072746869,0.7060870980393057,0.663176459126024,0.0,0.5999744817040055,0.5362977112484052,0.803265896729616,0.8546129384014771,0.9026349176061343,0.9421188057359654,0.16940948693125,0.1648224988473951,0.2033851021399852,0.0
1412000015143,239.823079507627,79.94102650254233,53135.271578832355,474.94374569157503,0.0,230.41825286026906,28.214479942073766,1.1397774438028194,2363,11111.802683853384,0.5314245810055865,0.15954295387219636,119.331361,14.0115163148,0.0,0.8206072496651836,0.942517440672062,0.7477367093963891,0.6732192419870034,0.0,0.6077597840061021,0.5390249890659577,0.7821594101484118,0.7929958984313472,0.8746199925465074,0.9347994751285759,0.17514395393499999,0.17714152700186217,0.18166205749490694,0.0
1412000014304,253.69472758979094,161.4420993753215,57317.89846258905,930.2140011625668,80.0,438.1999840187298,69.18947116085208,1.181067340298166,2353,18089.20284905388,0.4614906832298137,0.1827454313642159,119.4769582,15.4529307282,0.0,0.8289872730211119,0.9490809594508269,0.8662863430483314,0.7465097022922864,0.46791797799195844,0.6792867117798803,0.6790310986736946,0.8104941357244307,0.7925631572138635,0.9203676462689879,0.9359400318523041,0.1931616341025,0.15383022774327124,0.20808133642812776,0.0
1412000010246,142.01442707311477,97.83216087259018,27494.489674381148,741.6308969373772,160.0,306.11998724649186,41.02639004334427,1.1455016563910834,4489,14166.728069582494,0.49185776005317383,0.15838716863443975,120.1411831,17.2016460905,0.0,0.7426299441756392,0.88544657561278,0.7817226419670859,0.721799993588213,0.5410645048185279,0.639353472283534,0.5971070373796025,0.7860875864480432,0.8584822191217142,0.8974217655233235,0.9411433336724128,0.21502057613124997,0.16395258668439128,0.1803460336955651,0.0
1412000015798,89.01969601117291,27.51517876708981,14198.7008085823,42.08203811437265,355.0,12.94831941980697,0.0,1.0579054247036734,2648,4285.893727956107,0.2712842712842713,0.22167673716012085,124.9961333,11.5005476451,0.0,0.6733613934988573,0.8282056435399846,0.57018743123243,0.410911977455551,0.625558656310818,0.294195176856605,0.0,0.7259756608432923,0.8046157683293675,0.7851910879139355,0.9791752882290642,0.14375684556374999,0.09042809042809043,0.25241009517427,0.0
1412000010405,113.8845378728749,93.78726648354403,22426.997674488568,1982.9307770806454,1470.0,994.8149337718778,110.53499264131976,1.0398140529985136,1682,5633.935079475753,0.48455428067078554,0.1700356718192628,122.8390737,8.5239085239,0.0,0.7098572174640173,0.8678003283933707,0.7746110359740397,0.8290988544345517,0.776628007148435,0.7706708852573263,0.7530070651782013,0.713560661144341,0.7583102541203199,0.8108614606746193,0.9622776498798203,0.10654885654874999,0.1615180935569285,0.19360949036307828,0.0
1412000013217,127.37754380445867,49.163262521019135,29114.939195265873,60.33673127579621,215.0,15.642856256687907,4.4693875019108305,0.813082901314031,5413,12096.397273921662,0.2957105200095854,0.14502124515056347,125.0049459,13.0619971604,0.0,0.726473857559712,0.8904069675031182,0.6663147018527574,0.44948755321559314,0.5723560144035595,0.31391216878306505,0.2714027673836854,0.557968966618331,0.8775856649205099,0.8825901341554981,0.9792443230057187,0.163274964505,0.09857017333652847,0.165127052841384,0.0
1412000014874,57.184812840116045,0.0,8258.560519103521,114.36962568023209,40.0,0.0,114.36962568023209,0.0,295,8434.759893917117,0.35944700460829493,0.21694915254237288,125.9324921,5.7471264368,0.0,0.6080600991537912,0.7812687181043136,0.0,0.5184727640845977,0.39541864552742145,0.0,0.7584062739412292,0.0,0.5808918112637915,0.8487435597909284,0.9865103903131847,0.07183908046000001,0.11981566820276497,0.24702707619538522,0.0
1412000016739,6.13494841062411,3.067474205312055,1242.0643516779828,41.410901771712744,490.0,23.006056539840415,0.0,0.8872110027601254,2396,3674.834097963842,0.2580136626379401,0.22245409015025042,126.0897913,0.303030303,0.0,0.2940333647781702,0.6172217603340786,0.23877056813827952,0.4091975395806054,0.6597931856680861,0.354806434637564,0.0,0.6088385398124195,0.794411067287121,0.7707532157443998,0.9877426163463574,0.0037878787875,0.0860045542126467,0.25329522071669835,0.0
141200001397A,74.00031583932234,3.5238245637772545,23953.120371216566,38.7620702015498,1125.0,8.809561409443136,3.5238245637772545,1.2498367981128,112,197.33417557152626,0.3176470588235294,0.09821428571428571,120.8929454,0.0,0.0,0.6460476092620178,0.873502780142287,0.2568670756316157,0.40215534264872455,0.7481691809630903,0.254899911136983,0.2410851704305272,0.8576864001906028,0.4825882959768834,0.4966479089899224,0.9470323723758383,0.0,0.10588235294117647,0.11183075645284947,0.0
1412000014836,14.438383502421015,0.995750586373863,5923.87902639998,17.425635261542602,2830.0,2.4893764659346576,0.4978752931869315,0.7433172241920629,0,0.0,0.0,0.0,0.0,0.0,0.0,0.4095293489294151,0.7524914142103265,0.11759991165494381,0.3181658481105849,0.8463386968435237,0.1395113499695148,0.0645373110290906,0.510093057893326,0.0,0.0,0.0,0.0,0.0,0.0,0.0
1412000017046,102.06899794126322,28.78869172702296,12032.804797766417,99.45184414789749,60.0,39.25730690048585,7.851461380097171,1.0599180549417697,1259,3294.996625847446,0.36108108108108106,0.2017474185861795,125.4223764,3.2697547684,0.0,0.6936174956583253,0.8138693483046958,0.5776231217302523,0.5033533485864742,0.4377230725854981,0.4125194828209113,0.34829788454346766,0.7273568056347035,0.7287605317830073,0.7605130263246203,0.9825143251998835,0.040871934605,0.12036036036036035,0.22971776731682156,0.0
1412000012825,197.6713670235888,46.2635114310527,46427.551144286874,170.33383754160312,60.0,111.45300481117242,6.3086606496890045,0.9325206891934574,4435,9326.303327123578,0.5193548387096775,0.1298759864712514,118.1346133,23.1366459627,0.0,0.7918159178619156,0.9308280109530379,0.6561812611960869,0.5616563754696319,0.4377230725854981,0.5271946332824081,0.31770656662263064,0.639931800876143,0.8572470463072259,0.8581758354969143,0.9254245789366072,0.28920807453375,0.17311827956989248,0.14788204899633545,0.0
1412000015181,25.080983107323444,0.0,10457.424354473555,0.0,0.0,0.0,0.0,0.0,70,1755.6688175126412,0.2962962962962963,0.15714285714285714,125.992077,0.0,0.0,0.48799035652201717,0.8017150304180596,0.0,0.0,0.0,0.0,0.0,0.0,0.4351492826574663,0.7014321254951675,0.9869771572450189,0.0,0.09876543209876543,0.17892921032455916,0.0
1412000014978,77.37467136855481,22.397931185634288,22697.245515685547,8.14470224932156,0.0,6.10852668699117,0.0,0.5623351446188083,1102,2243.86546968809,0.6062639821029083,0.12704174228675136,113.9265242,28.8461538462,0.0,0.6526328147246115,0.868837866821932,0.5365271130508554,0.24166737868003685,0.0,0.2189468397062201,0.0,0.3858961478946939,0.7151754656964047,0.7244552259125075,0.8924599043614612,0.3605769230775,0.20208799403430278,0.1446548639812473,0.0
1412000014728,126.68268576416433,56.55477043043051,23039.16955562271,180.9752653773776,650.0,42.981625527127186,31.670671441041083,1.1701554406595556,2053,4644.2777477469535,0.4286708420320111,0.1354115927910375,125.6963021,8.4507042254,0.0,0.7256617417449036,0.8701330242495265,0.6897070544856773,0.5682361162061406,0.6898273311367055,0.42239688944678944,0.556884591046285,0.8030059677216863,0.7786464303443829,0.7927290085292933,0.9846601617883408,0.10563380281750001,0.14289028067733703,0.15418511415294342,0.0
1412000014272,178.67840549043208,89.33920274521604,52043.45034661445,753.7995231627604,40.0,385.27531183874413,39.085901201032016,1.1414269263152337,3206,17901.342750072665,0.49227166276346607,0.17498440424204617,118.4830821,12.8040973111,0.0,0.7767800894401417,0.9407189966145532,0.7664314312381887,0.7235747419574713,0.39541864552742145,0.6649524283539038,0.5895562517243219,0.7832913489106456,0.824129408191243,0.9193875862093374,0.9281543596799836,0.16005121638875,0.16409055425448868,0.19924431717363575,0.0
1412000014361,171.3775476178132,77.69115492007532,27723.788589633255,230.78843079198847,1050.0,41.130611428275174,27.420407618850113,1.1013835061227697,1833,4188.467263779355,0.4674698795180723,0.11292962356792144,125.1672324,7.8459343795,0.0,0.7705730084051854,0.8861659779606662,0.7429392392516436,0.5946562843956591,0.740829620978463,0.41759693062182895,0.5346233909571924,0.7558120036328836,0.7670814173707412,0.7830327800814744,0.980515617774748,0.09807417974375,0.15582329317269075,0.1285862350643685,0.0
1412000013950,797.6574487530073,245.4330611547715,49924.16531787341,613.5826528869287,0.0,368.14959173215726,61.35826528869288,1.0888999753452235,314,19266.495300649563,0.3138075313807531,0.2197452229299363,124.8669688,7.8651685393,0.0,1.0,0.9371177979829168,0.9372133143596061,0.7011342350163771,0.0,0.6598900136864456,0.660135062235713,0.7472453214945202,0.5872427509047214,0.9262870075511277,0.9781634594374253,0.09831460674125,0.10460251046025104,0.25021079498194,0.0
1412000011121,111.9902096794399,44.56753242345057,26139.034474046955,157.7004993445174,1705.0,42.282017940196695,19.42687310765794,1.037555955125186,3124,3569.9736228425536,0.4236206110351117,0.1530089628681178,125.1907322,3.0188679245,0.0,0.7073693228950206,0.8810674130786195,0.6499622433341989,0.5532925766796882,0.7924092021618191,0.42060687626996207,0.4818725756020968,0.7120110669579827,0.821485278368513,0.7680360122791833,0.9806997068567928,0.03773584905625,0.14120687034503723,0.17422219117273163,0.0
1412000015317,149.09273513649666,44.964475676086295,28814.34483802458,75.72964324393482,0.0,49.69757837883222,0.0,0.8688134127978941,3383,8006.043221694734,0.5486238532110091,0.19834466449896543,117.1241237,25.0970245796,0.0,0.7498584813784379,0.8895080134144144,0.651438304641835,0.47393729976575877,0.0,0.4382607464686925,0.0,0.596213401289762,0.8296135911851273,0.8438466768550235,0.9175087625092485,0.313712807245,0.18287461773700306,0.22584325394202415,0.0
1412000010640,70.88622317578984,48.24201299463475,17172.01144421683,247.1172502378229,5250.0,109.28292739600934,11.814370529298307,0.9606139921968148,3688,3630.949876004346,0.4763811048839071,0.11469631236442517,124.8834023,4.1506533436,0.0,0.6397019381643175,0.8446743519565088,0.6631602310050629,0.6020898794749245,0.9121204021084789,0.525019306837726,0.40739442047126784,0.6592105130718443,0.8384230886524336,0.7696256167326588,0.9782921936364305,0.051883166795000005,0.15879370162796905,0.13059785835412632,0.0
1412000015478,170.97276560135467,46.97054000037216,30110.148799057522,193.51862480153332,2105.0,54.48582640043171,22.54585920017864,1.2733688431336343,2157,4052.6181912321103,0.3347772277227723,0.19935095039406583,124.9703779,6.8350668648,0.0,0.770221218095453,0.8933183616376259,0.6587082244209506,0.5755147357980446,0.8148378968520161,0.44833563805252913,0.5045695619164854,0.873835000562682,0.7836886156996339,0.7799379774142546,0.9789735295781952,0.08543833581,0.1115924092409241,0.22698905174565814,0.0
1412000013560,154.910275051942,70.14804908012468,42865.621889386035,549.4930511276433,100.0,251.36384253711344,40.9196952967394,1.1541411132193145,4834,14128.986218888445,0.48281154082259053,0.18287132809267687,118.7565219,17.4295774648,0.0,0.7555486999551569,0.9239136228141309,0.7257902606714643,0.6891087006245213,0.49141491559492917,0.6174323151538935,0.596701013929591,0.7920163162132384,0.866039300089619,0.8971713283137717,0.930296389900516,0.21786971831000002,0.16093718027419684,0.20822468753307483,0.0
1412000016090,11.312108738152277,0.0,4227.986734616491,2.8280271845380693,95.0,0.0,2.8280271845380693,0.0,0,0.0,0.0,0.0,0.0,0.0,0.0,0.3756709150964934,0.7232821415053928,0.0,0.14657771923087265,0.48600871268064083,0.0,0.21440945327371375,0.0,0.0,0.0,0.0,0.0,0.0,0.0,0.0
141200001408A,272.04992161991817,65.29198118878037,35518.531994439334,174.11194983674764,0.0,76.17397805357709,0.0,0.6853142072764582,1824,19848.76228138923,0.31982633863965265,0.23355263157894737,125.3280442,9.328358209,0.0,0.8394002113695848,0.9076274664560307,0.7137593482509939,0.5640380867865381,0.0,0.485167508905591,0.0,0.47028914201114236,0.7665792291467122,0.9290822057322101,0.9817753602680435,0.1166044776125,0.10660877954655089,0.2659324686940966,0.0
1412000012628,150.2830774543648,24.370228776383478,32074.63196520775,288.38104052053785,175.0,113.72773428978957,32.493638368511306,1.3649424573969808,3316,13468.613103747935,0.5648890986314299,0.16767189384800965,121.9235291,16.0042964554,0.0,0.7510405118779613,0.8987930664740318,0.5502998184153113,0.618888736557377,0.550549643662534,0.5294302560110129,0.5608582380980919,0.9366763600814342,0.8275721578305282,0.8926777090921703,0.9551055988417299,0.20005370569249997,0.18829636621047663,0.19091799719903066,0.0
1412000012401,178.245561739587,61.3632261726447,44592.428224348674,493.8278677703312,180.0,248.37496307975238,23.376467113388458,1.0970889742245806,5405,15793.725593483077,0.551377726750861,0.17779833487511562,119.3504857,17.1862509992,0.0,0.7764191853133384,0.9273346482158946,0.7033623284999944,0.6774680474376494,0.5535324528401375,0.6161022846546516,0.5101070137595103,0.752864929575036,0.8774347096244842,0.9076279563320007,0.9349492912320057,0.21482813749,0.18379257558362036,0.20244837235780158,0.0
1412000013039,179.90507608095504,75.74950571829686,44324.78168852573,378.74752859148435,60.0,213.04548483270995,9.468688214787107,0.9565888565756255,4420,20925.800954679507,0.5668202764976958,0.17918552036199095,119.0570134,18.8449848024,0.0,0.7777981807864837,0.9268131734613343,0.7386874183318284,0.6485637957968962,0.4377230725854981,0.599048087390294,0.3751010559491417,0.656448309169359,0.8569012737049877,0.9340429686128319,0.9326503335254496,0.23556231003,0.1889400921658986,0.2040278778361489,0.0
1412000017328,258.5899030243564,8.341609774979238,36535.430591334625,8.341609774979238,0.0,0.0,0.0,0.0,372,3103.0788362922763,0.3006993006993007,0.19623655913978494,126.843575,0.0,0.0,0.8318359340651031,0.9100725995510518,0.3802703303325798,0.24399365225096759,0.0,0.0,0.0,0.0,0.6044954525875517,0.7548807088515879,0.9936474899790354,0.0,0.10023310023310023,0.2234428799507569,0.0
1412000012952,145.5713768073136,56.2434864937348,35979.11772301478,423.4803688940032,565.0,115.795413369454,46.3181653477816,1.1726105151518362,2420,8006.425724402248,0.45607701564380265,0.1256198347107438,124.3703078,6.3231850117,0.0,0.7463060266557457,0.9087435032569584,0.6887841245759077,0.6607236437259996,0.6749292163799574,0.531424259970348,0.6160501008991267,0.8046907348902186,0.7954280968731658,0.8438511617134244,0.9742727936625095,0.07903981264625,0.15202567188126756,0.14303582252842295,0.0
1412000014075,332.0272511059617,75.72551341013161,56576.95170697305,297.0770141474394,60.0,93.20063188939275,40.77527645160933,1.2461360963708015,4062,23661.310420919584,0.35671342685370744,0.20088626292466766,125.2241865,6.5746753247,0.0,0.8691131691569476,0.947953898614754,0.7386342098854545,0.6221217342957879,0.4377230725854981,0.507423335028079,0.5961497834451983,0.8551468353769676,0.8482809041982706,0.9455770208836173,0.9809617759542933,0.08218344155875,0.11890447561790247,0.22873722066467078,0.0
1412000015459,87.21795598309976,13.771256207857856,32955.28295383215,560.0310857862195,1575.0,183.61674943810473,57.38023419940773,1.1674911181569203,3688,8464.73214909663,0.38646616541353385,0.11550976138828634,125.1200173,5.4172767204,0.0,0.6703360798044277,0.9011392921281616,0.4582489683472902,0.6911792522481687,0.7839694956859189,0.5825367223189911,0.6496060430824636,0.8011776064670949,0.8384230886524336,0.8490765424331592,0.9801457514602413,0.067715959005,0.12882205513784462,0.13152408429990026,0.0
1412000015463,120.24571425013806,42.30867723615969,35549.95405956362,547.7860315839623,1115.0,169.23470894463875,60.12285712506903,1.1010305509614178,4251,9466.009838469203,0.30840258541089566,0.12467654669489532,125.2038238,9.2831962397,0.0,0.71792127920529,0.9077040633946516,0.6413097227087954,0.6887695729717442,0.7472193144981285,0.5734827818230301,0.6569388715253128,0.75556979213597,0.8529224208128081,0.8595716411464006,0.9808022617988132,0.11603995299625,0.10280086180363189,0.14196175665706776,0.0
1412000011653,244.16561156291084,133.70973966540356,57737.566401119664,447.63695453200324,0.0,203.47134296909238,11.626933883948135,1.1656472924062087,2596,15091.76018136468,0.46749576031656304,0.17835130970724192,121.4883825,14.1176470588,0.0,0.8232814342039498,0.9497128747383964,0.8344282097958173,0.6667673885544471,0.0,0.5939396454202133,0.40504082791595547,0.7999123018504485,0.8025919345958878,0.9033598551540528,0.9516968150159594,0.176470588235,0.15583192010552102,0.20307801185806704,0.0
1412000010212,119.95231010877899,38.475269280174395,18101.345143648086,270.08130200593007,1415.0,108.63605443813947,17.35159202831394,1.0606999019600156,7602,5735.078373880113,0.46728430804863924,0.17258616153643777,123.0189697,10.5238757534,0.0,0.71755873680902,0.8492396246607583,0.6255373926854332,0.6117555238106902,0.7725704584783019,0.5243625822346827,0.464760222700077,0.727893339329016,0.9122485987886163,0.8125316901340103,0.9636868912139381,0.1315484469175,0.1557614360162131,0.19651358106966482,0.0
141200001529A,141.29702893815224,84.77821736289134,6208.315679454418,339.11286945156536,60.0,141.29702893815224,28.259405787630445,0.9184277849930976,206,5821.437592251872,0.4013605442176871,0.1941747572815534,126.9019463,1.6393442623,0.0,0.7418774469663534,0.7565532289330447,0.7576148599441771,0.6365273407185347,0.4377230725854981,0.5534711371044034,0.5392704275647529,0.6302607043857141,0.5443826007206694,0.8139346377996839,0.9941047499997484,0.02049180327875,0.13378684807256236,0.22109522899769005,0.0
1412000012558,227.22358566355518,72.2984136202221,52514.43924989649,1141.2821007192204,60.0,542.2381021516658,72.2984136202221,1.1435598569009373,2492,12869.117624399534,0.5439900867410161,0.1476725521669342,119.7515832,18.383518225,0.0,0.812566353001951,0.9414993915489946,0.7308576410402409,0.7688175934685063,0.4377230725854981,0.7030192637710564,0.685953770125581,0.7847550484581952,0.7984197688562846,0.8884032973544568,0.9380913465084504,0.2297939778125,0.18133002891367203,0.16814593820081147,0.0
1412000015139,216.49231780352167,48.71077150579237,51591.173926639276,173.19385424281734,40.0,86.59692712140867,0.0,1.0358042841981745,848,4589.637137434659,0.59375,0.08018867924528301,116.9039165,14.2857142857,0.0,0.8053595975049082,0.9399629311692947,0.6647726230066098,0.563464082114885,0.39541864552742145,0.49930968114086616,0.0,0.7108090025492729,0.6884571682074813,0.7916181277560556,0.9157837375597757,0.17857142857125,0.19791666666666666,0.09130607216390454,0.0
1412000014319,201.96147096845428,65.14886160272718,53050.83691289205,644.9737298669991,80.0,247.5656740903633,52.11908928218175,1.257030756100904,2749,17909.422054589704,0.4950980392156863,0.17606402328119317,119.3798253,18.0665610143,0.0,0.7950127369824497,0.9423796845395804,0.7133915382408668,0.7065738237312774,0.46791797799195844,0.6157394137080189,0.6345212640458515,0.8626231726870248,0.8084356003451139,0.9194299468868881,0.9351791272319527,0.22583201267875,0.1650326797385621,0.20047361505989167,0.0
1412000013626,355.3903563305905,355.3903563305905,75176.40224772374,315.9025389605249,0.0,157.95126948026245,0.0,0.6931471805599453,421,16624.371112797624,0.6509803921568628,0.20902612826603326,113.570165,21.1111111111,0.0,0.8792587629744164,0.9725750229898845,1.0,0.6288090904208359,0.0,0.5658268845075234,0.0,0.4756644315437017,0.6170953020026295,0.9124399300055238,0.8896683130285069,0.26388888888875,0.2169934640522876,0.23800560043171765,0.0
1412000012914,66.14137383276227,26.306228228939542,17530.04005221489,160.09218893611776,2200.0,47.351210812091175,18.790163020671102,1.0866446296961603,4245,3190.5696809099527,0.34847522236340533,0.18680800942285042,123.8697564,6.2804878049,0.0,0.6294842402150845,0.846461740231083,0.5628148102297855,0.5549259170892274,0.8195359125354537,0.43297076820551667,0.4768146055546754,0.7456976159910085,0.8527782689879575,0.7574903263732067,0.9703516518765303,0.07850609756125,0.11615840745446844,0.21270715205303092,0.0
141200001212A,200.6418833486885,61.307242134321484,48988.12413287926,679.9530491261111,40.0,289.81605372588336,11.14677129714936,0.9414337948536394,2632,14669.15102704856,0.49658703071672355,0.20098784194528876,117.2147308,21.4876033058,0.0,0.7940366843468546,0.9354782851067723,0.7032094850258728,0.7123321643284948,0.39541864552742145,0.6332641202147349,0.3988484131237619,0.6460483190645522,0.803997312819672,0.9006934911063416,0.9182185463314821,0.2685950413225,0.16552901023890784,0.22885288264432252,0.0
141200001027A,153.1839969989587,86.8042649660766,26935.15062495926,962.5061144767906,1295.0,303.8149273812681,91.91039819937522,1.1431930047429408,2972,7587.7139846817545,0.43922518159806295,0.1544414535666218,122.7237163,14.2857142857,0.0,0.753882663743695,0.8836662274095772,0.7615877789685178,0.7502321258060279,0.7631413525380794,0.6385124552646303,0.7238244960388107,0.7845033003041407,0.8163951154174851,0.8388088561649764,0.961373981002934,0.17857142857125,0.14640839386602097,0.17585328299669908,0.0
1412000014662,254.31261949628427,63.57815487407107,56605.917312156795,504.8853475293879,20.0,254.31261949628427,7.479782926361302,1.0284345378728565,4888,18280.589472027023,0.46564656465646564,0.22504091653027825,117.6823629,28.3693843594,0.0,0.8293498491699636,0.9479982349904834,0.7093017869834505,0.6798812652348595,0.3241786929076167,0.6187291525769799,0.3414459606684706,0.705751597289943,0.867173106277518,0.9213556933710759,0.921881810019837,0.3546173044925,0.1552155215521552,0.25624068581667636,0.0
1412000017313,162.38720208734932,0.0,4765.691790400895,0.0,0.0,0.0,0.0,0.0,320,17321.301555983926,0.47465437788018433,0.128125,124.9567572,0.0,0.0,0.7625579249477531,0.7336501219804548,0.0,0.0,0.0,0.0,0.0,0.0,0.5891689118285356,0.9162953102489575,0.9788668298548016,0.0,0.15821812596006143,0.14588830500894454,0.0
1412000011441,98.29617477695292,8.581412083702238,23440.297142171028,81.9134789807941,2435.0,32.76539159231764,4.680770227473949,1.2707999772370027,7456,5816.637136007626,0.4156855298139005,0.18025751072961374,121.9785273,8.2606700321,0.0,0.6880373703871872,0.8716281558955155,0.38458385572149034,0.4824009441676209,0.8303377658962984,0.3928881002582773,0.2774596452204694,0.8720721453268774,0.9102692285368539,0.8138571999053337,0.9555364351957459,0.10325837540125,0.13856184327130017,0.20524848940858523,0.0
1412000017277,175.29139752727224,17.751027597698453,28277.685480015196,6.65663534913692,0.0,4.437756899424613,0.0,0.6365141682948128,1276,2831.2889018329033,0.41150442477876104,0.13401253918495298,125.9737323,1.038961039,0.0,0.7739324886084773,0.8878795172444459,0.49884875228955977,0.22227413791398234,0.0,0.18903697482623094,0.0,0.4368006658944782,0.7301286401633605,0.7462778447361376,0.9868334513843995,0.0129870129875,0.13716814159292035,0.15259209515424432,0.0
1412000015637,92.11002425562191,32.89643723415068,13171.632166645342,105.26859914928218,0.0,46.055012127810954,13.158574893660273,0.9832739442463889,1803,11862.455266634735,0.39013107170393213,0.19800332778702162,125.2325619,2.2058823529,0.0,0.6784120746667416,0.8217019878517393,0.5996075461154992,0.5095000813021073,0.0,0.4299372447948926,0.42332769877339216,0.6747606494826438,0.7653977590799301,0.8807567793988756,0.9810273858615162,0.02757352941125,0.13004369056797738,0.2254545941617876,0.0
1412000015675,273.3663271041329,121.49614537961462,66722.11219055999,273.3663271041329,75.0,121.49614537961462,0.0,0.6869615765973234,248,7532.7610135361065,0.47619047619047616,0.18548387096774194,120.5771811,5.9701492537,0.0,0.8401198853165401,0.9622408964089081,0.8182535343171987,0.6130708189354509,0.46113356110959247,0.5367442544653843,0.0,0.4714196306195197,0.5632409046065708,0.8381265222179011,0.94455878706322,0.07462686567125,0.15873015873015872,0.2111994344740031,0.0
141200001689A,184.56227946273145,52.7320798464947,41560.149371820844,386.70191887429445,60.0,166.98491951389988,26.36603992324735,1.2053461839627326,4316,12643.980923192841,0.46952672795369427,0.19925857275254866,121.2786942,13.9194139194,0.0,0.7816016178702091,0.9212345595471625,0.6780109178450328,0.6508274234786493,0.4377230725854981,0.5719976150517604,0.5285849698034661,0.8271552182392803,0.8544711557393309,0.886746432509227,0.9500541913909711,0.1739926739925,0.1565089093178981,0.22688386682825978,0.0
1412000016743,111.9596636212617,18.033771321545508,19924.817459832226,229.9305843497052,3030.0,61.61538534861382,15.02814276795459,1.1070199205139446,5337,4010.259897628682,0.34337078651685393,0.134345137717819,125.0679871,2.4636058231,0.0,0.7073288647450182,0.8575532980934606,0.5013957596755196,0.594251405601503,0.853607251529577,0.46183031428487464,0.4431379437768617,0.7596799294104322,0.8761424961631643,0.7789517628618198,0.9797381653634831,0.03079507278875,0.11445692883895131,0.1529708052905041,0.0
1412000013147,145.7100575142641,45.385099881492096,37088.688867363824,296.1974939634221,490.0,71.66068402340856,19.10951573957562,1.1247516376872215,4504,10758.657361381074,0.3293978748524203,0.152753108348135,124.6661313,9.6,0.0,0.746447539041516,0.9113744770708365,0.6529885791309075,0.6217990623801409,0.6597931856680861,0.47844024462059975,0.4793715352593384,0.7718481202450352,0.8588226869203659,0.8715880544361597,0.9765901698343165,0.12,0.10979929161747343,0.1739308648722503,0.0
1412000015815,87.96562771947256,10.348897378761478,12252.089182738831,584.7127019000236,470.0,227.67574233275255,46.57003820442665,1.0046318887168448,1785,9236.39091054462,0.30007283321194467,0.1607843137254902,125.7116766,4.9019607843,0.0,0.6715989334001613,0.8154336246471033,0.4133950953866686,0.6958804292020133,0.6553651328784742,0.6064289231975512,0.616898066937245,0.6894172978834558,0.7643740719466605,0.8572664206732179,0.9847806001576843,0.06127450980375,0.10002427773731488,0.18307552001122454,0.0
1412000013700,257.34731793668243,46.79042144303317,57133.89144415035,561.4850573163981,0.0,280.74252865819903,70.18563216454976,1.184691059847338,507,11861.371835808908,0.38904109589041097,0.20315581854043394,122.3632214,5.6910569106,0.0,0.8311179533265106,0.9488024303804123,0.6580680228815984,0.6914618763232511,0.0,0.6297256281287771,0.6812820809956125,0.8129808723768662,0.6360293549433129,0.8807482049425861,0.9585499920658889,0.07113821138250001,0.12968036529680366,0.2313214284454136,0.0
1412000015482,152.05698407740152,38.4954390069371,22367.618217598494,105.86245726907701,1195.0,17.322947553121693,9.623859751734274,0.8784711976256968,1262,2429.0622013377306,0.27089627391742194,0.19175911251980982,125.8798012,7.299270073,0.0,0.7527848854348803,0.8675706832772322,0.6256243247974568,0.5101085936719497,0.7545910689054888,0.32464834625407346,0.3774512252380357,0.6028409471543749,0.7290032988423323,0.7318976176443862,0.9860976285274202,0.09124087591249999,0.09029875797247398,0.21834467820904999,0.0
1412000014910,6.861806253905905,0.0,7831.121864204192,13.72361250781181,20.0,0.0,6.861806253905905,0.6931471805599453,0,0.0,0.0,0.0,0.0,0.0,0.0,0.3085496520947292,0.7766657235411482,0.0,0.29367447979107664,0.3241786929076167,0.0,0.32935966428219277,0.4756644315437017,0.0,0.0,0.0,0.0,0.0,0.0,0.0
141200001340A,125.52005871143211,18.458832163445898,30463.392632949566,251.04011742286423,745.0,70.14356222109441,9.229416081722949,1.1806894142298094,2488,4592.55744226534,0.4024802705749718,0.17684887459807075,120.9887135,13.4238310709,0.0,0.72429298534603,0.8943286565205032,0.5051544600351019,0.603802803755271,0.7043315143441906,0.47608470395101554,0.3714079718923082,0.8102347882243441,0.7982558450951112,0.791677833194088,0.9477825856380004,0.16779788838625,0.13416009019165728,0.20136727850030775,0.0
141200001422A,84.12880045738657,26.566989618122076,27959.517180517214,619.8964244228484,450.0,338.72911763105645,26.566989618122076,1.0341077665650438,4402,9745.657358247781,0.46148738379814075,0.18559745570195366,121.0364945,13.8050043141,0.0,0.66500232583253,0.8868993767537333,0.5644322658242006,0.7022503002360124,0.6507449146438345,0.650618449058321,0.5297535648277047,0.7096447864661677,0.8564847946581259,0.8623047576271671,0.9481568850120026,0.17256255392625,0.15382912793271358,0.2113287666445322,0.0
1412000010227,167.1032785508314,88.3260186625823,43609.745599658614,892.8089454001562,590.0,386.72473036049547,21.484707242249748,1.0241253375427717,8067,19257.459258136525,0.5275516000757432,0.18532292054047353,119.8234247,20.7778915046,0.0,0.7668158893397604,0.9254044226861659,0.7645119883918793,0.7420330318352704,0.6795314592743178,0.6653705273110493,0.4972038198123557,0.7027944571862179,0.9183085524073882,0.9262429671131688,0.9386541272890405,0.2597236438075,0.17585053335858106,0.21101616981039606,0.0
1412000015622,144.73427964001246,0.0,38980.362300840156,217.1014194600187,20.0,72.36713982000623,0.0,1.0986122886681096,64,4631.496948480399,0.46511627906976744,0.171875,0.0,16.6666666667,0.0,0.7454489833142138,0.9156835340392042,0.0,0.5880101548907594,0.3241786929076167,0.47952038082240483,0.0,0.7539102869236126,0.42613606426630085,0.7924703414075734,0.0,0.20833333333374998,0.15503875968992248,0.19570382379248658,0.0
141200001486A,269.8053958260796,17.987026388405305,51772.09942850418,107.92215833043184,40.0,35.97405277681061,8.993513194202652,1.286057336874379,468,4208.964174886842,0.5714285714285714,0.05555555555555555,118.1482065,24.3243243243,0.0,0.8381650985414313,0.9402661746809768,0.5009772940615386,0.5121932248567341,0.39541864552742145,0.4030222211210144,0.36768133405419745,0.882542336221844,0.6278750597753329,0.783490991760006,0.9255310632347736,0.30405405405375,0.19047619047619047,0.06325780162989465,0.0
1412000013804,163.0906826960125,50.614349802210775,41887.28301086613,177.15022430773772,20.0,81.54534134800625,8.43572496703513,1.1794738321497797,2843,7994.255360426957,0.5,0.12064720365810763,118.8344247,24.0694789082,0.0,0.7632008106502011,0.921913716244561,0.6711677762236661,0.5659164211397552,0.3241786929076167,0.4926788353427602,0.3585077039735656,0.8094006087379254,0.8118666880682838,0.8437083586040406,0.9309066527512937,0.3008684863525,0.16666666666666666,0.1373737837717093,0.0
1412000013433,169.00821520886333,60.36007686030833,31285.9651303372,494.95263025452834,0.0,205.22426132504833,12.072015372061667,0.9971059889960194,2452,29600.581692295207,0.3311617806731813,0.18393148450244698,123.966231,8.3441981747,0.0,0.7685020080410663,0.8966365688552451,0.7006025779353363,0.6777159699047681,0.0,0.5948925952256775,0.41057402179442726,0.6842527341184134,0.7967685642300446,0.9666020576063669,0.9711073996086225,0.10430247718375,0.11038726022439377,0.209431824482661,0.0
1412000014408,124.73984533151197,72.0719106359847,27642.17429726797,363.131549742846,415.0,91.47588657644212,27.719965629224884,0.9880758178572373,2850,7900.190204329092,0.36363636363636365,0.13719298245614034,125.29666,5.7084607543,0.0,0.7233673722351327,0.8859106055747052,0.7303309359932175,0.6439785459800816,0.6421432934061787,0.5053604577463499,0.536298141543928,0.6780558810662214,0.8121176397319235,0.8425972395732222,0.9815295075982887,0.07135575942875,0.12121212121212122,0.15621347644603456,0.0
1412000016777,69.01191934976347,4.8429417087553315,11564.427752120815,33.90059196128732,420.0,10.29125113110508,3.026838567972082,1.0058060867739156,5585,3380.9786804248156,0.3362495245340434,0.12175470008952552,126.3703855,0.7049345418,0.0,0.6357487135958645,0.81043043915886,0.3004129314616006,0.38791527398942144,0.6434154629547046,0.27060350943829,0.22249675305351027,0.690223078051075,0.8807783546023212,0.7629307895854432,0.9899406915940211,0.0088116817725,0.11208317484468112,0.1386348239838694,0.0
1412000012115,156.4244068121335,65.17683617172229,43028.74701982068,408.4415066761263,580.0,182.4951412808224,19.553050851516687,1.1361172150883962,5380,11688.37928679553,0.5379330088748926,0.20408921933085503,118.9290648,18.0959874115,0.0,0.7569948772103916,0.9242426354170318,0.713463493983141,0.6567847974920988,0.6777143618563328,0.5818564412097447,0.48285618184676204,0.7796476194932734,0.87696153041289,0.8793689683565875,0.9316480296623149,0.22619984264375,0.17931100295829752,0.23238423632216318,0.0
1412000014249,161.76768765966713,99.2665356093412,35599.68687306313,654.4238273504716,680.0,231.62191642179613,44.11846027081831,1.1805403057319865,4127,15173.073794805598,0.4718259629101284,0.17324933365640902,121.4557611,12.8909952607,0.0,0.7619894766130287,0.9078251578127318,0.784174797227752,0.7081596889001784,0.6946245083647051,0.6083389142758417,0.608446651349243,0.8101324642001766,0.8499011134061407,0.90386431206351,0.95144127056107,0.16113744075875,0.1572753209700428,0.19726869565707394,0.0
1412000013861,231.9509978715141,77.3169992905047,57610.46707469732,213.7587627443365,60.0,90.96117563588788,9.096117563588788,1.1985605709101563,2013,9155.242327752116,0.572961373390558,0.07600596125186289,117.7346608,23.125,0.0,0.8156342181501176,0.949521981016699,0.7421281341408479,0.5863236597332494,0.4377230725854981,0.5047373802225277,0.3693129050357496,0.8224986678473104,0.7766388238448809,0.8564380151260075,0.9222914931832623,0.2890625,0.19098712446351931,0.08654346035207644,0.0
1412000016565,62.803934252811175,0.8603278664768654,9967.510076428749,0.0,0.0,0.0,0.0,0.0,2940,2529.3639274419843,0.3757604117922321,0.17551020408163265,125.9847018,0.3699136868,0.0,0.6218550141934801,0.7975591203648716,0.10564158110108278,0.0,0.0,0.0,0.0,0.0,0.8152903795732064,0.7356949217931305,0.9869193825491536,0.004623921085,0.12525347059741068,0.1998430141287284,0.0
1412000016122,92.04393723423618,7.6703281028530155,34268.240428153265,38.35164051426508,0.0,38.35164051426508,0.0,0.0,308,2362.461055678729,0.5024390243902439,0.1461038961038961,114.0929949,35.1648351648,0.0,0.678305830068439,0.904523348914495,0.3675794490212082,0.4010223600655387,0.0,0.4099793825621623,0.0,0.0,0.5852795461629067,0.7292885726252335,0.8937639766663458,0.43956043956,0.16747967479674797,0.16635980298770994,0.0
141200001365A,140.55651478639714,38.33359494174468,36283.04171983631,319.446624514539,0.0,166.11224474756028,0.0,0.9086163473457878,1135,14502.87675296007,0.54421768707483,0.17709251101321585,118.7106903,22.9927007299,0.0,0.7410967131824722,0.9094721391186692,0.6249255175117758,0.6300234955116361,0.0,0.5714161703710295,0.0,0.6235277160074536,0.7181848444140377,0.8996233029644571,0.929937361433353,0.28740875912375,0.18140589569161,0.20164469277265096,0.0
1412000012717,195.30867652747193,95.57658638578413,28638.631241446248,465.41642066120966,160.0,116.35410516530241,74.79906760626584,1.1683803895295064,2838,11793.319659254581,0.4493865030674847,0.12755461592670894,124.6488558,6.2937062937,0.0,0.7900257250615051,0.8889781730761808,0.7777936720634554,0.6710112312301769,0.5410645048185279,0.5319569880679211,0.6913121354342932,0.8017878589124522,0.8116870584243008,0.8802080529588341,0.976454839706534,0.07867132867125,0.1497955010224949,0.14523884264284478,0.0
1412000016029,300.0,100.0,20293.802762905085,200.0,0.0,200.0,0.0,0.0,0,0.0,0.0,0.0,0.0,0.0,0.0,0.8539829755403693,0.8591427172185492,0.7854151797128713,0.5790938159844544,0.0,0.5920281479667925,0.0,0.0,0.0,0.0,0.0,0.0,0.0,0.0,0.0
1412000016052,144.64592283306746,28.929184566613493,24116.941078951768,225.64763961958525,60.0,69.43004295987238,11.571673826645398,0.8000470363788539,2022,11698.962238738497,0.3983402489626556,0.17408506429277942,125.1545807,2.0725388601,0.0,0.7453582340880112,0.874093176511676,0.5784238715999501,0.5922072115000848,0.4377230725854981,0.4749594440546441,0.40434027043188214,0.5490232513965473,0.7770939900698633,0.8794539285753415,0.9804165088529996,0.02590673575125,0.13278008298755187,0.19822029234768176,0.0
1412000013664,29.743668646985352,5.287763315019618,10191.090451140171,79.97742013967172,5015.0,17.185230773813757,1.3219408287549046,1.0209970778819084,2,1.3219408287549046,0.0,0.0,0.0,0.0,0.0,0.512601955149833,0.7994805034619628,0.3128994348327005,0.47982096473806063,0.9072451683605254,0.3238061282742233,0.13455455702489186,0.7006477242916204,0.11215018793867818,0.07908914472907196,0.0,0.0,0.0,0.0,0.0
1412000016762,1.4508480858879622,0.0,936.4859491706413,5.803392343551849,675.0,0.0,0.0,0.0,3008,4364.15104235099,0.29345955249569705,0.21409574468085107,126.1906729,0.3773584906,0.0,0.13413784621429028,0.5927823919932165,0.0,0.20937262188889905,0.6938398377201155,0.0,0.0,0.0,0.8176238183191584,0.7868895067173596,0.9885328869503281,0.0047169811325,0.09781985083189902,0.2437780706428653,0.0
1412000013382,161.03433336435927,66.45861376941811,32773.16395853242,347.6296720246486,180.0,127.80502647965021,25.56100529593004,1.0654797459352967,4448,11369.535155629683,0.35444579780755175,0.18817446043165467,124.5344645,5.6631892697,0.0,0.761313769018293,0.900659276124152,0.7167282486791798,0.6392280269763926,0.5535324528401375,0.5423505352686474,0.5238157372914607,0.7311734533237566,0.8575457714510323,0.8767725469686595,0.9755587389137234,0.07078986587125,0.11814859926918392,0.2142630484163653,0.0
1412000016809,257.04740761084804,5.977846688624373,40069.03561023301,95.64554701798997,275.0,20.92246341018531,8.96677003293656,0.871654672225038,2268,6778.87814490004,0.293782087849401,0.2244268077601411,124.9892326,0.7776049767,0.0,0.8309441441848228,0.9180695943951912,0.33062143723482956,0.4991353334368323,0.5984564881799508,0.3446707188704526,0.36725332338097855,0.5981631835123324,0.7888088524283575,0.8282277202546192,0.9791212305975752,0.00972006220875,0.097927362616467,0.2555414367429871,0.0
1412000012632,122.9956250812926,61.4978125406463,27863.694584687255,765.3061116169317,1030.0,293.8228821386434,47.83163197605823,1.1817567779743146,5152,11734.69371145962,0.501603031186243,0.17236024844720496,119.6453458,14.8257968866,0.0,0.7212771565575341,0.8866020021171328,0.7037292055436482,0.7252268095617004,0.7387838457619363,0.6347916979955754,0.6210789504601723,0.8109672545504283,0.8725418088139719,0.8797402150977893,0.9372591204705775,0.1853224610825,0.16720101039541435,0.19625634729274768,0.0
1412000014484,131.9253026096165,37.209700736045676,30527.802854752874,223.25820441627405,215.0,125.15990247579,23.678900468392705,1.1025953948973362,3413,11545.1553283749,0.4027949034114262,0.183123351889833,121.9347558,11.0624315444,0.0,0.7316829262422601,0.8945116095117016,0.6199919868650091,0.5910499119488378,0.5723560144035595,0.5400341706306455,0.5120765181388361,0.7566436486301015,0.8305145988024205,0.8782115369375971,0.9551935448198825,0.138280394305,0.13426496780380873,0.2085116520176721,0.0
1412000012702,46.321527044287755,13.234722012653645,13339.37340095442,88.67263748477941,1320.0,17.205138616449737,25.145971824041926,1.1607007647619783,1312,1736.3955280601583,0.4370208105147864,0.16539634146341464,123.9541377,12.3989218329,0.0,0.5771366871310072,0.8227980939939569,0.4519523746750941,0.4909583334873661,0.7651757920455804,0.3239282698539554,0.5213001911590682,0.796517803068664,0.7329666654212755,0.7003963727006894,0.9710126649940347,0.15498652291124998,0.1456736035049288,0.18832696125485407,0.0
1412000011206,142.0249575751946,37.873322020051894,22703.095823824726,345.5940634329735,5870.0,66.95462285687745,19.612970331812587,1.0136167686102664,6703,4533.301383935854,0.37839506172839504,0.1834999254065344,124.9738796,6.8352059925,0.0,0.7426409617550268,0.8688601905353958,0.6229223304147703,0.6385885818948541,0.9240041807193832,0.47096521444648753,0.4833211655658965,0.6955830703295622,0.8994025598352846,0.7904588528316525,0.9790009606515914,0.08544007490625,0.12613168724279836,0.20894043384840633,0.0
141200001714A,213.3837774386264,39.19293871321709,36711.81375750986,13.064312904405698,175.0,0.0,8.709541936270465,0.6365141682948128,1459,6353.610842509304,0.38989513822688276,0.1549006168608636,125.3782074,0.4338394794,0.0,0.8032054879341926,0.9104897769481356,0.6286035708623711,0.28867205327453743,0.550549643662534,0.0,0.3630768689953921,0.4368006658944782,0.7437999543512953,0.8221459864758428,0.98216832095028,0.0054229934925,0.1299650460756276,0.17637610488719083,0.0
1412000015656,267.91646995625223,111.63186248177176,17864.43840939446,937.7076448468828,0.0,200.93735246718919,223.26372496354352,1.17688446671349,589,13150.233400352714,0.31767337807606266,0.1731748726655348,125.8629313,4.8128342246,0.0,0.8371177056552648,0.848098492472441,0.8039658324083883,0.7473848961894523,0.0,0.5925475359961322,0.8645738620986331,0.8076236859243366,0.6513052411352253,0.8904319095747729,0.9859654757258991,0.06016042780750001,0.10589112602535422,0.197183911362456,0.0
1412000014840,11.976097508894126,1.8424765398298657,5740.723406968119,10.13362096906426,255.0,3.6849530796597314,0.0,0.6554817739013927,0,0.0,0.0,0.0,0.0,0.0,0.0,0.38353060639783043,0.7497713605131391,0.17778607175302558,0.2631563576655007,0.5904467490922419,0.17240233769323252,0.0,0.44981697122130726,0.0,0.0,0.0,0.0,0.0,0.0,0.0
1412000014253,181.07392360625914,125.96446859565853,37023.70063650626,551.0945501060061,195.0,173.20114431903048,23.618337861685973,1.0997268709681658,2110,8305.782148026234,0.476123595505618,0.14739336492890995,122.3280987,9.7978227061,0.0,0.7787618784555005,0.911222562918186,0.8243508023337381,0.6894259101298255,0.5620100840923147,0.576053988478655,0.5116840625816855,0.754675156450654,0.7814407270211533,0.8472970254793522,0.9582748533156898,0.12247278382625,0.15870786516853932,0.16782804432424184,0.0
1412000014573,184.3995625563903,81.95536113617347,41745.760726715074,1014.1975940601467,155.0,476.36553660400824,51.222100710108414,1.0640602315696812,2233,11437.89508856721,0.42229299363057327,0.19167039856695028,119.7227182,17.2932330827,0.0,0.7814703475900114,0.9216205574678165,0.7519201185896808,0.7559386195640683,0.5377052569945776,0.6885888970493798,0.6318010224195272,0.7301993276074215,0.7872219128480932,0.8773352966461743,0.9378652283562441,0.21616541353375,0.14076433121019108,0.21824366491567773,0.0
1412000013607,61.644719813008216,10.274119968834704,27234.593129662568,636.9954380677516,220.0,113.01531965718173,20.548239937669408,1.1379510479065509,123,1263.7167561666686,0.28125,0.16260162601626016,117.9668713,29.0322580645,0.0,0.619111389624446,0.8846238866421359,0.41227005604062483,0.7052167818959147,0.5747927185549776,0.5287348922166415,0.49040883249050793,0.7809060665727076,0.4920712148189565,0.6705841873009647,0.9241105477193062,0.36290322580625,0.09375,0.18514478525822825,0.0
1412000011757,93.20552436888025,17.47603581916505,29217.42696597588,359.22962517172596,2140.0,95.14730612656525,7.767127030740021,1.0989145303659578,1982,3848.6114437316805,0.4341534008683068,0.18213925327951563,119.4910282,8.3969465649,0.0,0.6801623504942772,0.8907113459911167,0.4963344640151623,0.6428021318517309,0.8165929525307019,0.5097067560797061,0.3467687524587177,0.7541176968784213,0.775055310226903,0.7750899710465087,0.9360502512322294,0.10496183206125001,0.1447178002894356,0.2073911175535093,0.0
1412000014357,299.8869920420045,181.7496921466694,33872.03540989656,436.19926115200656,140.0,109.04981528800164,63.612392251334285,1.1220005860569406,1597,7256.356458955775,0.3758620689655172,0.13149655604257984,123.6555912,6.1290322581,0.0,0.853926785800662,0.9035160133268946,0.8863331867086449,0.6639474380871578,0.5269406107501234,0.524783089534318,0.6658069670364445,0.7699602421052038,0.7530197697875857,0.8346172138364718,0.9686739578079039,0.07661290322625,0.12528735632183907,0.14972729502880514,0.0
1412000010918,153.7729859609807,73.33788561216002,37073.55778500637,591.4345613883872,200.0,217.6479185909265,49.68050315662453,1.0851267085403973,4313,10203.429053072457,0.4913494809688581,0.1486204498029214,123.3748265,5.8306709265,0.0,0.7544531860271578,0.9113391309826361,0.7332541168966719,0.6971264545844779,0.5646923247741623,0.6014230096930155,0.6270148819924019,0.7446559597253062,0.8544001904946689,0.8666138457916831,0.966474546923831,0.07288338658125,0.1637831603229527,0.16922525277202052,0.0
1412000014234,186.17767374406637,85.64172992227053,36875.46713000237,759.6049088757908,180.0,301.6078314653875,89.36528339715186,1.219815783789737,3841,14302.168897019179,0.4998046111762407,0.1497005988023952,120.8319665,12.0335820896,0.0,0.7828986127420074,0.9108750574772649,0.7593194934534517,0.7244113787837533,0.5535324528401375,0.6377011994685391,0.7193880137897629,0.8370848178530547,0.8425715217741266,0.8983150267608718,0.9465546853433915,0.15041977612,0.1666015370587469,0.17045515409253048,0.0
1412000015302,159.0492656162892,49.48199374728998,38890.29723136009,166.11812186590205,40.0,116.63612811861208,14.137712499225707,0.9172298382576132,2851,10076.654583823123,0.5791227096057746,0.18414591371448616,117.6483884,22.7886056972,0.0,0.7594692838512107,0.9154831618144598,0.6673926031517683,0.5589359986390382,0.39541864552742145,0.5322249422912505,0.43400843581328774,0.6294386269555015,0.8121534396622695,0.8654401605289558,0.9216156658604006,0.284857571215,0.19304090320192488,0.2096759822527199,0.0
1412000011723,130.31838536799017,25.598254268712356,26519.76566677001,376.99247195740014,565.0,123.33704329470498,18.61691219542717,1.1238819167247833,2311,5377.960510454023,0.5114453891432309,0.1678926871484206,121.2348839,15.6537753223,0.0,0.7298629857520484,0.8823199903248768,0.5583442328462653,0.6480579664484268,0.6749292163799574,0.5384094297602189,0.47541013640927443,0.7712512840480451,0.7907253420336294,0.8064966959213922,0.949710997069696,0.19567219152874998,0.17048179638107697,0.19116940137740557,0.0
1412000012929,136.7408198337681,65.838172512555,27408.508156656182,614.4896101171801,1645.0,297.1158554412739,50.644748086580776,1.1883853647495435,6246,10544.236551626118,0.5278864970645792,0.1601024655779699,120.7175655,16.1213563355,0.0,0.7370079041889364,0.8851752695315094,0.7151557714018857,0.7012952582656975,0.7885968859744708,0.6360316606485777,0.6300252923202707,0.8155160474313722,0.8921951569637111,0.8696981972618919,0.9456585085642281,0.20151695419375,0.1759621656881931,0.18229914014378862,0.0
1412000016601,9.051674926209976,3.017224975403326,1559.255257739765,18.103349852419953,60.0,0.0,12.068899901613303,0.6365141682948128,280,844.8229931129312,0.5359116022099447,0.1357142857142857,124.9919603,0.0,0.0,0.3453183775386753,0.6369086804526194,0.23665504695907288,0.32211005381668845,0.4377230725854981,0.0,0.41053594931645215,0.4368006658944782,0.5755829807777926,0.6328148268877029,0.9791425984300288,0.0,0.17863720073664824,0.15452977255302836,0.0
1412000010655,144.34947238198225,78.87136119840267,32220.874705855895,285.7226669828927,4890.0,49.10858338768468,35.715333372861586,1.0065366678905725,1929,2870.6199198437503,0.4740061162079511,0.14204250907205807,123.5121631,5.5312954876,0.0,0.74505335397674,0.8991871124341417,0.7454726852527648,0.6178809913457554,0.9045580538064261,0.4369562130206168,0.575527396805878,0.6907244310988799,0.7722897817767969,0.7475726255634204,0.9675503930427397,0.069141193595,0.1580020387359837,0.16173534351406968,0.0
1412000013448,0.0,0.0,7339.82171892644,0.0,0.0,0.0,0.0,0.0,797,12037.462654826231,0.2854838709677419,0.1932245922208281,125.3598108,4.4715447154,0.0,0.0,0.7710540183849331,0.0,0.0,0.0,0.0,0.0,0.0,0.6821330352486589,0.8821316383878972,0.9820242085235045,0.055894308942500005,0.09516129032258064,0.22001333264500372,0.0
1412000013274,273.7329799046954,39.864026199712924,50864.067080307366,648.4548261819969,120.0,188.6897240119745,74.41284890613079,1.1090128422825323,5573,14810.814534066674,0.3103691511873971,0.2009689574735331,124.9845584,7.2200113701,0.0,0.8403197182762248,0.9387334303761479,0.6314215966682336,0.7071606856704489,0.5106525382328262,0.5855628531120084,0.6904961986363244,0.7610475494870232,0.8805588201083892,0.9015957510158996,0.9790846145758518,0.09025014212625,0.10345638372913236,0.22883138002129486,0.0
1412000012308,205.3959650571729,119.12965973316028,51255.11650992425,874.9868111435566,140.0,505.27407404064536,28.755435108004207,1.013808600184554,3635,14932.286659656469,0.39233716475095787,0.19889958734525448,117.5044985,17.3544973545,0.0,0.7975236590011459,0.939396843234993,0.8149336198296967,0.7398337364233852,0.5269406107501234,0.6951524795774169,0.5419555533230143,0.6957147125828885,0.8369458135843194,0.9023625655897098,0.9204884835181468,0.21693121693125,0.13077905491698597,0.2264751115299722,0.0
1412000016847,155.03493065736174,25.839155109560288,40189.917579788846,176.56755991532864,0.0,99.05009458664777,0.0,0.9790699688862661,2117,9116.915227823189,0.4814555633310007,0.19839395370807747,119.4820948,19.9248120301,0.0,0.7556682903955684,0.918330524078968,0.5598786452558546,0.5655586991694324,0.0,0.5141486155045403,0.0,0.6718757188272508,0.7817786722351319,0.8560441967340352,0.9359802701513037,0.24906015037625,0.16048518777700024,0.22589937662824922,0.0
1412000015105,172.58250858266496,39.22329740515113,29711.474693381,541.2815041910856,120.0,235.33978443090675,86.29125429133248,1.3211032530618327,1932,15155.882117350395,0.301010101010101,0.2179089026915114,124.8210068,7.9584775087,0.0,0.7716153539640415,0.8921637984965929,0.6287320656685237,0.6874676011525542,0.5106525382328262,0.6101089883633722,0.7138598815285526,0.9065922007654272,0.7724483375948519,0.903757883312166,0.9778034094630028,0.09948096885874999,0.10033670033670034,0.2481198865172576,0.0
1412000014520,156.1877653422898,71.30311026495839,45383.1368211565,380.28325474644475,40.0,196.93239977940888,6.790772406186513,1.0478140073916866,4494,15258.865596701095,0.49368351063829785,0.21117044948820649,116.6163489,26.2935586061,0.0,0.7567697757253999,0.9288571553969116,0.7285309294549612,0.6490044972392642,0.39541864552742145,0.5903112923838515,0.3279099222791224,0.7190505395792935,0.8585958346040435,0.9043936286853856,0.9135310351746586,0.32866948257625,0.16456117021276595,0.24044721126877178,0.0
1412000016620,235.39003166358322,35.46973079862213,38888.45959309107,228.94098970019738,155.0,122.531797304331,9.673562945078762,1.1368241441445972,2936,9467.193602250416,0.42110358180058083,0.18971389645776568,122.4545707,12.7937336815,0.0,0.8178271172000143,0.9154790687007743,0.6120602995396975,0.5937824730191138,0.5377052569945776,0.5376841026374645,0.3781967573006504,0.7801327415814682,0.8151514431783875,0.8595833798959462,0.959265590019166,0.15992167101875,0.1403678606001936,0.21601591251407487,0.0
1412000013293,20.35582365400453,2.3948027828240623,7240.930679969063,374.7866355119658,6575.0,135.30635722955952,8.381809739884218,0.8604569931221739,3320,3975.3726194879437,0.3272058823529412,0.0894578313253012,125.9239071,0.7575757576,0.0,0.4580810360070691,0.7698791477733689,0.20800546771111295,0.6474188753367742,0.9360791150861704,0.5486695829550376,0.3575924150697493,0.590478902576832,0.827695187071494,0.7781316407209475,0.9864431384740474,0.00946969697,0.1090686274509804,0.10186030346789662,0.0
1412000014130,100.0,100.0,25861.155041677386,600.0,0.0,400.0,0.0,0.8675632284814612,198,19800.0,0.584,0.22727272727272727,116.4056562,43.4782608696,0.0,0.6905831793356683,0.8801416393499204,0.7854151797128713,0.6986938940561321,0.0,0.6691287686288112,0.0,0.5953554764090454,0.540359084849909,0.9288512868439552,0.9118805434370052,0.54347826087,0.19466666666666665,0.25878191575865994,0.0
141200001582A,184.36826634534964,29.11077889663415,33285.17420232183,310.51497489743093,60.0,82.4805402071301,43.66616834495123,1.191007465414951,3333,16171.037677080272,0.30246189917936694,0.16531653165316532,125.2812821,4.3557168784,0.0,0.7814450864663989,0.9020020797318512,0.5794533314873682,0.6269367399965512,0.4377230725854981,0.49393648165300025,0.6068373817263174,0.8173154344265755,0.8280940111713729,0.9098443606222071,0.9814090425945535,0.05444646098,0.10082063305978899,0.18823608657824636,0.0
1412000017258,0.0,0.0,0.0,0.0,0.0,0.0,0.0,0.0,30,1320.3776765312666,0.38095238095238093,0.0,0.0,0.0,0.0,0.0,0.0,0.0,0.0,0.0,0.0,0.0,0.0,0.35055343394067073,0.6746988620986754,0.0,0.0,0.12698412698412698,0.0,0.0
1412000013518,180.8410371125864,39.313268937518785,46696.45453302903,518.9351499752479,450.0,161.184402643827,35.381942043766905,1.2501320025201916,2266,8908.386741241757,0.4451530612244898,0.19196822594880847,120.668614,14.0952380952,0.0,0.7785703614261711,0.9313282671207576,0.6291123062174051,0.6828725539226461,0.6507449146438345,0.5680747766566595,0.5740703804814377,0.8578889808842409,0.7887188316991242,0.8538720918469086,0.945275039909188,0.17619047619,0.14838435374149658,0.21858278321362537,0.0
1412000014323,186.23342279298726,36.51635741038965,44979.6964507635,219.09814446233793,20.0,113.20070797220794,10.954907223116896,1.185534878986111,3372,12313.315718783391,0.5168690958164642,0.17734282325029657,119.8801362,18.8220230474,0.0,0.7829431734107133,0.9280836760300437,0.6168755282450017,0.5890052890783075,0.3241786929076167,0.5289162608018767,0.3963053107555886,0.813559933739629,0.8292812189798071,0.8842586733826688,0.9390983850263988,0.23527528809249998,0.17228969860548807,0.20192970840574914,0.0
1412000013185,195.85915446784523,73.44718292544196,40005.764919369154,995.61736854488,160.0,391.71830893569046,77.52758197685542,1.1328800194748905,3933,16048.20946920907,0.3868124118476728,0.15713196033562166,123.8409962,8.795562599,0.0,0.790444735818276,0.9179327074916187,0.7335041493918727,0.7539216115627493,0.5410645048185279,0.6667991000468836,0.6969607100602662,0.777426130530352,0.8449871905705979,0.9091285722541509,0.9701263546902811,0.1099445324875,0.12893747061589092,0.17891680277929012,0.0
1412000010710,233.6218149232749,86.60119001466225,34166.788692593946,650.5159156915328,610.0,177.23034235558788,76.53128419900385,1.142605719131353,5180,10432.422425022105,0.4628635978537136,0.14401544401544403,124.4824071,5.7209573847,0.0,0.8167036286443414,0.9042665255116004,0.7611937213790011,0.7075066744480027,0.6830751914756613,0.5786066227067918,0.6949212513837655,0.7841002821798168,0.8730950011894623,0.8686973914268652,0.9751509397418313,0.07151196730875001,0.15428786595123786,0.16398180700506282,0.0
1412000014770,43.830464360935494,0.0,0.0,0.0,0.0,0.0,0.0,0.0,64,1402.5748595499358,0.7297297297297297,0.078125,120.0932676,0.0,0.0,0.5690448209023504,0.0,0.0,0.0,0.0,0.0,0.0,0.0,0.42613606426630085,0.6803646006507554,0.9407679806732081,0.0,0.24324324324324323,0.08895628354203935,0.0
1412000016635,160.94979147503687,22.25901371463276,29176.623651392285,207.18005072850494,895.0,85.61159121012601,13.69785459362016,1.0827695528192982,3332,5705.156438242797,0.4380664652567976,0.19747899159663865,122.4106684,11.7400419287,0.0,0.7612356761860853,0.8905902923147787,0.535513696264331,0.5829263848502032,0.7238401038653388,0.4980468499218791,0.42929846877585764,0.7430383882086323,0.8280633876522188,0.812040661767128,0.9589216750025851,0.14675052410875,0.1460221550855992,0.2248575637768524,0.0
1412000010369,172.60870784925982,56.714289721899654,29599.34892983535,774.2733466381083,455.0,342.7515770149588,96.16770865887332,1.2164047990026914,4739,11685.60952139489,0.4599507085643869,0.1553070267989027,122.5418914,12.3247232472,0.0,0.7716379370532797,0.8918362894681129,0.6901780827596676,0.7264971784867061,0.6519188992441124,0.6519324515352026,0.7309807238486188,0.8347440680307391,0.8640135558033082,0.8793467199065425,0.9599496293516919,0.15405904059,0.15331690285479563,0.17683885967352697,0.0
1412000011649,246.03396612677835,132.8583417084603,56162.479265630216,851.2775227986531,275.0,334.60619393241853,63.96883119296237,1.2066197382450603,2723,13399.009795264348,0.4831154684095861,0.18692618435549027,120.351509,11.9469026549,0.0,0.8244174466554909,0.947316985754239,0.8333491987221795,0.7368375562666405,0.5984564881799508,0.6492553827320003,0.6666856909798327,0.8280291804953974,0.8074658557458212,0.8921913063134219,0.9427909520292161,0.14933628318625,0.16103848946986202,0.21284171080906897,0.0
1412000015355,115.07980323323021,11.50798032332302,30944.806061515646,253.17556711310644,355.0,57.539901616615104,26.851954087753715,1.2552006408874483,981,3763.109565726628,0.42042042042042044,0.15902140672782875,118.9947729,11.9133574007,0.0,0.711405984947565,0.8956868215371189,0.42994476075023647,0.6047240774034811,0.625558656310818,0.4543170885653849,0.5313962131456196,0.8613672767718678,0.7033135966368751,0.7729812277435323,0.9321627635669394,0.14891696750875,0.14014014014014015,0.18106820283052413,0.0
1412000014412,123.6116342925588,78.90104316546307,31773.64340319875,302.45399880094175,610.0,78.90104316546307,44.71059112709574,1.195123401486275,1802,4739.322659472148,0.2926829268292683,0.1281908990011099,125.4560744,2.1885521886,0.0,0.7220187010851669,0.8979763780877845,0.7455359172868706,0.6240739359082682,0.6830751914756613,0.4890441694642087,0.6105292585347245,0.8201399491134203,0.7653411560841161,0.794630561471897,0.9827783033565801,0.0273569023575,0.09756097560975609,0.14596334027586125,0.0
1412000011884,228.17365696847216,62.747755666329844,53937.8824743257,473.46033820957973,20.0,205.35629127162494,39.930389969482626,1.2516376598188867,3286,18744.46591995999,0.48306997742663654,0.1975045648204504,118.4108208,18.7671232877,0.0,0.8131879747908533,0.9438160855963602,0.7070992415610099,0.6728783750722419,0.3241786929076167,0.59496404312484,0.5928862617836143,0.8589222212164095,0.8266446817322811,0.9237082096293163,0.9275882903353784,0.23458904109624998,0.16102332580887885,0.22488668248339297,0.0
1412000013734,159.89680070164087,61.0515057224447,42119.8655485956,177.3400880509108,40.0,90.12365130456122,11.62885823284661,1.1860924841632536,3534,10274.09624871998,0.5432314410480349,0.19468024900962083,117.9943882,21.6725559482,0.0,0.7602595794863019,0.9223933586547248,0.7025095413741607,0.56603273371547,0.39541864552742145,0.5037160319408349,0.40506516850688806,0.8139425840007136,0.8340700318560423,0.8672617733597124,0.9243261053351888,0.2709069493525,0.18107714701601163,0.22167080231596362,0.0
1412000013698,97.29510442967268,23.666376753163625,29416.77025400603,218.25658561250899,40.0,68.3695328424727,10.518389668072722,1.0725126302490264,1324,3481.586980132071,0.40402969247083775,0.17220543806646527,123.2460706,4.4444444444,0.0,0.686521145972477,0.89130032991214,0.5455116610960444,0.5885869754228981,0.39541864552742145,0.4732657184708095,0.3903639491096246,0.7359996908286115,0.733895407235968,0.7656829808277849,0.9654659189593874,0.055555555555000004,0.13467656415694593,0.19608007393435625,0.0
1412000012651,236.75747564422767,33.03592683407828,45679.31073824694,451.4910000657365,80.0,231.25148783854797,60.56586586247685,1.1609416852072156,3154,17365.885539113817,0.5536945812807882,0.1746987951807229,122.166007,12.0541205412,0.0,0.8186902154208737,0.9294206184297178,0.6003064411427866,0.6677014282909236,0.46791797799195844,0.6081610062108245,0.6580923721355882,0.7966831320057861,0.822460605854577,0.9165366404895303,0.957005084540634,0.150676506765,0.1845648604269294,0.19891911114942776,0.0
1412000014291,249.04263015592588,70.48376325167713,54049.264876718706,413.5047444098392,40.0,192.65561955458418,4.698917550111809,0.9687376101904789,2834,13316.732337016867,0.5171306209850107,0.19124911785462245,119.2168255,17.7847113885,0.0,0.8262288644371629,0.9439947765506069,0.7265913857291366,0.6581268429596525,0.39541864552742145,0.5878727485858884,0.27796908268182735,0.6647852542572774,0.8115431267820779,0.8916130648240976,0.9339022447242098,0.22230889235625,0.17237687366167023,0.2177639776645209,0.0
1412000014855,253.12653674354664,86.78624116921598,39498.29473994618,130.17936175382397,40.0,28.928747056405328,21.696560292303996,1.2260760503661696,1059,7658.885783183311,0.2962056303549572,0.2190745986779981,124.8993256,0.6451612903,0.0,0.8286530840557842,0.9168268933497987,0.7615528414951113,0.5324960582592274,0.39541864552742145,0.3794231755833867,0.49870173694664144,0.8413808551535098,0.7111161324405512,0.8396852673113464,0.978416931109946,0.008064516128750001,0.09873521011831905,0.24944719509578855,0.0
1412000011009,81.10358791020225,22.3328720332441,18411.511933664486,425.499982949177,8650.0,163.38259013794368,28.209943620939914,1.1850620298283192,663,779.2996925284651,0.3613963039014374,0.19004524886877827,123.6561999,5.291005291,0.0,0.6595879820726047,0.8507112663463198,0.5360532512774114,0.6612419446614998,0.9652808849512845,0.5695776582286922,0.5390001852984735,0.8132354463404805,0.6633673879853214,0.6252446778482899,0.9686787261473894,0.0661375661375,0.12046543463381247,0.21639320376561247,0.0
1412000011812,206.7945480358031,32.311648130594236,36798.30129061908,639.7706329857658,100.0,303.7294924275858,38.77397775671308,1.1051763947306843,3082,19916.899907698287,0.5960642154324184,0.16255678131083712,122.8193807,7.1770334928,0.0,0.7985341970886454,0.910693603490502,0.5966458878271138,0.7056907350243764,0.49141491559492917,0.6384811616315865,0.5883084951289947,0.7584148306430646,0.8201039728172587,0.9294039302271796,0.9621233819161481,0.08971291866,0.19868807181080614,0.1850937232635918,0.0
1412000015177,218.16232985908974,57.13775305833303,48529.59288244569,184.39911214280204,20.0,116.87267671022666,5.194341187121185,1.0053212068410553,4037,10484.77768620411,0.5314871016691958,0.18776319048798612,118.6968278,20.1853759011,0.0,0.8065041786354608,0.9346636827671858,0.6914221970912977,0.5702715189543265,0.3241786929076167,0.5324491957336837,0.2912839099844914,0.6898903346682849,0.8476508349203674,0.8691673319830842,0.9298287675346881,0.25231719876375,0.17716236722306525,0.21379475983113266,0.0
1412000011193,97.1571483009788,12.954286440130508,21135.17731452024,156.17111986157335,2940.0,41.02190706041328,12.954286440130508,1.1128567151684654,8743,6292.1847970033905,0.3886240864315221,0.17694155324259409,123.5997295,7.3541495481,0.0,0.6863109874521417,0.8626614786531268,0.44856616481486566,0.552235174083189,0.8503976517961404,0.4173085235715556,0.42100627348929665,0.7636853638827142,0.9265224083620837,0.8212340430523813,0.9682363571017509,0.09192686935125,0.12954136214384068,0.20147280615189828,0.0
1412000015800,240.04735385465415,48.009470770930825,39075.978637208136,469.4259364268792,625.0,224.04419693101053,26.671928206072682,0.9634796172102162,2673,14258.812818966457,0.35136501516683516,0.16610549943883277,124.1028378,15.5533399801,0.0,0.8207465372146558,0.9158957504403328,0.6623546490041731,0.6719459057096346,0.6856576783971278,0.6046418652247563,0.5303604393034914,0.6611770159030552,0.8055746660461897,0.8980300079362079,0.9721775287336812,0.19441674975125,0.11712167172227839,0.18913443719645268,0.0
1412000014268,202.7278288436759,136.97826273221344,56946.60680920987,706.8078356982213,120.0,345.1852220851778,32.87478305573122,1.139893608823195,4051,22195.957693127864,0.5381693885301937,0.17353739817329056,118.7607544,22.268907563,0.0,0.795576676252432,0.9485180173687366,0.8385081384017479,0.7165557440445817,0.5106525382328262,0.6527199967294773,0.5626656054319286,0.7822391270828983,0.8480041527031511,0.9395751079198142,0.9303295458014068,0.2783613445375,0.17938979617673123,0.197596697562253,0.0
1412000016796,304.32628485120466,76.08157121280117,55152.59138708759,0.0,0.0,0.0,0.0,0.0,1478,7028.035140782508,0.26216908625106744,0.2347767253044655,126.2485041,0.2463054187,0.0,0.8561183745189976,0.9457452148294119,0.739422146319626,0.0,0.0,0.0,0.0,0.0,0.7451198682864487,0.8316160641578246,0.9889859160195773,0.00307881773375,0.08738969541702248,0.2673262712992706,0.0
1412000012454,143.441982914858,67.502109606992,39463.48334198092,253.13291102621997,490.0,113.90980996179898,12.656645551310998,1.2358076809405756,3821,8060.173775259887,0.4810077519379845,0.188170635959173,119.5072422,19.2348565356,0.0,0.7441161796518972,0.9167505168910244,0.7193406026437866,0.6047057506311103,0.6597931856680861,0.5296072811210149,0.4175624836122154,0.8480590768284919,0.8420387256777442,0.8444792389831777,0.9361772659462385,0.24043570669499997,0.1603359173126615,0.21425869371737677,0.0
1412000011935,402.89507810340683,65.7787882617807,58038.95956520946,411.1174266361294,80.0,148.0022735890066,41.11174266361294,1.169203047808835,5082,41785.97524329619,0.38323353293413176,0.1454151908697363,123.8670857,12.8287707998,0.0,0.897982355774562,0.9501638703417791,0.7150045003033344,0.6574961227961743,0.46791797799195844,0.5586113091881515,0.597431102606994,0.8023523988741894,0.8711455687940117,0.998969600564042,0.9703307305618205,0.1603596349975,0.12774451097804393,0.16557561536419885,0.0
1412000014588,255.1723160168426,127.5861580084213,50883.43931602169,1058.2146046580824,0.0,540.3649045062549,30.020272472569715,1.0108370213789595,2319,17404.252965972293,0.47422024188415024,0.17464424320827943,119.1804129,20.4379562044,0.0,0.8298528580776497,0.9387664151403822,0.8265107478722369,0.7605733342600581,0.0,0.7026336620308037,0.5486048493880611,0.693675500157313,0.7910779624199442,0.9167438254433904,0.9336170013558042,0.255474452555,0.1580734139613834,0.1988569960681035,0.0
1412000016423,2.123570313431712,0.0,2596.0200968147033,3.5392838557195203,175.0,0.0,0.0,0.0,0,0.0,0.0,0.0,0.0,0.0,0.0,0.1704306817483352,0.6810446961347095,0.0,0.16518667846605423,0.550549643662534,0.0,0.0,0.0,0.0,0.0,0.0,0.0,0.0,0.0,0.0
1412000014592,206.61459586752918,82.64583834701168,42568.88394366967,624.4352230663104,100.0,321.4004824606009,41.32291917350584,1.1337180264411384,4216,19357.491915055623,0.47196916608269096,0.18999051233396586,120.2468302,17.2877846791,0.0,0.798404555601483,0.9233118988623362,0.7533307707940544,0.7030456195679632,0.49141491559492917,0.6447739634727147,0.5982300791711654,0.7780012033553009,0.8520786510990205,0.9267293648618292,0.9419709355098614,0.21609730848875,0.157323055360897,0.21633087853411317,0.0
1412000017169,159.69088851893224,20.82924632855638,11276.146654274398,6.943082109518794,0.0,6.943082109518794,0.0,0.0,305,2117.640043403232,0.4186046511627907,0.13114754098360656,125.779656,1.1627906977,0.0,0.760067957370255,0.8082438855830502,0.5247169279574887,0.22628472846446404,0.0,0.231338904005118,0.0,0.0,0.5842836016745997,0.7190219812232679,0.985313126619354,0.01453488372125,0.13953488372093023,0.14932989237221034,0.0
1412000013556,108.52939461607775,52.254893704037435,40522.85415878123,1045.0978740807486,60.0,538.6273658723859,44.21567928803168,1.0492642408618331,4675,18791.663697413464,0.4362519201228879,0.1922994652406417,119.2121257,19.209039548,0.0,0.7027144472895717,0.9190451469283065,0.676492798058855,0.7592126825289711,0.4377230725854981,0.7022747913244062,0.6087904528572973,0.7200457459344946,0.8626258232981486,0.9239442987154786,0.933865428161184,0.24011299435,0.14541730670762928,0.21895994566309201,0.0
1412000016527,164.9218751768355,62.234669878051136,38727.29365206522,248.93867951220454,410.0,136.9162737317125,12.446933975610227,1.0184728061592512,3302,10274.943996866243,0.5036429872495446,0.17807389460932768,120.1727212,11.2332112332,0.0,0.7648614332063145,0.915119336950774,0.7057239493910509,0.6028885514749722,0.6408557405400492,0.5499803659624913,0.4150906871033686,0.698915471304528,0.827140384073639,0.8672695190442097,0.9413903919400759,0.140415140415,0.1678809957498482,0.2027621358118731,0.0
1412000017205,42.511131542735,1.4659010876805172,15210.890081926611,36.64752719201293,95.0,16.12491196448569,4.397703263041552,1.2653064906820743,1067,1564.1164605551119,0.6069277108433735,0.1415182755388941,117.2573573,19.1335740072,0.0,0.5645750592905009,0.8341702349985828,0.15359993228670596,0.3961882594171702,0.48600871268064083,0.3170996683192953,0.26929547412115323,0.868302302164229,0.7118836811718101,0.6905922376059339,0.9185524671842458,0.23916967509,0.20230923694779115,0.16113843001879444,0.0
141200001657A,92.802720317026,8.101824789581634,23635.27224007034,0.7365295263256032,40.0,0.0,0.0,0.0,2953,2174.971691239506,0.3709377901578459,0.15035557060616322,125.2839395,0.4362050164,0.0,0.6795211696404614,0.8723456751229272,0.37584494698574783,0.06026341664968133,0.39541864552742145,0.0,0.0,0.0,0.815740621356292,0.7215288008302221,0.9814298597217899,0.0054525627049999996,0.1236459300526153,0.17120093146837725,0.0
1412000012863,107.67364554102345,13.893373618196573,25652.479330793198,286.5508308753043,2470.0,67.7301963887083,6.946686809098287,1.0902284353953147,1262,2191.6796882705094,0.368763557483731,0.19334389857369255,120.3639376,15.6862745098,0.0,0.7015407642928647,0.8794398590541465,0.4596501271053077,0.6181959330286639,0.8318567549172424,0.4722320875380396,0.33107492525997667,0.7481569622142367,0.7290032988423323,0.7222469354793604,0.942888313264848,0.1960784313725,0.12292118582791034,0.22014917968185208,0.0
1412000013306,60.936671467555094,9.828495397992757,7942.4154240590715,287.97491516118777,6105.0,72.7308659451464,91.40500720133265,1.1758895648708756,3069,3016.3652376439773,0.38868778280542987,0.1870316063864451,126.0775889,0.6329113924,0.0,0.6174104952021325,0.7778879706679066,0.4054067943475203,0.6187353817857395,0.9281831659588533,0.48007245107992363,0.7229532810268878,0.8069409457608022,0.8196726100742011,0.7522206628999537,0.9876470270811406,0.007911392405,0.12956259426847663,0.21296174859565706,0.0
1412000017262,0.0,0.0,0.0,0.0,0.0,0.0,0.0,0.0,189,9812.329318184373,0.44274809160305345,0.17989417989417988,127.3867738,0.0,0.0,0.0,0.0,0.0,0.0,0.0,0.0,0.0,0.0,0.5356345836300207,0.8629447917272518,0.997902716340951,0.0,0.14758269720101783,0.20483478623013504,0.0
1412000012647,187.94404382751586,12.125422182420378,36224.063613053346,654.7727978507004,115.0,321.32368783414,72.75253309452226,1.136343754398461,2767,16775.521589378593,0.5911443358251869,0.15359595229490422,121.6749102,10.7692307692,0.0,0.7843040757775204,0.9093312218158984,0.4381448780662943,0.708217812597057,0.5061590729886817,0.6447473695356508,0.6869403039443049,0.7798030795386525,0.8091016059716774,0.9132896350027654,0.953158006731161,0.134615384615,0.19704811194172897,0.17489056106566464,0.0
1412000012666,263.8976912879709,107.51387422843258,43891.83431395905,596.2133025394897,580.0,237.83372177804785,55.38593520858648,1.224975873832934,4346,14159.251436265697,0.5347025495750708,0.18361711919005982,120.7778397,13.7418755803,0.0,0.8348646332536753,0.9259629280393282,0.7976270918559234,0.6980037174363735,0.6777143618563328,0.6112808141829439,0.6440543123005853,0.8406258714214019,0.8551781080130101,0.8973722071256929,0.9461306752273049,0.17177344475375,0.17823418319169027,0.20907387542839548,0.0
1412000011282,150.1428767232632,67.56429452546844,26131.449045635854,226.71574385212745,1270.0,46.544291784211595,57.05429315484002,1.184620485276161,3575,5367.60784285666,0.36795707167497127,0.12111888111888112,125.1684663,6.588579795,0.0,0.7509017742723301,0.8810422726355143,0.7194950214958119,0.5927205968091784,0.7610672837565102,0.4310920237081327,0.6487117771254637,0.8129324413737231,0.8352472136571981,0.8063158249162337,0.9805252837088554,0.0823572474375,0.12265235722499042,0.13791085479815354,0.0
1412000015834,48.97637676704357,11.30224079239467,8507.318498091621,37.6741359746489,0.0,18.83706798732445,0.0,0.6931471805599453,1624,6118.279682282981,0.29196499602227527,0.2543103448275862,123.8800189,4.4025157233,0.0,0.5853045270687721,0.7838390943404713,0.4271221999513992,0.39912601506518447,0.0,0.33351185544589995,0.0,0.4756644315437017,0.754730175613706,0.8186031116828545,0.9704320446545318,0.055031446541249994,0.09732166534075842,0.2895680402196039,0.0
1412000014395,236.40168684715866,95.39015434183595,28544.487088808244,746.5316426752379,240.0,223.95949280257136,103.68495037156082,1.1961797969644656,2787,11558.7982674216,0.46529968454258674,0.12307140294223179,124.502465,4.7471620227,0.0,0.8184661286660838,0.8886929552507559,0.7774648321884746,0.7225182217348133,0.5840174730629561,0.6045998395918328,0.7428830879650341,0.8208648885905063,0.8098365515531675,0.8783224061228894,0.9753080662024285,0.05933952528375001,0.15509989484752892,0.14013407508538556,0.0
1412000013202,132.69556925607228,0.0,14054.27105021977,48.88784130486873,20.0,20.951931987800883,0.0,0.6829081047004717,1922,13423.2044268511,0.3137388926862611,0.14932362122788762,125.4852832,6.412005457,0.0,0.7325475180216647,0.8273200559266387,0.0,0.4269277181712645,0.3241786929076167,0.3448206783238156,0.0,0.4686379812675931,0.771918857671661,0.8923606694492268,0.9830071147158097,0.08015006821250001,0.10457963089542037,0.17002591218524232,0.0
1412000015196,98.58790896484807,16.99791533876691,22493.180923999862,227.77206553947659,1235.0,47.59416294854734,6.799166135506764,1.0365564531062939,1393,2367.8096066902303,0.3311004784688995,0.16080402010050251,124.4706183,4.8672566372,0.0,0.688476356270053,0.8680555712144322,0.491872504225399,0.593225955935653,0.7580939941559117,0.4335302942370586,0.32808191849590096,0.7113251699753835,0.7390776611140245,0.7295007961457731,0.9750585904720328,0.060840707965,0.11036682615629984,0.18309795848652924,0.0
1412000014569,212.58904869802805,53.14726217450701,39567.32271818468,876.9298258793658,60.0,435.80754983095756,42.51780973960561,1.1231688017017625,2160,11479.808629693516,0.39264990328820115,0.18888888888888888,120.1488022,13.3333333333,0.0,0.8026497549566387,0.9169781423653947,0.6793208504582889,0.740075671952083,0.4377230725854981,0.6786769516939409,0.6026771196569943,0.7707619169099195,0.7838304311894504,0.8776786747538772,0.941203018994203,0.16666666666625002,0.13088330109606705,0.2150765255416418,0.0
1412000011278,80.29385059508252,36.70576027203772,18828.7384436385,356.7341076438666,3540.0,111.26433582461434,19.499935144520038,0.9545836262927723,2742,3145.224833310232,0.3890577507598784,0.13092633114514954,125.7807903,4.6953046953,0.0,0.6581048992335308,0.8526522420316985,0.6177325426826967,0.6420430437355685,0.8701665514059169,0.5270071814085244,0.4824428615303439,0.6550722425137361,0.8081754201560849,0.7561468687666092,0.9853220123224563,0.05869130869125,0.12968591691995948,0.1490780139067758,0.0
1412000012613,214.20450651035065,28.83522203023951,46242.83984912656,523.1533139772025,255.0,189.4886019130025,57.67044406047902,1.216519095031965,3124,12868.747660352605,0.42,0.1555697823303457,124.1533835,10.0189035917,0.0,0.8037772441073485,0.9304827005950366,0.5778887423163239,0.6837548632133552,0.5904467490922419,0.5860320114586641,0.6503980836312416,0.8348225023911706,0.821485278368513,0.8884005984965765,0.9725734857849883,0.12523629489625002,0.13999999999999999,0.1771380437446602,0.0
1412000014944,10.041240244055743,0.0,22883.133307973938,10.041240244055743,175.0,0.0,10.041240244055743,0.0,0,0.0,0.0,0.0,0.0,0.0,0.0,0.35936881135009263,0.8695443832038364,0.0,0.2622465380536128,0.550549643662534,0.0,0.38360630211768465,0.0,0.0,0.0,0.0,0.0,0.0,0.0,0.0
1412000015745,130.78670388933418,14.531855987703796,39929.59832237652,87.19113592622277,0.0,58.127423950815185,0.0,0.8675632284814612,737,10709.977862937698,0.5747863247863247,0.2062415196743555,119.1797779,21.6560509554,0.0,0.7303956769110646,0.9177676326800104,0.46679385738881723,0.48913923178329105,0.0,0.45543189087917946,0.0,0.5953554764090454,0.6741537016332805,0.8711623298722754,0.933612026991465,0.2707006369425,0.1915954415954416,0.2348349325093511,0.0
1412000012435,153.98666362399112,101.63119799183414,37806.353106717834,421.9234583297357,315.0,147.82719707903146,18.478399634878933,1.230447788312315,5424,16704.473269930557,0.45491143317230276,0.16334808259587022,119.8050855,14.3509458578,0.0,0.7546596276644859,0.9130345832949477,0.7881417574939814,0.6603224020287612,0.6128675434919894,0.5584800632065585,0.47427832364148986,0.8443809109906142,0.8777928646417384,0.9128911886095371,0.9385104645134665,0.1793868232225,0.1516371443907676,0.1859947308985177,0.0
1412000011808,265.0000683984629,19.3902489072046,35597.278315357034,762.6831236833809,20.0,265.0000683984629,45.243914116810735,1.0554669127326293,3599,23261.83527234312,0.5675087108013938,0.16449013614893027,121.9161921,12.3356926188,0.0,0.8354860498726554,0.9078192971150437,0.5131114915326159,0.7248524053989522,0.3241786929076167,0.6233070110821917,0.6123820667091556,0.7243022595180756,0.835930048981333,0.9439784886698506,0.9550481233910895,0.154196157735,0.18916957026713124,0.1872951192465011,0.0
1412000014380,176.10040879030825,45.65566153822807,29325.466349797225,544.6068197774348,430.0,159.79481538379824,55.439017582134085,1.086689025830236,3619,11801.988507631955,0.5167644593461861,0.13871235147830893,124.7818414,4.3512658228,0.0,0.7746176009579155,0.8910310584185952,0.6539783631961766,0.6881351487399754,0.6459150924033351,0.5671141830783051,0.644204610404175,0.7457280823370749,0.8364956099865652,0.8802770333616327,0.9774966016376634,0.054390822785,0.17225481978206203,0.15794349144175962,0.0
1412000016917,149.6249657632302,66.93748468355034,33335.641186710614,70.87498378258272,75.0,27.562493693226614,7.8749981980647465,1.2228533796176,1833,7217.43584852634,0.35233160621761656,0.15548281505728315,122.7428595,6.0371517028,0.0,0.7503881500279274,0.9021333149512196,0.7179320653692307,0.4668003386321655,0.46113356110959247,0.3742070844830458,0.3487220490206274,0.8391693337152598,0.7670814173707412,0.8341123606405013,0.9615239420287893,0.075464396285,0.11744386873920552,0.17703901929152185,0.0
1412000012261,177.37601487257734,36.07647760120217,37794.28681596513,228.48435814094708,530.0,72.15295520240434,45.09559700150272,1.437633111066901,5699,17133.3204874376,0.360792741165234,0.17617125811545886,124.8045774,6.4573459716,0.0,0.7756915176393295,0.9130069328086147,0.6148683396126232,0.5935654111993828,0.6681324220667008,0.4791940056237076,0.6118689544768905,0.9865595009585432,0.8828407176815444,0.9152709033672624,0.9776747073819406,0.08071682464499999,0.120264247055078,0.20059571697761996,0.0
141200001671A,186.54352298093266,34.97691055892488,32809.597005351105,450.81351387058726,260.0,198.20249316724096,33.033748861206824,1.1524866606528403,4269,8295.357287558349,0.48280653004515456,0.18646052939798546,120.9645368,15.6971375808,0.0,0.7831907971093236,0.900755516772892,0.6097449145248912,0.6675378151588424,0.5925063747116004,0.5910253361688151,0.5634134105993904,0.7908809668074857,0.8533536589584542,0.847179127365723,0.9475931939619067,0.19621421976,0.16093551001505152,0.2123114972483323,0.0
1412000013768,300.0,100.0,60592.32527704594,300.0,0.0,200.0,0.0,0.6365141682948128,33,3300.0,0.0,0.0,0.0,0.0,0.0,0.8539829755403693,0.9538932748117467,0.7854151797128713,0.6231872990057884,0.0,0.5920281479667925,0.0,0.4368006658944782,0.3599832257972433,0.7606554373343422,0.0,0.0,0.0,0.0,0.0
1412000014446,202.13175919767244,99.46165928774359,43634.208889138805,471.6407714612357,665.0,102.67009990992885,16.042203110926383,1.0819565408096703,2587,8300.23588959331,0.42455947136563876,0.12214920757634326,124.7215478,7.1680376028,0.0,0.7951382306611816,0.9254530002255839,0.7845056600516245,0.6724588049963797,0.6922529331679159,0.5181163864942341,0.4529366678877169,0.7424804678906337,0.8022375460035144,0.8472343194828267,0.9770242830018807,0.089600470035,0.14151982378854625,0.13908402615803664,0.0
1412000013397,270.7339982655564,42.114177507975434,39335.0261847375,571.5495518939524,825.0,234.63613183014886,46.626410812401375,1.1376058610053217,10572,15901.110164797012,0.32814070351758795,0.20866439651910706,124.5290659,6.2851782364,0.0,0.8386773248864043,0.9164680967853599,0.640543707550327,0.6933984167804349,0.7151784751168788,0.6097761261206772,0.6170872384446455,0.7806691859566501,0.9459117228170256,0.9082640988206088,0.9755164481998311,0.078564727955,0.10938023450586265,0.23759371804009238,0.0
1412000012473,80.93717536310767,10.491856065588031,18230.737359362898,57.70520836073417,535.0,17.611329824379908,3.7470914519957255,1.0025083803947794,8383,3141.1867642080165,0.4061084074509146,0.1637838482643445,124.2821545,5.0356859635,0.0,0.6592843851390567,0.8498565913733134,0.4155254506592534,0.4446993115593926,0.6691303611857634,0.3263916518793506,0.2487799103956327,0.687960064258012,0.9222305502127931,0.7560262931171001,0.9735822320374656,0.06294607454375,0.13536946915030487,0.18649091130636006,0.0
1412000011742,204.84228638812004,69.33123539290217,41585.11312717564,365.5646957080296,80.0,201.69086659753359,18.908518743518773,1.1343268512563618,4629,14587.922210624734,0.4945090439276486,0.1771440915964571,119.1465267,21.0619469027,0.0,0.7971217083734276,0.9212865744654881,0.7238251762305283,0.6447057649820113,0.46791797799195844,0.5929633139806364,0.47776701294901747,0.7784190025150826,0.8616166078969867,0.9001722034531892,0.9333515489071884,0.26327433628375,0.16483634797588287,0.2017034245100983,0.0
1412000011850,148.85510441981975,54.84135425993359,44639.13959264413,419.1446361294924,60.0,137.10338564983397,86.17927097989565,1.3722043968481261,3966,15535.772213921187,0.34145516074450083,0.14498234997478568,124.4291363,6.067961165,0.0,0.7496213877540475,0.9274253384068505,0.6845637297761765,0.6596025686113438,0.4377230725854981,0.5501317176459852,0.7136548410568642,0.9416597840898004,0.8458399370837633,0.9060820020667949,0.9747336352255467,0.0758495145625,0.1138183869148336,0.16508276522173718,0.0
1412000015270,64.77931305032158,32.38965652516079,29655.244769015946,343.33035916670434,335.0,77.73517566038589,45.3455191352251,1.1221836615021024,754,4884.360203994247,0.40148698884758366,0.10610079575596817,125.4011318,4.5081967213,0.0,0.6264174641967732,0.8919997108474985,0.597043952328045,0.6378730598399677,0.6194020674537376,0.48740327586204707,0.6127326265821578,0.770085875563717,0.6764785435777784,0.7974600538190459,0.9823479025532054,0.05635245901625,0.1338289962825279,0.12081065563269006,0.0
1412000011460,89.88566040105961,20.428559182059,25631.777859001744,518.8854032242987,2390.0,190.66655236588403,23.152367073000203,1.158647114302978,4163,5669.6061249941085,0.5067004708438971,0.15037232764833053,121.3864286,17.6313446126,0.0,0.6747939602577896,0.8793699286261776,0.5215641049699816,0.6828621057906642,0.8283523884666878,0.5867202110837607,0.508631805079782,0.7951085086135085,0.8507875169522806,0.8114539120150259,0.9508981443948532,0.2203918076575,0.1689001569479657,0.1712200117140651,0.0
1412000011901,210.84618789043765,87.52105912433261,42780.27488071868,572.8651142683589,160.0,250.628487492407,35.80406964177243,1.2056349320349005,3088,12284.77411708814,0.4669833729216152,0.17551813471502592,121.1162567,12.4331550802,0.0,0.8014237432385113,0.9237409842995665,0.7629714358223648,0.6936490289908296,0.5410645048185279,0.617106554062493,0.5759129707681797,0.8273533683457209,0.8203024501973489,0.8840408178435393,0.9487817137416027,0.1554144385025,0.15566112430720505,0.19985204426854025,0.0
1412000011032,119.94596390204416,56.33825577217225,36745.33110933397,623.3555396727446,720.0,256.2481956089125,52.70352959332243,1.2308591880010504,8289,15064.12264824309,0.5278392330383481,0.16877789841959223,121.1791236,13.1924882629,0.0,0.7175508854580549,0.9105688247513403,0.6890656375994245,0.7028569544789052,0.7007020107944888,0.61957227894324,0.636269055337163,0.8446632293849868,0.9210795425732716,0.9031877771690949,0.9492741906951084,0.16490610328625,0.17594641101278272,0.19217733871926737,0.0
141200001269A,18.795067994745278,0.0,18383.21999761442,0.0,0.0,0.0,0.0,0.0,946,17780.134323029033,0.37700145560407566,0.15644820295983086,124.4568623,14.1843971631,0.0,0.4467249940485824,0.8505780616767032,0.0,0.0,0.0,0.0,0.0,0.0,0.6996087602775622,0.9187497721576177,0.974950830856521,0.17730496453875,0.1256671518680252,0.1781382489873566,0.0
1412000017012,257.0029230152151,41.120467682434416,22939.757342225806,143.92163688852045,40.0,46.26052614273872,10.280116920608604,0.9921068275686911,3205,16473.887365275288,0.3033753558357056,0.11856474258970359,125.7918694,14.447592068,0.0,0.8309183465118677,0.8697584579989424,0.6365753632615728,0.5433748835272835,0.39541864552742145,0.4304237468034968,0.3870251362185453,0.6808221159968704,0.8240975717648708,0.911586264036815,0.9854088020546616,0.18059490085000002,0.10112511861190186,0.13500260940670186,0.0
141200001098A,53.59372992497514,3.4576599951596867,9945.186549511182,201.40869471805175,2660.0,58.780219917714675,19.881544972168196,1.1543477748251945,2012,1739.2029775653223,0.3315684976836532,0.20526838966202784,124.9588662,4.7846889952,0.0,0.5985275568394198,0.7973649176742534,0.2543596304101757,0.5798564316510039,0.839744643724505,0.45665762931978804,0.4853888709905515,0.7921581354084105,0.7765881243154875,0.7005479587977828,0.9788833510113234,0.05980861244,0.11052283256121774,0.23372688733431254,0.0
1412000013151,194.58251755962908,19.184191872076106,48182.8592204749,213.76670943170518,1075.0,52.07137793849229,21.924790710944123,1.0022062546884358,3564,9767.494261725606,0.27741935483870966,0.17059483726150393,125.3596749,4.2553191489,0.0,0.7894711891929449,0.9340425671681458,0.5113829298672935,0.5863277001813217,0.7433327763220537,0.44336906680510035,0.500299886078863,0.6877527339010645,0.8349327144576864,0.8625148673111755,0.9820231439311994,0.05319148936125,0.09247311827956989,0.19424617874230277,0.0
1412000014732,130.41291673043253,72.45162040579585,24402.49233363934,223.1509908498512,1275.0,55.06323150840485,40.572907427245674,1.111583087599639,2114,6126.509021514097,0.40346205059920104,0.14522232734153265,125.4362894,5.7397959184,0.0,0.7299706637725152,0.8751127567507831,0.7312129827500783,0.5909976954718285,0.7614853421050948,0.44949133601547003,0.5953741490747781,0.7628113513345643,0.7816339755414013,0.8187292855951114,0.982623314697602,0.07174744897999999,0.13448735019973368,0.16535601315364137,0.0
1412000013166,109.32262978039724,21.610287282171548,20746.113836504424,161.44155793151685,4165.0,45.762961303422095,19.06790054309254,1.1638027642533213,3729,4740.280075012805,0.4039909638554217,0.1263073209975865,125.5003383,7.3466476462,0.0,0.7037942298753826,0.8610521005003877,0.5306996011087585,0.5558367652456907,0.8874744642526697,0.42924222120371286,0.47904064925698403,0.7986465152182346,0.8395513987003972,0.7946495217840364,0.9831250510190587,0.0918330955775,0.1346636546184739,0.14381862220923755,0.0
1412000013378,177.2668334982237,0.0,40704.31111421631,212.72020019786845,0.0,155.99481347843687,0.0,0.5799151714181009,2894,20520.408645754374,0.36445073078736445,0.18935729094678647,124.0069143,7.7625570776,0.0,0.7755999002323605,0.9194321623732952,0.0,0.5857943177640348,0.0,0.5644443104116518,0.0,0.3979602429217462,0.8136810792763322,0.9322063865334977,0.9714260981231438,0.09703196347000001,0.12148357692912148,0.21560986706194915,0.0
141200001372A,143.97555538944164,56.8324560747796,44371.81642437239,466.0261398131927,135.0,197.01918105923593,18.94415202492653,1.1546748247456682,2459,9316.733965858868,0.5095150399017803,0.1931679544530297,119.7690648,17.9867986799,0.0,0.7446679165253312,0.9269050422393057,0.6905261655117951,0.6711538821662045,0.5230961742410409,0.5903602262726457,0.4780526449072828,0.7923825697260729,0.7970594598074477,0.8580794644679639,0.9382282911503909,0.22483498349875003,0.16983834663392675,0.219948842592761,0.0
1412000016870,217.09592724728017,75.73113741184191,51723.812419630114,161.5597598119294,40.0,75.73113741184191,20.194969976491176,1.051331792501681,957,4831.6465668755145,0.41150442477876104,0.2110762800417973,120.3855636,12.2529644269,0.0,0.8057743061585999,0.940185346148628,0.7386466838920281,0.5559161928765198,0.39541864552742145,0.4845250854795139,0.4877685052187209,0.7214645799181529,0.7007876904446624,0.7964415168228123,0.9430577236635874,0.15316205533625,0.13716814159292035,0.2403399861298819,0.0
1412000013715,132.20841347241873,26.441682694483745,40000.941536667575,79.32504808345124,20.0,52.88336538896749,26.441682694483745,0.6365141682948128,131,3463.8604329773707,0.6049382716049383,0.16030534351145037,120.4353516,31.0344827586,0.0,0.7320012871571974,0.9179222631656357,0.5636569281342262,0.4789377037866152,0.3241786929076167,0.4450641201309422,0.529025863861479,0.4368006658944782,0.4984535117018271,0.7652038803673191,0.9434477451623593,0.3879310344825,0.20164609053497942,0.18253014516107005,0.0
1412000014041,100.0,0.0,12932.365521562577,0.0,0.0,0.0,0.0,0.0,0,0.0,0.0,0.0,0.0,0.0,0.0,0.6905831793356683,0.8201140994703364,0.0,0.0,0.0,0.0,0.0,0.0,0.0,0.0,0.0,0.0,0.0,0.0,0.0
1412000014605,89.08509108282803,12.430477825510888,15364.811665536525,178.17018216565606,295.0,49.72191130204355,20.717463042518148,1.0091544184532943,5955,12337.249241819556,0.2508403361344538,0.18740554156171285,123.7504367,4.168575355,0.0,0.6734700567583056,0.835042331001876,0.4420549377118094,0.5665398083877501,0.6059056314449972,0.4383143136293685,0.49165830413469086,0.6925208328851996,0.8873255459748545,0.8844409669820473,0.9694169437495316,0.0521071919375,0.08361344537815125,0.21338752630416857,0.0
1412000012933,281.573334678619,125.14370430160844,53366.867230841126,494.3176319913533,80.0,175.20118602225182,18.771555645241268,1.0711459989950034,2712,16969.486303298105,0.4225721784776903,0.14823008849557523,124.1477067,10.5672969967,0.0,0.8445302151577149,0.9428941709677432,0.8232470794468112,0.6775760714734175,0.46791797799195844,0.5773283790105832,0.47666435423421616,0.735061855550901,0.8070527897035861,0.914368877413172,0.9725290157511602,0.13209121245875,0.14085739282589677,0.1687807716054269,0.0
1412000017050,43.827422002579944,21.913711001289972,4609.071670021531,0.0,0.0,0.0,0.0,0.0,504,11044.510344650145,0.38082191780821917,0.19444444444444445,125.675794,0.0,0.0,0.5690346657880332,0.7307561059593046,0.5329682213360267,0.0,0.0,0.0,0.0,0.0,0.6354247125023799,0.874049753396142,0.9844995086209318,0.0,0.12694063926940638,0.2214023057046313,0.0
1412000012986,135.37078514541784,39.0492649457936,25014.446352847775,413.9222084254122,1065.0,109.33794184822209,33.84269628635446,1.0632654334864058,4412,11485.69046272276,0.42276684940341824,0.14324569356300998,124.7805345,5.9384164223,0.0,0.7355121139239877,0.877258182664288,0.6279941443595962,0.6582367620851894,0.7423385643874791,0.5250749812915034,0.5671655402685686,0.7296539063908657,0.856716381645687,0.8777267615405654,0.9774863638474982,0.07423020527875,0.14092228313447275,0.16310533801942012,0.0
1412000013575,151.3260090553463,35.45352212153828,25933.61263172056,198.8856119013123,3405.0,38.91240232851762,12.106080724427704,1.1015333728266605,7011,6062.5522827830455,0.39748703629836457,0.17201540436456997,124.6505706,6.2977957715,0.0,0.7520685417044125,0.8803839918224862,0.6119846462558568,0.578486731071137,0.866027637141106,0.4115589392344841,0.41098972499526387,0.75591484796741,0.9039880081494515,0.8177441964283598,0.9764682728403432,0.07872244714375,0.13249567876612153,0.19586369387844146,0.0
141200001721A,192.7585973335975,30.8413755733756,39060.43601086895,15.4206877866878,0.0,15.4206877866878,0.0,0.0,203,1565.1998103488118,0.0,0.0,0.0,0.0,0.0,0.788069209595913,0.9158612896080843,0.588963729525061,0.3055864952965428,0.0,0.3124119129929231,0.0,0.0,0.5428923041750643,0.6906572009767267,0.0,0.0,0.0,0.0,0.0
141200001326A,200.21158319538716,47.10860781067933,37030.25163555755,311.25330160627414,80.0,132.91357203727384,20.189403347434,1.0934817686474934,10568,17780.134547973543,0.35661103979460845,0.1774224072672218,124.5996757,8.0134064595,0.0,0.7937170249276481,0.9112378883779468,0.6591973381278089,0.6271952383755699,0.46791797799195844,0.5466925066002153,0.4877265491475066,0.7503895254496086,0.9458730950612586,0.918749773345334,0.976069580280332,0.10016758074375001,0.11887034659820282,0.20202032598494932,0.0
1412000016033,230.8795380338264,47.918394686265856,36506.85024727186,387.7033751888783,40.0,130.68653096254326,60.987047782520186,1.3033825132997163,1681,7322.801951601174,0.37674037674037675,0.1552647233789411,125.4791754,4.7970479705,0.0,0.8149443835702108,0.9100048124279753,0.6620380974654303,0.6511091164999435,0.39541864552742145,0.5448203769543838,0.6591813691931634,0.8944315430553696,0.7582495804184831,0.8354728778501822,0.9829592683811468,0.05996309963125,0.12558012558012557,0.1767906912892594,0.0
141200001447A,118.82923908423793,46.32326269385546,30891.777145084772,404.8250348463021,1270.0,102.71679988637516,100.70274498664232,1.2575995276574787,3878,7810.504901163978,0.43364140480591495,0.11165549252191852,125.275004,5.8784676354,0.0,0.7161628502908758,0.8955382555906903,0.6563962733311336,0.6558160275809962,0.7610672837565102,0.5181666625389335,0.7382668065939924,0.8630134857499991,0.8435499231277735,0.8415254683868333,0.9813598621902103,0.0734808454425,0.144547134935305,0.12713545794311473,0.0
1412000010265,114.73082985674937,99.92685181071718,22857.475808367584,1032.5774687107441,260.0,429.31536333493307,66.61790120714478,1.1412132045374976,2514,9304.300201931223,0.4155405405405405,0.15314240254574382,121.4851876,13.3174791914,0.0,0.7109554565031361,0.8694472071209272,0.7852918817888203,0.7578978803347017,0.5925063747116004,0.6770053061537358,0.6730691998208049,0.7831446847522006,0.7993166743891972,0.8579540986884023,0.9516717873047352,0.16646848989250002,0.13851351351351351,0.17437413098455445,0.0
1412000010937,213.28831147533484,60.364616455283446,41701.46554542998,442.67385400541195,565.0,211.27615759349206,26.15800046395616,1.1173373386442373,7260,14608.237182178595,0.43685669041963576,0.1797520661157025,122.5577041,10.7818088912,0.0,0.8031388400596108,0.9215285972152883,0.7006151680994488,0.6655526754336881,0.6749292163799574,0.5981214730202851,0.5273660697713013,0.7667601411859166,0.9075501703802878,0.9003028468841314,0.9600735004241115,0.13477261114,0.14561889680654524,0.2046729697363947,0.0
141200001251A,171.86465467674572,34.37293093534914,46973.64800982815,508.7193778431673,360.0,151.24089611553623,44.68481021595388,1.3436099184637311,3753,12900.160980036533,0.49026618990862136,0.19184652278177458,118.4900768,17.6404494382,0.0,0.7709952526883088,0.9318409395358267,0.6068636317160918,0.6807057169357155,0.6270437476730639,0.5610117202023114,0.610439146618581,0.9220371459438668,0.840206132106751,0.8886294802023644,0.9282091536740676,0.2205056179775,0.1634220633028738,0.21844420706726211,0.0
1412000012948,102.80885336663697,8.224708269330957,26204.147434516442,186.4267207715017,1475.0,47.97746490443058,16.449416538661914,1.0637385398143455,3793,5199.386410928721,0.33715925394548063,0.17347745847614027,123.7239644,7.1931196247,0.0,0.6946877762811176,0.8812829178537324,0.3781272112754194,0.5714592407918018,0.7769893217964612,0.4344073868897936,0.45670836645381985,0.7299785702701264,0.8412881083227876,0.8033269268407716,0.9692095691588283,0.08991399530875001,0.11238641798182687,0.19752844779975542,0.0
1412000014643,176.52526005676108,59.63691218133821,47025.99963949831,260.01693711063456,60.0,152.6704951842258,4.770952974507057,0.9553287012280945,4674,11149.717101422992,0.5299509001636661,0.18763371844244758,117.348858,27.6281494353,0.0,0.774976134591248,0.931937424742128,0.6985849577204061,0.6076243004437134,0.4377230725854981,0.5620551122519383,0.279975409180744,0.6555835417810595,0.8626039895903688,0.8749397625683047,0.9192692511513196,0.34535186794125,0.17665030005455537,0.2136473377256134,0.0
1412000016086,11.315729755325721,0.0,6045.309451785405,28.289324388314302,215.0,0.0,11.315729755325721,0.6730116670092565,0,0.0,0.0,0.0,0.0,0.0,0.0,0.37571491657159445,0.754248816099555,0.0,0.36877551696613053,0.5723560144035595,0.0,0.40105486409636526,0.46184666256829926,0.0,0.0,0.0,0.0,0.0,0.0,0.0
1412000016781,360.91512910983306,39.475092246387995,47968.042677148296,0.0,0.0,0.0,0.0,0.0,759,4280.227859286927,0.37749546279491836,0.2160737812911726,124.1777856,0.0,0.0,0.8815606115334287,0.9336555127795848,0.6297940781206147,0.0,0.0,0.0,0.0,0.0,0.6771523645083065,0.7850669204788946,0.9727646431645813,0.0,0.12583182093163944,0.2460303430980883,0.0
1412000013452,125.33210323476771,56.96913783398533,16175.03243819532,0.0,0.0,0.0,0.0,0.0,1286,14652.462250901026,0.3122448979591837,0.2130637636080871,125.1038341,1.5345268542,0.0,0.7240705256504437,0.8394935379431451,0.6909279030965649,0.0,0.0,0.0,0.0,0.0,0.7309249273548178,0.9005866265181343,0.9800189780224868,0.019181585677499998,0.10408163265306124,0.24260301527110453,0.0
1412000012257,227.25947758029193,78.66674223933182,48895.98246085365,712.3710547228382,60.0,402.07446033436264,39.33337111966591,1.1261677479755248,4584,20033.797023616502,0.45017399557102183,0.18193717277486912,121.1598867,15.4968094804,0.0,0.812589883706397,0.9353152049547913,0.7450361413527369,0.7174106374254353,0.4377230725854981,0.6697047860055774,0.59053929342893,0.7728199099517247,0.860619582605301,0.9299533264870454,0.9491234956567514,0.193710118505,0.15005799852367394,0.20716102052093774,0.0
1412000014766,47.36596795258301,0.0,6372.0743641419485,71.04895192887453,175.0,0.0,23.682983976291506,0.6365141682948128,0,0.0,0.0,0.0,0.0,0.0,0.0,0.5804033843422443,0.7588081516718329,0.0,0.4670643175514316,0.550549643662534,0.0,0.5121029452666633,0.4368006658944782,0.0,0.0,0.0,0.0,0.0,0.0,0.0
1412000015158,203.95583551879702,42.76493325394131,49488.82534332861,177.6389535163716,0.0,78.95064600727626,3.2896102503031774,1.1375200996904378,3081,10135.289181184091,0.48254504504504503,0.15806556312885428,118.7334444,15.8703071672,0.0,0.796475920567666,0.9363591411166688,0.6430932192337012,0.5662155712861542,0.0,0.48911345061562705,0.2325937802460348,0.7806103332219976,0.8200708557041263,0.8659848272938985,0.9301156089665981,0.19837883959,0.16084834834834835,0.1799798406646078,0.0
1412000014215,147.94086734616388,62.9535605728357,33084.94580376754,305.32476877825314,240.0,97.57801888789534,53.510526486910344,1.3237180026405402,2444,7692.925102000522,0.4317516110134739,0.16448445171849427,124.1696556,4.1722745626,0.0,0.7487056979239317,0.9014794341940541,0.7076477798740584,0.6251020981052084,0.5840174730629561,0.5124939007804682,0.6386513996768783,0.9083865431603285,0.7964350939446622,0.8401015536403611,0.9727009556337503,0.0521534320325,0.14391720367115798,0.1872886467241889,0.0
1412000012416,172.3071795429351,55.26834060811126,37654.99300392236,256.8352298847523,1335.0,55.26834060811126,16.25539429650331,0.9666958658996554,1234,4011.831312377017,0.42824074074074076,0.14343598055105347,124.3569351,4.3689320388,0.0,0.7713778211211858,0.9126870936371326,0.6858600704839997,0.6062850729737326,0.7663780553783078,0.44989900655510395,0.4549223944052188,0.6633841302756902,0.7267147017834762,0.7789885352416531,0.9741680366829838,0.054611650484999996,0.1427469135802469,0.16332200647718342,0.0
1412000012670,198.77209836809925,126.14383165667836,32703.755524613924,672.7671021689513,260.0,267.5778247262874,42.047943885559455,1.1093597198982972,3181,12159.500863633148,0.47405004633920295,0.14272241433511473,121.5190582,6.4718162839,0.0,0.7926426763740275,0.9004756320795423,0.8245910507136824,0.711173731609908,0.5925063747116004,0.6243836249929549,0.6009431546393044,0.7612855903368537,0.8233305036572541,0.883078593745412,0.9519371175484949,0.08089770354875,0.15801668211306766,0.16250951113470577,0.0
1412000017031,32.11808783958632,0.0,3090.4836176594417,0.0,0.0,0.0,0.0,0.0,1166,12483.230140319216,0.41504854368932037,0.07804459691252144,125.6427435,4.5226130653,0.0,0.5237341223946966,0.6961420052745633,0.0,0.0,0.0,0.0,0.0,0.0,0.7209332418628793,0.8855452557233258,0.9842406027491322,0.056532663316249995,0.1383495145631068,0.08886473333599265,0.0
1412000014906,0.0,0.0,0.0,0.0,0.0,0.0,0.0,0.0,0,0.0,0.0,0.0,0.0,0.0,0.0,0.0,0.0,0.0,0.0,0.0,0.0,0.0,0.0,0.0,0.0,0.0,0.0,0.0,0.0,0.0
1412000011846,65.84110948359054,21.94703649453018,14691.022693490871,131.6822189671811,715.0,32.92055474179527,16.460277370897636,1.2925718370167558,2256,12378.128582915022,0.4332909783989835,0.14450354609929078,123.4940335,10.6824925816,0.0,0.6288135539384301,0.8311581011953747,0.5332155541696667,0.5337399385380566,0.6999610243344243,0.3933999194846045,0.4568077524908894,0.8870128384382877,0.788267533438309,0.8847515149205397,0.9674083721990799,0.13353115727,0.1444303261329945,0.16453757977137493,0.0
1412000012420,156.61173006160402,59.40444933371187,23273.26545619244,207.91557266799154,1205.0,37.80283139418028,24.301820181973035,1.0009316675290443,3116,8413.830187447553,0.29725228975853457,0.1505134788189987,125.5120346,7.1799307958,0.0,0.7571728256998866,0.871008707578479,0.6979312757190171,0.5833115019254438,0.7554776629086822,0.4084115474741006,0.5160581430501872,0.6868780628447166,0.82122360952845,0.8485103348397516,0.983216675676729,0.0897491349475,0.09908409658617819,0.17138073214363628,0.0
1412000015251,104.00618017027834,10.400618017027833,10075.385094822745,239.21421439164018,425.0,72.80432611919484,36.40216305959742,1.1622592559183405,2182,11347.074256577367,0.3136664659843468,0.19110907424381302,126.1641446,3.520208605,0.0,0.6964037816698825,0.798491488089852,0.4141689131838871,0.5985552044630211,0.6446726124408847,0.4801836196748845,0.578487787596228,0.7975873000395066,0.7848644349687428,0.8765869066538884,0.9883250736755257,0.044002607562500004,0.10455548866144893,0.21760451834738279,0.0
1412000015266,77.65866573165422,17.13594971543544,11899.04100722932,90.41947934953168,1340.0,28.802979308923398,8.750272195115969,1.1739739489425267,7324,2670.2913982095565,0.38295862459852636,0.1854178044784271,124.3089288,6.3849333946,0.0,0.653174043998627,0.8129010781502228,0.49317273725011057,0.49306501965009497,0.7667758120029708,0.3789530751929902,0.3637455013868299,0.8056263759447957,0.9084460137848841,0.7407833909232362,0.9737919723888468,0.0798116674325,0.12765287486617546,0.2111242084982448,0.0
1412000016512,72.36766643202547,21.55632617124163,20148.685308972363,221.72221204705676,2325.0,74.67727280751565,14.627507044771106,1.1891276954511147,4661,3588.358438719901,0.44348095385568287,0.1707788028320103,123.5984967,6.1871616396,0.0,0.6427542946580949,0.8585210927277482,0.5302929613867343,0.5902994397689153,0.8254176442529796,0.48298122318202275,0.43909470003527346,0.8160254634992483,0.8623197256165247,0.7685181308268448,0.9682266997846527,0.07733952049500001,0.14782698461856095,0.19445564937848758,0.0
1412000012609,236.91884678626224,66.33727710015343,42627.076978254154,593.8765759442307,875.0,192.69399538615994,129.51563624315668,1.2729849399481192,4314,13627.572067145804,0.42738726790450926,0.14255910987482615,123.6483193,9.0971743625,0.0,0.8187917414265501,0.923430232391477,0.7164218677188924,0.6975756306893707,0.7214364053013035,0.5878948683467018,0.7781089056146745,0.8735715513333879,0.8544238510580695,0.8937791889530653,0.9686169923275287,0.11371467953125,0.1424624226348364,0.16232356607392995,0.0
1412000012331,178.15088848386648,66.80658318144992,44064.94080473375,477.1898798674995,295.0,203.6010154101331,47.71898798674995,1.2927732236485865,3703,11780.22750099567,0.5092175337976239,0.17634350526600054,121.5987806,12.537917088,0.0,0.7763401308184539,0.9263038858828008,0.7176038415119771,0.6737333562142037,0.6059056314449972,0.5940104193515846,0.6207100692981244,0.8871510377420386,0.8388373331015698,0.8801037789011591,0.9525616344990389,0.15672396360000002,0.1697391779325413,0.200791844547065,0.0
1412000011920,160.82031217181762,36.75892849641546,21359.159881145617,243.5279012887524,135.0,73.51785699283091,39.056361527441425,1.167597228092034,4685,10763.47375035665,0.30183435241801,0.14834578441835647,124.911707,4.8009367681,0.0,0.7611159948090023,0.8635746088067776,0.6179723457220196,0.6004986915322035,0.5230961742410409,0.48125769753522385,0.5894385040312601,0.8012504232127767,0.8628439039201505,0.8716300712092938,0.9785139225975514,0.06001170960125,0.10061145080600332,0.1689125076606152,0.0
141200001479A,40.498009036089364,0.0,26338.211388029293,283.4860632526255,60.0,121.49402710826809,40.498009036089364,1.277034259466139,406,16442.19166865228,0.44483985765124556,0.1724137931034483,121.6441695,25.9615384615,0.0,0.5574866509500803,0.881724948940694,0.0,0.6170258680189986,0.4377230725854981,0.5367423240148294,0.595086122937356,0.8763503511621945,0.6134006828312261,0.9114054664141181,0.9529171950117248,0.32451923076875,0.14827995255041518,0.19631731540312133,0.0
1412000012971,108.84015076972263,50.23391573987198,31289.314492869413,368.3820487590612,610.0,90.00243236727063,58.606235029850644,1.1413742426491842,3307,6921.81497298986,0.3708471760797342,0.14847293619594798,125.3991996,2.8818443804,0.0,0.7031383894784451,0.8966458416665868,0.6699087619804438,0.6455418093622354,0.6830751914756613,0.5035674301162822,0.6529256180907077,0.7832551953392745,0.827294798715599,0.8301864779944252,0.9823327663850538,0.036023054755,0.1236157253599114,0.1690572878152431,0.0
1412000016832,217.85166657794213,8.378910252997773,49143.52478433052,156.4063247226251,20.0,72.61722219264738,19.550790590328138,1.2461818342978126,5929,16559.519630007933,0.3169702354509107,0.23342890875358407,124.8840849,8.1018518519,0.0,0.8062919202020692,0.93575263272602,0.38094850771763455,0.5523984608988284,0.3241786929076167,0.4799002535566047,0.4828386153762119,0.8551782225132958,0.8868789406842488,0.9120729911112642,0.9782975408822541,0.10127314814874999,0.10565674515030356,0.265791592883106,0.0
141200001244A,127.639606125592,39.11536316752013,31649.041587003834,288.21846544488517,235.0,74.11331968582762,24.704439895275872,1.1579416115076409,4346,8947.124648739078,0.47238224330735346,0.12563276576161989,123.9928885,7.2349570201,0.0,0.7267790020801498,0.8976360227564811,0.6282747867892895,0.6188273733228867,0.581785120343782,0.4821462038379689,0.5185798166395593,0.7946243652807383,0.8551781080130101,0.854279418348221,0.9713162249903111,0.09043696275125,0.1574607477691178,0.1430505463457443,0.0
1412000014535,203.4502137712719,57.64422723519371,45717.71718887172,559.4880878709978,375.0,237.35858273315057,30.517532065690787,1.1958940480884164,4402,14926.464017018983,0.43856209150326797,0.186278964107224,120.49539,20.2857142857,0.0,0.7961063182755457,0.9294934179583355,0.6928983469001181,0.6910735160187981,0.6313786471617245,0.6110585071579706,0.5511449913434481,0.8206687966485606,0.8564847946581259,0.9023259516734341,0.9439180646520327,0.25357142857125,0.14618736383442266,0.21210475966770675,0.0
1412000011210,128.82522001995085,40.98984273362072,33291.37365301215,426.00157983870105,2055.0,136.14483479381167,35.13415091453205,1.118983167363122,5366,7855.410575307456,0.347564038171773,0.167163622810287,123.5571448,12.074829932,0.0,0.7281518038239422,0.9020182116064754,0.6360467677312921,0.6613702908245369,0.812279404600162,0.5493541858650264,0.572978785969488,0.7678895725735683,0.8766955888771666,0.8420636364895003,0.9679027636953328,0.15093537415,0.115854679390591,0.190339259246418,0.0
1412000017188,335.780444987932,0.0,56011.60442270871,83.945111246983,0.0,83.945111246983,0.0,0.0,168,7051.3893447465725,0.0,0.0,0.0,0.0,0.0,0.870790112373121,0.9470839713522884,0.0,0.48504429655869963,0.0,0.4958779884142491,0.0,0.0,0.5236780171851966,0.8319274835410104,0.0,0.0,0.0,0.0,0.0
1412000014427,165.06922260866455,61.55123554899355,41208.96576641471,498.0054512600388,2635.0,114.70912079585163,30.775617774496776,1.2333741706478223,2429,6795.815961295698,0.49231714812538413,0.15726636475916014,120.770966,15.4742096506,0.0,0.7649942579865553,0.9204994975365172,0.7038746155242304,0.6783860554443578,0.8387395454119988,0.530381115889239,0.5524476119671166,0.8463891078485659,0.7958068858062365,0.8284619760677003,0.9460768291042209,0.19342762063250002,0.16410571604179472,0.17906984108981294,0.0
1412000016813,223.1725893494504,33.735391413289015,40420.57854972278,5.190060217429079,0.0,5.190060217429079,0.0,0.0,2570,6669.227379396367,0.41409691629955947,0.17120622568093385,126.317444,0.6711409396,0.0,0.809886459861705,0.918826246857611,0.6037683815955486,0.19905626537592053,0.0,0.20350228042299823,0.0,0.0,0.8015647699666667,0.8266969064794457,0.9895259666969127,0.008389261745,0.13803230543318648,0.1949423303146948,0.0
1412000012204,170.68942007362114,52.51982156111419,20632.313850460363,430.6625368011364,160.0,160.1854557613983,39.389866170835646,1.1174167681752047,7382,19385.06613820725,0.2994718309859155,0.20035220807369278,124.8564406,5.0958188153,0.0,0.7699744734948782,0.8605756538544742,0.6773373110519211,0.6625557548244048,0.5410645048185279,0.567385061142193,0.5907628668654314,0.7668146488053011,0.9092511366718486,0.9268629996136791,0.9780809852600458,0.06369773519125001,0.09982394366197184,0.22812912421986664,0.0
1412000010814,73.61784715400664,22.30843853151716,16356.187472547432,180.69835210528902,1505.0,59.11736210852048,24.539282384668876,1.279567381785852,4052,4519.689646485377,0.5031539888682746,0.14708785784797632,123.0357285,6.015037594,0.0,0.6452825845642381,0.8404582413068336,0.5358749472111184,0.5680698268757349,0.7791318352192012,0.4572854412708914,0.5175502191889148,0.8780886777716508,0.8480293429562921,0.7901765906915559,0.963818173697541,0.075187969925,0.16771799628942485,0.16748018161044173,0.0
1412000012172,149.53659184019796,48.0653330914922,40005.5708516267,277.71081341751045,60.0,176.23955466880471,10.68118513144271,0.9317498076173564,2351,12555.733122010906,0.4855072463768116,0.06933219906422798,116.3300524,20.0,0.0,0.7503003312160148,0.9179322872907726,0.6625485177546441,0.6147863318149611,0.4377230725854981,0.5779843157569075,0.392605650168037,0.6394027920927741,0.7924763884025746,0.8860889225242533,0.9112882901352288,0.25,0.16183574879227053,0.07894444490944742,0.0
1412000012505,67.7116590225883,1.5047035338352954,18057.992142071835,53.41697545115299,220.0,15.047035338352956,3.009407067670591,0.9808395517526962,2308,1736.427878045931,0.44611528822055135,0.14298093587521662,125.2950358,0.5730659026,0.0,0.6329435661575314,0.8490319225824847,0.15625701422725985,0.43641662799927927,0.5747927185549776,0.30984234018909707,0.22180382117538372,0.6730900751022775,0.7905927947304346,0.7003981208081228,0.9815167841926827,0.0071633237825,0.14870509607351712,0.16280387421212053,0.0
1412000012755,236.05450983884197,86.4424965607027,55762.51196083197,741.4106435783347,200.0,432.21248280351347,36.5718254679896,1.024016087552929,4420,14695.224415319459,0.5023809523809524,0.17330316742081447,118.283552,17.2011661808,0.0,0.8182471419071439,0.9466978905268982,0.7608851476704163,0.7217676031915002,0.5646923247741623,0.6777543675943506,0.5792106972908919,0.7027194856134089,0.8569012737049877,0.9008602058476828,0.9265913117838622,0.21501457726,0.16746031746031745,0.19732999295768947,0.0
141200001600A,248.2221441734136,27.580238241490402,52051.82837475773,0.0,0.0,0.0,0.0,0.0,218,6012.491936644908,0.0,0.0,0.0,0.0,0.0,0.8257370473917136,0.9407329400048678,0.570575274028344,0.0,0.0,0.0,0.0,0.0,0.5501353057379852,0.8169658688074423,0.0,0.0,0.0,0.0,0.0
1412000016550,42.00939204083264,13.36662474026493,10000.391733621855,104.54610064707214,9880.0,25.301111115501474,6.683312370132465,1.2417949773898023,2998,1431.1836061183665,0.3873206848681166,0.18145430286857905,124.0941646,4.9008168028,0.0,0.562839549895643,0.7978443824849515,0.45352207450756754,0.5087551523313099,0.9794361185903777,0.3649991634640326,0.3256914332411134,0.8521677914592062,0.8172839927712034,0.6822589980624527,0.972109585967088,0.061260210035,0.12910689495603886,0.20661120532352517,0.0
141200001632A,182.07056474127447,0.0,74273.68813384802,36.414112948254896,0.0,36.414112948254896,0.0,0.0,201,7319.2367025992335,0.7008547008547008,0.09950248756218906,119.1066499,18.5185185185,0.0,0.7795787204972016,0.9715285706204001,0.0,0.3955091448746547,0.0,0.40434302712422227,0.0,0.0,0.5418865472678202,0.8354271631608545,0.9330391682270601,0.23148148148124997,0.2336182336182336,0.11329755515802027,0.0
1412000013611,197.66730961505957,98.83365480752978,60548.776895059826,321.2093781244718,0.0,172.95889591317712,24.708413701882446,1.0905994737794786,865,21372.777852128314,0.5391459074733096,0.18959537572254334,119.7168434,24.5,0.0,0.7918128618795629,0.9538309961463842,0.7834384752885342,0.6306225225963845,0.0,0.5758986397053412,0.5186045079030657,0.7484115831187633,0.6904810473315488,0.936027151478114,0.9378192072607796,0.30625,0.1797153024911032,0.21588096001323584,0.0
1412000010890,127.06534884658177,30.741616656431074,30531.794390892792,211.09243437416004,350.0,92.22484996929322,24.59329332514486,1.2970357571797946,4697,9626.224895683783,0.41603858908652397,0.1701085799446455,122.6697103,10.3837471783,0.0,0.7261095246708884,0.8945229345023309,0.5884297097252658,0.5849594689711237,0.6240525587174963,0.5062609398250615,0.5178876560530664,0.8900761532815985,0.8631049871835258,0.8611472123261477,0.9609509171911185,0.12979683972875,0.13867952969550798,0.1936925065022663,0.0
1412000012312,241.0450126458646,188.64392294024185,56317.82340524349,932.7393967600848,60.0,455.8894804389178,36.68076279393592,1.077443625313833,3627,19005.875236229367,0.4619105199516324,0.2114695340501792,118.7322793,23.384253819,0.0,0.8213645755602312,0.9475562494997714,0.8926352020482656,0.7468054313682181,0.4377230725854981,0.6836947593924312,0.5796731463152737,0.7393835305530281,0.8367209599684426,0.9250084117708364,0.9301064819872412,0.2923031727375,0.1539701733172108,0.2407877610428248,0.0
1412000014554,154.04629829239457,68.82919710936778,36868.952154582345,508.0250262834289,140.0,226.15307621649416,22.943065703122596,1.1190198720735545,5319,17433.45235355844,0.4923943661971831,0.19214137995863884,118.7466965,21.8502202643,0.0,0.7547171920522309,0.9108597523202379,0.722606019601972,0.6805568677126376,0.5269406107501234,0.6056831096390646,0.5072415987203968,0.7679147607669454,0.8757976838619689,0.9169011969618295,0.9302194212085816,0.27312775330375,0.16413145539906102,0.21877994336972023,0.0
1412000013772,123.85637193192717,22.677927255141594,21125.023994039944,122.11191598922396,1050.0,50.58922233839279,6.977823770812798,1.1984821667239416,5023,8762.40220019817,0.3246308016877637,0.1905235914791957,124.7962129,7.7681874229,0.0,0.7223122963149583,0.862619856750029,0.5385515536942035,0.5255652691547051,0.740829620978463,0.4402070413103418,0.3316995497211808,0.8224448638591929,0.8699537225616353,0.8523209967683557,0.9776091828614443,0.09710234278624999,0.10821026722925457,0.21693786400090886,0.0
1412000012488,165.22926349440957,87.20433351093838,37011.42201514772,734.3522821973759,705.0,238.66449171414715,13.769105291200797,0.9483142823493484,1571,7210.421470825484,0.41787003610108303,0.18650541056651815,119.9805618,20.3125,0.0,0.7651383916955056,0.9111938309071789,0.7623614342766395,0.7207244820401058,0.6984634001441455,0.6116684524486627,0.43007090553066507,0.6507699759726076,0.7513451763948998,0.8340210852061011,0.939885083488419,0.25390625,0.13929001203369434,0.21236260076133953,0.0
1412000016705,123.05881101717648,20.509801836196083,33270.08952289604,254.90753710700844,465.0,106.94396671730814,20.509801836196083,1.169284513781662,3051,4469.671814445303,0.49290259422418015,0.19239593575876762,119.5443786,15.4471544715,0.0,0.7213533883933965,0.901962814643523,0.522208104273959,0.6054656154184431,0.6542287365574516,0.5226262278462697,0.4901236544602695,0.8024083039788219,0.8190723133407629,0.7891320372834421,0.9364681793066264,0.19308943089375,0.16430086474139338,0.2190697908952694,0.0
1412000012064,8.683530150627213,3.7215129216973772,9643.695646048334,23.56958183741672,770.0,3.7215129216973772,1.240504307232459,1.1355506971603728,17,21.088573222951805,0.3076923076923077,0.17647058823529413,0.0,0.0,0.0,0.33973508573882233,0.7946985474315976,0.26414605965327803,0.3495884533621894,0.7078413681885609,0.17327010995055062,0.12885191666444024,0.7792588529574637,0.29505926631649926,0.29058012107022707,0.0,0.0,0.10256410256410257,0.20093654635378302,0.0
1412000015533,183.25330825536682,39.91656219423832,38937.214106314714,185.06769744601402,40.0,107.04896224818458,1.8143891906471963,0.9641379061248685,6650,12065.688117803855,0.5470863683662851,0.17398496240601505,116.4867968,23.0607966457,0.0,0.7805423406329459,0.9155875979446767,0.6316402484530247,0.5706645886881464,0.39541864552742145,0.5227347596619242,0.1652767418900088,0.6616287592429425,0.8985923084056044,0.8823515044430021,0.9125161700623616,0.28825995807125004,0.1823621227887617,0.1981063122923588,0.0
1412000016315,409.53929277803877,81.90785855560776,60837.98034633262,0.0,0.0,0.0,0.0,0.0,58,4750.65579622525,0.3023255813953488,0.3275862068965517,0.0,21.4285714286,0.0,0.9004238749675936,0.9542437506049369,0.7518226390738609,0.0,0.0,0.0,0.0,0.0,0.4162492950223799,0.7948547535979814,0.0,0.2678571428575,0.10077519379844961,0.3730028992659305,0.0
1412000012223,229.5361302359762,62.600762791629876,50279.44688606934,161.7186372117105,20.0,125.20152558325975,0.0,0.6692524995934983,2259,11784.593595524324,0.45146726862302483,0.0650730411686587,119.2113283,17.3913043478,0.0,0.8140749438224011,0.9377320525532818,0.7067063716041028,0.5560228621317023,0.3241786929076167,0.5400709951665527,0.0,0.459266976345743,0.7884031325288717,0.8801385660550113,0.9338591816129571,0.21739130434749998,0.1504890895410083,0.07409479553461763,0.0
1412000014431,225.718820333535,92.1950111221481,44290.59020302702,969.6371859398334,1195.0,295.6598632537853,34.97052146012514,1.0901937886430335,2657,8446.9705017775,0.42009620523784075,0.1558148287542341,122.5535666,11.6995073892,0.0,0.8115764859125223,0.9267463290550055,0.7717279842170623,0.7510373196289953,0.7545910689054888,0.6354851074553779,0.5722538375366053,0.7481331862714199,0.8049620100417443,0.8488793585230106,0.9600410887194605,0.14624384236500002,0.1400320684126136,0.17741706350996422,0.0
1412000011865,179.10469756980763,44.77617439245191,38788.14620863709,302.23917714905036,100.0,134.32852317735572,27.98510899528244,1.077341174641578,2424,13567.180840912926,0.3401548672566372,0.16254125412541254,124.7133924,8.8122605364,0.0,0.7771346820242792,0.9152553389968922,0.6507396889807813,0.6239966071056223,0.49141491559492917,0.5478658583743811,0.5377659794881564,0.7393132249351936,0.7955966210556162,0.8933622386729828,0.9769603964964761,0.11015325670500001,0.1133849557522124,0.18507604338251354,0.0
1412000010617,85.94663084625527,14.798757629156537,26231.162007569365,420.0570434737509,2555.0,210.02852173687546,20.490587486524436,1.0968821766323855,17959,10221.957240847009,0.5152716841039487,0.1966145108302244,118.0302004,34.1314439287,0.0,0.668163974400371,0.8813721710323834,0.4696934640577629,0.6598394446530909,0.8354579505754045,0.5974634186310147,0.48998090922307813,0.7527230170607896,1.0,0.8667841584879767,0.9246066453833592,0.42664304910875,0.17175722803464957,0.22387323102582796,0.0
1412000013062,115.88498942776751,15.934186046318032,28261.696576120772,237.56422832692337,490.0,88.36230443867272,10.139936574929656,1.0236114451605574,4486,6498.250782162063,0.44380032206119163,0.15760142666072224,123.4565231,7.2246065808,0.0,0.7124403425296203,0.887830526027321,0.48150469639731913,0.597802577568278,0.6597931856680861,0.5015371132760401,0.3850277390177145,0.7024418043374201,0.8584139890866453,0.8242589874961271,0.9671145290556009,0.09030758225999999,0.14793344068706388,0.17945135611726246,0.0
1412000011795,204.08141155994977,51.02035288998744,32548.008371550004,510.20352889987447,80.0,243.76390825216222,34.01356859332496,1.173791371818711,5426,30759.60386456354,0.5258717660292463,0.1614448949502396,122.9788415,8.4713375796,0.0,0.7965675735153984,0.900062126551784,0.6725012135021115,0.6810231979718386,0.46791797799195844,0.6140188032547687,0.5679469440053145,0.8055010844536833,0.8778304921763832,0.9702079015969052,0.9633725411555503,0.105891719745,0.17529058867641545,0.18382768450058587,0.0
1412000012990,148.88887837578318,49.62962612526106,40153.52559092848,1032.29622340543,80.0,406.9629342271407,84.3703644129438,1.1204238310063173,4047,20085.10969289315,0.5220007521624671,0.13615023474178403,122.8006135,8.8211046991,0.0,0.7496551082851474,0.9182520528389827,0.6678895696301629,0.7578681634230786,0.46791797799195844,0.6710505330511887,0.7103057550896388,0.7688782117430049,0.8479033294847477,0.9301934755344817,0.9619763663406731,0.11026380873875,0.17400025072082237,0.15502616174086858,0.0
1412000017332,135.17970025428454,0.0,20935.822938038087,0.0,0.0,0.0,0.0,0.0,88,1982.6356037295066,0.4098360655737705,0.045454545454545456,125.144288,0.0,0.0,0.7353022960869205,0.8618405763259392,0.0,0.0,0.0,0.0,0.0,0.0,0.4582157123548461,0.712840296721799,0.9803358794989302,0.0,0.1366120218579235,0.05175638315173199,0.0
141200001707A,195.8604499417657,32.64340832362762,17701.575036870167,163.2170416181381,0.0,48.96511248544142,0.0,0.6108643020548935,556,9074.867513968478,0.3175355450236967,0.11690647482014388,126.1096899,6.4676616915,0.0,0.7904457205197309,0.8473052009836223,0.5983324046926541,0.5570237884067996,0.0,0.4366361246158895,0.0,0.41919873460720514,0.6454295907904328,0.8556102395117647,0.9878984949073654,0.08084577114375,0.10584518167456557,0.13311443868161285,0.0
1412000017065,64.16794140860654,0.0,26006.02977647771,0.0,0.0,0.0,0.0,0.0,937,12025.072219972866,0.4640625,0.0736392742796158,126.7691422,2.6392961877,0.0,0.6250202113795953,0.8806255334266325,0.0,0.0,0.0,0.0,0.0,0.0,0.6986339502144757,0.8820349585577522,0.9930644098751191,0.03299120234625,0.1546875,0.08384865488188811,0.0
1412000016828,81.07032421962397,9.849665559393566,19933.135021712496,39.398662237574264,1375.0,7.576665814918128,2.2729997444754386,0.823543346260985,1880,1424.413173204608,0.33903133903133903,0.1946808510638298,126.859819,0.0,0.0,0.6595273462552559,0.8575894495013762,0.40573918447069707,0.4038897095634335,0.7695192661986094,0.23990611409187437,0.18938939351979536,0.5651473289329082,0.7696645562793948,0.681814117872242,0.9937747397023834,0.0,0.11301044634377967,0.22167148783922658,0.0
1412000016885,185.39560415441318,17.869455822112112,39431.580112171614,140.7219645991329,0.0,62.5430953773924,6.7010459332920425,1.0945850445687246,5490,12262.914057924438,0.44208037825059104,0.18524590163934426,122.9347286,12.5806451613,0.0,0.7822720952865385,0.916680461787026,0.499920218600524,0.5409369962938908,0.0,0.4634721488088512,0.326059668277361,0.7511466361017566,0.879027308233376,0.8838736193995826,0.9630269763734106,0.15725806451625,0.14736012608353036,0.21092847297574707,0.0
1412000017135,72.72028989134743,11.312045094209601,10707.035768493946,0.0,0.0,0.0,0.0,0.0,907,1465.7178429211583,0.3889739663093415,0.17640573318632854,126.2599405,0.3802281369,0.0,0.6434717549419627,0.8037581899904255,0.42725777372809226,0.0,0.0,0.0,0.0,0.0,0.695315667807143,0.6844959864044832,0.9890755047130085,0.0047528517112500005,0.1296579887697805,0.2008626997729841,0.0
1412000017402,60.34068772933703,7.3140227550711545,16609.920723393887,3.6570113775355773,0.0,0.0,0.0,0.0,326,596.0928545382991,0.4298245614035088,0.10429447852760736,122.5424404,5.0847457627,0.0,0.6159636654992339,0.8417916334056512,0.36043804916848493,0.16798257534097796,0.0,0.0,0.0,0.0,0.5910594010474929,0.6001205097542573,0.9599539300225931,0.06355932203375,0.14327485380116958,0.11875390980826848,0.0
1412000017417,189.42844426871457,27.721235746641156,39848.50333402527,23.10102978886763,0.0,18.480823831094106,0.0,0.5004024235381879,285,1316.758697965455,0.46153846153846156,0.18947368421052632,115.137248,20.0,0.0,0.7854750582739503,0.9175915301784326,0.5714127893308296,0.3474859496074778,0.0,0.3314888587908632,0.0,0.3433955168700248,0.5773834419166043,0.67444137752531,0.9019442843541244,0.25,0.15384615384615385,0.21574239713774598,0.0
1412002315779,93.67521449883161,14.19321431800479,26389.93846980242,83.73996447622827,60.0,40.45066080631365,1.419321431800479,1.1015044093938033,3632,2577.4877201496697,0.5860262008733624,0.21806167400881057,116.842333,23.7373737374,0.0,0.6809065469570017,0.8818949004622104,0.46304230221582315,0.48478026637625343,0.4377230725854981,0.4157805630773321,0.14111673275619604,0.7558949721384202,0.8368615515074467,0.737463711348067,0.9153013143057865,0.2967171717175,0.19534206695778747,0.24829383811557768,0.0
1412001395980,109.9297039739225,30.442071869701614,35279.8651074053,208.02082444296101,600.0,106.54725154395565,15.221035934850807,1.1655023965540747,2798,4732.050949523617,0.5140692640692641,0.19907076483202288,120.0901425,13.5782747604,0.0,0.7046153712707193,0.9070434513705313,0.586816071089969,0.5833665005171323,0.6813180670377958,0.5222151959923068,0.44504872805454015,0.7998128687068518,0.8102385275526843,0.7944864300300154,0.940743499750379,0.169728434505,0.17135642135642137,0.22667002113699922,0.0
1412002317436,322.33684618976054,146.51674826807297,62127.89718522624,87.91004896084378,0.0,87.91004896084378,0.0,0.0,211,6183.00677691268,0.6328125,0.15639810426540285,112.2698138,42.3076923077,0.0,0.8646944987378847,0.9560611564092433,0.8498841182483727,0.4900257539562195,0.0,0.5009707089991091,0.0,0.0,0.5468190767668486,0.8195909724735893,0.8794818238352526,0.52884615384625,0.2109375,0.1780812045884238,0.0
1412000012806,149.0008864864127,50.97398748219382,41588.42151136961,145.07981052624396,0.0,90.18474708388138,3.9210759601687553,0.911471714582808,1816,7120.67394366646,0.5586592178770949,0.05837004405286344,118.4999935,15.7894736842,0.0,0.7497668848589024,0.921293465529461,0.6723494628213942,0.5442440703728981,0.0,0.5037908541115574,0.25452929816455866,0.6254871795553664,0.7661307561559547,0.8328453353376454,0.9282868375777568,0.19736842105250002,0.186219739292365,0.06646249202083646,0.0
1412000012793,221.2392104930294,66.63831641356308,47851.63741079577,199.91494924068923,160.0,101.29024094861587,10.662130626170091,1.1870468061538197,3592,9574.593302300742,0.49603671255736337,0.19988864142538976,118.9086147,18.903803132,0.0,0.8085903346461545,0.9334450501430965,0.717180995576441,0.5790476016857184,0.5410645048185279,0.5166205526725584,0.3923448886356446,0.8145974766986621,0.8357313600537836,0.8606423437180091,0.9314878308462942,0.23629753915,0.16534557085245447,0.22760128849241607,0.0
1412000013791,141.58988208197593,72.61019593947483,41681.26906447079,304.9628229457943,80.0,170.63396045776585,25.413568578816193,1.1435768082073519,2905,10546.63096020872,0.5217619297325642,0.21480206540447505,117.1694059,23.4011627907,0.0,0.7421850853298864,0.9214866353188728,0.731579996778139,0.6249729998126473,0.46791797799195844,0.5743966102483234,0.5229266434603353,0.7847666811009524,0.8140682262680827,0.8697195124613691,0.9178634871720525,0.29251453488375,0.17392064324418807,0.2445823159748629,0.0
1412002317224,175.97526431745848,65.99072411904693,55047.4100243615,87.98763215872924,0.0,0.0,0.0,0.0,69,1517.7866547380793,0.8108108108108109,0.14492753623188406,0.0,50.0,0.0,0.7745118270507292,0.9455798605692679,0.715543754955076,0.4901209962273275,0.0,0.0,0.0,0.0,0.433701265466508,0.6877711329761382,0.0,0.625,0.2702702702702703,0.16502035207798604,0.0
141200001739A,84.82510854809556,17.85791758907275,6797.518417542336,75.89614975355917,0.0,22.322396986340934,4.464479397268187,1.0053874327555714,1648,7357.462046697972,0.3779264214046823,0.11529126213592233,125.6458472,4.5534150613,0.0,0.6662212810554035,0.7644060010509284,0.4998161238115676,0.4741740004836864,0.0,0.351581109240158,0.2712593676465428,0.6899357814548625,0.7562268450663114,0.8359161437184445,0.9842649160319663,0.05691768826625,0.12597547380156077,0.13127529221737846,0.0
1412000013787,103.85718022351459,24.082824399655557,22503.276393650616,171.59012384754587,40.0,102.35200369853612,9.031059149870835,1.0268640946282168,4324,6508.383294006915,0.5221987315010571,0.19033302497687327,116.6552487,26.1386138614,0.0,0.6961913043847021,0.8680944394525792,0.5483609119348589,0.56245411377948,0.39541864552742145,0.5177733282383259,0.36828030908365944,0.7046738983333811,0.8546601555625111,0.8244052430187866,0.9138357623839846,0.3267326732675,0.1740662438336857,0.216720877276887,0.0
1412000016103,160.65100043413506,0.0,29584.213943006453,75.60047079253414,0.0,37.80023539626707,0.0,0.6931471805599453,535,5055.7814842507205,0.5828402366863905,0.2336448598130841,119.3764757,20.0,0.0,0.7609593506227454,0.8917919865615371,0.0,0.47375331796241615,0.0,0.40840407866758355,0.0,0.4756644315437017,0.641506411739099,0.8006978879107985,0.9351528876559047,0.25,0.1942800788954635,0.26603748349021117,0.0
1412002312045,131.7893809819108,13.516859587888286,27610.517828807846,43.92979366063693,0.0,23.6545042788045,0.0,1.0100997593541636,2598,8779.200302333442,0.44173140954495005,0.14357197844495767,124.1068224,5.1546391753,0.0,0.7315298400590444,0.8858113489977905,0.45529247391100974,0.41549761368280347,0.0,0.3577818618732429,0.0,0.6931695624116816,0.8026705208201964,0.8525007879286896,0.9722087426740686,0.06443298969125,0.14724380318165,0.16347685917748758,0.0
1412002314003,170.77422999654095,29.351820780655476,36387.7533261189,114.73893577892595,0.0,85.38711499827048,2.6683473436959524,0.8030772517531173,2114,5640.886284573244,0.5636094674556213,0.21144749290444656,114.5198713,13.0879345603,0.0,0.7700483708409469,0.9097217647658308,0.5808102514678825,0.5188217499556603,0.0,0.49775714660498926,0.20760375317855864,0.5511027025057469,0.7816339755414013,0.8109772051366122,0.8971079746843084,0.16359918200375,0.18786982248520712,0.24076266410318467,0.0
1412002315590,354.5393332330469,177.26966661652344,90834.11227845804,88.63483330826172,0.0,88.63483330826172,0.0,0.0,172,15245.191329021016,0.4956521739130435,0.23837209302325582,107.8028392,10.5263157895,0.0,0.8789010230633055,0.9889637840553407,0.8821092390063332,0.49091228941478793,0.0,0.501877045642941,0.0,0.0,0.5260660442151059,0.9043094611144628,0.8444891322535931,0.13157894736875,0.16521739130434784,0.2714201023422224,0.0
1412000015374,253.59689507054478,58.70298497003351,35268.94106186955,197.2420294993126,160.0,65.74734316643753,9.392477595205362,0.9759390643499375,5026,11801.648098375537,0.373224043715847,0.15280541185833665,125.4442806,3.4400948992,0.0,0.828929784696122,0.9070166258925015,0.6959434106583776,0.577585151744979,0.5410645048185279,0.4689641026891119,0.3739340121783016,0.6697271709167086,0.8700146618731667,0.8802743255876722,0.9826859149185585,0.04300118624,0.124408014571949,0.17399041976356222,0.0
141200001536A,101.65377720326316,13.553836960435087,30064.174144121243,284.6305761691368,60.0,115.20761416369824,47.43842936152281,1.219509198730946,3113,21096.547228917214,0.3441278065630397,0.21072920012849342,123.0039698,8.6206896552,0.0,0.6930134633110097,0.8931860009967413,0.45572541328522875,0.617464287547792,0.4377230725854981,0.5308610191707315,0.6197875888597129,0.8368744273158072,0.8211253105316052,0.9348058893213335,0.9635693873278727,0.10775862069,0.11470926885434657,0.23994478690838292,0.0
1412004306936,107.6450192241341,22.53035286086528,24068.435715327538,32.54384302124985,20.0,20.026980320769137,0.0,0.8587409130062867,1865,4668.789787279305,0.5865302642796248,0.13029490616621983,123.6194508,8.7751371115,0.0,0.701501342951812,0.8739187861125526,0.5374875564938139,0.3835856461530839,0.3241786929076167,0.34001498076499787,0.0,0.589301261960668,0.7688472300531491,0.7932231157568519,0.9683908467575661,0.10968921389375,0.19551008809320827,0.14835904789767249,0.0
1412002316404,87.19785324657299,23.252760865752794,28985.17319289649,151.14294562739317,0.0,58.13190216438199,0.0,1.0880102622771117,554,3220.5073799067623,0.6198830409356725,0.2003610108303249,117.6900778,22.3140495868,0.0,0.6703019777434549,0.8900200345917736,0.5426337656702259,0.5486847417999184,0.0,0.45544034551987794,0.0,0.7466347659405922,0.6450623835587437,0.7583668868351598,0.9219422458047827,0.27892561983499997,0.20662768031189083,0.2281391473944576,0.0
1412002314145,141.23394144163035,34.61616211804665,33829.73679433371,289.39111530687,60.0,157.84969925829273,13.84646484721866,1.0877970853340586,6278,8692.810631083876,0.5297270955165692,0.2010194329404269,116.7478319,16.1225849434,0.0,0.7418110915007211,0.9034077754441792,0.6080298384992981,0.6192692140241195,0.4377230725854981,0.5657555274466011,0.4309053609777608,0.7464884756688007,0.8927167407282518,0.8515724640529236,0.9145610262713689,0.2015323117925,0.17657569850552304,0.22888885342858983,0.0
1412001395995,171.3451754633599,34.269035092671984,35712.58168397371,121.4993062376552,20.0,52.96123605231124,12.461467306426176,1.1710442709523032,1254,3906.6700005646057,0.47010550996483,0.22488038277511962,117.5817958,20.6225680934,0.0,0.7705449046315631,0.9080994186872039,0.6063630419747087,0.5250205546677301,0.3241786929076167,0.4452253335891647,0.41526322543779437,0.8036159174809814,0.7283546326385608,0.7764953439017848,0.9210940030971019,0.2577821011675,0.15670183665494333,0.2560578955927793,0.0
1412000015660,14.597876576157063,0.0,4816.328102535864,0.0,0.0,0.0,0.0,0.0,648,9459.424021349776,0.3333333333333333,0.15895061728395063,124.6483385,5.2631578947,0.0,0.4110672882953866,0.7345654659995554,0.0,0.0,0.0,0.0,0.0,0.0,0.661034837907243,0.8595063063246378,0.9764507873621675,0.06578947368375,0.1111111111111111,0.18098759910775417,0.0
1412000017385,110.02446542117193,6.112470301176218,15146.980269932512,0.0,0.0,0.0,0.0,0.0,370,753.8713371450668,0.2847222222222222,0.16216216216216217,123.8273168,0.0,0.0,0.7047431419926956,0.8338055362995053,0.33387350758717854,0.0,0.0,0.0,0.0,0.0,0.6039466152422253,0.6221341936990993,0.9700191951319477,0.0,0.0949074074074074,0.18464439394671953,0.0
1412000013984,223.11472121029936,56.872379916350816,26063.19632734961,83.12117064697428,155.0,15.311794592863682,6.562197682655864,0.7873390100049966,2959,6472.514314326234,0.30123131046613894,0.20750253464008112,125.8582512,0.2293577982,0.0,0.8098478279660826,0.880815733336044,0.6906436084936916,0.4839799705728552,0.5377052569945776,0.3116691518950927,0.32315354621143,0.540302511688308,0.815947757376637,0.8238864725332576,0.9859288134856725,0.0028669724775,0.10041043682204631,0.23627077513132672,0.0
1412000017309,115.01858464061316,25.55968547569181,34038.17627307026,66.4551822367987,0.0,51.11937095138362,0.0,0.6441798059733927,1814,4636.526945290495,0.6015901060070671,0.20011025358324144,111.1756041,40.0452488688,0.0,0.7113270491189057,0.9039398469433505,0.5580972798932777,0.4598702996606796,0.0,0.44134837443856917,0.0,0.4420611232562987,0.7660183293821071,0.7925722272081736,0.8709101738962178,0.5005656108600001,0.20053003533568903,0.22785362505497886,0.0
1412000016438,204.97035854171932,17.71348777521031,26813.99443515678,45.54896856482652,20.0,17.71348777521031,5.060996507202946,0.9580002800887726,3069,7766.09914030292,0.43411214953271027,0.093841642228739,125.5367187,3.9325842697,0.0,0.7972147801478596,0.8832757242364139,0.4985077019543226,0.41936351861272914,0.3241786929076167,0.3270027364489208,0.28780794138151466,0.6574168826294807,0.8196726100742011,0.840990240520512,0.9834100421441072,0.04915730337125,0.14470404984423677,0.10685188779712411,0.0
1412000014200,124.07396029445425,58.771875928952014,33704.700852360416,424.46354837576456,220.0,94.68802232997825,71.83229280205246,1.2679911423623915,2770,9044.33868462206,0.43226473629782836,0.16389891696750902,124.2298867,3.6755386565,0.0,0.7225728395206139,0.9030870280308874,0.6961396707441498,0.6609762679868628,0.5747927185549776,0.5091722174230241,0.6849347874867543,0.8701446140876207,0.8092121856903818,0.8552939023427839,0.9731727846667436,0.045944233206250004,0.14408824543260945,0.1866219331839347,0.0
1412000010994,95.25548902775618,37.04380128857185,27900.164948025067,202.85891181836965,405.0,54.68370666408225,26.459858063265607,1.2409117913154022,3500,6173.9668814286415,0.4050582095543958,0.186,123.7500455,6.026557712,0.0,0.6833835676215564,0.8867153041486159,0.6192514749159943,0.5806360014333155,0.6395524277617785,0.448733051823261,0.5291316203470396,0.8515617149810657,0.8330834298015575,0.8194536290579165,0.9694138792277529,0.0753319714,0.1350194031847986,0.21178711985688728,0.0
1412000015336,260.1600684897813,143.67048558390906,64443.74208659223,279.5749989740933,60.0,178.61736045567073,11.64895829058722,0.9769761217393924,3252,12627.470786996548,0.4944852941176471,0.21217712177121772,116.9602081,28.6640726329,0.0,0.8327382952951664,0.9592313122826336,0.8465684297756446,0.6155142612318283,0.4377230725854981,0.5794720126103186,0.4053191874675315,0.6704388398486009,0.8255832535117853,0.8866237696957259,0.9162247059497546,0.35830090791125,0.16482843137254902,0.24159344902930247,0.0
1412000016118,170.37178606122697,28.39529767687116,46189.560282454346,170.37178606122697,0.0,141.9764883843558,0.0,0.45056120886630463,693,19677.941290071714,0.5785876993166287,0.20346320346320346,116.6462044,42.9447852761,0.0,0.7696973850215809,0.9303828402527654,0.5753606863331439,0.5616805582334969,0.0,0.5540029130143983,0.0,0.30919254568402477,0.6678784385744595,0.9282707625155288,0.9137649125518696,0.53680981595125,0.19286256643887623,0.23167142934584795,0.0
1412000012844,279.2776846203152,125.67495807914185,55635.33937862691,677.2483852042644,20.0,328.1512794288704,20.945826346523642,1.0929917885374583,2869,20031.19192939211,0.5583918315252074,0.15510630881840362,118.3968264,19.6363636364,0.0,0.8433096033053431,0.9465001138787791,0.8239622996620212,0.7118975916861475,0.3241786929076167,0.6470873458291395,0.4933290951179868,0.75005328212778,0.8127957007832891,0.9299411179536906,0.9274786631789871,0.24545454545499998,0.1861306105084025,0.1766103140660356,0.0
141200001283A,182.3803682486803,64.7156145398543,46722.85511734333,182.3803682486803,20.0,100.0150406525021,23.532950741765198,1.2651823712256833,2148,12637.194548327912,0.5419956927494616,0.19925512104283055,118.8074435,15.7057654076,0.0,0.7798317280856485,0.9313772262341653,0.7122732452163889,0.5690760146561475,0.3241786929076167,0.515220123356819,0.5111290968214448,0.8682171265877806,0.7832619833150181,0.8866960322232343,0.9306952916188389,0.19632206759499998,0.1806652309164872,0.2268799365720244,0.0
1412000012789,188.88344002403076,64.08545286529615,44765.29885401619,381.1397986199192,20.0,209.1209514551769,16.86459285928846,1.0365494263020458,3800,12817.09057305923,0.5858156028368794,0.16289473684210526,118.2779683,22.6439790576,0.0,0.7850461906809745,0.9276698033428218,0.7106334474203277,0.6492495258799224,0.3241786929076167,0.5969822797749843,0.4604642650077049,0.7113203479102552,0.8414762807269176,0.8880230004784895,0.9265475710623491,0.28304973822,0.19527186761229312,0.18547853309481216,0.0
141200001454A,213.57708123366265,86.11979082002526,42839.36349656011,726.8510345210133,195.0,313.47603858489197,44.782291226413136,1.165560528045652,5229,18012.815447916484,0.4361439165064543,0.2139988525530694,118.7471405,21.4230471771,0.0,0.8033403487209547,0.9238605444071312,0.7602559269701318,0.7196048767062003,0.5620100840923147,0.6419957748812326,0.6107796046357398,0.7998527607870208,0.874055932598911,0.9199703691015009,0.9302228993467967,0.26778808971375,0.14538130550215142,0.24366774534888852,0.0
1412000014658,255.60413057358224,80.0687637941342,60396.23111722321,394.1846832941991,0.0,255.60413057358224,6.159135676471861,0.9295885130627705,7980,24574.951349122726,0.5618637431480031,0.20601503759398496,113.9978988,34.5005740528,0.0,0.8301048764822434,0.953612486186114,0.7480050724800517,0.6529148382997063,0.0,0.6192924340553174,0.31440488565789204,0.6379196280916234,0.9172017729786296,0.9491338467171773,0.8930190276133742,0.43125717566,0.1872879143826677,0.2345770508561206,0.0
1412000014060,232.01766285467093,48.259673873771554,35477.53344869452,380.50896708166033,80.0,111.36847817024204,38.978967359584715,1.1318815818787018,6420,11916.427164215898,0.30940240668978175,0.18769470404984423,124.7328928,5.2212829438,0.0,0.8156770339451955,0.9075274231740638,0.6632212570036923,0.6490691193853142,0.46791797799195844,0.5271106908447024,0.5891295919226518,0.7767409639958228,0.8949996479990182,0.8811829340483581,0.9771131557001929,0.06526603679750001,0.10313413556326058,0.21371677840380296,0.0
1412000016014,30.36984184661394,8.28268413998562,6366.992066812003,27.6089471332854,20.0,5.5217894266570795,0.0,0.8018185525433372,1043,2879.613186001667,0.44060773480662985,0.16203259827420902,126.3717774,2.0134228188,0.0,0.515619029819839,0.7587390449555521,0.37919343835039787,0.3662090451114362,0.3241786929076167,0.20933000924611098,0.0,0.5502389343755485,0.7095635017453122,0.7478661931394819,0.9899515952439797,0.025167785235,0.1468692449355433,0.18449686726571385,0.0
1412000016283,116.25612316024436,33.21603518864124,11258.78603548476,49.82405278296187,0.0,33.21603518864124,0.0,0.6365141682948128,841,13967.342796823645,0.3697068403908795,0.1545778834720571,126.6409753,2.0,0.0,0.7129147112678681,0.8081104300991369,0.6012046264905865,0.42895791447853326,0.0,0.39436814568250506,0.0,0.4368006658944782,0.6876120013427969,0.8960911160657817,0.9920603959273618,0.025,0.12323561346362649,0.17600862760279845,0.0
1412000014925,28.391467817677047,5.162085057759463,4410.547490518799,16.776776437718254,80.0,3.871563793319597,1.2905212644398658,0.7902679680745903,896,1156.3070529381198,0.47368421052631576,0.13616071428571427,126.0427557,2.7450980392,0.0,0.5058714284014069,0.7269431219809428,0.30946340377798226,0.31425121064681444,0.46791797799195844,0.1767626531050562,0.13237843942505892,0.5423124761147133,0.6940714213745894,0.6622516585850896,0.9873741561710615,0.03431372549,0.15789473684210525,0.15503809417326858,0.0
1412000012774,128.64227752693898,38.5926832580817,35488.001371866965,80.6937922668981,60.0,44.440059509306195,2.3389505004898,1.0631097278547488,4768,5576.057993167683,0.576731852833941,0.1981963087248322,116.2387852,28.9103690685,0.0,0.7279407979006159,0.907552977636847,0.6260428283321997,0.48078271676350964,0.4377230725854981,0.4260386232082739,0.19257588601703063,0.7295470551580432,0.8646362144820334,0.809892169050415,0.9105733353241757,0.36137961335625,0.192243950944647,0.2256743300596703,0.0
1412000016508,128.1936781277671,24.41784345290802,33748.592598179835,155.05330592596593,350.0,48.83568690581604,6.104460863227005,1.1073960005734766,4429,5407.331432646481,0.4361219195849546,0.19914201851433733,122.1195523,13.8099106418,0.0,0.7274221203368523,0.9031997562967479,0.5506189174399797,0.5514557962181927,0.6240525587174963,0.4363465822649098,0.3131803577572865,0.7599380101077925,0.8571088777767687,0.8070079455284223,0.956641174929503,0.1726238830225,0.14537397319498488,0.22675115346042166,0.0
1412000016391,179.66863520074787,29.94477253345798,41251.736119836365,159.7054535117759,20.0,104.80670386710293,4.990795422242996,0.9721981355739118,3968,9901.738117730105,0.5411810411810412,0.20665322580645162,114.5118192,32.6133909287,0.0,0.7776024817319249,0.9205893544015895,0.5841028805197667,0.5546634567829186,0.3241786929076167,0.5203937318992989,0.2859471169198874,0.6671600007548733,0.8458913904620378,0.8637963016430376,0.897044897394394,0.40766738660875,0.1803936803936804,0.23530371775636216,0.0
1412000017281,80.75604166842723,3.2302416667370895,30374.36131589989,12.920966666948358,0.0,9.690725000211268,0.0,0.5623351446188083,270,872.1652500190141,0.5340909090909091,0.17037037037037037,107.1101762,72.1518987342,0.0,0.6589532298587766,0.8940751310459566,0.24544802333619575,0.28755340702164867,0.0,0.2645025377562875,0.0,0.3858961478946939,0.5718838985299822,0.635801755524467,0.8390630564641702,0.9018987341775,0.178030303030303,0.19399059166501026,0.0
1412000010602,70.22887754510322,24.52436993638525,22707.84409914867,418.02903300656675,315.0,230.75202621962487,22.294881760350226,1.0796587526782415,10105,11264.489009416953,0.5401159243441123,0.19129143988124692,117.6679926,32.1011673152,0.0,0.6383273445587914,0.8688783048631744,0.5513306660915152,0.6593122395871508,0.6128675434919894,0.6079206768823895,0.5028578787487182,0.7409036367124977,0.941300174712095,0.8759011624161578,0.9217692381964299,0.40126459144000004,0.1800386414480374,0.21781216723508703,0.0
1412000015340,180.2459566940751,33.3331563749317,35732.84931903835,186.41876343017356,255.0,60.49350601376493,16.049297513856004,1.0928728849694795,9337,11527.099298990268,0.4099969797644216,0.13248366713077006,124.9079199,5.1389786684,0.0,0.7780798735222952,0.9081485640352511,0.6017861667525265,0.5714546047426687,0.5904467490922419,0.45981203698373785,0.4530031459013498,0.7499716858959012,0.9332317796257885,0.8780646032343861,0.9784842558019782,0.064237233355,0.13666565992147386,0.15085125962206644,0.0
1412000015444,137.48560301346336,32.734667384157945,42216.51850511393,288.0650729805899,0.0,137.48560301346336,9.820400215247382,1.0905220717282424,3229,10570.024098344598,0.4089917066783064,0.19479715082068752,121.1621336,9.7142857143,0.0,0.7378148207671372,0.9225919023053809,0.5987934078453793,0.6187694443896858,0.0,0.5504402505997591,0.3803791598162234,0.7483584668344673,0.8248589189881211,0.8699275056773241,0.9491410970728675,0.12142857142875,0.13633056889276882,0.22180391144430697,0.0
1412000010689,159.96380917372468,68.18129571339084,28957.47257825186,474.6467124662978,1565.0,91.78251346033383,70.80365324082895,1.026123524511541,2343,6144.18368678749,0.40371925614877024,0.117797695262484,124.1530014,6.206088993,0.0,0.7603218847641254,0.889937213286306,0.7210196268488258,0.6731510729290833,0.7832917128461202,0.5057299952080053,0.6826628174459981,0.7041656904470239,0.7921285737549075,0.8189997053417368,0.9725704925493756,0.0775761124125,0.13457308538292342,0.13412921830871388,0.0
1412000016851,161.51905547352868,12.921524437882294,42246.4995121387,109.83295772199949,0.0,58.146859970470324,6.460762218941147,1.1150659840964299,825,5330.128830626446,0.46536412078152756,0.21696969696969698,121.2218583,16.1904761905,0.0,0.761760730346699,0.9226533966674617,0.4481661377587157,0.5140922003970719,0.0,0.45546858046088223,0.3209965508744664,0.7652014497562779,0.6856535048151852,0.805658101071583,0.9496089591482209,0.20238095238125,0.1551213735938425,0.24705046891093402,0.0
1412000016141,20.66345446756036,4.132690893512072,6100.375101078313,8.265381787024143,0.0,0.0,0.0,0.0,1044,4314.529292826603,0.41081081081081083,0.10057471264367816,125.3461036,2.8409090909,0.0,0.4602211507738516,0.7550341533158056,0.2783564751215367,0.2430989612865559,0.0,0.0,0.0,0.0,0.709661236075741,0.7858161358526834,0.9819168311898504,0.03551136363625,0.13693693693693695,0.11451843398515411,0.0
1412000013630,22.151018185011207,0.0,24273.794240747473,66.45305455503363,0.0,66.45305455503363,0.0,0.0,394,8727.501164894416,0.5511811023622047,0.18527918781725888,118.0544947,18.8235294118,0.0,0.4701587119318958,0.8746547163505749,0.0,0.4598668553641737,0.0,0.47013819726210504,0.0,0.0,0.6103455869863443,0.8519463443151482,0.9247969582960615,0.2352941176475,0.1837270341207349,0.2109663739636588,0.0
1412000015209,133.12755598760762,22.384279325349954,31022.066304843738,143.73063566803654,335.0,53.015398402144626,9.424959715936822,1.1172259219739598,6805,8017.106358368759,0.4293215710985087,0.16722997795738428,121.2392069,12.83566058,0.0,0.7330302273103189,0.8959028189992653,0.536427788331117,0.5432308738786337,0.6194020674537376,0.44533732726569114,0.37443246695084303,0.7666836827531069,0.9009440424238168,0.8439763061080444,0.9497448619154257,0.16044575725000002,0.14310719036616956,0.19041481389959766,0.0
1412000016866,181.11406832394732,82.32457651088515,46534.74100481196,139.95178006850475,0.0,57.62720355761961,0.0,1.073383620336505,914,7524.4662930949025,0.45310015898251194,0.23304157549234136,118.016548,20.8333333333,0.0,0.7787948671958775,0.9310277687210263,0.7526758837680074,0.5403419610089263,0.0,0.4544834466970257,0.0,0.7365973979483404,0.6960996371043269,0.8380230971362457,0.924499697333431,0.26041666666625,0.151033386327504,0.2653505595722277,0.0
1412000016584,176.88888186179835,54.62744881026125,39434.284140846605,366.7842991546113,200.0,158.67973225837792,28.614377948232086,1.2458460534761655,1974,5134.980188164558,0.48681235870384326,0.2001013171225937,120.0104918,16.8316831683,0.0,0.7752823156430779,0.9166864016600059,0.6839105762371174,0.645068466074126,0.5646923247741623,0.5663373258564967,0.5411965589325762,0.8549477967132182,0.7746426426600469,0.8021569094683614,0.9401195444721548,0.21039603960375,0.1622707862346144,0.22784344963959016,0.0
1412000017120,88.39221572444742,20.89270553486939,20148.246001926935,35.35688628977897,195.0,12.857049559919625,0.0,0.8192299997020129,2056,3304.2617368993433,0.49963530269876005,0.10068093385214008,123.9377996,6.3291139241,0.0,0.6723147144564825,0.858519204125143,0.5252109446675093,0.3923791437030487,0.5620100840923147,0.29346230839046644,0.0,0.5621873435263933,0.7787954211278268,0.7607765689981459,0.9708846781247272,0.07911392405124999,0.16654510089958668,0.114639381747562,0.0
1412000011579,221.74176551588283,45.25342153385364,40117.05683365118,565.6677691731705,80.0,199.11505474895603,31.677395073697546,1.044134225540453,5824,26355.59270131636,0.3833729216152019,0.18252060439560439,123.5278382,16.5463917526,0.0,0.8089283257764693,0.9181733446889494,0.6525047753191295,0.6922708595807204,0.46791797799195844,0.5915355712274596,0.556917459519607,0.7165253308046465,0.8850551971500229,0.9557011168800023,0.9676731862056585,0.20682989690750003,0.12779097387173396,0.20782533935206116,0.0
141200001319A,133.18961832432572,17.297353029133212,33645.055056621015,389.1904431554973,495.0,128.00041241558577,48.43258848157299,1.2625624513373441,5942,10278.087169910954,0.35662100456621004,0.16156176371592057,124.5476242,7.855626327,0.0,0.7330994490650938,0.9029336027337108,0.4946806040712354,0.6515260678791753,0.6608720127752098,0.5425197456723464,0.6230326660306549,0.8664192361262336,0.8871024875611437,0.8672982319349832,0.9756618273269432,0.0981953290875,0.11887366818873668,0.18396075600211706,0.0
1412000010975,56.87309949150154,18.445329564811313,13921.538143003678,261.3088355014936,5875.0,55.33598869443394,4.611332391202828,1.1330896646476063,1797,2762.188102330494,0.33111111111111113,0.17028380634390652,125.2127976,2.5862068966,0.0,0.6072563053834414,0.8264981273003771,0.5050363280359155,0.6081634254074729,0.9240948245697564,0.4500331366506031,0.2754952216665684,0.7775699971646002,0.7650576693694837,0.743958876500374,0.980872559358982,0.032327586207499995,0.11037037037037038,0.19389202636475222,0.0
1412000015641,60.18457227821148,0.0,2464.2872538263928,4.629582482939345,20.0,0.0,0.0,0.0,422,1953.6838078004034,0.2826747720364742,0.22985781990521326,127.1767593,0.0,0.0,0.6155823508977878,0.6765353916812984,0.0,0.18869262881121646,0.3241786929076167,0.0,0.0,0.0,0.6173369198676987,0.7114599151267349,0.9962575373810849,0.0,0.09422492401215805,0.26172540674359257,0.0
141200001290A,122.30016951897582,25.130171818967636,20859.43827348842,165.85913400518638,355.0,35.18224054655469,16.753447879311757,0.9776025492567743,3999,6699.703806936772,0.34375,0.17229307326831708,125.7494315,1.6591251885,0.0,0.7204355352074188,0.8615239662155572,0.5553226451849073,0.5587666448455915,0.625558656310818,0.40060557406729375,0.4594674156561927,0.6708687186641189,0.8466856192168222,0.8271248928309307,0.9850763586272749,0.02073906485625,0.11458333333333333,0.19617985891821793,0.0
1412000013645,137.9031910873591,32.177411253717125,10008.34085013478,41.37095732620773,0.0,13.79031910873591,0.0,0.6365141682948128,1039,4776.04718465887,0.30856423173803527,0.1530317613089509,125.4991388,1.3054830287,0.0,0.7382653494522108,0.7979132036218178,0.5959587110404904,0.409094646583161,0.0,0.30073846142555294,0.0,0.4368006658944782,0.7091716260228723,0.7953551111408946,0.9831156545623266,0.016318537858750003,0.10285474391267842,0.17424815039919006,0.0
1412000015942,75.0130711274653,8.62650317965851,13381.991541805095,13.502352802943754,1285.0,4.875849623285244,1.3127287447306428,1.0759532866149017,6209,1164.39039657608,0.4289988492520138,0.17587373167981962,125.8671265,0.4169148303,0.0,0.6480546608136749,0.8230743868598845,0.38538287562485846,0.29202109443269375,0.7623165666589169,0.19768681199233487,0.1339195946653945,0.7383608024371002,0.891588734772193,0.6629051304830591,0.9859983394318452,0.00521143537875,0.14299961641733794,0.20025694134920427,0.0
1412002312079,129.09808245222976,53.62535732631083,39525.4965048858,95.33396858010813,75.0,47.66698429005407,1.9861243454189195,1.0741992915834244,2035,4041.763042927501,0.5702160493827161,0.1995085995085995,117.0192076,20.5752212389,0.0,0.7284659715976246,0.9168865273843947,0.6808168924675315,0.4987827280954912,0.46113356110959247,0.43369745914852087,0.17473754492672783,0.7371571431379249,0.7777478900659155,0.7796862260483397,0.9166868870660233,0.25719026548625,0.19007201646090535,0.22716855740111552,0.0
1412002313842,84.50103752566886,2.6684538166000693,19406.027210173583,35.57938422133426,905.0,12.45278447746699,0.8894846055333564,1.0978369532603283,2454,2182.7952219788567,0.45811051693404636,0.1487367563162184,124.9186923,4.6604527297,0.0,0.665655198180616,0.8552680803892498,0.22119883899133622,0.39304536129800866,0.7250219065030661,0.2901570558342008,0.10163493620359594,0.7533782217485079,0.7968517618714349,0.7218657518320877,0.9785686429553759,0.058255659121250004,0.15270350564468213,0.16935768407025584,0.0
1412002316654,67.37477480221412,6.416645219258487,19795.16045641438,52.93732305888252,80.0,26.46866152944126,0.8020806524073109,1.049107201256876,3085,2474.4188126765544,0.5287698412698413,0.1893030794165316,121.0339348,11.6726835138,0.0,0.6322081214792247,0.8569877981026561,0.34100029697765444,0.4354498747675262,0.46791797799195844,0.36984793214404255,0.09406991772134583,0.7199379792775467,0.820203259743875,0.7336338112057079,0.9481368332318465,0.1459085439225,0.17625661375661375,0.2155481396218647,0.0
1412002316673,150.09837952632853,29.564832330943496,33155.957666971546,229.69600503271485,160.0,104.61402209410775,15.919525101277268,1.2203327584373616,2131,4846.3582844031225,0.5134943181818182,0.18207414359455654,120.2695126,16.6351606805,0.0,0.7508577145397978,0.9016651537599304,0.5820004382665217,0.5941404290399714,0.5410645048185279,0.5201902532019553,0.4517827175368249,0.8374395858717115,0.7824512247876653,0.7967268911501132,0.9421486213707866,0.20793950850625,0.17116477272727273,0.20731698103387342,0.0
1412000017296,196.71068710961313,55.07899239069168,47419.27937441139,86.55270232822978,0.0,78.68427484384526,0.0,0.30463609734923813,640,5035.793590006097,0.675392670157068,0.1703125,110.3448334,49.3902439024,0.0,0.7910905997504748,0.932658832109543,0.6852864229846619,0.48834587258202555,0.0,0.48874089984709157,0.0,0.20905308444919135,0.6597686697329828,0.8003260536897373,0.8644022114645131,0.61737804878,0.225130890052356,0.1939246981216458,0.0
141200001664A,58.824815607708025,8.440082239366804,16953.306597403167,5.8824815607708025,405.0,1.7903204750172008,0.7672802035788003,1.1865139897568415,3091,790.554369754024,0.40948472412220704,0.15561307020381754,125.9670071,0.8238928939,0.0,0.6122193780659211,0.8435640831490346,0.3820548868694963,0.21063468741282051,0.6395524277617785,0.11455375770616481,0.09095521612366192,0.8142318374582614,0.8204015443649768,0.626589159897434,0.9867807685575428,0.01029866117375,0.1364949080407357,0.1771873330674953,0.0
1412000017101,196.79653379873457,35.78118796340629,36545.38408847906,0.0,0.0,0.0,0.0,0.0,601,3584.0823276678634,0.37528604118993136,0.1464226289517471,125.0643869,2.6737967914,0.0,0.7911555576667694,0.9100961948986142,0.6135075180433547,0.0,0.0,0.0,0.0,0.0,0.6533606830645535,0.7684062159718696,0.979709962676091,0.0334224598925,0.12509534706331046,0.16672272509443117,0.0
1412000017366,25.73536492083576,25.73536492083576,3820.4070581528367,0.0,0.0,0.0,0.0,0.0,1245,10680.176442146842,0.3701657458563536,0.11164658634538152,126.3090335,2.0408163265,0.0,0.49169842735127206,0.7145033886677712,0.5592192515522064,0.0,0.0,0.0,0.0,0.0,0.7276199221476515,0.8709007468870138,0.9894600818287634,0.025510204081249998,0.12338858195211787,0.1271253170104389,0.0
1412000016300,188.66073266186746,38.58969531720016,37063.884705539975,263.69625133420107,685.0,102.90585417920042,8.575487848266702,1.1536538576796116,4653,9975.43623949624,0.4682865257178921,0.1448527831506555,122.9150409,4.8976608187,0.0,0.7848705863426054,0.9113165271862032,0.6260299846456819,0.6091527722205535,0.6954034388654114,0.5183699626796139,0.36085624494587587,0.7916819425970577,0.8621443996819115,0.8644924260009278,0.9628727499280548,0.061220760233750005,0.1560955085726307,0.16493523519748163,0.0
1412000016071,246.59731291271157,30.44411270527303,37713.08375278385,9.13323381158191,20.0,6.088822541054607,0.0,0.6365141682948128,2461,7492.2961367676935,0.3967082860385925,0.1596911824461601,125.740654,2.8241335045,0.0,0.8247582920085691,0.9128206221612609,0.586827116936611,0.25287577328550015,0.3241786929076167,0.2186369719529896,0.0,0.4368006658944782,0.7971424208037532,0.8376208930749268,0.9850075988115469,0.03530166880625,0.13223609534619749,0.1818308365420052,0.0
1412000016067,143.68344756691474,18.741319247858442,21399.32838517924,487.2743004443195,230.0,156.17766039882036,106.20080907119784,1.2846509141331701,2133,13325.077985227352,0.33229231730168646,0.20300046882325362,125.3242617,5.705229794,0.0,0.7443661165163973,0.8637373543391583,0.5076072739960928,0.6760121932821572,0.5795049620240298,0.5645742511474261,0.7466763529540187,0.8815771944850387,0.7825469430322171,0.8916718801514908,0.9817457295072356,0.071315372425,0.11076410576722882,0.23114454097674583,0.0
1412000016175,124.977865647601,22.845416301174378,26785.31413119514,67.19240088580699,60.0,22.845416301174378,10.750784141729119,1.2359402183694614,2101,2823.42468522161,0.30515848353014297,0.15421227986673014,124.9500816,3.7190082645,0.0,0.7236503571782076,0.8831830253868689,0.5397511288391178,0.4610572180384119,0.4377230725854981,0.35405690913067966,0.3935545139004883,0.8481500291435807,0.781004575632305,0.7460167979680662,0.9788145355767185,0.04648760330625,0.10171949451004765,0.17559233655666143,0.0
1412000011418,268.50331184069506,44.75055197344918,34386.356921487466,457.4500868397027,675.0,149.1685065781639,54.695119078660106,1.1204933944844309,4229,21027.787143968508,0.45157967032967034,0.1236698983211161,123.7618015,8.3216783217,0.0,0.8374438900745663,0.9048214027006569,0.6506444053163691,0.6691300851792978,0.6938398377201155,0.5594816595260567,0.6420853198230811,0.7689259488949418,0.8523928659805443,0.9344994038561083,0.9695059715540075,0.10402097902125,0.15052655677655677,0.14081554612055527,0.0
1412000014889,227.25421358725364,35.882244250618996,48969.46586192392,81.73177857085437,20.0,33.888786236695715,5.980374041769832,1.1950177861308737,5202,10369.96858842889,0.4220885729907053,0.18589004229142636,124.4666918,7.2909698997,0.0,0.8125864328694078,0.9354452868963651,0.6139744546259016,0.48216138687259685,0.3241786929076167,0.3965417751285246,0.3103659084480358,0.8200674717674853,0.8735275590414746,0.8681337120012855,0.9750278316663985,0.09113712374625,0.14069619099690175,0.21166191756438796,0.0
1412000012280,265.09796114672747,77.49017325827418,42508.856050042465,328.31362880479327,1005.0,110.1176146301791,28.549011200416803,1.2307941705002268,5692,11607.212268055175,0.4269240411130609,0.1679550245959241,123.4772653,7.8260869565,0.0,0.8355411080487626,0.9231896645967238,0.7425040261557615,0.6330039539113858,0.7361700835811127,0.5258610370264105,0.5408436096480834,0.8446186118586705,0.8827152749373565,0.8787147886188206,0.9672770160792176,0.09782608695625,0.14230801370435364,0.19124038131539478,0.0
1412000011634,236.35096487622613,61.12524953695504,45711.1609602198,533.8271792894074,960.0,171.1506987034741,28.525116450579016,1.2735963512645554,1988,8101.133071964441,0.5083459787556904,0.17253521126760563,120.9739674,13.8075313808,0.0,0.8184341550564399,0.9294809949394205,0.7027116717491735,0.6859561711105735,0.7312972764581775,0.5747322011629001,0.5407143944820114,0.8739911254504421,0.7753637198280551,0.8449550669526198,0.9476670699309417,0.17259414226,0.16944865958523014,0.1964555670336869,0.0
1412000014094,103.26262702742447,31.773116008438297,30094.081210812015,424.96542661286225,40.0,166.80885904430107,11.914918503164362,1.0810391420476402,694,2756.3178137320224,0.36779324055666,0.20893371757925072,120.2686072,6.6326530612,0.0,0.6953404413360968,0.8932721261740967,0.5938721454456303,0.661104998741241,0.39541864552742145,0.5718805533038549,0.4086428270372237,0.7418509133416453,0.6680254270812594,0.7437592089450552,0.9421415287889399,0.082908163265,0.12259774685222001,0.23790037788764415,0.0
1412000012810,152.01237060896023,52.619666749255465,37389.13842454664,165.16728729627408,60.0,81.85281494328628,4.384972229104622,1.1012913145200964,3038,4440.51521067328,0.5596221959858324,0.08064516129032258,117.8377358,16.8789808917,0.0,0.7527412630817789,0.9120733548115766,0.677654504302333,0.5583129496927552,0.4377230725854981,0.4930938882081999,0.2689182967425062,0.7557487381857916,0.8186365597635437,0.7885177366595872,0.9230989461033617,0.21098726114625,0.18654073199527746,0.09182584107565353,0.0
1412000014126,142.78730745638174,56.09501364357855,40032.291037213654,45.89592025383699,20.0,15.29864008461233,5.099546694870777,0.936888307539016,896,4569.193838604216,0.5747422680412371,0.13616071428571427,117.476923,29.2857142857,0.0,0.7434364258574199,0.9179901234042398,0.6883421461828966,0.4201743821578878,0.3241786929076167,0.3115790894345726,0.2888206471222467,0.6429290296838281,0.6940714213745894,0.7911990992278951,0.9202724668506892,0.36607142857124997,0.1915807560137457,0.15503809417326858,0.0
1412000013490,135.84900264909604,32.45949620819109,33401.018358625995,67.32339954291486,0.0,39.67271758778911,2.404407126532673,1.0371513773866752,2180,2620.803767920614,0.5756207674943566,0.12614678899082568,117.5635129,18.1538461538,0.0,0.736035927448052,0.9023030278043268,0.5973995449572381,0.4612667818953501,0.0,0.4136655169788557,0.19567686883082444,0.7117334300499762,0.7847708662176133,0.7390277876809748,0.9209507813557206,0.2269230769225,0.19187358916478556,0.14363583397613694,0.0
1412000013876,131.612432375687,26.3224864751374,26787.881653877543,105.2899459005496,0.0,78.9674594254122,0.0,0.5623351446188083,179,4711.725079049595,0.0,0.0,0.0,0.0,0.0,0.7313303109470043,0.8831913280318463,0.5629161077854392,0.5095220136713183,0.0,0.4891369244552724,0.0,0.3858961478946939,0.5301152124293448,0.7940823764639623,0.0,0.0,0.0,0.0,0.0
1412000017027,73.87214671571822,15.552030887519624,7946.899250564515,54.43210810631869,20.0,3.888007721879906,3.888007721879906,0.7549967581308246,1082,4206.824355074058,0.4106910039113429,0.1709796672828096,126.1392154,0.6309148265,0.0,0.6457916772431811,0.7779368533390241,0.47762016411139685,0.4384348598208905,0.3241786929076167,0.17713883769038227,0.25345235555674106,0.5181080062729595,0.7133074629730287,0.7834432601629023,0.9881297871818489,0.00788643533125,0.13689700130378096,0.19468436176298445,0.0
1412000017154,183.60560074052327,4.831726335276929,31330.852650893652,4.831726335276929,0.0,0.0,0.0,0.0,247,1193.4364048134014,0.46153846153846156,0.19838056680161945,126.1280129,3.125,0.0,0.7808281695600149,0.8967607588968715,0.30008595569014507,0.19254478321783353,0.0,0.0,0.0,0.0,0.5628301052580994,0.6652164235892701,0.9880420307778963,0.0390625,0.15384615384615385,0.22588413375533234,0.0
1412002434709,71.40013575727988,22.718225013679962,25318.379924332927,236.9186322855196,565.0,94.11836077095985,11.900022626213314,1.0935109483864005,3399,3677.106991499914,0.46005154639175255,0.18711385701676964,120.0646917,10.6334841629,0.0,0.6407678683417853,0.8783043022254174,0.5388409441132674,0.597506676749525,0.6749292163799574,0.5085056392947483,0.408458493956788,0.7504095497161845,0.8300951180229342,0.770811250174572,0.9405441272276638,0.13291855203625,0.1533505154639175,0.21305540248868313,0.0
1412000013113,82.64984576601593,10.916017365322858,17668.97589250696,163.74026047984287,100.0,87.32813892258287,7.797155260944899,1.0890648334294468,4211,6566.764160767794,0.5561714708056171,0.19069104725718355,119.4922628,21.0144927536,0.0,0.662379850381123,0.8471455373940541,0.42169371334976924,0.5573711458044216,0.49141491559492917,0.5002376720555546,0.3473148975652609,0.7473584534946448,0.8519575412255967,0.8252435192780052,0.936059922649888,0.26268115942,0.18539049026853904,0.21712853591985212,0.0
1412000012346,142.89878095348928,36.22785996003953,28489.09257185929,249.569701946939,1085.0,98.62028544677429,18.113929980019766,1.22439891581256,2929,5895.077879053099,0.4550422255340288,0.1693410720382383,121.7956692,15.5080213904,0.0,0.7435523878666187,0.8885246928807526,0.6155617780997324,0.6031638893785063,0.7443177909746573,0.5136680103470413,0.47126128003170503,0.8402299404900173,0.8149078485503244,0.8151146197226166,0.9541039898228737,0.19385026738,0.15168074184467625,0.1928185909701944,0.0
1412000013414,144.6602803390849,50.31661924837736,38144.910233309754,235.85915272676885,830.0,81.76450627861321,12.57915481209434,1.1778963810478733,2065,6493.988671743703,0.43502432244614314,0.19322033898305085,119.6057614,16.3106796117,0.0,0.7453729840947847,0.9138068269408831,0.670183255652803,0.5970193331814824,0.7158210801125382,0.4929748398645495,0.4166535772802942,0.8083181007183874,0.7792410931929691,0.8241973988566381,0.9369490303481387,0.20388349514624998,0.1450081074820477,0.22000848973651496,0.0
1412000013043,204.52307439557796,80.46809484416181,40975.49155201244,486.1614063501443,260.0,221.287260821445,23.469860996213864,1.1481865595155203,3491,11704.754962540372,0.5476718403547672,0.16012603838441708,120.0162241,14.0749148695,0.0,0.7968894804105665,0.9200073381460633,0.7488413074632205,0.6757630279004602,0.5925063747116004,0.6032658332854283,0.5107178085632832,0.7879300709221249,0.8328206664638532,0.8795004001770118,0.9401644492732597,0.17593643586875002,0.18255728011825575,0.18232598109424233,0.0
1412000013058,163.89595227192603,44.698896074161645,32743.176743870845,484.2380408034178,475.0,208.59484834608767,55.873620092702055,1.2027054924859562,2814,10481.891129390906,0.3986083499005964,0.15707178393745558,122.8338391,11.0382513661,0.0,0.7639333430674258,0.9005799823272541,0.6504521470047469,0.6753310614466898,0.6564895290141378,0.5967024193225346,0.6454298592629291,0.8253430735095441,0.8108204087168098,0.8691414834432128,0.9622366438836473,0.13797814207625,0.13286944996686548,0.1788482834994463,0.0
1412000010373,236.7769960663017,106.37807069645439,48563.2342551774,1214.7689363401566,295.0,720.6256402017879,13.726202670510244,0.9290494863837191,3328,11420.200621864524,0.4456993918331885,0.1580528846153846,122.1698284,8.2722513089,0.0,0.81870250027898,0.9347237093441958,0.7958364158154402,0.7756257467971241,0.6059056314449972,0.7347186654173756,0.42960624103665274,0.6375497271152236,0.8279408016268778,0.877189956268649,0.9570350200302181,0.10340314136124999,0.14856646394439618,0.17996540439658731,0.0
1412000012469,183.65845935415055,81.62598193517802,39511.61292645228,258.48227612806375,60.0,102.03247741897252,13.60433032252967,1.1970200553430337,2304,7836.09426577709,0.502283105022831,0.2183159722222222,119.1717002,20.0,0.0,0.7808710087919671,0.9168560957463586,0.7512430516887023,0.6069803892742777,0.4377230725854981,0.5174276630485539,0.4282788587493732,0.8214415064217562,0.7904157968528284,0.8418325198610428,0.9335487491602481,0.25,0.167427701674277,0.24858339234247662,0.0
1412000010354,170.02744757412532,75.85839968691745,34224.90622419745,470.8452394360394,310.0,130.7903442877887,47.08452394360394,1.2775287456294437,4977,13018.870870406488,0.45526315789473687,0.1535061281896725,121.4230277,11.2792297111,0.0,0.7693964201038274,0.904413742233664,0.7389287068027809,0.6722748572099424,0.6111692726502094,0.5449083473154852,0.6186162923441058,0.8766896867122353,0.8690147355342539,0.8894894128118863,0.9511848487379821,0.14099037138874998,0.15175438596491228,0.17478828370791868,0.0
1412000013081,146.4021691912929,43.37842050112383,33491.961583949225,249.425917881462,20.0,54.223025626404784,48.8007230637643,0.963674711530762,1972,10692.780653527023,0.474943904263276,0.1592292089249493,123.6547107,3.313253012,0.0,0.7471517890229122,0.9025385560718184,0.6454622419286614,0.6031012122389743,0.3241786929076167,0.44780564416295277,0.6242177780963778,0.661310897179186,0.7745392145860166,0.87101146973302,0.9686670602838083,0.041415662650000004,0.15831463475442534,0.18130481481347088,0.0
1412000013096,200.777537097547,59.32063596063888,46910.415347745235,333.108186548203,40.0,127.76752360752991,82.13626517626922,1.3664149102600498,3270,14921.421507022242,0.37007544006705784,0.1437308868501529,123.4920567,8.4848484848,0.0,0.7941373167770289,0.9317242568687676,0.6976949765970432,0.6345822871116638,0.39541864552742145,0.5423180272343989,0.7060701134188168,0.937686814244316,0.8261465605837081,0.9022942318423607,0.967392886650378,0.10606060606,0.12335848002235261,0.1636577987122045,0.0
1412000011526,91.90621423800381,20.104484364563334,25871.896225717217,328.85192282035734,1665.0,83.29000665319094,1.4360345974688096,1.0905028511588704,3516,5049.097644700334,0.49362786745964315,0.19169510807736065,119.0861188,22.3733003708,0.0,0.6780841774069029,0.8801776087525809,0.5189706813094039,0.6331822974876228,0.7898828837872346,0.4950137211172828,0.1422163654607433,0.7483452769356107,0.8335489011139688,0.8005737124526593,0.9328783348858246,0.279666254635,0.16454262248654772,0.21827180016322012,0.0
1412000012543,185.5335338340694,25.465386996833054,41738.55491771709,498.39400265230404,535.0,141.8785846966413,10.913737284357023,1.1569715830444343,2412,8774.644776623047,0.4555891238670695,0.18449419568822553,120.2734874,15.8974358974,0.0,0.7823827817152512,0.9216056042934667,0.5574919806736021,0.6784710471377575,0.6691303611857634,0.5539264451576755,0.39575429858587796,0.7939586941931641,0.7950902115822024,0.8524520638612401,0.9421797585414565,0.19871794871749998,0.15186304128902317,0.21007255018882925,0.0
1412000012242,126.99344518574209,33.54543835095074,32922.50161487956,383.37643829657986,1930.0,100.63631505285221,71.88308218060872,1.2840363663829284,3010,7212.2692454544085,0.32133450395083407,0.11727574750830565,124.8878126,9.6774193548,0.0,0.7260254869505263,0.9010530855316657,0.6028351690962481,0.6498867735030004,0.8056005587992692,0.5159046038254927,0.6850461337979239,0.8811554680256755,0.8176916478899832,0.834045138206344,0.9783267423593363,0.120967741935,0.10711150131694469,0.1335349074938042,0.0
1412000014198,115.24634468785626,40.336220640749694,22104.17102690776,450.9013235912376,4445.0,231.93326868431072,15.846372394580236,0.8882814759457,1676,2414.4109212105886,0.40486169321039395,0.14021479713603818,123.7402195,6.7993366501,0.0,0.7116205145764565,0.8665444160433374,0.6333768307788452,0.66755903506749,0.894400781692569,0.6084882303892468,0.45109062992257987,0.6095731399573524,0.7579456698030247,0.7313298541432391,0.9693369058356317,0.08499170812625,0.13495389773679797,0.15965423681053365,0.0
1412000012539,129.3489323149281,66.52230804767731,31304.905181068163,469.3518401141677,3260.0,103.47914585194249,18.47841890213259,1.1734422822499613,2139,3952.5338031661604,0.5,0.14820009350163627,121.7743638,13.4057971014,0.0,0.728754213797169,0.8966889918985177,0.7168888593156747,0.6719287051778775,0.8613952876190986,0.5189841997580626,0.47427848163695724,0.8052615256760757,0.7828335604418457,0.777590844692091,0.9539370908906022,0.16757246376749999,0.16666666666666666,0.16874661809265024,0.0
1412000014183,116.07137538619529,33.390395659042476,27054.3037110871,119.25141306800886,605.0,31.800376818135693,19.080226090881418,1.2320269778476984,2995,4762.10642851582,0.40215355805243447,0.15592654424040067,125.0818307,6.0388945752,0.0,0.7126787618049198,0.8840485649303302,0.6020696549192411,0.5229981880782232,0.6822002537294489,0.3896511263813576,0.47913872221030507,0.8454646119905102,0.8171818241218057,0.7950807276131086,0.9798466112062645,0.07548618219,0.13405118601747815,0.17754426727909664,0.0
1412000012685,73.96528545557715,23.357458564919096,12430.303298387307,133.33215930807984,255.0,45.74168968963323,12.651956722664512,1.232736267740527,5105,4968.326082246333,0.4094422970734401,0.1860920666013712,121.4873779,10.4704097117,0.0,0.6459777029815973,0.816684439840779,0.5433668542729494,0.5350894340559241,0.5904467490922419,0.4291914294758155,0.41750763404703994,0.8459513541762022,0.871606443167497,0.799059970273443,0.9516889453365653,0.13088012139625,0.1364807656911467,0.2118919506114003,0.0
141200001550A,115.18295408002356,14.958825205197865,28530.488818564478,103.21589391586527,1520.0,20.94235528727701,7.4794126025989325,1.1465536633821465,2478,3706.796885848031,0.48026315789473684,0.14608555286521388,122.7065999,9.138381201,0.0,0.7115388944994695,0.8886504659706833,0.47140902379966776,0.5073702138430913,0.7801871394430342,0.3447719665812173,0.34143898501933356,0.7868095143753555,0.7978448803680334,0.7715660540195698,0.961239897208012,0.1142297650125,0.1600877192982456,0.1663389166345414,0.0
1412000012721,205.0921575403818,109.76763361316209,25249.09254113384,274.41908403290523,140.0,66.43830455533495,46.21795099501562,1.218059780838509,3538,10219.944413772828,0.40843949044585987,0.1382136800452233,124.7223486,6.4935064935,0.0,0.7973032394615643,0.878066928878448,0.8011254725861318,0.613489003263952,0.5269406107501234,0.4701137835602287,0.6157114590499032,0.8358797806416067,0.8341854782922484,0.8667656713600089,0.9770305561844994,0.08116883116875,0.13614649681528662,0.15737568398709237,0.0
1412000012350,107.56579986006437,11.32271577474362,26470.505610887933,62.274936761089904,640.0,19.24861681706415,6.7936294648461715,1.0700658762580224,3928,4447.562756319293,0.3835857696371962,0.12856415478615071,124.607333,1.6350555919,0.0,0.7013921956854919,0.8821589448832958,0.4274052051431642,0.45288465422686314,0.6881790114625199,0.33580416401455765,0.3279684871673476,0.734320633510196,0.8448573628787568,0.7886665902046961,0.976129564847347,0.02043819489875,0.12786192321239873,0.14638834440319307,0.0
1412000013132,153.88783263158177,63.677723847551086,29701.929799411308,315.73538074410743,100.0,114.08925522686236,10.612953974591848,1.0948945474434588,3527,9357.97216709636,0.48213535098781,0.17125035440884603,121.5734108,8.5197018104,0.0,0.7545641789063026,0.8921359669077914,0.7095639793545125,0.6287514776311408,0.49141491559492917,0.5297814745526075,0.3916699308242486,0.751359028957272,0.8338676859021099,0.8584940621766616,0.9523628965015386,0.10649627263000001,0.16071178366260333,0.19499257706839088,0.0
1412000012365,141.06733368988765,61.12917793228465,30215.341718417203,251.57007841363298,1145.0,39.9690778788015,23.511222281647942,0.9425365689007446,3294,7744.596619574832,0.4327968682035668,0.1323618700667881,125.0094085,3.9330543933,0.0,0.7416357117731063,0.8936204525309089,0.7027224326729078,0.6040321651745809,0.750043865383463,0.4144759835887749,0.5109875663813458,0.646805085311244,0.8268928337847982,0.8407299675062188,0.9792792814282386,0.04916317991625,0.14426562273452226,0.1507125765608419,0.0
1412000013128,183.19776083815273,57.85192447520613,45029.10057390225,781.0009804152828,375.0,289.2596223760307,57.85192447520613,1.156707720150243,4736,15221.484128587568,0.3982875701210511,0.15054898648648649,123.3163135,10.873915944,0.0,0.7804972229282033,0.9281787659708661,0.6935000105514817,0.7274406575039046,0.6313786471617245,0.6330503216519875,0.6508913913013692,0.7937776212593182,0.8639489255381957,0.9041633599935406,0.9660161768756742,0.1359239493,0.1327625233736837,0.17142116260938936,0.0
1412000012897,161.69779789750984,42.552052078292064,32090.458303065552,595.728729096089,565.0,204.2498499758019,11.347213887544552,1.0087405496545514,4684,13287.58746231467,0.34288990825688076,0.14923142613151152,123.3320558,8.4625322997,0.0,0.7619252120477047,0.8988357965869695,0.6422633959292133,0.6979150817284885,0.6749292163799574,0.5943638744404829,0.40146267172757716,0.6922368200919444,0.8628221168108298,0.8914073790179747,0.9661394964595119,0.10578165374625,0.11429663608562692,0.1699209351211218,0.0
1412000011189,94.67777691611082,25.33630649867754,22832.533720086805,468.0549253176746,4505.0,226.693268672378,26.669796314397413,1.0071468001386448,3922,5229.947057253333,0.36363636363636365,0.13462519122896482,124.7390036,6.3914780293,0.0,0.68248277363988,0.8693526359988811,0.556659910631363,0.6716272030627226,0.8958281398571727,0.6059482707097925,0.5303481331949538,0.6911431274697017,0.844701351385831,0.8038770383256635,0.9771610255357898,0.07989347536625,0.12121212121212122,0.15328968554067282,0.0
1412000012882,153.07032481228913,45.6525530141915,37032.916173643076,405.50208853781857,550.0,104.7323275031452,59.079774488953696,1.2737383237032387,3413,9165.421378672681,0.4310272536687631,0.15118663932024612,123.5827699,7.0127504554,0.0,0.7537723046805455,0.9112441210441227,0.6539670240438222,0.655998049874485,0.6720692595521532,0.5203152318003988,0.6541895490390679,0.8740885524345446,0.8305145988024205,0.8565423298191029,0.9681035016223067,0.0876593806925,0.14367575122292103,0.17214721990579007,0.0
1412000010547,128.6891373082303,69.40537742466354,24017.901285531105,578.3781452055294,4380.0,125.79724658220266,83.86483105480177,1.156557833960995,2887,4174.444263020909,0.46921119592875316,0.12989262209906477,124.8824427,8.0935251799,0.0,0.7279948743387061,0.8737367264571453,0.7240044858829457,0.6946930401451455,0.892832574781178,0.5405967109942157,0.7093570962964995,0.7936747635531853,0.8134339463517791,0.7827180003387016,0.9782846764710448,0.10116906474875001,0.15640373197625104,0.14790099099473117,0.0
1412000013170,138.32076093819242,48.81909209583262,29669.54514525227,461.74724607308355,715.0,152.55966279947694,63.057993957117134,1.2279421511229143,4299,8744.719871666019,0.515867418899859,0.11351477087694813,124.962636,2.671009772,0.0,0.738714506160537,0.8920414710472606,0.6651430511879606,0.6701488272721616,0.6999610243344243,0.5619745691026425,0.6644305366115294,0.8426614457417066,0.8540683654974391,0.8521313689729016,0.9789128822848445,0.033387622150000004,0.171955806299953,0.12925250744754468,0.0
1412000010636,83.07875253392424,43.07787168425702,20152.784008026763,486.1645518651863,795.0,70.7707891955651,64.61680752638553,1.07185390068915,1475,4538.561481019936,0.4087870105062082,0.12677966101694915,124.0977949,5.6776556777,0.0,0.6631451291650118,0.8585387112527304,0.6443057723776187,0.6757637329503008,0.7112392099277821,0.4770645941804788,0.6682708600374007,0.7355476451009113,0.7449125920724233,0.7905677028134678,0.9721380244471833,0.07097069597125,0.13626233683540273,0.14435644765167824,0.0
141200001066A,139.41770970228274,69.70885485114137,25135.00571216051,816.8059296688085,3635.0,377.3370621290043,62.131805410799906,1.0315352731132077,2999,4544.714254316803,0.4473938223938224,0.12604201400466822,124.3829808,5.9782608696,0.0,0.7398880500005788,0.8776746531230271,0.7247364713937714,0.732329210733297,0.8729855918639688,0.6626343677136711,0.6621042506720717,0.7078794418615355,0.8173180262772145,0.7906948654814046,0.9743720694408885,0.07472826087,0.14913127413127414,0.1435165329409147,0.0
1412000014376,97.46265794092983,34.80809212176066,18025.608296565406,381.14860873327916,1750.0,78.31820727396148,66.13537503134525,1.183027056249721,1374,2391.315928764957,0.44783983140147526,0.12809315866084425,125.6738076,6.6666666667,0.0,0.6867759960139528,0.8488764475898996,0.6089444663936957,0.6492520433049759,0.7951814557163118,0.48822687528255876,0.6719252902428053,0.8118389686837605,0.737676709905971,0.7304278508078137,0.9844839478692414,0.08333333333375001,0.14927994380049175,0.14585204917285755,0.0
1412000015552,148.85364430046928,59.95494006546679,37396.399808134905,316.3139941384972,320.0,134.38176221570143,12.404470358372441,1.1548502007677313,4055,8383.354550533375,0.5179775280898876,0.19630086313193587,119.834264,17.5135135135,0.0,0.7496199297729911,0.9120901759772438,0.6994751994664374,0.6289507732953815,0.6145391527771434,0.5479097671376905,0.4145854925732744,0.792502919542361,0.8481048764413034,0.8481696978353346,0.9387390385132639,0.21891891891875,0.17265917602996253,0.2235160990759878,0.0
141200001116A,86.93683980081056,19.186061197420262,19661.344746645656,221.2392681827524,1995.0,76.74424478968105,23.383012084355943,1.050741095017773,6272,3760.4679946943716,0.3459227467811159,0.18941326530612246,125.0190292,4.4003451251,0.0,0.6698584903938076,0.8564002626424183,0.5113986903553575,0.5900624079043484,0.8091257883734639,0.4859893791350645,0.5101498939754946,0.7210592204349471,0.892619146552238,0.7729153180580952,0.9793546465731175,0.055004314063750004,0.11530758226037197,0.21567360173049543,0.0
1412000011155,40.566843251554474,3.803141554833232,14024.820167349257,59.58255102572063,2355.0,31.058989364471394,1.2677138516110773,0.8653348028600347,4440,2814.3247505765917,0.4401556925072981,0.165990990990991,126.3083958,3.5661218425,0.0,0.5577346500555839,0.8271383578028799,0.2670631519306184,0.44813659902417363,0.8267821993386812,0.3870989117014402,0.13078001826252794,0.5938262444707477,0.8573620440667514,0.7457138237980654,0.9894550863135837,0.044576523031249995,0.14671856416909937,0.1890040532482393,0.0
1412000012238,58.349889925349665,5.374331966808522,12467.756544619886,26.87165983404261,635.0,6.909855385896671,3.071046838176298,1.0844171726191953,1902,1460.28277155283,0.3985294117647059,0.18559411146161936,124.824339,2.5316455696,0.0,0.6110267450932688,0.816945028401852,0.3152264975234631,0.3633580636504412,0.6873451832030248,0.23087094892974433,0.22424074512097777,0.744169048705419,0.7708515870999691,0.6841474394035614,0.9778295127336344,0.03164556962,0.13284313725490196,0.21132495875728213,0.0
1412000013077,198.91475796993518,60.77950937970241,62571.53619250879,419.9311557143076,645.0,171.28770825188863,19.338934802632586,1.1024672025137687,4214,11642.038751184817,0.4576271186440678,0.16279069767441862,122.684352,7.8606158833,0.0,0.7927494942909397,0.9566775045025956,0.7017619219614131,0.6598067926500506,0.6890063608045124,0.5748210118111546,0.4811834617088391,0.756555678053335,0.8520302243901734,0.878996037228442,0.961065615065678,0.09825769854125001,0.15254237288135594,0.18536006989224946,0.0
1412000014111,177.46965029152696,30.864287007222078,40971.30794698033,146.60536328430487,0.0,100.30893277347175,0.0,0.7659373365785205,1243,9591.07718749426,0.5555555555555556,0.14963797264682221,116.4593697,30.7262569832,0.0,0.7757700453049862,0.919998493630987,0.5890861405377088,0.5453785101370603,0.0,0.5155444380741581,0.0,0.525615854784842,0.7274559325536137,0.8608038231142785,0.9123013159077669,0.38407821229,0.1851851851851852,0.17038384541986107,0.0
1412000015124,82.77305575608001,82.77305575608001,37651.7883984901,0.0,0.0,0.0,0.0,0.0,97,8028.9864083397615,0.4696969696969697,0.12371134020618557,112.8361704,29.1666666667,0.0,0.6626000893078213,0.9126797214747959,0.75358940645224,0.0,0.0,0.0,0.0,0.0,0.46804952914646786,0.8441153083113695,0.88391846017275,0.36458333333375,0.15656565656565657,0.14086273352636336,0.0
1412000016298,124.02038479103511,35.434395654581465,35282.22325595031,26.575796740936095,0.0,20.670064131839187,0.0,0.5297061990576545,332,980.3516131100871,0.4690265486725664,0.21084337349397592,116.6775497,18.6046511628,0.0,0.7225087295850456,0.9070492410346475,0.6118953310382644,0.36219274254713674,0.0,0.34337799232885274,0.0,0.36350490217155795,0.5929155158237194,0.6467681000410536,0.9140104604928484,0.23255813953499999,0.15634218289085547,0.2400747893182749,0.0
1412000016724,142.76628987882634,27.93253497629211,23208.786269481963,49.657839957852644,100.0,24.828919978926322,10.862652490780265,1.125517228823764,3049,4731.461063484147,0.39351005484460694,0.18596261069203018,124.1502314,5.737704918,0.0,0.7434145519283484,0.8707683920696432,0.5726602256412902,0.4286002229235664,0.49141491559492917,0.36297676149758334,0.39506793427253656,0.7723734985239517,0.8190053952784941,0.7944747282812045,0.9725487933537542,0.07172131147500001,0.13117001828153566,0.21174454687920788,0.0
1412000017370,181.40848061975296,35.0621433130615,30485.316569309696,30.48882027222739,40.0,7.622205068056847,4.573323040834108,1.2052156773503675,2086,3179.9839543933167,0.40309555854643336,0.16874400767018216,124.8056208,0.8,0.0,0.7790365771773278,0.8943909734050889,0.6101476176169124,0.3766822620660216,0.39541864552742145,0.24049728456818112,0.2744096017429542,0.827065659549114,0.7802734899079102,0.7571784127572044,0.9776828810067462,0.01,0.13436518618214446,0.1921387493418085,0.0
1412000620161,355.6997252700693,18.241011552311246,64449.26482072164,91.20505776155623,0.0,91.20505776155623,0.0,0.0,2834,25847.513369625034,0.48712559117183396,0.18242766407904024,120.8575644,34.7207009858,0.0,0.87938859902161,0.9592387353600131,0.5032387023032677,0.4939993356836446,0.0,0.5050330425380765,0.0,0.0,0.8115431267820779,0.9538736099932676,0.9467552101952316,0.4340087623225,0.162375197057278,0.20771951375010575,0.0
1412000620176,294.6262165475294,27.794926089389566,61327.95960045778,283.5082461117736,0.0,155.65158610058157,11.117970435755826,1.0950994343555576,4827,26833.221646696686,0.4811291807302854,0.18210068365444376,120.9645286,29.6343810135,0.0,0.8512873937220278,0.9549385968509739,0.571848870322822,0.6170343821812995,0.0,0.5641999856163742,0.39846923933921913,0.7514996302888615,0.8658913988938525,0.9573872522378869,0.9475931297260206,0.37042976266875,0.16037639357676178,0.20734720061905806,0.0
1412000620180,328.4419857998328,82.1104964499582,60692.284051656505,216.47312700443527,60.0,119.43344938175738,22.39377175907951,0.9299473006147054,2496,18631.618103554152,0.48687350835322196,0.18349358974358973,120.0548453,35.5670103093,0.0,0.867493513216879,0.9540360570257668,0.7522380816600508,0.5876951393506037,0.4377230725854981,0.5348484611319315,0.5035345067507008,0.638165842000765,0.7985834298137204,0.9231413125660303,0.9404669940291922,0.44458762886625003,0.162291169451074,0.20893321980643087,0.0
1412000620208,184.8719614772226,1.9257495987210689,43701.998608283895,161.76296629256979,40.0,59.698237560353135,3.8514991974421378,1.1462836751996877,1120,2156.839550567597,0.5217391304347826,0.2,118.882782,20.0704225352,0.0,0.7818511331190638,0.9255874702837614,0.18270011136744987,0.5560526058054,0.39541864552742145,0.4583589092893936,0.25225487729144447,0.7866242380315507,0.7168279325395551,0.7207431883288189,0.9312854666546954,0.25088028169,0.17391304347826086,0.22772808586762075,0.0
1412000620299,235.23669608349388,47.047339216698774,50943.01079092879,86.25345523061442,0.0,62.729785622265034,3.9206116013915646,0.8617901450419195,839,3289.3931335675225,0.46524064171123,0.19904648390941598,119.3614442,23.9234449761,0.0,0.8177300242664758,0.9388677678150329,0.6589804638414113,0.48797201519157085,0.0,0.46379964919469924,0.25451422541854635,0.5913937630391582,0.6873692342834719,0.7603532772984951,0.9350351362266688,0.29904306220125,0.15508021390374332,0.22664237389685737,0.0
1412000620284,36.4832462263857,27.362434669789277,6757.220928063678,136.81217334894637,0.0,72.9664924527714,9.120811556596426,0.8823109245150755,1126,10270.033812727575,0.40049751243781095,0.15719360568383658,124.9657135,3.8011695906,0.0,0.5422610907857802,0.7638910215180287,0.5692733803867635,0.5378822203244705,0.0,0.4804286376505153,0.3697031026805986,0.6054759164067117,0.717372863550638,0.8672246469231021,0.9789369903261893,0.0475146198825,0.13349917081260365,0.17898699466504828,0.0
1412007500301,4.360379600979943,4.360379600979943,16110.990876024687,4.360379600979943,0.0,0.0,0.0,0.0,4090,17833.952568007968,0.4348903043170559,0.13471882640586796,125.338829,5.0075872534,0.0,0.2512422333902467,0.8391499111858607,0.2857432236902904,0.18334202590347584,0.0,0.0,0.0,0.0,0.8489819955017565,0.9190335055321636,0.9818598445586347,0.0625948406675,0.14496343477235196,0.15339630233870297,0.0
1412007500316,0.0,0.0,8001.510052221019,87.90159478883615,40.0,31.964216286849506,0.0,0.6554817739013927,2846,11371.269944046713,0.40473840078973344,0.12438510189739986,125.5423785,5.5084745763,0.0,0.0,0.7785300167611947,0.0,0.490015370469566,0.39541864552742145,0.39020735463657935,0.0,0.44981697122130726,0.8119743143305834,0.87678686981223,0.9834543790059765,0.06885593220375,0.13491280026324448,0.14162990582771917,0.0
1412007530320,80.75928680570408,9.691114416684488,21141.1661583194,12.921485888912652,0.0,9.691114416684488,0.0,0.5623351446188083,2902,9374.538012406128,0.51619644723093,0.11440385940730531,124.9700972,8.8077336198,0.0,0.6589591691900232,0.8626860195805739,0.40323387122441173,0.28755747967919343,0.0,0.26450660401502957,0.0,0.3858961478946939,0.8139627862514767,0.8586600965990848,0.9789713306741479,0.1100966702475,0.17206548241030997,0.13026485959347017,0.0
1412007560335,216.7098429929949,28.894645732399322,45712.84440281375,7.2236614330998306,0.0,7.2236614330998306,0.0,0.0,1091,7881.0146235119155,0.45466666666666666,0.1154903758020165,124.9142396,7.8212290503,0.0,0.8055091802482697,0.9294841849675448,0.5782273638210024,0.23007533799832894,0.0,0.2352141785807656,0.0,0.0,0.7141522967632247,0.8423691106702281,0.9785337620859379,0.09776536312875,0.15155555555555555,0.13150201108762702,0.0
1412007560424,278.910813270843,13.605405525406976,44089.10959483273,20.408108288110462,20.0,13.605405525406976,0.0,0.6365141682948128,2467,16782.267715589503,0.4667063020214031,0.1520064856100527,123.4047851,18.9976689977,0.0,0.8431136093772659,0.9263513831629951,0.4563273564695097,0.3345480114922175,0.3241786929076167,0.2993339795895563,0.0,0.4368006658944782,0.7973909000347557,0.9133273802266717,0.9667092319498032,0.23747086247125,0.1555687673404677,0.1730807300372067,0.0
1412007570439,320.29024653803276,10.331943436710734,57022.13529342322,30.995830310132202,0.0,30.995830310132202,0.0,0.0,2153,11122.337109619106,0.5389563974267334,0.13237343241987923,123.0328083,13.8138138138,0.0,0.8637443562349217,0.948632828342826,0.41314067151064665,0.37842643435977635,0.0,0.3868787662579868,0.0,0.0,0.7834992213960771,0.8747089491653844,0.9637952978884964,0.1726726726725,0.1796521324755778,0.15072574192352975,0.0
1412007570462,380.79535077347157,15.866472948894648,48669.55027886718,142.79825654005182,20.0,95.19883769336789,15.866472948894648,0.8486855577264172,1431,11352.46139493412,0.5725274725274725,0.13277428371767994,123.410595,19.0804597701,0.0,0.8895623387237588,0.9349131369139015,0.4808228377798791,0.5425251463278753,0.3241786929076167,0.5097665718400985,0.4512810974626299,0.5824008878593043,0.741823171967599,0.8766314650618354,0.9667547446417313,0.23850574712625,0.19084249084249083,0.15118216741735827,0.0
1412007580759,386.89147590053693,28.447902639745365,52550.02454973204,28.447902639745365,40.0,28.447902639745365,0.0,0.0,2882,16397.371081549227,0.5598915989159892,0.14191533657182512,122.4739937,19.3396226415,0.0,0.8919326852744721,0.9415580691670411,0.5756649687024264,0.36936512523551496,0.39541864552742145,0.3776150685445664,0.0,0.0,0.8132570558200197,0.9111492064507428,0.9594177428987885,0.24174528301875,0.1866305329719964,0.16159053976380444,0.0
1412007580797,441.52014953560473,43.530155588017365,58467.04605325934,18.655780966293158,0.0,12.437187310862104,0.0,0.6365141682948128,2961,18413.255813731346,0.5562565720294427,0.1563660925363053,122.4099711,19.4760820046,0.0,0.9116486418833091,0.9508004366543269,0.6460431254070024,0.32522295860985534,0.0,0.29002755243510214,0.0,0.4368006658944782,0.8160167094227138,0.9220345413249378,0.9589162126021855,0.2434510250575,0.18541885734314756,0.17804475473946033,0.0
141200758080A,194.13242056289022,30.652487457298456,63331.33686105839,224.78490802018868,0.0,148.15368937694254,5.108747909549743,0.8904563626365758,4591,23454.26165274287,0.5990943921978404,0.1529078632106295,120.087204,30.7803468208,0.0,0.7891264352542237,0.9577230148834474,0.5879511703685679,0.5917907693143517,0.0,0.5587246936264746,0.2890614149975851,0.6110656314086653,0.8607753164270152,0.9447518967179711,0.9407204805856376,0.38475433525999997,0.19969813073261347,0.1741070750153232,0.0
1412007580829,378.7824024106341,31.13280019813431,53453.70005987342,10.37760006604477,0.0,5.188800033022385,0.0,0.6931471805599453,2907,15083.841695996074,0.5438130642591609,0.16030271757825937,121.3759028,21.151586369,0.0,0.8887713280540078,0.9430349983090744,0.5905142260264133,0.26552338295843214,0.0,0.2034795514822166,0.0,0.4756644315437017,0.8141384591572207,0.9033105849719405,0.9508156890182209,0.2643948296125,0.1812710214197203,0.18252715516737403,0.0
1412007580833,299.42464159312397,44.03303552840058,58016.22489355364,61.64624973976082,0.0,35.22642842272047,0.0,0.6829081047004717,1637,14416.41583199835,0.5908649173955296,0.14416615760537568,121.0679501,23.4309623431,0.0,0.8536966762162356,0.9501299326261143,0.6479542348436522,0.4517942899311483,0.0,0.4007418246512036,0.0,0.4686379812675931,0.7555435942627601,0.8990619575030044,0.948403297003984,0.29288702928875,0.19695497246517654,0.1641534155918097,0.0
1412007580496,371.89751965605376,51.04475759985052,62812.79954236892,65.62897405695067,0.0,65.62897405695067,0.0,0.0,3471,25310.907661297308,0.5922018348623853,0.15384615384615385,118.5685068,33.234421365,0.0,0.8860337829979932,0.9570108600018997,0.6725810340578219,0.45852459471313606,0.0,0.46876595658988923,0.0,0.0,0.8322343150509047,0.9519040742408867,0.9288235464222936,0.4154302670625,0.1974006116207951,0.1751754506674006,0.0
1412007580509,454.97438760694433,39.562990226690815,62100.17164707464,151.6581292023148,40.0,72.53214874893315,6.593831704448469,0.841855259339404,3629,23929.015255443494,0.6273542600896861,0.1631303389363461,119.6790608,34.0057636888,0.0,0.916130303636831,0.9560224913027038,0.6301632564073741,0.5490538708742225,0.39541864552742145,0.4797711728286688,0.32382031904481484,0.5777136726607834,0.8367772198212502,0.9466332317484011,0.9375232317992328,0.42507204611000005,0.20911808669656204,0.1857467991645515,0.0
1412007580551,320.7472236181155,22.377713275682478,65062.32178866315,208.85865723970315,0.0,134.2662796540949,14.918475517121653,0.9381203299381309,2967,22131.558429649973,0.6003236245954693,0.15166835187057634,120.6973767,29.0697674419,0.0,0.8639570335438358,0.9600588124727593,0.5363799960898845,0.583803319168939,0.0,0.5478145012760106,0.44204130887095394,0.6437744911537149,0.8162232865596539,0.939302326378566,0.9455003566795489,0.36337209302375,0.20010787486515644,0.17269571729091562,0.0
1412007580566,434.7556032845193,33.442738714193794,60524.37194869049,125.41027017822672,0.0,66.88547742838759,0.0,0.6909233093138181,3525,29471.41349188328,0.5631929046563193,0.16312056737588654,120.5646743,25.5566311713,0.0,0.9093435974017563,0.9537960749754776,0.6023284808863669,0.5284522622554635,0.0,0.47085156658434957,0.0,0.47413832499406394,0.8338097990276724,0.9661914880706652,0.9444608132365783,0.31945788964125,0.1877309682187731,0.18573567287075451,0.0
1412007580693,458.5981336236236,37.327755062387965,64135.18733477045,757.2201741227274,100.0,346.6148684364597,37.327755062387965,1.0569322107711896,4273,22785.92819736911,0.5594890510948906,0.15305406037912472,121.5504519,23.5663786332,0.0,0.917314790406151,0.9588155716646083,0.6205169810220638,0.7240684807438205,0.49141491559492917,0.6531800632569674,0.5823924368543234,0.7253078037633698,0.8534492427672495,0.942037884396816,0.9521830446378736,0.294579732915,0.1864963503649635,0.17427354102202663,0.0
1412007580744,283.902519033092,25.050222267625767,57616.03974088928,192.05170405179754,155.0,87.67577793669018,29.22525931223006,1.239159461001298,4470,18662.415589381195,0.5542420027816412,0.16868008948545862,119.6693858,27.6840490798,0.0,0.8457585643972952,0.9495303595700746,0.5548011440524185,0.5746881450691502,0.5377052569945776,0.5006761744260415,0.5444578631129712,0.8503591980754038,0.8580493233705796,0.923296365317704,0.9374474412874505,0.3460506134975,0.18474733426054704,0.19206596951251237,0.0
1412007630852,267.69274466190245,13.519835588984973,29218.41568826104,54.07934235593989,520.0,18.927769824578963,2.703967117796995,1.094056456831614,1705,4610.2639358438755,0.48,0.06510263929618769,123.469249,5.6291390728,0.0,0.8369931649403369,0.8907142771954469,0.4553273583821108,0.4377377311648436,0.6661080393313906,0.33402111991415007,0.20914722599171637,0.7507838987314761,0.7596958879687529,0.7920390304982982,0.9672142192337809,0.07036423841,0.16,0.07412849715925485,0.0
1412007630867,275.9424592982715,6.649215886705337,33530.04673977527,23.27225560346868,0.0,6.649215886705337,3.3246079433526683,1.277034259466139,2468,8205.132404194386,0.36802575107296137,0.034440842787682335,125.3631741,3.4979423868,0.0,0.8415183108245301,0.9026370005433482,0.34625492189169593,0.34825898218399903,0.0,0.2271305067576802,0.23389165933342446,0.8763503511621945,0.797432254501732,0.8461525115508479,0.9820505554204839,0.043724279835000004,0.1226752503576538,0.039215736018532746,0.0
1412007580848,365.4568994583424,52.20812849404891,50896.77576687232,130.52032123512228,0.0,87.0135474900815,0.0,0.6365141682948128,2014,17524.528464502415,0.5858267716535434,0.1628599801390268,121.348559,25.3886010363,0.0,0.8834267354770793,0.9387891155826416,0.6763432880159576,0.5327795078227551,0.0,0.4998393648929825,0.0,0.4368006658944782,0.7766894982069716,0.9173903683397909,0.9506014874062236,0.31735751295375,0.19527559055118113,0.18543895770749652,0.0
1412401760160,0.0,0.0,0.0,77.94076942478351,40.0,41.53048297816932,5.689107257283468,1.2133496350113673,2793,1588.9676569592725,0.6314252336448598,0.16970998925886144,115.8079936,14.4055944056,0.0,0.0,0.0,0.0,0.47703949398958345,0.39541864552742145,0.4186514768229421,0.30355801168964375,0.8326474962145889,0.8100560073890333,0.692071250991174,0.9071986670207631,0.18006993007,0.21047507788161993,0.19323865503267496,0.0
1412401760599,0.0,0.0,0.0,12.427024796022181,0.0,12.427024796022181,0.0,0.0,122,1516.097025114706,0.6486486486486487,0.20491803278688525,112.4574109,13.7931034483,0.0,0.0,0.0,0.0,0.2836085618435945,0.0,0.2899430920883744,0.0,0.0,0.49124462325545937,0.6876666289081929,0.8809513928500203,0.17241379310375,0.21621621621621623,0.23332795683157864,0.0
1412401760601,0.0,0.0,0.0,0.0,0.0,0.0,0.0,0.0,6,517.0734900036326,0.0,0.0,0.0,0.0,0.0,0.0,0.0,0.0,0.0,0.0,0.0,0.0,0.0,0.19864531935366248,0.5867929975498419,0.0,0.0,0.0,0.0,0.0
141240001032A,0.0,0.0,0.0,91.63675510835908,20.0,11.454594388544885,0.0,0.9743147528693494,21,240.5464821594426,0.7272727272727273,0.0,0.0,16.6666666667,0.0,0.0,0.0,0.0,0.4945093851242361,0.3241786929076167,0.281550476569074,0.0,0.6686125054910487,0.3155444333240061,0.5151534702579649,0.0,0.20833333333374998,0.24242424242424243,0.0,0.0
1412400010565,0.0,0.0,0.0,49.86874325148262,0.0,29.92124595088957,9.973748650296523,0.9502705392332347,155,1545.9310407959613,0.6666666666666666,0.17419354838709677,116.2985813,5.8823529412,0.0,0.0,0.0,0.0,0.42905388924698146,0.0,0.38306512383190316,0.38262694548468223,0.65211243518578,0.5155069774095622,0.6894949794447013,0.9110417567217557,0.073529411765,0.2222222222222222,0.19834381672341161,0.0
1412400010279,0.0,0.0,0.0,108.5416171907782,0.0,108.5416171907782,0.0,0.0,156,8466.2461408807,0.7333333333333333,0.16025641025641027,115.1143713,5.5555555556,0.0,0.0,0.0,0.0,0.512812475582073,0.0,0.5242663827397367,0.0,0.0,0.5161592703659209,0.849093331127863,0.901765076416048,0.069444444445,0.24444444444444444,0.18247442777854228,0.0
1412400010264,0.0,0.0,0.0,92.02142812615118,0.0,0.0,0.0,0.0,4,368.0857125046047,0.0,0.0,0.0,0.0,0.0,0.0,0.0,0.0,0.4949618767805035,0.0,0.0,0.0,0.0,0.1642970556737026,0.5549576606075067,0.0,0.0,0.0,0.0,0.0
1412400010300,0.0,0.0,0.0,99.49045857654797,0.0,39.79618343061919,7.9592366861238375,1.2295820676055655,401,1595.8269555678294,0.604,0.18453865336658354,115.9316142,15.8415841584,0.0,0.0,0.0,0.0,0.5033953158420358,0.0,0.4140038785666567,0.35023097385531227,0.8437868199239537,0.6121388187994915,0.6924754107499581,0.9081670668699451,0.19801980198,0.20133333333333334,0.2101231714988022,0.0
1412400010230,0.0,0.0,0.0,26.34493888999725,0.0,26.34493888999725,0.0,0.0,21,553.2437166899422,0.0,0.14285714285714285,0.0,14.2857142857,0.0,0.0,0.0,0.0,0.3612747414792732,0.0,0.36934398227263665,0.0,0.0,0.3155444333240061,0.59312906089257,0.0,0.17857142857125,0.0,0.16266291847687195,0.0
1412400010531,0.0,0.0,0.0,100.0,0.0,100.0,0.0,0.0,61,6100.0,0.7647058823529411,0.11475409836065574,0.0,0.0,0.0,0.0,0.0,0.0,0.5039475945017607,0.0,0.5152035003827543,0.0,0.0,0.42131232437981364,0.8183222357129802,0.0,0.0,0.2549019607843137,0.13066365582568404,0.0
1412400010457,0.0,0.0,0.0,104.21848117038593,0.0,62.53108870223156,0.0,0.9502705392332347,84,1750.8704836624836,0.68,0.19047619047619047,0.0,5.5555555556,0.0,0.0,0.0,0.0,0.5084156797078386,0.0,0.463451053242629,0.0,0.65211243518578,0.453521391031803,0.7011753277831085,0.0,0.069444444445,0.22666666666666668,0.21688389130249594,0.0
1412400010283,0.0,0.0,0.0,164.891735428698,0.0,70.66788661229914,11.777981102049859,0.8982053397041498,239,2814.937483389916,0.3815028901734104,0.24267782426778242,116.9476505,11.4285714286,0.0,0.0,0.0,0.0,0.5581317236952593,0.0,0.47690442246060816,0.40694019277247173,0.6163832794858244,0.5594828053689522,0.7457342549170056,0.9161263341739656,0.1428571428575,0.12716763005780346,0.2763227820151047,0.0
1412400010211,0.0,0.0,0.0,273.76025252528433,80.0,79.97490523210554,9.227873680627562,1.1838668544107778,2803,4310.9549877998425,0.5580878265703169,0.17909382804138424,118.7825952,10.7095046854,0.0,0.0,0.0,0.0,0.6132274846423544,0.46791797799195844,0.4905345239736858,0.3713838862892581,0.8124152706959361,0.8104207219618101,0.7857383439804666,0.9305006388670125,0.1338688085675,0.18602927552343895,0.20392347325284627,0.0
1412400010315,0.0,0.0,0.0,31.11206348859546,0.0,0.0,0.0,0.0,30,466.68095232893194,0.38095238095238093,0.3,0.0,0.0,0.0,0.0,0.0,0.0,0.3788223944429581,0.0,0.0,0.0,0.0,0.35055343394067073,0.5771856611450014,0.0,0.0,0.12698412698412698,0.3415921288014311,0.0
1412400010508,0.0,0.0,0.0,485.8763687587211,120.0,336.0040560072748,4.834590733917623,0.8648816008518532,304,734.8577915554787,0.5353535353535354,0.17763157894736842,118.1697911,9.756097561,0.0,0.0,0.0,0.0,0.6756991193926067,0.5106525382328262,0.6497193926040932,0.2817271184862332,0.593515239706331,0.5839494491656488,0.6197391431266063,0.9257001493206254,0.12195121951250001,0.17845117845117844,0.20225849731663684,0.0
1412400010512,0.0,0.0,0.0,519.0652483529403,40.0,155.18445569314713,37.45831689144931,1.307110320316011,1760,9418.091104135825,0.5384615384615384,0.19261363636363638,118.4466197,13.4969325153,0.0,0.0,0.0,0.0,0.6828998732941131,0.39541864552742145,0.5638665995591184,0.5829356152499466,0.8969897085576487,0.7629350362715083,0.859095220331431,0.9278687261960754,0.16871165644125,0.1794871794871795,0.2193176736054643,0.0
1412400010442,0.0,0.0,0.0,0.0,0.0,0.0,0.0,0.0,88,599.5037081330009,0.4915254237288136,0.18181818181818182,120.2661054,22.2222222222,0.0,0.0,0.0,0.0,0.0,0.0,0.0,0.0,0.0,0.4582157123548461,0.600655296303583,0.9421219305768078,0.2777777777775,0.16384180790960454,0.20702553260692796,0.0
1412400010141,0.0,0.0,0.0,176.4357456071239,355.0,60.91234074531658,7.3514894002968285,1.078930817346128,1901,1996.4544785663245,0.44562737642585554,0.2041031036296686,119.952332,7.3852295409,0.0,0.0,0.0,0.0,0.5654776100650926,0.625558656310818,0.4605698016897606,0.33901092963098384,0.740404099304482,0.77079792954271,0.7134920739552352,0.9396639412672808,0.09231536926125,0.14854245880861852,0.23240004554612534,0.0
1412400010476,0.0,0.0,0.0,0.0,0.0,0.0,0.0,0.0,17,1700.0,0.4166666666666667,0.0,0.0,20.0,0.0,0.0,0.0,0.0,0.0,0.0,0.0,0.0,0.0,0.29505926631649926,0.698408744380874,0.0,0.25,0.1388888888888889,0.0,0.0
1412400010245,0.0,0.0,0.0,172.41590839774048,0.0,57.47196946591349,0.0,0.6365141682948128,5,287.35984732956746,0.0,0.0,0.0,0.0,0.0,0.0,0.0,0.0,0.5629753279724364,0.0,0.45418746879630406,0.0,0.4368006658944782,0.18290907837782105,0.5317849604962348,0.0,0.0,0.0,0.0,0.0
141240001018A,0.0,0.0,0.0,546.2660018509189,300.0,202.46222446222868,49.66054562281081,1.2691579559238098,3715,7095.727961105467,0.4973800886739218,0.1768506056527591,118.9304899,11.5526802218,0.0,0.0,0.0,0.0,0.6884667048841921,0.6076892464255852,0.5933873399205442,0.6269519705300513,0.8709453267284211,0.8391675226088539,0.8325158948002838,0.931659193389275,0.1444085027725,0.16579336289130728,0.20136924954916127,0.0
1412400010480,0.0,0.0,0.0,1034.6359406077727,280.0,562.4329095745741,93.23754115942138,1.1423468361898121,2056,6183.754342702269,0.526354862657758,0.1561284046692607,118.9394779,11.6169544741,0.0,0.0,0.0,0.0,0.758115136508695,0.6003681970631017,0.7070939591770972,0.726089913447875,0.7839226266822861,0.7787954211278268,0.8196023212745965,0.9317296021871975,0.14521193092625,0.17545162088591934,0.1777741137244802,0.0
1412400010584,0.0,0.0,0.0,0.0,0.0,0.0,0.0,0.0,0,0.0,0.0,0.0,0.0,0.0,0.0,0.0,0.0,0.0,0.0,0.0,0.0,0.0,0.0,0.0,0.0,0.0,0.0,0.0,0.0,0.0
1412400010298,0.0,0.0,0.0,163.8720526497987,0.0,54.6240175499329,0.0,0.6365141682948128,155,2822.2409067465333,0.5048543689320388,0.1870967741935484,117.5635892,9.5238095238,0.0,0.0,0.0,0.0,0.5574584667702333,0.0,0.44861332385131464,0.0,0.4368006658944782,0.5155069774095622,0.7459774404017936,0.9209513790628057,0.11904761904750001,0.16828478964401294,0.2130359512955162,0.0
1412400010527,0.0,0.0,0.0,716.6549485785105,80.0,288.58588533362837,52.9074123111652,1.2499752895385583,2142,10302.516106410532,0.5410071942446043,0.17086834733893558,118.7373345,11.0738255034,0.0,0.0,0.0,0.0,0.7180644071412828,0.46791797799195844,0.6327909012795047,0.6368743025478012,0.8577814383688637,0.7829765679371017,0.8675210914725451,0.930146082627568,0.1384228187925,0.1803357314148681,0.19455760837429784,0.0
1412400010334,0.0,0.0,0.0,170.99417131185095,150.0,113.99611420790063,0.0,0.6365141682948128,199,3780.8711212287044,0.5546875,0.09547738693467336,114.0177711,35.8208955224,0.0,0.0,0.0,0.0,0.5620764120698287,0.5342365683685463,0.5296910934242507,0.0,0.4368006658944782,0.5408707826648338,0.7734231978273148,0.8931747001495283,0.44776119403000003,0.18489583333333334,0.10871441285137673,0.0
1412400010461,0.0,0.0,0.0,53.79269555606416,0.0,53.79269555606416,0.0,0.0,221,5944.09285894509,0.5034013605442177,0.2398190045248869,119.6067869,11.8644067797,0.0,0.0,0.0,0.0,0.43716796949540815,0.0,0.44693232113139597,0.0,0.0,0.551524218324184,0.8158918745530108,0.9369570637507053,0.14830508474624998,0.16780045351473924,0.27306761427565385,0.0
1412400010495,0.0,0.0,0.0,777.6936146215802,215.0,362.06672416266406,59.987386251802334,1.2272880996146127,3190,6834.277219401765,0.5270464337003351,0.15987460815047022,118.5825472,9.5820591233,0.0,0.0,0.0,0.0,0.7269778533163063,0.5723560144035595,0.6580351811523739,0.6565844645123187,0.8422126102741149,0.8236188300698647,0.8289917478915049,0.9289335339263378,0.11977573904125001,0.17568214456677836,0.18203969246471252,0.0
1412400010423,0.0,0.0,0.0,450.9818020866791,0.0,150.32726736222637,0.0,1.0114042647073516,73,5486.945258721263,0.4897959183673469,0.1917808219178082,0.0,0.0,0.0,0.0,0.0,0.0,0.6675784797070298,0.0,0.5603397645657073,0.0,0.6940647644909407,0.43937403038550576,0.8083799163182556,0.0,0.0,0.16326530612244897,0.21836939740730754,0.0
1412400010404,0.0,0.0,0.0,89.59562391679995,0.0,29.865207972266653,0.0,0.6365141682948128,151,4509.646403812265,0.6063829787234043,0.18543046357615894,114.6835345,11.1111111111,0.0,0.0,0.0,0.0,0.49207651463930907,0.0,0.3828626284776594,0.0,0.4368006658944782,0.5128553088346038,0.7899677818437729,0.898390054031898,0.13888888888875,0.2021276595744681,0.21113862265872121,0.0
1412400010419,0.0,0.0,0.0,89.51930317356084,175.0,0.0,89.51930317356084,0.0,20,1790.3860634712169,0.42857142857142855,0.0,0.0,0.0,0.0,0.0,0.0,0.0,0.49198448648816273,0.550549643662534,0.0,0.7196600228232912,0.0,0.3107955072923407,0.7032694910145986,0.0,0.0,0.14285714285714285,0.0,0.0
1412400010175,0.0,0.0,0.0,2846.321054874056,520.0,2001.250540132379,116.94187279715113,0.8705776278093436,2626,5794.138829534319,0.5419847328244275,0.15841584158415842,118.8003712,10.8404384896,0.0,0.0,0.0,0.0,0.8685508007116503,0.6661080393313906,0.8486432707595496,0.7619283800738438,0.5974240739348762,0.8037644226038292,0.8134934180045382,0.9306398897339316,0.13550548112,0.1806615776081425,0.18037868187534317,0.0
141240001057A,0.0,0.0,0.0,63.77072383882242,95.0,14.17127196418276,0.0,1.0608569471580214,149,1055.7597613316157,0.6741573033707865,0.1610738255033557,120.9983831,0.0,0.0,0.0,0.0,0.0,0.45543592758348345,0.48600871268064083,0.303577396889225,0.0,0.7280011098241304,0.5115031897252262,0.653718589953548,0.9478583338481017,0.0,0.2247191011235955,0.18340516982627172,0.0
1412400010349,0.0,0.0,0.0,9.376535800667128,0.0,9.376535800667128,0.0,0.0,43,403.19103942868645,0.5925925925925926,0.20930232558139536,0.0,10.0,0.0,0.0,0.0,0.0,0.2554665952870238,0.0,0.2611725615098244,0.0,0.0,0.3863033237631489,0.5634879439659474,0.0,0.125,0.19753086419753085,0.23832008986146358,0.0
1412400010438,0.0,0.0,0.0,127.17758016199816,95.0,40.46559368790851,11.561598196545289,1.286933939716667,734,4243.1065381321205,0.5956521739130435,0.16893732970027248,117.9667756,8.7628865979,0.0,0.0,0.0,0.0,0.5299683151669787,0.48600871268064083,0.41582077267286954,0.40421220512276873,0.8831438950312294,0.6737378823197058,0.7842493192979806,0.9241097980395153,0.10953608247374999,0.19855072463768117,0.19235887362115103,0.0
141240001025A,0.0,0.0,0.0,110.61805169171429,150.0,22.123610338342857,11.061805169171429,1.0888999753452235,15,165.92707753757142,0.25,0.0,0.0,20.0,0.0,0.0,0.0,0.0,0.5148629643399234,0.5342365683685463,0.3506255288467737,0.3977272039214455,0.7472453214945202,0.28303556175657146,0.4804624608532017,0.0,0.25,0.08333333333333333,0.0,0.0
1412400010137,0.0,0.0,0.0,149.54996594975796,430.0,54.74596967803639,14.687943084351227,1.3290006698506094,2855,3812.1888641657047,0.5869927737632018,0.178984238178634,116.9067027,12.0849933599,0.0,0.0,0.0,0.0,0.5475354129198221,0.6459150924033351,0.44885780599294306,0.43971121862018575,0.9120117139263443,0.8122965139678697,0.7741974607665385,0.9158055636604402,0.15106241699875,0.19566425792106726,0.20379868980447322,0.0
1412400010546,0.0,0.0,0.0,0.0,0.0,0.0,0.0,0.0,21,2100.0,0.4,0.0,0.0,0.0,0.0,0.0,0.0,0.0,0.0,0.0,0.0,0.0,0.0,0.3155444333240061,0.7182370103578016,0.0,0.0,0.13333333333333333,0.0,0.0
1412400010550,0.0,0.0,0.0,0.0,0.0,0.0,0.0,0.0,116,1091.6025105680421,0.6764705882352942,0.11206896551724138,117.385953,7.1428571429,0.0,0.0,0.0,0.0,0.0,0.0,0.0,0.0,0.0,0.4861393844699547,0.6568501353980081,0.9195598401988199,0.08928571428625,0.22549019607843138,0.12760625501202888,0.0
1412400940387,0.0,0.0,0.0,155.98661009981495,255.0,80.68272936197324,0.0,0.9317166240910844,1509,2029.1706434536272,0.5686070686070686,0.16699801192842942,119.110517,9.6153846154,0.0,0.0,0.0,0.0,0.5521069103212185,0.5904467490922419,0.4915061058544714,0.0,0.6393800202722958,0.7472374340169212,0.7150173542624175,0.9330694617142037,0.1201923076925,0.18953568953568953,0.19015068800079665,0.0
1412400010122,0.0,0.0,0.0,126.49254135212914,0.0,44.644426359574986,2.9762950906383328,1.1734894550325865,2656,3952.519880367706,0.6038647342995169,0.16189759036144577,117.4780266,12.4309392265,0.0,0.0,0.0,0.0,0.5293831633422376,0.0,0.4265395710655632,0.22047922716120535,0.8052938974658789,0.8049235966827454,0.7775905140648657,0.9202811120609015,0.15538674033125,0.20128824476650564,0.18434314179796105,0.0
1412400010226,0.0,0.0,0.0,70.86775241365254,20.0,27.25682785140482,3.6342437135206427,1.067478957724012,1034,1878.9039998901724,0.5542168674698795,0.16247582205029013,119.3967889,13.3333333333,0.0,0.0,0.0,0.0,0.4667893519404747,0.3241786929076167,0.37300597994140716,0.24493702483624794,0.732545389855687,0.7086796563943719,0.707797669360242,0.9353120140459755,0.16666666666625002,0.18473895582329317,0.18500153977640368,0.0
1412400010156,0.0,0.0,0.0,212.40242635916945,60.0,78.06243020037851,5.446216060491524,1.1471187439364168,3023,5487.97038362196,0.4921026653504442,0.1835924578233543,117.353619,9.2731829574,0.0,0.0,0.0,0.0,0.585631838490873,0.4377230725854981,0.48786630854586494,0.29765017052769566,0.7871972945296458,0.8181314449262687,0.808397452022865,0.9193065471333967,0.11591478696749999,0.1640342217834814,0.20904579499922182,0.0
1412400940391,0.0,0.0,0.0,306.6024472037245,100.0,143.57968259296368,22.434325405150574,1.1599115649401255,1452,2171.6426992185757,0.5748373101952278,0.16460055096418733,119.027085,8.8452088452,0.0,0.0,0.0,0.0,0.6255566020194022,0.49141491559492917,0.5552476961544537,0.5038111574674647,0.7959762235958416,0.7433093358289399,0.7213850571684328,0.9324158850755452,0.110565110565,0.19161243673174258,0.18742084201915069,0.0
1412400010372,0.0,0.0,0.0,64.56904687037367,20.0,8.071130858796709,0.0,0.9743147528693494,40,322.8452343518684,0.8181818181818182,0.075,0.0,27.2727272727,0.0,0.0,0.0,0.0,0.4567735682476398,0.3241786929076167,0.24616337900249458,0.0,0.6686125054910487,0.3790944353167813,0.5426809446007278,0.0,0.34090909090875,0.27272727272727276,0.08539803220035777,0.0
